mtllib hatchback.mtl
o hatchback-body
usemtl body-8
v 1.6999882 0.3283023 1.1971852
v 1.6822355 0.3274582 1.3302761
v 1.6767795 0.2978038 1.3278483
v 1.6948217 0.2961127 1.1976338
v 1.6983684 0.5392989 1.3261322
v 1.6974998 0.4903525 1.3297790
v 1.7084305 0.4903207 1.1799979
v 1.7048362 0.5582023 1.1667346
v 1.6594942 0.6871740 1.0688528
v 1.6740318 0.6593010 1.2854909
v 1.7002840 0.5701686 1.0204790
v 1.6531029 0.6933049 0.9457668
v 1.6509215 0.6897424 1.2511972
v 1.6740318 0.6593010 1.2854909
v 1.6594942 0.6871740 1.0688528
v 1.6496284 0.7057258 1.0604442
v 1.5798353 0.8011450 0.8299667
v 1.5683384 0.8400394 0.8856239
v 1.5901061 0.7965005 0.8939753
v 1.4881076 0.9432893 0.8824266
v 1.5298085 0.9046501 0.8570270
v 1.4532435 0.9312881 0.7069913
v 1.4065026 0.9723371 0.7351051
v 1.3577838 0.9483653 0.5643970
v 1.3116860 0.9973957 0.5921253
v 1.2778097 0.9605781 0.4606095
v 1.3002102 0.9516710 0.4807718
v 1.2468711 0.9785693 0.4404708
v 1.1903118 0.9854002 0.3542565
v 1.1491452 1.0279416 0.3347150
v 1.1649146 1.0336739 0.4012756
v 0.9299702 0.7276272 -0.1713106
v 0.9182623 0.8079149 -0.1616176
v 1.2075551 0.7911336 0.2508116
v 1.2204303 0.7172924 0.2476802
v 1.2036672 0.8495070 0.2620003
v 1.3355979 0.8227681 0.4312642
v 1.2667954 0.7106097 0.3098568
v 1.2266226 0.7167031 0.2562679
v 1.2228154 0.5807761 0.2406961
v 0.9300990 0.5907872 -0.1757389
v 1.2296669 0.5792996 0.2485166
v 1.2120703 0.4354439 0.2298481
v 0.9213941 0.4436713 -0.1730238
v 1.1869811 0.3249690 0.2252032
v 0.9082531 0.3254702 -0.1648356
v 0.6171089 0.7270705 -0.6235625
v 0.7097096 0.7272353 -0.4897050
v 0.6679634 0.5907872 -0.5542054
v 0.5815475 0.5907871 -0.6789714
v 0.6137255 0.4436713 -0.6172872
v 0.5752166 0.4436713 -0.6728925
v 0.1804124 0.6945497 -1.2644768
v 0.0876418 0.8061207 -1.3749906
v 0.1436567 0.8266523 -1.2811199
v 0.2254743 0.5751069 -1.1974942
v 0.3627623 0.7242120 -0.9845106
v 0.3923532 0.5907872 -0.9453496
v 0.2464042 0.4403769 -1.1490208
v 0.3972176 0.4436713 -0.9238836
v -0.1639956 0.9976177 -1.5787735
v -0.1895689 1.0602363 -1.5644784
v -0.0875504 1.0554059 -1.4328206
v -0.0671090 0.9976177 -1.4500445
v -0.3588944 1.0004640 -1.7999608
v -0.4355099 1.0560875 -1.8423874
v -0.2804179 1.0549032 -1.6898758
v -0.2650251 0.9976177 -1.7093966
v -0.4321918 0.5778687 -1.9950237
v -0.4232457 0.6529255 -1.9779129
v -0.3245458 0.5946311 -1.9149279
v -0.3596057 0.4637527 -1.9468492
v -0.4490264 0.4664378 -2.0060565
v -0.4565356 0.3478693 -1.9963914
v -0.3758502 0.3406046 -1.9458429
v 1.6610402 0.5316040 1.4578256
v 1.6591898 0.4905280 1.4582472
v 1.5223792 0.5289988 1.6496388
v 1.5207892 0.4908998 1.6484949
v 1.6434412 0.6489410 1.4272705
v 1.5059460 0.6452212 1.6225808
v 1.6141246 0.6809874 1.3840330
v 1.6434412 0.6489410 1.4272705
v 1.5059460 0.6452212 1.6225808
v 1.5345526 0.6789652 1.4885534
v 1.4708341 0.6776825 1.5716503
v 1.5742593 0.8518596 1.1440843
v 1.5388112 0.8409780 1.2639335
v 1.5434814 0.8328480 1.2713301
v 1.2995620 0.4913875 1.8415698
v 1.3009865 0.5273012 1.8436040
v 1.2841873 0.6427971 1.8196125
v 1.2440077 0.6766255 1.7622300
v 1.2841873 0.6427971 1.8196125
v -0.5472970 1.0017066 -1.9241522
v -0.5448485 1.0554866 -1.8946279
v -0.5131717 1.0554442 -1.8804079
v -0.4391462 1.0017931 -1.8757688
v -0.5177011 0.4673424 -2.0371799
v -0.5896693 0.4676478 -2.0483619
v -0.5844811 0.5801801 -2.0500000
v -0.5059329 0.5801632 -2.0337188
v -0.5882405 0.3561550 -2.0320634
v -0.5212073 0.3526099 -2.0233954
v -0.5982108 1.0017149 -1.9207883
v -0.5970057 1.0555417 -1.8904941
v -0.8422663 1.0011269 -1.8121192
v -0.8586293 1.0554346 -1.7752893
v -0.6458410 1.0554703 -1.8757977
v -0.6525085 1.0017254 -1.9024398
v -0.8458559 0.8443923 -1.8598880
v -0.8972609 0.8445148 -1.8343999
v -0.8940732 0.8975362 -1.8264807
v -0.7492330 0.4678778 -2.0023394
v -0.7484149 0.5804103 -2.0053317
v -0.6791281 0.3585221 -2.0046137
v -0.7458359 0.4034211 -1.9920535
v -0.7891081 0.4034133 -1.9712208
v -0.8167166 0.4678779 -1.9703493
v -1.1555524 0.8944875 -1.6646971
v -1.1601607 0.8437810 -1.6712785
v -0.9473748 0.5496596 -1.9119115
v -1.2145643 0.5496575 -1.7489744
v -1.2154200 0.5804103 -1.7501962
v -0.9477974 0.5804103 -1.9130270
v 0.9129427 1.1953858 0.1394312
v 0.9202067 1.2005867 0.1945831
v 1.1621342 1.0359014 0.4008993
v 1.1442886 1.0311705 0.3306673
v -0.4419527 1.0889806 -1.8188926
v -0.2838150 1.1017272 -1.6543337
v 1.4270196 0.9434639 1.0011271
v 1.4790320 0.8995794 1.1724493
v 1.5408161 0.8833412 1.1363114
v 1.5196499 0.9178804 0.9833984
v 1.2175446 0.9615237 1.1478033
v 1.2983156 0.9173687 1.3058116
v 1.2749281 1.0009070 0.7273336
v 1.0561398 1.0149903 0.8889074
v 1.1687291 1.0268604 0.5857475
v 1.1652185 1.0349088 0.4064080
v 1.0009325 1.0275609 0.8120118
v 0.9466154 0.9716437 1.3375101
v 1.0504155 0.9281813 1.4857512
v 0.7743318 1.0218243 1.0914632
v 0.7364032 1.0288868 1.0372953
v 1.3466629 0.8843966 1.3879907
v 1.1088524 0.8882329 1.5692080
v 1.4959094 0.8793186 1.2394536
v 0.3588499 1.4575360 -0.2529257
v 0.4823209 1.4344918 -0.0698811
v 0.5585077 1.4169277 -0.1300288
v 0.4340244 1.4366991 -0.3029891
v 0.1884226 1.4778641 -0.1314518
v 0.3216882 1.4509819 0.0597097
v 0.3937041 1.4163918 0.1551339
v 0.5452879 1.4119980 0.0133153
v 0.2278362 1.4527809 -0.5925440
v 0.0839527 1.4759168 -0.6461435
v -0.0877362 1.4967931 -0.5259256
v 0.0804002 1.4564804 -0.7978317
v -0.1906103 1.4728624 -1.0299887
v -0.1209125 1.4517121 -1.0811118
v -0.3588987 1.4914207 -0.9121515
v -0.3345405 1.4560637 -1.2283284
v -0.2651599 1.4375220 -1.2766790
v -0.4997837 1.4759482 -1.1133743
v -0.4582445 1.4122360 -1.5295123
v -0.5239918 1.4245717 -1.4829981
v -0.4242962 1.4455879 -1.3520135
v -0.3571393 1.4271299 -1.3987107
v 0.0071350 1.4806660 -0.0042074
v 0.1418001 1.4532353 0.1881139
v 0.2117702 1.4170693 0.2880419
v -0.2692042 1.4996731 -0.3988608
v -0.5398807 1.4943009 -0.7854264
v -0.6812667 1.4786524 -0.9873470
v -0.5897843 1.4633739 -1.2419189
v -0.6788133 1.4402322 -1.3738058
v -0.7719285 1.4659225 -1.1168252
v -0.8619614 1.4433411 -1.2454055
v 0.1435311 0.6740499 -1.3350192
v 0.0656330 0.7574699 -1.4432870
v 0.0849248 0.7998740 -1.3834959
v 0.1740443 0.6923555 -1.2753662
v 0.0686956 0.7121093 -1.4753305
v 0.1356826 0.6376768 -1.3791850
v 0.1867455 0.5621563 -1.2682825
v 0.2196211 0.5738699 -1.2072435
v 0.1722252 0.5397640 -1.3167708
v 0.2006320 0.4363532 -1.2317312
v 0.2406515 0.4400657 -1.1584910
v 0.1840780 0.4305916 -1.2808860
v 0.1934770 0.3193921 -1.2108210
v 0.1744514 0.3104989 -1.2584210
v -0.0003958 0.7863012 -1.5339604
v -0.0696788 0.7842093 -1.6284702
v -0.1005611 0.8481072 -1.6145668
v -0.0029776 0.8440032 -1.4861598
v 0.0404149 0.8332418 -1.4275963
v 0.0128406 0.7379427 -1.5543494
v -0.0458085 0.7367908 -1.6368442
v -0.1494714 0.7516378 -1.7370162
v -0.2118718 0.8189238 -1.7561231
v -0.1132979 0.7083946 -1.7318766
v -0.2758924 0.7117424 -1.8538350
v -0.2163559 0.6741250 -1.8273604
v -0.1737353 0.6398854 -1.8151476
v -0.2644428 0.5752719 -1.8866216
v -0.3033608 0.6444494 -1.8892809
v -0.2448147 0.6148631 -1.8631455
v -0.1970690 0.5919647 -1.8446439
v -0.2156018 0.5549950 -1.8670271
v -0.2988184 0.4568998 -1.9178932
v -0.2458431 0.4492711 -1.8936549
v 1.7227098 0.4088316 0.9765437
v 1.7163445 0.4130053 1.0643576
v 1.7002476 0.2941076 1.0771349
v 1.7047501 0.2902875 0.9925770
v 1.7050037 0.2866965 0.9388163
v 1.7245033 0.4026111 0.9216911
v 1.7069767 0.5046752 1.0387640
v 1.7078206 0.5553887 0.9323615
v 1.7131587 0.5340422 0.8818751
v 1.6603246 0.6683271 0.8598851
v 1.6699144 0.6348910 0.8178756
v 1.6355277 0.6993518 0.8223083
v 1.5946001 0.7505590 0.7602872
v 1.6198996 0.7421756 0.8932886
v 1.6414404 0.6696246 0.7765351
v 1.6094667 0.7086273 0.7301137
v 1.5231059 0.7855587 0.6525121
v 1.5045293 0.8327020 0.6810080
v 1.5438120 0.7398546 0.6349312
v 1.4476817 0.7820808 0.5392948
v 1.3999179 0.7593946 0.4678896
v 1.4136687 0.8396023 0.5464484
v 1.4746927 0.7364817 0.5348439
v 1.4309907 0.7159070 0.4716331
v 1.3286599 0.6776093 0.3626521
v 1.3655362 0.6437383 0.3784833
v 1.2749841 0.5629708 0.2900573
v 1.3157797 0.5410654 0.3172755
v 1.2423066 0.4306385 0.2597352
v 1.2190008 0.4346919 0.2377615
v 1.2851418 0.4206194 0.2925179
v 1.2619410 0.3077485 0.2956257
v 1.2215473 0.3177652 0.2611505
v 0.1240559 0.6143610 -1.4000081
v 0.0634761 0.6811225 -1.4881569
v 0.0686956 0.7121093 -1.4753305
v 0.1356826 0.6376768 -1.3791850
v 0.1722252 0.5397640 -1.3167708
v 0.1560576 0.5261726 -1.3423436
v 0.1840780 0.4305916 -1.2808860
v 0.1652064 0.4268514 -1.3095753
v 0.1744514 0.3104989 -1.2584210
v 0.1539219 0.3105261 -1.2885271
v 0.0133848 0.7038543 -1.5598990
v 0.0128406 0.7379427 -1.5543494
v -0.0458085 0.7367908 -1.6368442
v -0.0390905 0.7021888 -1.6346377
v -0.1132979 0.7083946 -1.7318766
v -0.0990736 0.6757886 -1.7203024
v -0.1541606 0.6132781 -1.7954227
v -0.1737353 0.6398854 -1.8151476
v -0.1970690 0.5919647 -1.8446439
v -0.1716737 0.5773166 -1.8173613
v -0.1916151 0.5374284 -1.8413340
v -0.2156018 0.5549950 -1.8670271
v -0.2189806 0.4415565 -1.8648058
v -0.2458431 0.4492711 -1.8936549
v -0.2640237 0.3280092 -1.8912241
v -0.2368175 0.3230213 -1.8616691
v 1.7048376 0.3964716 0.8867673
v 1.6962363 0.5159122 0.8508171
v 1.7131587 0.5340422 0.8818751
v 1.7245033 0.4026111 0.9216911
v 1.6579097 0.6070057 0.7935227
v 1.6699144 0.6348910 0.8178756
v 1.6094667 0.7086273 0.7301137
v 1.6414404 0.6696246 0.7765351
v 1.6296687 0.6420835 0.7531904
v 1.6032559 0.6748905 0.7154693
v 1.5430998 0.7045583 0.6295572
v 1.5438120 0.7398546 0.6349312
v 1.4795791 0.7026968 0.5388400
v 1.4746927 0.7364817 0.5348439
v 1.4309907 0.7159070 0.4716331
v 1.4392170 0.6846464 0.4811972
v 1.3785433 0.6201392 0.3961418
v 1.3655362 0.6437383 0.3784833
v 1.3319768 0.5268083 0.3414200
v 1.3157797 0.5410654 0.3172755
v 1.3037158 0.4156496 0.3209401
v 1.2851418 0.4206194 0.2925179
v 1.2811283 0.3081297 0.3258795
v 1.2619410 0.3077485 0.2956257
v 0.6864871 1.3528759 -0.0438882
v 0.6853880 1.3563100 -0.0056911
v -0.2868602 1.2422215 -1.5371640
v -0.4462429 1.2784435 -1.6642953
v -0.4414797 1.3487866 -1.6029402
v -0.3018266 1.3624307 -1.4522221
v 0.6008128 1.3989614 -0.1251972
v 0.6021704 1.4047837 -0.0782955
v 0.4378324 1.4348707 -0.3056975
v 0.4546843 1.4227520 -0.3185835
v 0.2561613 1.4371947 -0.5999896
v 0.2339999 1.4507194 -0.5917947
v 0.0970861 1.4407178 -0.8218068
v -0.1000452 1.4335876 -1.1045638
v -0.1175439 1.4496815 -1.0842581
v 0.0817251 1.4545085 -0.8038452
v -0.2156331 1.4222803 -1.2731246
v -0.2614876 1.4357731 -1.2795944
v -0.3229235 1.4106237 -1.4240371
v -0.4394094 1.3964340 -1.5577705
v -0.4549239 1.4106870 -1.5329893
v -0.3533121 1.4254316 -1.4014845
v -0.5063588 1.3682156 -1.6214056
v -0.4470341 1.3953532 -1.5643663
v -0.4496385 1.3481351 -1.6096524
v -0.4895190 1.3457007 -1.6352051
v -0.5493269 1.3950410 -1.6104600
v -0.4628648 1.4107816 -1.5375225
v -0.5450983 1.3818127 -1.6280703
v -0.6255921 1.3808868 -1.6224932
v -0.7929079 1.3807940 -1.5538426
v -0.7804993 1.4031159 -1.5278338
v -0.6159067 1.4005066 -1.6005629
v -0.9939897 1.3807360 -1.4339616
v -0.9765035 1.4034758 -1.4089884
v 1.5660915 0.8762825 0.9986257
v 1.5511427 0.8880385 0.9424010
v 1.5326307 0.9007510 0.8553846
v 1.4561690 0.9274703 0.7053450
v 1.3606007 0.9442991 0.5630433
v 1.2965252 0.9361259 0.4639983
v 1.3020717 0.9475034 0.4784229
v -0.1307952 0.9193670 -1.5975065
v -0.0291313 0.9101907 -1.4687891
v 1.3881630 0.8409780 1.4448063
v 1.1576277 0.8409780 1.6388663
v 1.1122369 1.0195469 0.2591904
v 0.8865108 1.1895164 0.0800679
v 1.1314196 0.9925127 0.2644864
v 1.1160001 1.0156467 0.2613358
v -0.0869907 1.4117774 -1.1258561
v -0.1798022 1.4046972 -1.2620789
v 0.2760676 1.4177481 -0.6146437
v 0.1179558 1.4206272 -0.8352165
v 0.6658368 1.3476232 -0.0946907
v 0.8527368 1.0070772 -0.1326337
v 0.8712468 0.9740598 -0.1335991
v 0.6544414 0.9806218 -0.4449135
v 0.6377132 1.0182977 -0.4383456
v -0.0062346 0.9976177 -1.3671657
v 0.0128175 1.0504243 -1.2999761
v 0.0886852 0.9966055 -1.2368977
v -0.2902000 1.1959283 -1.5813972
v -0.2326799 1.3723718 -1.3562609
v 1.1271277 0.9926790 0.2583665
v 1.1463952 0.9607515 0.2597044
v -0.2816725 1.1522896 -1.6080827
v -0.2594515 1.1064968 -1.6178691
v -0.4498522 1.1867217 -1.7431153
v -0.2446102 0.9289854 -1.7273433
v -0.2344725 1.0755092 -1.6111361
v 0.5988609 1.4057438 -0.0750448
v -0.2556117 1.4191035 -1.3322396
v -0.2111855 1.3967384 -1.3086018
v 0.5752380 1.4084395 -0.1539375
v 0.5629442 1.4154665 -0.1321794
v -0.5295616 1.4232500 -1.4902166
v -0.6838523 1.4386543 -1.3813554
v -0.8671659 1.4417781 -1.2528387
v -0.5809079 0.6291400 -2.0471482
v -0.4998222 0.6406812 -2.0233502
v -0.7433956 0.6292298 -2.0041604
v -0.8600172 0.6292661 -1.9510763
v -0.8616928 0.5804103 -1.9528891
v -0.4540625 0.6676767 -1.9908215
v -0.6587694 0.7410023 -1.9680052
v -0.5506984 0.7410023 -1.9964193
v -0.5533794 0.6784242 -2.0002480
v -0.6675096 0.6784242 -1.9702406
v -0.6767421 0.6784242 -1.9667237
v -0.9061652 0.6784242 -1.8536897
v -0.9034843 0.7410024 -1.8498610
v -0.6674249 0.7410023 -1.9647963
v -0.5809079 0.6291400 -2.0471482
v -0.7433956 0.6292298 -2.0041604
v -0.7030527 0.6460974 -1.9782988
v -0.5641297 0.6448543 -2.0185628
v -0.4540625 0.6676767 -1.9908215
v -0.4998222 0.6406812 -2.0233502
v -0.5057207 0.6473951 -2.0119131
v -0.4753683 0.6791857 -1.9876618
v -0.4156980 0.7410023 -1.9543429
v -0.4597368 0.7124907 -1.9724985
v -0.5250750 0.6795519 -1.9951565
v -0.4925354 0.6907251 -1.9876695
v -0.4445601 0.7090000 -1.9692304
v -0.6844438 0.6600265 -1.9717723
v -0.5571648 0.6596525 -2.0066965
v -0.4301398 0.7039280 -1.9697853
v -0.5153594 0.6618797 -2.0004308
v -0.4301398 0.7039280 -1.9697853
v -0.3904163 0.6950814 -1.9451677
v -0.3088594 0.9321228 -1.7882441
v -0.4156980 0.7410023 -1.9543429
v -0.4270999 0.8427152 -1.9314395
v -0.4070670 0.7391959 -1.9481384
v -0.5497047 0.8435795 -1.9772459
v -0.4270999 0.8427152 -1.9314395
v -0.6418458 0.8438563 -1.9574084
v -0.6505557 0.8438809 -1.9544142
v -0.3351584 0.8417903 -1.8553485
v -0.3029393 0.8954299 -1.8009752
v -0.2333863 0.8912519 -1.7372101
v -0.4314859 1.0017365 -1.8705459
v -0.5472970 1.0017066 -1.9241522
v -0.4391462 1.0017931 -1.8757688
v -0.4387756 0.9945100 -1.8698486
v -0.5482662 0.9941778 -1.9191334
v -0.5982108 1.0017149 -1.9207883
v -0.5966626 0.9942459 -1.9160641
v -0.6525085 1.0017254 -1.9024398
v -0.6506385 0.9943363 -1.8974840
v -0.8362235 0.9945884 -1.8085691
v -0.8422663 1.0011269 -1.8121192
v -0.8940732 0.8975362 -1.8264807
v -0.8862657 0.8990252 -1.8214821
v -0.8399266 0.8474546 -1.8531353
v -0.8458559 0.8443923 -1.8598880
v -0.8816318 0.9631217 -1.8079825
v -0.8746068 0.9635088 -1.8031489
v -0.3186458 0.9307541 -1.7865227
v -0.3653535 0.9947617 -1.7973823
v -0.3588944 1.0004640 -1.7999608
v -0.3088594 0.9321228 -1.7882441
v -0.4298487 0.8453852 -1.9229837
v -0.3422879 0.8439222 -1.8495694
v -0.3351584 0.8417903 -1.8553485
v -0.4192716 0.8426489 -1.9268408
v -0.4298487 0.8453852 -1.9229837
v -0.4270999 0.8427152 -1.9314395
v -0.5497047 0.8435795 -1.9772459
v -0.5500795 0.8465217 -1.9684802
v -0.6418458 0.8438563 -1.9574084
v -0.6407659 0.8469858 -1.9490032
v -0.6407659 0.8469858 -1.9490032
v -0.6505557 0.8438809 -1.9544142
v -0.3134793 0.8965793 -1.7983934
v -0.3029393 0.8954299 -1.8009752
v -0.4387756 0.9945100 -1.8698486
v -0.4314859 1.0017365 -1.8705459
v -0.3588944 1.0004640 -1.7999608
v -0.3653535 0.9947617 -1.7973823
v -0.8746068 0.9635088 -1.8031489
v -0.8772026 0.9711464 -1.8069666
v -0.4432468 1.0574483 -1.8469803
v -0.4430297 1.0533967 -1.8393017
v -0.4387756 0.9945100 -1.8698486
v -0.4391462 1.0017931 -1.8757688
v -0.4355099 1.0560875 -1.8423874
v -0.4430297 1.0533967 -1.8393017
v -0.4492800 1.0841672 -1.8170292
v -0.4419527 1.0889806 -1.8188926
v -0.4496251 1.0885172 -1.8246087
v -0.4492800 1.0841672 -1.8170292
v -0.5239918 1.4245717 -1.4829981
v -0.4582445 1.4122360 -1.5295123
v -0.4604663 1.4038383 -1.5319859
v -0.5268537 1.4160562 -1.4850606
v -0.6808980 1.4316005 -1.3762851
v -0.6788133 1.4402322 -1.3738058
v -0.8637857 1.4347169 -1.2480114
v -0.8619614 1.4433411 -1.2454055
v -0.4462429 1.2784435 -1.6642953
v -0.4539740 1.2753728 -1.6613535
v -0.4492704 1.3438142 -1.6017217
v -0.4414797 1.3487866 -1.6029402
v -0.4543883 1.2776724 -1.6709623
v -0.4539740 1.2753728 -1.6613535
v -0.4574697 1.1829830 -1.7406163
v -0.4578109 1.1893606 -1.7467852
v -0.4496385 1.3481351 -1.6096524
v -0.4492704 1.3438142 -1.6017217
v -0.4604663 1.4038383 -1.5319859
v -0.4549239 1.4106870 -1.5329893
v -0.4394094 1.3964340 -1.5577705
v -0.4459484 1.3899085 -1.5571920
v -0.4470341 1.3953532 -1.5643663
v -0.4459484 1.3899085 -1.5571920
v -0.4628648 1.4107816 -1.5375225
v -0.4604663 1.4038383 -1.5319859
v -0.4574697 1.1829830 -1.7406163
v -0.4498522 1.1867217 -1.7431153
v -0.5295616 1.4232500 -1.4902166
v -0.5268537 1.4160562 -1.4850606
v -0.6838523 1.4386543 -1.3813554
v -0.6808980 1.4316005 -1.3762851
v -0.8671659 1.4417781 -1.2528387
v -0.8637857 1.4347169 -1.2480114
v -0.4387756 0.9945100 -1.8698486
v -0.4314859 1.0017365 -1.8705459
v -0.7433956 0.6292298 -2.0041604
v -0.8600172 0.6292661 -1.9510763
v -0.8998408 0.6277406 -1.8441670
v -0.7048669 0.6286414 -1.9464738
v -1.1710703 0.6339264 -1.6868580
v -1.1721795 0.6784242 -1.6884427
v -0.9061652 0.6784242 -1.8536897
v -0.9030396 0.6338700 -1.8497176
v -0.6767421 0.6784242 -1.9667237
v -0.7114988 0.6338178 -1.9501485
v -0.6675096 0.6784242 -1.9702406
v -0.6677108 0.6779702 -1.9626861
v -0.6590913 0.7397917 -1.9602703
v -0.6587694 0.7410023 -1.9680052
v -0.6674249 0.7410023 -1.9647963
v -0.6590913 0.7397917 -1.9602703
v -0.6677108 0.6779702 -1.9626861
v -0.6767421 0.6784242 -1.9667237
v -0.6407659 0.8469858 -1.9490032
v -0.6418458 0.8438563 -1.9574084
v -0.6505557 0.8438809 -1.9544142
v -0.6407659 0.8469858 -1.9490032
v -0.8998408 0.6277406 -1.8441670
v -1.1675428 0.6275561 -1.6818204
v -1.1710703 0.6339264 -1.6868580
v -0.9030396 0.6338700 -1.8497176
v -0.7114988 0.6338178 -1.9501485
v -0.7048669 0.6286414 -1.9464738
v -1.1372375 0.9648728 -1.6385410
v -1.1407505 0.9718909 -1.6435574
v -0.6844438 0.6600265 -1.9717723
v -0.7048669 0.6286414 -1.9464738
v -0.7030527 0.6460974 -1.9782988
v -0.7433956 0.6292298 -2.0041604
v -0.3985347 0.7377036 -1.9418804
v -0.4192716 0.8426489 -1.9268408
v -0.3951218 0.7193260 -1.9433823
v -0.3832820 0.7001373 -1.9385565
v -0.3001510 0.6521488 -1.8852722
v -0.2412107 0.6222419 -1.8587321
v -0.1934428 0.5993084 -1.8401593
v -0.1716737 0.5773166 -1.8173613
v -0.1934428 0.5993084 -1.8401593
v -0.3033608 0.6444494 -1.8892809
v -0.3061958 0.6464996 -1.8807322
v -0.2468927 0.6162076 -1.8541844
v -0.2448147 0.6148631 -1.8631455
v -0.2002071 0.5939543 -1.8361949
v -0.1970690 0.5919647 -1.8446439
v -0.1716737 0.5773166 -1.8173613
v -0.4270999 0.8427152 -1.9314395
v -0.4298487 0.8453852 -1.9229837
v -0.4081628 0.7367411 -1.9391864
v -0.4070670 0.7391959 -1.9481384
v -0.3904163 0.6950814 -1.9451677
v -0.3934298 0.6981408 -1.9364232
v -0.4052816 0.7163330 -1.9414776
v -0.4032783 0.7145190 -1.9506832
v -0.3985347 0.7377036 -1.9418804
v -0.4081628 0.7367411 -1.9391864
v -0.4298487 0.8453852 -1.9229837
v -0.4192716 0.8426489 -1.9268408
v -0.3951218 0.7193260 -1.9433823
v -0.4052816 0.7163330 -1.9414776
v -0.3934298 0.6981408 -1.9364232
v -0.3832820 0.7001373 -1.9385565
v -0.3001510 0.6521488 -1.8852722
v -0.3061958 0.6464996 -1.8807322
v -0.2412107 0.6222419 -1.8587321
v -0.2468927 0.6162076 -1.8541844
v -0.1934428 0.5993084 -1.8401593
v -0.2002071 0.5939543 -1.8361949
v -0.1716737 0.5773166 -1.8173613
v -0.2002071 0.5939543 -1.8361949
v -0.1934428 0.5993084 -1.8401593
v -0.3166602 0.3341377 -1.9168461
v -0.2640237 0.3280092 -1.8912241
v -0.4543883 1.2776724 -1.6709623
v -0.4886215 1.2320182 -1.7275965
v -0.4578109 1.1893606 -1.7467852
v -0.4496251 1.0885172 -1.8246087
v -0.4922803 1.0827188 -1.8491497
v -0.4432468 1.0574483 -1.8469803
v -0.5448485 1.0554866 -1.8946279
v -0.5453798 1.0566038 -1.8889195
v -0.5197377 1.0565377 -1.8773001
v -0.5131717 1.0554442 -1.8804079
v -0.5970057 1.0555417 -1.8904941
v -0.8586293 1.0554346 -1.7752893
v -0.8559243 1.0567966 -1.7704346
v -0.6439777 1.0567189 -1.8704045
v -0.6458410 1.0554703 -1.8757977
v -0.4895190 1.3457007 -1.6352051
v -0.4949064 1.3426857 -1.6342580
v -0.5111726 1.3638871 -1.6213599
v -0.5063588 1.3682156 -1.6214056
v -0.6255921 1.3808868 -1.6224932
v -0.6260406 1.3749075 -1.6224918
v -0.7929108 1.3749672 -1.5539985
v -0.7929079 1.3807940 -1.5538426
v -0.5450983 1.3818127 -1.6280703
v -0.5451719 1.3761973 -1.6281761
v -0.9940840 1.3749722 -1.4340959
v -0.9939897 1.3807360 -1.4339616
v -0.4886215 1.2320182 -1.7275965
v -0.4940609 1.2292485 -1.7264420
v -0.4922803 1.0827188 -1.8491497
v -0.4994955 1.0837436 -1.8454856
v 1.6316090 0.7298633 0.9579271
v 1.5512006 0.8851116 0.9308803
v 1.5535491 0.8737059 0.9007631
v 1.6135406 0.7580944 0.9199028
v 1.6168796 0.7532367 0.9246685
v 1.6316090 0.7298633 0.9579271
v 1.6231063 0.7374559 0.8983569
v 1.5233311 0.8183285 1.3200557
v 1.6390213 0.6949811 0.8276019
v 1.6450458 0.6652266 0.7817700
v 1.6296687 0.6420835 0.7531904
v 1.6450458 0.6652266 0.7817700
v 1.6496284 0.7057258 1.0604442
v 1.6429970 0.7069743 1.0588883
v 1.6443931 0.6897082 1.2471894
v 1.6509215 0.6897424 1.2511972
v 1.5639873 0.8383962 0.8907780
v 1.5861174 0.7938260 0.8988257
v 1.5901061 0.7965005 0.8939753
v 1.5683384 0.8400394 0.8856239
v 1.6086406 0.6796388 1.3792567
v 1.6141246 0.6809874 1.3840330
v 1.5345526 0.6789652 1.4885534
v 1.5330867 0.6773441 1.4785659
v 1.4662821 0.6755610 1.5664635
v 1.4708341 0.6776825 1.5716503
v 1.5742593 0.8518596 1.1440843
v 1.5434814 0.8328480 1.2713301
v 1.5419342 0.8260740 1.2723600
v 1.5730600 0.8459070 1.1439149
v 1.2400289 0.6743517 1.7565476
v 1.2440077 0.6766255 1.7622300
v 1.6198996 0.7421756 0.8932886
v 1.6169626 0.7371969 0.8963709
v 1.6327457 0.6946089 0.8258054
v 1.6355277 0.6993518 0.8223083
v 1.6385773 0.6659373 0.7810992
v 1.6414404 0.6696246 0.7765351
v 1.6414404 0.6696246 0.7765351
v 1.6385773 0.6659373 0.7810992
v 1.6296687 0.6420835 0.7531904
v 1.5493077 0.8828696 0.9412114
v 1.5511427 0.8880385 0.9424010
v 1.5660915 0.8762825 0.9986257
v 1.5646043 0.8706295 0.9979601
v 1.6248951 0.7309349 0.9594151
v 1.6316090 0.7298633 0.9579271
v 1.5204208 0.8053717 1.3330509
v 1.5249384 0.8137888 1.3136466
v 1.5233311 0.8183285 1.3200557
v 1.5201184 0.8119421 1.3345206
v 1.5535491 0.8737059 0.9007631
v 1.5512006 0.8851116 0.9308803
v 1.5493077 0.8828696 0.9412114
v 1.5504372 0.8693082 0.9046910
v 1.6099402 0.7547702 0.9254009
v 1.6135406 0.7580944 0.9199028
v 1.6135406 0.7580944 0.9199028
v 1.6099402 0.7547702 0.9254009
v 1.6168796 0.7532367 0.9246685
v 1.6099402 0.7547702 0.9254009
v 1.6169626 0.7371969 0.8963709
v 1.6099402 0.7547702 0.9254009
v 1.6168796 0.7532367 0.9246685
v 1.6231063 0.7374559 0.8983569
v 1.6390213 0.6949811 0.8276019
v 1.6327457 0.6946089 0.8258054
v 1.6450458 0.6652266 0.7817700
v 1.6385773 0.6659373 0.7810992
v 1.6296687 0.6420835 0.7531904
v 1.4082490 0.8094213 1.4754311
v 1.5201184 0.8119421 1.3345206
v 1.1786372 0.8097312 1.6688713
v 1.4082490 0.8094213 1.4754311
v 1.4072678 0.8029746 1.4754951
v 1.1786372 0.8097312 1.6688713
v 1.1782857 0.8032947 1.6683689
v 1.6361420 0.2996517 1.4443039
v 1.6412554 0.3265175 1.4483241
v 1.4998497 0.3018775 1.6248951
v 1.5038731 0.3245054 1.6298037
v 1.2792332 0.3033280 1.8125374
v 1.2825523 0.3218229 1.8172770
v 1.7050037 0.2866965 0.9388163
v 1.6849713 0.2827397 0.9039816
v 1.7086933 0.4878380 1.0849862
v 1.7065196 0.3609695 1.1438971
v 1.7132513 0.4334718 1.1027630
v 1.2700382 0.4796553 1.7994054
v 1.4826869 0.4792328 1.6102540
v 1.5207892 0.4908998 1.6484949
v 1.2995620 0.4913875 1.8415698
v 1.6297414 0.4788648 1.3909036
v 1.6591898 0.4905280 1.4582472
v 1.6580611 0.4787588 1.3077476
v 1.6974998 0.4903525 1.3297790
v 1.6746440 0.4787313 1.1712876
v 1.7084305 0.4903207 1.1799979
v 1.6791479 0.4765812 1.0852004
v 1.7086933 0.4878380 1.0849862
v 1.6791479 0.4765812 1.0852004
v 1.6841638 0.4294986 1.0997856
v 1.7132513 0.4334718 1.1027630
v 1.7086933 0.4878380 1.0849862
v 1.6782422 0.3667097 1.1361300
v 1.7065196 0.3609695 1.1438971
v 1.6706478 0.3384189 1.1843853
v 1.6999882 0.3283023 1.1971852
v 1.6480119 0.3376879 1.3066682
v 1.6822355 0.3274582 1.3302761
v 1.6047643 0.3368733 1.4172195
v 1.6412554 0.3265175 1.4483241
v 1.4699689 0.3351308 1.5933395
v 1.5038731 0.3245054 1.6298037
v 1.2554000 0.3328076 1.7785001
v 1.2825523 0.3218229 1.8172770
v 0.2526930 0.3269370 -1.1070383
v 0.2442059 0.3445698 -1.1266949
v 0.5631872 0.3254058 -0.6631407
v 0.3885168 0.3253954 -0.9095596
v 0.9086619 0.8737488 -0.1536695
v 0.8933456 0.9148126 -0.1454533
v 1.1722440 0.9046408 0.2564599
v 1.1972151 0.8504360 0.2533261
v 0.5691523 0.4436713 -0.6815436
v 0.5571217 0.3254054 -0.6717909
v 0.5754738 0.5907871 -0.6876288
v 0.2509302 0.9937089 -1.0132326
v 0.2345071 1.0390994 -1.0019053
v 0.4733726 1.0268703 -0.6718727
v 0.4916559 0.9855599 -0.6785181
v 0.2948795 0.8820819 -1.0276956
v 0.5317293 0.8856003 -0.6916813
v 0.5684827 0.7269487 -0.6937545
v 0.4718107 1.4062965 -0.3326033
v 0.2384942 0.3402138 -1.1357036
v 0.2567282 0.3165907 -1.1063343
v 1.1926349 0.3155834 0.2289414
v 0.0052351 0.8648769 -1.4575922
v 1.1527153 0.9603647 0.2686722
v 1.2181021 0.9583588 0.3663692
v -0.1137455 0.8791828 -1.6071269
v -0.0607961 0.9976177 -1.4415483
v -0.0811351 1.0550947 -1.4244327
v 1.2167390 0.7163335 0.2568463
v 1.2204303 0.7172924 0.2476802
v 1.2075551 0.7911336 0.2508116
v 1.1937971 0.8478730 0.2622891
v 1.1937971 0.8478730 0.2622891
v 1.2036672 0.8495070 0.2620003
v 1.2266226 0.7167031 0.2562679
v 1.2167390 0.7163335 0.2568463
v 1.2193659 0.5805870 0.2501966
v 1.2228154 0.5807761 0.2406961
v 1.2296669 0.5792996 0.2485166
v 1.2193659 0.5805870 0.2501966
v 1.2089642 0.4359969 0.2396224
v 1.2120703 0.4354439 0.2298481
v 1.1869811 0.3249690 0.2252032
v 1.1825030 0.3191253 0.2344299
v 1.1869811 0.3249690 0.2252032
v 1.1825030 0.3191253 0.2344299
v 0.9011767 0.3178187 -0.1599010
v 0.9082531 0.3254702 -0.1648356
v 0.5282709 0.8832820 -0.6827770
v 0.5378482 0.8855484 -0.6829739
v 0.5745643 0.7269948 -0.6850619
v 0.5647846 0.7261300 -0.6846870
v 0.5815475 0.5907871 -0.6789714
v 0.5717409 0.5909649 -0.6785551
v 0.5752166 0.4436713 -0.6728925
v 0.5654425 0.4444520 -0.6724916
v 0.0796071 0.8006329 -1.3748592
v 0.0876418 0.8061207 -1.3749906
v 0.1804124 0.6945497 -1.2644768
v 0.1696256 0.6929550 -1.2659475
v 0.2254743 0.5751069 -1.1974942
v 0.2151182 0.5748489 -1.1981179
v 0.2464042 0.4403769 -1.1490208
v 0.2361087 0.4410567 -1.1495689
v -0.0699964 0.9941352 -1.4413515
v -0.0671090 0.9976177 -1.4500445
v -0.0875504 1.0554059 -1.4328206
v -0.0903637 1.0517706 -1.4241521
v 0.1696256 0.6929550 -1.2659475
v 0.1740443 0.6923555 -1.2753662
v 0.0849248 0.7998740 -1.3834959
v 0.0796071 0.8006329 -1.3748592
v 0.2151182 0.5748489 -1.1981179
v 0.2196211 0.5738699 -1.2072435
v 0.2361087 0.4410567 -1.1495689
v 0.2406515 0.4400657 -1.1584910
v 1.2190008 0.4346919 0.2377615
v 1.2089642 0.4359969 0.2396224
v 0.4885120 0.9821679 -0.6698366
v 0.4978104 0.9853624 -0.6698227
v -0.0316054 0.9063296 -1.4598160
v -0.0291313 0.9101907 -1.4687891
v 1.1825030 0.3191253 0.2344299
v 1.1926349 0.3155834 0.2289414
v 0.9106556 0.3163943 -0.1665372
v 0.9011767 0.3178187 -0.1599010
v 0.5625601 0.3162224 -0.6690137
v 0.5529434 0.3187607 -0.6623616
v 0.3914476 0.3166652 -0.9110991
v 0.3817141 0.3173435 -0.9044754
v 0.2567282 0.3165907 -1.1063343
v 0.2462652 0.3189796 -1.0998222
v 0.4702980 1.0232623 -0.6632451
v 0.4795680 1.0265501 -0.6631898
v 1.1433047 0.9570977 0.2684142
v 1.1463952 0.9607515 0.2597044
v 1.1271277 0.9926790 0.2583665
v 1.1241749 0.9887240 0.2670134
v -0.0699964 0.9941352 -1.4413515
v -0.0607961 0.9976177 -1.4415483
v -0.0407166 0.9518773 -1.4508650
v 0.2442059 0.3445698 -1.1266949
v 0.2526930 0.3269370 -1.1070383
v 0.2462652 0.3189796 -1.0998222
v 0.2343199 0.3426733 -1.1266621
v 0.5631872 0.3254058 -0.6631407
v 0.5529434 0.3187607 -0.6623616
v 0.5529434 0.3187607 -0.6623616
v 0.5631872 0.3254058 -0.6631407
v 0.3885168 0.3253954 -0.9095596
v 0.3817141 0.3173435 -0.9044754
v 1.1972151 0.8504360 0.2533261
v 1.1722440 0.9046408 0.2564599
v 0.5571217 0.3254054 -0.6717909
v 0.5529434 0.3187607 -0.6623616
v 0.5691523 0.4436713 -0.6815436
v 0.5654425 0.4444520 -0.6724916
v 0.5529434 0.3187607 -0.6623616
v 0.5571217 0.3254054 -0.6717909
v 0.5754738 0.5907871 -0.6876288
v 0.5717409 0.5909649 -0.6785551
v 0.4885120 0.9821679 -0.6698366
v 0.4916559 0.9855599 -0.6785181
v 0.4733726 1.0268703 -0.6718727
v 0.4702980 1.0232623 -0.6632451
v 0.5282709 0.8832820 -0.6827770
v 0.5317293 0.8856003 -0.6916813
v 0.5684827 0.7269487 -0.6937545
v 0.5647846 0.7261300 -0.6846870
v 0.2384942 0.3402138 -1.1357036
v 0.2343199 0.3426733 -1.1266621
v 1.1926349 0.3155834 0.2289414
v 1.1825030 0.3191253 0.2344299
v 1.1433047 0.9570977 0.2684142
v 1.1527153 0.9603647 0.2686722
v 0.0404149 0.8332418 -1.4275963
v 0.0052351 0.8648769 -1.4575922
v 0.0001971 0.8646091 -1.4490604
v 0.0361203 0.8322961 -1.4185587
v 1.1241749 0.9887240 0.2670134
v 1.1314196 0.9925127 0.2644864
v -0.0221424 0.9095661 -1.4594839
v 0.0091177 0.8694510 -1.4481326
v 0.0001971 0.8646091 -1.4490604
v -0.0316054 0.9063296 -1.4598160
v 0.0437955 0.8386477 -1.4183990
v 0.0361203 0.8322961 -1.4185587
v -0.0903637 1.0517706 -1.4241521
v -0.0811351 1.0550947 -1.4244327
v 1.2794738 0.9564760 0.4580666
v 1.4532070 0.9280809 0.7067358
v 1.4532435 0.9312881 0.7069913
v 1.5298085 0.9046501 0.8570270
v 1.5295968 0.9014033 0.8563846
v 1.3576680 0.9450622 0.5644783
v 1.3577838 0.9483653 0.5643970
v 1.2778097 0.9605781 0.4606095
v 1.3002102 0.9516710 0.4807718
v 1.2996946 0.9484030 0.4805264
v 1.2767363 0.9573646 0.4596205
v 1.2471916 0.9763728 0.4446556
v 1.2500581 0.9786876 0.4468423
v 1.1619218 1.0339322 0.4031938
v 1.2471916 0.9763728 0.4446556
v 1.2468711 0.9785693 0.4404708
v 1.1649146 1.0336739 0.4012756
v 1.5295968 0.9014033 0.8563846
v 1.5326307 0.9007510 0.8553846
v 1.4561690 0.9274703 0.7053450
v 1.4532070 0.9280809 0.7067358
v 1.3606007 0.9442991 0.5630433
v 1.3576680 0.9450622 0.5644783
v 1.3020717 0.9475034 0.4784229
v 1.2996946 0.9484030 0.4805264
v 1.2767363 0.9573646 0.4596205
v 1.2794738 0.9564760 0.4580666
v 1.5493077 0.8828696 0.9412114
v 1.5512006 0.8851116 0.9308803
v 1.1491452 1.0279416 0.3347150
v 1.1448418 1.0278502 0.3334431
v 1.1619218 1.0339322 0.4031938
v 1.1621342 1.0359014 0.4008993
v 0.9202067 1.2005867 0.1945831
v 0.9191944 1.1987396 0.1977530
v 1.1448418 1.0278502 0.3334431
v 1.1442886 1.0311705 0.3306673
v 1.1621342 1.0359014 0.4008993
v 1.1619218 1.0339322 0.4031938
v 0.4352698 1.4337104 -0.3039819
v 0.4340244 1.4366991 -0.3029891
v 0.5585077 1.4169277 -0.1300288
v 0.5596922 1.4140208 -0.1314225
v 0.2310495 1.4497601 -0.5905704
v 0.2278362 1.4527809 -0.5925440
v 0.0795196 1.4535692 -0.8015483
v 0.0804002 1.4564804 -0.7978317
v -0.1196883 1.4487500 -1.0819241
v -0.1209125 1.4517121 -1.0811118
v -0.2637735 1.4346181 -1.2774413
v -0.2651599 1.4375220 -1.2766790
v -0.4604663 1.4038383 -1.5319859
v -0.4582445 1.4122360 -1.5295123
v -0.3571393 1.4271299 -1.3987107
v -0.3556302 1.4242011 -1.3994523
v 0.6853880 1.3563100 -0.0056911
v 0.6840174 1.3543450 -0.0028427
v 0.4378324 1.4348707 -0.3056975
v 0.4352698 1.4337104 -0.3039819
v 0.5596922 1.4140208 -0.1314225
v 0.5629442 1.4154665 -0.1321794
v 0.6021704 1.4047837 -0.0782955
v 0.6008349 1.4027637 -0.0752046
v 0.2339999 1.4507194 -0.5917947
v 0.2310495 1.4497601 -0.5905704
v 0.0795196 1.4535692 -0.8015483
v 0.0817251 1.4545085 -0.8038452
v -0.1175439 1.4496815 -1.0842581
v -0.1196883 1.4487500 -1.0819241
v -0.2614876 1.4357731 -1.2795944
v -0.2637735 1.4346181 -1.2774413
v -0.3556302 1.4242011 -1.3994523
v -0.3533121 1.4254316 -1.4014845
v -0.4549239 1.4106870 -1.5329893
v -0.4604663 1.4038383 -1.5319859
v 1.1126912 1.0164021 0.2621351
v 1.1122369 1.0195469 0.2591904
v 1.1160001 1.0156467 0.2613358
v 1.1126912 1.0164021 0.2621351
v 0.6008349 1.4027637 -0.0752046
v 0.5988609 1.4057438 -0.0750448
v 1.1619218 1.0339322 0.4031938
v 1.1652185 1.0349088 0.4064080
v 1.2500581 0.9786876 0.4468423
v 0.5788396 1.3895859 -0.1893983
v 0.5461132 1.4090064 0.0149342
v 0.5452879 1.4119980 0.0133153
v 0.3937041 1.4163918 0.1551339
v 0.3946016 1.4132444 0.1564780
v 0.2117702 1.4170693 0.2880419
v 0.2126874 1.4139078 0.2893523
v 0.6008349 1.4027637 -0.0752046
v 0.5988609 1.4057438 -0.0750448
v -0.8399405 0.5349261 -1.9616009
v -0.8619070 0.5496603 -1.9518713
v -0.8423890 0.5342880 -1.9122002
v -0.9401245 0.4033807 -1.8984985
v -0.9265864 0.5342874 -1.8731307
v -1.2048679 0.4033349 -1.7351268
v -1.1895045 0.5342855 -1.7131854
v -0.9473748 0.5496596 -1.9119115
v -0.8619070 0.5496603 -1.9518713
v -0.8423890 0.5342880 -1.9122002
v -0.9265864 0.5342874 -1.8731307
v -0.8399405 0.5349261 -1.9616009
v -0.8226781 0.5211017 -1.9257220
v -0.8167166 0.4678779 -1.9703493
v -0.7891081 0.4034133 -1.9712208
v -0.9401318 0.4033860 -1.8985120
v -0.9401245 0.4033807 -1.8984985
v -0.7890985 0.4034051 -1.9711992
v -0.7890985 0.4034051 -1.9711992
v -0.7891081 0.4034133 -1.9712208
v -0.9464335 0.6292929 -1.9117411
v -0.9464335 0.6292929 -1.9117411
v -0.8226781 0.5211017 -1.9257220
v -0.7890985 0.4034051 -1.9711992
v 0.0576705 0.8910017 -1.3570771
v 0.0437955 0.8386477 -1.4183990
v 0.0091177 0.8694510 -1.4481326
v 0.0247083 0.9044437 -1.3946582
v 0.0467354 0.9020353 -1.3641801
v -0.0407166 0.9518773 -1.4508650
v 0.0125985 0.9409083 -1.3838987
v 0.1019143 0.8887571 -1.2946926
v 0.0976111 0.9336160 -1.2685057
v 0.1202398 0.8977593 -1.2623257
v 0.1057199 0.8990627 -1.2818331
v 0.4978104 0.9853624 -0.6698227
v 0.5544713 0.9836475 -0.5884621
v 0.5746673 0.9258813 -0.6006311
v 0.5745643 0.7269948 -0.6850619
v 0.5378482 0.8855484 -0.6829739
v 0.6001930 0.8226145 -0.6149792
v 0.6734237 0.9223929 -0.4596052
v 0.6958820 0.8206656 -0.4777766
v 0.6059514 0.8833814 -0.5857624
v 0.6099029 0.8662874 -0.5859977
v 0.5893406 0.8839100 -0.6094729
v 0.0323907 0.9368966 -1.3592985
v -0.0221424 0.9095661 -1.4594839
v 0.4795680 1.0265501 -0.6631898
v 0.5986061 0.9011487 -0.5832499
v 0.6185911 0.8552538 -0.5773211
v 0.6626101 0.8530092 -0.5147797
v 0.6682009 0.8633147 -0.5031695
v 0.6671427 0.8814342 -0.4984173
v 0.6869821 0.8808029 -0.4700985
v 0.6631708 0.8978680 -0.4919981
v 0.6099029 0.8662874 -0.5859977
v 0.6059514 0.8833814 -0.5857624
v 0.6156101 0.8752122 -0.5277692
v 0.5986061 0.9011487 -0.5832499
v 0.6631708 0.8978680 -0.4919981
v 0.6671427 0.8814342 -0.4984173
v 0.0467354 0.9020353 -1.3641801
v 0.0323907 0.9368966 -1.3592985
v 0.0525117 0.9085616 -1.3061133
v 0.1057199 0.8990627 -1.2818331
v 0.1019143 0.8887571 -1.2946926
v 0.0576705 0.8910017 -1.3570771
v 0.0976111 0.9336160 -1.2685057
v 0.6682009 0.8633147 -0.5031695
v 0.6626101 0.8530092 -0.5147797
v 0.6185911 0.8552538 -0.5773211
v 0.6183250 0.8904814 -0.5961273
v 0.5613770 0.9243025 -0.6265688
v 0.6859476 0.9177243 -0.4503317
v 0.6753273 0.8874730 -0.5155988
v 0.0574920 0.9171455 -1.3715353
v -0.0009642 0.9509684 -1.4009321
v 0.1262311 0.9443828 -1.2265247
v 0.1151488 0.9141355 -1.2914645
v 0.6183250 0.8904814 -0.5961273
v 0.5715051 0.8922674 -0.6348537
v 0.5613770 0.9243025 -0.6265688
v 0.6859476 0.9177243 -0.4503317
v 0.6961951 0.8856869 -0.4587009
v 0.6753273 0.8874730 -0.5155988
v 0.0574920 0.9171455 -1.3715353
v 0.0102828 0.9189328 -1.4099903
v -0.0009642 0.9509684 -1.4009321
v 0.1262311 0.9443828 -1.2265247
v 0.1364054 0.9123483 -1.2348385
v 0.1151488 0.9141355 -1.2914645
v 0.0574920 0.9171455 -1.3715353
v 0.1151488 0.9141355 -1.2914645
v 0.1364054 0.9123483 -1.2348385
v 0.0102828 0.9189328 -1.4099903
v 0.6183250 0.8904814 -0.5961273
v 0.6753273 0.8874730 -0.5155988
v 0.6961951 0.8856869 -0.4587009
v 0.5715051 0.8922674 -0.6348537
v -1.1694986 0.7410023 -1.6846140
v -0.4032783 0.7145190 -1.9506832
v -1.1323183 1.0095794 -1.6315150
v -1.1197663 1.0554284 -1.6135889
v -0.8772026 0.9711464 -1.8069666
v -1.1407505 0.9718909 -1.6435574
v -1.2146707 0.6293251 -1.7491269
v -1.1721795 0.6784242 -1.6884427
v -1.1675428 0.6275561 -1.6818204
v -1.2146707 0.6293251 -1.7491269
v -1.1424936 0.9631941 -1.6460473
v -0.8816318 0.9631217 -1.8079825
v -1.1372375 0.9648728 -1.6385410
v -0.8746068 0.9635088 -1.8031489
v -0.8816318 0.9631217 -1.8079825
v -1.1424936 0.9631941 -1.6460473
v -1.1197663 1.0554284 -1.6135889
v -1.1165030 1.0568354 -1.6089287
v -1.1895045 0.5342855 -1.7131854
v -1.2145643 0.5496575 -1.7489744
v -1.2048679 0.4033349 -1.7351268
v 0.5570849 0.3283023 1.9974549
v 0.5592735 0.2961128 1.9927532
v 0.6878057 0.2978039 2.0203352
v 0.6882210 0.3274583 2.0262924
v 0.6788097 0.5392990 2.0400355
v 0.5268128 0.5582023 1.9915958
v 0.5380470 0.4903207 1.9995098
v 0.6825335 0.4903526 2.0404662
v 0.6489426 0.6593011 2.0032663
v 0.4503414 0.6871741 1.9155102
v 0.3909343 0.5701686 1.9372957
v 0.3368644 0.6933049 1.8674068
v 0.6246214 0.6897425 1.9698204
v 0.4458146 0.7057258 1.9033638
v 0.4503414 0.6871741 1.9155102
v 0.6489426 0.6593011 2.0032663
v 0.2531074 0.8011451 1.7589518
v 0.3097425 0.7965005 1.7904953
v 0.3093397 0.8400395 1.7671838
v 0.3337759 0.9432894 1.6906982
v 0.2232501 0.9723373 1.5636281
v 0.1808451 0.9312883 1.5979344
v 0.2956457 0.9046503 1.7211970
v 0.0794998 0.9483655 1.4594618
v 0.1213216 0.9973957 1.4256276
v 0.0093237 0.9605782 1.3488128
v 0.0058780 0.9786879 1.3180263
v 0.0009815 0.9785695 1.3128525
v -0.0078194 1.0336740 1.2224328
v -0.0649728 1.0279419 1.1848497
v -0.0606893 0.9854004 1.2302167
v -0.4655188 0.7276274 0.8058217
v -0.1711395 0.7172926 1.2220680
v -0.1637935 0.7911338 1.2110405
v -0.4524061 0.8079150 0.7981349
v -0.1519498 0.8495071 1.2112137
v -0.1651876 0.7167032 1.2308241
v -0.1285704 0.7106098 1.2869024
v -0.0380164 0.8227681 1.3930797
v -0.4697243 0.5907874 0.8044280
v -0.1785178 0.5807763 1.2219203
v -0.1735130 0.5792997 1.2310339
v -0.4641959 0.4436715 0.7971767
v -0.1850371 0.4354440 1.2081131
v -0.4520067 0.3254703 0.7876286
v -0.1808210 0.3249691 1.1829484
v -0.7357112 0.5907873 0.4286579
v -0.6893779 0.7272354 0.4899466
v -0.7834916 0.7270705 0.3571487
v -0.8233966 0.5907873 0.3047812
v -0.7764377 0.4436714 0.3561155
v -0.8155193 0.4436715 0.3009111
v -1.2363951 0.6945498 -0.2724172
v -1.2394634 0.8266524 -0.3126489
v -1.3085149 0.8061208 -0.3973911
v -1.1888644 0.5751071 -0.2071636
v -1.0090018 0.5907873 0.0358896
v -1.0356805 0.7242121 -0.0053104
v -1.1504729 0.4403770 -0.1709169
v -0.9904945 0.4436715 0.0478025
v -1.4139430 0.9976178 -0.7035505
v -1.3261147 0.9976180 -0.5684793
v -1.3029384 1.0554062 -0.5817970
v -1.3917638 1.0602364 -0.7226926
v -1.5551321 1.0004642 -0.9623463
v -1.5021346 0.9976178 -0.8431636
v -1.4785267 1.0549033 -0.8509514
v -1.5687963 1.0560878 -1.0488517
v -1.7133618 0.5778687 -1.0979387
v -1.6749135 0.5946312 -0.9693901
v -1.7003424 0.6529255 -1.0836797
v -1.7179715 0.4664379 -1.1175317
v -1.6929189 0.4637528 -1.0132533
v -1.7063213 0.3478694 -1.1212819
v -1.6864174 0.3406046 -1.0281740
v 0.8153275 0.5316040 2.0500000
v 0.8163571 0.4905282 2.0484057
v 1.0429980 0.5289988 1.9853051
v 1.0424672 0.4908998 1.9834197
v 0.7926346 0.6489412 2.0230114
v 1.0231925 0.6452212 1.9606086
v 0.7620317 0.6809875 1.9806752
v 0.7926346 0.6489412 2.0230114
v 1.0231925 0.6452212 1.9606086
v 0.9873421 0.6776825 1.9101949
v 0.8874639 0.6789653 1.9416499
v 0.5501881 0.8518596 1.8611469
v 0.6802869 0.8328480 1.8757457
v 0.6749336 0.8409780 1.8688274
v -1.6073967 1.0017066 -1.1818627
v -1.5989207 1.0017932 -1.0636863
v -1.5779619 1.0554444 -1.1348340
v -1.5804898 1.0554867 -1.1694637
v -1.7237295 0.4673425 -1.1927093
v -1.7245033 0.5801633 -1.1804671
v -1.7129373 0.5801802 -1.2598469
v -1.7096235 0.4676478 -1.2641616
v -1.6947957 0.3561551 -1.2572444
v -1.7095778 0.3526100 -1.1912896
v -1.5868219 1.0017149 -1.2285555
v -1.5587669 1.0555418 -1.2170622
v -1.4012340 1.0011269 -1.4207257
v -1.5510089 1.0017254 -1.2733032
v -1.5282537 1.0554705 -1.2579253
v -1.3610288 1.0554346 -1.4235049
v -1.4448946 0.8443923 -1.4404367
v -1.3970107 0.8975362 -1.4743204
v -1.4033621 0.8445148 -1.4800240
v -1.6148933 0.5804104 -1.3986164
v -1.6118024 0.4678779 -1.3983618
v -1.6379171 0.3585222 -1.3332627
v -1.6032980 0.4034211 -1.3916519
v -1.5586605 0.4678779 -1.4508342
v -1.5689219 0.4034134 -1.4251887
v -1.4590588 0.5496597 -1.5536261
v -1.4599625 0.5804104 -1.5544047
v -0.1676934 1.1953858 0.8961004
v -0.0671147 1.0311706 1.1789017
v -0.0072221 1.0359015 1.2196917
v -0.1183519 1.2005867 0.9217897
v -1.4439658 1.1017274 -0.8419874
v -1.5445146 1.0889808 -1.0468705
v 0.4662115 0.9434639 1.6738925
v 0.4178703 0.9178805 1.7548729
v 0.5543223 0.8833412 1.8270620
v 0.6094122 0.8995794 1.7813639
v 0.7965406 0.9173687 1.6571585
v 0.6756865 0.9615237 1.5272168
v 0.2609476 1.0009070 1.4373298
v 0.4876077 1.0149903 1.2869982
v 0.1642227 1.0268604 1.2891103
v -0.0031008 1.0349090 1.2244737
v 0.4342313 1.0275609 1.2088201
v 0.8572274 0.8843966 1.7306966
v 0.6666034 0.8793186 1.8201399
v -0.3468775 1.4575360 0.2412297
v -0.4196325 1.4366991 0.2947479
v -0.2996789 1.4169277 0.4708800
v -0.2171013 1.4344918 0.4198595
v -0.0403860 1.4509819 0.3132370
v -0.1744398 1.4778641 0.1226274
v -0.1604580 1.4119980 0.5074842
v 0.0246520 1.4163918 0.4135466
v -0.6212051 1.4527809 0.0019610
v -0.6223606 1.4759168 -0.1515775
v -0.4506717 1.4967931 -0.2717954
v -0.7636864 1.4564804 -0.2067959
v -0.8891511 1.4728624 -0.5408651
v -0.9610294 1.4517121 -0.4928556
v -0.7208627 1.4914207 -0.6587018
v -1.0263022 1.4560637 -0.7439512
v -1.0954673 1.4375220 -0.6952915
v -0.8617645 1.4759482 -0.8599125
v -1.2670142 1.4122361 -0.9632058
v -1.1786805 1.4271300 -0.8234613
v -1.1118302 1.4455880 -0.8705969
v -1.2008183 1.4245719 -1.0090791
v -0.9517752 1.4633739 -0.9884504
v -1.0452586 1.4402323 -1.1172179
v -1.2900692 0.6740499 -0.3312015
v -1.2444500 0.6923556 -0.2821256
v -1.3155780 0.7998740 -0.4028531
v -1.3651650 0.7574701 -0.4414318
v -1.3963240 0.7121094 -0.4495132
v -1.3288875 0.6376770 -0.3536824
v -1.2421372 0.5621565 -0.2677679
v -1.1960243 0.5738700 -0.2159986
v -1.2827352 0.5397641 -0.2979963
v -1.2125403 0.4363533 -0.2422172
v -1.1574042 0.4400658 -0.1795619
v -1.2530689 0.4305917 -0.2745851
v -1.2286655 0.3104990 -0.2759475
v -1.1904439 0.3193922 -0.2417894
v -1.4277872 0.7863013 -0.5344902
v -1.3819861 0.8440034 -0.5205675
v -1.4692735 0.8481073 -0.6561835
v -1.4929012 0.7842095 -0.6319191
v -1.3417957 0.8332420 -0.4597625
v -1.4514735 0.7379429 -0.5290257
v -1.5089340 0.7367910 -0.6123526
v -1.5642231 0.8189238 -0.8091970
v -1.5676100 0.7516379 -0.7440248
v -1.5751529 0.7083947 -0.7082748
v -1.6341456 0.7117425 -0.9027756
v -1.6296297 0.6741250 -0.8377747
v -1.6327313 0.6398855 -0.7935478
v -1.6688711 0.5752720 -0.9032309
v -1.6535240 0.6148631 -0.8767567
v -1.6580592 0.6444494 -0.9407114
v -1.6671627 0.5549951 -0.8506333
v -1.6524682 0.5919647 -0.8255624
v -1.6864992 0.4568999 -0.9462283
v -1.6818413 0.4492713 -0.8881581
v 0.3419785 0.4088318 1.9433419
v 0.3631875 0.2902876 1.9319491
v 0.4441857 0.2941077 1.9566389
v 0.4266735 0.4130054 1.9673950
v 0.2898203 0.4026113 1.9262667
v 0.3125823 0.2866966 1.9138008
v 0.3055529 0.5553889 1.9142397
v 0.4058276 0.5046753 1.9498386
v 0.2562854 0.5340423 1.9019884
v 0.2536921 0.6683272 1.8448196
v 0.2109362 0.6348910 1.8394634
v 0.2268627 0.6993519 1.8086663
v 0.2989075 0.7421757 1.8182573
v 0.1825799 0.7505591 1.7489946
v 0.1818278 0.6696247 1.7985671
v 0.1491418 0.7086273 1.7526448
v 0.1057570 0.7855589 1.6449510
v 0.1388881 0.8327022 1.6372407
v 0.0821548 0.7398547 1.6583948
v 0.0251640 0.7820808 1.5353526
v 0.0435193 0.8396025 1.5058375
v -0.0255986 0.7593946 1.4660475
v 0.0117433 0.7364818 1.5592123
v -0.0327084 0.7159072 1.4965265
v -0.1001179 0.6776094 1.3630930
v -0.0978536 0.6437385 1.4031602
v -0.1499767 0.5629710 1.2878254
v -0.1383525 0.5410656 1.3354701
v -0.1799711 0.4346920 1.2173322
v -0.1672935 0.4306386 1.2467481
v -0.1511384 0.4206196 1.2982124
v -0.1402832 0.3077486 1.2774736
v -0.1588637 0.3177653 1.2277249
v -1.3444786 0.6143612 -0.3717297
v -1.3288875 0.6376770 -0.3536824
v -1.3963240 0.7121094 -0.4495132
v -1.4065916 0.6811227 -0.4588044
v -1.2827352 0.5397641 -0.2979963
v -1.3012362 0.5261728 -0.3219353
v -1.2530689 0.4305917 -0.2745851
v -1.2735734 0.4268515 -0.3021310
v -1.2286655 0.3104990 -0.2759475
v -1.2499351 0.3105262 -0.3055358
v -1.4514735 0.7379429 -0.5290257
v -1.4568749 0.7038544 -0.5304122
v -1.5089340 0.7367910 -0.6123526
v -1.5091583 0.7021890 -0.6052852
v -1.5751529 0.7083947 -0.7082748
v -1.5691413 0.6757886 -0.6909498
v -1.6327313 0.6398855 -0.7935478
v -1.6208905 0.6132781 -0.7684071
v -1.6524682 0.5919647 -0.8255624
v -1.6671627 0.5549951 -0.8506333
v -1.6512227 0.5374284 -0.8193054
v -1.6355162 0.5773166 -0.7923678
v -1.6818413 0.4492713 -0.8881581
v -1.6639197 0.4415567 -0.8530486
v -1.6733394 0.3280093 -0.9044109
v -1.6548715 0.3230214 -0.8687369
v 0.2637287 0.3964717 1.8958426
v 0.2898203 0.4026113 1.9262667
v 0.2562854 0.5340423 1.9019884
v 0.2328887 0.5159123 1.8754642
v 0.2109362 0.6348910 1.8394634
v 0.1921579 0.6070058 1.8198531
v 0.1491418 0.7086273 1.7526448
v 0.1375041 0.6748905 1.7417996
v 0.1639171 0.6420836 1.7795208
v 0.1818278 0.6696247 1.7985671
v 0.0821548 0.7398547 1.6583948
v 0.0773482 0.7045585 1.6558881
v 0.0117433 0.7364818 1.5592123
v 0.0138276 0.7026969 1.5651709
v -0.0327084 0.7159072 1.4965265
v -0.0265346 0.6846465 1.5075276
v -0.0978536 0.6437385 1.4031602
v -0.0857087 0.6201393 1.4214226
v -0.1383525 0.5410656 1.3354701
v -0.1212041 0.5268085 1.3589481
v -0.1511384 0.4206196 1.2982124
v -0.1307831 0.4156498 1.3253868
v -0.1402832 0.3077486 1.2774736
v -0.1184163 0.3081298 1.3058510
v -0.2262357 1.3563100 0.6326342
v -0.2625049 1.3528759 0.6206034
v -1.3328207 1.2422216 -0.8047740
v -1.2478827 1.3624308 -0.7897864
v -1.3417471 1.3487867 -0.9725663
v -1.3977730 1.2784436 -0.9980265
v -0.2659992 1.4047837 0.5296032
v -0.3096082 1.3989614 0.5122860
v -0.4234805 1.4348707 0.2974000
v -0.6226089 1.4507194 0.0080092
v -0.6378896 1.4371947 0.0260315
v -0.4413526 1.4227520 0.3088284
v -0.7919224 1.4407178 -0.1993166
v -0.7697899 1.4545085 -0.2076078
v -0.9651377 1.4496815 -0.4907661
v -0.9902038 1.4335876 -0.4812675
v -1.1090660 1.4222803 -0.6475362
v -1.0994625 1.4357731 -0.6928377
v -1.2141822 1.4106239 -0.7999713
v -1.1825964 1.4254317 -0.8208136
v -1.2714165 1.4106871 -0.9612746
v -1.3000096 1.3964342 -0.9551716
v -1.3369092 1.3682157 -1.0398478
v -1.3556360 1.3457008 -1.0287438
v -1.3452649 1.3481352 -0.9825288
v -1.3035996 1.3953533 -0.9645922
v -1.3119274 1.3950411 -1.0764813
v -1.3299222 1.3818128 -1.0785304
v -1.2729608 1.4107817 -0.9702872
v -1.2971510 1.3808869 -1.1522629
v -1.2798554 1.4005067 -1.1356608
v -1.1552189 1.4031160 -1.2654523
v -1.1754149 1.3807941 -1.2860083
v 0.4162954 0.8762826 1.8037221
v 0.3685742 0.8880386 1.7704442
v 0.2931370 0.9007511 1.7232875
v 0.1782974 0.9274705 1.6001201
v 0.0772635 0.9442993 1.4616457
v 0.0177650 0.9475035 1.3777048
v 0.0061076 0.9361260 1.3675594
v -1.4429018 0.9193672 -0.6787597
v -1.3567179 0.9101908 -0.5392029
v 0.8964231 0.8409780 1.7891262
v -0.1233192 1.0195470 1.1243363
v -0.2144363 1.1895165 0.8509591
v -0.1225901 1.0156469 1.1286063
v -0.1249034 0.9925128 1.1441733
v -1.1109414 1.4046972 -0.6100884
v -1.0146775 1.4117774 -0.4762833
v -0.8116612 1.4206272 -0.1842919
v -0.6584681 1.4177481 0.0397250
v -0.3031808 1.3476232 0.5838226
v -0.4027590 1.0070773 0.7464743
v -0.6164919 1.0182978 0.4398586
v -0.6283852 0.9806219 0.4533313
v -0.4099968 0.9740600 0.7635374
v -1.2690546 0.9976180 -0.4829297
v -1.1791069 0.9966058 -0.3491804
v -1.2124329 1.0504245 -0.4420468
v -1.3732444 1.1959285 -0.8230412
v -1.1813586 1.3723719 -0.6919888
v -0.1345190 0.9607516 1.1566099
v -0.1291859 0.9926792 1.1380467
v -1.4012369 1.1522898 -0.8241548
v -1.4180335 1.1064970 -0.8066215
v -1.4706051 1.1867218 -1.0283761
v -1.5259813 0.9289855 -0.8301178
v -1.4202496 1.0755095 -0.7808460
v -0.2618129 1.4057438 0.5276051
v -1.1509421 1.4191035 -0.7053219
v -1.1439248 1.3967384 -0.6554905
v -0.3032174 1.4154665 0.4743131
v -0.3278682 1.4084395 0.4784243
v -1.2056956 1.4232502 -1.0167822
v -1.0506296 1.4386544 -1.1245351
v -1.7168498 0.6406812 -1.1711788
v -1.7114792 0.6291401 -1.2555134
v -1.6155098 0.6292300 -1.3934999
v -1.5257407 0.6292661 -1.4849321
v -1.5268706 0.5804104 -1.4871271
v -1.7019334 0.6676768 -1.1170533
v -1.6104785 0.7410024 -1.3016109
v -1.6095901 0.6784242 -1.3105883
v -1.6768230 0.6784242 -1.2136050
v -1.6741421 0.7410024 -1.2097758
v -1.6031276 0.6784242 -1.3180614
v -1.6045035 0.7410024 -1.3086465
v -1.4157620 0.7410024 -1.4911598
v -1.4184430 0.6784242 -1.4949885
v -1.7114792 0.6291401 -1.2555134
v -1.6903563 0.6448544 -1.2299704
v -1.6050059 0.6460975 -1.3467445
v -1.6155098 0.6292300 -1.3934999
v -1.7019334 0.6676768 -1.1170533
v -1.6916763 0.6791857 -1.1359933
v -1.7040845 0.6473952 -1.1728092
v -1.7168498 0.6406812 -1.1711788
v -1.6807764 0.7410023 -1.0685256
v -1.6827744 0.7124907 -1.1161183
v -1.6817196 0.6795521 -1.1852660
v -1.6858130 0.6907251 -1.1521277
v -1.6848938 0.7090000 -1.1007390
v -1.6052378 0.6600267 -1.3270254
v -1.6815882 0.6596525 -1.2193668
v -1.6903476 0.7039281 -1.0873784
v -1.6899988 0.6618798 -1.1779402
v -1.6903476 0.7039281 -1.0873784
v -1.6808004 0.6950815 -1.0416308
v -1.5612346 0.9321229 -0.9113214
v -1.6807764 0.7410023 -1.0685256
v -1.6778976 0.7391959 -1.0582935
v -1.6553541 0.8427153 -1.0714067
v -1.6564644 0.8435796 -1.2022839
v -1.6553541 0.8427153 -1.0714067
v -1.6063095 0.8438563 -1.2820838
v -1.6005169 0.8438809 -1.2892441
v -1.6152976 0.8417904 -0.9589854
v -1.5752232 0.8954300 -0.9101125
v -1.5390920 0.8912520 -0.8229454
v -1.5966324 1.0017366 -1.0547016
v -1.6073967 1.0017066 -1.1818627
v -1.6023485 0.9941778 -1.1810566
v -1.5934841 0.9945102 -1.0613128
v -1.5989207 1.0017932 -1.0636863
v -1.5868219 1.0017149 -1.2285555
v -1.5829119 0.9942459 -1.2254852
v -1.5510089 1.0017254 -1.2733032
v -1.4012340 1.0011269 -1.4207257
v -1.3999650 0.9945884 -1.4138330
v -1.5469915 0.9943363 -1.2698508
v -1.3970107 0.8975362 -1.4743204
v -1.4448946 0.8443923 -1.4404367
v -1.4405774 0.8474546 -1.4325555
v -1.3949842 0.8990252 -1.4652737
v -1.3817440 0.9635088 -1.4480479
v -1.3838831 0.9631217 -1.4563020
v -1.5562702 0.9307542 -0.9199293
v -1.5612346 0.9321229 -0.9113214
v -1.5551321 1.0004642 -0.9623463
v -1.5504997 0.9947619 -0.9675340
v -1.6464681 0.8453853 -1.0710978
v -1.6537102 0.8426491 -1.0624774
v -1.6152976 0.8417904 -0.9589854
v -1.6074284 0.8439223 -0.9637087
v -1.6464681 0.8453853 -1.0710978
v -1.6480995 0.8465218 -1.1996386
v -1.6564644 0.8435796 -1.2022839
v -1.6553541 0.8427153 -1.0714067
v -1.5987806 0.8469858 -1.2781940
v -1.6063095 0.8438563 -1.2820838
v -1.5987806 0.8469858 -1.2781940
v -1.6005169 0.8438809 -1.2892441
v -1.5691919 0.8965794 -0.9191343
v -1.5752232 0.8954300 -0.9101125
v -1.5934841 0.9945102 -1.0613128
v -1.5504997 0.9947619 -0.9675340
v -1.5551321 1.0004642 -0.9623463
v -1.5966324 1.0017366 -1.0547016
v -1.3817440 0.9635088 -1.4480479
v -1.3844433 0.9711464 -1.4517928
v -1.5704657 1.0574486 -1.0576930
v -1.5989207 1.0017932 -1.0636863
v -1.5934841 0.9945102 -1.0613128
v -1.5633242 1.0533968 -1.0548633
v -1.5687963 1.0560878 -1.0488517
v -1.5445146 1.0889808 -1.0468705
v -1.5402571 1.0841675 -1.0531188
v -1.5633242 1.0533968 -1.0548633
v -1.5472620 1.0885175 -1.0560351
v -1.5402571 1.0841675 -1.0531188
v -1.2008183 1.4245719 -1.0090791
v -1.2017769 1.4160563 -1.0124742
v -1.2685782 1.4038384 -0.9661399
v -1.2670142 1.4122361 -0.9632058
v -1.0452586 1.4402323 -1.1172179
v -1.0468755 1.4316007 -1.1200249
v -1.3977730 1.2784436 -0.9980265
v -1.3417471 1.3487867 -0.9725663
v -1.3379376 1.3438143 -0.9794701
v -1.3923644 1.2753729 -1.0042855
v -1.4012523 1.2776725 -1.0079611
v -1.4713317 1.1893607 -1.0371105
v -1.4656517 1.1829831 -1.0346798
v -1.3923644 1.2753729 -1.0042855
v -1.3452649 1.3481352 -0.9825288
v -1.3379376 1.3438143 -0.9794701
v -1.2685782 1.4038384 -0.9661399
v -1.2972300 1.3899086 -0.9611187
v -1.3000096 1.3964342 -0.9551716
v -1.2714165 1.4106871 -0.9612746
v -1.3035996 1.3953533 -0.9645922
v -1.2972300 1.3899086 -0.9611187
v -1.2729608 1.4107817 -0.9702872
v -1.2685782 1.4038384 -0.9661399
v -1.4706051 1.1867218 -1.0283761
v -1.4656517 1.1829831 -1.0346798
v -1.2056956 1.4232502 -1.0167822
v -1.2017769 1.4160563 -1.0124742
v -1.0506296 1.4386544 -1.1245351
v -1.0468755 1.4316007 -1.1200249
v -1.5934841 0.9945102 -1.0613128
v -1.5966324 1.0017366 -1.0547016
v -1.6155098 0.6292300 -1.3934999
v -1.5744797 0.6286414 -1.3375640
v -1.4116576 0.6277406 -1.4857887
v -1.5257407 0.6292661 -1.4849321
v -1.4184430 0.6784242 -1.4949885
v -1.4157794 0.6338700 -1.4906930
v -1.5756650 0.6338179 -1.3450529
v -1.6031276 0.6784242 -1.3180614
v -1.6095901 0.6784242 -1.3105883
v -1.6104785 0.7410024 -1.3016109
v -1.6031002 0.7397917 -1.2992682
v -1.6024226 0.6779702 -1.3081937
v -1.6045035 0.7410024 -1.3086465
v -1.6031276 0.6784242 -1.3180614
v -1.6024226 0.6779702 -1.3081937
v -1.6031002 0.7397917 -1.2992682
v -1.6063095 0.8438563 -1.2820838
v -1.5987806 0.8469858 -1.2781940
v -1.6005169 0.8438809 -1.2892441
v -1.5987806 0.8469858 -1.2781940
v -1.4116576 0.6277406 -1.4857887
v -1.4157794 0.6338700 -1.4906930
v -1.5744797 0.6286414 -1.3375640
v -1.5756650 0.6338179 -1.3450529
v -1.5744797 0.6286414 -1.3375640
v -1.6052378 0.6600267 -1.3270254
v -1.6050059 0.6460975 -1.3467445
v -1.6155098 0.6292300 -1.3934999
v -1.6749351 0.7377036 -1.0481351
v -1.6537102 0.8426491 -1.0624774
v -1.6775136 0.7193260 -1.0454422
v -1.6770285 0.7001374 -1.0326658
v -1.6553902 0.6521488 -0.9363235
v -1.6506092 0.6222419 -0.8718606
v -1.6494941 0.5993085 -0.8206211
v -1.6355162 0.5773166 -0.7923678
v -1.6494941 0.5993085 -0.8206211
v -1.6580592 0.6444494 -0.9407114
v -1.6535240 0.6148631 -0.8767567
v -1.6443926 0.6162077 -0.8756446
v -1.6490567 0.6464996 -0.9404511
v -1.6524682 0.5919647 -0.8255624
v -1.6434551 0.5939543 -0.8256216
v -1.6355162 0.5773166 -0.7923678
v -1.6553541 0.8427153 -1.0714067
v -1.6778976 0.7391959 -1.0582935
v -1.6691107 0.7367411 -1.0562608
v -1.6464681 0.8453853 -1.0710978
v -1.6808004 0.6950815 -1.0416308
v -1.6715530 0.6981409 -1.0414720
v -1.6722489 0.7163330 -1.0543373
v -1.6815844 0.7145191 -1.0556034
v -1.6749351 0.7377036 -1.0481351
v -1.6537102 0.8426491 -1.0624774
v -1.6464681 0.8453853 -1.0710978
v -1.6691107 0.7367411 -1.0562608
v -1.6722489 0.7163330 -1.0543373
v -1.6775136 0.7193260 -1.0454422
v -1.6715530 0.6981409 -1.0414720
v -1.6770285 0.7001374 -1.0326658
v -1.6553902 0.6521488 -0.9363235
v -1.6490567 0.6464996 -0.9404511
v -1.6506092 0.6222419 -0.8718606
v -1.6443926 0.6162077 -0.8756446
v -1.6494941 0.5993085 -0.8206211
v -1.6434551 0.5939543 -0.8256216
v -1.6355162 0.5773166 -0.7923678
v -1.6494941 0.5993085 -0.8206211
v -1.6434551 0.5939543 -0.8256216
v -1.6794135 0.3341378 -0.9626360
v -1.6733394 0.3280093 -0.9044109
v -1.4012523 1.2776725 -1.0079611
v -1.4427627 1.2320183 -1.0595000
v -1.4713317 1.1893607 -1.0371105
v -1.5472620 1.0885175 -1.0560351
v -1.5557341 1.0827190 -1.1045114
v -1.5704657 1.0574486 -1.0576930
v -1.5804898 1.0554867 -1.1694637
v -1.5779619 1.0554444 -1.1348340
v -1.5727958 1.0565378 -1.1399409
v -1.5749441 1.0566039 -1.1680108
v -1.5587669 1.0555418 -1.2170622
v -1.3610288 1.0554346 -1.4235049
v -1.5282537 1.0554705 -1.2579253
v -1.5238229 1.0567190 -1.2543300
v -1.3573921 1.0567966 -1.4193032
v -1.3556360 1.3457008 -1.0287438
v -1.3369092 1.3682157 -1.0398478
v -1.3352196 1.3638873 -1.0443560
v -1.3529031 1.3426858 -1.0334815
v -1.2971510 1.3808869 -1.1522629
v -1.1754149 1.3807941 -1.2860083
v -1.1755607 1.3749673 -1.2860646
v -1.2969961 1.3749077 -1.1526835
v -1.3299963 1.3761974 -1.0786358
v -1.3299222 1.3818128 -1.0785304
v -1.4427627 1.2320183 -1.0595000
v -1.4398171 1.2292486 -1.0642161
v -1.5557341 1.0827190 -1.1045114
v -1.5498236 1.0837438 -1.1100384
v 0.3556427 0.7298633 1.8513682
v 0.3577284 0.8851117 1.7665587
v 0.3286247 0.8737060 1.7584648
v 0.3260915 0.7580944 1.8213844
v 0.3294279 0.7532368 1.8261520
v 0.3025730 0.7374560 1.8230042
v 0.3556427 0.7298633 1.8513682
v 0.7329658 0.8183285 1.8734757
v 0.2306423 0.6949811 1.8137597
v 0.1855135 0.6652266 1.8037452
v 0.1855135 0.6652266 1.8037452
v 0.1639171 0.6420836 1.7795208
v 0.4458146 0.7057258 1.9033638
v 0.6246214 0.6897425 1.9698204
v 0.6230882 0.6897083 1.9623151
v 0.4466205 0.7069745 1.8966005
v 0.3156713 0.8383963 1.7648580
v 0.3093397 0.8400395 1.7671838
v 0.3097425 0.7965005 1.7904953
v 0.3156650 0.7938261 1.7884063
v 0.7620317 0.6809875 1.9806752
v 0.7594190 0.6796389 1.9738883
v 0.8874639 0.6789653 1.9416499
v 0.9873421 0.6776825 1.9101949
v 0.9840252 0.6755610 1.9041434
v 0.8785801 0.6773441 1.9368563
v 0.5501881 0.8518596 1.8611469
v 0.5504390 0.8459070 1.8599621
v 0.6817838 0.8260740 1.8746437
v 0.6802869 0.8328480 1.8757457
v 0.2989075 0.7421757 1.8182573
v 0.2268627 0.6993519 1.8086663
v 0.2311005 0.6946091 1.8072481
v 0.3028084 0.7371969 1.8165518
v 0.1818278 0.6696247 1.7985671
v 0.1870958 0.6659373 1.7974381
v 0.1818278 0.6696247 1.7985671
v 0.1639171 0.6420836 1.7795208
v 0.1870958 0.6659373 1.7974381
v 0.3680841 0.8828697 1.7683133
v 0.4161787 0.8706296 1.8020965
v 0.4162954 0.8762826 1.8037221
v 0.3685742 0.8880386 1.7704442
v 0.3593376 0.7309350 1.8455684
v 0.3556427 0.7298633 1.8513682
v 0.7461723 0.8053718 1.8751855
v 0.7476572 0.8119421 1.8754035
v 0.7329658 0.8183285 1.8734757
v 0.7263933 0.8137889 1.8727938
v 0.3286247 0.8737060 1.7584648
v 0.3333798 0.8693083 1.7568835
v 0.3680841 0.8828697 1.7683133
v 0.3577284 0.8851117 1.7665587
v 0.3260915 0.7580944 1.8213844
v 0.3324895 0.7547703 1.8198820
v 0.3324895 0.7547703 1.8198820
v 0.3260915 0.7580944 1.8213844
v 0.3324895 0.7547703 1.8198820
v 0.3294279 0.7532368 1.8261520
v 0.3028084 0.7371969 1.8165518
v 0.3025730 0.7374560 1.8230042
v 0.3294279 0.7532368 1.8261520
v 0.3324895 0.7547703 1.8198820
v 0.2306423 0.6949811 1.8137597
v 0.2311005 0.6946091 1.8072481
v 0.1855135 0.6652266 1.8037452
v 0.1870958 0.6659373 1.7974381
v 0.1639171 0.6420836 1.7795208
v 0.9183313 0.8094213 1.8184753
v 0.7476572 0.8119421 1.8754035
v 0.9187269 0.8029746 1.8175749
v 0.9183313 0.8094213 1.8184753
v 0.8111371 0.2996518 2.0219786
v 0.8131660 0.3265176 2.0281587
v 1.0274519 0.3018776 1.9556712
v 1.0306884 0.3245055 1.9611313
v 0.3125823 0.2866966 1.9138008
v 0.2866995 0.2827398 1.8830619
v 0.4486751 0.4878381 1.9672603
v 0.5047765 0.3609696 1.9853667
v 0.4638208 0.4334719 1.9776237
v 1.0424672 0.4908998 1.9834197
v 1.0195640 0.4792328 1.9345363
v 0.8163571 0.4905282 2.0484057
v 0.7631464 0.4788648 1.9977003
v 0.6825335 0.4903526 2.0404662
v 0.6753193 0.4787589 1.9958707
v 0.5380470 0.4903207 1.9995098
v 0.5414173 0.4787314 1.9647814
v 0.4486751 0.4878381 1.9672603
v 0.4589812 0.4765813 1.9395700
v 0.4589812 0.4765813 1.9395700
v 0.4486751 0.4878381 1.9672603
v 0.4638208 0.4334719 1.9776237
v 0.4709717 0.4294987 1.9492717
v 0.5047765 0.3609696 1.9853667
v 0.5071493 0.3667098 1.9561380
v 0.5570849 0.3283023 1.9974549
v 0.5550918 0.3384190 1.9655057
v 0.6882210 0.3274583 2.0262924
v 0.6777421 0.3376880 1.9860583
v 0.8131660 0.3265176 2.0281587
v 0.7964181 0.3368734 1.9832296
v 1.0306884 0.3245055 1.9611313
v 1.0080199 0.3351308 1.9168003
v -1.1287418 0.3445700 -0.1653471
v -1.1131729 0.3269371 -0.1506488
v -0.8022410 0.3254059 0.2929423
v -0.9740584 0.3253955 0.0445258
v -0.4416539 0.8737490 0.7918317
v -0.1578940 0.8504362 1.2021838
v -0.1464084 0.9046410 1.1797905
v -0.4286947 0.9148128 0.7802493
v -0.8082950 0.3254055 0.2842844
v -0.8215742 0.4436715 0.2922537
v -0.8294549 0.5907873 0.2961122
v -1.0244216 0.9937090 -0.1202212
v -0.7922260 0.9855600 0.2204654
v -0.7797279 1.0268704 0.2055577
v -1.0081606 1.0390996 -0.1317800
v -1.0530440 0.8820821 -0.0838697
v -0.8183008 0.8856004 0.2536201
v -0.8328197 0.7269487 0.2874481
v -0.4603850 1.4062965 0.3201268
v -1.1138918 0.3165908 -0.1466160
v -1.1352534 0.3402139 -0.1737952
v -0.1792416 0.3155835 1.1895399
v -1.3579508 0.8648771 -0.5030795
v -0.1282538 0.9603648 1.1656162
v -0.0588120 0.9583589 1.2604739
v -1.4577729 0.8791829 -0.6660286
v -1.3202903 0.9976180 -0.5596414
v -1.2972502 1.0550949 -0.5729000
v -0.1612636 0.7163336 1.2217345
v -0.1483025 0.8478732 1.2020375
v -0.1637935 0.7911338 1.2110405
v -0.1711395 0.7172926 1.2220680
v -0.1483025 0.8478732 1.2020375
v -0.1612636 0.7163336 1.2217345
v -0.1651876 0.7167032 1.2308241
v -0.1519498 0.8495071 1.2112137
v -0.1684109 0.5805871 1.2219284
v -0.1785178 0.5807763 1.2219203
v -0.1684109 0.5805871 1.2219284
v -0.1735130 0.5792997 1.2310339
v -0.1747897 0.4359970 1.2085371
v -0.1850371 0.4354440 1.2081131
v -0.1808210 0.3249691 1.1829484
v -0.1706188 0.3191255 1.1818959
v -0.1808210 0.3249691 1.1829484
v -0.4520067 0.3254703 0.7876286
v -0.4449494 0.3178188 0.7826670
v -0.1706188 0.3191255 1.1818959
v -0.8087507 0.8832822 0.2534156
v -0.8230342 0.7261301 0.2870741
v -0.8267311 0.7269949 0.2961358
v -0.8122117 0.8855486 0.2623483
v -0.8196516 0.5909650 0.2957085
v -0.8233966 0.5907873 0.3047812
v -0.8117993 0.4444521 0.2918634
v -0.8155193 0.4436715 0.3009111
v -1.3056439 0.8006329 -0.4048964
v -1.2340880 0.6929551 -0.2830568
v -1.2363951 0.6945498 -0.2724172
v -1.3085149 0.8061208 -0.3973911
v -1.1859082 0.5748490 -0.2171083
v -1.1888644 0.5751071 -0.2071636
v -1.1474667 0.4410568 -0.1807789
v -1.1504729 0.4403770 -0.1709169
v -1.3169587 0.9941355 -0.5682190
v -1.2938305 1.0517707 -0.5814760
v -1.3029384 1.0554062 -0.5817970
v -1.3261147 0.9976180 -0.5684793
v -1.2340880 0.6929551 -0.2830568
v -1.3056439 0.8006329 -0.4048964
v -1.3155780 0.7998740 -0.4028531
v -1.2444500 0.6923556 -0.2821256
v -1.1859082 0.5748490 -0.2171083
v -1.1960243 0.5738700 -0.2159986
v -1.1474667 0.4410568 -0.1807789
v -1.1574042 0.4400658 -0.1795619
v -0.1747897 0.4359970 1.2085371
v -0.1799711 0.4346920 1.2173322
v -0.7829926 0.9821682 0.2204803
v -0.7861596 0.9853626 0.2292229
v -1.3474401 0.9063298 -0.5384589
v -1.3567179 0.9101908 -0.5392029
v -0.1706188 0.3191255 1.1818959
v -0.4449494 0.3178188 0.7826670
v -0.4544273 0.3163944 0.7893042
v -0.1792416 0.3155835 1.1895399
v -0.7980052 0.3187607 0.2835828
v -0.8075457 0.3162225 0.2903441
v -0.9669534 0.3173436 0.0398723
v -0.9765074 0.3166653 0.0467530
v -1.1041935 0.3189798 -0.1542205
v -1.1138918 0.3165908 -0.1466160
v -0.7705690 1.0232623 0.2056193
v -0.7736874 1.0265503 0.2143489
v -0.1252773 0.9570979 1.1566850
v -0.1200511 0.9887242 1.1382296
v -0.1291859 0.9926792 1.1380467
v -0.1345190 0.9607516 1.1566099
v -1.3169587 0.9941355 -0.5682190
v -1.3359126 0.9518774 -0.5439589
v -1.3202903 0.9976180 -0.5596414
v -1.1287418 0.3445700 -0.1653471
v -1.1253294 0.3426734 -0.1746253
v -1.1041935 0.3189798 -0.1542205
v -1.1131729 0.3269371 -0.1506488
v -0.7980052 0.3187607 0.2835828
v -0.8022410 0.3254059 0.2929423
v -0.7980052 0.3187607 0.2835828
v -0.8022410 0.3254059 0.2929423
v -0.9669534 0.3173436 0.0398723
v -0.9740584 0.3253955 0.0445258
v -0.1464084 0.9046410 1.1797905
v -0.1578940 0.8504362 1.2021838
v -0.7980052 0.3187607 0.2835828
v -0.8082950 0.3254055 0.2842844
v -0.8215742 0.4436715 0.2922537
v -0.8082950 0.3254055 0.2842844
v -0.7980052 0.3187607 0.2835828
v -0.8117993 0.4444521 0.2918634
v -0.8196516 0.5909650 0.2957085
v -0.8294549 0.5907873 0.2961122
v -0.7829926 0.9821682 0.2204803
v -0.7705690 1.0232623 0.2056193
v -0.7797279 1.0268704 0.2055577
v -0.7922260 0.9855600 0.2204654
v -0.8087507 0.8832822 0.2534156
v -0.8183008 0.8856004 0.2536201
v -0.8230342 0.7261301 0.2870741
v -0.8328197 0.7269487 0.2874481
v -1.1253294 0.3426734 -0.1746253
v -1.1352534 0.3402139 -0.1737952
v -0.1706188 0.3191255 1.1818959
v -0.1792416 0.3155835 1.1895399
v -0.1252773 0.9570979 1.1566850
v -0.1282538 0.9603648 1.1656162
v -1.3417957 0.8332420 -0.4597625
v -1.3318341 0.8322962 -0.4607062
v -1.3482101 0.8646093 -0.5048956
v -1.3579508 0.8648771 -0.5030795
v -0.1200511 0.9887242 1.1382296
v -0.1249034 0.9925128 1.1441733
v -1.3503641 0.9095663 -0.5294526
v -1.3474401 0.9063298 -0.5384589
v -1.3482101 0.8646093 -0.5048956
v -1.3503891 0.8694511 -0.4961959
v -1.3318341 0.8322962 -0.4607062
v -1.3343091 0.8386479 -0.4534396
v -1.2938305 1.0517707 -0.5814760
v -1.2972502 1.0550949 -0.5729000
v 0.0063651 0.9564762 1.3495073
v 0.1806174 0.9280811 1.5978126
v 0.2951144 0.9014034 1.7207788
v 0.2956457 0.9046503 1.7211970
v 0.1808451 0.9312883 1.5979344
v 0.0796153 0.9450623 1.4593805
v 0.0794998 0.9483655 1.4594618
v 0.0093237 0.9605782 1.3488128
v 0.0087621 0.9573648 1.3474663
v 0.0205543 0.9484032 1.3761903
v 0.0206087 0.9516712 1.3767587
v 0.0048039 0.9763730 1.3145850
v 0.0058780 0.9786879 1.3180263
v -0.0049935 1.0339323 1.2202764
v -0.0078194 1.0336740 1.2224328
v 0.0009815 0.9785695 1.3128525
v 0.0048039 0.9763730 1.3145850
v 0.2951144 0.9014034 1.7207788
v 0.1806174 0.9280811 1.5978126
v 0.1782974 0.9274705 1.6001201
v 0.2931370 0.9007511 1.7232875
v 0.0796153 0.9450623 1.4593805
v 0.0772635 0.9442993 1.4616457
v 0.0205543 0.9484032 1.3761903
v 0.0177650 0.9475035 1.3777048
v 0.0063651 0.9564762 1.3495073
v 0.0087621 0.9573648 1.3474663
v 0.3577284 0.8851117 1.7665587
v 0.3680841 0.8828697 1.7683133
v -0.0646961 1.0278503 1.1803704
v -0.0649728 1.0279419 1.1848497
v -0.0049935 1.0339323 1.2202764
v -0.1150270 1.1987396 0.9219225
v -0.1183519 1.2005867 0.9217897
v -0.0072221 1.0359015 1.2196917
v -0.0646961 1.0278503 1.1803704
v -0.0049935 1.0339323 1.2202764
v -0.0072221 1.0359015 1.2196917
v -0.0671147 1.0311706 1.1789017
v -0.4209916 1.4337104 0.2955790
v -0.3013935 1.4140208 0.4715167
v -0.2996789 1.4169277 0.4708800
v -0.4196325 1.4366991 0.2947479
v -0.6204491 1.4497601 0.0056555
v -0.6212051 1.4527809 0.0019610
v -0.7636864 1.4564804 -0.2067959
v -0.7668775 1.4535692 -0.2088946
v -0.9622113 1.4487500 -0.4919827
v -0.9610294 1.4517121 -0.4928556
v -1.0966579 1.4346181 -0.6942497
v -1.0954673 1.4375220 -0.6952915
v -1.2685782 1.4038384 -0.9661399
v -1.1798933 1.4242012 -0.8222967
v -1.1786805 1.4271300 -0.8234613
v -1.2670142 1.4122361 -0.9632058
v -0.2230898 1.3543450 0.6323210
v -0.2262357 1.3563100 0.6326342
v -0.4234805 1.4348707 0.2974000
v -0.3032174 1.4154665 0.4743131
v -0.3013935 1.4140208 0.4715167
v -0.4209916 1.4337104 0.2955790
v -0.2626382 1.4027637 0.5294054
v -0.2659992 1.4047837 0.5296032
v -0.6204491 1.4497601 0.0056555
v -0.6226089 1.4507194 0.0080092
v -0.7668775 1.4535692 -0.2088946
v -0.9622113 1.4487500 -0.4919827
v -0.9651377 1.4496815 -0.4907661
v -0.7697899 1.4545085 -0.2076078
v -1.0966579 1.4346181 -0.6942497
v -1.0994625 1.4357731 -0.6928377
v -1.1798933 1.4242012 -0.8222967
v -1.2685782 1.4038384 -0.9661399
v -1.2714165 1.4106871 -0.9612746
v -1.1825964 1.4254317 -0.8208136
v -0.1207070 1.0164023 1.1257704
v -0.1233192 1.0195470 1.1243363
v -0.1207070 1.0164023 1.1257704
v -0.1225901 1.0156469 1.1286063
v -0.2626382 1.4027637 0.5294054
v -0.2618129 1.4057438 0.5276051
v -0.0031008 1.0349090 1.2244737
v -0.0049935 1.0339323 1.2202764
v -0.3624219 1.3895859 0.4696803
v -0.1592193 1.4090064 0.5088134
v 0.0256087 1.4132444 0.4148498
v 0.0246520 1.4163918 0.4135466
v -0.1604580 1.4119980 0.5074842
v -0.2626382 1.4027637 0.5294054
v -0.2618129 1.4057438 0.5276051
v -1.5258408 0.5496603 -1.4869798
v -1.5424963 0.5349261 -1.4696659
v -1.4952380 0.5342880 -1.4550710
v -1.4297270 0.5342874 -1.5208280
v -1.4489350 0.4033807 -1.5422256
v -1.4590588 0.5496597 -1.5536261
v -1.4297270 0.5342874 -1.5208280
v -1.4952380 0.5342880 -1.4550710
v -1.5258408 0.5496603 -1.4869798
v -1.5146857 0.5211017 -1.4411729
v -1.5424963 0.5349261 -1.4696659
v -1.5586605 0.4678779 -1.4508342
v -1.5689219 0.4034134 -1.4251887
v -1.5689055 0.4034051 -1.4251724
v -1.4489350 0.4033807 -1.5422256
v -1.4489451 0.4033861 -1.5422372
v -1.5689055 0.4034051 -1.4251724
v -1.5689219 0.4034134 -1.4251887
v -1.4592210 0.6292929 -1.5526838
v -1.4592210 0.6292929 -1.5526838
v -1.5689055 0.4034051 -1.4251724
v -1.5146857 0.5211017 -1.4411729
v -1.2814310 0.8910019 -0.4194283
v -1.3343091 0.8386479 -0.4534396
v -1.3503891 0.8694511 -0.4961959
v -1.2843656 0.9020355 -0.4321334
v -1.3054716 0.9044439 -0.4632558
v -1.3359126 0.9518774 -0.5439589
v -1.2912193 0.9409084 -0.4709556
v -1.2379413 0.8887573 -0.3565159
v -1.2118617 0.9336162 -0.3516030
v -1.2271592 0.8990629 -0.3485414
v -1.2137944 0.8977595 -0.3282250
v -0.7861596 0.9853626 0.2292229
v -0.7474274 0.9258814 0.3251095
v -0.7290851 0.9836477 0.3102937
v -0.7696407 0.8226145 0.3441886
v -0.8122117 0.8855486 0.2623483
v -0.8267311 0.7269949 0.2961358
v -0.6486832 0.9223930 0.4661442
v -0.6734399 0.8206657 0.4810331
v -0.7457276 0.8662876 0.3632253
v -0.7441550 0.8833815 0.3595929
v -0.7607547 0.8839101 0.3358738
v -1.2748722 0.9368968 -0.4439433
v -1.3503641 0.9095663 -0.5294526
v -0.7736874 1.0265503 0.2143489
v -0.7392820 0.9011489 0.3535496
v -0.7405457 0.8552539 0.3743572
v -0.6968317 0.8530093 0.4371117
v -0.6878336 0.8633149 0.4463365
v -0.6631809 0.8808031 0.4752958
v -0.6830063 0.8814343 0.4469674
v -0.6756160 0.8978681 0.4454304
v -0.7457276 0.8662876 0.3632253
v -0.6929631 0.8752123 0.3885036
v -0.7441550 0.8833815 0.3595929
v -0.7392820 0.9011489 0.3535496
v -0.6756160 0.8978681 0.4454304
v -0.6830063 0.8814343 0.4469674
v -1.2843656 0.9020355 -0.4321334
v -1.2317767 0.9085618 -0.4068454
v -1.2748722 0.9368968 -0.4439433
v -1.2271592 0.8990629 -0.3485414
v -1.2379413 0.8887573 -0.3565159
v -1.2814310 0.8910019 -0.4194283
v -1.2118617 0.9336162 -0.3516030
v -0.6878336 0.8633149 0.4463365
v -0.6968317 0.8530093 0.4371117
v -0.7405457 0.8552539 0.3743572
v -0.6442525 0.9177245 0.4810841
v -0.7672552 0.9243026 0.3037499
v -0.7581272 0.8904815 0.3676748
v -0.7019511 0.8874732 0.4487817
v -1.1822013 0.9443830 -0.3103510
v -1.3025871 0.9509686 -0.4895260
v -1.2949561 0.9171457 -0.4245409
v -1.2394341 0.9141356 -0.3429754
v -0.7581272 0.8904815 0.3676748
v -0.7672552 0.9243026 0.3037499
v -0.7785046 0.8922675 0.3104333
v -0.6442525 0.9177245 0.4810841
v -0.7019511 0.8874732 0.4487817
v -0.6556216 0.8856871 0.4878513
v -1.2949561 0.9171457 -0.4245409
v -1.3025871 0.9509686 -0.4895260
v -1.3149457 0.9189330 -0.4820553
v -1.1822013 0.9443830 -0.3103510
v -1.2394341 0.9141356 -0.3429754
v -1.1934930 0.9123485 -0.3036334
v -1.1934930 0.9123485 -0.3036334
v -1.2394341 0.9141356 -0.3429754
v -1.2949561 0.9171457 -0.4245409
v -1.3149457 0.9189330 -0.4820553
v -0.6556216 0.8856871 0.4878513
v -0.7019511 0.8874732 0.4487817
v -0.7581272 0.8904815 0.3676748
v -0.7785046 0.8922675 0.3104333
v -1.6815844 0.7145191 -1.0556034
v -1.3844433 0.9711464 -1.4517928
v -1.3838831 0.9631217 -1.4563020
v -1.3838831 0.9631217 -1.4563020
v -1.3817440 0.9635088 -1.4480479
v 0.0634761 0.6811225 -1.4881569
v 0.1240559 0.6143610 -1.4000081
v -0.0857130 0.5702668 -1.2130901
v -0.1909640 0.6924884 -1.3634044
v 0.1560576 0.5261726 -1.3423436
v 0.1652064 0.4268514 -1.3095753
v -0.0454082 0.3686887 -1.1555281
v 0.1539219 0.3105261 -1.2885271
v 0.0133848 0.7038543 -1.5598990
v -0.0390905 0.7021888 -1.6346377
v -0.2984286 0.6889887 -1.5168799
v -0.0990736 0.6757886 -1.7203024
v -0.1541606 0.6132781 -1.7954227
v -0.3984928 0.5760077 -1.6597856
v -0.1916151 0.5374284 -1.8413340
v -0.1716737 0.5773166 -1.8173613
v -0.2189806 0.4415565 -1.8648058
v -0.4379604 0.3822889 -1.7161512
v -0.2368175 0.3230213 -1.8616691
v 1.6849713 0.2827397 0.9039816
v 1.6497942 0.2328573 0.9300617
v 1.4922034 0.2328573 1.0404079
v 1.6962363 0.5159122 0.8508171
v 1.7048376 0.3964716 0.8867673
v 1.4801099 0.4561919 1.0231369
v 1.6579097 0.6070057 0.7935227
v 1.4030894 0.6413266 0.9131400
v 1.6032559 0.6748905 0.7154693
v 1.6296687 0.6420835 0.7531904
v 1.5430998 0.7045583 0.6295572
v 1.2601099 0.6973005 0.7089442
v 1.4795791 0.7026968 0.5388400
v 1.4392170 0.6846464 0.4811972
v 1.3785433 0.6201392 0.3961418
v 1.1315890 0.5734738 0.5253972
v 1.3319768 0.5268083 0.3414200
v 1.3037158 0.4156496 0.3209401
v 1.0895984 0.3618897 0.4654286
v 1.2811283 0.3081297 0.3258795
v 0.1365426 0.2376833 -1.2749428
v -0.0416545 0.2376834 -1.1501681
v 1.2625986 0.2371187 0.3378204
v 1.0865577 0.2371187 0.4610854
v -0.2747692 0.2692910 -1.8393349
v -0.4421495 0.2692910 -1.7221340
v 1.0895984 0.3618897 0.4654286
v 1.1315890 0.5734738 0.5253972
v 1.4030894 0.6413266 0.9131400
v 1.4801099 0.4561919 1.0231369
v 1.4922034 0.2328573 1.0404079
v 1.0865577 0.2371187 0.4610854
v -0.3984928 0.5760077 -1.6597856
v -0.2984286 0.6889887 -1.5168799
v -0.1909640 0.6924884 -1.3634044
v -0.0857130 0.5702668 -1.2130901
v -0.4379604 0.3822889 -1.7161512
v -0.0454082 0.3686887 -1.1555281
v -0.4421495 0.2692910 -1.7221340
v -0.0416545 0.2376834 -1.1501681
v 1.2601099 0.6973005 0.7089442
v 0.8892611 0.2373894 -0.1515410
v 1.1475875 0.2371721 0.2197007
v 1.0865577 0.2371187 0.4610854
v 0.5163495 0.2373894 -0.3532560
v 0.5419873 0.2373894 -0.6530834
v 0.2361236 0.2373612 -1.0893077
v 0.3705138 0.2373894 -0.8949267
v -0.0416545 0.2376834 -1.1501681
v 0.1572953 0.2372567 -1.2446663
v 0.1761097 0.2372764 -1.1955813
v 1.2016218 0.2365201 0.2728238
v 1.2433631 0.2360516 0.3073510
v 0.1365426 0.2376833 -1.2749428
v 1.2625986 0.2371187 0.3378204
v 1.6497942 0.2328573 0.9300617
v 1.6677496 0.2342985 0.9625614
v 1.6642892 0.2370066 1.0514263
v 1.4922034 0.2328573 1.0404079
v 1.6439532 0.2429807 1.2571322
v 1.5279435 0.2482192 1.5071416
v -0.2747692 0.2692910 -1.8393349
v -0.4421495 0.2692910 -1.7221340
v -0.4405870 0.2895005 -1.9357403
v -0.3001057 0.2730429 -1.8665166
v -0.6452616 0.3076079 -1.9693767
v -0.5950375 0.3056169 -1.9855597
v -0.7406997 0.3113914 -1.9386258
v 1.2485107 0.2509460 1.7686607
v 0.7839810 0.2346851 1.1052438
v -0.6027084 0.2692911 -1.6097092
v -0.2683399 0.2375364 -0.3976259
v -0.1895689 1.0602363 -1.5644784
v -0.2344725 1.0755092 -1.6111361
v -0.2333719 1.0834378 -1.6036692
v -0.1920564 1.0693875 -1.5607445
v -0.2594515 1.1064968 -1.6178691
v -0.2544250 1.1095726 -1.6093541
v -0.2816725 1.1522896 -1.6080827
v -0.2747504 1.1515427 -1.6004142
v -0.2902000 1.1959283 -1.5813972
v -0.2826821 1.1920289 -1.5756339
v -0.2868602 1.2422215 -1.5371640
v -0.2794603 1.2362663 -1.5334132
v -0.2326799 1.3723718 -1.3562609
v -0.2257982 1.3651070 -1.3544024
v -0.2111855 1.3967384 -1.3086018
v -0.2053910 1.3882662 -1.3089661
v -0.1798022 1.4046972 -1.2620789
v -0.1895535 1.3922676 -1.2854130
v -0.1798022 1.4046972 -1.2620789
v -0.1562419 1.3973270 -1.2362380
v -0.1724745 1.3960895 -1.2600668
v -0.0869907 1.4117774 -1.1258561
v 0.1179558 1.4206272 -0.8352165
v 0.1219611 1.4117479 -0.8379865
v -0.0827847 1.4029263 -1.1284066
v 0.2760671 1.4177481 -0.6146437
v 0.2499639 1.4093925 -0.6593774
v 0.2760671 1.4177481 -0.6146437
v 0.3049614 1.4074014 -0.5815290
v 0.2833198 1.4086661 -0.6127073
v 0.4718107 1.4062965 -0.3326033
v 0.5788396 1.3895859 -0.1893983
v 0.5815757 1.3809036 -0.1939994
v 0.4754493 1.3974402 -0.3359161
v 0.6658368 1.3476232 -0.0946907
v 0.6670587 1.3397552 -0.1010676
v 0.8865108 1.1895164 0.0800679
v 0.8866506 1.1821761 0.0730857
v 1.1145733 1.0177875 0.2610446
v 1.1124963 1.0118025 0.2526446
v 1.1314196 0.9925127 0.2644864
v 1.1187480 1.0021237 0.2540465
v 0.8527368 1.0070772 -0.1326337
v 0.8493232 1.0162103 -0.1299003
v 0.4795680 1.0265501 -0.6631898
v 0.5338715 1.0327558 -0.5786377
v 0.4733726 1.0268703 -0.6718727
v 0.4281608 1.0382585 -0.7272691
v 0.4691459 1.0361479 -0.6705955
v 0.2345071 1.0390994 -1.0019053
v 0.0128175 1.0504243 -1.2999761
v 0.0097919 1.0597258 -1.2973577
v 0.2314325 1.0483887 -0.9993013
v -0.0811351 1.0550947 -1.4244327
v -0.0573587 1.0630284 -1.3861860
v -0.1920564 1.0693875 -1.5607445
v -0.2333719 1.0834378 -1.6036692
v -0.2353974 1.0852879 -1.5947313
v -0.1944395 1.0716163 -1.5523166
v -0.2544250 1.1095726 -1.6093541
v -0.2563490 1.1107186 -1.6002712
v -0.2747504 1.1515427 -1.6004142
v -0.2766484 1.1515581 -1.5912933
v -0.2826821 1.1920289 -1.5756339
v -0.2846754 1.1909536 -1.5666502
v -0.2794603 1.2362663 -1.5334132
v -0.2816744 1.2339991 -1.5247447
v -0.2257982 1.3651070 -1.3544024
v -0.2290894 1.3593688 -1.3472719
v -0.2053910 1.3882662 -1.3089661
v -0.2089795 1.3819036 -1.3022596
v -0.0827847 1.4029263 -1.1284066
v 0.1219611 1.4117479 -0.8379865
v 0.1148908 1.4047530 -0.8362530
v -0.0876981 1.3961690 -1.1235923
v 0.2499639 1.4093925 -0.6593774
v 0.2403301 1.4023720 -0.6611349
v 0.4754493 1.3974402 -0.3359161
v 0.5815757 1.3809036 -0.1939994
v 0.5697024 1.3747395 -0.1991255
v 0.4646514 1.3908305 -0.3395062
v 0.6670587 1.3397552 -0.1010676
v 0.6544258 1.3347000 -0.1072784
v 0.8866506 1.1821761 0.0730857
v 0.8723868 1.1813662 0.0645457
v 1.1124963 1.0118025 0.2526446
v 1.0965534 1.0155827 0.2417067
v 0.9605809 1.1161418 0.1342463
v 1.1187480 1.0021237 0.2540465
v 1.1027763 1.0061644 0.2430676
v 1.1187480 1.0021237 0.2540465
v 0.8493232 1.0162103 -0.1299003
v 0.8361989 1.0198718 -0.1368128
v 1.0208816 1.0103755 0.1263652
v 0.5338715 1.0327558 -0.5786377
v 0.5331011 1.0355073 -0.5680106
v 0.2314325 1.0483887 -0.9993013
v 0.0097919 1.0597258 -1.2973577
v 0.0053963 1.0622146 -1.2918043
v 0.2247828 1.0511831 -0.9969668
v -0.0573587 1.0630284 -1.3861860
v -0.0592595 1.0653402 -1.3772635
v 0.4332857 1.2129881 -0.5849130
v 0.3918277 1.2148758 -0.6447031
v -0.1068287 1.2367668 -1.3220056
v -0.1220535 1.2374233 -1.3422339
v 0.4749323 1.0358473 -0.6624804
v 0.3516665 1.2166566 -0.7003671
v 0.3860753 1.2151338 -0.6528225
v -0.0843820 1.1494463 -1.3646517
v -0.0985433 1.1499772 -1.3834392
v 0.2776258 1.4088835 -0.6207795
v 0.4178258 1.0414080 -0.7300704
v 0.4281608 1.0382585 -0.7272691
v 0.3049614 1.4074014 -0.5815290
v 0.3061659 1.3999382 -0.5678489
v -0.0833353 1.0643061 -1.4205491
v -0.1562419 1.3973270 -1.2362380
v -0.1595899 1.3907786 -1.2291571
v -0.1006092 1.0651220 -1.4429425
v -0.0875504 1.0554059 -1.4328206
v -0.1006092 1.0651220 -1.4429425
v -0.1082604 1.0676657 -1.4414213
v -0.1895535 1.3922676 -1.2854130
v -0.1980257 1.3846265 -1.2859621
v -0.1780520 1.3951733 -1.2683075
v 0.3061659 1.3999382 -0.5678489
v 0.4321242 1.2087504 -0.5727676
v 0.4332857 1.2129881 -0.5849130
v 0.3049614 1.4074014 -0.5815290
v 0.4178258 1.0414080 -0.7300704
v 0.3405723 1.2128652 -0.7022675
v 0.3516665 1.2166566 -0.7003671
v 0.4281608 1.0382585 -0.7272691
v 0.2403301 1.4023720 -0.6611349
v 0.2499639 1.4093925 -0.6593774
v -0.1595899 1.3907786 -1.2291571
v -0.1097517 1.2325443 -1.3128631
v -0.1068287 1.2367668 -1.3220056
v -0.1562419 1.3973270 -1.2362380
v -0.0873016 1.1452426 -1.3555121
v -0.0843820 1.1494463 -1.3646517
v -0.0592595 1.0653402 -1.3772635
v -0.0573587 1.0630284 -1.3861860
v -0.1082604 1.0676657 -1.4414213
v -0.1237624 1.1465980 -1.4032612
v -0.1152060 1.1505920 -1.4050120
v -0.1006092 1.0651220 -1.4429425
v -0.1473025 1.2341634 -1.3627557
v -0.1387923 1.2381451 -1.3644742
v -0.1980257 1.3846265 -1.2859621
v -0.1895535 1.3922676 -1.2854130
v 1.1030706 1.0188416 0.2337258
v 1.1053437 1.0150430 0.2343750
v 1.0284565 1.0190077 0.1247732
v 0.9741782 1.1141451 0.1318825
v 1.1027763 1.0061644 0.2430676
v 1.0965534 1.0155827 0.2417067
v 1.1027763 1.0061644 0.2430676
v 1.1053437 1.0150430 0.2343750
v 1.1030706 1.0188416 0.2337258
v 1.1027763 1.0061644 0.2430676
v 1.0208816 1.0103755 0.1263652
v 1.0284565 1.0190077 0.1247732
v 1.1053437 1.0150430 0.2343750
v 1.0208816 1.0103755 0.1263652
v 0.9605809 1.1161418 0.1342463
v 0.9741782 1.1141451 0.1318825
v 1.0284565 1.0190077 0.1247732
v 0.9605809 1.1161418 0.1342463
v 0.9741782 1.1141451 0.1318825
v -0.0893728 1.0645958 -1.4284385
v -0.1152060 1.1505920 -1.4050120
v -0.1045799 1.1502014 -1.3913295
v -0.1387923 1.2381451 -1.3644742
v -0.1280136 1.2376802 -1.3501531
v 0.4660395 1.0327263 -0.6623799
v 0.4702980 1.0232623 -0.6632451
v 0.4733726 1.0268703 -0.6718727
v 0.4691459 1.0361479 -0.6705955
v 0.3830738 1.2114384 -0.6447027
v 0.2764458 1.4086514 -0.6129305
v 0.2833198 1.4086661 -0.6127073
v 0.3918277 1.2148758 -0.6447031
v -0.1791959 1.3952678 -1.2608734
v -0.1798022 1.4046972 -1.2620789
v -0.1724745 1.3960895 -1.2600668
v 0.4749323 1.0358473 -0.6624804
v 0.4660395 1.0327263 -0.6623799
v 0.3860753 1.2151338 -0.6528225
v 0.3830738 1.2114384 -0.6447027
v -0.0985433 1.1499772 -1.3834392
v -0.1074129 1.1468076 -1.3830325
v -0.1307316 1.2337913 -1.3419673
v -0.1220535 1.2374233 -1.3422339
v 0.2776258 1.4088835 -0.6207795
v 0.2764458 1.4086514 -0.6129305
v 0.4795680 1.0265501 -0.6631898
v 0.4702980 1.0232623 -0.6632451
v -0.0811351 1.0550947 -1.4244327
v -0.0903637 1.0517706 -1.4241521
v -0.0922574 1.0613263 -1.4200876
v -0.0833353 1.0643061 -1.4205491
v -0.0922574 1.0613263 -1.4200876
v -0.0903637 1.0517706 -1.4241521
v -0.0875504 1.0554059 -1.4328206
v -0.0893728 1.0645958 -1.4284385
v -0.1045799 1.1502014 -1.3913295
v -0.1074129 1.1468076 -1.3830325
v -0.1280136 1.2376802 -1.3501531
v -0.1307316 1.2337913 -1.3419673
v -0.1780520 1.3951733 -1.2683075
v -0.1798022 1.4046972 -1.2620789
v -0.1791959 1.3952678 -1.2608734
v 1.5279435 0.2482192 1.5071416
v 1.6439532 0.2429807 1.2571322
v 1.6767795 0.2978038 1.3278483
v 1.6361420 0.2996517 1.4443039
v 1.4998497 0.3018775 1.6248951
v 1.2792332 0.3033280 1.8125374
v 1.2485107 0.2509460 1.7686607
v -0.3166602 0.3341377 -1.9168461
v -0.4405870 0.2895005 -1.9357403
v -0.3758502 0.3406046 -1.9458429
v -0.2640237 0.3280092 -1.8912241
v -0.3001057 0.2730429 -1.8665166
v 1.6677496 0.2342985 0.9625614
v 1.6497942 0.2328573 0.9300617
v 1.6849713 0.2827397 0.9039816
v 1.7050037 0.2866965 0.9388163
v 0.8892611 0.2373894 -0.1515410
v 0.9206956 0.3034850 -0.1734800
v 1.1819084 0.3029067 0.1966693
v 1.1475875 0.2371721 0.2197007
v 0.5419873 0.2373894 -0.6530834
v 0.5719676 0.3034849 -0.6753506
v 0.2703818 0.3033141 -1.1149205
v 0.4039647 0.3034850 -0.9193041
v 0.3705138 0.2373894 -0.8949267
v 0.2361236 0.2373612 -1.0893077
v 0.1744514 0.3104989 -1.2584210
v 0.2017682 0.3027998 -1.2152696
v 0.1761097 0.2372764 -1.1955813
v 0.1572953 0.2372567 -1.2446663
v 1.2274927 0.3011730 0.2558651
v 1.2016218 0.2365201 0.2728238
v 1.2619410 0.3077485 0.2956257
v 1.2433631 0.2360516 0.3073510
v 0.1744514 0.3104989 -1.2584210
v 0.1572953 0.2372567 -1.2446663
v 0.1365426 0.2376833 -1.2749428
v 0.1539219 0.3105261 -1.2885271
v 1.2811283 0.3081297 0.3258795
v 1.2625986 0.2371187 0.3378204
v 1.2433631 0.2360516 0.3073510
v 1.2619410 0.3077485 0.2956257
v 0.2017682 0.3027998 -1.2152696
v 0.1744514 0.3104989 -1.2584210
v 0.1934770 0.3193921 -1.2108210
v 1.2215473 0.3177652 0.2611505
v 1.2619410 0.3077485 0.2956257
v 1.2274927 0.3011730 0.2558651
v 1.1819084 0.3029067 0.1966693
v 0.9206956 0.3034850 -0.1734800
v 0.9106556 0.3163943 -0.1665372
v 1.1926349 0.3155834 0.2289414
v 0.5625601 0.3162224 -0.6690137
v 0.5719676 0.3034849 -0.6753506
v 0.4039647 0.3034850 -0.9193041
v 0.3914476 0.3166652 -0.9110991
v 0.2567282 0.3165907 -1.1063343
v 0.2703818 0.3033141 -1.1149205
v -0.4565356 0.3478693 -1.9963914
v -0.5950375 0.3056169 -1.9855597
v -0.5882405 0.3561550 -2.0320634
v -0.5212073 0.3526099 -2.0233954
v -0.6452616 0.3076079 -1.9693767
v -0.6791281 0.3585221 -2.0046137
v -0.8060553 0.3602512 -1.9711953
v -0.7572359 0.3598965 -1.9947407
v -0.7558057 0.3151255 -1.9507164
v -0.7753121 0.3155095 -1.9410474
v -0.3001057 0.2730429 -1.8665166
v -0.2640237 0.3280092 -1.8912241
v -0.2368175 0.3230213 -1.8616691
v -0.2747692 0.2692910 -1.8393349
v 1.2363821 0.6924979 1.7513396
v 1.2408123 0.6814058 1.7576664
v 1.4677143 0.6826104 1.5670025
v 1.4609065 0.7007013 1.5564225
v 1.5153272 0.7609014 1.4130650
v 1.5164798 0.7611231 1.4214697
v 1.5329958 0.6839888 1.4817276
v 1.5330867 0.6773441 1.4785659
v 1.4662821 0.6755610 1.5664635
v 1.5330867 0.6773441 1.4785659
v 1.5329958 0.6839888 1.4817276
v 1.4677143 0.6826104 1.5670025
v 1.2408123 0.6814058 1.7576664
v 1.2400289 0.6743518 1.7565476
v 1.4986678 0.7119652 1.4961926
v 1.5329958 0.6839888 1.4817276
v 1.5164798 0.7611231 1.4214697
v 1.5018574 0.7611282 1.4400656
v 1.4769516 0.7567724 1.4343384
v 1.4677456 0.7298265 1.4665802
v 1.4986678 0.7119652 1.4961926
v 1.5018574 0.7611282 1.4400656
v 1.4231100 0.7236220 1.5118760
v 1.4609065 0.7007013 1.5564225
v 1.1954706 0.7191033 1.6929119
v 1.2363821 0.6924979 1.7513396
v 1.4079239 0.7567356 1.5020131
v 1.4769516 0.7567724 1.4343384
v 1.4984209 0.7608839 1.4345930
v 1.4340444 0.7608172 1.5165661
v 1.4079239 0.7567356 1.5020131
v 1.4231100 0.7236220 1.5118760
v 1.4677456 0.7298265 1.4665802
v 1.4769516 0.7567724 1.4343384
v 1.1792460 0.7567098 1.6697404
v 1.1954706 0.7191033 1.6929119
v 1.6948217 0.2961127 1.1976338
v 1.7002476 0.2941076 1.0771349
v 1.6642892 0.2370066 1.0514263
v 1.7047501 0.2902875 0.9925770
v 1.7050037 0.2866965 0.9388163
v 1.6677496 0.2342985 0.9625614
v 1.1652185 1.0349088 0.4064080
v 1.1688889 0.9751574 0.5878365
v 1.1687291 1.0268604 0.5857475
v 1.0017549 0.9754954 0.8138540
v 1.0009325 1.0275609 0.8120118
v 0.7375531 0.9761562 1.0389378
v 0.7364032 1.0288868 1.0372953
v 1.1688889 0.9751574 0.5878365
v 1.1351110 1.0329810 0.5414585
v 0.9686399 1.0329561 0.7672285
v 1.0017549 0.9754954 0.8138540
v 0.7047659 1.0329517 0.9921126
v 0.7375531 0.9761562 1.0389378
v 1.1652185 1.0349088 0.4064080
v 1.1619218 1.0339322 0.4031938
v 1.1688889 0.9751574 0.5878365
v 1.1619218 1.0339322 0.4031938
v -0.6934357 0.3589671 -2.0138794
v -0.6613541 0.3115622 -1.9810477
v -0.6934357 0.3589671 -2.0138794
v -0.7572359 0.3598965 -1.9947407
v -0.7580747 0.3992366 -1.9995434
v -1.2092433 0.3619615 -1.7413752
v -1.2124161 0.3962618 -1.7459065
v -0.9504634 0.3972948 -1.9073393
v -0.9479817 0.3612823 -1.9027430
v -0.8060553 0.3602512 -1.9711953
v -0.7977978 0.3988357 -1.9805053
v -0.7891081 0.4034133 -1.9712208
v -0.7458359 0.4034211 -1.9920535
v -0.7580747 0.3992366 -1.9995434
v -0.7977978 0.3988357 -1.9805053
v -0.6791281 0.3585221 -2.0046137
v -0.6934357 0.3589671 -2.0138794
v -0.6791281 0.3585221 -2.0046137
v -0.6452616 0.3076079 -1.9693767
v -0.6613541 0.3115622 -1.9810477
v -0.6934357 0.3589671 -2.0138794
v -0.6452616 0.3076079 -1.9693767
v -0.7406997 0.3113914 -1.9386258
v -0.7558057 0.3151255 -1.9507164
v -0.6613541 0.3115622 -1.9810477
v -0.9226018 0.3152949 -1.8483490
v -0.9357766 0.3186680 -1.8615112
v -0.8471162 0.3169229 -1.9054571
v -0.8358009 0.3134322 -1.8914277
v -1.1742580 0.3173232 -1.6914114
v -1.1847080 0.3204552 -1.7063355
v 1.4984209 0.7608839 1.4345930
v 1.5018574 0.7611282 1.4400656
v 1.5164798 0.7611231 1.4214697
v 1.5153272 0.7609014 1.4130650
v 1.4769516 0.7567724 1.4343384
v 1.2000917 0.7896791 1.6995116
v 1.2075455 0.7667366 1.7101565
v 1.4353883 0.7667835 1.5168101
v 1.4276103 0.7915283 1.5041816
v 1.5134218 0.7938819 1.3788385
v 1.5174468 0.8066324 1.3465467
v 1.4114425 0.8044039 1.4803003
v 1.5153830 0.7668909 1.4151583
v 1.5134218 0.7938819 1.3788385
v 1.5153830 0.7668909 1.4151583
v 1.5153272 0.7609014 1.4130650
v 1.5115223 0.7887930 1.3712697
v 1.5204208 0.8053717 1.3330509
v 1.5174468 0.8066324 1.3465467
v 1.4072678 0.8029746 1.4754951
v 1.1782857 0.8032947 1.6683689
v 1.1819426 0.8048152 1.6735918
v 1.4114425 0.8044039 1.4803003
v 1.2075455 0.7667366 1.7101565
v 1.2069170 0.7607704 1.7092585
v 1.4340444 0.7608172 1.5165661
v 1.4353883 0.7667835 1.5168101
v 1.5174468 0.8066324 1.3465467
v 1.5204208 0.8053717 1.3330509
v 1.4984209 0.7608839 1.4345930
v 1.5153830 0.7668909 1.4151583
v 1.1819426 0.8048152 1.6735918
v 1.5153272 0.7609014 1.4130650
v 1.6782422 0.3667097 1.1361300
v 1.6841638 0.4294986 1.0997856
v 1.6828411 0.4085806 1.1974788
v 1.6767564 0.3675033 1.1944523
v 1.6711976 0.4082427 1.3127462
v 1.6641723 0.3695570 1.3059126
v 1.6812862 0.4565081 1.0914189
v 1.6796830 0.4496139 1.1827102
v 1.6701418 0.4432643 1.3051172
v 1.6494633 0.3706781 1.3491309
v 1.6589410 0.4058905 1.3494967
v 1.6601891 0.4411126 1.3371010
v 1.6746440 0.4787313 1.1712876
v 1.6580611 0.4787588 1.3077476
v 1.6827841 0.4751761 1.3184199
v 1.6921460 0.4751496 1.1952093
v 1.6297414 0.4788648 1.3909036
v 1.6610881 0.4752778 1.3878891
v 1.6297414 0.4788648 1.3909036
v 1.6259151 0.4079431 1.4163999
v 1.6591554 0.4071572 1.4088272
v 1.6610881 0.4752778 1.3878891
v 1.6047643 0.3368733 1.4172195
v 1.6391399 0.3388944 1.4083060
v 1.6047643 0.3368733 1.4172195
v 1.6480119 0.3376879 1.3066682
v 1.6715929 0.3396768 1.3180306
v 1.6391399 0.3388944 1.4083060
v 1.6706478 0.3384189 1.1843853
v 1.6859477 0.3403789 1.2093542
v 1.6782422 0.3667097 1.1361300
v 1.6903756 0.3614379 1.1740758
v 1.6812862 0.4565081 1.0914189
v 1.6791479 0.4765812 1.0852004
v 1.6937038 0.4730845 1.1125875
v 1.6945493 0.4633920 1.1158690
v 1.6791479 0.4765812 1.0852004
v 1.6937038 0.4730845 1.1125875
v 1.4826869 0.4792328 1.6102540
v 1.2700382 0.4796553 1.7994054
v 1.2753419 0.4696263 1.8069801
v 1.4883742 0.4692190 1.6180081
v 1.2554000 0.3328076 1.7785001
v 1.4699689 0.3351308 1.5933395
v 1.4773120 0.3446984 1.6027400
v 1.2624816 0.3422419 1.7886132
v 1.6047643 0.3368733 1.4172195
v 1.6070810 0.3464273 1.4328986
v 1.6259151 0.4079431 1.4163999
v 1.6254252 0.4103489 1.4317109
v 1.6297414 0.4788648 1.3909036
v 1.6278819 0.4688837 1.4101468
v 1.6297414 0.4788648 1.3909036
v 1.6278819 0.4688837 1.4101468
v 1.6070810 0.3464273 1.4328986
v 1.6254252 0.4103489 1.4317109
v 1.6006550 0.4103489 1.3963358
v 1.5823108 0.3464273 1.3975230
v 1.6278819 0.4688837 1.4101468
v 1.6031115 0.4688837 1.3747711
v 1.6070810 0.3464273 1.4328986
v 1.6139472 0.3703534 1.4324539
v 1.4819867 0.3680612 1.6095889
v 1.4773120 0.3446984 1.6027400
v 1.2624816 0.3422419 1.7886132
v 1.2676641 0.3664058 1.7960146
v 1.6257541 0.4181879 1.4288230
v 1.6263246 0.4317774 1.4238167
v 1.4892881 0.4298523 1.6199432
v 1.4896206 0.4155299 1.6206472
v 1.2758877 0.4295708 1.8077587
v 1.2760917 0.4145895 1.8080503
v 1.6185589 0.3864229 1.4321556
v 1.6231193 0.4023142 1.4318601
v 1.4882378 0.3993029 1.6187478
v 1.4851396 0.3838190 1.6142083
v 1.2745258 0.3984006 1.8058145
v 1.2710228 0.3820675 1.8008116
v 1.6269824 0.4474552 1.4180409
v 1.6278819 0.4688837 1.4101468
v 1.4883742 0.4692190 1.6180081
v 1.4889004 0.4465485 1.6191222
v 1.2753419 0.4696263 1.8069801
v 1.2756600 0.4462869 1.8074339
v 1.4882378 0.3993029 1.6187478
v 1.6231193 0.4023142 1.4318601
v 1.6010833 0.4102510 1.3969898
v 1.4655757 0.4074164 1.5863453
v 1.2745258 0.3984006 1.8058145
v 1.2519553 0.4064950 1.7735804
v 1.4819867 0.3680612 1.6095889
v 1.6139472 0.3703534 1.4324539
v 1.5928997 0.3783882 1.3989527
v 1.4602099 0.3759401 1.5785464
v 1.2676641 0.3664058 1.7960146
v 1.2459900 0.3742367 1.7650611
v 1.4892881 0.4298523 1.6199432
v 1.6263246 0.4317774 1.4238167
v 1.6032999 0.4396163 1.3875768
v 1.4657410 0.4382004 1.5861807
v 1.2758877 0.4295708 1.8077587
v 1.2524205 0.4379289 1.7742445
v 1.6257541 0.4181879 1.4288230
v 1.4896206 0.4155299 1.6206472
v 1.4655757 0.4074164 1.5863453
v 1.6010833 0.4102510 1.3969898
v 1.2760917 0.4145895 1.8080503
v 1.2519553 0.4064950 1.7735804
v 1.6185589 0.3864229 1.4321556
v 1.4851396 0.3838190 1.6142083
v 1.4602099 0.3759401 1.5785464
v 1.5928997 0.3783882 1.3989527
v 1.2710228 0.3820675 1.8008116
v 1.2459900 0.3742367 1.7650611
v 1.6269824 0.4474552 1.4180409
v 1.4889004 0.4465485 1.6191222
v 1.4657410 0.4382004 1.5861807
v 1.6032999 0.4396163 1.3875768
v 1.2756600 0.4462869 1.8074339
v 1.2524205 0.4379289 1.7742445
v 1.6945493 0.4633920 1.1158690
v 1.6937038 0.4730845 1.1125875
v 1.6921460 0.4751496 1.1952093
v 1.6933958 0.4594076 1.1995630
v 1.6827841 0.4751761 1.3184199
v 1.6837855 0.4530546 1.3219118
v 1.6715804 0.4504356 1.3605781
v 1.6610881 0.4752778 1.3878891
v 1.6591554 0.4071572 1.4088272
v 1.6702075 0.4072687 1.3758265
v 1.6391399 0.3388944 1.4083060
v 1.6578498 0.3635840 1.3755941
v 1.6715929 0.3396768 1.3180306
v 1.6859477 0.3403789 1.2093542
v 1.6896126 0.3617650 1.2107806
v 1.6764780 0.3628885 1.3218281
v 1.6903756 0.3614379 1.1740758
v 1.6945493 0.4633920 1.1158690
v 1.6933958 0.4594076 1.1995630
v 1.6796830 0.4496139 1.1827102
v 1.6812862 0.4565081 1.0914189
v 1.6837855 0.4530546 1.3219118
v 1.6701418 0.4432643 1.3051172
v 1.6715804 0.4504356 1.3605781
v 1.6601891 0.4411126 1.3371010
v 1.6715804 0.4504356 1.3605781
v 1.6702075 0.4072687 1.3758265
v 1.6589410 0.4058905 1.3494967
v 1.6601891 0.4411126 1.3371010
v 1.6578498 0.3635840 1.3755941
v 1.6494633 0.3706781 1.3491309
v 1.6578498 0.3635840 1.3755941
v 1.6764780 0.3628885 1.3218281
v 1.6641723 0.3695570 1.3059126
v 1.6494633 0.3706781 1.3491309
v 1.6896126 0.3617650 1.2107806
v 1.6767564 0.3675033 1.1944523
v 1.6903756 0.3614379 1.1740758
v 1.6782422 0.3667097 1.1361300
v 0.2760671 1.4177481 -0.6146437
v 0.2760671 1.4177481 -0.6146437
v -0.7662985 0.3119407 -1.9259217
v -1.2092433 0.3619615 -1.7413752
v -0.9479817 0.3612823 -1.9027430
v -0.9357766 0.3186680 -1.8615112
v -1.1847080 0.3204552 -1.7063355
v 1.2069170 0.7607704 1.7092585
v 1.1792460 0.7567098 1.6697404
v -1.2048684 0.4033349 -1.7351268
v -0.9401318 0.4033860 -1.8985120
v -0.9504634 0.3972948 -1.9073393
v -1.2124161 0.3962618 -1.7459065
v -1.4065916 0.6811227 -0.4588044
v -1.2023386 0.6924885 -0.6552326
v -1.0970871 0.5702670 -0.5049183
v -1.3444786 0.6143612 -0.3717297
v -1.3012362 0.5261728 -0.3219353
v -1.0567822 0.3686888 -0.4473563
v -1.2735734 0.4268515 -0.3021310
v -1.2499351 0.3105262 -0.3055358
v -1.4568749 0.7038544 -0.5304122
v -1.5091583 0.7021890 -0.6052852
v -1.3098032 0.6889888 -0.8087076
v -1.5691413 0.6757886 -0.6909498
v -1.6208905 0.6132781 -0.7684071
v -1.4098669 0.5760077 -0.9516138
v -1.6512227 0.5374284 -0.8193054
v -1.6355162 0.5773166 -0.7923678
v -1.6639197 0.4415567 -0.8530486
v -1.4493349 0.3822890 -1.0079790
v -1.6548715 0.3230214 -0.8687369
v 0.2866995 0.2827398 1.8830619
v 0.4808291 0.2328574 1.7485802
v 0.3232382 0.2328574 1.8589265
v 0.2328887 0.5159123 1.8754642
v 0.4687356 0.4561920 1.7313087
v 0.2637287 0.3964717 1.8958426
v 0.1921579 0.6070058 1.8198531
v 0.3917151 0.6413266 1.6213118
v 0.1375041 0.6748905 1.7417996
v 0.1639171 0.6420836 1.7795208
v 0.0773482 0.7045585 1.6558881
v 0.2487353 0.6973006 1.4171160
v 0.0138276 0.7026969 1.5651709
v -0.0265346 0.6846465 1.5075276
v -0.0857087 0.6201393 1.4214226
v 0.1202147 0.5734739 1.2335690
v -0.1212041 0.5268085 1.3589481
v -0.1307831 0.4156498 1.3253868
v 0.0782241 0.3618898 1.1736004
v -0.1184163 0.3081298 1.3058510
v -1.0530291 0.2376835 -0.4419958
v -1.2312257 0.2376835 -0.3172206
v -0.1008580 0.2371188 1.2925228
v 0.0751831 0.2371188 1.1692577
v -1.6209040 0.2692911 -0.8967612
v -1.4535236 0.2692911 -1.0139621
v 0.0782241 0.3618898 1.1736004
v 0.4687356 0.4561920 1.7313087
v 0.3917151 0.6413266 1.6213118
v 0.1202147 0.5734739 1.2335690
v 0.0751831 0.2371188 1.1692577
v 0.4808291 0.2328574 1.7485802
v -1.4098669 0.5760077 -0.9516138
v -1.0970871 0.5702670 -0.5049183
v -1.2023386 0.6924885 -0.6552326
v -1.3098032 0.6889888 -0.8087076
v -1.4493349 0.3822890 -1.0079790
v -1.0567822 0.3686888 -0.4473563
v -1.4535236 0.2692911 -1.0139621
v -1.0530291 0.2376835 -0.4419958
v 0.2487353 0.6973006 1.4171160
v -0.4330181 0.2373895 0.7743291
v -0.4950253 0.2373895 0.3549163
v 0.0751831 0.2371188 1.1692577
v -0.1725178 0.2371721 1.1440487
v -0.7855398 0.2373895 0.2764610
v -1.0908445 0.2373612 -0.1601546
v -1.0530291 0.2376835 -0.4419958
v -0.9541506 0.2373895 0.0326133
v -1.2098733 0.2372568 -0.2873648
v -1.1701829 0.2372765 -0.2528968
v -0.1410796 0.2365202 1.2129933
v -0.1229111 0.2360517 1.2640264
v -1.2312257 0.2376835 -0.3172206
v -0.1008580 0.2371188 1.2925228
v 0.4323261 0.2370067 1.9140563
v 0.3476371 0.2342986 1.8869142
v 0.3232382 0.2328574 1.8589265
v 0.4808291 0.2328574 1.7485802
v 0.9071915 0.2482193 1.9417971
v 0.6325823 0.2429808 1.9653026
v -1.6209040 0.2692911 -0.8967612
v -1.6377809 0.2730430 -0.9298663
v -1.6547824 0.2895006 -1.0855512
v -1.4535236 0.2692911 -1.0139621
v -1.6487723 0.3056170 -1.2477265
v -1.6163880 0.3076080 -1.2893865
v -1.5548496 0.3113914 -1.3685521
v -1.4078029 0.3152949 -1.5086080
v -0.9478368 0.2692911 -1.3680478
v -1.3917638 1.0602364 -0.7226926
v -1.3874038 1.0693878 -0.7237532
v -1.4136100 1.0834382 -0.7772579
v -1.4202496 1.0755095 -0.7808460
v -1.4117509 1.1095727 -0.7989857
v -1.4180335 1.1064970 -0.8066215
v -1.3963981 1.1515431 -0.8150282
v -1.4012369 1.1522898 -0.8241548
v -1.3703998 1.1920290 -0.8140060
v -1.3732444 1.1959285 -0.8230412
v -1.3318269 1.2362664 -0.7965377
v -1.3328207 1.2422216 -0.8047740
v -1.1819655 1.3651071 -0.6848868
v -1.1813586 1.3723719 -0.6919888
v -1.1462491 1.3882662 -0.6501700
v -1.1439248 1.3967384 -0.6554905
v -1.1295330 1.3922676 -0.6272324
v -1.1109414 1.4046972 -0.6100884
v -1.1109414 1.4046972 -0.6100884
v -1.1115569 1.3960895 -0.6025142
v -1.0947170 1.3973270 -0.5791108
v -1.0146775 1.4117774 -0.4762833
v -1.0185120 1.4029263 -0.4732034
v -0.8156338 1.4117479 -0.1814752
v -0.8116612 1.4206272 -0.1842919
v -0.6915762 1.4093925 -0.0001044
v -0.6584681 1.4177481 0.0397245
v -0.6584681 1.4177481 0.0397245
v -0.6591284 1.4086661 0.0472020
v -0.6372327 1.4074014 0.0782022
v -0.4603850 1.4062965 0.3201268
v -0.4647421 1.3974402 0.3224132
v -0.3676818 1.3809036 0.4706774
v -0.3624219 1.3895859 0.4696803
v -0.3095914 1.3397552 0.5827898
v -0.3031808 1.3476232 0.5838226
v -0.2210455 1.1821762 0.8487026
v -0.2144363 1.1895165 0.8509591
v -0.1295589 1.0118026 1.1223411
v -0.1223760 1.0177877 1.1271660
v -0.1303794 1.0021238 1.1286954
v -0.1249034 0.9925128 1.1441733
v -0.3990232 1.0162104 0.7442009
v -0.4027590 1.0070773 0.7464743
v -0.7128073 1.0327559 0.2942960
v -0.7736874 1.0265503 0.2143489
v -0.7797279 1.0268704 0.2055577
v -0.7770820 1.0361480 0.2020225
v -0.8163200 1.0382585 0.1441256
v -1.0081606 1.0390996 -0.1317800
v -1.0046616 1.0483887 -0.1337791
v -1.2089377 1.0597258 -0.4439939
v -1.2124329 1.0504245 -0.4420468
v -1.2694425 1.0630286 -0.5374762
v -1.2972502 1.0550950 -0.5729000
v -1.3874038 1.0693878 -0.7237532
v -1.3786694 1.0716165 -0.7231098
v -1.4045180 1.0852883 -0.7761044
v -1.4136100 1.0834382 -0.7772579
v -1.4025574 1.1107188 -0.7976869
v -1.4117509 1.1095727 -0.7989857
v -1.3871786 1.1515585 -0.8136918
v -1.3963981 1.1515431 -0.8150282
v -1.3612761 1.1909537 -0.8128063
v -1.3703998 1.1920290 -0.8140060
v -1.3229241 1.2339992 -0.7956541
v -1.3318269 1.2362664 -0.7965377
v -1.1741396 1.3593689 -0.6855408
v -1.1819655 1.3651071 -0.6848868
v -1.1387197 1.3819036 -0.6512484
v -1.1462491 1.3882662 -0.6501700
v -1.0185120 1.4029263 -0.4732034
v -1.0123079 1.3961690 -0.4761736
v -0.8115871 1.4047530 -0.1875268
v -0.8156338 1.4117479 -0.1814752
v -0.6899323 1.4023720 -0.0097580
v -0.6915762 1.4093925 -0.0001044
v -0.4647421 1.3974402 0.3224132
v -0.4644226 1.3908305 0.3110387
v -0.3684373 1.3747395 0.4577673
v -0.3676818 1.3809036 0.4706774
v -0.3111068 1.3347000 0.5687945
v -0.3095914 1.3397552 0.5827898
v -0.2241919 1.1813662 0.8323786
v -0.2210455 1.1821762 0.8487026
v -0.1888591 1.1161420 0.9390925
v -0.1343847 1.0155827 1.1036182
v -0.1295589 1.0118026 1.1223411
v -0.1352341 1.0061647 1.1099315
v -0.1303794 1.0021238 1.1286954
v -0.1303794 1.0021238 1.1286954
v -0.2168886 1.0103756 0.9930611
v -0.4010299 1.0198718 0.7295040
v -0.3990232 1.0162104 0.7442009
v -0.7025580 1.0355074 0.2972070
v -0.7128073 1.0327559 0.2942960
v -1.0046616 1.0483887 -0.1337791
v -1.0001938 1.0511831 -0.1392291
v -1.2022158 1.0622149 -0.4462254
v -1.2089377 1.0597258 -0.4439939
v -1.2604078 1.0653406 -0.5362106
v -1.2694425 1.0630286 -0.5374762
v -0.7263069 1.2148759 0.1382233
v -0.6843018 1.2129881 0.1976303
v -1.2060137 1.2374233 -0.5832369
v -1.1922124 1.2367668 -0.5620115
v -0.7714352 1.0358473 0.2102358
v -0.7319691 1.2151341 0.1300408
v -0.7648779 1.2166567 0.0814457
v -1.2527754 1.1499775 -0.5752373
v -1.2399639 1.1494464 -0.5555047
v -0.6647666 1.4088835 0.0390907
v -0.8154177 1.0414082 0.1334557
v -0.8163200 1.0382585 0.1441256
v -0.6372327 1.4074014 0.0782022
v -0.6247894 1.3999382 0.0840131
v -1.2928483 1.0643062 -0.5736391
v -1.0947170 1.3973270 -0.5791108
v -1.0869181 1.3907786 -0.5798350
v -1.3029384 1.0554061 -0.5817970
v -1.3079832 1.0651224 -0.5975301
v -1.3079832 1.0651224 -0.5975301
v -1.3039365 1.0676658 -0.6041990
v -1.1295330 1.3922676 -0.6272324
v -1.1271518 1.3846265 -0.6353811
v -1.1173933 1.3951733 -0.6105739
v -0.6247894 1.3999382 0.0840131
v -0.6372327 1.4074014 0.0782022
v -0.6843018 1.2129881 0.1976303
v -0.6724918 1.2087505 0.2006929
v -0.8154177 1.0414082 0.1334557
v -0.8163200 1.0382585 0.1441256
v -0.7648779 1.2166567 0.0814457
v -0.7628692 1.2128653 0.0703705
v -0.6915762 1.4093925 -0.0001044
v -0.6899323 1.4023720 -0.0097580
v -1.0869181 1.3907786 -0.5798350
v -1.0947170 1.3973270 -0.5791108
v -1.1922124 1.2367668 -0.5620115
v -1.1826219 1.2325443 -0.5616313
v -1.2399639 1.1494464 -0.5555047
v -1.2303768 1.1452430 -0.5551222
v -1.2694425 1.0630286 -0.5374762
v -1.2604078 1.0653406 -0.5362106
v -1.3039365 1.0676658 -0.6041990
v -1.3079832 1.0651224 -0.5975301
v -1.2673477 1.1505923 -0.5982736
v -1.2627764 1.1465982 -0.6057149
v -1.2211881 1.2381452 -0.6065729
v -1.2166625 1.2341636 -0.6139820
v -1.1295330 1.3922676 -0.6272324
v -1.1271518 1.3846265 -0.6353811
v -0.2209753 1.0190080 0.9996348
v -0.1442803 1.0150432 1.1093709
v -0.1441129 1.0188417 1.1070133
v -0.1957306 1.1141452 0.9510613
v -0.1352341 1.0061647 1.1099315
v -0.1343847 1.0155827 1.1036182
v -0.1441129 1.0188417 1.1070133
v -0.1442803 1.0150432 1.1093709
v -0.1352341 1.0061647 1.1099315
v -0.1352341 1.0061647 1.1099315
v -0.1442803 1.0150432 1.1093709
v -0.2209753 1.0190080 0.9996348
v -0.2168886 1.0103756 0.9930611
v -0.2168886 1.0103756 0.9930611
v -0.2209753 1.0190080 0.9996348
v -0.1957306 1.1141452 0.9510613
v -0.1888591 1.1161420 0.9390925
v -0.1888591 1.1161420 0.9390925
v -0.1957306 1.1141452 0.9510613
v -1.2981968 1.0645960 -0.5820107
v -1.2581248 1.1502015 -0.5836089
v -1.2673477 1.1505923 -0.5982736
v -1.2114171 1.2376803 -0.5915459
v -1.2211881 1.2381452 -0.6065729
v -0.7797279 1.0268704 0.2055577
v -0.7705690 1.0232626 0.2056193
v -0.7682995 1.0327264 0.2019133
v -0.7770820 1.0361480 0.2020225
v -0.6591284 1.4086661 0.0472020
v -0.6569874 1.4086514 0.0406668
v -0.7233122 1.2114384 0.1299975
v -0.7263069 1.2148759 0.1382233
v -1.1100160 1.3952678 -0.6091062
v -1.1115569 1.3960895 -0.6025142
v -1.1109414 1.4046972 -0.6100884
v -0.7714352 1.0358473 0.2102358
v -0.7682995 1.0327264 0.2019133
v -0.7319691 1.2151341 0.1300408
v -0.7233122 1.2114384 0.1299975
v -1.2527754 1.1499775 -0.5752373
v -1.2060137 1.2374233 -0.5832369
v -1.2027952 1.2337913 -0.5913005
v -1.2493596 1.1468078 -0.5834332
v -0.6647666 1.4088835 0.0390907
v -0.6569874 1.4086514 0.0406668
v -0.7736874 1.0265503 0.2143489
v -0.7705690 1.0232626 0.2056193
v -1.2972502 1.0550950 -0.5729000
v -1.2928483 1.0643062 -0.5736391
v -1.2893632 1.0613265 -0.5818649
v -1.2938300 1.0517707 -0.5814760
v -1.3029384 1.0554061 -0.5817970
v -1.2938300 1.0517707 -0.5814760
v -1.2893632 1.0613265 -0.5818649
v -1.2981968 1.0645960 -0.5820107
v -1.2581248 1.1502015 -0.5836089
v -1.2493596 1.1468078 -0.5834332
v -1.2114171 1.2376803 -0.5915459
v -1.2027952 1.2337913 -0.5913005
v -1.1173933 1.3951733 -0.6105739
v -1.1100160 1.3952678 -0.6091062
v -1.1109414 1.4046972 -0.6100884
v 0.9071915 0.2482193 1.9417971
v 0.8111371 0.2996518 2.0219786
v 0.6878057 0.2978039 2.0203352
v 0.6325823 0.2429808 1.9653026
v 1.0274519 0.3018776 1.9556712
v -1.6794135 0.3341378 -0.9626360
v -1.6864174 0.3406046 -1.0281740
v -1.6547824 0.2895006 -1.0855512
v -1.6733394 0.3280093 -0.9044109
v -1.6377809 0.2730430 -0.9298663
v 0.3476371 0.2342986 1.8869142
v 0.3125823 0.2866966 1.9138008
v 0.2866995 0.2827398 1.8830619
v 0.3232382 0.2328574 1.8589265
v -0.4330181 0.2373895 0.7743291
v -0.1725178 0.2371721 1.1440487
v -0.2058991 0.3029068 1.1684223
v -0.4643855 0.3034851 0.7963639
v -0.8167175 0.3034850 0.2970174
v -0.7855398 0.2373895 0.2764610
v -1.1266297 0.3033142 -0.1367228
v -1.0908445 0.2373612 -0.1601546
v -0.9541506 0.2373895 0.0326133
v -0.9884983 0.3034851 0.0557092
v -1.2286655 0.3104990 -0.2759475
v -1.2098733 0.2372568 -0.2873648
v -1.1701829 0.2372765 -0.2528968
v -1.1974598 0.3028000 -0.2355194
v -0.1410796 0.2365202 1.2129933
v -0.1658642 0.3011732 1.2315036
v -0.1402832 0.3077486 1.2774736
v -0.1229111 0.2360517 1.2640264
v -1.2286655 0.3104990 -0.2759475
v -1.2499351 0.3105262 -0.3055358
v -1.2312257 0.2376835 -0.3172206
v -1.2098733 0.2372568 -0.2873648
v -0.1184163 0.3081298 1.3058510
v -0.1402832 0.3077486 1.2774736
v -0.1229111 0.2360517 1.2640264
v -0.1008580 0.2371188 1.2925228
v -1.1974598 0.3028000 -0.2355194
v -1.1904439 0.3193922 -0.2417894
v -1.2286655 0.3104990 -0.2759475
v -0.1588637 0.3177653 1.2277249
v -0.1658642 0.3011732 1.2315036
v -0.1402832 0.3077486 1.2774736
v -0.2058991 0.3029068 1.1684223
v -0.1792416 0.3155835 1.1895399
v -0.4544273 0.3163944 0.7893042
v -0.4643855 0.3034851 0.7963639
v -0.8075457 0.3162225 0.2903441
v -0.8167175 0.3034850 0.2970174
v -0.9765074 0.3166653 0.0467530
v -0.9884983 0.3034851 0.0557092
v -1.1138918 0.3165908 -0.1466160
v -1.1266297 0.3033142 -0.1367228
v -1.7063213 0.3478694 -1.1212819
v -1.6487723 0.3056170 -1.2477265
v -1.7095778 0.3526100 -1.1912896
v -1.6947957 0.3561551 -1.2572444
v -1.6379171 0.3585222 -1.3332627
v -1.6163880 0.3076080 -1.2893865
v -1.4156653 0.3186681 -1.5254892
v -1.5610441 0.3151256 -1.3868819
v -1.6019245 0.3598966 -1.4032834
v -1.4502363 0.3612823 -1.5510606
v -1.6377809 0.2730430 -0.9298663
v -1.6209040 0.2692911 -0.8967612
v -1.6548715 0.3230214 -0.8687369
v -1.6733394 0.3280093 -0.9044109
v 0.9764282 0.7007013 1.8956578
v 0.9840418 0.6826104 1.9056737
v 0.8231035 0.7609015 1.8977656
v 0.8785801 0.6773441 1.9368563
v 0.8815823 0.6839889 1.9378525
v 0.8306070 0.7611231 1.9017228
v 0.9840252 0.6755610 1.9041434
v 0.9840418 0.6826104 1.9056737
v 0.8815823 0.6839889 1.9378525
v 0.8785801 0.6773441 1.9368563
v 0.9069157 0.7119652 1.9105419
v 0.8815823 0.6839889 1.9378525
v 0.8530823 0.7611282 1.8943425
v 0.8306070 0.7611231 1.9017228
v 0.8562195 0.7567724 1.8689800
v 0.8530823 0.7611282 1.8943425
v 0.9069157 0.7119652 1.9105419
v 0.8896651 0.7298266 1.8713568
v 0.9764282 0.7007013 1.8956578
v 0.9474956 0.7236220 1.8449052
v 0.9434212 0.7567356 1.8272612
v 0.9481629 0.7608172 1.8567841
v 0.8491153 0.7608839 1.8892414
v 0.8562195 0.7567724 1.8689800
v 0.9434212 0.7567356 1.8272612
v 0.8562195 0.7567724 1.8689800
v 0.8896651 0.7298266 1.8713568
v 0.9474956 0.7236220 1.8449052
v 0.5592735 0.2961128 1.9927532
v 0.4441857 0.2941077 1.9566389
v 0.4323261 0.2370067 1.9140563
v 0.3631875 0.2902876 1.9319491
v 0.3125823 0.2866966 1.9138008
v 0.3476371 0.2342986 1.8869142
v -0.0031008 1.0349090 1.2244737
v 0.1642227 1.0268604 1.2891103
v 0.1661313 0.9751575 1.2899751
v 0.4342313 1.0275609 1.2088201
v 0.4356813 0.9754954 1.2102229
v 0.1661313 0.9751575 1.2899751
v 0.4356813 0.9754954 1.2102229
v 0.4031936 1.0329561 1.1631585
v 0.1341027 1.0329810 1.2423723
v -0.0031008 1.0349090 1.2244737
v 0.1661313 0.9751575 1.2899751
v -0.0049935 1.0339323 1.2202764
v -0.0049935 1.0339323 1.2202764
v -1.6218510 0.3115623 -1.3085007
v -1.6417299 0.3589672 -1.3498764
v -1.6417299 0.3589672 -1.3498764
v -1.6061503 0.3992367 -1.4057136
v -1.6019245 0.3598966 -1.4032834
v -1.4537065 0.3972948 -1.5549649
v -1.4502363 0.3612823 -1.5510606
v -1.4489451 0.4033861 -1.5422372
v -1.4537065 0.3972948 -1.5549649
v -1.6061503 0.3992367 -1.4057136
v -1.5689219 0.4034134 -1.4251887
v -1.6032980 0.4034211 -1.3916519
v -1.6417299 0.3589672 -1.3498764
v -1.6379171 0.3585222 -1.3332627
v -1.6379171 0.3585222 -1.3332627
v -1.6417299 0.3589672 -1.3498764
v -1.6218510 0.3115623 -1.3085007
v -1.6163880 0.3076080 -1.2893865
v -1.6163880 0.3076080 -1.2893865
v -1.6218510 0.3115623 -1.3085007
v -1.5610441 0.3151256 -1.3868819
v -1.5548496 0.3113914 -1.3685521
v -1.4156653 0.3186681 -1.5254892
v -1.4078029 0.3152949 -1.5086080
v 0.8491153 0.7608839 1.8892414
v 0.8231035 0.7609015 1.8977656
v 0.8306070 0.7611231 1.9017228
v 0.8530823 0.7611282 1.8943425
v 0.8562195 0.7567724 1.8689800
v 0.9387258 0.7915283 1.8465020
v 0.9479328 0.7667835 1.8581306
v 0.7915925 0.7938819 1.8842688
v 0.9218145 0.8044039 1.8231419
v 0.7598714 0.8066324 1.8770065
v 0.8250516 0.7668910 1.8985336
v 0.7915925 0.7938819 1.8842688
v 0.7851300 0.7887931 1.8798954
v 0.8231035 0.7609015 1.8977656
v 0.8250516 0.7668910 1.8985336
v 0.7461723 0.8053718 1.8751855
v 0.7598714 0.8066324 1.8770065
v 0.9187269 0.8029746 1.8175749
v 0.9218145 0.8044039 1.8231419
v 0.9479328 0.7667835 1.8581306
v 0.9481629 0.7608172 1.8567841
v 0.7461723 0.8053718 1.8751855
v 0.7598714 0.8066324 1.8770065
v 0.8491153 0.7608839 1.8892414
v 0.8250516 0.7668910 1.8985336
v 0.8231035 0.7609015 1.8977656
v 0.5071493 0.3667098 1.9561380
v 0.5624624 0.3675034 1.9746891
v 0.5632254 0.4085807 1.9814423
v 0.4709717 0.4294987 1.9492717
v 0.6715051 0.3695570 2.0009857
v 0.6755236 0.4082428 2.0099247
v 0.5504275 0.4496140 1.9734239
v 0.4640934 0.4565082 1.9437067
v 0.6687161 0.4432644 2.0063231
v 0.7171473 0.3706782 2.0019453
v 0.7142498 0.4058906 2.0109766
v 0.7021749 0.4411127 2.0079102
v 0.5414173 0.4787314 1.9647814
v 0.5579102 0.4751497 1.9894101
v 0.6768925 0.4751762 2.0227529
v 0.6753193 0.4787589 1.9958707
v 0.7495924 0.4752779 2.0261254
v 0.7631464 0.4788648 1.9977003
v 0.7631464 0.4788648 1.9977003
v 0.7495924 0.4752779 2.0261254
v 0.7699290 0.4071573 2.0314705
v 0.7884142 0.4079432 2.0028250
v 0.7762849 0.3388945 2.0124834
v 0.7964181 0.3368734 1.9832296
v 0.7964181 0.3368734 1.9832296
v 0.7762849 0.3388945 2.0124834
v 0.6803542 0.3396769 2.0121037
v 0.6777421 0.3376880 1.9860583
v 0.5733225 0.3403790 1.9884231
v 0.5550918 0.3384190 1.9655057
v 0.5386574 0.3614380 1.9805183
v 0.5071493 0.3667098 1.9561380
v 0.4640934 0.4565082 1.9437067
v 0.4825331 0.4633921 1.9645321
v 0.4797386 0.4730845 1.9626154
v 0.4589812 0.4765813 1.9395700
v 0.4589812 0.4765813 1.9395700
v 0.4797386 0.4730845 1.9626154
v 1.0195640 0.4792328 1.9345363
v 1.0249052 0.4692191 1.9425325
v 1.0143416 0.3446984 1.9269154
v 1.0080199 0.3351308 1.9168003
v 0.8103592 0.3464274 1.9907696
v 0.7964181 0.3368734 1.9832296
v 0.8029691 0.4103490 2.0076008
v 0.7884142 0.4079432 2.0028250
v 0.7818650 0.4688838 2.0025338
v 0.7631464 0.4788648 1.9977003
v 0.7631464 0.4788648 1.9977003
v 0.7818650 0.4688838 2.0025338
v 0.8103592 0.3464274 1.9907696
v 0.7855891 0.3464274 1.9553940
v 0.7781990 0.4103490 1.9722256
v 0.8029691 0.4103490 2.0076008
v 0.7570949 0.4688838 1.9671582
v 0.7818650 0.4688838 2.0025338
v 1.0191785 0.3680612 1.9336508
v 0.8075933 0.3703534 1.9970694
v 0.8103592 0.3464274 1.9907696
v 1.0143416 0.3446984 1.9269154
v 0.8001428 0.4181879 2.0069222
v 1.0269586 0.4155300 1.9446061
v 1.0264110 0.4298524 1.9440532
v 0.7952436 0.4317775 2.0057461
v 0.8057353 0.3864230 2.0013009
v 1.0224410 0.3838190 1.9381937
v 1.0256470 0.3993030 1.9426576
v 0.8038982 0.4023143 2.0054853
v 0.7895910 0.4474553 2.0043890
v 1.0257724 0.4465485 1.9434083
v 1.0249052 0.4692191 1.9425325
v 0.7818650 0.4688838 2.0025338
v 1.0256470 0.3993030 1.9426576
v 1.0029496 0.4074165 1.9102796
v 0.7786672 0.4102511 1.9728517
v 0.8038982 0.4023143 2.0054853
v 1.0191785 0.3680612 1.9336508
v 0.9974565 0.3759401 1.9025697
v 0.7833112 0.3783882 1.9658334
v 0.8075933 0.3703534 1.9970694
v 1.0264110 0.4298524 1.9440532
v 1.0027383 0.4382005 1.9103783
v 0.7690637 0.4396164 1.9717155
v 0.7952436 0.4317775 2.0057461
v 0.8001428 0.4181879 2.0069222
v 0.7786672 0.4102511 1.9728517
v 1.0029496 0.4074165 1.9102796
v 1.0269586 0.4155300 1.9446061
v 0.8057353 0.3864230 2.0013009
v 0.7833112 0.3783882 1.9658334
v 0.9974565 0.3759401 1.9025697
v 1.0224410 0.3838190 1.9381937
v 0.7895910 0.4474553 2.0043890
v 0.7690637 0.4396164 1.9717155
v 1.0027383 0.4382005 1.9103783
v 1.0257724 0.4465485 1.9434083
v 0.4825331 0.4633921 1.9645321
v 0.5615743 0.4594077 1.9920732
v 0.5579102 0.4751497 1.9894101
v 0.4797386 0.4730845 1.9626154
v 0.6798311 0.4530547 2.0248882
v 0.6768925 0.4751762 2.0227529
v 0.7203401 0.4504356 2.0266437
v 0.7351385 0.4072688 2.0305687
v 0.7699290 0.4071573 2.0314705
v 0.7495924 0.4752779 2.0261254
v 0.7391465 0.3635841 2.0188771
v 0.7762849 0.3388945 2.0124834
v 0.5734089 0.3617651 1.9923548
v 0.5733225 0.3403790 1.9884231
v 0.6803542 0.3396769 2.0121037
v 0.6822518 0.3628886 2.0179926
v 0.5386574 0.3614380 1.9805183
v 0.4825331 0.4633921 1.9645321
v 0.4640934 0.4565082 1.9437067
v 0.5504275 0.4496140 1.9734239
v 0.5615743 0.4594077 1.9920732
v 0.6687161 0.4432644 2.0063231
v 0.6798311 0.4530547 2.0248882
v 0.7021749 0.4411127 2.0079102
v 0.7203401 0.4504356 2.0266437
v 0.7203401 0.4504356 2.0266437
v 0.7021749 0.4411127 2.0079102
v 0.7142498 0.4058906 2.0109766
v 0.7351385 0.4072688 2.0305687
v 0.7171473 0.3706782 2.0019453
v 0.7391465 0.3635841 2.0188771
v 0.7391465 0.3635841 2.0188771
v 0.7171473 0.3706782 2.0019453
v 0.6715051 0.3695570 2.0009857
v 0.6822518 0.3628886 2.0179926
v 0.5624624 0.3675034 1.9746891
v 0.5734089 0.3617651 1.9923548
v 0.5071493 0.3667098 1.9561380
v 0.5386574 0.3614380 1.9805183
v -0.6584681 1.4177481 0.0397245
v -0.6584681 1.4177481 0.0397245
v -1.1742580 0.3173232 -1.6914114
v -0.8471162 0.3169229 -1.9054571
v -0.8636327 0.3606695 -1.9434252
v -0.8636327 0.3606695 -1.9434252
v -0.7662980 0.3119407 -1.9259212
v -0.7753121 0.3155095 -1.9410474
v -0.8358014 0.3134322 -1.8914282
v -0.8060553 0.3602512 -1.9711953
v -0.7753121 0.3155095 -1.9410474
v -0.7662980 0.3119407 -1.9259212
v -0.7651955 0.3602512 -1.9128412
v -0.8636327 0.3606695 -1.9434252
v -0.8060553 0.3602512 -1.9711953
v -0.7651955 0.3602512 -1.9128412
v -0.8227729 0.3606695 -1.8850711
v -0.8471162 0.3169229 -1.9054571
v -0.8636327 0.3606695 -1.9434252
v -0.8227729 0.3606695 -1.8850711
v -0.8358009 0.3134322 -1.8914277
v -0.8227729 0.3606695 -1.8850711
v -0.7651955 0.3602512 -1.9128412
v -0.6027084 0.2692911 -1.6097092
v -0.7651955 0.3602512 -1.9128412
v -0.7662980 0.3119407 -1.9259212
v -0.6027084 0.2692911 -1.6097092
v -0.8358009 0.3134322 -1.8914277
v -0.8227729 0.3606695 -1.8850711
v -0.6027084 0.2692911 -1.6097092
v -0.6847292 0.3287791 -1.6865538
v -0.6797527 0.3474768 -1.6900389
v -0.8701342 0.3474768 -1.9619315
v -0.8710196 0.3287791 -1.9526047
v -0.6667242 0.3590326 -1.6991617
v -0.8596341 0.3590326 -1.9746655
v -0.6667242 0.3590326 -1.6991617
v -0.6506197 0.3590326 -1.7104380
v -0.8435296 0.3590326 -1.9859418
v -0.8596341 0.3590326 -1.9746655
v -0.6375907 0.3474768 -1.7195608
v -0.8279722 0.3474768 -1.9914539
v -0.6326143 0.3287791 -1.7230454
v -0.8189048 0.3287791 -1.9890958
v -0.6375907 0.3100815 -1.7195608
v -0.8197907 0.3100814 -1.9797690
v -0.6506197 0.2985257 -1.7104380
v -0.8302908 0.2985256 -1.9670355
v -0.6667242 0.2985257 -1.6991617
v -0.8463953 0.2985256 -1.9557587
v -0.6797527 0.3100815 -1.6900389
v -0.8619527 0.3100814 -1.9502472
v -0.8710196 0.3287791 -1.9526047
v -0.8701342 0.3474768 -1.9619315
v -0.8670292 0.3451705 -1.9630317
v -0.8678060 0.3287791 -1.9548550
v -0.8596341 0.3590326 -1.9746655
v -0.8578237 0.3553010 -1.9741944
v -0.8435296 0.3590326 -1.9859418
v -0.8437062 0.3553010 -1.9840794
v -0.8279722 0.3474768 -1.9914539
v -0.8300680 0.3451705 -1.9889120
v -0.8189048 0.3287791 -1.9890958
v -0.8221189 0.3287791 -1.9868456
v -0.8197907 0.3100814 -1.9797690
v -0.8228952 0.3123876 -1.9786689
v -0.8302908 0.2985256 -1.9670355
v -0.8321007 0.3022571 -1.9675057
v -0.8463953 0.2985256 -1.9557587
v -0.8462187 0.3022571 -1.9576202
v -0.8463953 0.2985256 -1.9557587
v -0.8619527 0.3100814 -1.9502472
v -0.8598564 0.3123876 -1.9527881
v -0.8462187 0.3022571 -1.9576202
v -0.8678060 0.3287791 -1.9548550
v -0.8670292 0.3451705 -1.9630317
v -0.6906541 0.3287791 -1.7504753
v -0.8578237 0.3553010 -1.9741944
v -0.8437062 0.3553010 -1.9840794
v -0.8300680 0.3451705 -1.9889120
v -0.8221189 0.3287791 -1.9868456
v -0.8228952 0.3123876 -1.9786689
v -0.8321007 0.3022571 -1.9675057
v -0.8462187 0.3022571 -1.9576202
v -0.8462187 0.3022571 -1.9576202
v -0.8598564 0.3123876 -1.9527881
v 0.6792667 0.9193381 0.5567487
v 0.7107558 0.9926993 0.5586963
v 0.5766582 1.0687972 0.4306627
v 0.5342009 0.9698843 0.4280366
v 0.7107558 0.9926993 0.5586963
v 0.7706465 1.0380390 0.5315917
v 0.6574082 1.1299287 0.3941172
v 0.5766582 1.0687972 0.4306627
v 0.7706465 1.0380390 0.5315917
v 0.8360618 1.0380390 0.4857872
v 0.7456078 1.1299287 0.3323589
v 0.6574082 1.1299287 0.3941172
v 0.8360618 1.0380390 0.4857872
v 0.8820159 0.9926993 0.4387787
v 0.8075678 1.0687972 0.2689783
v 0.7456078 1.1299287 0.3323589
v 0.8820159 0.9926993 0.4387787
v 0.8909558 0.9193381 0.4085225
v 0.8196213 0.9698843 0.2281835
v 0.8075678 1.0687972 0.2689783
v 0.5342009 0.9698843 0.4280366
v 0.5766582 1.0687972 0.4306627
v 0.6769110 0.9698843 0.3281100
v 0.6574082 1.1299287 0.3941172
v 0.7456078 1.1299287 0.3323589
v 0.8075678 1.0687972 0.2689783
v 0.8196213 0.9698843 0.2281835
v 0.7107558 0.9926993 0.5586963
v 0.6792667 0.9193381 0.5567487
v 0.7851110 0.9193381 0.4826356
v 0.8909558 0.9193381 0.4085225
v 0.8820159 0.9926993 0.4387787
v 0.8360618 1.0380390 0.4857872
v 0.7706465 1.0380390 0.5315917
v 0.6297978 1.1648154 0.2584791
v 0.6174943 1.1497957 0.2409078
v 0.5597894 1.1401363 0.2758147
v 0.5660833 1.1541503 0.2970213
v 0.6174943 1.1497957 0.2409078
v 0.6311070 1.1387288 0.2603487
v 0.5734016 1.1290695 0.2952556
v 0.5597894 1.1401363 0.2758147
v 0.6311070 1.1387288 0.2603487
v 0.6297978 1.1648154 0.2584791
v 0.5660833 1.1541503 0.2970213
v 0.5734016 1.1290695 0.2952556
v 0.5025657 1.1121040 0.2999255
v 0.5029004 1.1231985 0.3236432
v 0.5161784 1.1010373 0.3193665
v 0.5025657 1.1121040 0.2999255
v 0.5029004 1.1231985 0.3236432
v 0.5161784 1.1010373 0.3193665
v 0.4514254 1.0684425 0.3108799
v 0.4464340 1.0749901 0.3357386
v 0.4650378 1.0573758 0.3303208
v 0.4514254 1.0684425 0.3108799
v 0.4464340 1.0749901 0.3357386
v 0.4650378 1.0573758 0.3303208
v 0.4113738 1.0134260 0.3076060
v 0.4022114 1.0142439 0.3321231
v 0.4249863 1.0023592 0.3270465
v 0.4113738 1.0134260 0.3076060
v 0.4022114 1.0142439 0.3321231
v 0.4249863 1.0023592 0.3270465
v 0.3863318 0.9524397 0.2904235
v 0.3745615 0.9469063 0.3131513
v 0.3999443 0.9413729 0.3098645
v 0.3863318 0.9524397 0.2904235
v 0.3745615 0.9469063 0.3131513
v 0.3999443 0.9413729 0.3098645
v 0.7684689 0.9469063 0.0373347
v 0.7430861 0.9524397 0.0406215
v 0.7506673 1.0134260 0.0700303
v 0.7768400 1.0142440 0.0698056
v 0.7430861 0.9524397 0.0406215
v 0.7566986 0.9413730 0.0600625
v 0.7642797 1.0023593 0.0894708
v 0.7506673 1.0134260 0.0700303
v 0.7566986 0.9413730 0.0600625
v 0.7684689 0.9469063 0.0373347
v 0.7768400 1.0142440 0.0698056
v 0.7642797 1.0023593 0.0894708
v 0.7400455 1.0684426 0.1087861
v 0.7651118 1.0749902 0.1125975
v 0.7536582 1.0573759 0.1282271
v 0.7400455 1.0684426 0.1087861
v 0.7651118 1.0749902 0.1125975
v 0.7536582 1.0573759 0.1282271
v 0.7122606 1.1121040 0.1530958
v 0.7344333 1.1231987 0.1615218
v 0.7258731 1.1010373 0.1725363
v 0.7122606 1.1121040 0.1530958
v 0.7344333 1.1231987 0.1615218
v 0.7258731 1.1010373 0.1725363
v 0.6700322 1.1401365 0.1986221
v 0.6878071 1.1541504 0.2117892
v 0.6836449 1.1290696 0.2180626
v 0.6700322 1.1401365 0.1986221
v 0.6878071 1.1541504 0.2117892
v 0.6836449 1.1290696 0.2180626
v 0.2458205 1.1664516 -0.5463791
v 0.0065855 1.1664516 -0.3788649
v -0.0740585 0.8786534 -0.2604474
v 0.3846783 0.8786534 -0.5816580
v -0.1501976 0.8552469 -0.3691859
v -0.0695536 1.1430450 -0.4876034
v 0.1696809 1.1430450 -0.6551171
v 0.3085389 0.8552469 -0.6903964
v -0.0740585 0.8786534 -0.2604474
v 0.0065855 1.1664516 -0.3788649
v -0.0695536 1.1430450 -0.4876034
v -0.1501976 0.8552469 -0.3691859
v 0.0624728 1.2132095 -0.4280626
v 0.1804750 1.2132094 -0.5106883
v 0.1043359 1.1898029 -0.6194267
v -0.0136664 1.1898029 -0.5368011
v 0.2458205 1.1664516 -0.5463791
v 0.3846783 0.8786534 -0.5816580
v 0.3085389 0.8552469 -0.6903964
v 0.1696809 1.1430450 -0.6551171
v 0.0065855 1.1664516 -0.3788649
v 0.0624728 1.2132095 -0.4280626
v -0.0136664 1.1898029 -0.5368011
v -0.0695536 1.1430450 -0.4876034
v 0.1804750 1.2132094 -0.5106883
v 0.2458205 1.1664516 -0.5463791
v 0.1696809 1.1430450 -0.6551171
v 0.1043359 1.1898029 -0.6194267
v 0.1804750 1.2132094 -0.5106883
v 0.0624728 1.2132095 -0.4280626
v -0.0136664 1.1898029 -0.5368011
v 0.1043359 1.1898029 -0.6194267
v -0.0326246 0.8438609 -1.3810609
v -0.1714826 1.1316590 -1.3457815
v -1.1924419 1.1316591 -0.6308984
v -1.2730854 0.8438610 -0.5124804
v -0.1714826 1.1316590 -1.3457815
v -0.0326246 0.8438609 -1.3810609
v -0.1087637 0.8204544 -1.4897989
v -0.2476218 1.1082525 -1.4545200
v -0.2368276 1.1784170 -1.3100912
v -0.1714826 1.1316590 -1.3457815
v -0.2476218 1.1082525 -1.4545200
v -0.3129672 1.1550104 -1.4188297
v -0.2368276 1.1784170 -1.3100912
v -1.1365542 1.1784170 -0.6800961
v -0.2368276 1.1784170 -1.3100912
v -0.3129672 1.1550104 -1.4188297
v -1.2126938 1.1550106 -0.7888341
v -1.1365542 1.1784170 -0.6800961
v -0.2476218 1.1082525 -1.4545200
v -1.2685811 1.1082527 -0.7396364
v -1.2126938 1.1550106 -0.7888341
v -0.3129672 1.1550104 -1.4188297
v -0.2058818 0.8786534 -0.1681431
v -0.3447403 1.1664516 -0.1328642
v -0.5839749 1.1664516 0.0346499
v -0.6646183 0.8786535 0.1530675
v -0.6601140 1.1430450 -0.0740886
v -0.4208794 1.1430450 -0.2416027
v -0.2820214 0.8552469 -0.2768816
v -0.7407579 0.8552470 0.0443290
v -0.2058818 0.8786534 -0.1681431
v -0.2820214 0.8552469 -0.2768816
v -0.4208794 1.1430450 -0.2416027
v -0.3447403 1.1664516 -0.1328642
v -0.4100853 1.2132095 -0.0971739
v -0.4862244 1.1898029 -0.2059119
v -0.6042267 1.1898031 -0.1232862
v -0.5280871 1.2132095 -0.0145477
v -0.5839749 1.1664516 0.0346499
v -0.6601140 1.1430450 -0.0740886
v -0.7407579 0.8552470 0.0443290
v -0.6646183 0.8786535 0.1530675
v -0.3447403 1.1664516 -0.1328642
v -0.4208794 1.1430450 -0.2416027
v -0.4862244 1.1898029 -0.2059119
v -0.4100853 1.2132095 -0.0971739
v -0.5280871 1.2132095 -0.0145477
v -0.6042267 1.1898031 -0.1232862
v -0.6601140 1.1430450 -0.0740886
v -0.5839749 1.1664516 0.0346499
v -0.4100853 1.2132095 -0.0971739
v -0.5280871 1.2132095 -0.0145477
v -0.6042267 1.1898031 -0.1232862
v -0.4862244 1.1898029 -0.2059119
v -1.3492250 0.8204545 -0.6212189
v -0.1087637 0.8204544 -1.4897989
v -1.1924419 1.1316591 -0.6308984
v -1.2685811 1.1082527 -0.7396364
v -1.3492250 0.8204545 -0.6212189
v -1.2730854 0.8438610 -0.5124804
v -1.1365542 1.1784170 -0.6800961
v -1.2126938 1.1550106 -0.7888341
v -1.2685811 1.1082527 -0.7396364
v -1.1924419 1.1316591 -0.6308984
v 0.2768544 1.2843482 0.1659925
v 0.2633938 1.3620469 0.1754175
v 0.0892188 1.3620469 0.2973764
v 0.0757577 1.2843482 0.3068019
v 0.2629606 1.2843482 0.1461497
v 0.0618640 1.2843482 0.2869591
v 0.0753246 1.3620469 0.2775337
v 0.2494995 1.3620469 0.1555752
v 0.2768544 1.2843482 0.1659925
v 0.0757577 1.2843482 0.3068019
v 0.0618640 1.2843482 0.2869591
v 0.2629606 1.2843482 0.1461497
v 0.0757577 1.2843482 0.3068019
v 0.0892188 1.3620469 0.2973764
v 0.0753246 1.3620469 0.2775337
v 0.0618640 1.2843482 0.2869591
v 0.0892188 1.3620469 0.2973764
v 0.2633938 1.3620469 0.1754175
v 0.2494995 1.3620469 0.1555752
v 0.0753246 1.3620469 0.2775337
v 0.2633938 1.3620469 0.1754175
v 0.2768544 1.2843482 0.1659925
v 0.2629606 1.2843482 0.1461497
v 0.2494995 1.3620469 0.1555752
v 0.1958298 1.3612092 0.2376595
v 0.1963288 1.4069958 0.2383727
v 0.1713142 1.4069958 0.2558882
v 0.1708152 1.3612092 0.2551750
v 0.1819356 1.3462236 0.2178167
v 0.1569209 1.3462236 0.2353322
v 0.1647737 1.4069958 0.2465469
v 0.1897883 1.4069958 0.2290319
v 0.1958298 1.3612092 0.2376595
v 0.1708152 1.3612092 0.2551750
v 0.1569209 1.3462236 0.2353322
v 0.1819356 1.3462236 0.2178167
v 0.1708152 1.3612092 0.2551750
v 0.1713142 1.4069958 0.2558882
v 0.1647737 1.4069958 0.2465469
v 0.1569209 1.3462236 0.2353322
v 0.1713142 1.4069958 0.2558882
v 0.1963288 1.4069958 0.2383727
v 0.1897883 1.4069958 0.2290319
v 0.1647737 1.4069958 0.2465469
v 0.1963288 1.4069958 0.2383727
v 0.1958298 1.3612092 0.2376595
v 0.1819356 1.3462236 0.2178167
v 0.1897883 1.4069958 0.2290319
v 0.5257656 1.0626841 1.0251177
v 0.6978861 1.0671781 0.9129475
v 0.6993082 1.0654201 0.9150086
v 0.5271877 1.0609262 1.0271788
v 0.7056951 1.0717603 0.9232113
v 0.6997625 1.0790936 0.9146126
v 0.5276419 1.0745997 1.0267827
v 0.5335746 1.0672664 1.0353814
v 0.6993082 1.0654201 0.9150086
v 0.7056951 1.0717603 0.9232113
v 0.5335746 1.0672664 1.0353814
v 0.5271877 1.0609262 1.0271788
v 0.9912652 1.0417734 0.6891462
v 0.9898431 1.0435311 0.6870850
v 0.9917192 1.0554468 0.6887501
v 0.9976519 1.0481136 0.6973488
v 0.7498947 1.0678016 0.8796711
v 0.7517708 1.0797173 0.8813366
v 0.9917192 1.0554468 0.6887501
v 0.9898431 1.0435311 0.6870850
v 0.5257656 1.0626841 1.0251177
v 0.5271877 1.0609262 1.0271788
v 0.5335746 1.0672664 1.0353814
v 0.5276419 1.0745997 1.0267827
v 0.9898431 1.0435311 0.6870850
v 0.9912652 1.0417734 0.6891462
v 0.7513167 1.0660438 0.8817327
v 0.7498947 1.0678016 0.8796711
v 0.9976519 1.0481136 0.6973488
v 0.9917192 1.0554468 0.6887501
v 0.7517708 1.0797173 0.8813366
v 0.7577034 1.0723840 0.8899353
v 0.9912652 1.0417734 0.6891462
v 0.9976519 1.0481136 0.6973488
v 0.7577034 1.0723840 0.8899353
v 0.7513167 1.0660438 0.8817327
v 0.5257656 1.0626841 1.0251177
v 0.5276419 1.0745997 1.0267827
v 0.6997625 1.0790936 0.9146126
v 0.6978861 1.0671781 0.9129475
v 0.7113578 1.0842717 0.9299741
v 0.7633664 1.0848952 0.8966981
v 0.7574337 1.0922285 0.8880994
v 0.7054252 1.0916050 0.9213754
v 0.6997625 1.0790936 0.9146126
v 0.7056951 1.0717603 0.9232113
v 0.7113578 1.0842717 0.9299741
v 0.7054252 1.0916050 0.9213754
v 0.7633664 1.0848952 0.8966981
v 0.7113578 1.0842717 0.9299741
v 1.1492942 0.9949321 0.6321203
v 1.1315503 1.0168648 0.6064021
v 1.1372135 1.0293762 0.6131654
v 1.1549571 1.0074434 0.6388831
v 0.7517708 1.0797173 0.8813366
v 0.6997625 1.0790936 0.9146126
v 0.7054252 1.0916050 0.9213754
v 0.7574337 1.0922285 0.8880994
v 0.7577034 1.0723840 0.8899353
v 0.7517708 1.0797173 0.8813366
v 1.1315503 1.0168648 0.6064021
v 1.1492942 0.9949321 0.6321203
v 0.7517708 1.0797173 0.8813366
v 0.7574337 1.0922285 0.8880994
v 1.1372135 1.0293762 0.6131654
v 1.1315503 1.0168648 0.6064021
v 0.7574337 1.0922285 0.8880994
v 0.7633664 1.0848952 0.8966981
v 1.1549571 1.0074434 0.6388831
v 1.1372135 1.0293762 0.6131654
v 0.7633664 1.0848952 0.8966981
v 0.7577034 1.0723840 0.8899353
v 1.1492942 0.9949321 0.6321203
v 1.1549571 1.0074434 0.6388831
v 0.0188680 1.0632115 1.1912271
v 0.2194498 1.0754234 1.1338350
v 0.2203829 1.0736664 1.1361593
v 0.0200110 1.0614543 1.1934562
v 0.2245643 1.0800190 1.1456690
v 0.2206707 1.0873489 1.1359726
v 0.0202800 1.0751367 1.1932439
v 0.0250466 1.0678068 1.2025428
v 0.2203829 1.0736664 1.1361593
v 0.2245643 1.0800190 1.1456690
v 0.0250466 1.0678068 1.2025428
v 0.0200110 1.0614543 1.1934562
v 0.5035256 1.0675881 1.0241061
v 0.5023829 1.0693450 1.0218775
v 0.5037948 1.0812704 1.0238939
v 0.5085615 1.0739404 1.0331928
v 0.2781951 1.0772332 1.1125903
v 0.2794160 1.0891587 1.1147280
v 0.5037948 1.0812704 1.0238939
v 0.5023829 1.0693450 1.0218775
v 0.0188680 1.0632115 1.1912271
v 0.0200110 1.0614543 1.1934562
v 0.0250466 1.0678068 1.2025428
v 0.0202800 1.0751367 1.1932439
v 0.5023829 1.0693450 1.0218775
v 0.5035256 1.0675881 1.0241061
v 0.2791282 1.0754763 1.1149147
v 0.2781951 1.0772332 1.1125903
v 0.5085615 1.0739404 1.0331928
v 0.5037948 1.0812704 1.0238939
v 0.2794160 1.0891587 1.1147280
v 0.2833097 1.0818288 1.1244244
v 0.5035256 1.0675881 1.0241061
v 0.5085615 1.0739404 1.0331928
v 0.2833097 1.0818288 1.1244244
v 0.2791282 1.0754763 1.1149147
v 0.0188680 1.0632115 1.1912271
v 0.0202800 1.0751367 1.1932439
v 0.2206707 1.0873489 1.1359726
v 0.2194498 1.0754234 1.1338350
v 0.2282665 1.0925453 1.1536513
v 0.2870118 1.0943551 1.1324067
v 0.2831181 1.1016850 1.1227102
v 0.2243728 1.0998752 1.1439549
v 0.2206707 1.0873489 1.1359726
v 0.2245643 1.0800190 1.1456690
v 0.2282665 1.0925453 1.1536513
v 0.2243728 1.0998752 1.1439549
v 0.2870118 1.0943551 1.1324067
v 0.2282665 1.0925453 1.1536513
v 0.7393395 1.0016692 1.0325345
v 0.7354449 1.0235919 0.9974683
v 0.7398638 1.0361182 1.0050776
v 0.7437584 1.0141955 1.0401438
v 0.2794160 1.0891587 1.1147280
v 0.2206707 1.0873489 1.1359726
v 0.2243728 1.0998752 1.1439549
v 0.2831181 1.1016850 1.1227102
v 0.2833097 1.0818288 1.1244244
v 0.2794160 1.0891587 1.1147280
v 0.7354449 1.0235919 0.9974683
v 0.7393395 1.0016692 1.0325345
v 0.7398638 1.0361182 1.0050776
v 0.7354449 1.0235919 0.9974683
v 0.2831181 1.1016850 1.1227102
v 0.2870118 1.0943551 1.1324067
v 0.7437584 1.0141955 1.0401438
v 0.7398638 1.0361182 1.0050776
v 0.2870118 1.0943551 1.1324067
v 0.2833097 1.0818288 1.1244244
v 0.7393395 1.0016692 1.0325345
v 0.7437584 1.0141955 1.0401438
v -0.8248884 1.1186102 -1.7771213
v -0.9294147 1.1087567 -1.7116984
v -0.9239218 1.1184672 -1.7045376
v -0.8203412 1.1282088 -1.7711781
v -0.8130977 1.1250862 -1.7627844
v -0.8176444 1.1154880 -1.7687267
v -0.8248884 1.1186102 -1.7771213
v -0.8203412 1.1282088 -1.7711781
v -0.8176444 1.1154880 -1.7687267
v -0.9221706 1.1056343 -1.7033037
v -0.9294147 1.1087567 -1.7116984
v -0.8248884 1.1186102 -1.7771213
v -1.1241797 1.0390667 -1.6139749
v -1.1255262 1.0508071 -1.6082058
v -1.1327702 1.0539293 -1.6166000
v -1.1314242 1.0421890 -1.6223700
v -0.9166778 1.1153450 -1.6961429
v -0.8130977 1.1250862 -1.7627844
v -0.8203412 1.1282088 -1.7711781
v -0.9239218 1.1184672 -1.7045376
v -0.9221706 1.1056343 -1.7033037
v -0.9166778 1.1153450 -1.6961429
v -1.0726144 1.0726447 -1.6332349
v -1.0735027 1.0513186 -1.6446296
v -1.0798589 1.0757669 -1.6416296
v -1.0726144 1.0726447 -1.6332349
v -1.0807473 1.0544409 -1.6530242
v -1.0798589 1.0757669 -1.6416296
v -1.0735027 1.0513186 -1.6446296
v -1.0807473 1.0544409 -1.6530242
v -1.1255262 1.0508071 -1.6082058
v -1.1207413 1.0590706 -1.6095066
v -1.1279858 1.0621927 -1.6179018
v -1.1327702 1.0539293 -1.6166000
v -1.1314242 1.0421890 -1.6223700
v -1.1260854 1.0375597 -1.6312002
v -1.1188418 1.0344375 -1.6228065
v -1.1241797 1.0390667 -1.6139749
v -1.1207413 1.0590706 -1.6095066
v -1.1255262 1.0508071 -1.6082058
v -1.1241797 1.0390667 -1.6139749
v -1.1188418 1.0344375 -1.6228065
v -1.1314242 1.0421890 -1.6223700
v -1.1327702 1.0539293 -1.6166000
v -1.1279858 1.0621927 -1.6179018
v -1.1260854 1.0375597 -1.6312002
v -1.1279858 1.0621927 -1.6179018
v -1.1207413 1.0590706 -1.6095066
v -1.1188418 1.0344375 -1.6228065
v -1.1260854 1.0375597 -1.6312002
v 0.6419873 1.3324780 -0.0196315
v 0.5655195 1.3814119 -0.0758735
v 0.6544258 1.3347000 -0.1072784
v 0.9605809 1.1161418 0.1342463
v 1.0447821 1.0260482 0.3244113
v 0.8410339 1.1902913 0.1407016
v 0.8723868 1.1813662 0.0645457
v 0.9605809 1.1161418 0.1342463
v 1.0208816 1.0103755 0.1263656
v 1.0447821 1.0260482 0.3244113
v 0.4321242 1.2087503 -0.5727676
v 0.3255756 1.2137428 -0.5968915
v 0.4003981 1.0282501 -0.6068294
v 0.5331011 1.0355071 -0.5680106
v 0.3061659 1.3999382 -0.5678489
v 0.2223429 1.3811913 -0.5775612
v -0.1453540 1.2249082 -1.3294946
v -0.2045074 1.3883652 -1.2432207
v -0.1980252 1.3846265 -1.2859621
v -0.1473025 1.2341634 -1.3627557
v -0.1172551 1.0647668 -1.3803756
v -0.1299732 1.1465317 -1.3597407
v -0.1237624 1.1465980 -1.4032612
v -0.1082604 1.0676657 -1.4414208
v -0.4561853 1.2021777 -1.6465771
v -0.4713528 1.0391841 -1.7760222
v -0.2563490 1.1107187 -1.6002712
v -0.2766484 1.1515579 -1.5912933
v -0.4549100 1.3761973 -1.5047696
v -0.2846754 1.1909535 -1.5666502
v 0.2403301 1.4023720 -0.6611349
v 0.0945760 1.3805521 -0.5035809
v 0.1148908 1.4047530 -0.8362530
v 0.4646514 1.3908308 -0.3395062
v 0.4439044 1.3803883 -0.0017228
v 0.3061659 1.3999382 -0.5678489
v 0.5697024 1.3747395 -0.1991255
v -0.2816749 1.2339990 -1.5247447
v 0.2223429 1.3811913 -0.5775612
v -0.1987263 1.3805523 -0.2982080
v -0.7941207 1.3799715 -1.1485189
v -0.5016562 1.3799713 -1.3533047
v 0.1519950 1.3803886 0.2026741
v 0.5461132 1.4090064 0.0149342
v 0.3946016 1.4132447 0.1564780
v 0.4439044 1.3803883 -0.0017228
v -0.9940840 1.3749722 -1.4340959
v -0.7929108 1.3749672 -1.5539985
v 0.2126874 1.4139078 0.2893523
v 0.1519950 1.3803886 0.2026741
v -0.6260406 1.3749077 -1.6224918
v 0.0053963 1.0622146 -1.2918043
v -0.5857386 1.0361207 -0.8509182
v 0.2247828 1.0511831 -0.9969668
v 0.4003981 1.0282501 -0.6068294
v 0.4178258 1.0414080 -0.7300704
v 0.5331011 1.0355071 -0.5680106
v 0.2316558 0.9869671 0.3164420
v 0.8361987 1.0198718 -0.1368133
v -0.0592595 1.0653402 -1.3772635
v 1.0208816 1.0103755 0.1263656
v 1.0447821 1.0260482 0.3244113
v -0.1082604 1.0676657 -1.4414208
v -0.5857386 1.0361207 -0.8509182
v -0.1172551 1.0647668 -1.3803756
v -0.6439777 1.0567189 -1.8704045
v -0.8559243 1.0567967 -1.7704351
v -0.4713528 1.0391841 -1.7760222
v 0.3255756 1.2137428 -0.5968915
v 0.3405723 1.2128652 -0.7022675
v 0.4178258 1.0414080 -0.7300704
v 0.4003981 1.0282501 -0.6068294
v 0.2223429 1.3811913 -0.5775612
v 0.2403301 1.4023720 -0.6611349
v 0.6840176 1.3543450 -0.0028427
v 0.6008349 1.4027637 -0.0752046
v 0.5655195 1.3814119 -0.0758735
v 0.6419873 1.3324780 -0.0196315
v 1.0447821 1.0260482 0.3244113
v 1.1619218 1.0339323 0.4031938
v 0.9191944 1.1987395 0.1977530
v 0.8410339 1.1902913 0.1407016
v -0.5197372 1.0565376 -1.8773001
v -0.5453798 1.0566038 -1.8889190
v -0.4713528 1.0391841 -1.7760222
v -0.4549100 1.3761973 -1.5047696
v -0.4949064 1.3426860 -1.6342580
v -0.4940609 1.2292485 -1.7264420
v -0.4561853 1.2021777 -1.6465771
v -0.1097517 1.2325443 -1.3128631
v -0.1595899 1.3907786 -1.2291571
v -0.2045074 1.3883652 -1.2432207
v -0.1453540 1.2249082 -1.3294946
v -0.1172551 1.0647668 -1.3803756
v -0.0592595 1.0653402 -1.3772635
v -0.0873016 1.1452426 -1.3555121
v -0.1299732 1.1465317 -1.3597407
v -1.1165030 1.0568352 -1.6089287
v 0.5655195 1.3814119 -0.0758735
v 0.6008349 1.4027637 -0.0752046
v 1.1351110 1.0329810 0.5414585
v 1.1619218 1.0339323 0.4031938
v -0.2353974 1.0852879 -1.5947313
v -0.4713528 1.0391841 -1.7760222
v -0.2353974 1.0852879 -1.5947313
v -0.2563490 1.1107187 -1.6002712
v -0.2290894 1.3593688 -1.3472719
v -0.2045074 1.3883652 -1.2432207
v -0.1595899 1.3907786 -1.2291571
v -0.1980252 1.3846265 -1.2859621
v -0.0592595 1.0653402 -1.3772635
v -0.1944395 1.0716160 -1.5523166
v -0.6260406 1.3749077 -1.6224918
v -0.5451714 1.3761975 -1.6281761
v -0.5111731 1.3638871 -1.6213599
v -0.5453798 1.0566038 -1.8889190
v -0.4994955 1.0837436 -1.8454856
v 0.9686399 1.0329561 0.7672285
v 0.7047659 1.0329518 0.9921126
v -0.2244917 1.3324780 0.5870834
v -0.3111068 1.3347000 0.5687945
v -0.2511877 1.3814119 0.4959913
v -0.1888591 1.1161418 0.9390925
v -0.2241919 1.1813662 0.8323786
v -0.1419054 1.1902913 0.8289633
v -0.0389610 1.0260482 1.0832562
v -0.1888591 1.1161418 0.9390925
v -0.0389610 1.0260482 1.0832562
v -0.2168886 1.0103755 0.9930611
v -0.6724918 1.2087503 0.2006929
v -0.7025580 1.0355071 0.2972070
v -0.6936489 1.0282501 0.1592302
v -0.6587194 1.2137428 0.0923192
v -0.6247894 1.3999382 0.0840136
v -0.6052469 1.3811913 0.0019235
v -1.1271518 1.3846265 -0.6353811
v -1.0847709 1.3883652 -0.6268536
v -1.1860733 1.2249082 -0.6007745
v -1.2166625 1.2341636 -0.6139820
v -1.2627764 1.1465981 -0.6057154
v -1.2197559 1.1465321 -0.5966667
v -1.2434967 1.0647672 -0.5917730
v -1.3039365 1.0676658 -0.6041995
v -1.4025579 1.1107188 -0.7976869
v -1.4941740 1.0391843 -1.0598354
v -1.3777228 1.2021778 -1.0013095
v -1.3871786 1.1515580 -0.8136918
v -1.2449038 1.3761974 -0.9516099
v -1.3612761 1.1909536 -0.8128063
v -0.6899323 1.4023720 -0.0097580
v -0.8115871 1.4047530 -0.1875263
v -0.4920291 1.3805521 -0.0928351
v -0.4644226 1.3908308 0.3110387
v -0.6247894 1.3999382 0.0840136
v -0.1399141 1.3803883 0.4070711
v -0.3684373 1.3747395 0.4577673
v -1.3229241 1.2339991 -0.7956541
v -0.6052469 1.3811913 0.0019235
v -1.0865851 1.3799715 -0.9437331
v -0.1592193 1.4090064 0.5088134
v -0.1399141 1.3803883 0.4070711
v 0.0256082 1.4132447 0.4148498
v -1.1755607 1.3749673 -1.2860646
v -1.2969961 1.3749078 -1.1526835
v -1.2022158 1.0622149 -0.4462254
v -1.0001938 1.0511831 -0.1392286
v -0.8154177 1.0414080 0.1334562
v -0.6936489 1.0282501 0.1592302
v -0.7025580 1.0355071 0.2972070
v -0.4010304 1.0198718 0.7295040
v -1.2604078 1.0653404 -0.5362106
v -0.2168886 1.0103755 0.9930611
v -0.0389610 1.0260482 1.0832562
v -1.3039365 1.0676658 -0.6041995
v -1.2434967 1.0647672 -0.5917730
v -1.5238229 1.0567190 -1.2543300
v -1.4941740 1.0391843 -1.0598354
v -1.3573925 1.0567967 -1.4193032
v -0.6587194 1.2137428 0.0923192
v -0.6936489 1.0282501 0.1592302
v -0.8154177 1.0414080 0.1334562
v -0.7628692 1.2128652 0.0703705
v -0.6052469 1.3811913 0.0019235
v -0.6899323 1.4023720 -0.0097580
v -0.2230898 1.3543450 0.6323210
v -0.2244917 1.3324780 0.5870834
v -0.2511877 1.3814119 0.4959913
v -0.2626382 1.4027637 0.5294059
v -0.0389610 1.0260482 1.0832562
v -0.1419054 1.1902913 0.8289633
v -0.1150270 1.1987395 0.9219230
v -0.0049935 1.0339323 1.2202768
v -1.5727958 1.0565377 -1.1399409
v -1.4941740 1.0391843 -1.0598354
v -1.5749441 1.0566039 -1.1680108
v -1.2449038 1.3761974 -0.9516099
v -1.3777228 1.2021778 -1.0013095
v -1.4398171 1.2292486 -1.0642161
v -1.3529031 1.3426861 -1.0334815
v -1.0847709 1.3883652 -0.6268536
v -1.0869181 1.3907786 -0.5798350
v -1.1826219 1.2325443 -0.5616313
v -1.1860733 1.2249082 -0.6007745
v -1.2434967 1.0647672 -0.5917730
v -1.2197559 1.1465321 -0.5966667
v -1.2303768 1.1452427 -0.5551222
v -1.2604078 1.0653404 -0.5362106
v -0.2511877 1.3814119 0.4959913
v -0.2626382 1.4027637 0.5294059
v 0.1341022 1.0329810 1.2423723
v -0.0049935 1.0339323 1.2202768
v -1.4045180 1.0852880 -0.7761044
v -1.4941740 1.0391843 -1.0598354
v -1.4025579 1.1107188 -0.7976869
v -1.4045180 1.0852880 -0.7761044
v -1.1741396 1.3593689 -0.6855408
v -1.0847709 1.3883652 -0.6268536
v -1.0869181 1.3907786 -0.5798350
v -1.1271518 1.3846265 -0.6353811
v -1.2604078 1.0653404 -0.5362106
v -1.3786694 1.0716164 -0.7231098
v -1.3299963 1.3761976 -1.0786358
v -1.2969961 1.3749078 -1.1526835
v -1.3352196 1.3638873 -1.0443560
v -1.5749441 1.0566039 -1.1680108
v -1.5498236 1.0837438 -1.1100384
v 0.4031933 1.0329561 1.1631585
v 1.1485817 1.0401685 -0.0575548
v 1.1919155 1.0520038 0.0081329
v 1.1867740 1.0371638 -0.0025655
v 1.1334914 1.1193767 -0.0405941
v 1.0559841 1.1316228 0.0810925
v 1.0943951 1.1305081 0.1000151
v 1.1574956 1.1203631 -0.0057397
v 1.0519164 1.0175254 0.0856642
v 1.1753877 1.0260150 0.0105867
v 1.1048788 1.0179518 0.1246587
v 1.1744291 1.1082966 0.0062753
v 1.1080463 1.1187226 0.1143810
v 1.1240789 1.0451749 0.1310635
v 1.1911744 1.0525648 0.0188861
v 1.0474210 1.0238562 0.0907167
v 1.0468683 1.0202436 0.0967254
v 1.0461710 1.0244141 0.1045416
v 1.0486457 1.0591870 0.1017601
v 1.0468683 1.0202436 0.0967254
v 1.0957851 1.0200134 0.1340818
v 1.0878334 1.0244141 0.1416102
v 1.0461710 1.0244141 0.1045416
v 1.1137393 1.0476687 0.1366549
v 1.0903084 1.0591870 0.1388287
v 1.0976603 1.1194707 0.1162515
v 1.0476859 1.1203475 0.0904193
v 1.0486457 1.0591870 0.1017601
v 1.0228662 1.0201585 0.1307348
v 1.0131948 1.0527131 0.1416044
v 1.0584827 1.0180453 0.1720368
v 1.0228662 1.0201585 0.1307348
v 1.0440815 1.0527131 0.1862188
v 1.0903084 1.0591870 0.1388287
v 1.0486457 1.0591870 0.1017601
v 1.0131948 1.0527131 0.1416044
v 1.0440815 1.0527131 0.1862188
v 1.1166816 1.0392579 0.1337622
v 1.1866450 1.0372704 0.0085078
v 1.1429784 1.1055361 -0.0512568
v 1.1751196 1.1074154 -0.0043691
v 1.1417484 1.0276166 -0.0498747
v 1.1760333 1.0266057 -0.0000996
v 1.1568524 1.1211846 0.0049278
v 1.1048047 1.1296842 0.0979992
v 1.0476859 1.1203475 0.0904193
v 1.0519164 1.0175254 0.0856642
v 1.1449676 1.0351916 -0.0417659
v 1.1369974 1.1118496 -0.0328077
v 1.1438723 1.1018200 -0.0405349
v 1.1489556 1.0425169 -0.0462481
v 1.1429784 1.1055361 -0.0512568
v 1.1485817 1.0401685 -0.0575548
v 1.1461072 1.0412348 -0.0547732
v 1.1407397 1.1038486 -0.0487409
v 1.1417484 1.0276166 -0.0498747
v 1.1405658 1.0310564 -0.0485451
v 1.0519164 1.0175254 0.0856642
v 1.0527793 1.0211814 0.0846945
v 1.0474210 1.0238562 0.0907167
v 1.0497889 1.0253925 0.0880555
v 1.0476859 1.1203475 0.0904193
v 1.0500452 1.1187614 0.0877672
v 1.0559841 1.1316228 0.0810925
v 1.0567933 1.1279309 0.0801825
v 1.1334914 1.1193767 -0.0405941
v 1.1324389 1.1159585 -0.0394108
v 1.1407397 1.1038486 -0.0487409
v 1.1461072 1.0412348 -0.0547732
v 1.1489556 1.0425169 -0.0462481
v 1.1438723 1.1018200 -0.0405349
v 1.1405658 1.0310564 -0.0485451
v 1.1449676 1.0351916 -0.0417659
v 1.0527793 1.0211814 0.0846945
v 1.0590498 1.0264077 0.0893740
v 1.0497889 1.0253925 0.0880555
v 1.0500452 1.1187614 0.0877672
v 1.0587052 1.1168550 0.0897610
v 1.0567933 1.1279309 0.0801825
v 1.0635900 1.1234926 0.0842705
v 1.1324389 1.1159585 -0.0394108
v 1.1369974 1.1118496 -0.0328077
v 1.0590498 1.0264077 0.0893740
v 1.0587052 1.1168550 0.0897610
v 1.0635900 1.1234926 0.0842705
v -0.4333930 1.0401685 1.0501558
v -0.3947825 1.0371638 1.1048521
v -0.3864880 1.0520040 1.1133430
v -0.4122942 1.1193767 1.0417766
v -0.3877512 1.1203633 1.0762542
v -0.2667927 1.1305081 1.0531289
v -0.2714371 1.1316228 1.0105627
v -0.2657499 1.0175254 1.0083038
v -0.3785298 1.0260151 1.0986509
v -0.4238390 1.0276166 1.0463613
v -0.3822526 1.1082966 1.0962755
v -0.3761298 1.0525648 1.1163243
v -0.2477695 1.0451749 1.0916417
v -0.2579625 1.1187226 1.0708706
v -0.2594645 1.0238564 1.0058076
v -0.2495058 1.0591870 1.0107359
v -0.2460457 1.0244141 1.0093615
v -0.2536290 1.0202436 1.0073432
v -0.2536290 1.0202436 1.0073432
v -0.2460457 1.0244141 1.0093615
v -0.2254618 1.0244141 1.0611896
v -0.2352559 1.0200137 1.0660867
v -0.2289224 1.0591870 1.0625640
v -0.2389788 1.0476687 1.0838385
v -0.2526521 1.1194709 1.0617507
v -0.2495058 1.0591870 1.0107359
v -0.2598345 1.1203475 1.0059549
v -0.1999395 1.0527133 0.9910501
v -0.2134618 1.0201585 0.9964206
v -0.2134618 1.0201585 0.9964206
v -0.1868316 1.0180453 1.0440153
v -0.1685798 1.0527133 1.0353333
v -0.2289224 1.0591870 1.0625640
v -0.1685798 1.0527133 1.0353333
v -0.1999395 1.0527133 0.9910501
v -0.2495058 1.0591870 1.0107359
v -0.2427035 1.0392579 1.0856137
v -0.2472214 1.0179518 1.0714091
v -0.3843330 1.0372704 1.1085181
v -0.4255590 1.1055361 1.0470442
v -0.3924914 1.1074156 1.0932842
v -0.3887921 1.0266057 1.0956027
v -0.2722475 1.1296842 1.0622214
v -0.3775076 1.1211846 1.0792980
v -0.2598345 1.1203475 1.0059549
v -0.2657499 1.0175254 1.0083038
v -0.4157889 1.1018200 1.0515514
v -0.4061762 1.1118496 1.0477343
v -0.4173207 1.0351916 1.0521597
v -0.4228963 1.0425169 1.0543744
v -0.4255590 1.1055361 1.0470442
v -0.4224285 1.1038486 1.0458016
v -0.4299329 1.0412350 1.0487819
v -0.4333930 1.0401685 1.0501558
v -0.4221855 1.0310564 1.0457044
v -0.4238390 1.0276166 1.0463613
v -0.2669563 1.0211816 1.0087831
v -0.2657499 1.0175254 1.0083038
v -0.2627754 1.0253925 1.0071228
v -0.2594645 1.0238564 1.0058076
v -0.2631334 1.1187614 1.0072648
v -0.2598345 1.1203475 1.0059549
v -0.2725685 1.1279309 1.0110122
v -0.2714371 1.1316228 1.0105627
v -0.4108226 1.1159587 1.0411919
v -0.4122942 1.1193767 1.0417766
v -0.4224285 1.1038486 1.0458016
v -0.4157889 1.1018200 1.0515514
v -0.4228963 1.0425169 1.0543744
v -0.4299329 1.0412350 1.0487819
v -0.4173207 1.0351916 1.0521597
v -0.4221855 1.0310564 1.0457044
v -0.2647037 1.0264077 1.0162759
v -0.2669563 1.0211816 1.0087831
v -0.2627754 1.0253925 1.0071228
v -0.2642220 1.1168553 1.0160844
v -0.2631334 1.1187614 1.0072648
v -0.2710517 1.1234926 1.0187966
v -0.2725685 1.1279309 1.0110122
v -0.4061762 1.1118496 1.0477343
v -0.4108226 1.1159587 1.0411919
v -0.2642220 1.1168553 1.0160844
v -0.2647037 1.0264077 1.0162759
v -0.2710517 1.1234926 1.0187966
v 1.1564453 0.2052467 0.6447229
v 1.2827467 0.1484974 0.6311126
v 1.3955896 0.1484974 0.7922686
v 1.3396025 0.2052468 0.9062983
v 1.2475896 0.2052467 0.5809029
v 1.4307467 0.2052468 0.8424783
v 1.3955896 0.1484974 0.7922686
v 1.2827467 0.1484974 0.6311126
v 1.2475896 0.3409534 0.5809029
v 1.4307467 0.3409534 0.8424783
v 1.2475896 0.2052467 0.5809029
v 1.2827467 0.1484974 0.6311126
v 1.1564453 0.2052467 0.6447229
v 1.3396025 0.2052468 0.9062983
v 1.3955896 0.1484974 0.7922686
v 1.4307467 0.2052468 0.8424783
v 0.2238430 0.2052468 1.2977384
v 0.4070001 0.2052468 1.5593138
v 0.2806990 0.1484974 1.5729241
v 0.1678556 0.1484975 1.4117680
v 0.2806990 0.1484974 1.5729241
v 0.3158559 0.2052468 1.6231338
v 0.1326984 0.2052467 1.3615584
v 0.1678556 0.1484975 1.4117680
v 0.2238430 0.2052468 1.2977384
v 1.2475896 0.3409534 0.5809029
v 0.4070001 0.2052468 1.5593138
v 0.3158559 0.3409534 1.6231338
v 0.3158559 0.2052468 1.6231338
v 0.3158559 0.3409534 1.6231338
v 0.1326984 0.3409534 1.3615584
v 0.1326984 0.2052467 1.3615584
v 0.1678556 0.1484975 1.4117680
v 0.2806990 0.1484974 1.5729241
v 1.3396025 0.2052468 0.9062983
v 0.4070001 0.2052468 1.5593138
v 0.2238430 0.2052468 1.2977384
v 1.1564453 0.2052467 0.6447229
v -0.3660210 0.2069221 -1.5413474
v -0.2386385 0.1501728 -1.5557146
v -0.1257961 0.1501727 -1.3945581
v -0.1828634 0.2069221 -1.2797724
v -0.2737961 0.2069220 -1.6059238
v -0.0906385 0.2069221 -1.3443489
v -0.1257961 0.1501727 -1.3945581
v -0.2386385 0.1501728 -1.5557146
v -0.2737961 0.3426288 -1.6059238
v -0.0906385 0.3426287 -1.3443489
v -0.2737961 0.2069220 -1.6059238
v -0.2386385 0.1501728 -1.5557146
v -0.3660210 0.2069221 -1.5413474
v -0.1828634 0.2069221 -1.2797724
v -0.1257961 0.1501727 -1.3945581
v -0.0906385 0.2069221 -1.3443489
v -1.3096786 0.2069221 -0.8805917
v -1.1265209 0.2069221 -0.6190162
v -1.2539034 0.1501727 -0.6046490
v -1.3667458 0.1501728 -0.7658055
v -1.2539034 0.1501727 -0.6046490
v -1.2187458 0.2069221 -0.5544398
v -1.4019034 0.2069221 -0.8160152
v -1.3667458 0.1501728 -0.7658055
v -1.3096786 0.2069221 -0.8805917
v -0.2737961 0.3426288 -1.6059238
v -1.1265209 0.2069221 -0.6190162
v -1.2187458 0.3426287 -0.5544398
v -1.2187458 0.2069221 -0.5544398
v -1.2187458 0.3426287 -0.5544398
v -1.4019034 0.3426288 -0.8160152
v -1.4019034 0.2069221 -0.8160152
v -1.3667458 0.1501728 -0.7658055
v -1.2539034 0.1501727 -0.6046490
v -0.1828634 0.2069221 -1.2797724
v -1.1265209 0.2069221 -0.6190162
v -1.3096786 0.2069221 -0.8805917
v -0.3660210 0.2069221 -1.5413474
v 0.1326984 0.3409534 1.3615584
v -1.4019034 0.3426288 -0.8160152
v 0.0206087 0.9516712 1.3767587
v -0.9226018 0.3152949 -1.8483490
v 1.4307467 0.3409534 0.8424783
v -0.0906385 0.3426287 -1.3443489
vt 0.9724348 0.6579103
vt 0.9829473 0.6249492
vt 0.9900602 0.6271023
vt 0.9804630 0.6596511
vt 0.9251856 0.6271841
vt 0.9375052 0.6270088
vt 0.9335963 0.6641746
vt 0.9161028 0.6658273
vt 0.8804500 0.6852731
vt 0.8933451 0.6326330
vt 0.9080820 0.6998595
vt 0.8729073 0.7128749
vt 0.8824599 0.6387154
vt 0.8933451 0.6326330
vt 0.8804500 0.6852731
vt 0.8756342 0.6864862
vt 0.0327557 0.8090312
vt 0.0199432 0.8205377
vt 0.0149553 0.8094472
vt 0.6292225 0.5919789
vt 0.6329322 0.6069233
vt 0.5908743 0.6141492
vt 0.5873080 0.5974879
vt 0.5480515 0.6181974
vt 0.5443422 0.6003346
vt 0.5153036 0.6201419
vt 0.5229909 0.6217570
vt 0.1736293 0.8581805
vt 0.2022594 0.8597919
vt 0.2127694 0.8728172
vt 0.1948813 0.8780404
vt 0.3648503 0.7875113
vt 0.3645070 0.8100242
vt 0.2232468 0.8053187
vt 0.2218953 0.7846133
vt 0.2213021 0.8216868
vt 0.1612044 0.8141892
vt 0.2001568 0.7827396
vt 0.2189267 0.7844480
vt 0.2231158 0.7463336
vt 0.3658468 0.7491407
vt 0.2202178 0.7459198
vt 0.2273358 0.7055818
vt 0.3666231 0.7078892
vt 0.2346486 0.6754679
vt 0.3673896 0.6753498
vt 0.5190479 0.7873554
vt 0.4734085 0.7874013
vt 0.4949380 0.7491407
vt 0.5374945 0.7491407
vt 0.5181506 0.7078892
vt 0.5371164 0.7078892
vt 0.7364969 0.7782366
vt 0.7768018 0.8095212
vt 0.7462313 0.8152783
vt 0.7138640 0.7447439
vt 0.6428627 0.7865537
vt 0.6291085 0.7491407
vt 0.6993639 0.7069652
vt 0.6233956 0.7078892
vt 0.8640810 0.8632178
vt 0.8650638 0.8810233
vt 0.8182618 0.8794218
vt 0.8189301 0.8632178
vt 0.9449080 0.8640645
vt 0.9657468 0.8795250
vt 0.9071524 0.8786346
vt 0.9103330 0.8632178
vt 0.7900952 0.1685964
vt 0.7705370 0.1646706
vt 0.7866937 0.1357901
vt 0.8196881 0.1471477
vt 0.8187884 0.1734847
vt 0.8489625 0.1741269
vt 0.8507267 0.1505143
vt 0.9291134 0.5945833
vt 0.9389967 0.5948619
vt 0.9313286 0.5370951
vt 0.9407273 0.5374814
vt 0.8988234 0.5975538
vt 0.9012009 0.5385509
vt 0.8848425 0.6032355
vt 0.8988234 0.5975538
vt 0.9012009 0.5385509
vt 0.8837181 0.5690315
vt 0.8841952 0.5414937
vt 0.6989155 0.5732728
vt 0.7178891 0.5482908
vt 0.7207142 0.5484036
vt 0.9420385 0.4651143
vt 0.9327919 0.4651143
vt 0.9026234 0.4651143
vt 0.8873264 0.4651143
vt 0.9026234 0.4651143
vt 0.4637415 0.5338891
vt 0.4601794 0.5188963
vt 0.4679333 0.5157842
vt 0.4898923 0.5200865
vt 0.8186065 0.1918073
vt 0.8186889 0.2096832
vt 0.7901450 0.2075973
vt 0.7897301 0.1885413
vt 0.8474205 0.2095020
vt 0.8480245 0.1918531
vt 0.4513207 0.5367161
vt 0.4477973 0.5217494
vt 0.3844392 0.5350983
vt 0.3764736 0.5200736
vt 0.4354080 0.5226786
vt 0.4369215 0.5376839
vt 0.3911307 0.5770748
vt 0.3766472 0.5772884
vt 0.3760951 0.5638653
vt 0.8181434 0.2503387
vt 0.7874739 0.2496884
vt 0.8479470 0.2343321
vt 0.8357103 0.2511883
vt 0.8357125 0.2641055
vt 0.8181434 0.2704052
vt 0.2991179 0.5653009
vt 0.2991074 0.5780473
vt 0.7958546 0.3087099
vt 0.7958553 0.3939000
vt 0.7874739 0.3939147
vt 0.7874738 0.3086299
vt 0.2966936 0.9177521
vt 0.2823075 0.9234491
vt 0.1958956 0.8797848
vt 0.2147552 0.8742616
vt 0.9606019 0.8885639
vt 0.8995898 0.8917382
vt 0.6436146 0.5623403
vt 0.6870879 0.5483798
vt 0.6897967 0.5662951
vt 0.6547594 0.5838675
vt 0.6416851 0.4987727
vt 0.6868130 0.4925118
vt 0.5650500 0.5720799
vt 0.5645390 0.5036973
vt 0.5205474 0.5721523
vt 0.4847255 0.5998434
vt 0.5406811 0.5038448
vt 0.6406870 0.4165224
vt 0.6871012 0.4165224
vt 0.5646439 0.4165223
vt 0.5479972 0.4165219
vt 0.7118316 0.4906918
vt 0.7184025 0.4165209
vt 0.7037489 0.5422639
vt 0.0962949 0.0742117
vt 0.0408120 0.0746006
vt 0.0420909 0.0500668
vt 0.0956880 0.0511849
vt 0.0956353 0.1264813
vt 0.0370126 0.1260327
vt 0.0059296 0.1243896
vt 0.0142015 0.0730487
vt 0.1847259 0.0530850
vt 0.2163170 0.0754284
vt 0.2160816 0.1274521
vt 0.2479754 0.0542189
vt 0.3343010 0.0768053
vt 0.3349668 0.0547369
vt 0.3340615 0.1280662
vt 0.3957114 0.0778632
vt 0.3959273 0.0563061
vt 0.3956078 0.1282638
vt 0.4755614 0.0598909
vt 0.4754401 0.0800272
vt 0.4339914 0.0786238
vt 0.4342748 0.0577353
vt 0.0951726 0.1814278
vt 0.0359955 0.1810669
vt 0.0040933 0.1808719
vt 0.2157595 0.1821650
vt 0.3337947 0.1828860
vt 0.3956182 0.1832638
vt 0.4350066 0.1283854
vt 0.4752525 0.1276319
vt 0.4353714 0.1835071
vt 0.4751242 0.1837501
vt 0.7586318 0.7724878
vt 0.7960289 0.7958792
vt 0.7791924 0.8077698
vt 0.7400223 0.7776210
vt 0.8028965 0.7831599
vt 0.7700388 0.7622889
vt 0.7363526 0.7411126
vt 0.7170449 0.7443970
vt 0.7498253 0.7348335
vt 0.7257235 0.7058368
vt 0.7024643 0.7068780
vt 0.7396765 0.7042214
vt 0.7220713 0.6730406
vt 0.7360647 0.6705470
vt 0.8274754 0.8039636
vt 0.8603268 0.8033769
vt 0.8621001 0.8212942
vt 0.8169112 0.8201435
vt 0.7964807 0.8171261
vt 0.8300298 0.7904040
vt 0.8584110 0.7900811
vt 0.8980923 0.7942441
vt 0.9125171 0.8131112
vt 0.8910938 0.7821186
vt 0.9452574 0.7830573
vt 0.9281589 0.7731658
vt 0.9178272 0.7632925
vt 0.7920631 0.1194667
vt 0.7745180 0.1274042
vt 0.7822698 0.1119400
vt 0.7884090 0.0996483
vt 0.7974074 0.1066632
vt 0.8216934 0.1304791
vt 0.8237250 0.1163315
vt 0.9466326 0.7136069
vt 0.9479672 0.6915306
vt 0.9775997 0.6897455
vt 0.9764171 0.7120408
vt 0.9754575 0.7259078
vt 0.9462983 0.7274228
vt 0.9249150 0.6972783
vt 0.9093461 0.7212396
vt 0.9128073 0.7339963
vt 0.8762207 0.7342973
vt 0.8833798 0.7455929
vt 0.0262720 0.7811481
vt 0.0469049 0.7933744
vt 0.0118219 0.7948784
vt 0.0356710 0.7723284
vt 0.0516516 0.7815955
vt 0.0802279 0.8037553
vt 0.0766701 0.8169747
vt 0.0809359 0.7909399
vt 0.1183639 0.8027801
vt 0.1424471 0.7964189
vt 0.1221910 0.8189097
vt 0.1150420 0.7899942
vt 0.1365896 0.7842250
vt 0.1780802 0.7734862
vt 0.1685129 0.7639886
vt 0.2033874 0.7413411
vt 0.1905745 0.7351987
vt 0.2156080 0.7042343
vt 0.2244035 0.7053711
vt 0.2011885 0.7014250
vt 0.2042920 0.6698647
vt 0.2193191 0.6725072
vt 0.7766917 0.7557513
vt 0.8066821 0.7744710
vt 0.8028965 0.7831599
vt 0.7700388 0.7622889
vt 0.7498253 0.7348335
vt 0.7582995 0.7310227
vt 0.7396765 0.7042214
vt 0.7493014 0.7031727
vt 0.7360647 0.6705470
vt 0.7462818 0.6705543
vt 0.8312170 0.7808453
vt 0.8300298 0.7904040
vt 0.8584110 0.7900811
vt 0.8568239 0.7803784
vt 0.8910938 0.7821186
vt 0.8861477 0.7729756
vt 0.9108658 0.7563994
vt 0.9178272 0.7632925
vt 0.7884090 0.0996483
vt 0.7918234 0.0904395
vt 0.8017216 0.0980172
vt 0.7974074 0.1066632
vt 0.8256468 0.1068493
vt 0.8237250 0.1163315
vt 0.8540857 0.1195922
vt 0.8554169 0.1092753
vt 0.9470447 0.7375305
vt 0.9154431 0.7431561
vt 0.9128073 0.7339963
vt 0.9462983 0.7274228
vt 0.8881478 0.7538972
vt 0.8833798 0.7455929
vt 0.0516516 0.7815955
vt 0.0356710 0.7723284
vt 0.0416445 0.7656124
vt 0.0551383 0.7734721
vt 0.0822848 0.7810426
vt 0.0809359 0.7909399
vt 0.1133381 0.7805208
vt 0.1150420 0.7899942
vt 0.1365896 0.7842250
vt 0.1330700 0.7754595
vt 0.1623649 0.7573713
vt 0.1685129 0.7639886
vt 0.1824234 0.7312012
vt 0.1905745 0.7351987
vt 0.1916730 0.7000316
vt 0.2011885 0.7014250
vt 0.1941500 0.6698103
vt 0.2042920 0.6698647
vt 0.3765092 0.9619879
vt 0.3673117 0.9675280
vt 0.8730792 0.9290935
vt 0.9271415 0.9450873
vt 0.9112905 0.9642291
vt 0.8556408 0.9647720
vt 0.4092537 0.9739125
vt 0.3980331 0.9807569
vt 0.4762090 0.9877148
vt 0.4765529 0.9809830
vt 0.5722482 0.9848776
vt 0.5738698 0.9922056
vt 0.6482322 0.9858793
vt 0.7441357 0.9835818
vt 0.7423929 0.9920164
vt 0.6466325 0.9932538
vt 0.8003640 0.9816264
vt 0.8093905 0.9917480
vt 0.8520249 0.9802943
vt 0.9001527 0.9775527
vt 0.8969817 0.9852242
vt 0.8520010 0.9909439
vt 0.4275453 0.4262183
vt 0.4325108 0.4053096
vt 0.4413310 0.4194390
vt 0.4345596 0.4290139
vt 0.4154336 0.4274069
vt 0.4249304 0.4006468
vt 0.4189226 0.4314118
vt 0.4016453 0.4411409
vt 0.3573551 0.4488317
vt 0.3561277 0.4397676
vt 0.4000994 0.4334830
vt 0.2992023 0.4527847
vt 0.2992279 0.4433507
vt 0.6677288 0.5930771
vt 0.6538857 0.5986484
vt 0.0319807 0.8394333
vt 0.0787332 0.8467451
vt 0.1268197 0.8508126
vt 0.1598859 0.8468302
vt 0.1555260 0.8500894
vt 0.8630442 0.8412760
vt 0.8171276 0.8387027
vt 0.7323529 0.4913441
vt 0.7425643 0.4165209
vt 0.2367914 0.8693412
vt 0.3143551 0.9141769
vt 0.2323507 0.8617862
vt 0.2347500 0.8669249
vt 0.7468600 0.9748296
vt 0.7925755 0.9734351
vt 0.5724432 0.9761894
vt 0.6479158 0.9770664
vt 0.3913507 0.9580480
vt 0.3683881 0.8658702
vt 0.3656328 0.8566120
vt 0.4720091 0.8584523
vt 0.4731910 0.8690163
vt 0.7901029 0.8632178
vt 0.7716058 0.8780246
vt 0.7449151 0.8629339
vt 0.8838665 0.9164920
vt 0.8234825 0.9662672
vt 0.2344467 0.8618327
vt 0.2310409 0.8528802
vt 0.8888173 0.9056100
vt 0.8879518 0.8932164
vt 0.9459349 0.9185266
vt 0.9111719 0.8439729
vt 0.8825989 0.8847537
vt 0.0248286 0.0494712
vt 0.8205799 0.9815045
vt 0.8087457 0.9724214
vt 0.4199376 0.9761753
vt 0.4167183 0.9825553
vt 0.4039663 0.3981409
vt 0.3559079 0.3948973
vt 0.2992375 0.3946569
vt 0.7782552 0.2072657
vt 0.7740033 0.1869325
vt 0.7782893 0.2496114
vt 0.7774498 0.2835266
vt 0.7874739 0.2831757
vt 0.7663362 0.1733384
vt 0.7434567 0.2331667
vt 0.7449822 0.1994988
vt 0.7607787 0.2022374
vt 0.7586663 0.2345097
vt 0.4412812 0.6182699
vt 0.3774056 0.6191736
vt 0.3774426 0.6034947
vt 0.4432627 0.6026811
vt 0.7782552 0.2072657
vt 0.7782893 0.2496114
vt 0.7690070 0.2413927
vt 0.7703323 0.2039967
vt 0.7663362 0.1733384
vt 0.7740033 0.1869325
vt 0.7706066 0.1885818
vt 0.7621841 0.1791579
vt 0.7479503 0.1599903
vt 0.7538183 0.1738836
vt 0.7609708 0.1935769
vt 0.7587602 0.1839920
vt 0.7553280 0.1690848
vt 0.7639294 0.2379760
vt 0.7657260 0.2028844
vt 0.7573408 0.1644733
vt 0.7657069 0.1911257
vt 0.7573408 0.1644733
vt 0.7602391 0.1516575
vt 0.9342470 0.8447292
vt 0.7479503 0.1599903
vt 0.7226579 0.1543128
vt 0.7485775 0.1543041
vt 0.7179853 0.1976895
vt 0.7226579 0.1543128
vt 0.7191951 0.2310372
vt 0.4454919 0.5767433
vt 0.9545548 0.8192515
vt 0.9370484 0.8341824
vt 0.9116333 0.8333924
vt 0.9715087 0.8647404
vt 0.4637415 0.5338891
vt 0.4898923 0.5200865
vt 0.4916542 0.5208762
vt 0.4644851 0.5358801
vt 0.4513207 0.5367161
vt 0.4518492 0.5388481
vt 0.4369215 0.5376839
vt 0.4371063 0.5399420
vt 0.3857704 0.5369855
vt 0.3844392 0.5350983
vt 0.3760951 0.5638653
vt 0.3780271 0.5625580
vt 0.3921360 0.5749451
vt 0.3911307 0.5770748
vt 0.3758440 0.5466604
vt 0.3770598 0.5453983
vt 0.9368703 0.8447772
vt 0.9466323 0.8624314
vt 0.9449080 0.8640645
vt 0.9342470 0.8447292
vt 0.9851910 0.8203902
vt 0.9553505 0.8218201
vt 0.9545548 0.8192515
vt 0.9833197 0.8186599
vt 0.7208676 0.1531006
vt 0.7226579 0.1543128
vt 0.7179853 0.1976895
vt 0.7157984 0.1975330
vt 0.7191951 0.2310372
vt 0.7177283 0.2320385
vt 0.4476154 0.5750470
vt 0.4454919 0.5767433
vt 0.9395815 0.8357034
vt 0.9370484 0.8341824
vt 0.9735906 0.8632640
vt 0.9715087 0.8647404
vt 0.9449080 0.8640645
vt 0.9466323 0.8624314
vt 0.3770598 0.5453983
vt 0.3765239 0.5433179
vt 0.4841110 0.5052956
vt 0.4859833 0.5043389
vt 0.4916542 0.5208762
vt 0.4898923 0.5200865
vt 0.9657468 0.8795250
vt 0.9679760 0.8802162
vt 0.9631146 0.8892083
vt 0.9606019 0.8885639
vt 0.4795437 0.4962828
vt 0.4813966 0.4951026
vt 0.4754401 0.0800272
vt 0.4755614 0.0598909
vt 0.4771696 0.0588836
vt 0.4777589 0.0800424
vt 0.4775952 0.1276277
vt 0.4752525 0.1276319
vt 0.4774773 0.1837645
vt 0.4751242 0.1837501
vt 0.9271415 0.9450873
vt 0.9292490 0.9461461
vt 0.9137226 0.9649286
vt 0.9112905 0.9642291
vt 0.4520504 0.4407280
vt 0.4534999 0.4387293
vt 0.4668209 0.4667384
vt 0.4647150 0.4674445
vt 0.4413310 0.4194390
vt 0.4429151 0.4178624
vt 0.8984038 0.9865842
vt 0.8969817 0.9852242
vt 0.9001527 0.9775527
vt 0.9025319 0.9782309
vt 0.4325108 0.4053096
vt 0.4335291 0.4035967
vt 0.4249304 0.4006468
vt 0.4256172 0.3986612
vt 0.9480983 0.9193404
vt 0.9459349 0.9185266
vt 0.4039663 0.3981409
vt 0.4041771 0.3958512
vt 0.3559079 0.3948973
vt 0.3560081 0.3926034
vt 0.2992375 0.3946569
vt 0.2992456 0.3923121
vt 0.9735906 0.8632640
vt 0.9715087 0.8647404
vt 0.7782893 0.2496114
vt 0.7774498 0.2835266
vt 0.7636442 0.3037286
vt 0.7636442 0.2490235
vt 0.2990676 0.6308112
vt 0.2990759 0.6196880
vt 0.3774056 0.6191736
vt 0.3776768 0.6303695
vt 0.4412812 0.6182699
vt 0.4318160 0.6294128
vt 0.7586663 0.2345097
vt 0.7579424 0.2362380
vt 0.7434334 0.2351840
vt 0.7434567 0.2331667
vt 0.4432627 0.6026811
vt 0.4457410 0.6028433
vt 0.4435776 0.6186717
vt 0.4412812 0.6182699
vt 0.7177283 0.2320385
vt 0.7191951 0.2310372
vt 0.4454919 0.5767433
vt 0.4476154 0.5750470
vt 0.3777114 0.6325823
vt 0.2990663 0.6330171
vt 0.2990676 0.6308112
vt 0.3776768 0.6303695
vt 0.4318160 0.6294128
vt 0.4331135 0.6312184
vt 0.2991341 0.5449359
vt 0.2991360 0.5426427
vt 0.7639294 0.2379760
vt 0.7636442 0.2490235
vt 0.7690070 0.2413927
vt 0.7782893 0.2496114
vt 0.9836069 0.7908250
vt 0.9833197 0.8186599
vt 0.9836024 0.7856385
vt 0.9806436 0.7804502
vt 0.9554822 0.7676827
vt 0.9392003 0.7593800
vt 0.9267018 0.7526206
vt 0.9188783 0.7468503
vt 0.9267018 0.7526206
vt 0.7745180 0.1274042
vt 0.7726306 0.1261489
vt 0.7803769 0.1106301
vt 0.7822698 0.1119400
vt 0.7865462 0.0985041
vt 0.7884090 0.0996483
vt 0.7918234 0.0904395
vt 0.7226579 0.1543128
vt 0.7208676 0.1531006
vt 0.7486417 0.1522093
vt 0.7485775 0.1543041
vt 0.7602391 0.1516575
vt 0.7582810 0.1502318
vt 0.7537369 0.1525217
vt 0.7549222 0.1545718
vt 0.9836069 0.7908250
vt 0.9862904 0.7909937
vt 0.9851910 0.8203902
vt 0.9833197 0.8186599
vt 0.9836024 0.7856385
vt 0.9863218 0.7850702
vt 0.9832551 0.7795449
vt 0.9806436 0.7804502
vt 0.9554822 0.7676827
vt 0.9568950 0.7655307
vt 0.9392003 0.7593800
vt 0.9406781 0.7571507
vt 0.9267018 0.7526206
vt 0.9282246 0.7504854
vt 0.9188783 0.7468503
vt 0.9282246 0.7504854
vt 0.9267018 0.7526206
vt 0.8524239 0.1343625
vt 0.8540857 0.1195922
vt 0.4520504 0.4407280
vt 0.4524080 0.4607421
vt 0.4647150 0.4674445
vt 0.4795437 0.4962828
vt 0.4708063 0.5048998
vt 0.4841110 0.5052956
vt 0.4601794 0.5188963
vt 0.4598673 0.5172533
vt 0.4663434 0.5153236
vt 0.4679333 0.5157842
vt 0.4477973 0.5217494
vt 0.3764736 0.5200736
vt 0.3763745 0.5186413
vt 0.4351865 0.5212769
vt 0.4354080 0.5226786
vt 0.4345596 0.4290139
vt 0.4336884 0.4301417
vt 0.4272865 0.4276699
vt 0.4275453 0.4262183
vt 0.4016453 0.4411409
vt 0.4020540 0.4425972
vt 0.3575738 0.4502699
vt 0.3573551 0.4488317
vt 0.4189226 0.4314118
vt 0.4197321 0.4325171
vt 0.2991988 0.4541949
vt 0.2992023 0.4527847
vt 0.4524080 0.4607421
vt 0.4512050 0.4616974
vt 0.4708063 0.5048998
vt 0.4689623 0.5046771
vt 0.8627142 0.7086059
vt 0.0111080 0.8335376
vt 0.0194089 0.8301983
vt 0.0066315 0.8001621
vt 0.8545789 0.7148880
vt 0.8627142 0.7086059
vt 0.8576999 0.7215789
vt 0.7289530 0.5374152
vt 0.8664890 0.7410696
vt 0.8725775 0.7534237
vt 0.8755006 0.7628764
vt 0.8725775 0.7534237
vt 0.8756342 0.6864862
vt 0.8742213 0.6863027
vt 0.8806654 0.6389393
vt 0.8824599 0.6387154
vt 0.0183081 0.8209001
vt 0.0133641 0.8098532
vt 0.0149553 0.8094472
vt 0.0199432 0.8205377
vt 0.8829991 0.6034861
vt 0.8848425 0.6032355
vt 0.8837181 0.5690315
vt 0.8818818 0.5707815
vt 0.8824024 0.5415771
vt 0.8841952 0.5414937
vt 0.6989155 0.5732728
vt 0.7207142 0.5484036
vt 0.7223465 0.5488691
vt 0.7000079 0.5742127
vt 0.8854234 0.4651143
vt 0.8873264 0.4651143
vt 0.0118219 0.7948784
vt 0.0105707 0.7938608
vt 0.0250897 0.7801092
vt 0.0262720 0.7811481
vt 0.0345125 0.7713612
vt 0.0356710 0.7723284
vt 0.0356710 0.7723284
vt 0.0345125 0.7713612
vt 0.0416445 0.7656124
vt 0.6542598 0.5999767
vt 0.6538857 0.5986484
vt 0.6677288 0.5930771
vt 0.6684403 0.5943036
vt 0.8612226 0.7077501
vt 0.8627142 0.7086059
vt 0.7332953 0.5353844
vt 0.7294004 0.5393868
vt 0.7289530 0.5374152
vt 0.7318916 0.5345854
vt 0.0194089 0.8301983
vt 0.0111080 0.8335376
vt 0.0082159 0.8334958
vt 0.0180585 0.8294526
vt 0.0049586 0.8001227
vt 0.0066315 0.8001621
vt 0.0066315 0.8001621
vt 0.0049586 0.8001227
vt 0.8545789 0.7148880
vt 0.8528517 0.7144611
vt 0.8562021 0.7222083
vt 0.8528517 0.7144611
vt 0.8545789 0.7148880
vt 0.8576999 0.7215789
vt 0.8664890 0.7410696
vt 0.8650737 0.7418064
vt 0.8725775 0.7534237
vt 0.8711920 0.7541431
vt 0.8755006 0.7628764
vt 0.7443689 0.4914068
vt 0.7318916 0.5345854
vt 0.7544756 0.4165218
vt 0.7443689 0.4914068
vt 0.7459724 0.4914909
vt 0.7544756 0.4165218
vt 0.7560307 0.4165203
vt 0.9939437 0.5952882
vt 0.9871284 0.5943862
vt 0.9921479 0.5382103
vt 0.9862429 0.5378596
vt 0.9924418 0.4651143
vt 0.9875865 0.4651143
vt 0.9754575 0.7259078
vt 0.9761974 0.7359340
vt 0.9303916 0.6872573
vt 0.9622611 0.6712757
vt 0.9437993 0.6817777
vt 0.9539495 0.4651143
vt 0.9543520 0.5387343
vt 0.9407273 0.5374814
vt 0.9420385 0.4651143
vt 0.9522896 0.6073800
vt 0.9389967 0.5948619
vt 0.9481677 0.6313538
vt 0.9375052 0.6270088
vt 0.9401238 0.6646978
vt 0.9335963 0.6641746
vt 0.9399801 0.6684909
vt 0.9303916 0.6872573
vt 0.9399801 0.6684909
vt 0.9449248 0.6701196
vt 0.9437993 0.6817777
vt 0.9303916 0.6872573
vt 0.9558738 0.6642268
vt 0.9622611 0.6712757
vt 0.9638307 0.6532604
vt 0.9724348 0.6579103
vt 0.9724727 0.6259526
vt 0.9829473 0.6249492
vt 0.9750262 0.5959998
vt 0.9871284 0.5943862
vt 0.9735539 0.5389189
vt 0.9862429 0.5378596
vt 0.9724265 0.4651143
vt 0.9875865 0.4651143
vt 0.6879669 0.6760147
vt 0.6945892 0.6801006
vt 0.5354439 0.6751244
vt 0.6212193 0.6753481
vt 0.3642253 0.8284844
vt 0.3648015 0.8399987
vt 0.2276286 0.8371467
vt 0.2243322 0.8219473
vt 0.5400788 0.7078892
vt 0.5403532 0.6752343
vt 0.5404599 0.7491407
vt 0.6674461 0.8621218
vt 0.6674857 0.8748494
vt 0.5532621 0.8714201
vt 0.5518479 0.8598368
vt 0.6636998 0.8308211
vt 0.5484263 0.8318074
vt 0.5429913 0.7873212
vt 0.4771248 0.9733756
vt 0.6975772 0.6788792
vt 0.6878986 0.6712727
vt 0.2316458 0.6716748
vt 0.8090286 0.8259968
vt 0.2279644 0.8527716
vt 0.1950078 0.8522093
vt 0.8625117 0.8300081
vt 0.8159634 0.8632178
vt 0.8153033 0.8793346
vt 0.2203834 0.7843446
vt 0.2218953 0.7846133
vt 0.2232468 0.8053187
vt 0.2228232 0.8212286
vt 0.2228232 0.8212286
vt 0.2213021 0.8216868
vt 0.2189267 0.7844480
vt 0.2203834 0.7843446
vt 0.2214885 0.7462808
vt 0.2231158 0.7463336
vt 0.2202178 0.7459198
vt 0.2214885 0.7462808
vt 0.2255902 0.7057369
vt 0.2273358 0.7055818
vt 0.2346486 0.6754679
vt 0.2333365 0.6733871
vt 0.2346486 0.6754679
vt 0.2333365 0.6733871
vt 0.3676104 0.6724840
vt 0.3673896 0.6753498
vt 0.5469372 0.8311577
vt 0.5454422 0.8317930
vt 0.5400164 0.7873338
vt 0.5415033 0.7870916
vt 0.5374945 0.7491407
vt 0.5389763 0.7491904
vt 0.5371164 0.7078892
vt 0.5385964 0.7081080
vt 0.7780640 0.8079826
vt 0.7768018 0.8095212
vt 0.7364969 0.7782366
vt 0.7385698 0.7777892
vt 0.7138640 0.7447439
vt 0.7156730 0.7446716
vt 0.6993639 0.7069652
vt 0.7011456 0.7071558
vt 0.8173979 0.8622411
vt 0.8189301 0.8632178
vt 0.8182618 0.8794218
vt 0.8167230 0.8784025
vt 0.7385698 0.7777892
vt 0.7400223 0.7776210
vt 0.7791924 0.8077698
vt 0.7780640 0.8079826
vt 0.7156730 0.7446716
vt 0.7170449 0.7443970
vt 0.7011456 0.7071558
vt 0.7024643 0.7068780
vt 0.2244035 0.7053711
vt 0.2255902 0.7057369
vt 0.5503596 0.8588855
vt 0.5488608 0.8597814
vt 0.8154646 0.8376200
vt 0.8171276 0.8387027
vt 0.2333365 0.6733871
vt 0.2316458 0.6716748
vt 0.3675895 0.6693941
vt 0.3676104 0.6724840
vt 0.5377369 0.6694710
vt 0.5377955 0.6727035
vt 0.6208563 0.6693029
vt 0.6209311 0.6724292
vt 0.6878986 0.6712727
vt 0.6870984 0.6735936
vt 0.5517749 0.8704085
vt 0.5502713 0.8713304
vt 0.2295373 0.8518558
vt 0.2310409 0.8528802
vt 0.2344467 0.8618327
vt 0.2329358 0.8607240
vt 0.8173979 0.8622411
vt 0.8159634 0.8632178
vt 0.8148740 0.8503921
vt 0.6945892 0.6801006
vt 0.6879669 0.6760147
vt 0.6870984 0.6735936
vt 0.6961719 0.6795688
vt 0.5354439 0.6751244
vt 0.5377955 0.6727035
vt 0.5377955 0.6727035
vt 0.5354439 0.6751244
vt 0.6212193 0.6753481
vt 0.6209311 0.6724292
vt 0.2243322 0.8219473
vt 0.2276286 0.8371467
vt 0.5403532 0.6752343
vt 0.5377955 0.6727035
vt 0.5400788 0.7078892
vt 0.5385964 0.7081080
vt 0.5377955 0.6727035
vt 0.5403532 0.6752343
vt 0.5404599 0.7491407
vt 0.5389763 0.7491904
vt 0.5503596 0.8588855
vt 0.5518479 0.8598368
vt 0.5532621 0.8714201
vt 0.5517749 0.8704085
vt 0.5469372 0.8311577
vt 0.5484263 0.8318074
vt 0.5429913 0.7873212
vt 0.5415033 0.7870916
vt 0.6975772 0.6788792
vt 0.6961719 0.6795688
vt 0.2316458 0.6716748
vt 0.2333365 0.6733871
vt 0.2295373 0.8518558
vt 0.2279644 0.8527716
vt 0.7964807 0.8171261
vt 0.8090286 0.8259968
vt 0.8078792 0.8259216
vt 0.7950956 0.8168607
vt 0.2329358 0.8607240
vt 0.2323507 0.8617862
vt 0.8138661 0.8385276
vt 0.8062313 0.8272794
vt 0.8078792 0.8259216
vt 0.8154646 0.8376200
vt 0.7938243 0.8186420
vt 0.7950956 0.8168607
vt 0.8167230 0.8784025
vt 0.8153033 0.8793346
vt 0.1642700 0.8516435
vt 0.5911032 0.6149231
vt 0.5908743 0.6141492
vt 0.6329322 0.6069233
vt 0.6331519 0.6076778
vt 0.5482384 0.6190267
vt 0.5480515 0.6181974
vt 0.5153036 0.6201419
vt 0.5229909 0.6217570
vt 0.5229661 0.6226147
vt 0.5149608 0.6209642
vt 0.5067365 0.6158451
vt 0.5076494 0.6152701
vt 0.1935431 0.8797085
vt 0.1723047 0.8583741
vt 0.1736293 0.8581805
vt 0.1948813 0.8780404
vt 0.0320665 0.8403051
vt 0.0319807 0.8394333
vt 0.0787332 0.8467451
vt 0.0788848 0.8476419
vt 0.1268197 0.8508126
vt 0.1267844 0.8516715
vt 0.1555260 0.8500894
vt 0.1553413 0.8509687
vt 0.1641532 0.8523871
vt 0.1642700 0.8516435
vt 0.0082159 0.8334958
vt 0.0111080 0.8335376
vt 0.2127694 0.8728172
vt 0.2137615 0.8735451
vt 0.1935431 0.8797085
vt 0.1958956 0.8797848
vt 0.2823075 0.9234491
vt 0.2802551 0.9244607
vt 0.2137615 0.8735451
vt 0.2147552 0.8742616
vt 0.1958956 0.8797848
vt 0.1935431 0.8797085
vt 0.0956803 0.0503764
vt 0.0956880 0.0511849
vt 0.0420909 0.0500668
vt 0.0421592 0.0492238
vt 0.1838362 0.0523235
vt 0.1847259 0.0530850
vt 0.2488797 0.0534924
vt 0.2479754 0.0542189
vt 0.3349880 0.0539650
vt 0.3349668 0.0547369
vt 0.3959205 0.0555070
vt 0.3959273 0.0563061
vt 0.4771696 0.0588836
vt 0.4755614 0.0598909
vt 0.4342748 0.0577353
vt 0.4342887 0.0569322
vt 0.3673117 0.9675280
vt 0.3663859 0.9680987
vt 0.4762090 0.9877148
vt 0.4761727 0.9886198
vt 0.4169235 0.9835117
vt 0.4167183 0.9825553
vt 0.3980331 0.9807569
vt 0.3972344 0.9814811
vt 0.5738698 0.9922056
vt 0.5740386 0.9930967
vt 0.6464636 0.9941401
vt 0.6466325 0.9932538
vt 0.7423929 0.9920164
vt 0.7422642 0.9928960
vt 0.8093905 0.9917480
vt 0.8093125 0.9926398
vt 0.8518428 0.9917286
vt 0.8520010 0.9909439
vt 0.8969817 0.9852242
vt 0.8984038 0.9865842
vt 0.2355288 0.8679558
vt 0.2367914 0.8693412
vt 0.2347500 0.8669249
vt 0.2355288 0.8679558
vt 0.0243697 0.0487852
vt 0.0248286 0.0494712
vt 0.4837633 0.6002550
vt 0.4847255 0.5998434
vt 0.5076494 0.6152701
vt 0.4273756 0.9678589
vt 0.0133349 0.0729850
vt 0.0142015 0.0730487
vt 0.0059296 0.1243896
vt 0.0050238 0.1243619
vt 0.0040933 0.1808719
vt 0.0031665 0.1808664
vt 0.0243697 0.0487852
vt 0.0248286 0.0494712
vt 0.7998701 0.2769575
vt 0.7958545 0.2833825
vt 0.8045468 0.2873326
vt 0.8357214 0.3091881
vt 0.8048710 0.3109411
vt 0.8357336 0.3938308
vt 0.8046225 0.3938849
vt 0.7958546 0.3087099
vt 0.7958545 0.2833825
vt 0.8045468 0.2873326
vt 0.8048710 0.3109411
vt 0.7998701 0.2769575
vt 0.8080165 0.2833140
vt 0.8181434 0.2704052
vt 0.8357125 0.2641055
vt 0.8357198 0.3091876
vt 0.8357214 0.3091881
vt 0.8357147 0.2641065
vt 0.8357147 0.2641065
vt 0.8357125 0.2641055
vt 0.7774948 0.3087330
vt 0.7774948 0.3087330
vt 0.8080165 0.2833140
vt 0.8357147 0.2641065
vt 0.7775077 0.8333220
vt 0.7938243 0.8186420
vt 0.8062313 0.8272794
vt 0.7914411 0.8370916
vt 0.7808978 0.8364161
vt 0.8148740 0.8503921
vt 0.7909175 0.8473158
vt 0.7560624 0.8326928
vt 0.7507396 0.8452712
vt 0.7456807 0.8352169
vt 0.7524965 0.8355826
vt 0.5488608 0.8597814
vt 0.5210598 0.8593004
vt 0.5206069 0.8431026
vt 0.5400164 0.7873338
vt 0.5454422 0.8317930
vt 0.5197971 0.8141461
vt 0.4723308 0.8421242
vt 0.4728926 0.8135999
vt 0.5121599 0.8311852
vt 0.5115786 0.8263923
vt 0.5202777 0.8313337
vt 0.7820838 0.8461914
vt 0.8138661 0.8385276
vt 0.5502713 0.8713304
vt 0.5127643 0.8361674
vt 0.5081881 0.8232983
vt 0.4867431 0.8226690
vt 0.4831771 0.8255584
vt 0.4822558 0.8306394
vt 0.4725604 0.8304623
vt 0.4814202 0.8352473
vt 0.5115786 0.8263923
vt 0.5121599 0.8311852
vt 0.4972859 0.8288947
vt 0.5127643 0.8361674
vt 0.4814202 0.8352473
vt 0.4822558 0.8306394
vt 0.7808978 0.8364161
vt 0.7820838 0.8461914
vt 0.7666313 0.8382459
vt 0.7524965 0.8355826
vt 0.7560624 0.8326928
vt 0.7775077 0.8333220
vt 0.7507396 0.8452712
vt 0.4831771 0.8255584
vt 0.4867431 0.8226690
vt 0.5081881 0.8232983
vt 0.1647568 0.9825340
vt 0.1851131 0.9937853
vt 0.1099301 0.9934498
vt 0.1303867 0.9823802
vt 0.2442431 0.9830467
vt 0.2646766 0.9943392
vt 0.1892183 0.9940000
vt 0.2097480 0.9828917
vt 0.1647568 0.9825340
vt 0.1851632 0.9826251
vt 0.1851131 0.9937853
vt 0.1099301 0.9934498
vt 0.1099803 0.9822890
vt 0.1303867 0.9823802
vt 0.2442431 0.9830467
vt 0.2647240 0.9831386
vt 0.2646766 0.9943392
vt 0.1892183 0.9940000
vt 0.1892675 0.9827998
vt 0.2097480 0.9828917
vt 0.2442431 0.9830467
vt 0.2097480 0.9828917
vt 0.1892675 0.9827998
vt 0.2647240 0.9831386
vt 0.1647568 0.9825340
vt 0.1303867 0.9823802
vt 0.1099803 0.9822890
vt 0.1851632 0.9826251
vt 0.2990877 0.6040236
vt 0.7549222 0.1545718
vt 0.2991437 0.5325316
vt 0.2991536 0.5198089
vt 0.3765239 0.5433179
vt 0.2991360 0.5426427
vt 0.7762728 0.3939340
vt 0.2990759 0.6196880
vt 0.7636449 0.3939560
vt 0.7762728 0.3939340
vt 0.2991321 0.5472361
vt 0.3758440 0.5466604
vt 0.2991341 0.5449359
vt 0.3770598 0.5453983
vt 0.3758440 0.5466604
vt 0.2991321 0.5472361
vt 0.2991536 0.5198089
vt 0.2991549 0.5183390
vt 0.8046225 0.3938849
vt 0.7958553 0.3939000
vt 0.8357336 0.3938308
vt 0.9724349 0.2723183
vt 0.9804630 0.2705775
vt 0.9900607 0.3031263
vt 0.9829479 0.3052795
vt 0.9251856 0.3030447
vt 0.9161031 0.2644012
vt 0.9335963 0.2660540
vt 0.9375052 0.3032200
vt 0.8933451 0.2975957
vt 0.8804501 0.2449556
vt 0.9080821 0.2303691
vt 0.8729074 0.2173537
vt 0.8824599 0.2915131
vt 0.8756343 0.2437424
vt 0.8804501 0.2449556
vt 0.8933451 0.2975957
vt 0.0327557 0.8090312
vt 0.0149553 0.8094472
vt 0.0199432 0.8205377
vt 0.6292208 0.2410623
vt 0.5873089 0.2355493
vt 0.5908761 0.2188871
vt 0.6329318 0.2261178
vt 0.5480542 0.2148415
vt 0.5443439 0.2327026
vt 0.5153084 0.2128905
vt 0.5076534 0.2177611
vt 0.1736293 0.8581805
vt 0.1948813 0.8780404
vt 0.2127694 0.8728172
vt 0.2022594 0.8597919
vt 0.3648503 0.7875113
vt 0.2218953 0.7846133
vt 0.2232468 0.8053187
vt 0.3645070 0.8100242
vt 0.2213021 0.8216868
vt 0.2189267 0.7844480
vt 0.2001568 0.7827396
vt 0.1612044 0.8141892
vt 0.3658468 0.7491407
vt 0.2231158 0.7463336
vt 0.2202178 0.7459198
vt 0.3666231 0.7078892
vt 0.2273358 0.7055818
vt 0.3673896 0.6753498
vt 0.2346486 0.6754679
vt 0.4949380 0.7491407
vt 0.4734085 0.7874013
vt 0.5190479 0.7873554
vt 0.5374945 0.7491407
vt 0.5181506 0.7078892
vt 0.5371164 0.7078892
vt 0.7364969 0.7782366
vt 0.7462313 0.8152783
vt 0.7768018 0.8095212
vt 0.7138640 0.7447439
vt 0.6291085 0.7491407
vt 0.6428627 0.7865537
vt 0.6993639 0.7069652
vt 0.6233956 0.7078892
vt 0.8640810 0.8632178
vt 0.8189301 0.8632178
vt 0.8182618 0.8794218
vt 0.8650638 0.8810233
vt 0.9449080 0.8640645
vt 0.9103330 0.8632178
vt 0.9071524 0.8786346
vt 0.9657468 0.8795250
vt 0.7908769 0.6192225
vt 0.7875892 0.6520407
vt 0.7713324 0.6232164
vt 0.8195532 0.6142348
vt 0.8205441 0.6405686
vt 0.8497247 0.6134878
vt 0.8515709 0.6370944
vt 0.9291133 0.3356453
vt 0.9389967 0.3353667
vt 0.9313286 0.3931337
vt 0.9407273 0.3927472
vt 0.8988234 0.3326750
vt 0.9012008 0.3916778
vt 0.8848426 0.3269934
vt 0.8988234 0.3326750
vt 0.9012008 0.3916778
vt 0.8841952 0.3887348
vt 0.8837181 0.3611973
vt 0.6989111 0.2597708
vt 0.7207084 0.2846403
vt 0.7178838 0.2847518
vt 0.1345429 0.5336259
vt 0.1084214 0.5197676
vt 0.1303891 0.5155005
vt 0.1381319 0.5186406
vt 0.8193076 0.5959126
vt 0.7904426 0.5992791
vt 0.7907916 0.5802216
vt 0.8193279 0.5780367
vt 0.8480601 0.5781182
vt 0.8487253 0.5957650
vt 0.1469584 0.5364777
vt 0.1505083 0.5215169
vt 0.2138440 0.5349666
vt 0.1613566 0.5374705
vt 0.1628954 0.5224675
vt 0.2218334 0.5199546
vt 0.2070842 0.5769331
vt 0.2221418 0.5637470
vt 0.2215685 0.5771689
vt 0.7879744 0.5381401
vt 0.8186413 0.5373834
vt 0.8485004 0.5532864
vt 0.8362052 0.5364728
vt 0.8185716 0.5173171
vt 0.8361627 0.5235559
vt 0.7961501 0.4790898
vt 0.7877697 0.4791988
vt 0.2966936 0.9177521
vt 0.2147552 0.8742616
vt 0.1958956 0.8797848
vt 0.2823075 0.9234491
vt 0.8995898 0.8917382
vt 0.9606019 0.8885639
vt 0.6436113 0.2707033
vt 0.6547558 0.2491755
vt 0.6897924 0.2667481
vt 0.6870834 0.2846639
vt 0.6868083 0.3405311
vt 0.6416813 0.3342714
vt 0.5650492 0.2609585
vt 0.5645356 0.3293453
vt 0.5205464 0.2608844
vt 0.4847275 0.2331870
vt 0.5406777 0.3291967
vt 0.7118258 0.3423502
vt 0.7037435 0.2907797
vt 0.0949871 0.2886483
vt 0.0941001 0.3116655
vt 0.0404923 0.3121286
vt 0.0395123 0.2875824
vt 0.0363400 0.2361088
vt 0.0949649 0.2363757
vt 0.0128833 0.2888103
vt 0.0052396 0.2373725
vt 0.1831534 0.3108552
vt 0.2150146 0.2888997
vt 0.2154145 0.2368773
vt 0.2464121 0.3104943
vt 0.3330067 0.2889655
vt 0.3334024 0.3110401
vt 0.3333928 0.2377051
vt 0.3944250 0.2886583
vt 0.3943777 0.3102167
vt 0.3949365 0.2382599
vt 0.4740489 0.3076060
vt 0.4327389 0.3092566
vt 0.4327104 0.2883655
vt 0.4741730 0.2874691
vt 0.4343335 0.2386201
vt 0.4745671 0.2398656
vt 0.7586318 0.7724878
vt 0.7400223 0.7776210
vt 0.7791924 0.8077698
vt 0.7960289 0.7958792
vt 0.8028965 0.7831599
vt 0.7700388 0.7622889
vt 0.7363526 0.7411126
vt 0.7170449 0.7443970
vt 0.7498253 0.7348335
vt 0.7257235 0.7058368
vt 0.7024643 0.7068780
vt 0.7396765 0.7042214
vt 0.7360647 0.6705470
vt 0.7220713 0.6730406
vt 0.8274754 0.8039636
vt 0.8169112 0.8201435
vt 0.8621001 0.8212942
vt 0.8603268 0.8033769
vt 0.7964807 0.8171261
vt 0.8300298 0.7904040
vt 0.8584110 0.7900811
vt 0.9125171 0.8131112
vt 0.8980923 0.7942441
vt 0.8910938 0.7821186
vt 0.9452574 0.7830573
vt 0.9281589 0.7731658
vt 0.9178272 0.7632925
vt 0.7930154 0.6683453
vt 0.7832484 0.6759059
vt 0.7754428 0.6604688
vt 0.7984039 0.6811300
vt 0.7894300 0.6881762
vt 0.8226073 0.6572300
vt 0.8246881 0.6713704
vt 0.9466326 0.2166216
vt 0.9764171 0.2181878
vt 0.9775999 0.2404830
vt 0.9479673 0.2386980
vt 0.9462983 0.2028059
vt 0.9754577 0.2043208
vt 0.9093462 0.2089889
vt 0.9249151 0.2329503
vt 0.9128074 0.1962324
vt 0.8762209 0.1959311
vt 0.8833798 0.1846355
vt 0.0262720 0.7811481
vt 0.0118219 0.7948784
vt 0.0469049 0.7933744
vt 0.0356710 0.7723284
vt 0.0516516 0.7815955
vt 0.0802279 0.8037553
vt 0.0766701 0.8169747
vt 0.0809359 0.7909399
vt 0.1183639 0.8027801
vt 0.1221910 0.8189097
vt 0.1424471 0.7964189
vt 0.1150420 0.7899942
vt 0.1365896 0.7842250
vt 0.1780802 0.7734862
vt 0.1685129 0.7639886
vt 0.2033874 0.7413411
vt 0.1905745 0.7351987
vt 0.2244035 0.7053711
vt 0.2156080 0.7042343
vt 0.2011885 0.7014250
vt 0.2042920 0.6698647
vt 0.2193191 0.6725072
vt 0.7766917 0.7557513
vt 0.7700388 0.7622889
vt 0.8028965 0.7831599
vt 0.8066821 0.7744710
vt 0.7498253 0.7348335
vt 0.7582995 0.7310227
vt 0.7396765 0.7042214
vt 0.7493014 0.7031727
vt 0.7360647 0.6705470
vt 0.7462818 0.6705543
vt 0.8300298 0.7904040
vt 0.8312170 0.7808453
vt 0.8584110 0.7900811
vt 0.8568239 0.7803784
vt 0.8910938 0.7821186
vt 0.8861477 0.7729756
vt 0.9178272 0.7632925
vt 0.9108658 0.7563994
vt 0.7894300 0.6881762
vt 0.7984039 0.6811300
vt 0.8027481 0.6897609
vt 0.7928764 0.6973730
vt 0.8246881 0.6713704
vt 0.8266427 0.6808461
vt 0.8550373 0.6680045
vt 0.8564041 0.6783167
vt 0.9470448 0.1926980
vt 0.9462983 0.2028059
vt 0.9128074 0.1962324
vt 0.9154431 0.1870725
vt 0.8833798 0.1846355
vt 0.8881480 0.1763314
vt 0.0516516 0.7815955
vt 0.0551383 0.7734721
vt 0.0416445 0.7656124
vt 0.0356710 0.7723284
vt 0.0809359 0.7909399
vt 0.0822848 0.7810426
vt 0.1150420 0.7899942
vt 0.1133381 0.7805208
vt 0.1365896 0.7842250
vt 0.1330700 0.7754595
vt 0.1685129 0.7639886
vt 0.1623649 0.7573713
vt 0.1905745 0.7351987
vt 0.1824234 0.7312012
vt 0.2011885 0.7014250
vt 0.1916730 0.7000316
vt 0.2042920 0.6698647
vt 0.1941500 0.6698103
vt 0.3673117 0.9675280
vt 0.3765092 0.9619879
vt 0.8730792 0.9290935
vt 0.8556408 0.9647720
vt 0.9112905 0.9642291
vt 0.9271415 0.9450873
vt 0.3980331 0.9807569
vt 0.4092537 0.9739125
vt 0.4762090 0.9877148
vt 0.5738698 0.9922056
vt 0.5722482 0.9848776
vt 0.4765529 0.9809830
vt 0.6482322 0.9858793
vt 0.6466325 0.9932538
vt 0.7423929 0.9920164
vt 0.7441357 0.9835818
vt 0.8003640 0.9816264
vt 0.8093905 0.9917480
vt 0.8520249 0.9802943
vt 0.8520010 0.9909439
vt 0.8969817 0.9852242
vt 0.9001527 0.9775527
vt 0.1708865 0.4258842
vt 0.1638782 0.4287144
vt 0.1571058 0.4191329
vt 0.1659251 0.4049723
vt 0.1830104 0.4270426
vt 0.1795176 0.4310542
vt 0.1735211 0.4002843
vt 0.1967989 0.4407608
vt 0.1983419 0.4331230
vt 0.2423163 0.4395582
vt 0.2410689 0.4485473
vt 0.6677259 0.2399667
vt 0.6538837 0.2343955
vt 0.0319807 0.8394333
vt 0.0787332 0.8467451
vt 0.1268197 0.8508126
vt 0.1555260 0.8500894
vt 0.1598859 0.8468302
vt 0.8630442 0.8412760
vt 0.8171276 0.8387027
vt 0.7323471 0.3416979
vt 0.2367914 0.8693412
vt 0.3143551 0.9141769
vt 0.2347500 0.8669249
vt 0.2323507 0.8617862
vt 0.7925755 0.9734351
vt 0.7468600 0.9748296
vt 0.6479158 0.9770664
vt 0.5724432 0.9761894
vt 0.3913507 0.9580480
vt 0.3683881 0.8658702
vt 0.4731910 0.8690163
vt 0.4720091 0.8584523
vt 0.3656328 0.8566120
vt 0.7901029 0.8632178
vt 0.7449151 0.8629339
vt 0.7716058 0.8780246
vt 0.8838665 0.9164920
vt 0.8234825 0.9662672
vt 0.2310409 0.8528802
vt 0.2344467 0.8618327
vt 0.8888173 0.9056100
vt 0.8879518 0.8932164
vt 0.9459349 0.9185266
vt 0.9111719 0.8439729
vt 0.8825989 0.8847537
vt 0.0232243 0.3125145
vt 0.8205799 0.9815045
vt 0.8087457 0.9724214
vt 0.4167183 0.9825553
vt 0.4199376 0.9761753
vt 0.1945105 0.3977806
vt 0.2425792 0.3947174
vt 0.7747216 0.6009422
vt 0.7789027 0.5805945
vt 0.7787899 0.5382489
vt 0.7778329 0.5043368
vt 0.7878581 0.5046530
vt 0.7671016 0.6145629
vt 0.7440146 0.5548146
vt 0.7592197 0.5534186
vt 0.7614437 0.5856835
vt 0.7456572 0.5884769
vt 0.1568770 0.6180534
vt 0.1549089 0.6024631
vt 0.2207327 0.6033736
vt 0.2207473 0.6190523
vt 0.7789027 0.5805945
vt 0.7709913 0.5838909
vt 0.7695364 0.5464998
vt 0.7787899 0.5382489
vt 0.7671016 0.6145629
vt 0.7629294 0.6087579
vt 0.7713191 0.5993049
vt 0.7747216 0.6009422
vt 0.7487622 0.6279752
vt 0.7545820 0.6140614
vt 0.7616661 0.5943432
vt 0.7594887 0.6039358
vt 0.7561083 0.6188550
vt 0.7644707 0.5499340
vt 0.7663890 0.5850192
vt 0.7581372 0.6234592
vt 0.7664106 0.5967779
vt 0.7581372 0.6234592
vt 0.7610798 0.6362651
vt 0.9342470 0.8447292
vt 0.7487622 0.6279752
vt 0.7494090 0.6336589
vt 0.7234897 0.6337402
vt 0.7186666 0.5903797
vt 0.7234897 0.6337402
vt 0.7197605 0.5570282
vt 0.1527223 0.5765217
vt 0.9545548 0.8192515
vt 0.9370484 0.8341824
vt 0.9116333 0.8333924
vt 0.9715087 0.8647404
vt 0.1345429 0.5336259
vt 0.1337955 0.5356160
vt 0.1066573 0.5205546
vt 0.1084214 0.5197676
vt 0.1469584 0.5364777
vt 0.1464262 0.5386093
vt 0.1613566 0.5374705
vt 0.2138440 0.5349666
vt 0.2125095 0.5368519
vt 0.1611682 0.5397280
vt 0.2221418 0.5637470
vt 0.2070842 0.5769331
vt 0.2060822 0.5748016
vt 0.2202112 0.5624366
vt 0.2212074 0.5452784
vt 0.2224209 0.5465423
vt 0.9368703 0.8447772
vt 0.9342470 0.8447292
vt 0.9449080 0.8640645
vt 0.9466323 0.8624314
vt 0.9851910 0.8203902
vt 0.9833197 0.8186599
vt 0.9545548 0.8192515
vt 0.9553505 0.8218201
vt 0.7217037 0.6349584
vt 0.7164803 0.5905439
vt 0.7186666 0.5903797
vt 0.7234897 0.6337402
vt 0.7182904 0.5560318
vt 0.7197605 0.5570282
vt 0.1506019 0.5748224
vt 0.1527223 0.5765217
vt 0.9395815 0.8357034
vt 0.9370484 0.8341824
vt 0.9735906 0.8632640
vt 0.9466323 0.8624314
vt 0.9449080 0.8640645
vt 0.9715087 0.8647404
vt 0.2212074 0.5452784
vt 0.2217470 0.5431986
vt 0.1142313 0.5049849
vt 0.1084214 0.5197676
vt 0.1066573 0.5205546
vt 0.1123604 0.5040250
vt 0.9657468 0.8795250
vt 0.9606019 0.8885639
vt 0.9631146 0.8892083
vt 0.9679760 0.8802162
vt 0.1188164 0.4959730
vt 0.1169646 0.4947901
vt 0.4741730 0.2874691
vt 0.4764913 0.2874824
vt 0.4756454 0.3086334
vt 0.4740489 0.3076060
vt 0.4745671 0.2398656
vt 0.4769096 0.2398986
vt 0.9271415 0.9450873
vt 0.9112905 0.9642291
vt 0.9137226 0.9649286
vt 0.9292490 0.9461461
vt 0.1463890 0.4404393
vt 0.1337047 0.4671555
vt 0.1315985 0.4664474
vt 0.1449412 0.4384385
vt 0.1571058 0.4191329
vt 0.1555241 0.4175540
vt 0.8984038 0.9865842
vt 0.9025319 0.9782309
vt 0.9001527 0.9775527
vt 0.8969817 0.9852242
vt 0.1659251 0.4049723
vt 0.1649090 0.4032623
vt 0.1735211 0.4002843
vt 0.1728335 0.3983015
vt 0.9459349 0.9185266
vt 0.9480983 0.9193404
vt 0.1945105 0.3977806
vt 0.1942939 0.3954830
vt 0.2425792 0.3947174
vt 0.2424825 0.3924081
vt 0.9735906 0.8632640
vt 0.9715087 0.8647404
vt 0.7787899 0.5382489
vt 0.7641470 0.5388876
vt 0.7639573 0.4841829
vt 0.7778329 0.5043368
vt 0.2207473 0.6190523
vt 0.2204599 0.6302481
vt 0.1663234 0.6292120
vt 0.1568770 0.6180534
vt 0.7592197 0.5534186
vt 0.7440146 0.5548146
vt 0.7439842 0.5527973
vt 0.7584897 0.5516928
vt 0.1549089 0.6024631
vt 0.1568770 0.6180534
vt 0.1545838 0.6184523
vt 0.1524258 0.6026235
vt 0.7197605 0.5570282
vt 0.7182904 0.5560318
vt 0.1527223 0.5765217
vt 0.1506019 0.5748224
vt 0.2204221 0.6324610
vt 0.2204599 0.6302481
vt 0.1650230 0.6310160
vt 0.1663234 0.6292120
vt 0.7641470 0.5388876
vt 0.7644707 0.5499340
vt 0.7695364 0.5464998
vt 0.7787899 0.5382489
vt 0.9836069 0.7908250
vt 0.9833197 0.8186599
vt 0.9836024 0.7856385
vt 0.9806436 0.7804502
vt 0.9554822 0.7676827
vt 0.9392003 0.7593800
vt 0.9267018 0.7526206
vt 0.9188783 0.7468503
vt 0.9267018 0.7526206
vt 0.7754428 0.6604688
vt 0.7832484 0.6759059
vt 0.7813599 0.6772225
vt 0.7735596 0.6617305
vt 0.7894300 0.6881762
vt 0.7875710 0.6893269
vt 0.7928764 0.6973730
vt 0.7234897 0.6337402
vt 0.7494090 0.6336589
vt 0.7494807 0.6357535
vt 0.7217037 0.6349584
vt 0.7610798 0.6362651
vt 0.7591267 0.6376976
vt 0.7545748 0.6354234
vt 0.7557528 0.6333693
vt 0.9836069 0.7908250
vt 0.9833197 0.8186599
vt 0.9851910 0.8203902
vt 0.9862904 0.7909937
vt 0.9863218 0.7850702
vt 0.9836024 0.7856385
vt 0.9832551 0.7795449
vt 0.9806436 0.7804502
vt 0.9554822 0.7676827
vt 0.9568950 0.7655307
vt 0.9392003 0.7593800
vt 0.9406781 0.7571507
vt 0.9267018 0.7526206
vt 0.9282246 0.7504854
vt 0.9188783 0.7468503
vt 0.9267018 0.7526206
vt 0.9282246 0.7504854
vt 0.8533241 0.6532400
vt 0.8550373 0.6680045
vt 0.1463890 0.4404393
vt 0.1460264 0.4604621
vt 0.1337047 0.4671555
vt 0.1188164 0.4959730
vt 0.1275444 0.5046012
vt 0.1142313 0.5049849
vt 0.1381319 0.5186406
vt 0.1303891 0.5155005
vt 0.1319793 0.5150430
vt 0.1384467 0.5169998
vt 0.1505083 0.5215169
vt 0.2218334 0.5199546
vt 0.1628954 0.5224675
vt 0.1631194 0.5210661
vt 0.2219347 0.5185225
vt 0.1638782 0.4287144
vt 0.1708865 0.4258842
vt 0.1711446 0.4273337
vt 0.1647520 0.4298480
vt 0.1967989 0.4407608
vt 0.2410689 0.4485473
vt 0.2408497 0.4499598
vt 0.1963910 0.4422105
vt 0.1787074 0.4321583
vt 0.1795176 0.4310542
vt 0.1460264 0.4604621
vt 0.1472292 0.4614190
vt 0.1275444 0.5046012
vt 0.1293921 0.5043808
vt 0.8627142 0.2216225
vt 0.0111080 0.8335376
vt 0.0194089 0.8301983
vt 0.0066315 0.8001621
vt 0.8545791 0.2153404
vt 0.8577000 0.2086497
vt 0.8627142 0.2216225
vt 0.7289475 0.2956281
vt 0.8664891 0.1891591
vt 0.8725777 0.1768050
vt 0.8725777 0.1768050
vt 0.8755006 0.1673522
vt 0.8756343 0.2437424
vt 0.8824599 0.2915131
vt 0.8806651 0.2912893
vt 0.8742213 0.2439260
vt 0.0183081 0.8209001
vt 0.0199432 0.8205377
vt 0.0149553 0.8094472
vt 0.0133641 0.8098532
vt 0.8848426 0.3269934
vt 0.8829991 0.3267428
vt 0.8837181 0.3611973
vt 0.8841952 0.3887348
vt 0.8824024 0.3886515
vt 0.8818818 0.3594474
vt 0.6989111 0.2597708
vt 0.7000028 0.2588314
vt 0.7223409 0.2841743
vt 0.7207084 0.2846403
vt 0.0118219 0.7948784
vt 0.0262720 0.7811481
vt 0.0250897 0.7801092
vt 0.0105707 0.7938608
vt 0.0356710 0.7723284
vt 0.0345125 0.7713612
vt 0.0356710 0.7723284
vt 0.0416445 0.7656124
vt 0.0345125 0.7713612
vt 0.6542572 0.2330682
vt 0.6684374 0.2387398
vt 0.6677259 0.2399667
vt 0.6538837 0.2343955
vt 0.8612226 0.2224784
vt 0.8627142 0.2216225
vt 0.7332901 0.2976591
vt 0.7318857 0.2984580
vt 0.7289475 0.2956281
vt 0.7293943 0.2936564
vt 0.0194089 0.8301983
vt 0.0180585 0.8294526
vt 0.0082159 0.8334958
vt 0.0111080 0.8335376
vt 0.0066315 0.8001621
vt 0.0049586 0.8001227
vt 0.0049586 0.8001227
vt 0.0066315 0.8001621
vt 0.8528517 0.2157675
vt 0.8545791 0.2153404
vt 0.8562022 0.2080202
vt 0.8577000 0.2086497
vt 0.8545791 0.2153404
vt 0.8528517 0.2157675
vt 0.8664891 0.1891591
vt 0.8650737 0.1884222
vt 0.8725777 0.1768050
vt 0.8711920 0.1760855
vt 0.8755006 0.1673522
vt 0.7443627 0.3416376
vt 0.7318857 0.2984580
vt 0.7459660 0.3415524
vt 0.7443627 0.3416376
vt 0.9939442 0.3349403
vt 0.9871293 0.3358424
vt 0.9921473 0.3920183
vt 0.9862427 0.3923692
vt 0.9754577 0.2043208
vt 0.9761974 0.1942948
vt 0.9303917 0.2429714
vt 0.9622611 0.2589530
vt 0.9437996 0.2484509
vt 0.9407273 0.3927472
vt 0.9543520 0.3914944
vt 0.9389967 0.3353667
vt 0.9522893 0.3228489
vt 0.9375052 0.3032200
vt 0.9481674 0.2988749
vt 0.9335963 0.2660540
vt 0.9401238 0.2655308
vt 0.9303917 0.2429714
vt 0.9399801 0.2617376
vt 0.9399801 0.2617376
vt 0.9303917 0.2429714
vt 0.9437996 0.2484509
vt 0.9449248 0.2601088
vt 0.9622611 0.2589530
vt 0.9558740 0.2660017
vt 0.9724349 0.2723183
vt 0.9638308 0.2769682
vt 0.9829479 0.3052795
vt 0.9724732 0.3042759
vt 0.9871293 0.3358424
vt 0.9750268 0.3342290
vt 0.9862427 0.3923692
vt 0.9735536 0.3913099
vt 0.6945892 0.6801006
vt 0.6879669 0.6760147
vt 0.5354439 0.6751244
vt 0.6212193 0.6753481
vt 0.3642253 0.8284844
vt 0.2243322 0.8219473
vt 0.2276286 0.8371467
vt 0.3648015 0.8399987
vt 0.5403532 0.6752343
vt 0.5400788 0.7078892
vt 0.5404599 0.7491407
vt 0.6674461 0.8621218
vt 0.5518479 0.8598368
vt 0.5532621 0.8714201
vt 0.6674857 0.8748494
vt 0.6636998 0.8308211
vt 0.5484263 0.8318074
vt 0.5429913 0.7873212
vt 0.4771248 0.9733756
vt 0.6878986 0.6712727
vt 0.6975772 0.6788792
vt 0.2316458 0.6716748
vt 0.8090286 0.8259968
vt 0.2279644 0.8527716
vt 0.1950078 0.8522093
vt 0.8625117 0.8300081
vt 0.8159634 0.8632178
vt 0.8153033 0.8793346
vt 0.2203834 0.7843446
vt 0.2228232 0.8212286
vt 0.2232468 0.8053187
vt 0.2218953 0.7846133
vt 0.2228232 0.8212286
vt 0.2203834 0.7843446
vt 0.2189267 0.7844480
vt 0.2213021 0.8216868
vt 0.2214885 0.7462808
vt 0.2231158 0.7463336
vt 0.2214885 0.7462808
vt 0.2202178 0.7459198
vt 0.2255902 0.7057369
vt 0.2273358 0.7055818
vt 0.2346486 0.6754679
vt 0.2333365 0.6733871
vt 0.2346486 0.6754679
vt 0.3673896 0.6753498
vt 0.3676104 0.6724840
vt 0.2333365 0.6733871
vt 0.5469372 0.8311577
vt 0.5415033 0.7870916
vt 0.5400164 0.7873338
vt 0.5454422 0.8317930
vt 0.5389763 0.7491904
vt 0.5374945 0.7491407
vt 0.5385964 0.7081080
vt 0.5371164 0.7078892
vt 0.7780640 0.8079826
vt 0.7385698 0.7777892
vt 0.7364969 0.7782366
vt 0.7768018 0.8095212
vt 0.7156730 0.7446716
vt 0.7138640 0.7447439
vt 0.7011456 0.7071558
vt 0.6993639 0.7069652
vt 0.8173979 0.8622411
vt 0.8167230 0.8784025
vt 0.8182618 0.8794218
vt 0.8189301 0.8632178
vt 0.7385698 0.7777892
vt 0.7780640 0.8079826
vt 0.7791924 0.8077698
vt 0.7400223 0.7776210
vt 0.7156730 0.7446716
vt 0.7170449 0.7443970
vt 0.7011456 0.7071558
vt 0.7024643 0.7068780
vt 0.2255902 0.7057369
vt 0.2244035 0.7053711
vt 0.5503596 0.8588855
vt 0.5488608 0.8597814
vt 0.8154646 0.8376200
vt 0.8171276 0.8387027
vt 0.2333365 0.6733871
vt 0.3676104 0.6724840
vt 0.3675895 0.6693941
vt 0.2316458 0.6716748
vt 0.5377955 0.6727035
vt 0.5377369 0.6694710
vt 0.6209311 0.6724292
vt 0.6208563 0.6693029
vt 0.6870984 0.6735936
vt 0.6878986 0.6712727
vt 0.5517749 0.8704085
vt 0.5502713 0.8713304
vt 0.2295373 0.8518558
vt 0.2329358 0.8607240
vt 0.2344467 0.8618327
vt 0.2310409 0.8528802
vt 0.8173979 0.8622411
vt 0.8148740 0.8503921
vt 0.8159634 0.8632178
vt 0.6945892 0.6801006
vt 0.6961719 0.6795688
vt 0.6870984 0.6735936
vt 0.6879669 0.6760147
vt 0.5377955 0.6727035
vt 0.5354439 0.6751244
vt 0.5377955 0.6727035
vt 0.5354439 0.6751244
vt 0.6209311 0.6724292
vt 0.6212193 0.6753481
vt 0.2276286 0.8371467
vt 0.2243322 0.8219473
vt 0.5377955 0.6727035
vt 0.5403532 0.6752343
vt 0.5400788 0.7078892
vt 0.5403532 0.6752343
vt 0.5377955 0.6727035
vt 0.5385964 0.7081080
vt 0.5389763 0.7491904
vt 0.5404599 0.7491407
vt 0.5503596 0.8588855
vt 0.5517749 0.8704085
vt 0.5532621 0.8714201
vt 0.5518479 0.8598368
vt 0.5469372 0.8311577
vt 0.5484263 0.8318074
vt 0.5415033 0.7870916
vt 0.5429913 0.7873212
vt 0.6961719 0.6795688
vt 0.6975772 0.6788792
vt 0.2333365 0.6733871
vt 0.2316458 0.6716748
vt 0.2295373 0.8518558
vt 0.2279644 0.8527716
vt 0.7964807 0.8171261
vt 0.7950956 0.8168607
vt 0.8078792 0.8259216
vt 0.8090286 0.8259968
vt 0.2329358 0.8607240
vt 0.2323507 0.8617862
vt 0.8138661 0.8385276
vt 0.8154646 0.8376200
vt 0.8078792 0.8259216
vt 0.8062313 0.8272794
vt 0.7950956 0.8168607
vt 0.7938243 0.8186420
vt 0.8167230 0.8784025
vt 0.8153033 0.8793346
vt 0.1642700 0.8516435
vt 0.5911045 0.2181128
vt 0.6331511 0.2253642
vt 0.6329318 0.2261178
vt 0.5908761 0.2188871
vt 0.5482409 0.2140128
vt 0.5480542 0.2148415
vt 0.5153084 0.2128905
vt 0.5149655 0.2120678
vt 0.5229712 0.2104180
vt 0.5229961 0.2112761
vt 0.5067403 0.2171858
vt 0.5076534 0.2177611
vt 0.1935431 0.8797085
vt 0.1948813 0.8780404
vt 0.1736293 0.8581805
vt 0.1723047 0.8583741
vt 0.0320665 0.8403051
vt 0.0788848 0.8476419
vt 0.0787332 0.8467451
vt 0.0319807 0.8394333
vt 0.1267844 0.8516715
vt 0.1268197 0.8508126
vt 0.1553413 0.8509687
vt 0.1555260 0.8500894
vt 0.1642700 0.8516435
vt 0.1641532 0.8523871
vt 0.0111080 0.8335376
vt 0.0082159 0.8334958
vt 0.2137615 0.8735451
vt 0.2127694 0.8728172
vt 0.1935431 0.8797085
vt 0.2802551 0.9244607
vt 0.2823075 0.9234491
vt 0.1958956 0.8797848
vt 0.2137615 0.8735451
vt 0.1935431 0.8797085
vt 0.1958956 0.8797848
vt 0.2147552 0.8742616
vt 0.0940822 0.3124736
vt 0.0405505 0.3129722
vt 0.0404923 0.3121286
vt 0.0941001 0.3116655
vt 0.1822550 0.3116058
vt 0.1831534 0.3108552
vt 0.2464121 0.3104943
vt 0.2473072 0.3112316
vt 0.3334145 0.3118121
vt 0.3334024 0.3110401
vt 0.3943611 0.3110159
vt 0.3943777 0.3102167
vt 0.4756454 0.3086334
vt 0.4327436 0.3100596
vt 0.4327389 0.3092566
vt 0.4740489 0.3076060
vt 0.3663859 0.9680987
vt 0.3673117 0.9675280
vt 0.4762090 0.9877148
vt 0.4167183 0.9825553
vt 0.4169235 0.9835117
vt 0.4761727 0.9886198
vt 0.3972344 0.9814811
vt 0.3980331 0.9807569
vt 0.5740386 0.9930967
vt 0.5738698 0.9922056
vt 0.6464636 0.9941401
vt 0.7422642 0.9928960
vt 0.7423929 0.9920164
vt 0.6466325 0.9932538
vt 0.8093125 0.9926398
vt 0.8093905 0.9917480
vt 0.8518428 0.9917286
vt 0.8984038 0.9865842
vt 0.8969817 0.9852242
vt 0.8520010 0.9909439
vt 0.2355288 0.8679558
vt 0.2367914 0.8693412
vt 0.2355288 0.8679558
vt 0.2347500 0.8669249
vt 0.0227581 0.3131939
vt 0.0232243 0.3125145
vt 0.4847275 0.2331870
vt 0.4837659 0.2327747
vt 0.4273756 0.9678589
vt 0.0120151 0.2888636
vt 0.0043331 0.2373891
vt 0.0052396 0.2373725
vt 0.0128833 0.2888103
vt 0.0227581 0.3131939
vt 0.0232243 0.3125145
vt 0.7962379 0.5044172
vt 0.8002758 0.5108280
vt 0.8049166 0.5004369
vt 0.8051587 0.4768273
vt 0.8360150 0.4784733
vt 0.7961501 0.4790898
vt 0.8051587 0.4768273
vt 0.8049166 0.5004369
vt 0.7962379 0.5044172
vt 0.8084002 0.5044433
vt 0.8002758 0.5108280
vt 0.8185716 0.5173171
vt 0.8361627 0.5235559
vt 0.8361648 0.5235546
vt 0.8360150 0.4784733
vt 0.8360135 0.4784739
vt 0.8361648 0.5235546
vt 0.8361627 0.5235559
vt 0.7777904 0.4791305
vt 0.7777904 0.4791305
vt 0.8361648 0.5235546
vt 0.8084002 0.5044433
vt 0.7775077 0.8333220
vt 0.7938243 0.8186420
vt 0.8062313 0.8272794
vt 0.7808978 0.8364161
vt 0.7914411 0.8370916
vt 0.8148740 0.8503921
vt 0.7909175 0.8473158
vt 0.7560624 0.8326928
vt 0.7507396 0.8452712
vt 0.7524965 0.8355826
vt 0.7456807 0.8352169
vt 0.5488608 0.8597814
vt 0.5206069 0.8431026
vt 0.5210598 0.8593004
vt 0.5197971 0.8141461
vt 0.5454422 0.8317930
vt 0.5400164 0.7873338
vt 0.4723308 0.8421242
vt 0.4728926 0.8135999
vt 0.5115786 0.8263923
vt 0.5121599 0.8311852
vt 0.5202777 0.8313337
vt 0.7820838 0.8461914
vt 0.8138661 0.8385276
vt 0.5502713 0.8713304
vt 0.5127643 0.8361674
vt 0.5081881 0.8232983
vt 0.4867431 0.8226690
vt 0.4831771 0.8255584
vt 0.4725604 0.8304623
vt 0.4822558 0.8306394
vt 0.4814202 0.8352473
vt 0.5115786 0.8263923
vt 0.4972859 0.8288947
vt 0.5121599 0.8311852
vt 0.5127643 0.8361674
vt 0.4814202 0.8352473
vt 0.4822558 0.8306394
vt 0.7808978 0.8364161
vt 0.7666313 0.8382459
vt 0.7820838 0.8461914
vt 0.7524965 0.8355826
vt 0.7560624 0.8326928
vt 0.7775077 0.8333220
vt 0.7507396 0.8452712
vt 0.4831771 0.8255584
vt 0.4867431 0.8226690
vt 0.5081881 0.8232983
vt 0.1099301 0.9934498
vt 0.1851131 0.9937853
vt 0.1647568 0.9825340
vt 0.1303867 0.9823802
vt 0.1892183 0.9940000
vt 0.2646766 0.9943392
vt 0.2442431 0.9830467
vt 0.2097480 0.9828917
vt 0.1647568 0.9825340
vt 0.1851131 0.9937853
vt 0.1851632 0.9826251
vt 0.1099301 0.9934498
vt 0.1303867 0.9823802
vt 0.1099803 0.9822890
vt 0.2442431 0.9830467
vt 0.2646766 0.9943392
vt 0.2647240 0.9831386
vt 0.1892183 0.9940000
vt 0.2097480 0.9828917
vt 0.1892675 0.9827998
vt 0.1892675 0.9827998
vt 0.2097480 0.9828917
vt 0.2442431 0.9830467
vt 0.2647240 0.9831386
vt 0.1099803 0.9822890
vt 0.1303867 0.9823802
vt 0.1647568 0.9825340
vt 0.1851632 0.9826251
vt 0.7557528 0.6333693
vt 0.2217470 0.5431986
vt 0.2224209 0.5465423
vt 0.2224209 0.5465423
vt 0.2212074 0.5452784
vt 0.0337986 0.9630062
vt 0.0374768 0.9642335
vt 0.0348529 0.9712832
vt 0.0314581 0.9692820
vt 0.0402394 0.9665428
vt 0.0424030 0.9690329
vt 0.0375971 0.9749897
vt 0.0439867 0.9725072
vt 0.0310963 0.9625407
vt 0.0283049 0.9623765
vt 0.0284059 0.9694019
vt 0.0249111 0.9632923
vt 0.0220746 0.9653862
vt 0.0255462 0.9714740
vt 0.0200379 0.9673458
vt 0.0210881 0.9662882
vt 0.0180936 0.9698517
vt 0.0234661 0.9754721
vt 0.0165893 0.9734030
vt 0.0738030 0.9734174
vt 0.0735141 0.9754996
vt 0.0684250 0.9788502
vt 0.0697165 0.9669479
vt 0.0722058 0.9701143
vt 0.0658706 0.9737053
vt 0.0667565 0.9651166
vt 0.0624809 0.9706205
vt 0.0635999 0.9637110
vt 0.0651440 0.9643527
vt 0.0603479 0.9626800
vt 0.0582962 0.9696441
vt 0.0567925 0.9630301
vt 0.0546096 0.9635184
vt 0.0514954 0.9657142
vt 0.0546070 0.9717918
vt 0.0490127 0.9683350
vt 0.0471290 0.9712774
vt 0.0526207 0.9761252
vt 0.0462261 0.9745505
vt 0.0445151 0.9747264
vt 0.0388807 0.9780079
vt 0.0460227 0.9766970
vt 0.0517741 0.9790966
vt 0.0169749 0.9755142
vt 0.0225970 0.9782614
vt 0.0526207 0.9761252
vt 0.0546070 0.9717918
vt 0.0624809 0.9706205
vt 0.0658706 0.9737053
vt 0.0684250 0.9788502
vt 0.0517741 0.9790966
vt 0.0255462 0.9714740
vt 0.0284059 0.9694019
vt 0.0314581 0.9692820
vt 0.0348529 0.9712832
vt 0.0234661 0.9754721
vt 0.0375971 0.9749897
vt 0.0225970 0.9782614
vt 0.0388807 0.9780079
vt 0.0582962 0.9696441
vt 0.0592091 0.9804157
vt 0.0699522 0.9804618
vt 0.0738114 0.9849433
vt 0.0501974 0.9849111
vt 0.0447189 0.9803200
vt 0.0320638 0.9803108
vt 0.0376770 0.9803519
vt 0.0270888 0.9848799
vt 0.0279677 0.9797224
vt 0.0291787 0.9800266
vt 0.0717224 0.9801365
vt 0.0729635 0.9797964
vt 0.0270958 0.9797125
vt 0.0738188 0.9798384
vt 0.0906183 0.9803964
vt 0.0914957 0.9804913
vt 0.0931769 0.9817722
vt 0.0906107 0.9849662
vt 0.0968998 0.9849768
vt 0.1001767 0.9906458
vt 0.0104905 0.9800113
vt 0.0104861 0.9848649
vt 0.0063261 0.9819205
vt 0.0096118 0.9801329
vt 0.0028531 0.9854417
vt 0.0032266 0.9842443
vt 0.0021434 0.9877171
vt 0.1018787 0.9996489
vt 0.0822029 0.9996185
vt 0.0104820 0.9895208
vt 0.0386232 0.9995593
vt 0.8427938 0.8816099
vt 0.8580179 0.8852999
vt 0.8560609 0.8873096
vt 0.8420547 0.8839146
vt 0.8616812 0.8930224
vt 0.8591508 0.8938224
vt 0.8609964 0.9044844
vt 0.8585273 0.9043285
vt 0.8550041 0.9154474
vt 0.8529640 0.9144992
vt 0.8436819 0.9271262
vt 0.8421535 0.9256603
vt 0.7941513 0.9601458
vt 0.7931376 0.9583485
vt 0.7805263 0.9663796
vt 0.7801543 0.9642718
vt 0.7663994 0.9685148
vt 0.7730067 0.9653448
vt 0.7663994 0.9685148
vt 0.7580750 0.9667338
vt 0.7653144 0.9663746
vt 0.7250131 0.9705698
vt 0.6361482 0.9734354
vt 0.6365209 0.9712162
vt 0.7253147 0.9683586
vt 0.5685215 0.9731586
vt 0.5817625 0.9709852
vt 0.5685215 0.9731586
vt 0.5579663 0.9706223
vt 0.5674624 0.9708949
vt 0.4826192 0.9706897
vt 0.4383935 0.9667243
vt 0.4393237 0.9645525
vt 0.4831563 0.9684753
vt 0.4078787 0.9563243
vt 0.4093711 0.9543570
vt 0.3467611 0.9171106
vt 0.3484921 0.9152686
vt 0.2835350 0.8744183
vt 0.2857974 0.8729067
vt 0.2813492 0.8680840
vt 0.2849568 0.8704774
vt 0.4025671 0.8711087
vt 0.4021521 0.8734031
vt 0.5645868 0.8751406
vt 0.5391716 0.8768356
vt 0.5672458 0.8752055
vt 0.5846593 0.8779595
vt 0.5672573 0.8775382
vt 0.6685990 0.8776411
vt 0.7606399 0.8798223
vt 0.7602197 0.8821675
vt 0.6681870 0.8799824
vt 0.7991876 0.8806967
vt 0.7877408 0.8827823
vt 0.8420547 0.8839146
vt 0.8560609 0.8873096
vt 0.8543707 0.8883352
vt 0.8404353 0.8856078
vt 0.8591508 0.8938224
vt 0.8572990 0.8947166
vt 0.8585273 0.9043285
vt 0.8562934 0.9050201
vt 0.8529640 0.9144992
vt 0.8504090 0.9145840
vt 0.8421535 0.9256603
vt 0.8392214 0.9253880
vt 0.7931376 0.9583485
vt 0.7922719 0.9560597
vt 0.7801543 0.9642718
vt 0.7790912 0.9619801
vt 0.7253147 0.9683586
vt 0.6365209 0.9712162
vt 0.6376413 0.9685116
vt 0.7242777 0.9663754
vt 0.5817625 0.9709852
vt 0.5861786 0.9676375
vt 0.4831563 0.9684753
vt 0.4393237 0.9645525
vt 0.4408008 0.9609859
vt 0.4839663 0.9646835
vt 0.4093711 0.9543570
vt 0.4119609 0.9516553
vt 0.3484921 0.9152686
vt 0.3507847 0.9126530
vt 0.2857974 0.8729067
vt 0.2898235 0.8737410
vt 0.3279901 0.8999410
vt 0.2849568 0.8704774
vt 0.2889945 0.8713793
vt 0.2849568 0.8704774
vt 0.4021521 0.8734031
vt 0.4038942 0.8762630
vt 0.3256634 0.8724568
vt 0.5391716 0.8768356
vt 0.5356712 0.8805178
vt 0.6681870 0.8799824
vt 0.7602197 0.8821675
vt 0.7590699 0.8838966
vt 0.6686792 0.8817459
vt 0.7877408 0.8827823
vt 0.7848750 0.8858269
vt 0.5486091 0.9221425
vt 0.5668182 0.9225264
vt 0.7755439 0.9265629
vt 0.7818058 0.9266791
vt 0.5647727 0.8774766
vt 0.5839029 0.9228656
vt 0.5693015 0.9225768
vt 0.7844349 0.9046137
vt 0.7902521 0.9047007
vt 0.5699295 0.9709353
vt 0.5878150 0.8809607
vt 0.5846593 0.8779595
vt 0.5579663 0.9706223
vt 0.5533989 0.9673213
vt 0.7983869 0.8830202
vt 0.7580750 0.9667338
vt 0.7557735 0.9655794
vt 0.8053539 0.8831657
vt 0.8017931 0.8807536
vt 0.8053539 0.8831657
vt 0.8064494 0.8848282
vt 0.7730067 0.9653448
vt 0.7762597 0.9619620
vt 0.7678162 0.9661241
vt 0.5533989 0.9673213
vt 0.5453868 0.9209721
vt 0.5486091 0.9221425
vt 0.5579663 0.9706223
vt 0.5878150 0.8809607
vt 0.5868273 0.9222394
vt 0.5839029 0.9228656
vt 0.5846593 0.8779595
vt 0.5861786 0.9676375
vt 0.5817625 0.9709852
vt 0.7557735 0.9655794
vt 0.7732847 0.9254702
vt 0.7755439 0.9265629
vt 0.7580750 0.9667338
vt 0.7820873 0.9039311
vt 0.7844349 0.9046137
vt 0.7848750 0.8858269
vt 0.7877408 0.8827823
vt 0.8064494 0.8848282
vt 0.7993090 0.9050239
vt 0.7969666 0.9047958
vt 0.8053539 0.8831657
vt 0.7911430 0.9269911
vt 0.7886900 0.9268069
vt 0.7762597 0.9619620
vt 0.7730067 0.9653448
vt 0.2918317 0.8739097
vt 0.2915041 0.8729845
vt 0.3238374 0.8737780
vt 0.3262709 0.8967872
vt 0.2889945 0.8713793
vt 0.2898235 0.8737410
vt 0.2889945 0.8713793
vt 0.2915041 0.8729845
vt 0.2918317 0.8739097
vt 0.2889945 0.8713793
vt 0.3256634 0.8724568
vt 0.3238374 0.8737780
vt 0.2915041 0.8729845
vt 0.3256634 0.8724568
vt 0.3279901 0.8999410
vt 0.3262709 0.8967872
vt 0.3238374 0.8737780
vt 0.3279901 0.8999410
vt 0.3262709 0.8967872
vt 0.8008376 0.8830727
vt 0.7969666 0.9047958
vt 0.7927035 0.9047365
vt 0.7886900 0.9268069
vt 0.7842572 0.9267244
vt 0.5658825 0.8765351
vt 0.5657678 0.8741509
vt 0.5672458 0.8752055
vt 0.5672573 0.8775382
vt 0.5679426 0.9215053
vt 0.5684716 0.9707927
vt 0.5674624 0.9708949
vt 0.5668182 0.9225264
vt 0.7668288 0.9660752
vt 0.7663994 0.9685148
vt 0.7653144 0.9663746
vt 0.5647727 0.8774766
vt 0.5658825 0.8765351
vt 0.5693015 0.9225768
vt 0.5679426 0.9215053
vt 0.7902521 0.9047007
vt 0.7916579 0.9037485
vt 0.7832306 0.9256113
vt 0.7818058 0.9266791
vt 0.5699295 0.9709353
vt 0.5684716 0.9707927
vt 0.5645868 0.8751406
vt 0.5657678 0.8741509
vt 0.7991876 0.8806967
vt 0.8006554 0.8797004
vt 0.7997828 0.8821161
vt 0.7983869 0.8830202
vt 0.7997828 0.8821161
vt 0.8006554 0.8797004
vt 0.8017931 0.8807536
vt 0.8008376 0.8830727
vt 0.7927035 0.9047365
vt 0.7916579 0.9037485
vt 0.7842572 0.9267244
vt 0.7832306 0.9256113
vt 0.7678162 0.9661241
vt 0.7663994 0.9685148
vt 0.7668288 0.9660752
vt 0.0653032 0.6465135
vt 0.0645046 0.7019407
vt 0.0489218 0.6984060
vt 0.0461808 0.6744457
vt 0.0468371 0.6263937
vt 0.0460549 0.5632028
vt 0.0653140 0.5632473
vt 0.1058733 0.3344838
vt 0.1088333 0.3634769
vt 0.0997966 0.3476625
vt 0.1113388 0.3227944
vt 0.1234520 0.3322717
vt 0.0786815 0.7533609
vt 0.0848539 0.7576467
vt 0.0769941 0.7703705
vt 0.0699498 0.7661395
vt 0.3687178 0.6385826
vt 0.3686760 0.6593029
vt 0.2455891 0.6606888
vt 0.2457924 0.6396324
vt 0.5343263 0.6415917
vt 0.5346978 0.6622407
vt 0.6795136 0.6614828
vt 0.6151745 0.6603947
vt 0.6148422 0.6392236
vt 0.6791083 0.6401743
vt 0.7266357 0.6629578
vt 0.7126765 0.6611616
vt 0.7119259 0.6413876
vt 0.7259279 0.6422453
vt 0.2251595 0.6608378
vt 0.2254898 0.6413423
vt 0.2108288 0.6627844
vt 0.2110619 0.6425135
vt 0.7266357 0.6629578
vt 0.7259279 0.6422453
vt 0.7359002 0.6421961
vt 0.7365445 0.6628547
vt 0.2010392 0.6627793
vt 0.2013148 0.6425893
vt 0.2110619 0.6425135
vt 0.2108288 0.6627844
vt 0.7126765 0.6611616
vt 0.7266357 0.6629578
vt 0.7128987 0.6662892
vt 0.2251785 0.6658860
vt 0.2108288 0.6627844
vt 0.2251595 0.6608378
vt 0.2455891 0.6606888
vt 0.3686760 0.6593029
vt 0.3687143 0.6640986
vt 0.2368905 0.6653429
vt 0.5347368 0.6669096
vt 0.5346978 0.6622407
vt 0.6151745 0.6603947
vt 0.6152671 0.6658059
vt 0.6796886 0.6670933
vt 0.6795136 0.6614828
vt 0.0902584 0.3662770
vt 0.0975820 0.3976406
vt 0.0827327 0.3949836
vt 0.0848961 0.3806689
vt 0.0989314 0.4100592
vt 0.0838287 0.4149322
vt 0.0824040 0.4435939
vt 0.0826491 0.4318627
vt 0.0958077 0.4353898
vt 0.0957023 0.4402049
vt 0.1234520 0.3322717
vt 0.1113388 0.3227944
vt 0.1168743 0.3158585
vt 0.1284070 0.3257773
vt 0.2999499 0.4677096
vt 0.2999499 0.4642482
vt 0.3756829 0.4711932
vt 0.3757077 0.4767474
vt 0.4108839 0.5014343
vt 0.4092500 0.5001870
vt 0.4024357 0.4760248
vt 0.4036287 0.4746062
vt 0.3757851 0.4693581
vt 0.4036287 0.4746062
vt 0.4024357 0.4760248
vt 0.3756829 0.4711932
vt 0.2999499 0.4642482
vt 0.2999499 0.4624333
vt 0.3929796 0.4834186
vt 0.4024357 0.4760248
vt 0.4092500 0.5001870
vt 0.4034407 0.4994743
vt 0.3980621 0.5032676
vt 0.3908789 0.4950949
vt 0.3929796 0.4834186
vt 0.4034407 0.4994743
vt 0.3748308 0.4927107
vt 0.3757077 0.4767474
vt 0.2999499 0.4877890
vt 0.2999499 0.4677096
vt 0.3731843 0.5021341
vt 0.3980621 0.5032676
vt 0.4017519 0.5073835
vt 0.3754687 0.5094216
vt 0.3731843 0.5021341
vt 0.3748308 0.4927107
vt 0.3908789 0.4950949
vt 0.3980621 0.5032676
vt 0.2999499 0.5000619
vt 0.2999499 0.4877890
vt 0.0547905 0.7221120
vt 0.0616592 0.7428991
vt 0.0740455 0.7381854
vt 0.0665980 0.7573191
vt 0.0699498 0.7661395
vt 0.0786815 0.7533609
vt 0.0119907 0.3417695
vt 0.0213097 0.3927234
vt 0.0074583 0.3904312
vt 0.0195089 0.4680658
vt 0.0054862 0.4667688
vt 0.0189926 0.5613071
vt 0.0045931 0.5613071
vt 0.0213097 0.3927234
vt 0.0432896 0.3902357
vt 0.0414116 0.4666725
vt 0.0195089 0.4680658
vt 0.0409567 0.5613071
vt 0.0189926 0.5613071
vt 0.0559214 0.3541191
vt 0.0572372 0.3543170
vt 0.0213097 0.3927234
vt 0.0572372 0.3543170
vt 0.0833112 0.4178634
vt 0.0963730 0.4134557
vt 0.0833112 0.4178634
vt 0.0826491 0.4318627
vt 0.0741374 0.4313288
vt 0.0810163 0.5444800
vt 0.0733865 0.5444800
vt 0.0736910 0.4775704
vt 0.0816925 0.4776991
vt 0.0824040 0.4435939
vt 0.0740452 0.4408765
vt 0.0711086 0.4397894
vt 0.0721492 0.4290515
vt 0.0741374 0.4313288
vt 0.0740452 0.4408765
vt 0.0838287 0.4149322
vt 0.0833112 0.4178634
vt 0.0838287 0.4149322
vt 0.0989314 0.4100592
vt 0.0963730 0.4134557
vt 0.0833112 0.4178634
vt 0.0989314 0.4100592
vt 0.0995746 0.4333158
vt 0.0958077 0.4353898
vt 0.0963730 0.4134557
vt 0.0988628 0.4787211
vt 0.0948384 0.4798151
vt 0.0953157 0.4579294
vt 0.0992022 0.4570544
vt 0.0981766 0.5444807
vt 0.0941138 0.5444804
vt 0.4035159 0.5010383
vt 0.4034407 0.4994743
vt 0.4092500 0.5001870
vt 0.4108839 0.5014343
vt 0.3980621 0.5032676
vt 0.2762450 0.3666575
vt 0.2762450 0.3600387
vt 0.3516240 0.3657647
vt 0.3516697 0.3729901
vt 0.3887630 0.3815666
vt 0.3947278 0.3879071
vt 0.3523096 0.3808744
vt 0.3835999 0.3714716
vt 0.3887630 0.3815666
vt 0.3835999 0.3714716
vt 0.3844837 0.3702192
vt 0.3910253 0.3811892
vt 0.3977084 0.3895811
vt 0.3947278 0.3879071
vt 0.3522324 0.3825121
vt 0.2762450 0.3771290
vt 0.2762450 0.3754677
vt 0.3523096 0.3808744
vt 0.2762450 0.3600387
vt 0.2762450 0.3585199
vt 0.3516417 0.3642324
vt 0.3516240 0.3657647
vt 0.3947278 0.3879071
vt 0.3977084 0.3895811
vt 0.3775751 0.3687616
vt 0.3835999 0.3714716
vt 0.2762450 0.3754677
vt 0.3844837 0.3702192
vt 0.1165264 0.5792500
vt 0.1325669 0.5705660
vt 0.1271608 0.5940253
vt 0.1172957 0.5933247
vt 0.1263029 0.6218460
vt 0.1175128 0.6203282
vt 0.1399329 0.5686815
vt 0.1370737 0.5907854
vt 0.1343151 0.6203907
vt 0.1167370 0.6310003
vt 0.1250117 0.6308822
vt 0.1332151 0.6282014
vt 0.1488770 0.5886990
vt 0.1490143 0.6230064
vt 0.1428346 0.6237314
vt 0.1443763 0.5941210
vt 0.1450708 0.6459381
vt 0.1410749 0.6406592
vt 0.1450708 0.6459381
vt 0.1247422 0.6520593
vt 0.1249500 0.6444084
vt 0.1410749 0.6406592
vt 0.1039706 0.6516482
vt 0.1083541 0.6453893
vt 0.1039706 0.6516482
vt 0.1031044 0.6214599
vt 0.1089783 0.6227977
vt 0.1083541 0.6453893
vt 0.1064020 0.5905766
vt 0.1092161 0.5966963
vt 0.1165264 0.5792500
vt 0.1143676 0.5885083
vt 0.1399329 0.5686815
vt 0.1464978 0.5673410
vt 0.1442776 0.5743100
vt 0.1423643 0.5750015
vt 0.1464978 0.5673410
vt 0.1442776 0.5743100
vt 0.4974588 0.9065517
vt 0.4542691 0.9070532
vt 0.4542691 0.9050187
vt 0.4971311 0.9045036
vt 0.4542756 0.8855078
vt 0.4975196 0.8853669
vt 0.4973356 0.8876545
vt 0.4542758 0.8878503
vt 0.5307906 0.8838410
vt 0.5291602 0.8860630
vt 0.5345240 0.8943269
vt 0.5323321 0.8949103
vt 0.5371825 0.9054523
vt 0.5345430 0.9035304
vt 0.5371825 0.9054523
vt 0.5345430 0.9035304
vt 0.5291602 0.8860630
vt 0.5323321 0.8949103
vt 0.5265120 0.8970673
vt 0.5227315 0.8876104
vt 0.5345430 0.9035304
vt 0.5285401 0.9022914
vt 0.7531275 0.8922675
vt 0.7537498 0.8959329
vt 0.7204378 0.8957820
vt 0.7208228 0.8920602
vt 0.6774130 0.8912010
vt 0.6774130 0.8951173
vt 0.7556477 0.9215202
vt 0.7563026 0.9234848
vt 0.7202971 0.9244002
vt 0.7202630 0.9222938
vt 0.6774132 0.9253643
vt 0.6774132 0.9230334
vt 0.7543256 0.9076091
vt 0.7548833 0.9099672
vt 0.7202125 0.9102890
vt 0.7203296 0.9078701
vt 0.6774132 0.9103949
vt 0.6774132 0.9076991
vt 0.7572969 0.9349813
vt 0.7585893 0.9381771
vt 0.7208198 0.9398603
vt 0.7205369 0.9364488
vt 0.6774132 0.9415243
vt 0.6774132 0.9379630
vt 0.7202125 0.9102890
vt 0.7548833 0.9099672
vt 0.7572324 0.9156911
vt 0.7217169 0.9161043
vt 0.6774132 0.9103949
vt 0.6774132 0.9165013
vt 0.7204378 0.8957820
vt 0.7537498 0.8959329
vt 0.7558734 0.9015162
vt 0.7217796 0.9014382
vt 0.6774130 0.8951173
vt 0.6774130 0.9009879
vt 0.7202971 0.9244002
vt 0.7563026 0.9234848
vt 0.7588007 0.9293725
vt 0.7219100 0.9304328
vt 0.6774132 0.9253643
vt 0.6774132 0.9316571
vt 0.7556477 0.9215202
vt 0.7202630 0.9222938
vt 0.7217169 0.9161043
vt 0.7572324 0.9156911
vt 0.6774132 0.9230334
vt 0.6774132 0.9165013
vt 0.7543256 0.9076091
vt 0.7203296 0.9078701
vt 0.7217796 0.9014382
vt 0.7558734 0.9015162
vt 0.6774132 0.9076991
vt 0.6774130 0.9009879
vt 0.7572969 0.9349813
vt 0.7205369 0.9364488
vt 0.7219100 0.9304328
vt 0.7588007 0.9293725
vt 0.6774132 0.9379630
vt 0.6774132 0.9316571
vt 0.1423643 0.5750015
vt 0.1442776 0.5743100
vt 0.1443763 0.5941210
vt 0.1407961 0.5949327
vt 0.1428346 0.6237314
vt 0.1380265 0.6241333
vt 0.1362038 0.6336537
vt 0.1410749 0.6406592
vt 0.1249500 0.6444084
vt 0.1254703 0.6370102
vt 0.1083541 0.6453893
vt 0.1141034 0.6369098
vt 0.1089783 0.6227977
vt 0.1092161 0.5966963
vt 0.1139451 0.5969978
vt 0.1141158 0.6234221
vt 0.1143676 0.5885083
vt 0.1423643 0.5750015
vt 0.1407961 0.5949327
vt 0.1370737 0.5907854
vt 0.1399329 0.5686815
vt 0.1380265 0.6241333
vt 0.1343151 0.6203907
vt 0.1362038 0.6336537
vt 0.1332151 0.6282014
vt 0.1362038 0.6336537
vt 0.1254703 0.6370102
vt 0.1250117 0.6308822
vt 0.1332151 0.6282014
vt 0.1141034 0.6369098
vt 0.1167370 0.6310003
vt 0.1141034 0.6369098
vt 0.1141158 0.6234221
vt 0.1175128 0.6203282
vt 0.1167370 0.6310003
vt 0.1139451 0.5969978
vt 0.1172957 0.5933247
vt 0.1143676 0.5885083
vt 0.1165264 0.5792500
vt 0.5685215 0.9731586
vt 0.5685215 0.9731586
vt 0.0020404 0.9883881
vt 0.0810163 0.5444800
vt 0.0816925 0.4776991
vt 0.0948384 0.4798151
vt 0.0941138 0.5444804
vt 0.2999499 0.5126033
vt 0.2999499 0.5000619
vt 0.0701348 0.5444798
vt 0.0706419 0.4764701
vt 0.0736910 0.4775704
vt 0.0733865 0.5444800
vt 0.0337986 0.9630062
vt 0.0314581 0.9692820
vt 0.0348529 0.9712832
vt 0.0374768 0.9642335
vt 0.0402394 0.9665428
vt 0.0375971 0.9749897
vt 0.0424030 0.9690329
vt 0.0439867 0.9725072
vt 0.0310963 0.9625407
vt 0.0283049 0.9623765
vt 0.0284059 0.9694019
vt 0.0249111 0.9632923
vt 0.0220746 0.9653862
vt 0.0255462 0.9714740
vt 0.0200379 0.9673458
vt 0.0210881 0.9662882
vt 0.0180936 0.9698517
vt 0.0234661 0.9754721
vt 0.0165893 0.9734030
vt 0.0738030 0.9734174
vt 0.0684250 0.9788502
vt 0.0735141 0.9754996
vt 0.0697165 0.9669479
vt 0.0658706 0.9737053
vt 0.0722058 0.9701143
vt 0.0667565 0.9651166
vt 0.0624809 0.9706205
vt 0.0635999 0.9637110
vt 0.0651440 0.9643527
vt 0.0603479 0.9626800
vt 0.0582962 0.9696441
vt 0.0567925 0.9630301
vt 0.0546096 0.9635184
vt 0.0514954 0.9657142
vt 0.0546070 0.9717918
vt 0.0490127 0.9683350
vt 0.0471290 0.9712774
vt 0.0526207 0.9761252
vt 0.0462261 0.9745505
vt 0.0388807 0.9780079
vt 0.0445151 0.9747264
vt 0.0460227 0.9766970
vt 0.0517741 0.9790966
vt 0.0169749 0.9755142
vt 0.0225970 0.9782614
vt 0.0526207 0.9761252
vt 0.0658706 0.9737053
vt 0.0624809 0.9706205
vt 0.0546070 0.9717918
vt 0.0517741 0.9790966
vt 0.0684250 0.9788502
vt 0.0255462 0.9714740
vt 0.0348529 0.9712832
vt 0.0314581 0.9692820
vt 0.0284059 0.9694019
vt 0.0234661 0.9754721
vt 0.0375971 0.9749897
vt 0.0225970 0.9782614
vt 0.0388807 0.9780079
vt 0.0582962 0.9696441
vt 0.0592091 0.9804157
vt 0.0501974 0.9849111
vt 0.0738114 0.9849433
vt 0.0699522 0.9804618
vt 0.0447189 0.9803200
vt 0.0320638 0.9803108
vt 0.0270888 0.9848799
vt 0.0376770 0.9803519
vt 0.0279677 0.9797224
vt 0.0291787 0.9800266
vt 0.0717224 0.9801365
vt 0.0729635 0.9797964
vt 0.0270958 0.9797125
vt 0.0738188 0.9798384
vt 0.0931769 0.9817722
vt 0.0914957 0.9804913
vt 0.0906183 0.9803964
vt 0.0906107 0.9849662
vt 0.1001767 0.9906458
vt 0.0968998 0.9849768
vt 0.0104905 0.9800113
vt 0.0096118 0.9801329
vt 0.0063261 0.9819205
vt 0.0104861 0.9848649
vt 0.0032266 0.9842443
vt 0.0028531 0.9854417
vt 0.0021434 0.9877171
vt 0.0014115 0.9924858
vt 0.0104731 0.9995288
vt 0.8427938 0.8816099
vt 0.8420547 0.8839146
vt 0.8560609 0.8873096
vt 0.8580179 0.8852999
vt 0.8591508 0.8938224
vt 0.8616812 0.8930224
vt 0.8585273 0.9043285
vt 0.8609964 0.9044844
vt 0.8529640 0.9144992
vt 0.8550041 0.9154474
vt 0.8421535 0.9256603
vt 0.8436819 0.9271262
vt 0.7931376 0.9583485
vt 0.7941513 0.9601458
vt 0.7801543 0.9642718
vt 0.7805263 0.9663796
vt 0.7730067 0.9653448
vt 0.7663994 0.9685148
vt 0.7663994 0.9685148
vt 0.7653144 0.9663746
vt 0.7580750 0.9667338
vt 0.7250131 0.9705698
vt 0.7253147 0.9683586
vt 0.6365209 0.9712162
vt 0.6361482 0.9734354
vt 0.5817625 0.9709852
vt 0.5685215 0.9731586
vt 0.5685215 0.9731586
vt 0.5674624 0.9708949
vt 0.5579663 0.9706223
vt 0.4826192 0.9706897
vt 0.4831563 0.9684753
vt 0.4393237 0.9645525
vt 0.4383935 0.9667243
vt 0.4093711 0.9543570
vt 0.4078787 0.9563243
vt 0.3484921 0.9152686
vt 0.3467611 0.9171106
vt 0.2857974 0.8729067
vt 0.2835350 0.8744183
vt 0.2849568 0.8704774
vt 0.2813492 0.8680840
vt 0.4021521 0.8734031
vt 0.4025671 0.8711087
vt 0.5391716 0.8768356
vt 0.5645868 0.8751406
vt 0.5672458 0.8752055
vt 0.5672573 0.8775382
vt 0.5846593 0.8779595
vt 0.6685990 0.8776411
vt 0.6681870 0.8799824
vt 0.7602197 0.8821675
vt 0.7606399 0.8798223
vt 0.7877408 0.8827823
vt 0.7991876 0.8806967
vt 0.8420547 0.8839146
vt 0.8404353 0.8856078
vt 0.8543707 0.8883352
vt 0.8560609 0.8873096
vt 0.8572990 0.8947166
vt 0.8591508 0.8938224
vt 0.8562934 0.9050201
vt 0.8585273 0.9043285
vt 0.8504090 0.9145840
vt 0.8529640 0.9144992
vt 0.8392214 0.9253880
vt 0.8421535 0.9256603
vt 0.7922719 0.9560597
vt 0.7931376 0.9583485
vt 0.7790912 0.9619801
vt 0.7801543 0.9642718
vt 0.7253147 0.9683586
vt 0.7242777 0.9663754
vt 0.6376413 0.9685116
vt 0.6365209 0.9712162
vt 0.5861786 0.9676375
vt 0.5817625 0.9709852
vt 0.4831563 0.9684753
vt 0.4839663 0.9646835
vt 0.4408008 0.9609859
vt 0.4393237 0.9645525
vt 0.4119609 0.9516553
vt 0.4093711 0.9543570
vt 0.3507847 0.9126530
vt 0.3484921 0.9152686
vt 0.3279901 0.8999410
vt 0.2898235 0.8737410
vt 0.2857974 0.8729067
vt 0.2889945 0.8713793
vt 0.2849568 0.8704774
vt 0.2849568 0.8704774
vt 0.3256634 0.8724568
vt 0.4038942 0.8762630
vt 0.4021521 0.8734031
vt 0.5356712 0.8805178
vt 0.5391716 0.8768356
vt 0.6681870 0.8799824
vt 0.6686792 0.8817459
vt 0.7590699 0.8838966
vt 0.7602197 0.8821675
vt 0.7848750 0.8858269
vt 0.7877408 0.8827823
vt 0.5668182 0.9225264
vt 0.5486091 0.9221425
vt 0.7818058 0.9266791
vt 0.7755439 0.9265629
vt 0.5647727 0.8774766
vt 0.5693015 0.9225768
vt 0.5839029 0.9228656
vt 0.7902521 0.9047007
vt 0.7844349 0.9046137
vt 0.5699295 0.9709353
vt 0.5878150 0.8809607
vt 0.5846593 0.8779595
vt 0.5579663 0.9706223
vt 0.5533989 0.9673213
vt 0.7983869 0.8830202
vt 0.7580750 0.9667338
vt 0.7557735 0.9655794
vt 0.8017931 0.8807536
vt 0.8053539 0.8831657
vt 0.8053539 0.8831657
vt 0.8064494 0.8848282
vt 0.7730067 0.9653448
vt 0.7762597 0.9619620
vt 0.7678162 0.9661241
vt 0.5533989 0.9673213
vt 0.5579663 0.9706223
vt 0.5486091 0.9221425
vt 0.5453868 0.9209721
vt 0.5878150 0.8809607
vt 0.5846593 0.8779595
vt 0.5839029 0.9228656
vt 0.5868273 0.9222394
vt 0.5817625 0.9709852
vt 0.5861786 0.9676375
vt 0.7557735 0.9655794
vt 0.7580750 0.9667338
vt 0.7755439 0.9265629
vt 0.7732847 0.9254702
vt 0.7844349 0.9046137
vt 0.7820873 0.9039311
vt 0.7877408 0.8827823
vt 0.7848750 0.8858269
vt 0.8064494 0.8848282
vt 0.8053539 0.8831657
vt 0.7969666 0.9047958
vt 0.7993090 0.9050239
vt 0.7886900 0.9268069
vt 0.7911430 0.9269911
vt 0.7730067 0.9653448
vt 0.7762597 0.9619620
vt 0.3238374 0.8737780
vt 0.2915041 0.8729845
vt 0.2918317 0.8739097
vt 0.3262709 0.8967872
vt 0.2889945 0.8713793
vt 0.2898235 0.8737410
vt 0.2918317 0.8739097
vt 0.2915041 0.8729845
vt 0.2889945 0.8713793
vt 0.2889945 0.8713793
vt 0.2915041 0.8729845
vt 0.3238374 0.8737780
vt 0.3256634 0.8724568
vt 0.3256634 0.8724568
vt 0.3238374 0.8737780
vt 0.3262709 0.8967872
vt 0.3279901 0.8999410
vt 0.3279901 0.8999410
vt 0.3262709 0.8967872
vt 0.8008376 0.8830727
vt 0.7927035 0.9047365
vt 0.7969666 0.9047958
vt 0.7842572 0.9267244
vt 0.7886900 0.9268069
vt 0.5672458 0.8752055
vt 0.5657678 0.8741509
vt 0.5658825 0.8765351
vt 0.5672573 0.8775382
vt 0.5674624 0.9708949
vt 0.5684716 0.9707927
vt 0.5679426 0.9215053
vt 0.5668182 0.9225264
vt 0.7668288 0.9660752
vt 0.7653144 0.9663746
vt 0.7663994 0.9685148
vt 0.5647727 0.8774766
vt 0.5658825 0.8765351
vt 0.5693015 0.9225768
vt 0.5679426 0.9215053
vt 0.7902521 0.9047007
vt 0.7818058 0.9266791
vt 0.7832306 0.9256113
vt 0.7916579 0.9037485
vt 0.5699295 0.9709353
vt 0.5684716 0.9707927
vt 0.5645868 0.8751406
vt 0.5657678 0.8741509
vt 0.7991876 0.8806967
vt 0.7983869 0.8830202
vt 0.7997828 0.8821161
vt 0.8006554 0.8797004
vt 0.8017931 0.8807536
vt 0.8006554 0.8797004
vt 0.7997828 0.8821161
vt 0.8008376 0.8830727
vt 0.7927035 0.9047365
vt 0.7916579 0.9037485
vt 0.7842572 0.9267244
vt 0.7832306 0.9256113
vt 0.7678162 0.9661241
vt 0.7668288 0.9660752
vt 0.7663994 0.9685148
vt 0.0653038 0.4795624
vt 0.0461814 0.4515148
vt 0.0489222 0.4274593
vt 0.0645054 0.4238989
vt 0.0468375 0.4997744
vt 0.1058653 0.7545103
vt 0.0997932 0.7413302
vt 0.1088322 0.7255150
vt 0.1113243 0.7662024
vt 0.1234419 0.7567304
vt 0.0786809 0.3722817
vt 0.0699492 0.3594770
vt 0.0769931 0.3552322
vt 0.0848535 0.3679805
vt 0.3687178 0.6385826
vt 0.2457924 0.6396324
vt 0.2455891 0.6606888
vt 0.3686760 0.6593029
vt 0.5346978 0.6622407
vt 0.5343263 0.6415917
vt 0.6795136 0.6614828
vt 0.6791083 0.6401743
vt 0.6148422 0.6392236
vt 0.6151745 0.6603947
vt 0.7266357 0.6629578
vt 0.7259279 0.6422453
vt 0.7119259 0.6413876
vt 0.7126765 0.6611616
vt 0.2254898 0.6413423
vt 0.2251595 0.6608378
vt 0.2108288 0.6627844
vt 0.2110619 0.6425135
vt 0.7266357 0.6629578
vt 0.7365445 0.6628547
vt 0.7359002 0.6421961
vt 0.7259279 0.6422453
vt 0.2010392 0.6627793
vt 0.2108288 0.6627844
vt 0.2110619 0.6425135
vt 0.2013148 0.6425893
vt 0.7126765 0.6611616
vt 0.7128987 0.6662892
vt 0.7266357 0.6629578
vt 0.2251785 0.6658860
vt 0.2251595 0.6608378
vt 0.2108288 0.6627844
vt 0.2455891 0.6606888
vt 0.2368905 0.6653429
vt 0.3687143 0.6640986
vt 0.3686760 0.6593029
vt 0.5347368 0.6669096
vt 0.5346978 0.6622407
vt 0.6152671 0.6658059
vt 0.6151745 0.6603947
vt 0.6796886 0.6670933
vt 0.6795136 0.6614828
vt 0.0902577 0.7227140
vt 0.0975774 0.6913404
vt 0.0848948 0.7083200
vt 0.0827293 0.6939996
vt 0.0838206 0.6740399
vt 0.0989247 0.6789110
vt 0.0948360 0.6091478
vt 0.0958020 0.6535755
vt 0.0826438 0.6571014
vt 0.0816898 0.6112630
vt 0.1234419 0.7567304
vt 0.1283937 0.7632285
vt 0.1168565 0.7731422
vt 0.1113243 0.7662024
vt 0.2241923 0.4767474
vt 0.2242169 0.4711932
vt 0.1890160 0.5014343
vt 0.1962715 0.4746062
vt 0.1974643 0.4760248
vt 0.1906499 0.5001870
vt 0.2241151 0.4693581
vt 0.2242169 0.4711932
vt 0.1974643 0.4760248
vt 0.1962715 0.4746062
vt 0.2069203 0.4834186
vt 0.1974643 0.4760248
vt 0.1964593 0.4994745
vt 0.1906499 0.5001870
vt 0.2018382 0.5032676
vt 0.1964593 0.4994745
vt 0.2069203 0.4834186
vt 0.2090210 0.4950949
vt 0.2241923 0.4767474
vt 0.2250692 0.4927110
vt 0.2267157 0.5021343
vt 0.2244311 0.5094216
vt 0.1981482 0.5073835
vt 0.2018382 0.5032676
vt 0.2267157 0.5021343
vt 0.2018382 0.5032676
vt 0.2090210 0.4950949
vt 0.2250692 0.4927110
vt 0.0547910 0.4036644
vt 0.0616586 0.3828007
vt 0.0740444 0.3875127
vt 0.0665974 0.3683285
vt 0.0699492 0.3594770
vt 0.0786809 0.3722817
vt 0.0119907 0.7808438
vt 0.0074583 0.7321826
vt 0.0213097 0.7298899
vt 0.0054862 0.6558453
vt 0.0195094 0.6545480
vt 0.0213097 0.7298899
vt 0.0195094 0.6545480
vt 0.0414122 0.6559418
vt 0.0432896 0.7323776
vt 0.0559212 0.7684951
vt 0.0213097 0.7298899
vt 0.0572369 0.7682961
vt 0.0572369 0.7682961
vt 0.0963657 0.6755116
vt 0.0833041 0.6711040
vt 0.0833041 0.6711040
vt 0.0741334 0.6576349
vt 0.0826438 0.6571014
vt 0.0736883 0.6113912
vt 0.0816898 0.6112630
vt 0.0706389 0.6124914
vt 0.0736883 0.6113912
vt 0.0741334 0.6576349
vt 0.0711044 0.6491732
vt 0.0721452 0.6599128
vt 0.0833041 0.6711040
vt 0.0838206 0.6740399
vt 0.0838206 0.6740399
vt 0.0833041 0.6711040
vt 0.0963657 0.6755116
vt 0.0989247 0.6789110
vt 0.0989247 0.6789110
vt 0.0963657 0.6755116
vt 0.0958020 0.6535755
vt 0.0995687 0.6556493
vt 0.0948360 0.6091478
vt 0.0988601 0.6102422
vt 0.1963841 0.5010383
vt 0.1890160 0.5014343
vt 0.1906499 0.5001870
vt 0.1964593 0.4994745
vt 0.2018382 0.5032676
vt 0.2008201 0.3729901
vt 0.2008660 0.3657647
vt 0.1637270 0.3815669
vt 0.2001801 0.3808746
vt 0.1577621 0.3879074
vt 0.1688898 0.3714719
vt 0.1637270 0.3815669
vt 0.1614645 0.3811894
vt 0.1680058 0.3702195
vt 0.1688898 0.3714719
vt 0.1547817 0.3895816
vt 0.1577621 0.3879074
vt 0.2002575 0.3825123
vt 0.2001801 0.3808746
vt 0.2008660 0.3657647
vt 0.2008480 0.3642326
vt 0.1547817 0.3895816
vt 0.1577621 0.3879074
vt 0.1749147 0.3687620
vt 0.1688898 0.3714719
vt 0.1680058 0.3702195
vt 0.1288653 0.7361529
vt 0.1296348 0.7220778
vt 0.1394997 0.7213770
vt 0.1449058 0.7448369
vt 0.1298516 0.6950740
vt 0.1386418 0.6935562
vt 0.1494125 0.7246174
vt 0.1522719 0.7467207
vt 0.1466539 0.6950119
vt 0.1290760 0.6844023
vt 0.1373507 0.6845203
vt 0.1455541 0.6872010
vt 0.1612160 0.7267035
vt 0.1567151 0.7212816
vt 0.1551736 0.6916713
vt 0.1613533 0.6923963
vt 0.1534138 0.6747434
vt 0.1574097 0.6694649
vt 0.1574097 0.6694649
vt 0.1534138 0.6747434
vt 0.1372891 0.6709942
vt 0.1370813 0.6633436
vt 0.1206930 0.6700128
vt 0.1163094 0.6637538
vt 0.1163094 0.6637538
vt 0.1206930 0.6700128
vt 0.1213172 0.6926051
vt 0.1154435 0.6939426
vt 0.1215550 0.7187066
vt 0.1187410 0.7248263
vt 0.1267066 0.7268941
vt 0.1288653 0.7361529
vt 0.1522719 0.7467207
vt 0.1547033 0.7404011
vt 0.1566165 0.7410932
vt 0.1588366 0.7480612
vt 0.1588366 0.7480612
vt 0.1566165 0.7410932
vt 0.4110782 0.9065557
vt 0.4114062 0.9045076
vt 0.4112119 0.8876560
vt 0.4110277 0.8853679
vt 0.3793790 0.8860600
vt 0.3777490 0.8838377
vt 0.3762040 0.8949091
vt 0.3740116 0.8943250
vt 0.3739901 0.9035304
vt 0.3713498 0.9054523
vt 0.3713498 0.9054523
vt 0.3739901 0.9035304
vt 0.3793790 0.8860600
vt 0.3858092 0.8876100
vt 0.3820250 0.8970679
vt 0.3762040 0.8949091
vt 0.3799937 0.9022942
vt 0.3739901 0.9035304
vt 0.6343882 0.8957825
vt 0.6010764 0.8959341
vt 0.6016985 0.8922689
vt 0.6340034 0.8920610
vt 0.5991789 0.9215212
vt 0.6345634 0.9222939
vt 0.6345294 0.9244003
vt 0.5985239 0.9234855
vt 0.6005007 0.9076101
vt 0.6344967 0.9078705
vt 0.6346140 0.9102893
vt 0.5999429 0.9099684
vt 0.5975295 0.9349818
vt 0.6342896 0.9364488
vt 0.6340066 0.9398603
vt 0.5962372 0.9381773
vt 0.6346140 0.9102893
vt 0.6331093 0.9161048
vt 0.5975938 0.9156921
vt 0.5999429 0.9099684
vt 0.6343882 0.8957825
vt 0.6330469 0.9014392
vt 0.5989529 0.9015175
vt 0.6010764 0.8959341
vt 0.6345294 0.9244003
vt 0.6329166 0.9304328
vt 0.5960257 0.9293730
vt 0.5985239 0.9234855
vt 0.5991789 0.9215212
vt 0.5975938 0.9156921
vt 0.6331093 0.9161048
vt 0.6345634 0.9222939
vt 0.6005007 0.9076101
vt 0.5989529 0.9015175
vt 0.6330469 0.9014392
vt 0.6344967 0.9078705
vt 0.5975295 0.9349818
vt 0.5960257 0.9293730
vt 0.6329166 0.9304328
vt 0.6342896 0.9364488
vt 0.1547033 0.7404011
vt 0.1531351 0.7204699
vt 0.1567151 0.7212816
vt 0.1566165 0.7410932
vt 0.1503654 0.6912699
vt 0.1551736 0.6916713
vt 0.1485427 0.6817489
vt 0.1378092 0.6783918
vt 0.1372891 0.6709942
vt 0.1534138 0.6747434
vt 0.1264423 0.6784925
vt 0.1206930 0.6700128
vt 0.1262840 0.7184051
vt 0.1215550 0.7187066
vt 0.1213172 0.6926051
vt 0.1264547 0.6919803
vt 0.1267066 0.7268941
vt 0.1547033 0.7404011
vt 0.1522719 0.7467207
vt 0.1494125 0.7246174
vt 0.1531351 0.7204699
vt 0.1466539 0.6950119
vt 0.1503654 0.6912699
vt 0.1455541 0.6872010
vt 0.1485427 0.6817489
vt 0.1485427 0.6817489
vt 0.1455541 0.6872010
vt 0.1373507 0.6845203
vt 0.1378092 0.6783918
vt 0.1290760 0.6844023
vt 0.1264423 0.6784925
vt 0.1264423 0.6784925
vt 0.1290760 0.6844023
vt 0.1298516 0.6950740
vt 0.1264547 0.6919803
vt 0.1296348 0.7220778
vt 0.1262840 0.7184051
vt 0.1288653 0.7361529
vt 0.1267066 0.7268941
vt 0.5685215 0.9731586
vt 0.5685215 0.9731586
vt 0.0010271 0.9995204
vt 0.0953157 0.4579294
vt 0.0821155 0.4574299
vt 0.0821155 0.4574299
vt 0.0994744 0.4397056
vt 0.0957023 0.4402049
vt 0.0017607 0.9902102
vt 0.0119593 0.9811124
vt 0.0132458 0.9801677
vt 0.0137556 0.9801719
vt 0.0136620 0.9813573
vt 0.0115806 0.9827884
vt 0.0119593 0.9811124
vt 0.0136620 0.9813573
vt 0.0133124 0.9828135
vt 0.0126582 0.9839047
vt 0.0115806 0.9827884
vt 0.0133124 0.9828135
vt 0.0131710 0.9839814
vt 0.0133124 0.9828135
vt 0.0136620 0.9813573
vt 0.0222946 0.9828460
vt 0.0136620 0.9813573
vt 0.0137556 0.9801719
vt 0.0222946 0.9828460
vt 0.0131710 0.9839814
vt 0.0133124 0.9828135
vt 0.0222946 0.9828460
vt 0.2145556 0.9087552
vt 0.2184280 0.9087579
vt 0.2184278 0.9735830
vt 0.2145556 0.9721873
vt 0.2222790 0.9087587
vt 0.2222783 0.9744448
vt 0.1834194 0.9087093
vt 0.1872701 0.9087108
vt 0.1872693 0.9743969
vt 0.1834184 0.9743953
vt 0.1911420 0.9087150
vt 0.1911417 0.9735401
vt 0.1950327 0.9087213
vt 0.1950327 0.9721535
vt 0.1989376 0.9087288
vt 0.1989364 0.9707680
vt 0.2028505 0.9087369
vt 0.2028471 0.9699153
vt 0.2067624 0.9087445
vt 0.2067584 0.9699228
vt 0.2106661 0.9087508
vt 0.2106639 0.9707901
vt 0.1758196 0.8698028
vt 0.1770426 0.8743200
vt 0.1761485 0.8744287
vt 0.1750288 0.8700666
vt 0.1774113 0.8789645
vt 0.1764318 0.8788658
vt 0.1765246 0.8834078
vt 0.1756366 0.8831182
vt 0.1744527 0.8874293
vt 0.1736881 0.8870017
vt 0.1717165 0.8910642
vt 0.1710961 0.8905649
vt 0.1687127 0.8945515
vt 0.1680739 0.8939286
vt 0.1655264 0.8980727
vt 0.1648529 0.8973048
vt 0.1619648 0.9010348
vt 0.1616070 0.9002208
vt 0.1714121 0.8609272
vt 0.1740279 0.8652194
vt 0.1731728 0.8657025
vt 0.1707760 0.8617515
vt 0.1750288 0.8700666
vt 0.1761485 0.8744287
vt 0.1088040 0.8673359
vt 0.1764318 0.8788658
vt 0.1756366 0.8831182
vt 0.1736881 0.8870017
vt 0.1710961 0.8905649
vt 0.1680739 0.8939286
vt 0.1648529 0.8973048
vt 0.1616070 0.9002208
vt 0.1707760 0.8617515
vt 0.1731728 0.8657025
vt 0.0040850 0.9815569
vt 0.0035513 0.9813988
vt 0.0038543 0.9800353
vt 0.0045738 0.9802485
vt 0.0035513 0.9813988
vt 0.0030010 0.9813161
vt 0.0031122 0.9799237
vt 0.0038543 0.9800353
vt 0.0030010 0.9813161
vt 0.0024444 0.9813104
vt 0.0023618 0.9799160
vt 0.0031122 0.9799237
vt 0.0024444 0.9813104
vt 0.0018924 0.9813818
vt 0.0016175 0.9800123
vt 0.0023618 0.9799160
vt 0.0018924 0.9813818
vt 0.0013556 0.9815289
vt 0.0008938 0.9802107
vt 0.0016175 0.9800123
vt 0.0039630 0.9787776
vt 0.0037238 0.9794888
vt 0.0027488 0.9787651
vt 0.0031122 0.9799237
vt 0.0023618 0.9799160
vt 0.0017592 0.9794687
vt 0.0015347 0.9787527
vt 0.0034479 0.9816478
vt 0.0036144 0.9821789
vt 0.0027139 0.9821696
vt 0.0018134 0.9821604
vt 0.0019908 0.9816328
vt 0.0024444 0.9813104
vt 0.0030010 0.9813161
vt 0.0052120 0.9683277
vt 0.0052065 0.9681477
vt 0.0057087 0.9681453
vt 0.0057123 0.9683252
vt 0.0052065 0.9681477
vt 0.0052065 0.9679608
vt 0.0057051 0.9679583
vt 0.0057087 0.9681453
vt 0.0052065 0.9679608
vt 0.0052012 0.9677809
vt 0.0057015 0.9677784
vt 0.0057051 0.9679583
vt 0.0062089 0.9681428
vt 0.0062125 0.9683227
vt 0.0062053 0.9679559
vt 0.0062089 0.9681428
vt 0.0062018 0.9677759
vt 0.0062053 0.9679559
vt 0.0067086 0.9681408
vt 0.0067124 0.9683200
vt 0.0067053 0.9679540
vt 0.0067086 0.9681408
vt 0.0067022 0.9677739
vt 0.0067053 0.9679540
vt 0.0072043 0.9681410
vt 0.0072098 0.9683158
vt 0.0072023 0.9679554
vt 0.0072043 0.9681410
vt 0.0072039 0.9677746
vt 0.0072023 0.9679554
vt 0.0076654 0.9681368
vt 0.0076911 0.9682978
vt 0.0076695 0.9679716
vt 0.0076654 0.9681368
vt 0.0077021 0.9678012
vt 0.0076695 0.9679716
vt 0.0027109 0.9683074
vt 0.0027436 0.9681368
vt 0.0032108 0.9681531
vt 0.0032092 0.9683339
vt 0.0027436 0.9681368
vt 0.0027477 0.9679716
vt 0.0032088 0.9679676
vt 0.0032108 0.9681531
vt 0.0027477 0.9679716
vt 0.0027219 0.9678107
vt 0.0032033 0.9677927
vt 0.0032088 0.9679676
vt 0.0037079 0.9681546
vt 0.0037109 0.9683346
vt 0.0037045 0.9679677
vt 0.0037079 0.9681546
vt 0.0037007 0.9677885
vt 0.0037045 0.9679677
vt 0.0042078 0.9681527
vt 0.0042114 0.9683326
vt 0.0042043 0.9679657
vt 0.0042078 0.9681527
vt 0.0042006 0.9677859
vt 0.0042043 0.9679657
vt 0.0047081 0.9681502
vt 0.0047117 0.9683301
vt 0.0047045 0.9679632
vt 0.0047081 0.9681502
vt 0.0047009 0.9677833
vt 0.0047045 0.9679632
vt 0.0014384 0.9758732
vt 0.0035272 0.9758909
vt 0.0044646 0.9778979
vt 0.0004872 0.9779233
vt 0.0053668 0.9774639
vt 0.0044390 0.9754776
vt 0.0057650 0.9739129
vt 0.0078611 0.9744759
vt 0.0044646 0.9778979
vt 0.0035272 0.9758909
vt 0.0044390 0.9754776
vt 0.0053668 0.9774639
vt 0.0029878 0.9755389
vt 0.0019675 0.9755384
vt 0.0019689 0.9746053
vt 0.0029841 0.9746023
vt 0.0060407 0.9729714
vt 0.0080943 0.9735230
vt 0.0078611 0.9744759
vt 0.0057650 0.9739129
vt 0.0035996 0.9755370
vt 0.0029878 0.9755389
vt 0.0029841 0.9746023
vt 0.0035958 0.9745992
vt 0.0019675 0.9755384
vt 0.0014485 0.9755942
vt 0.0014500 0.9746636
vt 0.0019689 0.9746053
vt 0.0019675 0.9755384
vt 0.0029878 0.9755389
vt 0.0045163 0.9748626
vt 0.0051622 0.9740929
vt 0.0150284 0.9788733
vt 0.0130430 0.9779491
vt 0.0130430 0.9691575
vt 0.0150284 0.9682333
vt 0.0130430 0.9779491
vt 0.0150284 0.9788733
vt 0.0145906 0.9797612
vt 0.0126454 0.9788557
vt 0.0126937 0.9774188
vt 0.0127518 0.9779397
vt 0.0118174 0.9779397
vt 0.0117594 0.9774188
vt 0.0126937 0.9774188
vt 0.0126955 0.9696878
vt 0.0126937 0.9774188
vt 0.0117594 0.9774188
vt 0.0117576 0.9696878
vt 0.0126955 0.9696878
vt 0.0114303 0.9779397
vt 0.0114303 0.9691669
vt 0.0117576 0.9696878
vt 0.0117594 0.9774188
vt 0.0041168 0.9691924
vt 0.0050543 0.9711996
vt 0.0071430 0.9712172
vt 0.0080943 0.9691672
vt 0.0028164 0.9731776
vt 0.0041424 0.9716129
vt 0.0032146 0.9696265
vt 0.0007204 0.9726146
vt 0.0041168 0.9691924
vt 0.0032146 0.9696265
vt 0.0041424 0.9716129
vt 0.0050543 0.9711996
vt 0.0055936 0.9715516
vt 0.0055974 0.9724882
vt 0.0066126 0.9724851
vt 0.0066140 0.9715521
vt 0.0025407 0.9741191
vt 0.0028164 0.9731776
vt 0.0007204 0.9726146
vt 0.0004872 0.9735674
vt 0.0049819 0.9715534
vt 0.0049857 0.9724913
vt 0.0055974 0.9724882
vt 0.0055936 0.9715516
vt 0.0066140 0.9715521
vt 0.0066126 0.9724851
vt 0.0071315 0.9724270
vt 0.0071329 0.9714963
vt 0.0055936 0.9715516
vt 0.0066140 0.9715521
vt 0.0034193 0.9729976
vt 0.0040651 0.9722278
vt 0.0094045 0.9682239
vt 0.0094045 0.9788827
vt 0.0130430 0.9691575
vt 0.0126454 0.9682510
vt 0.0145906 0.9673454
vt 0.0150284 0.9682333
vt 0.0126955 0.9696878
vt 0.0117576 0.9696878
vt 0.0117558 0.9690737
vt 0.0126973 0.9690737
vt 0.0071498 0.9781591
vt 0.0070353 0.9787006
vt 0.0055535 0.9787006
vt 0.0054390 0.9781591
vt 0.0071495 0.9794094
vt 0.0054393 0.9794094
vt 0.0055532 0.9788694
vt 0.0070356 0.9788694
vt 0.0071498 0.9795797
vt 0.0054390 0.9795797
vt 0.0054393 0.9794094
vt 0.0071495 0.9794094
vt 0.0052726 0.9793727
vt 0.0053859 0.9788371
vt 0.0055532 0.9788694
vt 0.0054393 0.9794094
vt 0.0055535 0.9787006
vt 0.0070353 0.9787006
vt 0.0070356 0.9788694
vt 0.0055532 0.9788694
vt 0.0072029 0.9788371
vt 0.0073161 0.9793727
vt 0.0071495 0.9794094
vt 0.0070356 0.9788694
vt 0.0081694 0.9684775
vt 0.0082343 0.9687931
vt 0.0080232 0.9688370
vt 0.0079582 0.9685203
vt 0.0083149 0.9683394
vt 0.0085290 0.9683394
vt 0.0085290 0.9687737
vt 0.0083149 0.9687737
vt 0.0083149 0.9681674
vt 0.0085290 0.9681674
vt 0.0085290 0.9683394
vt 0.0083149 0.9683394
vt 0.0086717 0.9684779
vt 0.0086071 0.9687926
vt 0.0085290 0.9687737
vt 0.0085290 0.9683394
vt 0.0085290 0.9688547
vt 0.0083149 0.9688547
vt 0.0083149 0.9687737
vt 0.0085290 0.9687737
vt 0.0082343 0.9687931
vt 0.0081694 0.9684775
vt 0.0083149 0.9683394
vt 0.0083149 0.9687737
vt 0.0531051 0.9420022
vt 0.1031839 0.9437472
vt 0.1031744 0.9442355
vt 0.0530973 0.9424953
vt 0.1035151 0.9400895
vt 0.1034110 0.9417877
vt 0.0533126 0.9400482
vt 0.0533181 0.9383467
vt 0.1031744 0.9442355
vt 0.1032329 0.9462020
vt 0.0531886 0.9444718
vt 0.0530973 0.9424953
vt 0.1631915 0.9425991
vt 0.1636549 0.9424066
vt 0.1651008 0.9437866
vt 0.1631679 0.9446035
vt 0.1132294 0.9437580
vt 0.1131570 0.9417877
vt 0.1631534 0.9400993
vt 0.1632074 0.9420670
vt 0.0526316 0.9423161
vt 0.0530973 0.9424953
vt 0.0531886 0.9444718
vt 0.0512460 0.9437324
vt 0.1632074 0.9420670
vt 0.1631915 0.9425991
vt 0.1132151 0.9442435
vt 0.1132294 0.9437580
vt 0.1631399 0.9380229
vt 0.1631534 0.9400993
vt 0.1131570 0.9417877
vt 0.1130176 0.9397156
vt 0.1631915 0.9425991
vt 0.1631679 0.9446035
vt 0.1132403 0.9462033
vt 0.1132151 0.9442435
vt 0.0531051 0.9420022
vt 0.0533126 0.9400482
vt 0.1034110 0.9417877
vt 0.1031839 0.9437472
vt 0.1033563 0.9481873
vt 0.1134033 0.9482365
vt 0.1134652 0.9499387
vt 0.1034013 0.9499852
vt 0.1011375 0.9500946
vt 0.1010866 0.9482009
vt 0.1033563 0.9481873
vt 0.1034013 0.9499852
vt 0.1134033 0.9482365
vt 0.1033563 0.9481873
vt 0.1443539 0.8992376
vt 0.1499183 0.9003629
vt 0.1494449 0.9025868
vt 0.1439040 0.9013514
vt 0.1133331 0.9519802
vt 0.1032630 0.9520268
vt 0.1034013 0.9499852
vt 0.1134652 0.9499387
vt 0.0656066 0.8958914
vt 0.0655031 0.8941923
vt 0.1436037 0.8941923
vt 0.1443539 0.8992376
vt 0.0649232 0.9016096
vt 0.0648753 0.8995742
vt 0.1427954 0.9063187
vt 0.1429538 0.9083636
vt 0.0648753 0.8995742
vt 0.0651801 0.8978950
vt 0.1439040 0.9013514
vt 0.1427954 0.9063187
vt 0.0651801 0.8978950
vt 0.0656066 0.8958914
vt 0.1443539 0.8992376
vt 0.1439040 0.9013514
vt 0.1577563 0.9134884
vt 0.1082669 0.9141505
vt 0.1082655 0.9136646
vt 0.1577502 0.9130005
vt 0.1082107 0.9181374
vt 0.1081897 0.9160952
vt 0.1576536 0.9154294
vt 0.1576861 0.9174795
vt 0.1082655 0.9136646
vt 0.1081604 0.9117221
vt 0.1575892 0.9110599
vt 0.1577502 0.9130005
vt 0.0566419 0.9188754
vt 0.0566092 0.9183833
vt 0.0583628 0.9174772
vt 0.0584982 0.9195226
vt 0.0983586 0.9144358
vt 0.0983829 0.9163863
vt 0.0583628 0.9174772
vt 0.0582946 0.9155359
vt 0.1594757 0.9161890
vt 0.1594836 0.9166823
vt 0.1576861 0.9174795
vt 0.1576536 0.9154294
vt 0.0582946 0.9155359
vt 0.0583003 0.9150507
vt 0.0983629 0.9139394
vt 0.0983586 0.9144358
vt 0.0584982 0.9195226
vt 0.0583628 0.9174772
vt 0.0983829 0.9163863
vt 0.0985385 0.9184236
vt 0.0583003 0.9150507
vt 0.0583381 0.9131052
vt 0.0983055 0.9119899
vt 0.0983629 0.9139394
vt 0.1577563 0.9134884
vt 0.1576536 0.9154294
vt 0.1081897 0.9160952
vt 0.1082669 0.9141505
vt 0.1082146 0.9097386
vt 0.0982637 0.9099614
vt 0.0981670 0.9082703
vt 0.1081575 0.9079515
vt 0.1104251 0.9078441
vt 0.1104851 0.9097262
vt 0.1082146 0.9097386
vt 0.1081575 0.9079515
vt 0.0982637 0.9099614
vt 0.1082146 0.9097386
vt 0.1538855 0.9302149
vt 0.1482725 0.9308385
vt 0.1480005 0.9286910
vt 0.1535995 0.9279569
vt 0.0711080 0.9274613
vt 0.0611746 0.9295252
vt 0.0606899 0.9275045
vt 0.0706203 0.9254275
vt 0.0711515 0.9291530
vt 0.0711080 0.9274613
vt 0.1482725 0.9308385
vt 0.1488554 0.9358433
vt 0.1480005 0.9286910
vt 0.1482725 0.9308385
vt 0.0706203 0.9254275
vt 0.0709938 0.9237304
vt 0.1488477 0.9237304
vt 0.1480005 0.9286910
vt 0.0709938 0.9237304
vt 0.0718253 0.9217150
vt 0.1490724 0.9217150
vt 0.1488477 0.9237304
vt 0.0825354 0.9608409
vt 0.0924137 0.9625787
vt 0.0922223 0.9642741
vt 0.0822771 0.9626238
vt 0.0800233 0.9623507
vt 0.0802919 0.9604722
vt 0.0825354 0.9608409
vt 0.0822771 0.9626238
vt 0.0827479 0.9588599
vt 0.0926295 0.9605445
vt 0.0924137 0.9625787
vt 0.0825354 0.9608409
vt 0.1728578 0.9571812
vt 0.1755213 0.9574814
vt 0.1752472 0.9597086
vt 0.1725903 0.9593555
vt 0.0920978 0.9662825
vt 0.0817968 0.9646165
vt 0.0822771 0.9626238
vt 0.0922223 0.9642741
vt 0.0926295 0.9605445
vt 0.0923785 0.9588594
vt 0.1304958 0.9555245
vt 0.1311934 0.9588142
vt 0.1305393 0.9642401
vt 0.1308188 0.9662635
vt 0.1309364 0.9609022
vt 0.1305393 0.9642401
vt 0.1311934 0.9588142
vt 0.1309364 0.9609022
vt 0.1724379 0.9659755
vt 0.1691902 0.9662281
vt 0.1688564 0.9642046
vt 0.1721312 0.9639521
vt 0.1725903 0.9593555
vt 0.1694932 0.9592281
vt 0.1697570 0.9570855
vt 0.1728578 0.9571812
vt 0.1686130 0.9521897
vt 0.1704952 0.9533618
vt 0.1728578 0.9571812
vt 0.1697570 0.9570855
vt 0.1725903 0.9593555
vt 0.1706107 0.9628716
vt 0.1688564 0.9642046
vt 0.1694932 0.9592281
vt 0.1688564 0.9642046
vt 0.1691902 0.9662281
vt 0.1697570 0.9570855
vt 0.1694932 0.9592281
vt 0.0153704 0.9637190
vt 0.0149712 0.9641246
vt 0.0147032 0.9635911
vt 0.0166176 0.9615695
vt 0.0175679 0.9605026
vt 0.0165146 0.9625566
vt 0.0159560 0.9622396
vt 0.0166176 0.9615695
vt 0.0165195 0.9609522
vt 0.0175679 0.9605026
vt 0.0122723 0.9626510
vt 0.0118435 0.9628333
vt 0.0119470 0.9613912
vt 0.0122848 0.9614473
vt 0.0120396 0.9636335
vt 0.0116600 0.9639515
vt 0.0072876 0.9628793
vt 0.0076860 0.9639115
vt 0.0073729 0.9638587
vt 0.0069435 0.9628825
vt 0.0070763 0.9617723
vt 0.0071916 0.9623766
vt 0.0068627 0.9623809
vt 0.0067820 0.9618802
vt 0.0027658 0.9629705
vt 0.0019226 0.9619141
vt 0.0025449 0.9621684
vt 0.0030148 0.9627132
vt 0.0038449 0.9638893
vt 0.0039324 0.9635597
vt 0.0112936 0.9636496
vt 0.0115762 0.9652116
vt 0.0095048 0.9636891
vt 0.0137633 0.9636486
vt 0.0146967 0.9653195
vt 0.0120396 0.9636335
vt 0.0143674 0.9636633
vt 0.0043143 0.9636449
vt 0.0116600 0.9639515
vt 0.0115398 0.9671258
vt 0.0054624 0.9671664
vt 0.0054112 0.9652666
vt 0.0146155 0.9672311
vt 0.0150564 0.9648907
vt 0.0148527 0.9658402
vt 0.0146967 0.9653195
vt 0.0035393 0.9671975
vt 0.0034979 0.9657913
vt 0.0149132 0.9672405
vt 0.0146155 0.9672311
vt 0.0035566 0.9639596
vt 0.0079428 0.9618062
vt 0.0064377 0.9575477
vt 0.0091412 0.9617295
vt 0.0119470 0.9613912
vt 0.0116112 0.9614975
vt 0.0122848 0.9614473
vt 0.0140266 0.9567131
vt 0.0143266 0.9612175
vt 0.0072078 0.9618206
vt 0.0165195 0.9609522
vt 0.0175679 0.9605026
vt 0.0067820 0.9618802
vt 0.0064377 0.9575477
vt 0.0070763 0.9617723
vt 0.0012005 0.9615855
vt 0.0008029 0.9603975
vt 0.0019226 0.9619141
vt 0.0118435 0.9628333
vt 0.0114018 0.9626734
vt 0.0116112 0.9614975
vt 0.0119470 0.9613912
vt 0.0116600 0.9639515
vt 0.0112936 0.9636496
vt 0.0156405 0.9636939
vt 0.0152280 0.9640909
vt 0.0149712 0.9641246
vt 0.0153704 0.9637190
vt 0.0175679 0.9605026
vt 0.0185902 0.9604055
vt 0.0168912 0.9624904
vt 0.0165146 0.9625566
vt 0.0014719 0.9621240
vt 0.0013391 0.9619993
vt 0.0019226 0.9619141
vt 0.0038449 0.9638893
vt 0.0029386 0.9634467
vt 0.0024382 0.9630312
vt 0.0027658 0.9629705
vt 0.0074349 0.9627742
vt 0.0078063 0.9637921
vt 0.0076860 0.9639115
vt 0.0072876 0.9628793
vt 0.0070763 0.9617723
vt 0.0072078 0.9618206
vt 0.0073215 0.9622980
vt 0.0071916 0.9623766
vt 0.0004787 0.9588966
vt 0.0149712 0.9641246
vt 0.0152280 0.9640909
vt 0.0185681 0.9596846
vt 0.0185902 0.9604055
vt 0.0046947 0.9618758
vt 0.0019226 0.9619141
vt 0.0046947 0.9618758
vt 0.0025449 0.9621684
vt 0.0058979 0.9638609
vt 0.0076860 0.9639115
vt 0.0078063 0.9637921
vt 0.0073729 0.9638587
vt 0.0072078 0.9618206
vt 0.0059739 0.9618203
vt 0.0035566 0.9639596
vt 0.0033850 0.9638171
vt 0.0031635 0.9636332
vt 0.0013391 0.9619993
vt 0.0016086 0.9622523
vt 0.0185179 0.9580399
vt 0.0185202 0.9561994
vt 0.0153704 0.9637190
vt 0.0147032 0.9635911
vt 0.0149712 0.9641246
vt 0.0166176 0.9615695
vt 0.0159560 0.9622396
vt 0.0165146 0.9625566
vt 0.0175679 0.9605026
vt 0.0166176 0.9615695
vt 0.0175679 0.9605026
vt 0.0165195 0.9609522
vt 0.0122723 0.9626510
vt 0.0122848 0.9614473
vt 0.0119470 0.9613912
vt 0.0118435 0.9628333
vt 0.0120396 0.9636335
vt 0.0116600 0.9639515
vt 0.0073729 0.9638587
vt 0.0076860 0.9639115
vt 0.0072876 0.9628793
vt 0.0069435 0.9628825
vt 0.0068627 0.9623809
vt 0.0071916 0.9623766
vt 0.0070763 0.9617723
vt 0.0067820 0.9618802
vt 0.0025449 0.9621684
vt 0.0019226 0.9619141
vt 0.0027658 0.9629705
vt 0.0030148 0.9627132
vt 0.0038449 0.9638893
vt 0.0039324 0.9635597
vt 0.0112936 0.9636496
vt 0.0095048 0.9636891
vt 0.0115762 0.9652116
vt 0.0137633 0.9636486
vt 0.0120396 0.9636335
vt 0.0146967 0.9653195
vt 0.0143674 0.9636633
vt 0.0043143 0.9636449
vt 0.0116600 0.9639515
vt 0.0054112 0.9652666
vt 0.0150564 0.9648907
vt 0.0146967 0.9653195
vt 0.0148527 0.9658402
vt 0.0034979 0.9657913
vt 0.0035566 0.9639596
vt 0.0079428 0.9618062
vt 0.0091412 0.9617295
vt 0.0116112 0.9614975
vt 0.0119470 0.9613912
vt 0.0122848 0.9614473
vt 0.0143266 0.9612175
vt 0.0072078 0.9618206
vt 0.0165195 0.9609522
vt 0.0175679 0.9605026
vt 0.0067820 0.9618802
vt 0.0070763 0.9617723
vt 0.0012005 0.9615855
vt 0.0019226 0.9619141
vt 0.0008029 0.9603975
vt 0.0118435 0.9628333
vt 0.0119470 0.9613912
vt 0.0116112 0.9614975
vt 0.0114018 0.9626734
vt 0.0116600 0.9639515
vt 0.0112936 0.9636496
vt 0.0156405 0.9636939
vt 0.0153704 0.9637190
vt 0.0149712 0.9641246
vt 0.0152280 0.9640909
vt 0.0175679 0.9605026
vt 0.0165146 0.9625566
vt 0.0168912 0.9624904
vt 0.0185902 0.9604055
vt 0.0014719 0.9621240
vt 0.0019226 0.9619141
vt 0.0013391 0.9619993
vt 0.0038449 0.9638893
vt 0.0027658 0.9629705
vt 0.0024382 0.9630312
vt 0.0029386 0.9634467
vt 0.0076860 0.9639115
vt 0.0078063 0.9637921
vt 0.0074349 0.9627742
vt 0.0072876 0.9628793
vt 0.0070763 0.9617723
vt 0.0071916 0.9623766
vt 0.0073215 0.9622980
vt 0.0072078 0.9618206
vt 0.0149712 0.9641246
vt 0.0152280 0.9640909
vt 0.0185681 0.9596846
vt 0.0185902 0.9604055
vt 0.0046947 0.9618758
vt 0.0019226 0.9619141
vt 0.0025449 0.9621684
vt 0.0046947 0.9618758
vt 0.0058979 0.9638609
vt 0.0076860 0.9639115
vt 0.0078063 0.9637921
vt 0.0073729 0.9638587
vt 0.0072078 0.9618206
vt 0.0059739 0.9618203
vt 0.0033850 0.9638171
vt 0.0035566 0.9639596
vt 0.0031635 0.9636332
vt 0.0013391 0.9619993
vt 0.0016086 0.9622523
vt 0.0185179 0.9580399
vt 0.0402370 0.9274608
vt 0.0328546 0.9103942
vt 0.0360163 0.9118752
vt 0.0131128 0.9230011
vt 0.0014663 0.8869868
vt 0.0124876 0.8883175
vt 0.0183087 0.9128981
vt 0.0601344 0.8835673
vt 0.0391056 0.9091486
vt 0.0422993 0.8816410
vt 0.0227984 0.9110375
vt 0.0173822 0.8867541
vt 0.0346873 0.8828844
vt 0.0326026 0.9084559
vt 0.0072708 0.8418726
vt 0.0092724 0.8408498
vt 0.0116857 0.8423477
vt 0.0101255 0.8576404
vt 0.0597597 0.8799229
vt 0.0425633 0.8781935
vt 0.0425819 0.8747034
vt 0.0587791 0.8775308
vt 0.0342529 0.8799067
vt 0.0301712 0.8732997
vt 0.0157345 0.8847740
vt 0.0013676 0.8820721
vt 0.0101255 0.8576404
vt 0.0223284 0.8388736
vt 0.0292243 0.8464675
vt 0.0464720 0.8651281
vt 0.0607048 0.8688626
vt 0.0403045 0.8585435
vt 0.0301712 0.8732997
vt 0.0101255 0.8576404
vt 0.0292243 0.8464675
vt 0.0403045 0.8585435
vt 0.0363899 0.8813847
vt 0.0358701 0.9098876
vt 0.0183020 0.9265531
vt 0.0229151 0.9130076
vt 0.0444745 0.9249492
vt 0.0386441 0.9114438
vt 0.0187936 0.9105896
vt 0.0144942 0.8896373
vt 0.0013676 0.8820721
vt 0.0055357 0.8394735
vt 0.0415626 0.9520390
vt 0.0397041 0.9337804
vt 0.0420026 0.9363208
vt 0.0430774 0.9504938
vt 0.0463972 0.9342952
vt 0.0474789 0.9521210
vt 0.0464873 0.9517761
vt 0.0454756 0.9347302
vt 0.0444183 0.9555375
vt 0.0439668 0.9546015
vt 0.0031392 0.9558412
vt 0.0035487 0.9548993
vt 0.0012221 0.9540275
vt 0.0021232 0.9536132
vt 0.0008874 0.9292706
vt 0.0018296 0.9297110
vt 0.0046419 0.9259849
vt 0.0049852 0.9270172
vt 0.0424366 0.9303119
vt 0.0419961 0.9311683
vt 0.0454756 0.9347302
vt 0.0464873 0.9517761
vt 0.0442972 0.9509035
vt 0.0431548 0.9358405
vt 0.0439668 0.9546015
vt 0.0426870 0.9525457
vt 0.0035487 0.9548993
vt 0.0044030 0.9525457
vt 0.0021232 0.9536132
vt 0.0018296 0.9297110
vt 0.0040025 0.9309785
vt 0.0049852 0.9270172
vt 0.0056577 0.9293706
vt 0.0419961 0.9311683
vt 0.0407119 0.9331407
vt 0.0055406 0.9520390
vt 0.0051635 0.9317460
vt 0.0067209 0.9302330
vt 0.0402370 0.9274608
vt 0.0360163 0.9118752
vt 0.0328546 0.9103942
vt 0.0131128 0.9230011
vt 0.0183087 0.9128981
vt 0.0124876 0.8883175
vt 0.0014663 0.8869868
vt 0.0601344 0.8835673
vt 0.0391056 0.9091486
vt 0.0444745 0.9249492
vt 0.0227984 0.9110375
vt 0.0326026 0.9084559
vt 0.0346873 0.8828844
vt 0.0173822 0.8867541
vt 0.0072708 0.8418726
vt 0.0101255 0.8576404
vt 0.0116857 0.8423477
vt 0.0092724 0.8408498
vt 0.0597597 0.8799229
vt 0.0587791 0.8775308
vt 0.0425819 0.8747034
vt 0.0425633 0.8781935
vt 0.0301712 0.8732997
vt 0.0342529 0.8799067
vt 0.0157345 0.8847740
vt 0.0101255 0.8576404
vt 0.0013676 0.8820721
vt 0.0292243 0.8464675
vt 0.0223284 0.8388736
vt 0.0607048 0.8688626
vt 0.0464720 0.8651281
vt 0.0403045 0.8585435
vt 0.0301712 0.8732997
vt 0.0403045 0.8585435
vt 0.0292243 0.8464675
vt 0.0101255 0.8576404
vt 0.0363899 0.8813847
vt 0.0422993 0.8816410
vt 0.0358701 0.9098876
vt 0.0183020 0.9265531
vt 0.0229151 0.9130076
vt 0.0386441 0.9114438
vt 0.0144942 0.8896373
vt 0.0187936 0.9105896
vt 0.0013676 0.8820721
vt 0.0055357 0.8394735
vt 0.0420026 0.9363208
vt 0.0397041 0.9337804
vt 0.0415626 0.9520390
vt 0.0430774 0.9504938
vt 0.0463972 0.9342952
vt 0.0454756 0.9347302
vt 0.0464873 0.9517761
vt 0.0474789 0.9521210
vt 0.0439668 0.9546015
vt 0.0444183 0.9555375
vt 0.0035487 0.9548993
vt 0.0031392 0.9558412
vt 0.0021232 0.9536132
vt 0.0012221 0.9540275
vt 0.0018296 0.9297110
vt 0.0008874 0.9292706
vt 0.0049852 0.9270172
vt 0.0046419 0.9259849
vt 0.0419961 0.9311683
vt 0.0424366 0.9303119
vt 0.0454756 0.9347302
vt 0.0431548 0.9358405
vt 0.0442972 0.9509035
vt 0.0464873 0.9517761
vt 0.0426870 0.9525457
vt 0.0439668 0.9546015
vt 0.0044030 0.9525457
vt 0.0035487 0.9548993
vt 0.0021232 0.9536132
vt 0.0040025 0.9309785
vt 0.0018296 0.9297110
vt 0.0056577 0.9293706
vt 0.0049852 0.9270172
vt 0.0407119 0.9331407
vt 0.0419961 0.9311683
vt 0.0051635 0.9317460
vt 0.0055406 0.9520390
vt 0.0067209 0.9302330
vt 0.0335236 0.9859775
vt 0.0356940 0.9872020
vt 0.0357684 0.9906139
vt 0.0335386 0.9918656
vt 0.0366549 0.9861176
vt 0.0367758 0.9916555
vt 0.0357684 0.9906139
vt 0.0356940 0.9872020
vt 0.0390084 0.9860662
vt 0.0391293 0.9916041
vt 0.0355258 0.9857969
vt 0.0356940 0.9872020
vt 0.0335236 0.9859775
vt 0.0335386 0.9918656
vt 0.0357684 0.9906139
vt 0.0355921 0.9920604
vt 0.0119056 0.9859809
vt 0.0118713 0.9918656
vt 0.0096533 0.9906130
vt 0.0097212 0.9871998
vt 0.0096533 0.9906130
vt 0.0086476 0.9916569
vt 0.0087578 0.9861168
vt 0.0097212 0.9871998
vt 0.0119056 0.9859809
vt 0.0354220 0.9835079
vt 0.0118713 0.9918656
vt 0.0099376 0.9943655
vt 0.0098300 0.9920481
vt 0.0062931 0.9916101
vt 0.0064034 0.9860699
vt 0.0098917 0.9857852
vt 0.0097212 0.9871998
vt 0.0096533 0.9906130
vt 0.0335386 0.9918656
vt 0.0118713 0.9918656
vt 0.0119056 0.9859809
vt 0.0335236 0.9859775
vt 0.0335236 0.9859775
vt 0.0356940 0.9872020
vt 0.0357684 0.9906139
vt 0.0335386 0.9918656
vt 0.0366549 0.9861176
vt 0.0367758 0.9916555
vt 0.0357684 0.9906139
vt 0.0356940 0.9872020
vt 0.0390084 0.9860662
vt 0.0391293 0.9916041
vt 0.0355258 0.9857969
vt 0.0356940 0.9872020
vt 0.0335236 0.9859775
vt 0.0335386 0.9918656
vt 0.0357684 0.9906139
vt 0.0355921 0.9920604
vt 0.0119056 0.9859809
vt 0.0118713 0.9918656
vt 0.0096533 0.9906130
vt 0.0097212 0.9871998
vt 0.0096533 0.9906130
vt 0.0086476 0.9916569
vt 0.0087578 0.9861168
vt 0.0097212 0.9871998
vt 0.0119056 0.9859809
vt 0.0354220 0.9835079
vt 0.0118713 0.9918656
vt 0.0099376 0.9943655
vt 0.0098300 0.9920481
vt 0.0062931 0.9916101
vt 0.0064034 0.9860699
vt 0.0098917 0.9857852
vt 0.0097212 0.9871998
vt 0.0096533 0.9906130
vt 0.0335386 0.9918656
vt 0.0118713 0.9918656
vt 0.0119056 0.9859809
vt 0.0335236 0.9859775
vt 0.0100141 0.9834511
vt 0.0100141 0.9834511
vt 0.5229961 0.2112761
vt 0.0014115 0.9924858
vt 0.0354663 0.9944251
vt 0.0354663 0.9944251
f 1/1 2/2 3/3
f 3/3 4/4 1/1
f 703/703 1/1 4/4
f 694/694 3/3 2/2
f 2/2 695/695 694/694
f 696/696 694/694 695/695
f 695/695 697/697 696/696
f 698/698 696/696 697/697
f 697/697 699/699 698/698
f 698/698 699/699 1749/1749
f 1749/1749 1748/1748 698/698
f 1748/1748 1749/1749 1747/1747
f 1747/1747 1746/1746 1748/1748
f 1746/1746 1747/1747 1099/1099
f 1099/1099 1098/1098 1746/1746
f 1098/1098 1099/1099 1096/1096
f 1096/1096 1097/1097 1098/1098
f 1097/1097 1096/1096 1753/1753
f 1753/1753 1291/1291 1097/1097
f 1753/1753 1754/1754 1292/1292
f 1292/1292 1291/1291 1753/1753
f 1289/1289 1290/1290 1291/1291
f 1291/1291 1292/1292 1289/1289
f 1292/1292 1754/1754 1752/1752
f 1752/1752 1296/1296 1292/1292
f 1289/1289 1292/1292 1296/1296
f 1290/1290 1289/1289 1293/1293
f 1297/1297 1293/1293 1289/1289
f 1289/1289 1295/1295 1297/1297
f 1296/1296 1295/1295 1289/1289
f 1293/1293 1294/1294 1290/1290
f 1106/1106 1295/1295 1296/1296
f 1107/1107 1298/1298 1295/1295
f 1295/1295 1106/1106 1107/1107
f 1299/1299 1297/1297 1295/1295
f 1295/1295 1298/1298 1299/1299
f 1752/1752 1106/1106 1296/1296
f 1106/1106 1101/1101 1105/1105
f 1105/1105 1107/1107 1106/1106
f 1752/1752 1101/1101 1106/1106
f 1100/1100 1101/1101 1102/1102
f 1105/1105 1101/1101 1100/1100
f 1752/1752 1102/1102 1101/1101
f 1100/1100 1104/1104 1105/1105
f 1105/1105 1680/1680 1107/1107
f 1175/1175 1104/1104 1100/1100
f 1102/1102 1103/1103 1100/1100
f 1171/1171 1100/1100 1103/1103
f 1100/1100 1171/1171 1175/1175
f 1173/1173 1176/1176 1175/1175
f 1175/1175 1171/1171 1173/1173
f 1103/1103 1172/1172 1171/1171
f 1173/1173 1171/1171 1172/1172
f 1172/1172 1174/1174 1173/1173
f 90/90 91/91 1173/1173
f 1173/1173 1174/1174 90/90
f 1176/1176 1173/1173 91/91
f 91/91 92/92 1176/1176
f 78/78 91/91 90/90
f 91/91 78/78 81/81
f 81/81 92/92 91/91
f 90/90 79/79 78/78
f 78/78 79/79 77/77
f 77/77 76/76 78/78
f 78/78 76/76 80/80
f 80/80 81/81 78/78
f 76/76 77/77 6/6
f 6/6 5/5 76/76
f 80/80 76/76 5/5
f 5/5 10/10 80/80
f 5/5 6/6 7/7
f 7/7 8/8 5/5
f 5/5 8/8 9/9
f 9/9 10/10 5/5
f 702/702 8/8 7/7
f 9/9 8/8 11/11
f 702/702 11/11 8/8
f 11/11 12/12 9/9
f 9/9 12/12 622/622
f 11/11 222/222 223/223
f 12/12 11/11 223/223
f 702/702 222/222 11/11
f 217/217 222/222 702/702
f 702/702 704/704 217/217
f 216/216 223/223 222/222
f 222/222 217/217 216/216
f 224/224 223/223 216/216
f 223/223 225/225 12/12
f 226/226 225/225 223/223
f 223/223 224/224 226/226
f 216/216 217/217 218/218
f 218/218 219/219 216/216
f 221/221 216/216 219/219
f 216/216 221/221 224/224
f 703/703 218/218 217/217
f 4/4 218/218 703/703
f 217/217 704/704 703/703
f 219/219 220/220 221/221
f 226/226 626/626 625/625
f 625/625 225/225 226/226
f 225/225 625/625 623/623
f 12/12 623/623 621/621
f 623/623 12/12 225/225
f 621/621 622/622 12/12
f 1678/1678 1679/1679 1107/1107
f 1107/1107 1680/1680 1678/1678
f 1298/1298 1107/1107 1679/1679
f 1679/1679 1682/1682 1298/1298
f 1299/1299 1298/1298 1682/1682
f 1682/1682 1683/1683 1299/1299
f 13/13 14/14 15/15
f 15/15 16/16 13/13
f 14/14 13/13 82/82
f 82/82 83/83 14/14
f 83/83 82/82 85/85
f 85/85 84/84 83/83
f 84/84 85/85 86/86
f 93/93 94/94 84/84
f 84/84 86/86 93/93
f 93/93 1180/1180 1179/1179
f 1179/1179 94/94 93/93
f 1179/1179 1180/1180 1181/1181
f 1178/1178 1179/1179 1181/1181
f 1181/1181 1177/1177 1178/1178
f 1111/1111 1178/1178 1177/1177
f 1177/1177 1108/1108 1111/1111
f 1110/1110 1111/1111 1108/1108
f 1108/1108 1109/1109 1110/1110
f 1109/1109 1674/1674 1110/1110
f 16/16 15/15 617/617
f 17/17 18/18 19/19
f 227/227 228/228 17/17
f 17/17 229/229 227/227
f 232/232 233/233 17/17
f 17/17 228/228 232/232
f 336/336 17/17 233/233
f 620/620 229/229 17/17
f 17/17 19/19 620/620
f 619/619 18/18 17/17
f 17/17 336/336 619/619
f 228/228 227/227 230/230
f 230/230 231/231 228/228
f 232/232 228/228 231/231
f 231/231 234/234 232/232
f 233/233 232/232 235/235
f 235/235 232/232 234/234
f 234/234 238/238 235/235
f 235/235 236/236 37/37
f 37/37 237/237 235/235
f 235/235 237/237 233/233
f 235/235 238/238 239/239
f 239/239 236/236 235/235
f 38/38 37/37 236/236
f 236/236 240/240 38/38
f 241/241 240/240 236/236
f 236/236 239/239 241/241
f 38/38 240/240 242/242
f 243/243 242/242 240/240
f 240/240 241/241 243/243
f 242/242 42/42 38/38
f 242/242 244/244 245/245
f 245/245 42/42 242/242
f 246/246 244/244 242/242
f 242/242 243/243 246/246
f 39/39 38/38 42/42
f 38/38 39/39 36/36
f 36/36 37/37 38/38
f 37/37 36/36 756/756
f 237/237 37/37 339/339
f 756/756 757/757 37/37
f 757/757 339/339 37/37
f 756/756 347/347 29/29
f 29/29 757/757 756/756
f 28/28 882/882 757/757
f 757/757 29/29 28/28
f 757/757 882/882 339/339
f 338/338 339/339 340/340
f 882/882 340/340 339/339
f 339/339 338/338 237/237
f 237/237 338/338 337/337
f 337/337 233/233 237/237
f 233/233 337/337 336/336
f 618/618 619/619 336/336
f 28/28 29/29 30/30
f 30/30 31/31 28/28
f 30/30 29/29 347/347
f 347/347 348/348 30/30
f 244/244 246/246 247/247
f 247/247 248/248 244/244
f 245/245 244/244 248/248
f 248/248 754/754 245/245
f 20/20 21/21 22/22
f 22/22 23/23 20/20
f 138/138 132/132 20/20
f 20/20 23/23 138/138
f 20/20 135/135 335/335
f 335/335 21/21 20/20
f 135/135 20/20 132/132
f 23/23 22/22 24/24
f 24/24 25/25 23/23
f 138/138 23/23 25/25
f 26/26 24/24 27/27
f 26/26 25/25 24/24
f 140/140 138/138 25/25
f 25/25 141/141 140/140
f 965/965 141/141 25/25
f 26/26 965/965 25/25
f 138/138 140/140 142/142
f 142/142 139/139 138/138
f 139/139 142/142 146/146
f 138/138 139/139 136/136
f 139/139 145/145 143/143
f 143/143 136/136 139/139
f 146/146 145/145 139/139
f 136/136 132/132 138/138
f 132/132 136/136 137/137
f 136/136 143/143 144/144
f 144/144 137/137 136/136
f 144/144 143/143 1223/1223
f 1225/1225 1223/1223 143/143
f 143/143 145/145 1225/1225
f 1225/1225 145/145 146/146
f 146/146 1228/1228 1225/1225
f 1223/1223 1225/1225 1224/1224
f 1224/1224 1225/1225 1228/1228
f 1222/1222 1223/1223 1218/1218
f 1224/1224 1218/1218 1223/1223
f 1223/1223 1222/1222 144/144
f 1218/1218 1221/1221 1222/1222
f 144/144 1222/1222 1229/1229
f 1230/1230 1229/1229 1222/1222
f 1222/1222 1221/1221 1230/1230
f 1218/1218 1219/1219 1220/1220
f 1220/1220 1221/1221 1218/1218
f 1115/1115 1218/1218 1224/1224
f 1219/1219 1218/1218 1115/1115
f 1221/1221 1220/1220 1230/1230
f 1184/1184 1230/1230 1220/1220
f 1414/1414 1229/1229 1230/1230
f 1230/1230 1184/1184 1414/1414
f 1220/1220 1219/1219 1405/1405
f 1405/1405 1182/1182 1220/1220
f 1220/1220 1182/1182 1184/1184
f 1405/1405 1219/1219 1406/1406
f 1406/1406 1219/1219 1115/1115
f 1115/1115 1118/1118 1406/1406
f 1117/1117 1118/1118 1115/1115
f 1115/1115 1116/1116 1117/1117
f 1224/1224 1116/1116 1115/1115
f 1119/1119 1117/1117 1116/1116
f 1116/1116 1120/1120 1119/1119
f 1224/1224 1120/1120 1116/1116
f 1120/1120 1224/1224 1226/1226
f 1228/1228 1226/1226 1224/1224
f 1121/1121 1120/1120 1122/1122
f 1226/1226 1227/1227 1120/1120
f 1122/1122 1120/1120 1227/1227
f 1121/1121 1119/1119 1120/1120
f 1121/1121 4397/4397 1119/1119
f 1182/1182 1183/1183 1184/1184
f 1681/1681 1414/1414 1184/1184
f 1184/1184 1183/1183 1681/1681
f 1742/1742 1414/1414 1681/1681
f 1681/1681 1743/1743 1742/1742
f 1229/1229 1414/1414 344/344
f 344/344 1414/1414 1742/1742
f 1742/1742 689/689 344/344
f 344/344 343/343 147/147
f 147/147 148/148 344/344
f 344/344 689/689 687/687
f 687/687 343/343 344/344
f 344/344 148/148 1229/1229
f 1229/1229 148/148 144/144
f 144/144 148/148 147/147
f 147/147 137/137 144/144
f 137/137 147/147 149/149
f 149/149 147/147 343/343
f 137/137 133/133 132/132
f 149/149 133/133 137/137
f 149/149 134/134 133/133
f 134/134 149/149 88/88
f 343/343 88/88 149/149
f 132/132 133/133 134/134
f 134/134 135/135 132/132
f 134/134 87/87 334/334
f 334/334 135/135 134/134
f 88/88 87/87 134/134
f 87/87 88/88 89/89
f 624/624 89/89 88/88
f 88/88 343/343 624/624
f 687/687 688/688 624/624
f 624/624 343/343 687/687
f 334/334 335/335 135/135
f 32/32 33/33 34/34
f 34/34 35/35 32/32
f 32/32 35/35 40/40
f 40/40 41/41 32/32
f 32/32 48/48 1017/1017
f 1017/1017 33/33 32/32
f 48/48 32/32 41/41
f 740/740 34/34 33/33
f 739/739 740/740 737/737
f 33/33 737/737 740/740
f 737/737 738/738 739/739
f 364/364 739/739 738/738
f 738/738 737/737 1029/1029
f 1029/1029 737/737 33/33
f 355/355 738/738 1016/1016
f 1029/1029 1016/1016 738/738
f 738/738 355/355 364/364
f 363/363 364/364 355/355
f 354/354 355/355 356/356
f 355/355 354/354 363/363
f 1016/1016 356/356 355/355
f 1011/1011 356/356 1016/1016
f 1016/1016 1012/1012 1011/1011
f 1030/1030 1016/1016 1029/1029
f 1012/1012 1016/1016 1030/1030
f 356/356 357/357 354/354
f 357/357 356/356 1011/1011
f 1010/1010 1011/1011 1012/1012
f 1011/1011 1010/1010 1023/1023
f 1011/1011 1023/1023 357/357
f 1014/1014 1010/1010 1012/1012
f 1020/1020 1012/1012 1024/1024
f 1012/1012 1020/1020 1014/1014
f 1030/1030 1024/1024 1012/1012
f 1029/1029 1028/1028 1030/1030
f 1027/1027 1028/1028 1029/1029
f 1029/1029 1017/1017 1027/1027
f 33/33 1017/1017 1029/1029
f 1026/1026 1027/1027 1017/1017
f 1017/1017 48/48 47/47
f 47/47 1015/1015 1017/1017
f 1025/1025 1026/1026 1017/1017
f 1017/1017 1015/1015 1025/1025
f 47/47 48/48 49/49
f 41/41 49/49 48/48
f 49/49 50/50 47/47
f 1015/1015 47/47 1013/1013
f 50/50 1013/1013 47/47
f 50/50 49/49 51/51
f 49/49 41/41 44/44
f 44/44 51/51 49/49
f 41/41 40/40 43/43
f 43/43 44/44 41/41
f 44/44 43/43 45/45
f 45/45 46/46 44/44
f 51/51 44/44 46/46
f 51/51 52/52 50/50
f 52/52 51/51 735/735
f 46/46 735/735 51/51
f 1013/1013 1014/1014 1015/1015
f 1014/1014 1020/1020 1015/1015
f 1018/1018 1019/1019 1015/1015
f 1015/1015 1020/1020 1018/1018
f 1019/1019 1025/1025 1015/1015
f 1024/1024 1018/1018 1020/1020
f 53/53 54/54 55/55
f 56/56 53/53 57/57
f 748/748 57/57 53/53
f 53/53 55/55 748/748
f 999/999 54/54 1000/1000
f 54/54 999/999 1006/1006
f 1006/1006 55/55 54/54
f 1008/1008 748/748 55/55
f 1008/1008 55/55 1006/1006
f 1006/1006 1009/1009 1008/1008
f 1007/1007 360/360 1008/1008
f 1008/1008 1009/1009 1007/1007
f 744/744 748/748 1008/1008
f 1008/1008 360/360 744/744
f 1007/1007 1021/1021 358/358
f 358/358 360/360 1007/1007
f 358/358 359/359 360/360
f 745/745 744/744 360/360
f 360/360 359/359 745/745
f 744/744 745/745 746/746
f 746/746 747/747 744/744
f 748/748 744/744 747/747
f 747/747 749/749 748/748
f 57/57 748/748 749/749
f 749/749 750/750 57/57
f 57/57 58/58 56/56
f 58/58 57/57 750/750
f 750/750 743/743 58/58
f 59/59 56/56 58/58
f 58/58 60/60 59/59
f 60/60 58/58 743/743
f 743/743 741/741 60/60
f 733/733 59/59 60/60
f 60/60 736/736 733/733
f 736/736 60/60 741/741
f 59/59 733/733 734/734
f 741/741 742/742 736/736
f 759/759 760/760 359/359
f 359/359 358/358 759/759
f 1004/1004 759/759 358/358
f 358/358 1005/1005 1004/1004
f 358/358 1021/1021 1005/1005
f 1022/1022 1004/1004 1005/1005
f 1002/1002 1005/1005 1021/1021
f 1005/1005 1002/1002 1022/1022
f 1021/1021 1003/1003 1002/1002
f 1001/1001 1002/1002 1003/1003
f 1001/1001 1022/1022 1002/1002
f 1000/1000 1001/1001 1003/1003
f 1003/1003 999/999 1000/1000
f 61/61 62/62 63/63
f 63/63 64/64 61/61
f 341/341 61/61 64/64
f 368/368 68/68 61/61
f 61/61 341/341 368/368
f 67/67 62/62 61/61
f 61/61 68/68 67/67
f 62/62 67/67 369/369
f 65/65 66/66 67/67
f 67/67 68/68 65/65
f 67/67 66/66 130/130
f 130/130 131/131 67/67
f 369/369 67/67 131/131
f 65/65 68/68 411/411
f 68/68 368/368 411/411
f 66/66 65/65 422/422
f 420/420 411/411 368/368
f 420/420 421/421 204/204
f 204/204 419/419 420/420
f 368/368 421/421 420/420
f 341/341 758/758 421/421
f 421/421 368/368 341/341
f 198/198 204/204 421/421
f 421/421 758/758 198/198
f 64/64 342/342 341/341
f 758/758 341/341 342/342
f 342/342 755/755 758/758
f 199/199 198/198 758/758
f 758/758 755/755 199/199
f 196/196 197/197 198/198
f 198/198 199/199 196/196
f 204/204 198/198 197/197
f 183/183 196/196 199/199
f 199/199 200/200 183/183
f 199/199 755/755 200/200
f 196/196 183/183 186/186
f 186/186 201/201 196/196
f 196/196 201/201 202/202
f 202/202 197/197 196/196
f 197/197 203/203 204/204
f 197/197 202/202 205/205
f 205/205 203/203 197/197
f 206/206 204/204 203/203
f 203/203 207/207 206/206
f 208/208 207/207 203/203
f 203/203 205/205 208/208
f 204/204 206/206 419/419
f 543/543 544/544 419/419
f 419/419 206/206 543/543
f 545/545 543/543 206/206
f 206/206 546/546 545/545
f 546/546 206/206 547/547
f 548/548 547/547 206/206
f 206/206 207/207 548/548
f 549/549 548/548 207/207
f 207/207 208/208 549/549
f 186/186 183/183 182/182
f 182/182 187/187 186/186
f 182/182 183/183 184/184
f 184/184 183/183 200/200
f 184/184 185/185 182/182
f 188/188 182/182 185/185
f 187/187 182/182 188/188
f 188/188 190/190 187/187
f 185/185 189/189 188/188
f 191/191 188/188 189/189
f 190/190 188/188 191/191
f 191/191 193/193 190/190
f 189/189 192/192 191/191
f 191/191 194/194 195/195
f 195/195 193/193 191/191
f 194/194 191/191 192/192
f 192/192 752/752 194/194
f 194/194 752/752 753/753
f 365/365 366/366 131/131
f 367/367 365/365 131/131
f 131/131 130/130 367/367
f 131/131 366/366 369/369
f 302/302 361/361 365/365
f 365/365 367/367 302/302
f 301/301 302/302 303/303
f 361/361 302/302 301/301
f 303/303 304/304 301/301
f 304/304 362/362 301/301
f 304/304 303/303 318/318
f 318/318 317/317 304/304
f 362/362 304/304 317/317
f 317/317 371/371 362/362
f 372/372 362/362 371/371
f 317/317 318/318 319/319
f 319/319 320/320 317/317
f 371/371 317/317 320/320
f 371/371 315/315 350/350
f 350/350 372/372 371/371
f 320/320 316/316 371/371
f 315/315 371/371 316/316
f 315/315 316/316 313/313
f 313/313 312/312 315/315
f 315/315 312/312 349/349
f 349/349 350/350 315/315
f 311/311 312/312 313/313
f 313/313 314/314 311/311
f 349/349 312/312 311/311
f 311/311 352/352 349/349
f 309/309 311/311 314/314
f 352/352 311/311 309/309
f 314/314 310/310 309/309
f 307/307 308/308 309/309
f 309/309 310/310 307/307
f 309/309 351/351 352/352
f 351/351 309/309 308/308
f 307/307 374/374 373/373
f 373/373 308/308 307/307
f 308/308 751/751 351/351
f 966/966 751/751 308/308
f 308/308 373/373 966/966
f 305/305 373/373 374/374
f 305/305 966/966 373/373
f 374/374 306/306 305/305
f 299/299 305/305 306/306
f 353/353 966/966 305/305
f 305/305 299/299 353/353
f 306/306 300/300 299/299
f 126/126 299/299 300/300
f 299/299 126/126 346/346
f 346/346 353/353 299/299
f 300/300 127/127 126/126
f 126/126 127/127 128/128
f 128/128 129/129 126/126
f 345/345 346/346 126/126
f 126/126 129/129 345/345
f 69/69 70/70 71/71
f 73/73 69/69 71/71
f 69/69 102/102 379/379
f 379/379 383/383 69/69
f 102/102 69/69 73/73
f 383/383 70/70 69/69
f 409/409 70/70 383/383
f 71/71 70/70 410/410
f 410/410 70/70 409/409
f 1076/1076 409/409 412/412
f 409/409 1076/1076 410/410
f 410/410 210/210 71/71
f 209/209 71/71 210/210
f 210/210 211/211 209/209
f 213/213 209/209 211/211
f 72/72 71/71 209/209
f 209/209 214/214 72/72
f 215/215 214/214 209/209
f 209/209 213/213 215/215
f 211/211 212/212 213/213
f 215/215 585/585 584/584
f 584/584 214/214 215/215
f 214/214 584/584 75/75
f 75/75 72/72 214/214
f 72/72 75/75 74/74
f 74/74 73/73 72/72
f 73/73 74/74 104/104
f 71/71 72/72 73/73
f 73/73 99/99 102/102
f 104/104 99/99 73/73
f 99/99 104/104 103/103
f 99/99 100/100 101/101
f 101/101 102/102 99/99
f 103/103 100/100 99/99
f 379/379 102/102 101/101
f 101/101 100/100 114/114
f 114/114 115/115 101/101
f 101/101 378/378 379/379
f 380/380 378/378 101/101
f 101/101 115/115 380/380
f 114/114 100/100 103/103
f 116/116 114/114 103/103
f 116/116 117/117 114/114
f 114/114 117/117 118/118
f 118/118 119/119 114/114
f 115/115 114/114 119/119
f 119/119 975/975 115/115
f 115/115 975/975 976/976
f 976/976 382/382 115/115
f 125/125 382/382 976/976
f 976/976 122/122 125/125
f 115/115 382/382 381/381
f 382/382 125/125 995/995
f 995/995 381/381 382/382
f 124/124 125/125 122/122
f 995/995 125/125 124/124
f 122/122 123/123 124/124
f 124/124 1081/1081 995/995
f 124/124 123/123 1210/1210
f 1210/1210 1211/1211 124/124
f 124/124 1211/1211 2036/2036
f 2036/2036 1081/1081 124/124
f 1211/1211 1210/1210 2018/2018
f 2018/2018 1451/1451 1211/1211
f 2036/2036 1211/1211 1451/1451
f 1451/1451 1450/1450 2036/2036
f 1450/1450 1451/1451 1204/1204
f 1204/1204 1451/1451 2018/2018
f 2018/2018 2019/2019 1204/1204
f 1191/1191 1204/1204 1205/1205
f 1449/1449 1204/1204 1191/1191
f 1204/1204 1449/1449 1450/1450
f 1204/1204 2019/2019 1208/1208
f 1208/1208 1205/1205 1204/1204
f 1191/1191 1448/1448 1449/1449
f 1447/1447 1448/1448 1191/1191
f 1191/1191 1190/1190 1447/1447
f 1164/1164 1452/1452 1447/1447
f 1447/1447 1190/1190 1164/1164
f 1189/1189 1190/1190 1191/1191
f 1167/1167 1164/1164 1190/1190
f 1190/1190 1189/1189 1167/1167
f 1164/1164 1165/1165 1166/1166
f 1165/1165 1164/1164 1167/1167
f 1452/1452 1164/1164 1166/1166
f 1478/1478 1452/1452 1166/1166
f 1479/1479 1166/1166 1165/1165
f 1478/1478 1166/1166 1479/1479
f 1167/1167 1168/1168 1165/1165
f 1284/1284 1165/1165 1282/1282
f 1282/1282 1165/1165 1168/1168
f 1165/1165 1284/1284 1479/1479
f 1479/1479 2116/2116 1478/1478
f 1481/1481 1478/1478 2116/2116
f 2116/2116 1482/1482 1481/1481
f 1481/1481 1482/1482 1483/1483
f 1282/1282 1283/1283 1284/1284
f 1283/1283 1282/1282 1285/1285
f 1285/1285 1286/1286 1283/1283
f 1288/1288 1285/1285 1282/1282
f 1282/1282 1287/1287 1288/1288
f 1288/1288 1287/1287 1643/1643
f 1643/1643 1644/1644 1288/1288
f 1168/1168 1287/1287 1282/1282
f 1287/1287 1168/1168 1170/1170
f 1170/1170 1643/1643 1287/1287
f 1169/1169 1170/1170 1168/1168
f 1168/1168 1167/1167 1169/1169
f 1194/1194 1169/1169 1167/1167
f 1167/1167 1189/1189 1194/1194
f 1193/1193 1194/1194 1189/1189
f 1191/1191 1192/1192 1189/1189
f 1189/1189 1192/1192 1193/1193
f 1193/1193 1192/1192 1205/1205
f 1206/1206 1193/1193 1205/1205
f 1205/1205 1192/1192 1191/1191
f 1206/1206 1205/1205 1207/1207
f 1205/1205 1208/1208 1209/1209
f 1209/1209 1207/1207 1205/1205
f 381/381 380/380 115/115
f 412/412 414/414 1076/1076
f 412/412 413/413 414/414
f 95/95 96/96 97/97
f 97/97 98/98 95/95
f 96/96 95/95 105/105
f 105/105 106/106 96/96
f 106/106 105/105 110/110
f 110/110 109/109 106/106
f 109/109 110/110 107/107
f 107/107 108/108 109/109
f 108/108 107/107 1077/1077
f 1077/1077 107/107 1079/1079
f 1077/1077 1078/1078 108/108
f 1200/1200 1078/1078 1077/1077
f 1079/1079 1080/1080 1077/1077
f 1077/1077 1197/1197 1200/1200
f 1077/1077 1080/1080 2117/2117
f 2117/2117 1197/1197 1077/1077
f 1199/1199 1200/1200 1197/1197
f 1197/1197 1198/1198 1199/1199
f 1196/1196 1199/1199 1198/1198
f 1198/1198 1195/1195 1196/1196
f 1188/1188 1196/1196 1195/1195
f 1195/1195 1185/1185 1188/1188
f 1187/1187 1188/1188 1185/1185
f 1185/1185 1186/1186 1187/1187
f 1649/1649 1187/1187 1650/1650
f 1650/1650 1187/1187 1186/1186
f 1646/1646 1649/1649 1648/1648
f 1650/1650 1648/1648 1649/1649
f 1395/1395 1646/1646 1645/1645
f 1645/1645 1646/1646 1647/1647
f 1648/1648 1647/1647 1646/1646
f 1394/1394 1395/1395 1396/1396
f 1645/1645 1396/1396 1395/1395
f 1396/1396 1397/1397 1394/1394
f 1399/1399 1394/1394 1397/1397
f 1398/1398 1399/1399 1397/1397
f 1397/1397 1400/1400 1398/1398
f 1401/1401 1399/1399 1398/1398
f 1398/1398 1402/1402 1401/1401
f 1445/1445 1402/1402 1398/1398
f 1398/1398 1400/1400 1445/1445
f 1401/1401 1402/1402 1403/1403
f 1403/1403 1404/1404 1401/1401
f 1446/1446 1403/1403 1402/1402
f 1402/1402 1445/1445 1446/1446
f 1404/1404 1403/1403 333/333
f 377/377 333/333 1403/1403
f 1403/1403 1446/1446 377/377
f 333/333 332/332 1404/1404
f 329/329 332/332 333/333
f 333/333 330/330 329/329
f 330/330 333/333 377/377
f 377/377 376/376 330/330
f 328/328 329/329 330/330
f 330/330 331/331 328/328
f 331/331 330/330 376/376
f 376/376 375/375 331/331
f 328/328 331/331 325/325
f 325/325 331/331 375/375
f 325/325 327/327 328/328
f 325/325 326/326 322/322
f 322/322 327/327 325/325
f 375/375 326/326 325/325
f 327/327 322/322 321/321
f 321/321 322/322 323/323
f 323/323 324/324 321/321
f 324/324 323/323 586/586
f 586/586 587/587 324/324
f 586/586 588/588 587/587
f 589/589 590/590 587/587
f 587/587 588/588 589/589
f 590/590 589/589 591/591
f 591/591 97/97 590/590
f 591/591 98/98 97/97
f 111/111 112/112 113/113
f 111/111 418/418 391/391
f 391/391 390/390 111/111
f 111/111 390/390 112/112
f 120/120 113/113 112/112
f 112/112 121/121 120/120
f 121/121 112/112 390/390
f 1085/1085 1086/1086 113/113
f 113/113 120/120 1085/1085
f 1203/1203 1202/1202 120/120
f 120/120 121/121 1203/1203
f 1085/1085 120/120 1202/1202
f 390/390 1075/1075 121/121
f 121/121 1075/1075 1459/1459
f 1459/1459 1203/1203 121/121
f 1201/1201 1202/1202 1203/1203
f 1201/1201 1203/1203 1459/1459
f 1202/1202 2118/2118 1085/1085
f 1457/1457 1458/1458 1459/1459
f 1459/1459 1460/1460 1457/1457
f 1201/1201 1459/1459 1458/1458
f 1082/1082 1460/1460 1459/1459
f 1459/1459 1075/1075 1082/1082
f 1082/1082 1075/1075 390/390
f 390/390 389/389 1082/1082
f 388/388 389/389 390/390
f 390/390 391/391 388/388
f 1458/1458 1487/1487 1201/1201
f 150/150 151/151 152/152
f 152/152 153/153 150/150
f 151/151 150/150 154/154
f 158/158 159/159 150/150
f 150/150 153/153 158/158
f 150/150 159/159 160/160
f 160/160 154/154 150/150
f 370/370 152/152 151/151
f 151/151 157/157 370/370
f 155/155 156/156 157/157
f 157/157 151/151 155/155
f 154/154 155/155 151/151
f 155/155 154/154 172/172
f 172/172 173/173 155/155
f 156/156 155/155 173/173
f 173/173 174/174 156/156
f 1235/1235 173/173 172/172
f 173/173 1235/1235 1238/1238
f 1238/1238 174/174 173/173
f 175/175 172/172 154/154
f 172/172 1236/1236 1235/1235
f 1236/1236 172/172 175/175
f 1234/1234 1235/1235 1236/1236
f 1235/1235 1234/1234 1237/1237
f 1237/1237 1238/1238 1235/1235
f 1236/1236 1231/1231 1234/1234
f 1231/1231 1236/1236 1241/1241
f 175/175 1241/1241 1236/1236
f 1233/1233 1234/1234 1231/1231
f 1234/1234 1233/1233 1440/1440
f 1440/1440 1237/1237 1234/1234
f 1231/1231 1232/1232 1233/1233
f 1239/1239 1232/1232 1231/1231
f 1231/1231 1240/1240 1239/1239
f 1241/1241 1240/1240 1231/1231
f 1240/1240 1241/1241 1245/1245
f 1241/1241 175/175 176/176
f 176/176 1245/1245 1241/1241
f 1242/1242 1239/1239 1240/1240
f 1242/1242 1240/1240 1243/1243
f 1245/1245 1243/1243 1240/1240
f 1245/1245 1248/1248 1246/1246
f 1246/1246 1243/1243 1245/1245
f 1248/1248 1245/1245 176/176
f 1243/1243 1244/1244 1242/1242
f 1244/1244 1243/1243 1246/1246
f 1246/1246 1247/1247 1244/1244
f 1250/1250 1247/1247 1246/1246
f 1246/1246 1251/1251 1250/1250
f 1251/1251 1246/1246 1248/1248
f 176/176 177/177 1248/1248
f 1248/1248 1253/1253 1251/1251
f 1253/1253 1248/1248 177/177
f 1249/1249 1250/1250 1251/1251
f 1251/1251 1252/1252 1249/1249
f 1252/1252 1251/1251 1253/1253
f 1253/1253 1254/1254 1252/1252
f 1254/1254 1253/1253 180/180
f 177/177 180/180 1253/1253
f 167/167 177/177 176/176
f 177/177 167/167 178/178
f 178/178 180/180 177/177
f 180/180 178/178 179/179
f 179/179 181/181 180/180
f 180/180 181/181 1254/1254
f 178/178 170/170 169/169
f 169/169 179/179 178/178
f 170/170 178/178 167/167
f 168/168 169/169 170/170
f 170/170 171/171 168/168
f 171/171 170/170 165/165
f 167/167 165/165 170/170
f 165/165 166/166 171/171
f 165/165 162/162 163/163
f 163/163 166/166 165/165
f 164/164 162/162 165/165
f 165/165 167/167 164/164
f 162/162 159/159 161/161
f 161/161 163/163 162/162
f 159/159 162/162 164/164
f 164/164 160/160 159/159
f 160/160 164/164 176/176
f 176/176 164/164 167/167
f 161/161 159/159 158/158
f 176/176 175/175 160/160
f 154/154 160/160 175/175
f 249/249 250/250 251/251
f 251/251 252/252 249/249
f 253/253 254/254 249/249
f 249/249 252/252 253/253
f 251/251 250/250 259/259
f 259/259 260/260 251/251
f 261/261 260/260 259/259
f 259/259 262/262 261/261
f 263/263 261/261 262/262
f 262/262 264/264 263/263
f 266/266 263/263 264/264
f 264/264 265/265 266/266
f 550/550 551/551 266/266
f 266/266 265/265 550/550
f 254/254 253/253 255/255
f 255/255 256/256 254/254
f 256/256 255/255 257/257
f 257/257 258/258 256/256
f 267/267 268/268 269/269
f 269/269 270/270 267/267
f 269/269 271/271 272/272
f 272/272 270/270 269/269
f 273/273 272/272 271/271
f 271/271 274/274 273/273
f 275/275 276/276 277/277
f 277/277 278/278 275/275
f 700/700 701/701 275/275
f 275/275 278/278 700/700
f 276/276 279/279 280/280
f 280/280 277/277 276/276
f 279/279 627/627 628/628
f 628/628 280/280 279/279
f 281/281 282/282 283/283
f 283/283 284/284 281/281
f 286/286 281/281 284/284
f 284/284 285/285 286/286
f 286/286 285/285 287/287
f 287/287 288/288 286/286
f 289/289 288/288 287/287
f 287/287 290/290 289/289
f 292/292 289/289 290/290
f 290/290 291/291 292/292
f 294/294 292/292 291/291
f 291/291 293/293 294/294
f 296/296 294/294 293/293
f 293/293 295/295 296/296
f 298/298 296/296 295/295
f 295/295 297/297 298/298
f 384/384 385/385 386/386
f 386/386 387/387 384/384
f 385/385 384/384 417/417
f 402/402 386/386 385/385
f 405/405 387/387 386/386
f 386/386 406/406 405/405
f 406/406 386/386 402/402
f 403/403 402/402 385/385
f 408/408 402/402 403/403
f 402/402 408/408 406/406
f 395/395 406/406 408/408
f 405/405 406/406 395/395
f 395/395 394/394 405/405
f 394/394 395/395 392/392
f 395/395 398/398 397/397
f 397/397 392/392 395/395
f 408/408 398/398 395/395
f 403/403 399/399 408/408
f 398/398 408/408 399/399
f 401/401 403/403 385/385
f 399/399 403/403 401/401
f 398/398 399/399 396/396
f 396/396 399/399 404/404
f 401/401 404/404 399/399
f 396/396 397/397 398/398
f 404/404 407/407 396/396
f 401/401 400/400 404/404
f 400/400 407/407 404/404
f 400/400 401/401 385/385
f 400/400 385/385 415/415
f 417/417 415/415 385/385
f 415/415 416/416 400/400
f 392/392 393/393 394/394
f 423/423 424/424 425/425
f 425/425 426/426 423/423
f 427/427 423/423 426/426
f 426/426 428/428 427/427
f 427/427 428/428 430/430
f 430/430 429/429 427/427
f 429/429 430/430 431/431
f 431/431 432/432 429/429
f 432/432 431/431 461/461
f 461/461 462/462 432/432
f 461/461 537/537 538/538
f 538/538 462/462 461/461
f 538/538 537/537 1530/1530
f 1530/1530 1531/1531 538/538
f 1530/1530 1500/1500 1499/1499
f 1499/1499 1531/1531 1530/1530
f 1498/1498 1499/1499 1500/1500
f 1500/1500 1501/1501 1498/1498
f 1496/1496 1498/1498 1501/1501
f 1501/1501 1497/1497 1496/1496
f 1496/1496 1497/1497 1493/1493
f 1493/1493 1492/1492 1496/1496
f 1492/1492 1493/1493 1494/1494
f 1494/1494 1495/1495 1492/1492
f 433/433 434/434 435/435
f 435/435 436/436 433/433
f 433/433 437/437 438/438
f 438/438 434/434 433/433
f 436/436 435/435 453/453
f 453/453 454/454 436/436
f 439/439 440/440 441/441
f 441/441 442/442 439/439
f 456/456 455/455 439/439
f 439/439 442/442 456/456
f 455/455 456/456 445/445
f 445/445 444/444 455/455
f 443/443 444/444 445/445
f 445/445 446/446 443/443
f 447/447 448/448 449/449
f 449/449 450/450 447/447
f 449/449 451/451 452/452
f 452/452 450/450 449/449
f 457/457 458/458 459/459
f 459/459 460/460 457/457
f 463/463 464/464 465/465
f 465/465 466/466 463/463
f 464/464 463/463 471/471
f 471/471 472/472 464/464
f 472/472 471/471 488/488
f 488/488 487/487 472/472
f 487/487 488/488 485/485
f 485/485 486/486 487/487
f 486/486 485/485 489/489
f 489/489 490/490 486/486
f 490/490 489/489 495/495
f 495/495 496/496 490/490
f 496/496 495/495 497/497
f 497/497 498/498 496/496
f 498/498 497/497 501/501
f 501/501 502/502 498/498
f 502/502 501/501 503/503
f 503/503 504/504 502/502
f 504/504 503/503 505/505
f 505/505 506/506 504/504
f 505/505 1570/1570 1571/1571
f 1571/1571 506/506 505/505
f 1570/1570 1568/1568 1569/1569
f 1569/1569 1571/1571 1570/1570
f 1568/1568 1564/1564 1565/1565
f 1565/1565 1569/1569 1568/1568
f 1564/1564 1562/1562 1563/1563
f 1563/1563 1565/1565 1564/1564
f 1562/1562 1556/1556 1557/1557
f 1557/1557 1563/1563 1562/1562
f 1556/1556 1552/1552 1555/1555
f 1555/1555 1557/1557 1556/1556
f 1552/1552 1553/1553 1554/1554
f 1554/1554 1555/1555 1552/1552
f 1553/1553 1540/1540 1541/1541
f 1541/1541 1554/1554 1553/1553
f 1540/1540 1532/1532 1535/1535
f 1535/1535 1541/1541 1540/1540
f 1532/1532 1533/1533 1534/1534
f 1534/1534 1535/1535 1532/1532
f 467/467 468/468 469/469
f 469/469 470/470 467/467
f 507/507 468/468 467/467
f 467/467 508/508 507/507
f 470/470 469/469 499/499
f 499/499 500/500 470/470
f 500/500 499/499 482/482
f 482/482 481/481 500/500
f 481/481 482/482 483/483
f 483/483 484/484 481/481
f 484/484 483/483 494/494
f 494/494 493/493 484/484
f 493/493 494/494 491/491
f 491/491 492/492 493/493
f 473/473 474/474 475/475
f 475/475 476/476 473/473
f 473/473 476/476 477/477
f 477/477 478/478 473/473
f 478/478 477/477 479/479
f 479/479 480/480 478/478
f 1546/1546 480/480 479/479
f 479/479 1547/1547 1546/1546
f 1542/1542 1546/1546 1547/1547
f 1547/1547 1543/1543 1542/1542
f 1542/1542 1543/1543 1544/1544
f 1544/1544 1545/1545 1542/1542
f 509/509 510/510 511/511
f 511/511 512/512 509/509
f 510/510 996/996 511/511
f 1083/1083 511/511 996/996
f 996/996 1084/1084 1083/1083
f 1083/1083 1084/1084 2037/2037
f 2037/2037 1576/1576 1083/1083
f 1577/1577 1576/1576 2037/2037
f 1574/1574 1575/1575 1576/1576
f 1576/1576 1577/1577 1574/1574
f 513/513 514/514 515/515
f 515/515 516/516 513/513
f 1578/1578 514/514 513/513
f 513/513 1579/1579 1578/1578
f 515/515 517/517 518/518
f 518/518 516/516 515/515
f 1578/1578 1579/1579 1580/1580
f 1580/1580 1581/1581 1578/1578
f 519/519 520/520 521/521
f 521/521 522/522 519/519
f 520/520 519/519 539/539
f 539/539 540/540 520/520
f 539/539 541/541 540/540
f 541/541 542/542 540/540
f 522/522 521/521 527/527
f 527/527 528/528 522/522
f 523/523 524/524 525/525
f 525/525 526/526 523/523
f 524/524 523/523 529/529
f 529/529 530/530 524/524
f 535/535 526/526 525/525
f 525/525 536/536 535/535
f 531/531 534/534 535/535
f 535/535 536/536 531/531
f 531/531 532/532 533/533
f 533/533 534/534 531/531
f 533/533 532/532 1594/1594
f 1594/1594 1595/1595 533/533
f 1594/1594 1596/1596 1597/1597
f 1597/1597 1595/1595 1594/1594
f 1597/1597 1596/1596 1588/1588
f 1588/1588 1587/1587 1597/1597
f 1586/1586 1587/1587 1588/1588
f 1588/1588 1589/1589 1586/1586
f 1592/1592 1586/1586 1589/1589
f 1589/1589 1593/1593 1592/1592
f 552/552 553/553 554/554
f 554/554 555/555 552/552
f 553/553 552/552 563/563
f 563/563 564/564 553/553
f 565/565 564/564 563/563
f 563/563 566/566 565/565
f 562/562 561/561 565/565
f 565/565 566/566 562/562
f 561/561 562/562 559/559
f 559/559 560/560 561/561
f 555/555 554/554 556/556
f 556/556 557/557 555/555
f 557/557 556/556 558/558
f 567/567 568/568 569/569
f 569/569 570/570 567/567
f 568/568 567/567 571/571
f 571/571 572/572 568/568
f 573/573 572/572 571/571
f 571/571 574/574 573/573
f 575/575 576/576 573/573
f 573/573 574/574 575/575
f 576/576 575/575 577/577
f 577/577 578/578 576/576
f 578/578 577/577 579/579
f 579/579 580/580 578/578
f 581/581 582/582 583/583
f 592/592 593/593 594/594
f 594/594 595/595 592/592
f 596/596 593/593 592/592
f 593/593 596/596 600/600
f 600/600 599/599 593/593
f 599/599 600/600 597/597
f 597/597 598/598 599/599
f 598/598 597/597 1091/1091
f 1091/1091 1092/1092 598/598
f 1091/1091 1656/1656 1659/1659
f 1659/1659 1092/1092 1091/1091
f 1656/1656 1657/1657 1658/1658
f 1658/1658 1659/1659 1656/1656
f 1654/1654 1658/1658 1657/1657
f 1657/1657 1655/1655 1654/1654
f 1653/1653 1654/1654 1651/1651
f 1655/1655 1651/1651 1654/1654
f 1651/1651 1652/1652 1653/1653
f 1673/1673 1653/1653 1652/1652
f 1652/1652 1672/1672 1673/1673
f 1671/1671 1673/1673 1672/1672
f 1672/1672 1670/1670 1671/1671
f 1663/1663 1671/1671 1670/1670
f 1670/1670 1660/1660 1663/1663
f 1662/1662 1663/1663 1660/1660
f 1660/1660 1661/1661 1662/1662
f 1669/1669 1668/1668 1662/1662
f 1662/1662 1661/1661 1669/1669
f 1668/1668 1669/1669 1664/1664
f 1664/1664 1667/1667 1668/1668
f 1664/1664 1665/1665 1666/1666
f 1666/1666 1667/1667 1664/1664
f 1666/1666 1665/1665 612/612
f 612/612 611/611 1666/1666
f 607/607 611/611 612/612
f 612/612 608/608 607/607
f 605/605 606/606 607/607
f 607/607 608/608 605/605
f 605/605 609/609 610/610
f 610/610 606/606 605/605
f 609/609 604/604 603/603
f 603/603 610/610 609/609
f 603/603 604/604 601/601
f 601/601 602/602 603/603
f 602/602 601/601 613/613
f 613/613 614/614 602/602
f 614/614 613/613 615/615
f 615/615 616/616 614/614
f 616/616 615/615 595/595
f 595/595 594/594 616/616
f 629/629 630/630 631/631
f 631/631 632/632 629/629
f 662/662 630/630 629/629
f 629/629 663/663 662/662
f 632/632 631/631 637/637
f 637/637 638/638 632/632
f 638/638 637/637 640/640
f 640/640 639/639 638/638
f 639/639 640/640 641/641
f 641/641 642/642 639/639
f 641/641 647/647 648/648
f 648/648 642/642 641/641
f 648/648 647/647 1698/1698
f 1698/1698 1697/1697 648/648
f 1696/1696 1697/1697 1698/1698
f 1698/1698 1699/1699 1696/1696
f 1694/1694 1696/1696 1699/1699
f 1699/1699 1695/1695 1694/1694
f 1687/1687 1694/1694 1695/1695
f 1695/1695 1688/1688 1687/1687
f 1686/1686 1687/1687 1688/1688
f 1688/1688 1689/1689 1686/1686
f 1717/1717 1718/1718 1686/1686
f 1686/1686 1689/1689 1717/1717
f 1717/1717 1731/1731 1732/1732
f 1732/1732 1718/1718 1717/1717
f 662/662 663/663 676/676
f 676/676 677/677 662/662
f 633/633 634/634 635/635
f 635/635 636/636 633/633
f 668/668 671/671 633/633
f 633/633 636/636 668/668
f 634/634 672/672 673/673
f 673/673 635/635 634/634
f 668/668 669/669 670/670
f 670/670 671/671 668/668
f 643/643 644/644 645/645
f 645/645 646/646 643/643
f 643/643 646/646 661/661
f 661/661 660/660 643/643
f 645/645 644/644 666/666
f 666/666 665/665 645/645
f 664/664 665/665 666/666
f 666/666 667/667 664/664
f 664/664 667/667 690/690
f 690/690 691/691 664/664
f 691/691 690/690 692/692
f 692/692 693/693 691/691
f 692/692 1745/1745 1744/1744
f 1744/1744 693/693 692/692
f 1719/1719 1744/1744 1745/1745
f 1745/1745 1720/1720 1719/1719
f 1719/1719 1720/1720 1721/1721
f 1721/1721 1722/1722 1719/1719
f 1721/1721 1703/1703 1702/1702
f 1702/1702 1722/1722 1721/1721
f 1702/1702 1703/1703 1700/1700
f 1700/1700 1701/1701 1702/1702
f 1700/1700 1715/1715 1714/1714
f 1714/1714 1701/1701 1700/1700
f 1713/1713 1714/1714 1715/1715
f 1715/1715 1716/1716 1713/1713
f 1930/1930 1713/1713 1716/1716
f 1716/1716 1931/1931 1930/1930
f 1929/1929 1930/1930 1931/1931
f 1931/1931 1932/1932 1929/1929
f 1933/1933 1929/1929 1932/1932
f 1932/1932 1934/1934 1933/1933
f 1937/1937 1933/1933 1934/1934
f 1934/1934 1938/1938 1937/1937
f 1935/1935 1936/1936 1937/1937
f 1937/1937 1938/1938 1935/1935
f 1939/1939 1936/1936 1935/1935
f 1935/1935 1940/1940 1939/1939
f 1939/1939 1940/1940 2009/2009
f 2009/2009 2010/2010 1939/1939
f 658/658 659/659 660/660
f 660/660 661/661 658/658
f 659/659 658/658 886/886
f 886/886 885/885 659/659
f 885/885 886/886 883/883
f 883/883 884/884 885/885
f 884/884 883/883 887/887
f 887/887 888/888 884/884
f 888/888 887/887 891/891
f 891/891 890/890 888/888
f 889/889 890/890 891/891
f 891/891 892/892 889/889
f 893/893 894/894 889/889
f 889/889 892/892 893/893
f 893/893 963/963 964/964
f 964/964 894/894 893/893
f 649/649 650/650 651/651
f 651/651 652/652 649/649
f 650/650 649/649 674/674
f 674/674 675/675 650/650
f 652/652 651/651 653/653
f 653/653 654/654 652/652
f 655/655 656/656 657/657
f 678/678 679/679 680/680
f 680/680 681/681 678/678
f 682/682 683/683 678/678
f 678/678 681/681 682/682
f 683/683 682/682 684/684
f 684/684 685/685 683/683
f 686/686 685/685 684/684
f 705/705 706/706 707/707
f 707/707 708/708 705/705
f 705/705 708/708 1755/1755
f 1755/1755 1756/1756 705/705
f 706/706 709/709 710/710
f 710/710 707/707 706/706
f 709/709 711/711 712/712
f 712/712 710/710 709/709
f 711/711 713/713 714/714
f 714/714 712/712 711/711
f 713/713 715/715 716/716
f 716/716 714/714 713/713
f 1756/1756 1755/1755 1757/1757
f 1757/1757 1758/1758 1756/1756
f 1758/1758 1757/1757 1759/1759
f 1759/1759 1760/1760 1758/1758
f 1760/1760 1759/1759 1761/1761
f 1761/1761 1762/1762 1760/1760
f 1762/1762 1761/1761 1763/1763
f 1763/1763 1764/1764 1762/1762
f 717/717 718/718 719/719
f 719/719 720/720 717/717
f 718/718 721/721 722/722
f 722/722 719/719 718/718
f 721/721 723/723 724/724
f 724/724 722/722 721/721
f 723/723 725/725 726/726
f 726/726 724/724 723/723
f 725/725 727/727 728/728
f 728/728 726/726 725/725
f 727/727 729/729 730/730
f 730/730 728/728 727/727
f 729/729 731/731 732/732
f 732/732 730/730 729/729
f 732/732 731/731 1778/1778
f 1778/1778 1777/1777 732/732
f 1777/1777 1778/1778 1776/1776
f 1776/1776 1775/1775 1777/1777
f 1775/1775 1776/1776 1774/1774
f 1774/1774 1773/1773 1775/1775
f 1773/1773 1774/1774 1772/1772
f 1772/1772 1771/1771 1773/1773
f 1771/1771 1772/1772 1770/1770
f 1770/1770 1769/1769 1771/1771
f 1769/1769 1770/1770 1768/1768
f 1768/1768 1767/1767 1769/1769
f 1767/1767 1768/1768 1765/1765
f 1765/1765 1766/1766 1767/1767
f 761/761 762/762 763/763
f 763/763 764/764 761/761
f 762/762 761/761 769/769
f 769/769 770/770 762/762
f 770/770 769/769 773/773
f 773/773 774/774 770/770
f 775/775 774/774 773/773
f 773/773 776/776 775/775
f 764/764 844/844 845/845
f 763/763 844/844 764/764
f 828/828 827/827 764/764
f 764/764 845/845 828/828
f 827/827 828/828 829/829
f 829/829 830/830 827/827
f 765/765 766/766 767/767
f 767/767 768/768 765/765
f 766/766 765/765 866/866
f 866/866 867/867 766/766
f 867/867 866/866 872/872
f 872/872 873/873 867/867
f 772/772 768/768 767/767
f 767/767 771/771 772/772
f 772/772 771/771 809/809
f 809/809 810/810 772/772
f 810/810 809/809 864/864
f 864/864 865/865 810/810
f 777/777 778/778 779/779
f 779/779 780/780 777/777
f 780/780 779/779 840/840
f 840/840 841/841 780/780
f 781/781 782/782 783/783
f 783/783 784/784 781/781
f 782/782 781/781 811/811
f 811/811 812/812 782/782
f 812/812 811/811 825/825
f 825/825 826/826 812/812
f 784/784 783/783 785/785
f 785/785 786/786 784/784
f 786/786 785/785 787/787
f 787/787 788/788 786/786
f 788/788 787/787 838/838
f 838/838 839/839 788/788
f 789/789 790/790 791/791
f 791/791 792/792 789/789
f 790/790 789/789 879/879
f 879/879 878/878 790/790
f 875/875 878/878 879/879
f 879/879 876/876 875/875
f 874/874 875/875 876/876
f 876/876 877/877 874/874
f 874/874 877/877 831/831
f 831/831 833/833 874/874
f 831/831 832/832 833/833
f 832/832 831/831 880/880
f 880/880 881/881 832/832
f 792/792 791/791 793/793
f 793/793 794/794 792/792
f 794/794 793/793 795/795
f 795/795 796/796 794/794
f 796/796 795/795 834/834
f 834/834 837/837 796/796
f 834/834 835/835 836/836
f 836/836 837/837 834/834
f 836/836 835/835 842/842
f 842/842 843/843 836/836
f 843/843 842/842 846/846
f 846/846 847/847 843/843
f 797/797 798/798 799/799
f 799/799 800/800 797/797
f 798/798 797/797 813/813
f 813/813 814/814 798/798
f 814/814 813/813 870/870
f 870/870 869/869 814/814
f 868/868 869/869 870/870
f 870/870 871/871 868/868
f 803/803 868/868 871/871
f 871/871 804/804 803/803
f 801/801 802/802 803/803
f 803/803 804/804 801/801
f 802/802 801/801 805/805
f 805/805 806/806 802/802
f 806/806 805/805 807/807
f 807/807 808/808 806/806
f 808/808 807/807 863/863
f 863/863 862/862 808/808
f 823/823 862/862 863/863
f 863/863 824/824 823/823
f 822/822 821/821 823/823
f 823/823 824/824 822/822
f 821/821 822/822 820/820
f 820/820 819/819 821/821
f 819/819 820/820 818/818
f 818/818 817/817 819/819
f 817/817 818/818 815/815
f 815/815 816/816 817/817
f 848/848 849/849 850/850
f 850/850 851/851 848/848
f 849/849 848/848 852/852
f 852/852 853/853 849/849
f 853/853 852/852 860/860
f 860/860 861/861 853/853
f 861/861 860/860 859/859
f 859/859 858/858 861/861
f 858/858 859/859 855/855
f 855/855 854/854 858/858
f 854/854 855/855 856/856
f 856/856 857/857 854/854
f 895/895 896/896 897/897
f 897/897 898/898 895/895
f 895/895 898/898 911/911
f 911/911 912/912 895/895
f 897/897 896/896 907/907
f 907/907 908/908 897/897
f 908/908 907/907 906/906
f 906/906 905/905 908/908
f 905/905 906/906 904/904
f 904/904 903/903 905/905
f 903/903 904/904 902/902
f 902/902 901/901 903/903
f 901/901 902/902 899/899
f 899/899 900/900 901/901
f 899/899 909/909 910/910
f 910/910 900/900 899/899
f 912/912 911/911 959/959
f 959/959 960/960 912/912
f 913/913 914/914 915/915
f 915/915 916/916 913/913
f 916/916 915/915 937/937
f 937/937 938/938 916/916
f 938/938 937/937 943/943
f 943/943 944/944 938/938
f 943/943 942/942 941/941
f 941/941 944/944 943/943
f 941/941 942/942 939/939
f 939/939 940/940 941/941
f 940/940 939/939 945/945
f 945/945 946/946 940/940
f 946/946 945/945 948/948
f 948/948 947/947 946/946
f 947/947 948/948 949/949
f 949/949 950/950 947/947
f 950/950 949/949 951/951
f 951/951 952/952 950/950
f 952/952 951/951 954/954
f 954/954 953/953 952/952
f 953/953 954/954 955/955
f 955/955 956/956 953/953
f 917/917 918/918 919/919
f 919/919 920/920 917/917
f 918/918 917/917 957/957
f 957/957 958/958 918/918
f 921/921 922/922 923/923
f 923/923 924/924 921/921
f 922/922 921/921 925/925
f 925/925 926/926 922/922
f 926/926 925/925 927/927
f 927/927 928/928 926/926
f 928/928 927/927 929/929
f 929/929 930/930 928/928
f 930/930 929/929 931/931
f 931/931 932/932 930/930
f 932/932 931/931 936/936
f 936/936 935/935 932/932
f 935/935 936/936 933/933
f 933/933 934/934 935/935
f 961/961 924/924 923/923
f 923/923 962/962 961/961
f 967/967 968/968 969/969
f 969/969 970/970 967/967
f 968/968 967/967 973/973
f 973/973 974/974 968/968
f 970/970 969/969 971/971
f 971/971 972/972 970/970
f 2013/2013 972/972 971/971
f 971/971 2014/2014 2013/2013
f 2012/2012 2013/2013 2014/2014
f 2014/2014 2015/2015 2012/2012
f 2016/2016 2012/2012 2015/2015
f 2015/2015 2017/2017 2016/2016
f 977/977 978/978 979/979
f 977/977 997/997 998/998
f 998/998 978/978 977/977
f 979/979 978/978 980/980
f 980/980 981/981 979/979
f 2021/2021 981/981 980/980
f 980/980 2022/2022 2021/2021
f 2020/2020 2021/2021 2022/2022
f 2020/2020 2022/2022 2038/2038
f 2038/2038 2039/2039 2020/2020
f 982/982 983/983 984/984
f 984/984 985/985 982/982
f 982/982 985/985 1093/1093
f 1093/1093 1094/1094 982/982
f 983/983 986/986 987/987
f 987/987 984/984 983/983
f 986/986 988/988 987/987
f 993/993 987/987 988/988
f 988/988 994/994 993/993
f 2023/2023 1094/1094 1093/1093
f 1093/1093 2024/2024 2023/2023
f 2023/2023 2024/2024 2025/2025
f 2025/2025 2026/2026 2023/2023
f 2026/2026 2025/2025 2027/2027
f 2027/2027 2028/2028 2026/2026
f 2028/2028 2027/2027 2029/2029
f 2029/2029 2027/2027 2034/2034
f 2034/2034 2035/2035 2029/2029
f 989/989 990/990 991/991
f 991/991 992/992 989/989
f 991/991 990/990 1095/1095
f 1095/1095 2033/2033 2032/2032
f 2032/2032 2033/2033 2030/2030
f 2030/2030 2031/2031 2032/2032
f 1031/1031 1032/1032 1033/1033
f 1046/1046 1031/1031 1033/1033
f 1032/1032 1034/1034 1033/1033
f 1034/1034 1035/1035 1033/1033
f 1035/1035 1036/1036 1033/1033
f 1044/1044 1045/1045 1033/1033
f 1036/1036 1044/1044 1033/1033
f 1045/1045 1046/1046 1033/1033
f 1037/1037 1038/1038 1039/1039
f 1042/1042 1037/1037 1039/1039
f 1038/1038 1043/1043 1039/1039
f 1040/1040 1041/1041 1039/1039
f 1041/1041 1042/1042 1039/1039
f 1043/1043 1040/1040 1039/1039
f 1047/1047 1048/1048 1049/1049
f 1049/1049 1050/1050 1047/1047
f 1051/1051 1052/1052 1053/1053
f 1053/1053 1054/1054 1051/1051
f 1055/1055 1056/1056 1057/1057
f 1058/1058 1059/1059 1060/1060
f 1061/1061 1062/1062 1063/1063
f 1064/1064 1065/1065 1066/1066
f 1067/1067 1068/1068 1069/1069
f 1069/1069 1070/1070 1067/1067
f 1071/1071 1072/1072 1073/1073
f 1073/1073 1074/1074 1071/1071
f 1087/1087 1088/1088 1089/1089
f 1089/1089 1090/1090 1087/1087
f 1087/1087 1090/1090 2119/2119
f 2119/2119 2120/2120 1087/1087
f 1112/1112 1113/1113 1114/1114
f 1300/1300 1301/1301 1112/1112
f 1112/1112 1302/1302 1300/1300
f 1305/1305 1302/1302 1112/1112
f 1112/1112 1306/1306 1305/1305
f 1306/1306 1112/1112 1407/1407
f 1677/1677 1113/1113 1112/1112
f 1112/1112 1301/1301 1677/1677
f 1676/1676 1407/1407 1112/1112
f 1112/1112 1114/1114 1676/1676
f 1303/1303 1300/1300 1302/1302
f 1302/1302 1304/1304 1303/1303
f 1304/1304 1302/1302 1305/1305
f 1305/1305 1307/1307 1304/1304
f 1308/1308 1305/1305 1306/1306
f 1307/1307 1305/1305 1308/1308
f 1308/1308 1311/1311 1307/1307
f 1308/1308 1309/1309 1134/1134
f 1134/1134 1310/1310 1308/1308
f 1306/1306 1309/1309 1308/1308
f 1308/1308 1310/1310 1312/1312
f 1312/1312 1311/1311 1308/1308
f 1408/1408 1409/1409 1309/1309
f 1309/1309 1306/1306 1408/1408
f 1309/1309 1409/1409 1411/1411
f 1411/1411 1134/1134 1309/1309
f 1407/1407 1408/1408 1306/1306
f 1675/1675 1407/1407 1676/1676
f 1133/1133 1134/1134 1131/1131
f 1310/1310 1134/1134 1133/1133
f 1134/1134 1803/1803 1802/1802
f 1802/1802 1131/1131 1134/1134
f 1803/1803 1134/1134 1411/1411
f 1131/1131 1132/1132 1133/1133
f 1132/1132 1137/1137 1133/1133
f 1133/1133 1137/1137 1315/1315
f 1315/1315 1137/1137 1317/1317
f 1315/1315 1313/1313 1133/1133
f 1313/1313 1315/1315 1316/1316
f 1317/1317 1318/1318 1315/1315
f 1319/1319 1316/1316 1315/1315
f 1315/1315 1318/1318 1319/1319
f 1321/1321 1318/1318 1317/1317
f 1317/1317 1800/1800 1321/1321
f 1320/1320 1319/1319 1318/1318
f 1318/1318 1321/1321 1320/1320
f 1316/1316 1314/1314 1313/1313
f 1133/1133 1313/1313 1310/1310
f 1310/1310 1313/1313 1314/1314
f 1314/1314 1312/1312 1310/1310
f 1409/1409 1410/1410 1411/1411
f 1928/1928 1411/1411 1410/1410
f 1803/1803 1411/1411 1928/1928
f 1803/1803 1928/1928 1123/1123
f 1802/1802 1803/1803 1126/1126
f 1123/1123 1126/1126 1803/1803
f 1123/1123 1124/1124 1125/1125
f 1125/1125 1126/1126 1123/1123
f 1418/1418 1126/1126 1125/1125
f 1126/1126 1418/1418 1802/1802
f 1125/1125 1417/1417 1418/1418
f 1127/1127 1128/1128 1129/1129
f 1129/1129 1130/1130 1127/1127
f 1127/1127 1135/1135 1136/1136
f 1136/1136 1128/1128 1127/1127
f 2058/2058 1143/1143 1127/1127
f 1127/1127 1130/1130 2058/2058
f 1135/1135 1127/1127 1143/1143
f 1130/1130 1129/1129 1784/1784
f 1130/1130 1783/1783 2069/2069
f 2069/2069 2058/2058 1130/1130
f 1784/1784 1783/1783 1130/1130
f 1783/1783 1784/1784 1785/1785
f 1785/1785 1786/1786 1783/1783
f 2069/2069 1783/1783 1786/1786
f 1786/1786 1785/1785 1433/1433
f 2057/2057 1786/1786 1427/1427
f 1786/1786 2057/2057 2069/2069
f 1433/1433 1427/1427 1786/1786
f 1427/1427 1433/1433 1434/1434
f 1426/1426 1427/1427 1424/1424
f 1434/1434 1424/1424 1427/1427
f 1427/1427 1426/1426 2057/2057
f 1424/1424 1425/1425 1426/1426
f 2053/2053 1426/1426 1425/1425
f 2057/2057 1426/1426 2053/2053
f 1425/1425 2064/2064 2053/2053
f 2051/2051 2052/2052 2053/2053
f 2053/2053 2064/2064 2051/2051
f 2053/2053 2052/2052 2057/2057
f 2052/2052 2051/2051 2055/2055
f 2065/2065 2052/2052 2061/2061
f 2055/2055 2061/2061 2052/2052
f 2052/2052 2065/2065 2071/2071
f 2071/2071 2057/2057 2052/2052
f 2054/2054 2055/2055 2056/2056
f 2055/2055 2054/2054 2061/2061
f 2060/2060 2061/2061 2054/2054
f 2061/2061 2060/2060 2065/2065
f 2054/2054 2059/2059 2060/2060
f 2056/2056 1144/1144 2054/2054
f 2058/2058 2054/2054 1144/1144
f 2066/2066 2054/2054 2058/2058
f 2059/2059 2054/2054 2066/2066
f 1145/1145 1144/1144 2056/2056
f 1142/1142 1143/1143 1144/1144
f 1144/1144 1145/1145 1142/1142
f 1144/1144 1143/1143 2058/2058
f 2058/2058 2067/2067 2066/2066
f 2067/2067 2058/2058 2068/2068
f 2068/2068 2058/2058 2069/2069
f 2069/2069 2070/2070 2068/2068
f 2071/2071 2070/2070 2069/2069
f 2069/2069 2057/2057 2071/2071
f 1143/1143 1142/1142 1135/1135
f 1135/1135 1138/1138 1139/1139
f 1139/1139 1136/1136 1135/1135
f 1138/1138 1135/1135 1142/1142
f 1138/1138 1140/1140 1141/1141
f 1141/1141 1139/1139 1138/1138
f 1142/1142 1146/1146 1138/1138
f 1140/1140 1138/1138 1146/1146
f 1146/1146 1781/1781 1140/1140
f 1146/1146 1142/1142 1145/1145
f 1145/1145 1147/1147 1146/1146
f 1147/1147 1781/1781 1146/1146
f 1148/1148 1149/1149 1150/1150
f 1153/1153 1148/1148 1151/1151
f 1148/1148 1153/1153 1794/1794
f 1794/1794 1149/1149 1148/1148
f 1150/1150 1149/1149 2047/2047
f 2050/2050 1149/1149 1794/1794
f 2047/2047 1149/1149 2050/2050
f 2040/2040 2041/2041 1150/1150
f 2047/2047 2040/2040 1150/1150
f 2050/2050 2049/2049 2047/2047
f 2048/2048 2049/2049 2050/2050
f 2050/2050 1429/1429 2048/2048
f 2050/2050 1794/1794 1790/1790
f 1790/1790 1429/1429 2050/2050
f 2048/2048 1429/1429 1428/1428
f 1428/1428 2062/2062 2048/2048
f 1428/1428 1429/1429 1430/1430
f 1429/1429 1790/1790 1793/1793
f 1793/1793 1430/1430 1429/1429
f 1790/1790 1791/1791 1792/1792
f 1792/1792 1793/1793 1790/1790
f 1791/1791 1790/1790 1794/1794
f 1794/1794 1795/1795 1791/1791
f 1795/1795 1794/1794 1153/1153
f 1153/1153 1796/1796 1795/1795
f 1151/1151 1152/1152 1153/1153
f 1796/1796 1153/1153 1152/1152
f 1152/1152 1789/1789 1796/1796
f 1154/1154 1155/1155 1152/1152
f 1152/1152 1151/1151 1154/1154
f 1789/1789 1152/1152 1155/1155
f 1155/1155 1788/1788 1789/1789
f 1780/1780 1782/1782 1155/1155
f 1155/1155 1154/1154 1780/1780
f 1788/1788 1155/1155 1782/1782
f 1154/1154 1779/1779 1780/1780
f 1782/1782 1787/1787 1788/1788
f 1805/1805 1428/1428 1430/1430
f 1430/1430 1806/1806 1805/1805
f 1428/1428 1805/1805 2045/2045
f 2045/2045 2046/2046 1428/1428
f 1428/1428 2046/2046 2062/2062
f 2046/2046 2045/2045 2063/2063
f 2062/2062 2046/2046 2044/2044
f 2063/2063 2044/2044 2046/2046
f 2044/2044 2043/2043 2062/2062
f 2042/2042 2043/2043 2044/2044
f 2042/2042 2044/2044 2063/2063
f 2041/2041 2040/2040 2043/2043
f 2043/2043 2042/2042 2041/2041
f 1156/1156 1157/1157 1158/1158
f 1158/1158 1159/1159 1156/1156
f 1157/1157 1156/1156 1412/1412
f 1438/1438 1412/1412 1156/1156
f 1156/1156 1161/1161 1438/1438
f 1162/1162 1161/1161 1156/1156
f 1156/1156 1159/1159 1162/1162
f 1412/1412 1413/1413 1157/1157
f 1413/1413 1412/1412 1804/1804
f 1412/1412 1438/1438 1490/1490
f 1490/1490 1804/1804 1412/1412
f 1161/1161 1480/1480 1438/1438
f 1438/1438 1480/1480 1489/1489
f 1489/1489 1490/1490 1438/1438
f 1160/1160 1161/1161 1162/1162
f 1160/1160 1480/1480 1161/1161
f 1162/1162 1163/1163 1160/1160
f 1163/1163 1491/1491 1160/1160
f 1217/1217 1163/1163 1162/1162
f 1162/1162 1216/1216 1217/1217
f 1437/1437 1217/1217 1216/1216
f 1435/1435 1216/1216 1436/1436
f 1216/1216 1435/1435 1437/1437
f 1439/1439 1436/1436 1216/1216
f 1216/1216 1162/1162 1439/1439
f 1377/1377 1437/1437 1435/1435
f 1435/1435 1431/1431 1377/1377
f 1376/1376 1377/1377 1374/1374
f 1431/1431 1374/1374 1377/1377
f 1374/1374 1375/1375 1376/1376
f 1393/1393 1376/1376 1375/1375
f 1375/1375 1374/1374 1432/1432
f 1375/1375 1390/1390 1393/1393
f 1390/1390 1375/1375 1432/1432
f 1392/1392 1393/1393 1390/1390
f 1390/1390 1391/1391 1392/1392
f 1432/1432 1441/1441 1390/1390
f 1391/1391 1390/1390 1441/1441
f 1442/1442 1441/1441 1432/1432
f 1441/1441 1442/1442 1419/1419
f 1419/1419 1388/1388 1441/1441
f 1441/1441 1389/1389 1391/1391
f 1388/1388 1389/1389 1441/1441
f 1388/1388 1419/1419 1420/1420
f 1388/1388 1387/1387 1386/1386
f 1386/1386 1389/1389 1388/1388
f 1420/1420 1387/1387 1388/1388
f 1384/1384 1387/1387 1420/1420
f 1420/1420 1421/1421 1384/1384
f 1386/1386 1387/1387 1384/1384
f 1384/1384 1385/1385 1386/1386
f 1385/1385 1384/1384 1382/1382
f 1382/1382 1384/1384 1421/1421
f 1421/1421 1422/1422 1382/1382
f 1380/1380 1381/1381 1382/1382
f 1382/1382 1383/1383 1380/1380
f 1382/1382 1381/1381 1385/1385
f 1383/1383 1382/1382 1422/1422
f 1422/1422 1797/1797 1383/1383
f 1380/1380 1383/1383 1444/1444
f 2011/2011 1444/1444 1383/1383
f 1383/1383 1797/1797 2011/2011
f 1444/1444 1443/1443 1380/1380
f 1443/1443 1444/1444 1379/1379
f 1379/1379 1444/1444 2011/2011
f 1379/1379 2011/2011 1423/1423
f 1378/1378 1379/1379 1373/1373
f 1379/1379 1378/1378 1443/1443
f 1423/1423 1373/1373 1379/1379
f 1373/1373 1423/1423 1416/1416
f 1372/1372 1373/1373 1212/1212
f 1373/1373 1372/1372 1378/1378
f 1416/1416 1212/1212 1373/1373
f 1212/1212 1416/1416 1415/1415
f 1212/1212 1213/1213 1214/1214
f 1214/1214 1215/1215 1212/1212
f 1212/1212 1215/1215 1372/1372
f 1415/1415 1213/1213 1212/1212
f 1159/1159 1439/1439 1162/1162
f 1276/1276 1490/1490 1489/1489
f 1271/1271 1804/1804 1490/1490
f 1490/1490 1276/1276 1271/1271
f 1489/1489 1488/1488 1276/1276
f 1276/1276 1488/1488 1279/1279
f 1602/1602 1279/1279 1488/1488
f 1488/1488 1603/1603 1602/1602
f 1279/1279 1602/1602 1604/1604
f 1604/1604 1605/1605 1279/1279
f 1605/1605 1606/1606 1279/1279
f 1279/1279 1606/1606 1607/1607
f 1607/1607 1280/1280 1279/1279
f 1280/1280 1607/1607 1608/1608
f 1279/1279 1280/1280 1277/1277
f 1277/1277 1280/1280 1281/1281
f 1608/1608 1281/1281 1280/1280
f 1276/1276 1277/1277 1272/1272
f 1272/1272 1277/1277 1278/1278
f 1277/1277 1276/1276 1279/1279
f 1281/1281 1278/1278 1277/1277
f 1272/1272 1271/1271 1276/1276
f 1271/1271 1272/1272 1269/1269
f 1269/1269 1272/1272 1275/1275
f 1278/1278 1275/1275 1272/1272
f 1269/1269 1270/1270 1271/1271
f 1804/1804 1271/1271 1270/1270
f 1270/1270 1269/1269 1258/1258
f 1269/1269 1274/1274 1259/1259
f 1259/1259 1258/1258 1269/1269
f 1275/1275 1274/1274 1269/1269
f 1258/1258 1273/1273 1270/1270
f 1270/1270 1273/1273 1801/1801
f 1270/1270 1801/1801 1804/1804
f 1804/1804 1801/1801 1413/1413
f 1257/1257 1273/1273 1258/1258
f 1257/1257 1258/1258 1255/1255
f 1255/1255 1258/1258 1259/1259
f 1259/1259 1260/1260 1255/1255
f 1255/1255 1256/1256 1257/1257
f 1256/1256 1255/1255 1261/1261
f 1261/1261 1255/1255 1260/1260
f 1260/1260 1263/1263 1261/1261
f 1261/1261 1262/1262 1256/1256
f 1262/1262 1261/1261 1264/1264
f 1264/1264 1261/1261 1263/1263
f 1263/1263 1266/1266 1264/1264
f 1264/1264 1265/1265 1262/1262
f 1264/1264 1266/1266 1267/1267
f 1267/1267 1268/1268 1264/1264
f 1265/1265 1264/1264 1268/1268
f 1268/1268 1799/1799 1265/1265
f 1268/1268 1798/1798 1799/1799
f 1322/1322 1323/1323 1324/1324
f 1324/1324 1325/1325 1322/1322
f 1326/1326 1323/1323 1322/1322
f 1322/1322 1327/1327 1326/1326
f 1324/1324 1332/1332 1333/1333
f 1333/1333 1325/1325 1324/1324
f 1333/1333 1332/1332 1334/1334
f 1334/1334 1335/1335 1333/1333
f 1335/1335 1334/1334 1336/1336
f 1336/1336 1337/1337 1335/1335
f 1337/1337 1336/1336 1338/1338
f 1338/1338 1339/1339 1337/1337
f 1609/1609 1339/1339 1338/1338
f 1338/1338 1610/1610 1609/1609
f 1328/1328 1326/1326 1327/1327
f 1327/1327 1329/1329 1328/1328
f 1330/1330 1328/1328 1329/1329
f 1329/1329 1331/1331 1330/1330
f 1340/1340 1341/1341 1342/1342
f 1342/1342 1343/1343 1340/1340
f 1342/1342 1341/1341 1344/1344
f 1344/1344 1345/1345 1342/1342
f 1345/1345 1344/1344 1346/1346
f 1346/1346 1347/1347 1345/1345
f 1348/1348 1349/1349 1350/1350
f 1350/1350 1351/1351 1348/1348
f 1750/1750 1349/1349 1348/1348
f 1348/1348 1751/1751 1750/1750
f 1351/1351 1350/1350 1352/1352
f 1352/1352 1353/1353 1351/1351
f 1353/1353 1352/1352 1684/1684
f 1684/1684 1685/1685 1353/1353
f 1354/1354 1355/1355 1356/1356
f 1356/1356 1357/1357 1354/1354
f 1355/1355 1354/1354 1358/1358
f 1358/1358 1359/1359 1355/1355
f 1358/1358 1360/1360 1361/1361
f 1361/1361 1359/1359 1358/1358
f 1361/1361 1360/1360 1362/1362
f 1362/1362 1363/1363 1361/1361
f 1363/1363 1362/1362 1364/1364
f 1364/1364 1365/1365 1363/1363
f 1365/1365 1364/1364 1366/1366
f 1366/1366 1367/1367 1365/1365
f 1367/1367 1366/1366 1368/1368
f 1368/1368 1369/1369 1367/1367
f 1369/1369 1368/1368 1370/1370
f 1370/1370 1371/1371 1369/1369
f 1453/1453 1454/1454 1455/1455
f 1455/1455 1456/1456 1453/1453
f 1486/1486 1453/1453 1456/1456
f 1455/1455 1454/1454 1474/1474
f 1471/1471 1456/1456 1455/1455
f 1474/1474 1475/1475 1455/1455
f 1471/1471 1455/1455 1475/1475
f 1474/1474 1463/1463 1462/1462
f 1462/1462 1475/1475 1474/1474
f 1477/1477 1475/1475 1462/1462
f 1475/1475 1477/1477 1471/1471
f 1472/1472 1456/1456 1471/1471
f 1472/1472 1471/1471 1477/1477
f 1462/1462 1467/1467 1477/1477
f 1477/1477 1466/1466 1472/1472
f 1467/1467 1466/1466 1477/1477
f 1461/1461 1462/1462 1463/1463
f 1462/1462 1461/1461 1468/1468
f 1468/1468 1467/1467 1462/1462
f 1463/1463 1464/1464 1461/1461
f 1465/1465 1466/1466 1467/1467
f 1467/1467 1468/1468 1465/1465
f 1473/1473 1466/1466 1465/1465
f 1470/1470 1472/1472 1466/1466
f 1466/1466 1473/1473 1470/1470
f 1470/1470 1456/1456 1472/1472
f 1469/1469 1456/1456 1470/1470
f 1470/1470 1473/1473 1469/1469
f 1465/1465 1476/1476 1473/1473
f 1469/1469 1473/1473 1476/1476
f 1484/1484 1456/1456 1469/1469
f 1469/1469 1485/1485 1484/1484
f 1456/1456 1484/1484 1486/1486
f 1502/1502 1503/1503 1504/1504
f 1504/1504 1505/1505 1502/1502
f 1502/1502 1505/1505 1506/1506
f 1506/1506 1507/1507 1502/1502
f 1522/1522 1504/1504 1503/1503
f 1503/1503 1523/1523 1522/1522
f 1508/1508 1509/1509 1510/1510
f 1510/1510 1511/1511 1508/1508
f 1525/1525 1509/1509 1508/1508
f 1508/1508 1524/1524 1525/1525
f 1514/1514 1525/1525 1524/1524
f 1524/1524 1515/1515 1514/1514
f 1512/1512 1513/1513 1514/1514
f 1514/1514 1515/1515 1512/1512
f 1516/1516 1517/1517 1518/1518
f 1518/1518 1519/1519 1516/1516
f 1518/1518 1517/1517 1520/1520
f 1520/1520 1521/1521 1518/1518
f 1526/1526 1527/1527 1528/1528
f 1528/1528 1529/1529 1526/1526
f 1536/1536 1537/1537 1538/1538
f 1538/1538 1539/1539 1536/1536
f 1572/1572 1573/1573 1536/1536
f 1536/1536 1539/1539 1572/1572
f 1537/1537 1566/1566 1567/1567
f 1567/1567 1538/1538 1537/1537
f 1566/1566 1548/1548 1551/1551
f 1551/1551 1567/1567 1566/1566
f 1548/1548 1549/1549 1550/1550
f 1550/1550 1551/1551 1548/1548
f 1549/1549 1560/1560 1559/1559
f 1559/1559 1550/1550 1549/1549
f 1558/1558 1559/1559 1560/1560
f 1560/1560 1561/1561 1558/1558
f 1582/1582 1583/1583 1584/1584
f 1584/1584 1585/1585 1582/1582
f 1599/1599 1582/1582 1585/1585
f 1583/1583 1590/1590 1591/1591
f 1591/1591 1584/1584 1583/1583
f 1585/1585 1598/1598 1599/1599
f 1599/1599 1598/1598 1600/1600
f 1600/1600 1598/1598 1601/1601
f 1611/1611 1612/1612 1613/1613
f 1613/1613 1614/1614 1611/1611
f 1622/1622 1611/1611 1614/1614
f 1612/1612 1615/1615 1616/1616
f 1616/1616 1613/1613 1612/1612
f 1615/1615 1617/1617 1616/1616
f 1614/1614 1623/1623 1622/1622
f 1624/1624 1625/1625 1622/1622
f 1622/1622 1623/1623 1624/1624
f 1619/1619 1625/1625 1624/1624
f 1624/1624 1620/1620 1619/1619
f 1618/1618 1619/1619 1620/1620
f 1620/1620 1621/1621 1618/1618
f 1626/1626 1627/1627 1628/1628
f 1628/1628 1629/1629 1626/1626
f 1631/1631 1626/1626 1629/1629
f 1629/1629 1630/1630 1631/1631
f 1632/1632 1633/1633 1631/1631
f 1631/1631 1630/1630 1632/1632
f 1634/1634 1633/1633 1632/1632
f 1632/1632 1635/1635 1634/1634
f 1636/1636 1634/1634 1635/1635
f 1635/1635 1637/1637 1636/1636
f 1638/1638 1636/1636 1637/1637
f 1637/1637 1639/1639 1638/1638
f 1640/1640 1641/1641 1642/1642
f 1690/1690 1691/1691 1692/1692
f 1692/1692 1693/1693 1690/1690
f 1723/1723 1691/1691 1690/1690
f 1690/1690 1724/1724 1723/1723
f 1693/1693 1692/1692 1727/1727
f 1727/1727 1728/1728 1693/1693
f 1723/1723 1724/1724 1725/1725
f 1725/1725 1726/1726 1723/1723
f 1704/1704 1705/1705 1706/1706
f 1706/1706 1707/1707 1704/1704
f 1730/1730 1704/1704 1707/1707
f 1705/1705 1708/1708 1709/1709
f 1709/1709 1706/1706 1705/1705
f 1707/1707 1729/1729 1730/1730
f 1710/1710 1711/1711 1712/1712
f 1733/1733 1734/1734 1735/1735
f 1735/1735 1736/1736 1733/1733
f 1737/1737 1734/1734 1733/1733
f 1733/1733 1738/1738 1737/1737
f 1739/1739 1737/1737 1738/1738
f 1738/1738 1740/1740 1739/1739
f 1741/1741 1739/1739 1740/1740
f 1807/1807 1808/1808 1809/1809
f 1809/1809 1810/1810 1807/1807
f 1815/1815 1807/1807 1810/1810
f 1808/1808 1890/1890 1891/1891
f 1809/1809 1808/1808 1891/1891
f 1808/1808 1873/1873 1876/1876
f 1876/1876 1890/1890 1808/1808
f 1873/1873 1874/1874 1875/1875
f 1875/1875 1876/1876 1873/1873
f 1810/1810 1816/1816 1815/1815
f 1819/1819 1815/1815 1816/1816
f 1816/1816 1820/1820 1819/1819
f 1821/1821 1822/1822 1819/1819
f 1819/1819 1820/1820 1821/1821
f 1811/1811 1812/1812 1813/1813
f 1813/1813 1814/1814 1811/1811
f 1912/1912 1811/1811 1814/1814
f 1813/1813 1812/1812 1817/1817
f 1817/1817 1818/1818 1813/1813
f 1817/1817 1855/1855 1856/1856
f 1856/1856 1818/1818 1817/1817
f 1855/1855 1910/1910 1911/1911
f 1911/1911 1856/1856 1855/1855
f 1814/1814 1913/1913 1912/1912
f 1918/1918 1912/1912 1913/1913
f 1913/1913 1919/1919 1918/1918
f 1823/1823 1824/1824 1825/1825
f 1825/1825 1826/1826 1823/1823
f 1886/1886 1825/1825 1824/1824
f 1824/1824 1887/1887 1886/1886
f 1827/1827 1828/1828 1829/1829
f 1829/1829 1830/1830 1827/1827
f 1857/1857 1827/1827 1830/1830
f 1828/1828 1831/1831 1832/1832
f 1832/1832 1829/1829 1828/1828
f 1831/1831 1833/1833 1834/1834
f 1834/1834 1832/1832 1831/1831
f 1833/1833 1884/1884 1885/1885
f 1885/1885 1834/1834 1833/1833
f 1830/1830 1858/1858 1857/1857
f 1871/1871 1857/1857 1858/1858
f 1858/1858 1872/1872 1871/1871
f 1835/1835 1836/1836 1837/1837
f 1837/1837 1838/1838 1835/1835
f 1924/1924 1835/1835 1838/1838
f 1836/1836 1839/1839 1840/1840
f 1840/1840 1837/1837 1836/1836
f 1839/1839 1841/1841 1842/1842
f 1842/1842 1840/1840 1839/1839
f 1880/1880 1842/1842 1841/1841
f 1841/1841 1881/1881 1880/1880
f 1880/1880 1881/1881 1882/1882
f 1882/1882 1883/1883 1880/1880
f 1882/1882 1888/1888 1889/1889
f 1889/1889 1883/1883 1882/1882
f 1888/1888 1892/1892 1893/1893
f 1893/1893 1889/1889 1888/1888
f 1838/1838 1925/1925 1924/1924
f 1924/1924 1925/1925 1923/1923
f 1923/1923 1922/1922 1924/1924
f 1922/1922 1923/1923 1920/1920
f 1920/1920 1921/1921 1922/1922
f 1877/1877 1921/1921 1920/1920
f 1920/1920 1878/1878 1877/1877
f 1877/1877 1878/1878 1879/1879
f 1926/1926 1877/1877 1879/1879
f 1879/1879 1927/1927 1926/1926
f 1843/1843 1844/1844 1845/1845
f 1845/1845 1846/1846 1843/1843
f 1859/1859 1843/1843 1846/1846
f 1846/1846 1860/1860 1859/1859
f 1916/1916 1859/1859 1860/1860
f 1860/1860 1917/1917 1916/1916
f 1914/1914 1915/1915 1916/1916
f 1916/1916 1917/1917 1914/1914
f 1915/1915 1914/1914 1849/1849
f 1849/1849 1848/1848 1915/1915
f 1847/1847 1848/1848 1849/1849
f 1849/1849 1850/1850 1847/1847
f 1851/1851 1847/1847 1850/1850
f 1850/1850 1852/1852 1851/1851
f 1853/1853 1851/1851 1852/1852
f 1852/1852 1854/1854 1853/1853
f 1908/1908 1853/1853 1854/1854
f 1854/1854 1909/1909 1908/1908
f 1870/1870 1869/1869 1908/1908
f 1908/1908 1909/1909 1870/1870
f 1867/1867 1869/1869 1870/1870
f 1870/1870 1868/1868 1867/1867
f 1865/1865 1867/1867 1868/1868
f 1868/1868 1866/1866 1865/1865
f 1862/1862 1865/1865 1866/1866
f 1866/1866 1863/1863 1862/1862
f 1861/1861 1862/1862 1863/1863
f 1863/1863 1864/1864 1861/1861
f 1894/1894 1895/1895 1896/1896
f 1896/1896 1897/1897 1894/1894
f 1899/1899 1894/1894 1897/1897
f 1897/1897 1898/1898 1899/1899
f 1907/1907 1899/1899 1898/1898
f 1898/1898 1906/1906 1907/1907
f 1905/1905 1907/1907 1906/1906
f 1906/1906 1904/1904 1905/1905
f 1903/1903 1905/1905 1904/1904
f 1904/1904 1900/1900 1903/1903
f 1902/1902 1903/1903 1900/1900
f 1900/1900 1901/1901 1902/1902
f 1941/1941 1942/1942 1943/1943
f 1943/1943 1944/1944 1941/1941
f 1941/1941 1957/1957 1958/1958
f 1958/1958 1942/1942 1941/1941
f 1943/1943 1953/1953 1954/1954
f 1954/1954 1944/1944 1943/1943
f 1951/1951 1954/1954 1953/1953
f 1953/1953 1952/1952 1951/1951
f 1949/1949 1951/1951 1952/1952
f 1952/1952 1950/1950 1949/1949
f 1946/1946 1949/1949 1950/1950
f 1950/1950 1947/1947 1946/1946
f 1945/1945 1946/1946 1947/1947
f 1947/1947 1948/1948 1945/1945
f 1945/1945 1948/1948 1955/1955
f 1955/1955 1956/1956 1945/1945
f 2006/2006 1958/1958 1957/1957
f 1957/1957 2005/2005 2006/2006
f 1959/1959 1960/1960 1961/1961
f 1961/1961 1962/1962 1959/1959
f 1960/1960 1983/1983 1984/1984
f 1984/1984 1961/1961 1960/1960
f 1983/1983 1989/1989 1990/1990
f 1990/1990 1984/1984 1983/1983
f 1990/1990 1989/1989 1987/1987
f 1987/1987 1986/1986 1990/1990
f 1985/1985 1986/1986 1987/1987
f 1987/1987 1988/1988 1985/1985
f 1992/1992 1985/1985 1988/1988
f 1988/1988 1991/1991 1992/1992
f 1996/1996 1992/1992 1991/1991
f 1991/1991 1993/1993 1996/1996
f 1995/1995 1996/1996 1993/1993
f 1993/1993 1994/1994 1995/1995
f 1998/1998 1995/1995 1994/1994
f 1994/1994 1997/1997 1998/1998
f 2002/2002 1998/1998 1997/1997
f 1997/1997 1999/1999 2002/2002
f 2001/2001 2002/2002 1999/1999
f 1999/1999 2000/2000 2001/2001
f 1963/1963 1964/1964 1965/1965
f 1965/1965 1966/1966 1963/1963
f 2003/2003 1963/1963 1966/1966
f 1966/1966 2004/2004 2003/2003
f 1967/1967 1968/1968 1969/1969
f 1969/1969 1970/1970 1967/1967
f 1971/1971 1967/1967 1970/1970
f 1969/1969 1968/1968 2007/2007
f 2007/2007 2008/2008 1969/1969
f 1970/1970 1972/1972 1971/1971
f 1974/1974 1971/1971 1972/1972
f 1972/1972 1973/1973 1974/1974
f 1975/1975 1974/1974 1973/1973
f 1973/1973 1976/1976 1975/1975
f 1977/1977 1975/1975 1976/1976
f 1976/1976 1978/1978 1977/1977
f 1980/1980 1977/1977 1978/1978
f 1978/1978 1981/1981 1980/1980
f 1979/1979 1980/1980 1981/1981
f 1981/1981 1982/1982 1979/1979
f 2072/2072 2073/2073 2074/2074
f 2087/2087 2073/2073 2072/2072
f 2074/2074 2073/2073 2075/2075
f 2075/2075 2073/2073 2076/2076
f 2076/2076 2073/2073 2077/2077
f 2085/2085 2073/2073 2086/2086
f 2077/2077 2073/2073 2085/2085
f 2086/2086 2073/2073 2087/2087
f 2078/2078 2079/2079 2080/2080
f 2083/2083 2079/2079 2078/2078
f 2081/2081 2079/2079 2082/2082
f 2082/2082 2079/2079 2083/2083
f 2080/2080 2079/2079 2084/2084
f 2084/2084 2079/2079 2081/2081
f 2088/2088 2089/2089 2090/2090
f 2090/2090 2091/2091 2088/2088
f 2092/2092 2093/2093 2094/2094
f 2094/2094 2095/2095 2092/2092
f 2096/2096 2097/2097 2098/2098
f 2099/2099 2100/2100 2101/2101
f 2102/2102 2103/2103 2104/2104
f 2105/2105 2106/2106 2107/2107
f 2108/2108 2109/2109 2110/2110
f 2110/2110 2111/2111 2108/2108
f 2112/2112 2113/2113 2114/2114
f 2114/2114 2115/2115 2112/2112
f 2121/2121 2122/2122 2123/2123
f 2123/2123 2124/2124 2121/2121
f 2129/2129 2121/2121 2124/2124
f 2122/2122 2125/2125 2123/2123
f 2127/2127 2123/2123 2125/2125
f 2125/2125 2126/2126 2127/2127
f 2126/2126 2128/2128 2127/2127
f 2161/2161 2127/2127 2128/2128
f 2128/2128 2160/2160 2161/2161
f 2130/2130 2129/2129 2124/2124
f 2124/2124 2131/2131 2130/2130
f 2132/2132 2130/2130 2131/2131
f 2133/2133 2132/2132 2131/2131
f 2131/2131 2134/2134 2133/2133
f 2136/2136 2133/2133 2134/2134
f 2135/2135 2136/2136 2134/2134
f 2137/2137 2135/2135 2134/2134
f 2134/2134 2138/2138 2137/2137
f 2139/2139 2137/2137 2138/2138
f 2164/2164 2139/2139 2138/2138
f 2138/2138 2165/2165 2164/2164
f 2140/2140 2141/2141 2142/2142
f 2144/2144 2140/2140 2142/2142
f 2142/2142 2145/2145 2144/2144
f 2143/2143 2144/2144 2145/2145
f 2146/2146 2143/2143 2145/2145
f 2145/2145 2147/2147 2146/2146
f 2149/2149 2146/2146 2147/2147
f 2148/2148 2149/2149 2147/2147
f 2150/2150 2148/2148 2147/2147
f 2147/2147 2151/2151 2150/2150
f 2152/2152 2150/2150 2151/2151
f 2153/2153 2152/2152 2151/2151
f 2154/2154 2153/2153 2151/2151
f 2151/2151 2155/2155 2154/2154
f 2156/2156 2154/2154 2155/2155
f 2157/2157 2156/2156 2155/2155
f 2155/2155 2158/2158 2157/2157
f 2159/2159 2157/2157 2158/2158
f 2162/2162 2159/2159 2158/2158
f 2158/2158 2163/2163 2162/2162
f 2166/2166 2167/2167 2168/2168
f 2168/2168 2169/2169 2166/2166
f 2170/2170 2171/2171 2166/2166
f 2166/2166 2169/2169 2170/2170
f 2168/2168 2167/2167 2180/2180
f 2172/2172 2173/2173 2174/2174
f 2174/2174 2175/2175 2172/2172
f 2176/2176 2172/2172 2175/2175
f 2175/2175 2177/2177 2176/2176
f 2178/2178 2176/2176 2177/2177
f 2177/2177 2179/2179 2178/2178
f 2181/2181 2182/2182 2183/2183
f 2183/2183 2184/2184 2181/2181
f 2185/2185 2181/2181 2184/2184
f 2182/2182 2191/2191 2183/2183
f 2191/2191 2192/2192 2183/2183
f 2192/2192 2194/2194 2183/2183
f 2183/2183 2198/2198 2209/2209
f 2184/2184 2183/2183 2209/2209
f 2197/2197 2198/2198 2195/2195
f 2198/2198 2197/2197 2199/2199
f 2199/2199 2200/2200 2198/2198
f 2209/2209 2198/2198 2200/2200
f 2195/2195 2196/2196 2197/2197
f 2200/2200 2208/2208 2209/2209
f 2209/2209 2208/2208 2871/2871
f 2870/2870 2871/2871 2872/2872
f 2871/2871 2870/2870 2209/2209
f 2869/2869 2870/2870 2867/2867
f 2872/2872 2867/2867 2870/2870
f 2855/2855 2209/2209 2870/2870
f 2867/2867 2868/2868 2869/2869
f 2209/2209 2211/2211 2184/2184
f 2854/2854 2211/2211 2209/2209
f 2209/2209 2855/2855 2854/2854
f 2186/2186 2187/2187 2184/2184
f 2184/2184 2188/2188 2186/2186
f 2187/2187 2185/2185 2184/2184
f 2188/2188 2184/2184 2211/2211
f 2190/2190 2186/2186 2188/2188
f 2189/2189 2190/2190 2188/2188
f 2193/2193 2189/2189 2188/2188
f 2202/2202 2188/2188 2210/2210
f 2188/2188 2211/2211 2881/2881
f 2881/2881 2210/2210 2188/2188
f 2201/2201 2202/2202 2203/2203
f 2203/2203 2202/2202 2205/2205
f 2207/2207 2205/2205 2202/2202
f 2207/2207 2202/2202 2210/2210
f 2210/2210 2782/2782 2207/2207
f 2210/2210 2881/2881 3406/3406
f 3400/3400 4398/4398 3406/3406
f 2881/2881 3400/3400 3406/3406
f 2880/2880 3400/3400 2881/2881
f 2880/2880 2876/2876 2879/2879
f 2881/2881 2876/2876 2880/2880
f 2875/2875 2876/2876 2873/2873
f 2878/2878 2876/2876 2875/2875
f 2879/2879 2876/2876 2878/2878
f 2876/2876 2881/2881 2211/2211
f 2211/2211 2859/2859 2876/2876
f 2873/2873 2874/2874 2875/2875
f 2875/2875 2877/2877 2878/2878
f 2858/2858 2859/2859 2854/2854
f 2861/2861 2859/2859 2862/2862
f 2862/2862 2859/2859 2858/2858
f 2865/2865 2859/2859 2861/2861
f 2859/2859 2211/2211 2854/2854
f 2854/2854 2860/2860 2858/2858
f 2853/2853 2854/2854 2855/2855
f 2857/2857 2854/2854 2853/2853
f 2860/2860 2854/2854 2857/2857
f 2855/2855 2856/2856 2853/2853
f 2856/2856 2855/2855 2863/2863
f 2863/2863 2855/2855 2864/2864
f 2864/2864 2855/2855 2866/2866
f 2205/2205 2206/2206 2203/2203
f 2203/2203 2204/2204 2201/2201
f 2212/2212 2213/2213 2214/2214
f 2214/2214 2215/2215 2212/2212
f 2212/2212 2215/2215 2331/2331
f 2331/2331 2332/2332 2212/2212
f 2213/2213 2216/2216 2217/2217
f 2217/2217 2214/2214 2213/2213
f 2216/2216 2218/2218 2219/2219
f 2219/2219 2217/2217 2216/2216
f 2218/2218 2220/2220 2221/2221
f 2221/2221 2219/2219 2218/2218
f 2220/2220 2222/2222 2223/2223
f 2223/2223 2221/2221 2220/2220
f 2222/2222 2224/2224 2225/2225
f 2225/2225 2223/2223 2222/2222
f 2224/2224 2226/2226 2227/2227
f 2227/2227 2225/2225 2224/2224
f 2226/2226 2228/2228 2229/2229
f 2229/2229 2227/2227 2226/2226
f 2337/2337 2229/2229 2228/2228
f 2387/2387 2386/2386 2229/2229
f 2229/2229 2337/2337 2387/2387
f 2386/2386 2387/2387 2385/2385
f 2385/2385 2384/2384 2386/2386
f 2384/2384 2385/2385 2383/2383
f 2383/2383 2331/2331 2384/2384
f 2332/2332 2331/2331 2383/2383
f 2230/2230 2231/2231 2232/2232
f 2231/2231 2230/2230 2233/2233
f 2232/2232 2231/2231 2316/2316
f 2233/2233 2236/2236 2231/2231
f 2316/2316 2317/2317 2232/2232
f 2317/2317 2316/2316 2321/2321
f 2321/2321 2322/2322 2317/2317
f 2322/2322 2321/2321 2266/2266
f 2266/2266 2328/2328 2322/2322
f 2262/2262 2265/2265 2266/2266
f 2266/2266 2263/2263 2262/2262
f 2328/2328 2266/2266 2265/2265
f 2261/2261 2262/2262 2263/2263
f 2263/2263 2264/2264 2261/2261
f 2261/2261 2264/2264 2259/2259
f 2259/2259 2258/2258 2261/2261
f 2258/2258 2259/2259 2260/2260
f 2259/2259 2319/2319 2320/2320
f 2320/2320 2260/2260 2259/2259
f 2323/2323 2320/2320 2319/2319
f 2319/2319 2238/2238 2323/2323
f 2323/2323 2238/2238 2237/2237
f 2234/2234 2237/2237 2238/2238
f 2238/2238 2235/2235 2234/2234
f 2233/2233 2234/2234 2235/2235
f 2235/2235 2236/2236 2233/2233
f 2239/2239 2240/2240 2241/2241
f 2240/2240 2239/2239 2242/2242
f 2240/2240 2314/2314 2315/2315
f 2315/2315 2241/2241 2240/2240
f 2242/2242 2245/2245 2240/2240
f 2242/2242 2243/2243 2244/2244
f 2244/2244 2245/2245 2242/2242
f 2243/2243 2246/2246 2247/2247
f 2247/2247 2244/2244 2243/2243
f 2246/2246 2248/2248 2249/2249
f 2249/2249 2247/2247 2246/2246
f 2248/2248 2250/2250 2251/2251
f 2251/2251 2249/2249 2248/2248
f 2250/2250 2252/2252 2253/2253
f 2253/2253 2251/2251 2250/2250
f 2252/2252 2254/2254 2255/2255
f 2255/2255 2253/2253 2252/2252
f 2254/2254 2256/2256 2257/2257
f 2257/2257 2255/2255 2254/2254
f 2318/2318 2257/2257 2256/2256
f 2314/2314 2257/2257 2318/2318
f 2318/2318 2315/2315 2314/2314
f 2267/2267 2268/2268 2269/2269
f 2269/2269 2270/2270 2267/2267
f 2333/2333 2267/2267 2270/2270
f 2268/2268 2271/2271 2272/2272
f 2272/2272 2269/2269 2268/2268
f 2271/2271 2273/2273 2274/2274
f 2274/2274 2272/2272 2271/2271
f 2273/2273 2275/2275 2276/2276
f 2276/2276 2274/2274 2273/2273
f 2275/2275 2277/2277 2278/2278
f 2278/2278 2276/2276 2275/2275
f 2277/2277 2279/2279 2280/2280
f 2280/2280 2278/2278 2277/2277
f 2279/2279 2281/2281 2282/2282
f 2282/2282 2280/2280 2279/2279
f 2282/2282 2281/2281 2335/2335
f 2335/2335 2336/2336 2282/2282
f 2270/2270 2334/2334 2333/2333
f 2283/2283 2284/2284 2285/2285
f 2285/2285 2286/2286 2283/2283
f 2329/2329 2283/2283 2286/2286
f 2284/2284 2287/2287 2288/2288
f 2288/2288 2285/2285 2284/2284
f 2286/2286 2330/2330 2329/2329
f 2289/2289 2290/2290 2291/2291
f 2291/2291 2292/2292 2289/2289
f 2326/2326 2289/2289 2292/2292
f 2290/2290 2293/2293 2294/2294
f 2294/2294 2291/2291 2290/2290
f 2293/2293 2295/2295 2296/2296
f 2296/2296 2294/2294 2293/2293
f 2295/2295 2297/2297 2298/2298
f 2298/2298 2299/2299 2295/2295
f 2299/2299 2296/2296 2295/2295
f 2297/2297 2300/2300 2301/2301
f 2301/2301 2298/2298 2297/2297
f 2292/2292 2327/2327 2326/2326
f 2302/2302 2303/2303 2304/2304
f 2304/2304 2305/2305 2302/2302
f 2305/2305 2368/2368 2302/2302
f 2304/2304 2303/2303 2306/2306
f 2306/2306 2307/2307 2304/2304
f 2339/2339 2307/2307 2306/2306
f 2306/2306 2340/2340 2339/2339
f 2338/2338 2339/2339 2340/2340
f 2340/2340 2341/2341 2338/2338
f 2308/2308 2309/2309 2310/2310
f 2310/2310 2311/2311 2308/2308
f 2308/2308 2311/2311 2324/2324
f 2324/2324 2325/2325 2308/2308
f 2309/2309 2312/2312 2313/2313
f 2313/2313 2310/2310 2309/2309
f 2342/2342 2343/2343 2344/2344
f 2344/2344 2345/2345 2342/2342
f 2343/2343 2346/2346 2347/2347
f 2347/2347 2344/2344 2343/2343
f 2348/2348 2349/2349 2350/2350
f 2350/2350 2351/2351 2348/2348
f 2349/2349 2352/2352 2353/2353
f 2353/2353 2350/2350 2349/2349
f 2352/2352 2354/2354 2355/2355
f 2355/2355 2353/2353 2352/2352
f 2356/2356 2357/2357 2358/2358
f 2358/2358 2359/2359 2356/2356
f 2357/2357 2360/2360 2361/2361
f 2361/2361 2358/2358 2357/2357
f 2360/2360 2362/2362 2363/2363
f 2363/2363 2361/2361 2360/2360
f 2364/2364 2365/2365 2366/2366
f 2366/2366 2367/2367 2364/2364
f 2369/2369 2370/2370 2371/2371
f 2371/2371 2372/2372 2369/2369
f 2381/2381 2369/2369 2372/2372
f 2372/2372 2382/2382 2381/2381
f 2373/2373 2374/2374 2375/2375
f 2375/2375 2376/2376 2373/2373
f 2377/2377 2378/2378 2379/2379
f 2379/2379 2380/2380 2377/2377
f 2388/2388 2389/2389 2390/2390
f 2390/2390 2391/2391 2388/2388
f 2401/2401 2402/2402 2388/2388
f 2388/2388 2391/2391 2401/2401
f 2402/2402 2401/2401 2407/2407
f 2407/2407 2408/2408 2402/2402
f 2407/2407 2780/2780 2408/2408
f 2392/2392 2393/2393 2394/2394
f 2394/2394 2395/2395 2392/2392
f 2399/2399 2400/2400 2392/2392
f 2392/2392 2395/2395 2399/2399
f 2393/2393 2781/2781 2394/2394
f 2400/2400 2399/2399 2409/2409
f 2409/2409 2410/2410 2400/2400
f 2396/2396 2397/2397 2398/2398
f 2406/2406 2405/2405 2396/2396
f 2396/2396 2398/2398 2406/2406
f 2405/2405 2406/2406 2403/2403
f 2403/2403 2404/2404 2405/2405
f 2404/2404 2403/2403 2414/2414
f 2414/2414 2413/2413 2404/2404
f 2413/2413 2414/2414 2411/2411
f 2411/2411 2412/2412 2413/2413
f 2415/2415 2416/2416 2417/2417
f 2417/2417 2418/2418 2415/2415
f 2419/2419 2420/2420 2415/2415
f 2415/2415 2418/2418 2419/2419
f 2420/2420 2419/2419 2421/2421
f 2421/2421 2422/2422 2420/2420
f 2422/2422 2421/2421 2423/2423
f 2423/2423 2425/2425 2422/2422
f 2423/2423 2424/2424 2425/2425
f 2426/2426 2427/2427 2428/2428
f 2428/2428 2429/2429 2426/2426
f 2429/2429 2430/2430 2426/2426
f 2432/2432 2426/2426 2430/2430
f 2534/2534 2428/2428 2427/2427
f 2535/2535 2534/2534 2427/2427
f 2427/2427 2536/2536 2535/2535
f 2537/2537 2535/2535 2536/2536
f 2538/2538 2537/2537 2536/2536
f 2536/2536 2539/2539 2538/2538
f 2430/2430 2431/2431 2432/2432
f 3100/3100 3096/3096 2432/2432
f 2432/2432 2431/2431 3100/3100
f 3097/3097 3096/3096 3100/3100
f 3096/3096 3097/3097 3098/3098
f 3098/3098 3099/3099 3096/3096
f 3194/3194 3099/3099 3098/3098
f 3195/3195 3196/3196 3099/3099
f 3099/3099 3194/3194 3195/3195
f 3197/3197 3196/3196 3195/3195
f 3198/3198 3199/3199 3196/3196
f 3196/3196 3197/3197 3198/3198
f 2433/2433 2434/2434 2435/2435
f 2434/2434 2433/2433 2436/2436
f 2436/2436 2437/2437 2434/2434
f 2484/2484 2435/2435 2434/2434
f 2487/2487 2434/2434 2485/2485
f 2487/2487 2484/2484 2434/2434
f 2485/2485 2486/2486 2487/2487
f 2486/2486 2485/2485 2488/2488
f 2488/2488 2489/2489 2486/2486
f 2438/2438 2439/2439 2440/2440
f 2440/2440 2441/2441 2438/2438
f 2442/2442 2443/2443 2444/2444
f 2444/2444 2445/2445 2442/2442
f 2442/2442 2446/2446 2447/2447
f 2447/2447 2443/2443 2442/2442
f 2444/2444 2456/2456 2457/2457
f 2457/2457 2445/2445 2444/2444
f 2457/2457 2456/2456 2458/2458
f 2458/2458 2459/2459 2457/2457
f 2450/2450 2449/2449 2447/2447
f 2447/2447 2446/2446 2450/2450
f 2448/2448 2449/2449 2450/2450
f 2450/2450 2451/2451 2448/2448
f 2448/2448 2451/2451 2454/2454
f 2454/2454 2453/2453 2448/2448
f 2452/2452 2453/2453 2454/2454
f 2454/2454 2455/2455 2452/2452
f 2460/2460 2461/2461 2462/2462
f 2462/2462 2463/2463 2460/2460
f 2464/2464 2465/2465 2466/2466
f 2466/2466 2467/2467 2464/2464
f 2468/2468 2469/2469 2470/2470
f 2483/2483 2468/2468 2470/2470
f 2470/2470 2482/2482 2483/2483
f 2480/2480 2483/2483 2482/2482
f 2482/2482 2481/2481 2480/2480
f 2479/2479 2480/2480 2481/2481
f 2481/2481 2478/2478 2479/2479
f 2475/2475 2479/2479 2478/2478
f 2478/2478 2476/2476 2475/2475
f 2474/2474 2475/2475 2476/2476
f 2476/2476 2477/2477 2474/2474
f 2474/2474 2477/2477 2471/2471
f 2471/2471 2473/2473 2474/2474
f 2471/2471 2472/2472 2473/2473
f 2490/2490 2491/2491 2492/2492
f 2492/2492 2493/2493 2490/2490
f 2492/2492 2491/2491 2557/2557
f 2557/2557 2558/2558 2492/2492
f 2494/2494 2495/2495 2496/2496
f 2496/2496 2497/2497 2494/2494
f 2498/2498 2499/2499 2500/2500
f 2500/2500 2501/2501 2498/2498
f 2498/2498 3166/3166 3167/3167
f 3167/3167 2499/2499 2498/2498
f 2512/2512 2501/2501 2500/2500
f 2500/2500 2513/2513 2512/2512
f 2512/2512 2513/2513 2514/2514
f 2514/2514 2515/2515 2512/2512
f 3176/3176 3177/3177 3167/3167
f 3167/3167 3166/3166 3176/3176
f 3176/3176 3178/3178 3179/3179
f 3179/3179 3177/3177 3176/3176
f 2502/2502 2503/2503 2504/2504
f 2504/2504 2505/2505 2502/2502
f 2506/2506 2507/2507 2508/2508
f 2508/2508 2509/2509 2506/2506
f 2510/2510 2511/2511 2506/2506
f 2506/2506 2509/2509 2510/2510
f 2510/2510 3173/3173 3172/3172
f 3172/3172 2511/2511 2510/2510
f 3172/3172 3173/3173 3174/3174
f 3174/3174 3175/3175 3172/3172
f 2516/2516 2517/2517 2518/2518
f 2518/2518 2519/2519 2516/2516
f 2517/2517 2520/2520 2521/2521
f 2521/2521 2518/2518 2517/2517
f 2520/2520 2522/2522 2523/2523
f 2523/2523 2521/2521 2520/2520
f 2523/2523 2522/2522 3185/3185
f 3185/3185 3184/3184 2523/2523
f 3184/3184 3185/3185 3183/3183
f 3183/3183 3182/3182 3184/3184
f 3182/3182 3183/3183 3180/3180
f 3180/3180 3181/3181 3182/3182
f 2524/2524 2525/2525 2526/2526
f 2526/2526 2527/2527 2524/2524
f 2524/2524 2527/2527 2787/2787
f 2787/2787 2788/2788 2524/2524
f 2787/2787 3187/3187 3186/3186
f 3186/3186 2788/2788 2787/2787
f 3186/3186 3187/3187 3188/3188
f 3188/3188 3189/3189 3186/3186
f 2528/2528 2529/2529 2530/2530
f 2530/2530 2531/2531 2528/2528
f 2528/2528 2532/2532 2533/2533
f 2533/2533 2529/2529 2528/2528
f 2533/2533 2532/2532 3190/3190
f 3190/3190 3193/3193 2533/2533
f 3190/3190 3191/3191 3192/3192
f 3192/3192 3193/3193 3190/3190
f 2540/2540 2541/2541 2542/2542
f 2542/2542 2541/2541 2543/2543
f 2543/2543 2544/2544 2542/2542
f 2544/2544 2543/2543 2545/2545
f 2545/2545 2546/2546 2544/2544
f 3203/3203 2546/2546 2545/2545
f 2545/2545 3204/3204 3203/3203
f 3201/3201 3203/3203 3204/3204
f 3204/3204 3202/3202 3201/3201
f 3200/3200 3201/3201 3202/3202
f 2547/2547 2548/2548 2549/2549
f 2549/2549 2550/2550 2547/2547
f 2556/2556 2548/2548 2547/2547
f 2550/2550 2549/2549 2551/2551
f 2551/2551 2552/2552 2550/2550
f 3206/3206 2552/2552 2551/2551
f 2551/2551 3207/3207 3206/3206
f 3205/3205 3206/3206 3207/3207
f 3207/3207 3208/3208 3205/3205
f 3212/3212 3205/3205 3208/3208
f 2553/2553 2554/2554 2555/2555
f 2559/2559 2560/2560 2561/2561
f 2560/2560 2566/2566 2567/2567
f 2567/2567 2561/2561 2560/2560
f 2567/2567 2566/2566 3403/3403
f 3403/3403 2564/2564 2567/2567
f 3403/3403 2565/2565 2564/2564
f 2562/2562 2563/2563 2564/2564
f 2564/2564 2565/2565 2562/2562
f 3218/3218 2563/2563 2562/2562
f 2562/2562 3219/3219 3218/3218
f 3217/3217 3216/3216 3218/3218
f 3218/3218 3219/3219 3217/3217
f 3215/3215 3216/3216 3217/3217
f 2568/2568 2569/2569 2570/2570
f 2570/2570 2571/2571 2568/2568
f 2790/2790 2568/2568 2571/2571
f 2569/2569 2572/2572 2573/2573
f 2573/2573 2570/2570 2569/2569
f 2571/2571 2791/2791 2790/2790
f 2789/2789 2790/2790 2791/2791
f 2791/2791 2792/2792 2789/2789
f 2789/2789 2792/2792 3221/3221
f 3221/3221 3220/3220 2789/2789
f 3220/3220 3221/3221 3222/3222
f 3222/3222 3223/3223 3220/3220
f 3223/3223 3222/3222 3224/3224
f 3224/3224 3222/3222 3225/3225
f 3225/3225 3226/3226 3224/3224
f 2574/2574 2575/2575 2576/2576
f 2576/2576 2577/2577 2574/2574
f 2578/2578 2579/2579 2580/2580
f 2580/2580 2581/2581 2578/2578
f 2580/2580 2579/2579 3404/3404
f 3404/3404 3405/3405 2580/2580
f 2582/2582 2583/2583 2584/2584
f 2584/2584 2585/2585 2582/2582
f 2583/2583 2582/2582 2586/2586
f 2586/2586 2587/2587 2583/2583
f 3235/3235 2587/2587 2586/2586
f 2586/2586 3236/3236 3235/3235
f 3234/3234 3233/3233 3235/3235
f 3235/3235 3236/3236 3234/3234
f 3233/3233 3234/3234 3231/3231
f 3231/3231 3232/3232 3233/3233
f 2588/2588 2589/2589 2590/2590
f 2590/2590 2591/2591 2588/2588
f 2589/2589 2588/2588 2592/2592
f 2593/2593 2594/2594 2595/2595
f 2595/2595 2596/2596 2593/2593
f 2619/2619 2593/2593 2596/2596
f 2593/2593 3242/3242 3243/3243
f 3243/3243 2594/2594 2593/2593
f 3242/3242 2593/2593 2619/2619
f 2596/2596 2595/2595 2600/2600
f 2599/2599 2596/2596 2597/2597
f 2600/2600 2597/2597 2596/2596
f 2596/2596 2599/2599 2619/2619
f 2619/2619 3245/3245 3242/3242
f 3244/3244 3242/3242 3245/3245
f 3247/3247 3243/3243 3242/3242
f 3242/3242 3244/3244 3247/3247
f 3245/3245 3246/3246 3244/3244
f 2597/2597 2598/2598 2599/2599
f 2601/2601 2602/2602 2603/2603
f 2603/2603 2604/2604 2601/2601
f 2605/2605 2606/2606 2601/2601
f 2601/2601 2604/2604 2605/2605
f 2607/2607 2608/2608 2609/2609
f 2609/2609 2610/2610 2607/2607
f 2607/2607 2610/2610 2615/2615
f 2615/2615 2616/2616 2607/2607
f 2609/2609 2608/2608 3254/3254
f 3254/3254 3255/3255 2609/2609
f 3254/3254 3258/3258 3259/3259
f 3259/3259 3255/3255 3254/3254
f 2611/2611 2612/2612 2613/2613
f 2613/2613 2614/2614 2611/2611
f 2611/2611 3256/3256 3257/3257
f 3257/3257 2612/2612 2611/2611
f 2614/2614 2613/2613 2617/2617
f 2617/2617 2618/2618 2614/2614
f 2617/2617 2620/2620 2618/2618
f 3260/3260 3257/3257 3256/3256
f 3256/3256 3261/3261 3260/3260
f 3260/3260 3261/3261 3262/3262
f 2621/2621 2622/2622 2623/2623
f 2623/2623 2624/2624 2621/2621
f 2622/2622 2627/2627 2628/2628
f 2628/2628 2623/2623 2622/2622
f 2623/2623 2625/2625 2626/2626
f 2626/2626 2624/2624 2623/2623
f 2623/2623 2628/2628 2629/2629
f 2629/2629 2625/2625 2623/2623
f 2630/2630 2626/2626 2625/2625
f 2625/2625 2631/2631 2630/2630
f 2625/2625 2629/2629 2632/2632
f 2632/2632 2631/2631 2625/2625
f 2633/2633 2634/2634 2635/2635
f 2635/2635 2636/2636 2633/2633
f 2657/2657 2633/2633 2636/2636
f 2634/2634 2637/2637 2638/2638
f 2638/2638 2635/2635 2634/2634
f 2636/2636 2658/2658 2657/2657
f 2639/2639 2640/2640 2641/2641
f 2641/2641 2642/2642 2639/2639
f 2640/2640 2643/2643 2644/2644
f 2644/2644 2641/2641 2640/2640
f 2645/2645 2646/2646 2647/2647
f 2647/2647 2648/2648 2645/2645
f 2646/2646 2649/2649 2650/2650
f 2650/2650 2647/2647 2646/2646
f 2649/2649 2651/2651 2652/2652
f 2652/2652 2650/2650 2649/2649
f 2653/2653 2654/2654 2655/2655
f 2655/2655 2656/2656 2653/2653
f 2659/2659 2660/2660 2661/2661
f 2661/2661 2662/2662 2659/2659
f 2673/2673 2659/2659 2662/2662
f 2661/2661 2660/2660 3301/3301
f 3301/3301 3302/3302 2661/2661
f 3302/3302 3301/3301 3311/3311
f 3311/3311 3312/3312 3302/3302
f 2662/2662 2674/2674 2673/2673
f 2663/2663 2664/2664 2665/2665
f 2665/2665 2666/2666 2663/2663
f 2663/2663 2666/2666 3303/3303
f 3303/3303 3304/3304 2663/2663
f 2664/2664 2667/2667 2668/2668
f 2668/2668 2665/2665 2664/2664
f 2667/2667 2669/2669 2670/2670
f 2670/2670 2668/2668 2667/2667
f 2669/2669 2671/2671 2672/2672
f 2672/2672 2670/2670 2669/2669
f 3304/3304 3303/3303 3305/3305
f 3305/3305 3306/3306 3304/3304
f 3306/3306 3305/3305 3307/3307
f 3307/3307 3308/3308 3306/3306
f 3308/3308 3307/3307 3309/3309
f 3309/3309 3310/3310 3308/3308
f 2675/2675 2676/2676 2677/2677
f 2677/2677 2678/2678 2675/2675
f 2676/2676 2679/2679 2680/2680
f 2680/2680 2677/2677 2676/2676
f 2681/2681 2682/2682 2683/2683
f 2683/2683 2684/2684 2681/2681
f 2685/2685 2684/2684 2683/2683
f 2683/2683 2686/2686 2685/2685
f 2685/2685 2686/2686 3319/3319
f 3319/3319 3322/3322 2685/2685
f 3319/3319 3320/3320 3321/3321
f 3321/3321 3322/3322 3319/3319
f 2687/2687 2688/2688 2689/2689
f 2689/2689 2690/2690 2687/2687
f 2689/2689 2691/2691 2692/2692
f 2692/2692 2690/2690 2689/2689
f 2692/2692 2691/2691 3325/3325
f 3325/3325 3324/3324 2692/2692
f 3323/3323 3324/3324 3325/3325
f 3325/3325 3326/3326 3323/3323
f 2693/2693 2694/2694 2695/2695
f 2695/2695 2696/2696 2693/2693
f 2695/2695 2697/2697 2698/2698
f 2698/2698 2696/2696 2695/2695
f 2698/2698 2697/2697 3329/3329
f 3329/3329 3328/3328 2698/2698
f 3327/3327 3328/3328 3329/3329
f 3329/3329 3330/3330 3327/3327
f 2699/2699 2700/2700 2701/2701
f 2701/2701 2702/2702 2699/2699
f 2701/2701 2703/2703 2704/2704
f 2704/2704 2702/2702 2701/2701
f 2704/2704 2703/2703 3333/3333
f 3333/3333 3332/3332 2704/2704
f 3331/3331 3332/3332 3333/3333
f 3333/3333 3334/3334 3331/3331
f 2705/2705 2706/2706 2707/2707
f 2707/2707 2708/2708 2705/2705
f 2709/2709 2705/2705 2708/2708
f 2708/2708 2710/2710 2709/2709
f 2709/2709 2710/2710 3336/3336
f 3336/3336 3335/3335 2709/2709
f 3335/3335 3336/3336 3337/3337
f 3337/3337 3338/3338 3335/3335
f 2711/2711 2712/2712 2713/2713
f 2713/2713 2714/2714 2711/2711
f 2715/2715 2711/2711 2714/2714
f 2714/2714 2716/2716 2715/2715
f 2715/2715 2716/2716 3340/3340
f 3340/3340 3339/3339 2715/2715
f 3339/3339 3340/3340 3341/3341
f 3341/3341 3342/3342 3339/3339
f 2717/2717 2718/2718 2719/2719
f 2719/2719 2720/2720 2717/2717
f 2721/2721 2717/2717 2720/2720
f 2720/2720 2722/2722 2721/2721
f 2721/2721 2722/2722 3344/3344
f 3344/3344 3343/3343 2721/2721
f 3343/3343 3344/3344 3345/3345
f 3345/3345 3346/3346 3343/3343
f 2723/2723 2724/2724 2725/2725
f 2725/2725 2726/2726 2723/2723
f 2724/2724 2727/2727 2728/2728
f 2728/2728 2725/2725 2724/2724
f 2728/2728 2727/2727 3350/3350
f 3350/3350 3349/3349 2728/2728
f 3349/3349 3350/3350 3347/3347
f 3347/3347 3348/3348 3349/3349
f 2729/2729 2730/2730 2731/2731
f 2731/2731 2732/2732 2729/2729
f 2730/2730 2733/2733 2734/2734
f 2734/2734 2731/2731 2730/2730
f 2734/2734 2733/2733 3354/3354
f 3354/3354 3353/3353 2734/2734
f 3353/3353 3354/3354 3351/3351
f 3351/3351 3352/3352 3353/3353
f 2735/2735 2736/2736 2737/2737
f 2737/2737 2738/2738 2735/2735
f 2736/2736 2739/2739 2740/2740
f 2740/2740 2737/2737 2736/2736
f 2740/2740 2739/2739 3358/3358
f 3358/3358 3357/3357 2740/2740
f 3357/3357 3358/3358 3355/3355
f 3355/3355 3356/3356 3357/3357
f 2741/2741 2742/2742 2743/2743
f 2743/2743 2744/2744 2741/2741
f 2744/2744 2743/2743 2745/2745
f 2745/2745 2746/2746 2744/2744
f 2746/2746 2745/2745 2748/2748
f 2748/2748 2747/2747 2746/2746
f 2747/2747 2748/2748 2749/2749
f 2749/2749 2750/2750 2747/2747
f 2749/2749 2751/2751 2752/2752
f 2752/2752 2750/2750 2749/2749
f 2752/2752 2751/2751 2753/2753
f 2753/2753 2756/2756 2752/2752
f 2753/2753 2754/2754 2755/2755
f 2755/2755 2756/2756 2753/2753
f 2755/2755 2754/2754 2757/2757
f 2758/2758 2759/2759 2760/2760
f 2760/2760 2761/2761 2758/2758
f 2759/2759 2762/2762 2763/2763
f 2763/2763 2760/2760 2759/2759
f 2762/2762 2764/2764 2765/2765
f 2765/2765 2763/2763 2762/2762
f 2766/2766 2767/2767 2768/2768
f 2768/2768 2769/2769 2766/2766
f 2767/2767 2770/2770 2771/2771
f 2771/2771 2768/2768 2767/2767
f 2772/2772 2773/2773 2774/2774
f 2774/2774 2775/2775 2772/2772
f 2773/2773 2776/2776 2777/2777
f 2777/2777 2774/2774 2773/2773
f 2776/2776 2778/2778 2779/2779
f 2779/2779 2777/2777 2776/2776
f 2783/2783 2784/2784 2785/2785
f 2785/2785 2786/2786 2783/2783
f 2783/2783 2786/2786 3158/3158
f 3158/3158 3161/3161 2783/2783
f 3401/3401 2785/2785 2784/2784
f 2784/2784 3402/3402 3401/3401
f 3160/3160 3161/3161 3158/3158
f 3158/3158 3159/3159 3160/3160
f 3214/3214 3160/3160 3159/3159
f 3159/3159 3213/3213 3214/3214
f 2793/2793 2794/2794 2795/2795
f 2795/2795 2796/2796 2793/2793
f 2801/2801 2794/2794 2793/2793
f 2802/2802 2803/2803 2794/2794
f 2794/2794 2801/2801 2802/2802
f 2804/2804 2803/2803 2802/2802
f 2805/2805 2806/2806 2803/2803
f 2803/2803 2804/2804 2805/2805
f 2808/2808 2806/2806 2805/2805
f 2807/2807 2806/2806 2808/2808
f 2809/2809 2810/2810 2806/2806
f 2806/2806 2807/2807 2809/2809
f 2811/2811 2810/2810 2809/2809
f 2836/2836 2837/2837 2810/2810
f 2810/2810 2811/2811 2836/2836
f 2796/2796 2795/2795 2797/2797
f 2797/2797 2795/2795 2798/2798
f 2798/2798 2799/2799 2797/2797
f 2799/2799 2798/2798 2800/2800
f 2800/2800 2798/2798 2832/2832
f 2832/2832 2833/2833 2800/2800
f 2812/2812 2813/2813 2814/2814
f 2813/2813 2812/2812 2817/2817
f 2817/2817 2816/2816 2813/2813
f 2815/2815 2816/2816 2817/2817
f 2818/2818 2819/2819 2816/2816
f 2816/2816 2815/2815 2818/2818
f 2821/2821 2819/2819 2818/2818
f 2820/2820 2819/2819 2821/2821
f 2822/2822 2823/2823 2819/2819
f 2819/2819 2820/2820 2822/2822
f 2824/2824 2823/2823 2822/2822
f 2825/2825 2823/2823 2824/2824
f 2826/2826 2827/2827 2823/2823
f 2823/2823 2825/2825 2826/2826
f 2828/2828 2827/2827 2826/2826
f 2829/2829 2830/2830 2827/2827
f 2827/2827 2828/2828 2829/2829
f 2831/2831 2830/2830 2829/2829
f 2834/2834 2835/2835 2830/2830
f 2830/2830 2831/2831 2834/2834
f 2838/2838 2839/2839 2840/2840
f 2840/2840 2841/2841 2838/2838
f 2838/2838 2842/2842 2843/2843
f 2843/2843 2839/2839 2838/2838
f 2840/2840 2852/2852 2841/2841
f 2844/2844 2845/2845 2846/2846
f 2846/2846 2847/2847 2844/2844
f 2845/2845 2844/2844 2848/2848
f 2848/2848 2849/2849 2845/2845
f 2849/2849 2848/2848 2850/2850
f 2850/2850 2851/2851 2849/2849
f 2882/2882 2883/2883 2884/2884
f 2884/2884 2885/2885 2882/2882
f 2882/2882 3001/3001 3002/3002
f 3002/3002 2883/2883 2882/2882
f 2885/2885 2884/2884 2886/2886
f 2886/2886 2887/2887 2885/2885
f 2887/2887 2886/2886 2888/2888
f 2888/2888 2889/2889 2887/2887
f 2889/2889 2888/2888 2890/2890
f 2890/2890 2891/2891 2889/2889
f 2891/2891 2890/2890 2892/2892
f 2892/2892 2893/2893 2891/2891
f 2893/2893 2892/2892 2894/2894
f 2894/2894 2895/2895 2893/2893
f 2895/2895 2894/2894 2896/2896
f 2896/2896 2897/2897 2895/2895
f 2897/2897 2896/2896 2898/2898
f 2898/2898 2899/2899 2897/2897
f 3007/3007 2899/2899 2898/2898
f 3056/3056 3007/3007 2898/2898
f 2898/2898 3057/3057 3056/3056
f 3054/3054 3056/3056 3057/3057
f 3057/3057 3055/3055 3054/3054
f 3053/3053 3054/3054 3055/3055
f 3055/3055 3002/3002 3053/3053
f 3001/3001 3053/3053 3002/3002
f 2900/2900 2901/2901 2902/2902
f 2903/2903 2900/2900 2902/2902
f 2901/2901 2986/2986 2987/2987
f 2987/2987 2902/2902 2901/2901
f 2902/2902 2904/2904 2903/2903
f 2903/2903 2904/2904 2905/2905
f 2905/2905 2906/2906 2903/2903
f 2906/2906 2905/2905 2907/2907
f 2907/2907 2908/2908 2906/2906
f 2993/2993 2908/2908 2907/2907
f 2993/2993 2907/2907 2990/2990
f 2990/2990 2989/2989 2993/2993
f 2989/2989 2990/2990 2930/2930
f 2930/2930 2929/2929 2989/2989
f 2928/2928 2929/2929 2930/2930
f 2931/2931 2928/2928 2930/2930
f 2930/2930 2932/2932 2931/2931
f 2931/2931 2932/2932 2933/2933
f 2933/2933 2934/2934 2931/2931
f 2934/2934 2933/2933 2935/2935
f 2935/2935 2936/2936 2934/2934
f 2998/2998 2936/2936 2935/2935
f 2935/2935 2992/2992 2991/2991
f 2991/2991 2998/2998 2935/2935
f 2986/2986 2991/2991 2992/2992
f 2992/2992 2987/2987 2986/2986
f 2909/2909 2910/2910 2911/2911
f 2912/2912 2909/2909 2911/2911
f 2911/2911 2910/2910 2984/2984
f 2984/2984 2985/2985 2911/2911
f 2911/2911 2913/2913 2912/2912
f 2912/2912 2913/2913 2914/2914
f 2914/2914 2915/2915 2912/2912
f 2915/2915 2914/2914 2916/2916
f 2916/2916 2917/2917 2915/2915
f 2917/2917 2916/2916 2918/2918
f 2918/2918 2919/2919 2917/2917
f 2919/2919 2918/2918 2920/2920
f 2920/2920 2921/2921 2919/2919
f 2921/2921 2920/2920 2922/2922
f 2922/2922 2923/2923 2921/2921
f 2923/2923 2922/2922 2924/2924
f 2924/2924 2925/2925 2923/2923
f 2925/2925 2924/2924 2926/2926
f 2926/2926 2927/2927 2925/2925
f 2988/2988 2926/2926 2985/2985
f 2988/2988 2927/2927 2926/2926
f 2985/2985 2984/2984 2988/2988
f 2937/2937 2938/2938 2939/2939
f 2939/2939 2940/2940 2937/2937
f 2938/2938 2937/2937 3003/3003
f 3003/3003 3004/3004 2938/2938
f 2940/2940 2939/2939 2941/2941
f 2941/2941 2942/2942 2940/2940
f 2942/2942 2941/2941 2943/2943
f 2943/2943 2944/2944 2942/2942
f 2944/2944 2943/2943 2945/2945
f 2945/2945 2946/2946 2944/2944
f 2946/2946 2945/2945 2947/2947
f 2947/2947 2948/2948 2946/2946
f 2948/2948 2947/2947 2949/2949
f 2949/2949 2950/2950 2948/2948
f 2950/2950 2949/2949 2951/2951
f 2951/2951 2952/2952 2950/2950
f 3005/3005 2952/2952 2951/2951
f 2951/2951 3006/3006 3005/3005
f 2953/2953 2954/2954 2955/2955
f 2955/2955 2956/2956 2953/2953
f 2954/2954 2953/2953 2999/2999
f 2999/2999 3000/3000 2954/2954
f 2956/2956 2955/2955 2957/2957
f 2957/2957 2958/2958 2956/2956
f 2959/2959 2960/2960 2961/2961
f 2961/2961 2962/2962 2959/2959
f 2960/2960 2959/2959 2996/2996
f 2996/2996 2997/2997 2960/2960
f 2962/2962 2961/2961 2963/2963
f 2963/2963 2964/2964 2962/2962
f 2964/2964 2963/2963 2965/2965
f 2965/2965 2966/2966 2964/2964
f 2967/2967 2966/2966 2965/2965
f 2966/2966 2967/2967 2968/2968
f 2968/2968 2969/2969 2966/2966
f 2969/2969 2968/2968 2970/2970
f 2970/2970 2971/2971 2969/2969
f 2972/2972 2973/2973 2974/2974
f 2974/2974 2975/2975 2972/2972
f 2973/2973 2972/2972 3038/3038
f 2974/2974 2976/2976 2977/2977
f 2977/2977 2975/2975 2974/2974
f 2977/2977 2976/2976 3011/3011
f 3011/3011 3010/3010 2977/2977
f 3010/3010 3011/3011 3008/3008
f 3008/3008 3009/3009 3010/3010
f 2978/2978 2979/2979 2980/2980
f 2980/2980 2981/2981 2978/2978
f 2994/2994 2979/2979 2978/2978
f 2978/2978 2995/2995 2994/2994
f 2981/2981 2980/2980 2982/2982
f 2982/2982 2983/2983 2981/2981
f 3012/3012 3013/3013 3014/3014
f 3014/3014 3015/3015 3012/3012
f 3015/3015 3014/3014 3016/3016
f 3016/3016 3017/3017 3015/3015
f 3018/3018 3019/3019 3020/3020
f 3020/3020 3021/3021 3018/3018
f 3021/3021 3020/3020 3022/3022
f 3022/3022 3023/3023 3021/3021
f 3023/3023 3022/3022 3024/3024
f 3024/3024 3025/3025 3023/3023
f 3026/3026 3027/3027 3028/3028
f 3028/3028 3029/3029 3026/3026
f 3029/3029 3028/3028 3030/3030
f 3030/3030 3031/3031 3029/3029
f 3031/3031 3030/3030 3032/3032
f 3032/3032 3033/3033 3031/3031
f 3034/3034 3035/3035 3036/3036
f 3036/3036 3037/3037 3034/3034
f 3039/3039 3040/3040 3041/3041
f 3041/3041 3042/3042 3039/3039
f 3040/3040 3039/3039 3051/3051
f 3051/3051 3052/3052 3040/3040
f 3043/3043 3044/3044 3045/3045
f 3045/3045 3046/3046 3043/3043
f 3047/3047 3048/3048 3049/3049
f 3049/3049 3050/3050 3047/3047
f 3058/3058 3059/3059 3060/3060
f 3060/3060 3061/3061 3058/3058
f 3071/3071 3061/3061 3060/3060
f 3060/3060 3072/3072 3071/3071
f 3077/3077 3071/3071 3072/3072
f 3072/3072 3078/3078 3077/3077
f 3077/3077 3078/3078 3398/3398
f 3062/3062 3063/3063 3064/3064
f 3064/3064 3065/3065 3062/3062
f 3063/3063 3062/3062 3399/3399
f 3069/3069 3065/3065 3064/3064
f 3064/3064 3070/3070 3069/3069
f 3079/3079 3069/3069 3070/3070
f 3070/3070 3080/3080 3079/3079
f 3066/3066 3067/3067 3068/3068
f 3066/3066 3075/3075 3074/3074
f 3074/3074 3067/3067 3066/3066
f 3073/3073 3074/3074 3075/3075
f 3075/3075 3076/3076 3073/3073
f 3082/3082 3073/3073 3076/3076
f 3076/3076 3083/3083 3082/3082
f 3081/3081 3082/3082 3083/3083
f 3083/3083 3084/3084 3081/3081
f 3085/3085 3086/3086 3087/3087
f 3087/3087 3088/3088 3085/3085
f 3089/3089 3088/3088 3087/3087
f 3087/3087 3090/3090 3089/3089
f 3091/3091 3089/3089 3090/3090
f 3090/3090 3092/3092 3091/3091
f 3093/3093 3091/3091 3092/3092
f 3092/3092 3094/3094 3093/3093
f 3093/3093 3094/3094 3095/3095
f 3101/3101 3102/3102 3103/3103
f 3104/3104 3101/3101 3103/3103
f 3152/3152 3103/3103 3102/3102
f 3103/3103 3105/3105 3104/3104
f 3153/3153 3103/3103 3154/3154
f 3154/3154 3103/3103 3152/3152
f 3154/3154 3155/3155 3153/3153
f 3157/3157 3153/3153 3155/3155
f 3155/3155 3156/3156 3157/3157
f 3106/3106 3107/3107 3108/3108
f 3108/3108 3109/3109 3106/3106
f 3110/3110 3111/3111 3112/3112
f 3112/3112 3113/3113 3110/3110
f 3110/3110 3113/3113 3114/3114
f 3114/3114 3115/3115 3110/3110
f 3112/3112 3111/3111 3124/3124
f 3124/3124 3125/3125 3112/3112
f 3126/3126 3125/3125 3124/3124
f 3124/3124 3127/3127 3126/3126
f 3118/3118 3115/3115 3114/3114
f 3114/3114 3119/3119 3118/3118
f 3116/3116 3117/3117 3118/3118
f 3118/3118 3119/3119 3116/3116
f 3116/3116 3123/3123 3122/3122
f 3122/3122 3117/3117 3116/3116
f 3122/3122 3123/3123 3120/3120
f 3120/3120 3121/3121 3122/3122
f 3128/3128 3129/3129 3130/3130
f 3130/3130 3131/3131 3128/3128
f 3132/3132 3133/3133 3134/3134
f 3134/3134 3135/3135 3132/3132
f 3136/3136 3137/3137 3138/3138
f 3137/3137 3136/3136 3151/3151
f 3151/3151 3150/3150 3137/3137
f 3150/3150 3151/3151 3149/3149
f 3149/3149 3148/3148 3150/3150
f 3148/3148 3149/3149 3147/3147
f 3147/3147 3146/3146 3148/3148
f 3146/3146 3147/3147 3145/3145
f 3145/3145 3144/3144 3146/3146
f 3144/3144 3145/3145 3142/3142
f 3142/3142 3143/3143 3144/3144
f 3142/3142 3140/3140 3139/3139
f 3139/3139 3143/3143 3142/3142
f 3139/3139 3140/3140 3141/3141
f 3162/3162 3163/3163 3164/3164
f 3164/3164 3165/3165 3162/3162
f 3168/3168 3169/3169 3170/3170
f 3170/3170 3171/3171 3168/3168
f 3209/3209 3210/3210 3211/3211
f 3227/3227 3228/3228 3229/3229
f 3229/3229 3230/3230 3227/3227
f 3237/3237 3238/3238 3239/3239
f 3239/3239 3240/3240 3237/3237
f 3240/3240 3241/3241 3237/3237
f 3248/3248 3249/3249 3250/3250
f 3250/3250 3251/3251 3248/3248
f 3252/3252 3249/3249 3248/3248
f 3248/3248 3253/3253 3252/3252
f 3263/3263 3264/3264 3265/3265
f 3265/3265 3266/3266 3263/3263
f 3265/3265 3264/3264 3267/3267
f 3267/3267 3268/3268 3265/3265
f 3266/3266 3265/3265 3269/3269
f 3265/3265 3268/3268 3271/3271
f 3271/3271 3269/3269 3265/3265
f 3269/3269 3270/3270 3266/3266
f 3274/3274 3271/3271 3268/3268
f 3272/3272 3273/3273 3268/3268
f 3268/3268 3267/3267 3272/3272
f 3268/3268 3273/3273 3274/3274
f 3275/3275 3276/3276 3277/3277
f 3277/3277 3278/3278 3275/3275
f 3276/3276 3275/3275 3299/3299
f 3299/3299 3300/3300 3276/3276
f 3278/3278 3277/3277 3279/3279
f 3279/3279 3280/3280 3278/3278
f 3281/3281 3282/3282 3283/3283
f 3283/3283 3284/3284 3281/3281
f 3284/3284 3283/3283 3285/3285
f 3285/3285 3286/3286 3284/3284
f 3287/3287 3288/3288 3289/3289
f 3289/3289 3290/3290 3287/3287
f 3290/3290 3289/3289 3291/3291
f 3291/3291 3292/3292 3290/3290
f 3292/3292 3291/3291 3293/3293
f 3293/3293 3294/3294 3292/3292
f 3295/3295 3296/3296 3297/3297
f 3297/3297 3298/3298 3295/3295
f 3313/3313 3314/3314 3315/3315
f 3315/3315 3316/3316 3313/3313
f 3316/3316 3315/3315 3317/3317
f 3317/3317 3318/3318 3316/3316
f 3359/3359 3360/3360 3361/3361
f 3361/3361 3362/3362 3359/3359
f 3360/3360 3363/3363 3364/3364
f 3364/3364 3361/3361 3360/3360
f 3368/3368 3364/3364 3363/3363
f 3363/3363 3365/3365 3368/3368
f 3367/3367 3368/3368 3365/3365
f 3365/3365 3366/3366 3367/3367
f 3369/3369 3370/3370 3367/3367
f 3367/3367 3366/3366 3369/3369
f 3369/3369 3374/3374 3373/3373
f 3373/3373 3370/3370 3369/3369
f 3373/3373 3374/3374 3371/3371
f 3371/3371 3372/3372 3373/3373
f 3371/3371 3375/3375 3372/3372
f 3376/3376 3377/3377 3378/3378
f 3378/3378 3379/3379 3376/3376
f 3379/3379 3378/3378 3380/3380
f 3380/3380 3381/3381 3379/3379
f 3381/3381 3380/3380 3382/3382
f 3382/3382 3383/3383 3381/3381
f 3384/3384 3385/3385 3386/3386
f 3386/3386 3387/3387 3384/3384
f 3387/3387 3386/3386 3388/3388
f 3388/3388 3389/3389 3387/3387
f 3390/3390 3391/3391 3392/3392
f 3392/3392 3393/3393 3390/3390
f 3393/3393 3392/3392 3394/3394
f 3394/3394 3395/3395 3393/3393
f 3395/3395 3394/3394 3396/3396
f 3396/3396 3397/3397 3395/3395
f 3407/3407 3408/3408 3409/3409
f 3409/3409 3410/3410 3407/3407
f 3411/3411 3412/3412 3413/3413
f 3413/3413 3414/3414 3411/3411
f 3415/3415 3416/3416 3417/3417
f 3417/3417 3418/3418 3415/3415
f 3419/3419 3420/3420 3421/3421
f 3422/3422 3423/3423 3424/3424
f 3425/3425 3426/3426 3427/3427
f 3428/3428 3429/3429 3430/3430
f 3430/3430 3431/3431 3428/3428
f 3448/3448 3428/3428 3431/3431
f 3429/3429 3432/3432 3433/3433
f 3433/3433 3430/3430 3429/3429
f 3431/3431 3449/3449 3448/3448
f 3446/3446 3448/3448 3449/3449
f 3449/3449 3447/3447 3446/3446
f 3444/3444 3446/3446 3447/3447
f 3447/3447 3445/3445 3444/3444
f 3442/3442 3444/3444 3445/3445
f 3445/3445 3443/3443 3442/3442
f 3440/3440 3442/3442 3443/3443
f 3443/3443 3441/3441 3440/3440
f 3438/3438 3440/3440 3441/3441
f 3441/3441 3439/3439 3438/3438
f 3435/3435 3438/3438 3439/3439
f 3439/3439 3436/3436 3435/3435
f 3434/3434 3435/3435 3436/3436
f 3436/3436 3437/3437 3434/3434
f 3450/3450 3451/3451 3452/3452
f 3452/3452 3453/3453 3450/3450
f 3469/3469 3450/3450 3453/3453
f 3451/3451 3454/3454 3455/3455
f 3455/3455 3452/3452 3451/3451
f 3454/3454 3456/3456 3457/3457
f 3457/3457 3455/3455 3454/3454
f 3456/3456 3458/3458 3459/3459
f 3459/3459 3457/3457 3456/3456
f 3458/3458 3460/3460 3461/3461
f 3461/3461 3459/3459 3458/3458
f 3460/3460 3462/3462 3463/3463
f 3463/3463 3461/3461 3460/3460
f 3462/3462 3464/3464 3465/3465
f 3465/3465 3463/3463 3462/3462
f 3464/3464 3466/3466 3467/3467
f 3467/3467 3465/3465 3464/3464
f 3453/3453 3470/3470 3469/3469
f 3468/3468 3469/3469 3470/3470
f 3470/3470 3471/3471 3468/3468
f 3472/3472 3473/3473 3474/3474
f 3483/3483 3472/3472 3474/3474
f 3473/3473 3475/3475 3474/3474
f 3475/3475 3476/3476 3474/3474
f 3476/3476 3477/3477 3474/3474
f 3477/3477 3478/3478 3474/3474
f 3478/3478 3479/3479 3474/3474
f 3479/3479 3480/3480 3474/3474
f 3480/3480 3481/3481 3474/3474
f 3482/3482 3483/3483 3474/3474
f 3484/3484 3485/3485 3486/3486
f 3486/3486 3487/3487 3484/3484
f 3488/3488 3489/3489 3490/3490
f 3490/3490 3491/3491 3488/3488
f 3492/3492 3493/3493 3494/3494
f 3494/3494 3495/3495 3492/3492
f 3496/3496 3497/3497 3498/3498
f 3498/3498 3499/3499 3496/3496
f 3500/3500 3501/3501 3502/3502
f 3502/3502 3503/3503 3500/3500
f 3504/3504 3505/3505 3506/3506
f 3505/3505 3507/3507 3506/3506
f 3507/3507 3508/3508 3506/3506
f 3508/3508 3509/3509 3506/3506
f 3509/3509 3510/3510 3506/3506
f 3511/3511 3512/3512 3513/3513
f 3517/3517 3511/3511 3513/3513
f 3514/3514 3515/3515 3513/3513
f 3515/3515 3516/3516 3513/3513
f 3516/3516 3517/3517 3513/3513
f 3518/3518 3519/3519 3520/3520
f 3520/3520 3521/3521 3518/3518
f 3519/3519 3518/3518 3579/3579
f 3579/3579 3578/3578 3519/3519
f 3578/3578 3579/3579 3573/3573
f 3573/3573 3572/3572 3578/3578
f 3572/3572 3573/3573 3567/3567
f 3567/3567 3566/3566 3572/3572
f 3566/3566 3567/3567 3557/3557
f 3557/3557 3556/3556 3566/3566
f 3556/3556 3557/3557 3554/3554
f 3554/3554 3555/3555 3556/3556
f 3521/3521 3520/3520 3530/3530
f 3530/3530 3531/3531 3521/3521
f 3531/3531 3530/3530 3536/3536
f 3536/3536 3537/3537 3531/3531
f 3537/3537 3536/3536 3542/3542
f 3542/3542 3543/3543 3537/3537
f 3543/3543 3542/3542 3548/3548
f 3548/3548 3549/3549 3543/3543
f 3522/3522 3523/3523 3524/3524
f 3524/3524 3525/3525 3522/3522
f 3523/3523 3522/3522 3581/3581
f 3581/3581 3580/3580 3523/3523
f 3580/3580 3581/3581 3575/3575
f 3575/3575 3574/3574 3580/3580
f 3574/3574 3575/3575 3569/3569
f 3569/3569 3568/3568 3574/3574
f 3568/3568 3569/3569 3561/3561
f 3561/3561 3560/3560 3568/3568
f 3560/3560 3561/3561 3558/3558
f 3558/3558 3559/3559 3560/3560
f 3525/3525 3524/3524 3532/3532
f 3532/3532 3533/3533 3525/3525
f 3533/3533 3532/3532 3538/3538
f 3538/3538 3539/3539 3533/3533
f 3539/3539 3538/3538 3544/3544
f 3544/3544 3545/3545 3539/3539
f 3545/3545 3544/3544 3550/3550
f 3550/3550 3551/3551 3545/3545
f 3526/3526 3527/3527 3528/3528
f 3528/3528 3529/3529 3526/3526
f 3527/3527 3526/3526 3583/3583
f 3583/3583 3582/3582 3527/3527
f 3582/3582 3583/3583 3577/3577
f 3577/3577 3576/3576 3582/3582
f 3576/3576 3577/3577 3571/3571
f 3571/3571 3570/3570 3576/3576
f 3570/3570 3571/3571 3565/3565
f 3565/3565 3564/3564 3570/3570
f 3564/3564 3565/3565 3562/3562
f 3562/3562 3563/3563 3564/3564
f 3529/3529 3528/3528 3534/3534
f 3534/3534 3535/3535 3529/3529
f 3535/3535 3534/3534 3540/3540
f 3540/3540 3541/3541 3535/3535
f 3541/3541 3540/3540 3546/3546
f 3546/3546 3547/3547 3541/3541
f 3547/3547 3546/3546 3552/3552
f 3552/3552 3553/3553 3547/3547
f 3584/3584 3585/3585 3586/3586
f 3586/3586 3587/3587 3584/3584
f 3585/3585 3584/3584 3612/3612
f 3612/3612 3613/3613 3585/3585
f 3588/3588 3589/3589 3590/3590
f 3590/3590 3591/3591 3588/3588
f 3590/3590 3589/3589 3614/3614
f 3614/3614 3615/3615 3590/3590
f 3592/3592 3593/3593 3594/3594
f 3594/3594 3595/3595 3592/3592
f 3596/3596 3597/3597 3598/3598
f 3598/3598 3599/3599 3596/3596
f 3600/3600 3601/3601 3602/3602
f 3602/3602 3603/3603 3600/3600
f 3604/3604 3605/3605 3606/3606
f 3606/3606 3607/3607 3604/3604
f 3608/3608 3609/3609 3610/3610
f 3610/3610 3611/3611 3608/3608
f 3616/3616 3617/3617 3618/3618
f 3618/3618 3619/3619 3616/3616
f 3618/3618 3617/3617 3628/3628
f 3628/3628 3629/3629 3618/3618
f 3620/3620 3621/3621 3622/3622
f 3622/3622 3623/3623 3620/3620
f 3624/3624 3625/3625 3626/3626
f 3626/3626 3627/3627 3624/3624
f 3630/3630 3631/3631 3632/3632
f 3632/3632 3633/3633 3630/3630
f 3634/3634 3635/3635 3636/3636
f 3636/3636 3637/3637 3634/3634
f 3670/3670 3635/3635 3634/3634
f 3634/3634 3671/3671 3670/3670
f 3638/3638 3639/3639 3640/3640
f 3640/3640 3641/3641 3638/3638
f 3639/3639 3666/3666 3667/3667
f 3667/3667 3640/3640 3639/3639
f 3642/3642 3643/3643 3644/3644
f 3644/3644 3645/3645 3642/3642
f 3642/3642 3668/3668 3669/3669
f 3669/3669 3643/3643 3642/3642
f 3646/3646 3647/3647 3648/3648
f 3648/3648 3649/3649 3646/3646
f 3650/3650 3651/3651 3652/3652
f 3652/3652 3653/3653 3650/3650
f 3654/3654 3655/3655 3656/3656
f 3656/3656 3657/3657 3654/3654
f 3658/3658 3659/3659 3660/3660
f 3660/3660 3661/3661 3658/3658
f 3662/3662 3663/3663 3664/3664
f 3664/3664 3665/3665 3662/3662
f 3672/3672 3673/3673 3674/3674
f 3674/3674 3675/3675 3672/3672
f 3676/3676 3677/3677 3678/3678
f 3678/3678 3679/3679 3676/3676
f 3680/3680 3681/3681 3682/3682
f 3682/3682 3683/3683 3680/3680
f 3684/3684 3685/3685 3686/3686
f 3686/3686 3687/3687 3684/3684
f 3688/3688 3689/3689 3690/3690
f 3690/3690 3691/3691 3688/3688
f 3692/3692 3693/3693 3694/3694
f 3694/3694 3695/3695 3692/3692
f 3696/3696 3697/3697 3698/3698
f 3698/3698 3699/3699 3696/3696
f 3700/3700 3701/3701 3702/3702
f 3702/3702 3703/3703 3700/3700
f 3704/3704 3705/3705 3706/3706
f 3706/3706 3707/3707 3704/3704
f 3708/3708 3709/3709 3710/3710
f 3710/3710 3711/3711 3708/3708
f 3712/3712 3713/3713 3714/3714
f 3714/3714 3715/3715 3712/3712
f 3716/3716 3717/3717 3718/3718
f 3718/3718 3719/3719 3716/3716
f 3720/3720 3721/3721 3722/3722
f 3722/3722 3723/3723 3720/3720
f 3724/3724 3725/3725 3726/3726
f 3726/3726 3727/3727 3724/3724
f 3728/3728 3729/3729 3730/3730
f 3730/3730 3731/3731 3728/3728
f 3729/3729 3755/3755 3754/3754
f 3754/3754 3730/3730 3729/3729
f 3754/3754 3755/3755 3752/3752
f 3752/3752 3753/3753 3754/3754
f 3732/3732 3733/3733 3734/3734
f 3734/3734 3735/3735 3732/3732
f 3736/3736 3737/3737 3738/3738
f 3738/3738 3739/3739 3736/3736
f 3736/3736 3763/3763 3762/3762
f 3762/3762 3737/3737 3736/3736
f 3737/3737 3762/3762 3776/3776
f 3776/3776 3777/3777 3737/3737
f 3760/3760 3761/3761 3762/3762
f 3762/3762 3763/3763 3760/3760
f 3740/3740 3741/3741 3742/3742
f 3742/3742 3743/3743 3740/3740
f 3744/3744 3745/3745 3746/3746
f 3746/3746 3747/3747 3744/3744
f 3744/3744 3767/3767 3766/3766
f 3766/3766 3745/3745 3744/3744
f 3766/3766 3767/3767 3764/3764
f 3764/3764 3765/3765 3766/3766
f 3748/3748 3749/3749 3750/3750
f 3750/3750 3751/3751 3748/3748
f 3756/3756 3757/3757 3758/3758
f 3758/3758 3759/3759 3756/3756
f 3768/3768 3769/3769 3770/3770
f 3770/3770 3771/3771 3768/3768
f 3772/3772 3773/3773 3774/3774
f 3774/3774 3775/3775 3772/3772
f 3778/3778 3779/3779 3780/3780
f 3780/3780 3781/3781 3778/3778
f 3782/3782 3783/3783 3784/3784
f 3784/3784 3785/3785 3782/3782
f 3786/3786 3787/3787 3788/3788
f 3788/3788 3789/3789 3786/3786
f 3790/3790 3791/3791 3792/3792
f 3792/3792 3793/3793 3790/3790
f 3794/3794 3795/3795 3796/3796
f 3796/3796 3797/3797 3794/3794
f 3798/3798 3799/3799 3800/3800
f 3800/3800 3801/3801 3798/3798
f 3802/3802 3803/3803 3804/3804
f 3804/3804 3805/3805 3802/3802
f 3803/3803 3829/3829 3828/3828
f 3828/3828 3804/3804 3803/3803
f 3828/3828 3829/3829 3826/3826
f 3826/3826 3827/3827 3828/3828
f 3806/3806 3807/3807 3808/3808
f 3808/3808 3809/3809 3806/3806
f 3810/3810 3811/3811 3812/3812
f 3812/3812 3813/3813 3810/3810
f 3810/3810 3837/3837 3836/3836
f 3836/3836 3811/3811 3810/3810
f 3811/3811 3836/3836 3850/3850
f 3850/3850 3851/3851 3811/3811
f 3834/3834 3835/3835 3836/3836
f 3836/3836 3837/3837 3834/3834
f 3814/3814 3815/3815 3816/3816
f 3816/3816 3817/3817 3814/3814
f 3818/3818 3819/3819 3820/3820
f 3820/3820 3821/3821 3818/3818
f 3818/3818 3841/3841 3840/3840
f 3840/3840 3819/3819 3818/3818
f 3840/3840 3841/3841 3838/3838
f 3838/3838 3839/3839 3840/3840
f 3822/3822 3823/3823 3824/3824
f 3824/3824 3825/3825 3822/3822
f 3830/3830 3831/3831 3832/3832
f 3832/3832 3833/3833 3830/3830
f 3842/3842 3843/3843 3844/3844
f 3844/3844 3845/3845 3842/3842
f 3846/3846 3847/3847 3848/3848
f 3848/3848 3849/3849 3846/3846
f 3852/3852 3853/3853 3854/3854
f 3854/3854 3855/3855 3852/3852
f 3856/3856 3857/3857 3858/3858
f 3858/3858 3859/3859 3856/3856
f 3856/3856 3859/3859 3864/3864
f 3864/3864 3865/3865 3856/3856
f 3860/3860 3861/3861 3862/3862
f 3862/3862 3863/3863 3860/3860
f 3866/3866 3867/3867 3868/3868
f 3868/3868 3869/3869 3866/3866
f 3870/3870 3871/3871 3872/3872
f 3872/3872 3873/3873 3870/3870
f 3874/3874 3875/3875 3876/3876
f 3876/3876 3877/3877 3874/3874
f 3875/3875 3900/3900 3901/3901
f 3901/3901 3876/3876 3875/3875
f 3900/3900 3919/3919 3918/3918
f 3918/3918 3901/3901 3900/3900
f 3918/3918 3919/3919 3916/3916
f 3916/3916 3917/3917 3918/3918
f 3878/3878 3879/3879 3880/3880
f 3880/3880 3881/3881 3878/3878
f 3882/3882 3883/3883 3884/3884
f 3884/3884 3885/3885 3882/3882
f 3884/3884 3883/3883 3902/3902
f 3902/3902 3903/3903 3884/3884
f 3903/3903 3902/3902 3922/3922
f 3922/3922 3923/3923 3903/3903
f 3886/3886 3887/3887 3888/3888
f 3888/3888 3889/3889 3886/3886
f 3890/3890 3891/3891 3892/3892
f 3892/3892 3893/3893 3890/3890
f 3899/3899 3890/3890 3893/3893
f 3893/3893 3898/3898 3899/3899
f 3921/3921 3899/3899 3898/3898
f 3898/3898 3920/3920 3921/3921
f 3894/3894 3895/3895 3896/3896
f 3896/3896 3897/3897 3894/3894
f 3897/3897 3896/3896 3912/3912
f 3912/3912 3915/3915 3897/3897
f 3912/3912 3913/3913 3914/3914
f 3914/3914 3915/3915 3912/3912
f 3904/3904 3905/3905 3906/3906
f 3906/3906 3907/3907 3904/3904
f 3908/3908 3909/3909 3910/3910
f 3910/3910 3911/3911 3908/3908
f 3924/3924 3925/3925 3926/3926
f 3930/3930 3929/3929 3924/3924
f 3924/3924 3926/3926 3930/3930
f 3926/3926 3925/3925 3960/3960
f 3925/3925 3958/3958 3960/3960
f 3958/3958 3957/3957 3960/3960
f 3957/3957 3958/3958 3955/3955
f 3958/3958 3966/3966 3963/3963
f 3963/3963 3955/3955 3958/3958
f 3955/3955 3959/3959 3957/3957
f 3959/3959 3955/3955 3962/3962
f 3955/3955 3954/3954 3962/3962
f 3954/3954 3955/3955 3956/3956
f 4031/4031 4032/4032 3956/3956
f 3955/3955 4031/4031 3956/3956
f 3955/3955 3965/3965 4031/4031
f 4033/4033 4031/4031 3965/3965
f 3965/3965 4030/4030 4033/4033
f 3965/3965 3952/3952 4030/4030
f 3952/3952 3961/3961 4030/4030
f 3952/3952 3948/3948 3951/3951
f 3951/3951 3953/3953 3952/3952
f 3961/3961 3952/3952 3953/3953
f 3965/3965 3974/3974 3952/3952
f 3948/3948 3949/3949 3950/3950
f 3950/3950 3951/3951 3948/3948
f 3965/3965 3971/3971 3974/3974
f 3964/3964 3970/3970 3971/3971
f 3971/3971 3965/3965 3964/3964
f 4086/4086 3970/3970 3964/3964
f 3964/3964 4082/4082 4086/4086
f 4082/4082 4087/4087 4086/4086
f 4082/4082 4071/4071 4087/4087
f 4070/4070 4069/4069 4071/4071
f 4071/4071 4072/4072 4070/4070
f 4080/4080 4072/4072 4071/4071
f 4082/4082 4139/4139 4071/4071
f 4071/4071 4139/4139 4080/4080
f 4069/4069 4070/4070 4067/4067
f 4067/4067 4068/4068 4069/4069
f 4142/4142 4139/4139 4082/4082
f 4082/4082 4140/4140 4142/4142
f 4075/4075 4140/4140 4082/4082
f 4140/4140 4074/4074 4141/4141
f 4075/4075 4074/4074 4140/4140
f 4075/4075 4082/4082 3964/3964
f 3955/3955 3963/3963 3964/3964
f 3964/3964 3965/3965 3955/3955
f 3964/3964 3963/3963 4075/4075
f 4078/4078 4075/4075 3963/3963
f 3963/3963 3966/3966 4078/4078
f 4075/4075 4078/4078 4076/4076
f 4045/4045 4079/4079 4078/4078
f 4078/4078 4079/4079 4076/4076
f 4076/4076 4077/4077 4075/4075
f 4077/4077 4081/4081 4075/4075
f 4073/4073 4074/4074 4075/4075
f 4075/4075 4081/4081 4073/4073
f 4044/4044 4079/4079 4045/4045
f 4043/4043 4044/4044 4045/4045
f 4047/4047 4044/4044 4043/4043
f 4043/4043 4048/4048 4047/4047
f 4046/4046 4047/4047 4048/4048
f 4048/4048 4049/4049 4046/4046
f 3929/3929 3930/3930 3927/3927
f 3927/3927 3928/3928 3929/3929
f 3931/3931 3932/3932 3933/3933
f 3934/3934 3935/3935 3936/3936
f 3936/3936 3937/3937 3934/3934
f 3935/3935 3934/3934 3938/3938
f 3938/3938 3939/3939 3935/3935
f 3940/3940 3941/3941 3942/3942
f 3942/3942 3943/3943 3940/3940
f 3945/3945 3940/3940 3943/3943
f 3943/3943 3946/3946 3945/3945
f 3944/3944 3945/3945 3946/3946
f 3946/3946 3947/3947 3944/3944
f 3967/3967 3968/3968 3969/3969
f 3969/3969 4023/4023 3967/3967
f 3968/3968 3972/3972 3973/3973
f 3973/3973 3969/3969 3968/3968
f 4022/4022 4023/4023 3969/3969
f 3973/3973 3972/3972 4085/4085
f 4085/4085 4084/4084 3973/3973
f 4083/4083 4084/4084 4085/4085
f 4131/4131 4084/4084 4132/4132
f 4084/4084 4083/4083 4132/4132
f 3975/3975 3976/3976 3977/3977
f 3983/3983 3976/3976 3975/3975
f 3977/3977 3976/3976 3978/3978
f 3978/3978 3979/3979 3977/3977
f 3981/3981 3980/3980 3978/3978
f 3976/3976 3981/3981 3978/3978
f 3980/3980 3981/3981 3982/3982
f 3982/3982 3981/3981 3984/3984
f 3984/3984 3981/3981 3985/3985
f 4024/4024 4025/4025 3985/3985
f 3985/3985 4041/4041 4024/4024
f 4042/4042 4041/4041 3985/3985
f 3985/3985 3981/3981 4042/4042
f 4096/4096 4150/4150 4042/4042
f 4042/4042 3981/3981 4096/4096
f 4095/4095 4096/4096 3981/3981
f 4133/4133 4096/4096 4134/4134
f 4096/4096 4133/4133 4150/4150
f 4093/4093 4095/4095 3981/3981
f 4092/4092 4093/4093 3981/3981
f 3981/3981 4091/4091 4092/4092
f 3976/3976 4091/4091 3981/3981
f 4089/4089 4090/4090 4091/4091
f 4091/4091 3976/3976 4089/4089
f 4088/4088 4089/4089 3976/3976
f 4094/4094 4088/4088 3976/3976
f 3986/3986 3987/3987 3988/3988
f 3987/3987 3986/3986 4035/4035
f 3987/3987 4034/4034 3988/3988
f 3990/3990 4021/4021 3987/3987
f 3987/3987 3991/3991 3990/3990
f 3987/3987 4026/4026 3991/3991
f 3987/3987 4035/4035 4026/4026
f 4097/4097 4098/4098 3987/3987
f 4101/4101 4100/4100 3987/3987
f 3987/3987 4021/4021 4101/4101
f 3987/3987 4100/4100 4135/4135
f 3987/3987 4098/4098 4143/4143
f 3987/3987 4144/4144 4097/4097
f 3987/3987 4135/4135 4144/4144
f 4099/4099 4100/4100 4101/4101
f 4100/4100 4099/4099 4148/4148
f 3989/3989 3990/3990 3991/3991
f 3991/3991 4039/4039 3989/3989
f 3992/3992 3993/3993 3994/3994
f 3994/3994 3995/3995 3992/3992
f 3993/3993 3992/3992 3996/3996
f 3996/3996 3997/3997 3993/3993
f 3998/3998 3999/3999 4000/4000
f 4000/4000 4001/4001 3998/3998
f 4005/4005 4004/4004 3998/3998
f 3998/3998 4001/4001 4005/4005
f 4004/4004 4005/4005 4002/4002
f 4002/4002 4003/4003 4004/4004
f 4006/4006 4007/4007 4008/4008
f 4008/4008 4040/4040 4006/4006
f 4008/4008 4012/4012 4011/4011
f 4011/4011 4040/4040 4008/4008
f 4011/4011 4012/4012 4009/4009
f 4009/4009 4010/4010 4011/4011
f 4009/4009 4036/4036 4037/4037
f 4009/4009 4037/4037 4038/4038
f 4009/4009 4038/4038 4010/4010
f 4013/4013 4014/4014 4015/4015
f 4015/4015 4016/4016 4013/4013
f 4013/4013 4016/4016 4020/4020
f 4020/4020 4019/4019 4013/4013
f 4019/4019 4020/4020 4017/4017
f 4017/4017 4018/4018 4019/4019
f 4027/4027 4028/4028 4029/4029
f 4050/4050 4051/4051 4052/4052
f 4053/4053 4054/4054 4055/4055
f 4055/4055 4056/4056 4053/4053
f 4057/4057 4053/4053 4056/4056
f 4056/4056 4058/4058 4057/4057
f 4059/4059 4060/4060 4061/4061
f 4061/4061 4062/4062 4059/4059
f 4062/4062 4061/4061 4064/4064
f 4064/4064 4063/4063 4062/4062
f 4063/4063 4064/4064 4065/4065
f 4065/4065 4066/4066 4063/4063
f 4102/4102 4103/4103 4104/4104
f 4104/4104 4105/4105 4102/4102
f 4106/4106 4102/4102 4105/4105
f 4105/4105 4107/4107 4106/4106
f 4108/4108 4109/4109 4110/4110
f 4110/4110 4111/4111 4108/4108
f 4108/4108 4114/4114 4113/4113
f 4113/4113 4109/4109 4108/4108
f 4112/4112 4113/4113 4114/4114
f 4114/4114 4115/4115 4112/4112
f 4116/4116 4117/4117 4118/4118
f 4117/4117 4116/4116 4149/4149
f 4117/4117 4149/4149 4121/4121
f 4121/4121 4120/4120 4117/4117
f 4119/4119 4120/4120 4121/4121
f 4121/4121 4122/4122 4119/4119
f 4119/4119 4145/4145 4146/4146
f 4119/4119 4147/4147 4145/4145
f 4119/4119 4122/4122 4147/4147
f 4123/4123 4124/4124 4125/4125
f 4125/4125 4126/4126 4123/4123
f 4128/4128 4126/4126 4125/4125
f 4125/4125 4129/4129 4128/4128
f 4127/4127 4128/4128 4129/4129
f 4129/4129 4130/4130 4127/4127
f 4136/4136 4137/4137 4138/4138
f 4151/4151 4152/4152 4153/4153
f 4191/4191 4151/4151 4153/4153
f 4151/4151 4189/4189 4190/4190
f 4190/4190 4152/4152 4151/4151
f 4164/4164 4152/4152 4190/4190
f 4188/4188 4153/4153 4152/4152
f 4152/4152 4164/4164 4188/4188
f 4153/4153 4192/4192 4191/4191
f 4153/4153 4188/4188 4159/4159
f 4159/4159 4192/4192 4153/4153
f 4191/4191 4192/4192 4159/4159
f 4158/4158 4191/4191 4159/4159
f 4158/4158 4159/4159 4160/4160
f 4160/4160 4159/4159 4188/4188
f 4188/4188 4187/4187 4160/4160
f 4187/4187 4188/4188 4164/4164
f 4160/4160 4187/4187 4170/4170
f 4169/4169 4158/4158 4160/4160
f 4160/4160 4170/4170 4169/4169
f 4170/4170 4187/4187 4173/4173
f 4164/4164 4163/4163 4187/4187
f 4163/4163 4173/4173 4187/4187
f 4169/4169 4170/4170 4171/4171
f 4173/4173 4171/4171 4170/4170
f 4171/4171 4172/4172 4169/4169
f 4171/4171 4173/4173 4174/4174
f 4172/4172 4171/4171 4180/4180
f 4171/4171 4174/4174 4182/4182
f 4182/4182 4180/4180 4171/4171
f 4180/4180 4181/4181 4172/4172
f 4177/4177 4174/4174 4175/4175
f 4173/4173 4175/4175 4174/4174
f 4175/4175 4176/4176 4177/4177
f 4175/4175 4156/4156 4155/4155
f 4155/4155 4176/4176 4175/4175
f 4162/4162 4175/4175 4173/4173
f 4175/4175 4162/4162 4194/4194
f 4194/4194 4156/4156 4175/4175
f 4154/4154 4155/4155 4156/4156
f 4156/4156 4157/4157 4154/4154
f 4157/4157 4156/4156 4194/4194
f 4193/4193 4194/4194 4162/4162
f 4194/4194 4193/4193 4157/4157
f 4161/4161 4162/4162 4163/4163
f 4162/4162 4161/4161 4193/4193
f 4173/4173 4163/4163 4162/4162
f 4157/4157 4193/4193 4161/4161
f 4189/4189 4154/4154 4157/4157
f 4157/4157 4190/4190 4189/4189
f 4161/4161 4190/4190 4157/4157
f 4163/4163 4164/4164 4161/4161
f 4190/4190 4161/4161 4164/4164
f 4165/4165 4166/4166 4167/4167
f 4167/4167 4168/4168 4165/4165
f 4168/4168 4195/4195 4165/4165
f 4196/4196 4166/4166 4165/4165
f 4168/4168 4167/4167 4178/4178
f 4178/4178 4179/4179 4168/4168
f 4183/4183 4184/4184 4185/4185
f 4185/4185 4186/4186 4183/4183
f 4197/4197 4198/4198 4199/4199
f 4199/4199 4200/4200 4197/4197
f 4198/4198 4197/4197 4232/4232
f 4232/4232 4233/4233 4198/4198
f 4233/4233 4234/4234 4198/4198
f 4201/4201 4202/4202 4203/4203
f 4203/4203 4204/4204 4201/4201
f 4215/4215 4201/4201 4204/4204
f 4202/4202 4205/4205 4206/4206
f 4206/4206 4203/4203 4202/4202
f 4205/4205 4207/4207 4208/4208
f 4208/4208 4206/4206 4205/4205
f 4207/4207 4209/4209 4210/4210
f 4210/4210 4208/4208 4207/4207
f 4209/4209 4211/4211 4212/4212
f 4212/4212 4210/4210 4209/4209
f 4211/4211 4213/4213 4214/4214
f 4214/4214 4212/4212 4211/4211
f 4213/4213 4215/4215 4216/4216
f 4216/4216 4214/4214 4213/4213
f 4204/4204 4216/4216 4215/4215
f 4217/4217 4218/4218 4219/4219
f 4219/4219 4220/4220 4217/4217
f 4230/4230 4217/4217 4220/4220
f 4218/4218 4221/4221 4222/4222
f 4222/4222 4219/4219 4218/4218
f 4221/4221 4223/4223 4224/4224
f 4224/4224 4222/4222 4221/4221
f 4223/4223 4225/4225 4224/4224
f 4227/4227 4224/4224 4225/4225
f 4225/4225 4226/4226 4227/4227
f 4229/4229 4227/4227 4226/4226
f 4226/4226 4228/4228 4229/4229
f 4231/4231 4229/4229 4228/4228
f 4228/4228 4230/4230 4231/4231
f 4220/4220 4231/4231 4230/4230
f 4235/4235 4236/4236 4237/4237
f 4236/4236 4235/4235 4244/4244
f 4235/4235 4237/4237 4275/4275
f 4275/4275 4274/4274 4235/4235
f 4275/4275 4237/4237 4246/4246
f 4273/4273 4246/4246 4237/4237
f 4237/4237 4236/4236 4273/4273
f 4274/4274 4275/4275 4239/4239
f 4246/4246 4245/4245 4275/4275
f 4239/4239 4275/4275 4245/4245
f 4239/4239 4238/4238 4274/4274
f 4238/4238 4239/4239 4240/4240
f 4245/4245 4278/4278 4239/4239
f 4239/4239 4278/4278 4277/4277
f 4277/4277 4240/4240 4239/4239
f 4245/4245 4246/4246 4247/4247
f 4247/4247 4248/4248 4245/4245
f 4278/4278 4245/4245 4248/4248
f 4248/4248 4277/4277 4278/4278
f 4259/4259 4240/4240 4277/4277
f 4277/4277 4248/4248 4259/4259
f 4240/4240 4241/4241 4238/4238
f 4241/4241 4240/4240 4259/4259
f 4259/4259 4257/4257 4260/4260
f 4260/4260 4261/4261 4259/4259
f 4258/4258 4257/4257 4259/4259
f 4259/4259 4261/4261 4241/4241
f 4258/4258 4259/4259 4248/4248
f 4248/4248 4247/4247 4258/4258
f 4271/4271 4247/4247 4246/4246
f 4247/4247 4271/4271 4258/4258
f 4255/4255 4257/4257 4258/4258
f 4256/4256 4255/4255 4258/4258
f 4258/4258 4271/4271 4256/4256
f 4266/4266 4257/4257 4255/4255
f 4253/4253 4254/4254 4255/4255
f 4255/4255 4256/4256 4253/4253
f 4265/4265 4255/4255 4254/4254
f 4255/4255 4265/4265 4266/4266
f 4272/4272 4256/4256 4271/4271
f 4253/4253 4256/4256 4272/4272
f 4272/4272 4242/4242 4253/4253
f 4272/4272 4271/4271 4273/4273
f 4273/4273 4243/4243 4272/4272
f 4242/4242 4272/4272 4243/4243
f 4242/4242 4243/4243 4244/4244
f 4236/4236 4276/4276 4243/4243
f 4243/4243 4273/4273 4236/4236
f 4243/4243 4276/4276 4244/4244
f 4246/4246 4273/4273 4271/4271
f 4244/4244 4276/4276 4236/4236
f 4254/4254 4264/4264 4265/4265
f 4249/4249 4250/4250 4251/4251
f 4251/4251 4252/4252 4249/4249
f 4250/4250 4249/4249 4279/4279
f 4280/4280 4249/4249 4252/4252
f 4250/4250 4262/4262 4263/4263
f 4263/4263 4251/4251 4250/4250
f 4267/4267 4268/4268 4269/4269
f 4269/4269 4270/4270 4267/4267
f 4281/4281 4282/4282 4283/4283
f 4283/4283 4284/4284 4281/4281
f 4282/4282 4316/4316 4317/4317
f 4317/4317 4283/4283 4282/4282
f 4316/4316 4282/4282 4318/4318
f 4285/4285 4286/4286 4287/4287
f 4287/4287 4288/4288 4285/4285
f 4286/4286 4285/4285 4300/4300
f 4300/4300 4299/4299 4286/4286
f 4299/4299 4300/4300 4298/4298
f 4298/4298 4297/4297 4299/4299
f 4297/4297 4298/4298 4296/4296
f 4296/4296 4295/4295 4297/4297
f 4295/4295 4296/4296 4294/4294
f 4294/4294 4293/4293 4295/4295
f 4293/4293 4294/4294 4292/4292
f 4292/4292 4291/4291 4293/4293
f 4291/4291 4292/4292 4290/4290
f 4290/4290 4289/4289 4291/4291
f 4289/4289 4290/4290 4288/4288
f 4288/4288 4287/4287 4289/4289
f 4301/4301 4302/4302 4303/4303
f 4303/4303 4304/4304 4301/4301
f 4302/4302 4301/4301 4315/4315
f 4315/4315 4314/4314 4302/4302
f 4314/4314 4315/4315 4313/4313
f 4313/4313 4312/4312 4314/4314
f 4312/4312 4313/4313 4311/4311
f 4311/4311 4310/4310 4312/4312
f 4310/4310 4311/4311 4309/4309
f 4309/4309 4307/4307 4310/4310
f 4308/4308 4307/4307 4309/4309
f 4306/4306 4305/4305 4307/4307
f 4307/4307 4308/4308 4306/4306
f 4305/4305 4306/4306 4304/4304
f 4304/4304 4303/4303 4305/4305
f 4319/4319 4320/4320 4321/4321
f 4321/4321 4322/4322 4319/4319
f 4323/4323 4324/4324 4325/4325
f 4325/4325 4326/4326 4323/4323
f 4324/4324 4323/4323 4327/4327
f 4327/4327 4328/4328 4324/4324
f 4329/4329 4330/4330 4331/4331
f 4344/4344 4329/4329 4331/4331
f 4343/4343 4344/4344 4331/4331
f 4343/4343 4395/4395 4344/4344
f 4350/4350 4343/4343 4351/4351
f 4343/4343 4350/4350 4395/4395
f 4332/4332 4333/4333 4334/4334
f 4332/4332 4334/4334 4399/4399
f 4332/4332 4399/4399 4346/4346
f 4345/4345 4332/4332 4346/4346
f 4345/4345 4346/4346 4347/4347
f 4345/4345 4347/4347 4352/4352
f 4335/4335 4336/4336 4337/4337
f 4337/4337 4338/4338 4335/4335
f 4339/4339 4340/4340 4341/4341
f 4341/4341 4342/4342 4339/4339
f 4340/4340 4348/4348 4349/4349
f 4349/4349 4341/4341 4340/4340
f 4353/4353 4354/4354 4355/4355
f 4355/4355 4356/4356 4353/4353
f 4357/4357 4358/4358 4359/4359
f 4359/4359 4360/4360 4357/4357
f 4361/4361 4362/4362 4363/4363
f 4363/4363 4364/4364 4361/4361
f 4362/4362 4361/4361 4365/4365
f 4365/4365 4366/4366 4362/4362
f 4367/4367 4368/4368 4369/4369
f 4382/4382 4367/4367 4369/4369
f 4381/4381 4382/4382 4369/4369
f 4381/4381 4396/4396 4382/4382
f 4388/4388 4381/4381 4389/4389
f 4381/4381 4388/4388 4396/4396
f 4370/4370 4371/4371 4372/4372
f 4370/4370 4372/4372 4400/4400
f 4370/4370 4400/4400 4384/4384
f 4383/4383 4370/4370 4384/4384
f 4383/4383 4384/4384 4385/4385
f 4383/4383 4385/4385 4390/4390
f 4373/4373 4374/4374 4375/4375
f 4375/4375 4376/4376 4373/4373
f 4377/4377 4378/4378 4379/4379
f 4379/4379 4380/4380 4377/4377
f 4378/4378 4386/4386 4387/4387
f 4387/4387 4379/4379 4378/4378
f 4391/4391 4392/4392 4393/4393
f 4393/4393 4394/4394 4391/4391
o hatchback-body
usemtl glass-9
v 0.4805112 1.3639999 0.2499921
v 0.3946016 1.4132444 0.1564780
v 0.2126874 1.4139078 0.2893523
v 0.2910667 1.3658768 0.4012886
v 0.6305389 1.3607255 0.0900237
v 0.5461132 1.4090064 0.0149342
v 0.6840174 1.3543450 -0.0028427
v 0.6008349 1.4027637 -0.0752046
v 0.7066148 1.2176256 0.4901015
v 0.4789917 1.2204247 0.6696740
v 0.7047659 1.0329517 0.9921126
v 0.9686399 1.0329561 0.7672285
v 1.1351110 1.0329810 0.5414585
v 0.8685880 1.2081597 0.3014390
v 0.9191944 1.1987396 0.1977530
v 1.1619218 1.0339322 0.4031938
v 0.0256087 1.4132444 0.4148498
v 0.0840999 1.3639999 0.5275623
v -0.1592193 1.4090064 0.5088134
v -0.1175333 1.3607255 0.6138295
v -0.2626382 1.4027637 0.5294054
v -0.2230898 1.3543450 0.6323210
v 0.2323969 1.2176256 0.8221524
v 0.4031936 1.0329561 1.1631585
v 0.1341027 1.0329810 1.2423723
v -0.0002856 1.2081597 0.9098305
v -0.1150270 1.1987396 0.9219225
v -0.0049935 1.0339323 1.2202764
v -0.2816744 1.2339991 -1.5247447
v -0.2290894 1.3593688 -1.3472719
v -0.1473025 1.2341634 -1.3627557
v 0.2403301 1.4023720 -0.6611349
v 0.3405723 1.2128652 -0.7022675
v 0.1792373 1.2200042 -0.9251925
v 0.1148908 1.4047530 -0.8362530
v 0.6544258 1.3347000 -0.1072784
v 0.8723868 1.1813662 0.0645457
v 0.7437469 1.1945612 -0.1233521
v -0.0876981 1.3961690 -1.1235923
v -0.0344134 1.2292955 -1.2127638
v -0.1944395 1.0716163 -1.5523166
v -0.2353974 1.0852879 -1.5947313
v -0.2370986 1.1506776 -1.5444749
v 0.9605809 1.1161418 0.1342463
v 0.2247828 1.0511831 -0.9969668
v 0.0053963 1.0622146 -1.2918043
v -0.0111803 1.1423892 -1.2545225
v 0.2051585 1.1341920 -0.9628006
v -0.0592595 1.0653402 -1.3772635
v -0.0873016 1.1452426 -1.3555121
v -0.2766484 1.1515581 -1.5912933
v -0.2846754 1.1909536 -1.5666502
v -0.1237624 1.1465980 -1.4032612
v -0.2563490 1.1107186 -1.6002712
v -0.2089795 1.3819036 -1.3022596
v 0.4646514 1.3908305 -0.3395062
v 0.5697024 1.3747395 -0.1991255
v 0.5587254 1.2029859 -0.3901860
v 0.8361989 1.0198718 -0.1368128
v 0.5331011 1.0355073 -0.5680106
v 0.4178258 1.0414080 -0.7300704
v 0.4321242 1.2087504 -0.5727676
v 0.3061659 1.3999382 -0.5678489
v -0.1595899 1.3907786 -1.2291571
v -0.1097517 1.2325443 -1.3128631
v -0.1082604 1.0676657 -1.4414213
v -0.1980257 1.3846265 -1.2859621
v -1.3229241 1.2339992 -0.7956541
v -1.2166625 1.2341636 -0.6139820
v -1.1741396 1.3593689 -0.6855408
v -0.9171706 1.2200043 -0.1574799
v -0.7628692 1.2128653 0.0703705
v -0.6899323 1.4023720 -0.0097580
v -0.8115871 1.4047530 -0.1875268
v -0.3111068 1.3347000 0.5687945
v -0.3567606 1.1945612 0.6472315
v -0.2241919 1.1813662 0.8323786
v -1.0123079 1.3961690 -0.4761736
v -1.1143264 1.2292955 -0.4566008
v -1.3786694 1.0716165 -0.7231098
v -1.3567102 1.1506779 -0.7605143
v -1.4045180 1.0852883 -0.7761044
v -0.1888591 1.1161420 0.9390925
v -1.1615130 1.1423892 -0.4490507
v -1.2022158 1.0622149 -0.4462254
v -1.0001938 1.0511831 -0.1392291
v -0.9613759 1.1341921 -0.1459842
v -1.2303768 1.1452430 -0.5551222
v -1.2604078 1.0653406 -0.5362106
v -1.3871786 1.1515585 -0.8136918
v -1.3612761 1.1909537 -0.8128063
v -1.2627764 1.1465982 -0.6057149
v -1.4025574 1.1107188 -0.7976869
v -1.1387197 1.3819036 -0.6512484
v -0.4644226 1.3908305 0.3110387
v -0.5442215 1.2029859 0.3821056
v -0.3684373 1.3747395 0.4577673
v -0.7025580 1.0355074 0.2972070
v -0.4010299 1.0198718 0.7295040
v -0.8154177 1.0414082 0.1334557
v -0.6724918 1.2087505 0.2006929
v -0.6247894 1.3999382 0.0840131
v -1.0869181 1.3907786 -0.5798350
v -1.1826219 1.2325443 -0.5616313
v -1.3039365 1.0676658 -0.6041990
v -1.1271518 1.3846265 -0.6353811
v -0.5197377 1.0565377 -1.8773001
v -0.5453798 1.0566038 -1.8889195
v -0.5448225 1.0843584 -1.8722928
v -0.4994955 1.0837436 -1.8454856
v -0.6440629 1.0843183 -1.8547744
v -0.6439777 1.0567189 -1.8704045
v -0.8559243 1.0567966 -1.7704346
v -0.8529194 1.0843182 -1.7571260
v -0.5468586 1.3417111 -1.6656326
v -0.4949064 1.3426857 -1.6342580
v -0.4940609 1.2292485 -1.7264420
v -0.5510680 1.2304172 -1.7624773
v -0.6420118 1.2299329 -1.7506678
v -0.8303731 1.2299328 -1.6673703
v -0.8042314 1.3407877 -1.5858823
v -0.6315118 1.3407880 -1.6582274
v -1.1092917 1.0843183 -1.5986297
v -1.0597028 1.2299328 -1.5278092
v -1.0128151 1.3407877 -1.4608468
v -0.7929108 1.3749672 -1.5539985
v -0.6260406 1.3749075 -1.6224918
v -0.5451719 1.3761973 -1.6281761
v -0.9940840 1.3749722 -1.4340959
v -0.5111726 1.3638871 -1.6213599
v -1.1165030 1.0568354 -1.6089287
v -1.5727958 1.0565378 -1.1399409
v -1.5498236 1.0837438 -1.1100384
v -1.5595109 1.0843585 -1.1618005
v -1.5749441 1.0566039 -1.1680108
v -1.3573921 1.0567966 -1.4193032
v -1.5238229 1.0567190 -1.2543300
v -1.5091063 1.0843185 -1.2490638
v -1.3459141 1.0843182 -1.4119273
v -1.4398171 1.2292486 -1.0642161
v -1.3529031 1.3426858 -1.0334815
v -1.3646173 1.3417112 -1.0930320
v -1.4541819 1.2304173 -1.1301102
v -1.4119795 1.2299330 -1.2115304
v -1.2692827 1.2299328 -1.3600425
v -1.3287056 1.3407881 -1.1700469
v -1.2016494 1.3407879 -1.3076071
v -1.2969961 1.3749077 -1.1526835
v -1.1755607 1.3749673 -1.2860646
v -1.3299963 1.3761974 -1.0786358
v -1.3352196 1.3638873 -1.0443560
v 1.0208816 1.0103755 0.1263652
v -0.2168886 1.0103756 0.9930611
vt 0.8959433 0.1216011
vt 0.8790450 0.1195469
vt 0.8795083 0.0913799
vt 0.8975967 0.0913799
vt 0.8909502 0.1485334
vt 0.8759344 0.1453007
vt 0.8860458 0.1610227
vt 0.8713514 0.1576971
vt 0.9405978 0.1275323
vt 0.9423463 0.0913799
vt 0.9968191 0.0913799
vt 0.9930813 0.1345871
vt 0.9828981 0.1681854
vt 0.9340432 0.1579155
vt 0.9281210 0.1711269
vt 0.9716520 0.1817514
vt 0.8790450 0.0632130
vt 0.8959433 0.0611588
vt 0.8759345 0.0374592
vt 0.8909503 0.0342265
vt 0.8713517 0.0250628
vt 0.8860460 0.0217373
vt 0.9405979 0.0552277
vt 0.9930813 0.0481728
vt 0.9828981 0.0145746
vt 0.9340433 0.0248446
vt 0.9281211 0.0116331
vt 0.9716520 0.0010087
vt 0.6870217 0.1746385
vt 0.6596728 0.1941710
vt 0.6543401 0.1746641
vt 0.4946570 0.1304643
vt 0.4909658 0.1010760
vt 0.5336352 0.1021831
vt 0.5280605 0.1308335
vt 0.5500086 0.1897571
vt 0.5087215 0.1659366
vt 0.5440950 0.1679865
vt 0.5825822 0.1295023
vt 0.5891702 0.1036239
vt 0.6827448 0.1493393
vt 0.6918181 0.1514694
vt 0.6855561 0.1616571
vt 0.4919932 0.1558040
vt 0.5387016 0.0760026
vt 0.5956698 0.0777133
vt 0.5924082 0.0901467
vt 0.5361069 0.0888754
vt 0.6122770 0.0781981
vt 0.6120082 0.0905892
vt 0.6950656 0.1617942
vt 0.6926379 0.1679320
vt 0.6574059 0.1610215
vt 0.6943973 0.1554314
vt 0.6521310 0.1976819
vt 0.5964708 0.1984770
vt 0.5692459 0.1959773
vt 0.5945376 0.1692953
vt 0.5375701 0.1408485
vt 0.6194500 0.1432775
vt 0.4876260 0.0744867
vt 0.6290529 0.1701909
vt 0.6396505 0.1998919
vt 0.6023869 0.1286664
vt 0.6085872 0.1041278
vt 0.6608906 0.1487239
vt 0.6490722 0.1981062
vt 0.6870217 0.1746385
vt 0.6543401 0.1746641
vt 0.6596728 0.1941710
vt 0.5336352 0.1021831
vt 0.4909658 0.1010760
vt 0.4946570 0.1304643
vt 0.5280605 0.1308335
vt 0.5500086 0.1897571
vt 0.5440950 0.1679865
vt 0.5087215 0.1659366
vt 0.5825822 0.1295023
vt 0.5891702 0.1036239
vt 0.6827448 0.1493393
vt 0.6855561 0.1616571
vt 0.6918181 0.1514694
vt 0.4919932 0.1558040
vt 0.5924082 0.0901467
vt 0.5956698 0.0777133
vt 0.5387016 0.0760026
vt 0.5361069 0.0888754
vt 0.6120082 0.0905892
vt 0.6122770 0.0781981
vt 0.6950656 0.1617942
vt 0.6926379 0.1679320
vt 0.6574059 0.1610215
vt 0.6943973 0.1554314
vt 0.6521310 0.1976819
vt 0.5964708 0.1984770
vt 0.5945376 0.1692953
vt 0.5692459 0.1959773
vt 0.6194500 0.1432775
vt 0.5375701 0.1408485
vt 0.4876260 0.0744867
vt 0.6290529 0.1701909
vt 0.6396505 0.1998919
vt 0.6023869 0.1286664
vt 0.6085872 0.1041278
vt 0.6608906 0.1487239
vt 0.6490722 0.1981062
vt 0.6641071 0.0298919
vt 0.6675798 0.0275846
vt 0.6692056 0.0320244
vt 0.6630730 0.0366941
vt 0.6833904 0.0282653
vt 0.6818548 0.0238527
vt 0.7161086 0.0202630
vt 0.7169606 0.0247008
vt 0.6866839 0.0766695
vt 0.6801683 0.0827026
vt 0.6719087 0.0628642
vt 0.6794690 0.0565116
vt 0.6922379 0.0527205
vt 0.7219963 0.0494489
vt 0.7255746 0.0696178
vt 0.6983999 0.0727850
vt 0.7611613 0.0232368
vt 0.7611613 0.0480780
vt 0.7611612 0.0682423
vt 0.7267485 0.0765803
vt 0.7003914 0.0798133
vt 0.6890828 0.0837135
vt 0.7611612 0.0751729
vt 0.6838280 0.0851289
vt 0.7611613 0.0187874
vt 0.8582165 0.0298919
vt 0.8592504 0.0366942
vt 0.8531176 0.0320244
vt 0.8547434 0.0275846
vt 0.8062140 0.0202629
vt 0.8404682 0.0238525
vt 0.8389326 0.0282653
vt 0.8053620 0.0247008
vt 0.8504142 0.0628645
vt 0.8421543 0.0827032
vt 0.8356388 0.0766701
vt 0.8428540 0.0565120
vt 0.8300849 0.0527206
vt 0.8003263 0.0494491
vt 0.8239227 0.0727852
vt 0.7967479 0.0696180
vt 0.8219313 0.0798137
vt 0.7955740 0.0765805
vt 0.8332397 0.0837141
vt 0.8384945 0.0851296
vt 0.4876230 0.1393733
vt 0.4876230 0.1393733
f 4401/4401 4402/4402 4403/4403
f 4403/4403 4404/4404 4401/4401
f 4402/4402 4401/4401 4405/4405
f 4409/4409 4401/4401 4404/4404
f 4401/4401 4409/4409 4414/4414
f 4414/4414 4405/4405 4401/4401
f 4405/4405 4406/4406 4402/4402
f 4405/4405 4407/4407 4408/4408
f 4408/4408 4406/4406 4405/4405
f 4407/4407 4405/4405 4414/4414
f 4413/4413 4414/4414 4409/4409
f 4414/4414 4415/4415 4407/4407
f 4415/4415 4414/4414 4413/4413
f 4409/4409 4412/4412 4413/4413
f 4413/4413 4416/4416 4415/4415
f 4411/4411 4412/4412 4409/4409
f 4409/4409 4410/4410 4411/4411
f 4423/4423 4424/4424 4411/4411
f 4411/4411 4410/4410 4423/4423
f 4404/4404 4410/4410 4409/4409
f 4423/4423 4410/4410 4404/4404
f 4425/4425 4424/4424 4423/4423
f 4423/4423 4426/4426 4425/4425
f 4404/4404 4418/4418 4423/4423
f 4426/4426 4423/4423 4418/4418
f 4418/4418 4404/4404 4403/4403
f 4403/4403 4417/4417 4418/4418
f 4420/4420 4418/4418 4417/4417
f 4418/4418 4420/4420 4426/4426
f 4422/4422 4427/4427 4426/4426
f 4426/4426 4420/4420 4422/4422
f 4425/4425 4426/4426 4427/4427
f 4427/4427 4428/4428 4425/4425
f 4421/4421 4422/4422 4420/4420
f 4417/4417 4419/4419 4420/4420
f 4420/4420 4419/4419 4421/4421
f 4429/4429 4430/4430 4431/4431
f 4443/4443 4429/4429 4431/4431
f 4452/4452 4429/4429 4443/4443
f 4430/4430 4455/4455 4431/4431
f 4431/4431 4453/4453 4443/4443
f 4431/4431 4455/4455 4467/4467
f 4441/4441 4443/4443 4453/4453
f 4453/4453 4466/4466 4441/4441
f 4441/4441 4442/4442 4443/4443
f 4442/4442 4454/4454 4443/4443
f 4454/4454 4451/4451 4443/4443
f 4451/4451 4452/4452 4443/4443
f 4432/4432 4433/4433 4434/4434
f 4434/4434 4435/4435 4432/4432
f 4448/4448 4434/4434 4433/4433
f 4448/4448 4433/4433 4461/4461
f 4439/4439 4435/4435 4434/4434
f 4434/4434 4440/4440 4439/4439
f 4440/4440 4434/4434 4448/4448
f 4447/4447 4448/4448 4445/4445
f 4448/4448 4447/4447 4440/4440
f 4461/4461 4445/4445 4448/4448
f 4464/4464 4439/4439 4440/4440
f 4440/4440 4465/4465 4464/4464
f 4465/4465 4440/4440 4447/4447
f 4445/4445 4446/4446 4447/4447
f 4450/4450 4447/4447 4446/4446
f 4447/4447 4450/4450 4465/4465
f 4446/4446 4449/4449 4450/4450
f 4436/4436 4437/4437 4438/4438
f 4457/4457 4436/4436 4438/4438
f 4437/4437 4444/4444 4438/4438
f 4438/4438 4459/4459 4460/4460
f 4460/4460 4458/4458 4438/4438
f 4438/4438 4458/4458 4457/4457
f 4444/4444 4459/4459 4438/4438
f 4456/4456 4457/4457 4458/4458
f 4456/4456 4458/4458 4462/4462
f 4462/4462 4458/4458 4460/4460
f 4462/4462 4463/4463 4456/4456
f 4444/4444 4552/4552 4459/4459
f 4468/4468 4469/4469 4470/4470
f 4469/4469 4468/4468 4481/4481
f 4491/4491 4481/4481 4468/4468
f 4481/4481 4492/4492 4469/4469
f 4470/4470 4469/4469 4494/4494
f 4469/4469 4506/4506 4494/4494
f 4492/4492 4481/4481 4480/4480
f 4480/4480 4505/4505 4492/4492
f 4480/4480 4481/4481 4482/4482
f 4482/4482 4481/4481 4493/4493
f 4493/4493 4481/4481 4490/4490
f 4490/4490 4481/4481 4491/4491
f 4471/4471 4472/4472 4473/4473
f 4473/4473 4474/4474 4471/4471
f 4478/4478 4479/4479 4471/4471
f 4471/4471 4474/4474 4478/4478
f 4487/4487 4471/4471 4479/4479
f 4487/4487 4472/4472 4471/4471
f 4500/4500 4472/4472 4487/4487
f 4486/4486 4487/4487 4484/4484
f 4479/4479 4484/4484 4487/4487
f 4487/4487 4486/4486 4500/4500
f 4503/4503 4504/4504 4479/4479
f 4479/4479 4478/4478 4503/4503
f 4484/4484 4479/4479 4504/4504
f 4484/4484 4485/4485 4486/4486
f 4485/4485 4484/4484 4488/4488
f 4504/4504 4488/4488 4484/4484
f 4488/4488 4489/4489 4485/4485
f 4475/4475 4476/4476 4477/4477
f 4476/4476 4475/4475 4497/4497
f 4477/4477 4476/4476 4483/4483
f 4498/4498 4499/4499 4476/4476
f 4476/4476 4496/4496 4498/4498
f 4497/4497 4496/4496 4476/4476
f 4476/4476 4499/4499 4483/4483
f 4495/4495 4496/4496 4497/4497
f 4501/4501 4496/4496 4495/4495
f 4501/4501 4498/4498 4496/4496
f 4495/4495 4502/4502 4501/4501
f 4499/4499 4553/4553 4483/4483
f 4507/4507 4508/4508 4509/4509
f 4509/4509 4510/4510 4507/4507
f 4509/4509 4508/4508 4512/4512
f 4512/4512 4511/4511 4509/4509
f 4519/4519 4518/4518 4509/4509
f 4509/4509 4511/4511 4519/4519
f 4510/4510 4509/4509 4518/4518
f 4518/4518 4517/4517 4510/4510
f 4517/4517 4518/4518 4515/4515
f 4515/4515 4518/4518 4519/4519
f 4515/4515 4516/4516 4517/4517
f 4519/4519 4522/4522 4515/4515
f 4515/4515 4522/4522 4527/4527
f 4527/4527 4528/4528 4515/4515
f 4515/4515 4530/4530 4516/4516
f 4515/4515 4528/4528 4530/4530
f 4521/4521 4522/4522 4519/4519
f 4527/4527 4522/4522 4521/4521
f 4521/4521 4526/4526 4527/4527
f 4519/4519 4520/4520 4521/4521
f 4524/4524 4525/4525 4521/4521
f 4521/4521 4520/4520 4524/4524
f 4526/4526 4521/4521 4525/4525
f 4525/4525 4529/4529 4526/4526
f 4547/4547 4525/4525 4524/4524
f 4549/4549 4529/4529 4525/4525
f 4525/4525 4547/4547 4549/4549
f 4523/4523 4524/4524 4520/4520
f 4545/4545 4524/4524 4523/4523
f 4524/4524 4545/4545 4547/4547
f 4514/4514 4520/4520 4519/4519
f 4520/4520 4514/4514 4523/4523
f 4531/4531 4523/4523 4514/4514
f 4523/4523 4539/4539 4545/4545
f 4539/4539 4523/4523 4531/4531
f 4544/4544 4545/4545 4539/4539
f 4547/4547 4545/4545 4544/4544
f 4538/4538 4539/4539 4536/4536
f 4539/4539 4538/4538 4544/4544
f 4531/4531 4536/4536 4539/4539
f 4514/4514 4513/4513 4531/4531
f 4513/4513 4514/4514 4511/4511
f 4519/4519 4511/4511 4514/4514
f 4511/4511 4512/4512 4513/4513
f 4536/4536 4537/4537 4538/4538
f 4534/4534 4538/4538 4537/4537
f 4544/4544 4538/4538 4534/4534
f 4537/4537 4535/4535 4534/4534
f 4532/4532 4533/4533 4534/4534
f 4534/4534 4535/4535 4532/4532
f 4534/4534 4543/4543 4544/4544
f 4543/4543 4534/4534 4533/4533
f 4533/4533 4540/4540 4543/4543
f 4542/4542 4543/4543 4540/4540
f 4544/4544 4543/4543 4542/4542
f 4540/4540 4541/4541 4542/4542
f 4542/4542 4541/4541 4551/4551
f 4542/4542 4546/4546 4544/4544
f 4542/4542 4550/4550 4548/4548
f 4548/4548 4546/4546 4542/4542
f 4542/4542 4551/4551 4550/4550
f 4544/4544 4546/4546 4547/4547
f 4547/4547 4546/4546 4548/4548
f 4548/4548 4549/4549 4547/4547
o hatchback-body
usemtl optics-10
v -0.4234098 0.8516386 -1.9276690
v -0.4282399 0.8847566 -1.9232864
v -0.3435704 0.8490095 -1.8600391
v -0.5496166 0.8526471 -1.9755510
v -0.5483014 0.9007900 -1.9712357
v -0.6397534 0.8529328 -1.9562650
v -0.6334064 0.9009490 -1.9565764
v -0.3166405 0.9325909 -1.7955161
v -0.3119562 0.9013502 -1.8064334
v -0.4110449 0.9706369 -1.8808747
v -0.3609449 0.9932553 -1.8057173
v -0.4975672 0.9184757 -1.9442871
v -0.5490540 0.9621087 -1.9573608
v -0.4589182 0.9649481 -1.9147358
v -0.4782051 0.9318051 -1.9322032
v -0.5485122 0.9179623 -1.9673498
v -0.6301951 0.9175693 -1.9551206
v -0.6215969 0.9620760 -1.9512245
v -0.6306677 0.9620708 -1.9489112
v -0.6390686 0.9176585 -1.9522688
v -0.8403322 0.9199167 -1.8466358
v -0.8403818 0.9619272 -1.8314706
v -0.6422274 0.9009593 -1.9535316
v -0.6485518 0.8529546 -1.9532611
v -0.8414545 0.8532828 -1.8604549
v -0.8848787 0.9010202 -1.8308710
v -0.3435704 0.8490095 -1.8600391
v -0.3422879 0.8439222 -1.8495694
v -0.4298487 0.8453852 -1.9229837
v -0.4234098 0.8516386 -1.9276690
v -0.5500795 0.8465217 -1.9684802
v -0.5496166 0.8526471 -1.9755510
v -0.6407659 0.8469858 -1.9490032
v -0.6397534 0.8529328 -1.9562650
v -0.3166405 0.9325909 -1.7955161
v -0.3186458 0.9307541 -1.7865227
v -0.3134793 0.8965793 -1.7983934
v -0.3119562 0.9013502 -1.8064334
v -0.3119562 0.9013502 -1.8064334
v -0.3134793 0.8965793 -1.7983934
v -0.3422879 0.8439222 -1.8495694
v -0.3435704 0.8490095 -1.8600391
v -0.4342563 0.9932828 -1.8777130
v -0.4387756 0.9945100 -1.8698486
v -0.3653535 0.9947617 -1.7973823
v -0.3609449 0.9932553 -1.8057173
v -0.3609449 0.9932553 -1.8057173
v -0.3653535 0.9947617 -1.7973823
v -0.3186458 0.9307541 -1.7865227
v -0.3166405 0.9325909 -1.7955161
v -0.5475579 0.9933280 -1.9281893
v -0.5482662 0.9941778 -1.9191334
v -0.5984697 0.9933142 -1.9240800
v -0.5966626 0.9942459 -1.9160641
v -0.8743820 0.9619039 -1.8124305
v -0.8746068 0.9635088 -1.8031489
v -0.8362235 0.9945884 -1.8085691
v -0.8385536 0.9932823 -1.8174883
v -0.8385536 0.9932823 -1.8174883
v -0.8362235 0.9945884 -1.8085691
v -0.6506385 0.9943363 -1.8974840
v -0.6534301 0.9932966 -1.9060375
v -0.8848787 0.9010202 -1.8308710
v -0.8862657 0.8990252 -1.8214821
v -0.8746068 0.9635088 -1.8031489
v -0.8743820 0.9619039 -1.8124305
v -0.6407659 0.8469858 -1.9490032
v -0.8399266 0.8474546 -1.8531353
v -0.8414545 0.8532828 -1.8604549
v -0.6485518 0.8529546 -1.9532611
v -0.8414545 0.8532828 -1.8604549
v -0.8399266 0.8474546 -1.8531353
v -0.8862657 0.8990252 -1.8214821
v -0.8848787 0.9010202 -1.8308710
v -0.5966626 0.9942459 -1.9160641
v -0.6076646 0.9933114 -1.9221377
v -0.6397534 0.8529328 -1.9562650
v -0.6407659 0.8469858 -1.9490032
v -0.6341778 0.8987646 -1.9491095
v -0.6334064 0.9009490 -1.9565764
v -0.6302981 0.9176152 -1.9472895
v -0.6211469 0.9620734 -1.9429973
v -0.6215969 0.9620760 -1.9512245
v -0.6301951 0.9175693 -1.9551206
v -0.6422274 0.9009593 -1.9535316
v -0.6341778 0.8987646 -1.9491095
v -0.6407659 0.8469858 -1.9490032
v -0.6485518 0.8529546 -1.9532611
v -0.6302981 0.9176152 -1.9472895
v -0.6390686 0.9176585 -1.9522688
v -0.6306677 0.9620708 -1.9489112
v -0.6211469 0.9620734 -1.9429973
v -0.8385536 0.9932823 -1.8174883
v -0.6534301 0.9932966 -1.9060375
v -0.6306677 0.9620708 -1.9489112
v -0.8403818 0.9619272 -1.8314706
v -0.6076646 0.9933114 -1.9221377
v -0.6076646 0.9933114 -1.9221377
v -0.5966626 0.9942459 -1.9160641
v -0.6211469 0.9620734 -1.9429973
v -0.6306677 0.9620708 -1.9489112
v -0.6211469 0.9620734 -1.9429973
v -0.5966626 0.9942459 -1.9160641
v -0.5984697 0.9933142 -1.9240800
v -0.6215969 0.9620760 -1.9512245
v -0.5984697 0.9933142 -1.9240800
v -0.5475579 0.9933280 -1.9281893
v -0.5490540 0.9621087 -1.9573608
v -0.6215969 0.9620760 -1.9512245
v -0.4342563 0.9932828 -1.8777130
v -0.4589182 0.9649481 -1.9147358
v -0.4110449 0.9706369 -1.8808747
v -0.3609449 0.9932553 -1.8057173
v -0.4398204 0.9655497 -1.9057045
v -0.4398204 0.9655497 -1.9057045
v -0.4975672 0.9184757 -1.9442871
v -0.5485122 0.9179623 -1.9673498
v -0.6301951 0.9175693 -1.9551206
v -0.6302981 0.9176152 -1.9472895
v -0.6301951 0.9175693 -1.9551206
v -0.6390686 0.9176585 -1.9522688
v -0.6302981 0.9176152 -1.9472895
v -0.8403322 0.9199167 -1.8466358
v -0.6390686 0.9176585 -1.9522688
v -0.8743820 0.9619039 -1.8124305
v -0.8743820 0.9619039 -1.8124305
v -0.8403818 0.9619272 -1.8314706
v -0.4782051 0.9318051 -1.9322032
v -0.4589182 0.9649481 -1.9147358
v 1.6373439 0.7871131 1.0245681
v 1.5706303 0.8700651 0.9989823
v 1.5789655 0.8456251 1.1472427
v 1.6366117 0.7699864 1.2074784
v 1.5698800 0.8391642 0.8938545
v 1.6373439 0.7871131 1.0245681
v 1.5914803 0.7958790 0.9025393
v 1.6144119 0.7584848 0.9289948
v 1.6458844 0.7131783 1.0570563
v 1.6472988 0.6962391 1.2456962
v 1.5976656 0.7642774 1.3431213
v 1.6108851 0.6865389 1.3790825
v 1.5379881 0.6841456 1.4752175
v 1.5212081 0.7642774 1.4121333
v 1.5304917 0.8149557 1.3168295
v 1.5471328 0.8264922 1.2771126
v 1.6283429 0.7364112 0.9608400
v 1.5567175 0.8690491 0.9068137
v 1.5176275 0.7912552 1.3716465
v 1.5706303 0.8700651 0.9989823
v 1.5646043 0.8706295 0.9979601
v 1.5730600 0.8459070 1.1439149
v 1.5789655 0.8456251 1.1472427
v 1.5914803 0.7958790 0.9025393
v 1.5861174 0.7938260 0.8988257
v 1.5639873 0.8383962 0.8907780
v 1.5698800 0.8391642 0.8938545
v 1.6099402 0.7547702 0.9254009
v 1.6144119 0.7584848 0.9289948
v 1.6472988 0.6962391 1.2456962
v 1.6443931 0.6897082 1.2471894
v 1.6429970 0.7069743 1.0588883
v 1.6458844 0.7131783 1.0570563
v 1.6108851 0.6865389 1.3790825
v 1.6086406 0.6796388 1.3792567
v 1.5379881 0.6841456 1.4752175
v 1.5330867 0.6773441 1.4785659
v 1.5153272 0.7609014 1.4130650
v 1.5212081 0.7642774 1.4121333
v 1.5471328 0.8264922 1.2771126
v 1.5419342 0.8260740 1.2723600
v 1.5249384 0.8137888 1.3136466
v 1.5304917 0.8149557 1.3168295
v 1.6458844 0.7131783 1.0570563
v 1.6429970 0.7069743 1.0588883
v 1.6248951 0.7309349 0.9594151
v 1.6283429 0.7364112 0.9608400
v 1.5504372 0.8693082 0.9046910
v 1.5493077 0.8828696 0.9412114
v 1.5554670 0.8819986 0.9407629
v 1.5567175 0.8690491 0.9068137
v 1.5646043 0.8706295 0.9979601
v 1.5706303 0.8700651 0.9989823
v 1.5115223 0.7887930 1.3712697
v 1.5176275 0.7912552 1.3716465
v 1.5204208 0.8053717 1.3330509
v 1.5554670 0.8819986 0.9407629
v 1.5706303 0.8700651 0.9989823
v 1.6458844 0.7131783 1.0570563
v -1.6530726 0.8516387 -1.0666492
v -1.6168284 0.8490097 -0.9684946
v -1.6473026 0.8847567 -1.0696897
v -1.6549018 0.8526473 -1.2016218
v -1.6512969 0.9007901 -1.1989100
v -1.6084140 0.9009490 -1.2738686
v -1.6059505 0.8529328 -1.2797262
v -1.5654070 0.9325910 -0.9211208
v -1.5598400 0.9932553 -0.9662419
v -1.6133293 0.9706371 -1.0390258
v -1.5772680 0.9013502 -0.9204528
v -1.6287750 0.9649482 -1.0955931
v -1.6380013 0.9621087 -1.1948719
v -1.6433252 0.9184758 -1.1420184
v -1.6385922 0.9318052 -1.1196910
v -1.6074241 0.9620760 -1.2609407
v -1.6081445 0.9175693 -1.2703537
v -1.6475735 0.9179624 -1.1977791
v -1.4343310 0.9199167 -1.4307138
v -1.6024298 0.9176585 -1.2777166
v -1.6021478 0.9620708 -1.2686732
v -1.4200633 0.9619272 -1.4255732
v -1.4469331 0.8532828 -1.4364944
v -1.6001184 0.8529546 -1.2869669
v -1.6025357 0.9009593 -1.2811165
v -1.4042807 0.9010202 -1.4671818
v -1.6168284 0.8490097 -0.9684946
v -1.6530726 0.8516387 -1.0666492
v -1.6464681 0.8453853 -1.0710978
v -1.6074284 0.8439223 -0.9637087
v -1.6549018 0.8526473 -1.2016218
v -1.6480995 0.8465218 -1.1996386
v -1.6059505 0.8529328 -1.2797262
v -1.5987806 0.8469858 -1.2781940
v -1.5654070 0.9325910 -0.9211208
v -1.5772680 0.9013502 -0.9204528
v -1.5691919 0.8965794 -0.9191343
v -1.5562702 0.9307542 -0.9199293
v -1.5772680 0.9013502 -0.9204528
v -1.6168284 0.8490097 -0.9684946
v -1.6074284 0.8439223 -0.9637087
v -1.5691919 0.8965794 -0.9191343
v -1.6024197 0.9932828 -1.0597560
v -1.5598400 0.9932553 -0.9662419
v -1.5504997 0.9947619 -0.9675340
v -1.5934841 0.9945102 -1.0613128
v -1.5598400 0.9932553 -0.9662419
v -1.5654070 0.9325910 -0.9211208
v -1.5562702 0.9307542 -0.9199293
v -1.5504997 0.9947619 -0.9675340
v -1.6111002 0.9933280 -1.1834888
v -1.6023485 0.9941778 -1.1810566
v -1.5829119 0.9942459 -1.2254852
v -1.5898268 0.9933142 -1.2299246
v -1.3905424 0.9619039 -1.4510113
v -1.4075493 0.9932823 -1.4190732
v -1.3999650 0.9945884 -1.4138330
v -1.3817440 0.9635088 -1.4480479
v -1.4075493 0.9932823 -1.4190732
v -1.5540743 0.9932966 -1.2753994
v -1.5469915 0.9943363 -1.2698508
v -1.3999650 0.9945884 -1.4138330
v -1.4042807 0.9010202 -1.4671818
v -1.3905424 0.9619039 -1.4510113
v -1.3817440 0.9635088 -1.4480479
v -1.3949842 0.8990252 -1.4652737
v -1.5987806 0.8469858 -1.2781940
v -1.6001184 0.8529546 -1.2869669
v -1.4469331 0.8532828 -1.4364944
v -1.4405774 0.8474546 -1.4325555
v -1.4469331 0.8532828 -1.4364944
v -1.4042807 0.9010202 -1.4671818
v -1.3949842 0.8990252 -1.4652737
v -1.4405774 0.8474546 -1.4325555
v -1.5829119 0.9942459 -1.2254852
v -1.5848566 0.9933114 -1.2379006
v -1.6059505 0.8529328 -1.2797262
v -1.6084140 0.9009490 -1.2738686
v -1.6011334 0.8987646 -1.2720399
v -1.5987806 0.8469858 -1.2781940
v -1.6007503 0.9176152 -1.2677714
v -1.6081445 0.9175693 -1.2703537
v -1.6074241 0.9620760 -1.2609407
v -1.5998466 0.9620734 -1.2577039
v -1.6025357 0.9009593 -1.2811165
v -1.6001184 0.8529546 -1.2869669
v -1.5987806 0.8469858 -1.2781940
v -1.6011334 0.8987646 -1.2720399
v -1.6021478 0.9620708 -1.2686732
v -1.6024298 0.9176585 -1.2777166
v -1.6007503 0.9176152 -1.2677714
v -1.5998466 0.9620734 -1.2577039
v -1.4075493 0.9932823 -1.4190732
v -1.4200633 0.9619272 -1.4255732
v -1.6021478 0.9620708 -1.2686732
v -1.5540743 0.9932966 -1.2753994
v -1.5848566 0.9933114 -1.2379006
v -1.5998466 0.9620734 -1.2577039
v -1.5829119 0.9942459 -1.2254852
v -1.5848566 0.9933114 -1.2379006
v -1.6021478 0.9620708 -1.2686732
v -1.5998466 0.9620734 -1.2577039
v -1.6074241 0.9620760 -1.2609407
v -1.5898268 0.9933142 -1.2299246
v -1.5829119 0.9942459 -1.2254852
v -1.6380013 0.9621087 -1.1948719
v -1.6111002 0.9933280 -1.1834888
v -1.5898268 0.9933142 -1.2299246
v -1.6074241 0.9620760 -1.2609407
v -1.6287750 0.9649482 -1.0955931
v -1.6024197 0.9932828 -1.0597560
v -1.6133293 0.9706371 -1.0390258
v -1.5598400 0.9932553 -0.9662419
v -1.6268203 0.9655499 -1.0745583
v -1.6268203 0.9655499 -1.0745583
v -1.6433252 0.9184758 -1.1420184
v -1.6475735 0.9179624 -1.1977791
v -1.6081445 0.9175693 -1.2703537
v -1.6007503 0.9176152 -1.2677714
v -1.6081445 0.9175693 -1.2703537
v -1.6024298 0.9176585 -1.2777166
v -1.6007503 0.9176152 -1.2677714
v -1.4343310 0.9199167 -1.4307138
v -1.6024298 0.9176585 -1.2777166
v -1.3905424 0.9619039 -1.4510113
v -1.4200633 0.9619272 -1.4255732
v -1.3905424 0.9619039 -1.4510113
v -1.6385922 0.9318052 -1.1196910
v -1.6287750 0.9649482 -1.0955931
v 0.5515466 0.8456251 1.8666494
v 0.4150779 0.8700652 1.8081086
v 0.4163036 0.7871131 1.8795499
v 0.5884333 0.7699864 1.9414208
v 0.3165472 0.8391644 1.7714481
v 0.3173205 0.7958791 1.7947158
v 0.4163036 0.7871131 1.8795499
v 0.3343370 0.7584849 1.8253127
v 0.4439113 0.7131784 1.8986867
v 0.6206909 0.6962392 1.9645345
v 0.7584876 0.6865389 1.9759379
v 0.7292165 0.7642776 1.9512159
v 0.8737569 0.6841456 1.9403169
v 0.8202164 0.7642776 1.9029730
v 0.7274852 0.8149558 1.8791009
v 0.6844717 0.8264922 1.8811543
v 0.3594972 0.7364112 1.8492956
v 0.3332263 0.8690493 1.7635115
v 0.7833959 0.7912552 1.8857612
v 0.4150779 0.8700652 1.8081086
v 0.5515466 0.8456251 1.8666494
v 0.5504390 0.8459070 1.8599621
v 0.4161787 0.8706296 1.8020965
v 0.3173205 0.7958791 1.7947158
v 0.3165472 0.8391644 1.7714481
v 0.3156713 0.8383963 1.7648580
v 0.3156650 0.7938261 1.7884063
v 0.3324895 0.7547703 1.8198820
v 0.3343370 0.7584849 1.8253127
v 0.6206909 0.6962392 1.9645345
v 0.4439113 0.7131784 1.8986867
v 0.4466205 0.7069745 1.8966005
v 0.6230882 0.6897083 1.9623151
v 0.7584876 0.6865389 1.9759379
v 0.7594190 0.6796389 1.9738883
v 0.8737569 0.6841456 1.9403169
v 0.8785801 0.6773441 1.9368563
v 0.8231035 0.7609015 1.8977656
v 0.8202164 0.7642776 1.9029730
v 0.6844717 0.8264922 1.8811543
v 0.7274852 0.8149558 1.8791009
v 0.7263933 0.8137889 1.8727938
v 0.6817838 0.8260740 1.8746437
v 0.4439113 0.7131784 1.8986867
v 0.3594972 0.7364112 1.8492956
v 0.3593376 0.7309350 1.8455684
v 0.4466205 0.7069745 1.8966005
v 0.3655561 0.8819987 1.7739476
v 0.3680841 0.8828697 1.7683133
v 0.3333798 0.8693083 1.7568835
v 0.3332263 0.8690493 1.7635115
v 0.4150779 0.8700652 1.8081086
v 0.4161787 0.8706296 1.8020965
v 0.7851300 0.7887931 1.8798954
v 0.7833959 0.7912552 1.8857612
v 0.7461725 0.8053718 1.8751855
v 0.3655561 0.8819987 1.7739476
v 0.4150779 0.8700652 1.8081086
v 0.4439113 0.7131784 1.8986867
vt 0.7891423 0.6718836
vt 0.7894186 0.7043065
vt 0.7059015 0.6691378
vt 0.8990217 0.6714496
vt 0.8931337 0.7116419
vt 0.9753010 0.6736680
vt 0.9660740 0.7138679
vt 0.6543737 0.7430100
vt 0.6586635 0.7155648
vt 0.7597491 0.7790118
vt 0.6836053 0.8005716
vt 0.7388462 0.5306041
vt 0.8341933 0.6104996
vt 0.6542674 0.6160507
vt 0.6999015 0.5539451
vt 0.8343886 0.5274316
vt 0.9780316 0.5320909
vt 0.9611786 0.6135182
vt 0.6554844 0.4289561
vt 0.6632876 0.3682094
vt 0.9708532 0.3703732
vt 0.9806726 0.4298330
vt 0.6632359 0.7276341
vt 0.6714667 0.6752539
vt 0.9078110 0.6857130
vt 0.9636042 0.7401258
vt 0.7059015 0.6691378
vt 0.6977240 0.6623056
vt 0.7927411 0.6624095
vt 0.7891423 0.6718836
vt 0.9002552 0.6638840
vt 0.8990217 0.6714496
vt 0.9796215 0.6680906
vt 0.9753010 0.6736680
vt 0.6543737 0.7430100
vt 0.6473797 0.7439747
vt 0.6522455 0.7122045
vt 0.6586635 0.7155648
vt 0.6586635 0.7155648
vt 0.6522455 0.7122045
vt 0.6977240 0.6623056
vt 0.7059015 0.6691378
vt 0.7580121 0.8233513
vt 0.7577870 0.8325515
vt 0.6497192 0.8334551
vt 0.6518037 0.8238326
vt 0.6836053 0.8005716
vt 0.6772478 0.8064042
vt 0.6473797 0.7439747
vt 0.6543737 0.7430100
vt 0.8862937 0.8181931
vt 0.8842538 0.8275904
vt 0.9483117 0.8163504
vt 0.9490741 0.8245286
vt 0.6340059 0.7856078
vt 0.6268708 0.7942162
vt 0.6722847 0.8300650
vt 0.6757176 0.8204734
vt 0.6757176 0.8204734
vt 0.6722847 0.8300650
vt 0.9088176 0.8281839
vt 0.9098817 0.8179040
vt 0.9636042 0.7401258
vt 0.9734713 0.7378488
vt 0.9733002 0.8147356
vt 0.9635141 0.8104846
vt 0.6641123 0.6665810
vt 0.9116533 0.6765561
vt 0.9078110 0.6857130
vt 0.6714667 0.6752539
vt 0.9078110 0.6857130
vt 0.9116533 0.6765561
vt 0.9734713 0.7378488
vt 0.9636042 0.7401258
vt 0.9754184 0.8317245
vt 0.9653410 0.8217524
vt 0.9753010 0.6736680
vt 0.9796215 0.6680906
vt 0.9701355 0.7132477
vt 0.9660740 0.7138679
vt 0.9885499 0.5358961
vt 0.9728084 0.6177877
vt 0.9611786 0.6135182
vt 0.9780316 0.5320909
vt 0.6632359 0.7276341
vt 0.6534749 0.7248787
vt 0.6641123 0.6665810
vt 0.6714667 0.6752539
vt 0.6496562 0.3690891
vt 0.6632876 0.3682094
vt 0.6554844 0.4289561
vt 0.6403815 0.4300816
vt 0.6757176 0.8204734
vt 0.9098817 0.8179040
vt 0.9544106 0.7694619
vt 0.6793977 0.7820435
vt 0.9653410 0.8217524
vt 0.9653410 0.8217524
vt 0.9754184 0.8317245
vt 0.9654815 0.7768215
vt 0.9544106 0.7694619
vt 0.9718999 0.7791041
vt 0.9490741 0.8245286
vt 0.9483117 0.8163504
vt 0.9679846 0.7716193
vt 0.9483117 0.8163504
vt 0.8862937 0.8181931
vt 0.8976254 0.7752060
vt 0.9679846 0.7716193
vt 0.7580121 0.8233513
vt 0.7970800 0.7855844
vt 0.7413958 0.7936992
vt 0.6518037 0.8238326
vt 0.7910407 0.7757931
vt 0.7780812 0.7869017
vt 0.8497060 0.7330031
vt 0.8917477 0.7258520
vt 0.9629543 0.7281295
vt 0.9669569 0.7298876
vt 0.9629543 0.7281295
vt 0.6596765 0.7460574
vt 0.6484165 0.7459339
vt 0.9116251 0.7610299
vt 0.6596765 0.7460574
vt 0.6340059 0.7856078
vt 0.9635141 0.8104846
vt 0.9199809 0.8104681
vt 0.8315500 0.7468057
vt 0.8095821 0.7760780
vt 0.3771043 0.8702855
vt 0.3787939 0.9611382
vt 0.2563430 0.9558236
vt 0.2331720 0.8665814
vt 0.7806932 0.9254872
vt 0.6932765 0.9079915
vt 0.7679350 0.8997117
vt 0.7448415 0.8800971
vt 0.3772262 0.8043374
vt 0.2169539 0.8003690
vt 0.1233831 0.8664321
vt 0.1058376 0.7995093
vt 0.0167153 0.8040219
vt 0.0433223 0.8769180
vt 0.1103071 0.9359606
vt 0.1457648 0.9460302
vt 0.7224102 0.8713391
vt 0.7790083 0.9456386
vt 0.0663092 0.9088451
vt 0.3787939 0.9611382
vt 0.3782215 0.9664027
vt 0.2568261 0.9615272
vt 0.2563430 0.9558236
vt 0.7679350 0.8997117
vt 0.7718498 0.8982080
vt 0.7848384 0.9256274
vt 0.7806932 0.9254872
vt 0.7477860 0.8771858
vt 0.7448415 0.8800971
vt 0.2169539 0.8003690
vt 0.2165854 0.7943316
vt 0.3776954 0.7984162
vt 0.3772262 0.8043374
vt 0.1058376 0.7995093
vt 0.1051210 0.7936395
vt 0.0167153 0.8040219
vt 0.0101092 0.7992890
vt 0.0377819 0.8778220
vt 0.0433223 0.8769180
vt 0.1457648 0.9460302
vt 0.1465112 0.9518909
vt 0.1087708 0.9413069
vt 0.1103071 0.9359606
vt 0.6643114 0.8717630
vt 0.6624318 0.8680685
vt 0.7231765 0.8673859
vt 0.7224102 0.8713391
vt 0.7825363 0.9475290
vt 0.7646309 0.9622988
vt 0.7630404 0.9587921
vt 0.7790083 0.9456386
vt 0.7289863 0.9647795
vt 0.7274076 0.9614381
vt 0.0617358 0.9121684
vt 0.0663092 0.9088451
vt 0.0926530 0.9316208
vt 0.7630404 0.9587921
vt 0.7274076 0.9614381
vt 0.6643114 0.8717630
vt 0.7891423 0.6718836
vt 0.7059015 0.6691378
vt 0.7894186 0.7043065
vt 0.8990217 0.6714496
vt 0.8931337 0.7116419
vt 0.9660740 0.7138679
vt 0.9753010 0.6736680
vt 0.6543737 0.7430100
vt 0.6836053 0.8005716
vt 0.7597491 0.7790118
vt 0.6586635 0.7155648
vt 0.6542674 0.6160507
vt 0.8341933 0.6104996
vt 0.7388462 0.5306041
vt 0.6999015 0.5539451
vt 0.9611786 0.6135182
vt 0.9780316 0.5320909
vt 0.8343886 0.5274316
vt 0.9708532 0.3703732
vt 0.6632876 0.3682094
vt 0.6554844 0.4289561
vt 0.9806726 0.4298330
vt 0.9078110 0.6857130
vt 0.6714667 0.6752539
vt 0.6632359 0.7276341
vt 0.9636042 0.7401258
vt 0.7059015 0.6691378
vt 0.7891423 0.6718836
vt 0.7927411 0.6624095
vt 0.6977240 0.6623056
vt 0.8990217 0.6714496
vt 0.9002552 0.6638840
vt 0.9753010 0.6736680
vt 0.9796215 0.6680906
vt 0.6543737 0.7430100
vt 0.6586635 0.7155648
vt 0.6522455 0.7122045
vt 0.6473797 0.7439747
vt 0.6586635 0.7155648
vt 0.7059015 0.6691378
vt 0.6977240 0.6623056
vt 0.6522455 0.7122045
vt 0.7580121 0.8233513
vt 0.6518037 0.8238326
vt 0.6497192 0.8334551
vt 0.7577870 0.8325515
vt 0.6836053 0.8005716
vt 0.6543737 0.7430100
vt 0.6473797 0.7439747
vt 0.6772478 0.8064042
vt 0.8862937 0.8181931
vt 0.8842538 0.8275904
vt 0.9490741 0.8245286
vt 0.9483117 0.8163504
vt 0.6340059 0.7856078
vt 0.6757176 0.8204734
vt 0.6722847 0.8300650
vt 0.6268708 0.7942162
vt 0.6757176 0.8204734
vt 0.9098817 0.8179040
vt 0.9088176 0.8281839
vt 0.6722847 0.8300650
vt 0.9636042 0.7401258
vt 0.9635141 0.8104846
vt 0.9733002 0.8147356
vt 0.9734713 0.7378488
vt 0.6641123 0.6665810
vt 0.6714667 0.6752539
vt 0.9078110 0.6857130
vt 0.9116533 0.6765561
vt 0.9078110 0.6857130
vt 0.9636042 0.7401258
vt 0.9734713 0.7378488
vt 0.9116533 0.6765561
vt 0.9754184 0.8317245
vt 0.9653410 0.8217524
vt 0.9753010 0.6736680
vt 0.9660740 0.7138679
vt 0.9701355 0.7132477
vt 0.9796215 0.6680906
vt 0.9885499 0.5358961
vt 0.9780316 0.5320909
vt 0.9611786 0.6135182
vt 0.9728084 0.6177877
vt 0.6632359 0.7276341
vt 0.6714667 0.6752539
vt 0.6641123 0.6665810
vt 0.6534749 0.7248787
vt 0.6554844 0.4289561
vt 0.6632876 0.3682094
vt 0.6496562 0.3690891
vt 0.6403815 0.4300816
vt 0.6757176 0.8204734
vt 0.6793977 0.7820435
vt 0.9544106 0.7694619
vt 0.9098817 0.8179040
vt 0.9653410 0.8217524
vt 0.9654815 0.7768215
vt 0.9754184 0.8317245
vt 0.9653410 0.8217524
vt 0.9544106 0.7694619
vt 0.9718999 0.7791041
vt 0.9679846 0.7716193
vt 0.9483117 0.8163504
vt 0.9490741 0.8245286
vt 0.8976254 0.7752060
vt 0.8862937 0.8181931
vt 0.9483117 0.8163504
vt 0.9679846 0.7716193
vt 0.7970800 0.7855844
vt 0.7580121 0.8233513
vt 0.7413958 0.7936992
vt 0.6518037 0.8238326
vt 0.7910407 0.7757931
vt 0.7780812 0.7869017
vt 0.8497060 0.7330031
vt 0.8917477 0.7258520
vt 0.9629543 0.7281295
vt 0.9669569 0.7298876
vt 0.9629543 0.7281295
vt 0.6596765 0.7460574
vt 0.6484165 0.7459339
vt 0.9116251 0.7610299
vt 0.6596765 0.7460574
vt 0.6340059 0.7856078
vt 0.9199809 0.8104681
vt 0.9635141 0.8104846
vt 0.8315500 0.7468057
vt 0.8095821 0.7760780
vt 0.2563430 0.9558236
vt 0.3787939 0.9611382
vt 0.3771043 0.8702855
vt 0.2331720 0.8665814
vt 0.7806932 0.9254872
vt 0.7679350 0.8997117
vt 0.6932765 0.9079915
vt 0.7448415 0.8800971
vt 0.3772262 0.8043374
vt 0.2169539 0.8003690
vt 0.1058376 0.7995093
vt 0.1233831 0.8664321
vt 0.0167153 0.8040219
vt 0.0433223 0.8769180
vt 0.1103071 0.9359606
vt 0.1457648 0.9460302
vt 0.7224102 0.8713391
vt 0.7790083 0.9456386
vt 0.0663092 0.9088451
vt 0.3787939 0.9611382
vt 0.2563430 0.9558236
vt 0.2568261 0.9615272
vt 0.3782215 0.9664027
vt 0.7679350 0.8997117
vt 0.7806932 0.9254872
vt 0.7848384 0.9256274
vt 0.7718498 0.8982080
vt 0.7477860 0.8771858
vt 0.7448415 0.8800971
vt 0.2169539 0.8003690
vt 0.3772262 0.8043374
vt 0.3776954 0.7984162
vt 0.2165854 0.7943316
vt 0.1058376 0.7995093
vt 0.1051210 0.7936395
vt 0.0167153 0.8040219
vt 0.0101092 0.7992890
vt 0.0377819 0.8778220
vt 0.0433223 0.8769180
vt 0.1457648 0.9460302
vt 0.1103071 0.9359606
vt 0.1087708 0.9413069
vt 0.1465112 0.9518909
vt 0.6643114 0.8717630
vt 0.7224102 0.8713391
vt 0.7231765 0.8673859
vt 0.6624318 0.8680685
vt 0.7630404 0.9587921
vt 0.7646309 0.9622988
vt 0.7825363 0.9475290
vt 0.7790083 0.9456386
vt 0.7274076 0.9614381
vt 0.7289863 0.9647795
vt 0.0617358 0.9121684
vt 0.0663092 0.9088451
vt 0.0926530 0.9316208
vt 0.7630404 0.9587921
vt 0.7274076 0.9614381
vt 0.6643114 0.8717630
f 4554/4554 4555/4555 4556/4556
f 4555/4555 4554/4554 4557/4557
f 4561/4561 4562/4562 4556/4556
f 4561/4561 4556/4556 4563/4563
f 4556/4556 4555/4555 4667/4667
f 4556/4556 4667/4667 4563/4563
f 4561/4561 4563/4563 4564/4564
f 4681/4681 4682/4682 4667/4667
f 4667/4667 4555/4555 4681/4681
f 4669/4669 4681/4681 4555/4555
f 4669/4669 4555/4555 4558/4558
f 4558/4558 4670/4670 4669/4669
f 4557/4557 4558/4558 4555/4555
f 4560/4560 4558/4558 4557/4557
f 4558/4558 4560/4560 4671/4671
f 4671/4671 4670/4670 4558/4558
f 4557/4557 4559/4559 4560/4560
f 4565/4565 4566/4566 4567/4567
f 4567/4567 4568/4568 4565/4565
f 4565/4565 4569/4569 4566/4566
f 4571/4571 4566/4566 4569/4569
f 4569/4569 4570/4570 4571/4571
f 4572/4572 4573/4573 4574/4574
f 4574/4574 4575/4575 4572/4572
f 4576/4576 4577/4577 4578/4578
f 4578/4578 4579/4579 4576/4576
f 4576/4576 4579/4579 4676/4676
f 4676/4676 4677/4677 4576/4576
f 4676/4676 4579/4579 4679/4679
f 4679/4679 4680/4680 4676/4676
f 4580/4580 4581/4581 4582/4582
f 4582/4582 4583/4583 4580/4580
f 4583/4583 4582/4582 4584/4584
f 4584/4584 4585/4585 4583/4583
f 4585/4585 4584/4584 4586/4586
f 4586/4586 4587/4587 4585/4585
f 4588/4588 4589/4589 4590/4590
f 4590/4590 4591/4591 4588/4588
f 4592/4592 4593/4593 4594/4594
f 4594/4594 4595/4595 4592/4592
f 4596/4596 4597/4597 4598/4598
f 4598/4598 4599/4599 4596/4596
f 4597/4597 4596/4596 4604/4604
f 4604/4604 4605/4605 4597/4597
f 4604/4604 4606/4606 4607/4607
f 4607/4607 4605/4605 4604/4604
f 4600/4600 4601/4601 4602/4602
f 4602/4602 4603/4603 4600/4600
f 4608/4608 4609/4609 4610/4610
f 4610/4610 4611/4611 4608/4608
f 4612/4612 4613/4613 4614/4614
f 4614/4614 4615/4615 4612/4612
f 4615/4615 4614/4614 4628/4628
f 4628/4628 4629/4629 4615/4615
f 4616/4616 4617/4617 4618/4618
f 4618/4618 4619/4619 4616/4616
f 4620/4620 4621/4621 4622/4622
f 4622/4622 4623/4623 4620/4620
f 4624/4624 4625/4625 4626/4626
f 4626/4626 4627/4627 4624/4624
f 4630/4630 4631/4631 4632/4632
f 4632/4632 4633/4633 4630/4630
f 4633/4633 4632/4632 4672/4672
f 4672/4672 4673/4673 4633/4633
f 4634/4634 4635/4635 4636/4636
f 4636/4636 4637/4637 4634/4634
f 4638/4638 4639/4639 4640/4640
f 4640/4640 4641/4641 4638/4638
f 4639/4639 4638/4638 4674/4674
f 4674/4674 4675/4675 4639/4639
f 4642/4642 4643/4643 4644/4644
f 4644/4644 4645/4645 4642/4642
f 4646/4646 4647/4647 4648/4648
f 4648/4648 4649/4649 4646/4646
f 4649/4649 4678/4678 4646/4646
f 4648/4648 4647/4647 4650/4650
f 4651/4651 4652/4652 4653/4653
f 4653/4653 4654/4654 4651/4651
f 4655/4655 4656/4656 4657/4657
f 4657/4657 4658/4658 4655/4655
f 4659/4659 4660/4660 4661/4661
f 4661/4661 4662/4662 4659/4659
f 4660/4660 4663/4663 4664/4664
f 4664/4664 4661/4661 4660/4660
f 4665/4665 4663/4663 4666/4666
f 4663/4663 4665/4665 4668/4668
f 4663/4663 4668/4668 4664/4664
f 4683/4683 4684/4684 4685/4685
f 4685/4685 4686/4686 4683/4683
f 4691/4691 4683/4683 4686/4686
f 4686/4686 4685/4685 4698/4698
f 4686/4686 4692/4692 4691/4691
f 4692/4692 4686/4686 4693/4693
f 4698/4698 4693/4693 4686/4686
f 4697/4697 4693/4693 4698/4698
f 4693/4693 4694/4694 4692/4692
f 4695/4695 4694/4694 4693/4693
f 4693/4693 4696/4696 4695/4695
f 4696/4696 4693/4693 4701/4701
f 4701/4701 4693/4693 4697/4697
f 4687/4687 4688/4688 4689/4689
f 4700/4700 4688/4688 4687/4687
f 4689/4689 4688/4688 4690/4690
f 4688/4688 4699/4699 4690/4690
f 4700/4700 4739/4739 4688/4688
f 4739/4739 4740/4740 4688/4688
f 4688/4688 4741/4741 4699/4699
f 4702/4702 4703/4703 4704/4704
f 4704/4704 4705/4705 4702/4702
f 4705/4705 4704/4704 4723/4723
f 4723/4723 4722/4722 4705/4705
f 4722/4722 4723/4723 4724/4724
f 4724/4724 4725/4725 4722/4722
f 4725/4725 4724/4724 4738/4738
f 4737/4737 4725/4725 4738/4738
f 4738/4738 4736/4736 4737/4737
f 4721/4721 4737/4737 4736/4736
f 4736/4736 4720/4720 4721/4721
f 4718/4718 4721/4721 4720/4720
f 4720/4720 4719/4719 4718/4718
f 4718/4718 4719/4719 4717/4717
f 4717/4717 4716/4716 4718/4718
f 4716/4716 4717/4717 4713/4713
f 4713/4713 4712/4712 4716/4716
f 4712/4712 4713/4713 4714/4714
f 4714/4714 4715/4715 4712/4712
f 4706/4706 4707/4707 4708/4708
f 4708/4708 4709/4709 4706/4706
f 4710/4710 4707/4707 4706/4706
f 4706/4706 4711/4711 4710/4710
f 4709/4709 4708/4708 4730/4730
f 4730/4730 4733/4733 4709/4709
f 4730/4730 4731/4731 4732/4732
f 4732/4732 4733/4733 4730/4730
f 4732/4732 4731/4731 4734/4734
f 4734/4734 4735/4735 4732/4732
f 4729/4729 4728/4728 4710/4710
f 4710/4710 4711/4711 4729/4729
f 4728/4728 4729/4729 4726/4726
f 4726/4726 4727/4727 4728/4728
f 4742/4742 4743/4743 4744/4744
f 4745/4745 4742/4742 4744/4744
f 4749/4749 4751/4751 4743/4743
f 4749/4749 4743/4743 4752/4752
f 4743/4743 4855/4855 4744/4744
f 4743/4743 4751/4751 4855/4855
f 4749/4749 4750/4750 4751/4751
f 4869/4869 4744/4744 4855/4855
f 4855/4855 4870/4870 4869/4869
f 4857/4857 4744/4744 4869/4869
f 4857/4857 4858/4858 4746/4746
f 4746/4746 4744/4744 4857/4857
f 4746/4746 4858/4858 4859/4859
f 4744/4744 4746/4746 4745/4745
f 4745/4745 4746/4746 4747/4747
f 4859/4859 4747/4747 4746/4746
f 4747/4747 4748/4748 4745/4745
f 4753/4753 4754/4754 4755/4755
f 4755/4755 4756/4756 4753/4753
f 4759/4759 4754/4754 4757/4757
f 4755/4755 4754/4754 4759/4759
f 4757/4757 4758/4758 4759/4759
f 4760/4760 4761/4761 4762/4762
f 4762/4762 4763/4763 4760/4760
f 4764/4764 4765/4765 4766/4766
f 4766/4766 4767/4767 4764/4764
f 4864/4864 4767/4767 4766/4766
f 4766/4766 4865/4865 4864/4864
f 4868/4868 4767/4767 4864/4864
f 4864/4864 4867/4867 4868/4868
f 4768/4768 4769/4769 4770/4770
f 4770/4770 4771/4771 4768/4768
f 4769/4769 4772/4772 4773/4773
f 4773/4773 4770/4770 4769/4769
f 4772/4772 4774/4774 4775/4775
f 4775/4775 4773/4773 4772/4772
f 4776/4776 4777/4777 4778/4778
f 4778/4778 4779/4779 4776/4776
f 4780/4780 4781/4781 4782/4782
f 4782/4782 4783/4783 4780/4780
f 4784/4784 4785/4785 4786/4786
f 4786/4786 4787/4787 4784/4784
f 4792/4792 4784/4784 4787/4787
f 4787/4787 4793/4793 4792/4792
f 4794/4794 4795/4795 4792/4792
f 4792/4792 4793/4793 4794/4794
f 4788/4788 4789/4789 4790/4790
f 4790/4790 4791/4791 4788/4788
f 4796/4796 4797/4797 4798/4798
f 4798/4798 4799/4799 4796/4796
f 4800/4800 4801/4801 4802/4802
f 4802/4802 4803/4803 4800/4800
f 4816/4816 4802/4802 4801/4801
f 4801/4801 4817/4817 4816/4816
f 4804/4804 4805/4805 4806/4806
f 4806/4806 4807/4807 4804/4804
f 4808/4808 4809/4809 4810/4810
f 4810/4810 4811/4811 4808/4808
f 4812/4812 4813/4813 4814/4814
f 4814/4814 4815/4815 4812/4812
f 4818/4818 4819/4819 4820/4820
f 4820/4820 4821/4821 4818/4818
f 4860/4860 4820/4820 4819/4819
f 4819/4819 4861/4861 4860/4860
f 4822/4822 4823/4823 4824/4824
f 4824/4824 4825/4825 4822/4822
f 4826/4826 4827/4827 4828/4828
f 4828/4828 4829/4829 4826/4826
f 4862/4862 4826/4826 4829/4829
f 4829/4829 4863/4863 4862/4862
f 4830/4830 4831/4831 4832/4832
f 4832/4832 4833/4833 4830/4830
f 4834/4834 4835/4835 4836/4836
f 4836/4836 4837/4837 4834/4834
f 4835/4835 4834/4834 4866/4866
f 4836/4836 4838/4838 4837/4837
f 4839/4839 4840/4840 4841/4841
f 4841/4841 4842/4842 4839/4839
f 4843/4843 4844/4844 4845/4845
f 4845/4845 4846/4846 4843/4843
f 4847/4847 4848/4848 4849/4849
f 4849/4849 4850/4850 4847/4847
f 4848/4848 4847/4847 4851/4851
f 4851/4851 4852/4852 4848/4848
f 4852/4852 4851/4851 4856/4856
f 4853/4853 4854/4854 4852/4852
f 4852/4852 4856/4856 4853/4853
f 4871/4871 4872/4872 4873/4873
f 4873/4873 4874/4874 4871/4871
f 4886/4886 4871/4871 4874/4874
f 4874/4874 4873/4873 4879/4879
f 4879/4879 4880/4880 4874/4874
f 4882/4882 4874/4874 4880/4880
f 4874/4874 4882/4882 4886/4886
f 4885/4885 4886/4886 4882/4882
f 4880/4880 4881/4881 4882/4882
f 4883/4883 4884/4884 4882/4882
f 4882/4882 4881/4881 4883/4883
f 4884/4884 4889/4889 4882/4882
f 4889/4889 4885/4885 4882/4882
f 4875/4875 4876/4876 4877/4877
f 4888/4888 4875/4875 4877/4877
f 4876/4876 4878/4878 4877/4877
f 4877/4877 4878/4878 4887/4887
f 4888/4888 4877/4877 4927/4927
f 4927/4927 4877/4877 4928/4928
f 4877/4877 4887/4887 4929/4929
f 4890/4890 4891/4891 4892/4892
f 4892/4892 4893/4893 4890/4890
f 4891/4891 4910/4910 4913/4913
f 4913/4913 4892/4892 4891/4891
f 4910/4910 4911/4911 4912/4912
f 4912/4912 4913/4913 4910/4910
f 4911/4911 4926/4926 4912/4912
f 4926/4926 4911/4911 4925/4925
f 4925/4925 4924/4924 4926/4926
f 4924/4924 4925/4925 4909/4909
f 4909/4909 4908/4908 4924/4924
f 4908/4908 4909/4909 4906/4906
f 4906/4906 4907/4907 4908/4908
f 4906/4906 4904/4904 4905/4905
f 4905/4905 4907/4907 4906/4906
f 4904/4904 4900/4900 4903/4903
f 4903/4903 4905/4905 4904/4904
f 4900/4900 4901/4901 4902/4902
f 4902/4902 4903/4903 4900/4900
f 4894/4894 4895/4895 4896/4896
f 4896/4896 4897/4897 4894/4894
f 4894/4894 4897/4897 4898/4898
f 4898/4898 4899/4899 4894/4894
f 4895/4895 4921/4921 4920/4920
f 4920/4920 4896/4896 4895/4895
f 4920/4920 4921/4921 4918/4918
f 4918/4918 4919/4919 4920/4920
f 4918/4918 4922/4922 4923/4923
f 4923/4923 4919/4919 4918/4918
f 4915/4915 4899/4899 4898/4898
f 4898/4898 4916/4916 4915/4915
f 4914/4914 4915/4915 4916/4916
f 4916/4916 4917/4917 4914/4914
o wheel_b003
usemtl wheek-11
v 1.3626176 0.3326470 0.4111197
v 1.3691927 0.4050226 0.4205096
v 1.3805395 0.4010517 0.4274837
v 1.3743253 0.3326470 0.4186092
v 1.3882739 0.4703136 0.4477610
v 1.3985740 0.4627605 0.4532399
v 1.4179940 0.5221287 0.4902055
v 1.4266635 0.5117328 0.4933556
v 1.4554433 0.5553961 0.5436885
v 1.4620581 0.5431750 0.5439046
v 1.4969563 0.5668593 0.6029752
v 1.5012934 0.5540092 0.5999382
v 1.5384691 0.5553961 0.6622620
v 1.5405288 0.5431750 0.6559722
v 1.5759186 0.5221288 0.7157450
v 1.5759234 0.5117328 0.7065207
v 1.6056385 0.4703135 0.7581895
v 1.6040128 0.4627605 0.7466369
v 1.6247199 0.4050225 0.7854404
v 1.6220474 0.4010516 0.7723926
v 1.6312948 0.3326470 0.7948307
v 1.6282616 0.3326470 0.7812676
v 1.6247199 0.2602714 0.7854404
v 1.6220474 0.2642423 0.7723926
v 1.6056385 0.1949804 0.7581895
v 1.6040128 0.2025335 0.7466365
v 1.5759186 0.1431652 0.7157450
v 1.5759234 0.1535612 0.7065207
v 1.5384691 0.1098978 0.6622615
v 1.5405288 0.1221190 0.6559717
v 1.4969561 0.0984348 0.6029752
v 1.5012934 0.1112849 0.5999382
v 1.4969561 0.0984348 0.6029752
v 1.4554433 0.1098980 0.5436885
v 1.4620581 0.1221192 0.5439041
v 1.5012934 0.1112849 0.5999382
v 1.4179938 0.1431655 0.4902055
v 1.4266632 0.1535614 0.4933556
v 1.3882739 0.1949807 0.4477610
v 1.3985740 0.2025339 0.4532399
v 1.3691924 0.2602718 0.4205096
v 1.3805395 0.2642427 0.4274837
v 1.3743253 0.3326470 0.4186092
v 1.3805395 0.4010517 0.4274837
v 1.3455000 0.3923826 0.4845899
v 1.3400734 0.3326470 0.4768401
v 1.3985740 0.4627605 0.4532399
v 1.3612489 0.4462709 0.5070819
v 1.4266635 0.5117328 0.4933556
v 1.3857784 0.4890367 0.5421139
v 1.4620581 0.5431750 0.5439046
v 1.4166875 0.5164942 0.5862562
v 1.5012934 0.5540092 0.5999382
v 1.4509504 0.5259554 0.6351886
v 1.5405288 0.5431750 0.6559722
v 1.4852132 0.5164942 0.6841211
v 1.5759234 0.5117328 0.7065207
v 1.5161224 0.4890367 0.7282639
v 1.6040128 0.4627605 0.7466369
v 1.5406520 0.4462708 0.7632959
v 1.6220474 0.4010516 0.7723926
v 1.5564009 0.3923825 0.7857878
v 1.6282616 0.3326470 0.7812676
v 1.5618275 0.3326470 0.7935376
v 1.6220474 0.2642423 0.7723926
v 1.5564006 0.2729114 0.7857878
v 1.6040128 0.2025335 0.7466365
v 1.5406517 0.2190232 0.7632959
v 1.5759234 0.1535612 0.7065207
v 1.5161222 0.1762573 0.7282639
v 1.5405288 0.1221190 0.6559717
v 1.4852132 0.1487999 0.6841211
v 1.5012934 0.1112849 0.5999382
v 1.4509502 0.1393388 0.6351886
v 1.5012934 0.1112849 0.5999382
v 1.4620581 0.1221192 0.5439041
v 1.4166875 0.1488000 0.5862562
v 1.4509502 0.1393388 0.6351886
v 1.4266632 0.1535614 0.4933556
v 1.3857784 0.1762575 0.5421134
v 1.3985740 0.2025339 0.4532399
v 1.3612489 0.2190235 0.5070819
v 1.3805395 0.2642427 0.4274837
v 1.3455000 0.2729117 0.4845899
v 1.4592768 0.3326470 0.9152791
v 1.4527017 0.4050226 0.9058887
v 1.4413546 0.4010517 0.8989147
v 1.4475690 0.3326470 0.9077896
v 1.4336202 0.4703136 0.8786378
v 1.4233203 0.4627605 0.8731590
v 1.4039003 0.5221288 0.8361934
v 1.3952309 0.5117328 0.8330432
v 1.3664511 0.5553962 0.7827103
v 1.3598363 0.5431750 0.7824943
v 1.3249380 0.5668593 0.7234236
v 1.3206009 0.5540092 0.7264607
v 1.2834252 0.5553962 0.6641369
v 1.2813656 0.5431750 0.6704266
v 1.2459758 0.5221288 0.6106538
v 1.2459707 0.5117328 0.6198777
v 1.2162559 0.4703136 0.5682094
v 1.2178815 0.4627605 0.5797619
v 1.1971744 0.4050225 0.5409580
v 1.1998470 0.4010516 0.5540062
v 1.1905993 0.3326469 0.5315681
v 1.1936328 0.3326469 0.5451312
v 1.1971744 0.2602713 0.5409580
v 1.1998470 0.2642422 0.5540062
v 1.2162559 0.1949804 0.5682094
v 1.2178815 0.2025335 0.5797619
v 1.2459760 0.1431653 0.6106538
v 1.2459709 0.1535612 0.6198781
v 1.2834252 0.1098979 0.6641369
v 1.2813656 0.1221191 0.6704266
v 1.3249383 0.0984348 0.7234236
v 1.3206009 0.1112849 0.7264607
v 1.3249383 0.0984348 0.7234236
v 1.3664511 0.1098980 0.7827103
v 1.3598363 0.1221192 0.7824943
v 1.3206009 0.1112849 0.7264607
v 1.4039006 0.1431655 0.8361934
v 1.3952311 0.1535615 0.8330432
v 1.4336204 0.1949808 0.8786378
v 1.4233203 0.2025339 0.8731590
v 1.4527017 0.2602718 0.9058892
v 1.4413549 0.2642427 0.8989147
v 1.4475690 0.3326470 0.9077896
v 1.4413546 0.4010517 0.8989147
v 1.5564009 0.3923825 0.7857878
v 1.5618275 0.3326470 0.7935376
v 1.4233203 0.4627605 0.8731590
v 1.5406520 0.4462708 0.7632959
v 1.3952309 0.5117328 0.8330432
v 1.5161224 0.4890367 0.7282639
v 1.3598363 0.5431750 0.7824943
v 1.4852132 0.5164942 0.6841211
v 1.3206009 0.5540092 0.7264607
v 1.4509504 0.5259554 0.6351886
v 1.2813656 0.5431750 0.6704266
v 1.4166875 0.5164942 0.5862562
v 1.2459707 0.5117328 0.6198777
v 1.3857784 0.4890367 0.5421139
v 1.2178815 0.4627605 0.5797619
v 1.3612489 0.4462709 0.5070819
v 1.1998470 0.4010516 0.5540062
v 1.3455000 0.3923826 0.4845899
v 1.1936328 0.3326469 0.5451312
v 1.3400734 0.3326470 0.4768401
v 1.1998470 0.2642422 0.5540062
v 1.3455000 0.2729117 0.4845899
v 1.2178815 0.2025335 0.5797619
v 1.3612489 0.2190235 0.5070819
v 1.2459709 0.1535612 0.6198781
v 1.3857784 0.1762575 0.5421134
v 1.2813656 0.1221191 0.6704266
v 1.4166875 0.1488000 0.5862562
v 1.3206009 0.1112849 0.7264607
v 1.4509502 0.1393388 0.6351886
v 1.3206009 0.1112849 0.7264607
v 1.3598363 0.1221192 0.7824943
v 1.4852132 0.1487999 0.6841211
v 1.4509502 0.1393388 0.6351886
v 1.3952311 0.1535615 0.8330432
v 1.5161222 0.1762573 0.7282639
v 1.4233203 0.2025339 0.8731590
v 1.5406517 0.2190232 0.7632959
v 1.4413549 0.2642427 0.8989147
v 1.5564006 0.2729114 0.7857878
v 1.3239147 0.4306717 0.3558460
v 1.3484603 0.4196627 0.3800214
v 1.3405553 0.3326470 0.3687321
v 1.3150094 0.3326470 0.3431284
v 1.3497582 0.5191011 0.3927548
v 1.3714015 0.4981607 0.4127848
v 1.3900107 0.5892790 0.4502413
v 1.4071333 0.5604571 0.4638150
v 1.4407317 0.6343359 0.5226782
v 1.4521579 0.6004539 0.5281167
v 1.4969563 0.6498615 0.6029752
v 1.5020680 0.6142357 0.5993958
v 1.5531809 0.6343359 0.6832722
v 1.5519781 0.6004539 0.6706749
v 1.6039019 0.5892789 0.7557092
v 1.5970027 0.5604571 0.7349766
v 1.6441544 0.5191010 0.8131956
v 1.6327346 0.4981607 0.7860068
v 1.6699979 0.4306716 0.8501044
v 1.6556756 0.4196627 0.8187703
v 1.6789029 0.3326469 0.8628220
v 1.6635806 0.3326469 0.8300600
v 1.6699979 0.2346222 0.8501044
v 1.6556756 0.2456312 0.8187703
v 1.6441541 0.1461928 0.8131956
v 1.6327344 0.1671332 0.7860068
v 1.6039017 0.0760149 0.7557092
v 1.5970027 0.1048368 0.7349766
v 1.5531807 0.0309580 0.6832722
v 1.5519781 0.0648402 0.6706749
v 1.4969561 0.0154326 0.6029747
v 1.5020677 0.0510583 0.5993958
v 1.4407314 0.0309582 0.5226778
v 1.4521576 0.0648403 0.5281167
v 1.3900104 0.0760154 0.4502408
v 1.4071330 0.1048372 0.4638150
v 1.3497580 0.1461934 0.3927544
v 1.3714013 0.1671336 0.4127848
v 1.3239145 0.2346228 0.3558460
v 1.3484603 0.2456317 0.3800214
v 1.2877520 0.3326470 0.3433748
v 1.2970904 0.4354406 0.3567113
v 1.3241914 0.5281720 0.3954151
v 1.3664020 0.6017641 0.4556985
v 1.4195908 0.6490131 0.5316595
v 1.4785507 0.6652940 0.6158632
v 1.5375107 0.6490131 0.7000664
v 1.5906992 0.6017641 0.7760279
v 1.6329098 0.5281720 0.8363108
v 1.6600108 0.4354405 0.8750151
v 1.6693489 0.3326469 0.8883516
v 1.6600106 0.2298533 0.8750151
v 1.6329098 0.1371219 0.8363108
v 1.5906990 0.0635298 0.7760274
v 1.5375105 0.0162809 0.7000664
v 1.4785505 0.0000001 0.6158627
v 1.4195903 0.0162811 0.5316591
v 1.3664017 0.0635303 0.4556980
v 1.3241912 0.1371224 0.3954151
v 1.2970904 0.2298539 0.3567108
v 1.3691927 0.4050226 0.4205101
v 1.3626176 0.3326470 0.4111197
v 1.3882741 0.4703136 0.4477610
v 1.4179940 0.5221288 0.4902055
v 1.4554433 0.5553961 0.5436885
v 1.4969563 0.5668593 0.6029752
v 1.5384693 0.5553961 0.6622620
v 1.5759186 0.5221288 0.7157450
v 1.6056385 0.4703135 0.7581895
v 1.6247199 0.4050225 0.7854409
v 1.6312948 0.3326469 0.7948307
v 1.6247199 0.2602714 0.7854404
v 1.6056385 0.1949804 0.7581895
v 1.5759186 0.1431652 0.7157450
v 1.5384691 0.1098978 0.6622615
v 1.4969561 0.0984348 0.6029752
v 1.4554433 0.1098980 0.5436885
v 1.4179938 0.1431655 0.4902055
v 1.3882739 0.1949808 0.4477610
v 1.3691924 0.2602718 0.4205096
v 1.2970904 0.4354406 0.3567113
v 1.2877520 0.3326470 0.3433748
v 1.1532624 0.3326471 0.4375453
v 1.1626008 0.4354406 0.4508818
v 1.3241914 0.5281720 0.3954151
v 1.1897018 0.5281720 0.4895861
v 1.4785507 0.6652940 0.6158632
v 1.4195908 0.6490131 0.5316595
v 1.2851011 0.6490131 0.6258301
v 1.3440611 0.6652940 0.7100337
v 1.5375107 0.6490131 0.7000664
v 1.4785507 0.6652940 0.6158632
v 1.3440611 0.6652940 0.7100337
v 1.4030211 0.6490131 0.7942374
v 1.5906992 0.6017641 0.7760279
v 1.4562096 0.6017641 0.8701984
v 1.6329098 0.5281720 0.8363108
v 1.4984202 0.5281720 0.9304813
v 1.6693489 0.3326469 0.8883516
v 1.6600108 0.4354405 0.8750151
v 1.5255212 0.4354405 0.9691856
v 1.5348596 0.3326469 0.9825221
v 1.6600106 0.2298533 0.8750151
v 1.5255212 0.2298533 0.9691856
v 1.5906990 0.0635298 0.7760274
v 1.4562094 0.0635298 0.8701984
v 1.4030209 0.0162809 0.7942369
v 1.5375105 0.0162809 0.7000664
v 1.4785505 0.0000001 0.6158627
v 1.3440609 0.0000001 0.7100332
v 1.4195903 0.0162811 0.5316591
v 1.4785505 0.0000001 0.6158627
v 1.3440609 0.0000001 0.7100332
v 1.2851009 0.0162811 0.6258301
v 1.3664017 0.0635303 0.4556980
v 1.2319121 0.0635303 0.5498685
v 1.1897016 0.1371224 0.4895856
v 1.3241912 0.1371224 0.3954151
v 1.2970904 0.2298539 0.3567108
v 1.1626008 0.2298539 0.4508818
v 1.1590307 0.3326470 0.4958369
v 1.1669358 0.4196627 0.5071262
v 1.1526137 0.4306717 0.4757925
v 1.1437085 0.3326471 0.4630744
v 1.1898770 0.4981608 0.5398896
v 1.1784573 0.5191011 0.5127008
v 1.2256089 0.5604571 0.5909198
v 1.2187097 0.5892790 0.5701872
v 1.2706335 0.6004539 0.6552215
v 1.2694307 0.6343359 0.6426242
v 1.3205436 0.6142357 0.7265006
v 1.3256553 0.6498615 0.7229217
v 1.3704537 0.6004539 0.7977797
v 1.3818800 0.6343359 0.8032187
v 1.4154784 0.5604571 0.8620814
v 1.4326009 0.5892789 0.8756556
v 1.4512101 0.4981607 0.9131116
v 1.4728534 0.5191010 0.9331421
v 1.4741513 0.4196627 0.9458751
v 1.4986969 0.4306716 0.9700504
v 1.4820563 0.3326469 0.9571648
v 1.5076022 0.3326469 0.9827685
v 1.4741513 0.2456312 0.9458751
v 1.4986969 0.2346222 0.9700504
v 1.4512101 0.1671332 0.9131116
v 1.4728531 0.1461929 0.9331421
v 1.4154784 0.1048368 0.8620814
v 1.4326009 0.0760149 0.8756556
v 1.3704535 0.0648402 0.7977797
v 1.3818797 0.0309580 0.8032182
v 1.3205434 0.0510583 0.7265006
v 1.3256551 0.0154326 0.7229212
v 1.2706333 0.0648403 0.6552215
v 1.2694304 0.0309582 0.6426242
v 1.2256087 0.1048372 0.5909198
v 1.2187095 0.0760154 0.5701872
v 1.1898770 0.1671336 0.5398896
v 1.1784570 0.1461934 0.5127008
v 1.1669358 0.2456318 0.5071262
v 1.1526135 0.2346228 0.4757925
v 1.1626008 0.4354406 0.4508818
v 1.1532624 0.3326471 0.4375453
v 1.1897018 0.5281720 0.4895861
v 1.2319124 0.6017641 0.5498690
v 1.2851011 0.6490131 0.6258301
v 1.3440611 0.6652940 0.7100337
v 1.4030211 0.6490131 0.7942374
v 1.4562096 0.6017641 0.8701984
v 1.4984202 0.5281720 0.9304813
v 1.5255212 0.4354405 0.9691856
v 1.5348596 0.3326469 0.9825221
v 1.5255212 0.2298533 0.9691856
v 1.4984202 0.1371219 0.9304813
v 1.4562094 0.0635298 0.8701984
v 1.4030209 0.0162809 0.7942369
v 1.3440609 0.0000001 0.7100332
v 1.2851009 0.0162811 0.6258301
v 1.2319121 0.0635303 0.5498685
v 1.1897016 0.1371224 0.4895856
v 1.1626008 0.2298539 0.4508818
v 1.1913166 0.3326470 0.5310662
v 1.1978917 0.4050226 0.5404560
v 1.2169732 0.4703136 0.5677069
v 1.2466930 0.5221288 0.6101514
v 1.2841423 0.5553962 0.6636349
v 1.3256553 0.5668593 0.7229217
v 1.3671684 0.5553961 0.7822079
v 1.4046176 0.5221288 0.8356914
v 1.4343375 0.4703135 0.8781359
v 1.4534189 0.4050225 0.9053868
v 1.4599941 0.3326469 0.9147767
v 1.4534189 0.2602714 0.9053868
v 1.4343375 0.1949804 0.8781359
v 1.4046176 0.1431652 0.8356910
v 1.3671681 0.1098979 0.7822079
v 1.3256551 0.0984348 0.7229212
v 1.2841423 0.1098980 0.6636345
v 1.2466928 0.1431655 0.6101514
v 1.2169729 0.1949808 0.5677069
v 1.1978915 0.2602718 0.5404560
v 1.3664020 0.6017641 0.4556985
v 1.2319124 0.6017641 0.5498690
v 1.4984202 0.1371219 0.9304813
v 1.6329098 0.1371219 0.8363108
v 1.5180970 0.5538364 0.6301280
v 1.5352816 0.4354865 0.6279398
v 1.5208405 0.4354865 0.6073160
v 1.5082814 0.5538364 0.6161101
v 1.6251355 0.3683122 0.7829947
v 1.5745637 0.3240707 0.6840403
v 1.5701012 0.3480156 0.6776673
v 1.6221022 0.3845877 0.7786631
v 1.5570080 0.1334999 0.6856986
v 1.5259247 0.2245070 0.6145768
v 1.5376077 0.2393058 0.6312618
v 1.5649491 0.1435588 0.6970399
v 1.4078645 0.1739021 0.4726996
v 1.4565821 0.2743891 0.5155454
v 1.4682650 0.2595904 0.5322303
v 1.4158056 0.1638433 0.4840408
v 1.3838162 0.4336844 0.4383552
v 1.4623649 0.4047816 0.5238043
v 1.4579024 0.3808368 0.5174309
v 1.3807830 0.4174089 0.4340236
v 1.5595219 0.4047816 0.6625584
v 1.5454739 0.3756326 0.6424962
v 1.5237216 0.4031860 0.6114305
v 1.5639844 0.3808368 0.6689319
v 1.5653047 0.2743891 0.6708174
v 1.5450627 0.2886746 0.6419086
v 1.5533713 0.3332570 0.6537749
v 1.5536215 0.2595904 0.6541320
v 1.4959621 0.2245071 0.5717859
v 1.4974996 0.2624850 0.5739818
v 1.5243869 0.2624850 0.6123810
v 1.4842791 0.2393058 0.5551010
v 1.4473231 0.3240708 0.5023225
v 1.4685153 0.3332570 0.5325878
v 1.4768241 0.2886746 0.5444541
v 1.4517856 0.3480156 0.5086955
v 1.4866052 0.4354865 0.5584230
v 1.4981652 0.4031860 0.5749322
v 1.4764128 0.3756326 0.5438666
v 1.5010463 0.4354865 0.5790468
v 1.4786715 0.5538364 0.5738225
v 1.4884870 0.5538364 0.5878409
v 1.6129523 0.4336844 0.7655952
v 1.6159855 0.4174089 0.7699273
v 1.5889040 0.1739022 0.7312509
v 1.5809629 0.1638434 0.7199101
v 1.4397605 0.1335000 0.5182518
v 1.4318194 0.1435588 0.5069111
v 1.3716330 0.3683122 0.4209557
v 1.3746662 0.3845877 0.4252878
v 1.5082814 0.5538364 0.6161101
v 1.5208405 0.4354865 0.6073160
v 1.5029648 0.4354865 0.5987683
v 1.4794718 0.5538364 0.6152179
v 1.6221022 0.3845877 0.7786631
v 1.5701012 0.3480156 0.6776673
v 1.5590640 0.3644262 0.6788862
v 1.6001314 0.4009983 0.7875376
v 1.5649491 0.1435588 0.6970399
v 1.5376077 0.2393058 0.6312618
v 1.5376358 0.2494481 0.6482840
v 1.5540435 0.1537011 0.7217176
v 1.4158056 0.1638433 0.4840408
v 1.4682650 0.2595904 0.5322303
v 1.4682934 0.2494481 0.5492525
v 1.4049001 0.1537011 0.5087186
v 1.3807830 0.4174089 0.4340236
v 1.4579024 0.3808368 0.5174309
v 1.4468652 0.3644262 0.5186498
v 1.3588122 0.4009983 0.4428981
v 1.5639844 0.3808368 0.6689319
v 1.5454739 0.3756326 0.6424962
v 1.5536215 0.2595904 0.6541320
v 1.5450627 0.2886746 0.6419086
v 1.4974996 0.2624850 0.5739818
v 1.4768241 0.2886746 0.5444541
v 1.4517856 0.3480156 0.5086955
v 1.4685153 0.3332570 0.5325878
v 1.5010463 0.4354865 0.5790468
v 1.4981652 0.4031860 0.5749322
v 1.4884870 0.5538364 0.5878409
v 1.6159855 0.4174089 0.7699273
v 1.5809629 0.1638434 0.7199101
v 1.4842791 0.2393058 0.5551010
v 1.4318194 0.1435588 0.5069111
v 1.3746662 0.3845877 0.4252878
v 1.5533713 0.3332570 0.6537749
v 1.5243869 0.2624850 0.6123810
v 1.4764128 0.3756326 0.5438666
v 1.5237216 0.4031860 0.6114305
v 1.5237216 0.4031860 0.6114305
v 1.4917354 0.3326470 0.6066312
v 1.4981652 0.4031860 0.5749322
v 1.5533713 0.3332570 0.6537749
v 1.5454739 0.3756326 0.6424962
v 1.5243869 0.2624850 0.6123810
v 1.5450627 0.2886746 0.6419086
v 1.4768241 0.2886746 0.5444541
v 1.4685153 0.3332570 0.5325878
v 1.4764128 0.3756326 0.5438666
v 1.4974996 0.2624850 0.5739818
v 1.5352816 0.4354865 0.6279398
v 1.5180970 0.5538364 0.6301280
v 1.4928311 0.5538364 0.6478196
v 1.5100156 0.4354865 0.6456314
v 1.5745637 0.3240707 0.6840403
v 1.6251355 0.3683122 0.7829947
v 1.5998694 0.3683122 0.8006864
v 1.5492976 0.3240707 0.7017319
v 1.5259247 0.2245070 0.6145768
v 1.5570080 0.1334999 0.6856986
v 1.5317421 0.1334999 0.7033903
v 1.5006587 0.2245070 0.6322685
v 1.4565821 0.2743891 0.5155454
v 1.4078645 0.1739021 0.4726996
v 1.3825987 0.1739021 0.4903912
v 1.4313160 0.2743891 0.5332370
v 1.4623649 0.4047816 0.5238043
v 1.3838162 0.4336844 0.4383552
v 1.3585504 0.4336844 0.4560469
v 1.4370991 0.4047816 0.5414955
v 1.5595219 0.4047816 0.6625584
v 1.5352816 0.4354865 0.6279398
v 1.5100156 0.4354865 0.6456314
v 1.5342559 0.4047816 0.6802501
v 1.5653047 0.2743891 0.6708174
v 1.5745637 0.3240707 0.6840403
v 1.5492976 0.3240707 0.7017319
v 1.5400386 0.2743891 0.6885085
v 1.4959621 0.2245071 0.5717859
v 1.5259247 0.2245070 0.6145768
v 1.5006587 0.2245070 0.6322685
v 1.4706960 0.2245071 0.5894771
v 1.4473231 0.3240708 0.5023225
v 1.4565821 0.2743891 0.5155454
v 1.4313160 0.2743891 0.5332370
v 1.4220571 0.3240708 0.5200136
v 1.4866052 0.4354865 0.5584230
v 1.4623649 0.4047816 0.5238043
v 1.4370991 0.4047816 0.5414955
v 1.4613394 0.4354865 0.5761141
v 1.4786715 0.5538364 0.5738225
v 1.4866052 0.4354865 0.5584230
v 1.4613394 0.4354865 0.5761141
v 1.4534055 0.5538364 0.5915141
v 1.6129523 0.4336844 0.7655952
v 1.5595219 0.4047816 0.6625584
v 1.5342559 0.4047816 0.6802501
v 1.5876865 0.4336844 0.7832869
v 1.5889040 0.1739022 0.7312509
v 1.5653047 0.2743891 0.6708174
v 1.5400386 0.2743891 0.6885085
v 1.5636379 0.1739022 0.7489425
v 1.4397605 0.1335000 0.5182518
v 1.4959621 0.2245071 0.5717859
v 1.4706960 0.2245071 0.5894771
v 1.4144945 0.1335000 0.5359435
v 1.3716330 0.3683122 0.4209557
v 1.4473231 0.3240708 0.5023225
v 1.4220571 0.3240708 0.5200136
v 1.3463672 0.3683122 0.4386474
v 1.3249065 0.2390455 0.5255305
v 1.3105210 0.3326470 0.5049861
v 1.4543540 0.3326470 0.6328056
v 1.3249065 0.4262486 0.5255305
v 1.3642085 0.4947696 0.5816599
v 1.4178963 0.5198501 0.6583336
v 1.4715839 0.4947695 0.7350074
v 1.5108859 0.4262485 0.7911368
v 1.5252715 0.3326470 0.8116817
v 1.5108859 0.2390455 0.7911368
v 1.4715839 0.1705245 0.7350074
v 1.4178961 0.1454440 0.6583336
v 1.3642085 0.1705244 0.5816599
v -0.1663406 0.3326471 -1.7724577
v -0.1597655 0.4050227 -1.7630673
v -0.1484185 0.4010518 -1.7560933
v -0.1546327 0.3326471 -1.7649682
v -0.1406841 0.4703137 -1.7358164
v -0.1303842 0.4627606 -1.7303376
v -0.1109644 0.5221288 -1.6933720
v -0.1022950 0.5117329 -1.6902218
v -0.0735147 0.5553963 -1.6398889
v -0.0669001 0.5431751 -1.6396729
v -0.0320019 0.5668594 -1.5806022
v -0.0276645 0.5540093 -1.5836393
v 0.0095109 0.5553963 -1.5213155
v 0.0115706 0.5431751 -1.5276052
v 0.0469601 0.5221289 -1.4678324
v 0.0469654 0.5117329 -1.4770567
v 0.0766803 0.4703136 -1.4253880
v 0.0750546 0.4627606 -1.4369405
v 0.0957617 0.4050227 -1.3981370
v 0.0930894 0.4010518 -1.4111848
v 0.1023368 0.3326471 -1.3887467
v 0.0993036 0.3326471 -1.4023098
v 0.0957617 0.2602715 -1.3981370
v 0.0930889 0.2642424 -1.4111848
v 0.0766803 0.1949805 -1.4253880
v 0.0750546 0.2025337 -1.4369410
v 0.0469601 0.1431653 -1.4678324
v 0.0469654 0.1535613 -1.4770567
v 0.0095109 0.1098980 -1.5213159
v 0.0115706 0.1221192 -1.5276057
v -0.0320019 0.0984349 -1.5806022
v -0.0276650 0.1112850 -1.5836393
v -0.0320019 0.0984349 -1.5806022
v -0.0735152 0.1098981 -1.6398889
v -0.0669001 0.1221193 -1.6396733
v -0.0276650 0.1112850 -1.5836393
v -0.1109644 0.1431656 -1.6933720
v -0.1022950 0.1535616 -1.6902218
v -0.1406845 0.1949809 -1.7358169
v -0.1303842 0.2025340 -1.7303376
v -0.1597655 0.2602719 -1.7630678
v -0.1484185 0.2642428 -1.7560938
v -0.1546327 0.3326471 -1.7649682
v -0.1484185 0.4010518 -1.7560933
v -0.1834582 0.3923827 -1.6989870
v -0.1888851 0.3326471 -1.7067373
v -0.1303842 0.4627606 -1.7303376
v -0.1677093 0.4462710 -1.6764955
v -0.1022950 0.5117329 -1.6902218
v -0.1431798 0.4890369 -1.6414635
v -0.0669001 0.5431751 -1.6396729
v -0.1122705 0.5164943 -1.5973213
v -0.0276645 0.5540093 -1.5836393
v -0.0780080 0.5259555 -1.5483888
v 0.0115706 0.5431751 -1.5276052
v -0.0437450 0.5164943 -1.4994563
v 0.0469654 0.5117329 -1.4770567
v -0.0128357 0.4890369 -1.4553136
v 0.0750546 0.4627606 -1.4369405
v 0.0116938 0.4462710 -1.4202816
v 0.0930894 0.4010518 -1.4111848
v 0.0274427 0.3923827 -1.3977896
v 0.0993036 0.3326471 -1.4023098
v 0.0328696 0.3326471 -1.3900398
v 0.0930889 0.2642424 -1.4111848
v 0.0274427 0.2729115 -1.3977896
v 0.0750546 0.2025337 -1.4369410
v 0.0116938 0.2190233 -1.4202816
v 0.0469654 0.1535613 -1.4770567
v -0.0128357 0.1762574 -1.4553136
v 0.0115706 0.1221192 -1.5276057
v -0.0437450 0.1488000 -1.4994563
v -0.0276650 0.1112850 -1.5836393
v -0.0780080 0.1393389 -1.5483888
v -0.0276650 0.1112850 -1.5836393
v -0.0669001 0.1221193 -1.6396733
v -0.1122710 0.1488001 -1.5973213
v -0.0780080 0.1393389 -1.5483888
v -0.1022950 0.1535616 -1.6902218
v -0.1431798 0.1762576 -1.6414640
v -0.1303842 0.2025340 -1.7303376
v -0.1677093 0.2190236 -1.6764955
v -0.1484185 0.2642428 -1.7560938
v -0.1834582 0.2729119 -1.6989875
v -0.0696817 0.3326471 -1.2682983
v -0.0762563 0.4050227 -1.2776887
v -0.0876033 0.4010518 -1.2846627
v -0.0813891 0.3326471 -1.2757878
v -0.0953378 0.4703137 -1.3049396
v -0.1056381 0.4627606 -1.3104184
v -0.1250579 0.5221289 -1.3473841
v -0.1337273 0.5117329 -1.3505342
v -0.1625071 0.5553963 -1.4008676
v -0.1691222 0.5431752 -1.4010832
v -0.2040204 0.5668595 -1.4601538
v -0.2083573 0.5540093 -1.4571168
v -0.2455332 0.5553963 -1.5194406
v -0.2475929 0.5431751 -1.5131508
v -0.2829824 0.5221289 -1.5729236
v -0.2829872 0.5117329 -1.5636998
v -0.3127026 0.4703137 -1.6153681
v -0.3110769 0.4627606 -1.6038155
v -0.3317840 0.4050226 -1.6426195
v -0.3291112 0.4010517 -1.6295712
v -0.3383587 0.3326471 -1.6520093
v -0.3353254 0.3326471 -1.6384462
v -0.3317835 0.2602714 -1.6426195
v -0.3291112 0.2642424 -1.6295712
v -0.3127026 0.1949805 -1.6153681
v -0.3110765 0.2025337 -1.6038155
v -0.2829824 0.1431654 -1.5729236
v -0.2829872 0.1535613 -1.5636993
v -0.2455327 0.1098980 -1.5194406
v -0.2475924 0.1221192 -1.5131508
v -0.2040199 0.0984349 -1.4601538
v -0.2083573 0.1112850 -1.4571168
v -0.2040199 0.0984349 -1.4601538
v -0.1625071 0.1098981 -1.4008671
v -0.1691217 0.1221193 -1.4010832
v -0.2083573 0.1112850 -1.4571168
v -0.1250579 0.1431656 -1.3473841
v -0.1337273 0.1535616 -1.3505342
v -0.0953378 0.1949809 -1.3049396
v -0.1056381 0.2025340 -1.3104184
v -0.0762563 0.2602719 -1.2776887
v -0.0876033 0.2642428 -1.2846627
v -0.0813891 0.3326471 -1.2757878
v -0.0876033 0.4010518 -1.2846627
v 0.0274427 0.3923827 -1.3977896
v 0.0328696 0.3326471 -1.3900398
v -0.1056381 0.4627606 -1.3104184
v 0.0116938 0.4462710 -1.4202816
v -0.1337273 0.5117329 -1.3505342
v -0.0128357 0.4890369 -1.4553136
v -0.1691222 0.5431752 -1.4010832
v -0.0437450 0.5164943 -1.4994563
v -0.2083573 0.5540093 -1.4571168
v -0.0780080 0.5259555 -1.5483888
v -0.2475929 0.5431751 -1.5131508
v -0.1122705 0.5164943 -1.5973213
v -0.2829872 0.5117329 -1.5636998
v -0.1431798 0.4890369 -1.6414635
v -0.3110769 0.4627606 -1.6038155
v -0.1677093 0.4462710 -1.6764955
v -0.3291112 0.4010517 -1.6295712
v -0.1834582 0.3923827 -1.6989870
v -0.3353254 0.3326471 -1.6384462
v -0.1888851 0.3326471 -1.7067373
v -0.3291112 0.2642424 -1.6295712
v -0.1834582 0.2729119 -1.6989875
v -0.3110765 0.2025337 -1.6038155
v -0.1677093 0.2190236 -1.6764955
v -0.2829872 0.1535613 -1.5636993
v -0.1431798 0.1762576 -1.6414640
v -0.2475924 0.1221192 -1.5131508
v -0.1122710 0.1488001 -1.5973213
v -0.2083573 0.1112850 -1.4571168
v -0.0780080 0.1393389 -1.5483888
v -0.2083573 0.1112850 -1.4571168
v -0.1691217 0.1221193 -1.4010832
v -0.0437450 0.1488000 -1.4994563
v -0.0780080 0.1393389 -1.5483888
v -0.1337273 0.1535616 -1.3505342
v -0.0128357 0.1762574 -1.4553136
v -0.1056381 0.2025340 -1.3104184
v 0.0116938 0.2190233 -1.4202816
v -0.0876033 0.2642428 -1.2846627
v 0.0274427 0.2729115 -1.3977896
v -0.2050435 0.4306718 -1.8277314
v -0.1804981 0.4196628 -1.8035561
v -0.1884029 0.3326471 -1.8148454
v -0.2139488 0.3326471 -1.8404490
v -0.1791997 0.5191012 -1.7908226
v -0.1575567 0.4981608 -1.7707926
v -0.1389478 0.5892791 -1.7333362
v -0.1218249 0.5604572 -1.7197624
v -0.0882265 0.6343360 -1.6608992
v -0.0768006 0.6004540 -1.6554607
v -0.0320019 0.6498616 -1.5806022
v -0.0268902 0.6142359 -1.5841816
v 0.0242227 0.6343360 -1.5003052
v 0.0230201 0.6004540 -1.5129025
v 0.0749440 0.5892791 -1.4278682
v 0.0680445 0.5604572 -1.4486008
v 0.1151964 0.5191011 -1.3703818
v 0.1037762 0.4981608 -1.3975701
v 0.1410397 0.4306717 -1.3334730
v 0.1267177 0.4196628 -1.3648072
v 0.1499450 0.3326470 -1.3207554
v 0.1346224 0.3326470 -1.3535174
v 0.1410397 0.2346223 -1.3334730
v 0.1267177 0.2456313 -1.3648072
v 0.1151959 0.1461930 -1.3703818
v 0.1037762 0.1671333 -1.3975706
v 0.0749435 0.0760150 -1.4278682
v 0.0680445 0.1048369 -1.4486008
v 0.0242227 0.0309582 -1.5003052
v 0.0230196 0.0648403 -1.5129025
v -0.0320019 0.0154327 -1.5806027
v -0.0268902 0.0510584 -1.5841816
v -0.0882270 0.0309583 -1.6608997
v -0.0768006 0.0648404 -1.6554607
v -0.1389478 0.0760155 -1.7333366
v -0.1218249 0.1048373 -1.7197624
v -0.1792002 0.1461935 -1.7908231
v -0.1575567 0.1671337 -1.7707926
v -0.2050435 0.2346229 -1.8277314
v -0.1804981 0.2456318 -1.8035561
v -0.2412059 0.3326471 -1.8402026
v -0.2318676 0.4354407 -1.8268661
v -0.2047668 0.5281721 -1.7881623
v -0.1625562 0.6017642 -1.7278789
v -0.1093677 0.6490132 -1.6519179
v -0.0504077 0.6652941 -1.5677142
v 0.0085523 0.6490132 -1.4835111
v 0.0617408 0.6017642 -1.4075495
v 0.1039519 0.5281721 -1.3472666
v 0.1310526 0.4354406 -1.3085623
v 0.1403910 0.3326470 -1.2952259
v 0.1310526 0.2298534 -1.3085623
v 0.1039514 0.1371220 -1.3472666
v 0.0617408 0.0635299 -1.4075500
v 0.0085523 0.0162810 -1.4835111
v -0.0504077 0.0000002 -1.5677147
v -0.1093677 0.0162812 -1.6519184
v -0.1625562 0.0635304 -1.7278794
v -0.2047668 0.1371225 -1.7881623
v -0.2318680 0.2298541 -1.8268666
v -0.1597655 0.4050227 -1.7630673
v -0.1663406 0.3326471 -1.7724577
v -0.1406841 0.4703137 -1.7358164
v -0.1109644 0.5221289 -1.6933720
v -0.0735147 0.5553963 -1.6398889
v -0.0320019 0.5668594 -1.5806022
v 0.0095109 0.5553963 -1.5213155
v 0.0469601 0.5221289 -1.4678324
v 0.0766803 0.4703136 -1.4253880
v 0.0957617 0.4050227 -1.3981366
v 0.1023368 0.3326471 -1.3887467
v 0.0957617 0.2602715 -1.3981370
v 0.0766803 0.1949805 -1.4253880
v 0.0469601 0.1431653 -1.4678324
v 0.0095109 0.1098980 -1.5213159
v -0.0320019 0.0984349 -1.5806022
v -0.0735152 0.1098981 -1.6398889
v -0.1109644 0.1431656 -1.6933720
v -0.1406841 0.1949809 -1.7358169
v -0.1597655 0.2602719 -1.7630678
v -0.2318676 0.4354407 -1.8268661
v -0.2412059 0.3326471 -1.8402026
v -0.3756958 0.3326472 -1.7460321
v -0.3663574 0.4354407 -1.7326956
v -0.2047668 0.5281721 -1.7881623
v -0.3392562 0.5281721 -1.6939913
v -0.0504077 0.6652941 -1.5677142
v -0.1093677 0.6490132 -1.6519179
v -0.2438570 0.6490132 -1.5577474
v -0.1848971 0.6652941 -1.4735437
v 0.0085523 0.6490132 -1.4835111
v -0.0504077 0.6652941 -1.5677142
v -0.1848971 0.6652941 -1.4735437
v -0.1259371 0.6490132 -1.3893401
v 0.0617408 0.6017642 -1.4075495
v -0.0727486 0.6017642 -1.3133790
v 0.1039519 0.5281721 -1.3472666
v -0.0305380 0.5281721 -1.2530961
v 0.1403910 0.3326470 -1.2952259
v 0.1310526 0.4354406 -1.3085623
v -0.0034372 0.4354406 -1.2143918
v 0.0059011 0.3326470 -1.2010553
v 0.1310526 0.2298534 -1.3085623
v -0.0034372 0.2298534 -1.2143918
v 0.0617408 0.0635299 -1.4075500
v -0.0727486 0.0635299 -1.3133790
v -0.1259376 0.0162810 -1.3893405
v 0.0085523 0.0162810 -1.4835111
v -0.0504077 0.0000002 -1.5677147
v -0.1848976 0.0000002 -1.4735442
v -0.1093677 0.0162812 -1.6519184
v -0.0504077 0.0000002 -1.5677147
v -0.1848976 0.0000002 -1.4735442
v -0.2438575 0.0162812 -1.5577474
v -0.1625562 0.0635304 -1.7278794
v -0.2970461 0.0635304 -1.6337089
v -0.3392566 0.1371225 -1.6939918
v -0.2047668 0.1371225 -1.7881623
v -0.2318680 0.2298541 -1.8268666
v -0.3663574 0.2298541 -1.7326956
v -0.3699272 0.3326471 -1.6877406
v -0.3620224 0.4196629 -1.6764513
v -0.3763445 0.4306718 -1.7077850
v -0.3852497 0.3326472 -1.7205031
v -0.3390810 0.4981609 -1.6436878
v -0.3505007 0.5191012 -1.6708766
v -0.3033493 0.5604572 -1.5926576
v -0.3102483 0.5892791 -1.6133902
v -0.2583249 0.6004540 -1.5283559
v -0.2595275 0.6343360 -1.5409532
v -0.2084146 0.6142359 -1.4570768
v -0.2033029 0.6498616 -1.4606558
v -0.1585042 0.6004540 -1.3857977
v -0.1470782 0.6343360 -1.3803588
v -0.1134798 0.5604572 -1.3214960
v -0.0963570 0.5892791 -1.3079218
v -0.0777481 0.4981608 -1.2704653
v -0.0561046 0.5191011 -1.2504354
v -0.0548067 0.4196628 -1.2377024
v -0.0302613 0.4306718 -1.2135270
v -0.0469019 0.3326471 -1.2264126
v -0.0213560 0.3326470 -1.2008089
v -0.0548072 0.2456313 -1.2377024
v -0.0302613 0.2346223 -1.2135270
v -0.0777481 0.1671333 -1.2704658
v -0.0561050 0.1461930 -1.2504354
v -0.1134798 0.1048370 -1.3214960
v -0.0963575 0.0760150 -1.3079218
v -0.1585047 0.0648403 -1.3857977
v -0.1470782 0.0309582 -1.3803593
v -0.2084150 0.0510584 -1.4570768
v -0.2033029 0.0154327 -1.4606562
v -0.2583249 0.0648404 -1.5283559
v -0.2595280 0.0309583 -1.5409532
v -0.3033498 0.1048373 -1.5926576
v -0.3102487 0.0760155 -1.6133902
v -0.3390815 0.1671338 -1.6436878
v -0.3505012 0.1461935 -1.6708766
v -0.3620224 0.2456319 -1.6764513
v -0.3763445 0.2346229 -1.7077850
v -0.3663574 0.4354407 -1.7326956
v -0.3756958 0.3326472 -1.7460321
v -0.3392562 0.5281721 -1.6939913
v -0.2970456 0.6017642 -1.6337084
v -0.2438570 0.6490132 -1.5577474
v -0.1848971 0.6652941 -1.4735437
v -0.1259371 0.6490132 -1.3893401
v -0.0727486 0.6017642 -1.3133790
v -0.0305380 0.5281721 -1.2530961
v -0.0034372 0.4354406 -1.2143918
v 0.0059011 0.3326470 -1.2010553
v -0.0034372 0.2298534 -1.2143918
v -0.0305380 0.1371220 -1.2530961
v -0.0727486 0.0635299 -1.3133790
v -0.1259376 0.0162810 -1.3893405
v -0.1848976 0.0000002 -1.4735442
v -0.2438575 0.0162812 -1.5577474
v -0.2970461 0.0635304 -1.6337089
v -0.3392566 0.1371225 -1.6939918
v -0.3663574 0.2298541 -1.7326956
v -0.3376416 0.3326471 -1.6525112
v -0.3310665 0.4050227 -1.6431214
v -0.3119850 0.4703137 -1.6158705
v -0.2822654 0.5221289 -1.5734260
v -0.2448157 0.5553963 -1.5199425
v -0.2033029 0.5668595 -1.4606558
v -0.1617901 0.5553963 -1.4013695
v -0.1243404 0.5221289 -1.3478860
v -0.0946207 0.4703137 -1.3054415
v -0.0755393 0.4050227 -1.2781906
v -0.0689641 0.3326471 -1.2688003
v -0.0755393 0.2602715 -1.2781906
v -0.0946207 0.1949805 -1.3054415
v -0.1243408 0.1431654 -1.3478865
v -0.1617901 0.1098980 -1.4013695
v -0.2033029 0.0984349 -1.4606562
v -0.2448162 0.1098981 -1.5199430
v -0.2822654 0.1431656 -1.5734260
v -0.3119850 0.1949809 -1.6158705
v -0.3310665 0.2602720 -1.6431214
v -0.1625562 0.6017642 -1.7278789
v -0.2970456 0.6017642 -1.6337084
v -0.0305380 0.1371220 -1.2530961
v 0.1039514 0.1371220 -1.3472666
v -0.0108612 0.5538365 -1.5534495
v 0.0063232 0.4354867 -1.5556376
v -0.0081177 0.4354867 -1.5762615
v -0.0206770 0.5538365 -1.5674674
v 0.0961770 0.3683123 -1.4005827
v 0.0456055 0.3240708 -1.4995372
v 0.0411430 0.3480157 -1.5059102
v 0.0931443 0.3845878 -1.4049143
v 0.0280500 0.1335001 -1.4978788
v -0.0030335 0.2245071 -1.5690006
v 0.0086495 0.2393059 -1.5523157
v 0.0359909 0.1435589 -1.4865376
v -0.1210935 0.1739022 -1.7108779
v -0.0723761 0.2743893 -1.6680320
v -0.0606931 0.2595905 -1.6513471
v -0.1131526 0.1638435 -1.6995366
v -0.1451417 0.4336845 -1.7452222
v -0.0665931 0.4047817 -1.6597731
v -0.0710556 0.3808369 -1.6661466
v -0.1481750 0.4174090 -1.7495543
v 0.0305635 0.4047817 -1.5210190
v 0.0165158 0.3756327 -1.5410812
v -0.0052366 0.4031861 -1.5721469
v 0.0350260 0.3808369 -1.5146455
v 0.0363465 0.2743893 -1.5127601
v 0.0161043 0.2886747 -1.5416688
v 0.0244133 0.3332571 -1.5298025
v 0.0246635 0.2595905 -1.5294454
v -0.0329961 0.2245072 -1.6117915
v -0.0314586 0.2624851 -1.6095957
v -0.0045710 0.2624851 -1.5711965
v -0.0446791 0.2393059 -1.6284764
v -0.0816351 0.3240709 -1.6812549
v -0.0604429 0.3332571 -1.6509896
v -0.0521339 0.2886747 -1.6391233
v -0.0771726 0.3480157 -1.6748820
v -0.0423528 0.4354867 -1.6251545
v -0.0307930 0.4031861 -1.6086452
v -0.0525454 0.3756327 -1.6397109
v -0.0279119 0.4354867 -1.6045307
v -0.0502869 0.5538365 -1.6097549
v -0.0404712 0.5538365 -1.5957366
v 0.0839941 0.4336845 -1.4179822
v 0.0870273 0.4174090 -1.4136501
v 0.0599458 0.1739023 -1.4523265
v 0.0520049 0.1638435 -1.4636673
v -0.0891977 0.1335001 -1.6653256
v -0.0971385 0.1435589 -1.6766664
v -0.1573252 0.3683123 -1.7626217
v -0.1542920 0.3845878 -1.7582896
v -0.0206770 0.5538365 -1.5674674
v -0.0081177 0.4354867 -1.5762615
v -0.0259937 0.4354867 -1.5848092
v -0.0494866 0.5538365 -1.5683596
v 0.0931443 0.3845878 -1.4049143
v 0.0411430 0.3480157 -1.5059102
v 0.0301058 0.3644263 -1.5046912
v 0.0711730 0.4009984 -1.3960398
v 0.0359909 0.1435589 -1.4865376
v 0.0086495 0.2393059 -1.5523157
v 0.0086779 0.2494482 -1.5352934
v 0.0250851 0.1537012 -1.4618598
v -0.1131526 0.1638435 -1.6995366
v -0.0606931 0.2595905 -1.6513471
v -0.0606648 0.2494482 -1.6343249
v -0.1240584 0.1537012 -1.6748589
v -0.1481750 0.4174090 -1.7495543
v -0.0710556 0.3808369 -1.6661466
v -0.0820927 0.3644263 -1.6649276
v -0.1701462 0.4009984 -1.7406793
v 0.0350260 0.3808369 -1.5146455
v 0.0165158 0.3756327 -1.5410812
v 0.0246635 0.2595905 -1.5294454
v 0.0161043 0.2886747 -1.5416688
v -0.0314586 0.2624851 -1.6095957
v -0.0521339 0.2886747 -1.6391233
v -0.0771726 0.3480157 -1.6748820
v -0.0604429 0.3332571 -1.6509896
v -0.0279119 0.4354867 -1.6045307
v -0.0307930 0.4031861 -1.6086452
v -0.0404712 0.5538365 -1.5957366
v 0.0870273 0.4174090 -1.4136501
v 0.0520049 0.1638435 -1.4636673
v -0.0446791 0.2393059 -1.6284764
v -0.0971385 0.1435589 -1.6766664
v -0.1542920 0.3845878 -1.7582896
v 0.0244133 0.3332571 -1.5298025
v -0.0045710 0.2624851 -1.5711965
v -0.0525454 0.3756327 -1.6397109
v -0.0052366 0.4031861 -1.5721469
v -0.0052366 0.4031861 -1.5721469
v -0.0372228 0.3326471 -1.5769463
v -0.0307930 0.4031861 -1.6086452
v 0.0244133 0.3332571 -1.5298025
v 0.0165158 0.3756327 -1.5410812
v -0.0045710 0.2624851 -1.5711965
v 0.0161043 0.2886747 -1.5416688
v -0.0521339 0.2886747 -1.6391233
v -0.0604429 0.3332571 -1.6509896
v -0.0525454 0.3756327 -1.6397109
v -0.0314586 0.2624851 -1.6095957
v 0.0063232 0.4354867 -1.5556376
v -0.0108612 0.5538365 -1.5534495
v -0.0361271 0.5538365 -1.5357578
v -0.0189426 0.4354867 -1.5379460
v 0.0456055 0.3240708 -1.4995372
v 0.0961770 0.3683123 -1.4005827
v 0.0709112 0.3683123 -1.3828910
v 0.0203396 0.3240708 -1.4818455
v -0.0030335 0.2245071 -1.5690006
v 0.0280500 0.1335001 -1.4978788
v 0.0027837 0.1335001 -1.4801872
v -0.0282993 0.2245071 -1.5513089
v -0.0723761 0.2743893 -1.6680320
v -0.1210935 0.1739022 -1.7108779
v -0.1463598 0.1739022 -1.6931862
v -0.0976419 0.2743893 -1.6503404
v -0.0665931 0.4047817 -1.6597731
v -0.1451417 0.4336845 -1.7452222
v -0.1704080 0.4336845 -1.7275305
v -0.0918594 0.4047817 -1.6420819
v 0.0305635 0.4047817 -1.5210190
v 0.0063232 0.4354867 -1.5556376
v -0.0189426 0.4354867 -1.5379460
v 0.0052977 0.4047817 -1.5033274
v 0.0363465 0.2743893 -1.5127601
v 0.0456055 0.3240708 -1.4995372
v 0.0203396 0.3240708 -1.4818455
v 0.0110807 0.2743893 -1.4950689
v -0.0329961 0.2245072 -1.6117915
v -0.0030335 0.2245071 -1.5690006
v -0.0282993 0.2245071 -1.5513089
v -0.0582619 0.2245072 -1.5941004
v -0.0816351 0.3240709 -1.6812549
v -0.0723761 0.2743893 -1.6680320
v -0.0976419 0.2743893 -1.6503404
v -0.1069009 0.3240709 -1.6635638
v -0.0423528 0.4354867 -1.6251545
v -0.0665931 0.4047817 -1.6597731
v -0.0918594 0.4047817 -1.6420819
v -0.0676191 0.4354867 -1.6074633
v -0.0502869 0.5538365 -1.6097549
v -0.0423528 0.4354867 -1.6251545
v -0.0676191 0.4354867 -1.6074633
v -0.0755527 0.5538365 -1.5920633
v 0.0839941 0.4336845 -1.4179822
v 0.0305635 0.4047817 -1.5210190
v 0.0052977 0.4047817 -1.5033274
v 0.0587283 0.4336845 -1.4002906
v 0.0599458 0.1739023 -1.4523265
v 0.0363465 0.2743893 -1.5127601
v 0.0110807 0.2743893 -1.4950689
v 0.0346800 0.1739023 -1.4346349
v -0.0891977 0.1335001 -1.6653256
v -0.0329961 0.2245072 -1.6117915
v -0.0582619 0.2245072 -1.5941004
v -0.1144635 0.1335001 -1.6476339
v -0.1573252 0.3683123 -1.7626217
v -0.0816351 0.3240709 -1.6812549
v -0.1069009 0.3240709 -1.6635638
v -0.1825910 0.3683123 -1.7449301
v -0.2040517 0.2390456 -1.6580469
v -0.2184372 0.3326471 -1.6785913
v -0.0746042 0.3326471 -1.5507719
v -0.2040517 0.4262488 -1.6580469
v -0.1647497 0.4947698 -1.6019175
v -0.1110621 0.5198502 -1.5252438
v -0.0573745 0.4947697 -1.4485700
v -0.0180721 0.4262486 -1.3924407
v -0.0036870 0.3326471 -1.3718958
v -0.0180721 0.2390456 -1.3924407
v -0.0573745 0.1705246 -1.4485700
v -0.1110621 0.1454441 -1.5252438
v -0.1647497 0.1705246 -1.6019175
v 0.2048034 0.3326469 1.7936701
v 0.1982283 0.4050225 1.7842802
v 0.1868812 0.4010516 1.7773061
v 0.1930959 0.3326469 1.7861806
v 0.1791468 0.4703135 1.7570288
v 0.1688469 0.4627605 1.7515499
v 0.1494271 0.5221287 1.7145843
v 0.1407577 0.5117328 1.7114342
v 0.1119774 0.5553961 1.6611013
v 0.1053628 0.5431750 1.6608852
v 0.0704646 0.5668592 1.6018146
v 0.0661273 0.5540092 1.6048516
v 0.0289518 0.5553961 1.5425278
v 0.0268921 0.5431749 1.5488176
v -0.0084974 0.5221287 1.4890448
v -0.0085027 0.5117328 1.4982691
v -0.0382175 0.4703134 1.4466003
v -0.0365919 0.4627604 1.4581533
v -0.0572990 0.4050225 1.4193494
v -0.0546267 0.4010516 1.4323971
v -0.0638741 0.3326469 1.4099591
v -0.0608409 0.3326469 1.4235222
v -0.0572990 0.2602713 1.4193494
v -0.0546262 0.2642422 1.4323971
v -0.0382175 0.1949803 1.4466003
v -0.0365919 0.2025335 1.4581533
v -0.0084974 0.1431652 1.4890448
v -0.0085027 0.1535611 1.4982691
v 0.0289518 0.1098978 1.5425283
v 0.0268921 0.1221190 1.5488181
v 0.0704646 0.0984347 1.6018146
v 0.0661277 0.1112848 1.6048516
v 0.0704646 0.0984347 1.6018146
v 0.1119779 0.1098979 1.6611013
v 0.1053628 0.1221191 1.6608857
v 0.0661277 0.1112848 1.6048516
v 0.1494271 0.1431654 1.7145848
v 0.1407577 0.1535614 1.7114342
v 0.1791473 0.1949807 1.7570288
v 0.1688469 0.2025338 1.7515499
v 0.1982283 0.2602717 1.7842802
v 0.1868812 0.2642426 1.7773061
v 0.1930959 0.3326469 1.7861806
v 0.1868812 0.4010516 1.7773061
v 0.2219209 0.3923825 1.7201999
v 0.2273478 0.3326469 1.7279497
v 0.1688469 0.4627605 1.7515499
v 0.2061720 0.4462708 1.6977079
v 0.1407577 0.5117328 1.7114342
v 0.1816425 0.4890367 1.6626759
v 0.1053628 0.5431750 1.6608852
v 0.1507332 0.5164942 1.6185336
v 0.0661273 0.5540092 1.6048516
v 0.1164707 0.5259553 1.5696012
v 0.0268921 0.5431749 1.5488176
v 0.0822077 0.5164942 1.5206687
v -0.0085027 0.5117328 1.4982691
v 0.0512985 0.4890367 1.4765259
v -0.0365919 0.4627604 1.4581533
v 0.0267690 0.4462708 1.4414939
v -0.0546267 0.4010516 1.4323971
v 0.0110200 0.3923825 1.4190020
v -0.0608409 0.3326469 1.4235222
v 0.0055932 0.3326469 1.4112521
v -0.0546262 0.2642422 1.4323971
v 0.0110200 0.2729113 1.4190024
v -0.0365919 0.2025335 1.4581533
v 0.0267690 0.2190231 1.4414939
v -0.0085027 0.1535611 1.4982691
v 0.0512985 0.1762572 1.4765259
v 0.0268921 0.1221190 1.5488181
v 0.0822077 0.1487999 1.5206687
v 0.0661277 0.1112848 1.6048516
v 0.1164707 0.1393387 1.5696012
v 0.0661277 0.1112848 1.6048516
v 0.1053628 0.1221191 1.6608857
v 0.1507337 0.1487999 1.6185336
v 0.1164707 0.1393387 1.5696012
v 0.1407577 0.1535614 1.7114342
v 0.1816425 0.1762575 1.6626764
v 0.1688469 0.2025338 1.7515499
v 0.2061720 0.2190235 1.6977079
v 0.1868812 0.2642426 1.7773061
v 0.2219209 0.2729117 1.7201999
v 0.1081444 0.3326469 1.2895107
v 0.1147190 0.4050225 1.2989010
v 0.1260661 0.4010516 1.3058751
v 0.1198519 0.3326469 1.2970002
v 0.1338005 0.4703135 1.3261520
v 0.1441008 0.4627604 1.3316308
v 0.1635206 0.5221287 1.3685964
v 0.1721901 0.5117328 1.3717466
v 0.2009698 0.5553961 1.4220795
v 0.2075849 0.5431750 1.4222955
v 0.2424826 0.5668593 1.4813662
v 0.2468200 0.5540092 1.4783291
v 0.2839959 0.5553961 1.5406529
v 0.2860556 0.5431750 1.5343632
v 0.3214452 0.5221287 1.5941360
v 0.3214502 0.5117328 1.5849121
v 0.3511650 0.4703135 1.6365804
v 0.3495394 0.4627604 1.6250279
v 0.3702465 0.4050225 1.6638318
v 0.3675740 0.4010516 1.6507836
v 0.3768216 0.3326469 1.6732217
v 0.3737882 0.3326469 1.6596586
v 0.3702465 0.2602713 1.6638318
v 0.3675740 0.2642422 1.6507836
v 0.3511650 0.1949803 1.6365804
v 0.3495394 0.2025335 1.6250279
v 0.3214452 0.1431652 1.5941360
v 0.3214500 0.1535611 1.5849117
v 0.2839954 0.1098978 1.5406529
v 0.2860551 0.1221190 1.5343632
v 0.2424826 0.0984347 1.4813662
v 0.2468200 0.1112848 1.4783291
v 0.2424826 0.0984347 1.4813662
v 0.2009698 0.1098979 1.4220795
v 0.2075844 0.1221191 1.4222955
v 0.2468200 0.1112848 1.4783291
v 0.1635206 0.1431654 1.3685964
v 0.1721901 0.1535614 1.3717466
v 0.1338005 0.1949807 1.3261520
v 0.1441004 0.2025338 1.3316308
v 0.1147190 0.2602717 1.2989006
v 0.1260661 0.2642426 1.3058751
v 0.1198519 0.3326469 1.2970002
v 0.1260661 0.4010516 1.3058751
v 0.0110200 0.3923825 1.4190020
v 0.0055932 0.3326469 1.4112521
v 0.1441008 0.4627604 1.3316308
v 0.0267690 0.4462708 1.4414939
v 0.1721901 0.5117328 1.3717466
v 0.0512985 0.4890367 1.4765259
v 0.2075849 0.5431750 1.4222955
v 0.0822077 0.5164942 1.5206687
v 0.2468200 0.5540092 1.4783291
v 0.1164707 0.5259553 1.5696012
v 0.2860556 0.5431750 1.5343632
v 0.1507332 0.5164942 1.6185336
v 0.3214502 0.5117328 1.5849121
v 0.1816425 0.4890367 1.6626759
v 0.3495394 0.4627604 1.6250279
v 0.2061720 0.4462708 1.6977079
v 0.3675740 0.4010516 1.6507836
v 0.2219209 0.3923825 1.7201999
v 0.3737882 0.3326469 1.6596586
v 0.2273478 0.3326469 1.7279497
v 0.3675740 0.2642422 1.6507836
v 0.2219209 0.2729117 1.7201999
v 0.3495394 0.2025335 1.6250279
v 0.2061720 0.2190235 1.6977079
v 0.3214500 0.1535611 1.5849117
v 0.1816425 0.1762575 1.6626764
v 0.2860551 0.1221190 1.5343632
v 0.1507337 0.1487999 1.6185336
v 0.2468200 0.1112848 1.4783291
v 0.1164707 0.1393387 1.5696012
v 0.2468200 0.1112848 1.4783291
v 0.2075844 0.1221191 1.4222955
v 0.0822077 0.1487999 1.5206687
v 0.1164707 0.1393387 1.5696012
v 0.1721901 0.1535614 1.3717466
v 0.0512985 0.1762572 1.4765259
v 0.1441004 0.2025338 1.3316308
v 0.0267690 0.2190231 1.4414939
v 0.1260661 0.2642426 1.3058751
v 0.0110200 0.2729113 1.4190024
v 0.2435062 0.4306717 1.8489438
v 0.2189608 0.4196627 1.8247684
v 0.2268656 0.3326470 1.8360577
v 0.2524115 0.3326470 1.8616614
v 0.2176629 0.5191010 1.8120350
v 0.1960194 0.4981607 1.7920050
v 0.1774105 0.5892789 1.7545485
v 0.1602877 0.5604570 1.7409748
v 0.1266893 0.6343359 1.6821115
v 0.1152633 0.6004538 1.6766731
v 0.0704646 0.6498615 1.6018146
v 0.0653529 0.6142357 1.6053940
v 0.0142400 0.6343359 1.5215176
v 0.0154426 0.6004538 1.5341149
v -0.0364812 0.5892789 1.4490806
v -0.0295818 0.5604570 1.4698132
v -0.0767337 0.5191009 1.3915942
v -0.0653135 0.4981607 1.4187830
v -0.1025770 0.4306715 1.3546854
v -0.0882549 0.4196626 1.3860195
v -0.1114822 0.3326468 1.3419677
v -0.0961597 0.3326468 1.3747298
v -0.1025770 0.2346221 1.3546854
v -0.0882549 0.2456311 1.3860195
v -0.0767332 0.1461928 1.3915942
v -0.0653135 0.1671331 1.4187830
v -0.0364808 0.0760149 1.4490806
v -0.0295818 0.1048367 1.4698132
v 0.0142400 0.0309580 1.5215176
v 0.0154431 0.0648401 1.5341149
v 0.0704646 0.0154325 1.6018150
v 0.0653529 0.0510582 1.6053940
v 0.1266897 0.0309582 1.6821120
v 0.1152633 0.0648403 1.6766731
v 0.1774105 0.0760153 1.7545490
v 0.1602877 0.1048371 1.7409748
v 0.2176629 0.1461934 1.8120354
v 0.1960194 0.1671336 1.7920050
v 0.2435062 0.2346228 1.8489438
v 0.2189608 0.2456317 1.8247684
v 0.2796687 0.3326470 1.8614150
v 0.2703303 0.4354406 1.8480785
v 0.2432295 0.5281720 1.8093747
v 0.2010189 0.6017641 1.7490913
v 0.1478304 0.6490131 1.6731303
v 0.0888704 0.6652940 1.5889266
v 0.0299105 0.6490131 1.5047229
v -0.0232781 0.6017640 1.4287619
v -0.0654891 0.5281719 1.3684790
v -0.0925899 0.4354404 1.3297747
v -0.1019283 0.3326468 1.3164382
v -0.0925899 0.2298532 1.3297747
v -0.0654887 0.1371218 1.3684790
v -0.0232781 0.0635298 1.4287624
v 0.0299105 0.0162808 1.5047234
v 0.0888704 0.0000000 1.5889271
v 0.1478304 0.0162810 1.6731307
v 0.2010189 0.0635302 1.7490918
v 0.2432300 0.1371224 1.8093747
v 0.2703308 0.2298539 1.8480790
v 0.1982283 0.4050226 1.7842797
v 0.2048034 0.3326470 1.7936701
v 0.1791468 0.4703135 1.7570288
v 0.1494271 0.5221287 1.7145843
v 0.1119774 0.5553961 1.6611013
v 0.0704646 0.5668592 1.6018146
v 0.0289518 0.5553961 1.5425278
v -0.0084974 0.5221286 1.4890448
v -0.0382175 0.4703134 1.4466003
v -0.0572990 0.4050225 1.4193489
v -0.0638741 0.3326469 1.4099591
v -0.0572990 0.2602713 1.4193494
v -0.0382175 0.1949803 1.4466003
v -0.0084974 0.1431651 1.4890448
v 0.0289518 0.1098978 1.5425283
v 0.0704646 0.0984347 1.6018146
v 0.1119779 0.1098979 1.6611013
v 0.1494271 0.1431655 1.7145848
v 0.1791473 0.1949807 1.7570288
v 0.1982283 0.2602718 1.7842802
v 0.2703303 0.4354406 1.8480785
v 0.2796687 0.3326470 1.8614150
v 0.4141585 0.3326470 1.7672445
v 0.4048201 0.4354406 1.7539080
v 0.2432295 0.5281720 1.8093747
v 0.3777191 0.5281720 1.7152037
v 0.0888704 0.6652940 1.5889266
v 0.1478304 0.6490131 1.6731303
v 0.2823198 0.6490131 1.5789597
v 0.2233598 0.6652940 1.4947561
v 0.0299105 0.6490131 1.5047229
v 0.0888704 0.6652940 1.5889266
v 0.2233598 0.6652940 1.4947561
v 0.1643998 0.6490131 1.4105524
v -0.0232781 0.6017640 1.4287619
v 0.1112113 0.6017640 1.3345914
v -0.0654891 0.5281719 1.3684790
v 0.0690007 0.5281719 1.2743085
v -0.1019283 0.3326468 1.3164382
v -0.0925899 0.4354404 1.3297747
v 0.0418999 0.4354404 1.2356042
v 0.0325616 0.3326468 1.2222677
v -0.0925899 0.2298532 1.3297747
v 0.0418999 0.2298532 1.2356042
v -0.0232781 0.0635298 1.4287624
v 0.1112113 0.0635298 1.3345919
v 0.1644003 0.0162808 1.4105529
v 0.0299105 0.0162808 1.5047234
v 0.0888704 0.0000000 1.5889271
v 0.2233603 0.0000000 1.4947566
v 0.1478304 0.0162810 1.6731307
v 0.0888704 0.0000000 1.5889271
v 0.2233603 0.0000000 1.4947566
v 0.2823203 0.0162810 1.5789602
v 0.2010189 0.0635302 1.7490918
v 0.3355088 0.0635302 1.6549213
v 0.3777194 0.1371224 1.7152042
v 0.2432300 0.1371224 1.8093747
v 0.2703308 0.2298539 1.8480790
v 0.4048201 0.2298539 1.7539080
v 0.4083899 0.3326470 1.7089529
v 0.4004852 0.4196627 1.6976636
v 0.4148072 0.4306717 1.7289973
v 0.4237125 0.3326470 1.7417149
v 0.3775437 0.4981607 1.6649002
v 0.3889637 0.5191010 1.6920890
v 0.3418120 0.5604570 1.6138700
v 0.3487112 0.5892789 1.6346026
v 0.2967876 0.6004538 1.5495683
v 0.2979902 0.6343359 1.5621656
v 0.2468773 0.6142357 1.4782892
v 0.2417656 0.6498615 1.4818681
v 0.1969669 0.6004538 1.4070101
v 0.1855410 0.6343359 1.4015711
v 0.1519426 0.5604570 1.3427084
v 0.1348197 0.5892789 1.3291342
v 0.1162108 0.4981607 1.2916782
v 0.0945673 0.5191009 1.2716477
v 0.0932694 0.4196626 1.2589147
v 0.0687240 0.4306715 1.2347394
v 0.0853646 0.3326468 1.2476250
v 0.0598187 0.3326468 1.2220213
v 0.0932694 0.2456311 1.2589147
v 0.0687240 0.2346221 1.2347394
v 0.1162108 0.1671331 1.2916782
v 0.0945678 0.1461928 1.2716477
v 0.1519426 0.1048367 1.3427084
v 0.1348202 0.0760149 1.3291342
v 0.1969674 0.0648401 1.4070101
v 0.1855410 0.0309580 1.4015716
v 0.2468773 0.0510582 1.4782892
v 0.2417656 0.0154325 1.4818686
v 0.2967876 0.0648403 1.5495683
v 0.2979907 0.0309582 1.5621656
v 0.3418122 0.1048371 1.6138700
v 0.3487115 0.0760153 1.6346026
v 0.3775440 0.1671336 1.6649002
v 0.3889639 0.1461934 1.6920890
v 0.4004852 0.2456317 1.6976636
v 0.4148074 0.2346228 1.7289973
v 0.4048201 0.4354406 1.7539080
v 0.4141585 0.3326470 1.7672445
v 0.3777191 0.5281720 1.7152037
v 0.3355085 0.6017641 1.6549208
v 0.2823198 0.6490131 1.5789597
v 0.2233598 0.6652940 1.4947561
v 0.1643998 0.6490131 1.4105524
v 0.1112113 0.6017640 1.3345914
v 0.0690007 0.5281719 1.2743085
v 0.0418999 0.4354404 1.2356042
v 0.0325616 0.3326468 1.2222677
v 0.0418999 0.2298532 1.2356042
v 0.0690007 0.1371218 1.2743085
v 0.1112113 0.0635298 1.3345919
v 0.1644003 0.0162808 1.4105529
v 0.2233603 0.0000000 1.4947566
v 0.2823203 0.0162810 1.5789602
v 0.3355088 0.0635302 1.6549213
v 0.3777194 0.1371224 1.7152042
v 0.4048201 0.2298539 1.7539080
v 0.3761043 0.3326470 1.6737236
v 0.3695292 0.4050226 1.6643338
v 0.3504478 0.4703135 1.6370828
v 0.3207279 0.5221287 1.5946379
v 0.2832784 0.5553961 1.5411549
v 0.2417656 0.5668592 1.4818681
v 0.2002528 0.5553961 1.4225819
v 0.1628031 0.5221286 1.3690983
v 0.1330834 0.4703134 1.3266539
v 0.1140020 0.4050225 1.2994030
v 0.1074269 0.3326469 1.2900131
v 0.1140020 0.2602713 1.2994030
v 0.1330834 0.1949803 1.3266539
v 0.1628036 0.1431651 1.3690988
v 0.2002528 0.1098978 1.4225819
v 0.2417656 0.0984347 1.4818686
v 0.2832789 0.1098979 1.5411553
v 0.3207281 0.1431655 1.5946384
v 0.3504480 0.1949807 1.6370828
v 0.3695292 0.2602718 1.6643338
v 0.2010189 0.6017641 1.7490913
v 0.3355085 0.6017641 1.6549208
v 0.0690007 0.1371218 1.2743085
v -0.0654887 0.1371218 1.3684790
v 0.0493240 0.5538363 1.5746618
v 0.0321395 0.4354865 1.5768500
v 0.0465804 0.4354865 1.5974738
v 0.0591397 0.5538363 1.5886797
v -0.0577143 0.3683122 1.4217950
v -0.0071427 0.3240707 1.5207495
v -0.0026802 0.3480155 1.5271225
v -0.0546816 0.3845876 1.4261266
v 0.0104127 0.1334999 1.5190912
v 0.0414962 0.2245070 1.5902129
v 0.0298132 0.2393057 1.5735280
v 0.0024719 0.1435587 1.5077499
v 0.1595562 0.1739021 1.7320902
v 0.1108388 0.2743891 1.6892444
v 0.0991559 0.2595904 1.6725595
v 0.1516153 0.1638433 1.7207490
v 0.1836045 0.4336843 1.7664345
v 0.1050558 0.4047816 1.6809855
v 0.1095183 0.3808367 1.6873589
v 0.1866377 0.4174089 1.7707661
v 0.0078992 0.4047816 1.5422314
v 0.0219470 0.3756325 1.5622936
v 0.0436993 0.4031859 1.5933593
v 0.0034367 0.3808367 1.5358579
v 0.0021162 0.2743891 1.5339724
v 0.0223584 0.2886745 1.5628812
v 0.0140494 0.3332569 1.5510149
v 0.0137992 0.2595903 1.5506578
v 0.0714589 0.2245070 1.6330039
v 0.0699213 0.2624850 1.6308080
v 0.0430337 0.2624849 1.5924088
v 0.0831418 0.2393057 1.6496893
v 0.1200978 0.3240707 1.7024673
v 0.0989056 0.3332569 1.6722020
v 0.0905971 0.2886745 1.6603357
v 0.1156353 0.3480155 1.6960943
v 0.0808155 0.4354865 1.6463668
v 0.0692558 0.4031859 1.6298576
v 0.0910081 0.3756325 1.6609232
v 0.0663746 0.4354865 1.6257430
v 0.0887496 0.5538363 1.6309673
v 0.0789339 0.5538363 1.6169489
v -0.0455313 0.4336843 1.4391946
v -0.0485646 0.4174089 1.4348625
v -0.0214831 0.1739021 1.4735389
v -0.0135422 0.1638433 1.4848797
v 0.1276604 0.1334999 1.6865379
v 0.1356013 0.1435587 1.6978787
v 0.1957879 0.3683122 1.7838341
v 0.1927547 0.3845877 1.7795020
v 0.0591397 0.5538363 1.5886797
v 0.0465804 0.4354865 1.5974738
v 0.0644564 0.4354865 1.6060215
v 0.0879493 0.5538363 1.5895719
v -0.0546816 0.3845876 1.4261266
v -0.0026802 0.3480155 1.5271225
v 0.0083569 0.3644261 1.5259036
v -0.0327103 0.4009982 1.4172522
v 0.0024719 0.1435587 1.5077499
v 0.0298132 0.2393057 1.5735280
v 0.0297849 0.2494480 1.5565058
v 0.0133776 0.1537010 1.4830722
v 0.1516153 0.1638433 1.7207490
v 0.0991559 0.2595904 1.6725595
v 0.0991275 0.2494480 1.6555373
v 0.1625211 0.1537010 1.6960712
v 0.1866377 0.4174089 1.7707661
v 0.1095183 0.3808367 1.6873589
v 0.1205554 0.3644261 1.6861400
v 0.2086090 0.4009983 1.7618917
v 0.0034367 0.3808367 1.5358579
v 0.0219470 0.3756325 1.5622936
v 0.0137992 0.2595903 1.5506578
v 0.0223584 0.2886745 1.5628812
v 0.0699213 0.2624850 1.6308080
v 0.0905971 0.2886745 1.6603357
v 0.1156353 0.3480155 1.6960943
v 0.0989056 0.3332569 1.6722020
v 0.0663746 0.4354865 1.6257430
v 0.0692558 0.4031859 1.6298576
v 0.0789339 0.5538363 1.6169489
v -0.0485646 0.4174089 1.4348625
v -0.0135422 0.1638433 1.4848797
v 0.0831418 0.2393057 1.6496893
v 0.1356013 0.1435587 1.6978787
v 0.1927547 0.3845877 1.7795020
v 0.0140494 0.3332569 1.5510149
v 0.0430337 0.2624849 1.5924088
v 0.0910081 0.3756325 1.6609232
v 0.0436993 0.4031859 1.5933593
v 0.0436993 0.4031859 1.5933593
v 0.0756855 0.3326470 1.5981586
v 0.0692558 0.4031859 1.6298576
v 0.0140494 0.3332569 1.5510149
v 0.0219470 0.3756325 1.5622936
v 0.0430337 0.2624849 1.5924088
v 0.0223584 0.2886745 1.5628812
v 0.0905971 0.2886745 1.6603357
v 0.0989056 0.3332569 1.6722020
v 0.0910081 0.3756325 1.6609232
v 0.0699213 0.2624850 1.6308080
v 0.0321395 0.4354865 1.5768500
v 0.0493240 0.5538363 1.5746618
v 0.0745898 0.5538363 1.5569702
v 0.0574053 0.4354865 1.5591584
v -0.0071427 0.3240707 1.5207495
v -0.0577143 0.3683122 1.4217950
v -0.0324485 0.3683122 1.4041034
v 0.0181231 0.3240707 1.5030579
v 0.0414962 0.2245070 1.5902129
v 0.0104127 0.1334999 1.5190912
v 0.0356790 0.1334999 1.5013995
v 0.0667620 0.2245069 1.5725213
v 0.1108388 0.2743891 1.6892444
v 0.1595562 0.1739021 1.7320902
v 0.1848225 0.1739021 1.7143986
v 0.1361046 0.2743891 1.6715528
v 0.1050558 0.4047816 1.6809855
v 0.1836045 0.4336843 1.7664345
v 0.2088708 0.4336843 1.7487429
v 0.1303221 0.4047816 1.6632943
v 0.0078992 0.4047816 1.5422314
v 0.0321395 0.4354865 1.5768500
v 0.0574053 0.4354865 1.5591584
v 0.0331650 0.4047816 1.5245397
v 0.0021162 0.2743891 1.5339724
v -0.0071427 0.3240707 1.5207495
v 0.0181231 0.3240707 1.5030579
v 0.0273820 0.2743891 1.5162813
v 0.0714589 0.2245070 1.6330039
v 0.0414962 0.2245070 1.5902129
v 0.0667620 0.2245069 1.5725213
v 0.0967247 0.2245070 1.6153127
v 0.1200978 0.3240707 1.7024673
v 0.1108388 0.2743891 1.6892444
v 0.1361046 0.2743891 1.6715528
v 0.1453636 0.3240707 1.6847761
v 0.0808155 0.4354865 1.6463668
v 0.1050558 0.4047816 1.6809855
v 0.1303221 0.4047816 1.6632943
v 0.1060818 0.4354865 1.6286757
v 0.0887496 0.5538363 1.6309673
v 0.0808155 0.4354865 1.6463668
v 0.1060818 0.4354865 1.6286757
v 0.1140155 0.5538363 1.6132757
v -0.0455313 0.4336843 1.4391946
v 0.0078992 0.4047816 1.5422314
v 0.0331650 0.4047816 1.5245397
v -0.0202655 0.4336843 1.4215029
v -0.0214831 0.1739021 1.4735389
v 0.0021162 0.2743891 1.5339724
v 0.0273820 0.2743891 1.5162813
v 0.0037827 0.1739021 1.4558477
v 0.1276604 0.1334999 1.6865379
v 0.0714589 0.2245070 1.6330039
v 0.0967247 0.2245070 1.6153127
v 0.1529262 0.1334999 1.6688463
v 0.1957879 0.3683122 1.7838341
v 0.1200978 0.3240707 1.7024673
v 0.1453636 0.3240707 1.6847761
v 0.2210537 0.3683122 1.7661424
v 0.2425144 0.2390455 1.6792593
v 0.2569000 0.3326470 1.6998037
v 0.1130669 0.3326470 1.5719842
v 0.2425144 0.4262486 1.6792593
v 0.2032124 0.4947696 1.6231299
v 0.1495248 0.5198500 1.5464561
v 0.0958373 0.4947695 1.4697824
v 0.0565348 0.4262484 1.4136530
v 0.0421492 0.3326469 1.3931081
v 0.0565348 0.2390454 1.4136530
v 0.0958373 0.1705244 1.4697824
v 0.1495248 0.1454439 1.5464561
v 0.2032124 0.1705244 1.6231299
v -1.3241541 0.3326471 -0.3899074
v -1.3307292 0.4050228 -0.3992977
v -1.3420763 0.4010518 -0.4062713
v -1.3358616 0.3326471 -0.3973968
v -1.3498107 0.4703137 -0.4265486
v -1.3601106 0.4627606 -0.4320275
v -1.3795303 0.5221289 -0.4689931
v -1.3881998 0.5117329 -0.4721433
v -1.4169801 0.5553963 -0.5224761
v -1.4235946 0.5431752 -0.5226922
v -1.4584928 0.5668595 -0.5817629
v -1.4628302 0.5540094 -0.5787258
v -1.5000056 0.5553963 -0.6410496
v -1.5020653 0.5431752 -0.6347599
v -1.5374549 0.5221289 -0.6945326
v -1.5374602 0.5117329 -0.6853083
v -1.5671750 0.4703137 -0.7369771
v -1.5655494 0.4627606 -0.7254241
v -1.5862565 0.4050227 -0.7642280
v -1.5835842 0.4010518 -0.7511803
v -1.5928316 0.3326471 -0.7736184
v -1.5897984 0.3326471 -0.7600552
v -1.5862565 0.2602715 -0.7642280
v -1.5835837 0.2642424 -0.7511803
v -1.5671750 0.1949805 -0.7369771
v -1.5655494 0.2025337 -0.7254241
v -1.5374549 0.1431654 -0.6945326
v -1.5374602 0.1535613 -0.6853083
v -1.5000056 0.1098980 -0.6410491
v -1.5020653 0.1221192 -0.6347594
v -1.4584928 0.0984349 -0.5817629
v -1.4628297 0.1112850 -0.5787258
v -1.4584928 0.0984349 -0.5817629
v -1.4169796 0.1098981 -0.5224761
v -1.4235946 0.1221193 -0.5226917
v -1.4628297 0.1112850 -0.5787258
v -1.3795303 0.1431656 -0.4689931
v -1.3881998 0.1535616 -0.4721433
v -1.3498102 0.1949809 -0.4265481
v -1.3601106 0.2025340 -0.4320275
v -1.3307292 0.2602720 -0.3992972
v -1.3420763 0.2642428 -0.4062713
v -1.3358616 0.3326471 -0.3973968
v -1.3420763 0.4010518 -0.4062713
v -1.3070366 0.3923827 -0.4633780
v -1.3016097 0.3326471 -0.4556277
v -1.3601106 0.4627606 -0.4320275
v -1.3227855 0.4462710 -0.4858695
v -1.3881998 0.5117329 -0.4721433
v -1.3473150 0.4890369 -0.5209015
v -1.4235946 0.5431752 -0.5226922
v -1.3782243 0.5164943 -0.5650438
v -1.4628302 0.5540094 -0.5787258
v -1.4124868 0.5259555 -0.6139763
v -1.5020653 0.5431752 -0.6347599
v -1.4467497 0.5164944 -0.6629087
v -1.5374602 0.5117329 -0.6853083
v -1.4776590 0.4890369 -0.7070515
v -1.5655494 0.4627606 -0.7254241
v -1.5021885 0.4462710 -0.7420835
v -1.5835842 0.4010518 -0.7511803
v -1.5179374 0.3923827 -0.7645755
v -1.5897984 0.3326471 -0.7600552
v -1.5233643 0.3326471 -0.7723253
v -1.5835837 0.2642424 -0.7511803
v -1.5179374 0.2729115 -0.7645750
v -1.5655494 0.2025337 -0.7254241
v -1.5021885 0.2190233 -0.7420835
v -1.5374602 0.1535613 -0.6853083
v -1.4776590 0.1762574 -0.7070515
v -1.5020653 0.1221192 -0.6347594
v -1.4467497 0.1488001 -0.6629087
v -1.4628297 0.1112850 -0.5787258
v -1.4124868 0.1393389 -0.6139763
v -1.4628297 0.1112850 -0.5787258
v -1.4235946 0.1221193 -0.5226917
v -1.3782238 0.1488001 -0.5650438
v -1.4124868 0.1393389 -0.6139763
v -1.3881998 0.1535616 -0.4721433
v -1.3473150 0.1762577 -0.5209010
v -1.3601106 0.2025340 -0.4320275
v -1.3227855 0.2190237 -0.4858695
v -1.3420763 0.2642428 -0.4062713
v -1.3070366 0.2729119 -0.4633776
v -1.4208131 0.3326471 -0.8940667
v -1.4142385 0.4050227 -0.8846764
v -1.4028914 0.4010518 -0.8777023
v -1.4091056 0.3326471 -0.8865773
v -1.3951570 0.4703137 -0.8574255
v -1.3848566 0.4627606 -0.8519466
v -1.3654369 0.5221289 -0.8149810
v -1.3567674 0.5117329 -0.8118308
v -1.3279876 0.5553963 -0.7614980
v -1.3213726 0.5431752 -0.7612819
v -1.2864748 0.5668595 -0.7022112
v -1.2821375 0.5540094 -0.7052483
v -1.2449616 0.5553963 -0.6429245
v -1.2429019 0.5431752 -0.6492142
v -1.2075123 0.5221289 -0.5894415
v -1.2075075 0.5117330 -0.5986653
v -1.1777922 0.4703137 -0.5469970
v -1.1794178 0.4627606 -0.5585495
v -1.1587107 0.4050227 -0.5197456
v -1.1613835 0.4010518 -0.5327938
v -1.1521361 0.3326471 -0.5103557
v -1.1551693 0.3326471 -0.5239189
v -1.1587112 0.2602715 -0.5197456
v -1.1613835 0.2642424 -0.5327938
v -1.1777922 0.1949806 -0.5469970
v -1.1794183 0.2025337 -0.5585495
v -1.2075123 0.1431654 -0.5894415
v -1.2075075 0.1535613 -0.5986658
v -1.2449620 0.1098980 -0.6429245
v -1.2429023 0.1221192 -0.6492142
v -1.2864748 0.0984349 -0.7022112
v -1.2821375 0.1112850 -0.7052483
v -1.2864748 0.0984349 -0.7022112
v -1.3279876 0.1098982 -0.7614980
v -1.3213730 0.1221193 -0.7612819
v -1.2821375 0.1112850 -0.7052483
v -1.3654369 0.1431656 -0.8149810
v -1.3567674 0.1535616 -0.8118308
v -1.3951570 0.1949809 -0.8574255
v -1.3848571 0.2025340 -0.8519466
v -1.4142385 0.2602719 -0.8846764
v -1.4028914 0.2642428 -0.8777023
v -1.4091056 0.3326471 -0.8865773
v -1.4028914 0.4010518 -0.8777023
v -1.5179374 0.3923827 -0.7645755
v -1.5233643 0.3326471 -0.7723253
v -1.3848566 0.4627606 -0.8519466
v -1.5021885 0.4462710 -0.7420835
v -1.3567674 0.5117329 -0.8118308
v -1.4776590 0.4890369 -0.7070515
v -1.3213726 0.5431752 -0.7612819
v -1.4467497 0.5164944 -0.6629087
v -1.2821375 0.5540094 -0.7052483
v -1.4124868 0.5259555 -0.6139763
v -1.2429019 0.5431752 -0.6492142
v -1.3782243 0.5164943 -0.5650438
v -1.2075075 0.5117330 -0.5986653
v -1.3473150 0.4890369 -0.5209015
v -1.1794178 0.4627606 -0.5585495
v -1.3227855 0.4462710 -0.4858695
v -1.1613835 0.4010518 -0.5327938
v -1.3070366 0.3923827 -0.4633780
v -1.1551693 0.3326471 -0.5239189
v -1.3016097 0.3326471 -0.4556277
v -1.1613835 0.2642424 -0.5327938
v -1.3070366 0.2729119 -0.4633776
v -1.1794183 0.2025337 -0.5585495
v -1.3227855 0.2190237 -0.4858695
v -1.2075075 0.1535613 -0.5986658
v -1.3473150 0.1762577 -0.5209010
v -1.2429023 0.1221192 -0.6492142
v -1.3782238 0.1488001 -0.5650438
v -1.2821375 0.1112850 -0.7052483
v -1.4124868 0.1393389 -0.6139763
v -1.2821375 0.1112850 -0.7052483
v -1.3213730 0.1221193 -0.7612819
v -1.4467497 0.1488001 -0.6629087
v -1.4124868 0.1393389 -0.6139763
v -1.3567674 0.1535616 -0.8118308
v -1.4776590 0.1762574 -0.7070515
v -1.3848571 0.2025340 -0.8519466
v -1.5021885 0.2190233 -0.7420835
v -1.4028914 0.2642428 -0.8777023
v -1.5179374 0.2729115 -0.7645750
v -1.2854512 0.4306719 -0.3346337
v -1.3099966 0.4196629 -0.3588090
v -1.3020919 0.3326472 -0.3475197
v -1.2765460 0.3326472 -0.3219161
v -1.3112945 0.5191012 -0.3715425
v -1.3329381 0.4981609 -0.3915724
v -1.3515470 0.5892791 -0.4290289
v -1.3686698 0.5604572 -0.4426026
v -1.4022682 0.6343361 -0.5014659
v -1.4136942 0.6004540 -0.5069043
v -1.4584928 0.6498616 -0.5817629
v -1.4636045 0.6142359 -0.5781834
v -1.5147175 0.6343361 -0.6620598
v -1.5135149 0.6004540 -0.6494626
v -1.5654387 0.5892791 -0.7344968
v -1.5585392 0.5604572 -0.7137642
v -1.6056912 0.5191011 -0.7919833
v -1.5942710 0.4981608 -0.7647944
v -1.6315344 0.4306718 -0.8288921
v -1.6172124 0.4196628 -0.7975579
v -1.6404397 0.3326470 -0.8416097
v -1.6251172 0.3326471 -0.8088477
v -1.6315344 0.2346223 -0.8288921
v -1.6172124 0.2456313 -0.7975579
v -1.6056907 0.1461930 -0.7919833
v -1.5942710 0.1671333 -0.7647944
v -1.5654382 0.0760151 -0.7344968
v -1.5585392 0.1048370 -0.7137642
v -1.5147175 0.0309582 -0.6620598
v -1.5135144 0.0648403 -0.6494626
v -1.4584928 0.0154327 -0.5817624
v -1.4636045 0.0510584 -0.5781834
v -1.4022677 0.0309584 -0.5014654
v -1.4136942 0.0648405 -0.5069043
v -1.3515470 0.0760156 -0.4290284
v -1.3686698 0.1048374 -0.4426026
v -1.3112945 0.1461936 -0.3715420
v -1.3329381 0.1671338 -0.3915724
v -1.2854512 0.2346230 -0.3346337
v -1.3099966 0.2456319 -0.3588090
v -1.2492888 0.3326472 -0.3221624
v -1.2586272 0.4354408 -0.3354989
v -1.2857280 0.5281722 -0.3742027
v -1.3279385 0.6017643 -0.4344861
v -1.3811271 0.6490133 -0.5104472
v -1.4400870 0.6652941 -0.5946508
v -1.4990470 0.6490133 -0.6788545
v -1.5522355 0.6017642 -0.7548155
v -1.5944466 0.5281721 -0.8150984
v -1.6215474 0.4354406 -0.8538027
v -1.6308857 0.3326470 -0.8671392
v -1.6215474 0.2298534 -0.8538023
v -1.5944461 0.1371220 -0.8150984
v -1.5522355 0.0635300 -0.7548151
v -1.4990470 0.0162810 -0.6788540
v -1.4400870 0.0000002 -0.5946503
v -1.3811271 0.0162812 -0.5104467
v -1.3279385 0.0635304 -0.4344856
v -1.2857275 0.1371226 -0.3742027
v -1.2586267 0.2298541 -0.3354984
v -1.3307292 0.4050228 -0.3992977
v -1.3241541 0.3326472 -0.3899074
v -1.3498107 0.4703137 -0.4265486
v -1.3795303 0.5221289 -0.4689931
v -1.4169801 0.5553963 -0.5224761
v -1.4584928 0.5668595 -0.5817629
v -1.5000056 0.5553963 -0.6410496
v -1.5374549 0.5221289 -0.6945326
v -1.5671750 0.4703137 -0.7369771
v -1.5862565 0.4050227 -0.7642280
v -1.5928316 0.3326471 -0.7736184
v -1.5862565 0.2602715 -0.7642280
v -1.5671750 0.1949805 -0.7369771
v -1.5374549 0.1431654 -0.6945326
v -1.5000056 0.1098980 -0.6410491
v -1.4584928 0.0984349 -0.5817629
v -1.4169796 0.1098981 -0.5224761
v -1.3795303 0.1431657 -0.4689931
v -1.3498102 0.1949809 -0.4265481
v -1.3307292 0.2602720 -0.3992972
v -1.2586272 0.4354408 -0.3354989
v -1.2492888 0.3326472 -0.3221624
v -1.1147990 0.3326472 -0.4163330
v -1.1241373 0.4354408 -0.4296694
v -1.2857280 0.5281722 -0.3742027
v -1.1512381 0.5281722 -0.4683737
v -1.4400870 0.6652941 -0.5946508
v -1.3811271 0.6490133 -0.5104472
v -1.2466377 0.6490133 -0.6046177
v -1.3055977 0.6652941 -0.6888213
v -1.4990470 0.6490133 -0.6788545
v -1.4400870 0.6652941 -0.5946508
v -1.3055977 0.6652941 -0.6888213
v -1.3645577 0.6490133 -0.7730250
v -1.5522355 0.6017642 -0.7548155
v -1.4177462 0.6017642 -0.8489860
v -1.5944466 0.5281721 -0.8150984
v -1.4599568 0.5281721 -0.9092689
v -1.6308857 0.3326470 -0.8671392
v -1.6215474 0.4354406 -0.8538027
v -1.4870575 0.4354406 -0.9479732
v -1.4963959 0.3326470 -0.9613097
v -1.6215474 0.2298534 -0.8538023
v -1.4870575 0.2298534 -0.9479732
v -1.5522355 0.0635300 -0.7548151
v -1.4177462 0.0635300 -0.8489860
v -1.3645572 0.0162810 -0.7730245
v -1.4990470 0.0162810 -0.6788540
v -1.4400870 0.0000002 -0.5946503
v -1.3055972 0.0000002 -0.6888209
v -1.3811271 0.0162812 -0.5104467
v -1.4400870 0.0000002 -0.5946503
v -1.3055972 0.0000002 -0.6888209
v -1.2466372 0.0162812 -0.6046177
v -1.3279385 0.0635304 -0.4344856
v -1.1934487 0.0635304 -0.5286561
v -1.1512381 0.1371226 -0.4683733
v -1.2857275 0.1371226 -0.3742027
v -1.2586267 0.2298541 -0.3354984
v -1.1241373 0.2298541 -0.4296694
v -1.1205675 0.3326472 -0.4746245
v -1.1284723 0.4196629 -0.4859138
v -1.1141503 0.4306719 -0.4545801
v -1.1052450 0.3326472 -0.4418620
v -1.1514138 0.4981609 -0.5186773
v -1.1399940 0.5191012 -0.4914884
v -1.1871455 0.5604572 -0.5697074
v -1.1802465 0.5892791 -0.5489749
v -1.2321698 0.6004540 -0.6340091
v -1.2309672 0.6343361 -0.6214118
v -1.2820802 0.6142359 -0.7052882
v -1.2871919 0.6498616 -0.7017093
v -1.3319905 0.6004540 -0.7765674
v -1.3434165 0.6343361 -0.7820063
v -1.3770149 0.5604572 -0.8408691
v -1.3941377 0.5892791 -0.8544433
v -1.4127466 0.4981608 -0.8918997
v -1.4343902 0.5191011 -0.9119297
v -1.4356881 0.4196628 -0.9246627
v -1.4602335 0.4306718 -0.9488380
v -1.4435928 0.3326471 -0.9359525
v -1.4691387 0.3326470 -0.9615561
v -1.4356881 0.2456313 -0.9246627
v -1.4602335 0.2346223 -0.9488380
v -1.4127466 0.1671333 -0.8918992
v -1.4343897 0.1461930 -0.9119297
v -1.3770149 0.1048370 -0.8408691
v -1.3941373 0.0760151 -0.8544433
v -1.3319901 0.0648403 -0.7765674
v -1.3434165 0.0309582 -0.7820058
v -1.2820802 0.0510584 -0.7052882
v -1.2871919 0.0154327 -0.7017088
v -1.2321698 0.0648405 -0.6340091
v -1.2309668 0.0309584 -0.6214118
v -1.1871450 0.1048374 -0.5697074
v -1.1802460 0.0760156 -0.5489749
v -1.1514133 0.1671338 -0.5186773
v -1.1399936 0.1461936 -0.4914884
v -1.1284723 0.2456319 -0.4859138
v -1.1141503 0.2346230 -0.4545801
v -1.1241373 0.4354408 -0.4296694
v -1.1147990 0.3326472 -0.4163330
v -1.1512381 0.5281722 -0.4683737
v -1.1934492 0.6017643 -0.5286566
v -1.2466377 0.6490133 -0.6046177
v -1.3055977 0.6652941 -0.6888213
v -1.3645577 0.6490133 -0.7730250
v -1.4177462 0.6017642 -0.8489860
v -1.4599568 0.5281721 -0.9092689
v -1.4870575 0.4354406 -0.9479732
v -1.4963959 0.3326470 -0.9613097
v -1.4870575 0.2298534 -0.9479732
v -1.4599568 0.1371220 -0.9092689
v -1.4177462 0.0635300 -0.8489860
v -1.3645572 0.0162810 -0.7730245
v -1.3055972 0.0000002 -0.6888209
v -1.2466372 0.0162812 -0.6046177
v -1.1934487 0.0635304 -0.5286561
v -1.1512381 0.1371226 -0.4683733
v -1.1241373 0.2298541 -0.4296694
v -1.1528531 0.3326472 -0.5098538
v -1.1594282 0.4050228 -0.5192437
v -1.1785097 0.4703137 -0.5464946
v -1.2082294 0.5221289 -0.5889395
v -1.2456791 0.5553963 -0.6424226
v -1.2871919 0.5668595 -0.7017093
v -1.3287047 0.5553963 -0.7609956
v -1.3661544 0.5221289 -0.8144791
v -1.3958740 0.4703137 -0.8569235
v -1.4149555 0.4050227 -0.8841745
v -1.4215306 0.3326471 -0.8935648
v -1.4149555 0.2602715 -0.8841745
v -1.3958740 0.1949805 -0.8569235
v -1.3661539 0.1431654 -0.8144786
v -1.3287047 0.1098980 -0.7609956
v -1.2871919 0.0984349 -0.7017088
v -1.2456786 0.1098981 -0.6424221
v -1.2082294 0.1431657 -0.5889390
v -1.1785097 0.1949809 -0.5464946
v -1.1594282 0.2602720 -0.5192437
v -1.3279385 0.6017643 -0.4344861
v -1.1934492 0.6017643 -0.5286566
v -1.4599568 0.1371220 -0.9092689
v -1.5944461 0.1371220 -0.8150984
v -1.4796335 0.5538365 -0.6089156
v -1.4968179 0.4354867 -0.6067274
v -1.4823770 0.4354867 -0.5861036
v -1.4698178 0.5538365 -0.5948977
v -1.5866718 0.3683124 -0.7617824
v -1.5361002 0.3240709 -0.6628279
v -1.5316377 0.3480157 -0.6564549
v -1.5836390 0.3845879 -0.7574503
v -1.5185447 0.1335001 -0.6644862
v -1.4874613 0.2245072 -0.5933645
v -1.4991442 0.2393059 -0.6100494
v -1.5264856 0.1435589 -0.6758275
v -1.3694013 0.1739023 -0.4514872
v -1.4181187 0.2743893 -0.4943330
v -1.4298016 0.2595906 -0.5110179
v -1.3773421 0.1638435 -0.4628285
v -1.3453530 0.4336846 -0.4171429
v -1.4239017 0.4047818 -0.5025920
v -1.4194392 0.3808370 -0.4962185
v -1.3423198 0.4174091 -0.4128108
v -1.5210582 0.4047818 -0.6413460
v -1.5070105 0.3756327 -0.6212838
v -1.4852582 0.4031861 -0.5902182
v -1.5255207 0.3808369 -0.6477195
v -1.5268412 0.2743893 -0.6496050
v -1.5065990 0.2886747 -0.6206962
v -1.5149081 0.3332571 -0.6325625
v -1.5151583 0.2595906 -0.6329196
v -1.4574986 0.2245072 -0.5505735
v -1.4590362 0.2624852 -0.5527694
v -1.4859237 0.2624852 -0.5911686
v -1.4458157 0.2393059 -0.5338881
v -1.4088597 0.3240709 -0.4811101
v -1.4300518 0.3332571 -0.5113755
v -1.4383604 0.2886747 -0.5232418
v -1.4133222 0.3480158 -0.4874831
v -1.4481420 0.4354867 -0.5372106
v -1.4597017 0.4031861 -0.5537198
v -1.4379494 0.3756327 -0.5226542
v -1.4625829 0.4354867 -0.5578344
v -1.4402078 0.5538365 -0.5526101
v -1.4500236 0.5538365 -0.5666285
v -1.5744888 0.4336845 -0.7443828
v -1.5775220 0.4174091 -0.7487149
v -1.5504405 0.1739023 -0.7100385
v -1.5424997 0.1638435 -0.6986977
v -1.4012971 0.1335001 -0.4970395
v -1.3933562 0.1435589 -0.4856987
v -1.3331696 0.3683124 -0.3997433
v -1.3362028 0.3845879 -0.4040754
v -1.4698178 0.5538365 -0.5948977
v -1.4823770 0.4354867 -0.5861036
v -1.4645011 0.4354867 -0.5775559
v -1.4410081 0.5538365 -0.5940055
v -1.5836390 0.3845879 -0.7574503
v -1.5316377 0.3480157 -0.6564549
v -1.5206006 0.3644263 -0.6576739
v -1.5616678 0.4009984 -0.7663252
v -1.5264856 0.1435589 -0.6758275
v -1.4991442 0.2393059 -0.6100494
v -1.4991726 0.2494482 -0.6270716
v -1.5155799 0.1537012 -0.7005053
v -1.3773421 0.1638435 -0.4628285
v -1.4298016 0.2595906 -0.5110179
v -1.4298300 0.2494483 -0.5280402
v -1.3664364 0.1537012 -0.4875062
v -1.3423198 0.4174091 -0.4128108
v -1.4194392 0.3808370 -0.4962185
v -1.4084020 0.3644264 -0.4974375
v -1.3203485 0.4009985 -0.4216857
v -1.5255207 0.3808369 -0.6477195
v -1.5070105 0.3756327 -0.6212838
v -1.5151583 0.2595906 -0.6329196
v -1.5065990 0.2886747 -0.6206962
v -1.4590362 0.2624852 -0.5527694
v -1.4383604 0.2886747 -0.5232418
v -1.4133222 0.3480158 -0.4874831
v -1.4300518 0.3332571 -0.5113755
v -1.4625829 0.4354867 -0.5578344
v -1.4597017 0.4031861 -0.5537198
v -1.4500236 0.5538365 -0.5666285
v -1.5775220 0.4174091 -0.7487149
v -1.5424997 0.1638435 -0.6986977
v -1.4458157 0.2393059 -0.5338881
v -1.3933562 0.1435589 -0.4856987
v -1.3362028 0.3845879 -0.4040754
v -1.5149081 0.3332571 -0.6325625
v -1.4859237 0.2624852 -0.5911686
v -1.4379494 0.3756327 -0.5226542
v -1.4852582 0.4031861 -0.5902182
v -1.4852582 0.4031861 -0.5902182
v -1.4532719 0.3326472 -0.5854188
v -1.4597017 0.4031861 -0.5537198
v -1.5149081 0.3332571 -0.6325625
v -1.5070105 0.3756327 -0.6212838
v -1.4859237 0.2624852 -0.5911686
v -1.5065990 0.2886747 -0.6206962
v -1.4383604 0.2886747 -0.5232418
v -1.4300518 0.3332571 -0.5113755
v -1.4379494 0.3756327 -0.5226542
v -1.4590362 0.2624852 -0.5527694
v -1.4968179 0.4354867 -0.6067274
v -1.4796335 0.5538365 -0.6089156
v -1.4543677 0.5538365 -0.6266072
v -1.4715521 0.4354867 -0.6244191
v -1.5361002 0.3240709 -0.6628279
v -1.5866718 0.3683124 -0.7617824
v -1.5614060 0.3683124 -0.7794740
v -1.5108344 0.3240709 -0.6805196
v -1.4874613 0.2245072 -0.5933645
v -1.5185447 0.1335001 -0.6644862
v -1.4932785 0.1335001 -0.6821779
v -1.4621955 0.2245072 -0.6110561
v -1.4181187 0.2743893 -0.4943330
v -1.3694013 0.1739023 -0.4514872
v -1.3441350 0.1739023 -0.4691788
v -1.3928528 0.2743893 -0.5120247
v -1.4239017 0.4047818 -0.5025920
v -1.3453530 0.4336846 -0.4171429
v -1.3200867 0.4336846 -0.4348345
v -1.3986354 0.4047818 -0.5202831
v -1.5210582 0.4047818 -0.6413460
v -1.4968179 0.4354867 -0.6067274
v -1.4715521 0.4354867 -0.6244191
v -1.4957924 0.4047818 -0.6590377
v -1.5268412 0.2743893 -0.6496050
v -1.5361002 0.3240709 -0.6628279
v -1.5108344 0.3240709 -0.6805196
v -1.5015754 0.2743893 -0.6672962
v -1.4574986 0.2245072 -0.5505735
v -1.4874613 0.2245072 -0.5933645
v -1.4621955 0.2245072 -0.6110561
v -1.4322328 0.2245072 -0.5682647
v -1.4088597 0.3240709 -0.4811101
v -1.4181187 0.2743893 -0.4943330
v -1.3928528 0.2743893 -0.5120247
v -1.3835939 0.3240709 -0.4988013
v -1.4481420 0.4354867 -0.5372106
v -1.4239017 0.4047818 -0.5025920
v -1.3986354 0.4047818 -0.5202831
v -1.4228757 0.4354867 -0.5549018
v -1.4402078 0.5538365 -0.5526101
v -1.4481420 0.4354867 -0.5372106
v -1.4228757 0.4354867 -0.5549018
v -1.4149420 0.5538365 -0.5703018
v -1.5744888 0.4336845 -0.7443828
v -1.5210582 0.4047818 -0.6413460
v -1.4957924 0.4047818 -0.6590377
v -1.5492230 0.4336845 -0.7620745
v -1.5504405 0.1739023 -0.7100385
v -1.5268412 0.2743893 -0.6496050
v -1.5015754 0.2743893 -0.6672962
v -1.5251747 0.1739023 -0.7277297
v -1.4012971 0.1335001 -0.4970395
v -1.4574986 0.2245072 -0.5505735
v -1.4322328 0.2245072 -0.5682647
v -1.3760313 0.1335001 -0.5147311
v -1.3331696 0.3683124 -0.3997433
v -1.4088597 0.3240709 -0.4811101
v -1.3835939 0.3240709 -0.4988013
v -1.3079038 0.3683124 -0.4174350
v -1.2864431 0.2390457 -0.5043182
v -1.2720575 0.3326472 -0.4837737
v -1.4158905 0.3326472 -0.6115932
v -1.2864431 0.4262488 -0.5043182
v -1.3257451 0.4947698 -0.5604475
v -1.3794326 0.5198502 -0.6371213
v -1.4331202 0.4947697 -0.7137950
v -1.4724227 0.4262486 -0.7699244
v -1.4868082 0.3326471 -0.7904693
v -1.4724227 0.2390457 -0.7699244
v -1.4331202 0.1705246 -0.7137950
v -1.3794326 0.1454442 -0.6371213
v -1.3257451 0.1705246 -0.5604475
vt 0.7876761 0.1799845
vt 0.7507979 0.1799700
vt 0.7508054 0.1724629
vt 0.7876909 0.1724777
vt 0.7137452 0.1799630
vt 0.7137489 0.1724554
vt 0.6765752 0.1799596
vt 0.6765767 0.1724517
vt 0.6393455 0.1799566
vt 0.6393457 0.1724483
vt 0.6021085 0.1799563
vt 0.6021084 0.1724480
vt 0.5649123 0.1799585
vt 0.5649119 0.1724505
vt 0.5278012 0.1799645
vt 0.5277997 0.1724571
vt 0.4908172 0.1799720
vt 0.4908133 0.1724651
vt 0.4539990 0.1799858
vt 0.4539914 0.1724795
vt 0.4173794 0.1800114
vt 0.4173664 0.1725053
vt 0.3809759 0.1800656
vt 0.3809632 0.1725578
vt 0.3447511 0.1802203
vt 0.3447778 0.1727024
vt 0.3085379 0.1804440
vt 0.3087424 0.1728935
vt 0.2719289 0.1802780
vt 0.2726772 0.1726862
vt 0.2344424 0.1768389
vt 0.2366307 0.1696440
vt 0.9714389 0.1769763
vt 0.9338984 0.1803510
vt 0.9331653 0.1727637
vt 0.9692671 0.1697751
vt 0.8971496 0.1805120
vt 0.8969411 0.1729640
vt 0.8607588 0.1801231
vt 0.8607278 0.1726054
vt 0.8243293 0.1800214
vt 0.8243499 0.1725119
vt 0.7876909 0.1724777
vt 0.7508054 0.1724629
vt 0.7508183 0.1277784
vt 0.7877178 0.1277902
vt 0.7137489 0.1724554
vt 0.7137546 0.1277712
vt 0.6765767 0.1724517
vt 0.6765798 0.1277672
vt 0.6393457 0.1724483
vt 0.6393473 0.1277640
vt 0.6021084 0.1724480
vt 0.6021079 0.1277637
vt 0.5649119 0.1724505
vt 0.5649099 0.1277662
vt 0.5277997 0.1724571
vt 0.5277977 0.1277726
vt 0.4908133 0.1724651
vt 0.4908096 0.1277820
vt 0.4539914 0.1724795
vt 0.4539822 0.1277957
vt 0.4173664 0.1725053
vt 0.4173495 0.1278173
vt 0.3809632 0.1725578
vt 0.3809443 0.1278487
vt 0.3447778 0.1727024
vt 0.3448865 0.1278869
vt 0.3087424 0.1728935
vt 0.3097799 0.1277998
vt 0.2726772 0.1726862
vt 0.2760232 0.1277063
vt 0.2366307 0.1696440
vt 0.2437133 0.1271166
vt 0.9692671 0.1697751
vt 0.9331653 0.1727637
vt 0.9299209 0.1277724
vt 0.9622716 0.1272084
vt 0.8969411 0.1729640
vt 0.8960714 0.1278447
vt 0.8607278 0.1726054
vt 0.8607510 0.1278310
vt 0.8243499 0.1725119
vt 0.8243972 0.1278081
vt 0.4173082 0.0095960
vt 0.4539637 0.0095816
vt 0.4539715 0.0170912
vt 0.4173241 0.0171070
vt 0.4907976 0.0095704
vt 0.4908012 0.0170794
vt 0.5277889 0.0095616
vt 0.5277900 0.0170699
vt 0.5649052 0.0095568
vt 0.5649056 0.0170645
vt 0.6021065 0.0095548
vt 0.6021067 0.0170623
vt 0.6393487 0.0095550
vt 0.6393484 0.0170626
vt 0.6765842 0.0095574
vt 0.6765829 0.0170652
vt 0.7137641 0.0095607
vt 0.7137604 0.0170689
vt 0.7508395 0.0095661
vt 0.7508321 0.0170749
vt 0.7877682 0.0095718
vt 0.7877512 0.0170819
vt 0.8245337 0.0095663
vt 0.8244863 0.0170814
vt 0.8612043 0.0095273
vt 0.8610407 0.0170421
vt 0.8979751 0.0092296
vt 0.8977646 0.0167475
vt 0.9350367 0.0092482
vt 0.9346228 0.0168160
vt 0.9727772 0.0111950
vt 0.9710667 0.0184963
vt 0.2332126 0.0111387
vt 0.2709115 0.0091950
vt 0.2713238 0.0167617
vt 0.2349232 0.0184341
vt 0.3078476 0.0092066
vt 0.3080563 0.0167248
vt 0.3444139 0.0095475
vt 0.3445767 0.0170617
vt 0.3808244 0.0095985
vt 0.3808701 0.0171144
vt 0.4173241 0.0171070
vt 0.4539715 0.0170912
vt 0.4539822 0.1277957
vt 0.4173495 0.1278173
vt 0.4908012 0.0170794
vt 0.4908096 0.1277820
vt 0.5277900 0.0170699
vt 0.5277977 0.1277726
vt 0.5649056 0.0170645
vt 0.5649099 0.1277662
vt 0.6021067 0.0170623
vt 0.6021079 0.1277637
vt 0.6393484 0.0170626
vt 0.6393473 0.1277640
vt 0.6765829 0.0170652
vt 0.6765798 0.1277672
vt 0.7137604 0.0170689
vt 0.7137546 0.1277712
vt 0.7508321 0.0170749
vt 0.7508183 0.1277784
vt 0.7877512 0.0170819
vt 0.7877178 0.1277902
vt 0.8244863 0.0170814
vt 0.8243972 0.1278081
vt 0.8610407 0.0170421
vt 0.8607510 0.1278310
vt 0.8977646 0.0167475
vt 0.8960714 0.1278447
vt 0.9346228 0.0168160
vt 0.9299209 0.1277724
vt 0.9710667 0.0184963
vt 0.9622716 0.1272084
vt 0.2349232 0.0184341
vt 0.2713238 0.0167617
vt 0.2760232 0.1277063
vt 0.2437133 0.1271166
vt 0.3080563 0.0167248
vt 0.3097799 0.1277998
vt 0.3445767 0.0170617
vt 0.3448865 0.1278869
vt 0.3808701 0.0171144
vt 0.3809443 0.1278487
vt 0.9353137 0.7182474
vt 0.8971136 0.7060819
vt 0.9119589 0.6106988
vt 0.9520588 0.6106988
vt 0.8865315 0.8156456
vt 0.8538935 0.7924033
vt 0.8100694 0.8934348
vt 0.7862262 0.8612680
vt 0.7131016 0.9437016
vt 0.7005100 0.9057172
vt 0.6051798 0.9610929
vt 0.6051798 0.9210839
vt 0.4972579 0.9437016
vt 0.5098495 0.9057170
vt 0.4002902 0.8934345
vt 0.4241334 0.8612680
vt 0.3238278 0.8156455
vt 0.3564658 0.7924032
vt 0.2750451 0.7182474
vt 0.3132458 0.7060817
vt 0.2583004 0.6106985
vt 0.2984003 0.6106985
vt 0.2750454 0.5031496
vt 0.3132459 0.5153151
vt 0.3238281 0.4057511
vt 0.3564661 0.4289934
vt 0.4002904 0.3279617
vt 0.4241337 0.3601282
vt 0.4972584 0.2776945
vt 0.5098500 0.3156792
vt 0.6051804 0.2603034
vt 0.6051803 0.3003121
vt 0.7131022 0.2776946
vt 0.7005104 0.3156793
vt 0.8100698 0.3279621
vt 0.7862264 0.3601286
vt 0.8865317 0.4057517
vt 0.8538938 0.4289938
vt 0.9353139 0.5031503
vt 0.8971136 0.5153159
vt 0.9887742 0.6106988
vt 0.9702525 0.7294785
vt 0.9162972 0.8370413
vt 0.8317350 0.9229380
vt 0.7245083 0.9784365
vt 0.6051798 0.9976354
vt 0.4858513 0.9784365
vt 0.3786246 0.9229379
vt 0.2940620 0.8370411
vt 0.2401063 0.7294785
vt 0.2215850 0.6106985
vt 0.2401066 0.4919186
vt 0.2940624 0.3843555
vt 0.3786248 0.2984582
vt 0.4858517 0.2429597
vt 0.6051804 0.2237607
vt 0.7245089 0.2429598
vt 0.8317356 0.2984588
vt 0.9162976 0.3843562
vt 0.9702526 0.4919193
vt 0.8465021 0.6898557
vt 0.8588159 0.6106986
vt 0.8106850 0.7614275
vt 0.7546915 0.8184400
vt 0.6838702 0.8551830
vt 0.6051798 0.8678734
vt 0.5264895 0.8551828
vt 0.4556681 0.8184399
vt 0.3996743 0.7614273
vt 0.3638571 0.6898556
vt 0.3515434 0.6106985
vt 0.3638573 0.5315412
vt 0.3996745 0.4599693
vt 0.4556684 0.4029566
vt 0.5264897 0.3662134
vt 0.6051801 0.3535228
vt 0.6838704 0.3662135
vt 0.7546917 0.4029569
vt 0.8106853 0.4599697
vt 0.8465023 0.5315419
vt 0.0025589 0.6019640
vt 0.0025589 0.5026903
vt 0.2094823 0.5026902
vt 0.2094823 0.6019639
vt 0.0025589 0.7010988
vt 0.2094823 0.7010987
vt 0.0025590 0.9977897
vt 0.0025589 0.8989787
vt 0.2094823 0.8989786
vt 0.2094824 0.9977897
vt 0.0025590 0.1040244
vt 0.0025590 0.0052310
vt 0.2094824 0.0052309
vt 0.2094824 0.1040243
vt 0.0025590 0.2028592
vt 0.2094824 0.2028590
vt 0.0025590 0.3017869
vt 0.2094824 0.3017867
vt 0.0025590 0.5000498
vt 0.0025590 0.4008449
vt 0.2094824 0.4008451
vt 0.2094824 0.5000501
vt 0.0025590 0.5993924
vt 0.2094824 0.5993924
vt 0.0025590 0.7983302
vt 0.2094824 0.7983302
vt 0.2094824 0.8978077
vt 0.0025590 0.8978077
vt 0.0025590 0.9972180
vt 0.2094824 0.9972180
vt 0.0025589 0.1048670
vt 0.0025589 0.0054611
vt 0.2094823 0.0054611
vt 0.2094823 0.1048670
vt 0.0025589 0.2043364
vt 0.2094823 0.2043366
vt 0.2094823 0.3038317
vt 0.0025589 0.3038317
vt 0.0025589 0.4033000
vt 0.2094823 0.4032999
vt 0.2984035 0.6106988
vt 0.3132488 0.7060809
vt 0.2750483 0.7182465
vt 0.2583035 0.6106988
vt 0.3564686 0.7924015
vt 0.3238307 0.8156439
vt 0.4241357 0.8612657
vt 0.4002923 0.8934323
vt 0.5098509 0.9057142
vt 0.4972592 0.9436989
vt 0.6051801 0.9210810
vt 0.6051801 0.9610899
vt 0.7005093 0.9057141
vt 0.7131010 0.9436989
vt 0.7862244 0.8612655
vt 0.8100678 0.8934322
vt 0.8538913 0.7924015
vt 0.8865293 0.8156437
vt 0.8971108 0.7060807
vt 0.9353112 0.7182464
vt 0.9119560 0.6106985
vt 0.9520559 0.6106985
vt 0.8971107 0.5153162
vt 0.9353108 0.5031506
vt 0.8538910 0.4289953
vt 0.8865288 0.4057530
vt 0.7862240 0.3601309
vt 0.8100674 0.3279642
vt 0.7005090 0.3156823
vt 0.7131006 0.2776976
vt 0.6051797 0.3003155
vt 0.6051797 0.2603067
vt 0.5098505 0.3156824
vt 0.4972588 0.2776978
vt 0.4241353 0.3601313
vt 0.4002919 0.3279648
vt 0.3564683 0.4289959
vt 0.3238303 0.4057538
vt 0.3132486 0.5153170
vt 0.2750481 0.5031514
vt 0.2401094 0.7294777
vt 0.2215881 0.6106988
vt 0.2940650 0.8370396
vt 0.3786266 0.9229357
vt 0.4858525 0.9784337
vt 0.6051801 0.9976327
vt 0.7245077 0.9784337
vt 0.8317335 0.9229354
vt 0.9162951 0.8370394
vt 0.9702500 0.7294775
vt 0.9887712 0.6106985
vt 0.9702498 0.4919196
vt 0.9162947 0.3843575
vt 0.8317332 0.2984609
vt 0.7245072 0.2429628
vt 0.6051797 0.2237640
vt 0.4858520 0.2429631
vt 0.3786261 0.2984614
vt 0.2940646 0.3843582
vt 0.2401092 0.4919204
vt 0.3515470 0.6106986
vt 0.3638606 0.6898547
vt 0.3996772 0.7614256
vt 0.4556702 0.8184375
vt 0.5264908 0.8551802
vt 0.6051801 0.8678703
vt 0.6838694 0.8551802
vt 0.7546898 0.8184374
vt 0.8106828 0.7614256
vt 0.8464992 0.6898546
vt 0.8588128 0.6106985
vt 0.8464991 0.5315423
vt 0.8106824 0.4599713
vt 0.7546895 0.4029593
vt 0.6838689 0.3662165
vt 0.6051798 0.3535261
vt 0.5264904 0.3662167
vt 0.4556699 0.4029596
vt 0.3996769 0.4599718
vt 0.3638604 0.5315430
vt 0.0025589 0.8000960
vt 0.2094823 0.8000958
vt 0.2094824 0.6988375
vt 0.0025590 0.6988375
vt 0.6454802 0.3899505
vt 0.6508086 0.4996584
vt 0.6255980 0.4990772
vt 0.6304966 0.3894393
vt 0.8290308 0.5828530
vt 0.7262776 0.6218386
vt 0.7190411 0.5976749
vt 0.8248791 0.5684361
vt 0.7021689 0.8169757
vt 0.6333925 0.7313434
vt 0.6541306 0.7169997
vt 0.7145931 0.8085857
vt 0.4403801 0.7687701
vt 0.5005408 0.6768728
vt 0.5205972 0.6921592
vt 0.4522037 0.7779884
vt 0.4052855 0.5048009
vt 0.5113009 0.5336678
vt 0.5029524 0.5574671
vt 0.4001611 0.5188968
vt 0.6982546 0.5321232
vt 0.6718882 0.5639371
vt 0.6282581 0.5334733
vt 0.7059722 0.5563014
vt 0.7100486 0.6769938
vt 0.6716488 0.6617404
vt 0.6871451 0.6108330
vt 0.6894371 0.6917968
vt 0.5759335 0.7329610
vt 0.5785660 0.6917331
vt 0.6317649 0.6907359
vt 0.5554836 0.7179400
vt 0.4812342 0.6227181
vt 0.5212677 0.6124765
vt 0.5386609 0.6627671
vt 0.4892040 0.5986194
vt 0.5568445 0.4985846
vt 0.5789468 0.5334918
vt 0.5364894 0.5655695
vt 0.5822197 0.4987202
vt 0.5634738 0.3905549
vt 0.5782602 0.3898335
vt 0.8030778 0.5050132
vt 0.8083412 0.5188570
vt 0.7681689 0.7682999
vt 0.7566280 0.7775723
vt 0.5070888 0.8164695
vt 0.4947010 0.8083650
vt 0.3804822 0.5830128
vt 0.3843732 0.5687187
vt 0.6304966 0.3894393
vt 0.6255980 0.4990772
vt 0.6039379 0.4967943
vt 0.6043536 0.3829903
vt 0.8248791 0.5684361
vt 0.7190411 0.5976749
vt 0.7145182 0.5763650
vt 0.8229260 0.5415667
vt 0.7145931 0.8085857
vt 0.6541306 0.7169997
vt 0.6729969 0.7061182
vt 0.7395358 0.7984420
vt 0.4522037 0.7779884
vt 0.5205972 0.6921592
vt 0.5367802 0.7067353
vt 0.4695670 0.7985687
vt 0.4001611 0.5188968
vt 0.5029524 0.5574671
vt 0.4940847 0.5773646
vt 0.3859362 0.5417750
vt 0.7059722 0.5563014
vt 0.6718882 0.5639371
vt 0.6894371 0.6917968
vt 0.6716488 0.6617404
vt 0.5785660 0.6917331
vt 0.5386609 0.6627671
vt 0.4892040 0.5986194
vt 0.5212677 0.6124765
vt 0.5822197 0.4987202
vt 0.5789468 0.5334918
vt 0.5782602 0.3898335
vt 0.8083412 0.5188570
vt 0.7566280 0.7775723
vt 0.5554836 0.7179400
vt 0.4947010 0.8083650
vt 0.3843732 0.5687187
vt 0.6871451 0.6108330
vt 0.6317649 0.6907359
vt 0.5364894 0.5655695
vt 0.6282581 0.5334733
vt 0.6282581 0.5334733
vt 0.6044636 0.6126758
vt 0.5789468 0.5334918
vt 0.6871451 0.6108330
vt 0.6718882 0.5639371
vt 0.6317649 0.6907359
vt 0.6716488 0.6617404
vt 0.5386609 0.6627671
vt 0.5212677 0.6124765
vt 0.5364894 0.5655695
vt 0.5785660 0.6917331
vt 0.6508086 0.4996584
vt 0.6454802 0.3899505
vt 0.6760017 0.3822744
vt 0.6831945 0.4750151
vt 0.7262776 0.6218386
vt 0.8290308 0.5828530
vt 0.8457797 0.6095287
vt 0.7597294 0.6450407
vt 0.6333925 0.7313434
vt 0.7021689 0.8169757
vt 0.6819839 0.8411205
vt 0.6216709 0.7703097
vt 0.5005408 0.6768728
vt 0.4403801 0.7687701
vt 0.4111733 0.7570450
vt 0.4598525 0.6777788
vt 0.5113009 0.5336678
vt 0.4052855 0.5048009
vt 0.4074267 0.4733898
vt 0.4978788 0.4952418
vt 0.6982546 0.5321232
vt 0.6508086 0.4996584
vt 0.6831945 0.4750151
vt 0.7118388 0.4971410
vt 0.7100486 0.6769938
vt 0.7262776 0.6218386
vt 0.7597294 0.6450407
vt 0.7475129 0.6791176
vt 0.5759335 0.7329610
vt 0.6333925 0.7313434
vt 0.6216709 0.7703097
vt 0.5854996 0.7692376
vt 0.4812342 0.6227181
vt 0.5005408 0.6768728
vt 0.4598525 0.6777788
vt 0.4496771 0.6430379
vt 0.5568445 0.4985846
vt 0.5113009 0.5336678
vt 0.4978788 0.4952418
vt 0.5277827 0.4748516
vt 0.5634738 0.3905549
vt 0.5568445 0.4985846
vt 0.5277827 0.4748516
vt 0.5333244 0.3835090
vt 0.8030778 0.5050132
vt 0.6982546 0.5321232
vt 0.7118388 0.4971410
vt 0.8004524 0.4741506
vt 0.7681689 0.7682999
vt 0.7100486 0.6769938
vt 0.7475129 0.6791176
vt 0.7967048 0.7562844
vt 0.5070888 0.8164695
vt 0.5759335 0.7329610
vt 0.5854996 0.7692376
vt 0.5273423 0.8398861
vt 0.3804822 0.5830128
vt 0.4812342 0.6227181
vt 0.4496771 0.6430379
vt 0.3644478 0.6095287
vt 0.9879573 0.8955575
vt 0.9971073 0.9297060
vt 0.9288103 0.9297060
vt 0.9879573 0.9638546
vt 0.9629588 0.9888530
vt 0.9288103 0.9980031
vt 0.8946617 0.9888530
vt 0.8696634 0.9638546
vt 0.8605133 0.9297060
vt 0.8696634 0.8955575
vt 0.8946618 0.8705590
vt 0.9288104 0.8614091
vt 0.9629588 0.8705590
vt 0.7876761 0.1799845
vt 0.7507979 0.1799700
vt 0.7508054 0.1724629
vt 0.7876909 0.1724777
vt 0.7137452 0.1799630
vt 0.7137489 0.1724554
vt 0.6765752 0.1799596
vt 0.6765767 0.1724517
vt 0.6393455 0.1799566
vt 0.6393457 0.1724483
vt 0.6021085 0.1799563
vt 0.6021084 0.1724480
vt 0.5649123 0.1799585
vt 0.5649119 0.1724505
vt 0.5278012 0.1799645
vt 0.5277997 0.1724571
vt 0.4908172 0.1799720
vt 0.4908133 0.1724651
vt 0.4539990 0.1799858
vt 0.4539914 0.1724795
vt 0.4173794 0.1800114
vt 0.4173664 0.1725053
vt 0.3809759 0.1800656
vt 0.3809632 0.1725578
vt 0.3447511 0.1802203
vt 0.3447778 0.1727024
vt 0.3085379 0.1804440
vt 0.3087424 0.1728935
vt 0.2719289 0.1802780
vt 0.2726772 0.1726862
vt 0.2344424 0.1768389
vt 0.2366307 0.1696440
vt 0.9714389 0.1769763
vt 0.9338984 0.1803510
vt 0.9331653 0.1727637
vt 0.9692671 0.1697751
vt 0.8971496 0.1805120
vt 0.8969411 0.1729640
vt 0.8607588 0.1801231
vt 0.8607278 0.1726054
vt 0.8243293 0.1800214
vt 0.8243499 0.1725119
vt 0.7876909 0.1724777
vt 0.7508054 0.1724629
vt 0.7508183 0.1277784
vt 0.7877178 0.1277902
vt 0.7137489 0.1724554
vt 0.7137546 0.1277712
vt 0.6765767 0.1724517
vt 0.6765798 0.1277672
vt 0.6393457 0.1724483
vt 0.6393473 0.1277640
vt 0.6021084 0.1724480
vt 0.6021079 0.1277637
vt 0.5649119 0.1724505
vt 0.5649099 0.1277662
vt 0.5277997 0.1724571
vt 0.5277977 0.1277726
vt 0.4908133 0.1724651
vt 0.4908096 0.1277820
vt 0.4539914 0.1724795
vt 0.4539822 0.1277957
vt 0.4173664 0.1725053
vt 0.4173495 0.1278173
vt 0.3809632 0.1725578
vt 0.3809443 0.1278487
vt 0.3447778 0.1727024
vt 0.3448865 0.1278869
vt 0.3087424 0.1728935
vt 0.3097799 0.1277998
vt 0.2726772 0.1726862
vt 0.2760232 0.1277063
vt 0.2366307 0.1696440
vt 0.2437133 0.1271166
vt 0.9692671 0.1697751
vt 0.9331653 0.1727637
vt 0.9299209 0.1277724
vt 0.9622716 0.1272084
vt 0.8969411 0.1729640
vt 0.8960714 0.1278447
vt 0.8607278 0.1726054
vt 0.8607510 0.1278310
vt 0.8243499 0.1725119
vt 0.8243972 0.1278081
vt 0.4173082 0.0095960
vt 0.4539637 0.0095816
vt 0.4539715 0.0170912
vt 0.4173241 0.0171070
vt 0.4907976 0.0095704
vt 0.4908012 0.0170794
vt 0.5277889 0.0095616
vt 0.5277900 0.0170699
vt 0.5649052 0.0095568
vt 0.5649056 0.0170645
vt 0.6021065 0.0095548
vt 0.6021067 0.0170623
vt 0.6393487 0.0095550
vt 0.6393484 0.0170626
vt 0.6765842 0.0095574
vt 0.6765829 0.0170652
vt 0.7137641 0.0095607
vt 0.7137604 0.0170689
vt 0.7508395 0.0095661
vt 0.7508321 0.0170749
vt 0.7877682 0.0095718
vt 0.7877512 0.0170819
vt 0.8245337 0.0095663
vt 0.8244863 0.0170814
vt 0.8612043 0.0095273
vt 0.8610407 0.0170421
vt 0.8979751 0.0092296
vt 0.8977646 0.0167475
vt 0.9350367 0.0092482
vt 0.9346228 0.0168160
vt 0.9727772 0.0111950
vt 0.9710667 0.0184963
vt 0.2332126 0.0111387
vt 0.2709115 0.0091950
vt 0.2713238 0.0167617
vt 0.2349232 0.0184341
vt 0.3078476 0.0092066
vt 0.3080563 0.0167248
vt 0.3444139 0.0095475
vt 0.3445767 0.0170617
vt 0.3808244 0.0095985
vt 0.3808701 0.0171144
vt 0.4173241 0.0171070
vt 0.4539715 0.0170912
vt 0.4539822 0.1277957
vt 0.4173495 0.1278173
vt 0.4908012 0.0170794
vt 0.4908096 0.1277820
vt 0.5277900 0.0170699
vt 0.5277977 0.1277726
vt 0.5649056 0.0170645
vt 0.5649099 0.1277662
vt 0.6021067 0.0170623
vt 0.6021079 0.1277637
vt 0.6393484 0.0170626
vt 0.6393473 0.1277640
vt 0.6765829 0.0170652
vt 0.6765798 0.1277672
vt 0.7137604 0.0170689
vt 0.7137546 0.1277712
vt 0.7508321 0.0170749
vt 0.7508183 0.1277784
vt 0.7877512 0.0170819
vt 0.7877178 0.1277902
vt 0.8244863 0.0170814
vt 0.8243972 0.1278081
vt 0.8610407 0.0170421
vt 0.8607510 0.1278310
vt 0.8977646 0.0167475
vt 0.8960714 0.1278447
vt 0.9346228 0.0168160
vt 0.9299209 0.1277724
vt 0.9710667 0.0184963
vt 0.9622716 0.1272084
vt 0.2349232 0.0184341
vt 0.2713238 0.0167617
vt 0.2760232 0.1277063
vt 0.2437133 0.1271166
vt 0.3080563 0.0167248
vt 0.3097799 0.1277998
vt 0.3445767 0.0170617
vt 0.3448865 0.1278869
vt 0.3808701 0.0171144
vt 0.3809443 0.1278487
vt 0.9353137 0.7182474
vt 0.8971136 0.7060819
vt 0.9119589 0.6106988
vt 0.9520588 0.6106988
vt 0.8865315 0.8156456
vt 0.8538935 0.7924033
vt 0.8100694 0.8934348
vt 0.7862262 0.8612680
vt 0.7131016 0.9437016
vt 0.7005100 0.9057172
vt 0.6051798 0.9610929
vt 0.6051798 0.9210839
vt 0.4972579 0.9437016
vt 0.5098495 0.9057170
vt 0.4002902 0.8934345
vt 0.4241334 0.8612680
vt 0.3238278 0.8156455
vt 0.3564658 0.7924032
vt 0.2750451 0.7182474
vt 0.3132458 0.7060817
vt 0.2583004 0.6106985
vt 0.2984003 0.6106985
vt 0.2750454 0.5031496
vt 0.3132459 0.5153151
vt 0.3238281 0.4057511
vt 0.3564661 0.4289934
vt 0.4002904 0.3279617
vt 0.4241337 0.3601282
vt 0.4972584 0.2776945
vt 0.5098500 0.3156792
vt 0.6051804 0.2603034
vt 0.6051803 0.3003121
vt 0.7131022 0.2776946
vt 0.7005104 0.3156793
vt 0.8100698 0.3279621
vt 0.7862264 0.3601286
vt 0.8865317 0.4057517
vt 0.8538938 0.4289938
vt 0.9353139 0.5031503
vt 0.8971136 0.5153159
vt 0.9887742 0.6106988
vt 0.9702525 0.7294785
vt 0.9162972 0.8370413
vt 0.8317350 0.9229380
vt 0.7245083 0.9784365
vt 0.6051798 0.9976354
vt 0.4858513 0.9784365
vt 0.3786246 0.9229379
vt 0.2940620 0.8370411
vt 0.2401063 0.7294785
vt 0.2215850 0.6106985
vt 0.2401066 0.4919186
vt 0.2940624 0.3843555
vt 0.3786248 0.2984582
vt 0.4858517 0.2429597
vt 0.6051804 0.2237607
vt 0.7245089 0.2429598
vt 0.8317356 0.2984588
vt 0.9162976 0.3843562
vt 0.9702526 0.4919193
vt 0.8465021 0.6898557
vt 0.8588159 0.6106986
vt 0.8106850 0.7614275
vt 0.7546915 0.8184400
vt 0.6838702 0.8551830
vt 0.6051798 0.8678734
vt 0.5264895 0.8551828
vt 0.4556681 0.8184399
vt 0.3996743 0.7614273
vt 0.3638571 0.6898556
vt 0.3515434 0.6106985
vt 0.3638573 0.5315412
vt 0.3996745 0.4599693
vt 0.4556684 0.4029566
vt 0.5264897 0.3662134
vt 0.6051801 0.3535228
vt 0.6838704 0.3662135
vt 0.7546917 0.4029569
vt 0.8106853 0.4599697
vt 0.8465023 0.5315419
vt 0.0025589 0.6019640
vt 0.0025589 0.5026903
vt 0.2094823 0.5026902
vt 0.2094823 0.6019639
vt 0.0025589 0.7010988
vt 0.2094823 0.7010987
vt 0.0025590 0.9977897
vt 0.0025589 0.8989787
vt 0.2094823 0.8989786
vt 0.2094824 0.9977897
vt 0.0025590 0.1040244
vt 0.0025590 0.0052310
vt 0.2094824 0.0052309
vt 0.2094824 0.1040243
vt 0.0025590 0.2028592
vt 0.2094824 0.2028590
vt 0.0025590 0.3017869
vt 0.2094824 0.3017867
vt 0.0025590 0.5000498
vt 0.0025590 0.4008449
vt 0.2094824 0.4008451
vt 0.2094824 0.5000501
vt 0.0025590 0.5993924
vt 0.2094824 0.5993924
vt 0.0025590 0.7983302
vt 0.2094824 0.7983302
vt 0.2094824 0.8978077
vt 0.0025590 0.8978077
vt 0.0025590 0.9972180
vt 0.2094824 0.9972180
vt 0.0025589 0.1048670
vt 0.0025589 0.0054611
vt 0.2094823 0.0054611
vt 0.2094823 0.1048670
vt 0.0025589 0.2043364
vt 0.2094823 0.2043366
vt 0.2094823 0.3038317
vt 0.0025589 0.3038317
vt 0.0025589 0.4033000
vt 0.2094823 0.4032999
vt 0.2984035 0.6106988
vt 0.3132488 0.7060809
vt 0.2750483 0.7182465
vt 0.2583035 0.6106988
vt 0.3564686 0.7924015
vt 0.3238307 0.8156439
vt 0.4241357 0.8612657
vt 0.4002923 0.8934323
vt 0.5098509 0.9057142
vt 0.4972592 0.9436989
vt 0.6051801 0.9210810
vt 0.6051801 0.9610899
vt 0.7005093 0.9057141
vt 0.7131010 0.9436989
vt 0.7862244 0.8612655
vt 0.8100678 0.8934322
vt 0.8538913 0.7924015
vt 0.8865293 0.8156437
vt 0.8971108 0.7060807
vt 0.9353112 0.7182464
vt 0.9119560 0.6106985
vt 0.9520559 0.6106985
vt 0.8971107 0.5153162
vt 0.9353108 0.5031506
vt 0.8538910 0.4289953
vt 0.8865288 0.4057530
vt 0.7862240 0.3601309
vt 0.8100674 0.3279642
vt 0.7005090 0.3156823
vt 0.7131006 0.2776976
vt 0.6051797 0.3003155
vt 0.6051797 0.2603067
vt 0.5098505 0.3156824
vt 0.4972588 0.2776978
vt 0.4241353 0.3601313
vt 0.4002919 0.3279648
vt 0.3564683 0.4289959
vt 0.3238303 0.4057538
vt 0.3132486 0.5153170
vt 0.2750481 0.5031514
vt 0.2401094 0.7294777
vt 0.2215881 0.6106988
vt 0.2940650 0.8370396
vt 0.3786266 0.9229357
vt 0.4858525 0.9784337
vt 0.6051801 0.9976327
vt 0.7245077 0.9784337
vt 0.8317335 0.9229354
vt 0.9162951 0.8370394
vt 0.9702500 0.7294775
vt 0.9887712 0.6106985
vt 0.9702498 0.4919196
vt 0.9162947 0.3843575
vt 0.8317332 0.2984609
vt 0.7245072 0.2429628
vt 0.6051797 0.2237640
vt 0.4858520 0.2429631
vt 0.3786261 0.2984614
vt 0.2940646 0.3843582
vt 0.2401092 0.4919204
vt 0.3515470 0.6106986
vt 0.3638606 0.6898547
vt 0.3996772 0.7614256
vt 0.4556702 0.8184375
vt 0.5264908 0.8551802
vt 0.6051801 0.8678703
vt 0.6838694 0.8551802
vt 0.7546898 0.8184374
vt 0.8106828 0.7614256
vt 0.8464992 0.6898546
vt 0.8588128 0.6106985
vt 0.8464991 0.5315423
vt 0.8106824 0.4599713
vt 0.7546895 0.4029593
vt 0.6838689 0.3662165
vt 0.6051798 0.3535261
vt 0.5264904 0.3662167
vt 0.4556699 0.4029596
vt 0.3996769 0.4599718
vt 0.3638604 0.5315430
vt 0.0025589 0.8000960
vt 0.2094823 0.8000958
vt 0.2094824 0.6988375
vt 0.0025590 0.6988375
vt 0.6454802 0.3899505
vt 0.6508086 0.4996584
vt 0.6255980 0.4990772
vt 0.6304966 0.3894393
vt 0.8290308 0.5828530
vt 0.7262776 0.6218386
vt 0.7190411 0.5976749
vt 0.8248791 0.5684361
vt 0.7021689 0.8169757
vt 0.6333925 0.7313434
vt 0.6541306 0.7169997
vt 0.7145931 0.8085857
vt 0.4403801 0.7687701
vt 0.5005408 0.6768728
vt 0.5205972 0.6921592
vt 0.4522037 0.7779884
vt 0.4052855 0.5048009
vt 0.5113009 0.5336678
vt 0.5029524 0.5574671
vt 0.4001611 0.5188968
vt 0.6982546 0.5321232
vt 0.6718882 0.5639371
vt 0.6282581 0.5334733
vt 0.7059722 0.5563014
vt 0.7100486 0.6769938
vt 0.6716488 0.6617404
vt 0.6871451 0.6108330
vt 0.6894371 0.6917968
vt 0.5759335 0.7329610
vt 0.5785660 0.6917331
vt 0.6317649 0.6907359
vt 0.5554836 0.7179400
vt 0.4812342 0.6227181
vt 0.5212677 0.6124765
vt 0.5386609 0.6627671
vt 0.4892040 0.5986194
vt 0.5568445 0.4985846
vt 0.5789468 0.5334918
vt 0.5364894 0.5655695
vt 0.5822197 0.4987202
vt 0.5634738 0.3905549
vt 0.5782602 0.3898335
vt 0.8030778 0.5050132
vt 0.8083412 0.5188570
vt 0.7681689 0.7682999
vt 0.7566280 0.7775723
vt 0.5070888 0.8164695
vt 0.4947010 0.8083650
vt 0.3804822 0.5830128
vt 0.3843732 0.5687187
vt 0.6304966 0.3894393
vt 0.6255980 0.4990772
vt 0.6039379 0.4967943
vt 0.6043536 0.3829903
vt 0.8248791 0.5684361
vt 0.7190411 0.5976749
vt 0.7145182 0.5763650
vt 0.8229260 0.5415667
vt 0.7145931 0.8085857
vt 0.6541306 0.7169997
vt 0.6729969 0.7061182
vt 0.7395358 0.7984420
vt 0.4522037 0.7779884
vt 0.5205972 0.6921592
vt 0.5367802 0.7067353
vt 0.4695670 0.7985687
vt 0.4001611 0.5188968
vt 0.5029524 0.5574671
vt 0.4940847 0.5773646
vt 0.3859362 0.5417750
vt 0.7059722 0.5563014
vt 0.6718882 0.5639371
vt 0.6894371 0.6917968
vt 0.6716488 0.6617404
vt 0.5785660 0.6917331
vt 0.5386609 0.6627671
vt 0.4892040 0.5986194
vt 0.5212677 0.6124765
vt 0.5822197 0.4987202
vt 0.5789468 0.5334918
vt 0.5782602 0.3898335
vt 0.8083412 0.5188570
vt 0.7566280 0.7775723
vt 0.5554836 0.7179400
vt 0.4947010 0.8083650
vt 0.3843732 0.5687187
vt 0.6871451 0.6108330
vt 0.6317649 0.6907359
vt 0.5364894 0.5655695
vt 0.6282581 0.5334733
vt 0.6282581 0.5334733
vt 0.6044636 0.6126758
vt 0.5789468 0.5334918
vt 0.6871451 0.6108330
vt 0.6718882 0.5639371
vt 0.6317649 0.6907359
vt 0.6716488 0.6617404
vt 0.5386609 0.6627671
vt 0.5212677 0.6124765
vt 0.5364894 0.5655695
vt 0.5785660 0.6917331
vt 0.6508086 0.4996584
vt 0.6454802 0.3899505
vt 0.6760017 0.3822744
vt 0.6831945 0.4750151
vt 0.7262776 0.6218386
vt 0.8290308 0.5828530
vt 0.8457797 0.6095287
vt 0.7597294 0.6450407
vt 0.6333925 0.7313434
vt 0.7021689 0.8169757
vt 0.6819839 0.8411205
vt 0.6216709 0.7703097
vt 0.5005408 0.6768728
vt 0.4403801 0.7687701
vt 0.4111733 0.7570450
vt 0.4598525 0.6777788
vt 0.5113009 0.5336678
vt 0.4052855 0.5048009
vt 0.4074267 0.4733898
vt 0.4978788 0.4952418
vt 0.6982546 0.5321232
vt 0.6508086 0.4996584
vt 0.6831945 0.4750151
vt 0.7118388 0.4971410
vt 0.7100486 0.6769938
vt 0.7262776 0.6218386
vt 0.7597294 0.6450407
vt 0.7475129 0.6791176
vt 0.5759335 0.7329610
vt 0.6333925 0.7313434
vt 0.6216709 0.7703097
vt 0.5854996 0.7692376
vt 0.4812342 0.6227181
vt 0.5005408 0.6768728
vt 0.4598525 0.6777788
vt 0.4496771 0.6430379
vt 0.5568445 0.4985846
vt 0.5113009 0.5336678
vt 0.4978788 0.4952418
vt 0.5277827 0.4748516
vt 0.5634738 0.3905549
vt 0.5568445 0.4985846
vt 0.5277827 0.4748516
vt 0.5333244 0.3835090
vt 0.8030778 0.5050132
vt 0.6982546 0.5321232
vt 0.7118388 0.4971410
vt 0.8004524 0.4741506
vt 0.7681689 0.7682999
vt 0.7100486 0.6769938
vt 0.7475129 0.6791176
vt 0.7967048 0.7562844
vt 0.5070888 0.8164695
vt 0.5759335 0.7329610
vt 0.5854996 0.7692376
vt 0.5273423 0.8398861
vt 0.3804822 0.5830128
vt 0.4812342 0.6227181
vt 0.4496771 0.6430379
vt 0.3644478 0.6095287
vt 0.9879573 0.8955575
vt 0.9971073 0.9297060
vt 0.9288103 0.9297060
vt 0.9879573 0.9638546
vt 0.9629588 0.9888530
vt 0.9288103 0.9980031
vt 0.8946617 0.9888530
vt 0.8696634 0.9638546
vt 0.8605133 0.9297060
vt 0.8696634 0.8955575
vt 0.8946618 0.8705590
vt 0.9288104 0.8614091
vt 0.9629588 0.8705590
vt 0.7876761 0.1799845
vt 0.7507979 0.1799700
vt 0.7508054 0.1724629
vt 0.7876909 0.1724777
vt 0.7137452 0.1799630
vt 0.7137489 0.1724554
vt 0.6765752 0.1799596
vt 0.6765767 0.1724517
vt 0.6393455 0.1799566
vt 0.6393457 0.1724483
vt 0.6021085 0.1799563
vt 0.6021084 0.1724480
vt 0.5649123 0.1799585
vt 0.5649119 0.1724505
vt 0.5278012 0.1799645
vt 0.5277997 0.1724571
vt 0.4908172 0.1799720
vt 0.4908133 0.1724651
vt 0.4539990 0.1799858
vt 0.4539914 0.1724795
vt 0.4173794 0.1800114
vt 0.4173664 0.1725053
vt 0.3809759 0.1800656
vt 0.3809632 0.1725578
vt 0.3447511 0.1802203
vt 0.3447778 0.1727024
vt 0.3085379 0.1804440
vt 0.3087424 0.1728935
vt 0.2719289 0.1802780
vt 0.2726772 0.1726862
vt 0.2344424 0.1768389
vt 0.2366307 0.1696440
vt 0.9714389 0.1769763
vt 0.9338984 0.1803510
vt 0.9331653 0.1727637
vt 0.9692671 0.1697751
vt 0.8971496 0.1805120
vt 0.8969411 0.1729640
vt 0.8607588 0.1801231
vt 0.8607278 0.1726054
vt 0.8243293 0.1800214
vt 0.8243499 0.1725119
vt 0.7876909 0.1724777
vt 0.7508054 0.1724629
vt 0.7508183 0.1277784
vt 0.7877178 0.1277902
vt 0.7137489 0.1724554
vt 0.7137546 0.1277712
vt 0.6765767 0.1724517
vt 0.6765798 0.1277672
vt 0.6393457 0.1724483
vt 0.6393473 0.1277640
vt 0.6021084 0.1724480
vt 0.6021079 0.1277637
vt 0.5649119 0.1724505
vt 0.5649099 0.1277662
vt 0.5277997 0.1724571
vt 0.5277977 0.1277726
vt 0.4908133 0.1724651
vt 0.4908096 0.1277820
vt 0.4539914 0.1724795
vt 0.4539822 0.1277957
vt 0.4173664 0.1725053
vt 0.4173495 0.1278173
vt 0.3809632 0.1725578
vt 0.3809443 0.1278487
vt 0.3447778 0.1727024
vt 0.3448865 0.1278869
vt 0.3087424 0.1728935
vt 0.3097799 0.1277998
vt 0.2726772 0.1726862
vt 0.2760232 0.1277063
vt 0.2366307 0.1696440
vt 0.2437133 0.1271166
vt 0.9692671 0.1697751
vt 0.9331653 0.1727637
vt 0.9299209 0.1277724
vt 0.9622716 0.1272084
vt 0.8969411 0.1729640
vt 0.8960714 0.1278447
vt 0.8607278 0.1726054
vt 0.8607510 0.1278310
vt 0.8243499 0.1725119
vt 0.8243972 0.1278081
vt 0.4173082 0.0095960
vt 0.4539637 0.0095816
vt 0.4539715 0.0170912
vt 0.4173241 0.0171070
vt 0.4907976 0.0095704
vt 0.4908012 0.0170794
vt 0.5277889 0.0095616
vt 0.5277900 0.0170699
vt 0.5649052 0.0095568
vt 0.5649056 0.0170645
vt 0.6021065 0.0095548
vt 0.6021067 0.0170623
vt 0.6393487 0.0095550
vt 0.6393484 0.0170626
vt 0.6765842 0.0095574
vt 0.6765829 0.0170652
vt 0.7137641 0.0095607
vt 0.7137604 0.0170689
vt 0.7508395 0.0095661
vt 0.7508321 0.0170749
vt 0.7877682 0.0095718
vt 0.7877512 0.0170819
vt 0.8245337 0.0095663
vt 0.8244863 0.0170814
vt 0.8612043 0.0095273
vt 0.8610407 0.0170421
vt 0.8979751 0.0092296
vt 0.8977646 0.0167475
vt 0.9350367 0.0092482
vt 0.9346228 0.0168160
vt 0.9727772 0.0111950
vt 0.9710667 0.0184963
vt 0.2332126 0.0111387
vt 0.2709115 0.0091950
vt 0.2713238 0.0167617
vt 0.2349232 0.0184341
vt 0.3078476 0.0092066
vt 0.3080563 0.0167248
vt 0.3444139 0.0095475
vt 0.3445767 0.0170617
vt 0.3808244 0.0095985
vt 0.3808701 0.0171144
vt 0.4173241 0.0171070
vt 0.4539715 0.0170912
vt 0.4539822 0.1277957
vt 0.4173495 0.1278173
vt 0.4908012 0.0170794
vt 0.4908096 0.1277820
vt 0.5277900 0.0170699
vt 0.5277977 0.1277726
vt 0.5649056 0.0170645
vt 0.5649099 0.1277662
vt 0.6021067 0.0170623
vt 0.6021079 0.1277637
vt 0.6393484 0.0170626
vt 0.6393473 0.1277640
vt 0.6765829 0.0170652
vt 0.6765798 0.1277672
vt 0.7137604 0.0170689
vt 0.7137546 0.1277712
vt 0.7508321 0.0170749
vt 0.7508183 0.1277784
vt 0.7877512 0.0170819
vt 0.7877178 0.1277902
vt 0.8244863 0.0170814
vt 0.8243972 0.1278081
vt 0.8610407 0.0170421
vt 0.8607510 0.1278310
vt 0.8977646 0.0167475
vt 0.8960714 0.1278447
vt 0.9346228 0.0168160
vt 0.9299209 0.1277724
vt 0.9710667 0.0184963
vt 0.9622716 0.1272084
vt 0.2349232 0.0184341
vt 0.2713238 0.0167617
vt 0.2760232 0.1277063
vt 0.2437133 0.1271166
vt 0.3080563 0.0167248
vt 0.3097799 0.1277998
vt 0.3445767 0.0170617
vt 0.3448865 0.1278869
vt 0.3808701 0.0171144
vt 0.3809443 0.1278487
vt 0.9353137 0.7182474
vt 0.8971136 0.7060819
vt 0.9119589 0.6106988
vt 0.9520588 0.6106988
vt 0.8865315 0.8156456
vt 0.8538935 0.7924033
vt 0.8100694 0.8934348
vt 0.7862262 0.8612680
vt 0.7131016 0.9437016
vt 0.7005100 0.9057172
vt 0.6051798 0.9610929
vt 0.6051798 0.9210839
vt 0.4972579 0.9437016
vt 0.5098495 0.9057170
vt 0.4002902 0.8934345
vt 0.4241334 0.8612680
vt 0.3238278 0.8156455
vt 0.3564658 0.7924032
vt 0.2750451 0.7182474
vt 0.3132458 0.7060817
vt 0.2583004 0.6106985
vt 0.2984003 0.6106985
vt 0.2750454 0.5031496
vt 0.3132459 0.5153151
vt 0.3238281 0.4057511
vt 0.3564661 0.4289934
vt 0.4002904 0.3279617
vt 0.4241337 0.3601282
vt 0.4972584 0.2776945
vt 0.5098500 0.3156792
vt 0.6051804 0.2603034
vt 0.6051803 0.3003121
vt 0.7131022 0.2776946
vt 0.7005104 0.3156793
vt 0.8100698 0.3279621
vt 0.7862264 0.3601286
vt 0.8865317 0.4057517
vt 0.8538938 0.4289938
vt 0.9353139 0.5031503
vt 0.8971136 0.5153159
vt 0.9887742 0.6106988
vt 0.9702525 0.7294785
vt 0.9162972 0.8370413
vt 0.8317350 0.9229380
vt 0.7245083 0.9784365
vt 0.6051798 0.9976354
vt 0.4858513 0.9784365
vt 0.3786246 0.9229379
vt 0.2940620 0.8370411
vt 0.2401063 0.7294785
vt 0.2215850 0.6106985
vt 0.2401066 0.4919186
vt 0.2940624 0.3843555
vt 0.3786248 0.2984582
vt 0.4858517 0.2429597
vt 0.6051804 0.2237607
vt 0.7245089 0.2429598
vt 0.8317356 0.2984588
vt 0.9162976 0.3843562
vt 0.9702526 0.4919193
vt 0.8465021 0.6898557
vt 0.8588159 0.6106986
vt 0.8106850 0.7614275
vt 0.7546915 0.8184400
vt 0.6838702 0.8551830
vt 0.6051798 0.8678734
vt 0.5264895 0.8551828
vt 0.4556681 0.8184399
vt 0.3996743 0.7614273
vt 0.3638571 0.6898556
vt 0.3515434 0.6106985
vt 0.3638573 0.5315412
vt 0.3996745 0.4599693
vt 0.4556684 0.4029566
vt 0.5264897 0.3662134
vt 0.6051801 0.3535228
vt 0.6838704 0.3662135
vt 0.7546917 0.4029569
vt 0.8106853 0.4599697
vt 0.8465023 0.5315419
vt 0.0025589 0.6019640
vt 0.0025589 0.5026903
vt 0.2094823 0.5026902
vt 0.2094823 0.6019639
vt 0.0025589 0.7010988
vt 0.2094823 0.7010987
vt 0.0025590 0.9977897
vt 0.0025589 0.8989787
vt 0.2094823 0.8989786
vt 0.2094824 0.9977897
vt 0.0025590 0.1040244
vt 0.0025590 0.0052310
vt 0.2094824 0.0052309
vt 0.2094824 0.1040243
vt 0.0025590 0.2028592
vt 0.2094824 0.2028590
vt 0.0025590 0.3017869
vt 0.2094824 0.3017867
vt 0.0025590 0.5000498
vt 0.0025590 0.4008449
vt 0.2094824 0.4008451
vt 0.2094824 0.5000501
vt 0.0025590 0.5993924
vt 0.2094824 0.5993924
vt 0.0025590 0.7983302
vt 0.2094824 0.7983302
vt 0.2094824 0.8978077
vt 0.0025590 0.8978077
vt 0.0025590 0.9972180
vt 0.2094824 0.9972180
vt 0.0025589 0.1048670
vt 0.0025589 0.0054611
vt 0.2094823 0.0054611
vt 0.2094823 0.1048670
vt 0.0025589 0.2043364
vt 0.2094823 0.2043366
vt 0.2094823 0.3038317
vt 0.0025589 0.3038317
vt 0.0025589 0.4033000
vt 0.2094823 0.4032999
vt 0.2984035 0.6106988
vt 0.3132488 0.7060809
vt 0.2750483 0.7182465
vt 0.2583035 0.6106988
vt 0.3564686 0.7924015
vt 0.3238307 0.8156439
vt 0.4241357 0.8612657
vt 0.4002923 0.8934323
vt 0.5098509 0.9057142
vt 0.4972592 0.9436989
vt 0.6051801 0.9210810
vt 0.6051801 0.9610899
vt 0.7005093 0.9057141
vt 0.7131010 0.9436989
vt 0.7862244 0.8612655
vt 0.8100678 0.8934322
vt 0.8538913 0.7924015
vt 0.8865293 0.8156437
vt 0.8971108 0.7060807
vt 0.9353112 0.7182464
vt 0.9119560 0.6106985
vt 0.9520559 0.6106985
vt 0.8971107 0.5153162
vt 0.9353108 0.5031506
vt 0.8538910 0.4289953
vt 0.8865288 0.4057530
vt 0.7862240 0.3601309
vt 0.8100674 0.3279642
vt 0.7005090 0.3156823
vt 0.7131006 0.2776976
vt 0.6051797 0.3003155
vt 0.6051797 0.2603067
vt 0.5098505 0.3156824
vt 0.4972588 0.2776978
vt 0.4241353 0.3601313
vt 0.4002919 0.3279648
vt 0.3564683 0.4289959
vt 0.3238303 0.4057538
vt 0.3132486 0.5153170
vt 0.2750481 0.5031514
vt 0.2401094 0.7294777
vt 0.2215881 0.6106988
vt 0.2940650 0.8370396
vt 0.3786266 0.9229357
vt 0.4858525 0.9784337
vt 0.6051801 0.9976327
vt 0.7245077 0.9784337
vt 0.8317335 0.9229354
vt 0.9162951 0.8370394
vt 0.9702500 0.7294775
vt 0.9887712 0.6106985
vt 0.9702498 0.4919196
vt 0.9162947 0.3843575
vt 0.8317332 0.2984609
vt 0.7245072 0.2429628
vt 0.6051797 0.2237640
vt 0.4858520 0.2429631
vt 0.3786261 0.2984614
vt 0.2940646 0.3843582
vt 0.2401092 0.4919204
vt 0.3515470 0.6106986
vt 0.3638606 0.6898547
vt 0.3996772 0.7614256
vt 0.4556702 0.8184375
vt 0.5264908 0.8551802
vt 0.6051801 0.8678703
vt 0.6838694 0.8551802
vt 0.7546898 0.8184374
vt 0.8106828 0.7614256
vt 0.8464992 0.6898546
vt 0.8588128 0.6106985
vt 0.8464991 0.5315423
vt 0.8106824 0.4599713
vt 0.7546895 0.4029593
vt 0.6838689 0.3662165
vt 0.6051798 0.3535261
vt 0.5264904 0.3662167
vt 0.4556699 0.4029596
vt 0.3996769 0.4599718
vt 0.3638604 0.5315430
vt 0.0025589 0.8000960
vt 0.2094823 0.8000958
vt 0.2094824 0.6988375
vt 0.0025590 0.6988375
vt 0.6454802 0.3899505
vt 0.6508086 0.4996584
vt 0.6255980 0.4990772
vt 0.6304966 0.3894393
vt 0.8290308 0.5828530
vt 0.7262776 0.6218386
vt 0.7190411 0.5976749
vt 0.8248791 0.5684361
vt 0.7021689 0.8169757
vt 0.6333925 0.7313434
vt 0.6541306 0.7169997
vt 0.7145931 0.8085857
vt 0.4403801 0.7687701
vt 0.5005408 0.6768728
vt 0.5205972 0.6921592
vt 0.4522037 0.7779884
vt 0.4052855 0.5048009
vt 0.5113009 0.5336678
vt 0.5029524 0.5574671
vt 0.4001611 0.5188968
vt 0.6982546 0.5321232
vt 0.6718882 0.5639371
vt 0.6282581 0.5334733
vt 0.7059722 0.5563014
vt 0.7100486 0.6769938
vt 0.6716488 0.6617404
vt 0.6871451 0.6108330
vt 0.6894371 0.6917968
vt 0.5759335 0.7329610
vt 0.5785660 0.6917331
vt 0.6317649 0.6907359
vt 0.5554836 0.7179400
vt 0.4812342 0.6227181
vt 0.5212677 0.6124765
vt 0.5386609 0.6627671
vt 0.4892040 0.5986194
vt 0.5568445 0.4985846
vt 0.5789468 0.5334918
vt 0.5364894 0.5655695
vt 0.5822197 0.4987202
vt 0.5634738 0.3905549
vt 0.5782602 0.3898335
vt 0.8030778 0.5050132
vt 0.8083412 0.5188570
vt 0.7681689 0.7682999
vt 0.7566280 0.7775723
vt 0.5070888 0.8164695
vt 0.4947010 0.8083650
vt 0.3804822 0.5830128
vt 0.3843732 0.5687187
vt 0.6304966 0.3894393
vt 0.6255980 0.4990772
vt 0.6039379 0.4967943
vt 0.6043536 0.3829903
vt 0.8248791 0.5684361
vt 0.7190411 0.5976749
vt 0.7145182 0.5763650
vt 0.8229260 0.5415667
vt 0.7145931 0.8085857
vt 0.6541306 0.7169997
vt 0.6729969 0.7061182
vt 0.7395358 0.7984420
vt 0.4522037 0.7779884
vt 0.5205972 0.6921592
vt 0.5367802 0.7067353
vt 0.4695670 0.7985687
vt 0.4001611 0.5188968
vt 0.5029524 0.5574671
vt 0.4940847 0.5773646
vt 0.3859362 0.5417750
vt 0.7059722 0.5563014
vt 0.6718882 0.5639371
vt 0.6894371 0.6917968
vt 0.6716488 0.6617404
vt 0.5785660 0.6917331
vt 0.5386609 0.6627671
vt 0.4892040 0.5986194
vt 0.5212677 0.6124765
vt 0.5822197 0.4987202
vt 0.5789468 0.5334918
vt 0.5782602 0.3898335
vt 0.8083412 0.5188570
vt 0.7566280 0.7775723
vt 0.5554836 0.7179400
vt 0.4947010 0.8083650
vt 0.3843732 0.5687187
vt 0.6871451 0.6108330
vt 0.6317649 0.6907359
vt 0.5364894 0.5655695
vt 0.6282581 0.5334733
vt 0.6282581 0.5334733
vt 0.6044636 0.6126758
vt 0.5789468 0.5334918
vt 0.6871451 0.6108330
vt 0.6718882 0.5639371
vt 0.6317649 0.6907359
vt 0.6716488 0.6617404
vt 0.5386609 0.6627671
vt 0.5212677 0.6124765
vt 0.5364894 0.5655695
vt 0.5785660 0.6917331
vt 0.6508086 0.4996584
vt 0.6454802 0.3899505
vt 0.6760017 0.3822744
vt 0.6831945 0.4750151
vt 0.7262776 0.6218386
vt 0.8290308 0.5828530
vt 0.8457797 0.6095287
vt 0.7597294 0.6450407
vt 0.6333925 0.7313434
vt 0.7021689 0.8169757
vt 0.6819839 0.8411205
vt 0.6216709 0.7703097
vt 0.5005408 0.6768728
vt 0.4403801 0.7687701
vt 0.4111733 0.7570450
vt 0.4598525 0.6777788
vt 0.5113009 0.5336678
vt 0.4052855 0.5048009
vt 0.4074267 0.4733898
vt 0.4978788 0.4952418
vt 0.6982546 0.5321232
vt 0.6508086 0.4996584
vt 0.6831945 0.4750151
vt 0.7118388 0.4971410
vt 0.7100486 0.6769938
vt 0.7262776 0.6218386
vt 0.7597294 0.6450407
vt 0.7475129 0.6791176
vt 0.5759335 0.7329610
vt 0.6333925 0.7313434
vt 0.6216709 0.7703097
vt 0.5854996 0.7692376
vt 0.4812342 0.6227181
vt 0.5005408 0.6768728
vt 0.4598525 0.6777788
vt 0.4496771 0.6430379
vt 0.5568445 0.4985846
vt 0.5113009 0.5336678
vt 0.4978788 0.4952418
vt 0.5277827 0.4748516
vt 0.5634738 0.3905549
vt 0.5568445 0.4985846
vt 0.5277827 0.4748516
vt 0.5333244 0.3835090
vt 0.8030778 0.5050132
vt 0.6982546 0.5321232
vt 0.7118388 0.4971410
vt 0.8004524 0.4741506
vt 0.7681689 0.7682999
vt 0.7100486 0.6769938
vt 0.7475129 0.6791176
vt 0.7967048 0.7562844
vt 0.5070888 0.8164695
vt 0.5759335 0.7329610
vt 0.5854996 0.7692376
vt 0.5273423 0.8398861
vt 0.3804822 0.5830128
vt 0.4812342 0.6227181
vt 0.4496771 0.6430379
vt 0.3644478 0.6095287
vt 0.9879573 0.8955575
vt 0.9971073 0.9297060
vt 0.9288103 0.9297060
vt 0.9879573 0.9638546
vt 0.9629588 0.9888530
vt 0.9288103 0.9980031
vt 0.8946617 0.9888530
vt 0.8696634 0.9638546
vt 0.8605133 0.9297060
vt 0.8696634 0.8955575
vt 0.8946618 0.8705590
vt 0.9288104 0.8614091
vt 0.9629588 0.8705590
vt 0.7876761 0.1799845
vt 0.7507979 0.1799700
vt 0.7508054 0.1724629
vt 0.7876909 0.1724777
vt 0.7137452 0.1799630
vt 0.7137489 0.1724554
vt 0.6765752 0.1799596
vt 0.6765767 0.1724517
vt 0.6393455 0.1799566
vt 0.6393457 0.1724483
vt 0.6021085 0.1799563
vt 0.6021084 0.1724480
vt 0.5649123 0.1799585
vt 0.5649119 0.1724505
vt 0.5278012 0.1799645
vt 0.5277997 0.1724571
vt 0.4908172 0.1799720
vt 0.4908133 0.1724651
vt 0.4539990 0.1799858
vt 0.4539914 0.1724795
vt 0.4173794 0.1800114
vt 0.4173664 0.1725053
vt 0.3809759 0.1800656
vt 0.3809632 0.1725578
vt 0.3447511 0.1802203
vt 0.3447778 0.1727024
vt 0.3085379 0.1804440
vt 0.3087424 0.1728935
vt 0.2719289 0.1802780
vt 0.2726772 0.1726862
vt 0.2344424 0.1768389
vt 0.2366307 0.1696440
vt 0.9714389 0.1769763
vt 0.9338984 0.1803510
vt 0.9331653 0.1727637
vt 0.9692671 0.1697751
vt 0.8971496 0.1805120
vt 0.8969411 0.1729640
vt 0.8607588 0.1801231
vt 0.8607278 0.1726054
vt 0.8243293 0.1800214
vt 0.8243499 0.1725119
vt 0.7876909 0.1724777
vt 0.7508054 0.1724629
vt 0.7508183 0.1277784
vt 0.7877178 0.1277902
vt 0.7137489 0.1724554
vt 0.7137546 0.1277712
vt 0.6765767 0.1724517
vt 0.6765798 0.1277672
vt 0.6393457 0.1724483
vt 0.6393473 0.1277640
vt 0.6021084 0.1724480
vt 0.6021079 0.1277637
vt 0.5649119 0.1724505
vt 0.5649099 0.1277662
vt 0.5277997 0.1724571
vt 0.5277977 0.1277726
vt 0.4908133 0.1724651
vt 0.4908096 0.1277820
vt 0.4539914 0.1724795
vt 0.4539822 0.1277957
vt 0.4173664 0.1725053
vt 0.4173495 0.1278173
vt 0.3809632 0.1725578
vt 0.3809443 0.1278487
vt 0.3447778 0.1727024
vt 0.3448865 0.1278869
vt 0.3087424 0.1728935
vt 0.3097799 0.1277998
vt 0.2726772 0.1726862
vt 0.2760232 0.1277063
vt 0.2366307 0.1696440
vt 0.2437133 0.1271166
vt 0.9692671 0.1697751
vt 0.9331653 0.1727637
vt 0.9299209 0.1277724
vt 0.9622716 0.1272084
vt 0.8969411 0.1729640
vt 0.8960714 0.1278447
vt 0.8607278 0.1726054
vt 0.8607510 0.1278310
vt 0.8243499 0.1725119
vt 0.8243972 0.1278081
vt 0.4173082 0.0095960
vt 0.4539637 0.0095816
vt 0.4539715 0.0170912
vt 0.4173241 0.0171070
vt 0.4907976 0.0095704
vt 0.4908012 0.0170794
vt 0.5277889 0.0095616
vt 0.5277900 0.0170699
vt 0.5649052 0.0095568
vt 0.5649056 0.0170645
vt 0.6021065 0.0095548
vt 0.6021067 0.0170623
vt 0.6393487 0.0095550
vt 0.6393484 0.0170626
vt 0.6765842 0.0095574
vt 0.6765829 0.0170652
vt 0.7137641 0.0095607
vt 0.7137604 0.0170689
vt 0.7508395 0.0095661
vt 0.7508321 0.0170749
vt 0.7877682 0.0095718
vt 0.7877512 0.0170819
vt 0.8245337 0.0095663
vt 0.8244863 0.0170814
vt 0.8612043 0.0095273
vt 0.8610407 0.0170421
vt 0.8979751 0.0092296
vt 0.8977646 0.0167475
vt 0.9350367 0.0092482
vt 0.9346228 0.0168160
vt 0.9727772 0.0111950
vt 0.9710667 0.0184963
vt 0.2332126 0.0111387
vt 0.2709115 0.0091950
vt 0.2713238 0.0167617
vt 0.2349232 0.0184341
vt 0.3078476 0.0092066
vt 0.3080563 0.0167248
vt 0.3444139 0.0095475
vt 0.3445767 0.0170617
vt 0.3808244 0.0095985
vt 0.3808701 0.0171144
vt 0.4173241 0.0171070
vt 0.4539715 0.0170912
vt 0.4539822 0.1277957
vt 0.4173495 0.1278173
vt 0.4908012 0.0170794
vt 0.4908096 0.1277820
vt 0.5277900 0.0170699
vt 0.5277977 0.1277726
vt 0.5649056 0.0170645
vt 0.5649099 0.1277662
vt 0.6021067 0.0170623
vt 0.6021079 0.1277637
vt 0.6393484 0.0170626
vt 0.6393473 0.1277640
vt 0.6765829 0.0170652
vt 0.6765798 0.1277672
vt 0.7137604 0.0170689
vt 0.7137546 0.1277712
vt 0.7508321 0.0170749
vt 0.7508183 0.1277784
vt 0.7877512 0.0170819
vt 0.7877178 0.1277902
vt 0.8244863 0.0170814
vt 0.8243972 0.1278081
vt 0.8610407 0.0170421
vt 0.8607510 0.1278310
vt 0.8977646 0.0167475
vt 0.8960714 0.1278447
vt 0.9346228 0.0168160
vt 0.9299209 0.1277724
vt 0.9710667 0.0184963
vt 0.9622716 0.1272084
vt 0.2349232 0.0184341
vt 0.2713238 0.0167617
vt 0.2760232 0.1277063
vt 0.2437133 0.1271166
vt 0.3080563 0.0167248
vt 0.3097799 0.1277998
vt 0.3445767 0.0170617
vt 0.3448865 0.1278869
vt 0.3808701 0.0171144
vt 0.3809443 0.1278487
vt 0.9353137 0.7182474
vt 0.8971136 0.7060819
vt 0.9119589 0.6106988
vt 0.9520588 0.6106988
vt 0.8865315 0.8156456
vt 0.8538935 0.7924033
vt 0.8100694 0.8934348
vt 0.7862262 0.8612680
vt 0.7131016 0.9437016
vt 0.7005100 0.9057172
vt 0.6051798 0.9610929
vt 0.6051798 0.9210839
vt 0.4972579 0.9437016
vt 0.5098495 0.9057170
vt 0.4002902 0.8934345
vt 0.4241334 0.8612680
vt 0.3238278 0.8156455
vt 0.3564658 0.7924032
vt 0.2750451 0.7182474
vt 0.3132458 0.7060817
vt 0.2583004 0.6106985
vt 0.2984003 0.6106985
vt 0.2750454 0.5031496
vt 0.3132459 0.5153151
vt 0.3238281 0.4057511
vt 0.3564661 0.4289934
vt 0.4002904 0.3279617
vt 0.4241337 0.3601282
vt 0.4972584 0.2776945
vt 0.5098500 0.3156792
vt 0.6051804 0.2603034
vt 0.6051803 0.3003121
vt 0.7131022 0.2776946
vt 0.7005104 0.3156793
vt 0.8100698 0.3279621
vt 0.7862264 0.3601286
vt 0.8865317 0.4057517
vt 0.8538938 0.4289938
vt 0.9353139 0.5031503
vt 0.8971136 0.5153159
vt 0.9887742 0.6106988
vt 0.9702525 0.7294785
vt 0.9162972 0.8370413
vt 0.8317350 0.9229380
vt 0.7245083 0.9784365
vt 0.6051798 0.9976354
vt 0.4858513 0.9784365
vt 0.3786246 0.9229379
vt 0.2940620 0.8370411
vt 0.2401063 0.7294785
vt 0.2215850 0.6106985
vt 0.2401066 0.4919186
vt 0.2940624 0.3843555
vt 0.3786248 0.2984582
vt 0.4858517 0.2429597
vt 0.6051804 0.2237607
vt 0.7245089 0.2429598
vt 0.8317356 0.2984588
vt 0.9162976 0.3843562
vt 0.9702526 0.4919193
vt 0.8465021 0.6898557
vt 0.8588159 0.6106986
vt 0.8106850 0.7614275
vt 0.7546915 0.8184400
vt 0.6838702 0.8551830
vt 0.6051798 0.8678734
vt 0.5264895 0.8551828
vt 0.4556681 0.8184399
vt 0.3996743 0.7614273
vt 0.3638571 0.6898556
vt 0.3515434 0.6106985
vt 0.3638573 0.5315412
vt 0.3996745 0.4599693
vt 0.4556684 0.4029566
vt 0.5264897 0.3662134
vt 0.6051801 0.3535228
vt 0.6838704 0.3662135
vt 0.7546917 0.4029569
vt 0.8106853 0.4599697
vt 0.8465023 0.5315419
vt 0.0025589 0.6019640
vt 0.0025589 0.5026903
vt 0.2094823 0.5026902
vt 0.2094823 0.6019639
vt 0.0025589 0.7010988
vt 0.2094823 0.7010987
vt 0.0025590 0.9977897
vt 0.0025589 0.8989787
vt 0.2094823 0.8989786
vt 0.2094824 0.9977897
vt 0.0025590 0.1040244
vt 0.0025590 0.0052310
vt 0.2094824 0.0052309
vt 0.2094824 0.1040243
vt 0.0025590 0.2028592
vt 0.2094824 0.2028590
vt 0.0025590 0.3017869
vt 0.2094824 0.3017867
vt 0.0025590 0.5000498
vt 0.0025590 0.4008449
vt 0.2094824 0.4008451
vt 0.2094824 0.5000501
vt 0.0025590 0.5993924
vt 0.2094824 0.5993924
vt 0.0025590 0.7983302
vt 0.2094824 0.7983302
vt 0.2094824 0.8978077
vt 0.0025590 0.8978077
vt 0.0025590 0.9972180
vt 0.2094824 0.9972180
vt 0.0025589 0.1048670
vt 0.0025589 0.0054611
vt 0.2094823 0.0054611
vt 0.2094823 0.1048670
vt 0.0025589 0.2043364
vt 0.2094823 0.2043366
vt 0.2094823 0.3038317
vt 0.0025589 0.3038317
vt 0.0025589 0.4033000
vt 0.2094823 0.4032999
vt 0.2984035 0.6106988
vt 0.3132488 0.7060809
vt 0.2750483 0.7182465
vt 0.2583035 0.6106988
vt 0.3564686 0.7924015
vt 0.3238307 0.8156439
vt 0.4241357 0.8612657
vt 0.4002923 0.8934323
vt 0.5098509 0.9057142
vt 0.4972592 0.9436989
vt 0.6051801 0.9210810
vt 0.6051801 0.9610899
vt 0.7005093 0.9057141
vt 0.7131010 0.9436989
vt 0.7862244 0.8612655
vt 0.8100678 0.8934322
vt 0.8538913 0.7924015
vt 0.8865293 0.8156437
vt 0.8971108 0.7060807
vt 0.9353112 0.7182464
vt 0.9119560 0.6106985
vt 0.9520559 0.6106985
vt 0.8971107 0.5153162
vt 0.9353108 0.5031506
vt 0.8538910 0.4289953
vt 0.8865288 0.4057530
vt 0.7862240 0.3601309
vt 0.8100674 0.3279642
vt 0.7005090 0.3156823
vt 0.7131006 0.2776976
vt 0.6051797 0.3003155
vt 0.6051797 0.2603067
vt 0.5098505 0.3156824
vt 0.4972588 0.2776978
vt 0.4241353 0.3601313
vt 0.4002919 0.3279648
vt 0.3564683 0.4289959
vt 0.3238303 0.4057538
vt 0.3132486 0.5153170
vt 0.2750481 0.5031514
vt 0.2401094 0.7294777
vt 0.2215881 0.6106988
vt 0.2940650 0.8370396
vt 0.3786266 0.9229357
vt 0.4858525 0.9784337
vt 0.6051801 0.9976327
vt 0.7245077 0.9784337
vt 0.8317335 0.9229354
vt 0.9162951 0.8370394
vt 0.9702500 0.7294775
vt 0.9887712 0.6106985
vt 0.9702498 0.4919196
vt 0.9162947 0.3843575
vt 0.8317332 0.2984609
vt 0.7245072 0.2429628
vt 0.6051797 0.2237640
vt 0.4858520 0.2429631
vt 0.3786261 0.2984614
vt 0.2940646 0.3843582
vt 0.2401092 0.4919204
vt 0.3515470 0.6106986
vt 0.3638606 0.6898547
vt 0.3996772 0.7614256
vt 0.4556702 0.8184375
vt 0.5264908 0.8551802
vt 0.6051801 0.8678703
vt 0.6838694 0.8551802
vt 0.7546898 0.8184374
vt 0.8106828 0.7614256
vt 0.8464992 0.6898546
vt 0.8588128 0.6106985
vt 0.8464991 0.5315423
vt 0.8106824 0.4599713
vt 0.7546895 0.4029593
vt 0.6838689 0.3662165
vt 0.6051798 0.3535261
vt 0.5264904 0.3662167
vt 0.4556699 0.4029596
vt 0.3996769 0.4599718
vt 0.3638604 0.5315430
vt 0.0025589 0.8000960
vt 0.2094823 0.8000958
vt 0.2094824 0.6988375
vt 0.0025590 0.6988375
vt 0.6454802 0.3899505
vt 0.6508086 0.4996584
vt 0.6255980 0.4990772
vt 0.6304966 0.3894393
vt 0.8290308 0.5828530
vt 0.7262776 0.6218386
vt 0.7190411 0.5976749
vt 0.8248791 0.5684361
vt 0.7021689 0.8169757
vt 0.6333925 0.7313434
vt 0.6541306 0.7169997
vt 0.7145931 0.8085857
vt 0.4403801 0.7687701
vt 0.5005408 0.6768728
vt 0.5205972 0.6921592
vt 0.4522037 0.7779884
vt 0.4052855 0.5048009
vt 0.5113009 0.5336678
vt 0.5029524 0.5574671
vt 0.4001611 0.5188968
vt 0.6982546 0.5321232
vt 0.6718882 0.5639371
vt 0.6282581 0.5334733
vt 0.7059722 0.5563014
vt 0.7100486 0.6769938
vt 0.6716488 0.6617404
vt 0.6871451 0.6108330
vt 0.6894371 0.6917968
vt 0.5759335 0.7329610
vt 0.5785660 0.6917331
vt 0.6317649 0.6907359
vt 0.5554836 0.7179400
vt 0.4812342 0.6227181
vt 0.5212677 0.6124765
vt 0.5386609 0.6627671
vt 0.4892040 0.5986194
vt 0.5568445 0.4985846
vt 0.5789468 0.5334918
vt 0.5364894 0.5655695
vt 0.5822197 0.4987202
vt 0.5634738 0.3905549
vt 0.5782602 0.3898335
vt 0.8030778 0.5050132
vt 0.8083412 0.5188570
vt 0.7681689 0.7682999
vt 0.7566280 0.7775723
vt 0.5070888 0.8164695
vt 0.4947010 0.8083650
vt 0.3804822 0.5830128
vt 0.3843732 0.5687187
vt 0.6304966 0.3894393
vt 0.6255980 0.4990772
vt 0.6039379 0.4967943
vt 0.6043536 0.3829903
vt 0.8248791 0.5684361
vt 0.7190411 0.5976749
vt 0.7145182 0.5763650
vt 0.8229260 0.5415667
vt 0.7145931 0.8085857
vt 0.6541306 0.7169997
vt 0.6729969 0.7061182
vt 0.7395358 0.7984420
vt 0.4522037 0.7779884
vt 0.5205972 0.6921592
vt 0.5367802 0.7067353
vt 0.4695670 0.7985687
vt 0.4001611 0.5188968
vt 0.5029524 0.5574671
vt 0.4940847 0.5773646
vt 0.3859362 0.5417750
vt 0.7059722 0.5563014
vt 0.6718882 0.5639371
vt 0.6894371 0.6917968
vt 0.6716488 0.6617404
vt 0.5785660 0.6917331
vt 0.5386609 0.6627671
vt 0.4892040 0.5986194
vt 0.5212677 0.6124765
vt 0.5822197 0.4987202
vt 0.5789468 0.5334918
vt 0.5782602 0.3898335
vt 0.8083412 0.5188570
vt 0.7566280 0.7775723
vt 0.5554836 0.7179400
vt 0.4947010 0.8083650
vt 0.3843732 0.5687187
vt 0.6871451 0.6108330
vt 0.6317649 0.6907359
vt 0.5364894 0.5655695
vt 0.6282581 0.5334733
vt 0.6282581 0.5334733
vt 0.6044636 0.6126758
vt 0.5789468 0.5334918
vt 0.6871451 0.6108330
vt 0.6718882 0.5639371
vt 0.6317649 0.6907359
vt 0.6716488 0.6617404
vt 0.5386609 0.6627671
vt 0.5212677 0.6124765
vt 0.5364894 0.5655695
vt 0.5785660 0.6917331
vt 0.6508086 0.4996584
vt 0.6454802 0.3899505
vt 0.6760017 0.3822744
vt 0.6831945 0.4750151
vt 0.7262776 0.6218386
vt 0.8290308 0.5828530
vt 0.8457797 0.6095287
vt 0.7597294 0.6450407
vt 0.6333925 0.7313434
vt 0.7021689 0.8169757
vt 0.6819839 0.8411205
vt 0.6216709 0.7703097
vt 0.5005408 0.6768728
vt 0.4403801 0.7687701
vt 0.4111733 0.7570450
vt 0.4598525 0.6777788
vt 0.5113009 0.5336678
vt 0.4052855 0.5048009
vt 0.4074267 0.4733898
vt 0.4978788 0.4952418
vt 0.6982546 0.5321232
vt 0.6508086 0.4996584
vt 0.6831945 0.4750151
vt 0.7118388 0.4971410
vt 0.7100486 0.6769938
vt 0.7262776 0.6218386
vt 0.7597294 0.6450407
vt 0.7475129 0.6791176
vt 0.5759335 0.7329610
vt 0.6333925 0.7313434
vt 0.6216709 0.7703097
vt 0.5854996 0.7692376
vt 0.4812342 0.6227181
vt 0.5005408 0.6768728
vt 0.4598525 0.6777788
vt 0.4496771 0.6430379
vt 0.5568445 0.4985846
vt 0.5113009 0.5336678
vt 0.4978788 0.4952418
vt 0.5277827 0.4748516
vt 0.5634738 0.3905549
vt 0.5568445 0.4985846
vt 0.5277827 0.4748516
vt 0.5333244 0.3835090
vt 0.8030778 0.5050132
vt 0.6982546 0.5321232
vt 0.7118388 0.4971410
vt 0.8004524 0.4741506
vt 0.7681689 0.7682999
vt 0.7100486 0.6769938
vt 0.7475129 0.6791176
vt 0.7967048 0.7562844
vt 0.5070888 0.8164695
vt 0.5759335 0.7329610
vt 0.5854996 0.7692376
vt 0.5273423 0.8398861
vt 0.3804822 0.5830128
vt 0.4812342 0.6227181
vt 0.4496771 0.6430379
vt 0.3644478 0.6095287
vt 0.9879573 0.8955575
vt 0.9971073 0.9297060
vt 0.9288103 0.9297060
vt 0.9879573 0.9638546
vt 0.9629588 0.9888530
vt 0.9288103 0.9980031
vt 0.8946617 0.9888530
vt 0.8696634 0.9638546
vt 0.8605133 0.9297060
vt 0.8696634 0.8955575
vt 0.8946618 0.8705590
vt 0.9288104 0.8614091
vt 0.9629588 0.8705590
f 4930/4930 4931/4931 4932/4932
f 4932/4932 4933/4933 4930/4930
f 4970/4970 4930/4930 4933/4933
f 4931/4931 4934/4934 4935/4935
f 4935/4935 4932/4932 4931/4931
f 4934/4934 4936/4936 4937/4937
f 4937/4937 4935/4935 4934/4934
f 4936/4936 4938/4938 4939/4939
f 4939/4939 4937/4937 4936/4936
f 4938/4938 4940/4940 4941/4941
f 4941/4941 4939/4939 4938/4938
f 4940/4940 4942/4942 4943/4943
f 4943/4943 4941/4941 4940/4940
f 4942/4942 4944/4944 4945/4945
f 4945/4945 4943/4943 4942/4942
f 4944/4944 4946/4946 4947/4947
f 4947/4947 4945/4945 4944/4944
f 4946/4946 4948/4948 4949/4949
f 4949/4949 4947/4947 4946/4946
f 4948/4948 4950/4950 4951/4951
f 4951/4951 4949/4949 4948/4948
f 4950/4950 4952/4952 4953/4953
f 4953/4953 4951/4951 4950/4950
f 4952/4952 4954/4954 4955/4955
f 4955/4955 4953/4953 4952/4952
f 4954/4954 4956/4956 4957/4957
f 4957/4957 4955/4955 4954/4954
f 4956/4956 4958/4958 4959/4959
f 4959/4959 4957/4957 4956/4956
f 4958/4958 4960/4960 4961/4961
f 4961/4961 4959/4959 4958/4958
f 4933/4933 4971/4971 4970/4970
f 4968/4968 4970/4970 4971/4971
f 4971/4971 4969/4969 4968/4968
f 4966/4966 4968/4968 4969/4969
f 4969/4969 4967/4967 4966/4966
f 4963/4963 4966/4966 4967/4967
f 4967/4967 4964/4964 4963/4963
f 4962/4962 4963/4963 4964/4964
f 4964/4964 4965/4965 4962/4962
f 4972/4972 4973/4973 4974/4974
f 4974/4974 4975/4975 4972/4972
f 5012/5012 4972/4972 4975/4975
f 4973/4973 4976/4976 4977/4977
f 4977/4977 4974/4974 4973/4973
f 4976/4976 4978/4978 4979/4979
f 4979/4979 4977/4977 4976/4976
f 4978/4978 4980/4980 4981/4981
f 4981/4981 4979/4979 4978/4978
f 4980/4980 4982/4982 4983/4983
f 4983/4983 4981/4981 4980/4980
f 4982/4982 4984/4984 4985/4985
f 4985/4985 4983/4983 4982/4982
f 4984/4984 4986/4986 4987/4987
f 4987/4987 4985/4985 4984/4984
f 4986/4986 4988/4988 4989/4989
f 4989/4989 4987/4987 4986/4986
f 4988/4988 4990/4990 4991/4991
f 4991/4991 4989/4989 4988/4988
f 4990/4990 4992/4992 4993/4993
f 4993/4993 4991/4991 4990/4990
f 4992/4992 4994/4994 4995/4995
f 4995/4995 4993/4993 4992/4992
f 4994/4994 4996/4996 4997/4997
f 4997/4997 4995/4995 4994/4994
f 4996/4996 4998/4998 4999/4999
f 4999/4999 4997/4997 4996/4996
f 4998/4998 5000/5000 5001/5001
f 5001/5001 4999/4999 4998/4998
f 5000/5000 5002/5002 5003/5003
f 5003/5003 5001/5001 5000/5000
f 4975/4975 5013/5013 5012/5012
f 5010/5010 5012/5012 5013/5013
f 5013/5013 5011/5011 5010/5010
f 5008/5008 5010/5010 5011/5011
f 5011/5011 5009/5009 5008/5008
f 5005/5005 5008/5008 5009/5009
f 5009/5009 5006/5006 5005/5005
f 5004/5004 5005/5005 5006/5006
f 5006/5006 5007/5007 5004/5004
f 5014/5014 5015/5015 5016/5016
f 5016/5016 5017/5017 5014/5014
f 5054/5054 5014/5014 5017/5017
f 5015/5015 5018/5018 5019/5019
f 5019/5019 5016/5016 5015/5015
f 5018/5018 5020/5020 5021/5021
f 5021/5021 5019/5019 5018/5018
f 5020/5020 5022/5022 5023/5023
f 5023/5023 5021/5021 5020/5020
f 5022/5022 5024/5024 5025/5025
f 5025/5025 5023/5023 5022/5022
f 5024/5024 5026/5026 5027/5027
f 5027/5027 5025/5025 5024/5024
f 5026/5026 5028/5028 5029/5029
f 5029/5029 5027/5027 5026/5026
f 5028/5028 5030/5030 5031/5031
f 5031/5031 5029/5029 5028/5028
f 5030/5030 5032/5032 5033/5033
f 5033/5033 5031/5031 5030/5030
f 5032/5032 5034/5034 5035/5035
f 5035/5035 5033/5033 5032/5032
f 5034/5034 5036/5036 5037/5037
f 5037/5037 5035/5035 5034/5034
f 5036/5036 5038/5038 5039/5039
f 5039/5039 5037/5037 5036/5036
f 5038/5038 5040/5040 5041/5041
f 5041/5041 5039/5039 5038/5038
f 5040/5040 5042/5042 5043/5043
f 5043/5043 5041/5041 5040/5040
f 5042/5042 5044/5044 5045/5045
f 5045/5045 5043/5043 5042/5042
f 5017/5017 5055/5055 5054/5054
f 5052/5052 5054/5054 5055/5055
f 5055/5055 5053/5053 5052/5052
f 5050/5050 5052/5052 5053/5053
f 5053/5053 5051/5051 5050/5050
f 5047/5047 5050/5050 5051/5051
f 5051/5051 5048/5048 5047/5047
f 5046/5046 5047/5047 5048/5048
f 5048/5048 5049/5049 5046/5046
f 5056/5056 5057/5057 5058/5058
f 5058/5058 5059/5059 5056/5056
f 5096/5096 5056/5056 5059/5059
f 5057/5057 5060/5060 5061/5061
f 5061/5061 5058/5058 5057/5057
f 5060/5060 5062/5062 5063/5063
f 5063/5063 5061/5061 5060/5060
f 5062/5062 5064/5064 5065/5065
f 5065/5065 5063/5063 5062/5062
f 5064/5064 5066/5066 5067/5067
f 5067/5067 5065/5065 5064/5064
f 5066/5066 5068/5068 5069/5069
f 5069/5069 5067/5067 5066/5066
f 5068/5068 5070/5070 5071/5071
f 5071/5071 5069/5069 5068/5068
f 5070/5070 5072/5072 5073/5073
f 5073/5073 5071/5071 5070/5070
f 5072/5072 5074/5074 5075/5075
f 5075/5075 5073/5073 5072/5072
f 5074/5074 5076/5076 5077/5077
f 5077/5077 5075/5075 5074/5074
f 5076/5076 5078/5078 5079/5079
f 5079/5079 5077/5077 5076/5076
f 5078/5078 5080/5080 5081/5081
f 5081/5081 5079/5079 5078/5078
f 5080/5080 5082/5082 5083/5083
f 5083/5083 5081/5081 5080/5080
f 5082/5082 5084/5084 5085/5085
f 5085/5085 5083/5083 5082/5082
f 5084/5084 5086/5086 5087/5087
f 5087/5087 5085/5085 5084/5084
f 5059/5059 5097/5097 5096/5096
f 5094/5094 5096/5096 5097/5097
f 5097/5097 5095/5095 5094/5094
f 5092/5092 5094/5094 5095/5095
f 5095/5095 5093/5093 5092/5092
f 5089/5089 5092/5092 5093/5093
f 5093/5093 5090/5090 5089/5089
f 5088/5088 5089/5089 5090/5090
f 5090/5090 5091/5091 5088/5088
f 5098/5098 5099/5099 5100/5100
f 5100/5100 5101/5101 5098/5098
f 5099/5099 5098/5098 5102/5102
f 5139/5139 5098/5098 5101/5101
f 5098/5098 5139/5139 5140/5140
f 5140/5140 5102/5102 5098/5098
f 5101/5101 5100/5100 5137/5137
f 5137/5137 5136/5136 5101/5101
f 5101/5101 5138/5138 5139/5139
f 5138/5138 5101/5101 5136/5136
f 5136/5136 5137/5137 5135/5135
f 5135/5135 5137/5137 5177/5177
f 5159/5159 5177/5177 5137/5137
f 5137/5137 5100/5100 5159/5159
f 5135/5135 5134/5134 5136/5136
f 5157/5157 5136/5136 5134/5134
f 5136/5136 5157/5157 5138/5138
f 5134/5134 5135/5135 5133/5133
f 5133/5133 5135/5135 5176/5176
f 5177/5177 5176/5176 5135/5135
f 5133/5133 5132/5132 5134/5134
f 5156/5156 5134/5134 5132/5132
f 5134/5134 5156/5156 5157/5157
f 5132/5132 5133/5133 5131/5131
f 5131/5131 5133/5133 5175/5175
f 5176/5176 5175/5175 5133/5133
f 5131/5131 5130/5130 5132/5132
f 5155/5155 5132/5132 5130/5130
f 5132/5132 5155/5155 5156/5156
f 5130/5130 5131/5131 5129/5129
f 5129/5129 5131/5131 5174/5174
f 5175/5175 5174/5174 5131/5131
f 5129/5129 5128/5128 5130/5130
f 5154/5154 5130/5130 5128/5128
f 5130/5130 5154/5154 5155/5155
f 5128/5128 5129/5129 5127/5127
f 5127/5127 5129/5129 5173/5173
f 5174/5174 5173/5173 5129/5129
f 5127/5127 5126/5126 5128/5128
f 5153/5153 5128/5128 5126/5126
f 5128/5128 5153/5153 5154/5154
f 5126/5126 5127/5127 5125/5125
f 5125/5125 5127/5127 5172/5172
f 5173/5173 5172/5172 5127/5127
f 5125/5125 5124/5124 5126/5126
f 5152/5152 5126/5126 5124/5124
f 5126/5126 5152/5152 5153/5153
f 5124/5124 5125/5125 5123/5123
f 5123/5123 5125/5125 5171/5171
f 5172/5172 5171/5171 5125/5125
f 5123/5123 5122/5122 5124/5124
f 5151/5151 5124/5124 5122/5122
f 5124/5124 5151/5151 5152/5152
f 5122/5122 5123/5123 5121/5121
f 5121/5121 5123/5123 5170/5170
f 5171/5171 5170/5170 5123/5123
f 5121/5121 5120/5120 5122/5122
f 5150/5150 5122/5122 5120/5120
f 5122/5122 5150/5150 5151/5151
f 5120/5120 5121/5121 5119/5119
f 5119/5119 5121/5121 5169/5169
f 5170/5170 5169/5169 5121/5121
f 5119/5119 5118/5118 5120/5120
f 5149/5149 5120/5120 5118/5118
f 5120/5120 5149/5149 5150/5150
f 5118/5118 5119/5119 5117/5117
f 5117/5117 5119/5119 5168/5168
f 5169/5169 5168/5168 5119/5119
f 5117/5117 5116/5116 5118/5118
f 5148/5148 5118/5118 5116/5116
f 5118/5118 5148/5148 5149/5149
f 5116/5116 5117/5117 5115/5115
f 5115/5115 5117/5117 5167/5167
f 5168/5168 5167/5167 5117/5117
f 5115/5115 5114/5114 5116/5116
f 5147/5147 5116/5116 5114/5114
f 5116/5116 5147/5147 5148/5148
f 5114/5114 5115/5115 5113/5113
f 5113/5113 5115/5115 5166/5166
f 5167/5167 5166/5166 5115/5115
f 5113/5113 5112/5112 5114/5114
f 5146/5146 5114/5114 5112/5112
f 5114/5114 5146/5146 5147/5147
f 5112/5112 5113/5113 5111/5111
f 5111/5111 5113/5113 5165/5165
f 5166/5166 5165/5165 5113/5113
f 5111/5111 5110/5110 5112/5112
f 5145/5145 5112/5112 5110/5110
f 5112/5112 5145/5145 5146/5146
f 5110/5110 5111/5111 5109/5109
f 5109/5109 5111/5111 5164/5164
f 5165/5165 5164/5164 5111/5111
f 5109/5109 5108/5108 5110/5110
f 5144/5144 5110/5110 5108/5108
f 5110/5110 5144/5144 5145/5145
f 5108/5108 5109/5109 5107/5107
f 5107/5107 5109/5109 5163/5163
f 5164/5164 5163/5163 5109/5109
f 5107/5107 5106/5106 5108/5108
f 5143/5143 5108/5108 5106/5106
f 5108/5108 5143/5143 5144/5144
f 5106/5106 5107/5107 5105/5105
f 5105/5105 5107/5107 5162/5162
f 5163/5163 5162/5162 5107/5107
f 5105/5105 5104/5104 5106/5106
f 5142/5142 5106/5106 5104/5104
f 5106/5106 5142/5142 5143/5143
f 5104/5104 5105/5105 5103/5103
f 5103/5103 5105/5105 5161/5161
f 5162/5162 5161/5161 5105/5105
f 5103/5103 5102/5102 5104/5104
f 5141/5141 5104/5104 5102/5102
f 5104/5104 5141/5141 5142/5142
f 5102/5102 5103/5103 5099/5099
f 5099/5099 5103/5103 5160/5160
f 5161/5161 5160/5160 5103/5103
f 5102/5102 5140/5140 5141/5141
f 5160/5160 5158/5158 5099/5099
f 5100/5100 5099/5099 5158/5158
f 5158/5158 5159/5159 5100/5100
f 5178/5178 5179/5179 5180/5180
f 5180/5180 5181/5181 5178/5178
f 5182/5182 5178/5178 5181/5181
f 5180/5180 5179/5179 5216/5216
f 5216/5216 5217/5217 5180/5180
f 5216/5216 5215/5215 5214/5214
f 5214/5214 5217/5217 5216/5216
f 5214/5214 5215/5215 5212/5212
f 5212/5212 5213/5213 5214/5214
f 5212/5212 5208/5208 5211/5211
f 5211/5211 5213/5213 5212/5212
f 5208/5208 5209/5209 5210/5210
f 5210/5210 5211/5211 5208/5208
f 5181/5181 5183/5183 5182/5182
f 5298/5298 5182/5182 5183/5183
f 5183/5183 5299/5299 5298/5298
f 5298/5298 5299/5299 5186/5186
f 5186/5186 5185/5185 5298/5298
f 5184/5184 5185/5185 5186/5186
f 5186/5186 5187/5187 5184/5184
f 5188/5188 5189/5189 5190/5190
f 5190/5190 5191/5191 5188/5188
f 5192/5192 5188/5188 5191/5191
f 5191/5191 5193/5193 5192/5192
f 5194/5194 5192/5192 5193/5193
f 5193/5193 5195/5195 5194/5194
f 5194/5194 5195/5195 5198/5198
f 5198/5198 5197/5197 5194/5194
f 5196/5196 5197/5197 5198/5198
f 5198/5198 5199/5199 5196/5196
f 5200/5200 5196/5196 5199/5199
f 5199/5199 5201/5201 5200/5200
f 5200/5200 5201/5201 5300/5300
f 5300/5300 5301/5301 5200/5200
f 5301/5301 5300/5300 5203/5203
f 5203/5203 5202/5202 5301/5301
f 5202/5202 5203/5203 5204/5204
f 5204/5204 5205/5205 5202/5202
f 5206/5206 5205/5205 5204/5204
f 5204/5204 5207/5207 5206/5206
f 5218/5218 5219/5219 5220/5220
f 5220/5220 5221/5221 5218/5218
f 5256/5256 5218/5218 5221/5221
f 5218/5218 5278/5278 5279/5279
f 5279/5279 5219/5219 5218/5218
f 5278/5278 5218/5218 5256/5256
f 5221/5221 5257/5257 5256/5256
f 5221/5221 5220/5220 5258/5258
f 5258/5258 5259/5259 5221/5221
f 5257/5257 5221/5221 5259/5259
f 5254/5254 5256/5256 5257/5257
f 5297/5297 5256/5256 5254/5254
f 5256/5256 5297/5297 5278/5278
f 5257/5257 5255/5255 5254/5254
f 5255/5255 5257/5257 5277/5277
f 5259/5259 5277/5277 5257/5257
f 5252/5252 5254/5254 5255/5255
f 5296/5296 5254/5254 5252/5252
f 5254/5254 5296/5296 5297/5297
f 5255/5255 5253/5253 5252/5252
f 5253/5253 5255/5255 5276/5276
f 5277/5277 5276/5276 5255/5255
f 5250/5250 5252/5252 5253/5253
f 5295/5295 5252/5252 5250/5250
f 5252/5252 5295/5295 5296/5296
f 5253/5253 5251/5251 5250/5250
f 5251/5251 5253/5253 5275/5275
f 5276/5276 5275/5275 5253/5253
f 5248/5248 5250/5250 5251/5251
f 5294/5294 5250/5250 5248/5248
f 5250/5250 5294/5294 5295/5295
f 5251/5251 5249/5249 5248/5248
f 5249/5249 5251/5251 5274/5274
f 5275/5275 5274/5274 5251/5251
f 5246/5246 5248/5248 5249/5249
f 5293/5293 5248/5248 5246/5246
f 5248/5248 5293/5293 5294/5294
f 5249/5249 5247/5247 5246/5246
f 5247/5247 5249/5249 5273/5273
f 5274/5274 5273/5273 5249/5249
f 5244/5244 5246/5246 5247/5247
f 5292/5292 5246/5246 5244/5244
f 5246/5246 5292/5292 5293/5293
f 5247/5247 5245/5245 5244/5244
f 5245/5245 5247/5247 5272/5272
f 5273/5273 5272/5272 5247/5247
f 5242/5242 5244/5244 5245/5245
f 5291/5291 5244/5244 5242/5242
f 5244/5244 5291/5291 5292/5292
f 5245/5245 5243/5243 5242/5242
f 5243/5243 5245/5245 5271/5271
f 5272/5272 5271/5271 5245/5245
f 5240/5240 5242/5242 5243/5243
f 5290/5290 5242/5242 5240/5240
f 5242/5242 5290/5290 5291/5291
f 5243/5243 5241/5241 5240/5240
f 5241/5241 5243/5243 5270/5270
f 5271/5271 5270/5270 5243/5243
f 5238/5238 5240/5240 5241/5241
f 5289/5289 5240/5240 5238/5238
f 5240/5240 5289/5289 5290/5290
f 5241/5241 5239/5239 5238/5238
f 5239/5239 5241/5241 5269/5269
f 5270/5270 5269/5269 5241/5241
f 5236/5236 5238/5238 5239/5239
f 5288/5288 5238/5238 5236/5236
f 5238/5238 5288/5288 5289/5289
f 5239/5239 5237/5237 5236/5236
f 5237/5237 5239/5239 5268/5268
f 5269/5269 5268/5268 5239/5239
f 5234/5234 5236/5236 5237/5237
f 5287/5287 5236/5236 5234/5234
f 5236/5236 5287/5287 5288/5288
f 5237/5237 5235/5235 5234/5234
f 5235/5235 5237/5237 5267/5267
f 5268/5268 5267/5267 5237/5237
f 5232/5232 5234/5234 5235/5235
f 5286/5286 5234/5234 5232/5232
f 5234/5234 5286/5286 5287/5287
f 5235/5235 5233/5233 5232/5232
f 5233/5233 5235/5235 5266/5266
f 5267/5267 5266/5266 5235/5235
f 5230/5230 5232/5232 5233/5233
f 5285/5285 5232/5232 5230/5230
f 5232/5232 5285/5285 5286/5286
f 5233/5233 5231/5231 5230/5230
f 5231/5231 5233/5233 5265/5265
f 5266/5266 5265/5265 5233/5233
f 5228/5228 5230/5230 5231/5231
f 5284/5284 5230/5230 5228/5228
f 5230/5230 5284/5284 5285/5285
f 5231/5231 5229/5229 5228/5228
f 5229/5229 5231/5231 5264/5264
f 5265/5265 5264/5264 5231/5231
f 5226/5226 5228/5228 5229/5229
f 5283/5283 5228/5228 5226/5226
f 5228/5228 5283/5283 5284/5284
f 5229/5229 5227/5227 5226/5226
f 5227/5227 5229/5229 5263/5263
f 5264/5264 5263/5263 5229/5229
f 5224/5224 5226/5226 5227/5227
f 5282/5282 5226/5226 5224/5224
f 5226/5226 5282/5282 5283/5283
f 5227/5227 5225/5225 5224/5224
f 5225/5225 5227/5227 5262/5262
f 5263/5263 5262/5262 5227/5227
f 5222/5222 5224/5224 5225/5225
f 5281/5281 5224/5224 5222/5222
f 5224/5224 5281/5281 5282/5282
f 5225/5225 5223/5223 5222/5222
f 5223/5223 5225/5225 5261/5261
f 5262/5262 5261/5261 5225/5225
f 5219/5219 5222/5222 5223/5223
f 5280/5280 5222/5222 5219/5219
f 5222/5222 5280/5280 5281/5281
f 5223/5223 5220/5220 5219/5219
f 5220/5220 5223/5223 5260/5260
f 5261/5261 5260/5260 5223/5223
f 5219/5219 5279/5279 5280/5280
f 5260/5260 5258/5258 5220/5220
f 5302/5302 5303/5303 5304/5304
f 5304/5304 5305/5305 5302/5302
f 5303/5303 5322/5322 5323/5323
f 5323/5323 5324/5324 5303/5303
f 5304/5304 5303/5303 5324/5324
f 5322/5322 5325/5325 5323/5323
f 5325/5325 5322/5322 5344/5344
f 5344/5344 5345/5345 5325/5325
f 5306/5306 5307/5307 5308/5308
f 5308/5308 5309/5309 5306/5306
f 5307/5307 5326/5326 5327/5327
f 5327/5327 5328/5328 5307/5307
f 5308/5308 5307/5307 5328/5328
f 5326/5326 5329/5329 5327/5327
f 5329/5329 5326/5326 5346/5346
f 5346/5346 5347/5347 5329/5329
f 5310/5310 5311/5311 5312/5312
f 5312/5312 5313/5313 5310/5310
f 5311/5311 5330/5330 5331/5331
f 5331/5331 5332/5332 5311/5311
f 5312/5312 5311/5311 5332/5332
f 5330/5330 5333/5333 5331/5331
f 5333/5333 5330/5330 5348/5348
f 5348/5348 5349/5349 5333/5333
f 5314/5314 5315/5315 5316/5316
f 5316/5316 5317/5317 5314/5314
f 5315/5315 5334/5334 5335/5335
f 5335/5335 5336/5336 5315/5315
f 5316/5316 5315/5315 5336/5336
f 5334/5334 5337/5337 5335/5335
f 5337/5337 5334/5334 5350/5350
f 5350/5350 5351/5351 5337/5337
f 5318/5318 5319/5319 5320/5320
f 5320/5320 5321/5321 5318/5318
f 5319/5319 5338/5338 5339/5339
f 5339/5339 5340/5340 5319/5319
f 5320/5320 5319/5319 5340/5340
f 5338/5338 5341/5341 5339/5339
f 5341/5341 5338/5338 5342/5342
f 5342/5342 5343/5343 5341/5341
f 5352/5352 5353/5353 5354/5354
f 5354/5354 5355/5355 5352/5352
f 5353/5353 5391/5391 5354/5354
f 5380/5380 5354/5354 5381/5381
f 5355/5355 5354/5354 5380/5380
f 5391/5391 5381/5381 5354/5354
f 5380/5380 5382/5382 5355/5355
f 5356/5356 5357/5357 5358/5358
f 5358/5358 5359/5359 5356/5356
f 5357/5357 5388/5388 5358/5358
f 5372/5372 5358/5358 5373/5373
f 5359/5359 5358/5358 5372/5372
f 5388/5388 5373/5373 5358/5358
f 5372/5372 5383/5383 5359/5359
f 5360/5360 5361/5361 5362/5362
f 5362/5362 5363/5363 5360/5360
f 5361/5361 5389/5389 5362/5362
f 5374/5374 5362/5362 5375/5375
f 5363/5363 5362/5362 5374/5374
f 5389/5389 5375/5375 5362/5362
f 5374/5374 5384/5384 5363/5363
f 5364/5364 5365/5365 5366/5366
f 5366/5366 5367/5367 5364/5364
f 5365/5365 5377/5377 5366/5366
f 5376/5376 5366/5366 5377/5377
f 5367/5367 5366/5366 5385/5385
f 5376/5376 5385/5385 5366/5366
f 5385/5385 5386/5386 5367/5367
f 5368/5368 5369/5369 5370/5370
f 5370/5370 5371/5371 5368/5368
f 5369/5369 5390/5390 5370/5370
f 5378/5378 5370/5370 5379/5379
f 5371/5371 5370/5370 5378/5378
f 5390/5390 5379/5379 5370/5370
f 5378/5378 5387/5387 5371/5371
f 5392/5392 5393/5393 5394/5394
f 5392/5392 5396/5396 5393/5393
f 5401/5401 5394/5394 5393/5393
f 5401/5401 5393/5393 5400/5400
f 5399/5399 5400/5400 5393/5393
f 5402/5402 5399/5399 5393/5393
f 5397/5397 5402/5402 5393/5393
f 5397/5397 5393/5393 5398/5398
f 5395/5395 5398/5398 5393/5393
f 5395/5395 5393/5393 5396/5396
f 5403/5403 5404/5404 5405/5405
f 5405/5405 5406/5406 5403/5403
f 5407/5407 5408/5408 5409/5409
f 5409/5409 5410/5410 5407/5407
f 5411/5411 5412/5412 5413/5413
f 5413/5413 5414/5414 5411/5411
f 5415/5415 5416/5416 5417/5417
f 5417/5417 5418/5418 5415/5415
f 5419/5419 5420/5420 5421/5421
f 5421/5421 5422/5422 5419/5419
f 5423/5423 5424/5424 5425/5425
f 5425/5425 5426/5426 5423/5423
f 5427/5427 5428/5428 5429/5429
f 5429/5429 5430/5430 5427/5427
f 5431/5431 5432/5432 5433/5433
f 5433/5433 5434/5434 5431/5431
f 5435/5435 5436/5436 5437/5437
f 5437/5437 5438/5438 5435/5435
f 5439/5439 5440/5440 5441/5441
f 5441/5441 5442/5442 5439/5439
f 5443/5443 5444/5444 5445/5445
f 5445/5445 5446/5446 5443/5443
f 5447/5447 5448/5448 5449/5449
f 5449/5449 5450/5450 5447/5447
f 5451/5451 5452/5452 5453/5453
f 5453/5453 5454/5454 5451/5451
f 5455/5455 5456/5456 5457/5457
f 5457/5457 5458/5458 5455/5455
f 5459/5459 5460/5460 5461/5461
f 5461/5461 5462/5462 5459/5459
f 5463/5463 5464/5464 5465/5465
f 5475/5475 5463/5463 5465/5465
f 5464/5464 5466/5466 5465/5465
f 5466/5466 5467/5467 5465/5465
f 5467/5467 5468/5468 5465/5465
f 5468/5468 5469/5469 5465/5465
f 5469/5469 5470/5470 5465/5465
f 5470/5470 5471/5471 5465/5465
f 5471/5471 5472/5472 5465/5465
f 5472/5472 5473/5473 5465/5465
f 5473/5473 5474/5474 5465/5465
f 5474/5474 5475/5475 5465/5465
f 5476/5476 5477/5477 5478/5478
f 5478/5478 5479/5479 5476/5476
f 5516/5516 5476/5476 5479/5479
f 5477/5477 5480/5480 5481/5481
f 5481/5481 5478/5478 5477/5477
f 5480/5480 5482/5482 5483/5483
f 5483/5483 5481/5481 5480/5480
f 5482/5482 5484/5484 5485/5485
f 5485/5485 5483/5483 5482/5482
f 5484/5484 5486/5486 5487/5487
f 5487/5487 5485/5485 5484/5484
f 5486/5486 5488/5488 5489/5489
f 5489/5489 5487/5487 5486/5486
f 5488/5488 5490/5490 5491/5491
f 5491/5491 5489/5489 5488/5488
f 5490/5490 5492/5492 5493/5493
f 5493/5493 5491/5491 5490/5490
f 5492/5492 5494/5494 5495/5495
f 5495/5495 5493/5493 5492/5492
f 5494/5494 5496/5496 5497/5497
f 5497/5497 5495/5495 5494/5494
f 5496/5496 5498/5498 5499/5499
f 5499/5499 5497/5497 5496/5496
f 5498/5498 5500/5500 5501/5501
f 5501/5501 5499/5499 5498/5498
f 5500/5500 5502/5502 5503/5503
f 5503/5503 5501/5501 5500/5500
f 5502/5502 5504/5504 5505/5505
f 5505/5505 5503/5503 5502/5502
f 5504/5504 5506/5506 5507/5507
f 5507/5507 5505/5505 5504/5504
f 5479/5479 5517/5517 5516/5516
f 5514/5514 5516/5516 5517/5517
f 5517/5517 5515/5515 5514/5514
f 5512/5512 5514/5514 5515/5515
f 5515/5515 5513/5513 5512/5512
f 5509/5509 5512/5512 5513/5513
f 5513/5513 5510/5510 5509/5509
f 5508/5508 5509/5509 5510/5510
f 5510/5510 5511/5511 5508/5508
f 5518/5518 5519/5519 5520/5520
f 5520/5520 5521/5521 5518/5518
f 5558/5558 5518/5518 5521/5521
f 5519/5519 5522/5522 5523/5523
f 5523/5523 5520/5520 5519/5519
f 5522/5522 5524/5524 5525/5525
f 5525/5525 5523/5523 5522/5522
f 5524/5524 5526/5526 5527/5527
f 5527/5527 5525/5525 5524/5524
f 5526/5526 5528/5528 5529/5529
f 5529/5529 5527/5527 5526/5526
f 5528/5528 5530/5530 5531/5531
f 5531/5531 5529/5529 5528/5528
f 5530/5530 5532/5532 5533/5533
f 5533/5533 5531/5531 5530/5530
f 5532/5532 5534/5534 5535/5535
f 5535/5535 5533/5533 5532/5532
f 5534/5534 5536/5536 5537/5537
f 5537/5537 5535/5535 5534/5534
f 5536/5536 5538/5538 5539/5539
f 5539/5539 5537/5537 5536/5536
f 5538/5538 5540/5540 5541/5541
f 5541/5541 5539/5539 5538/5538
f 5540/5540 5542/5542 5543/5543
f 5543/5543 5541/5541 5540/5540
f 5542/5542 5544/5544 5545/5545
f 5545/5545 5543/5543 5542/5542
f 5544/5544 5546/5546 5547/5547
f 5547/5547 5545/5545 5544/5544
f 5546/5546 5548/5548 5549/5549
f 5549/5549 5547/5547 5546/5546
f 5521/5521 5559/5559 5558/5558
f 5556/5556 5558/5558 5559/5559
f 5559/5559 5557/5557 5556/5556
f 5554/5554 5556/5556 5557/5557
f 5557/5557 5555/5555 5554/5554
f 5551/5551 5554/5554 5555/5555
f 5555/5555 5552/5552 5551/5551
f 5550/5550 5551/5551 5552/5552
f 5552/5552 5553/5553 5550/5550
f 5560/5560 5561/5561 5562/5562
f 5562/5562 5563/5563 5560/5560
f 5600/5600 5560/5560 5563/5563
f 5561/5561 5564/5564 5565/5565
f 5565/5565 5562/5562 5561/5561
f 5564/5564 5566/5566 5567/5567
f 5567/5567 5565/5565 5564/5564
f 5566/5566 5568/5568 5569/5569
f 5569/5569 5567/5567 5566/5566
f 5568/5568 5570/5570 5571/5571
f 5571/5571 5569/5569 5568/5568
f 5570/5570 5572/5572 5573/5573
f 5573/5573 5571/5571 5570/5570
f 5572/5572 5574/5574 5575/5575
f 5575/5575 5573/5573 5572/5572
f 5574/5574 5576/5576 5577/5577
f 5577/5577 5575/5575 5574/5574
f 5576/5576 5578/5578 5579/5579
f 5579/5579 5577/5577 5576/5576
f 5578/5578 5580/5580 5581/5581
f 5581/5581 5579/5579 5578/5578
f 5580/5580 5582/5582 5583/5583
f 5583/5583 5581/5581 5580/5580
f 5582/5582 5584/5584 5585/5585
f 5585/5585 5583/5583 5582/5582
f 5584/5584 5586/5586 5587/5587
f 5587/5587 5585/5585 5584/5584
f 5586/5586 5588/5588 5589/5589
f 5589/5589 5587/5587 5586/5586
f 5588/5588 5590/5590 5591/5591
f 5591/5591 5589/5589 5588/5588
f 5563/5563 5601/5601 5600/5600
f 5598/5598 5600/5600 5601/5601
f 5601/5601 5599/5599 5598/5598
f 5596/5596 5598/5598 5599/5599
f 5599/5599 5597/5597 5596/5596
f 5593/5593 5596/5596 5597/5597
f 5597/5597 5594/5594 5593/5593
f 5592/5592 5593/5593 5594/5594
f 5594/5594 5595/5595 5592/5592
f 5602/5602 5603/5603 5604/5604
f 5604/5604 5605/5605 5602/5602
f 5642/5642 5602/5602 5605/5605
f 5603/5603 5606/5606 5607/5607
f 5607/5607 5604/5604 5603/5603
f 5606/5606 5608/5608 5609/5609
f 5609/5609 5607/5607 5606/5606
f 5608/5608 5610/5610 5611/5611
f 5611/5611 5609/5609 5608/5608
f 5610/5610 5612/5612 5613/5613
f 5613/5613 5611/5611 5610/5610
f 5612/5612 5614/5614 5615/5615
f 5615/5615 5613/5613 5612/5612
f 5614/5614 5616/5616 5617/5617
f 5617/5617 5615/5615 5614/5614
f 5616/5616 5618/5618 5619/5619
f 5619/5619 5617/5617 5616/5616
f 5618/5618 5620/5620 5621/5621
f 5621/5621 5619/5619 5618/5618
f 5620/5620 5622/5622 5623/5623
f 5623/5623 5621/5621 5620/5620
f 5622/5622 5624/5624 5625/5625
f 5625/5625 5623/5623 5622/5622
f 5624/5624 5626/5626 5627/5627
f 5627/5627 5625/5625 5624/5624
f 5626/5626 5628/5628 5629/5629
f 5629/5629 5627/5627 5626/5626
f 5628/5628 5630/5630 5631/5631
f 5631/5631 5629/5629 5628/5628
f 5630/5630 5632/5632 5633/5633
f 5633/5633 5631/5631 5630/5630
f 5605/5605 5643/5643 5642/5642
f 5640/5640 5642/5642 5643/5643
f 5643/5643 5641/5641 5640/5640
f 5638/5638 5640/5640 5641/5641
f 5641/5641 5639/5639 5638/5638
f 5635/5635 5638/5638 5639/5639
f 5639/5639 5636/5636 5635/5635
f 5634/5634 5635/5635 5636/5636
f 5636/5636 5637/5637 5634/5634
f 5644/5644 5645/5645 5646/5646
f 5646/5646 5647/5647 5644/5644
f 5645/5645 5644/5644 5648/5648
f 5685/5685 5644/5644 5647/5647
f 5644/5644 5685/5685 5686/5686
f 5686/5686 5648/5648 5644/5644
f 5647/5647 5646/5646 5683/5683
f 5683/5683 5682/5682 5647/5647
f 5647/5647 5684/5684 5685/5685
f 5684/5684 5647/5647 5682/5682
f 5682/5682 5683/5683 5681/5681
f 5681/5681 5683/5683 5723/5723
f 5705/5705 5723/5723 5683/5683
f 5683/5683 5646/5646 5705/5705
f 5681/5681 5680/5680 5682/5682
f 5703/5703 5682/5682 5680/5680
f 5682/5682 5703/5703 5684/5684
f 5680/5680 5681/5681 5679/5679
f 5679/5679 5681/5681 5722/5722
f 5723/5723 5722/5722 5681/5681
f 5679/5679 5678/5678 5680/5680
f 5702/5702 5680/5680 5678/5678
f 5680/5680 5702/5702 5703/5703
f 5678/5678 5679/5679 5677/5677
f 5677/5677 5679/5679 5721/5721
f 5722/5722 5721/5721 5679/5679
f 5677/5677 5676/5676 5678/5678
f 5701/5701 5678/5678 5676/5676
f 5678/5678 5701/5701 5702/5702
f 5676/5676 5677/5677 5675/5675
f 5675/5675 5677/5677 5720/5720
f 5721/5721 5720/5720 5677/5677
f 5675/5675 5674/5674 5676/5676
f 5700/5700 5676/5676 5674/5674
f 5676/5676 5700/5700 5701/5701
f 5674/5674 5675/5675 5673/5673
f 5673/5673 5675/5675 5719/5719
f 5720/5720 5719/5719 5675/5675
f 5673/5673 5672/5672 5674/5674
f 5699/5699 5674/5674 5672/5672
f 5674/5674 5699/5699 5700/5700
f 5672/5672 5673/5673 5671/5671
f 5671/5671 5673/5673 5718/5718
f 5719/5719 5718/5718 5673/5673
f 5671/5671 5670/5670 5672/5672
f 5698/5698 5672/5672 5670/5670
f 5672/5672 5698/5698 5699/5699
f 5670/5670 5671/5671 5669/5669
f 5669/5669 5671/5671 5717/5717
f 5718/5718 5717/5717 5671/5671
f 5669/5669 5668/5668 5670/5670
f 5697/5697 5670/5670 5668/5668
f 5670/5670 5697/5697 5698/5698
f 5668/5668 5669/5669 5667/5667
f 5667/5667 5669/5669 5716/5716
f 5717/5717 5716/5716 5669/5669
f 5667/5667 5666/5666 5668/5668
f 5696/5696 5668/5668 5666/5666
f 5668/5668 5696/5696 5697/5697
f 5666/5666 5667/5667 5665/5665
f 5665/5665 5667/5667 5715/5715
f 5716/5716 5715/5715 5667/5667
f 5665/5665 5664/5664 5666/5666
f 5695/5695 5666/5666 5664/5664
f 5666/5666 5695/5695 5696/5696
f 5664/5664 5665/5665 5663/5663
f 5663/5663 5665/5665 5714/5714
f 5715/5715 5714/5714 5665/5665
f 5663/5663 5662/5662 5664/5664
f 5694/5694 5664/5664 5662/5662
f 5664/5664 5694/5694 5695/5695
f 5662/5662 5663/5663 5661/5661
f 5661/5661 5663/5663 5713/5713
f 5714/5714 5713/5713 5663/5663
f 5661/5661 5660/5660 5662/5662
f 5693/5693 5662/5662 5660/5660
f 5662/5662 5693/5693 5694/5694
f 5660/5660 5661/5661 5659/5659
f 5659/5659 5661/5661 5712/5712
f 5713/5713 5712/5712 5661/5661
f 5659/5659 5658/5658 5660/5660
f 5692/5692 5660/5660 5658/5658
f 5660/5660 5692/5692 5693/5693
f 5658/5658 5659/5659 5657/5657
f 5657/5657 5659/5659 5711/5711
f 5712/5712 5711/5711 5659/5659
f 5657/5657 5656/5656 5658/5658
f 5691/5691 5658/5658 5656/5656
f 5658/5658 5691/5691 5692/5692
f 5656/5656 5657/5657 5655/5655
f 5655/5655 5657/5657 5710/5710
f 5711/5711 5710/5710 5657/5657
f 5655/5655 5654/5654 5656/5656
f 5690/5690 5656/5656 5654/5654
f 5656/5656 5690/5690 5691/5691
f 5654/5654 5655/5655 5653/5653
f 5653/5653 5655/5655 5709/5709
f 5710/5710 5709/5709 5655/5655
f 5653/5653 5652/5652 5654/5654
f 5689/5689 5654/5654 5652/5652
f 5654/5654 5689/5689 5690/5690
f 5652/5652 5653/5653 5651/5651
f 5651/5651 5653/5653 5708/5708
f 5709/5709 5708/5708 5653/5653
f 5651/5651 5650/5650 5652/5652
f 5688/5688 5652/5652 5650/5650
f 5652/5652 5688/5688 5689/5689
f 5650/5650 5651/5651 5649/5649
f 5649/5649 5651/5651 5707/5707
f 5708/5708 5707/5707 5651/5651
f 5649/5649 5648/5648 5650/5650
f 5687/5687 5650/5650 5648/5648
f 5650/5650 5687/5687 5688/5688
f 5648/5648 5649/5649 5645/5645
f 5645/5645 5649/5649 5706/5706
f 5707/5707 5706/5706 5649/5649
f 5648/5648 5686/5686 5687/5687
f 5706/5706 5704/5704 5645/5645
f 5646/5646 5645/5645 5704/5704
f 5704/5704 5705/5705 5646/5646
f 5724/5724 5725/5725 5726/5726
f 5726/5726 5727/5727 5724/5724
f 5728/5728 5724/5724 5727/5727
f 5726/5726 5725/5725 5762/5762
f 5762/5762 5763/5763 5726/5726
f 5762/5762 5761/5761 5760/5760
f 5760/5760 5763/5763 5762/5762
f 5760/5760 5761/5761 5758/5758
f 5758/5758 5759/5759 5760/5760
f 5758/5758 5754/5754 5757/5757
f 5757/5757 5759/5759 5758/5758
f 5754/5754 5755/5755 5756/5756
f 5756/5756 5757/5757 5754/5754
f 5727/5727 5729/5729 5728/5728
f 5844/5844 5728/5728 5729/5729
f 5729/5729 5845/5845 5844/5844
f 5844/5844 5845/5845 5732/5732
f 5732/5732 5731/5731 5844/5844
f 5730/5730 5731/5731 5732/5732
f 5732/5732 5733/5733 5730/5730
f 5734/5734 5735/5735 5736/5736
f 5736/5736 5737/5737 5734/5734
f 5738/5738 5734/5734 5737/5737
f 5737/5737 5739/5739 5738/5738
f 5740/5740 5738/5738 5739/5739
f 5739/5739 5741/5741 5740/5740
f 5740/5740 5741/5741 5744/5744
f 5744/5744 5743/5743 5740/5740
f 5742/5742 5743/5743 5744/5744
f 5744/5744 5745/5745 5742/5742
f 5746/5746 5742/5742 5745/5745
f 5745/5745 5747/5747 5746/5746
f 5746/5746 5747/5747 5846/5846
f 5846/5846 5847/5847 5746/5746
f 5847/5847 5846/5846 5749/5749
f 5749/5749 5748/5748 5847/5847
f 5748/5748 5749/5749 5750/5750
f 5750/5750 5751/5751 5748/5748
f 5752/5752 5751/5751 5750/5750
f 5750/5750 5753/5753 5752/5752
f 5764/5764 5765/5765 5766/5766
f 5766/5766 5767/5767 5764/5764
f 5802/5802 5764/5764 5767/5767
f 5764/5764 5824/5824 5825/5825
f 5825/5825 5765/5765 5764/5764
f 5824/5824 5764/5764 5802/5802
f 5767/5767 5803/5803 5802/5802
f 5767/5767 5766/5766 5804/5804
f 5804/5804 5805/5805 5767/5767
f 5803/5803 5767/5767 5805/5805
f 5800/5800 5802/5802 5803/5803
f 5843/5843 5802/5802 5800/5800
f 5802/5802 5843/5843 5824/5824
f 5803/5803 5801/5801 5800/5800
f 5801/5801 5803/5803 5823/5823
f 5805/5805 5823/5823 5803/5803
f 5798/5798 5800/5800 5801/5801
f 5842/5842 5800/5800 5798/5798
f 5800/5800 5842/5842 5843/5843
f 5801/5801 5799/5799 5798/5798
f 5799/5799 5801/5801 5822/5822
f 5823/5823 5822/5822 5801/5801
f 5796/5796 5798/5798 5799/5799
f 5841/5841 5798/5798 5796/5796
f 5798/5798 5841/5841 5842/5842
f 5799/5799 5797/5797 5796/5796
f 5797/5797 5799/5799 5821/5821
f 5822/5822 5821/5821 5799/5799
f 5794/5794 5796/5796 5797/5797
f 5840/5840 5796/5796 5794/5794
f 5796/5796 5840/5840 5841/5841
f 5797/5797 5795/5795 5794/5794
f 5795/5795 5797/5797 5820/5820
f 5821/5821 5820/5820 5797/5797
f 5792/5792 5794/5794 5795/5795
f 5839/5839 5794/5794 5792/5792
f 5794/5794 5839/5839 5840/5840
f 5795/5795 5793/5793 5792/5792
f 5793/5793 5795/5795 5819/5819
f 5820/5820 5819/5819 5795/5795
f 5790/5790 5792/5792 5793/5793
f 5838/5838 5792/5792 5790/5790
f 5792/5792 5838/5838 5839/5839
f 5793/5793 5791/5791 5790/5790
f 5791/5791 5793/5793 5818/5818
f 5819/5819 5818/5818 5793/5793
f 5788/5788 5790/5790 5791/5791
f 5837/5837 5790/5790 5788/5788
f 5790/5790 5837/5837 5838/5838
f 5791/5791 5789/5789 5788/5788
f 5789/5789 5791/5791 5817/5817
f 5818/5818 5817/5817 5791/5791
f 5786/5786 5788/5788 5789/5789
f 5836/5836 5788/5788 5786/5786
f 5788/5788 5836/5836 5837/5837
f 5789/5789 5787/5787 5786/5786
f 5787/5787 5789/5789 5816/5816
f 5817/5817 5816/5816 5789/5789
f 5784/5784 5786/5786 5787/5787
f 5835/5835 5786/5786 5784/5784
f 5786/5786 5835/5835 5836/5836
f 5787/5787 5785/5785 5784/5784
f 5785/5785 5787/5787 5815/5815
f 5816/5816 5815/5815 5787/5787
f 5782/5782 5784/5784 5785/5785
f 5834/5834 5784/5784 5782/5782
f 5784/5784 5834/5834 5835/5835
f 5785/5785 5783/5783 5782/5782
f 5783/5783 5785/5785 5814/5814
f 5815/5815 5814/5814 5785/5785
f 5780/5780 5782/5782 5783/5783
f 5833/5833 5782/5782 5780/5780
f 5782/5782 5833/5833 5834/5834
f 5783/5783 5781/5781 5780/5780
f 5781/5781 5783/5783 5813/5813
f 5814/5814 5813/5813 5783/5783
f 5778/5778 5780/5780 5781/5781
f 5832/5832 5780/5780 5778/5778
f 5780/5780 5832/5832 5833/5833
f 5781/5781 5779/5779 5778/5778
f 5779/5779 5781/5781 5812/5812
f 5813/5813 5812/5812 5781/5781
f 5776/5776 5778/5778 5779/5779
f 5831/5831 5778/5778 5776/5776
f 5778/5778 5831/5831 5832/5832
f 5779/5779 5777/5777 5776/5776
f 5777/5777 5779/5779 5811/5811
f 5812/5812 5811/5811 5779/5779
f 5774/5774 5776/5776 5777/5777
f 5830/5830 5776/5776 5774/5774
f 5776/5776 5830/5830 5831/5831
f 5777/5777 5775/5775 5774/5774
f 5775/5775 5777/5777 5810/5810
f 5811/5811 5810/5810 5777/5777
f 5772/5772 5774/5774 5775/5775
f 5829/5829 5774/5774 5772/5772
f 5774/5774 5829/5829 5830/5830
f 5775/5775 5773/5773 5772/5772
f 5773/5773 5775/5775 5809/5809
f 5810/5810 5809/5809 5775/5775
f 5770/5770 5772/5772 5773/5773
f 5828/5828 5772/5772 5770/5770
f 5772/5772 5828/5828 5829/5829
f 5773/5773 5771/5771 5770/5770
f 5771/5771 5773/5773 5808/5808
f 5809/5809 5808/5808 5773/5773
f 5768/5768 5770/5770 5771/5771
f 5827/5827 5770/5770 5768/5768
f 5770/5770 5827/5827 5828/5828
f 5771/5771 5769/5769 5768/5768
f 5769/5769 5771/5771 5807/5807
f 5808/5808 5807/5807 5771/5771
f 5765/5765 5768/5768 5769/5769
f 5826/5826 5768/5768 5765/5765
f 5768/5768 5826/5826 5827/5827
f 5769/5769 5766/5766 5765/5765
f 5766/5766 5769/5769 5806/5806
f 5807/5807 5806/5806 5769/5769
f 5765/5765 5825/5825 5826/5826
f 5806/5806 5804/5804 5766/5766
f 5848/5848 5849/5849 5850/5850
f 5850/5850 5851/5851 5848/5848
f 5849/5849 5868/5868 5869/5869
f 5869/5869 5870/5870 5849/5849
f 5850/5850 5849/5849 5870/5870
f 5868/5868 5871/5871 5869/5869
f 5871/5871 5868/5868 5890/5890
f 5890/5890 5891/5891 5871/5871
f 5852/5852 5853/5853 5854/5854
f 5854/5854 5855/5855 5852/5852
f 5853/5853 5872/5872 5873/5873
f 5873/5873 5874/5874 5853/5853
f 5854/5854 5853/5853 5874/5874
f 5872/5872 5875/5875 5873/5873
f 5875/5875 5872/5872 5892/5892
f 5892/5892 5893/5893 5875/5875
f 5856/5856 5857/5857 5858/5858
f 5858/5858 5859/5859 5856/5856
f 5857/5857 5876/5876 5877/5877
f 5877/5877 5878/5878 5857/5857
f 5858/5858 5857/5857 5878/5878
f 5876/5876 5879/5879 5877/5877
f 5879/5879 5876/5876 5894/5894
f 5894/5894 5895/5895 5879/5879
f 5860/5860 5861/5861 5862/5862
f 5862/5862 5863/5863 5860/5860
f 5861/5861 5880/5880 5881/5881
f 5881/5881 5882/5882 5861/5861
f 5862/5862 5861/5861 5882/5882
f 5880/5880 5883/5883 5881/5881
f 5883/5883 5880/5880 5896/5896
f 5896/5896 5897/5897 5883/5883
f 5864/5864 5865/5865 5866/5866
f 5866/5866 5867/5867 5864/5864
f 5865/5865 5884/5884 5885/5885
f 5885/5885 5886/5886 5865/5865
f 5866/5866 5865/5865 5886/5886
f 5884/5884 5887/5887 5885/5885
f 5887/5887 5884/5884 5888/5888
f 5888/5888 5889/5889 5887/5887
f 5898/5898 5899/5899 5900/5900
f 5900/5900 5901/5901 5898/5898
f 5899/5899 5937/5937 5900/5900
f 5926/5926 5900/5900 5927/5927
f 5901/5901 5900/5900 5926/5926
f 5937/5937 5927/5927 5900/5900
f 5926/5926 5928/5928 5901/5901
f 5902/5902 5903/5903 5904/5904
f 5904/5904 5905/5905 5902/5902
f 5903/5903 5934/5934 5904/5904
f 5918/5918 5904/5904 5919/5919
f 5905/5905 5904/5904 5918/5918
f 5934/5934 5919/5919 5904/5904
f 5918/5918 5929/5929 5905/5905
f 5906/5906 5907/5907 5908/5908
f 5908/5908 5909/5909 5906/5906
f 5907/5907 5935/5935 5908/5908
f 5920/5920 5908/5908 5921/5921
f 5909/5909 5908/5908 5920/5920
f 5935/5935 5921/5921 5908/5908
f 5920/5920 5930/5930 5909/5909
f 5910/5910 5911/5911 5912/5912
f 5912/5912 5913/5913 5910/5910
f 5911/5911 5923/5923 5912/5912
f 5922/5922 5912/5912 5923/5923
f 5913/5913 5912/5912 5931/5931
f 5922/5922 5931/5931 5912/5912
f 5931/5931 5932/5932 5913/5913
f 5914/5914 5915/5915 5916/5916
f 5916/5916 5917/5917 5914/5914
f 5915/5915 5936/5936 5916/5916
f 5924/5924 5916/5916 5925/5925
f 5917/5917 5916/5916 5924/5924
f 5936/5936 5925/5925 5916/5916
f 5924/5924 5933/5933 5917/5917
f 5938/5938 5939/5939 5940/5940
f 5938/5938 5942/5942 5939/5939
f 5947/5947 5940/5940 5939/5939
f 5947/5947 5939/5939 5946/5946
f 5945/5945 5946/5946 5939/5939
f 5948/5948 5945/5945 5939/5939
f 5943/5943 5948/5948 5939/5939
f 5943/5943 5939/5939 5944/5944
f 5941/5941 5944/5944 5939/5939
f 5941/5941 5939/5939 5942/5942
f 5949/5949 5950/5950 5951/5951
f 5951/5951 5952/5952 5949/5949
f 5953/5953 5954/5954 5955/5955
f 5955/5955 5956/5956 5953/5953
f 5957/5957 5958/5958 5959/5959
f 5959/5959 5960/5960 5957/5957
f 5961/5961 5962/5962 5963/5963
f 5963/5963 5964/5964 5961/5961
f 5965/5965 5966/5966 5967/5967
f 5967/5967 5968/5968 5965/5965
f 5969/5969 5970/5970 5971/5971
f 5971/5971 5972/5972 5969/5969
f 5973/5973 5974/5974 5975/5975
f 5975/5975 5976/5976 5973/5973
f 5977/5977 5978/5978 5979/5979
f 5979/5979 5980/5980 5977/5977
f 5981/5981 5982/5982 5983/5983
f 5983/5983 5984/5984 5981/5981
f 5985/5985 5986/5986 5987/5987
f 5987/5987 5988/5988 5985/5985
f 5989/5989 5990/5990 5991/5991
f 5991/5991 5992/5992 5989/5989
f 5993/5993 5994/5994 5995/5995
f 5995/5995 5996/5996 5993/5993
f 5997/5997 5998/5998 5999/5999
f 5999/5999 6000/6000 5997/5997
f 6001/6001 6002/6002 6003/6003
f 6003/6003 6004/6004 6001/6001
f 6005/6005 6006/6006 6007/6007
f 6007/6007 6008/6008 6005/6005
f 6009/6009 6010/6010 6011/6011
f 6021/6021 6009/6009 6011/6011
f 6010/6010 6012/6012 6011/6011
f 6012/6012 6013/6013 6011/6011
f 6013/6013 6014/6014 6011/6011
f 6014/6014 6015/6015 6011/6011
f 6015/6015 6016/6016 6011/6011
f 6016/6016 6017/6017 6011/6011
f 6017/6017 6018/6018 6011/6011
f 6018/6018 6019/6019 6011/6011
f 6019/6019 6020/6020 6011/6011
f 6020/6020 6021/6021 6011/6011
f 6022/6022 6023/6023 6024/6024
f 6024/6024 6025/6025 6022/6022
f 6062/6062 6022/6022 6025/6025
f 6023/6023 6026/6026 6027/6027
f 6027/6027 6024/6024 6023/6023
f 6026/6026 6028/6028 6029/6029
f 6029/6029 6027/6027 6026/6026
f 6028/6028 6030/6030 6031/6031
f 6031/6031 6029/6029 6028/6028
f 6030/6030 6032/6032 6033/6033
f 6033/6033 6031/6031 6030/6030
f 6032/6032 6034/6034 6035/6035
f 6035/6035 6033/6033 6032/6032
f 6034/6034 6036/6036 6037/6037
f 6037/6037 6035/6035 6034/6034
f 6036/6036 6038/6038 6039/6039
f 6039/6039 6037/6037 6036/6036
f 6038/6038 6040/6040 6041/6041
f 6041/6041 6039/6039 6038/6038
f 6040/6040 6042/6042 6043/6043
f 6043/6043 6041/6041 6040/6040
f 6042/6042 6044/6044 6045/6045
f 6045/6045 6043/6043 6042/6042
f 6044/6044 6046/6046 6047/6047
f 6047/6047 6045/6045 6044/6044
f 6046/6046 6048/6048 6049/6049
f 6049/6049 6047/6047 6046/6046
f 6048/6048 6050/6050 6051/6051
f 6051/6051 6049/6049 6048/6048
f 6050/6050 6052/6052 6053/6053
f 6053/6053 6051/6051 6050/6050
f 6025/6025 6063/6063 6062/6062
f 6060/6060 6062/6062 6063/6063
f 6063/6063 6061/6061 6060/6060
f 6058/6058 6060/6060 6061/6061
f 6061/6061 6059/6059 6058/6058
f 6055/6055 6058/6058 6059/6059
f 6059/6059 6056/6056 6055/6055
f 6054/6054 6055/6055 6056/6056
f 6056/6056 6057/6057 6054/6054
f 6064/6064 6065/6065 6066/6066
f 6066/6066 6067/6067 6064/6064
f 6104/6104 6064/6064 6067/6067
f 6065/6065 6068/6068 6069/6069
f 6069/6069 6066/6066 6065/6065
f 6068/6068 6070/6070 6071/6071
f 6071/6071 6069/6069 6068/6068
f 6070/6070 6072/6072 6073/6073
f 6073/6073 6071/6071 6070/6070
f 6072/6072 6074/6074 6075/6075
f 6075/6075 6073/6073 6072/6072
f 6074/6074 6076/6076 6077/6077
f 6077/6077 6075/6075 6074/6074
f 6076/6076 6078/6078 6079/6079
f 6079/6079 6077/6077 6076/6076
f 6078/6078 6080/6080 6081/6081
f 6081/6081 6079/6079 6078/6078
f 6080/6080 6082/6082 6083/6083
f 6083/6083 6081/6081 6080/6080
f 6082/6082 6084/6084 6085/6085
f 6085/6085 6083/6083 6082/6082
f 6084/6084 6086/6086 6087/6087
f 6087/6087 6085/6085 6084/6084
f 6086/6086 6088/6088 6089/6089
f 6089/6089 6087/6087 6086/6086
f 6088/6088 6090/6090 6091/6091
f 6091/6091 6089/6089 6088/6088
f 6090/6090 6092/6092 6093/6093
f 6093/6093 6091/6091 6090/6090
f 6092/6092 6094/6094 6095/6095
f 6095/6095 6093/6093 6092/6092
f 6067/6067 6105/6105 6104/6104
f 6102/6102 6104/6104 6105/6105
f 6105/6105 6103/6103 6102/6102
f 6100/6100 6102/6102 6103/6103
f 6103/6103 6101/6101 6100/6100
f 6097/6097 6100/6100 6101/6101
f 6101/6101 6098/6098 6097/6097
f 6096/6096 6097/6097 6098/6098
f 6098/6098 6099/6099 6096/6096
f 6106/6106 6107/6107 6108/6108
f 6108/6108 6109/6109 6106/6106
f 6146/6146 6106/6106 6109/6109
f 6107/6107 6110/6110 6111/6111
f 6111/6111 6108/6108 6107/6107
f 6110/6110 6112/6112 6113/6113
f 6113/6113 6111/6111 6110/6110
f 6112/6112 6114/6114 6115/6115
f 6115/6115 6113/6113 6112/6112
f 6114/6114 6116/6116 6117/6117
f 6117/6117 6115/6115 6114/6114
f 6116/6116 6118/6118 6119/6119
f 6119/6119 6117/6117 6116/6116
f 6118/6118 6120/6120 6121/6121
f 6121/6121 6119/6119 6118/6118
f 6120/6120 6122/6122 6123/6123
f 6123/6123 6121/6121 6120/6120
f 6122/6122 6124/6124 6125/6125
f 6125/6125 6123/6123 6122/6122
f 6124/6124 6126/6126 6127/6127
f 6127/6127 6125/6125 6124/6124
f 6126/6126 6128/6128 6129/6129
f 6129/6129 6127/6127 6126/6126
f 6128/6128 6130/6130 6131/6131
f 6131/6131 6129/6129 6128/6128
f 6130/6130 6132/6132 6133/6133
f 6133/6133 6131/6131 6130/6130
f 6132/6132 6134/6134 6135/6135
f 6135/6135 6133/6133 6132/6132
f 6134/6134 6136/6136 6137/6137
f 6137/6137 6135/6135 6134/6134
f 6109/6109 6147/6147 6146/6146
f 6144/6144 6146/6146 6147/6147
f 6147/6147 6145/6145 6144/6144
f 6142/6142 6144/6144 6145/6145
f 6145/6145 6143/6143 6142/6142
f 6139/6139 6142/6142 6143/6143
f 6143/6143 6140/6140 6139/6139
f 6138/6138 6139/6139 6140/6140
f 6140/6140 6141/6141 6138/6138
f 6148/6148 6149/6149 6150/6150
f 6150/6150 6151/6151 6148/6148
f 6188/6188 6148/6148 6151/6151
f 6149/6149 6152/6152 6153/6153
f 6153/6153 6150/6150 6149/6149
f 6152/6152 6154/6154 6155/6155
f 6155/6155 6153/6153 6152/6152
f 6154/6154 6156/6156 6157/6157
f 6157/6157 6155/6155 6154/6154
f 6156/6156 6158/6158 6159/6159
f 6159/6159 6157/6157 6156/6156
f 6158/6158 6160/6160 6161/6161
f 6161/6161 6159/6159 6158/6158
f 6160/6160 6162/6162 6163/6163
f 6163/6163 6161/6161 6160/6160
f 6162/6162 6164/6164 6165/6165
f 6165/6165 6163/6163 6162/6162
f 6164/6164 6166/6166 6167/6167
f 6167/6167 6165/6165 6164/6164
f 6166/6166 6168/6168 6169/6169
f 6169/6169 6167/6167 6166/6166
f 6168/6168 6170/6170 6171/6171
f 6171/6171 6169/6169 6168/6168
f 6170/6170 6172/6172 6173/6173
f 6173/6173 6171/6171 6170/6170
f 6172/6172 6174/6174 6175/6175
f 6175/6175 6173/6173 6172/6172
f 6174/6174 6176/6176 6177/6177
f 6177/6177 6175/6175 6174/6174
f 6176/6176 6178/6178 6179/6179
f 6179/6179 6177/6177 6176/6176
f 6151/6151 6189/6189 6188/6188
f 6186/6186 6188/6188 6189/6189
f 6189/6189 6187/6187 6186/6186
f 6184/6184 6186/6186 6187/6187
f 6187/6187 6185/6185 6184/6184
f 6181/6181 6184/6184 6185/6185
f 6185/6185 6182/6182 6181/6181
f 6180/6180 6181/6181 6182/6182
f 6182/6182 6183/6183 6180/6180
f 6190/6190 6191/6191 6192/6192
f 6192/6192 6193/6193 6190/6190
f 6191/6191 6190/6190 6194/6194
f 6231/6231 6190/6190 6193/6193
f 6190/6190 6231/6231 6232/6232
f 6232/6232 6194/6194 6190/6190
f 6193/6193 6192/6192 6229/6229
f 6229/6229 6228/6228 6193/6193
f 6193/6193 6230/6230 6231/6231
f 6230/6230 6193/6193 6228/6228
f 6228/6228 6229/6229 6227/6227
f 6227/6227 6229/6229 6269/6269
f 6251/6251 6269/6269 6229/6229
f 6229/6229 6192/6192 6251/6251
f 6227/6227 6226/6226 6228/6228
f 6249/6249 6228/6228 6226/6226
f 6228/6228 6249/6249 6230/6230
f 6226/6226 6227/6227 6225/6225
f 6225/6225 6227/6227 6268/6268
f 6269/6269 6268/6268 6227/6227
f 6225/6225 6224/6224 6226/6226
f 6248/6248 6226/6226 6224/6224
f 6226/6226 6248/6248 6249/6249
f 6224/6224 6225/6225 6223/6223
f 6223/6223 6225/6225 6267/6267
f 6268/6268 6267/6267 6225/6225
f 6223/6223 6222/6222 6224/6224
f 6247/6247 6224/6224 6222/6222
f 6224/6224 6247/6247 6248/6248
f 6222/6222 6223/6223 6221/6221
f 6221/6221 6223/6223 6266/6266
f 6267/6267 6266/6266 6223/6223
f 6221/6221 6220/6220 6222/6222
f 6246/6246 6222/6222 6220/6220
f 6222/6222 6246/6246 6247/6247
f 6220/6220 6221/6221 6219/6219
f 6219/6219 6221/6221 6265/6265
f 6266/6266 6265/6265 6221/6221
f 6219/6219 6218/6218 6220/6220
f 6245/6245 6220/6220 6218/6218
f 6220/6220 6245/6245 6246/6246
f 6218/6218 6219/6219 6217/6217
f 6217/6217 6219/6219 6264/6264
f 6265/6265 6264/6264 6219/6219
f 6217/6217 6216/6216 6218/6218
f 6244/6244 6218/6218 6216/6216
f 6218/6218 6244/6244 6245/6245
f 6216/6216 6217/6217 6215/6215
f 6215/6215 6217/6217 6263/6263
f 6264/6264 6263/6263 6217/6217
f 6215/6215 6214/6214 6216/6216
f 6243/6243 6216/6216 6214/6214
f 6216/6216 6243/6243 6244/6244
f 6214/6214 6215/6215 6213/6213
f 6213/6213 6215/6215 6262/6262
f 6263/6263 6262/6262 6215/6215
f 6213/6213 6212/6212 6214/6214
f 6242/6242 6214/6214 6212/6212
f 6214/6214 6242/6242 6243/6243
f 6212/6212 6213/6213 6211/6211
f 6211/6211 6213/6213 6261/6261
f 6262/6262 6261/6261 6213/6213
f 6211/6211 6210/6210 6212/6212
f 6241/6241 6212/6212 6210/6210
f 6212/6212 6241/6241 6242/6242
f 6210/6210 6211/6211 6209/6209
f 6209/6209 6211/6211 6260/6260
f 6261/6261 6260/6260 6211/6211
f 6209/6209 6208/6208 6210/6210
f 6240/6240 6210/6210 6208/6208
f 6210/6210 6240/6240 6241/6241
f 6208/6208 6209/6209 6207/6207
f 6207/6207 6209/6209 6259/6259
f 6260/6260 6259/6259 6209/6209
f 6207/6207 6206/6206 6208/6208
f 6239/6239 6208/6208 6206/6206
f 6208/6208 6239/6239 6240/6240
f 6206/6206 6207/6207 6205/6205
f 6205/6205 6207/6207 6258/6258
f 6259/6259 6258/6258 6207/6207
f 6205/6205 6204/6204 6206/6206
f 6238/6238 6206/6206 6204/6204
f 6206/6206 6238/6238 6239/6239
f 6204/6204 6205/6205 6203/6203
f 6203/6203 6205/6205 6257/6257
f 6258/6258 6257/6257 6205/6205
f 6203/6203 6202/6202 6204/6204
f 6237/6237 6204/6204 6202/6202
f 6204/6204 6237/6237 6238/6238
f 6202/6202 6203/6203 6201/6201
f 6201/6201 6203/6203 6256/6256
f 6257/6257 6256/6256 6203/6203
f 6201/6201 6200/6200 6202/6202
f 6236/6236 6202/6202 6200/6200
f 6202/6202 6236/6236 6237/6237
f 6200/6200 6201/6201 6199/6199
f 6199/6199 6201/6201 6255/6255
f 6256/6256 6255/6255 6201/6201
f 6199/6199 6198/6198 6200/6200
f 6235/6235 6200/6200 6198/6198
f 6200/6200 6235/6235 6236/6236
f 6198/6198 6199/6199 6197/6197
f 6197/6197 6199/6199 6254/6254
f 6255/6255 6254/6254 6199/6199
f 6197/6197 6196/6196 6198/6198
f 6234/6234 6198/6198 6196/6196
f 6198/6198 6234/6234 6235/6235
f 6196/6196 6197/6197 6195/6195
f 6195/6195 6197/6197 6253/6253
f 6254/6254 6253/6253 6197/6197
f 6195/6195 6194/6194 6196/6196
f 6233/6233 6196/6196 6194/6194
f 6196/6196 6233/6233 6234/6234
f 6194/6194 6195/6195 6191/6191
f 6191/6191 6195/6195 6252/6252
f 6253/6253 6252/6252 6195/6195
f 6194/6194 6232/6232 6233/6233
f 6252/6252 6250/6250 6191/6191
f 6192/6192 6191/6191 6250/6250
f 6250/6250 6251/6251 6192/6192
f 6270/6270 6271/6271 6272/6272
f 6272/6272 6273/6273 6270/6270
f 6274/6274 6270/6270 6273/6273
f 6272/6272 6271/6271 6308/6308
f 6308/6308 6309/6309 6272/6272
f 6308/6308 6307/6307 6306/6306
f 6306/6306 6309/6309 6308/6308
f 6306/6306 6307/6307 6304/6304
f 6304/6304 6305/6305 6306/6306
f 6304/6304 6300/6300 6303/6303
f 6303/6303 6305/6305 6304/6304
f 6300/6300 6301/6301 6302/6302
f 6302/6302 6303/6303 6300/6300
f 6273/6273 6275/6275 6274/6274
f 6390/6390 6274/6274 6275/6275
f 6275/6275 6391/6391 6390/6390
f 6390/6390 6391/6391 6278/6278
f 6278/6278 6277/6277 6390/6390
f 6276/6276 6277/6277 6278/6278
f 6278/6278 6279/6279 6276/6276
f 6280/6280 6281/6281 6282/6282
f 6282/6282 6283/6283 6280/6280
f 6284/6284 6280/6280 6283/6283
f 6283/6283 6285/6285 6284/6284
f 6286/6286 6284/6284 6285/6285
f 6285/6285 6287/6287 6286/6286
f 6286/6286 6287/6287 6290/6290
f 6290/6290 6289/6289 6286/6286
f 6288/6288 6289/6289 6290/6290
f 6290/6290 6291/6291 6288/6288
f 6292/6292 6288/6288 6291/6291
f 6291/6291 6293/6293 6292/6292
f 6292/6292 6293/6293 6392/6392
f 6392/6392 6393/6393 6292/6292
f 6393/6393 6392/6392 6295/6295
f 6295/6295 6294/6294 6393/6393
f 6294/6294 6295/6295 6296/6296
f 6296/6296 6297/6297 6294/6294
f 6298/6298 6297/6297 6296/6296
f 6296/6296 6299/6299 6298/6298
f 6310/6310 6311/6311 6312/6312
f 6312/6312 6313/6313 6310/6310
f 6348/6348 6310/6310 6313/6313
f 6310/6310 6370/6370 6371/6371
f 6371/6371 6311/6311 6310/6310
f 6370/6370 6310/6310 6348/6348
f 6313/6313 6349/6349 6348/6348
f 6313/6313 6312/6312 6350/6350
f 6350/6350 6351/6351 6313/6313
f 6349/6349 6313/6313 6351/6351
f 6346/6346 6348/6348 6349/6349
f 6389/6389 6348/6348 6346/6346
f 6348/6348 6389/6389 6370/6370
f 6349/6349 6347/6347 6346/6346
f 6347/6347 6349/6349 6369/6369
f 6351/6351 6369/6369 6349/6349
f 6344/6344 6346/6346 6347/6347
f 6388/6388 6346/6346 6344/6344
f 6346/6346 6388/6388 6389/6389
f 6347/6347 6345/6345 6344/6344
f 6345/6345 6347/6347 6368/6368
f 6369/6369 6368/6368 6347/6347
f 6342/6342 6344/6344 6345/6345
f 6387/6387 6344/6344 6342/6342
f 6344/6344 6387/6387 6388/6388
f 6345/6345 6343/6343 6342/6342
f 6343/6343 6345/6345 6367/6367
f 6368/6368 6367/6367 6345/6345
f 6340/6340 6342/6342 6343/6343
f 6386/6386 6342/6342 6340/6340
f 6342/6342 6386/6386 6387/6387
f 6343/6343 6341/6341 6340/6340
f 6341/6341 6343/6343 6366/6366
f 6367/6367 6366/6366 6343/6343
f 6338/6338 6340/6340 6341/6341
f 6385/6385 6340/6340 6338/6338
f 6340/6340 6385/6385 6386/6386
f 6341/6341 6339/6339 6338/6338
f 6339/6339 6341/6341 6365/6365
f 6366/6366 6365/6365 6341/6341
f 6336/6336 6338/6338 6339/6339
f 6384/6384 6338/6338 6336/6336
f 6338/6338 6384/6384 6385/6385
f 6339/6339 6337/6337 6336/6336
f 6337/6337 6339/6339 6364/6364
f 6365/6365 6364/6364 6339/6339
f 6334/6334 6336/6336 6337/6337
f 6383/6383 6336/6336 6334/6334
f 6336/6336 6383/6383 6384/6384
f 6337/6337 6335/6335 6334/6334
f 6335/6335 6337/6337 6363/6363
f 6364/6364 6363/6363 6337/6337
f 6332/6332 6334/6334 6335/6335
f 6382/6382 6334/6334 6332/6332
f 6334/6334 6382/6382 6383/6383
f 6335/6335 6333/6333 6332/6332
f 6333/6333 6335/6335 6362/6362
f 6363/6363 6362/6362 6335/6335
f 6330/6330 6332/6332 6333/6333
f 6381/6381 6332/6332 6330/6330
f 6332/6332 6381/6381 6382/6382
f 6333/6333 6331/6331 6330/6330
f 6331/6331 6333/6333 6361/6361
f 6362/6362 6361/6361 6333/6333
f 6328/6328 6330/6330 6331/6331
f 6380/6380 6330/6330 6328/6328
f 6330/6330 6380/6380 6381/6381
f 6331/6331 6329/6329 6328/6328
f 6329/6329 6331/6331 6360/6360
f 6361/6361 6360/6360 6331/6331
f 6326/6326 6328/6328 6329/6329
f 6379/6379 6328/6328 6326/6326
f 6328/6328 6379/6379 6380/6380
f 6329/6329 6327/6327 6326/6326
f 6327/6327 6329/6329 6359/6359
f 6360/6360 6359/6359 6329/6329
f 6324/6324 6326/6326 6327/6327
f 6378/6378 6326/6326 6324/6324
f 6326/6326 6378/6378 6379/6379
f 6327/6327 6325/6325 6324/6324
f 6325/6325 6327/6327 6358/6358
f 6359/6359 6358/6358 6327/6327
f 6322/6322 6324/6324 6325/6325
f 6377/6377 6324/6324 6322/6322
f 6324/6324 6377/6377 6378/6378
f 6325/6325 6323/6323 6322/6322
f 6323/6323 6325/6325 6357/6357
f 6358/6358 6357/6357 6325/6325
f 6320/6320 6322/6322 6323/6323
f 6376/6376 6322/6322 6320/6320
f 6322/6322 6376/6376 6377/6377
f 6323/6323 6321/6321 6320/6320
f 6321/6321 6323/6323 6356/6356
f 6357/6357 6356/6356 6323/6323
f 6318/6318 6320/6320 6321/6321
f 6375/6375 6320/6320 6318/6318
f 6320/6320 6375/6375 6376/6376
f 6321/6321 6319/6319 6318/6318
f 6319/6319 6321/6321 6355/6355
f 6356/6356 6355/6355 6321/6321
f 6316/6316 6318/6318 6319/6319
f 6374/6374 6318/6318 6316/6316
f 6318/6318 6374/6374 6375/6375
f 6319/6319 6317/6317 6316/6316
f 6317/6317 6319/6319 6354/6354
f 6355/6355 6354/6354 6319/6319
f 6314/6314 6316/6316 6317/6317
f 6373/6373 6316/6316 6314/6314
f 6316/6316 6373/6373 6374/6374
f 6317/6317 6315/6315 6314/6314
f 6315/6315 6317/6317 6353/6353
f 6354/6354 6353/6353 6317/6317
f 6311/6311 6314/6314 6315/6315
f 6372/6372 6314/6314 6311/6311
f 6314/6314 6372/6372 6373/6373
f 6315/6315 6312/6312 6311/6311
f 6312/6312 6315/6315 6352/6352
f 6353/6353 6352/6352 6315/6315
f 6311/6311 6371/6371 6372/6372
f 6352/6352 6350/6350 6312/6312
f 6394/6394 6395/6395 6396/6396
f 6396/6396 6397/6397 6394/6394
f 6395/6395 6414/6414 6415/6415
f 6415/6415 6416/6416 6395/6395
f 6396/6396 6395/6395 6416/6416
f 6414/6414 6417/6417 6415/6415
f 6417/6417 6414/6414 6436/6436
f 6436/6436 6437/6437 6417/6417
f 6398/6398 6399/6399 6400/6400
f 6400/6400 6401/6401 6398/6398
f 6399/6399 6418/6418 6419/6419
f 6419/6419 6420/6420 6399/6399
f 6400/6400 6399/6399 6420/6420
f 6418/6418 6421/6421 6419/6419
f 6421/6421 6418/6418 6438/6438
f 6438/6438 6439/6439 6421/6421
f 6402/6402 6403/6403 6404/6404
f 6404/6404 6405/6405 6402/6402
f 6403/6403 6422/6422 6423/6423
f 6423/6423 6424/6424 6403/6403
f 6404/6404 6403/6403 6424/6424
f 6422/6422 6425/6425 6423/6423
f 6425/6425 6422/6422 6440/6440
f 6440/6440 6441/6441 6425/6425
f 6406/6406 6407/6407 6408/6408
f 6408/6408 6409/6409 6406/6406
f 6407/6407 6426/6426 6427/6427
f 6427/6427 6428/6428 6407/6407
f 6408/6408 6407/6407 6428/6428
f 6426/6426 6429/6429 6427/6427
f 6429/6429 6426/6426 6442/6442
f 6442/6442 6443/6443 6429/6429
f 6410/6410 6411/6411 6412/6412
f 6412/6412 6413/6413 6410/6410
f 6411/6411 6430/6430 6431/6431
f 6431/6431 6432/6432 6411/6411
f 6412/6412 6411/6411 6432/6432
f 6430/6430 6433/6433 6431/6431
f 6433/6433 6430/6430 6434/6434
f 6434/6434 6435/6435 6433/6433
f 6444/6444 6445/6445 6446/6446
f 6446/6446 6447/6447 6444/6444
f 6445/6445 6483/6483 6446/6446
f 6472/6472 6446/6446 6473/6473
f 6447/6447 6446/6446 6472/6472
f 6483/6483 6473/6473 6446/6446
f 6472/6472 6474/6474 6447/6447
f 6448/6448 6449/6449 6450/6450
f 6450/6450 6451/6451 6448/6448
f 6449/6449 6480/6480 6450/6450
f 6464/6464 6450/6450 6465/6465
f 6451/6451 6450/6450 6464/6464
f 6480/6480 6465/6465 6450/6450
f 6464/6464 6475/6475 6451/6451
f 6452/6452 6453/6453 6454/6454
f 6454/6454 6455/6455 6452/6452
f 6453/6453 6481/6481 6454/6454
f 6466/6466 6454/6454 6467/6467
f 6455/6455 6454/6454 6466/6466
f 6481/6481 6467/6467 6454/6454
f 6466/6466 6476/6476 6455/6455
f 6456/6456 6457/6457 6458/6458
f 6458/6458 6459/6459 6456/6456
f 6457/6457 6469/6469 6458/6458
f 6468/6468 6458/6458 6469/6469
f 6459/6459 6458/6458 6477/6477
f 6468/6468 6477/6477 6458/6458
f 6477/6477 6478/6478 6459/6459
f 6460/6460 6461/6461 6462/6462
f 6462/6462 6463/6463 6460/6460
f 6461/6461 6482/6482 6462/6462
f 6470/6470 6462/6462 6471/6471
f 6463/6463 6462/6462 6470/6470
f 6482/6482 6471/6471 6462/6462
f 6470/6470 6479/6479 6463/6463
f 6484/6484 6485/6485 6486/6486
f 6484/6484 6488/6488 6485/6485
f 6493/6493 6486/6486 6485/6485
f 6493/6493 6485/6485 6492/6492
f 6491/6491 6492/6492 6485/6485
f 6494/6494 6491/6491 6485/6485
f 6489/6489 6494/6494 6485/6485
f 6489/6489 6485/6485 6490/6490
f 6487/6487 6490/6490 6485/6485
f 6487/6487 6485/6485 6488/6488
f 6495/6495 6496/6496 6497/6497
f 6497/6497 6498/6498 6495/6495
f 6499/6499 6500/6500 6501/6501
f 6501/6501 6502/6502 6499/6499
f 6503/6503 6504/6504 6505/6505
f 6505/6505 6506/6506 6503/6503
f 6507/6507 6508/6508 6509/6509
f 6509/6509 6510/6510 6507/6507
f 6511/6511 6512/6512 6513/6513
f 6513/6513 6514/6514 6511/6511
f 6515/6515 6516/6516 6517/6517
f 6517/6517 6518/6518 6515/6515
f 6519/6519 6520/6520 6521/6521
f 6521/6521 6522/6522 6519/6519
f 6523/6523 6524/6524 6525/6525
f 6525/6525 6526/6526 6523/6523
f 6527/6527 6528/6528 6529/6529
f 6529/6529 6530/6530 6527/6527
f 6531/6531 6532/6532 6533/6533
f 6533/6533 6534/6534 6531/6531
f 6535/6535 6536/6536 6537/6537
f 6537/6537 6538/6538 6535/6535
f 6539/6539 6540/6540 6541/6541
f 6541/6541 6542/6542 6539/6539
f 6543/6543 6544/6544 6545/6545
f 6545/6545 6546/6546 6543/6543
f 6547/6547 6548/6548 6549/6549
f 6549/6549 6550/6550 6547/6547
f 6551/6551 6552/6552 6553/6553
f 6553/6553 6554/6554 6551/6551
f 6555/6555 6556/6556 6557/6557
f 6567/6567 6555/6555 6557/6557
f 6556/6556 6558/6558 6557/6557
f 6558/6558 6559/6559 6557/6557
f 6559/6559 6560/6560 6557/6557
f 6560/6560 6561/6561 6557/6557
f 6561/6561 6562/6562 6557/6557
f 6562/6562 6563/6563 6557/6557
f 6563/6563 6564/6564 6557/6557
f 6564/6564 6565/6565 6557/6557
f 6565/6565 6566/6566 6557/6557
f 6566/6566 6567/6567 6557/6557
f 6568/6568 6569/6569 6570/6570
f 6570/6570 6571/6571 6568/6568
f 6608/6608 6568/6568 6571/6571
f 6569/6569 6572/6572 6573/6573
f 6573/6573 6570/6570 6569/6569
f 6572/6572 6574/6574 6575/6575
f 6575/6575 6573/6573 6572/6572
f 6574/6574 6576/6576 6577/6577
f 6577/6577 6575/6575 6574/6574
f 6576/6576 6578/6578 6579/6579
f 6579/6579 6577/6577 6576/6576
f 6578/6578 6580/6580 6581/6581
f 6581/6581 6579/6579 6578/6578
f 6580/6580 6582/6582 6583/6583
f 6583/6583 6581/6581 6580/6580
f 6582/6582 6584/6584 6585/6585
f 6585/6585 6583/6583 6582/6582
f 6584/6584 6586/6586 6587/6587
f 6587/6587 6585/6585 6584/6584
f 6586/6586 6588/6588 6589/6589
f 6589/6589 6587/6587 6586/6586
f 6588/6588 6590/6590 6591/6591
f 6591/6591 6589/6589 6588/6588
f 6590/6590 6592/6592 6593/6593
f 6593/6593 6591/6591 6590/6590
f 6592/6592 6594/6594 6595/6595
f 6595/6595 6593/6593 6592/6592
f 6594/6594 6596/6596 6597/6597
f 6597/6597 6595/6595 6594/6594
f 6596/6596 6598/6598 6599/6599
f 6599/6599 6597/6597 6596/6596
f 6571/6571 6609/6609 6608/6608
f 6606/6606 6608/6608 6609/6609
f 6609/6609 6607/6607 6606/6606
f 6604/6604 6606/6606 6607/6607
f 6607/6607 6605/6605 6604/6604
f 6601/6601 6604/6604 6605/6605
f 6605/6605 6602/6602 6601/6601
f 6600/6600 6601/6601 6602/6602
f 6602/6602 6603/6603 6600/6600
f 6610/6610 6611/6611 6612/6612
f 6612/6612 6613/6613 6610/6610
f 6650/6650 6610/6610 6613/6613
f 6611/6611 6614/6614 6615/6615
f 6615/6615 6612/6612 6611/6611
f 6614/6614 6616/6616 6617/6617
f 6617/6617 6615/6615 6614/6614
f 6616/6616 6618/6618 6619/6619
f 6619/6619 6617/6617 6616/6616
f 6618/6618 6620/6620 6621/6621
f 6621/6621 6619/6619 6618/6618
f 6620/6620 6622/6622 6623/6623
f 6623/6623 6621/6621 6620/6620
f 6622/6622 6624/6624 6625/6625
f 6625/6625 6623/6623 6622/6622
f 6624/6624 6626/6626 6627/6627
f 6627/6627 6625/6625 6624/6624
f 6626/6626 6628/6628 6629/6629
f 6629/6629 6627/6627 6626/6626
f 6628/6628 6630/6630 6631/6631
f 6631/6631 6629/6629 6628/6628
f 6630/6630 6632/6632 6633/6633
f 6633/6633 6631/6631 6630/6630
f 6632/6632 6634/6634 6635/6635
f 6635/6635 6633/6633 6632/6632
f 6634/6634 6636/6636 6637/6637
f 6637/6637 6635/6635 6634/6634
f 6636/6636 6638/6638 6639/6639
f 6639/6639 6637/6637 6636/6636
f 6638/6638 6640/6640 6641/6641
f 6641/6641 6639/6639 6638/6638
f 6613/6613 6651/6651 6650/6650
f 6648/6648 6650/6650 6651/6651
f 6651/6651 6649/6649 6648/6648
f 6646/6646 6648/6648 6649/6649
f 6649/6649 6647/6647 6646/6646
f 6643/6643 6646/6646 6647/6647
f 6647/6647 6644/6644 6643/6643
f 6642/6642 6643/6643 6644/6644
f 6644/6644 6645/6645 6642/6642
f 6652/6652 6653/6653 6654/6654
f 6654/6654 6655/6655 6652/6652
f 6692/6692 6652/6652 6655/6655
f 6653/6653 6656/6656 6657/6657
f 6657/6657 6654/6654 6653/6653
f 6656/6656 6658/6658 6659/6659
f 6659/6659 6657/6657 6656/6656
f 6658/6658 6660/6660 6661/6661
f 6661/6661 6659/6659 6658/6658
f 6660/6660 6662/6662 6663/6663
f 6663/6663 6661/6661 6660/6660
f 6662/6662 6664/6664 6665/6665
f 6665/6665 6663/6663 6662/6662
f 6664/6664 6666/6666 6667/6667
f 6667/6667 6665/6665 6664/6664
f 6666/6666 6668/6668 6669/6669
f 6669/6669 6667/6667 6666/6666
f 6668/6668 6670/6670 6671/6671
f 6671/6671 6669/6669 6668/6668
f 6670/6670 6672/6672 6673/6673
f 6673/6673 6671/6671 6670/6670
f 6672/6672 6674/6674 6675/6675
f 6675/6675 6673/6673 6672/6672
f 6674/6674 6676/6676 6677/6677
f 6677/6677 6675/6675 6674/6674
f 6676/6676 6678/6678 6679/6679
f 6679/6679 6677/6677 6676/6676
f 6678/6678 6680/6680 6681/6681
f 6681/6681 6679/6679 6678/6678
f 6680/6680 6682/6682 6683/6683
f 6683/6683 6681/6681 6680/6680
f 6655/6655 6693/6693 6692/6692
f 6690/6690 6692/6692 6693/6693
f 6693/6693 6691/6691 6690/6690
f 6688/6688 6690/6690 6691/6691
f 6691/6691 6689/6689 6688/6688
f 6685/6685 6688/6688 6689/6689
f 6689/6689 6686/6686 6685/6685
f 6684/6684 6685/6685 6686/6686
f 6686/6686 6687/6687 6684/6684
f 6694/6694 6695/6695 6696/6696
f 6696/6696 6697/6697 6694/6694
f 6734/6734 6694/6694 6697/6697
f 6695/6695 6698/6698 6699/6699
f 6699/6699 6696/6696 6695/6695
f 6698/6698 6700/6700 6701/6701
f 6701/6701 6699/6699 6698/6698
f 6700/6700 6702/6702 6703/6703
f 6703/6703 6701/6701 6700/6700
f 6702/6702 6704/6704 6705/6705
f 6705/6705 6703/6703 6702/6702
f 6704/6704 6706/6706 6707/6707
f 6707/6707 6705/6705 6704/6704
f 6706/6706 6708/6708 6709/6709
f 6709/6709 6707/6707 6706/6706
f 6708/6708 6710/6710 6711/6711
f 6711/6711 6709/6709 6708/6708
f 6710/6710 6712/6712 6713/6713
f 6713/6713 6711/6711 6710/6710
f 6712/6712 6714/6714 6715/6715
f 6715/6715 6713/6713 6712/6712
f 6714/6714 6716/6716 6717/6717
f 6717/6717 6715/6715 6714/6714
f 6716/6716 6718/6718 6719/6719
f 6719/6719 6717/6717 6716/6716
f 6718/6718 6720/6720 6721/6721
f 6721/6721 6719/6719 6718/6718
f 6720/6720 6722/6722 6723/6723
f 6723/6723 6721/6721 6720/6720
f 6722/6722 6724/6724 6725/6725
f 6725/6725 6723/6723 6722/6722
f 6697/6697 6735/6735 6734/6734
f 6732/6732 6734/6734 6735/6735
f 6735/6735 6733/6733 6732/6732
f 6730/6730 6732/6732 6733/6733
f 6733/6733 6731/6731 6730/6730
f 6727/6727 6730/6730 6731/6731
f 6731/6731 6728/6728 6727/6727
f 6726/6726 6727/6727 6728/6728
f 6728/6728 6729/6729 6726/6726
f 6736/6736 6737/6737 6738/6738
f 6738/6738 6739/6739 6736/6736
f 6737/6737 6736/6736 6740/6740
f 6777/6777 6736/6736 6739/6739
f 6736/6736 6777/6777 6778/6778
f 6778/6778 6740/6740 6736/6736
f 6739/6739 6738/6738 6775/6775
f 6775/6775 6774/6774 6739/6739
f 6739/6739 6776/6776 6777/6777
f 6776/6776 6739/6739 6774/6774
f 6774/6774 6775/6775 6773/6773
f 6773/6773 6775/6775 6815/6815
f 6797/6797 6815/6815 6775/6775
f 6775/6775 6738/6738 6797/6797
f 6773/6773 6772/6772 6774/6774
f 6795/6795 6774/6774 6772/6772
f 6774/6774 6795/6795 6776/6776
f 6772/6772 6773/6773 6771/6771
f 6771/6771 6773/6773 6814/6814
f 6815/6815 6814/6814 6773/6773
f 6771/6771 6770/6770 6772/6772
f 6794/6794 6772/6772 6770/6770
f 6772/6772 6794/6794 6795/6795
f 6770/6770 6771/6771 6769/6769
f 6769/6769 6771/6771 6813/6813
f 6814/6814 6813/6813 6771/6771
f 6769/6769 6768/6768 6770/6770
f 6793/6793 6770/6770 6768/6768
f 6770/6770 6793/6793 6794/6794
f 6768/6768 6769/6769 6767/6767
f 6767/6767 6769/6769 6812/6812
f 6813/6813 6812/6812 6769/6769
f 6767/6767 6766/6766 6768/6768
f 6792/6792 6768/6768 6766/6766
f 6768/6768 6792/6792 6793/6793
f 6766/6766 6767/6767 6765/6765
f 6765/6765 6767/6767 6811/6811
f 6812/6812 6811/6811 6767/6767
f 6765/6765 6764/6764 6766/6766
f 6791/6791 6766/6766 6764/6764
f 6766/6766 6791/6791 6792/6792
f 6764/6764 6765/6765 6763/6763
f 6763/6763 6765/6765 6810/6810
f 6811/6811 6810/6810 6765/6765
f 6763/6763 6762/6762 6764/6764
f 6790/6790 6764/6764 6762/6762
f 6764/6764 6790/6790 6791/6791
f 6762/6762 6763/6763 6761/6761
f 6761/6761 6763/6763 6809/6809
f 6810/6810 6809/6809 6763/6763
f 6761/6761 6760/6760 6762/6762
f 6789/6789 6762/6762 6760/6760
f 6762/6762 6789/6789 6790/6790
f 6760/6760 6761/6761 6759/6759
f 6759/6759 6761/6761 6808/6808
f 6809/6809 6808/6808 6761/6761
f 6759/6759 6758/6758 6760/6760
f 6788/6788 6760/6760 6758/6758
f 6760/6760 6788/6788 6789/6789
f 6758/6758 6759/6759 6757/6757
f 6757/6757 6759/6759 6807/6807
f 6808/6808 6807/6807 6759/6759
f 6757/6757 6756/6756 6758/6758
f 6787/6787 6758/6758 6756/6756
f 6758/6758 6787/6787 6788/6788
f 6756/6756 6757/6757 6755/6755
f 6755/6755 6757/6757 6806/6806
f 6807/6807 6806/6806 6757/6757
f 6755/6755 6754/6754 6756/6756
f 6786/6786 6756/6756 6754/6754
f 6756/6756 6786/6786 6787/6787
f 6754/6754 6755/6755 6753/6753
f 6753/6753 6755/6755 6805/6805
f 6806/6806 6805/6805 6755/6755
f 6753/6753 6752/6752 6754/6754
f 6785/6785 6754/6754 6752/6752
f 6754/6754 6785/6785 6786/6786
f 6752/6752 6753/6753 6751/6751
f 6751/6751 6753/6753 6804/6804
f 6805/6805 6804/6804 6753/6753
f 6751/6751 6750/6750 6752/6752
f 6784/6784 6752/6752 6750/6750
f 6752/6752 6784/6784 6785/6785
f 6750/6750 6751/6751 6749/6749
f 6749/6749 6751/6751 6803/6803
f 6804/6804 6803/6803 6751/6751
f 6749/6749 6748/6748 6750/6750
f 6783/6783 6750/6750 6748/6748
f 6750/6750 6783/6783 6784/6784
f 6748/6748 6749/6749 6747/6747
f 6747/6747 6749/6749 6802/6802
f 6803/6803 6802/6802 6749/6749
f 6747/6747 6746/6746 6748/6748
f 6782/6782 6748/6748 6746/6746
f 6748/6748 6782/6782 6783/6783
f 6746/6746 6747/6747 6745/6745
f 6745/6745 6747/6747 6801/6801
f 6802/6802 6801/6801 6747/6747
f 6745/6745 6744/6744 6746/6746
f 6781/6781 6746/6746 6744/6744
f 6746/6746 6781/6781 6782/6782
f 6744/6744 6745/6745 6743/6743
f 6743/6743 6745/6745 6800/6800
f 6801/6801 6800/6800 6745/6745
f 6743/6743 6742/6742 6744/6744
f 6780/6780 6744/6744 6742/6742
f 6744/6744 6780/6780 6781/6781
f 6742/6742 6743/6743 6741/6741
f 6741/6741 6743/6743 6799/6799
f 6800/6800 6799/6799 6743/6743
f 6741/6741 6740/6740 6742/6742
f 6779/6779 6742/6742 6740/6740
f 6742/6742 6779/6779 6780/6780
f 6740/6740 6741/6741 6737/6737
f 6737/6737 6741/6741 6798/6798
f 6799/6799 6798/6798 6741/6741
f 6740/6740 6778/6778 6779/6779
f 6798/6798 6796/6796 6737/6737
f 6738/6738 6737/6737 6796/6796
f 6796/6796 6797/6797 6738/6738
f 6816/6816 6817/6817 6818/6818
f 6818/6818 6819/6819 6816/6816
f 6820/6820 6816/6816 6819/6819
f 6818/6818 6817/6817 6854/6854
f 6854/6854 6855/6855 6818/6818
f 6854/6854 6853/6853 6852/6852
f 6852/6852 6855/6855 6854/6854
f 6852/6852 6853/6853 6850/6850
f 6850/6850 6851/6851 6852/6852
f 6850/6850 6846/6846 6849/6849
f 6849/6849 6851/6851 6850/6850
f 6846/6846 6847/6847 6848/6848
f 6848/6848 6849/6849 6846/6846
f 6819/6819 6821/6821 6820/6820
f 6936/6936 6820/6820 6821/6821
f 6821/6821 6937/6937 6936/6936
f 6936/6936 6937/6937 6824/6824
f 6824/6824 6823/6823 6936/6936
f 6822/6822 6823/6823 6824/6824
f 6824/6824 6825/6825 6822/6822
f 6826/6826 6827/6827 6828/6828
f 6828/6828 6829/6829 6826/6826
f 6830/6830 6826/6826 6829/6829
f 6829/6829 6831/6831 6830/6830
f 6832/6832 6830/6830 6831/6831
f 6831/6831 6833/6833 6832/6832
f 6832/6832 6833/6833 6836/6836
f 6836/6836 6835/6835 6832/6832
f 6834/6834 6835/6835 6836/6836
f 6836/6836 6837/6837 6834/6834
f 6838/6838 6834/6834 6837/6837
f 6837/6837 6839/6839 6838/6838
f 6838/6838 6839/6839 6938/6938
f 6938/6938 6939/6939 6838/6838
f 6939/6939 6938/6938 6841/6841
f 6841/6841 6840/6840 6939/6939
f 6840/6840 6841/6841 6842/6842
f 6842/6842 6843/6843 6840/6840
f 6844/6844 6843/6843 6842/6842
f 6842/6842 6845/6845 6844/6844
f 6856/6856 6857/6857 6858/6858
f 6858/6858 6859/6859 6856/6856
f 6894/6894 6856/6856 6859/6859
f 6856/6856 6916/6916 6917/6917
f 6917/6917 6857/6857 6856/6856
f 6916/6916 6856/6856 6894/6894
f 6859/6859 6895/6895 6894/6894
f 6859/6859 6858/6858 6896/6896
f 6896/6896 6897/6897 6859/6859
f 6895/6895 6859/6859 6897/6897
f 6892/6892 6894/6894 6895/6895
f 6935/6935 6894/6894 6892/6892
f 6894/6894 6935/6935 6916/6916
f 6895/6895 6893/6893 6892/6892
f 6893/6893 6895/6895 6915/6915
f 6897/6897 6915/6915 6895/6895
f 6890/6890 6892/6892 6893/6893
f 6934/6934 6892/6892 6890/6890
f 6892/6892 6934/6934 6935/6935
f 6893/6893 6891/6891 6890/6890
f 6891/6891 6893/6893 6914/6914
f 6915/6915 6914/6914 6893/6893
f 6888/6888 6890/6890 6891/6891
f 6933/6933 6890/6890 6888/6888
f 6890/6890 6933/6933 6934/6934
f 6891/6891 6889/6889 6888/6888
f 6889/6889 6891/6891 6913/6913
f 6914/6914 6913/6913 6891/6891
f 6886/6886 6888/6888 6889/6889
f 6932/6932 6888/6888 6886/6886
f 6888/6888 6932/6932 6933/6933
f 6889/6889 6887/6887 6886/6886
f 6887/6887 6889/6889 6912/6912
f 6913/6913 6912/6912 6889/6889
f 6884/6884 6886/6886 6887/6887
f 6931/6931 6886/6886 6884/6884
f 6886/6886 6931/6931 6932/6932
f 6887/6887 6885/6885 6884/6884
f 6885/6885 6887/6887 6911/6911
f 6912/6912 6911/6911 6887/6887
f 6882/6882 6884/6884 6885/6885
f 6930/6930 6884/6884 6882/6882
f 6884/6884 6930/6930 6931/6931
f 6885/6885 6883/6883 6882/6882
f 6883/6883 6885/6885 6910/6910
f 6911/6911 6910/6910 6885/6885
f 6880/6880 6882/6882 6883/6883
f 6929/6929 6882/6882 6880/6880
f 6882/6882 6929/6929 6930/6930
f 6883/6883 6881/6881 6880/6880
f 6881/6881 6883/6883 6909/6909
f 6910/6910 6909/6909 6883/6883
f 6878/6878 6880/6880 6881/6881
f 6928/6928 6880/6880 6878/6878
f 6880/6880 6928/6928 6929/6929
f 6881/6881 6879/6879 6878/6878
f 6879/6879 6881/6881 6908/6908
f 6909/6909 6908/6908 6881/6881
f 6876/6876 6878/6878 6879/6879
f 6927/6927 6878/6878 6876/6876
f 6878/6878 6927/6927 6928/6928
f 6879/6879 6877/6877 6876/6876
f 6877/6877 6879/6879 6907/6907
f 6908/6908 6907/6907 6879/6879
f 6874/6874 6876/6876 6877/6877
f 6926/6926 6876/6876 6874/6874
f 6876/6876 6926/6926 6927/6927
f 6877/6877 6875/6875 6874/6874
f 6875/6875 6877/6877 6906/6906
f 6907/6907 6906/6906 6877/6877
f 6872/6872 6874/6874 6875/6875
f 6925/6925 6874/6874 6872/6872
f 6874/6874 6925/6925 6926/6926
f 6875/6875 6873/6873 6872/6872
f 6873/6873 6875/6875 6905/6905
f 6906/6906 6905/6905 6875/6875
f 6870/6870 6872/6872 6873/6873
f 6924/6924 6872/6872 6870/6870
f 6872/6872 6924/6924 6925/6925
f 6873/6873 6871/6871 6870/6870
f 6871/6871 6873/6873 6904/6904
f 6905/6905 6904/6904 6873/6873
f 6868/6868 6870/6870 6871/6871
f 6923/6923 6870/6870 6868/6868
f 6870/6870 6923/6923 6924/6924
f 6871/6871 6869/6869 6868/6868
f 6869/6869 6871/6871 6903/6903
f 6904/6904 6903/6903 6871/6871
f 6866/6866 6868/6868 6869/6869
f 6922/6922 6868/6868 6866/6866
f 6868/6868 6922/6922 6923/6923
f 6869/6869 6867/6867 6866/6866
f 6867/6867 6869/6869 6902/6902
f 6903/6903 6902/6902 6869/6869
f 6864/6864 6866/6866 6867/6867
f 6921/6921 6866/6866 6864/6864
f 6866/6866 6921/6921 6922/6922
f 6867/6867 6865/6865 6864/6864
f 6865/6865 6867/6867 6901/6901
f 6902/6902 6901/6901 6867/6867
f 6862/6862 6864/6864 6865/6865
f 6920/6920 6864/6864 6862/6862
f 6864/6864 6920/6920 6921/6921
f 6865/6865 6863/6863 6862/6862
f 6863/6863 6865/6865 6900/6900
f 6901/6901 6900/6900 6865/6865
f 6860/6860 6862/6862 6863/6863
f 6919/6919 6862/6862 6860/6860
f 6862/6862 6919/6919 6920/6920
f 6863/6863 6861/6861 6860/6860
f 6861/6861 6863/6863 6899/6899
f 6900/6900 6899/6899 6863/6863
f 6857/6857 6860/6860 6861/6861
f 6918/6918 6860/6860 6857/6857
f 6860/6860 6918/6918 6919/6919
f 6861/6861 6858/6858 6857/6857
f 6858/6858 6861/6861 6898/6898
f 6899/6899 6898/6898 6861/6861
f 6857/6857 6917/6917 6918/6918
f 6898/6898 6896/6896 6858/6858
f 6940/6940 6941/6941 6942/6942
f 6942/6942 6943/6943 6940/6940
f 6941/6941 6960/6960 6961/6961
f 6961/6961 6962/6962 6941/6941
f 6942/6942 6941/6941 6962/6962
f 6960/6960 6963/6963 6961/6961
f 6963/6963 6960/6960 6982/6982
f 6982/6982 6983/6983 6963/6963
f 6944/6944 6945/6945 6946/6946
f 6946/6946 6947/6947 6944/6944
f 6945/6945 6964/6964 6965/6965
f 6965/6965 6966/6966 6945/6945
f 6946/6946 6945/6945 6966/6966
f 6964/6964 6967/6967 6965/6965
f 6967/6967 6964/6964 6984/6984
f 6984/6984 6985/6985 6967/6967
f 6948/6948 6949/6949 6950/6950
f 6950/6950 6951/6951 6948/6948
f 6949/6949 6968/6968 6969/6969
f 6969/6969 6970/6970 6949/6949
f 6950/6950 6949/6949 6970/6970
f 6968/6968 6971/6971 6969/6969
f 6971/6971 6968/6968 6986/6986
f 6986/6986 6987/6987 6971/6971
f 6952/6952 6953/6953 6954/6954
f 6954/6954 6955/6955 6952/6952
f 6953/6953 6972/6972 6973/6973
f 6973/6973 6974/6974 6953/6953
f 6954/6954 6953/6953 6974/6974
f 6972/6972 6975/6975 6973/6973
f 6975/6975 6972/6972 6988/6988
f 6988/6988 6989/6989 6975/6975
f 6956/6956 6957/6957 6958/6958
f 6958/6958 6959/6959 6956/6956
f 6957/6957 6976/6976 6977/6977
f 6977/6977 6978/6978 6957/6957
f 6958/6958 6957/6957 6978/6978
f 6976/6976 6979/6979 6977/6977
f 6979/6979 6976/6976 6980/6980
f 6980/6980 6981/6981 6979/6979
f 6990/6990 6991/6991 6992/6992
f 6992/6992 6993/6993 6990/6990
f 6991/6991 7029/7029 6992/6992
f 7018/7018 6992/6992 7019/7019
f 6993/6993 6992/6992 7018/7018
f 7029/7029 7019/7019 6992/6992
f 7018/7018 7020/7020 6993/6993
f 6994/6994 6995/6995 6996/6996
f 6996/6996 6997/6997 6994/6994
f 6995/6995 7026/7026 6996/6996
f 7010/7010 6996/6996 7011/7011
f 6997/6997 6996/6996 7010/7010
f 7026/7026 7011/7011 6996/6996
f 7010/7010 7021/7021 6997/6997
f 6998/6998 6999/6999 7000/7000
f 7000/7000 7001/7001 6998/6998
f 6999/6999 7027/7027 7000/7000
f 7012/7012 7000/7000 7013/7013
f 7001/7001 7000/7000 7012/7012
f 7027/7027 7013/7013 7000/7000
f 7012/7012 7022/7022 7001/7001
f 7002/7002 7003/7003 7004/7004
f 7004/7004 7005/7005 7002/7002
f 7003/7003 7015/7015 7004/7004
f 7014/7014 7004/7004 7015/7015
f 7005/7005 7004/7004 7023/7023
f 7014/7014 7023/7023 7004/7004
f 7023/7023 7024/7024 7005/7005
f 7006/7006 7007/7007 7008/7008
f 7008/7008 7009/7009 7006/7006
f 7007/7007 7028/7028 7008/7008
f 7016/7016 7008/7008 7017/7017
f 7009/7009 7008/7008 7016/7016
f 7028/7028 7017/7017 7008/7008
f 7016/7016 7025/7025 7009/7009
f 7030/7030 7031/7031 7032/7032
f 7030/7030 7034/7034 7031/7031
f 7039/7039 7032/7032 7031/7031
f 7039/7039 7031/7031 7038/7038
f 7037/7037 7038/7038 7031/7031
f 7040/7040 7037/7037 7031/7031
f 7035/7035 7040/7040 7031/7031
f 7035/7035 7031/7031 7036/7036
f 7033/7033 7036/7036 7031/7031
f 7033/7033 7031/7031 7034/7034
f 7041/7041 7042/7042 7043/7043
f 7043/7043 7044/7044 7041/7041
f 7045/7045 7046/7046 7047/7047
f 7047/7047 7048/7048 7045/7045
f 7049/7049 7050/7050 7051/7051
f 7051/7051 7052/7052 7049/7049
f 7053/7053 7054/7054 7055/7055
f 7055/7055 7056/7056 7053/7053
f 7057/7057 7058/7058 7059/7059
f 7059/7059 7060/7060 7057/7057
f 7061/7061 7062/7062 7063/7063
f 7063/7063 7064/7064 7061/7061
f 7065/7065 7066/7066 7067/7067
f 7067/7067 7068/7068 7065/7065
f 7069/7069 7070/7070 7071/7071
f 7071/7071 7072/7072 7069/7069
f 7073/7073 7074/7074 7075/7075
f 7075/7075 7076/7076 7073/7073
f 7077/7077 7078/7078 7079/7079
f 7079/7079 7080/7080 7077/7077
f 7081/7081 7082/7082 7083/7083
f 7083/7083 7084/7084 7081/7081
f 7085/7085 7086/7086 7087/7087
f 7087/7087 7088/7088 7085/7085
f 7089/7089 7090/7090 7091/7091
f 7091/7091 7092/7092 7089/7089
f 7093/7093 7094/7094 7095/7095
f 7095/7095 7096/7096 7093/7093
f 7097/7097 7098/7098 7099/7099
f 7099/7099 7100/7100 7097/7097
f 7101/7101 7102/7102 7103/7103
f 7113/7113 7101/7101 7103/7103
f 7102/7102 7104/7104 7103/7103
f 7104/7104 7105/7105 7103/7103
f 7105/7105 7106/7106 7103/7103
f 7106/7106 7107/7107 7103/7103
f 7107/7107 7108/7108 7103/7103
f 7108/7108 7109/7109 7103/7103
f 7109/7109 7110/7110 7103/7103
f 7110/7110 7111/7111 7103/7103
f 7111/7111 7112/7112 7103/7103
f 7112/7112 7113/7113 7103/7103
