mtllib minivan.mtl
o wheel_d003
usemtl wheel-12
v 1.3245109 0.2822505 -0.3267995
v 1.3326912 0.3367199 -0.3240590
v 1.3432961 0.3337315 -0.3267606
v 1.3355649 0.2822505 -0.3293506
v 1.3564310 0.3858575 -0.3161057
v 1.3657336 0.3801731 -0.3192436
v 1.3934070 0.4248532 -0.3037184
v 1.4006810 0.4170293 -0.3075358
v 1.4399995 0.4498901 -0.2881092
v 1.4447168 0.4406926 -0.2927831
v 1.4916475 0.4585172 -0.2708064
v 1.4935313 0.4488463 -0.2764296
v 1.5432956 0.4498901 -0.2535035
v 1.5423458 0.4406925 -0.2600761
v 1.5898881 0.4248532 -0.2378943
v 1.5863820 0.4170294 -0.2453234
v 1.6268640 0.3858574 -0.2255070
v 1.6213294 0.3801731 -0.2336155
v 1.6506042 0.3367199 -0.2175536
v 1.6437669 0.3337314 -0.2260986
v 1.6587845 0.2822505 -0.2148132
v 1.6514981 0.2822505 -0.2235084
v 1.6506042 0.2277811 -0.2175538
v 1.6437665 0.2307696 -0.2260986
v 1.6268640 0.1786435 -0.2255070
v 1.6213294 0.1843280 -0.2336155
v 1.5898881 0.1396478 -0.2378943
v 1.5863820 0.1474717 -0.2453234
v 1.5432956 0.1146110 -0.2535035
v 1.5423458 0.1238086 -0.2600761
v 1.4916475 0.1059839 -0.2708064
v 1.4935313 0.1156548 -0.2764296
v 1.4916475 0.1059839 -0.2708064
v 1.4399995 0.1146111 -0.2881092
v 1.4447168 0.1238087 -0.2927831
v 1.4935313 0.1156548 -0.2764296
v 1.3934070 0.1396480 -0.3037184
v 1.4006806 0.1474719 -0.3075358
v 1.3564310 0.1786438 -0.3161057
v 1.3657336 0.1843282 -0.3192436
v 1.3326909 0.2277814 -0.3240591
v 1.3432961 0.2307699 -0.3267606
v 1.3355649 0.2822505 -0.3293506
v 1.3432961 0.3337315 -0.3267606
v 1.3404694 0.3272071 -0.2551119
v 1.3337181 0.2822505 -0.2573737
v 1.3657336 0.3801731 -0.3192436
v 1.3600634 0.3677631 -0.2485477
v 1.4006810 0.4170293 -0.3075358
v 1.3905819 0.3999484 -0.2383236
v 1.4447168 0.4406926 -0.2927831
v 1.4290372 0.4206127 -0.2254406
v 1.4935313 0.4488463 -0.2764296
v 1.4716649 0.4277331 -0.2111596
v 1.5423458 0.4406925 -0.2600761
v 1.5142931 0.4206127 -0.1968785
v 1.5863820 0.4170294 -0.2453234
v 1.5527484 0.3999484 -0.1839955
v 1.6213294 0.3801731 -0.2336155
v 1.5832665 0.3677631 -0.1737713
v 1.6437669 0.3337314 -0.2260986
v 1.6028605 0.3272071 -0.1672072
v 1.6514981 0.2822505 -0.2235084
v 1.6096122 0.2822505 -0.1649453
v 1.6437665 0.2307696 -0.2260986
v 1.6028605 0.2372939 -0.1672072
v 1.6213294 0.1843280 -0.2336155
v 1.5832665 0.1967380 -0.1737713
v 1.5863820 0.1474717 -0.2453234
v 1.5527484 0.1645526 -0.1839955
v 1.5423458 0.1238086 -0.2600761
v 1.5142931 0.1438884 -0.1968785
v 1.4935313 0.1156548 -0.2764296
v 1.4716649 0.1367680 -0.2111596
v 1.4935313 0.1156548 -0.2764296
v 1.4447168 0.1238087 -0.2927831
v 1.4290368 0.1438885 -0.2254406
v 1.4716649 0.1367680 -0.2111596
v 1.4006806 0.1474719 -0.3075358
v 1.3905815 0.1645528 -0.2383236
v 1.3657336 0.1843282 -0.3192436
v 1.3600634 0.1967382 -0.2485477
v 1.3432961 0.2307699 -0.3267606
v 1.3404694 0.2372941 -0.2551119
v 1.5873256 0.2822505 -0.0015138
v 1.5791457 0.3367199 -0.0042541
v 1.5685405 0.3337315 -0.0015527
v 1.5762721 0.2822505 0.0010375
v 1.5554056 0.3858575 -0.0122074
v 1.5461030 0.3801731 -0.0090695
v 1.5184296 0.4248532 -0.0245949
v 1.5111560 0.4170294 -0.0207774
v 1.4718371 0.4498902 -0.0402040
v 1.4671197 0.4406926 -0.0355302
v 1.4201891 0.4585172 -0.0575069
v 1.4183053 0.4488463 -0.0518837
v 1.3685410 0.4498901 -0.0748098
v 1.3694908 0.4406926 -0.0682371
v 1.3219485 0.4248533 -0.0904187
v 1.3254546 0.4170294 -0.0829899
v 1.2849725 0.3858575 -0.1028063
v 1.2905076 0.3801731 -0.0946978
v 1.2612328 0.3367199 -0.1107595
v 1.2680700 0.3337314 -0.1022147
v 1.2530525 0.2822505 -0.1135001
v 1.2603385 0.2822505 -0.1048048
v 1.2612328 0.2277811 -0.1107595
v 1.2680700 0.2307695 -0.1022147
v 1.2849725 0.1786435 -0.1028063
v 1.2905076 0.1843280 -0.0946978
v 1.3219489 0.1396478 -0.0904187
v 1.3254550 0.1474717 -0.0829899
v 1.3685410 0.1146110 -0.0748098
v 1.3694908 0.1238086 -0.0682371
v 1.4201894 0.1059839 -0.0575069
v 1.4183053 0.1156548 -0.0518837
v 1.4201894 0.1059839 -0.0575069
v 1.4718375 0.1146111 -0.0402040
v 1.4671197 0.1238087 -0.0355300
v 1.4183053 0.1156548 -0.0518837
v 1.5184296 0.1396480 -0.0245949
v 1.5111560 0.1474719 -0.0207774
v 1.5554056 0.1786438 -0.0122074
v 1.5461030 0.1843282 -0.0090695
v 1.5791457 0.2277814 -0.0042541
v 1.5685405 0.2307699 -0.0015527
v 1.5762721 0.2822505 0.0010375
v 1.5685405 0.3337315 -0.0015527
v 1.6028605 0.3272071 -0.1672072
v 1.6096122 0.2822505 -0.1649453
v 1.5461030 0.3801731 -0.0090695
v 1.5832665 0.3677631 -0.1737713
v 1.5111560 0.4170294 -0.0207774
v 1.5527484 0.3999484 -0.1839955
v 1.4671197 0.4406926 -0.0355302
v 1.5142931 0.4206127 -0.1968785
v 1.4183053 0.4488463 -0.0518837
v 1.4716649 0.4277331 -0.2111596
v 1.3694908 0.4406926 -0.0682371
v 1.4290372 0.4206127 -0.2254406
v 1.3254546 0.4170294 -0.0829899
v 1.3905819 0.3999484 -0.2383236
v 1.2905076 0.3801731 -0.0946978
v 1.3600634 0.3677631 -0.2485477
v 1.2680700 0.3337314 -0.1022147
v 1.3404694 0.3272071 -0.2551119
v 1.2603385 0.2822505 -0.1048048
v 1.3337181 0.2822505 -0.2573737
v 1.2680700 0.2307695 -0.1022147
v 1.3404694 0.2372941 -0.2551119
v 1.2905076 0.1843280 -0.0946978
v 1.3600634 0.1967382 -0.2485477
v 1.3254550 0.1474717 -0.0829899
v 1.3905815 0.1645528 -0.2383236
v 1.3694908 0.1238086 -0.0682371
v 1.4290368 0.1438885 -0.2254406
v 1.4183053 0.1156548 -0.0518837
v 1.4716649 0.1367680 -0.2111596
v 1.4183053 0.1156548 -0.0518837
v 1.4671197 0.1238087 -0.0355300
v 1.5142931 0.1438884 -0.1968785
v 1.4716649 0.1367680 -0.2111596
v 1.5111560 0.1474719 -0.0207774
v 1.5527484 0.1645526 -0.1839955
v 1.5461030 0.1843282 -0.0090695
v 1.5832665 0.1967380 -0.1737713
v 1.5685405 0.2307699 -0.0015527
v 1.6028605 0.2372939 -0.1672072
v 1.2489240 0.3654244 -0.3521223
v 1.2784041 0.3560833 -0.3496172
v 1.2673155 0.2822505 -0.3533320
v 1.2364327 0.2822505 -0.3563070
v 1.2851744 0.4404565 -0.3399778
v 1.3105834 0.4226887 -0.3388367
v 1.3416361 0.5000024 -0.3210623
v 1.3607039 0.4755471 -0.3220456
v 1.4127818 0.5382332 -0.2972276
v 1.4238596 0.5094843 -0.3008875
v 1.4916475 0.5514066 -0.2708064
v 1.4938679 0.5211782 -0.2774337
v 1.5705133 0.5382332 -0.2443852
v 1.5638763 0.5094843 -0.2539799
v 1.6416590 0.5000024 -0.2205505
v 1.6270320 0.4755471 -0.2328219
v 1.6981207 0.4404565 -0.2016349
v 1.6771525 0.4226887 -0.2160309
v 1.7343714 0.3654243 -0.1894905
v 1.7093317 0.3560832 -0.2052502
v 1.7468623 0.2822504 -0.1853057
v 1.7204200 0.2822504 -0.2015354
v 1.7343714 0.1990766 -0.1894905
v 1.7093317 0.2084177 -0.2052502
v 1.6981207 0.1240444 -0.2016349
v 1.6771525 0.1418122 -0.2160309
v 1.6416590 0.0644985 -0.2205503
v 1.6270316 0.0889539 -0.2328219
v 1.5705133 0.0262678 -0.2443852
v 1.5638763 0.0550168 -0.2539799
v 1.4916475 0.0130945 -0.2708064
v 1.4938675 0.0433229 -0.2774337
v 1.4127814 0.0262680 -0.2972276
v 1.4238592 0.0550169 -0.3008877
v 1.3416357 0.0644990 -0.3210624
v 1.3607035 0.0889542 -0.3220456
v 1.2851744 0.1240449 -0.3399778
v 1.3105830 0.1418126 -0.3388367
v 1.2489236 0.1990771 -0.3521223
v 1.2784037 0.2084182 -0.3496172
v 1.2160222 0.2822506 -0.3366036
v 1.2291209 0.3694708 -0.3322152
v 1.2671353 0.4481533 -0.3194800
v 1.3263435 0.5105960 -0.2996442
v 1.4009506 0.5506868 -0.2746498
v 1.4836533 0.5645011 -0.2469433
v 1.5663559 0.5506868 -0.2192367
v 1.6409626 0.5105960 -0.1942423
v 1.7001712 0.4481532 -0.1744067
v 1.7381856 0.3694707 -0.1616713
v 1.7512843 0.2822504 -0.1572831
v 1.7381852 0.1950302 -0.1616713
v 1.7001712 0.1163477 -0.1744067
v 1.6409626 0.0539050 -0.1942423
v 1.5663555 0.0138143 -0.2192367
v 1.4836529 0.0000000 -0.2469433
v 1.4009502 0.0138145 -0.2746498
v 1.3263431 0.0539053 -0.2996444
v 1.2671349 0.1163482 -0.3194800
v 1.2291209 0.1950308 -0.3322154
v 1.3326912 0.3367199 -0.3240590
v 1.3245109 0.2822505 -0.3267995
v 1.3564310 0.3858575 -0.3161057
v 1.3934070 0.4248532 -0.3037184
v 1.4399995 0.4498901 -0.2881092
v 1.4916475 0.4585172 -0.2708064
v 1.5432956 0.4498901 -0.2535035
v 1.5898881 0.4248532 -0.2378943
v 1.6268640 0.3858574 -0.2255068
v 1.6506042 0.3367199 -0.2175536
v 1.6587845 0.2822505 -0.2148132
v 1.6506042 0.2277811 -0.2175536
v 1.6268640 0.1786435 -0.2255068
v 1.5898881 0.1396478 -0.2378943
v 1.5432956 0.1146110 -0.2535035
v 1.4916475 0.1059839 -0.2708064
v 1.4399995 0.1146111 -0.2881092
v 1.3934070 0.1396480 -0.3037184
v 1.3564310 0.1786438 -0.3161059
v 1.3326912 0.2277814 -0.3240591
v 1.2291209 0.3694708 -0.3322152
v 1.2160222 0.2822506 -0.3366036
v 1.1608639 0.2822506 -0.1719600
v 1.1739630 0.3694708 -0.1675717
v 1.2671353 0.4481533 -0.3194800
v 1.2119769 0.4481533 -0.1548364
v 1.4836533 0.5645011 -0.2469433
v 1.4009506 0.5506868 -0.2746498
v 1.3457926 0.5506868 -0.1100063
v 1.4284953 0.5645011 -0.0822997
v 1.5663559 0.5506868 -0.2192367
v 1.4836533 0.5645011 -0.2469433
v 1.4284953 0.5645011 -0.0822997
v 1.5111976 0.5506868 -0.0545932
v 1.6409626 0.5105960 -0.1942423
v 1.5858047 0.5105960 -0.0295986
v 1.7001712 0.4481532 -0.1744067
v 1.6450133 0.4481532 -0.0097630
v 1.7512843 0.2822504 -0.1572831
v 1.7381856 0.3694707 -0.1616713
v 1.6830276 0.3694707 0.0029723
v 1.6961263 0.2822504 0.0073606
v 1.7381852 0.1950302 -0.1616713
v 1.6830272 0.1950302 0.0029723
v 1.6409626 0.0539050 -0.1942423
v 1.5858047 0.0539049 -0.0295988
v 1.5111976 0.0138143 -0.0545932
v 1.5663555 0.0138143 -0.2192367
v 1.4836529 0.0000000 -0.2469433
v 1.4284949 0.0000000 -0.0822997
v 1.4009502 0.0138145 -0.2746498
v 1.4836529 0.0000000 -0.2469433
v 1.4284949 0.0000000 -0.0822997
v 1.3457923 0.0138145 -0.1100063
v 1.3263431 0.0539053 -0.2996444
v 1.2711852 0.0539053 -0.1350007
v 1.2119769 0.1163482 -0.1548364
v 1.2671349 0.1163482 -0.3194800
v 1.2291209 0.1950308 -0.3322154
v 1.1739626 0.1950307 -0.1675717
v 1.1917282 0.2822505 -0.1277075
v 1.2028164 0.3560833 -0.1239928
v 1.1777768 0.3654244 -0.1397526
v 1.1652858 0.2822506 -0.1439373
v 1.2349961 0.4226887 -0.1132122
v 1.2140275 0.4404566 -0.1276081
v 1.2851162 0.4755471 -0.0964212
v 1.2704892 0.5000024 -0.1086926
v 1.3482719 0.5094843 -0.0752631
v 1.3416349 0.5382332 -0.0848579
v 1.4182806 0.5211782 -0.0518093
v 1.4205007 0.5514066 -0.0584367
v 1.4882890 0.5094843 -0.0283554
v 1.4993664 0.5382332 -0.0320155
v 1.5514447 0.4755471 -0.0071975
v 1.5705121 0.5000024 -0.0081806
v 1.6015652 0.4226887 0.0095937
v 1.6269738 0.4404565 0.0107347
v 1.6337444 0.3560832 0.0203742
v 1.6632245 0.3654243 0.0228792
v 1.6448326 0.2822504 0.0240890
v 1.6757155 0.2822504 0.0270639
v 1.6337444 0.2084177 0.0203742
v 1.6632245 0.1990766 0.0228792
v 1.6015648 0.1418123 0.0095937
v 1.6269738 0.1240444 0.0107347
v 1.5514443 0.0889539 -0.0071975
v 1.5705121 0.0644985 -0.0081806
v 1.4882886 0.0550168 -0.0283554
v 1.4993664 0.0262678 -0.0320155
v 1.4182802 0.0433228 -0.0518093
v 1.4205003 0.0130945 -0.0584367
v 1.3482715 0.0550169 -0.0752631
v 1.3416345 0.0262680 -0.0848579
v 1.2851162 0.0889542 -0.0964212
v 1.2704888 0.0644989 -0.1086928
v 1.2349957 0.1418127 -0.1132122
v 1.2140275 0.1240449 -0.1276081
v 1.2028164 0.2084182 -0.1239928
v 1.1777768 0.1990771 -0.1397526
v 1.1739630 0.3694708 -0.1675717
v 1.1608639 0.2822506 -0.1719600
v 1.2119769 0.4481533 -0.1548364
v 1.2711856 0.5105960 -0.1350007
v 1.3457926 0.5506868 -0.1100063
v 1.4284953 0.5645011 -0.0822997
v 1.5111976 0.5506868 -0.0545932
v 1.5858047 0.5105960 -0.0295986
v 1.6450133 0.4481532 -0.0097630
v 1.6830276 0.3694707 0.0029723
v 1.6961263 0.2822504 0.0073606
v 1.6830272 0.1950302 0.0029723
v 1.6450133 0.1163477 -0.0097630
v 1.5858047 0.0539049 -0.0295988
v 1.5111976 0.0138143 -0.0545932
v 1.4284949 0.0000000 -0.0822997
v 1.3457923 0.0138145 -0.1100063
v 1.2711852 0.0539053 -0.1350007
v 1.2119769 0.1163482 -0.1548364
v 1.1739626 0.1950307 -0.1675717
v 1.2533641 0.2822505 -0.1144298
v 1.2615444 0.3367200 -0.1116893
v 1.2852841 0.3858575 -0.1037360
v 1.3222601 0.4248532 -0.0913487
v 1.3688526 0.4498901 -0.0757395
v 1.4205007 0.4585172 -0.0584367
v 1.4721487 0.4498901 -0.0411338
v 1.5187412 0.4248532 -0.0255247
v 1.5557172 0.3858575 -0.0131371
v 1.5794573 0.3367199 -0.0051839
v 1.5876376 0.2822505 -0.0024435
v 1.5794573 0.2277811 -0.0051839
v 1.5557172 0.1786435 -0.0131371
v 1.5187412 0.1396478 -0.0255247
v 1.4721487 0.1146109 -0.0411338
v 1.4205007 0.1059839 -0.0584367
v 1.3688526 0.1146111 -0.0757395
v 1.3222601 0.1396480 -0.0913487
v 1.2852841 0.1786438 -0.1037360
v 1.2615440 0.2277814 -0.1116893
v 1.3263435 0.5105960 -0.2996442
v 1.2711856 0.5105960 -0.1350007
v 1.6450133 0.1163477 -0.0097630
v 1.7001712 0.1163477 -0.1744067
v 1.3535550 0.2118067 -0.2427024
v 1.3356573 0.2822505 -0.2486983
v 1.4850829 0.2822505 -0.2512112
v 1.3535550 0.3526945 -0.2427024
v 1.4024527 0.4042630 -0.2263210
v 1.4692477 0.4231383 -0.2039436
v 1.5360427 0.4042629 -0.1815663
v 1.5849404 0.3526944 -0.1651849
v 1.6028381 0.2822505 -0.1591890
v 1.5849404 0.2118067 -0.1651849
v 1.5360427 0.1602381 -0.1815663
v 1.4692477 0.1413628 -0.2039436
v 1.4024523 0.1602381 -0.2263210
v 1.3928535 0.3211688 -0.3125180
v 1.4465536 0.3017097 -0.3045068
v 1.4433002 0.2822505 -0.3055968
v 1.3863467 0.2822505 -0.3146980
v 1.4115893 0.3553930 -0.3062411
v 1.4559218 0.3188218 -0.3013684
v 1.4402945 0.3807952 -0.2966246
v 1.4702741 0.3315229 -0.2965601
v 1.4755065 0.3943114 -0.2848281
v 1.4878803 0.3382809 -0.2906618
v 1.5129781 0.3943113 -0.2722746
v 1.5066162 0.3382809 -0.2843850
v 1.5481901 0.3807951 -0.2604781
v 1.5242219 0.3315228 -0.2784867
v 1.5768953 0.3553930 -0.2508613
v 1.5385747 0.3188218 -0.2736785
v 1.5956311 0.3211688 -0.2445847
v 1.5479424 0.3017097 -0.2705400
v 1.6021379 0.2822506 -0.2424047
v 1.5511958 0.2822505 -0.2694502
v 1.5956311 0.2433323 -0.2445847
v 1.5479424 0.2627914 -0.2705400
v 1.5768953 0.2091081 -0.2508613
v 1.5385747 0.2456793 -0.2736785
v 1.5481901 0.1837059 -0.2604781
v 1.5242219 0.2329782 -0.2784867
v 1.5129781 0.1701897 -0.2722746
v 1.5066162 0.2262201 -0.2843850
v 1.4755065 0.1701897 -0.2848281
v 1.4878803 0.2262201 -0.2906618
v 1.4402945 0.1837059 -0.2966246
v 1.4702741 0.2329782 -0.2965601
v 1.4115893 0.2091080 -0.3062411
v 1.4559218 0.2456792 -0.3013684
v 1.3928535 0.2433321 -0.3125180
v 1.4465536 0.2627913 -0.3045068
v 1.3804631 0.3246750 -0.3058577
v 1.3733697 0.2822505 -0.3082339
v 1.3626401 0.2822505 -0.2762062
v 1.3697331 0.3246750 -0.2738300
v 1.4008867 0.3619825 -0.2990154
v 1.3901570 0.3619825 -0.2669877
v 1.4321778 0.3896731 -0.2885325
v 1.4214481 0.3896731 -0.2565048
v 1.4705619 0.4044069 -0.2756732
v 1.4598322 0.4044069 -0.2436455
v 1.5114098 0.4044069 -0.2619886
v 1.5006798 0.4044069 -0.2299609
v 1.5497939 0.3896731 -0.2491295
v 1.5390643 0.3896731 -0.2171016
v 1.5810850 0.3619825 -0.2386465
v 1.5703554 0.3619825 -0.2066186
v 1.6015089 0.3246750 -0.2318043
v 1.5907789 0.3246750 -0.1997764
v 1.6086019 0.2822506 -0.2294279
v 1.5978719 0.2822506 -0.1974002
v 1.6015089 0.2398261 -0.2318043
v 1.5907789 0.2398261 -0.1997764
v 1.5810850 0.2025186 -0.2386464
v 1.5703554 0.2025187 -0.2066186
v 1.5497939 0.1748280 -0.2491295
v 1.5390643 0.1748280 -0.2171016
v 1.5114098 0.1600942 -0.2619886
v 1.5006798 0.1600942 -0.2299609
v 1.4705622 0.1600941 -0.2756732
v 1.4598322 0.1600941 -0.2436455
v 1.4321778 0.1748280 -0.2885325
v 1.4214481 0.1748280 -0.2565046
v 1.4008867 0.2025186 -0.2990154
v 1.3901570 0.2025186 -0.2669877
v 1.3804631 0.2398260 -0.3058577
v 1.3697331 0.2398260 -0.2738300
v 1.3863467 0.2822505 -0.3146980
v 1.3733697 0.2822505 -0.3082339
v 1.3804631 0.3246750 -0.3058577
v 1.3928535 0.3211688 -0.3125180
v 1.4008867 0.3619825 -0.2990154
v 1.4115893 0.3553930 -0.3062411
v 1.4321778 0.3896731 -0.2885325
v 1.4402945 0.3807952 -0.2966246
v 1.4705619 0.4044069 -0.2756732
v 1.4755065 0.3943114 -0.2848281
v 1.5114098 0.4044069 -0.2619886
v 1.5129781 0.3943113 -0.2722746
v 1.5497939 0.3896731 -0.2491295
v 1.5481901 0.3807951 -0.2604781
v 1.5810850 0.3619825 -0.2386465
v 1.5768953 0.3553930 -0.2508613
v 1.6015089 0.3246750 -0.2318043
v 1.5956311 0.3211688 -0.2445847
v 1.6086019 0.2822506 -0.2294279
v 1.6021379 0.2822506 -0.2424047
v 1.6015089 0.2398261 -0.2318043
v 1.5956311 0.2433323 -0.2445847
v 1.5810850 0.2025186 -0.2386464
v 1.5768953 0.2091081 -0.2508613
v 1.5497939 0.1748280 -0.2491295
v 1.5481901 0.1837059 -0.2604781
v 1.5114098 0.1600942 -0.2619886
v 1.5129781 0.1701897 -0.2722746
v 1.4705622 0.1600941 -0.2756732
v 1.4755065 0.1701897 -0.2848281
v 1.4321778 0.1748280 -0.2885325
v 1.4402945 0.1837059 -0.2966246
v 1.4008867 0.2025186 -0.2990154
v 1.4115893 0.2091080 -0.3062411
v 1.3804631 0.2398260 -0.3058577
v 1.3928535 0.2433321 -0.3125180
v 1.4465536 0.3017097 -0.3045068
v 1.4906650 0.2822505 -0.2678732
v 1.4433002 0.2822505 -0.3055968
v 1.4559218 0.3188218 -0.3013684
v 1.4702741 0.3315229 -0.2965601
v 1.4878803 0.3382809 -0.2906618
v 1.5066162 0.3382809 -0.2843850
v 1.5242219 0.3315228 -0.2784867
v 1.5385747 0.3188218 -0.2736785
v 1.5479424 0.3017097 -0.2705400
v 1.5511958 0.2822505 -0.2694502
v 1.5479424 0.2627914 -0.2705400
v 1.5385747 0.2456793 -0.2736785
v 1.5242219 0.2329782 -0.2784867
v 1.5066162 0.2262201 -0.2843850
v 1.4878803 0.2262201 -0.2906618
v 1.4702741 0.2329782 -0.2965601
v 1.4559218 0.2456792 -0.3013684
v 1.4465536 0.2627913 -0.3045068
v 1.5024453 0.3956235 -0.2503339
v 1.4912127 0.3956235 -0.2695076
v 1.4912127 0.4510808 -0.2695076
v 1.5024453 0.4510808 -0.2503339
v 1.4706959 0.3956235 -0.2609703
v 1.4706959 0.4510808 -0.2609703
v 1.5678314 0.3583378 -0.2284286
v 1.5603125 0.3690992 -0.2463581
v 1.5941136 0.4115820 -0.2350344
v 1.6016326 0.4008206 -0.2171047
v 1.5435101 0.3798607 -0.2365765
v 1.5773109 0.4223435 -0.2252528
v 1.5951947 0.2854500 -0.2192613
v 1.5970801 0.3019375 -0.2340405
v 1.6488660 0.3115676 -0.2166914
v 1.6469807 0.2950801 -0.2019124
v 1.5896816 0.3184250 -0.2211083
v 1.6414676 0.3280551 -0.2037595
v 1.5717315 0.2110652 -0.2271220
v 1.5843110 0.2255641 -0.2383184
v 1.6298505 0.1978354 -0.2230619
v 1.6172714 0.1833366 -0.2118654
v 1.5876064 0.2400629 -0.2218037
v 1.6331463 0.2123343 -0.2065472
v 1.5084210 0.1699888 -0.2483320
v 1.5279799 0.1757148 -0.2571900
v 1.5459651 0.1236020 -0.2511648
v 1.5264058 0.1178760 -0.2423067
v 1.5382554 0.1814409 -0.2383369
v 1.5562406 0.1293281 -0.2323117
v 1.4348862 0.1814409 -0.2729673
v 1.4544451 0.1757148 -0.2818252
v 1.4364603 0.1236020 -0.2878506
v 1.4169010 0.1293280 -0.2789924
v 1.4647206 0.1699888 -0.2629721
v 1.4467354 0.1178760 -0.2689975
v 1.3855352 0.2400629 -0.2895004
v 1.3981143 0.2255640 -0.3006968
v 1.3525744 0.1978354 -0.3159534
v 1.3399953 0.2123342 -0.3047569
v 1.4014097 0.2110652 -0.2841822
v 1.3558698 0.1833365 -0.2994387
v 1.3834600 0.3184250 -0.2901956
v 1.3853449 0.3019375 -0.3049747
v 1.3335590 0.3115675 -0.3223238
v 1.3316737 0.3280550 -0.3075447
v 1.3779465 0.2854500 -0.2920426
v 1.3261606 0.2950800 -0.3093917
v 1.4296311 0.3798606 -0.2747276
v 1.4221125 0.3690992 -0.2926571
v 1.3883114 0.4115819 -0.3039810
v 1.3958304 0.4223434 -0.2860513
v 1.4053098 0.3583377 -0.2828756
v 1.3715090 0.4008205 -0.2941995
v -1.0658675 0.2822506 -1.1276105
v -1.0576868 0.3367200 -1.1248699
v -1.0470820 0.3337316 -1.1275716
v -1.0548135 0.2822506 -1.1301616
v -1.0339467 0.3858576 -1.1169167
v -1.0246444 0.3801732 -1.1200546
v -0.9969711 0.4248533 -1.1045294
v -0.9896970 0.4170295 -1.1083468
v -0.9503782 0.4498902 -1.0889202
v -0.9456608 0.4406927 -1.0935941
v -0.8987305 0.4585173 -1.0716173
v -0.8968463 0.4488464 -1.0772406
v -0.8470821 0.4498902 -1.0543145
v -0.8480319 0.4406927 -1.0608871
v -0.8004900 0.4248534 -1.0387053
v -0.8039960 0.4170295 -1.0461344
v -0.7635140 0.3858576 -1.0263180
v -0.7690487 0.3801732 -1.0344265
v -0.7397739 0.3367200 -1.0183646
v -0.7466111 0.3337315 -1.0269096
v -0.7315936 0.2822506 -1.0156242
v -0.7388799 0.2822506 -1.0243194
v -0.7397739 0.2277812 -1.0183648
v -0.7466115 0.2307697 -1.0269096
v -0.7635140 0.1786436 -1.0263180
v -0.7690487 0.1843281 -1.0344265
v -0.8004900 0.1396479 -1.0387053
v -0.8039960 0.1474718 -1.0461344
v -0.8470829 0.1146111 -1.0543145
v -0.8480327 0.1238087 -1.0608871
v -0.8987305 0.1059840 -1.0716173
v -0.8968471 0.1156550 -1.0772406
v -0.8987305 0.1059840 -1.0716173
v -0.9503789 0.1146112 -1.0889202
v -0.9456608 0.1238088 -1.0935941
v -0.8968471 0.1156550 -1.0772406
v -0.9969711 0.1396481 -1.1045294
v -0.9896970 0.1474720 -1.1083468
v -1.0339467 0.1786439 -1.1169167
v -1.0246444 0.1843283 -1.1200546
v -1.0576868 0.2277815 -1.1248701
v -1.0470820 0.2307700 -1.1275716
v -1.0548135 0.2822506 -1.1301616
v -1.0470820 0.3337316 -1.1275716
v -1.0499082 0.3272072 -1.0559229
v -1.0566600 0.2822506 -1.0581847
v -1.0246444 0.3801732 -1.1200546
v -1.0303146 0.3677632 -1.0493587
v -0.9896970 0.4170295 -1.1083468
v -0.9997966 0.3999486 -1.0391346
v -0.9456608 0.4406927 -1.0935941
v -0.9613412 0.4206129 -1.0262516
v -0.8968463 0.4488464 -1.0772406
v -0.9187131 0.4277332 -1.0119706
v -0.8480319 0.4406927 -1.0608871
v -0.8760850 0.4206129 -0.9976895
v -0.8039960 0.4170295 -1.0461344
v -0.8376296 0.3999486 -0.9848064
v -0.7690487 0.3801732 -1.0344265
v -0.8071115 0.3677632 -0.9745823
v -0.7466111 0.3337315 -1.0269096
v -0.7875176 0.3272072 -0.9680181
v -0.7388799 0.2822506 -1.0243194
v -0.7807658 0.2822506 -0.9657563
v -0.7466115 0.2307697 -1.0269096
v -0.7875176 0.2372940 -0.9680181
v -0.7690487 0.1843281 -1.0344265
v -0.8071115 0.1967381 -0.9745823
v -0.8039960 0.1474718 -1.0461344
v -0.8376296 0.1645528 -0.9848064
v -0.8480327 0.1238087 -1.0608871
v -0.8760850 0.1438885 -0.9976895
v -0.8968471 0.1156550 -1.0772406
v -0.9187131 0.1367681 -1.0119706
v -0.8968471 0.1156550 -1.0772406
v -0.9456608 0.1238088 -1.0935941
v -0.9613412 0.1438886 -1.0262516
v -0.9187131 0.1367681 -1.0119706
v -0.9896970 0.1474720 -1.1083468
v -0.9997966 0.1645529 -1.0391346
v -1.0246444 0.1843283 -1.1200546
v -1.0303146 0.1967384 -1.0493587
v -1.0470820 0.2307700 -1.1275716
v -1.0499082 0.2372943 -1.0559229
v -0.8030524 0.2822506 -0.8023247
v -0.8112323 0.3367201 -0.8050651
v -0.8218375 0.3337315 -0.8023636
v -0.8141059 0.2822506 -0.7997735
v -0.8349725 0.3858576 -0.8130184
v -0.8442751 0.3801732 -0.8098805
v -0.8719484 0.4248534 -0.8254059
v -0.8792224 0.4170295 -0.8215884
v -0.9185405 0.4498902 -0.8410150
v -0.9232587 0.4406927 -0.8363412
v -0.9701890 0.4585173 -0.8583179
v -0.9720731 0.4488464 -0.8526947
v -1.0218374 0.4498902 -0.8756208
v -1.0208868 0.4406927 -0.8690481
v -1.0684295 0.4248534 -0.8912297
v -1.0649231 0.4170295 -0.8838009
v -1.1054051 0.3858576 -0.9036173
v -1.0998704 0.3801732 -0.8955088
v -1.1291453 0.3367200 -0.9115705
v -1.1223080 0.3337315 -0.9030257
v -1.1373259 0.2822506 -0.9143111
v -1.1300396 0.2822506 -0.9056158
v -1.1291453 0.2277812 -0.9115705
v -1.1223080 0.2307697 -0.9030257
v -1.1054051 0.1786436 -0.9036173
v -1.0998704 0.1843281 -0.8955088
v -1.0684295 0.1396479 -0.8912297
v -1.0649231 0.1474718 -0.8838009
v -1.0218366 0.1146111 -0.8756208
v -1.0208868 0.1238087 -0.8690481
v -0.9701890 0.1059841 -0.8583179
v -0.9720724 0.1156550 -0.8526947
v -0.9701890 0.1059841 -0.8583179
v -0.9185405 0.1146112 -0.8410150
v -0.9232579 0.1238088 -0.8363410
v -0.9720724 0.1156550 -0.8526947
v -0.8719484 0.1396481 -0.8254059
v -0.8792224 0.1474720 -0.8215884
v -0.8349725 0.1786440 -0.8130184
v -0.8442751 0.1843284 -0.8098805
v -0.8112323 0.2277815 -0.8050651
v -0.8218375 0.2307700 -0.8023636
v -0.8141059 0.2822506 -0.7997735
v -0.8218375 0.3337315 -0.8023636
v -0.7875176 0.3272072 -0.9680181
v -0.7807658 0.2822506 -0.9657563
v -0.8442751 0.3801732 -0.8098805
v -0.8071115 0.3677632 -0.9745823
v -0.8792224 0.4170295 -0.8215884
v -0.8376296 0.3999486 -0.9848064
v -0.9232587 0.4406927 -0.8363412
v -0.8760850 0.4206129 -0.9976895
v -0.9720731 0.4488464 -0.8526947
v -0.9187131 0.4277332 -1.0119706
v -1.0208868 0.4406927 -0.8690481
v -0.9613412 0.4206129 -1.0262516
v -1.0649231 0.4170295 -0.8838009
v -0.9997966 0.3999486 -1.0391346
v -1.0998704 0.3801732 -0.8955088
v -1.0303146 0.3677632 -1.0493587
v -1.1223080 0.3337315 -0.9030257
v -1.0499082 0.3272072 -1.0559229
v -1.1300396 0.2822506 -0.9056158
v -1.0566600 0.2822506 -1.0581847
v -1.1223080 0.2307697 -0.9030257
v -1.0499082 0.2372943 -1.0559229
v -1.0998704 0.1843281 -0.8955088
v -1.0303146 0.1967384 -1.0493587
v -1.0649231 0.1474718 -0.8838009
v -0.9997966 0.1645529 -1.0391346
v -1.0208868 0.1238087 -0.8690481
v -0.9613412 0.1438886 -1.0262516
v -0.9720724 0.1156550 -0.8526947
v -0.9187131 0.1367681 -1.0119706
v -0.9720724 0.1156550 -0.8526947
v -0.9232579 0.1238088 -0.8363410
v -0.8760850 0.1438885 -0.9976895
v -0.9187131 0.1367681 -1.0119706
v -0.8792224 0.1474720 -0.8215884
v -0.8376296 0.1645528 -0.9848064
v -0.8442751 0.1843284 -0.8098805
v -0.8071115 0.1967381 -0.9745823
v -0.8218375 0.2307700 -0.8023636
v -0.7875176 0.2372940 -0.9680181
v -1.1414540 0.3654245 -1.1529333
v -1.1119743 0.3560834 -1.1504282
v -1.1230621 0.2822507 -1.1541430
v -1.1539453 0.2822507 -1.1571180
v -1.1052033 0.4404567 -1.1407888
v -1.0797947 0.4226888 -1.1396477
v -1.0487420 0.5000026 -1.1218733
v -1.0296745 0.4755472 -1.1228566
v -0.9775963 0.5382333 -1.0980386
v -0.9665185 0.5094844 -1.1016985
v -0.8987305 0.5514067 -1.0716173
v -0.8965105 0.5211784 -1.0782447
v -0.8198648 0.5382333 -1.0451961
v -0.8265018 0.5094844 -1.0547909
v -0.7487191 0.5000025 -1.0213614
v -0.7633461 0.4755472 -1.0336328
v -0.6922574 0.4404566 -1.0024459
v -0.7132255 0.4226888 -1.0168419
v -0.6560066 0.3654244 -0.9903014
v -0.6810463 0.3560833 -1.0060612
v -0.6435157 0.2822505 -0.9861167
v -0.6699581 0.2822506 -1.0023464
v -0.6560066 0.1990767 -0.9903014
v -0.6810463 0.2084178 -1.0060612
v -0.6922574 0.1240445 -1.0024459
v -0.7132255 0.1418124 -1.0168419
v -0.7487191 0.0644987 -1.0213613
v -0.7633465 0.0889540 -1.0336328
v -0.8198648 0.0262680 -1.0451961
v -0.8265018 0.0550169 -1.0547909
v -0.8987305 0.0130946 -1.0716173
v -0.8965105 0.0433230 -1.0782447
v -0.9775963 0.0262681 -1.0980386
v -0.9665192 0.0550170 -1.1016987
v -1.0487420 0.0644991 -1.1218734
v -1.0296745 0.0889543 -1.1228566
v -1.1052041 0.1240450 -1.1407888
v -1.0797947 0.1418127 -1.1396477
v -1.1414540 0.1990773 -1.1529333
v -1.1119743 0.2084183 -1.1504282
v -1.1743562 0.2822507 -1.1374146
v -1.1612571 0.3694709 -1.1330262
v -1.1232431 0.4481533 -1.1202910
v -1.0640341 0.5105962 -1.1004552
v -0.9894274 0.5506869 -1.0754608
v -0.9067248 0.5645012 -1.0477543
v -0.8240221 0.5506869 -1.0200477
v -0.7494154 0.5105961 -0.9950533
v -0.6902068 0.4481533 -0.9752176
v -0.6521924 0.3694708 -0.9624823
v -0.6390937 0.2822505 -0.9580941
v -0.6521928 0.1950303 -0.9624823
v -0.6902068 0.1163478 -0.9752176
v -0.7494154 0.0539051 -0.9950533
v -0.8240225 0.0138144 -1.0200477
v -0.9067256 0.0000001 -1.0477543
v -0.9894274 0.0138146 -1.0754608
v -1.0640349 0.0539055 -1.1004554
v -1.1232431 0.1163483 -1.1202910
v -1.1612571 0.1950309 -1.1330264
v -1.0576868 0.3367201 -1.1248699
v -1.0658675 0.2822506 -1.1276105
v -1.0339467 0.3858576 -1.1169167
v -0.9969711 0.4248533 -1.1045294
v -0.9503782 0.4498902 -1.0889202
v -0.8987305 0.4585173 -1.0716173
v -0.8470821 0.4498902 -1.0543145
v -0.8004900 0.4248534 -1.0387053
v -0.7635140 0.3858576 -1.0263178
v -0.7397739 0.3367200 -1.0183646
v -0.7315936 0.2822506 -1.0156242
v -0.7397739 0.2277812 -1.0183646
v -0.7635140 0.1786436 -1.0263178
v -0.8004900 0.1396479 -1.0387053
v -0.8470829 0.1146111 -1.0543145
v -0.8987305 0.1059840 -1.0716173
v -0.9503789 0.1146112 -1.0889202
v -0.9969711 0.1396481 -1.1045294
v -1.0339467 0.1786439 -1.1169169
v -1.0576868 0.2277816 -1.1248701
v -1.1612571 0.3694709 -1.1330262
v -1.1743562 0.2822507 -1.1374146
v -1.2295142 0.2822507 -0.9727710
v -1.2164151 0.3694709 -0.9683827
v -1.1232431 0.4481533 -1.1202910
v -1.1784011 0.4481534 -0.9556474
v -0.9067248 0.5645012 -1.0477543
v -0.9894274 0.5506869 -1.0754608
v -1.0445854 0.5506869 -0.9108173
v -0.9618827 0.5645012 -0.8831107
v -0.8240221 0.5506869 -1.0200477
v -0.9067248 0.5645012 -1.0477543
v -0.9618827 0.5645012 -0.8831107
v -0.8791801 0.5506869 -0.8554042
v -0.7494154 0.5105961 -0.9950533
v -0.8045734 0.5105961 -0.8304096
v -0.6902068 0.4481533 -0.9752176
v -0.7453648 0.4481533 -0.8105740
v -0.6390937 0.2822505 -0.9580941
v -0.6521924 0.3694708 -0.9624823
v -0.7073504 0.3694708 -0.7978387
v -0.6942517 0.2822505 -0.7934504
v -0.6521928 0.1950303 -0.9624823
v -0.7073508 0.1950303 -0.7978387
v -0.7494154 0.0539051 -0.9950533
v -0.8045734 0.0539050 -0.8304098
v -0.8791809 0.0138144 -0.8554042
v -0.8240225 0.0138144 -1.0200477
v -0.9067256 0.0000001 -1.0477543
v -0.9618835 0.0000001 -0.8831107
v -0.9894274 0.0138146 -1.0754608
v -0.9067256 0.0000001 -1.0477543
v -0.9618835 0.0000001 -0.8831107
v -1.0445854 0.0138146 -0.9108173
v -1.0640349 0.0539055 -1.1004554
v -1.1191929 0.0539054 -0.9358117
v -1.1784011 0.1163483 -0.9556474
v -1.1232431 0.1163483 -1.1202910
v -1.1612571 0.1950309 -1.1330264
v -1.2164151 0.1950309 -0.9683827
v -1.1986494 0.2822507 -0.9285185
v -1.1875616 0.3560834 -0.9248038
v -1.2126013 0.3654245 -0.9405636
v -1.2250918 0.2822507 -0.9447483
v -1.1553820 0.4226888 -0.9140232
v -1.1763505 0.4404567 -0.9284191
v -1.1052618 0.4755472 -0.8972322
v -1.1198885 0.5000026 -0.9095036
v -1.0421058 0.5094844 -0.8760741
v -1.0487427 0.5382333 -0.8856689
v -0.9720978 0.5211784 -0.8526203
v -0.9698770 0.5514067 -0.8592477
v -0.9020891 0.5094844 -0.8291663
v -0.8910113 0.5382333 -0.8328265
v -0.8389338 0.4755472 -0.8080085
v -0.8198659 0.5000025 -0.8089916
v -0.7888129 0.4226888 -0.7912173
v -0.7634042 0.4404566 -0.7900763
v -0.7566336 0.3560833 -0.7804368
v -0.7271535 0.3654244 -0.7779318
v -0.7455454 0.2822506 -0.7767220
v -0.7146626 0.2822506 -0.7737471
v -0.7566336 0.2084179 -0.7804368
v -0.7271535 0.1990767 -0.7779318
v -0.7888132 0.1418124 -0.7912173
v -0.7634042 0.1240445 -0.7900763
v -0.8389338 0.0889540 -0.8080085
v -0.8198659 0.0644986 -0.8089916
v -0.9020891 0.0550169 -0.8291663
v -0.8910120 0.0262680 -0.8328265
v -0.9720978 0.0433230 -0.8526203
v -0.9698778 0.0130946 -0.8592477
v -1.0421065 0.0550170 -0.8760741
v -1.0487435 0.0262681 -0.8856689
v -1.1052618 0.0889543 -0.8972322
v -1.1198892 0.0644991 -0.9095038
v -1.1553827 0.1418128 -0.9140232
v -1.1763505 0.1240450 -0.9284191
v -1.1875616 0.2084183 -0.9248038
v -1.2126013 0.1990773 -0.9405636
v -1.2164151 0.3694709 -0.9683827
v -1.2295142 0.2822507 -0.9727710
v -1.1784011 0.4481534 -0.9556474
v -1.1191921 0.5105962 -0.9358117
v -1.0445854 0.5506869 -0.9108173
v -0.9618827 0.5645012 -0.8831107
v -0.8791801 0.5506869 -0.8554042
v -0.8045734 0.5105961 -0.8304096
v -0.7453648 0.4481533 -0.8105740
v -0.7073504 0.3694708 -0.7978387
v -0.6942517 0.2822505 -0.7934504
v -0.7073508 0.1950303 -0.7978387
v -0.7453648 0.1163478 -0.8105740
v -0.8045734 0.0539050 -0.8304098
v -0.8791809 0.0138144 -0.8554042
v -0.9618835 0.0000001 -0.8831107
v -1.0445854 0.0138146 -0.9108173
v -1.1191929 0.0539054 -0.9358117
v -1.1784011 0.1163483 -0.9556474
v -1.2164151 0.1950309 -0.9683827
v -1.1370140 0.2822507 -0.9152408
v -1.1288340 0.3367201 -0.9125003
v -1.1050939 0.3858576 -0.9045470
v -1.0681175 0.4248534 -0.8921597
v -1.0215254 0.4498902 -0.8765505
v -0.9698770 0.4585173 -0.8592477
v -0.9182293 0.4498902 -0.8419448
v -0.8716364 0.4248534 -0.8263357
v -0.8346609 0.3858576 -0.8139481
v -0.8109207 0.3367200 -0.8059949
v -0.8027404 0.2822506 -0.8032545
v -0.8109207 0.2277812 -0.8059949
v -0.8346609 0.1786436 -0.8139481
v -0.8716372 0.1396479 -0.8263357
v -0.9182293 0.1146111 -0.8419448
v -0.9698778 0.1059841 -0.8592477
v -1.0215254 0.1146112 -0.8765505
v -1.0681183 0.1396481 -0.8921597
v -1.1050939 0.1786439 -0.9045470
v -1.1288340 0.2277816 -0.9125003
v -1.0640341 0.5105962 -1.1004552
v -1.1191921 0.5105962 -0.9358117
v -0.7453648 0.1163478 -0.8105740
v -0.6902068 0.1163478 -0.9752176
v -1.0368230 0.2118068 -1.0435134
v -1.0547211 0.2822507 -1.0495093
v -0.9052951 0.2822507 -1.0520222
v -1.0368230 0.3526946 -1.0435134
v -0.9879253 0.4042631 -1.0271320
v -0.9211303 0.4231384 -1.0047546
v -0.8543353 0.4042630 -0.9823773
v -0.8054377 0.3526945 -0.9659959
v -0.7875399 0.2822506 -0.9600000
v -0.8054377 0.2118068 -0.9659959
v -0.8543353 0.1602382 -0.9823773
v -0.9211303 0.1413629 -1.0047546
v -0.9879253 0.1602382 -1.0271320
v -0.9975241 0.3211690 -1.1133290
v -0.9438244 0.3017098 -1.1053178
v -0.9470774 0.2822507 -1.1064078
v -1.0040317 0.2822507 -1.1155090
v -0.9787887 0.3553932 -1.1070521
v -0.9344567 0.3188219 -1.1021793
v -0.9500839 0.3807953 -1.0974356
v -0.9201035 0.3315230 -1.0973711
v -0.9148716 0.3943115 -1.0856391
v -0.9024981 0.3382811 -1.0914728
v -0.8773999 0.3943115 -1.0730856
v -0.8837619 0.3382811 -1.0851960
v -0.8421875 0.3807953 -1.0612891
v -0.8661557 0.3315230 -1.0792977
v -0.8134828 0.3553932 -1.0516723
v -0.8518033 0.3188219 -1.0744894
v -0.7947469 0.3211690 -1.0453957
v -0.8424356 0.3017098 -1.0713510
v -0.7882401 0.2822507 -1.0432157
v -0.8391818 0.2822507 -1.0702612
v -0.7947469 0.2433324 -1.0453957
v -0.8424356 0.2627915 -1.0713510
v -0.8134828 0.2091082 -1.0516723
v -0.8518033 0.2456794 -1.0744894
v -0.8421875 0.1837061 -1.0612891
v -0.8661557 0.2329783 -1.0792977
v -0.8773999 0.1701899 -1.0730856
v -0.8837619 0.2262203 -1.0851960
v -0.9148716 0.1701898 -1.0856391
v -0.9024981 0.2262202 -1.0914728
v -0.9500839 0.1837060 -1.0974356
v -0.9201035 0.2329783 -1.0973711
v -0.9787887 0.2091081 -1.1070521
v -0.9344567 0.2456794 -1.1021793
v -0.9975241 0.2433323 -1.1133290
v -0.9438244 0.2627915 -1.1053178
v -1.0099153 0.3246751 -1.1066687
v -1.0170083 0.2822507 -1.1090449
v -1.0277380 0.2822507 -1.0770172
v -1.0206450 0.3246751 -1.0746410
v -0.9894914 0.3619826 -1.0998264
v -1.0002210 0.3619826 -1.0677987
v -0.9581999 0.3896732 -1.0893435
v -0.9689303 0.3896732 -1.0573158
v -0.9198162 0.4044071 -1.0764842
v -0.9305458 0.4044071 -1.0444565
v -0.8789682 0.4044070 -1.0627996
v -0.8896979 0.4044070 -1.0307719
v -0.8405845 0.3896732 -1.0499405
v -0.8513142 0.3896732 -1.0179126
v -0.8092931 0.3619826 -1.0394575
v -0.8200227 0.3619826 -1.0074296
v -0.7888691 0.3246751 -1.0326153
v -0.7995991 0.3246751 -1.0005874
v -0.7817761 0.2822507 -1.0302389
v -0.7925061 0.2822507 -0.9982112
v -0.7888691 0.2398262 -1.0326153
v -0.7995991 0.2398262 -1.0005874
v -0.8092931 0.2025188 -1.0394573
v -0.8200227 0.2025188 -1.0074296
v -0.8405838 0.1748282 -1.0499405
v -0.8513142 0.1748282 -1.0179126
v -0.8789682 0.1600943 -1.0627996
v -0.8896979 0.1600943 -1.0307719
v -0.9198162 0.1600943 -1.0764842
v -0.9305458 0.1600943 -1.0444565
v -0.9581999 0.1748281 -1.0893435
v -0.9689303 0.1748281 -1.0573156
v -0.9894914 0.2025187 -1.0998264
v -1.0002210 0.2025187 -1.0677987
v -1.0099153 0.2398261 -1.1066687
v -1.0206450 0.2398261 -1.0746410
v -1.0040317 0.2822507 -1.1155090
v -1.0170083 0.2822507 -1.1090449
v -1.0099153 0.3246751 -1.1066687
v -0.9975241 0.3211690 -1.1133290
v -0.9894914 0.3619826 -1.0998264
v -0.9787887 0.3553932 -1.1070521
v -0.9581999 0.3896732 -1.0893435
v -0.9500839 0.3807953 -1.0974356
v -0.9198162 0.4044071 -1.0764842
v -0.9148716 0.3943115 -1.0856391
v -0.8789682 0.4044070 -1.0627996
v -0.8773999 0.3943115 -1.0730856
v -0.8405845 0.3896732 -1.0499405
v -0.8421875 0.3807953 -1.0612891
v -0.8092931 0.3619826 -1.0394575
v -0.8134828 0.3553932 -1.0516723
v -0.7888691 0.3246751 -1.0326153
v -0.7947469 0.3211690 -1.0453957
v -0.7817761 0.2822507 -1.0302389
v -0.7882401 0.2822507 -1.0432157
v -0.7888691 0.2398262 -1.0326153
v -0.7947469 0.2433324 -1.0453957
v -0.8092931 0.2025188 -1.0394573
v -0.8134828 0.2091082 -1.0516723
v -0.8405838 0.1748282 -1.0499405
v -0.8421875 0.1837061 -1.0612891
v -0.8789682 0.1600943 -1.0627996
v -0.8773999 0.1701899 -1.0730856
v -0.9198162 0.1600943 -1.0764842
v -0.9148716 0.1701898 -1.0856391
v -0.9581999 0.1748281 -1.0893435
v -0.9500839 0.1837060 -1.0974356
v -0.9894914 0.2025187 -1.0998264
v -0.9787887 0.2091081 -1.1070521
v -1.0099153 0.2398261 -1.1066687
v -0.9975241 0.2433323 -1.1133290
v -0.9438244 0.3017098 -1.1053178
v -0.8997134 0.2822507 -1.0686842
v -0.9470774 0.2822507 -1.1064078
v -0.9344567 0.3188219 -1.1021793
v -0.9201035 0.3315230 -1.0973711
v -0.9024981 0.3382811 -1.0914728
v -0.8837619 0.3382811 -1.0851960
v -0.8661557 0.3315230 -1.0792977
v -0.8518033 0.3188219 -1.0744894
v -0.8424356 0.3017098 -1.0713510
v -0.8391818 0.2822507 -1.0702612
v -0.8424356 0.2627915 -1.0713510
v -0.8518033 0.2456794 -1.0744894
v -0.8661557 0.2329783 -1.0792977
v -0.8837619 0.2262203 -1.0851960
v -0.9024981 0.2262202 -1.0914728
v -0.9201035 0.2329783 -1.0973711
v -0.9344567 0.2456794 -1.1021793
v -0.9438244 0.2627915 -1.1053178
v -0.8879323 0.3956236 -1.0511449
v -0.8991657 0.3956236 -1.0703186
v -0.8991657 0.4510809 -1.0703186
v -0.8879323 0.4510809 -1.0511449
v -0.9196821 0.3956236 -1.0617813
v -0.9196821 0.4510809 -1.0617813
v -0.8225466 0.3583379 -1.0292396
v -0.8300656 0.3690994 -1.0471691
v -0.7962644 0.4115821 -1.0358454
v -0.7887455 0.4008207 -1.0179157
v -0.8468679 0.3798608 -1.0373875
v -0.8130672 0.4223436 -1.0260638
v -0.7951833 0.2854502 -1.0200723
v -0.7932980 0.3019377 -1.0348515
v -0.7415121 0.3115677 -1.0175024
v -0.7433974 0.2950803 -1.0027234
v -0.8006964 0.3184252 -1.0219193
v -0.7489105 0.3280552 -1.0045705
v -0.8186465 0.2110653 -1.0279330
v -0.8060670 0.2255642 -1.0391294
v -0.7605275 0.1978355 -1.0238728
v -0.7731066 0.1833367 -1.0126764
v -0.8027716 0.2400630 -1.0226147
v -0.7572317 0.2123344 -1.0073582
v -0.8819570 0.1699889 -1.0491430
v -0.8623981 0.1757150 -1.0580010
v -0.8444130 0.1236021 -1.0519758
v -0.8639719 0.1178761 -1.0431177
v -0.8521222 0.1814410 -1.0391479
v -0.8341374 0.1293282 -1.0331227
v -0.9554923 0.1814410 -1.0737783
v -0.9359326 0.1757149 -1.0826362
v -0.9539177 0.1236021 -1.0886616
v -0.9734774 0.1293282 -1.0798034
v -0.9256574 0.1699889 -1.0637831
v -0.9436426 0.1178761 -1.0698085
v -1.0048429 0.2400630 -1.0903114
v -0.9922637 0.2255642 -1.1015078
v -1.0378036 0.1978355 -1.1167644
v -1.0503827 0.2123343 -1.1055679
v -0.9889683 0.2110653 -1.0849932
v -1.0345082 0.1833366 -1.1002497
v -1.0069181 0.3184251 -1.0910066
v -1.0050331 0.3019376 -1.1057857
v -1.0568187 0.3115676 -1.1231348
v -1.0587044 0.3280551 -1.1083557
v -1.0124312 0.2854501 -1.0928536
v -1.0642175 0.2950801 -1.1102027
v -0.9607465 0.3798608 -1.0755386
v -0.9682655 0.3690993 -1.0934681
v -1.0020667 0.4115820 -1.1047920
v -0.9945477 0.4223435 -1.0868623
v -0.9850683 0.3583379 -1.0836865
v -1.0188694 0.4008206 -1.0950105
v 0.8570942 0.2822505 1.0684139
v 0.8643805 0.2822505 1.0771092
v 0.8721117 0.3337315 1.0796994
v 0.8652745 0.3367199 1.0711544
v 0.8945493 0.3801731 1.0872162
v 0.8890146 0.3858575 1.0791076
v 0.9294966 0.4170293 1.0989240
v 0.9259906 0.4248532 1.0914951
v 0.9735329 0.4406926 1.1136768
v 0.9725831 0.4498901 1.1071043
v 1.0223470 0.4488463 1.1300303
v 1.0242311 0.4585172 1.1244071
v 1.0711614 0.4406925 1.1463839
v 1.0758792 0.4498901 1.1417100
v 1.1151977 0.4170294 1.1611367
v 1.1224713 0.4248533 1.1573192
v 1.1501450 0.3801731 1.1728445
v 1.1594473 0.3858575 1.1697066
v 1.1725826 0.3337314 1.1803614
v 1.1831874 0.3367199 1.1776599
v 1.1803138 0.2822505 1.1829516
v 1.1913677 0.2822505 1.1804004
v 1.1725826 0.2307696 1.1803613
v 1.1831874 0.2277811 1.1776599
v 1.1501450 0.1843280 1.1728445
v 1.1594473 0.1786436 1.1697066
v 1.1151977 0.1474717 1.1611367
v 1.1224713 0.1396478 1.1573192
v 1.0711614 0.1238086 1.1463838
v 1.0758788 0.1146110 1.1417100
v 1.0223470 0.1156548 1.1300303
v 1.0242308 0.1059839 1.1244071
v 1.0242308 0.1059839 1.1244071
v 1.0223470 0.1156548 1.1300303
v 0.9735325 0.1238087 1.1136768
v 0.9725827 0.1146111 1.1071042
v 0.9294966 0.1474719 1.0989240
v 0.9259902 0.1396480 1.0914951
v 0.8945493 0.1843282 1.0872162
v 0.8890146 0.1786438 1.0791076
v 0.8721117 0.2307698 1.0796993
v 0.8652745 0.2277814 1.0711544
v 0.8643805 0.2822505 1.0771092
v 0.9062664 0.2822505 1.0185461
v 0.9130182 0.3272071 1.0208080
v 0.8721117 0.3337315 1.0796994
v 0.9326122 0.3677631 1.0273722
v 0.8945493 0.3801731 1.0872162
v 0.9631302 0.3999484 1.0375962
v 0.9294966 0.4170293 1.0989240
v 1.0015856 0.4206127 1.0504794
v 0.9735329 0.4406926 1.1136768
v 1.0442137 0.4277331 1.0647603
v 1.0223470 0.4488463 1.1300303
v 1.0868414 0.4206127 1.0790413
v 1.0711614 0.4406925 1.1463839
v 1.1252968 0.3999484 1.0919244
v 1.1151977 0.4170294 1.1611367
v 1.1558153 0.3677631 1.1021485
v 1.1501450 0.3801731 1.1728445
v 1.1754092 0.3272071 1.1087128
v 1.1725826 0.3337314 1.1803614
v 1.1821606 0.2822505 1.1109747
v 1.1803138 0.2822505 1.1829516
v 1.1754092 0.2372939 1.1087127
v 1.1725826 0.2307696 1.1803613
v 1.1558153 0.1967380 1.1021485
v 1.1501450 0.1843280 1.1728445
v 1.1252968 0.1645527 1.0919244
v 1.1151977 0.1474717 1.1611367
v 1.0868414 0.1438884 1.0790413
v 1.0711614 0.1238086 1.1463838
v 1.0442133 0.1367680 1.0647603
v 1.0223470 0.1156548 1.1300303
v 1.0223470 0.1156548 1.1300303
v 1.0442133 0.1367680 1.0647603
v 1.0015852 0.1438885 1.0504793
v 0.9735325 0.1238087 1.1136768
v 0.9631302 0.1645528 1.0375962
v 0.9294966 0.1474719 1.0989240
v 0.9326118 0.1967382 1.0273722
v 0.8945493 0.1843282 1.0872162
v 0.9130178 0.2372941 1.0208079
v 0.8721117 0.2307698 1.0796993
v 1.2628262 0.2822505 0.9671008
v 1.2555398 0.2822505 0.9584056
v 1.2478086 0.3337315 0.9558154
v 1.2546459 0.3367199 0.9643603
v 1.2253711 0.3801731 0.9482985
v 1.2309057 0.3858575 0.9564071
v 1.1904237 0.4170294 0.9365907
v 1.1939298 0.4248533 0.9440196
v 1.1463875 0.4406926 0.9218379
v 1.1473372 0.4498902 0.9284105
v 1.0975730 0.4488463 0.9054844
v 1.0956892 0.4585172 0.9111076
v 1.0487589 0.4406926 0.8891308
v 1.0440412 0.4498901 0.8938048
v 1.0047227 0.4170293 0.8743781
v 0.9974490 0.4248533 0.8781956
v 0.9697753 0.3801731 0.8626702
v 0.9604727 0.3858574 0.8658082
v 0.9473378 0.3337314 0.8551534
v 0.9367329 0.3367199 0.8578550
v 0.9396066 0.2822505 0.8525632
v 0.9285526 0.2822505 0.8551144
v 0.9473378 0.2307695 0.8551534
v 0.9367329 0.2277811 0.8578550
v 0.9697753 0.1843280 0.8626703
v 0.9604731 0.1786435 0.8658082
v 1.0047227 0.1474717 0.8743782
v 0.9974490 0.1396478 0.8781957
v 1.0487589 0.1238086 0.8891309
v 1.0440415 0.1146110 0.8938049
v 1.0975734 0.1156548 0.9054845
v 1.0956896 0.1059839 0.9111077
v 1.0956896 0.1059839 0.9111077
v 1.0975734 0.1156548 0.9054845
v 1.1463878 0.1238087 0.9218379
v 1.1473376 0.1146111 0.9284105
v 1.1904237 0.1474719 0.9365908
v 1.1939301 0.1396480 0.9440197
v 1.2253711 0.1843283 0.9482986
v 1.2309057 0.1786438 0.9564072
v 1.2478086 0.2307699 0.9558155
v 1.2546459 0.2277814 0.9643604
v 1.2555398 0.2822505 0.9584056
v 1.1821606 0.2822505 1.1109747
v 1.1754092 0.3272071 1.1087128
v 1.2478086 0.3337315 0.9558154
v 1.1558153 0.3677631 1.1021485
v 1.2253711 0.3801731 0.9482985
v 1.1252968 0.3999484 1.0919244
v 1.1904237 0.4170294 0.9365907
v 1.0868414 0.4206127 1.0790413
v 1.1463875 0.4406926 0.9218379
v 1.0442137 0.4277331 1.0647603
v 1.0975730 0.4488463 0.9054844
v 1.0015856 0.4206127 1.0504794
v 1.0487589 0.4406926 0.8891308
v 0.9631302 0.3999484 1.0375962
v 1.0047227 0.4170293 0.8743781
v 0.9326122 0.3677631 1.0273722
v 0.9697753 0.3801731 0.8626702
v 0.9130182 0.3272071 1.0208080
v 0.9473378 0.3337314 0.8551534
v 0.9062664 0.2822505 1.0185461
v 0.9396066 0.2822505 0.8525632
v 0.9130178 0.2372941 1.0208079
v 0.9473378 0.2307695 0.8551534
v 0.9326118 0.1967382 1.0273722
v 0.9697753 0.1843280 0.8626703
v 0.9631302 0.1645528 1.0375962
v 1.0047227 0.1474717 0.8743782
v 1.0015852 0.1438885 1.0504793
v 1.0487589 0.1238086 0.8891309
v 1.0442133 0.1367680 1.0647603
v 1.0975734 0.1156548 0.9054845
v 1.0975734 0.1156548 0.9054845
v 1.0442133 0.1367680 1.0647603
v 1.0868414 0.1438884 1.0790413
v 1.1463878 0.1238087 0.9218379
v 1.1252968 0.1645527 1.0919244
v 1.1904237 0.1474719 0.9365908
v 1.1558153 0.1967380 1.1021485
v 1.2253711 0.1843283 0.9482986
v 1.1754092 0.2372939 1.1087127
v 1.2478086 0.2307699 0.9558155
v 0.7954587 0.2822505 1.0551363
v 0.8065469 0.3560832 1.0588510
v 0.7815073 0.3654243 1.0430912
v 0.7690163 0.2822505 1.0389065
v 0.8387262 0.4226887 1.0696316
v 0.8177580 0.4404565 1.0552356
v 0.8888467 0.4755471 1.0864227
v 0.8742197 0.5000024 1.0741511
v 0.9520024 0.5094843 1.1075807
v 0.9453654 0.5382332 1.0979860
v 1.0220107 0.5211782 1.1310345
v 1.0242311 0.5514066 1.1244072
v 1.0920191 0.5094843 1.1544884
v 1.1030969 0.5382332 1.1508283
v 1.1551748 0.4755471 1.1756464
v 1.1742426 0.5000024 1.1746632
v 1.2052953 0.4226887 1.1924375
v 1.2307043 0.4404565 1.1935787
v 1.2374745 0.3560832 1.2032180
v 1.2669546 0.3654243 1.2057232
v 1.2485627 0.2822505 1.2069328
v 1.2794460 0.2822504 1.2099078
v 1.2374745 0.2084177 1.2032180
v 1.2669546 0.1990766 1.2057231
v 1.2052953 0.1418123 1.1924375
v 1.2307039 0.1240444 1.1935786
v 1.1551748 0.0889539 1.1756464
v 1.1742426 0.0644986 1.1746631
v 1.0920191 0.0550168 1.1544884
v 1.1030965 0.0262678 1.1508282
v 1.0220107 0.0433229 1.1310344
v 1.0242308 0.0130945 1.1244071
v 0.9520020 0.0550169 1.1075806
v 0.9453650 0.0262680 1.0979859
v 0.8888467 0.0889542 1.0864226
v 0.8742193 0.0644989 1.0741510
v 0.8387262 0.1418126 1.0696315
v 0.8177576 0.1240449 1.0552356
v 0.8065469 0.2084182 1.0588510
v 0.7815073 0.1990771 1.0430911
v 0.7776931 0.3694707 1.0152722
v 0.7645944 0.2822505 1.0108838
v 0.8157074 0.4481532 1.0280074
v 0.8749160 0.5105960 1.0478431
v 0.9495231 0.5506868 1.0728376
v 1.0322254 0.5645011 1.1005441
v 1.1149281 0.5506868 1.1282507
v 1.1895351 0.5105960 1.1532451
v 1.2487434 0.4481532 1.1730808
v 1.2867577 0.3694707 1.1858161
v 1.2998564 0.2822504 1.1902044
v 1.2867577 0.1950302 1.1858161
v 1.2487434 0.1163477 1.1730808
v 1.1895348 0.0539050 1.1532450
v 1.1149277 0.0138143 1.1282506
v 1.0322254 0.0000000 1.1005440
v 0.9495227 0.0138145 1.0728375
v 0.8749157 0.0539053 1.0478430
v 0.8157070 0.1163482 1.0280073
v 0.7776931 0.1950307 1.0152721
v 0.8570942 0.2822505 1.0684139
v 0.8652745 0.3367199 1.0711544
v 0.8890146 0.3858575 1.0791077
v 0.9259906 0.4248532 1.0914952
v 0.9725831 0.4498901 1.1071043
v 1.0242311 0.4585172 1.1244071
v 1.0758792 0.4498901 1.1417100
v 1.1224717 0.4248533 1.1573192
v 1.1594477 0.3858575 1.1697066
v 1.1831874 0.3367199 1.1776599
v 1.1913677 0.2822505 1.1804003
v 1.1831874 0.2277811 1.1776599
v 1.1594473 0.1786435 1.1697066
v 1.1224713 0.1396478 1.1573191
v 1.0758788 0.1146110 1.1417100
v 1.0242308 0.1059839 1.1244071
v 0.9725827 0.1146111 1.1071042
v 0.9259902 0.1396480 1.0914951
v 0.8890146 0.1786438 1.0791076
v 0.8652745 0.2277814 1.0711544
v 0.7776931 0.3694707 1.0152722
v 0.8328510 0.3694707 0.8506285
v 0.8197523 0.2822505 0.8462402
v 0.7645944 0.2822505 1.0108838
v 0.8157074 0.4481532 1.0280074
v 0.8708654 0.4481532 0.8633638
v 1.0322254 0.5645011 1.1005441
v 1.0873834 0.5645011 0.9359005
v 1.0046811 0.5506868 0.9081940
v 0.9495231 0.5506868 1.0728376
v 1.1149281 0.5506868 1.1282507
v 1.1700860 0.5506868 0.9636071
v 1.0873834 0.5645011 0.9359005
v 1.0322254 0.5645011 1.1005441
v 1.1895351 0.5105960 1.1532451
v 1.2446931 0.5105960 0.9886015
v 1.2487434 0.4481532 1.1730808
v 1.3039017 0.4481532 1.0084372
v 1.2998564 0.2822504 1.1902044
v 1.3550144 0.2822504 1.0255608
v 1.3419157 0.3694707 1.0211725
v 1.2867577 0.3694707 1.1858161
v 1.2867577 0.1950302 1.1858161
v 1.3419157 0.1950302 1.0211725
v 1.1700860 0.0138143 0.9636070
v 1.2446931 0.0539050 0.9886015
v 1.1895348 0.0539050 1.1532450
v 1.1149277 0.0138143 1.1282506
v 1.0322254 0.0000000 1.1005440
v 1.0873834 0.0000000 0.9359004
v 0.9495227 0.0138145 1.0728375
v 1.0046807 0.0138145 0.9081939
v 1.0873834 0.0000000 0.9359004
v 1.0322254 0.0000000 1.1005440
v 0.8708654 0.1163481 0.8633637
v 0.9300736 0.0539053 0.8831995
v 0.8749157 0.0539053 1.0478430
v 0.8157070 0.1163482 1.0280073
v 0.8328510 0.1950307 0.8506285
v 0.7776931 0.1950307 1.0152721
v 0.8526541 0.3654244 0.8307215
v 0.8821342 0.3560833 0.8332265
v 0.8710460 0.2822505 0.8295118
v 0.8401632 0.2822505 0.8265368
v 0.8889048 0.4404565 0.8428660
v 0.9143135 0.4226887 0.8440071
v 0.9453665 0.5000024 0.8617814
v 0.9644340 0.4755470 0.8607982
v 1.0165123 0.5382332 0.8856163
v 1.0275897 0.5094843 0.8819563
v 1.0953780 0.5514066 0.9120375
v 1.0975984 0.5211782 0.9054101
v 1.1742437 0.5382332 0.9384586
v 1.1676068 0.5094843 0.9288639
v 1.2453895 0.5000024 0.9622935
v 1.2307621 0.4755471 0.9500219
v 1.3018512 0.4404565 0.9812090
v 1.2808826 0.4226887 0.9668131
v 1.3381019 0.3654243 0.9933535
v 1.3130622 0.3560832 0.9775937
v 1.3505928 0.2822504 0.9975381
v 1.3241504 0.2822505 0.9813084
v 1.3381015 0.1990766 0.9933534
v 1.3130622 0.2084178 0.9775937
v 1.3018512 0.1240444 0.9812089
v 1.2808826 0.1418123 0.9668130
v 1.2453895 0.0644985 0.9622935
v 1.2307621 0.0889539 0.9500219
v 1.1742434 0.0262678 0.9384585
v 1.1676064 0.0550168 0.9288638
v 1.0953776 0.0130945 0.9120374
v 1.0975980 0.0433228 0.9054100
v 1.0165119 0.0262680 0.8856162
v 1.0275897 0.0550169 0.8819562
v 0.9453662 0.0644989 0.8617813
v 0.9644340 0.0889542 0.8607981
v 0.8889045 0.1240449 0.8428659
v 0.9143135 0.1418126 0.8440070
v 0.8526541 0.1990771 0.8307214
v 0.8821342 0.2084182 0.8332265
v 0.8197523 0.2822505 0.8462402
v 0.8328510 0.3694707 0.8506285
v 0.8708654 0.4481532 0.8633638
v 0.9300740 0.5105960 0.8831996
v 1.0046811 0.5506868 0.9081940
v 1.0873834 0.5645011 0.9359005
v 1.1700860 0.5506868 0.9636071
v 1.2446931 0.5105960 0.9886015
v 1.3039017 0.4481532 1.0084372
v 1.3419157 0.3694707 1.0211725
v 1.3550144 0.2822504 1.0255608
v 1.3419157 0.1950302 1.0211725
v 1.3039013 0.1163477 1.0084372
v 1.2446931 0.0539050 0.9886015
v 1.1700860 0.0138143 0.9636070
v 1.0873834 0.0000000 0.9359004
v 1.0046807 0.0138145 0.9081939
v 0.9300736 0.0539053 0.8831995
v 0.8708654 0.1163481 0.8633637
v 0.8328510 0.1950307 0.8506285
v 0.9364213 0.3367199 0.8587847
v 0.9282414 0.2822505 0.8560442
v 0.9601615 0.3858575 0.8667380
v 0.9971375 0.4248532 0.8791255
v 1.0437300 0.4498901 0.8947346
v 1.0953780 0.4585172 0.9120375
v 1.1470260 0.4498901 0.9293404
v 1.1936186 0.4248533 0.9449495
v 1.2305945 0.3858575 0.9573370
v 1.2543343 0.3367199 0.9652902
v 1.2625146 0.2822505 0.9680308
v 1.2543343 0.2277811 0.9652902
v 1.2305945 0.1786435 0.9573370
v 1.1936186 0.1396478 0.9449494
v 1.1470260 0.1146109 0.9293403
v 1.0953776 0.1059839 0.9120374
v 1.0437296 0.1146111 0.8947345
v 0.9971375 0.1396480 0.8791254
v 0.9601615 0.1786438 0.8667380
v 0.9364213 0.2277814 0.8587847
v 0.8749160 0.5105960 1.0478431
v 0.9300740 0.5105960 0.8831996
v 1.3039013 0.1163477 1.0084372
v 1.2487434 0.1163477 1.1730808
v 0.9309383 0.2118067 1.0187857
v 1.0307957 0.2822505 1.1048122
v 0.9130405 0.2822505 1.0127898
v 0.9309383 0.3526945 1.0187858
v 0.9798359 0.4042629 1.0351672
v 1.0466309 0.4231383 1.0575445
v 1.1134263 0.4042629 1.0799219
v 1.1623236 0.3526944 1.0963032
v 1.1802213 0.2822505 1.1022992
v 1.1623236 0.2118067 1.0963032
v 1.1134263 0.1602381 1.0799219
v 1.0466309 0.1413628 1.0575445
v 0.9798359 0.1602381 1.0351671
v 0.9646828 0.2822505 1.1230510
v 0.9679362 0.3017097 1.1241409
v 0.9202475 0.3211688 1.0981854
v 0.9137408 0.2822505 1.0960055
v 0.9773039 0.3188218 1.1272793
v 0.9389834 0.3553930 1.1044622
v 0.9916567 0.3315229 1.1320876
v 0.9676886 0.3807952 1.1140788
v 1.0092625 0.3382809 1.1379859
v 1.0029005 0.3943114 1.1258753
v 1.0279983 0.3382809 1.1442627
v 1.0403722 0.3943113 1.1384289
v 1.0456045 0.3315229 1.1501609
v 1.0755841 0.3807952 1.1502254
v 1.0599569 0.3188218 1.1549692
v 1.1042893 0.3553931 1.1598421
v 1.0693250 0.3017097 1.1581076
v 1.1230252 0.3211689 1.1661188
v 1.0725784 0.2822506 1.1591976
v 1.1295319 0.2822506 1.1682987
v 1.0693250 0.2627914 1.1581076
v 1.1230252 0.2433323 1.1661188
v 1.0599569 0.2456793 1.1549692
v 1.1042893 0.2091081 1.1598421
v 1.0456045 0.2329783 1.1501609
v 1.0755841 0.1837060 1.1502254
v 1.0279987 0.2262201 1.1442627
v 1.0403722 0.1701897 1.1384289
v 1.0092625 0.2262201 1.1379859
v 1.0029005 0.1701897 1.1258753
v 0.9916567 0.2329782 1.1320876
v 0.9676886 0.1837059 1.1140788
v 0.9773043 0.2456793 1.1272793
v 0.9389834 0.2091080 1.1044623
v 0.9679362 0.2627913 1.1241409
v 0.9202475 0.2433321 1.0981854
v 0.9143697 0.3246750 1.0854050
v 0.9250997 0.3246750 1.0533772
v 0.9180067 0.2822505 1.0510009
v 0.9072767 0.2822505 1.0830287
v 0.9347937 0.3619825 1.0922473
v 0.9455233 0.3619825 1.0602195
v 0.9660848 0.3896731 1.1027302
v 0.9768144 0.3896731 1.0707025
v 1.0044689 0.4044069 1.1155895
v 1.0151989 0.4044069 1.0835617
v 1.0453168 0.4044069 1.1292740
v 1.0560464 0.4044069 1.0972463
v 1.0837009 0.3896731 1.1421333
v 1.0944305 0.3896731 1.1101055
v 1.1149920 0.3619825 1.1526163
v 1.1257216 0.3619825 1.1205885
v 1.1354156 0.3246750 1.1594585
v 1.1461456 0.3246750 1.1274308
v 1.1425090 0.2822506 1.1618348
v 1.1532386 0.2822506 1.1298070
v 1.1354156 0.2398261 1.1594585
v 1.1461456 0.2398261 1.1274308
v 1.1149920 0.2025187 1.1526163
v 1.1257216 0.2025187 1.1205885
v 1.0837009 0.1748280 1.1421333
v 1.0944305 0.1748280 1.1101055
v 1.0453168 0.1600942 1.1292741
v 1.0560464 0.1600942 1.0972463
v 1.0044693 0.1600941 1.1155896
v 1.0151989 0.1600941 1.0835618
v 0.9660848 0.1748280 1.1027303
v 0.9768148 0.1748280 1.0707025
v 0.9347937 0.2025186 1.0922473
v 0.9455237 0.2025186 1.0602195
v 0.9143701 0.2398260 1.0854050
v 0.9250997 0.2398260 1.0533773
v 0.9137408 0.2822505 1.0960055
v 0.9202475 0.3211688 1.0981854
v 0.9143697 0.3246750 1.0854050
v 0.9072767 0.2822505 1.0830287
v 0.9389834 0.3553930 1.1044622
v 0.9347937 0.3619825 1.0922473
v 0.9676886 0.3807952 1.1140788
v 0.9660848 0.3896731 1.1027302
v 1.0029005 0.3943114 1.1258753
v 1.0044689 0.4044069 1.1155895
v 1.0403722 0.3943113 1.1384289
v 1.0453168 0.4044069 1.1292740
v 1.0755841 0.3807952 1.1502254
v 1.0837009 0.3896731 1.1421333
v 1.1042893 0.3553931 1.1598421
v 1.1149920 0.3619825 1.1526163
v 1.1230252 0.3211689 1.1661188
v 1.1354156 0.3246750 1.1594585
v 1.1295319 0.2822506 1.1682987
v 1.1425090 0.2822506 1.1618348
v 1.1230252 0.2433323 1.1661188
v 1.1354156 0.2398261 1.1594585
v 1.1042893 0.2091081 1.1598421
v 1.1149920 0.2025187 1.1526163
v 1.0755841 0.1837060 1.1502254
v 1.0837009 0.1748280 1.1421333
v 1.0403722 0.1701897 1.1384289
v 1.0453168 0.1600942 1.1292741
v 1.0029005 0.1701897 1.1258753
v 1.0044693 0.1600941 1.1155896
v 0.9676886 0.1837059 1.1140788
v 0.9660848 0.1748280 1.1027303
v 0.9389834 0.2091080 1.1044623
v 0.9347937 0.2025186 1.0922473
v 0.9202475 0.2433321 1.0981854
v 0.9143701 0.2398260 1.0854050
v 0.9679362 0.3017097 1.1241409
v 0.9646828 0.2822505 1.1230510
v 1.0252137 0.2822505 1.1214740
v 0.9773039 0.3188218 1.1272793
v 0.9916567 0.3315229 1.1320876
v 1.0092625 0.3382809 1.1379859
v 1.0279983 0.3382809 1.1442627
v 1.0456045 0.3315229 1.1501609
v 1.0599569 0.3188218 1.1549692
v 1.0693250 0.3017097 1.1581076
v 1.0725784 0.2822506 1.1591976
v 1.0693250 0.2627914 1.1581076
v 1.0599569 0.2456793 1.1549692
v 1.0456045 0.2329783 1.1501609
v 1.0279987 0.2262201 1.1442627
v 1.0092625 0.2262201 1.1379859
v 0.9916567 0.2329782 1.1320876
v 0.9773043 0.2456793 1.1272793
v 0.9679362 0.2627913 1.1241409
v 1.0246660 0.4510808 1.1231085
v 1.0246660 0.3956235 1.1231085
v 1.0451828 0.3956235 1.1145711
v 1.0451828 0.4510808 1.1145711
v 1.0134333 0.4510808 1.1039346
v 1.0134333 0.3956235 1.1039346
v 1.1275669 0.4115820 1.1575818
v 1.0937661 0.3690993 1.1462580
v 1.1105689 0.3583378 1.1364764
v 1.1443696 0.4008206 1.1478002
v 1.1200483 0.4223435 1.1396522
v 1.0862471 0.3798607 1.1283284
v 1.1823197 0.3115676 1.1759247
v 1.1305337 0.3019376 1.1585756
v 1.1379322 0.2854501 1.1456435
v 1.1897181 0.2950802 1.1629926
v 1.1842046 0.3280551 1.1611456
v 1.1324187 0.3184251 1.1437965
v 1.1633042 0.1978354 1.1695543
v 1.1177643 0.2255641 1.1542978
v 1.1144689 0.2110652 1.1377831
v 1.1600088 0.1833366 1.1530396
v 1.1758833 0.2123343 1.1583578
v 1.1303435 0.2400629 1.1431013
v 1.0794187 0.1236020 1.1414514
v 1.0614336 0.1757148 1.1354261
v 1.0511580 0.1699888 1.1165730
v 1.0691432 0.1178760 1.1225983
v 1.0989777 0.1293281 1.1325933
v 1.0809925 0.1814409 1.1265680
v 0.9699136 0.1236020 1.1047657
v 0.9878988 0.1757148 1.1107909
v 0.9776232 0.1814409 1.0919378
v 0.9596381 0.1293280 1.0859125
v 0.9894729 0.1178760 1.0959075
v 1.0074580 0.1699888 1.1019328
v 0.8860281 0.1978353 1.0766627
v 0.9315680 0.2255640 1.0919192
v 0.9282722 0.2400629 1.0754045
v 0.8827324 0.2123342 1.0601480
v 0.8986073 0.1833365 1.0654662
v 0.9441471 0.2110652 1.0807227
v 0.8670127 0.3115675 1.0702923
v 0.9187986 0.3019375 1.0876414
v 0.9261970 0.3184250 1.0747093
v 0.8744111 0.3280550 1.0573602
v 0.8688980 0.2950800 1.0555132
v 0.9206839 0.2854500 1.0728623
v 0.9217651 0.4115819 1.0886351
v 0.9555658 0.3690992 1.0999589
v 0.9723686 0.3798607 1.0901774
v 0.9385674 0.4223434 1.0788535
v 0.9142461 0.4008205 1.0707055
v 0.9480472 0.3583377 1.0820293
v -1.5332839 0.2822506 0.2676027
v -1.5259975 0.2822506 0.2762980
v -1.5182659 0.3337315 0.2788881
v -1.5251032 0.3367200 0.2703432
v -1.4958284 0.3801732 0.2864051
v -1.5013638 0.3858576 0.2782965
v -1.4608810 0.4170295 0.2981128
v -1.4643875 0.4248533 0.2906840
v -1.4168455 0.4406927 0.3128656
v -1.4177953 0.4498902 0.3062931
v -1.3680311 0.4488464 0.3292192
v -1.3661469 0.4585173 0.3235960
v -1.3192166 0.4406927 0.3455727
v -1.3144992 0.4498902 0.3408989
v -1.2751804 0.4170295 0.3603255
v -1.2679064 0.4248534 0.3565080
v -1.2402330 0.3801732 0.3720333
v -1.2309308 0.3858576 0.3688954
v -1.2177955 0.3337315 0.3795503
v -1.2071906 0.3367200 0.3768487
v -1.2100639 0.2822506 0.3821404
v -1.1990099 0.2822506 0.3795892
v -1.2177955 0.2307697 0.3795502
v -1.2071906 0.2277812 0.3768487
v -1.2402330 0.1843281 0.3720333
v -1.2309308 0.1786437 0.3688954
v -1.2751804 0.1474718 0.3603255
v -1.2679064 0.1396479 0.3565079
v -1.3192166 0.1238087 0.3455727
v -1.3144992 0.1146111 0.3408988
v -1.3680311 0.1156550 0.3292192
v -1.3661469 0.1059840 0.3235959
v -1.3661469 0.1059840 0.3235959
v -1.3680311 0.1156550 0.3292192
v -1.4168455 0.1238088 0.3128656
v -1.4177953 0.1146112 0.3062930
v -1.4608818 0.1474720 0.2981128
v -1.4643875 0.1396481 0.2906839
v -1.4958284 0.1843283 0.2864050
v -1.5013638 0.1786439 0.2782965
v -1.5182659 0.2307700 0.2788881
v -1.5251032 0.2277815 0.2703432
v -1.5259975 0.2822506 0.2762980
v -1.4841120 0.2822506 0.2177349
v -1.4773602 0.3272072 0.2199968
v -1.5182659 0.3337315 0.2788881
v -1.4577659 0.3677632 0.2265610
v -1.4958284 0.3801732 0.2864051
v -1.4272478 0.3999485 0.2367851
v -1.4608810 0.4170295 0.2981128
v -1.3887924 0.4206129 0.2496681
v -1.4168455 0.4406927 0.3128656
v -1.3461643 0.4277332 0.2639492
v -1.3680311 0.4488464 0.3292192
v -1.3035362 0.4206129 0.2782301
v -1.3192166 0.4406927 0.3455727
v -1.2650809 0.3999486 0.2911132
v -1.2751804 0.4170295 0.3603255
v -1.2345628 0.3677632 0.3013373
v -1.2402330 0.3801732 0.3720333
v -1.2149692 0.3272072 0.3079015
v -1.2177955 0.3337315 0.3795503
v -1.2082174 0.2822506 0.3101634
v -1.2100639 0.2822506 0.3821404
v -1.2149692 0.2372940 0.3079015
v -1.2177955 0.2307697 0.3795502
v -1.2345628 0.1967381 0.3013373
v -1.2402330 0.1843281 0.3720333
v -1.2650809 0.1645528 0.2911132
v -1.2751804 0.1474718 0.3603255
v -1.3035362 0.1438885 0.2782301
v -1.3192166 0.1238087 0.3455727
v -1.3461643 0.1367681 0.2639492
v -1.3680311 0.1156550 0.3292192
v -1.3680311 0.1156550 0.3292192
v -1.3461643 0.1367681 0.2639492
v -1.3887924 0.1438886 0.2496681
v -1.4168455 0.1238088 0.3128656
v -1.4272478 0.1645529 0.2367850
v -1.4608818 0.1474720 0.2981128
v -1.4577659 0.1967384 0.2265610
v -1.4958284 0.1843283 0.2864050
v -1.4773602 0.2372943 0.2199967
v -1.5182659 0.2307700 0.2788881
v -1.1275523 0.2822506 0.1662897
v -1.1348378 0.2822506 0.1575943
v -1.1425694 0.3337316 0.1550041
v -1.1357322 0.3367201 0.1635491
v -1.1650070 0.3801732 0.1474873
v -1.1594723 0.3858576 0.1555959
v -1.1999543 0.4170295 0.1357795
v -1.1964479 0.4248534 0.1432084
v -1.2439906 0.4406927 0.1210268
v -1.2430408 0.4498902 0.1275992
v -1.2928050 0.4488464 0.1046731
v -1.2946884 0.4585173 0.1102964
v -1.3416195 0.4406927 0.0883196
v -1.3463369 0.4498902 0.0929935
v -1.3856557 0.4170295 0.0735669
v -1.3929290 0.4248534 0.0773843
v -1.4206023 0.3801732 0.0618592
v -1.4299054 0.3858576 0.0649970
v -1.4430399 0.3337315 0.0543421
v -1.4536455 0.3367200 0.0570438
v -1.4507715 0.2822506 0.0517521
v -1.4618254 0.2822506 0.0543032
v -1.4430399 0.2307696 0.0543423
v -1.4536455 0.2277812 0.0570438
v -1.4206023 0.1843281 0.0618592
v -1.4299054 0.1786436 0.0649970
v -1.3856550 0.1474718 0.0735669
v -1.3929290 0.1396479 0.0773845
v -1.3416195 0.1238087 0.0883198
v -1.3463369 0.1146111 0.0929937
v -1.2928050 0.1156550 0.1046733
v -1.2946884 0.1059841 0.1102966
v -1.2946884 0.1059841 0.1102966
v -1.2928050 0.1156550 0.1046733
v -1.2439906 0.1238088 0.1210268
v -1.2430408 0.1146112 0.1275994
v -1.1999543 0.1474720 0.1357795
v -1.1964479 0.1396481 0.1432086
v -1.1650070 0.1843284 0.1474874
v -1.1594723 0.1786440 0.1555959
v -1.1425694 0.2307700 0.1550043
v -1.1357322 0.2277815 0.1635491
v -1.1348378 0.2822506 0.1575943
v -1.2082174 0.2822506 0.3101634
v -1.2149692 0.3272072 0.3079015
v -1.1425694 0.3337316 0.1550041
v -1.2345628 0.3677632 0.3013373
v -1.1650070 0.3801732 0.1474873
v -1.2650809 0.3999486 0.2911132
v -1.1999543 0.4170295 0.1357795
v -1.3035362 0.4206129 0.2782301
v -1.2439906 0.4406927 0.1210268
v -1.3461643 0.4277332 0.2639492
v -1.2928050 0.4488464 0.1046731
v -1.3887924 0.4206129 0.2496681
v -1.3416195 0.4406927 0.0883196
v -1.4272478 0.3999485 0.2367851
v -1.3856557 0.4170295 0.0735669
v -1.4577659 0.3677632 0.2265610
v -1.4206023 0.3801732 0.0618592
v -1.4773602 0.3272072 0.2199968
v -1.4430399 0.3337315 0.0543421
v -1.4841120 0.2822506 0.2177349
v -1.4507715 0.2822506 0.0517521
v -1.4773602 0.2372943 0.2199967
v -1.4430399 0.2307696 0.0543423
v -1.4577659 0.1967384 0.2265610
v -1.4206023 0.1843281 0.0618592
v -1.4272478 0.1645529 0.2367850
v -1.3856550 0.1474718 0.0735669
v -1.3887924 0.1438886 0.2496681
v -1.3416195 0.1238087 0.0883198
v -1.3461643 0.1367681 0.2639492
v -1.2928050 0.1156550 0.1046733
v -1.2928050 0.1156550 0.1046733
v -1.3461643 0.1367681 0.2639492
v -1.3035362 0.1438885 0.2782301
v -1.2439906 0.1238088 0.1210268
v -1.2650809 0.1645528 0.2911132
v -1.1999543 0.1474720 0.1357795
v -1.2345628 0.1967381 0.3013373
v -1.1650070 0.1843284 0.1474874
v -1.2149692 0.2372940 0.3079015
v -1.1425694 0.2307700 0.1550043
v -1.5949193 0.2822506 0.2543251
v -1.5838315 0.3560834 0.2580398
v -1.6088704 0.3654245 0.2422800
v -1.6213617 0.2822507 0.2380953
v -1.5516519 0.4226888 0.2688204
v -1.5726204 0.4404567 0.2544245
v -1.5015310 0.4755472 0.2856115
v -1.5161584 0.5000025 0.2733399
v -1.4383757 0.5094844 0.3067695
v -1.4450126 0.5382333 0.2971748
v -1.3683669 0.5211784 0.3302233
v -1.3661469 0.5514067 0.3235960
v -1.2983590 0.5094844 0.3536772
v -1.2872812 0.5382333 0.3500172
v -1.2352029 0.4755472 0.3748352
v -1.2161354 0.5000025 0.3738520
v -1.1850828 0.4226888 0.3916264
v -1.1596741 0.4404566 0.3927675
v -1.1529031 0.3560833 0.4024069
v -1.1234234 0.3654244 0.4049120
v -1.1418153 0.2822506 0.4061216
v -1.1109321 0.2822506 0.4090966
v -1.1529031 0.2084179 0.4024069
v -1.1234234 0.1990767 0.4049119
v -1.1850828 0.1418124 0.3916263
v -1.1596741 0.1240446 0.3927674
v -1.2352037 0.0889540 0.3748352
v -1.2161354 0.0644987 0.3738519
v -1.2983590 0.0550169 0.3536771
v -1.2872812 0.0262680 0.3500170
v -1.3683677 0.0433230 0.3302232
v -1.3661469 0.0130946 0.3235959
v -1.4383757 0.0550170 0.3067694
v -1.4450126 0.0262681 0.2971747
v -1.5015317 0.0889543 0.2856114
v -1.5161591 0.0644991 0.2733398
v -1.5516519 0.1418127 0.2688203
v -1.5726204 0.1240450 0.2544244
v -1.5838315 0.2084183 0.2580398
v -1.6088712 0.1990772 0.2422799
v -1.6126850 0.3694709 0.2144610
v -1.6257833 0.2822507 0.2100727
v -1.5746702 0.4481533 0.2271962
v -1.5154620 0.5105961 0.2470319
v -1.4408553 0.5506869 0.2720263
v -1.3581526 0.5645012 0.2997330
v -1.2754500 0.5506869 0.3274395
v -1.2008433 0.5105961 0.3524339
v -1.1416343 0.4481533 0.3722696
v -1.1036203 0.3694708 0.3850049
v -1.0905212 0.2822506 0.3893933
v -1.1036203 0.1950303 0.3850049
v -1.1416343 0.1163478 0.3722696
v -1.2008433 0.0539051 0.3524338
v -1.2754500 0.0138144 0.3274394
v -1.3581526 0.0000001 0.2997328
v -1.4408553 0.0138146 0.2720262
v -1.5154620 0.0539054 0.2470318
v -1.5746710 0.1163483 0.2271962
v -1.6126850 0.1950308 0.2144610
v -1.5332839 0.2822506 0.2676027
v -1.5251032 0.3367201 0.2703432
v -1.5013638 0.3858576 0.2782965
v -1.4643875 0.4248533 0.2906840
v -1.4177953 0.4498902 0.3062931
v -1.3661469 0.4585173 0.3235960
v -1.3144992 0.4498902 0.3408989
v -1.2679064 0.4248534 0.3565079
v -1.2309308 0.3858576 0.3688954
v -1.2071906 0.3367200 0.3768487
v -1.1990099 0.2822506 0.3795892
v -1.2071906 0.2277812 0.3768487
v -1.2309308 0.1786436 0.3688953
v -1.2679064 0.1396479 0.3565079
v -1.3144992 0.1146111 0.3408988
v -1.3661469 0.1059840 0.3235959
v -1.4177953 0.1146112 0.3062930
v -1.4643875 0.1396481 0.2906839
v -1.5013638 0.1786439 0.2782965
v -1.5251032 0.2277816 0.2703432
v -1.6126850 0.3694709 0.2144610
v -1.5575270 0.3694708 0.0498173
v -1.5706253 0.2822507 0.0454291
v -1.6257833 0.2822507 0.2100727
v -1.5746702 0.4481533 0.2271962
v -1.5195123 0.4481533 0.0625526
v -1.3581526 0.5645012 0.2997330
v -1.3029947 0.5645012 0.1350893
v -1.3856973 0.5506869 0.1073829
v -1.4408553 0.5506869 0.2720263
v -1.2754500 0.5506869 0.3274395
v -1.2202920 0.5506869 0.1627958
v -1.3029947 0.5645012 0.1350893
v -1.3581526 0.5645012 0.2997330
v -1.2008433 0.5105961 0.3524339
v -1.1456853 0.5105961 0.1877904
v -1.1416343 0.4481533 0.3722696
v -1.0864763 0.4481533 0.2076260
v -1.0905212 0.2822506 0.3893933
v -1.0353633 0.2822506 0.2247496
v -1.0484624 0.3694708 0.2203613
v -1.1036203 0.3694708 0.3850049
v -1.1036203 0.1950303 0.3850049
v -1.0484624 0.1950303 0.2203613
v -1.2202920 0.0138144 0.1627958
v -1.1456853 0.0539051 0.1877902
v -1.2008433 0.0539051 0.3524338
v -1.2754500 0.0138144 0.3274394
v -1.3581526 0.0000001 0.2997328
v -1.3029947 0.0000001 0.1350891
v -1.4408553 0.0138146 0.2720262
v -1.3856973 0.0138146 0.1073827
v -1.3029947 0.0000001 0.1350891
v -1.3581526 0.0000001 0.2997328
v -1.5195131 0.1163482 0.0625526
v -1.4603040 0.0539054 0.0823883
v -1.5154620 0.0539054 0.2470318
v -1.5746710 0.1163483 0.2271962
v -1.5575270 0.1950308 0.0498173
v -1.6126850 0.1950308 0.2144610
v -1.5377239 0.3654245 0.0299102
v -1.5082434 0.3560834 0.0324153
v -1.5193320 0.2822506 0.0287006
v -1.5502152 0.2822507 0.0257257
v -1.5014732 0.4404567 0.0420547
v -1.4760646 0.4226888 0.0431959
v -1.4450119 0.5000025 0.0609702
v -1.4259437 0.4755472 0.0599869
v -1.3738662 0.5382333 0.0848051
v -1.3627884 0.5094844 0.0811450
v -1.2950004 0.5514067 0.1112263
v -1.2927796 0.5211784 0.1045990
v -1.2161347 0.5382333 0.1376475
v -1.2227717 0.5094844 0.1280527
v -1.1449882 0.5000025 0.1614822
v -1.1596156 0.4755472 0.1492108
v -1.0885269 0.4404566 0.1803977
v -1.1094954 0.4226888 0.1660018
v -1.0522761 0.3654244 0.1925422
v -1.0773158 0.3560834 0.1767825
v -1.0397856 0.2822506 0.1967269
v -1.0662280 0.2822506 0.1804971
v -1.0522761 0.1990767 0.1925422
v -1.0773158 0.2084179 0.1767825
v -1.0885269 0.1240446 0.1803977
v -1.1094954 0.1418124 0.1660018
v -1.1449890 0.0644987 0.1614822
v -1.1596156 0.0889540 0.1492106
v -1.2161347 0.0262680 0.1376473
v -1.2227717 0.0550169 0.1280527
v -1.2950004 0.0130946 0.1112261
v -1.2927804 0.0433230 0.1045988
v -1.3738662 0.0262681 0.0848049
v -1.3627884 0.0550170 0.0811450
v -1.4450119 0.0644990 0.0609702
v -1.4259437 0.0889543 0.0599869
v -1.5014732 0.1240450 0.0420547
v -1.4760646 0.1418127 0.0431959
v -1.5377239 0.1990772 0.0299102
v -1.5082434 0.2084183 0.0324153
v -1.5706253 0.2822507 0.0454291
v -1.5575270 0.3694708 0.0498173
v -1.5195123 0.4481533 0.0625526
v -1.4603040 0.5105961 0.0823883
v -1.3856973 0.5506869 0.1073829
v -1.3029947 0.5645012 0.1350893
v -1.2202920 0.5506869 0.1627958
v -1.1456853 0.5105961 0.1877904
v -1.0864763 0.4481533 0.2076260
v -1.0484624 0.3694708 0.2203613
v -1.0353633 0.2822506 0.2247496
v -1.0484624 0.1950303 0.2203613
v -1.0864763 0.1163478 0.2076260
v -1.1456853 0.0539051 0.1877902
v -1.2202920 0.0138144 0.1627958
v -1.3029947 0.0000001 0.1350891
v -1.3856973 0.0138146 0.1073827
v -1.4603040 0.0539054 0.0823883
v -1.5195131 0.1163482 0.0625526
v -1.5575270 0.1950308 0.0498173
v -1.4539567 0.3367201 0.0579735
v -1.4621366 0.2822506 0.0552330
v -1.4302166 0.3858576 0.0659268
v -1.3932410 0.4248534 0.0783143
v -1.3466481 0.4498902 0.0939235
v -1.2950004 0.4585173 0.1112263
v -1.2433520 0.4498902 0.1285292
v -1.1967599 0.4248534 0.1441383
v -1.1597835 0.3858576 0.1565259
v -1.1360434 0.3367200 0.1644791
v -1.1278635 0.2822506 0.1672195
v -1.1360434 0.2277812 0.1644789
v -1.1597835 0.1786436 0.1565257
v -1.1967599 0.1396479 0.1441383
v -1.2433520 0.1146111 0.1285292
v -1.2950004 0.1059841 0.1112261
v -1.3466481 0.1146112 0.0939235
v -1.3932410 0.1396481 0.0783143
v -1.4302166 0.1786439 0.0659268
v -1.4539567 0.2277815 0.0579735
v -1.5154620 0.5105961 0.2470319
v -1.4603040 0.5105961 0.0823883
v -1.0864763 0.1163478 0.2076260
v -1.1416343 0.1163478 0.3722696
v -1.4594398 0.2118068 0.2179745
v -1.3595823 0.2822507 0.3040010
v -1.4773371 0.2822506 0.2119787
v -1.4594398 0.3526946 0.2179746
v -1.4105421 0.4042631 0.2343559
v -1.3437471 0.4231384 0.2567333
v -1.2769521 0.4042630 0.2791107
v -1.2280544 0.3526945 0.2954921
v -1.2101563 0.2822507 0.3014879
v -1.2280544 0.2118068 0.2954921
v -1.2769521 0.1602383 0.2791107
v -1.3437471 0.1413629 0.2567333
v -1.4105421 0.1602382 0.2343559
v -1.4256956 0.2822507 0.3222398
v -1.4224418 0.3017098 0.3233298
v -1.4701301 0.3211690 0.2973742
v -1.4766377 0.2822507 0.2951943
v -1.4130741 0.3188219 0.3264681
v -1.4513947 0.3553932 0.3036510
v -1.3987217 0.3315230 0.3312765
v -1.4226899 0.3807953 0.3132676
v -1.3811155 0.3382811 0.3371747
v -1.3874775 0.3943115 0.3250642
v -1.3623793 0.3382811 0.3434515
v -1.3500059 0.3943115 0.3376177
v -1.3447739 0.3315230 0.3493497
v -1.3147935 0.3807953 0.3494142
v -1.3304208 0.3188219 0.3541581
v -1.2860887 0.3553932 0.3590309
v -1.3210530 0.3017098 0.3572964
v -1.2673533 0.3211690 0.3653076
v -1.3177992 0.2822507 0.3583864
v -1.2608457 0.2822507 0.3674876
v -1.3210530 0.2627915 0.3572964
v -1.2673533 0.2433324 0.3653076
v -1.3304208 0.2456794 0.3541581
v -1.2860887 0.2091082 0.3590309
v -1.3447731 0.2329784 0.3493497
v -1.3147935 0.1837061 0.3494142
v -1.3623793 0.2262203 0.3434515
v -1.3500059 0.1701899 0.3376177
v -1.3811155 0.2262203 0.3371747
v -1.3874775 0.1701898 0.3250642
v -1.3987217 0.2329783 0.3312765
v -1.4226891 0.1837060 0.3132677
v -1.4130741 0.2456794 0.3264682
v -1.4513947 0.2091081 0.3036511
v -1.4224418 0.2627915 0.3233298
v -1.4701301 0.2433323 0.2973742
v -1.4760083 0.3246751 0.2845938
v -1.4652787 0.3246751 0.2525660
v -1.4723717 0.2822507 0.2501897
v -1.4831013 0.2822507 0.2822175
v -1.4555844 0.3619826 0.2914361
v -1.4448547 0.3619826 0.2594083
v -1.4242929 0.3896732 0.3019190
v -1.4135633 0.3896732 0.2698912
v -1.3859092 0.4044071 0.3147783
v -1.3751795 0.4044071 0.2827506
v -1.3450612 0.4044070 0.3284629
v -1.3343316 0.4044070 0.2964351
v -1.3066775 0.3896732 0.3413221
v -1.2959471 0.3896732 0.3092943
v -1.2753860 0.3619826 0.3518051
v -1.2646564 0.3619826 0.3197773
v -1.2549621 0.3246751 0.3586474
v -1.2442325 0.3246751 0.3266196
v -1.2478691 0.2822507 0.3610237
v -1.2371395 0.2822507 0.3289959
v -1.2549621 0.2398262 0.3586474
v -1.2442325 0.2398262 0.3266196
v -1.2753860 0.2025188 0.3518051
v -1.2646564 0.2025188 0.3197773
v -1.3066775 0.1748282 0.3413221
v -1.2959471 0.1748282 0.3092943
v -1.3450612 0.1600943 0.3284629
v -1.3343316 0.1600943 0.2964351
v -1.3859092 0.1600943 0.3147784
v -1.3751795 0.1600943 0.2827506
v -1.4242929 0.1748281 0.3019191
v -1.4135633 0.1748281 0.2698913
v -1.4555844 0.2025187 0.2914361
v -1.4448547 0.2025187 0.2594083
v -1.4760083 0.2398261 0.2845938
v -1.4652787 0.2398261 0.2525660
v -1.4766377 0.2822507 0.2951943
v -1.4701301 0.3211690 0.2973742
v -1.4760083 0.3246751 0.2845938
v -1.4831013 0.2822507 0.2822175
v -1.4513947 0.3553932 0.3036510
v -1.4555844 0.3619826 0.2914361
v -1.4226899 0.3807953 0.3132676
v -1.4242929 0.3896732 0.3019190
v -1.3874775 0.3943115 0.3250642
v -1.3859092 0.4044071 0.3147783
v -1.3500059 0.3943115 0.3376177
v -1.3450612 0.4044070 0.3284629
v -1.3147935 0.3807953 0.3494142
v -1.3066775 0.3896732 0.3413221
v -1.2860887 0.3553932 0.3590309
v -1.2753860 0.3619826 0.3518051
v -1.2673533 0.3211690 0.3653076
v -1.2549621 0.3246751 0.3586474
v -1.2608457 0.2822507 0.3674876
v -1.2478691 0.2822507 0.3610237
v -1.2673533 0.2433324 0.3653076
v -1.2549621 0.2398262 0.3586474
v -1.2860887 0.2091082 0.3590309
v -1.2753860 0.2025188 0.3518051
v -1.3147935 0.1837061 0.3494142
v -1.3066775 0.1748282 0.3413221
v -1.3500059 0.1701899 0.3376177
v -1.3450612 0.1600943 0.3284629
v -1.3874775 0.1701898 0.3250642
v -1.3859092 0.1600943 0.3147784
v -1.4226891 0.1837060 0.3132677
v -1.4242929 0.1748281 0.3019191
v -1.4513947 0.2091081 0.3036511
v -1.4555844 0.2025187 0.2914361
v -1.4701301 0.2433323 0.2973742
v -1.4760083 0.2398261 0.2845938
v -1.4224418 0.3017098 0.3233298
v -1.4256956 0.2822507 0.3222398
v -1.3651640 0.2822507 0.3206629
v -1.4130741 0.3188219 0.3264681
v -1.3987217 0.3315230 0.3312765
v -1.3811155 0.3382811 0.3371747
v -1.3623793 0.3382811 0.3434515
v -1.3447739 0.3315230 0.3493497
v -1.3304208 0.3188219 0.3541581
v -1.3210530 0.3017098 0.3572964
v -1.3177992 0.2822507 0.3583864
v -1.3210530 0.2627915 0.3572964
v -1.3304208 0.2456794 0.3541581
v -1.3447731 0.2329784 0.3493497
v -1.3623793 0.2262203 0.3434515
v -1.3811155 0.2262203 0.3371747
v -1.3987217 0.2329783 0.3312765
v -1.4130741 0.2456794 0.3264682
v -1.4224418 0.2627915 0.3233298
v -1.3657117 0.4510809 0.3222973
v -1.3657117 0.3956236 0.3222973
v -1.3451953 0.3956236 0.3137599
v -1.3451953 0.4510809 0.3137599
v -1.3769451 0.4510809 0.3031234
v -1.3769451 0.3956236 0.3031234
v -1.2628108 0.4115822 0.3567706
v -1.2966119 0.3690994 0.3454469
v -1.2798092 0.3583379 0.3356652
v -1.2460088 0.4008207 0.3469890
v -1.2703297 0.4223436 0.3388410
v -1.3041309 0.3798608 0.3275173
v -1.2080588 0.3115677 0.3751135
v -1.2598443 0.3019377 0.3577644
v -1.2524463 0.2854502 0.3448323
v -1.2006599 0.2950803 0.3621813
v -1.2061730 0.3280552 0.3603343
v -1.2579594 0.3184252 0.3429853
v -1.2270738 0.1978355 0.3687430
v -1.2726137 0.2255642 0.3534866
v -1.2759091 0.2110654 0.3369718
v -1.2303692 0.1833367 0.3522284
v -1.2144947 0.2123344 0.3575466
v -1.2600346 0.2400631 0.3422901
v -1.3109597 0.1236021 0.3406402
v -1.3289448 0.1757150 0.3346149
v -1.3392200 0.1699889 0.3157618
v -1.3212348 0.1178761 0.3217871
v -1.2914000 0.1293282 0.3317821
v -1.3093852 0.1814410 0.3257568
v -1.4204644 0.1236021 0.3039545
v -1.4024793 0.1757149 0.3099797
v -1.4127544 0.1814410 0.2911266
v -1.4307396 0.1293281 0.2851014
v -1.4009055 0.1178761 0.2950964
v -1.3829204 0.1699889 0.3011217
v -1.5043503 0.1978355 0.2758516
v -1.4588104 0.2255642 0.2911080
v -1.4621058 0.2400630 0.2745933
v -1.5076457 0.2123343 0.2593368
v -1.4917712 0.1833366 0.2646551
v -1.4462313 0.2110653 0.2799116
v -1.5233654 0.3115676 0.2694811
v -1.4715791 0.3019376 0.2868301
v -1.4641810 0.3184251 0.2738981
v -1.5159673 0.3280551 0.2565490
v -1.5214804 0.2950801 0.2547020
v -1.4696941 0.2854501 0.2720511
v -1.4686134 0.4115820 0.2878239
v -1.4348122 0.3690993 0.2991477
v -1.4180095 0.3798608 0.2893662
v -1.4518106 0.4223435 0.2780423
v -1.4761316 0.4008206 0.2698943
v -1.4423312 0.3583379 0.2812181
vt 0.7876761 0.1799845
vt 0.7507979 0.1799700
vt 0.7508054 0.1724629
vt 0.7876909 0.1724777
vt 0.7137452 0.1799630
vt 0.7137489 0.1724554
vt 0.6765752 0.1799596
vt 0.6765767 0.1724517
vt 0.6393455 0.1799566
vt 0.6393457 0.1724483
vt 0.6021085 0.1799563
vt 0.6021084 0.1724480
vt 0.5649123 0.1799585
vt 0.5649119 0.1724505
vt 0.5278012 0.1799645
vt 0.5277997 0.1724571
vt 0.4908172 0.1799720
vt 0.4908133 0.1724651
vt 0.4539990 0.1799858
vt 0.4539914 0.1724795
vt 0.4173794 0.1800114
vt 0.4173664 0.1725053
vt 0.3809759 0.1800656
vt 0.3809632 0.1725578
vt 0.3447511 0.1802203
vt 0.3447778 0.1727024
vt 0.3085379 0.1804440
vt 0.3087424 0.1728935
vt 0.2719289 0.1802780
vt 0.2726772 0.1726862
vt 0.2344424 0.1768389
vt 0.2366307 0.1696440
vt 0.9714389 0.1769763
vt 0.9338984 0.1803510
vt 0.9331653 0.1727637
vt 0.9692671 0.1697751
vt 0.8971496 0.1805120
vt 0.8969411 0.1729640
vt 0.8607588 0.1801231
vt 0.8607278 0.1726054
vt 0.8243293 0.1800214
vt 0.8243499 0.1725119
vt 0.7876909 0.1724777
vt 0.7508054 0.1724629
vt 0.7508183 0.1277784
vt 0.7877178 0.1277902
vt 0.7137489 0.1724554
vt 0.7137546 0.1277712
vt 0.6765767 0.1724517
vt 0.6765798 0.1277672
vt 0.6393457 0.1724483
vt 0.6393473 0.1277640
vt 0.6021084 0.1724480
vt 0.6021079 0.1277637
vt 0.5649119 0.1724505
vt 0.5649099 0.1277662
vt 0.5277997 0.1724571
vt 0.5277977 0.1277726
vt 0.4908133 0.1724651
vt 0.4908096 0.1277820
vt 0.4539914 0.1724795
vt 0.4539822 0.1277957
vt 0.4173664 0.1725053
vt 0.4173495 0.1278173
vt 0.3809632 0.1725578
vt 0.3809443 0.1278487
vt 0.3447778 0.1727024
vt 0.3448865 0.1278869
vt 0.3087424 0.1728935
vt 0.3097799 0.1277998
vt 0.2726772 0.1726862
vt 0.2760232 0.1277063
vt 0.2366307 0.1696440
vt 0.2437133 0.1271166
vt 0.9692671 0.1697751
vt 0.9331653 0.1727637
vt 0.9299209 0.1277724
vt 0.9622716 0.1272084
vt 0.8969411 0.1729640
vt 0.8960714 0.1278447
vt 0.8607278 0.1726054
vt 0.8607510 0.1278310
vt 0.8243499 0.1725119
vt 0.8243972 0.1278081
vt 0.4173082 0.0095960
vt 0.4539637 0.0095816
vt 0.4539715 0.0170912
vt 0.4173241 0.0171070
vt 0.4907976 0.0095704
vt 0.4908012 0.0170794
vt 0.5277889 0.0095616
vt 0.5277900 0.0170699
vt 0.5649052 0.0095568
vt 0.5649056 0.0170645
vt 0.6021065 0.0095548
vt 0.6021067 0.0170623
vt 0.6393487 0.0095550
vt 0.6393484 0.0170626
vt 0.6765842 0.0095574
vt 0.6765829 0.0170652
vt 0.7137641 0.0095607
vt 0.7137604 0.0170689
vt 0.7508395 0.0095661
vt 0.7508321 0.0170749
vt 0.7877682 0.0095718
vt 0.7877512 0.0170819
vt 0.8245337 0.0095663
vt 0.8244863 0.0170814
vt 0.8612043 0.0095273
vt 0.8610407 0.0170421
vt 0.8979751 0.0092296
vt 0.8977646 0.0167475
vt 0.9350367 0.0092482
vt 0.9346228 0.0168160
vt 0.9727772 0.0111950
vt 0.9710667 0.0184963
vt 0.2332126 0.0111387
vt 0.2709115 0.0091950
vt 0.2713238 0.0167617
vt 0.2349232 0.0184341
vt 0.3078476 0.0092066
vt 0.3080563 0.0167248
vt 0.3444139 0.0095475
vt 0.3445767 0.0170617
vt 0.3808244 0.0095985
vt 0.3808701 0.0171144
vt 0.4173241 0.0171070
vt 0.4539715 0.0170912
vt 0.4539822 0.1277957
vt 0.4173495 0.1278173
vt 0.4908012 0.0170794
vt 0.4908096 0.1277820
vt 0.5277900 0.0170699
vt 0.5277977 0.1277726
vt 0.5649056 0.0170645
vt 0.5649099 0.1277662
vt 0.6021067 0.0170623
vt 0.6021079 0.1277637
vt 0.6393484 0.0170626
vt 0.6393473 0.1277640
vt 0.6765829 0.0170652
vt 0.6765798 0.1277672
vt 0.7137604 0.0170689
vt 0.7137546 0.1277712
vt 0.7508321 0.0170749
vt 0.7508183 0.1277784
vt 0.7877512 0.0170819
vt 0.7877178 0.1277902
vt 0.8244863 0.0170814
vt 0.8243972 0.1278081
vt 0.8610407 0.0170421
vt 0.8607510 0.1278310
vt 0.8977646 0.0167475
vt 0.8960714 0.1278447
vt 0.9346228 0.0168160
vt 0.9299209 0.1277724
vt 0.9710667 0.0184963
vt 0.9622716 0.1272084
vt 0.2349232 0.0184341
vt 0.2713238 0.0167617
vt 0.2760232 0.1277063
vt 0.2437133 0.1271166
vt 0.3080563 0.0167248
vt 0.3097799 0.1277998
vt 0.3445767 0.0170617
vt 0.3448865 0.1278869
vt 0.3808701 0.0171144
vt 0.3809443 0.1278487
vt 0.9362455 0.7186632
vt 0.8979836 0.7065026
vt 0.9129151 0.6106988
vt 0.9530526 0.6106988
vt 0.8872929 0.8164142
vt 0.8545455 0.7931407
vt 0.8105948 0.8944542
vt 0.7866199 0.8621737
vt 0.7133659 0.9448635
vt 0.7006826 0.9066762
vt 0.6051798 0.9622996
vt 0.6051798 0.9220496
vt 0.4969933 0.9448634
vt 0.5096769 0.9066761
vt 0.3997644 0.8944541
vt 0.4237395 0.8621736
vt 0.3230662 0.8164141
vt 0.3558136 0.7931406
vt 0.2741138 0.7186630
vt 0.3123756 0.7065024
vt 0.2573068 0.6106985
vt 0.2974443 0.6106985
vt 0.2741139 0.5027339
vt 0.3123757 0.5148945
vt 0.3230664 0.4049827
vt 0.3558138 0.4282561
vt 0.3997647 0.3269427
vt 0.4237397 0.3592232
vt 0.4969938 0.2765333
vt 0.5096772 0.3147209
vt 0.6051804 0.2590973
vt 0.6051803 0.2993473
vt 0.7133665 0.2765335
vt 0.7006831 0.3147210
vt 0.8105953 0.3269433
vt 0.7866203 0.3592237
vt 0.8872934 0.4049833
vt 0.8545460 0.4282566
vt 0.9362458 0.5027347
vt 0.8979837 0.5148951
vt 0.9898623 0.6106988
vt 0.9712822 0.7299156
vt 0.9171608 0.8378637
vt 0.8323520 0.9240550
vt 0.7248282 0.9797354
vt 0.6051798 0.9989955
vt 0.4855310 0.9797353
vt 0.3780073 0.9240550
vt 0.2931984 0.8378637
vt 0.2390770 0.7299154
vt 0.2204972 0.6106985
vt 0.2390772 0.4914816
vt 0.2931986 0.3835331
vt 0.3780076 0.2973417
vt 0.4855314 0.2416615
vt 0.6051804 0.2224014
vt 0.7248288 0.2416617
vt 0.8323526 0.2973423
vt 0.9171614 0.3835338
vt 0.9712824 0.4914824
vt 0.8195112 0.6811584
vt 0.8304704 0.6106986
vt 0.7876515 0.7448314
vt 0.7378889 0.7955047
vt 0.6750073 0.8281315
vt 0.6051798 0.8393938
vt 0.5353522 0.8281315
vt 0.4724704 0.7955046
vt 0.4227080 0.7448313
vt 0.3908478 0.6811582
vt 0.3798887 0.6106985
vt 0.3908480 0.5402387
vt 0.4227081 0.4765657
vt 0.4724706 0.4258924
vt 0.5353525 0.3932655
vt 0.6051801 0.3820032
vt 0.6750077 0.3932656
vt 0.7378893 0.4258926
vt 0.7876518 0.4765661
vt 0.8195114 0.5402393
vt 0.0063842 0.6010239
vt 0.0063842 0.5035601
vt 0.1979759 0.5035601
vt 0.1979760 0.6010239
vt 0.0063842 0.6984841
vt 0.1979759 0.6984841
vt 0.0063841 0.9908279
vt 0.0063841 0.8933861
vt 0.1979759 0.8933861
vt 0.1979759 0.9908279
vt 0.0063842 0.1120461
vt 0.0063842 0.0146045
vt 0.1979759 0.0146045
vt 0.1979759 0.1120461
vt 0.0063842 0.2094940
vt 0.1979760 0.2094940
vt 0.0063842 0.3069481
vt 0.1979760 0.3069480
vt 0.0063844 0.5018699
vt 0.0063843 0.4044075
vt 0.1979761 0.4044074
vt 0.1979761 0.5018698
vt 0.0063844 0.5993329
vt 0.1979762 0.5993328
vt 0.0063845 0.7942462
vt 0.1979763 0.7942463
vt 0.1979763 0.8916939
vt 0.0063845 0.8916939
vt 0.0063845 0.9891357
vt 0.1979763 0.9891357
vt 0.0063841 0.1137338
vt 0.0063841 0.0162920
vt 0.1979759 0.0162920
vt 0.1979759 0.1137338
vt 0.0063841 0.2111823
vt 0.1979759 0.2111822
vt 0.1979759 0.3086370
vt 0.0063842 0.3086371
vt 0.0063842 0.4060973
vt 0.1979759 0.4060973
vt 0.2974449 0.6106988
vt 0.3123761 0.7065024
vt 0.2741143 0.7186630
vt 0.2573074 0.6106988
vt 0.3558141 0.7931405
vt 0.3230668 0.8164140
vt 0.4237399 0.8621732
vt 0.3997649 0.8944538
vt 0.5096773 0.9066757
vt 0.4969938 0.9448631
vt 0.6051801 0.9220492
vt 0.6051801 0.9622991
vt 0.7006827 0.9066758
vt 0.7133661 0.9448630
vt 0.7866198 0.8621733
vt 0.8105948 0.8944538
vt 0.8545455 0.7931404
vt 0.8872929 0.8164139
vt 0.8979833 0.7065024
vt 0.9362453 0.7186629
vt 0.9129146 0.6106985
vt 0.9530522 0.6106985
vt 0.8979832 0.5148947
vt 0.9362452 0.5027341
vt 0.8545453 0.4282564
vt 0.8872926 0.4049830
vt 0.7866197 0.3592237
vt 0.8105945 0.3269432
vt 0.7006824 0.3147214
vt 0.7133657 0.2765339
vt 0.6051797 0.2993478
vt 0.6051797 0.2590979
vt 0.5096768 0.3147216
vt 0.4969933 0.2765341
vt 0.4237396 0.3592241
vt 0.3997644 0.3269437
vt 0.3558138 0.4282570
vt 0.3230664 0.4049837
vt 0.3123761 0.5148953
vt 0.2741142 0.5027348
vt 0.2390776 0.7299154
vt 0.2204977 0.6106988
vt 0.2931990 0.8378636
vt 0.3780079 0.9240547
vt 0.4855314 0.9797350
vt 0.6051801 0.9989951
vt 0.7248284 0.9797349
vt 0.8323520 0.9240546
vt 0.9171607 0.8378634
vt 0.9712819 0.7299153
vt 0.9898618 0.6106985
vt 0.9712819 0.4914817
vt 0.9171605 0.3835334
vt 0.8323517 0.2973422
vt 0.7248279 0.2416621
vt 0.6051797 0.2224020
vt 0.4855309 0.2416622
vt 0.3780073 0.2973427
vt 0.2931986 0.3835341
vt 0.2390774 0.4914825
vt 0.3798892 0.6106986
vt 0.3908485 0.6811582
vt 0.4227085 0.7448311
vt 0.4724708 0.7955043
vt 0.5353526 0.8281311
vt 0.6051801 0.8393934
vt 0.6750074 0.8281311
vt 0.7378889 0.7955043
vt 0.7876513 0.7448311
vt 0.8195109 0.6811581
vt 0.8304701 0.6106985
vt 0.8195109 0.5402389
vt 0.7876512 0.4765661
vt 0.7378886 0.4258928
vt 0.6750071 0.3932660
vt 0.6051798 0.3820038
vt 0.5353523 0.3932662
vt 0.4724706 0.4258931
vt 0.4227083 0.4765665
vt 0.3908483 0.5402395
vt 0.0063841 0.7959382
vt 0.1979759 0.7959382
vt 0.1979762 0.6967924
vt 0.0063845 0.6967924
vt 0.9879573 0.8955575
vt 0.9971073 0.9297060
vt 0.9288103 0.9297060
vt 0.9879573 0.9638546
vt 0.9629588 0.9888530
vt 0.9288103 0.9980031
vt 0.8946617 0.9888530
vt 0.8696634 0.9638546
vt 0.8605133 0.9297060
vt 0.8696634 0.8955575
vt 0.8946618 0.8705590
vt 0.9288104 0.8614091
vt 0.9629588 0.8705590
vt 0.7033201 0.6486138
vt 0.6542391 0.6307368
vt 0.6574378 0.6130314
vt 0.7096735 0.6130427
vt 0.6851833 0.6798656
vt 0.6451777 0.6462805
vt 0.6574522 0.7030290
vt 0.6313461 0.6577874
vt 0.6234720 0.7153112
vt 0.6144134 0.6638699
vt 0.5873405 0.7152316
vt 0.5964215 0.6637943
vt 0.5534147 0.7027997
vt 0.5795406 0.6575698
vt 0.5257862 0.6795144
vt 0.5658064 0.6459473
vt 0.5077875 0.6481834
vt 0.5568758 0.6303282
vt 0.5015905 0.6125852
vt 0.5538259 0.6125966
vt 0.5079441 0.5770146
vt 0.5570245 0.5948913
vt 0.5260806 0.5457631
vt 0.5660861 0.5793478
vt 0.5538113 0.5225996
vt 0.5799173 0.5678408
vt 0.5877912 0.5103172
vt 0.5968500 0.5617583
vt 0.6239226 0.5103965
vt 0.6148418 0.5618339
vt 0.6578484 0.5228282
vt 0.6317229 0.5680583
vt 0.6854772 0.5461132
vt 0.6454570 0.5796807
vt 0.7034764 0.5774443
vt 0.6543878 0.5952998
vt 0.7162574 0.6535346
vt 0.7235143 0.6132414
vt 0.7615895 0.6128139
vt 0.7521796 0.6661564
vt 0.6956568 0.6889141
vt 0.7250941 0.7130598
vt 0.6641992 0.7151136
vt 0.6836028 0.7478697
vt 0.6256791 0.7289744
vt 0.6327102 0.7663906
vt 0.5847417 0.7288257
vt 0.5785528 0.7663904
vt 0.5463233 0.7146854
vt 0.5276604 0.7478691
vt 0.5150571 0.6882583
vt 0.4861697 0.7130590
vt 0.4947142 0.6527305
vt 0.4590849 0.6661557
vt 0.4877498 0.6123864
vt 0.4496754 0.6128139
vt 0.4950069 0.5720938
vt 0.4590853 0.5594721
vt 0.5156071 0.5367146
vt 0.4861701 0.5125694
vt 0.5470642 0.5105152
vt 0.5276605 0.4777595
vt 0.5855840 0.4966541
vt 0.5785527 0.4592382
vt 0.6265212 0.4968025
vt 0.6327098 0.4592378
vt 0.6649396 0.5109423
vt 0.6836022 0.4777584
vt 0.6962062 0.5373693
vt 0.7250935 0.5125681
vt 0.7165495 0.5728970
vt 0.7521791 0.5594712
vt 0.7096735 0.6130427
vt 0.7235143 0.6132414
vt 0.7162574 0.6535346
vt 0.7033201 0.6486138
vt 0.6956568 0.6889141
vt 0.6851833 0.6798656
vt 0.6641992 0.7151136
vt 0.6574522 0.7030290
vt 0.6256791 0.7289744
vt 0.6234720 0.7153112
vt 0.5847417 0.7288257
vt 0.5873405 0.7152316
vt 0.5463233 0.7146854
vt 0.5534147 0.7027997
vt 0.5150571 0.6882583
vt 0.5257862 0.6795144
vt 0.4947142 0.6527305
vt 0.5077875 0.6481834
vt 0.4877498 0.6123864
vt 0.5015905 0.6125852
vt 0.4950069 0.5720938
vt 0.5079441 0.5770146
vt 0.5156071 0.5367146
vt 0.5260806 0.5457631
vt 0.5470642 0.5105152
vt 0.5538113 0.5225996
vt 0.5855840 0.4966541
vt 0.5877912 0.5103172
vt 0.6265212 0.4968025
vt 0.6239226 0.5103965
vt 0.6649396 0.5109423
vt 0.6578484 0.5228282
vt 0.6962062 0.5373693
vt 0.6854772 0.5461132
vt 0.7165495 0.5728970
vt 0.7034764 0.5774443
vt 0.6542391 0.6307368
vt 0.6056318 0.6128141
vt 0.6574378 0.6130314
vt 0.6451777 0.6462805
vt 0.6313461 0.6577874
vt 0.6144134 0.6638699
vt 0.5964215 0.6637943
vt 0.5795406 0.6575698
vt 0.5658064 0.6459473
vt 0.5568758 0.6303282
vt 0.5538259 0.6125966
vt 0.5570245 0.5948913
vt 0.5660861 0.5793478
vt 0.5799173 0.5678408
vt 0.5968500 0.5617583
vt 0.6148418 0.5618339
vt 0.6317229 0.5680583
vt 0.6454570 0.5796807
vt 0.6543878 0.5952998
vt 0.2645381 0.9911813
vt 0.2645381 0.9709327
vt 0.3150711 0.9709327
vt 0.3150711 0.9911813
vt 0.2645381 0.9506838
vt 0.3150711 0.9506838
vt 0.3255684 0.9421722
vt 0.3458171 0.9421722
vt 0.3458171 0.9927053
vt 0.3255684 0.9927053
vt 0.3660659 0.9421722
vt 0.3660659 0.9927053
vt 0.2563352 0.3257287
vt 0.2360864 0.3257287
vt 0.2360864 0.2751959
vt 0.2563352 0.2751959
vt 0.2158377 0.3257287
vt 0.2158377 0.2751959
vt 0.2102119 0.8049232
vt 0.2304606 0.8049232
vt 0.2304606 0.8554562
vt 0.2102119 0.8554562
vt 0.2507094 0.8049232
vt 0.2507094 0.8554562
vt 0.2070759 0.9892958
vt 0.2070759 0.9690470
vt 0.2576089 0.9690470
vt 0.2576089 0.9892958
vt 0.2070759 0.9487983
vt 0.2576089 0.9487983
vt 0.2576089 0.8635148
vt 0.2576089 0.8837634
vt 0.2070759 0.8837634
vt 0.2070759 0.8635148
vt 0.2576089 0.9040123
vt 0.2070759 0.9040123
vt 0.2645381 0.9485397
vt 0.2645381 0.9282908
vt 0.3150711 0.9282908
vt 0.3150711 0.9485397
vt 0.2645381 0.9080421
vt 0.3150711 0.9080421
vt 0.2070759 0.9466540
vt 0.2070759 0.9264053
vt 0.2576089 0.9264053
vt 0.2576089 0.9466540
vt 0.2070759 0.9061567
vt 0.2576089 0.9061567
vt 0.2563352 0.3795553
vt 0.2360864 0.3795553
vt 0.2360864 0.3290222
vt 0.2563352 0.3290222
vt 0.2158377 0.3795553
vt 0.2158377 0.3290222
vt 0.7876761 0.1799845
vt 0.7507979 0.1799700
vt 0.7508054 0.1724629
vt 0.7876909 0.1724777
vt 0.7137452 0.1799630
vt 0.7137489 0.1724554
vt 0.6765752 0.1799596
vt 0.6765767 0.1724517
vt 0.6393455 0.1799566
vt 0.6393457 0.1724483
vt 0.6021085 0.1799563
vt 0.6021084 0.1724480
vt 0.5649123 0.1799585
vt 0.5649119 0.1724505
vt 0.5278012 0.1799645
vt 0.5277997 0.1724571
vt 0.4908172 0.1799720
vt 0.4908133 0.1724651
vt 0.4539990 0.1799858
vt 0.4539914 0.1724795
vt 0.4173794 0.1800114
vt 0.4173664 0.1725053
vt 0.3809759 0.1800656
vt 0.3809632 0.1725578
vt 0.3447511 0.1802203
vt 0.3447778 0.1727024
vt 0.3085379 0.1804440
vt 0.3087424 0.1728935
vt 0.2719289 0.1802780
vt 0.2726772 0.1726862
vt 0.2344424 0.1768389
vt 0.2366307 0.1696440
vt 0.9714389 0.1769763
vt 0.9338984 0.1803510
vt 0.9331653 0.1727637
vt 0.9692671 0.1697751
vt 0.8971496 0.1805120
vt 0.8969411 0.1729640
vt 0.8607588 0.1801231
vt 0.8607278 0.1726054
vt 0.8243293 0.1800214
vt 0.8243499 0.1725119
vt 0.7876909 0.1724777
vt 0.7508054 0.1724629
vt 0.7508183 0.1277784
vt 0.7877178 0.1277902
vt 0.7137489 0.1724554
vt 0.7137546 0.1277712
vt 0.6765767 0.1724517
vt 0.6765798 0.1277672
vt 0.6393457 0.1724483
vt 0.6393473 0.1277640
vt 0.6021084 0.1724480
vt 0.6021079 0.1277637
vt 0.5649119 0.1724505
vt 0.5649099 0.1277662
vt 0.5277997 0.1724571
vt 0.5277977 0.1277726
vt 0.4908133 0.1724651
vt 0.4908096 0.1277820
vt 0.4539914 0.1724795
vt 0.4539822 0.1277957
vt 0.4173664 0.1725053
vt 0.4173495 0.1278173
vt 0.3809632 0.1725578
vt 0.3809443 0.1278487
vt 0.3447778 0.1727024
vt 0.3448865 0.1278869
vt 0.3087424 0.1728935
vt 0.3097799 0.1277998
vt 0.2726772 0.1726862
vt 0.2760232 0.1277063
vt 0.2366307 0.1696440
vt 0.2437133 0.1271166
vt 0.9692671 0.1697751
vt 0.9331653 0.1727637
vt 0.9299209 0.1277724
vt 0.9622716 0.1272084
vt 0.8969411 0.1729640
vt 0.8960714 0.1278447
vt 0.8607278 0.1726054
vt 0.8607510 0.1278310
vt 0.8243499 0.1725119
vt 0.8243972 0.1278081
vt 0.4173082 0.0095960
vt 0.4539637 0.0095816
vt 0.4539715 0.0170912
vt 0.4173241 0.0171070
vt 0.4907976 0.0095704
vt 0.4908012 0.0170794
vt 0.5277889 0.0095616
vt 0.5277900 0.0170699
vt 0.5649052 0.0095568
vt 0.5649056 0.0170645
vt 0.6021065 0.0095548
vt 0.6021067 0.0170623
vt 0.6393487 0.0095550
vt 0.6393484 0.0170626
vt 0.6765842 0.0095574
vt 0.6765829 0.0170652
vt 0.7137641 0.0095607
vt 0.7137604 0.0170689
vt 0.7508395 0.0095661
vt 0.7508321 0.0170749
vt 0.7877682 0.0095718
vt 0.7877512 0.0170819
vt 0.8245337 0.0095663
vt 0.8244863 0.0170814
vt 0.8612043 0.0095273
vt 0.8610407 0.0170421
vt 0.8979751 0.0092296
vt 0.8977646 0.0167475
vt 0.9350367 0.0092482
vt 0.9346228 0.0168160
vt 0.9727772 0.0111950
vt 0.9710667 0.0184963
vt 0.2332126 0.0111387
vt 0.2709115 0.0091950
vt 0.2713238 0.0167617
vt 0.2349232 0.0184341
vt 0.3078476 0.0092066
vt 0.3080563 0.0167248
vt 0.3444139 0.0095475
vt 0.3445767 0.0170617
vt 0.3808244 0.0095985
vt 0.3808701 0.0171144
vt 0.4173241 0.0171070
vt 0.4539715 0.0170912
vt 0.4539822 0.1277957
vt 0.4173495 0.1278173
vt 0.4908012 0.0170794
vt 0.4908096 0.1277820
vt 0.5277900 0.0170699
vt 0.5277977 0.1277726
vt 0.5649056 0.0170645
vt 0.5649099 0.1277662
vt 0.6021067 0.0170623
vt 0.6021079 0.1277637
vt 0.6393484 0.0170626
vt 0.6393473 0.1277640
vt 0.6765829 0.0170652
vt 0.6765798 0.1277672
vt 0.7137604 0.0170689
vt 0.7137546 0.1277712
vt 0.7508321 0.0170749
vt 0.7508183 0.1277784
vt 0.7877512 0.0170819
vt 0.7877178 0.1277902
vt 0.8244863 0.0170814
vt 0.8243972 0.1278081
vt 0.8610407 0.0170421
vt 0.8607510 0.1278310
vt 0.8977646 0.0167475
vt 0.8960714 0.1278447
vt 0.9346228 0.0168160
vt 0.9299209 0.1277724
vt 0.9710667 0.0184963
vt 0.9622716 0.1272084
vt 0.2349232 0.0184341
vt 0.2713238 0.0167617
vt 0.2760232 0.1277063
vt 0.2437133 0.1271166
vt 0.3080563 0.0167248
vt 0.3097799 0.1277998
vt 0.3445767 0.0170617
vt 0.3448865 0.1278869
vt 0.3808701 0.0171144
vt 0.3809443 0.1278487
vt 0.9362455 0.7186632
vt 0.8979836 0.7065026
vt 0.9129151 0.6106988
vt 0.9530526 0.6106988
vt 0.8872929 0.8164142
vt 0.8545455 0.7931407
vt 0.8105948 0.8944542
vt 0.7866199 0.8621737
vt 0.7133659 0.9448635
vt 0.7006826 0.9066762
vt 0.6051798 0.9622996
vt 0.6051798 0.9220496
vt 0.4969933 0.9448634
vt 0.5096769 0.9066761
vt 0.3997644 0.8944541
vt 0.4237395 0.8621736
vt 0.3230662 0.8164141
vt 0.3558136 0.7931406
vt 0.2741138 0.7186630
vt 0.3123756 0.7065024
vt 0.2573068 0.6106985
vt 0.2974443 0.6106985
vt 0.2741139 0.5027339
vt 0.3123757 0.5148945
vt 0.3230664 0.4049827
vt 0.3558138 0.4282561
vt 0.3997647 0.3269427
vt 0.4237397 0.3592232
vt 0.4969938 0.2765333
vt 0.5096772 0.3147209
vt 0.6051804 0.2590973
vt 0.6051803 0.2993473
vt 0.7133665 0.2765335
vt 0.7006831 0.3147210
vt 0.8105953 0.3269433
vt 0.7866203 0.3592237
vt 0.8872934 0.4049833
vt 0.8545460 0.4282566
vt 0.9362458 0.5027347
vt 0.8979837 0.5148951
vt 0.9898623 0.6106988
vt 0.9712822 0.7299156
vt 0.9171608 0.8378637
vt 0.8323520 0.9240550
vt 0.7248282 0.9797354
vt 0.6051798 0.9989955
vt 0.4855310 0.9797353
vt 0.3780073 0.9240550
vt 0.2931984 0.8378637
vt 0.2390770 0.7299154
vt 0.2204972 0.6106985
vt 0.2390772 0.4914816
vt 0.2931986 0.3835331
vt 0.3780076 0.2973417
vt 0.4855314 0.2416615
vt 0.6051804 0.2224014
vt 0.7248288 0.2416617
vt 0.8323526 0.2973423
vt 0.9171614 0.3835338
vt 0.9712824 0.4914824
vt 0.8195112 0.6811584
vt 0.8304704 0.6106986
vt 0.7876515 0.7448314
vt 0.7378889 0.7955047
vt 0.6750073 0.8281315
vt 0.6051798 0.8393938
vt 0.5353522 0.8281315
vt 0.4724704 0.7955046
vt 0.4227080 0.7448313
vt 0.3908478 0.6811582
vt 0.3798887 0.6106985
vt 0.3908480 0.5402387
vt 0.4227081 0.4765657
vt 0.4724706 0.4258924
vt 0.5353525 0.3932655
vt 0.6051801 0.3820032
vt 0.6750077 0.3932656
vt 0.7378893 0.4258926
vt 0.7876518 0.4765661
vt 0.8195114 0.5402393
vt 0.0063842 0.6010239
vt 0.0063842 0.5035601
vt 0.1979759 0.5035601
vt 0.1979760 0.6010239
vt 0.0063842 0.6984841
vt 0.1979759 0.6984841
vt 0.0063841 0.9908279
vt 0.0063841 0.8933861
vt 0.1979759 0.8933861
vt 0.1979759 0.9908279
vt 0.0063842 0.1120461
vt 0.0063842 0.0146045
vt 0.1979759 0.0146045
vt 0.1979759 0.1120461
vt 0.0063842 0.2094940
vt 0.1979760 0.2094940
vt 0.0063842 0.3069481
vt 0.1979760 0.3069480
vt 0.0063844 0.5018699
vt 0.0063843 0.4044075
vt 0.1979761 0.4044074
vt 0.1979761 0.5018698
vt 0.0063844 0.5993329
vt 0.1979762 0.5993328
vt 0.0063845 0.7942462
vt 0.1979763 0.7942463
vt 0.1979763 0.8916939
vt 0.0063845 0.8916939
vt 0.0063845 0.9891357
vt 0.1979763 0.9891357
vt 0.0063841 0.1137338
vt 0.0063841 0.0162920
vt 0.1979759 0.0162920
vt 0.1979759 0.1137338
vt 0.0063841 0.2111823
vt 0.1979759 0.2111822
vt 0.1979759 0.3086370
vt 0.0063842 0.3086371
vt 0.0063842 0.4060973
vt 0.1979759 0.4060973
vt 0.2974449 0.6106988
vt 0.3123761 0.7065024
vt 0.2741143 0.7186630
vt 0.2573074 0.6106988
vt 0.3558141 0.7931405
vt 0.3230668 0.8164140
vt 0.4237399 0.8621732
vt 0.3997649 0.8944538
vt 0.5096773 0.9066757
vt 0.4969938 0.9448631
vt 0.6051801 0.9220492
vt 0.6051801 0.9622991
vt 0.7006827 0.9066758
vt 0.7133661 0.9448630
vt 0.7866198 0.8621733
vt 0.8105948 0.8944538
vt 0.8545455 0.7931404
vt 0.8872929 0.8164139
vt 0.8979833 0.7065024
vt 0.9362453 0.7186629
vt 0.9129146 0.6106985
vt 0.9530522 0.6106985
vt 0.8979832 0.5148947
vt 0.9362452 0.5027341
vt 0.8545453 0.4282564
vt 0.8872926 0.4049830
vt 0.7866197 0.3592237
vt 0.8105945 0.3269432
vt 0.7006824 0.3147214
vt 0.7133657 0.2765339
vt 0.6051797 0.2993478
vt 0.6051797 0.2590979
vt 0.5096768 0.3147216
vt 0.4969933 0.2765341
vt 0.4237396 0.3592241
vt 0.3997644 0.3269437
vt 0.3558138 0.4282570
vt 0.3230664 0.4049837
vt 0.3123761 0.5148953
vt 0.2741142 0.5027348
vt 0.2390776 0.7299154
vt 0.2204977 0.6106988
vt 0.2931990 0.8378636
vt 0.3780079 0.9240547
vt 0.4855314 0.9797350
vt 0.6051801 0.9989951
vt 0.7248284 0.9797349
vt 0.8323520 0.9240546
vt 0.9171607 0.8378634
vt 0.9712819 0.7299153
vt 0.9898618 0.6106985
vt 0.9712819 0.4914817
vt 0.9171605 0.3835334
vt 0.8323517 0.2973422
vt 0.7248279 0.2416621
vt 0.6051797 0.2224020
vt 0.4855309 0.2416622
vt 0.3780073 0.2973427
vt 0.2931986 0.3835341
vt 0.2390774 0.4914825
vt 0.3798892 0.6106986
vt 0.3908485 0.6811582
vt 0.4227085 0.7448311
vt 0.4724708 0.7955043
vt 0.5353526 0.8281311
vt 0.6051801 0.8393934
vt 0.6750074 0.8281311
vt 0.7378889 0.7955043
vt 0.7876513 0.7448311
vt 0.8195109 0.6811581
vt 0.8304701 0.6106985
vt 0.8195109 0.5402389
vt 0.7876512 0.4765661
vt 0.7378886 0.4258928
vt 0.6750071 0.3932660
vt 0.6051798 0.3820038
vt 0.5353523 0.3932662
vt 0.4724706 0.4258931
vt 0.4227083 0.4765665
vt 0.3908483 0.5402395
vt 0.0063841 0.7959382
vt 0.1979759 0.7959382
vt 0.1979762 0.6967924
vt 0.0063845 0.6967924
vt 0.9879573 0.8955575
vt 0.9971073 0.9297060
vt 0.9288103 0.9297060
vt 0.9879573 0.9638546
vt 0.9629588 0.9888530
vt 0.9288103 0.9980031
vt 0.8946617 0.9888530
vt 0.8696634 0.9638546
vt 0.8605133 0.9297060
vt 0.8696634 0.8955575
vt 0.8946618 0.8705590
vt 0.9288104 0.8614091
vt 0.9629588 0.8705590
vt 0.7033201 0.6486138
vt 0.6542391 0.6307368
vt 0.6574378 0.6130314
vt 0.7096735 0.6130427
vt 0.6851833 0.6798656
vt 0.6451777 0.6462805
vt 0.6574522 0.7030290
vt 0.6313461 0.6577874
vt 0.6234720 0.7153112
vt 0.6144134 0.6638699
vt 0.5873405 0.7152316
vt 0.5964215 0.6637943
vt 0.5534147 0.7027997
vt 0.5795406 0.6575698
vt 0.5257862 0.6795144
vt 0.5658064 0.6459473
vt 0.5077875 0.6481834
vt 0.5568758 0.6303282
vt 0.5015905 0.6125852
vt 0.5538259 0.6125966
vt 0.5079441 0.5770146
vt 0.5570245 0.5948913
vt 0.5260806 0.5457631
vt 0.5660861 0.5793478
vt 0.5538113 0.5225996
vt 0.5799173 0.5678408
vt 0.5877912 0.5103172
vt 0.5968500 0.5617583
vt 0.6239226 0.5103965
vt 0.6148418 0.5618339
vt 0.6578484 0.5228282
vt 0.6317229 0.5680583
vt 0.6854772 0.5461132
vt 0.6454570 0.5796807
vt 0.7034764 0.5774443
vt 0.6543878 0.5952998
vt 0.7162574 0.6535346
vt 0.7235143 0.6132414
vt 0.7615895 0.6128139
vt 0.7521796 0.6661564
vt 0.6956568 0.6889141
vt 0.7250941 0.7130598
vt 0.6641992 0.7151136
vt 0.6836028 0.7478697
vt 0.6256791 0.7289744
vt 0.6327102 0.7663906
vt 0.5847417 0.7288257
vt 0.5785528 0.7663904
vt 0.5463233 0.7146854
vt 0.5276604 0.7478691
vt 0.5150571 0.6882583
vt 0.4861697 0.7130590
vt 0.4947142 0.6527305
vt 0.4590849 0.6661557
vt 0.4877498 0.6123864
vt 0.4496754 0.6128139
vt 0.4950069 0.5720938
vt 0.4590853 0.5594721
vt 0.5156071 0.5367146
vt 0.4861701 0.5125694
vt 0.5470642 0.5105152
vt 0.5276605 0.4777595
vt 0.5855840 0.4966541
vt 0.5785527 0.4592382
vt 0.6265212 0.4968025
vt 0.6327098 0.4592378
vt 0.6649396 0.5109423
vt 0.6836022 0.4777584
vt 0.6962062 0.5373693
vt 0.7250935 0.5125681
vt 0.7165495 0.5728970
vt 0.7521791 0.5594712
vt 0.7096735 0.6130427
vt 0.7235143 0.6132414
vt 0.7162574 0.6535346
vt 0.7033201 0.6486138
vt 0.6956568 0.6889141
vt 0.6851833 0.6798656
vt 0.6641992 0.7151136
vt 0.6574522 0.7030290
vt 0.6256791 0.7289744
vt 0.6234720 0.7153112
vt 0.5847417 0.7288257
vt 0.5873405 0.7152316
vt 0.5463233 0.7146854
vt 0.5534147 0.7027997
vt 0.5150571 0.6882583
vt 0.5257862 0.6795144
vt 0.4947142 0.6527305
vt 0.5077875 0.6481834
vt 0.4877498 0.6123864
vt 0.5015905 0.6125852
vt 0.4950069 0.5720938
vt 0.5079441 0.5770146
vt 0.5156071 0.5367146
vt 0.5260806 0.5457631
vt 0.5470642 0.5105152
vt 0.5538113 0.5225996
vt 0.5855840 0.4966541
vt 0.5877912 0.5103172
vt 0.6265212 0.4968025
vt 0.6239226 0.5103965
vt 0.6649396 0.5109423
vt 0.6578484 0.5228282
vt 0.6962062 0.5373693
vt 0.6854772 0.5461132
vt 0.7165495 0.5728970
vt 0.7034764 0.5774443
vt 0.6542391 0.6307368
vt 0.6056318 0.6128141
vt 0.6574378 0.6130314
vt 0.6451777 0.6462805
vt 0.6313461 0.6577874
vt 0.6144134 0.6638699
vt 0.5964215 0.6637943
vt 0.5795406 0.6575698
vt 0.5658064 0.6459473
vt 0.5568758 0.6303282
vt 0.5538259 0.6125966
vt 0.5570245 0.5948913
vt 0.5660861 0.5793478
vt 0.5799173 0.5678408
vt 0.5968500 0.5617583
vt 0.6148418 0.5618339
vt 0.6317229 0.5680583
vt 0.6454570 0.5796807
vt 0.6543878 0.5952998
vt 0.2645381 0.9911813
vt 0.2645381 0.9709327
vt 0.3150711 0.9709327
vt 0.3150711 0.9911813
vt 0.2645381 0.9506838
vt 0.3150711 0.9506838
vt 0.3255684 0.9421722
vt 0.3458171 0.9421722
vt 0.3458171 0.9927053
vt 0.3255684 0.9927053
vt 0.3660659 0.9421722
vt 0.3660659 0.9927053
vt 0.2563352 0.3257287
vt 0.2360864 0.3257287
vt 0.2360864 0.2751959
vt 0.2563352 0.2751959
vt 0.2158377 0.3257287
vt 0.2158377 0.2751959
vt 0.2102119 0.8049232
vt 0.2304606 0.8049232
vt 0.2304606 0.8554562
vt 0.2102119 0.8554562
vt 0.2507094 0.8049232
vt 0.2507094 0.8554562
vt 0.2070759 0.9892958
vt 0.2070759 0.9690470
vt 0.2576089 0.9690470
vt 0.2576089 0.9892958
vt 0.2070759 0.9487983
vt 0.2576089 0.9487983
vt 0.2576089 0.8635148
vt 0.2576089 0.8837634
vt 0.2070759 0.8837634
vt 0.2070759 0.8635148
vt 0.2576089 0.9040123
vt 0.2070759 0.9040123
vt 0.2645381 0.9485397
vt 0.2645381 0.9282908
vt 0.3150711 0.9282908
vt 0.3150711 0.9485397
vt 0.2645381 0.9080421
vt 0.3150711 0.9080421
vt 0.2070759 0.9466540
vt 0.2070759 0.9264053
vt 0.2576089 0.9264053
vt 0.2576089 0.9466540
vt 0.2070759 0.9061567
vt 0.2576089 0.9061567
vt 0.2563352 0.3795553
vt 0.2360864 0.3795553
vt 0.2360864 0.3290222
vt 0.2563352 0.3290222
vt 0.2158377 0.3795553
vt 0.2158377 0.3290222
vt 0.7876761 0.1799845
vt 0.7876909 0.1724777
vt 0.7508054 0.1724629
vt 0.7507979 0.1799700
vt 0.7137489 0.1724554
vt 0.7137452 0.1799630
vt 0.6765767 0.1724517
vt 0.6765752 0.1799596
vt 0.6393457 0.1724483
vt 0.6393455 0.1799566
vt 0.6021084 0.1724480
vt 0.6021085 0.1799563
vt 0.5649119 0.1724505
vt 0.5649123 0.1799585
vt 0.5277997 0.1724571
vt 0.5278012 0.1799645
vt 0.4908133 0.1724651
vt 0.4908172 0.1799720
vt 0.4539914 0.1724795
vt 0.4539990 0.1799858
vt 0.4173664 0.1725053
vt 0.4173794 0.1800114
vt 0.3809632 0.1725578
vt 0.3809759 0.1800656
vt 0.3447778 0.1727024
vt 0.3447511 0.1802203
vt 0.3087424 0.1728935
vt 0.3085379 0.1804440
vt 0.2726772 0.1726862
vt 0.2719289 0.1802780
vt 0.2366307 0.1696440
vt 0.2344424 0.1768389
vt 0.9714389 0.1769763
vt 0.9692671 0.1697751
vt 0.9331653 0.1727637
vt 0.9338984 0.1803510
vt 0.8969411 0.1729640
vt 0.8971496 0.1805120
vt 0.8607278 0.1726054
vt 0.8607588 0.1801231
vt 0.8243499 0.1725119
vt 0.8243293 0.1800214
vt 0.7876909 0.1724777
vt 0.7877178 0.1277902
vt 0.7508183 0.1277784
vt 0.7508054 0.1724629
vt 0.7137546 0.1277712
vt 0.7137489 0.1724554
vt 0.6765798 0.1277672
vt 0.6765767 0.1724517
vt 0.6393473 0.1277640
vt 0.6393457 0.1724483
vt 0.6021079 0.1277637
vt 0.6021084 0.1724480
vt 0.5649099 0.1277662
vt 0.5649119 0.1724505
vt 0.5277977 0.1277726
vt 0.5277997 0.1724571
vt 0.4908096 0.1277820
vt 0.4908133 0.1724651
vt 0.4539822 0.1277957
vt 0.4539914 0.1724795
vt 0.4173495 0.1278173
vt 0.4173664 0.1725053
vt 0.3809443 0.1278487
vt 0.3809632 0.1725578
vt 0.3448865 0.1278869
vt 0.3447778 0.1727024
vt 0.3097799 0.1277998
vt 0.3087424 0.1728935
vt 0.2760232 0.1277063
vt 0.2726772 0.1726862
vt 0.2437133 0.1271166
vt 0.2366307 0.1696440
vt 0.9692671 0.1697751
vt 0.9622716 0.1272084
vt 0.9299209 0.1277724
vt 0.9331653 0.1727637
vt 0.8960714 0.1278447
vt 0.8969411 0.1729640
vt 0.8607510 0.1278310
vt 0.8607278 0.1726054
vt 0.8243972 0.1278081
vt 0.8243499 0.1725119
vt 0.4173082 0.0095960
vt 0.4173241 0.0171070
vt 0.4539715 0.0170912
vt 0.4539637 0.0095816
vt 0.4908012 0.0170794
vt 0.4907976 0.0095704
vt 0.5277900 0.0170699
vt 0.5277889 0.0095616
vt 0.5649056 0.0170645
vt 0.5649052 0.0095568
vt 0.6021067 0.0170623
vt 0.6021065 0.0095548
vt 0.6393484 0.0170626
vt 0.6393487 0.0095550
vt 0.6765829 0.0170652
vt 0.6765842 0.0095574
vt 0.7137604 0.0170689
vt 0.7137641 0.0095607
vt 0.7508321 0.0170749
vt 0.7508395 0.0095661
vt 0.7877512 0.0170819
vt 0.7877682 0.0095718
vt 0.8244863 0.0170814
vt 0.8245337 0.0095663
vt 0.8610407 0.0170421
vt 0.8612043 0.0095273
vt 0.8977646 0.0167475
vt 0.8979751 0.0092296
vt 0.9346228 0.0168160
vt 0.9350367 0.0092482
vt 0.9710667 0.0184963
vt 0.9727772 0.0111950
vt 0.2332126 0.0111387
vt 0.2349232 0.0184341
vt 0.2713238 0.0167617
vt 0.2709115 0.0091950
vt 0.3080563 0.0167248
vt 0.3078476 0.0092066
vt 0.3445767 0.0170617
vt 0.3444139 0.0095475
vt 0.3808701 0.0171144
vt 0.3808244 0.0095985
vt 0.4173241 0.0171070
vt 0.4173495 0.1278173
vt 0.4539822 0.1277957
vt 0.4539715 0.0170912
vt 0.4908096 0.1277820
vt 0.4908012 0.0170794
vt 0.5277977 0.1277726
vt 0.5277900 0.0170699
vt 0.5649099 0.1277662
vt 0.5649056 0.0170645
vt 0.6021079 0.1277637
vt 0.6021067 0.0170623
vt 0.6393473 0.1277640
vt 0.6393484 0.0170626
vt 0.6765798 0.1277672
vt 0.6765829 0.0170652
vt 0.7137546 0.1277712
vt 0.7137604 0.0170689
vt 0.7508183 0.1277784
vt 0.7508321 0.0170749
vt 0.7877178 0.1277902
vt 0.7877512 0.0170819
vt 0.8243972 0.1278081
vt 0.8244863 0.0170814
vt 0.8607510 0.1278310
vt 0.8610407 0.0170421
vt 0.8960714 0.1278447
vt 0.8977646 0.0167475
vt 0.9299209 0.1277724
vt 0.9346228 0.0168160
vt 0.9622716 0.1272084
vt 0.9710667 0.0184963
vt 0.2349232 0.0184341
vt 0.2437133 0.1271166
vt 0.2760232 0.1277063
vt 0.2713238 0.0167617
vt 0.3097799 0.1277998
vt 0.3080563 0.0167248
vt 0.3448865 0.1278869
vt 0.3445767 0.0170617
vt 0.3809443 0.1278487
vt 0.3808701 0.0171144
vt 0.9129151 0.6106988
vt 0.8979836 0.7065026
vt 0.9362455 0.7186632
vt 0.9530526 0.6106988
vt 0.8545455 0.7931407
vt 0.8872929 0.8164142
vt 0.7866199 0.8621737
vt 0.8105948 0.8944542
vt 0.7006826 0.9066762
vt 0.7133659 0.9448635
vt 0.6051798 0.9220496
vt 0.6051798 0.9622996
vt 0.5096769 0.9066761
vt 0.4969933 0.9448634
vt 0.4237395 0.8621736
vt 0.3997644 0.8944541
vt 0.3558136 0.7931406
vt 0.3230662 0.8164141
vt 0.3123756 0.7065024
vt 0.2741138 0.7186630
vt 0.2974443 0.6106985
vt 0.2573068 0.6106985
vt 0.3123757 0.5148945
vt 0.2741139 0.5027339
vt 0.3558138 0.4282561
vt 0.3230664 0.4049827
vt 0.4237397 0.3592232
vt 0.3997647 0.3269427
vt 0.5096772 0.3147209
vt 0.4969938 0.2765333
vt 0.6051803 0.2993473
vt 0.6051804 0.2590973
vt 0.7006831 0.3147210
vt 0.7133665 0.2765335
vt 0.7866203 0.3592237
vt 0.8105953 0.3269433
vt 0.8545460 0.4282566
vt 0.8872934 0.4049833
vt 0.8979837 0.5148951
vt 0.9362458 0.5027347
vt 0.9712822 0.7299156
vt 0.9898623 0.6106988
vt 0.9171608 0.8378637
vt 0.8323520 0.9240550
vt 0.7248282 0.9797354
vt 0.6051798 0.9989955
vt 0.4855310 0.9797353
vt 0.3780073 0.9240550
vt 0.2931984 0.8378637
vt 0.2390770 0.7299154
vt 0.2204972 0.6106985
vt 0.2390772 0.4914816
vt 0.2931986 0.3835331
vt 0.3780076 0.2973417
vt 0.4855314 0.2416615
vt 0.6051804 0.2224014
vt 0.7248288 0.2416617
vt 0.8323526 0.2973423
vt 0.9171614 0.3835338
vt 0.9712824 0.4914824
vt 0.8304704 0.6106986
vt 0.8195112 0.6811584
vt 0.7876515 0.7448314
vt 0.7378889 0.7955047
vt 0.6750073 0.8281315
vt 0.6051798 0.8393938
vt 0.5353522 0.8281315
vt 0.4724704 0.7955046
vt 0.4227080 0.7448313
vt 0.3908478 0.6811582
vt 0.3798887 0.6106985
vt 0.3908480 0.5402387
vt 0.4227081 0.4765657
vt 0.4724706 0.4258924
vt 0.5353525 0.3932655
vt 0.6051801 0.3820032
vt 0.6750077 0.3932656
vt 0.7378893 0.4258926
vt 0.7876518 0.4765661
vt 0.8195114 0.5402393
vt 0.0063842 0.6010239
vt 0.1979760 0.6010239
vt 0.1979759 0.5035601
vt 0.0063842 0.5035601
vt 0.0063842 0.6984841
vt 0.1979759 0.6984841
vt 0.0063841 0.9908279
vt 0.1979759 0.9908279
vt 0.1979759 0.8933861
vt 0.0063841 0.8933861
vt 0.0063842 0.1120461
vt 0.1979759 0.1120461
vt 0.1979759 0.0146045
vt 0.0063842 0.0146045
vt 0.0063842 0.2094940
vt 0.1979760 0.2094940
vt 0.0063842 0.3069481
vt 0.1979760 0.3069480
vt 0.0063844 0.5018699
vt 0.1979761 0.5018698
vt 0.1979761 0.4044074
vt 0.0063843 0.4044075
vt 0.0063844 0.5993329
vt 0.1979762 0.5993328
vt 0.1979763 0.8916939
vt 0.1979763 0.7942463
vt 0.0063845 0.7942462
vt 0.0063845 0.8916939
vt 0.0063845 0.9891357
vt 0.1979763 0.9891357
vt 0.0063841 0.1137338
vt 0.1979759 0.1137338
vt 0.1979759 0.0162920
vt 0.0063841 0.0162920
vt 0.1979759 0.3086370
vt 0.1979759 0.2111822
vt 0.0063841 0.2111823
vt 0.0063842 0.3086371
vt 0.1979759 0.4060973
vt 0.0063842 0.4060973
vt 0.2741143 0.7186630
vt 0.3123761 0.7065024
vt 0.2974449 0.6106988
vt 0.2573074 0.6106988
vt 0.3230668 0.8164140
vt 0.3558141 0.7931405
vt 0.3997649 0.8944538
vt 0.4237399 0.8621732
vt 0.4969938 0.9448631
vt 0.5096773 0.9066757
vt 0.6051801 0.9622991
vt 0.6051801 0.9220492
vt 0.7133661 0.9448630
vt 0.7006827 0.9066758
vt 0.8105948 0.8944538
vt 0.7866198 0.8621733
vt 0.8872929 0.8164139
vt 0.8545455 0.7931404
vt 0.9362453 0.7186629
vt 0.8979833 0.7065024
vt 0.9530522 0.6106985
vt 0.9129146 0.6106985
vt 0.9362452 0.5027341
vt 0.8979832 0.5148947
vt 0.8872926 0.4049830
vt 0.8545453 0.4282564
vt 0.8105945 0.3269432
vt 0.7866197 0.3592237
vt 0.7133657 0.2765339
vt 0.7006824 0.3147214
vt 0.6051797 0.2590979
vt 0.6051797 0.2993478
vt 0.4969933 0.2765341
vt 0.5096768 0.3147216
vt 0.3997644 0.3269437
vt 0.4237396 0.3592241
vt 0.3230664 0.4049837
vt 0.3558138 0.4282570
vt 0.2741142 0.5027348
vt 0.3123761 0.5148953
vt 0.2204977 0.6106988
vt 0.2390776 0.7299154
vt 0.2931990 0.8378636
vt 0.3780079 0.9240547
vt 0.4855314 0.9797350
vt 0.6051801 0.9989951
vt 0.7248284 0.9797349
vt 0.8323520 0.9240546
vt 0.9171607 0.8378634
vt 0.9712819 0.7299153
vt 0.9898618 0.6106985
vt 0.9712819 0.4914817
vt 0.9171605 0.3835334
vt 0.8323517 0.2973422
vt 0.7248279 0.2416621
vt 0.6051797 0.2224020
vt 0.4855309 0.2416622
vt 0.3780073 0.2973427
vt 0.2931986 0.3835341
vt 0.2390774 0.4914825
vt 0.3908485 0.6811582
vt 0.3798892 0.6106986
vt 0.4227085 0.7448311
vt 0.4724708 0.7955043
vt 0.5353526 0.8281311
vt 0.6051801 0.8393934
vt 0.6750074 0.8281311
vt 0.7378889 0.7955043
vt 0.7876513 0.7448311
vt 0.8195109 0.6811581
vt 0.8304701 0.6106985
vt 0.8195109 0.5402389
vt 0.7876512 0.4765661
vt 0.7378886 0.4258928
vt 0.6750071 0.3932660
vt 0.6051798 0.3820038
vt 0.5353523 0.3932662
vt 0.4724706 0.4258931
vt 0.4227083 0.4765665
vt 0.3908483 0.5402395
vt 0.0063841 0.7959382
vt 0.1979759 0.7959382
vt 0.1979762 0.6967924
vt 0.0063845 0.6967924
vt 0.9879573 0.8955575
vt 0.9288103 0.9297060
vt 0.9971073 0.9297060
vt 0.9879573 0.9638546
vt 0.9629588 0.9888530
vt 0.9288103 0.9980031
vt 0.8946617 0.9888530
vt 0.8696634 0.9638546
vt 0.8605133 0.9297060
vt 0.8696634 0.8955575
vt 0.8946618 0.8705590
vt 0.9288104 0.8614091
vt 0.9629588 0.8705590
vt 0.6574378 0.6130314
vt 0.6542391 0.6307368
vt 0.7033201 0.6486138
vt 0.7096735 0.6130427
vt 0.6451777 0.6462805
vt 0.6851833 0.6798656
vt 0.6313461 0.6577874
vt 0.6574522 0.7030290
vt 0.6144134 0.6638699
vt 0.6234720 0.7153112
vt 0.5964215 0.6637943
vt 0.5873405 0.7152316
vt 0.5795406 0.6575698
vt 0.5534147 0.7027997
vt 0.5658064 0.6459473
vt 0.5257862 0.6795144
vt 0.5568758 0.6303282
vt 0.5077875 0.6481834
vt 0.5538259 0.6125966
vt 0.5015905 0.6125852
vt 0.5570245 0.5948913
vt 0.5079441 0.5770146
vt 0.5660861 0.5793478
vt 0.5260806 0.5457631
vt 0.5799173 0.5678408
vt 0.5538113 0.5225996
vt 0.5968500 0.5617583
vt 0.5877912 0.5103172
vt 0.6148418 0.5618339
vt 0.6239226 0.5103965
vt 0.6317229 0.5680583
vt 0.6578484 0.5228282
vt 0.6454570 0.5796807
vt 0.6854772 0.5461132
vt 0.6543878 0.5952998
vt 0.7034764 0.5774443
vt 0.7162574 0.6535346
vt 0.7521796 0.6661564
vt 0.7615895 0.6128139
vt 0.7235143 0.6132414
vt 0.6956568 0.6889141
vt 0.7250941 0.7130598
vt 0.6641992 0.7151136
vt 0.6836028 0.7478697
vt 0.6256791 0.7289744
vt 0.6327102 0.7663906
vt 0.5847417 0.7288257
vt 0.5785528 0.7663904
vt 0.5463233 0.7146854
vt 0.5276604 0.7478691
vt 0.5150571 0.6882583
vt 0.4861697 0.7130590
vt 0.4947142 0.6527305
vt 0.4590849 0.6661557
vt 0.4877498 0.6123864
vt 0.4496754 0.6128139
vt 0.4950069 0.5720938
vt 0.4590853 0.5594721
vt 0.5156071 0.5367146
vt 0.4861701 0.5125694
vt 0.5470642 0.5105152
vt 0.5276605 0.4777595
vt 0.5855840 0.4966541
vt 0.5785527 0.4592382
vt 0.6265212 0.4968025
vt 0.6327098 0.4592378
vt 0.6649396 0.5109423
vt 0.6836022 0.4777584
vt 0.6962062 0.5373693
vt 0.7250935 0.5125681
vt 0.7165495 0.5728970
vt 0.7521791 0.5594712
vt 0.7096735 0.6130427
vt 0.7033201 0.6486138
vt 0.7162574 0.6535346
vt 0.7235143 0.6132414
vt 0.6851833 0.6798656
vt 0.6956568 0.6889141
vt 0.6574522 0.7030290
vt 0.6641992 0.7151136
vt 0.6234720 0.7153112
vt 0.6256791 0.7289744
vt 0.5873405 0.7152316
vt 0.5847417 0.7288257
vt 0.5534147 0.7027997
vt 0.5463233 0.7146854
vt 0.5257862 0.6795144
vt 0.5150571 0.6882583
vt 0.5077875 0.6481834
vt 0.4947142 0.6527305
vt 0.5015905 0.6125852
vt 0.4877498 0.6123864
vt 0.5079441 0.5770146
vt 0.4950069 0.5720938
vt 0.5260806 0.5457631
vt 0.5156071 0.5367146
vt 0.5538113 0.5225996
vt 0.5470642 0.5105152
vt 0.5877912 0.5103172
vt 0.5855840 0.4966541
vt 0.6239226 0.5103965
vt 0.6265212 0.4968025
vt 0.6578484 0.5228282
vt 0.6649396 0.5109423
vt 0.6854772 0.5461132
vt 0.6962062 0.5373693
vt 0.7034764 0.5774443
vt 0.7165495 0.5728970
vt 0.6542391 0.6307368
vt 0.6574378 0.6130314
vt 0.6056318 0.6128141
vt 0.6451777 0.6462805
vt 0.6313461 0.6577874
vt 0.6144134 0.6638699
vt 0.5964215 0.6637943
vt 0.5795406 0.6575698
vt 0.5658064 0.6459473
vt 0.5568758 0.6303282
vt 0.5538259 0.6125966
vt 0.5570245 0.5948913
vt 0.5660861 0.5793478
vt 0.5799173 0.5678408
vt 0.5968500 0.5617583
vt 0.6148418 0.5618339
vt 0.6317229 0.5680583
vt 0.6454570 0.5796807
vt 0.6543878 0.5952998
vt 0.3150711 0.9709327
vt 0.2645381 0.9709327
vt 0.2645381 0.9911813
vt 0.3150711 0.9911813
vt 0.3150711 0.9506838
vt 0.2645381 0.9506838
vt 0.3458171 0.9927053
vt 0.3458171 0.9421722
vt 0.3255684 0.9421722
vt 0.3255684 0.9927053
vt 0.3660659 0.9927053
vt 0.3660659 0.9421722
vt 0.2360864 0.2751959
vt 0.2360864 0.3257287
vt 0.2563352 0.3257287
vt 0.2563352 0.2751959
vt 0.2158377 0.2751959
vt 0.2158377 0.3257287
vt 0.2304606 0.8554562
vt 0.2304606 0.8049232
vt 0.2102119 0.8049232
vt 0.2102119 0.8554562
vt 0.2507094 0.8554562
vt 0.2507094 0.8049232
vt 0.2576089 0.9690470
vt 0.2070759 0.9690470
vt 0.2070759 0.9892958
vt 0.2576089 0.9892958
vt 0.2576089 0.9487983
vt 0.2070759 0.9487983
vt 0.2070759 0.8837634
vt 0.2576089 0.8837634
vt 0.2576089 0.8635148
vt 0.2070759 0.8635148
vt 0.2070759 0.9040123
vt 0.2576089 0.9040123
vt 0.3150711 0.9282908
vt 0.2645381 0.9282908
vt 0.2645381 0.9485397
vt 0.3150711 0.9485397
vt 0.3150711 0.9080421
vt 0.2645381 0.9080421
vt 0.2576089 0.9264053
vt 0.2070759 0.9264053
vt 0.2070759 0.9466540
vt 0.2576089 0.9466540
vt 0.2576089 0.9061567
vt 0.2070759 0.9061567
vt 0.2360864 0.3290222
vt 0.2360864 0.3795553
vt 0.2563352 0.3795553
vt 0.2563352 0.3290222
vt 0.2158377 0.3290222
vt 0.2158377 0.3795553
vt 0.7876761 0.1799845
vt 0.7876909 0.1724777
vt 0.7508054 0.1724629
vt 0.7507979 0.1799700
vt 0.7137489 0.1724554
vt 0.7137452 0.1799630
vt 0.6765767 0.1724517
vt 0.6765752 0.1799596
vt 0.6393457 0.1724483
vt 0.6393455 0.1799566
vt 0.6021084 0.1724480
vt 0.6021085 0.1799563
vt 0.5649119 0.1724505
vt 0.5649123 0.1799585
vt 0.5277997 0.1724571
vt 0.5278012 0.1799645
vt 0.4908133 0.1724651
vt 0.4908172 0.1799720
vt 0.4539914 0.1724795
vt 0.4539990 0.1799858
vt 0.4173664 0.1725053
vt 0.4173794 0.1800114
vt 0.3809632 0.1725578
vt 0.3809759 0.1800656
vt 0.3447778 0.1727024
vt 0.3447511 0.1802203
vt 0.3087424 0.1728935
vt 0.3085379 0.1804440
vt 0.2726772 0.1726862
vt 0.2719289 0.1802780
vt 0.2366307 0.1696440
vt 0.2344424 0.1768389
vt 0.9714389 0.1769763
vt 0.9692671 0.1697751
vt 0.9331653 0.1727637
vt 0.9338984 0.1803510
vt 0.8969411 0.1729640
vt 0.8971496 0.1805120
vt 0.8607278 0.1726054
vt 0.8607588 0.1801231
vt 0.8243499 0.1725119
vt 0.8243293 0.1800214
vt 0.7876909 0.1724777
vt 0.7877178 0.1277902
vt 0.7508183 0.1277784
vt 0.7508054 0.1724629
vt 0.7137546 0.1277712
vt 0.7137489 0.1724554
vt 0.6765798 0.1277672
vt 0.6765767 0.1724517
vt 0.6393473 0.1277640
vt 0.6393457 0.1724483
vt 0.6021079 0.1277637
vt 0.6021084 0.1724480
vt 0.5649099 0.1277662
vt 0.5649119 0.1724505
vt 0.5277977 0.1277726
vt 0.5277997 0.1724571
vt 0.4908096 0.1277820
vt 0.4908133 0.1724651
vt 0.4539822 0.1277957
vt 0.4539914 0.1724795
vt 0.4173495 0.1278173
vt 0.4173664 0.1725053
vt 0.3809443 0.1278487
vt 0.3809632 0.1725578
vt 0.3448865 0.1278869
vt 0.3447778 0.1727024
vt 0.3097799 0.1277998
vt 0.3087424 0.1728935
vt 0.2760232 0.1277063
vt 0.2726772 0.1726862
vt 0.2437133 0.1271166
vt 0.2366307 0.1696440
vt 0.9692671 0.1697751
vt 0.9622716 0.1272084
vt 0.9299209 0.1277724
vt 0.9331653 0.1727637
vt 0.8960714 0.1278447
vt 0.8969411 0.1729640
vt 0.8607510 0.1278310
vt 0.8607278 0.1726054
vt 0.8243972 0.1278081
vt 0.8243499 0.1725119
vt 0.4173082 0.0095960
vt 0.4173241 0.0171070
vt 0.4539715 0.0170912
vt 0.4539637 0.0095816
vt 0.4908012 0.0170794
vt 0.4907976 0.0095704
vt 0.5277900 0.0170699
vt 0.5277889 0.0095616
vt 0.5649056 0.0170645
vt 0.5649052 0.0095568
vt 0.6021067 0.0170623
vt 0.6021065 0.0095548
vt 0.6393484 0.0170626
vt 0.6393487 0.0095550
vt 0.6765829 0.0170652
vt 0.6765842 0.0095574
vt 0.7137604 0.0170689
vt 0.7137641 0.0095607
vt 0.7508321 0.0170749
vt 0.7508395 0.0095661
vt 0.7877512 0.0170819
vt 0.7877682 0.0095718
vt 0.8244863 0.0170814
vt 0.8245337 0.0095663
vt 0.8610407 0.0170421
vt 0.8612043 0.0095273
vt 0.8977646 0.0167475
vt 0.8979751 0.0092296
vt 0.9346228 0.0168160
vt 0.9350367 0.0092482
vt 0.9710667 0.0184963
vt 0.9727772 0.0111950
vt 0.2332126 0.0111387
vt 0.2349232 0.0184341
vt 0.2713238 0.0167617
vt 0.2709115 0.0091950
vt 0.3080563 0.0167248
vt 0.3078476 0.0092066
vt 0.3445767 0.0170617
vt 0.3444139 0.0095475
vt 0.3808701 0.0171144
vt 0.3808244 0.0095985
vt 0.4173241 0.0171070
vt 0.4173495 0.1278173
vt 0.4539822 0.1277957
vt 0.4539715 0.0170912
vt 0.4908096 0.1277820
vt 0.4908012 0.0170794
vt 0.5277977 0.1277726
vt 0.5277900 0.0170699
vt 0.5649099 0.1277662
vt 0.5649056 0.0170645
vt 0.6021079 0.1277637
vt 0.6021067 0.0170623
vt 0.6393473 0.1277640
vt 0.6393484 0.0170626
vt 0.6765798 0.1277672
vt 0.6765829 0.0170652
vt 0.7137546 0.1277712
vt 0.7137604 0.0170689
vt 0.7508183 0.1277784
vt 0.7508321 0.0170749
vt 0.7877178 0.1277902
vt 0.7877512 0.0170819
vt 0.8243972 0.1278081
vt 0.8244863 0.0170814
vt 0.8607510 0.1278310
vt 0.8610407 0.0170421
vt 0.8960714 0.1278447
vt 0.8977646 0.0167475
vt 0.9299209 0.1277724
vt 0.9346228 0.0168160
vt 0.9622716 0.1272084
vt 0.9710667 0.0184963
vt 0.2349232 0.0184341
vt 0.2437133 0.1271166
vt 0.2760232 0.1277063
vt 0.2713238 0.0167617
vt 0.3097799 0.1277998
vt 0.3080563 0.0167248
vt 0.3448865 0.1278869
vt 0.3445767 0.0170617
vt 0.3809443 0.1278487
vt 0.3808701 0.0171144
vt 0.9129151 0.6106988
vt 0.8979836 0.7065026
vt 0.9362455 0.7186632
vt 0.9530526 0.6106988
vt 0.8545455 0.7931407
vt 0.8872929 0.8164142
vt 0.7866199 0.8621737
vt 0.8105948 0.8944542
vt 0.7006826 0.9066762
vt 0.7133659 0.9448635
vt 0.6051798 0.9220496
vt 0.6051798 0.9622996
vt 0.5096769 0.9066761
vt 0.4969933 0.9448634
vt 0.4237395 0.8621736
vt 0.3997644 0.8944541
vt 0.3558136 0.7931406
vt 0.3230662 0.8164141
vt 0.3123756 0.7065024
vt 0.2741138 0.7186630
vt 0.2974443 0.6106985
vt 0.2573068 0.6106985
vt 0.3123757 0.5148945
vt 0.2741139 0.5027339
vt 0.3558138 0.4282561
vt 0.3230664 0.4049827
vt 0.4237397 0.3592232
vt 0.3997647 0.3269427
vt 0.5096772 0.3147209
vt 0.4969938 0.2765333
vt 0.6051803 0.2993473
vt 0.6051804 0.2590973
vt 0.7006831 0.3147210
vt 0.7133665 0.2765335
vt 0.7866203 0.3592237
vt 0.8105953 0.3269433
vt 0.8545460 0.4282566
vt 0.8872934 0.4049833
vt 0.8979837 0.5148951
vt 0.9362458 0.5027347
vt 0.9712822 0.7299156
vt 0.9898623 0.6106988
vt 0.9171608 0.8378637
vt 0.8323520 0.9240550
vt 0.7248282 0.9797354
vt 0.6051798 0.9989955
vt 0.4855310 0.9797353
vt 0.3780073 0.9240550
vt 0.2931984 0.8378637
vt 0.2390770 0.7299154
vt 0.2204972 0.6106985
vt 0.2390772 0.4914816
vt 0.2931986 0.3835331
vt 0.3780076 0.2973417
vt 0.4855314 0.2416615
vt 0.6051804 0.2224014
vt 0.7248288 0.2416617
vt 0.8323526 0.2973423
vt 0.9171614 0.3835338
vt 0.9712824 0.4914824
vt 0.8304704 0.6106986
vt 0.8195112 0.6811584
vt 0.7876515 0.7448314
vt 0.7378889 0.7955047
vt 0.6750073 0.8281315
vt 0.6051798 0.8393938
vt 0.5353522 0.8281315
vt 0.4724704 0.7955046
vt 0.4227080 0.7448313
vt 0.3908478 0.6811582
vt 0.3798887 0.6106985
vt 0.3908480 0.5402387
vt 0.4227081 0.4765657
vt 0.4724706 0.4258924
vt 0.5353525 0.3932655
vt 0.6051801 0.3820032
vt 0.6750077 0.3932656
vt 0.7378893 0.4258926
vt 0.7876518 0.4765661
vt 0.8195114 0.5402393
vt 0.0063842 0.6010239
vt 0.1979760 0.6010239
vt 0.1979759 0.5035601
vt 0.0063842 0.5035601
vt 0.0063842 0.6984841
vt 0.1979759 0.6984841
vt 0.0063841 0.9908279
vt 0.1979759 0.9908279
vt 0.1979759 0.8933861
vt 0.0063841 0.8933861
vt 0.0063842 0.1120461
vt 0.1979759 0.1120461
vt 0.1979759 0.0146045
vt 0.0063842 0.0146045
vt 0.0063842 0.2094940
vt 0.1979760 0.2094940
vt 0.0063842 0.3069481
vt 0.1979760 0.3069480
vt 0.0063844 0.5018699
vt 0.1979761 0.5018698
vt 0.1979761 0.4044074
vt 0.0063843 0.4044075
vt 0.0063844 0.5993329
vt 0.1979762 0.5993328
vt 0.1979763 0.8916939
vt 0.1979763 0.7942463
vt 0.0063845 0.7942462
vt 0.0063845 0.8916939
vt 0.0063845 0.9891357
vt 0.1979763 0.9891357
vt 0.0063841 0.1137338
vt 0.1979759 0.1137338
vt 0.1979759 0.0162920
vt 0.0063841 0.0162920
vt 0.1979759 0.3086370
vt 0.1979759 0.2111822
vt 0.0063841 0.2111823
vt 0.0063842 0.3086371
vt 0.1979759 0.4060973
vt 0.0063842 0.4060973
vt 0.2741143 0.7186630
vt 0.3123761 0.7065024
vt 0.2974449 0.6106988
vt 0.2573074 0.6106988
vt 0.3230668 0.8164140
vt 0.3558141 0.7931405
vt 0.3997649 0.8944538
vt 0.4237399 0.8621732
vt 0.4969938 0.9448631
vt 0.5096773 0.9066757
vt 0.6051801 0.9622991
vt 0.6051801 0.9220492
vt 0.7133661 0.9448630
vt 0.7006827 0.9066758
vt 0.8105948 0.8944538
vt 0.7866198 0.8621733
vt 0.8872929 0.8164139
vt 0.8545455 0.7931404
vt 0.9362453 0.7186629
vt 0.8979833 0.7065024
vt 0.9530522 0.6106985
vt 0.9129146 0.6106985
vt 0.9362452 0.5027341
vt 0.8979832 0.5148947
vt 0.8872926 0.4049830
vt 0.8545453 0.4282564
vt 0.8105945 0.3269432
vt 0.7866197 0.3592237
vt 0.7133657 0.2765339
vt 0.7006824 0.3147214
vt 0.6051797 0.2590979
vt 0.6051797 0.2993478
vt 0.4969933 0.2765341
vt 0.5096768 0.3147216
vt 0.3997644 0.3269437
vt 0.4237396 0.3592241
vt 0.3230664 0.4049837
vt 0.3558138 0.4282570
vt 0.2741142 0.5027348
vt 0.3123761 0.5148953
vt 0.2204977 0.6106988
vt 0.2390776 0.7299154
vt 0.2931990 0.8378636
vt 0.3780079 0.9240547
vt 0.4855314 0.9797350
vt 0.6051801 0.9989951
vt 0.7248284 0.9797349
vt 0.8323520 0.9240546
vt 0.9171607 0.8378634
vt 0.9712819 0.7299153
vt 0.9898618 0.6106985
vt 0.9712819 0.4914817
vt 0.9171605 0.3835334
vt 0.8323517 0.2973422
vt 0.7248279 0.2416621
vt 0.6051797 0.2224020
vt 0.4855309 0.2416622
vt 0.3780073 0.2973427
vt 0.2931986 0.3835341
vt 0.2390774 0.4914825
vt 0.3908485 0.6811582
vt 0.3798892 0.6106986
vt 0.4227085 0.7448311
vt 0.4724708 0.7955043
vt 0.5353526 0.8281311
vt 0.6051801 0.8393934
vt 0.6750074 0.8281311
vt 0.7378889 0.7955043
vt 0.7876513 0.7448311
vt 0.8195109 0.6811581
vt 0.8304701 0.6106985
vt 0.8195109 0.5402389
vt 0.7876512 0.4765661
vt 0.7378886 0.4258928
vt 0.6750071 0.3932660
vt 0.6051798 0.3820038
vt 0.5353523 0.3932662
vt 0.4724706 0.4258931
vt 0.4227083 0.4765665
vt 0.3908483 0.5402395
vt 0.0063841 0.7959382
vt 0.1979759 0.7959382
vt 0.1979762 0.6967924
vt 0.0063845 0.6967924
vt 0.9879573 0.8955575
vt 0.9288103 0.9297060
vt 0.9971073 0.9297060
vt 0.9879573 0.9638546
vt 0.9629588 0.9888530
vt 0.9288103 0.9980031
vt 0.8946617 0.9888530
vt 0.8696634 0.9638546
vt 0.8605133 0.9297060
vt 0.8696634 0.8955575
vt 0.8946618 0.8705590
vt 0.9288104 0.8614091
vt 0.9629588 0.8705590
vt 0.6574378 0.6130314
vt 0.6542391 0.6307368
vt 0.7033201 0.6486138
vt 0.7096735 0.6130427
vt 0.6451777 0.6462805
vt 0.6851833 0.6798656
vt 0.6313461 0.6577874
vt 0.6574522 0.7030290
vt 0.6144134 0.6638699
vt 0.6234720 0.7153112
vt 0.5964215 0.6637943
vt 0.5873405 0.7152316
vt 0.5795406 0.6575698
vt 0.5534147 0.7027997
vt 0.5658064 0.6459473
vt 0.5257862 0.6795144
vt 0.5568758 0.6303282
vt 0.5077875 0.6481834
vt 0.5538259 0.6125966
vt 0.5015905 0.6125852
vt 0.5570245 0.5948913
vt 0.5079441 0.5770146
vt 0.5660861 0.5793478
vt 0.5260806 0.5457631
vt 0.5799173 0.5678408
vt 0.5538113 0.5225996
vt 0.5968500 0.5617583
vt 0.5877912 0.5103172
vt 0.6148418 0.5618339
vt 0.6239226 0.5103965
vt 0.6317229 0.5680583
vt 0.6578484 0.5228282
vt 0.6454570 0.5796807
vt 0.6854772 0.5461132
vt 0.6543878 0.5952998
vt 0.7034764 0.5774443
vt 0.7162574 0.6535346
vt 0.7521796 0.6661564
vt 0.7615895 0.6128139
vt 0.7235143 0.6132414
vt 0.6956568 0.6889141
vt 0.7250941 0.7130598
vt 0.6641992 0.7151136
vt 0.6836028 0.7478697
vt 0.6256791 0.7289744
vt 0.6327102 0.7663906
vt 0.5847417 0.7288257
vt 0.5785528 0.7663904
vt 0.5463233 0.7146854
vt 0.5276604 0.7478691
vt 0.5150571 0.6882583
vt 0.4861697 0.7130590
vt 0.4947142 0.6527305
vt 0.4590849 0.6661557
vt 0.4877498 0.6123864
vt 0.4496754 0.6128139
vt 0.4950069 0.5720938
vt 0.4590853 0.5594721
vt 0.5156071 0.5367146
vt 0.4861701 0.5125694
vt 0.5470642 0.5105152
vt 0.5276605 0.4777595
vt 0.5855840 0.4966541
vt 0.5785527 0.4592382
vt 0.6265212 0.4968025
vt 0.6327098 0.4592378
vt 0.6649396 0.5109423
vt 0.6836022 0.4777584
vt 0.6962062 0.5373693
vt 0.7250935 0.5125681
vt 0.7165495 0.5728970
vt 0.7521791 0.5594712
vt 0.7096735 0.6130427
vt 0.7033201 0.6486138
vt 0.7162574 0.6535346
vt 0.7235143 0.6132414
vt 0.6851833 0.6798656
vt 0.6956568 0.6889141
vt 0.6574522 0.7030290
vt 0.6641992 0.7151136
vt 0.6234720 0.7153112
vt 0.6256791 0.7289744
vt 0.5873405 0.7152316
vt 0.5847417 0.7288257
vt 0.5534147 0.7027997
vt 0.5463233 0.7146854
vt 0.5257862 0.6795144
vt 0.5150571 0.6882583
vt 0.5077875 0.6481834
vt 0.4947142 0.6527305
vt 0.5015905 0.6125852
vt 0.4877498 0.6123864
vt 0.5079441 0.5770146
vt 0.4950069 0.5720938
vt 0.5260806 0.5457631
vt 0.5156071 0.5367146
vt 0.5538113 0.5225996
vt 0.5470642 0.5105152
vt 0.5877912 0.5103172
vt 0.5855840 0.4966541
vt 0.6239226 0.5103965
vt 0.6265212 0.4968025
vt 0.6578484 0.5228282
vt 0.6649396 0.5109423
vt 0.6854772 0.5461132
vt 0.6962062 0.5373693
vt 0.7034764 0.5774443
vt 0.7165495 0.5728970
vt 0.6542391 0.6307368
vt 0.6574378 0.6130314
vt 0.6056318 0.6128141
vt 0.6451777 0.6462805
vt 0.6313461 0.6577874
vt 0.6144134 0.6638699
vt 0.5964215 0.6637943
vt 0.5795406 0.6575698
vt 0.5658064 0.6459473
vt 0.5568758 0.6303282
vt 0.5538259 0.6125966
vt 0.5570245 0.5948913
vt 0.5660861 0.5793478
vt 0.5799173 0.5678408
vt 0.5968500 0.5617583
vt 0.6148418 0.5618339
vt 0.6317229 0.5680583
vt 0.6454570 0.5796807
vt 0.6543878 0.5952998
vt 0.3150711 0.9709327
vt 0.2645381 0.9709327
vt 0.2645381 0.9911813
vt 0.3150711 0.9911813
vt 0.3150711 0.9506838
vt 0.2645381 0.9506838
vt 0.3458171 0.9927053
vt 0.3458171 0.9421722
vt 0.3255684 0.9421722
vt 0.3255684 0.9927053
vt 0.3660659 0.9927053
vt 0.3660659 0.9421722
vt 0.2360864 0.2751959
vt 0.2360864 0.3257287
vt 0.2563352 0.3257287
vt 0.2563352 0.2751959
vt 0.2158377 0.2751959
vt 0.2158377 0.3257287
vt 0.2304606 0.8554562
vt 0.2304606 0.8049232
vt 0.2102119 0.8049232
vt 0.2102119 0.8554562
vt 0.2507094 0.8554562
vt 0.2507094 0.8049232
vt 0.2576089 0.9690470
vt 0.2070759 0.9690470
vt 0.2070759 0.9892958
vt 0.2576089 0.9892958
vt 0.2576089 0.9487983
vt 0.2070759 0.9487983
vt 0.2070759 0.8837634
vt 0.2576089 0.8837634
vt 0.2576089 0.8635148
vt 0.2070759 0.8635148
vt 0.2070759 0.9040123
vt 0.2576089 0.9040123
vt 0.3150711 0.9282908
vt 0.2645381 0.9282908
vt 0.2645381 0.9485397
vt 0.3150711 0.9485397
vt 0.3150711 0.9080421
vt 0.2645381 0.9080421
vt 0.2576089 0.9264053
vt 0.2070759 0.9264053
vt 0.2070759 0.9466540
vt 0.2576089 0.9466540
vt 0.2576089 0.9061567
vt 0.2070759 0.9061567
vt 0.2360864 0.3290222
vt 0.2360864 0.3795553
vt 0.2563352 0.3795553
vt 0.2563352 0.3290222
vt 0.2158377 0.3290222
vt 0.2158377 0.3795553
f 1/1 2/2 3/3
f 3/3 4/4 1/1
f 41/41 1/1 4/4
f 2/2 5/5 6/6
f 6/6 3/3 2/2
f 5/5 7/7 8/8
f 8/8 6/6 5/5
f 7/7 9/9 10/10
f 10/10 8/8 7/7
f 9/9 11/11 12/12
f 12/12 10/10 9/9
f 11/11 13/13 14/14
f 14/14 12/12 11/11
f 13/13 15/15 16/16
f 16/16 14/14 13/13
f 15/15 17/17 18/18
f 18/18 16/16 15/15
f 17/17 19/19 20/20
f 20/20 18/18 17/17
f 19/19 21/21 22/22
f 22/22 20/20 19/19
f 21/21 23/23 24/24
f 24/24 22/22 21/21
f 23/23 25/25 26/26
f 26/26 24/24 23/23
f 25/25 27/27 28/28
f 28/28 26/26 25/25
f 27/27 29/29 30/30
f 30/30 28/28 27/27
f 29/29 31/31 32/32
f 32/32 30/30 29/29
f 4/4 42/42 41/41
f 39/39 41/41 42/42
f 42/42 40/40 39/39
f 37/37 39/39 40/40
f 40/40 38/38 37/37
f 34/34 37/37 38/38
f 38/38 35/35 34/34
f 33/33 34/34 35/35
f 35/35 36/36 33/33
f 43/43 44/44 45/45
f 45/45 46/46 43/43
f 83/83 43/43 46/46
f 44/44 47/47 48/48
f 48/48 45/45 44/44
f 47/47 49/49 50/50
f 50/50 48/48 47/47
f 49/49 51/51 52/52
f 52/52 50/50 49/49
f 51/51 53/53 54/54
f 54/54 52/52 51/51
f 53/53 55/55 56/56
f 56/56 54/54 53/53
f 55/55 57/57 58/58
f 58/58 56/56 55/55
f 57/57 59/59 60/60
f 60/60 58/58 57/57
f 59/59 61/61 62/62
f 62/62 60/60 59/59
f 61/61 63/63 64/64
f 64/64 62/62 61/61
f 63/63 65/65 66/66
f 66/66 64/64 63/63
f 65/65 67/67 68/68
f 68/68 66/66 65/65
f 67/67 69/69 70/70
f 70/70 68/68 67/67
f 69/69 71/71 72/72
f 72/72 70/70 69/69
f 71/71 73/73 74/74
f 74/74 72/72 71/71
f 46/46 84/84 83/83
f 81/81 83/83 84/84
f 84/84 82/82 81/81
f 79/79 81/81 82/82
f 82/82 80/80 79/79
f 76/76 79/79 80/80
f 80/80 77/77 76/76
f 75/75 76/76 77/77
f 77/77 78/78 75/75
f 85/85 86/86 87/87
f 87/87 88/88 85/85
f 125/125 85/85 88/88
f 86/86 89/89 90/90
f 90/90 87/87 86/86
f 89/89 91/91 92/92
f 92/92 90/90 89/89
f 91/91 93/93 94/94
f 94/94 92/92 91/91
f 93/93 95/95 96/96
f 96/96 94/94 93/93
f 95/95 97/97 98/98
f 98/98 96/96 95/95
f 97/97 99/99 100/100
f 100/100 98/98 97/97
f 99/99 101/101 102/102
f 102/102 100/100 99/99
f 101/101 103/103 104/104
f 104/104 102/102 101/101
f 103/103 105/105 106/106
f 106/106 104/104 103/103
f 105/105 107/107 108/108
f 108/108 106/106 105/105
f 107/107 109/109 110/110
f 110/110 108/108 107/107
f 109/109 111/111 112/112
f 112/112 110/110 109/109
f 111/111 113/113 114/114
f 114/114 112/112 111/111
f 113/113 115/115 116/116
f 116/116 114/114 113/113
f 88/88 126/126 125/125
f 123/123 125/125 126/126
f 126/126 124/124 123/123
f 121/121 123/123 124/124
f 124/124 122/122 121/121
f 118/118 121/121 122/122
f 122/122 119/119 118/118
f 117/117 118/118 119/119
f 119/119 120/120 117/117
f 127/127 128/128 129/129
f 129/129 130/130 127/127
f 167/167 127/127 130/130
f 128/128 131/131 132/132
f 132/132 129/129 128/128
f 131/131 133/133 134/134
f 134/134 132/132 131/131
f 133/133 135/135 136/136
f 136/136 134/134 133/133
f 135/135 137/137 138/138
f 138/138 136/136 135/135
f 137/137 139/139 140/140
f 140/140 138/138 137/137
f 139/139 141/141 142/142
f 142/142 140/140 139/139
f 141/141 143/143 144/144
f 144/144 142/142 141/141
f 143/143 145/145 146/146
f 146/146 144/144 143/143
f 145/145 147/147 148/148
f 148/148 146/146 145/145
f 147/147 149/149 150/150
f 150/150 148/148 147/147
f 149/149 151/151 152/152
f 152/152 150/150 149/149
f 151/151 153/153 154/154
f 154/154 152/152 151/151
f 153/153 155/155 156/156
f 156/156 154/154 153/153
f 155/155 157/157 158/158
f 158/158 156/156 155/155
f 130/130 168/168 167/167
f 165/165 167/167 168/168
f 168/168 166/166 165/165
f 163/163 165/165 166/166
f 166/166 164/164 163/163
f 160/160 163/163 164/164
f 164/164 161/161 160/160
f 159/159 160/160 161/161
f 161/161 162/162 159/159
f 169/169 170/170 171/171
f 171/171 172/172 169/169
f 170/170 169/169 173/173
f 210/210 169/169 172/172
f 169/169 210/210 211/211
f 211/211 173/173 169/169
f 172/172 171/171 208/208
f 208/208 207/207 172/172
f 172/172 209/209 210/210
f 209/209 172/172 207/207
f 207/207 208/208 206/206
f 206/206 208/208 248/248
f 230/230 248/248 208/208
f 208/208 171/171 230/230
f 206/206 205/205 207/207
f 228/228 207/207 205/205
f 207/207 228/228 209/209
f 205/205 206/206 204/204
f 204/204 206/206 247/247
f 248/248 247/247 206/206
f 204/204 203/203 205/205
f 227/227 205/205 203/203
f 205/205 227/227 228/228
f 203/203 204/204 202/202
f 202/202 204/204 246/246
f 247/247 246/246 204/204
f 202/202 201/201 203/203
f 226/226 203/203 201/201
f 203/203 226/226 227/227
f 201/201 202/202 200/200
f 200/200 202/202 245/245
f 246/246 245/245 202/202
f 200/200 199/199 201/201
f 225/225 201/201 199/199
f 201/201 225/225 226/226
f 199/199 200/200 198/198
f 198/198 200/200 244/244
f 245/245 244/244 200/200
f 198/198 197/197 199/199
f 224/224 199/199 197/197
f 199/199 224/224 225/225
f 197/197 198/198 196/196
f 196/196 198/198 243/243
f 244/244 243/243 198/198
f 196/196 195/195 197/197
f 223/223 197/197 195/195
f 197/197 223/223 224/224
f 195/195 196/196 194/194
f 194/194 196/196 242/242
f 243/243 242/242 196/196
f 194/194 193/193 195/195
f 222/222 195/195 193/193
f 195/195 222/222 223/223
f 193/193 194/194 192/192
f 192/192 194/194 241/241
f 242/242 241/241 194/194
f 192/192 191/191 193/193
f 221/221 193/193 191/191
f 193/193 221/221 222/222
f 191/191 192/192 190/190
f 190/190 192/192 240/240
f 241/241 240/240 192/192
f 190/190 189/189 191/191
f 220/220 191/191 189/189
f 191/191 220/220 221/221
f 189/189 190/190 188/188
f 188/188 190/190 239/239
f 240/240 239/239 190/190
f 188/188 187/187 189/189
f 219/219 189/189 187/187
f 189/189 219/219 220/220
f 187/187 188/188 186/186
f 186/186 188/188 238/238
f 239/239 238/238 188/188
f 186/186 185/185 187/187
f 218/218 187/187 185/185
f 187/187 218/218 219/219
f 185/185 186/186 184/184
f 184/184 186/186 237/237
f 238/238 237/237 186/186
f 184/184 183/183 185/185
f 217/217 185/185 183/183
f 185/185 217/217 218/218
f 183/183 184/184 182/182
f 182/182 184/184 236/236
f 237/237 236/236 184/184
f 182/182 181/181 183/183
f 216/216 183/183 181/181
f 183/183 216/216 217/217
f 181/181 182/182 180/180
f 180/180 182/182 235/235
f 236/236 235/235 182/182
f 180/180 179/179 181/181
f 215/215 181/181 179/179
f 181/181 215/215 216/216
f 179/179 180/180 178/178
f 178/178 180/180 234/234
f 235/235 234/234 180/180
f 178/178 177/177 179/179
f 214/214 179/179 177/177
f 179/179 214/214 215/215
f 177/177 178/178 176/176
f 176/176 178/178 233/233
f 234/234 233/233 178/178
f 176/176 175/175 177/177
f 213/213 177/177 175/175
f 177/177 213/213 214/214
f 175/175 176/176 174/174
f 174/174 176/176 232/232
f 233/233 232/232 176/176
f 174/174 173/173 175/175
f 212/212 175/175 173/173
f 175/175 212/212 213/213
f 173/173 174/174 170/170
f 170/170 174/174 231/231
f 232/232 231/231 174/174
f 173/173 211/211 212/212
f 231/231 229/229 170/170
f 171/171 170/170 229/229
f 229/229 230/230 171/171
f 249/249 250/250 251/251
f 251/251 252/252 249/249
f 253/253 249/249 252/252
f 251/251 250/250 287/287
f 287/287 288/288 251/251
f 287/287 286/286 285/285
f 285/285 288/288 287/287
f 285/285 286/286 283/283
f 283/283 284/284 285/285
f 283/283 279/279 282/282
f 282/282 284/284 283/283
f 279/279 280/280 281/281
f 281/281 282/282 279/279
f 252/252 254/254 253/253
f 369/369 253/253 254/254
f 254/254 370/370 369/369
f 369/369 370/370 257/257
f 257/257 256/256 369/369
f 255/255 256/256 257/257
f 257/257 258/258 255/255
f 259/259 260/260 261/261
f 261/261 262/262 259/259
f 263/263 259/259 262/262
f 262/262 264/264 263/263
f 265/265 263/263 264/264
f 264/264 266/266 265/265
f 265/265 266/266 269/269
f 269/269 268/268 265/265
f 267/267 268/268 269/269
f 269/269 270/270 267/267
f 271/271 267/267 270/270
f 270/270 272/272 271/271
f 271/271 272/272 371/371
f 371/371 372/372 271/271
f 372/372 371/371 274/274
f 274/274 273/273 372/372
f 273/273 274/274 275/275
f 275/275 276/276 273/273
f 277/277 276/276 275/275
f 275/275 278/278 277/277
f 289/289 290/290 291/291
f 291/291 292/292 289/289
f 327/327 289/289 292/292
f 289/289 349/349 350/350
f 350/350 290/290 289/289
f 349/349 289/289 327/327
f 292/292 328/328 327/327
f 292/292 291/291 329/329
f 329/329 330/330 292/292
f 328/328 292/292 330/330
f 325/325 327/327 328/328
f 368/368 327/327 325/325
f 327/327 368/368 349/349
f 328/328 326/326 325/325
f 326/326 328/328 348/348
f 330/330 348/348 328/328
f 323/323 325/325 326/326
f 367/367 325/325 323/323
f 325/325 367/367 368/368
f 326/326 324/324 323/323
f 324/324 326/326 347/347
f 348/348 347/347 326/326
f 321/321 323/323 324/324
f 366/366 323/323 321/321
f 323/323 366/366 367/367
f 324/324 322/322 321/321
f 322/322 324/324 346/346
f 347/347 346/346 324/324
f 319/319 321/321 322/322
f 365/365 321/321 319/319
f 321/321 365/365 366/366
f 322/322 320/320 319/319
f 320/320 322/322 345/345
f 346/346 345/345 322/322
f 317/317 319/319 320/320
f 364/364 319/319 317/317
f 319/319 364/364 365/365
f 320/320 318/318 317/317
f 318/318 320/320 344/344
f 345/345 344/344 320/320
f 315/315 317/317 318/318
f 363/363 317/317 315/315
f 317/317 363/363 364/364
f 318/318 316/316 315/315
f 316/316 318/318 343/343
f 344/344 343/343 318/318
f 313/313 315/315 316/316
f 362/362 315/315 313/313
f 315/315 362/362 363/363
f 316/316 314/314 313/313
f 314/314 316/316 342/342
f 343/343 342/342 316/316
f 311/311 313/313 314/314
f 361/361 313/313 311/311
f 313/313 361/361 362/362
f 314/314 312/312 311/311
f 312/312 314/314 341/341
f 342/342 341/341 314/314
f 309/309 311/311 312/312
f 360/360 311/311 309/309
f 311/311 360/360 361/361
f 312/312 310/310 309/309
f 310/310 312/312 340/340
f 341/341 340/340 312/312
f 307/307 309/309 310/310
f 359/359 309/309 307/307
f 309/309 359/359 360/360
f 310/310 308/308 307/307
f 308/308 310/310 339/339
f 340/340 339/339 310/310
f 305/305 307/307 308/308
f 358/358 307/307 305/305
f 307/307 358/358 359/359
f 308/308 306/306 305/305
f 306/306 308/308 338/338
f 339/339 338/338 308/308
f 303/303 305/305 306/306
f 357/357 305/305 303/303
f 305/305 357/357 358/358
f 306/306 304/304 303/303
f 304/304 306/306 337/337
f 338/338 337/337 306/306
f 301/301 303/303 304/304
f 356/356 303/303 301/301
f 303/303 356/356 357/357
f 304/304 302/302 301/301
f 302/302 304/304 336/336
f 337/337 336/336 304/304
f 299/299 301/301 302/302
f 355/355 301/301 299/299
f 301/301 355/355 356/356
f 302/302 300/300 299/299
f 300/300 302/302 335/335
f 336/336 335/335 302/302
f 297/297 299/299 300/300
f 354/354 299/299 297/297
f 299/299 354/354 355/355
f 300/300 298/298 297/297
f 298/298 300/300 334/334
f 335/335 334/334 300/300
f 295/295 297/297 298/298
f 353/353 297/297 295/295
f 297/297 353/353 354/354
f 298/298 296/296 295/295
f 296/296 298/298 333/333
f 334/334 333/333 298/298
f 293/293 295/295 296/296
f 352/352 295/295 293/293
f 295/295 352/352 353/353
f 296/296 294/294 293/293
f 294/294 296/296 332/332
f 333/333 332/332 296/296
f 290/290 293/293 294/294
f 351/351 293/293 290/290
f 293/293 351/351 352/352
f 294/294 291/291 290/290
f 291/291 294/294 331/331
f 332/332 331/331 294/294
f 290/290 350/350 351/351
f 331/331 329/329 291/291
f 373/373 374/374 375/375
f 385/385 373/373 375/375
f 374/374 376/376 375/375
f 376/376 377/377 375/375
f 377/377 378/378 375/375
f 378/378 379/379 375/375
f 379/379 380/380 375/375
f 380/380 381/381 375/375
f 381/381 382/382 375/375
f 382/382 383/383 375/375
f 383/383 384/384 375/375
f 384/384 385/385 375/375
f 386/386 387/387 388/388
f 388/388 389/389 386/386
f 387/387 386/386 390/390
f 390/390 391/391 387/387
f 391/391 390/390 392/392
f 392/392 393/393 391/391
f 393/393 392/392 394/394
f 394/394 395/395 393/393
f 395/395 394/394 396/396
f 396/396 397/397 395/395
f 397/397 396/396 398/398
f 398/398 399/399 397/397
f 399/399 398/398 400/400
f 400/400 401/401 399/399
f 401/401 400/400 402/402
f 402/402 403/403 401/401
f 403/403 402/402 404/404
f 404/404 405/405 403/403
f 405/405 404/404 406/406
f 406/406 407/407 405/405
f 407/407 406/406 408/408
f 408/408 409/409 407/407
f 409/409 408/408 410/410
f 410/410 411/411 409/409
f 411/411 410/410 412/412
f 412/412 413/413 411/411
f 413/413 412/412 414/414
f 414/414 415/415 413/413
f 415/415 414/414 416/416
f 416/416 417/417 415/415
f 417/417 416/416 418/418
f 418/418 419/419 417/417
f 419/419 418/418 420/420
f 420/420 421/421 419/419
f 420/420 389/389 388/388
f 388/388 421/421 420/420
f 422/422 423/423 424/424
f 424/424 425/425 422/422
f 426/426 422/422 425/425
f 423/423 456/456 457/457
f 457/457 424/424 423/423
f 456/456 454/454 455/455
f 455/455 457/457 456/456
f 454/454 452/452 453/453
f 453/453 455/455 454/454
f 452/452 450/450 451/451
f 451/451 453/453 452/452
f 450/450 448/448 449/449
f 449/449 451/451 450/450
f 448/448 446/446 447/447
f 447/447 449/449 448/448
f 446/446 444/444 445/445
f 445/445 447/447 446/446
f 444/444 442/442 443/443
f 443/443 445/445 444/444
f 442/442 440/440 441/441
f 441/441 443/443 442/442
f 440/440 438/438 439/439
f 439/439 441/441 440/440
f 438/438 436/436 437/437
f 437/437 439/439 438/438
f 436/436 434/434 435/435
f 435/435 437/437 436/436
f 434/434 432/432 433/433
f 433/433 435/435 434/434
f 432/432 430/430 431/431
f 431/431 433/433 432/432
f 430/430 428/428 429/429
f 429/429 431/431 430/430
f 428/428 426/426 427/427
f 427/427 429/429 428/428
f 425/425 427/427 426/426
f 458/458 459/459 460/460
f 460/460 461/461 458/458
f 459/459 458/458 493/493
f 493/493 492/492 459/459
f 492/492 493/493 491/491
f 491/491 490/490 492/492
f 490/490 491/491 489/489
f 489/489 488/488 490/490
f 488/488 489/489 487/487
f 487/487 486/486 488/488
f 486/486 487/487 485/485
f 485/485 484/484 486/486
f 484/484 485/485 483/483
f 483/483 482/482 484/484
f 482/482 483/483 481/481
f 481/481 480/480 482/482
f 480/480 481/481 479/479
f 479/479 478/478 480/480
f 478/478 479/479 477/477
f 477/477 476/476 478/478
f 476/476 477/477 475/475
f 475/475 474/474 476/476
f 474/474 475/475 473/473
f 473/473 472/472 474/474
f 472/472 473/473 471/471
f 471/471 470/470 472/472
f 470/470 471/471 469/469
f 469/469 468/468 470/470
f 468/468 469/469 467/467
f 467/467 466/466 468/468
f 466/466 467/467 465/465
f 465/465 464/464 466/466
f 464/464 465/465 463/463
f 463/463 462/462 464/464
f 462/462 463/463 461/461
f 461/461 460/460 462/462
f 494/494 495/495 496/496
f 497/497 495/495 494/494
f 496/496 495/495 512/512
f 512/512 495/495 511/511
f 511/511 495/495 510/510
f 510/510 495/495 509/509
f 509/509 495/495 508/508
f 508/508 495/495 507/507
f 507/507 495/495 506/506
f 506/506 495/495 505/505
f 505/505 495/495 504/504
f 504/504 495/495 503/503
f 503/503 495/495 502/502
f 498/498 495/495 497/497
f 499/499 495/495 498/498
f 500/500 495/495 499/499
f 501/501 495/495 500/500
f 502/502 495/495 501/501
f 513/513 514/514 515/515
f 515/515 516/516 513/513
f 514/514 517/517 518/518
f 518/518 515/515 514/514
f 519/519 520/520 521/521
f 521/521 522/522 519/519
f 520/520 523/523 524/524
f 524/524 521/521 520/520
f 525/525 526/526 527/527
f 527/527 528/528 525/525
f 526/526 529/529 530/530
f 530/530 527/527 526/526
f 531/531 532/532 533/533
f 533/533 534/534 531/531
f 532/532 535/535 536/536
f 536/536 533/533 532/532
f 537/537 538/538 539/539
f 539/539 540/540 537/537
f 538/538 541/541 542/542
f 542/542 539/539 538/538
f 543/543 544/544 545/545
f 545/545 546/546 543/543
f 544/544 547/547 548/548
f 548/548 545/545 544/544
f 549/549 550/550 551/551
f 551/551 552/552 549/549
f 550/550 553/553 554/554
f 554/554 551/551 550/550
f 555/555 556/556 557/557
f 557/557 558/558 555/555
f 556/556 559/559 560/560
f 560/560 557/557 556/556
f 561/561 562/562 563/563
f 563/563 564/564 561/561
f 562/562 565/565 566/566
f 566/566 563/563 562/562
f 567/567 568/568 569/569
f 569/569 570/570 567/567
f 607/607 567/567 570/570
f 568/568 571/571 572/572
f 572/572 569/569 568/568
f 571/571 573/573 574/574
f 574/574 572/572 571/571
f 573/573 575/575 576/576
f 576/576 574/574 573/573
f 575/575 577/577 578/578
f 578/578 576/576 575/575
f 577/577 579/579 580/580
f 580/580 578/578 577/577
f 579/579 581/581 582/582
f 582/582 580/580 579/579
f 581/581 583/583 584/584
f 584/584 582/582 581/581
f 583/583 585/585 586/586
f 586/586 584/584 583/583
f 585/585 587/587 588/588
f 588/588 586/586 585/585
f 587/587 589/589 590/590
f 590/590 588/588 587/587
f 589/589 591/591 592/592
f 592/592 590/590 589/589
f 591/591 593/593 594/594
f 594/594 592/592 591/591
f 593/593 595/595 596/596
f 596/596 594/594 593/593
f 595/595 597/597 598/598
f 598/598 596/596 595/595
f 570/570 608/608 607/607
f 605/605 607/607 608/608
f 608/608 606/606 605/605
f 603/603 605/605 606/606
f 606/606 604/604 603/603
f 600/600 603/603 604/604
f 604/604 601/601 600/600
f 599/599 600/600 601/601
f 601/601 602/602 599/599
f 609/609 610/610 611/611
f 611/611 612/612 609/609
f 649/649 609/609 612/612
f 610/610 613/613 614/614
f 614/614 611/611 610/610
f 613/613 615/615 616/616
f 616/616 614/614 613/613
f 615/615 617/617 618/618
f 618/618 616/616 615/615
f 617/617 619/619 620/620
f 620/620 618/618 617/617
f 619/619 621/621 622/622
f 622/622 620/620 619/619
f 621/621 623/623 624/624
f 624/624 622/622 621/621
f 623/623 625/625 626/626
f 626/626 624/624 623/623
f 625/625 627/627 628/628
f 628/628 626/626 625/625
f 627/627 629/629 630/630
f 630/630 628/628 627/627
f 629/629 631/631 632/632
f 632/632 630/630 629/629
f 631/631 633/633 634/634
f 634/634 632/632 631/631
f 633/633 635/635 636/636
f 636/636 634/634 633/633
f 635/635 637/637 638/638
f 638/638 636/636 635/635
f 637/637 639/639 640/640
f 640/640 638/638 637/637
f 612/612 650/650 649/649
f 647/647 649/649 650/650
f 650/650 648/648 647/647
f 645/645 647/647 648/648
f 648/648 646/646 645/645
f 642/642 645/645 646/646
f 646/646 643/643 642/642
f 641/641 642/642 643/643
f 643/643 644/644 641/641
f 651/651 652/652 653/653
f 653/653 654/654 651/651
f 691/691 651/651 654/654
f 652/652 655/655 656/656
f 656/656 653/653 652/652
f 655/655 657/657 658/658
f 658/658 656/656 655/655
f 657/657 659/659 660/660
f 660/660 658/658 657/657
f 659/659 661/661 662/662
f 662/662 660/660 659/659
f 661/661 663/663 664/664
f 664/664 662/662 661/661
f 663/663 665/665 666/666
f 666/666 664/664 663/663
f 665/665 667/667 668/668
f 668/668 666/666 665/665
f 667/667 669/669 670/670
f 670/670 668/668 667/667
f 669/669 671/671 672/672
f 672/672 670/670 669/669
f 671/671 673/673 674/674
f 674/674 672/672 671/671
f 673/673 675/675 676/676
f 676/676 674/674 673/673
f 675/675 677/677 678/678
f 678/678 676/676 675/675
f 677/677 679/679 680/680
f 680/680 678/678 677/677
f 679/679 681/681 682/682
f 682/682 680/680 679/679
f 654/654 692/692 691/691
f 689/689 691/691 692/692
f 692/692 690/690 689/689
f 687/687 689/689 690/690
f 690/690 688/688 687/687
f 684/684 687/687 688/688
f 688/688 685/685 684/684
f 683/683 684/684 685/685
f 685/685 686/686 683/683
f 693/693 694/694 695/695
f 695/695 696/696 693/693
f 733/733 693/693 696/696
f 694/694 697/697 698/698
f 698/698 695/695 694/694
f 697/697 699/699 700/700
f 700/700 698/698 697/697
f 699/699 701/701 702/702
f 702/702 700/700 699/699
f 701/701 703/703 704/704
f 704/704 702/702 701/701
f 703/703 705/705 706/706
f 706/706 704/704 703/703
f 705/705 707/707 708/708
f 708/708 706/706 705/705
f 707/707 709/709 710/710
f 710/710 708/708 707/707
f 709/709 711/711 712/712
f 712/712 710/710 709/709
f 711/711 713/713 714/714
f 714/714 712/712 711/711
f 713/713 715/715 716/716
f 716/716 714/714 713/713
f 715/715 717/717 718/718
f 718/718 716/716 715/715
f 717/717 719/719 720/720
f 720/720 718/718 717/717
f 719/719 721/721 722/722
f 722/722 720/720 719/719
f 721/721 723/723 724/724
f 724/724 722/722 721/721
f 696/696 734/734 733/733
f 731/731 733/733 734/734
f 734/734 732/732 731/731
f 729/729 731/731 732/732
f 732/732 730/730 729/729
f 726/726 729/729 730/730
f 730/730 727/727 726/726
f 725/725 726/726 727/727
f 727/727 728/728 725/725
f 735/735 736/736 737/737
f 737/737 738/738 735/735
f 736/736 735/735 739/739
f 776/776 735/735 738/738
f 735/735 776/776 777/777
f 777/777 739/739 735/735
f 738/738 737/737 774/774
f 774/774 773/773 738/738
f 738/738 775/775 776/776
f 775/775 738/738 773/773
f 773/773 774/774 772/772
f 772/772 774/774 814/814
f 796/796 814/814 774/774
f 774/774 737/737 796/796
f 772/772 771/771 773/773
f 794/794 773/773 771/771
f 773/773 794/794 775/775
f 771/771 772/772 770/770
f 770/770 772/772 813/813
f 814/814 813/813 772/772
f 770/770 769/769 771/771
f 793/793 771/771 769/769
f 771/771 793/793 794/794
f 769/769 770/770 768/768
f 768/768 770/770 812/812
f 813/813 812/812 770/770
f 768/768 767/767 769/769
f 792/792 769/769 767/767
f 769/769 792/792 793/793
f 767/767 768/768 766/766
f 766/766 768/768 811/811
f 812/812 811/811 768/768
f 766/766 765/765 767/767
f 791/791 767/767 765/765
f 767/767 791/791 792/792
f 765/765 766/766 764/764
f 764/764 766/766 810/810
f 811/811 810/810 766/766
f 764/764 763/763 765/765
f 790/790 765/765 763/763
f 765/765 790/790 791/791
f 763/763 764/764 762/762
f 762/762 764/764 809/809
f 810/810 809/809 764/764
f 762/762 761/761 763/763
f 789/789 763/763 761/761
f 763/763 789/789 790/790
f 761/761 762/762 760/760
f 760/760 762/762 808/808
f 809/809 808/808 762/762
f 760/760 759/759 761/761
f 788/788 761/761 759/759
f 761/761 788/788 789/789
f 759/759 760/760 758/758
f 758/758 760/760 807/807
f 808/808 807/807 760/760
f 758/758 757/757 759/759
f 787/787 759/759 757/757
f 759/759 787/787 788/788
f 757/757 758/758 756/756
f 756/756 758/758 806/806
f 807/807 806/806 758/758
f 756/756 755/755 757/757
f 786/786 757/757 755/755
f 757/757 786/786 787/787
f 755/755 756/756 754/754
f 754/754 756/756 805/805
f 806/806 805/805 756/756
f 754/754 753/753 755/755
f 785/785 755/755 753/753
f 755/755 785/785 786/786
f 753/753 754/754 752/752
f 752/752 754/754 804/804
f 805/805 804/804 754/754
f 752/752 751/751 753/753
f 784/784 753/753 751/751
f 753/753 784/784 785/785
f 751/751 752/752 750/750
f 750/750 752/752 803/803
f 804/804 803/803 752/752
f 750/750 749/749 751/751
f 783/783 751/751 749/749
f 751/751 783/783 784/784
f 749/749 750/750 748/748
f 748/748 750/750 802/802
f 803/803 802/802 750/750
f 748/748 747/747 749/749
f 782/782 749/749 747/747
f 749/749 782/782 783/783
f 747/747 748/748 746/746
f 746/746 748/748 801/801
f 802/802 801/801 748/748
f 746/746 745/745 747/747
f 781/781 747/747 745/745
f 747/747 781/781 782/782
f 745/745 746/746 744/744
f 744/744 746/746 800/800
f 801/801 800/800 746/746
f 744/744 743/743 745/745
f 780/780 745/745 743/743
f 745/745 780/780 781/781
f 743/743 744/744 742/742
f 742/742 744/744 799/799
f 800/800 799/799 744/744
f 742/742 741/741 743/743
f 779/779 743/743 741/741
f 743/743 779/779 780/780
f 741/741 742/742 740/740
f 740/740 742/742 798/798
f 799/799 798/798 742/742
f 740/740 739/739 741/741
f 778/778 741/741 739/739
f 741/741 778/778 779/779
f 739/739 740/740 736/736
f 736/736 740/740 797/797
f 798/798 797/797 740/740
f 739/739 777/777 778/778
f 797/797 795/795 736/736
f 737/737 736/736 795/795
f 795/795 796/796 737/737
f 815/815 816/816 817/817
f 817/817 818/818 815/815
f 819/819 815/815 818/818
f 817/817 816/816 853/853
f 853/853 854/854 817/817
f 853/853 852/852 851/851
f 851/851 854/854 853/853
f 851/851 852/852 849/849
f 849/849 850/850 851/851
f 849/849 845/845 848/848
f 848/848 850/850 849/849
f 845/845 846/846 847/847
f 847/847 848/848 845/845
f 818/818 820/820 819/819
f 935/935 819/819 820/820
f 820/820 936/936 935/935
f 935/935 936/936 823/823
f 823/823 822/822 935/935
f 821/821 822/822 823/823
f 823/823 824/824 821/821
f 825/825 826/826 827/827
f 827/827 828/828 825/825
f 829/829 825/825 828/828
f 828/828 830/830 829/829
f 831/831 829/829 830/830
f 830/830 832/832 831/831
f 831/831 832/832 835/835
f 835/835 834/834 831/831
f 833/833 834/834 835/835
f 835/835 836/836 833/833
f 837/837 833/833 836/836
f 836/836 838/838 837/837
f 837/837 838/838 937/937
f 937/937 938/938 837/837
f 938/938 937/937 840/840
f 840/840 839/839 938/938
f 839/839 840/840 841/841
f 841/841 842/842 839/839
f 843/843 842/842 841/841
f 841/841 844/844 843/843
f 855/855 856/856 857/857
f 857/857 858/858 855/855
f 893/893 855/855 858/858
f 855/855 915/915 916/916
f 916/916 856/856 855/855
f 915/915 855/855 893/893
f 858/858 894/894 893/893
f 858/858 857/857 895/895
f 895/895 896/896 858/858
f 894/894 858/858 896/896
f 891/891 893/893 894/894
f 934/934 893/893 891/891
f 893/893 934/934 915/915
f 894/894 892/892 891/891
f 892/892 894/894 914/914
f 896/896 914/914 894/894
f 889/889 891/891 892/892
f 933/933 891/891 889/889
f 891/891 933/933 934/934
f 892/892 890/890 889/889
f 890/890 892/892 913/913
f 914/914 913/913 892/892
f 887/887 889/889 890/890
f 932/932 889/889 887/887
f 889/889 932/932 933/933
f 890/890 888/888 887/887
f 888/888 890/890 912/912
f 913/913 912/912 890/890
f 885/885 887/887 888/888
f 931/931 887/887 885/885
f 887/887 931/931 932/932
f 888/888 886/886 885/885
f 886/886 888/888 911/911
f 912/912 911/911 888/888
f 883/883 885/885 886/886
f 930/930 885/885 883/883
f 885/885 930/930 931/931
f 886/886 884/884 883/883
f 884/884 886/886 910/910
f 911/911 910/910 886/886
f 881/881 883/883 884/884
f 929/929 883/883 881/881
f 883/883 929/929 930/930
f 884/884 882/882 881/881
f 882/882 884/884 909/909
f 910/910 909/909 884/884
f 879/879 881/881 882/882
f 928/928 881/881 879/879
f 881/881 928/928 929/929
f 882/882 880/880 879/879
f 880/880 882/882 908/908
f 909/909 908/908 882/882
f 877/877 879/879 880/880
f 927/927 879/879 877/877
f 879/879 927/927 928/928
f 880/880 878/878 877/877
f 878/878 880/880 907/907
f 908/908 907/907 880/880
f 875/875 877/877 878/878
f 926/926 877/877 875/875
f 877/877 926/926 927/927
f 878/878 876/876 875/875
f 876/876 878/878 906/906
f 907/907 906/906 878/878
f 873/873 875/875 876/876
f 925/925 875/875 873/873
f 875/875 925/925 926/926
f 876/876 874/874 873/873
f 874/874 876/876 905/905
f 906/906 905/905 876/876
f 871/871 873/873 874/874
f 924/924 873/873 871/871
f 873/873 924/924 925/925
f 874/874 872/872 871/871
f 872/872 874/874 904/904
f 905/905 904/904 874/874
f 869/869 871/871 872/872
f 923/923 871/871 869/869
f 871/871 923/923 924/924
f 872/872 870/870 869/869
f 870/870 872/872 903/903
f 904/904 903/903 872/872
f 867/867 869/869 870/870
f 922/922 869/869 867/867
f 869/869 922/922 923/923
f 870/870 868/868 867/867
f 868/868 870/870 902/902
f 903/903 902/902 870/870
f 865/865 867/867 868/868
f 921/921 867/867 865/865
f 867/867 921/921 922/922
f 868/868 866/866 865/865
f 866/866 868/868 901/901
f 902/902 901/901 868/868
f 863/863 865/865 866/866
f 920/920 865/865 863/863
f 865/865 920/920 921/921
f 866/866 864/864 863/863
f 864/864 866/866 900/900
f 901/901 900/900 866/866
f 861/861 863/863 864/864
f 919/919 863/863 861/861
f 863/863 919/919 920/920
f 864/864 862/862 861/861
f 862/862 864/864 899/899
f 900/900 899/899 864/864
f 859/859 861/861 862/862
f 918/918 861/861 859/859
f 861/861 918/918 919/919
f 862/862 860/860 859/859
f 860/860 862/862 898/898
f 899/899 898/898 862/862
f 856/856 859/859 860/860
f 917/917 859/859 856/856
f 859/859 917/917 918/918
f 860/860 857/857 856/856
f 857/857 860/860 897/897
f 898/898 897/897 860/860
f 856/856 916/916 917/917
f 897/897 895/895 857/857
f 939/939 940/940 941/941
f 951/951 939/939 941/941
f 940/940 942/942 941/941
f 942/942 943/943 941/941
f 943/943 944/944 941/941
f 944/944 945/945 941/941
f 945/945 946/946 941/941
f 946/946 947/947 941/941
f 947/947 948/948 941/941
f 948/948 949/949 941/941
f 949/949 950/950 941/941
f 950/950 951/951 941/941
f 952/952 953/953 954/954
f 954/954 955/955 952/952
f 953/953 952/952 956/956
f 956/956 957/957 953/953
f 957/957 956/956 958/958
f 958/958 959/959 957/957
f 959/959 958/958 960/960
f 960/960 961/961 959/959
f 961/961 960/960 962/962
f 962/962 963/963 961/961
f 963/963 962/962 964/964
f 964/964 965/965 963/963
f 965/965 964/964 966/966
f 966/966 967/967 965/965
f 967/967 966/966 968/968
f 968/968 969/969 967/967
f 969/969 968/968 970/970
f 970/970 971/971 969/969
f 971/971 970/970 972/972
f 972/972 973/973 971/971
f 973/973 972/972 974/974
f 974/974 975/975 973/973
f 975/975 974/974 976/976
f 976/976 977/977 975/975
f 977/977 976/976 978/978
f 978/978 979/979 977/977
f 979/979 978/978 980/980
f 980/980 981/981 979/979
f 981/981 980/980 982/982
f 982/982 983/983 981/981
f 983/983 982/982 984/984
f 984/984 985/985 983/983
f 985/985 984/984 986/986
f 986/986 987/987 985/985
f 986/986 955/955 954/954
f 954/954 987/987 986/986
f 988/988 989/989 990/990
f 990/990 991/991 988/988
f 992/992 988/988 991/991
f 989/989 1022/1022 1023/1023
f 1023/1023 990/990 989/989
f 1022/1022 1020/1020 1021/1021
f 1021/1021 1023/1023 1022/1022
f 1020/1020 1018/1018 1019/1019
f 1019/1019 1021/1021 1020/1020
f 1018/1018 1016/1016 1017/1017
f 1017/1017 1019/1019 1018/1018
f 1016/1016 1014/1014 1015/1015
f 1015/1015 1017/1017 1016/1016
f 1014/1014 1012/1012 1013/1013
f 1013/1013 1015/1015 1014/1014
f 1012/1012 1010/1010 1011/1011
f 1011/1011 1013/1013 1012/1012
f 1010/1010 1008/1008 1009/1009
f 1009/1009 1011/1011 1010/1010
f 1008/1008 1006/1006 1007/1007
f 1007/1007 1009/1009 1008/1008
f 1006/1006 1004/1004 1005/1005
f 1005/1005 1007/1007 1006/1006
f 1004/1004 1002/1002 1003/1003
f 1003/1003 1005/1005 1004/1004
f 1002/1002 1000/1000 1001/1001
f 1001/1001 1003/1003 1002/1002
f 1000/1000 998/998 999/999
f 999/999 1001/1001 1000/1000
f 998/998 996/996 997/997
f 997/997 999/999 998/998
f 996/996 994/994 995/995
f 995/995 997/997 996/996
f 994/994 992/992 993/993
f 993/993 995/995 994/994
f 991/991 993/993 992/992
f 1024/1024 1025/1025 1026/1026
f 1026/1026 1027/1027 1024/1024
f 1025/1025 1024/1024 1059/1059
f 1059/1059 1058/1058 1025/1025
f 1058/1058 1059/1059 1057/1057
f 1057/1057 1056/1056 1058/1058
f 1056/1056 1057/1057 1055/1055
f 1055/1055 1054/1054 1056/1056
f 1054/1054 1055/1055 1053/1053
f 1053/1053 1052/1052 1054/1054
f 1052/1052 1053/1053 1051/1051
f 1051/1051 1050/1050 1052/1052
f 1050/1050 1051/1051 1049/1049
f 1049/1049 1048/1048 1050/1050
f 1048/1048 1049/1049 1047/1047
f 1047/1047 1046/1046 1048/1048
f 1046/1046 1047/1047 1045/1045
f 1045/1045 1044/1044 1046/1046
f 1044/1044 1045/1045 1043/1043
f 1043/1043 1042/1042 1044/1044
f 1042/1042 1043/1043 1041/1041
f 1041/1041 1040/1040 1042/1042
f 1040/1040 1041/1041 1039/1039
f 1039/1039 1038/1038 1040/1040
f 1038/1038 1039/1039 1037/1037
f 1037/1037 1036/1036 1038/1038
f 1036/1036 1037/1037 1035/1035
f 1035/1035 1034/1034 1036/1036
f 1034/1034 1035/1035 1033/1033
f 1033/1033 1032/1032 1034/1034
f 1032/1032 1033/1033 1031/1031
f 1031/1031 1030/1030 1032/1032
f 1030/1030 1031/1031 1029/1029
f 1029/1029 1028/1028 1030/1030
f 1028/1028 1029/1029 1027/1027
f 1027/1027 1026/1026 1028/1028
f 1060/1060 1061/1061 1062/1062
f 1063/1063 1061/1061 1060/1060
f 1062/1062 1061/1061 1078/1078
f 1078/1078 1061/1061 1077/1077
f 1077/1077 1061/1061 1076/1076
f 1076/1076 1061/1061 1075/1075
f 1075/1075 1061/1061 1074/1074
f 1074/1074 1061/1061 1073/1073
f 1073/1073 1061/1061 1072/1072
f 1072/1072 1061/1061 1071/1071
f 1071/1071 1061/1061 1070/1070
f 1070/1070 1061/1061 1069/1069
f 1069/1069 1061/1061 1068/1068
f 1064/1064 1061/1061 1063/1063
f 1065/1065 1061/1061 1064/1064
f 1066/1066 1061/1061 1065/1065
f 1067/1067 1061/1061 1066/1066
f 1068/1068 1061/1061 1067/1067
f 1079/1079 1080/1080 1081/1081
f 1081/1081 1082/1082 1079/1079
f 1080/1080 1083/1083 1084/1084
f 1084/1084 1081/1081 1080/1080
f 1085/1085 1086/1086 1087/1087
f 1087/1087 1088/1088 1085/1085
f 1086/1086 1089/1089 1090/1090
f 1090/1090 1087/1087 1086/1086
f 1091/1091 1092/1092 1093/1093
f 1093/1093 1094/1094 1091/1091
f 1092/1092 1095/1095 1096/1096
f 1096/1096 1093/1093 1092/1092
f 1097/1097 1098/1098 1099/1099
f 1099/1099 1100/1100 1097/1097
f 1098/1098 1101/1101 1102/1102
f 1102/1102 1099/1099 1098/1098
f 1103/1103 1104/1104 1105/1105
f 1105/1105 1106/1106 1103/1103
f 1104/1104 1107/1107 1108/1108
f 1108/1108 1105/1105 1104/1104
f 1109/1109 1110/1110 1111/1111
f 1111/1111 1112/1112 1109/1109
f 1110/1110 1113/1113 1114/1114
f 1114/1114 1111/1111 1110/1110
f 1115/1115 1116/1116 1117/1117
f 1117/1117 1118/1118 1115/1115
f 1116/1116 1119/1119 1120/1120
f 1120/1120 1117/1117 1116/1116
f 1121/1121 1122/1122 1123/1123
f 1123/1123 1124/1124 1121/1121
f 1122/1122 1125/1125 1126/1126
f 1126/1126 1123/1123 1122/1122
f 1127/1127 1128/1128 1129/1129
f 1129/1129 1130/1130 1127/1127
f 1128/1128 1131/1131 1132/1132
f 1132/1132 1129/1129 1128/1128
f 1133/1133 1134/1134 1135/1135
f 1135/1135 1136/1136 1133/1133
f 1134/1134 1133/1133 1174/1174
f 1174/1174 1173/1173 1134/1134
f 1173/1173 1174/1174 1172/1172
f 1172/1172 1171/1171 1173/1173
f 1171/1171 1172/1172 1170/1170
f 1170/1170 1169/1169 1171/1171
f 1169/1169 1170/1170 1168/1168
f 1168/1168 1167/1167 1169/1169
f 1167/1167 1168/1168 1165/1165
f 1165/1165 1166/1166 1167/1167
f 1136/1136 1135/1135 1137/1137
f 1137/1137 1138/1138 1136/1136
f 1138/1138 1137/1137 1139/1139
f 1139/1139 1140/1140 1138/1138
f 1140/1140 1139/1139 1141/1141
f 1141/1141 1142/1142 1140/1140
f 1142/1142 1141/1141 1143/1143
f 1143/1143 1144/1144 1142/1142
f 1144/1144 1143/1143 1145/1145
f 1145/1145 1146/1146 1144/1144
f 1146/1146 1145/1145 1147/1147
f 1147/1147 1148/1148 1146/1146
f 1148/1148 1147/1147 1149/1149
f 1149/1149 1150/1150 1148/1148
f 1150/1150 1149/1149 1151/1151
f 1151/1151 1152/1152 1150/1150
f 1152/1152 1151/1151 1153/1153
f 1153/1153 1154/1154 1152/1152
f 1154/1154 1153/1153 1155/1155
f 1155/1155 1156/1156 1154/1154
f 1156/1156 1155/1155 1157/1157
f 1157/1157 1158/1158 1156/1156
f 1158/1158 1157/1157 1159/1159
f 1159/1159 1160/1160 1158/1158
f 1160/1160 1159/1159 1161/1161
f 1161/1161 1162/1162 1160/1160
f 1162/1162 1161/1161 1163/1163
f 1163/1163 1164/1164 1162/1162
f 1175/1175 1176/1176 1177/1177
f 1177/1177 1178/1178 1175/1175
f 1176/1176 1175/1175 1216/1216
f 1216/1216 1215/1215 1176/1176
f 1215/1215 1216/1216 1214/1214
f 1214/1214 1213/1213 1215/1215
f 1213/1213 1214/1214 1212/1212
f 1212/1212 1211/1211 1213/1213
f 1211/1211 1212/1212 1210/1210
f 1210/1210 1209/1209 1211/1211
f 1209/1209 1210/1210 1207/1207
f 1207/1207 1208/1208 1209/1209
f 1178/1178 1177/1177 1179/1179
f 1179/1179 1180/1180 1178/1178
f 1180/1180 1179/1179 1181/1181
f 1181/1181 1182/1182 1180/1180
f 1182/1182 1181/1181 1183/1183
f 1183/1183 1184/1184 1182/1182
f 1184/1184 1183/1183 1185/1185
f 1185/1185 1186/1186 1184/1184
f 1186/1186 1185/1185 1187/1187
f 1187/1187 1188/1188 1186/1186
f 1188/1188 1187/1187 1189/1189
f 1189/1189 1190/1190 1188/1188
f 1190/1190 1189/1189 1191/1191
f 1191/1191 1192/1192 1190/1190
f 1192/1192 1191/1191 1193/1193
f 1193/1193 1194/1194 1192/1192
f 1194/1194 1193/1193 1195/1195
f 1195/1195 1196/1196 1194/1194
f 1196/1196 1195/1195 1197/1197
f 1197/1197 1198/1198 1196/1196
f 1198/1198 1197/1197 1199/1199
f 1199/1199 1200/1200 1198/1198
f 1200/1200 1199/1199 1201/1201
f 1201/1201 1202/1202 1200/1200
f 1202/1202 1201/1201 1203/1203
f 1203/1203 1204/1204 1202/1202
f 1204/1204 1203/1203 1205/1205
f 1205/1205 1206/1206 1204/1204
f 1217/1217 1218/1218 1219/1219
f 1219/1219 1220/1220 1217/1217
f 1218/1218 1217/1217 1258/1258
f 1258/1258 1257/1257 1218/1218
f 1257/1257 1258/1258 1256/1256
f 1256/1256 1255/1255 1257/1257
f 1255/1255 1256/1256 1254/1254
f 1254/1254 1253/1253 1255/1255
f 1253/1253 1254/1254 1252/1252
f 1252/1252 1251/1251 1253/1253
f 1251/1251 1252/1252 1249/1249
f 1249/1249 1250/1250 1251/1251
f 1220/1220 1219/1219 1221/1221
f 1221/1221 1222/1222 1220/1220
f 1222/1222 1221/1221 1223/1223
f 1223/1223 1224/1224 1222/1222
f 1224/1224 1223/1223 1225/1225
f 1225/1225 1226/1226 1224/1224
f 1226/1226 1225/1225 1227/1227
f 1227/1227 1228/1228 1226/1226
f 1228/1228 1227/1227 1229/1229
f 1229/1229 1230/1230 1228/1228
f 1230/1230 1229/1229 1231/1231
f 1231/1231 1232/1232 1230/1230
f 1232/1232 1231/1231 1233/1233
f 1233/1233 1234/1234 1232/1232
f 1234/1234 1233/1233 1235/1235
f 1235/1235 1236/1236 1234/1234
f 1236/1236 1235/1235 1237/1237
f 1237/1237 1238/1238 1236/1236
f 1238/1238 1237/1237 1239/1239
f 1239/1239 1240/1240 1238/1238
f 1240/1240 1239/1239 1241/1241
f 1241/1241 1242/1242 1240/1240
f 1242/1242 1241/1241 1243/1243
f 1243/1243 1244/1244 1242/1242
f 1244/1244 1243/1243 1245/1245
f 1245/1245 1246/1246 1244/1244
f 1246/1246 1245/1245 1247/1247
f 1247/1247 1248/1248 1246/1246
f 1259/1259 1260/1260 1261/1261
f 1261/1261 1262/1262 1259/1259
f 1260/1260 1259/1259 1300/1300
f 1300/1300 1299/1299 1260/1260
f 1299/1299 1300/1300 1298/1298
f 1298/1298 1297/1297 1299/1299
f 1297/1297 1298/1298 1296/1296
f 1296/1296 1295/1295 1297/1297
f 1295/1295 1296/1296 1294/1294
f 1294/1294 1293/1293 1295/1295
f 1293/1293 1294/1294 1291/1291
f 1291/1291 1292/1292 1293/1293
f 1262/1262 1261/1261 1263/1263
f 1263/1263 1264/1264 1262/1262
f 1264/1264 1263/1263 1265/1265
f 1265/1265 1266/1266 1264/1264
f 1266/1266 1265/1265 1267/1267
f 1267/1267 1268/1268 1266/1266
f 1268/1268 1267/1267 1269/1269
f 1269/1269 1270/1270 1268/1268
f 1270/1270 1269/1269 1271/1271
f 1271/1271 1272/1272 1270/1270
f 1272/1272 1271/1271 1273/1273
f 1273/1273 1274/1274 1272/1272
f 1274/1274 1273/1273 1275/1275
f 1275/1275 1276/1276 1274/1274
f 1276/1276 1275/1275 1277/1277
f 1277/1277 1278/1278 1276/1276
f 1278/1278 1277/1277 1279/1279
f 1279/1279 1280/1280 1278/1278
f 1280/1280 1279/1279 1281/1281
f 1281/1281 1282/1282 1280/1280
f 1282/1282 1281/1281 1283/1283
f 1283/1283 1284/1284 1282/1282
f 1284/1284 1283/1283 1285/1285
f 1285/1285 1286/1286 1284/1284
f 1286/1286 1285/1285 1287/1287
f 1287/1287 1288/1288 1286/1286
f 1288/1288 1287/1287 1289/1289
f 1289/1289 1290/1290 1288/1288
f 1301/1301 1302/1302 1303/1303
f 1303/1303 1304/1304 1301/1301
f 1339/1339 1301/1301 1304/1304
f 1301/1301 1361/1361 1362/1362
f 1362/1362 1302/1302 1301/1301
f 1361/1361 1301/1301 1339/1339
f 1304/1304 1340/1340 1339/1339
f 1304/1304 1303/1303 1341/1341
f 1341/1341 1342/1342 1304/1304
f 1340/1340 1304/1304 1342/1342
f 1337/1337 1339/1339 1340/1340
f 1380/1380 1339/1339 1337/1337
f 1339/1339 1380/1380 1361/1361
f 1340/1340 1338/1338 1337/1337
f 1338/1338 1340/1340 1360/1360
f 1342/1342 1360/1360 1340/1340
f 1335/1335 1337/1337 1338/1338
f 1379/1379 1337/1337 1335/1335
f 1337/1337 1379/1379 1380/1380
f 1338/1338 1336/1336 1335/1335
f 1336/1336 1338/1338 1359/1359
f 1360/1360 1359/1359 1338/1338
f 1333/1333 1335/1335 1336/1336
f 1378/1378 1335/1335 1333/1333
f 1335/1335 1378/1378 1379/1379
f 1336/1336 1334/1334 1333/1333
f 1334/1334 1336/1336 1358/1358
f 1359/1359 1358/1358 1336/1336
f 1331/1331 1333/1333 1334/1334
f 1377/1377 1333/1333 1331/1331
f 1333/1333 1377/1377 1378/1378
f 1334/1334 1332/1332 1331/1331
f 1332/1332 1334/1334 1357/1357
f 1358/1358 1357/1357 1334/1334
f 1329/1329 1331/1331 1332/1332
f 1376/1376 1331/1331 1329/1329
f 1331/1331 1376/1376 1377/1377
f 1332/1332 1330/1330 1329/1329
f 1330/1330 1332/1332 1356/1356
f 1357/1357 1356/1356 1332/1332
f 1327/1327 1329/1329 1330/1330
f 1375/1375 1329/1329 1327/1327
f 1329/1329 1375/1375 1376/1376
f 1330/1330 1328/1328 1327/1327
f 1328/1328 1330/1330 1355/1355
f 1356/1356 1355/1355 1330/1330
f 1325/1325 1327/1327 1328/1328
f 1374/1374 1327/1327 1325/1325
f 1327/1327 1374/1374 1375/1375
f 1328/1328 1326/1326 1325/1325
f 1326/1326 1328/1328 1354/1354
f 1355/1355 1354/1354 1328/1328
f 1323/1323 1325/1325 1326/1326
f 1373/1373 1325/1325 1323/1323
f 1325/1325 1373/1373 1374/1374
f 1326/1326 1324/1324 1323/1323
f 1324/1324 1326/1326 1353/1353
f 1354/1354 1353/1353 1326/1326
f 1321/1321 1323/1323 1324/1324
f 1372/1372 1323/1323 1321/1321
f 1323/1323 1372/1372 1373/1373
f 1324/1324 1322/1322 1321/1321
f 1322/1322 1324/1324 1352/1352
f 1353/1353 1352/1352 1324/1324
f 1319/1319 1321/1321 1322/1322
f 1371/1371 1321/1321 1319/1319
f 1321/1321 1371/1371 1372/1372
f 1322/1322 1320/1320 1319/1319
f 1320/1320 1322/1322 1351/1351
f 1352/1352 1351/1351 1322/1322
f 1317/1317 1319/1319 1320/1320
f 1370/1370 1319/1319 1317/1317
f 1319/1319 1370/1370 1371/1371
f 1320/1320 1318/1318 1317/1317
f 1318/1318 1320/1320 1350/1350
f 1351/1351 1350/1350 1320/1320
f 1315/1315 1317/1317 1318/1318
f 1369/1369 1317/1317 1315/1315
f 1317/1317 1369/1369 1370/1370
f 1318/1318 1316/1316 1315/1315
f 1316/1316 1318/1318 1349/1349
f 1350/1350 1349/1349 1318/1318
f 1313/1313 1315/1315 1316/1316
f 1368/1368 1315/1315 1313/1313
f 1315/1315 1368/1368 1369/1369
f 1316/1316 1314/1314 1313/1313
f 1314/1314 1316/1316 1348/1348
f 1349/1349 1348/1348 1316/1316
f 1311/1311 1313/1313 1314/1314
f 1367/1367 1313/1313 1311/1311
f 1313/1313 1367/1367 1368/1368
f 1314/1314 1312/1312 1311/1311
f 1312/1312 1314/1314 1347/1347
f 1348/1348 1347/1347 1314/1314
f 1309/1309 1311/1311 1312/1312
f 1366/1366 1311/1311 1309/1309
f 1311/1311 1366/1366 1367/1367
f 1312/1312 1310/1310 1309/1309
f 1310/1310 1312/1312 1346/1346
f 1347/1347 1346/1346 1312/1312
f 1307/1307 1309/1309 1310/1310
f 1365/1365 1309/1309 1307/1307
f 1309/1309 1365/1365 1366/1366
f 1310/1310 1308/1308 1307/1307
f 1308/1308 1310/1310 1345/1345
f 1346/1346 1345/1345 1310/1310
f 1305/1305 1307/1307 1308/1308
f 1364/1364 1307/1307 1305/1305
f 1307/1307 1364/1364 1365/1365
f 1308/1308 1306/1306 1305/1305
f 1306/1306 1308/1308 1344/1344
f 1345/1345 1344/1344 1308/1308
f 1302/1302 1305/1305 1306/1306
f 1363/1363 1305/1305 1302/1302
f 1305/1305 1363/1363 1364/1364
f 1306/1306 1303/1303 1302/1302
f 1303/1303 1306/1306 1343/1343
f 1344/1344 1343/1343 1306/1306
f 1302/1302 1362/1362 1363/1363
f 1343/1343 1341/1341 1303/1303
f 1381/1381 1382/1382 1383/1383
f 1383/1383 1384/1384 1381/1381
f 1382/1382 1381/1381 1385/1385
f 1385/1385 1386/1386 1382/1382
f 1386/1386 1385/1385 1501/1501
f 1501/1501 1502/1502 1386/1386
f 1389/1389 1502/1502 1501/1501
f 1501/1501 1390/1390 1389/1389
f 1387/1387 1388/1388 1389/1389
f 1389/1389 1390/1390 1387/1387
f 1420/1420 1384/1384 1383/1383
f 1383/1383 1419/1419 1420/1420
f 1420/1420 1419/1419 1415/1415
f 1415/1415 1418/1418 1420/1420
f 1415/1415 1416/1416 1417/1417
f 1417/1417 1418/1418 1415/1415
f 1417/1417 1416/1416 1412/1412
f 1412/1412 1411/1411 1417/1417
f 1411/1411 1412/1412 1413/1413
f 1413/1413 1414/1414 1411/1411
f 1391/1391 1392/1392 1393/1393
f 1393/1393 1394/1394 1391/1391
f 1392/1392 1391/1391 1395/1395
f 1395/1395 1396/1396 1392/1392
f 1396/1396 1395/1395 1397/1397
f 1397/1397 1398/1398 1396/1396
f 1401/1401 1398/1398 1397/1397
f 1397/1397 1402/1402 1401/1401
f 1399/1399 1400/1400 1401/1401
f 1401/1401 1402/1402 1399/1399
f 1400/1400 1399/1399 1403/1403
f 1403/1403 1404/1404 1400/1400
f 1503/1503 1404/1404 1403/1403
f 1403/1403 1504/1504 1503/1503
f 1406/1406 1503/1503 1504/1504
f 1504/1504 1407/1407 1406/1406
f 1405/1405 1406/1406 1407/1407
f 1407/1407 1408/1408 1405/1405
f 1409/1409 1410/1410 1405/1405
f 1405/1405 1408/1408 1409/1409
f 1421/1421 1422/1422 1423/1423
f 1423/1423 1424/1424 1421/1421
f 1422/1422 1421/1421 1425/1425
f 1462/1462 1421/1421 1424/1424
f 1421/1421 1462/1462 1463/1463
f 1463/1463 1425/1425 1421/1421
f 1424/1424 1423/1423 1460/1460
f 1460/1460 1459/1459 1424/1424
f 1424/1424 1461/1461 1462/1462
f 1461/1461 1424/1424 1459/1459
f 1459/1459 1460/1460 1458/1458
f 1458/1458 1460/1460 1500/1500
f 1482/1482 1500/1500 1460/1460
f 1460/1460 1423/1423 1482/1482
f 1458/1458 1457/1457 1459/1459
f 1480/1480 1459/1459 1457/1457
f 1459/1459 1480/1480 1461/1461
f 1457/1457 1458/1458 1456/1456
f 1456/1456 1458/1458 1499/1499
f 1500/1500 1499/1499 1458/1458
f 1456/1456 1455/1455 1457/1457
f 1479/1479 1457/1457 1455/1455
f 1457/1457 1479/1479 1480/1480
f 1455/1455 1456/1456 1454/1454
f 1454/1454 1456/1456 1498/1498
f 1499/1499 1498/1498 1456/1456
f 1454/1454 1453/1453 1455/1455
f 1478/1478 1455/1455 1453/1453
f 1455/1455 1478/1478 1479/1479
f 1453/1453 1454/1454 1452/1452
f 1452/1452 1454/1454 1497/1497
f 1498/1498 1497/1497 1454/1454
f 1452/1452 1451/1451 1453/1453
f 1477/1477 1453/1453 1451/1451
f 1453/1453 1477/1477 1478/1478
f 1451/1451 1452/1452 1450/1450
f 1450/1450 1452/1452 1496/1496
f 1497/1497 1496/1496 1452/1452
f 1450/1450 1449/1449 1451/1451
f 1476/1476 1451/1451 1449/1449
f 1451/1451 1476/1476 1477/1477
f 1449/1449 1450/1450 1448/1448
f 1448/1448 1450/1450 1495/1495
f 1496/1496 1495/1495 1450/1450
f 1448/1448 1447/1447 1449/1449
f 1475/1475 1449/1449 1447/1447
f 1449/1449 1475/1475 1476/1476
f 1447/1447 1448/1448 1446/1446
f 1446/1446 1448/1448 1494/1494
f 1495/1495 1494/1494 1448/1448
f 1446/1446 1445/1445 1447/1447
f 1474/1474 1447/1447 1445/1445
f 1447/1447 1474/1474 1475/1475
f 1445/1445 1446/1446 1444/1444
f 1444/1444 1446/1446 1493/1493
f 1494/1494 1493/1493 1446/1446
f 1444/1444 1443/1443 1445/1445
f 1473/1473 1445/1445 1443/1443
f 1445/1445 1473/1473 1474/1474
f 1443/1443 1444/1444 1442/1442
f 1442/1442 1444/1444 1492/1492
f 1493/1493 1492/1492 1444/1444
f 1442/1442 1441/1441 1443/1443
f 1472/1472 1443/1443 1441/1441
f 1443/1443 1472/1472 1473/1473
f 1441/1441 1442/1442 1440/1440
f 1440/1440 1442/1442 1491/1491
f 1492/1492 1491/1491 1442/1442
f 1440/1440 1439/1439 1441/1441
f 1471/1471 1441/1441 1439/1439
f 1441/1441 1471/1471 1472/1472
f 1439/1439 1440/1440 1438/1438
f 1438/1438 1440/1440 1490/1490
f 1491/1491 1490/1490 1440/1440
f 1438/1438 1437/1437 1439/1439
f 1470/1470 1439/1439 1437/1437
f 1439/1439 1470/1470 1471/1471
f 1437/1437 1438/1438 1436/1436
f 1436/1436 1438/1438 1489/1489
f 1490/1490 1489/1489 1438/1438
f 1436/1436 1435/1435 1437/1437
f 1469/1469 1437/1437 1435/1435
f 1437/1437 1469/1469 1470/1470
f 1435/1435 1436/1436 1434/1434
f 1434/1434 1436/1436 1488/1488
f 1489/1489 1488/1488 1436/1436
f 1434/1434 1433/1433 1435/1435
f 1468/1468 1435/1435 1433/1433
f 1435/1435 1468/1468 1469/1469
f 1433/1433 1434/1434 1432/1432
f 1432/1432 1434/1434 1487/1487
f 1488/1488 1487/1487 1434/1434
f 1432/1432 1431/1431 1433/1433
f 1467/1467 1433/1433 1431/1431
f 1433/1433 1467/1467 1468/1468
f 1431/1431 1432/1432 1430/1430
f 1430/1430 1432/1432 1486/1486
f 1487/1487 1486/1486 1432/1432
f 1430/1430 1429/1429 1431/1431
f 1466/1466 1431/1431 1429/1429
f 1431/1431 1466/1466 1467/1467
f 1429/1429 1430/1430 1428/1428
f 1428/1428 1430/1430 1485/1485
f 1486/1486 1485/1485 1430/1430
f 1428/1428 1427/1427 1429/1429
f 1465/1465 1429/1429 1427/1427
f 1429/1429 1465/1465 1466/1466
f 1427/1427 1428/1428 1426/1426
f 1426/1426 1428/1428 1484/1484
f 1485/1485 1484/1484 1428/1428
f 1426/1426 1425/1425 1427/1427
f 1464/1464 1427/1427 1425/1425
f 1427/1427 1464/1464 1465/1465
f 1425/1425 1426/1426 1422/1422
f 1422/1422 1426/1426 1483/1483
f 1484/1484 1483/1483 1426/1426
f 1425/1425 1463/1463 1464/1464
f 1483/1483 1481/1481 1422/1422
f 1423/1423 1422/1422 1481/1481
f 1481/1481 1482/1482 1423/1423
f 1505/1505 1506/1506 1507/1507
f 1517/1517 1506/1506 1505/1505
f 1507/1507 1506/1506 1508/1508
f 1508/1508 1506/1506 1509/1509
f 1509/1509 1506/1506 1510/1510
f 1510/1510 1506/1506 1511/1511
f 1511/1511 1506/1506 1512/1512
f 1512/1512 1506/1506 1513/1513
f 1513/1513 1506/1506 1514/1514
f 1514/1514 1506/1506 1515/1515
f 1515/1515 1506/1506 1516/1516
f 1516/1516 1506/1506 1517/1517
f 1518/1518 1519/1519 1520/1520
f 1520/1520 1521/1521 1518/1518
f 1553/1553 1552/1552 1518/1518
f 1518/1518 1521/1521 1553/1553
f 1519/1519 1522/1522 1523/1523
f 1523/1523 1520/1520 1519/1519
f 1522/1522 1524/1524 1525/1525
f 1525/1525 1523/1523 1522/1522
f 1524/1524 1526/1526 1527/1527
f 1527/1527 1525/1525 1524/1524
f 1526/1526 1528/1528 1529/1529
f 1529/1529 1527/1527 1526/1526
f 1528/1528 1530/1530 1531/1531
f 1531/1531 1529/1529 1528/1528
f 1530/1530 1532/1532 1533/1533
f 1533/1533 1531/1531 1530/1530
f 1532/1532 1534/1534 1535/1535
f 1535/1535 1533/1533 1532/1532
f 1534/1534 1536/1536 1537/1537
f 1537/1537 1535/1535 1534/1534
f 1536/1536 1538/1538 1539/1539
f 1539/1539 1537/1537 1536/1536
f 1538/1538 1540/1540 1541/1541
f 1541/1541 1539/1539 1538/1538
f 1540/1540 1542/1542 1543/1543
f 1543/1543 1541/1541 1540/1540
f 1542/1542 1544/1544 1545/1545
f 1545/1545 1543/1543 1542/1542
f 1544/1544 1546/1546 1547/1547
f 1547/1547 1545/1545 1544/1544
f 1546/1546 1548/1548 1549/1549
f 1549/1549 1547/1547 1546/1546
f 1548/1548 1550/1550 1551/1551
f 1551/1551 1549/1549 1548/1548
f 1550/1550 1552/1552 1553/1553
f 1553/1553 1551/1551 1550/1550
f 1554/1554 1555/1555 1556/1556
f 1556/1556 1557/1557 1554/1554
f 1555/1555 1554/1554 1558/1558
f 1558/1558 1559/1559 1555/1555
f 1559/1559 1558/1558 1560/1560
f 1560/1560 1561/1561 1559/1559
f 1561/1561 1560/1560 1562/1562
f 1562/1562 1563/1563 1561/1561
f 1563/1563 1562/1562 1564/1564
f 1564/1564 1565/1565 1563/1563
f 1565/1565 1564/1564 1566/1566
f 1566/1566 1567/1567 1565/1565
f 1567/1567 1566/1566 1568/1568
f 1568/1568 1569/1569 1567/1567
f 1569/1569 1568/1568 1570/1570
f 1570/1570 1571/1571 1569/1569
f 1571/1571 1570/1570 1572/1572
f 1572/1572 1573/1573 1571/1571
f 1573/1573 1572/1572 1574/1574
f 1574/1574 1575/1575 1573/1573
f 1575/1575 1574/1574 1576/1576
f 1576/1576 1577/1577 1575/1575
f 1577/1577 1576/1576 1578/1578
f 1578/1578 1579/1579 1577/1577
f 1579/1579 1578/1578 1580/1580
f 1580/1580 1581/1581 1579/1579
f 1581/1581 1580/1580 1582/1582
f 1582/1582 1583/1583 1581/1581
f 1583/1583 1582/1582 1584/1584
f 1584/1584 1585/1585 1583/1583
f 1585/1585 1584/1584 1586/1586
f 1586/1586 1587/1587 1585/1585
f 1587/1587 1586/1586 1588/1588
f 1588/1588 1589/1589 1587/1587
f 1589/1589 1588/1588 1557/1557
f 1557/1557 1556/1556 1589/1589
f 1590/1590 1591/1591 1592/1592
f 1592/1592 1593/1593 1590/1590
f 1624/1624 1590/1590 1593/1593
f 1591/1591 1594/1594 1595/1595
f 1595/1595 1592/1592 1591/1591
f 1594/1594 1596/1596 1597/1597
f 1597/1597 1595/1595 1594/1594
f 1596/1596 1598/1598 1599/1599
f 1599/1599 1597/1597 1596/1596
f 1598/1598 1600/1600 1601/1601
f 1601/1601 1599/1599 1598/1598
f 1600/1600 1602/1602 1603/1603
f 1603/1603 1601/1601 1600/1600
f 1602/1602 1604/1604 1605/1605
f 1605/1605 1603/1603 1602/1602
f 1604/1604 1606/1606 1607/1607
f 1607/1607 1605/1605 1604/1604
f 1606/1606 1608/1608 1609/1609
f 1609/1609 1607/1607 1606/1606
f 1608/1608 1610/1610 1611/1611
f 1611/1611 1609/1609 1608/1608
f 1610/1610 1612/1612 1613/1613
f 1613/1613 1611/1611 1610/1610
f 1612/1612 1614/1614 1615/1615
f 1615/1615 1613/1613 1612/1612
f 1614/1614 1616/1616 1617/1617
f 1617/1617 1615/1615 1614/1614
f 1616/1616 1618/1618 1619/1619
f 1619/1619 1617/1617 1616/1616
f 1618/1618 1620/1620 1621/1621
f 1621/1621 1619/1619 1618/1618
f 1620/1620 1622/1622 1623/1623
f 1623/1623 1621/1621 1620/1620
f 1622/1622 1624/1624 1625/1625
f 1625/1625 1623/1623 1622/1622
f 1593/1593 1625/1625 1624/1624
f 1626/1626 1627/1627 1628/1628
f 1629/1629 1626/1626 1628/1628
f 1627/1627 1644/1644 1628/1628
f 1644/1644 1643/1643 1628/1628
f 1643/1643 1642/1642 1628/1628
f 1642/1642 1641/1641 1628/1628
f 1641/1641 1640/1640 1628/1628
f 1640/1640 1639/1639 1628/1628
f 1639/1639 1638/1638 1628/1628
f 1638/1638 1637/1637 1628/1628
f 1637/1637 1636/1636 1628/1628
f 1636/1636 1635/1635 1628/1628
f 1635/1635 1634/1634 1628/1628
f 1634/1634 1633/1633 1628/1628
f 1630/1630 1629/1629 1628/1628
f 1631/1631 1630/1630 1628/1628
f 1632/1632 1631/1631 1628/1628
f 1633/1633 1632/1632 1628/1628
f 1645/1645 1646/1646 1647/1647
f 1647/1647 1648/1648 1645/1645
f 1646/1646 1645/1645 1649/1649
f 1649/1649 1650/1650 1646/1646
f 1651/1651 1652/1652 1653/1653
f 1653/1653 1654/1654 1651/1651
f 1652/1652 1651/1651 1655/1655
f 1655/1655 1656/1656 1652/1652
f 1657/1657 1658/1658 1659/1659
f 1659/1659 1660/1660 1657/1657
f 1658/1658 1657/1657 1661/1661
f 1661/1661 1662/1662 1658/1658
f 1663/1663 1664/1664 1665/1665
f 1665/1665 1666/1666 1663/1663
f 1664/1664 1663/1663 1667/1667
f 1667/1667 1668/1668 1664/1664
f 1669/1669 1670/1670 1671/1671
f 1671/1671 1672/1672 1669/1669
f 1670/1670 1669/1669 1673/1673
f 1673/1673 1674/1674 1670/1670
f 1675/1675 1676/1676 1677/1677
f 1677/1677 1678/1678 1675/1675
f 1676/1676 1675/1675 1679/1679
f 1679/1679 1680/1680 1676/1676
f 1681/1681 1682/1682 1683/1683
f 1683/1683 1684/1684 1681/1681
f 1682/1682 1681/1681 1685/1685
f 1685/1685 1686/1686 1682/1682
f 1687/1687 1688/1688 1689/1689
f 1689/1689 1690/1690 1687/1687
f 1688/1688 1687/1687 1691/1691
f 1691/1691 1692/1692 1688/1688
f 1693/1693 1694/1694 1695/1695
f 1695/1695 1696/1696 1693/1693
f 1694/1694 1693/1693 1697/1697
f 1697/1697 1698/1698 1694/1694
f 1699/1699 1700/1700 1701/1701
f 1701/1701 1702/1702 1699/1699
f 1700/1700 1699/1699 1740/1740
f 1740/1740 1739/1739 1700/1700
f 1739/1739 1740/1740 1738/1738
f 1738/1738 1737/1737 1739/1739
f 1737/1737 1738/1738 1736/1736
f 1736/1736 1735/1735 1737/1737
f 1735/1735 1736/1736 1734/1734
f 1734/1734 1733/1733 1735/1735
f 1733/1733 1734/1734 1731/1731
f 1731/1731 1732/1732 1733/1733
f 1702/1702 1701/1701 1703/1703
f 1703/1703 1704/1704 1702/1702
f 1704/1704 1703/1703 1705/1705
f 1705/1705 1706/1706 1704/1704
f 1706/1706 1705/1705 1707/1707
f 1707/1707 1708/1708 1706/1706
f 1708/1708 1707/1707 1709/1709
f 1709/1709 1710/1710 1708/1708
f 1710/1710 1709/1709 1711/1711
f 1711/1711 1712/1712 1710/1710
f 1712/1712 1711/1711 1713/1713
f 1713/1713 1714/1714 1712/1712
f 1714/1714 1713/1713 1715/1715
f 1715/1715 1716/1716 1714/1714
f 1716/1716 1715/1715 1717/1717
f 1717/1717 1718/1718 1716/1716
f 1718/1718 1717/1717 1719/1719
f 1719/1719 1720/1720 1718/1718
f 1720/1720 1719/1719 1721/1721
f 1721/1721 1722/1722 1720/1720
f 1722/1722 1721/1721 1723/1723
f 1723/1723 1724/1724 1722/1722
f 1724/1724 1723/1723 1725/1725
f 1725/1725 1726/1726 1724/1724
f 1726/1726 1725/1725 1727/1727
f 1727/1727 1728/1728 1726/1726
f 1728/1728 1727/1727 1729/1729
f 1729/1729 1730/1730 1728/1728
f 1741/1741 1742/1742 1743/1743
f 1743/1743 1744/1744 1741/1741
f 1742/1742 1741/1741 1782/1782
f 1782/1782 1781/1781 1742/1742
f 1781/1781 1782/1782 1780/1780
f 1780/1780 1779/1779 1781/1781
f 1779/1779 1780/1780 1778/1778
f 1778/1778 1777/1777 1779/1779
f 1777/1777 1778/1778 1776/1776
f 1776/1776 1775/1775 1777/1777
f 1775/1775 1776/1776 1773/1773
f 1773/1773 1774/1774 1775/1775
f 1744/1744 1743/1743 1745/1745
f 1745/1745 1746/1746 1744/1744
f 1746/1746 1745/1745 1747/1747
f 1747/1747 1748/1748 1746/1746
f 1748/1748 1747/1747 1749/1749
f 1749/1749 1750/1750 1748/1748
f 1750/1750 1749/1749 1751/1751
f 1751/1751 1752/1752 1750/1750
f 1752/1752 1751/1751 1753/1753
f 1753/1753 1754/1754 1752/1752
f 1754/1754 1753/1753 1755/1755
f 1755/1755 1756/1756 1754/1754
f 1756/1756 1755/1755 1757/1757
f 1757/1757 1758/1758 1756/1756
f 1758/1758 1757/1757 1759/1759
f 1759/1759 1760/1760 1758/1758
f 1760/1760 1759/1759 1761/1761
f 1761/1761 1762/1762 1760/1760
f 1762/1762 1761/1761 1763/1763
f 1763/1763 1764/1764 1762/1762
f 1764/1764 1763/1763 1765/1765
f 1765/1765 1766/1766 1764/1764
f 1766/1766 1765/1765 1767/1767
f 1767/1767 1768/1768 1766/1766
f 1768/1768 1767/1767 1769/1769
f 1769/1769 1770/1770 1768/1768
f 1770/1770 1769/1769 1771/1771
f 1771/1771 1772/1772 1770/1770
f 1783/1783 1784/1784 1785/1785
f 1785/1785 1786/1786 1783/1783
f 1784/1784 1783/1783 1824/1824
f 1824/1824 1823/1823 1784/1784
f 1823/1823 1824/1824 1822/1822
f 1822/1822 1821/1821 1823/1823
f 1821/1821 1822/1822 1820/1820
f 1820/1820 1819/1819 1821/1821
f 1819/1819 1820/1820 1818/1818
f 1818/1818 1817/1817 1819/1819
f 1817/1817 1818/1818 1815/1815
f 1815/1815 1816/1816 1817/1817
f 1786/1786 1785/1785 1787/1787
f 1787/1787 1788/1788 1786/1786
f 1788/1788 1787/1787 1789/1789
f 1789/1789 1790/1790 1788/1788
f 1790/1790 1789/1789 1791/1791
f 1791/1791 1792/1792 1790/1790
f 1792/1792 1791/1791 1793/1793
f 1793/1793 1794/1794 1792/1792
f 1794/1794 1793/1793 1795/1795
f 1795/1795 1796/1796 1794/1794
f 1796/1796 1795/1795 1797/1797
f 1797/1797 1798/1798 1796/1796
f 1798/1798 1797/1797 1799/1799
f 1799/1799 1800/1800 1798/1798
f 1800/1800 1799/1799 1801/1801
f 1801/1801 1802/1802 1800/1800
f 1802/1802 1801/1801 1803/1803
f 1803/1803 1804/1804 1802/1802
f 1804/1804 1803/1803 1805/1805
f 1805/1805 1806/1806 1804/1804
f 1806/1806 1805/1805 1807/1807
f 1807/1807 1808/1808 1806/1806
f 1808/1808 1807/1807 1809/1809
f 1809/1809 1810/1810 1808/1808
f 1810/1810 1809/1809 1811/1811
f 1811/1811 1812/1812 1810/1810
f 1812/1812 1811/1811 1813/1813
f 1813/1813 1814/1814 1812/1812
f 1825/1825 1826/1826 1827/1827
f 1827/1827 1828/1828 1825/1825
f 1826/1826 1825/1825 1866/1866
f 1866/1866 1865/1865 1826/1826
f 1865/1865 1866/1866 1864/1864
f 1864/1864 1863/1863 1865/1865
f 1863/1863 1864/1864 1862/1862
f 1862/1862 1861/1861 1863/1863
f 1861/1861 1862/1862 1860/1860
f 1860/1860 1859/1859 1861/1861
f 1859/1859 1860/1860 1857/1857
f 1857/1857 1858/1858 1859/1859
f 1828/1828 1827/1827 1829/1829
f 1829/1829 1830/1830 1828/1828
f 1830/1830 1829/1829 1831/1831
f 1831/1831 1832/1832 1830/1830
f 1832/1832 1831/1831 1833/1833
f 1833/1833 1834/1834 1832/1832
f 1834/1834 1833/1833 1835/1835
f 1835/1835 1836/1836 1834/1834
f 1836/1836 1835/1835 1837/1837
f 1837/1837 1838/1838 1836/1836
f 1838/1838 1837/1837 1839/1839
f 1839/1839 1840/1840 1838/1838
f 1840/1840 1839/1839 1841/1841
f 1841/1841 1842/1842 1840/1840
f 1842/1842 1841/1841 1843/1843
f 1843/1843 1844/1844 1842/1842
f 1844/1844 1843/1843 1845/1845
f 1845/1845 1846/1846 1844/1844
f 1846/1846 1845/1845 1847/1847
f 1847/1847 1848/1848 1846/1846
f 1848/1848 1847/1847 1849/1849
f 1849/1849 1850/1850 1848/1848
f 1850/1850 1849/1849 1851/1851
f 1851/1851 1852/1852 1850/1850
f 1852/1852 1851/1851 1853/1853
f 1853/1853 1854/1854 1852/1852
f 1854/1854 1853/1853 1855/1855
f 1855/1855 1856/1856 1854/1854
f 1867/1867 1868/1868 1869/1869
f 1869/1869 1870/1870 1867/1867
f 1905/1905 1867/1867 1870/1870
f 1867/1867 1927/1927 1928/1928
f 1928/1928 1868/1868 1867/1867
f 1927/1927 1867/1867 1905/1905
f 1870/1870 1906/1906 1905/1905
f 1870/1870 1869/1869 1907/1907
f 1907/1907 1908/1908 1870/1870
f 1906/1906 1870/1870 1908/1908
f 1903/1903 1905/1905 1906/1906
f 1946/1946 1905/1905 1903/1903
f 1905/1905 1946/1946 1927/1927
f 1906/1906 1904/1904 1903/1903
f 1904/1904 1906/1906 1926/1926
f 1908/1908 1926/1926 1906/1906
f 1901/1901 1903/1903 1904/1904
f 1945/1945 1903/1903 1901/1901
f 1903/1903 1945/1945 1946/1946
f 1904/1904 1902/1902 1901/1901
f 1902/1902 1904/1904 1925/1925
f 1926/1926 1925/1925 1904/1904
f 1899/1899 1901/1901 1902/1902
f 1944/1944 1901/1901 1899/1899
f 1901/1901 1944/1944 1945/1945
f 1902/1902 1900/1900 1899/1899
f 1900/1900 1902/1902 1924/1924
f 1925/1925 1924/1924 1902/1902
f 1897/1897 1899/1899 1900/1900
f 1943/1943 1899/1899 1897/1897
f 1899/1899 1943/1943 1944/1944
f 1900/1900 1898/1898 1897/1897
f 1898/1898 1900/1900 1923/1923
f 1924/1924 1923/1923 1900/1900
f 1895/1895 1897/1897 1898/1898
f 1942/1942 1897/1897 1895/1895
f 1897/1897 1942/1942 1943/1943
f 1898/1898 1896/1896 1895/1895
f 1896/1896 1898/1898 1922/1922
f 1923/1923 1922/1922 1898/1898
f 1893/1893 1895/1895 1896/1896
f 1941/1941 1895/1895 1893/1893
f 1895/1895 1941/1941 1942/1942
f 1896/1896 1894/1894 1893/1893
f 1894/1894 1896/1896 1921/1921
f 1922/1922 1921/1921 1896/1896
f 1891/1891 1893/1893 1894/1894
f 1940/1940 1893/1893 1891/1891
f 1893/1893 1940/1940 1941/1941
f 1894/1894 1892/1892 1891/1891
f 1892/1892 1894/1894 1920/1920
f 1921/1921 1920/1920 1894/1894
f 1889/1889 1891/1891 1892/1892
f 1939/1939 1891/1891 1889/1889
f 1891/1891 1939/1939 1940/1940
f 1892/1892 1890/1890 1889/1889
f 1890/1890 1892/1892 1919/1919
f 1920/1920 1919/1919 1892/1892
f 1887/1887 1889/1889 1890/1890
f 1938/1938 1889/1889 1887/1887
f 1889/1889 1938/1938 1939/1939
f 1890/1890 1888/1888 1887/1887
f 1888/1888 1890/1890 1918/1918
f 1919/1919 1918/1918 1890/1890
f 1885/1885 1887/1887 1888/1888
f 1937/1937 1887/1887 1885/1885
f 1887/1887 1937/1937 1938/1938
f 1888/1888 1886/1886 1885/1885
f 1886/1886 1888/1888 1917/1917
f 1918/1918 1917/1917 1888/1888
f 1883/1883 1885/1885 1886/1886
f 1936/1936 1885/1885 1883/1883
f 1885/1885 1936/1936 1937/1937
f 1886/1886 1884/1884 1883/1883
f 1884/1884 1886/1886 1916/1916
f 1917/1917 1916/1916 1886/1886
f 1881/1881 1883/1883 1884/1884
f 1935/1935 1883/1883 1881/1881
f 1883/1883 1935/1935 1936/1936
f 1884/1884 1882/1882 1881/1881
f 1882/1882 1884/1884 1915/1915
f 1916/1916 1915/1915 1884/1884
f 1879/1879 1881/1881 1882/1882
f 1934/1934 1881/1881 1879/1879
f 1881/1881 1934/1934 1935/1935
f 1882/1882 1880/1880 1879/1879
f 1880/1880 1882/1882 1914/1914
f 1915/1915 1914/1914 1882/1882
f 1877/1877 1879/1879 1880/1880
f 1933/1933 1879/1879 1877/1877
f 1879/1879 1933/1933 1934/1934
f 1880/1880 1878/1878 1877/1877
f 1878/1878 1880/1880 1913/1913
f 1914/1914 1913/1913 1880/1880
f 1875/1875 1877/1877 1878/1878
f 1932/1932 1877/1877 1875/1875
f 1877/1877 1932/1932 1933/1933
f 1878/1878 1876/1876 1875/1875
f 1876/1876 1878/1878 1912/1912
f 1913/1913 1912/1912 1878/1878
f 1873/1873 1875/1875 1876/1876
f 1931/1931 1875/1875 1873/1873
f 1875/1875 1931/1931 1932/1932
f 1876/1876 1874/1874 1873/1873
f 1874/1874 1876/1876 1911/1911
f 1912/1912 1911/1911 1876/1876
f 1871/1871 1873/1873 1874/1874
f 1930/1930 1873/1873 1871/1871
f 1873/1873 1930/1930 1931/1931
f 1874/1874 1872/1872 1871/1871
f 1872/1872 1874/1874 1910/1910
f 1911/1911 1910/1910 1874/1874
f 1868/1868 1871/1871 1872/1872
f 1929/1929 1871/1871 1868/1868
f 1871/1871 1929/1929 1930/1930
f 1872/1872 1869/1869 1868/1868
f 1869/1869 1872/1872 1909/1909
f 1910/1910 1909/1909 1872/1872
f 1868/1868 1928/1928 1929/1929
f 1909/1909 1907/1907 1869/1869
f 1947/1947 1948/1948 1949/1949
f 1949/1949 1950/1950 1947/1947
f 1948/1948 1947/1947 1951/1951
f 1951/1951 1952/1952 1948/1948
f 1952/1952 1951/1951 2067/2067
f 2067/2067 2068/2068 1952/1952
f 1955/1955 2068/2068 2067/2067
f 2067/2067 1956/1956 1955/1955
f 1953/1953 1954/1954 1955/1955
f 1955/1955 1956/1956 1953/1953
f 1986/1986 1950/1950 1949/1949
f 1949/1949 1985/1985 1986/1986
f 1986/1986 1985/1985 1981/1981
f 1981/1981 1984/1984 1986/1986
f 1981/1981 1982/1982 1983/1983
f 1983/1983 1984/1984 1981/1981
f 1983/1983 1982/1982 1978/1978
f 1978/1978 1977/1977 1983/1983
f 1977/1977 1978/1978 1979/1979
f 1979/1979 1980/1980 1977/1977
f 1957/1957 1958/1958 1959/1959
f 1959/1959 1960/1960 1957/1957
f 1958/1958 1957/1957 1961/1961
f 1961/1961 1962/1962 1958/1958
f 1962/1962 1961/1961 1963/1963
f 1963/1963 1964/1964 1962/1962
f 1967/1967 1964/1964 1963/1963
f 1963/1963 1968/1968 1967/1967
f 1965/1965 1966/1966 1967/1967
f 1967/1967 1968/1968 1965/1965
f 1966/1966 1965/1965 1969/1969
f 1969/1969 1970/1970 1966/1966
f 2069/2069 1970/1970 1969/1969
f 1969/1969 2070/2070 2069/2069
f 1972/1972 2069/2069 2070/2070
f 2070/2070 1973/1973 1972/1972
f 1971/1971 1972/1972 1973/1973
f 1973/1973 1974/1974 1971/1971
f 1975/1975 1976/1976 1971/1971
f 1971/1971 1974/1974 1975/1975
f 1987/1987 1988/1988 1989/1989
f 1989/1989 1990/1990 1987/1987
f 1988/1988 1987/1987 1991/1991
f 2028/2028 1987/1987 1990/1990
f 1987/1987 2028/2028 2029/2029
f 2029/2029 1991/1991 1987/1987
f 1990/1990 1989/1989 2026/2026
f 2026/2026 2025/2025 1990/1990
f 1990/1990 2027/2027 2028/2028
f 2027/2027 1990/1990 2025/2025
f 2025/2025 2026/2026 2024/2024
f 2024/2024 2026/2026 2066/2066
f 2048/2048 2066/2066 2026/2026
f 2026/2026 1989/1989 2048/2048
f 2024/2024 2023/2023 2025/2025
f 2046/2046 2025/2025 2023/2023
f 2025/2025 2046/2046 2027/2027
f 2023/2023 2024/2024 2022/2022
f 2022/2022 2024/2024 2065/2065
f 2066/2066 2065/2065 2024/2024
f 2022/2022 2021/2021 2023/2023
f 2045/2045 2023/2023 2021/2021
f 2023/2023 2045/2045 2046/2046
f 2021/2021 2022/2022 2020/2020
f 2020/2020 2022/2022 2064/2064
f 2065/2065 2064/2064 2022/2022
f 2020/2020 2019/2019 2021/2021
f 2044/2044 2021/2021 2019/2019
f 2021/2021 2044/2044 2045/2045
f 2019/2019 2020/2020 2018/2018
f 2018/2018 2020/2020 2063/2063
f 2064/2064 2063/2063 2020/2020
f 2018/2018 2017/2017 2019/2019
f 2043/2043 2019/2019 2017/2017
f 2019/2019 2043/2043 2044/2044
f 2017/2017 2018/2018 2016/2016
f 2016/2016 2018/2018 2062/2062
f 2063/2063 2062/2062 2018/2018
f 2016/2016 2015/2015 2017/2017
f 2042/2042 2017/2017 2015/2015
f 2017/2017 2042/2042 2043/2043
f 2015/2015 2016/2016 2014/2014
f 2014/2014 2016/2016 2061/2061
f 2062/2062 2061/2061 2016/2016
f 2014/2014 2013/2013 2015/2015
f 2041/2041 2015/2015 2013/2013
f 2015/2015 2041/2041 2042/2042
f 2013/2013 2014/2014 2012/2012
f 2012/2012 2014/2014 2060/2060
f 2061/2061 2060/2060 2014/2014
f 2012/2012 2011/2011 2013/2013
f 2040/2040 2013/2013 2011/2011
f 2013/2013 2040/2040 2041/2041
f 2011/2011 2012/2012 2010/2010
f 2010/2010 2012/2012 2059/2059
f 2060/2060 2059/2059 2012/2012
f 2010/2010 2009/2009 2011/2011
f 2039/2039 2011/2011 2009/2009
f 2011/2011 2039/2039 2040/2040
f 2009/2009 2010/2010 2008/2008
f 2008/2008 2010/2010 2058/2058
f 2059/2059 2058/2058 2010/2010
f 2008/2008 2007/2007 2009/2009
f 2038/2038 2009/2009 2007/2007
f 2009/2009 2038/2038 2039/2039
f 2007/2007 2008/2008 2006/2006
f 2006/2006 2008/2008 2057/2057
f 2058/2058 2057/2057 2008/2008
f 2006/2006 2005/2005 2007/2007
f 2037/2037 2007/2007 2005/2005
f 2007/2007 2037/2037 2038/2038
f 2005/2005 2006/2006 2004/2004
f 2004/2004 2006/2006 2056/2056
f 2057/2057 2056/2056 2006/2006
f 2004/2004 2003/2003 2005/2005
f 2036/2036 2005/2005 2003/2003
f 2005/2005 2036/2036 2037/2037
f 2003/2003 2004/2004 2002/2002
f 2002/2002 2004/2004 2055/2055
f 2056/2056 2055/2055 2004/2004
f 2002/2002 2001/2001 2003/2003
f 2035/2035 2003/2003 2001/2001
f 2003/2003 2035/2035 2036/2036
f 2001/2001 2002/2002 2000/2000
f 2000/2000 2002/2002 2054/2054
f 2055/2055 2054/2054 2002/2002
f 2000/2000 1999/1999 2001/2001
f 2034/2034 2001/2001 1999/1999
f 2001/2001 2034/2034 2035/2035
f 1999/1999 2000/2000 1998/1998
f 1998/1998 2000/2000 2053/2053
f 2054/2054 2053/2053 2000/2000
f 1998/1998 1997/1997 1999/1999
f 2033/2033 1999/1999 1997/1997
f 1999/1999 2033/2033 2034/2034
f 1997/1997 1998/1998 1996/1996
f 1996/1996 1998/1998 2052/2052
f 2053/2053 2052/2052 1998/1998
f 1996/1996 1995/1995 1997/1997
f 2032/2032 1997/1997 1995/1995
f 1997/1997 2032/2032 2033/2033
f 1995/1995 1996/1996 1994/1994
f 1994/1994 1996/1996 2051/2051
f 2052/2052 2051/2051 1996/1996
f 1994/1994 1993/1993 1995/1995
f 2031/2031 1995/1995 1993/1993
f 1995/1995 2031/2031 2032/2032
f 1993/1993 1994/1994 1992/1992
f 1992/1992 1994/1994 2050/2050
f 2051/2051 2050/2050 1994/1994
f 1992/1992 1991/1991 1993/1993
f 2030/2030 1993/1993 1991/1991
f 1993/1993 2030/2030 2031/2031
f 1991/1991 1992/1992 1988/1988
f 1988/1988 1992/1992 2049/2049
f 2050/2050 2049/2049 1992/1992
f 1991/1991 2029/2029 2030/2030
f 2049/2049 2047/2047 1988/1988
f 1989/1989 1988/1988 2047/2047
f 2047/2047 2048/2048 1989/1989
f 2071/2071 2072/2072 2073/2073
f 2083/2083 2072/2072 2071/2071
f 2073/2073 2072/2072 2074/2074
f 2074/2074 2072/2072 2075/2075
f 2075/2075 2072/2072 2076/2076
f 2076/2076 2072/2072 2077/2077
f 2077/2077 2072/2072 2078/2078
f 2078/2078 2072/2072 2079/2079
f 2079/2079 2072/2072 2080/2080
f 2080/2080 2072/2072 2081/2081
f 2081/2081 2072/2072 2082/2082
f 2082/2082 2072/2072 2083/2083
f 2084/2084 2085/2085 2086/2086
f 2086/2086 2087/2087 2084/2084
f 2119/2119 2118/2118 2084/2084
f 2084/2084 2087/2087 2119/2119
f 2085/2085 2088/2088 2089/2089
f 2089/2089 2086/2086 2085/2085
f 2088/2088 2090/2090 2091/2091
f 2091/2091 2089/2089 2088/2088
f 2090/2090 2092/2092 2093/2093
f 2093/2093 2091/2091 2090/2090
f 2092/2092 2094/2094 2095/2095
f 2095/2095 2093/2093 2092/2092
f 2094/2094 2096/2096 2097/2097
f 2097/2097 2095/2095 2094/2094
f 2096/2096 2098/2098 2099/2099
f 2099/2099 2097/2097 2096/2096
f 2098/2098 2100/2100 2101/2101
f 2101/2101 2099/2099 2098/2098
f 2100/2100 2102/2102 2103/2103
f 2103/2103 2101/2101 2100/2100
f 2102/2102 2104/2104 2105/2105
f 2105/2105 2103/2103 2102/2102
f 2104/2104 2106/2106 2107/2107
f 2107/2107 2105/2105 2104/2104
f 2106/2106 2108/2108 2109/2109
f 2109/2109 2107/2107 2106/2106
f 2108/2108 2110/2110 2111/2111
f 2111/2111 2109/2109 2108/2108
f 2110/2110 2112/2112 2113/2113
f 2113/2113 2111/2111 2110/2110
f 2112/2112 2114/2114 2115/2115
f 2115/2115 2113/2113 2112/2112
f 2114/2114 2116/2116 2117/2117
f 2117/2117 2115/2115 2114/2114
f 2116/2116 2118/2118 2119/2119
f 2119/2119 2117/2117 2116/2116
f 2120/2120 2121/2121 2122/2122
f 2122/2122 2123/2123 2120/2120
f 2121/2121 2120/2120 2124/2124
f 2124/2124 2125/2125 2121/2121
f 2125/2125 2124/2124 2126/2126
f 2126/2126 2127/2127 2125/2125
f 2127/2127 2126/2126 2128/2128
f 2128/2128 2129/2129 2127/2127
f 2129/2129 2128/2128 2130/2130
f 2130/2130 2131/2131 2129/2129
f 2131/2131 2130/2130 2132/2132
f 2132/2132 2133/2133 2131/2131
f 2133/2133 2132/2132 2134/2134
f 2134/2134 2135/2135 2133/2133
f 2135/2135 2134/2134 2136/2136
f 2136/2136 2137/2137 2135/2135
f 2137/2137 2136/2136 2138/2138
f 2138/2138 2139/2139 2137/2137
f 2139/2139 2138/2138 2140/2140
f 2140/2140 2141/2141 2139/2139
f 2141/2141 2140/2140 2142/2142
f 2142/2142 2143/2143 2141/2141
f 2143/2143 2142/2142 2144/2144
f 2144/2144 2145/2145 2143/2143
f 2145/2145 2144/2144 2146/2146
f 2146/2146 2147/2147 2145/2145
f 2147/2147 2146/2146 2148/2148
f 2148/2148 2149/2149 2147/2147
f 2149/2149 2148/2148 2150/2150
f 2150/2150 2151/2151 2149/2149
f 2151/2151 2150/2150 2152/2152
f 2152/2152 2153/2153 2151/2151
f 2153/2153 2152/2152 2154/2154
f 2154/2154 2155/2155 2153/2153
f 2155/2155 2154/2154 2123/2123
f 2123/2123 2122/2122 2155/2155
f 2156/2156 2157/2157 2158/2158
f 2158/2158 2159/2159 2156/2156
f 2190/2190 2156/2156 2159/2159
f 2157/2157 2160/2160 2161/2161
f 2161/2161 2158/2158 2157/2157
f 2160/2160 2162/2162 2163/2163
f 2163/2163 2161/2161 2160/2160
f 2162/2162 2164/2164 2165/2165
f 2165/2165 2163/2163 2162/2162
f 2164/2164 2166/2166 2167/2167
f 2167/2167 2165/2165 2164/2164
f 2166/2166 2168/2168 2169/2169
f 2169/2169 2167/2167 2166/2166
f 2168/2168 2170/2170 2171/2171
f 2171/2171 2169/2169 2168/2168
f 2170/2170 2172/2172 2173/2173
f 2173/2173 2171/2171 2170/2170
f 2172/2172 2174/2174 2175/2175
f 2175/2175 2173/2173 2172/2172
f 2174/2174 2176/2176 2177/2177
f 2177/2177 2175/2175 2174/2174
f 2176/2176 2178/2178 2179/2179
f 2179/2179 2177/2177 2176/2176
f 2178/2178 2180/2180 2181/2181
f 2181/2181 2179/2179 2178/2178
f 2180/2180 2182/2182 2183/2183
f 2183/2183 2181/2181 2180/2180
f 2182/2182 2184/2184 2185/2185
f 2185/2185 2183/2183 2182/2182
f 2184/2184 2186/2186 2187/2187
f 2187/2187 2185/2185 2184/2184
f 2186/2186 2188/2188 2189/2189
f 2189/2189 2187/2187 2186/2186
f 2188/2188 2190/2190 2191/2191
f 2191/2191 2189/2189 2188/2188
f 2159/2159 2191/2191 2190/2190
f 2192/2192 2193/2193 2194/2194
f 2195/2195 2192/2192 2194/2194
f 2193/2193 2210/2210 2194/2194
f 2210/2210 2209/2209 2194/2194
f 2209/2209 2208/2208 2194/2194
f 2208/2208 2207/2207 2194/2194
f 2207/2207 2206/2206 2194/2194
f 2206/2206 2205/2205 2194/2194
f 2205/2205 2204/2204 2194/2194
f 2204/2204 2203/2203 2194/2194
f 2203/2203 2202/2202 2194/2194
f 2202/2202 2201/2201 2194/2194
f 2201/2201 2200/2200 2194/2194
f 2200/2200 2199/2199 2194/2194
f 2196/2196 2195/2195 2194/2194
f 2197/2197 2196/2196 2194/2194
f 2198/2198 2197/2197 2194/2194
f 2199/2199 2198/2198 2194/2194
f 2211/2211 2212/2212 2213/2213
f 2213/2213 2214/2214 2211/2211
f 2212/2212 2211/2211 2215/2215
f 2215/2215 2216/2216 2212/2212
f 2217/2217 2218/2218 2219/2219
f 2219/2219 2220/2220 2217/2217
f 2218/2218 2217/2217 2221/2221
f 2221/2221 2222/2222 2218/2218
f 2223/2223 2224/2224 2225/2225
f 2225/2225 2226/2226 2223/2223
f 2224/2224 2223/2223 2227/2227
f 2227/2227 2228/2228 2224/2224
f 2229/2229 2230/2230 2231/2231
f 2231/2231 2232/2232 2229/2229
f 2230/2230 2229/2229 2233/2233
f 2233/2233 2234/2234 2230/2230
f 2235/2235 2236/2236 2237/2237
f 2237/2237 2238/2238 2235/2235
f 2236/2236 2235/2235 2239/2239
f 2239/2239 2240/2240 2236/2236
f 2241/2241 2242/2242 2243/2243
f 2243/2243 2244/2244 2241/2241
f 2242/2242 2241/2241 2245/2245
f 2245/2245 2246/2246 2242/2242
f 2247/2247 2248/2248 2249/2249
f 2249/2249 2250/2250 2247/2247
f 2248/2248 2247/2247 2251/2251
f 2251/2251 2252/2252 2248/2248
f 2253/2253 2254/2254 2255/2255
f 2255/2255 2256/2256 2253/2253
f 2254/2254 2253/2253 2257/2257
f 2257/2257 2258/2258 2254/2254
f 2259/2259 2260/2260 2261/2261
f 2261/2261 2262/2262 2259/2259
f 2260/2260 2259/2259 2263/2263
f 2263/2263 2264/2264 2260/2260
o minivan-body
usemtl body-13
v 2.0343038 0.3682370 0.0238616
v 2.0500000 0.3682371 0.2269642
v 2.0348292 0.3280722 0.2263968
v 2.0196256 0.3280591 0.0234369
v 2.0201166 0.4554981 0.0106856
v 2.0410694 0.4554981 0.1966751
v 2.0500000 0.3682371 0.2269642
v 2.0343038 0.3682370 0.0238616
v 1.9829758 0.3683763 -0.0494603
v 1.9739555 0.4554981 -0.0583733
v 2.0067206 0.4813200 0.0038807
v 1.9622422 0.5247226 -0.0144965
v 1.9866695 0.5245323 0.1533965
v 2.0294640 0.4808100 0.1842104
v 1.9614457 0.4812543 -0.0644553
v 1.9162528 0.5248853 -0.0831622
v 1.4815996 0.8145786 -0.2550595
v 1.4366798 0.8743728 -0.2460908
v 1.5512263 0.8590427 -0.2006451
v 1.4033077 0.9319366 -0.2342693
v 1.4774242 0.9197278 -0.1991655
v 1.5444452 0.9045894 -0.1589654
v 1.5070637 0.9268650 -0.1729017
v 1.2611269 0.8818059 -0.3143448
v 1.1870528 0.9466472 -0.3176442
v 1.3086957 0.8170202 -0.3187656
v 1.2073532 0.8206319 -0.3543142
v 1.1989564 0.8849809 -0.3367833
v -0.5201346 0.9200633 -0.9169018
v -0.5268524 0.9913656 -0.8981575
v 0.1633969 0.9831140 -0.6708706
v 0.1436655 0.9136637 -0.6981029
v 1.2108384 0.7387876 -0.3593339
v 1.2608099 0.5832031 -0.3391946
v 1.2074032 0.5205257 -0.3553460
v 1.1312324 0.3690934 -0.3680779
v 0.7616498 0.3268140 -0.4903711
v 0.8157999 0.5520159 -0.4900676
v 1.1608277 0.4508624 -0.3652456
v 1.1137903 0.2836374 -0.3646240
v 1.1089100 0.2462652 -0.3618748
v 0.7540338 0.2462655 -0.4836692
v 0.3872120 0.2462655 -0.6081813
v 0.3927852 0.3270947 -0.6156166
v -1.0085688 0.9925357 -1.0520773
v -0.5326290 0.9905092 -0.9002427
v -0.6164051 0.9240049 -0.9470502
v -0.9952109 0.9240079 -1.0679717
v -1.2540369 0.9239968 -1.1485492
v -1.2888742 0.9883970 -1.1404989
v -1.3994635 0.9191486 -1.1948490
v -1.4187497 0.9851787 -1.1811489
v -1.2156563 0.8448015 -1.1554984
v -1.3700447 0.8440970 -1.2030280
v -1.2509865 0.8832232 -1.1576857
v -1.1288579 0.5746474 -1.1309538
v -1.3199661 0.6100249 -1.1908276
v -1.2040832 0.6659022 -1.1562831
v -1.1837093 0.5203404 -1.1447087
v -1.3677907 0.4855930 -1.1986538
v -1.4958992 0.4859314 -1.2293933
v -1.4835758 0.6100436 -1.2341384
v -1.4112485 0.6100353 -1.2149920
v -1.2288918 0.4508457 -1.1535093
v -1.2618163 0.3733286 -1.1567170
v -1.3950366 0.3643360 -1.1959483
v -1.5039867 0.3965141 -1.2249121
v -1.4982094 0.4614353 -1.2283247
v -1.2869692 0.2615406 -1.1524164
v -1.4089314 0.2688904 -1.1903314
v -1.5145630 0.2751271 -1.2161122
v -1.4971194 1.0942324 -1.1823883
v -1.4622876 1.3287549 -1.1346685
v -1.3988226 1.3340540 -1.1200734
v -1.4232476 1.0997044 -1.1650641
v 0.7247455 1.4726465 -0.3518432
v 0.7332775 1.4590955 -0.3754892
v 0.6391989 1.4824347 -0.4018083
v 0.6338864 1.4952790 -0.3780275
v 0.8269189 1.4122459 -0.3284343
v 0.8242586 1.4100441 -0.3522422
v 0.3367152 1.5087259 -0.4991553
v -0.5532055 1.5100329 -0.7944029
v -0.5596576 1.5271998 -0.7678777
v 0.3288615 1.5239545 -0.4749426
v 0.5004424 1.4988027 -0.4461327
v 0.4933043 1.5135068 -0.4217805
v -1.3370939 1.4937638 -1.0552157
v -1.0548320 1.5029031 -0.9574073
v -1.0466074 1.4705546 -0.9778563
v -1.3322757 1.4576103 -1.0708106
v -1.0635897 1.5202291 -0.9351292
v -1.3507592 1.5074439 -1.0275890
v -1.4108109 1.4834594 -1.0808158
v -1.3976510 1.4481798 -1.0934134
v -1.4460002 1.4341784 -1.1055186
v -1.4646409 1.4621990 -1.0784240
v -1.4592464 1.4809094 -1.0545329
v -1.4248413 1.4967967 -1.0487875
v 1.2363849 1.0820324 -0.2716134
v 1.1331566 1.1633462 -0.2977662
v 1.1100112 1.2128838 -0.2915864
v 1.2845993 1.0819842 -0.2447150
v 1.4000178 0.9842086 -0.2194578
v 1.3626185 0.9692427 -0.2421048
v 0.3838169 0.9804790 -0.5982898
v 0.3414472 1.0382252 -0.6030234
v 0.3793676 1.0382511 -0.5901384
v -1.2906644 1.4226874 -1.0667966
v -1.3194716 1.0531861 -1.1390750
v -1.2772279 1.0324955 -1.1294103
v -1.5063354 0.9825744 -1.2020381
v -0.5265027 0.9240080 -0.9178127
v -0.5115056 0.8449950 -0.9322275
v 0.1498949 0.8405940 -0.7146569
v -0.6898097 0.5840960 -0.9931656
v -0.5097200 0.7486357 -0.9375110
v -0.4954308 0.5498818 -0.9276268
v -0.4653718 0.3273256 -0.8998273
v -0.4893669 0.5496199 -0.9256336
v 0.3984212 0.5525045 -0.6320617
v 0.3867999 0.3270977 -0.6176280
v -0.5538934 0.3703529 -0.9333699
v -0.5840305 0.4514428 -0.9504145
v -0.4714357 0.3273357 -0.9018013
v -0.6311018 0.5238772 -0.9708679
v 0.3812267 0.2462656 -0.6101926
v -0.4569650 0.2462656 -0.8877967
v -0.5475056 0.2412012 -0.9167693
v -0.4636864 0.2408906 -0.8893664
v -0.5846391 1.0477574 -0.9073558
v -0.5359213 1.0480505 -0.8914797
v 2.0049708 0.3682371 0.4426614
v 1.9900041 0.3280841 0.4349984
v 2.0049708 0.3682371 0.4426614
v 2.0297682 0.4554981 0.3205669
v 2.0029468 0.4554981 0.4527081
v 1.8226861 0.8451119 0.3479114
v 1.8769359 0.7603202 0.3817318
v 1.9143105 0.7605772 0.1610231
v 1.8634705 0.8346201 0.1323191
v 1.5490571 0.9758372 0.2047364
v 1.6337903 0.9473541 0.2492722
v 1.6748200 0.9388322 0.0479304
v 1.5793033 0.9720578 0.0077794
v 1.7761610 0.8972532 0.0914941
v 1.7360669 0.9076939 0.3008797
v 0.6820974 1.4884696 -0.1771638
v 0.8006729 1.4259360 -0.1117286
v 0.8318662 1.4163406 -0.2841566
v 0.7230281 1.4744516 -0.3460786
v 0.5901375 1.5105473 -0.2193929
v 0.6324390 1.4970197 -0.3722710
v 0.4444294 1.5288109 -0.2671383
v 0.4915877 1.5153601 -0.4161619
v -0.6063552 1.5422851 -0.6170520
v 0.2780581 1.5392391 -0.3222572
v 0.3270332 1.5258464 -0.4693838
v -0.5612240 1.5291550 -0.7622735
v -1.3535470 1.5090810 -1.0222234
v -1.4238846 1.5215338 -0.8900539
v -1.1212766 1.5368340 -0.7878021
v -1.0656718 1.5223779 -0.9298210
v -1.4247605 1.4986797 -1.0424036
v -1.5051892 1.5053088 -0.9220852
v -1.4597733 1.4835757 -1.0487829
v -1.5110404 1.5032049 -0.9232788
v -1.4309345 1.4968294 -1.0438167
v -1.5470970 1.4845083 -0.9238315
v 1.9234687 0.3692524 -0.0886570
v 1.9829758 0.3683763 -0.0494603
v 1.9759452 0.3441230 -0.0486505
v 1.8279547 0.3123135 -0.1304505
v 1.9107024 0.3072745 -0.0848169
v 1.9006529 0.2584889 -0.0817940
v 1.8277632 0.2577053 -0.1241369
v 1.9139254 0.4554981 -0.0978002
v 1.9234687 0.3692524 -0.0886570
v 1.8247617 0.3746744 -0.1385792
v 1.8041610 0.4507781 -0.1495299
v 1.8422119 0.5250950 -0.1274933
v 1.9006006 0.4799193 -0.1040921
v 1.7644597 0.5195984 -0.1629375
v 1.8077348 0.5830210 -0.1436673
v 1.7041029 0.5830211 -0.1853350
v 1.6315333 0.6328842 -0.2097642
v 1.7624850 0.6397380 -0.1623723
v 1.6489600 0.7097478 -0.2046447
v 1.6555623 0.7142497 -0.2017713
v 1.5910628 0.7899566 -0.2159577
v 1.6803755 0.7644644 -0.1825717
v 1.6339189 0.7345201 -0.2066880
v 1.5800909 0.7520389 -0.2258794
v 1.6038491 0.6434625 -0.2201121
v 1.6226940 0.7153986 -0.2141656
v 1.6407562 0.7108494 -0.2075975
v 1.5731027 0.7278890 -0.2321987
v 1.5578833 0.6610259 -0.2372933
v 1.4816697 0.6688624 -0.2647123
v 1.4756948 0.7395614 -0.2670249
v 1.3557801 0.7403791 -0.3091155
v 1.4026222 0.6578103 -0.2924303
v 1.3269366 0.6289103 -0.3180550
v 0.9247523 0.8291806 -0.4525366
v 1.2013890 0.8208283 -0.3563967
v 1.2048747 0.7387702 -0.3613962
v 0.8993421 0.7403427 -0.4668253
v -0.5036977 0.7485570 -0.9355641
v 0.1787781 0.7452624 -0.7101332
v -0.7046381 0.7511828 -1.0005192
v -0.6601201 0.8459382 -0.9802424
v -0.5175221 0.8450332 -0.9341712
v -0.7550552 0.6279907 -1.0160215
v -0.8217412 0.6514531 -1.0381492
v -0.8941033 0.6566593 -1.0611487
v -0.9568133 0.7539173 -1.0806829
v -0.9771379 0.8473924 -1.0810195
v -0.9763761 0.6457854 -1.0866195
v -1.0575551 0.6190951 -1.1109166
v -1.1605561 0.7443746 -1.1439095
v -1.3342037 0.7421964 -1.1973009
v 1.6010290 0.8831000 -0.1267866
v 1.6145056 0.8424333 -0.1774241
v 1.6947633 0.8177765 -0.1442518
v 1.6856914 0.8570788 -0.0839474
v 1.6881467 0.7922001 -0.1669624
v 1.6056467 0.8181235 -0.1998374
v 1.7757774 0.8139935 -0.0367215
v 1.7907118 0.7663204 -0.1029376
v -1.6920129 0.8228837 -1.0043840
v -1.7000380 0.8439186 -1.0069442
v -1.6405293 0.8439244 -1.1033275
v -1.6956973 0.6762541 -1.0065130
v -1.6434719 0.7424470 -1.1055610
v -1.6445896 0.6668966 -1.1068655
v -1.7730147 0.3782469 -1.0272462
v -1.6607815 0.3782940 -1.1971081
v -1.6597077 0.2825328 -1.1878822
v -1.7687449 0.2854691 -1.0229980
v -1.4998802 1.4544289 -1.0487378
v -1.5709735 1.4616238 -0.9307756
v -1.5204205 1.4168733 -1.0560569
v -1.5487802 1.4160059 -1.0076503
v -1.7000380 0.8439186 -1.0069442
v -1.6858319 0.9802843 -0.9932706
v -1.6300400 0.9804182 -1.0981408
v -1.6405293 0.8439244 -1.1033275
v -1.5608432 0.6100526 -1.2368954
v -1.5636987 0.4859738 -1.2292258
v -1.6045682 0.4859800 -1.1858926
v -1.6020393 0.6100557 -1.1925980
v -1.6040714 0.3783049 -1.2340622
v -1.6045482 0.2801819 -1.2239588
v -1.5437346 1.0910343 -1.1784832
v -1.5577211 0.9811374 -1.1988906
v -1.5970153 0.9804974 -1.1602171
v -1.5822416 1.0894883 -1.1419777
v -1.4774141 1.4240763 -1.0992739
v -1.5172175 1.4169713 -1.0615238
v -1.4947060 1.4551010 -1.0542869
v -1.4989897 1.3210164 -1.1291492
v -1.5353860 1.3162877 -1.0971433
v 1.9443271 0.3682370 0.6567503
v 1.9285481 0.3280920 0.6514640
v 1.9465256 0.4554982 0.6574867
v 1.9443271 0.3682370 0.6567503
v 1.9916830 0.4816747 0.4509985
v 1.9491531 0.5243987 0.4375060
v 1.8933327 0.5243786 0.6396664
v 1.9360332 0.4816246 0.6539717
v 1.6698569 0.9119458 0.5647986
v 1.7580565 0.8478711 0.5943468
v 0.1513139 1.5502031 0.0560649
v 0.3207922 1.5398061 0.1128426
v -1.5649474 1.5322713 -0.5189074
v -1.2521481 1.5476345 -0.4141150
v -1.6879441 1.4948740 -0.5601129
v -1.6574900 1.5137933 -0.5499104
v -1.6519622 1.5159487 -0.5480584
v -1.7120463 0.8228917 -0.9518444
v -1.8417640 0.8229433 -0.6116448
v -1.8497521 0.8439185 -0.6143211
v -1.8283075 0.6706871 -0.6071364
v -1.7138011 0.6706872 -0.9046293
v -1.7273262 0.6227399 -0.9013940
v -1.8401748 0.6205687 -0.6111124
v -1.9267622 0.2870927 -0.6401203
v -1.9326258 0.3782505 -0.6420847
v -1.7107691 1.4720441 -0.5677594
v -1.5878718 1.4148104 -0.9409281
v -1.7290208 1.4148104 -0.5738741
v -1.8328615 0.9802841 -0.6086624
v -1.8497521 0.8439185 -0.6143211
v 1.3589160 0.5744068 -0.3283615
v 1.3034896 0.5357074 -0.3455504
v 1.2608099 0.5832031 -0.3391946
v 1.3269366 0.6289103 -0.3180550
v 1.2572927 0.4844093 -0.3579656
v 1.2074032 0.5205257 -0.3553460
v 1.2213085 0.4216551 -0.3652391
v 1.1952089 0.3494182 -0.3672823
v 1.1374438 0.3684682 -0.3670308
v 1.1668137 0.4491241 -0.3641913
v 1.1745669 0.2403424 -0.3612244
v 1.1198315 0.2825899 -0.3635766
v -1.1239873 0.5784691 -1.1296497
v -1.0575551 0.6190951 -1.1109166
v -1.0294303 0.5635146 -1.1235038
v -1.0871973 0.5270026 -1.1387411
v -1.1837093 0.5203404 -1.1447087
v -1.1288579 0.5746474 -1.1309538
v -1.0871973 0.5270026 -1.1387411
v -1.1352338 0.4793650 -1.1500943
v -1.1740019 0.4191609 -1.1570197
v -1.2288918 0.4508457 -1.1535093
v -1.2029470 0.3504261 -1.1593401
v -1.2618163 0.3733286 -1.1567170
v -1.2245788 0.2581904 -1.1554294
v -1.2869692 0.2615406 -1.1524164
v -0.7192559 0.5348702 -1.0227195
v -0.6898097 0.5840960 -0.9931656
v -0.6311018 0.5238772 -0.9708679
v -0.6680115 0.4823670 -1.0033018
v -0.7732311 0.5730083 -1.0432598
v -0.7550552 0.6279907 -1.0160215
v -0.6025545 0.3500749 -0.9702076
v -0.6280910 0.4187325 -0.9846277
v -0.5840305 0.4514428 -0.9504145
v -0.5538934 0.3703529 -0.9333699
v -0.5972841 0.2414110 -0.9556668
v -0.5475056 0.2412012 -0.9167693
v 1.8277632 0.2577053 -0.1241369
v 1.7753233 0.2570629 -0.1494392
v 1.7753422 0.3038856 -0.1551154
v 1.8279547 0.3123135 -0.1304505
v 1.7725695 0.3583304 -0.1622206
v 1.8247617 0.3746744 -0.1385792
v 1.7563537 0.4223964 -0.1742399
v 1.8041610 0.4507781 -0.1495299
v 1.7644597 0.5195984 -0.1629375
v 1.7255102 0.4793676 -0.1900566
v 1.6749771 0.5341531 -0.2120655
v 1.7041029 0.5830211 -0.1853350
v 1.6145742 0.5782925 -0.2375107
v 1.6315333 0.6328842 -0.2097642
v 1.6038491 0.6434625 -0.2201121
v 1.5897756 0.5881895 -0.2472126
v 1.5536874 0.6025923 -0.2613310
v 1.5578833 0.6610259 -0.2372933
v 1.4816697 0.6688624 -0.2647123
v 1.4903222 0.6092823 -0.2843305
v 1.4231640 0.5998708 -0.3078518
v 1.4026222 0.6578103 -0.2924303
v -0.8264409 0.5928990 -1.0621258
v -0.8217412 0.6514531 -1.0381492
v -0.8865951 0.5973509 -1.0813887
v -0.8941033 0.6566593 -1.0611487
v -0.9588100 0.5876414 -1.1035416
v -0.9763761 0.6457854 -1.0866195
v 0.3713749 1.2287354 -0.5646217
v 0.3522231 1.4296219 -0.5308033
v 0.4025527 1.4309996 -0.5144463
v 0.4252564 1.2272441 -0.5467390
v 0.4984581 0.9344708 -0.5690693
v 0.4906529 0.9218541 -0.5756173
v 0.3954231 0.9218541 -0.6087645
v 0.3939638 0.9344709 -0.6054681
v 0.4435274 1.0384900 -0.5684111
v 0.3853452 1.0382646 -0.5881109
v 0.4040248 0.8268545 -0.6277449
v 0.4033034 0.8388762 -0.6256905
v 0.4968651 0.8388762 -0.5941604
v 0.5063900 0.8268548 -0.5927459
v 0.4064956 0.7441578 -0.6348804
v 0.6501107 0.7422720 -0.5518103
v 0.4044038 0.5524999 -0.6300508
v 0.3839575 0.2399925 -0.6085623
v 0.3776406 0.1932203 -0.5867282
v -0.5547900 0.1932203 -0.8950254
v -0.4636864 0.2408906 -0.8893664
v 1.0993917 0.1932203 -0.3402686
v 0.7434282 0.1932203 -0.4625687
v 0.7534407 0.2399925 -0.4831471
v 1.1127215 0.2402908 -0.3604179
v -0.4770866 1.4493435 -0.8010393
v -0.5466779 1.4765980 -0.8155457
v 0.3403642 1.4769021 -0.5208436
v 0.2893967 1.4517456 -0.5471348
v 0.3462593 1.4295258 -0.5328634
v 0.3653769 1.2289020 -0.5666120
v 0.3288392 1.2299128 -0.5787388
v 0.3129081 1.4293673 -0.5450761
v 0.3217874 1.0160004 -0.6134474
v 0.1770129 1.0174968 -0.6611231
v -0.4874080 1.2377066 -0.8470444
v -0.5373363 1.2380226 -0.8631924
v -0.5439356 1.4276064 -0.8281944
v -0.4968489 1.4268270 -0.8133762
v -0.4803504 1.0467311 -0.8736517
v -0.5299163 1.0479921 -0.8895389
v -0.6042908 1.0253215 -0.9174684
v -1.0121816 1.0296731 -1.0469033
v -1.3645092 1.1462795 -1.1408099
v -1.3198606 1.3094189 -1.1003017
v -1.2640379 1.4440764 -1.0529480
v -1.0440847 1.4453372 -0.9836543
v -0.5533638 1.4821500 -0.8150628
v -0.6148629 1.4478012 -0.8461258
v -0.5921642 1.4254782 -0.8446752
v -0.5499344 1.4275122 -0.8301683
v -0.5433409 1.2380604 -0.8651344
v -0.5872300 1.2383383 -0.8793292
v 0.5153398 1.4422247 -0.4735256
v 0.5084028 1.4707643 -0.4660715
v 0.6476022 1.4569136 -0.4210865
v 0.6594703 1.4272621 -0.4276148
v 0.7383480 1.4321657 -0.3960855
v 0.7335297 1.4000715 -0.4078861
v 0.9808404 1.2614589 -0.3423836
v 0.8367719 1.3508732 -0.3810909
v 0.8916460 1.3485976 -0.3558482
v 1.0218628 1.2654456 -0.3201340
v 1.1074068 1.2092154 -0.2959799
v 1.0890734 1.1903617 -0.3121827
v 1.1810933 0.9470068 -0.3198679
v 1.1475737 0.9830305 -0.3255562
v 1.1756838 0.9812352 -0.3150155
v 1.1816780 0.9808514 -0.3127221
v 1.2015423 0.5221048 -0.3563231
v 0.8657925 0.8996532 -0.4549386
v 0.8103114 0.9665377 -0.4536568
v 1.1929934 0.8852643 -0.3389167
v 1.1618965 0.1932203 -0.3404916
v 1.1745669 0.2403424 -0.3612244
v 0.7895674 0.9995197 -0.4553802
v 0.6318709 0.9721877 -0.5142149
v 0.6164790 1.0074339 -0.5139373
v 0.4172564 1.4474126 -0.5052061
v 0.3461650 1.4783064 -0.5184515
v 0.7929190 1.4053404 -0.3818656
v 1.1265709 1.1651817 -0.3005719
v -0.4580323 1.0240610 -0.8702506
v 0.3896273 0.9798576 -0.5964260
v 0.4649316 1.0143631 -0.5652072
v -0.7283548 1.5531796 -0.2386367
v 1.0380420 1.2745199 -0.2945962
v 1.1145498 1.2247868 -0.2722890
v 1.0277622 1.2669300 -0.3148567
v 0.7382155 1.4376383 -0.3929534
v 0.6455482 1.4625320 -0.4183796
v 0.8031976 1.4051417 -0.3759073
v 0.3422445 1.4836614 -0.5168959
v 0.5069565 1.4762522 -0.4634016
v 0.8989890 1.3495071 -0.3503548
v 0.9104974 1.3579761 -0.3294735
v 1.3051076 1.0866668 -0.2192873
v 1.4197511 0.9988164 -0.1889724
v 1.0810730 1.1849617 -0.3039054
v 1.0371985 1.2137793 -0.3161467
v 0.9808404 1.2614589 -0.3423836
v 1.0890734 1.1903617 -0.3121827
v 1.1475737 0.9830305 -0.3255562
v 1.0519064 0.9910849 -0.3475268
v 1.1372539 0.9871560 -0.3165914
v 0.7895674 0.9995197 -0.4553802
v 0.6164790 1.0074339 -0.5139373
v 0.4634141 1.0180674 -0.5530030
v 0.7857567 1.0033364 -0.4439964
v 0.4649316 1.0143631 -0.5652072
v 0.4435274 1.0384900 -0.5684111
v 0.4449055 1.0389400 -0.5557911
v 0.4252564 1.2272441 -0.5467390
v 0.4268398 1.2257753 -0.5343937
v 0.4025527 1.4309996 -0.5144463
v 0.4044566 1.4270822 -0.5026283
v 0.4172564 1.4474126 -0.5052061
v 0.4160559 1.4400303 -0.4953315
v 0.5153398 1.4422247 -0.4735256
v 0.5116130 1.4349744 -0.4644595
v 0.6594703 1.4272621 -0.4276148
v 0.6552267 1.4200757 -0.4187218
v 0.7335297 1.4000715 -0.4078861
v 0.7281087 1.3932029 -0.3992243
v 0.8367719 1.3508732 -0.3810909
v 0.8307951 1.3441920 -0.3723540
v 0.9742088 1.2551522 -0.3337211
v 0.3288392 1.2299128 -0.5787388
v 0.3414472 1.0382252 -0.6030234
v 0.3324373 1.0385822 -0.5939593
v 0.3199972 1.2279264 -0.5700127
v 0.3217874 1.0160004 -0.6134474
v 0.3157751 1.0197451 -0.6028013
v 0.1770129 1.0174968 -0.6611231
v -0.4580323 1.0240610 -0.8702506
v -0.4803504 1.0467311 -0.8736517
v -0.4785587 1.0471068 -0.8609759
v -0.4595044 1.0277567 -0.8580818
v -0.4874080 1.2377066 -0.8470444
v -0.4855173 1.2357945 -0.8347312
v -0.4968489 1.4268270 -0.8133762
v -0.4948041 1.4227063 -0.8015901
v -0.4770866 1.4493435 -0.8010393
v -0.4778770 1.4419915 -0.7910299
v 0.2893967 1.4517456 -0.5471348
v 0.2841255 1.4443816 -0.5386315
v 0.3129081 1.4293673 -0.5450761
v 0.3042895 1.4251867 -0.5368617
v -0.5872300 1.2383383 -0.8793292
v -0.5846391 1.0477574 -0.9073558
v -0.5934337 1.0482194 -0.8981040
v -0.5959853 1.2366546 -0.8704283
v -0.6042908 1.0253215 -0.9174684
v -0.6102033 1.0290743 -0.9067322
v -1.0121816 1.0296731 -1.0469033
v -1.0157581 1.0334009 -1.0354252
v -1.2772279 1.0324955 -1.1294103
v -1.2795896 1.0362102 -1.1175536
v -1.3194716 1.0531861 -1.1390750
v -1.3189285 1.0554911 -1.1265960
v -1.3645092 1.1462795 -1.1408099
v -1.3620774 1.1447661 -1.1283700
v -1.3198606 1.3094189 -1.1003017
v -1.3179941 1.3058223 -1.0884068
v -1.2906644 1.4226874 -1.0667966
v -1.2891854 1.4174570 -1.0555189
v -1.2640379 1.4440764 -1.0529480
v -1.2651856 1.4367367 -1.0430836
v -1.0440847 1.4453372 -0.9836543
v -1.0470018 1.4379876 -0.9743491
v -0.6148629 1.4478012 -0.8461258
v -0.6200918 1.4404390 -0.8375637
v -0.5921642 1.4254782 -0.8446752
v -0.6008167 1.4214834 -0.8363325
v 1.1946689 0.8839371 -0.3343354
v 1.1989564 0.8849809 -0.3367833
v 1.2073532 0.8206319 -0.3543142
v 1.2030687 0.8200416 -0.3517034
v 1.1870528 0.9466472 -0.3176442
v 1.1827056 0.9458241 -0.3152385
v 1.2038382 0.5224485 -0.3513953
v 1.2065709 0.7386509 -0.3566399
v 1.2108384 0.7387876 -0.3593339
v 1.2074032 0.5205257 -0.3553460
v 1.1338029 0.3696576 -0.3631300
v 1.1312324 0.3690934 -0.3680779
v 1.1608277 0.4508624 -0.3652456
v 1.1633081 0.4505677 -0.3602515
v 1.1161278 0.2836074 -0.3596877
v 1.1137903 0.2836374 -0.3646240
v 1.1089100 0.2462652 -0.3618748
v 1.1105535 0.2435357 -0.3568138
v 1.1089100 0.2462652 -0.3618748
v 1.1105535 0.2435357 -0.3568138
v 0.7524708 0.2435595 -0.4796981
v 0.7540338 0.2462655 -0.4836692
v 0.3872120 0.2462655 -0.6081813
v 0.3827577 0.2435569 -0.6051912
v 0.3885454 0.3274815 -0.6129108
v 0.3927852 0.3270947 -0.6156166
v 0.3872120 0.2462655 -0.6081813
v 0.3827577 0.2435569 -0.6051912
v 0.3793676 1.0382511 -0.5901384
v 0.3811046 1.0376954 -0.5854245
v 0.3855736 0.9776427 -0.5939659
v 0.3838169 0.9804790 -0.5982898
v -0.5157184 0.8444566 -0.9294852
v -0.5175221 0.8450332 -0.9341712
v -0.5219021 0.8832597 -0.9263404
v -0.5205313 0.8862250 -0.9209546
v -0.5326290 0.9905092 -0.9002427
v -0.5308754 0.9890167 -0.8956696
v -0.5243204 0.9191087 -0.9142385
v -0.5265027 0.9240080 -0.9178127
v 0.3885454 0.3274815 -0.6129108
v 0.3867999 0.3270977 -0.6176280
v 0.3984212 0.5525045 -0.6320617
v 0.4001617 0.5527021 -0.6273341
v -0.4696254 0.3277102 -0.8970837
v -0.4714357 0.3273357 -0.9018013
v -0.4954308 0.5498818 -0.9276268
v -0.4936051 0.5497434 -0.9228665
v 0.3812267 0.2462656 -0.6101926
v 0.3827577 0.2435569 -0.6051912
v 0.3827577 0.2435569 -0.6051912
v -0.4608855 0.2435579 -0.8845895
v -0.4569650 0.2462656 -0.8877967
v 0.3812267 0.2462656 -0.6101926
v -0.4569650 0.2462656 -0.8877967
v -0.4608855 0.2435579 -0.8845895
v -0.4696254 0.3277102 -0.8970837
v -0.4653718 0.3273256 -0.8998273
v -0.5359213 1.0480505 -0.8914797
v -0.5341265 1.0474970 -0.8867904
v 1.2065709 0.7386509 -0.3566399
v 1.2048747 0.7387702 -0.3613962
v 1.2013890 0.8208283 -0.3563967
v 1.2030687 0.8200416 -0.3517034
v 0.4005141 0.7441919 -0.6368911
v 0.4022523 0.7440943 -0.6321614
v -0.5097200 0.7486357 -0.9375110
v -0.5079244 0.7485048 -0.9327867
v 1.1633081 0.4505677 -0.3602515
v 1.1668137 0.4491241 -0.3641913
v 1.1374438 0.3684682 -0.3670308
v 1.1338029 0.3696576 -0.3631300
v 1.1198315 0.2825899 -0.3635766
v 1.1161278 0.2836074 -0.3596877
v 0.3479898 1.4285999 -0.5281519
v 0.3522231 1.4296219 -0.5308033
v 0.3713749 1.2287354 -0.5646217
v 0.3671312 1.2281856 -0.5619299
v 0.3853452 1.0382646 -0.5881109
v 0.3811046 1.0376954 -0.5854245
v 0.4022523 0.7440943 -0.6321614
v 0.4064956 0.7441578 -0.6348804
v 0.4044038 0.5524999 -0.6300508
v 0.4001617 0.5527021 -0.6273341
v -0.4936051 0.5497434 -0.9228665
v -0.4893669 0.5496199 -0.9256336
v -0.4636864 0.2408906 -0.8893664
v -0.4608855 0.2435579 -0.8845895
v 0.3827577 0.2435569 -0.6051912
v 0.3839575 0.2399925 -0.6085623
v 1.1105535 0.2435357 -0.3568138
v 1.1127215 0.2402908 -0.3604179
v 0.7534407 0.2399925 -0.4831471
v 0.7524708 0.2435595 -0.4796981
v 0.3416348 1.4795533 -0.5152675
v 0.3403642 1.4769021 -0.5208436
v -0.5466779 1.4765980 -0.8155457
v -0.5510120 1.4783811 -0.8121801
v 0.3671312 1.2281856 -0.5619299
v 0.3653769 1.2289020 -0.5666120
v 0.3462593 1.4295258 -0.5328634
v 0.3479898 1.4285999 -0.5281519
v -0.5481318 1.4267560 -0.8254897
v -0.5439356 1.4276064 -0.8281944
v -0.5373363 1.2380226 -0.8631924
v -0.5415399 1.2374029 -0.8604628
v -0.5299163 1.0479921 -0.8895389
v -0.5341265 1.0474970 -0.8867904
v -0.5415399 1.2374029 -0.8604628
v -0.5433409 1.2380604 -0.8651344
v -0.5499344 1.4275122 -0.8301683
v -0.5481318 1.4267560 -0.8254897
v 0.6449997 1.4582002 -0.4172004
v 0.6476022 1.4569136 -0.4210865
v 0.5084028 1.4707643 -0.4660715
v 0.5064681 1.4719036 -0.4620345
v 0.7372395 1.4332524 -0.3918943
v 0.7383480 1.4321657 -0.3960855
v 1.0242920 1.2639599 -0.3149181
v 1.0218628 1.2654456 -0.3201340
v 0.8916460 1.3485976 -0.3558482
v 0.8955133 1.3464796 -0.3502966
v 1.1074861 1.2097381 -0.2911244
v 1.1074068 1.2092154 -0.2959799
v 1.1827056 0.9458241 -0.3152385
v 1.1810933 0.9470068 -0.3198679
v 1.1756838 0.9812352 -0.3150155
v 1.1772541 0.9803392 -0.3102829
v 1.1772541 0.9803392 -0.3102829
v 1.1816780 0.9808514 -0.3127221
v 1.2038382 0.5224485 -0.3513953
v 1.2015423 0.5221048 -0.3563231
v 1.1946689 0.8839371 -0.3343354
v 1.1929934 0.8852643 -0.3389167
v 1.1100112 1.2128838 -0.2915864
v 1.1331566 1.1633462 -0.2977662
v 1.1289188 1.1615886 -0.2958691
v 1.1074861 1.2097381 -0.2911244
v -0.4608855 0.2435579 -0.8845895
v -0.4636864 0.2408906 -0.8893664
v 1.1127215 0.2402908 -0.3604179
v 1.1105535 0.2435357 -0.3568138
v 0.3461650 1.4783064 -0.5184515
v 0.3416348 1.4795533 -0.5152675
v 0.7964127 1.4039571 -0.3765613
v 0.7929190 1.4053404 -0.3818656
v 1.1265709 1.1651817 -0.3005719
v 1.1289188 1.1615886 -0.2958691
v -0.5308754 0.9890167 -0.8956696
v -0.5268524 0.9913656 -0.8981575
v -0.5510120 1.4783811 -0.8121801
v -0.5466779 1.4765980 -0.8155457
v 0.3416348 1.4795533 -0.5152675
v 0.3403642 1.4769021 -0.5208436
v 0.3855736 0.9776427 -0.5939659
v 0.3896273 0.9798576 -0.5964260
v 0.3416348 1.4795533 -0.5152675
v 0.3461650 1.4783064 -0.5184515
v -0.5079244 0.7485048 -0.9327867
v -0.5036977 0.7485570 -0.9355641
v -0.5157184 0.8444566 -0.9294852
v -0.5115056 0.8449950 -0.9322275
v -0.5205313 0.8862250 -0.9209546
v -0.5201346 0.9200633 -0.9169018
v -0.5243204 0.9191087 -0.9142385
v -0.5510120 1.4783811 -0.8121801
v -0.5533638 1.4821500 -0.8150628
v 1.0242920 1.2639599 -0.3149181
v 1.0277622 1.2669300 -0.3148567
v 0.6449997 1.4582002 -0.4172004
v 0.6455482 1.4625320 -0.4183796
v 0.7382155 1.4376383 -0.3929534
v 0.7372395 1.4332524 -0.3918943
v 0.8031976 1.4051417 -0.3759073
v 0.7964127 1.4039571 -0.3765613
v -0.5510120 1.4783811 -0.8121801
v -0.5533638 1.4821500 -0.8150628
v 0.3422445 1.4836614 -0.5168959
v 0.3416348 1.4795533 -0.5152675
v 0.5064681 1.4719036 -0.4620345
v 0.5069565 1.4762522 -0.4634016
v 0.8989890 1.3495071 -0.3503548
v 0.8955133 1.3464796 -0.3502966
v 1.6851360 0.8613756 -0.0794908
v 1.6831524 0.8933864 -0.0568643
v 1.7757000 0.8518672 -0.0079845
v 1.7752436 0.8183698 -0.0323382
v 1.8673128 0.7921986 0.0498058
v 1.8688762 0.7611858 0.0205960
v 1.8904814 0.7612992 0.0778689
v 2.0234502 0.4813334 0.2938948
v 1.9820657 0.5244601 0.2585729
v 1.6846249 0.9271024 -0.0170372
v 1.5777742 0.9634499 -0.0743865
v 1.8647689 0.8278496 0.0917290
v 1.7821610 0.8857391 0.0350370
v 1.9132737 0.7607230 0.1469353
v 1.4949810 0.9983407 -0.0256820
v 1.4680919 1.0005231 0.1595801
v 1.4700596 0.9947150 -0.1380227
v 1.5995940 0.8877492 -0.1227944
v 1.5899362 0.9207752 -0.1035319
v 1.9003579 0.5830210 -0.0929011
v 1.8565612 0.6025413 -0.1148656
v 1.7390464 0.7354871 -0.1603381
v 1.7478395 0.7206621 -0.1593810
v 1.6616462 0.7223759 -0.1975687
v 1.7560991 0.7690836 -0.1281650
v 1.7368021 0.7528716 -0.1517571
v 1.8649353 0.7613686 0.0132184
v 1.9478736 0.6618796 0.2087175
v 1.9162686 0.7549642 0.1512240
v 1.9280925 0.7549467 0.1676135
v 1.9577767 0.6618748 0.2249736
v 1.8110949 0.6470508 -0.1359966
v 1.9161808 0.7209215 0.1177649
v 1.9507623 0.6492108 0.1631053
v 1.9415448 0.6624023 0.1187461
v 1.9103172 0.7091936 0.0883559
v 1.9736466 0.5830210 0.1255893
v 1.9466535 0.5830211 -0.0240308
v 1.9436535 0.5850165 -0.0225245
v 1.9703096 0.5849629 0.1260706
v 1.9003579 0.5830210 -0.0929011
v 1.8983944 0.5851971 -0.0910897
v 1.8565612 0.6025413 -0.1148656
v 1.8558811 0.6042220 -0.1127275
v 1.8110949 0.6470508 -0.1359966
v 1.8108542 0.6482405 -0.1335271
v 1.7517022 0.7152310 -0.1584200
v 1.7502140 0.7175264 -0.1564242
v 1.7390464 0.7354871 -0.1603381
v 1.7397304 0.7349428 -0.1573158
v 1.7502140 0.7175264 -0.1564242
v 1.7478395 0.7206621 -0.1593810
v 1.7368021 0.7528716 -0.1517571
v 1.7375039 0.7499380 -0.1494693
v 1.7560991 0.7690836 -0.1281650
v 1.7554259 0.7649938 -0.1275859
v 1.7907118 0.7663204 -0.1029376
v 1.7898872 0.7624868 -0.1030709
v 1.8649353 0.7613686 0.0132184
v 1.8687830 0.7550328 0.0199424
v 1.8851512 0.7426893 0.0537578
v 1.8838186 0.7392180 0.0528439
v 1.8687830 0.7550328 0.0199424
v 1.8755343 0.7524520 0.0332520
v 1.9103172 0.7091936 0.0883559
v 1.9086056 0.7062269 0.0869208
v 1.9415448 0.6624023 0.1187461
v 1.9396983 0.6597403 0.1171192
v 1.9632494 0.6124281 0.1473020
v 1.9611356 0.6104758 0.1452740
v 1.9705816 0.5940586 0.1473168
v 1.9674572 0.5946598 0.1452859
v 1.8345011 0.5380504 -0.1311107
v 1.9113648 0.5427644 -0.0861574
v 1.9466535 0.5830211 -0.0240308
v 1.9571797 0.5436557 -0.0175928
v 1.9736466 0.5830210 0.1255893
v 1.9821439 0.5448586 0.1437328
v 1.9705816 0.5940586 0.1473168
v 1.9753036 0.5639937 0.2008055
v 1.9791096 0.5244476 0.2835176
v 1.9749923 0.5458786 0.2723038
v 1.9818181 0.5625885 0.2834895
v 1.9822063 0.5539332 0.3021052
v 1.9538770 0.5495270 0.4364279
v 1.8981125 0.5455110 0.6412676
v 1.9632494 0.6124281 0.1473020
v 1.9420967 0.1995430 0.4104701
v 1.9862824 0.1995430 0.2245808
v 1.9978516 0.2301731 0.2250136
v 1.9534938 0.2301243 0.4163063
v 1.9726753 0.1995428 0.0220789
v 1.9838867 0.2302322 0.0224032
v 1.9958538 0.3194079 -0.0077506
v 1.8851512 0.7426893 0.0537578
v 1.8929317 0.7552394 0.0794561
v 1.9110016 0.7550328 0.1268853
v 1.6854788 0.9154408 -0.0375646
v 1.7812728 0.8743792 0.0140817
v 1.8657703 0.8163287 0.0710089
v 1.5442373 0.9092938 -0.1546933
v 1.5141217 0.9272521 -0.1668524
v 1.5812256 0.9511547 -0.0918507
v 1.9078041 0.7609459 0.1226307
v 1.9064742 0.4691548 -0.1013188
v 2.0374698 0.4691548 0.1910363
v 2.0157232 0.4691548 0.0079370
v 1.9702315 0.4691548 -0.0605795
v 2.0306129 0.4691548 0.3035654
v 1.9442886 0.4691548 0.6567374
v 2.0001545 0.4691548 0.4531833
v 1.9496346 0.6573248 0.1846011
v 1.9726437 0.5705437 0.2338787
v 1.8755343 0.7524520 0.0332520
v 1.9095558 0.7563410 0.1844330
v 1.9133727 0.7563859 0.1619043
v 1.9143105 0.7605772 0.1610231
v 1.8769359 0.7603202 0.3817318
v 1.8101590 0.7603548 0.6118019
v 1.8092674 0.7559192 0.6115031
v 1.8760497 0.7559474 0.3822074
v 1.8904814 0.7612992 0.0778689
v 1.8898632 0.7574795 0.0816334
v 1.8687830 0.7550328 0.0199424
v 1.8688762 0.7611858 0.0205960
v 1.9124571 0.7566513 0.1499130
v 1.9132737 0.7607230 0.1469353
v 1.9162686 0.7549642 0.1512240
v 1.9124571 0.7566513 0.1499130
v 1.9133727 0.7563859 0.1619043
v 1.9280925 0.7549467 0.1676135
v 1.8929317 0.7552394 0.0794561
v 1.8898632 0.7574795 0.0816334
v 1.9069406 0.7570451 0.1256184
v 1.9110016 0.7550328 0.1268853
v 1.9078041 0.7609459 0.1226307
v 1.9069406 0.7570451 0.1256184
v 1.8755343 0.7524520 0.0332520
v 1.8687830 0.7550328 0.0199424
v 1.6094770 0.6413120 -0.2180086
v 1.6094770 0.6413120 -0.2180086
v 1.5897756 0.5881895 -0.2472126
v 1.6587379 0.7179792 -0.1960720
v 1.6495207 0.7166189 -0.2003456
v 1.6494175 0.7199642 -0.2033999
v 1.6616462 0.7223759 -0.1975687
v 1.6054086 0.6419216 -0.2162028
v 1.6038491 0.6434625 -0.2201121
v 1.6407562 0.7108494 -0.2075975
v 1.6433228 0.7096895 -0.2033165
v 1.5897756 0.5881895 -0.2472126
v 1.7478395 0.7206621 -0.1593810
v 1.7502140 0.7175264 -0.1564242
v 1.6555623 0.7142497 -0.2017713
v 1.6587379 0.7179792 -0.1960720
v 1.6489600 0.7097478 -0.2046447
v 1.6433228 0.7096895 -0.2033165
v 1.6495207 0.7166189 -0.2003456
v 1.6094770 0.6413120 -0.2180086
v 1.6054086 0.6419216 -0.2162028
v 1.5897756 0.5881895 -0.2472126
v 1.6494175 0.7199642 -0.2033999
v 1.4694372 0.9871832 -0.1547120
v 1.4308266 0.9964504 -0.1839991
v 1.4662339 0.9952174 -0.1500114
v 1.6864748 0.9248889 -0.0292967
v 1.5775416 0.9621379 -0.0869102
v 1.8651664 0.8257785 0.0793124
v 1.7834659 0.8832360 0.0227631
v 1.9123497 0.7608531 0.1343756
v 1.9490029 0.6618846 0.1961944
v 1.9154852 0.7549816 0.1386541
v 1.9694792 0.5745700 0.2572910
v 1.9719281 0.5730007 0.2457159
v 1.9114985 0.7569291 0.1373583
v 1.9123497 0.7608531 0.1343756
v 1.9154852 0.7549816 0.1386541
v 1.9114985 0.7569291 0.1373583
v 1.9655233 0.2524164 -0.0198741
v 1.9666021 0.2387700 -0.0103542
v 1.9291085 0.1995428 -0.0291255
v 1.9492848 0.2521561 -0.0455802
v 1.8522860 0.1995428 -0.0833007
v 1.9006984 0.2450110 -0.0893817
v 1.8303037 0.2440160 -0.1309736
v 1.7684510 0.1992283 -0.1280772
v 1.7778684 0.2434013 -0.1561848
v 1.9799508 0.3026601 -0.0235450
v 1.9492848 0.2521561 -0.0455802
v 1.9642774 0.3038748 -0.0473069
v 1.9655233 0.2524164 -0.0198741
v 1.8247617 0.3746744 -0.1385792
v 1.7517022 0.7152310 -0.1584200
v 0.8006729 1.4259360 -0.1117286
v 0.8009645 1.4206994 -0.1116307
v 0.8317171 1.4110761 -0.2842066
v 0.8318662 1.4163406 -0.2841566
v 0.9104974 1.3579761 -0.3294735
v 0.8242586 1.4100441 -0.3522422
v 0.8266312 1.4036560 -0.3448359
v 0.9017767 1.3580793 -0.3248518
v 1.0380420 1.2745199 -0.2945962
v 1.0262574 1.2751877 -0.2898854
v 1.3051076 1.0866668 -0.2192873
v 1.1145498 1.2247868 -0.2722890
v 1.0996494 1.2260285 -0.2674875
v 1.2774520 1.0902584 -0.2141147
v 1.4197511 0.9988164 -0.1889724
v 1.3890778 1.0022984 -0.1806669
v 1.4267802 0.9949250 -0.1841229
v 0.8242586 1.4100441 -0.3522422
v 0.8269189 1.4122459 -0.3284343
v 0.8283505 1.4061647 -0.3243380
v 0.8266312 1.4036560 -0.3448359
v 1.5424132 0.9050827 -0.1548972
v 1.5444452 0.9045894 -0.1589654
v 1.5070637 0.9268650 -0.1729017
v 1.5083594 0.9259107 -0.1681897
v 1.5987975 0.8830272 -0.1225346
v 1.6010290 0.8831000 -0.1267866
v 1.6836250 0.8567803 -0.0795526
v 1.6856914 0.8570788 -0.0839474
v 1.7732897 0.8138776 -0.0326053
v 1.7757774 0.8139935 -0.0367215
v 1.4197511 0.9988164 -0.1889724
v 1.4267802 0.9949250 -0.1841229
v 1.6836250 0.8567803 -0.0795526
v 1.6851360 0.8613756 -0.0794908
v 1.7752436 0.8183698 -0.0323382
v 1.7732897 0.8138776 -0.0326053
v 1.5987975 0.8830272 -0.1225346
v 1.5995940 0.8877492 -0.1227944
v 1.8687830 0.7550328 0.0199424
v 1.8649353 0.7613686 0.0132184
v 1.5083594 0.9259107 -0.1681897
v 1.5141217 0.9272521 -0.1668524
v 1.5442373 0.9092938 -0.1546933
v 1.5424132 0.9050827 -0.1548972
v 1.4267802 0.9949250 -0.1841229
v 1.4308266 0.9964504 -0.1839991
v -1.5955964 0.4126841 -1.2343699
v -1.5696270 0.4627931 -1.2295204
v -1.6503307 0.4111448 -1.1962758
v -1.6119917 0.4638293 -1.1869693
v -1.2408038 0.1983094 -1.1339894
v -1.2979769 0.2026039 -1.1302292
v -1.2869692 0.2615406 -1.1524164
v -1.2245788 0.2581904 -1.1554294
v -1.4574593 0.2160441 -1.1765001
v -1.4089314 0.2688904 -1.1903314
v -1.5145630 0.2751271 -1.2161122
v -1.6076672 0.2277424 -1.1827662
v -1.6045482 0.2801819 -1.2239588
v -1.6597077 0.2825328 -1.1878822
v -1.7342505 0.2330156 -1.0098488
v -1.7687449 0.2854691 -1.0229980
v -1.8894122 0.2350974 -0.6276076
v -1.9267622 0.2870927 -0.6401203
v -1.6019084 0.3959982 -1.2350759
v -1.6582711 0.3956106 -1.1977772
v -1.9301977 0.3948954 -0.6412715
v -1.7705197 0.3951303 -1.0268948
v 0.8276376 1.4128407 -0.3220015
v 0.8283505 1.4061647 -0.3243380
v 0.8276376 1.4128407 -0.3220015
v -1.5488418 1.3160303 -1.0733615
v -1.6072951 1.0893402 -1.0957421
v -1.6270759 0.9804252 -1.1037125
v -1.6425545 0.6100561 -1.1134642
v -1.6413874 0.4859995 -1.1145985
v -1.7007228 0.4102940 -1.1181575
v -1.6496891 0.4647110 -1.1151991
v -1.7104641 0.3953873 -1.1183210
v -1.6982809 0.4736862 -1.0044285
v -1.6861824 0.4007815 -1.0003755
v -1.8353173 0.4007810 -0.6094849
v -1.8474157 0.4736862 -0.6135381
v -1.6441983 0.4736862 -1.1090497
v -1.6427155 0.4007820 -1.0844622
v -1.7104641 0.3953873 -1.1183210
v -1.7705197 0.3951303 -1.0268948
v -1.6834386 0.3956751 -0.9992047
v -1.6382531 0.3964117 -1.0862478
v -1.9301977 0.3948954 -0.6412715
v -1.8324825 0.3956773 -0.6085353
v -1.7007228 0.4102940 -1.1181575
v -1.6382531 0.3964117 -1.0862478
v -1.6496891 0.4647110 -1.1151991
v 0.7224700 1.4713865 -0.3485317
v 0.7247455 1.4726465 -0.3518432
v 0.6338864 1.4952790 -0.3780275
v 0.6325080 1.4937761 -0.3745872
v 0.8283505 1.4061647 -0.3243380
v 0.8269189 1.4122459 -0.3284343
v 0.3276333 1.5225754 -0.4714693
v 0.3288615 1.5239545 -0.4749426
v -0.5596576 1.5271998 -0.7678777
v -0.5605985 1.5258991 -0.7642992
v 0.4933043 1.5135068 -0.4217805
v 0.4919917 1.5120908 -0.4183430
v -1.0647706 1.5190956 -0.9317553
v -1.0635897 1.5202291 -0.9351292
v -1.3507592 1.5074439 -1.0275890
v -1.3520734 1.5058143 -1.0240826
v -1.4253921 1.4952039 -1.0449934
v -1.4248413 1.4967967 -1.0487875
v -1.4592464 1.4809094 -1.0545329
v -1.4572459 1.4806339 -1.0503175
v 0.6325080 1.4937761 -0.3745872
v 0.6324390 1.4970197 -0.3722710
v 0.7230281 1.4744516 -0.3460786
v 0.7224700 1.4713865 -0.3485317
v 0.4919917 1.5120908 -0.4183430
v 0.4915877 1.5153601 -0.4161619
v -0.5605985 1.5258991 -0.7642992
v -0.5612240 1.5291550 -0.7622735
v 0.3270332 1.5258464 -0.4693838
v 0.3276333 1.5225754 -0.4714693
v -1.3520734 1.5058143 -1.0240826
v -1.3535470 1.5090810 -1.0222234
v -1.0656718 1.5223779 -0.9298210
v -1.0647706 1.5190956 -0.9317553
v -1.4253921 1.4952039 -1.0449934
v -1.4247605 1.4986797 -1.0424036
v -1.4253921 1.4952039 -1.0449934
v -1.4572459 1.4806339 -1.0503175
v -1.4597733 1.4835757 -1.0487829
v -1.4309345 1.4968294 -1.0438167
v -1.6392283 0.7423573 -1.1069339
v -1.6434719 0.7424470 -1.1055610
v -1.6405293 0.8439244 -1.1033275
v -1.6362865 0.8437762 -1.1046919
v -1.6403444 0.6669067 -1.1082349
v -1.6445896 0.6668966 -1.1068655
v -1.6395788 0.4735546 -1.1116541
v -1.6441983 0.4736862 -1.1090497
v -1.6454308 0.6100562 -1.1078471
v -1.6411856 0.6100290 -1.1092155
v -1.6258002 0.9799648 -1.0994630
v -1.6300400 0.9804182 -1.0981408
v -1.6103032 1.0893221 -1.0901916
v -1.6060911 1.0886451 -1.0915015
v -1.5163186 1.4156612 -1.0573376
v -1.5204205 1.4168733 -1.0560569
v -1.4998802 1.4544289 -1.0487378
v -1.4962143 1.4523943 -1.0499206
v -1.5477703 1.3150787 -1.0691325
v -1.5519585 1.3159684 -1.0678638
v -1.6313303 0.9283453 -1.1019685
v 0.8283505 1.4061647 -0.3243380
v 0.8276376 1.4128407 -0.3220015
v -1.4947060 1.4551010 -1.0542869
v -1.4962143 1.4523943 -1.0499206
v -1.5172175 1.4169713 -1.0615238
v -1.5163186 1.4156612 -1.0573376
v -1.5488418 1.3160303 -1.0733615
v -1.5477703 1.3150787 -1.0691325
v -1.6072951 1.0893402 -1.0957421
v -1.6060911 1.0886451 -1.0915015
v -1.6270759 0.9804252 -1.1037125
v -1.6258002 0.9799648 -1.0994630
v -1.6323232 0.9316771 -1.1060734
v -1.6313303 0.9283453 -1.1019685
v -1.6395788 0.4735546 -1.1116541
v -1.6411856 0.6100290 -1.1092155
v -1.6425545 0.6100561 -1.1134642
v -1.6413874 0.4859995 -1.1145985
v -1.6427155 0.4007820 -1.0844622
v -1.6382531 0.3964117 -1.0862478
v -1.6834386 0.3956751 -0.9992047
v -1.6861824 0.4007815 -1.0003755
v -1.6323232 0.9316771 -1.1060734
v -1.5977579 0.9317567 -1.1720658
v -1.5577581 0.9319075 -1.2128710
v -1.5024731 0.9324821 -1.2156402
v -1.4453269 0.9186685 -1.2059667
v -1.4138336 0.7625956 -1.2171678
v -1.4162247 0.8440670 -1.2145547
v -1.4122298 0.6758954 -1.2164213
v -1.4599936 0.6769175 -1.2290165
v -1.5594274 0.6644858 -1.2372543
v -1.4839764 0.6644684 -1.2350778
v -1.6006566 0.6644878 -1.1928574
v -1.6417510 0.6644888 -1.1125254
v -1.6403444 0.6669067 -1.1082349
v -1.6417510 0.6644888 -1.1125254
v -1.4132197 0.7422752 -1.2178616
v -1.3270637 0.6759123 -1.1940546
v -1.4708819 0.6667157 -1.2316917
v -1.4280820 0.7422900 -1.2217291
v -1.4270051 0.7591674 -1.2207241
v -1.4419869 0.8440504 -1.2209848
v -1.4558078 0.8859770 -1.2153876
v -1.4739092 0.9183695 -1.2128954
v -1.6313303 0.9283453 -1.1019685
v -1.6323232 0.9316771 -1.1060734
v -1.5977579 0.9317567 -1.1720658
v -1.5952860 0.9281485 -1.1709887
v -1.5577581 0.9319075 -1.2128710
v -1.5564902 0.9280807 -1.2109556
v -1.5024731 0.9324821 -1.2156402
v -1.5024931 0.9284141 -1.2134874
v -1.4844463 0.6676795 -1.2320095
v -1.4839764 0.6644684 -1.2350778
v -1.5594274 0.6644858 -1.2372543
v -1.5581248 0.6676360 -1.2343657
v -1.6006566 0.6644878 -1.1928574
v -1.5979913 0.6675856 -1.1910637
v -1.6417510 0.6644888 -1.1125254
v -1.6403444 0.6669067 -1.1082349
v -1.4742536 0.6692108 -1.2293602
v -1.4708819 0.6667157 -1.2316917
v -1.4617376 0.6790404 -1.2262547
v -1.4599936 0.6769175 -1.2290165
v -1.4308351 0.7582436 -1.2184931
v -1.4270051 0.7591674 -1.2207241
v -1.4280820 0.7422900 -1.2217291
v -1.4321000 0.7422528 -1.2195147
v -1.4458877 0.8436597 -1.2187313
v -1.4419869 0.8440504 -1.2209848
v -1.4579430 0.8809674 -1.2136457
v -1.4558078 0.8859770 -1.2153876
v -1.4795017 0.9175716 -1.2110968
v -1.4739092 0.9183695 -1.2128954
v -1.6454308 0.6100562 -1.1078471
v -1.6963528 0.6248776 -1.0059845
v -1.5441529 1.3974985 -1.0285966
v -1.5519585 1.3159684 -1.0678638
v -1.5697264 1.3156176 -1.0365132
v -1.6103032 1.0893221 -1.0901916
v -1.6295154 1.0892071 -1.0547435
v -1.6416108 1.0288790 -1.0583160
v -1.6576926 0.9988193 -1.0392790
v -1.8328615 0.9802841 -0.6086624
v -1.8230178 0.9841315 -0.6053645
v -1.6766945 0.9841517 -0.9884645
v -1.6858319 0.9802843 -0.9932706
v -1.5878718 1.4148104 -0.9409281
v -1.5487802 1.4160059 -1.0076503
v -1.5430776 1.4076078 -1.0030741
v -1.5809367 1.4064400 -0.9384004
v -1.5441529 1.3974985 -1.0285966
v -1.5393724 1.3927407 -1.0199140
v -1.5697264 1.3156176 -1.0365132
v -1.5640161 1.3136196 -1.0275409
v -1.6295154 1.0892071 -1.0547435
v -1.6237689 1.0871093 -1.0457458
v -1.6416108 1.0288790 -1.0583160
v -1.6355215 1.0287831 -1.0492193
v -1.6576926 0.9988193 -1.0392790
v -1.6499995 1.0017245 -1.0320838
v -1.5072297 1.5017517 -0.9226537
v -1.5051892 1.5053088 -0.9220852
v -1.4247605 1.4986797 -1.0424036
v -1.4253921 1.4952039 -1.0449934
v -1.4253921 1.4952039 -1.0449934
v -1.4309345 1.4968294 -1.0438167
v -1.5110404 1.5032049 -0.9232788
v -1.5072297 1.5017517 -0.9226537
v -1.6574900 1.5137933 -0.5499104
v -1.6538788 1.5124310 -0.5487004
v -1.4617376 0.6790404 -1.2262547
v -1.4562491 0.6821960 -1.2281239
v -1.4123246 0.6822048 -1.2165581
v -1.4562491 0.6821960 -1.2281239
v -1.3277432 0.6822216 -1.1943635
v -1.1239873 0.5784691 -1.1296497
v -1.1993704 0.6703188 -1.1549008
v -1.2285728 0.6765173 -1.1639202
v -1.2223464 0.6818148 -1.1620876
v -1.2040832 0.6659022 -1.1562831
v -1.2017961 0.6674905 -1.1523095
v -1.1272195 0.5765491 -1.1273103
v -1.1288579 0.5746474 -1.1309538
v -1.0871973 0.5270026 -1.1387411
v -1.1272195 0.5765491 -1.1273103
v -1.1239873 0.5784691 -1.1296497
v -1.0871973 0.5270026 -1.1387411
v -1.4130787 0.6791061 -1.2134385
v -1.4122298 0.6758954 -1.2164213
v -1.3282662 0.6791191 -1.1911747
v -1.3270637 0.6759123 -1.1940546
v -1.4617376 0.6790404 -1.2262547
v -1.4562491 0.6821960 -1.2281239
v -1.4123246 0.6822048 -1.2165581
v -1.4130787 0.6791061 -1.2134385
v -1.3277432 0.6822216 -1.1943635
v -1.3282662 0.6791191 -1.1911747
v -1.2017961 0.6674905 -1.1523095
v -1.1993704 0.6703188 -1.1549008
v -1.2285728 0.6765173 -1.1639202
v -1.2259646 0.6791311 -1.1598637
v -1.2259646 0.6791311 -1.1598637
v -1.2223464 0.6818148 -1.1620876
v -1.6920129 0.8228837 -1.0043840
v -1.7948684 0.8074185 -0.5959340
v -1.6766476 0.8073701 -0.9018481
v -1.7120463 0.8228917 -0.9518444
v -1.7232443 0.6762540 -0.9342507
v -1.7384602 0.5970294 -0.8962260
v -1.8464066 0.5942509 -0.6132001
v -1.8417640 0.8229433 -0.6116448
v -1.7120463 0.8228917 -0.9518444
v -1.6766476 0.8073701 -0.9018481
v -1.7948684 0.8074185 -0.5959340
v -1.7120463 0.8228917 -0.9518444
v -1.7232443 0.6762540 -0.9342507
v -1.7138011 0.6706872 -0.9046293
v -1.6766476 0.8073701 -0.9018481
v -1.7256030 0.6350026 -0.9290361
v -1.7273262 0.6227399 -0.9013940
v -1.7297295 0.6146268 -0.9186974
v -1.7384602 0.5970294 -0.8962260
v -1.7297295 0.6146268 -0.9186974
v -1.7256030 0.6350026 -0.9290361
v -1.7384602 0.5970294 -0.8962260
v -1.8464066 0.5942509 -0.6132001
v -0.5475056 0.2412012 -0.9167693
v -0.6046956 0.1932203 -0.9335424
v -0.5972841 0.2414110 -0.9556668
v 1.1127215 0.2402908 -0.3604179
v 1.9006984 0.2450110 -0.0893817
v 1.9006529 0.2584889 -0.0817940
v 1.9492848 0.2521561 -0.0455802
v 1.8303037 0.2440160 -0.1309736
v 1.8277632 0.2577053 -0.1241369
v 1.7778684 0.2434013 -0.1561848
v 1.7753233 0.2570629 -0.1494392
v -1.7104641 0.3953873 -1.1183210
v 2.0348292 0.3280722 0.2263968
v 2.0206027 0.3247601 0.2245932
v 2.0197966 0.3237146 0.1793399
v 1.9900041 0.3280841 0.4349984
v 1.9792190 0.3250499 0.4323093
v 1.9285481 0.3280920 0.6514640
v 1.9179795 0.3251487 0.6479233
v 1.9978516 0.2301731 0.2250136
v 1.9916418 0.2399033 0.2245221
v 1.9478532 0.2400604 0.4148537
v 1.9534938 0.2301243 0.4163063
v 1.9838867 0.2302322 0.0224032
v 1.9778463 0.2399214 0.0252760
v 2.0196256 0.3280591 0.0234369
v 2.0069070 0.3202720 0.0269020
v 1.9888895 0.3154553 0.0006737
v 1.9958538 0.3194079 -0.0077506
v 1.9756309 0.3014920 -0.0124947
v 1.9799508 0.3026601 -0.0235450
v 1.9636226 0.2523616 -0.0061616
v 1.9655233 0.2524164 -0.0198741
v 1.9666021 0.2387700 -0.0103542
v 1.9785804 0.5762948 0.2721790
v 1.9577767 0.6618748 0.2249736
v 1.9280925 0.7549467 0.1676135
v 1.9282700 0.7552907 0.1872173
v 1.9561529 0.6612084 0.2445771
v 1.9785804 0.5762948 0.2721790
v 1.9747536 0.5857857 0.2861359
v 1.9818181 0.5625885 0.2834895
v 1.9772266 0.5751106 0.2949594
v 1.9822063 0.5539332 0.3021052
v 1.9778406 0.5686726 0.3064853
v 1.9538770 0.5495270 0.4364279
v 1.9489051 0.5653788 0.4357605
v 1.8921279 0.5617716 0.6392626
v 1.8981125 0.5455110 0.6412676
v 1.9282700 0.7552907 0.1872173
v 1.9095558 0.7563410 0.1844330
v 1.9561529 0.6612084 0.2445771
v 1.9282700 0.7552907 0.1872173
v 1.8807019 0.7466999 0.1929449
v 1.8999658 0.6761161 0.2358580
v 1.9747536 0.5857857 0.2861359
v 1.9112347 0.6195315 0.2670634
v 1.9772266 0.5751106 0.2949594
v 1.9121533 0.6115227 0.2743597
v 1.9778406 0.5686726 0.3064853
v 1.9113456 0.6066927 0.2848117
v 1.9489051 0.5653788 0.4357605
v 1.8770568 0.6042215 0.4118847
v 1.9095558 0.7563410 0.1844330
v 1.9095558 0.7563410 0.1844330
v 1.8760497 0.7559474 0.3822074
v 1.8484587 0.7465201 0.3729641
v 1.8807019 0.7466999 0.1929449
v 1.8092674 0.7559192 0.6115031
v 1.7816764 0.7464919 0.6022598
v -0.6402773 0.8832602 -0.9647946
v -0.5219021 0.8832597 -0.9263404
v -0.9856599 0.8832604 -1.0750023
v -0.9955383 0.9201844 -1.0657620
v -0.9952109 0.9240079 -1.0679717
v -0.6164051 0.9240049 -0.9470502
v -0.6211663 0.9201864 -0.9462775
v -1.2516605 0.9202269 -1.1454925
v -1.2540369 0.9239968 -1.1485492
v -0.5265027 0.9240080 -0.9178127
v -0.5243204 0.9191087 -0.9142385
v -0.5205313 0.8862250 -0.9209546
v -0.5219021 0.8832597 -0.9263404
v -0.6402773 0.8832602 -0.9647946
v -0.6395848 0.8856239 -0.9605960
v -0.9856599 0.8832604 -1.0750023
v -0.9873145 0.8856260 -1.0715542
v -1.2509865 0.8832232 -1.1576857
v -1.2490831 0.8856319 -1.1531836
v -1.2490831 0.8856319 -1.1531836
v -1.2509865 0.8832232 -1.1576857
v -1.2540369 0.9239968 -1.1485492
v -1.2516605 0.9202269 -1.1454925
v 0.6697921 0.9063566 -0.5211060
v 0.6778942 0.8356865 -0.5371539
v 0.4005141 0.7441919 -0.6368911
v 0.2226121 0.8245976 -0.6908911
v 0.3989592 0.8245976 -0.6326178
v 0.3989592 0.8245976 -0.6326178
v 0.4013141 0.8245976 -0.6282931
v 0.4006944 0.8245976 -0.6278957
v 0.2019705 0.9131016 -0.6788845
v 0.2073977 0.8384875 -0.6950849
v 0.2146949 0.9378907 -0.6672586
v 0.3885990 0.9378907 -0.6094246
v 0.3901642 0.9378907 -0.6044738
v 0.3944826 0.9378907 -0.6073929
v 0.3901642 0.9378907 -0.6044738
v 0.3885990 0.9378907 -0.6094246
v 0.5884791 0.9378907 -0.5397822
v 0.3944826 0.9378907 -0.6073929
v 0.6062797 0.9060366 -0.5433077
v 0.6113699 0.8384875 -0.5585020
v 0.5969089 0.8245976 -0.5649445
v 0.4049411 0.8245976 -0.6306043
v 0.6046347 0.9240008 -0.5383981
v 0.2009891 0.9240008 -0.6759554
v 0.6046347 0.9240008 -0.5383981
v 0.6062797 0.9060366 -0.5433077
v 0.6011067 0.9221485 -0.5370807
v 0.6113699 0.8384875 -0.5585020
v 0.6076975 0.8391587 -0.5567478
v 0.5969089 0.8245976 -0.5649445
v 0.5948953 0.8268550 -0.5624857
v 0.5063900 0.8268548 -0.5927459
v 0.4049411 0.8245976 -0.6306043
v 0.4005141 0.8268675 -0.6273680
v 0.4040248 0.8268545 -0.6277449
v 0.3915362 0.9218541 -0.6072810
v 0.3954231 0.9218541 -0.6087645
v 0.4033034 0.8388762 -0.6256905
v 0.3990937 0.8388762 -0.6232247
v 0.3904558 0.9344803 -0.6050708
v 0.3901642 0.9378907 -0.6044738
v 0.3944826 0.9378907 -0.6073929
v 0.3939638 0.9344709 -0.6054681
v 0.5884791 0.9378907 -0.5397822
v 0.4984581 0.9344708 -0.5690693
v 0.5867728 0.9344707 -0.5383064
v 0.3885990 0.9378907 -0.6094246
v 0.3901642 0.9378907 -0.6044738
v 0.3904558 0.9344803 -0.6050708
v 0.3876380 0.9344896 -0.6076637
v 0.3990937 0.8388762 -0.6232247
v 0.3968940 0.8388762 -0.6278762
v 0.3890562 0.9218541 -0.6109656
v 0.3915362 0.9218541 -0.6072810
v 0.4005141 0.8268675 -0.6273680
v 0.3976278 0.8268804 -0.6299684
v 0.3989592 0.8245976 -0.6326178
v 0.2226121 0.8245976 -0.6908911
v 0.3078845 0.8268804 -0.6596293
v 0.3976278 0.8268804 -0.6299684
v 0.2073977 0.8384875 -0.6950849
v 0.2092584 0.8391826 -0.6914852
v 0.2227342 0.8268804 -0.6877723
v 0.2019705 0.9131016 -0.6788845
v 0.2029831 0.9221626 -0.6727511
v 0.2009891 0.9240008 -0.6759554
v 0.2146949 0.9378907 -0.6672586
v 0.2151466 0.9344896 -0.6650338
v 0.2997281 0.9344896 -0.6369023
v 0.3939638 0.9344709 -0.6054681
v 0.3904558 0.9344803 -0.6050708
v 0.3876380 0.9344896 -0.6076637
v 0.3904558 0.9344803 -0.6050708
v 0.3876380 0.9344896 -0.6076637
v 0.3890562 0.9218541 -0.6109656
v 0.3109900 0.9218541 -0.6368424
v 0.2997281 0.9344896 -0.6369023
v 0.3968940 0.8388762 -0.6278762
v 0.3173920 0.8388762 -0.6547038
v 0.3976278 0.8268804 -0.6299684
v 0.3078845 0.8268804 -0.6596293
v 0.2227342 0.8268804 -0.6877723
v 0.2092584 0.8391826 -0.6914852
v 0.2514417 0.8783992 -0.6358917
v 0.2029831 0.9221626 -0.6727511
v 0.2151466 0.9344896 -0.6650338
v 0.2997281 0.9344896 -0.6369023
v 0.3109900 0.9218541 -0.6368424
v 0.3173920 0.8388762 -0.6547038
v 0.3078845 0.8268804 -0.6596293
v 0.6011067 0.9221485 -0.5370807
v 0.6076975 0.8391587 -0.5567478
v 0.5388608 0.8782765 -0.5383791
v 0.5948953 0.8268550 -0.5624857
v 0.5063900 0.8268548 -0.5927459
v 0.4968651 0.8388762 -0.5941604
v 0.4906529 0.9218541 -0.5756173
v 0.4984581 0.9344708 -0.5690693
v 0.5867728 0.9344707 -0.5383064
v 0.4049411 0.8245976 -0.6306043
v 0.4040248 0.8268545 -0.6277449
v 1.9175489 0.2553439 0.3924897
v 1.9588024 0.2543483 0.2231025
v 1.9782746 0.3120967 0.1919527
v 1.9393301 0.3128895 0.4044540
v 1.3034896 0.5357074 -0.3455504
v 1.3589160 0.5744068 -0.3283615
v 1.2243801 0.5550571 -0.0180960
v 1.2572927 0.4844093 -0.3579656
v 1.1343279 0.4530322 -0.0482648
v 1.1952089 0.3494182 -0.3672823
v 1.2213085 0.4216551 -0.3652391
v 1.0846075 0.2948804 -0.0649217
v 1.1745669 0.2403424 -0.3612244
v -1.0871973 0.5270026 -1.1387411
v -1.0294303 0.5635146 -1.1235038
v -1.2098936 0.4972608 -0.8336126
v -1.1352338 0.4793650 -1.1500943
v -1.1740019 0.4191609 -1.1570197
v -1.2029470 0.3504261 -1.1593401
v -1.3108957 0.3043083 -0.8674497
v -1.2245788 0.2581904 -1.1554294
v -0.7192559 0.5348702 -1.0227195
v -0.6680115 0.4823670 -1.0033018
v -0.7997655 0.5086186 -0.6962138
v -0.7732311 0.5730083 -1.0432598
v -0.9684273 0.5877249 -0.7527180
v -0.6280910 0.4187325 -0.9846277
v -0.6025545 0.3500749 -0.9702076
v -0.7072506 0.3129074 -0.6652200
v -0.5972841 0.2414110 -0.9556668
v 1.7753422 0.3038856 -0.1551154
v 1.7753233 0.2570629 -0.1494392
v 1.6796876 0.2681166 0.1344386
v 1.7725695 0.3583304 -0.1622206
v 1.6309270 0.4485619 0.1181031
v 1.7563537 0.4223964 -0.1742399
v 1.7255102 0.4793676 -0.1900566
v 1.6749771 0.5341531 -0.2120655
v 1.6145742 0.5782925 -0.2375107
v 1.4148131 0.5971340 0.0457017
v 1.5536874 0.6025923 -0.2613310
v 1.5897756 0.5881895 -0.2472126
v 1.4903222 0.6092823 -0.2843305
v 1.4231640 0.5998708 -0.3078518
v -0.8264409 0.5928990 -1.0621258
v -0.8865951 0.5973509 -1.0813887
v -0.9588100 0.5876414 -1.1035416
v 1.1618965 0.1932203 -0.3404916
v 1.0710936 0.1932203 -0.0694492
v 1.7778684 0.2434013 -0.1561848
v 1.7684510 0.1992283 -0.1280772
v 1.6804221 0.1992283 0.1346845
v -1.2408038 0.1983094 -1.1339894
v -1.3281607 0.1983094 -0.8732338
v -0.6046956 0.1932203 -0.9335424
v -0.6958651 0.1932203 -0.6614058
v -0.7072506 0.3129074 -0.6652200
v -1.3108957 0.3043083 -0.8674497
v -1.2098936 0.4972608 -0.8336126
v -0.7997655 0.5086186 -0.6962138
v -0.6958651 0.1932203 -0.6614058
v -1.3281607 0.1983094 -0.8732338
v -0.9684273 0.5877249 -0.7527180
v 1.6804221 0.1992283 0.1346845
v 1.0710936 0.1932203 -0.0694492
v 1.0846075 0.2948804 -0.0649217
v 1.6796876 0.2681166 0.1344386
v 1.6309270 0.4485619 0.1181031
v 1.1343279 0.4530322 -0.0482648
v 1.4148131 0.5971340 0.0457017
v 1.2243801 0.5550571 -0.0180960
v -0.5547900 0.1932203 -0.8950254
v 0.3776406 0.1932203 -0.5867282
v 0.4749448 0.1932203 -0.2691677
v -0.6958651 0.1932203 -0.6614058
v 0.7434282 0.1932203 -0.4625687
v 1.0993917 0.1932203 -0.3402686
v 1.0710936 0.1932203 -0.0694492
v 1.1618965 0.1932203 -0.3404916
v -0.6046956 0.1932203 -0.9335424
v -1.2408038 0.1983094 -1.1339894
v -1.3281607 0.1983094 -0.8732338
v -1.2979769 0.2026039 -1.1302292
v -1.4574593 0.2160441 -1.1765001
v -1.7342505 0.2330156 -1.0098488
v -1.6076672 0.2277424 -1.1827662
v 1.6804221 0.1992283 0.1346845
v 1.7684510 0.1992283 -0.1280772
v 1.9726753 0.1995428 0.0220789
v 1.9862824 0.1995430 0.2245808
v 1.8522860 0.1995428 -0.0833007
v 1.9291085 0.1995428 -0.0291255
v -1.1426334 0.1957648 -0.3774257
v 1.5498020 0.1992283 0.5245786
v 0.6423991 0.1932204 0.2205856
v -1.8894122 0.2350974 -0.6276076
v 1.9420967 0.1995430 0.4104701
v 1.9916418 0.2399033 0.2245221
v 1.9778463 0.2399214 0.0252760
v 1.9813701 0.2485701 0.0259749
v 1.9937775 0.2486633 0.2095065
v 1.9636226 0.2523616 -0.0061616
v 1.9699969 0.2584890 0.0009855
v 1.9756309 0.3014920 -0.0124947
v 1.9793531 0.2971661 -0.0039422
v 1.9888895 0.3154553 0.0006737
v 1.9888225 0.3070069 0.0053110
v 2.0069070 0.3202720 0.0269020
v 2.0045395 0.3112938 0.0284776
v 2.0197966 0.3237146 0.1793399
v 2.0161299 0.3148301 0.1738064
v 1.9937775 0.2486633 0.2095065
v 1.9813701 0.2485701 0.0259749
v 1.9762210 0.2534043 0.0270375
v 1.9891830 0.2535244 0.2030800
v 1.9699969 0.2584890 0.0009855
v 1.9656939 0.2625759 0.0039554
v 1.9699969 0.2584890 0.0009855
v 1.9793531 0.2971661 -0.0039422
v 1.9742690 0.2981544 -0.0005582
v 1.9656939 0.2625759 0.0039554
v 1.9793531 0.2971661 -0.0039422
v 1.9888225 0.3070069 0.0053110
v 1.9826119 0.3067749 0.0075372
v 1.9742690 0.2981544 -0.0005582
v 2.0045395 0.3112938 0.0284776
v 1.9976390 0.3109069 0.0297995
v 2.0161299 0.3148301 0.1738064
v 2.0097926 0.3144717 0.1701909
v 2.0161299 0.3148301 0.1738064
v 1.9937775 0.2486633 0.2095065
v 1.9891830 0.2535244 0.2030800
v 2.0097926 0.3144717 0.1701909
v 2.0206027 0.3247601 0.2245932
v 2.0181797 0.3183218 0.2245095
v 2.0182960 0.3175283 0.1902671
v 1.9792190 0.3250499 0.4323093
v 1.9784518 0.3186216 0.4242730
v 1.9478532 0.2400604 0.4148537
v 1.9516189 0.2464708 0.4093998
v 1.9942193 0.2459172 0.2288771
v 1.9179795 0.3251487 0.6479233
v 1.9154475 0.3186980 0.6470752
v 1.9749107 0.3186014 0.4377219
v 1.9483227 0.2465107 0.4229212
v 2.0182960 0.3175283 0.1902671
v 2.0181797 0.3183218 0.2245095
v 1.9782746 0.3120967 0.1919527
v 1.9784518 0.3186216 0.4242730
v 1.9393301 0.3128895 0.4044540
v 1.9784518 0.3186216 0.4242730
v 1.9516189 0.2464708 0.4093998
v 1.9175489 0.2553439 0.3924897
v 1.9393301 0.3128895 0.4044540
v 1.9516189 0.2464708 0.4093998
v 1.9942193 0.2459172 0.2288771
v 1.9588024 0.2543483 0.2231025
v 1.9175489 0.2553439 0.3924897
v 1.9942193 0.2459172 0.2288771
v 2.0182960 0.3175283 0.1902671
v 1.9782746 0.3120967 0.1919527
v 1.9588024 0.2543483 0.2231025
v 1.9154475 0.3186980 0.6470752
v 1.8749678 0.3135136 0.6335137
v 1.9322926 0.3134196 0.4316968
v 1.9749107 0.3186014 0.4377219
v 1.9483227 0.2465107 0.4229212
v 1.9749107 0.3186014 0.4377219
v 1.9322926 0.3134196 0.4316968
v 1.9110382 0.2557278 0.4198595
v 1.9489051 0.5653788 0.4357605
v 1.9778406 0.5686726 0.3064853
v 1.9726691 0.5882946 0.3228312
v 1.9489051 0.5850706 0.4357605
v 1.9772266 0.5751106 0.2949594
v 1.9726572 0.5938851 0.3105025
v 1.9747536 0.5857857 0.2861359
v 1.9704198 0.6040816 0.3011906
v 1.9561529 0.6612084 0.2445771
v 1.9572860 0.6612165 0.2665304
v 1.9282700 0.7552907 0.1872173
v 1.9295014 0.7551140 0.2132317
v 1.9489051 0.5850706 0.4357605
v 1.9726691 0.5882946 0.3228312
v 1.9116175 0.6052931 0.3023781
v 1.8857236 0.6024358 0.4145937
v 1.9726572 0.5938851 0.3105025
v 1.9125430 0.6102581 0.2903635
v 1.9704198 0.6040816 0.3011906
v 1.9116807 0.6192942 0.2815122
v 1.9572860 0.6612165 0.2665304
v 1.9047487 0.6694797 0.2489296
v 1.9295014 0.7551140 0.2132317
v 1.8844233 0.7499977 0.1981300
v 1.8844233 0.7499977 0.1981300
v 1.9295014 0.7551140 0.2132317
v 1.9095558 0.7563409 0.1844330
v 1.9282700 0.7552907 0.1872173
v 1.9557269 0.6353807 0.2711276
v 1.9520626 0.6485207 0.2631287
v 1.9192278 0.6463285 0.4284588
v 1.9223348 0.6371027 0.4294998
v 1.8713835 0.7495414 0.4124303
v 1.9108029 0.7495414 0.1972490
v 1.8819845 0.7495414 0.1875943
v 1.8425647 0.7495414 0.4027756
v 1.8888456 0.7365391 0.4182805
v 1.8312751 0.7365751 0.6188760
v 1.8363961 0.7217322 0.6205918
v 1.8938191 0.7217725 0.4199466
v 1.9321116 0.7200505 0.2195847
v 1.9270842 0.7380763 0.2086116
v 1.9439196 0.6777156 0.2453561
v 1.9402545 0.6908556 0.2373571
v 1.9049697 0.6886634 0.4236822
v 1.9080768 0.6794376 0.4247232
v 1.9334854 0.6039937 0.4332354
v 1.9414982 0.5802019 0.4359197
v 1.9711169 0.5802019 0.3047178
v 1.9638699 0.6061859 0.2888999
v 1.8875072 0.7016657 0.4178321
v 1.9239733 0.7023208 0.2259946
v 1.8892951 0.7023208 0.2143770
v 1.8528291 0.7016657 0.4062143
v 1.9017653 0.6593309 0.4226086
v 1.9357809 0.6599859 0.2517661
v 1.9011028 0.6599859 0.2401483
v 1.8670867 0.6593309 0.4109910
v 1.9160229 0.6169960 0.4273852
v 1.9475886 0.6176511 0.2775374
v 1.9129109 0.6176511 0.2659197
v 1.8813448 0.6169960 0.4157675
v 1.8137174 0.7495414 0.6129940
v 1.8302313 0.7016811 0.6185264
v 1.8477890 0.6887148 0.6244085
v 1.8594460 0.6170114 0.6283137
v 1.8770033 0.6040451 0.6341957
v 1.8448387 0.6593463 0.6234201
v 1.8623959 0.6463799 0.6293021
v 1.9223348 0.6371027 0.4294998
v 1.8656108 0.6370624 0.6303791
v 1.8201873 0.6370624 0.6151615
v 1.8769113 0.6371027 0.4142821
v 1.9080768 0.6794376 0.4247232
v 1.8510035 0.6793973 0.6254855
v 1.8055799 0.6793973 0.6102679
v 1.8626532 0.6794376 0.4095055
v 1.9557269 0.6353807 0.2711276
v 1.9103034 0.6353807 0.2559100
v 1.8938191 0.7217725 0.4199466
v 1.8363961 0.7217322 0.6205918
v 1.7909725 0.7217322 0.6053742
v 1.8483952 0.7217725 0.4047290
v 1.9321116 0.7200505 0.2195847
v 1.8866880 0.7200505 0.2043672
v 1.9439196 0.6777156 0.2453561
v 1.8984961 0.6777156 0.2301386
v 1.9186866 0.5936389 0.4248791
v 1.9207765 0.5936389 0.4186407
v 1.8756610 0.7458373 0.3757720
v 1.8735712 0.7458373 0.3820104
v 1.8799027 0.5936389 0.5678657
v 1.8819926 0.5936389 0.5616274
v 1.8368768 0.7458373 0.5187585
v 1.8347869 0.7458373 0.5249971
v 1.9186866 0.5936389 0.4248791
v 1.8735712 0.7458373 0.3820104
v 1.8456082 0.7458373 0.3726423
v 1.8907237 0.5936389 0.4155110
v 1.8756610 0.7458373 0.3757720
v 1.9207765 0.5936389 0.4186407
v 1.8928135 0.5936389 0.4092726
v 1.8476981 0.7458373 0.3664039
v 1.8799027 0.5936389 0.5678657
v 1.8347869 0.7458373 0.5249971
v 1.8068239 0.7458373 0.5156289
v 1.8519394 0.5936389 0.5584976
v 1.8368768 0.7458373 0.5187585
v 1.8819926 0.5936389 0.5616274
v 1.8540292 0.5936389 0.5522592
v 1.8089138 0.7458373 0.5093906
v -0.5521887 0.4814289 -0.9440009
v -0.5514615 0.5165351 -0.9461751
v -0.5270916 0.5165351 -0.9479114
v -0.5279212 0.4814289 -0.9454348
v -0.5295963 0.5390897 -0.9404351
v -0.5314300 0.4588743 -0.9349617
v 0.4010579 0.5390897 -0.6318171
v 1.1085499 0.5390898 -0.3910641
v 1.1111543 0.5165351 -0.3988386
v 0.4145865 0.5165351 -0.6357091
v 1.1104179 0.4814290 -0.3966392
v 0.4127666 0.4814289 -0.6334644
v 1.1069430 0.4588744 -0.3862677
v 0.3969083 0.4588743 -0.6267146
v -0.4906757 0.5390897 -0.9267571
v 0.4010579 0.5390897 -0.6318171
v 0.3913736 0.5165351 -0.6434954
v -0.4735717 0.5165351 -0.9297642
v 0.3895534 0.4814289 -0.6412507
v -0.4698908 0.4814289 -0.9257245
v 0.3969083 0.4588743 -0.6267146
v -0.4822073 0.4588743 -0.9176950
v -0.4906757 0.5390897 -0.9267571
v -0.4967553 0.5165351 -0.9374924
v -0.4930736 0.4814289 -0.9334538
v -0.4822073 0.4588743 -0.9176950
v 1.1295408 0.5165351 -0.3827183
v 1.1288036 0.4814290 -0.3805189
v 0.4010579 0.5390897 -0.6318171
v 0.3969083 0.4588743 -0.6267146
v 0.3895534 0.4814289 -0.6412507
v 0.3913736 0.5165351 -0.6434954
v 0.4010579 0.5390897 -0.6318171
v 0.4145865 0.5165351 -0.6357091
v 0.4127666 0.4814289 -0.6334644
v 0.3969083 0.4588743 -0.6267146
v -0.4906757 0.5390897 -0.9267571
v -0.4735717 0.5165351 -0.9297642
v -0.4698908 0.4814289 -0.9257245
v -0.4822073 0.4588743 -0.9176950
v -0.4930736 0.4814289 -0.9334538
v -0.4967553 0.5165351 -0.9374924
v -0.4906757 0.5390897 -0.9267571
v -0.4822073 0.4588743 -0.9176950
v 0.6301431 1.4984209 -0.3639733
v 0.4899550 1.5463789 -0.4110025
v 0.4815032 1.5483101 -0.3842940
v 0.6238239 1.5004418 -0.3411355
v 0.3250593 1.5626922 -0.4634548
v -0.5627893 1.5629914 -0.7572367
v -0.5699150 1.5647169 -0.7343073
v 0.3171394 1.5645692 -0.4396625
v -1.3361873 1.5440715 -1.0117099
v -1.3463469 1.5455757 -0.9929109
v -1.0764507 1.5581941 -0.9022910
v -1.0676138 1.5562820 -0.9248604
v 0.6301431 1.4984209 -0.3639733
v 0.4915877 1.5160272 -0.4161619
v 0.4899550 1.5463789 -0.4110025
v 0.4815032 1.5483101 -0.3842940
v 0.4798967 1.5193617 -0.3792175
v 0.6238239 1.5004418 -0.3411355
v 0.3270332 1.5265134 -0.4693838
v -0.5612240 1.5298221 -0.7622735
v -0.5627893 1.5629914 -0.7572367
v 0.3250593 1.5626922 -0.4634548
v -0.5714637 1.5328013 -0.7293239
v 0.3151820 1.5297543 -0.4337815
v 0.3171394 1.5645692 -0.4396625
v -0.5699150 1.5647169 -0.7343073
v -1.3678970 1.5122887 -0.9952584
v -1.0783704 1.5263463 -0.8973887
v -1.0764507 1.5581941 -0.9022910
v -1.3463469 1.5455757 -0.9929109
v -1.0656718 1.5230449 -0.9298210
v -1.3535470 1.5097481 -1.0222234
v -1.3361873 1.5440715 -1.0117099
v -1.0676138 1.5562820 -0.9248604
v -1.3463469 1.5455757 -0.9929109
v -1.3361873 1.5440715 -1.0117099
v -1.3535470 1.5097481 -1.0222234
v -1.3678970 1.5122887 -0.9952584
v 0.2038697 0.9221626 -0.6753977
v 0.2617626 0.9248002 -0.6660227
v 0.2699264 0.8421411 -0.6829619
v 0.2101450 0.8391826 -0.6941320
v 0.2236208 0.8268804 -0.6904189
v 0.2101450 0.8391826 -0.6941320
v 0.2699264 0.8421411 -0.6829619
v 0.2679798 0.8268804 -0.6757578
v 0.5876595 0.9344707 -0.5409530
v 0.6019934 0.9221485 -0.5397275
v 0.5481561 0.9247980 -0.5684507
v 0.5437280 0.9344707 -0.5562558
v 0.5481561 0.9247980 -0.5684507
v 0.6019934 0.9221485 -0.5397275
v 0.6085841 0.8391587 -0.5593944
v 0.5565968 0.8423128 -0.5862168
v 0.2160333 0.9344896 -0.6676806
v 0.2574104 0.9344896 -0.6539186
v 0.2617626 0.9248002 -0.6660227
v 0.2038697 0.9221626 -0.6753977
v 0.5957820 0.8268550 -0.5651323
v 0.5546644 0.8268549 -0.5791906
v 0.5565968 0.8423128 -0.5862168
v 0.6085841 0.8391587 -0.5593944
v 0.5565968 0.8423128 -0.5862168
v 0.5546644 0.8268549 -0.5791906
v 0.5544665 0.8821091 -0.5236030
v 0.2617626 0.9248002 -0.6660227
v 0.2574104 0.9344896 -0.6539186
v 0.2218618 0.8820778 -0.6361799
v 0.2679798 0.8268804 -0.6757578
v 0.2699264 0.8421411 -0.6829619
v 0.5437280 0.9344707 -0.5562558
v 0.5481561 0.9247980 -0.5684507
v -0.9955383 0.9201844 -1.0657620
v -0.6211663 0.9201864 -0.9462775
v -0.6185947 0.9146137 -0.9541083
v -0.9929416 0.9146154 -1.0736015
v -0.5243204 0.9191087 -0.9142385
v -0.5279263 0.9136000 -0.9240915
v -0.5243204 0.9191087 -0.9142385
v -0.5205313 0.8862250 -0.9209546
v -0.5256500 0.8939457 -0.9281391
v -0.5279263 0.9136000 -0.9240915
v -0.5205313 0.8862250 -0.9209546
v -0.6395848 0.8856239 -0.9605960
v -0.6379429 0.8933743 -0.9655081
v -0.5256500 0.8939457 -0.9281391
v -0.9873145 0.8856260 -1.0715542
v -0.9856483 0.8933725 -1.0764412
v -1.2490831 0.8856319 -1.1531836
v -1.2409178 0.8933783 -1.1560447
v -1.2490831 0.8856319 -1.1531836
v -1.2516605 0.9202269 -1.1454925
v -1.2425100 0.9146566 -1.1512911
v -1.2409178 0.8933783 -1.1560447
v -1.2516605 0.9202269 -1.1454925
v -1.2425100 0.9146566 -1.1512911
v -0.9929416 0.9146154 -1.0736015
v -0.6185947 0.9146137 -0.9541083
v -0.6307386 0.9021228 -0.9521311
v -0.9917414 0.9021226 -1.0673367
v -0.5279263 0.9136000 -0.9240915
v -0.5354036 0.9019179 -0.9204780
v -0.5279263 0.9136000 -0.9240915
v -0.5256500 0.8939457 -0.9281391
v -0.5354036 0.9019179 -0.9204780
v -0.5256500 0.8939457 -0.9281391
v -0.6379429 0.8933743 -0.9655081
v -0.6307386 0.9021228 -0.9521311
v -0.5354036 0.9019179 -0.9204780
v -0.9856483 0.8933725 -1.0764412
v -0.9917414 0.9021226 -1.0673367
v -1.2409178 0.8933783 -1.1560447
v -1.2379606 0.9021456 -1.1440516
v -1.2409178 0.8933783 -1.1560447
v -1.2425100 0.9146566 -1.1512911
v -1.2379606 0.9021456 -1.1440516
v -1.2425100 0.9146566 -1.1512911
v -1.2379606 0.9021456 -1.1440516
v 1.8101590 0.7603548 0.6118019
v 1.4775401 0.9777840 0.5003697
v 1.5645176 0.9528753 0.5295085
v 0.4740027 1.5215966 0.1641702
v 0.5755148 1.4992524 0.1981782
v 0.7031665 1.4360445 0.2409434
v 1.3918090 0.9997190 0.4716487
v 1.8780201 0.1995429 0.6345364
v 1.8900254 0.2300860 0.6385584
v 0.7031665 1.4360445 0.2409434
v 0.7034580 1.4308080 0.2410411
v -1.8353142 0.4007762 -0.6094839
v -1.8353173 0.4007810 -0.6094849
v -1.8324825 0.3956773 -0.6085353
v -1.7290208 1.4148104 -0.5738741
v -1.7220079 1.4064372 -0.5715249
v -1.6538788 1.5124310 -0.5487004
v -1.6519622 1.5159487 -0.5480584
v 1.8845258 0.2400389 0.6367159
v 1.8900254 0.2300860 0.6385584
v 1.8159768 0.6015153 0.6137510
v 1.8921279 0.5617716 0.6392626
v 1.8522309 0.2557067 0.6258967
v 1.9110382 0.2557278 0.4198595
v 1.9322926 0.3134196 0.4316968
v 1.8749678 0.3135136 0.6335137
v 1.8780201 0.1995429 0.6345364
v 1.8845258 0.2400389 0.6367159
v 1.8870574 0.2464895 0.6375640
v 1.8870574 0.2464895 0.6375640
v 1.9483227 0.2465107 0.4229212
v 1.9110382 0.2557278 0.4198595
v 1.8522309 0.2557067 0.6258967
v 1.8921279 0.5814634 0.6392626
v 1.8921279 0.5617716 0.6392626
v 1.8271054 0.5992088 0.6174792
v 1.8921279 0.5814634 0.6392626
v 1.8510035 0.6793973 0.6254855
v 1.7848986 0.7495414 0.6033394
v 1.8852302 0.5802019 0.6369518
v 1.8656108 0.6370624 0.6303791
v 1.7955532 0.7016811 0.6069087
v 1.8247675 0.6170114 0.6166960
v 1.8101602 0.6593463 0.6118024
v 1.6348818 0.3682371 1.2161137
v 1.6229104 0.3280592 1.2076102
v 1.7573124 0.3280723 1.0547704
v 1.7697629 0.3682372 1.0634565
v 1.6156210 0.4554982 1.2180838
v 1.6348818 0.3682371 1.2161137
v 1.7697629 0.3682372 1.0634565
v 1.7443881 0.4554982 1.0822530
v 1.5371735 0.4554982 1.2453973
v 1.5497430 0.3683764 1.2437170
v 1.6008291 0.4813201 1.2154455
v 1.7276162 0.4808101 1.0852108
v 1.6748955 0.5245324 1.0840256
v 1.5542567 0.5247227 1.2033194
v 1.5235244 0.4812544 1.2427155
v 1.4761832 0.5248854 1.2304225
v 1.0256966 0.8145788 1.1057852
v 1.1140522 0.8590430 1.1042969
v 0.9952456 0.8743728 1.0715658
v 1.0560356 0.9197279 1.0586563
v 0.9757302 0.9319367 1.0420263
v 1.1337478 0.9045895 1.0669439
v 1.0955155 0.9268651 1.0555483
v 0.7528930 0.9466474 0.9782991
v 0.8140054 0.8818061 1.0202890
v 0.8493110 0.8170202 1.0524739
v 0.7508648 0.8849810 1.0007467
v 0.7470059 0.8206320 1.0197979
v -0.9707552 0.9200633 0.4281777
v -0.3091143 0.9136637 0.6534202
v -0.2769597 0.9831141 0.6435704
v -0.9648253 0.9913657 0.4091692
v 0.7467640 0.7387877 1.0259041
v 0.7464243 0.5205258 1.0206516
v 0.7987822 0.5832032 1.0399327
v 0.6779562 0.3690935 0.9849274
v 0.7032851 0.4508625 1.0004953
v 0.3526949 0.5520160 0.8922754
v 0.3092907 0.3268142 0.8598968
v 0.6661146 0.2836375 0.9716631
v 0.3072490 0.2462656 0.8499595
v 0.6638757 0.2462653 0.9665288
v -0.0605495 0.2462656 0.7283633
v -0.0605803 0.3270948 0.7376552
v -1.4420470 0.9925357 0.2418308
v -1.4409601 0.9240080 0.2625645
v -1.0657589 0.9240049 0.3942464
v -0.9706928 0.9905092 0.4073536
v -1.7190477 0.9883972 0.1435471
v -1.6960909 0.9239969 0.1709591
v -1.8472008 0.9851788 0.0977536
v -1.8400593 0.9191489 0.1203075
v -1.6696431 0.8448017 0.1996268
v -1.6991606 0.8832235 0.1800892
v -1.8215056 0.8440972 0.1445582
v -1.5855763 0.5746474 0.2323245
v -1.6608778 0.6659023 0.2072255
v -1.7741840 0.6100250 0.1649883
v -1.6376437 0.5203406 0.2102601
v -1.8170717 0.4855932 0.1424246
v -1.9378431 0.4859315 0.0897854
v -1.8616010 0.6100354 0.1292856
v -1.9308648 0.6100437 0.1009968
v -1.6790085 0.4508458 0.1900663
v -1.7072211 0.3733287 0.1727921
v -1.8371891 0.3643361 0.1238517
v -1.9415983 0.3965142 0.0813366
v -1.9390432 0.4614354 0.0875407
v -1.7247071 0.2615407 0.1542070
v -1.8448953 0.2688905 0.1109981
v -1.9447396 0.2751272 0.0679413
v -1.9105002 1.0942326 0.0515320
v -1.8411008 1.0997047 0.0822055
v -1.7945017 1.3340541 0.0610089
v -1.8539510 1.3287550 0.0344260
v 0.3632859 1.4726465 0.7270944
v 0.2749900 1.4952790 0.6932594
v 0.2649043 1.4824347 0.7154411
v 0.3558512 1.4590955 0.7511080
v 0.4589405 1.4122459 0.7699608
v 0.4424748 1.4100441 0.7873613
v -0.0351760 1.5087259 0.6109204
v -0.0268585 1.5239545 0.5868630
v -0.9125275 1.5271998 0.2854196
v -0.9233565 1.5100329 0.3104785
v 0.1364226 1.5135068 0.6434933
v 0.1274497 1.4988027 0.6672305
v -1.7061604 1.4937638 0.0464268
v -1.7117089 1.4576103 0.0617773
v -1.4276969 1.4705546 0.1596741
v -1.4219419 1.5029031 0.1383974
v -1.4155121 1.5202291 0.1153398
v -1.7004247 1.5074439 0.0161435
v -1.7804212 1.4834594 0.0224525
v -1.8219463 1.4621990 -0.0118850
v -1.8233898 1.4341785 0.0209710
v -1.7775072 1.4481798 0.0404351
v -1.7723261 1.4967967 -0.0115642
v -1.8032486 1.4809094 -0.0277048
v 0.8199988 1.0820326 0.9712769
v 0.8746865 1.0819843 0.9788521
v 0.7070974 1.2128838 0.9110890
v 0.7218488 1.1633462 0.9299648
v 0.9820275 0.9842086 1.0282224
v 0.9385324 0.9692428 1.0237687
v -0.0573008 0.9804792 0.7184227
v -0.0559416 1.0382512 0.7092360
v -0.0939709 1.0382254 0.6966766
v -1.6760775 1.4226874 0.0836406
v -1.7030722 1.0324957 0.1417122
v -1.7426122 1.0531863 0.1239782
v -1.9296940 0.9825746 0.0616643
v -0.9763876 0.9240080 0.4250680
v -0.9731007 0.8449951 0.4456083
v -0.3141144 0.8405941 0.6703862
v -1.1521297 0.5840961 0.3868348
v -0.9574981 0.5498818 0.4516200
v -0.9748578 0.7486358 0.4509011
v -0.9167588 0.3273257 0.4475390
v -0.0665695 0.3270978 0.7356551
v -0.0659887 0.5525047 0.7541765
v -0.9514574 0.5496200 0.4536821
v -1.0076221 0.3703530 0.4209851
v -0.9227880 0.3273358 0.4454615
v -1.0419448 0.4514429 0.4164348
v -1.0918377 0.5238773 0.4044037
v -0.9028016 0.2462657 0.4430008
v -0.0665387 0.2462657 0.7263629
v -0.9925225 0.2412013 0.4115832
v -0.9091120 0.2408908 0.4402047
v -0.9680414 1.0480506 0.3983758
v -1.0164907 1.0477575 0.3816994
v 1.8471989 0.3280841 0.8612649
v 1.8637613 0.3682371 0.8641647
v 1.8637613 0.3682371 0.8641647
v 1.8681975 0.4554982 0.8549262
v 1.8100022 0.4554982 0.9765569
v 1.6611859 0.8451119 0.8299811
v 1.5638628 0.8346201 1.0266320
v 1.6217342 0.7605772 1.0343479
v 1.7248612 0.7603202 0.8356672
v 1.3565292 0.9758372 0.7794219
v 1.2620208 0.9720578 0.9548502
v 1.3624483 0.9388322 0.9803433
v 1.4509906 0.9473541 0.7949190
v 1.4695805 0.8972532 1.0066212
v 1.5637153 0.9076939 0.8153401
v 0.4344747 1.4884696 0.5619766
v 0.3653876 1.4744516 0.7214585
v 0.4895633 1.4163406 0.7375996
v 0.5685389 1.4259360 0.5811791
v 0.3356345 1.5105473 0.5402850
v 0.2773025 1.4970197 0.6877926
v 0.1905703 1.5288109 0.4906176
v 0.1384370 1.5153601 0.6379744
v -0.8589402 1.5422851 0.1369021
v -0.9104015 1.5291550 0.2800029
v -0.0249694 1.5258464 0.5813245
v 0.0245711 1.5392391 0.4343877
v -1.6994171 1.5090810 0.0101817
v -1.4139761 1.5223779 0.1098484
v -1.3728039 1.5368340 -0.0370057
v -1.6759389 1.5215338 -0.1376864
v -1.7601305 1.5053088 -0.1610988
v -1.7684152 1.4986797 -0.0166112
v -1.8002051 1.4835757 -0.0326115
v -1.7741948 1.4968294 -0.0192027
v -1.7655204 1.5032049 -0.1636709
v -1.7946327 1.4845083 -0.1849508
v 1.4786324 0.3692525 1.2391551
v 1.5446190 0.3441232 1.2388354
v 1.5497430 0.3683764 1.2437170
v 1.3772182 0.3123136 1.2149747
v 1.3808687 0.2577054 1.2098198
v 1.4645558 0.2584890 1.2199326
v 1.4707560 0.3072746 1.2283990
v 1.4655071 0.4554982 1.2407039
v 1.4786324 0.3692525 1.2391551
v 1.3697724 0.3746745 1.2195393
v 1.3467324 0.4507783 1.2158698
v 1.3903793 0.5250951 1.2212031
v 1.3069668 0.5195985 1.2026547
v 1.4510815 0.4799195 1.2376991
v 1.3531167 0.5830211 1.2133432
v 1.3057308 0.6397381 1.2010138
v 1.1726581 0.6328843 1.1599538
v 1.2452982 0.5830211 1.1841721
v 1.1966524 0.7142498 1.1680494
v 1.1896518 0.7097480 1.1663656
v 1.1366242 0.7899568 1.1405174
v 1.1218893 0.7520390 1.1418269
v 1.1764152 0.7345202 1.1589355
v 1.2280240 0.7644646 1.1676725
v 1.1443269 0.6434625 1.1515359
v 1.1813248 0.7108495 1.1637806
v 1.1629510 0.7153988 1.1581421
v 1.1125047 0.7278891 1.1426610
v 1.0137757 0.7395616 1.1117785
v 1.0199382 0.6688626 1.1135321
v 1.0972880 0.6610260 1.1375592
v 0.8927059 0.7403792 1.0731358
v 0.9401458 0.6578105 1.0880363
v 0.8642981 0.6289104 1.0628953
v 0.4622682 0.8291807 0.9279537
v 0.4333786 0.7403428 0.9240510
v 0.7407610 0.7387704 1.0239572
v 0.7409909 0.8208284 1.0178670
v -0.9688787 0.7485572 0.4529751
v -0.2883352 0.7452626 0.6841753
v -0.9790737 0.8450333 0.4435354
v -1.1206464 0.8459383 0.3944052
v -1.1683956 0.7511830 0.3837712
v -1.2179765 0.6279908 0.3657727
v -1.2845342 0.6514532 0.3432620
v -1.4179686 0.7539174 0.2958420
v -1.3561468 0.6566594 0.3180278
v -1.4343947 0.8473924 0.2838667
v -1.4371601 0.6457855 0.2887953
v -1.6186811 0.7443747 0.2235704
v -1.5165928 0.6190952 0.2592854
v -1.7894477 0.7421966 0.1615783
v 1.1982974 0.8831002 1.0753464
v 1.1785490 0.8424336 1.1238830
v 1.2625928 0.8177767 1.1457538
v 1.2916804 0.8570789 1.0921551
v 1.1579760 0.8181236 1.1364359
v 1.2436305 0.7922002 1.1598951
v 1.3920351 0.8139937 1.1087295
v 1.3640655 0.7663206 1.1705785
v -1.9588278 0.8228837 -0.2079549
v -1.9773406 0.8439245 -0.0979655
v -1.9667758 0.8439186 -0.2107458
v -1.9630514 0.6762541 -0.2084749
v -1.9827128 0.6668966 -0.0975874
v -1.9810343 0.7424471 -0.0979552
v -2.0372552 0.3782470 -0.2385037
v -2.0312877 0.2854692 -0.2393221
v -2.0435849 0.2825329 -0.0420289
v -2.0500000 0.3782941 -0.0353120
v -1.8178744 1.4616238 -0.1937920
v -1.8321906 1.4544289 -0.0568088
v -1.8529943 1.4168733 -0.0633407
v -1.8464698 1.4160059 -0.1190623
v -1.9667758 0.8439186 -0.2107458
v -1.9773406 0.8439245 -0.0979655
v -1.9658430 0.9804182 -0.0957866
v -1.9472000 0.9802843 -0.2131021
v -1.9941996 0.6100526 0.0566501
v -1.9918579 0.4859739 0.0488084
v -2.0003960 0.6100558 -0.0035243
v -1.9983747 0.4859801 -0.0103996
v -2.0269970 0.3783050 0.0283476
v -2.0212914 0.2801820 0.0199958
v -1.9453559 1.0910344 0.0203332
v -1.9688125 0.9811376 0.0281965
v -1.9540989 1.0894884 -0.0320020
v -1.9768792 0.9804976 -0.0263435
v -1.8447027 1.4240763 -0.0029377
v -1.8537315 1.4169713 -0.0570474
v -1.8314033 1.4551010 -0.0492625
v -1.8799212 1.3210165 0.0079108
v -1.8896911 1.3162877 -0.0395616
v 1.8581773 0.4816748 0.8495054
v 1.8161027 0.5243988 0.8346541
v -1.9431674 0.8228917 -0.2619596
v -1.9249720 0.6227399 -0.3114330
v -1.9161250 0.6706873 -0.3007026
v -1.8374772 1.4148104 -0.1958680
v 0.8836151 0.5744069 1.0903869
v 0.8642981 0.6289104 1.0628953
v 0.7987822 0.5832032 1.0399327
v 0.8290195 0.5357075 1.0707171
v 0.7464243 0.5205258 1.0206516
v 0.7846667 0.4844095 1.0527966
v 0.7515634 0.4216552 1.0369250
v 0.7086977 0.4491242 1.0032600
v 0.6835448 0.3684684 0.9878334
v 0.7295002 0.3494183 1.0228329
v 0.6715676 0.2825901 0.9744664
v 0.7166734 0.2403426 1.0055624
v -1.5809028 0.5784691 0.2342180
v -1.5570140 0.5270027 0.2636378
v -1.5017266 0.5635146 0.2862752
v -1.5165928 0.6190952 0.2592854
v -1.6376437 0.5203406 0.2102601
v -1.6021957 0.4793651 0.2437615
v -1.5570140 0.5270027 0.2636378
v -1.5855763 0.5746474 0.2323245
v -1.6790085 0.4508458 0.1900663
v -1.6373117 0.4191610 0.2259345
v -1.6618129 0.3504262 0.2103494
v -1.7072211 0.3733287 0.1727921
v -1.6767230 0.2581905 0.1941970
v -1.7247071 0.2615407 0.1542070
v -1.1934368 0.5348703 0.3926852
v -1.1408370 0.4823671 0.4080569
v -1.0918377 0.5238773 0.4044037
v -1.1521297 0.5840961 0.3868348
v -1.2488928 0.5730084 0.3765647
v -1.2179765 0.6279908 0.3657727
v -1.0686537 0.3500750 0.4210739
v -1.0076221 0.3703530 0.4209851
v -1.0419448 0.4514429 0.4164348
v -1.0977236 0.4187326 0.4172002
v -1.0556878 0.2414111 0.4126429
v -0.9925225 0.2412013 0.4115832
v 1.3808687 0.2577054 1.2098198
v 1.3772182 0.3123136 1.2149747
v 1.3203651 0.3038857 1.2029672
v 1.3237695 0.2570630 1.1984252
v 1.3138718 0.3583305 1.2069678
v 1.3697724 0.3746745 1.2195393
v 1.3467324 0.4507783 1.2158698
v 1.2936878 0.4223965 1.2067929
v 1.3069668 0.5195985 1.2026547
v 1.2595404 0.4793677 1.2008368
v 1.2059477 0.5341532 1.1879621
v 1.2452982 0.5830211 1.1841721
v 1.1424065 0.5782926 1.1718844
v 1.1726581 0.6328843 1.1599538
v 1.1443269 0.6434625 1.1515359
v 1.0972880 0.6610260 1.1375592
v 1.0794580 0.6025924 1.1542177
v 1.1167683 0.5881897 1.1646889
v 1.0199382 0.6688626 1.1135321
v 1.0150259 0.6092824 1.1344033
v 0.9401458 0.6578105 1.0880363
v 0.9472519 0.5998709 1.1127204
v -1.3027289 0.5928991 0.3595686
v -1.2845342 0.6514532 0.3432620
v -1.3623477 0.5973510 0.3387060
v -1.3561468 0.6566594 0.3180278
v -1.4371601 0.6457855 0.2887953
v -1.4333332 0.5876415 0.3128845
v -0.0469494 1.2287354 0.6840541
v 0.0068309 1.2272441 0.7022397
v 0.0081624 1.4309996 0.6627868
v -0.0418634 1.4296219 0.6455233
v -0.0543470 0.9218541 0.7337752
v 0.0416323 0.9218541 0.7646857
v 0.0518065 0.9344709 0.7641612
v -0.0535262 0.9344710 0.7302649
v -0.0499489 1.0382647 0.7112186
v 0.0083584 1.0384900 0.7305445
v 0.0354201 0.8388763 0.7832286
v -0.0582536 0.8388763 0.7520324
v -0.0589153 0.8268546 0.7541068
v 0.0438747 0.8268548 0.7878377
v -0.0612420 0.7441580 0.7612906
v -0.0600022 0.5525000 0.7561755
v 0.1832501 0.7422721 0.8417435
v -0.0633770 0.2399926 0.7267068
v -0.9091120 0.2408908 0.4402047
v -0.9852385 0.1932204 0.3898394
v -0.0552660 0.1932204 0.7054737
v 0.6692941 0.1932204 0.9435491
v 0.6677954 0.2402909 0.9676620
v 0.3070903 0.2399926 0.8491857
v 0.3114949 0.1932204 0.8267285
v -0.8665979 1.4493435 0.3616309
v -0.1018485 1.4517456 0.6207111
v -0.0453290 1.4769021 0.6304296
v -0.9308832 1.4765980 0.3312866
v -0.0478645 1.4295258 0.6435751
v -0.0818420 1.4293673 0.6332315
v -0.0894049 1.2299128 0.6696978
v -0.0529362 1.2289020 0.6820295
v -0.1159428 1.0160004 0.6931533
v -0.2602197 1.0174969 0.6439929
v -0.9025505 1.2377066 0.3921334
v -0.8898034 1.4268270 0.3595726
v -0.9363146 1.4276064 0.3430344
v -0.9521299 1.2380226 0.3749448
v -0.9620792 1.0479923 0.4004441
v -0.9129458 1.0467313 0.4176226
v -1.0382689 1.0253215 0.3779325
v -1.4418136 1.0296732 0.2355249
v -1.7796055 1.1462796 0.0982314
v -1.7195653 1.3094189 0.0927953
v -1.6464823 1.4440764 0.0886272
v -1.4291759 1.4453372 0.1658216
v -1.0037290 1.4478012 0.3146193
v -0.9359287 1.4821500 0.3268733
v -0.9847378 1.4254782 0.3271354
v -1.0016753 1.2383383 0.3577681
v -0.9580928 1.2380604 0.3728775
v -0.9422915 1.4275122 0.3409963
v 0.1228382 1.4422247 0.6980696
v 0.2655383 1.4272621 0.7482509
v 0.2599979 1.4569136 0.7358907
v 0.1217918 1.4707643 0.6879408
v 0.3474911 1.4321657 0.7706023
v 0.3365361 1.4000715 0.7771187
v 0.5733949 1.2614589 0.8738200
v 0.6195414 1.2654456 0.8807733
v 0.4940901 1.3485976 0.8308347
v 0.4350836 1.3508732 0.8179259
v 0.6779778 1.1903617 0.9149153
v 0.7023723 1.2092154 0.9130271
v 0.7467968 0.9470069 0.9764841
v 0.7454021 0.9812352 0.9693521
v 0.7166153 0.9830306 0.9608314
v 0.7515680 0.9808516 0.9711326
v 0.7411577 0.5221048 1.0179008
v 0.4137607 0.8996533 0.8943526
v 0.7448201 0.8852644 0.9988573
v 0.3702487 0.9665379 0.8599067
v 0.7190502 0.1932205 0.9813811
v 0.7166734 0.2403426 1.0055624
v 0.3526529 0.9995198 0.8487855
v 0.1792210 1.0074340 0.7912535
v 0.1913395 0.9721878 0.8007473
v 0.0254654 1.4474126 0.6642693
v -0.0392578 1.4783064 0.6320149
v 0.3996144 1.4053404 0.7921266
v 0.7149021 1.1651817 0.9282370
v -0.8930834 1.0240611 0.4283528
v -0.0515404 0.9798577 0.7204352
v 0.0273731 1.0143633 0.7408813
v 0.6478398 1.2745199 0.8701360
v 0.6274297 1.2669300 0.8801148
v 0.7223452 1.2247868 0.8984203
v 0.2599894 1.4625320 0.7324928
v 0.3492720 1.4376383 0.7680223
v 0.4114082 1.4051417 0.7935629
v -0.0414497 1.4836614 0.6284116
v 0.1222459 1.4762522 0.6849386
v 0.5032606 1.3495071 0.8308737
v 0.5250253 1.3579761 0.8211392
v 0.9063739 1.0866668 0.9709108
v 1.0161429 0.9988166 1.0157772
v 0.5733949 1.2614589 0.8738200
v 0.6341842 1.2137793 0.8868289
v 0.6765785 1.1849617 0.9034888
v 0.6779778 1.1903617 0.9149153
v 0.7166153 0.9830306 0.9608314
v 0.7137790 0.9871562 0.9474592
v 0.6270199 0.9910850 0.9207364
v 0.3526529 0.9995198 0.8487855
v 0.3564690 1.0033365 0.8374035
v 0.0335140 1.0180675 0.7302261
v 0.1792210 1.0074340 0.7912535
v 0.0273731 1.0143633 0.7408813
v 0.0170610 1.0389401 0.7213016
v 0.0083584 1.0384900 0.7305445
v 0.0155315 1.2257753 0.6933395
v 0.0068309 1.2272441 0.7022397
v 0.0168018 1.4270822 0.6545010
v 0.0081624 1.4309996 0.6627868
v 0.0304555 1.4400303 0.6556643
v 0.0254654 1.4474126 0.6642693
v 0.1253256 1.4349744 0.6885881
v 0.1228382 1.4422247 0.6980696
v 0.2675084 1.4200757 0.7385963
v 0.2655383 1.4272621 0.7482509
v 0.3374270 1.3932029 0.7669393
v 0.3365361 1.4000715 0.7771187
v 0.4355766 1.3441920 0.8073518
v 0.4350836 1.3508732 0.8179259
v 0.5733198 1.2551522 0.8629106
v -0.0894049 1.2299128 0.6696978
v -0.0912059 1.2279264 0.6574063
v -0.0957022 1.0385822 0.6840142
v -0.0939709 1.0382254 0.6966766
v -0.1143283 1.0197451 0.6810341
v -0.1159428 1.0160004 0.6931533
v -0.2602197 1.0174969 0.6439929
v -0.8930834 1.0240611 0.4283528
v -0.8869271 1.0277569 0.4177529
v -0.9038800 1.0471068 0.4085845
v -0.9129458 1.0467313 0.4176226
v -0.8936241 1.2357945 0.3834442
v -0.9025505 1.2377066 0.3921334
v -0.8810712 1.4227063 0.3513972
v -0.8898034 1.4268270 0.3595726
v -0.8611988 1.4419915 0.3531653
v -0.8665979 1.4493435 0.3616309
v -0.1009334 1.4443816 0.6107486
v -0.1018485 1.4517456 0.6207111
v -0.0837728 1.4251867 0.6214830
v -0.0818420 1.4293673 0.6332315
v -1.0016753 1.2383383 0.3577681
v -1.0033015 1.2366546 0.3453894
v -1.0179373 1.0482195 0.3690168
v -1.0164907 1.0477575 0.3816994
v -1.0365203 1.0290745 0.3658013
v -1.0382689 1.0253215 0.3779325
v -1.4377540 1.0334009 0.2242085
v -1.4418136 1.0296732 0.2355249
v -1.6978149 1.0362104 0.1308255
v -1.7030722 1.0324957 0.1417122
v -1.7346618 1.0554912 0.1143443
v -1.7426122 1.0531863 0.1239782
v -1.7701707 1.1447662 0.0897672
v -1.7796055 1.1462796 0.0982314
v -1.7109093 1.3058223 0.0844257
v -1.7195653 1.3094189 0.0927953
v -1.6681033 1.4174570 0.0755296
v -1.6760775 1.4226874 0.0836406
v -1.6414552 1.4367367 0.0800621
v -1.6464823 1.4440764 0.0886272
v -1.4258990 1.4379876 0.1566368
v -1.4291759 1.4453372 0.1658216
v -1.0027445 1.4404390 0.3046350
v -1.0037290 1.4478012 0.3146193
v -0.9866181 1.4214834 0.3152643
v -0.9847378 1.4254782 0.3271354
v 0.7489174 0.8839371 0.9962100
v 0.7451587 0.8200418 1.0151327
v 0.7470059 0.8206320 1.0197979
v 0.7508648 0.8849810 1.0007467
v 0.7528930 0.9466474 0.9782991
v 0.7508725 0.9458243 0.9737601
v 0.7459587 0.5224486 1.0153504
v 0.7464243 0.5205258 1.0206516
v 0.7467640 0.7387877 1.0259041
v 0.7449804 0.7386510 1.0211829
v 0.6829886 0.3696577 0.9825266
v 0.7082728 0.4505679 0.9980034
v 0.7032851 0.4508625 1.0004953
v 0.6779562 0.3690935 0.9849274
v 0.6661146 0.2836375 0.9716631
v 0.6709545 0.2836075 0.9691312
v 0.6638757 0.2462653 0.9665288
v 0.6682361 0.2435358 0.9634794
v 0.6638757 0.2462653 0.9665288
v 0.3072490 0.2462656 0.8499595
v 0.3083940 0.2435596 0.8458483
v 0.6682361 0.2435358 0.9634794
v -0.0605495 0.2462656 0.7283633
v -0.0605803 0.3270948 0.7376552
v -0.0623343 0.3274816 0.7329415
v -0.0623039 0.2435570 0.7232931
v -0.0605495 0.2462656 0.7283633
v -0.0623039 0.2435570 0.7232931
v -0.0559416 1.0382512 0.7092360
v -0.0573008 0.9804792 0.7184227
v -0.0532936 0.9776429 0.7160298
v -0.0517153 1.0376954 0.7065199
v -0.9748108 0.8444567 0.4408818
v -0.9735136 0.8862251 0.4311735
v -0.9778528 0.8832598 0.4346464
v -0.9790737 0.8450333 0.4435354
v -0.9706928 0.9905092 0.4073536
v -0.9763876 0.9240080 0.4250680
v -0.9724922 0.9191089 0.4235303
v -0.9665377 0.9890167 0.4047599
v -0.0623343 0.3274816 0.7329415
v -0.0617516 0.5527022 0.7514516
v -0.0659887 0.5525047 0.7541765
v -0.0665695 0.3270978 0.7356551
v -0.9185013 0.3277103 0.4427864
v -0.9531736 0.5497434 0.4489201
v -0.9574981 0.5498818 0.4516200
v -0.9227880 0.3273358 0.4454615
v -0.0665387 0.2462657 0.7263629
v -0.0623039 0.2435570 0.7232931
v -0.0623039 0.2435570 0.7232931
v -0.0665387 0.2462657 0.7263629
v -0.9028016 0.2462657 0.4430008
v -0.9039987 0.2435580 0.4380791
v -0.9028016 0.2462657 0.4430008
v -0.9167588 0.3273257 0.4475390
v -0.9185013 0.3277103 0.4427864
v -0.9039987 0.2435580 0.4380791
v -0.9680414 1.0480506 0.3983758
v -0.9637839 1.0474970 0.3957142
v 0.7449804 0.7386510 1.0211829
v 0.7451587 0.8200418 1.0151327
v 0.7409909 0.8208284 1.0178670
v 0.7407610 0.7387704 1.0239572
v -0.0629910 0.7440945 0.7565641
v -0.0672273 0.7441921 0.7592920
v -0.9705787 0.7485049 0.4482119
v -0.9748578 0.7486358 0.4509011
v 0.7082728 0.4505679 0.9980034
v 0.6829886 0.3696577 0.9825266
v 0.6835448 0.3684684 0.9878334
v 0.7086977 0.4491242 1.0032600
v 0.6709545 0.2836075 0.9691312
v 0.6715676 0.2825901 0.9744664
v -0.0436447 1.4285999 0.6408569
v -0.0487149 1.2281856 0.6793490
v -0.0469494 1.2287354 0.6840541
v -0.0418634 1.4296219 0.6455233
v -0.0517153 1.0376954 0.7065199
v -0.0499489 1.0382647 0.7112186
v -0.0629910 0.7440945 0.7565641
v -0.0617516 0.5527022 0.7514516
v -0.0600022 0.5525000 0.7561755
v -0.0612420 0.7441580 0.7612906
v -0.9531736 0.5497434 0.4489201
v -0.9514574 0.5496200 0.4536821
v -0.9091120 0.2408908 0.4402047
v -0.0633770 0.2399926 0.7267068
v -0.0623039 0.2435570 0.7232931
v -0.9039987 0.2435580 0.4380791
v 0.6682361 0.2435358 0.9634794
v 0.3083940 0.2435596 0.8458483
v 0.3070903 0.2399926 0.8491857
v 0.6677954 0.2402909 0.9676620
v -0.0409556 1.4795533 0.6267445
v -0.9323152 1.4783811 0.3259892
v -0.9308832 1.4765980 0.3312866
v -0.0453290 1.4769021 0.6304296
v -0.0487149 1.2281856 0.6793490
v -0.0436447 1.4285999 0.6408569
v -0.0478645 1.4295258 0.6435751
v -0.0529362 1.2289020 0.6820295
v -0.9380340 1.4267560 0.3383477
v -0.9538407 1.2374029 0.3702336
v -0.9521299 1.2380226 0.3749448
v -0.9363146 1.4276064 0.3430344
v -0.9637839 1.0474970 0.3957142
v -0.9620792 1.0479923 0.4004441
v -0.9538407 1.2374029 0.3702336
v -0.9380340 1.4267560 0.3383477
v -0.9422915 1.4275122 0.3409963
v -0.9580928 1.2380604 0.3728775
v 0.2602621 1.4582002 0.7312212
v 0.1226796 1.4719036 0.6835534
v 0.1217918 1.4707643 0.6879408
v 0.2599979 1.4569136 0.7358907
v 0.3491311 1.4332524 0.7665890
v 0.3474911 1.4321657 0.7706023
v 0.6246227 1.2639599 0.8780733
v 0.5005214 1.3464796 0.8287334
v 0.4940901 1.3485976 0.8308347
v 0.6195414 1.2654456 0.8807733
v 0.7053603 1.2097381 0.9091990
v 0.7023723 1.2092154 0.9130271
v 0.7508725 0.9458243 0.9737601
v 0.7495067 0.9803392 0.9665208
v 0.7454021 0.9812352 0.9693521
v 0.7467968 0.9470069 0.9764841
v 0.7495067 0.9803392 0.9665208
v 0.7515680 0.9808516 0.9711326
v 0.7411577 0.5221048 1.0179008
v 0.7459587 0.5224486 1.0153504
v 0.7489174 0.8839371 0.9962100
v 0.7448201 0.8852644 0.9988573
v 0.7070974 1.2128838 0.9110890
v 0.7053603 1.2097381 0.9091990
v 0.7196091 1.1615886 0.9258976
v 0.7218488 1.1633462 0.9299648
v -0.9039987 0.2435580 0.4380791
v -0.9091120 0.2408908 0.4402047
v 0.6682361 0.2435358 0.9634794
v 0.6677954 0.2402909 0.9676620
v -0.0409556 1.4795533 0.6267445
v -0.0392578 1.4783064 0.6320149
v 0.3996144 1.4053404 0.7921266
v 0.4055989 1.4039571 0.7899975
v 0.7149021 1.1651817 0.9282370
v 0.7196091 1.1615886 0.9258976
v -0.9665377 0.9890167 0.4047599
v -0.9648253 0.9913657 0.4091692
v -0.9308832 1.4765980 0.3312866
v -0.9323152 1.4783811 0.3259892
v -0.0409556 1.4795533 0.6267445
v -0.0453290 1.4769021 0.6304296
v -0.0532936 0.9776429 0.7160298
v -0.0515404 0.9798577 0.7204352
v -0.0392578 1.4783064 0.6320149
v -0.0409556 1.4795533 0.6267445
v -0.9705787 0.7485049 0.4482119
v -0.9688787 0.7485572 0.4529751
v -0.9748108 0.8444567 0.4408818
v -0.9731007 0.8449951 0.4456083
v -0.9735136 0.8862251 0.4311735
v -0.9724922 0.9191089 0.4235303
v -0.9707552 0.9200633 0.4281777
v -0.9323152 1.4783811 0.3259892
v -0.9359287 1.4821500 0.3268733
v 0.6246227 1.2639599 0.8780733
v 0.6274297 1.2669300 0.8801148
v 0.2602621 1.4582002 0.7312212
v 0.3491311 1.4332524 0.7665890
v 0.3492720 1.4376383 0.7680223
v 0.2599894 1.4625320 0.7324928
v 0.4114082 1.4051417 0.7935629
v 0.4055989 1.4039571 0.7899975
v -0.9323152 1.4783811 0.3259892
v -0.0409556 1.4795533 0.6267445
v -0.0414497 1.4836614 0.6284116
v -0.9359287 1.4821500 0.3268733
v 0.1226796 1.4719036 0.6835534
v 0.1222459 1.4762522 0.6849386
v 0.5005214 1.3464796 0.8287334
v 0.5032606 1.3495071 0.8308737
v 1.2939216 0.8613758 1.0882630
v 1.3942493 0.8183699 1.1049093
v 1.4092846 0.8518673 1.0857454
v 1.3059688 0.8933865 1.0690080
v 1.5008735 0.7611859 1.1190641
v 1.5172222 0.7921988 1.0948075
v 1.5526205 0.7612992 1.0863650
v 1.7888912 0.4813335 0.9940396
v 1.7345805 0.5244602 0.9973022
v 1.2113025 0.9634500 1.0195126
v 1.3311368 0.9271024 1.0381060
v 1.4403588 0.8857391 1.0552987
v 1.5404473 0.8278496 1.0598126
v 1.6124200 0.7607231 1.0449679
v 1.2647015 1.0005231 0.7666901
v 1.1745588 0.9983407 0.9307614
v 1.0869909 0.9947150 1.0054166
v 1.1995569 0.8877492 1.0712956
v 1.2034523 0.9207752 1.0501024
v 1.4576291 0.5830211 1.2286205
v 1.4094402 0.6025414 1.2197682
v 1.2040404 0.7223761 1.1683602
v 1.2958431 0.7206622 1.1898037
v 1.2882483 0.7354873 1.1852706
v 1.3212410 0.7690838 1.1698635
v 1.2916261 0.7528718 1.1770693
v 1.4932837 0.7613688 1.1225783
v 1.6772553 0.6618797 1.0164980
v 1.6949528 0.6618749 1.0094887
v 1.6367051 0.7549467 1.0373899
v 1.6173939 0.7549643 1.0433489
v 1.3604197 0.6470509 1.2092447
v 1.5971675 0.7209216 1.0700024
v 1.5747708 0.7091937 1.0899441
v 1.6180036 0.6624024 1.0844990
v 1.6520836 0.6492109 1.0546450
v 1.6477490 0.5830211 1.0983756
v 1.6453757 0.5849630 1.0959813
v 1.5345830 0.5850166 1.1985290
v 1.5360701 0.5830211 1.2015386
v 1.4571531 0.5851971 1.2259916
v 1.4576291 0.5830211 1.2286205
v 1.4101847 0.6042221 1.2176519
v 1.4094402 0.6025414 1.2197682
v 1.3617153 0.6482406 1.2071289
v 1.3604197 0.6470509 1.2092447
v 1.2995198 0.7175265 1.1888741
v 1.2995056 0.7152312 1.1913638
v 1.2882483 0.7354873 1.1852706
v 1.2958431 0.7206622 1.1898037
v 1.2995198 0.7175265 1.1888741
v 1.2906147 0.7349430 1.1832703
v 1.2935646 0.7499381 1.1756661
v 1.2916261 0.7528718 1.1770693
v 1.3210526 0.7649940 1.1689957
v 1.3212410 0.7690838 1.1698635
v 1.3633268 0.7624870 1.1701882
v 1.3640655 0.7663206 1.1705785
v 1.5004055 0.7550329 1.1195293
v 1.4932837 0.7613688 1.1225783
v 1.5338412 0.7426894 1.1023991
v 1.5138124 0.7524521 1.1129730
v 1.5004055 0.7550329 1.1195293
v 1.5322270 0.7392181 1.1023259
v 1.5725399 0.7062269 1.0900583
v 1.5747708 0.7091937 1.0899441
v 1.6155494 0.6597405 1.0846853
v 1.6180036 0.6624024 1.0844990
v 1.6496217 0.6104759 1.0751269
v 1.6525303 0.6124282 1.0747816
v 1.6546745 0.5946598 1.0789257
v 1.6583916 0.5940587 1.0791866
v 1.3820453 0.5380505 1.2194452
v 1.4704771 0.5427645 1.2298682
v 1.5483503 0.5436558 1.2027410
v 1.5360701 0.5830211 1.2015386
v 1.6654615 0.5448587 1.0890126
v 1.6477490 0.5830211 1.0983756
v 1.6943835 0.5639938 1.0393378
v 1.6583916 0.5940587 1.0791866
v 1.7472483 0.5244477 0.9756113
v 1.7609174 0.5539333 0.9626405
v 1.7493936 0.5625886 0.9772653
v 1.7372065 0.5458787 0.9820814
v 1.8192240 0.5495271 0.8383605
v 1.6525303 0.6124282 1.0747816
v 1.7941836 0.1995430 0.8519830
v 1.8067962 0.2301243 0.8541902
v 1.7269641 0.2301732 1.0335986
v 1.7174689 0.1995431 1.0269744
v 1.5937616 0.2302323 1.1869057
v 1.5846176 0.1995429 1.1804105
v 1.5851484 0.3194080 1.2181828
v 1.5338412 0.7426894 1.1023991
v 1.5555327 0.7552394 1.0865743
v 1.5985279 0.7550329 1.0596028
v 1.3194519 0.9154410 1.0550047
v 1.4270263 0.8743794 1.0714899
v 1.5287641 0.8163287 1.0769542
v 1.1361554 0.9092940 1.0634087
v 1.1047931 0.9272522 1.0549717
v 1.2035367 0.9511548 1.0355315
v 1.5934130 0.7609459 1.0610726
v 1.4574400 0.4691549 1.2390235
v 1.7381178 0.4691549 1.0845853
v 1.6104580 0.4691549 1.2176311
v 1.5328721 0.4691549 1.2449149
v 1.8004342 0.4691549 0.9906358
v 1.8662556 0.4691549 0.8528650
v 1.6641335 0.6573248 1.0368083
v 1.7121838 0.5705438 1.0113366
v 1.5138124 0.7524521 1.1129730
v 1.6320417 0.7563411 1.0127982
v 1.6217342 0.7605772 1.0343479
v 1.6215162 0.7563860 1.0330795
v 1.7248612 0.7603202 0.8356672
v 1.7244402 0.7559474 0.8347537
v 1.5526205 0.7612992 1.0863650
v 1.5008735 0.7611859 1.1190641
v 1.5004055 0.7550329 1.1195293
v 1.5543949 0.7574795 1.0829879
v 1.6124200 0.7607231 1.0449679
v 1.6135620 0.7566513 1.0420993
v 1.6173939 0.7549643 1.0433489
v 1.6367051 0.7549467 1.0373899
v 1.6215162 0.7563860 1.0330795
v 1.6135620 0.7566513 1.0420993
v 1.5555327 0.7552394 1.0865743
v 1.5985279 0.7550329 1.0596028
v 1.5945230 0.7570451 1.0581675
v 1.5543949 0.7574795 1.0829879
v 1.5934130 0.7609459 1.0610726
v 1.5945230 0.7570451 1.0581675
v 1.5138124 0.7524521 1.1129730
v 1.5004055 0.7550329 1.1195293
v 1.1500865 0.6413121 1.1532472
v 1.1500865 0.6413121 1.1532472
v 1.1167683 0.5881897 1.1646889
v 1.2026208 0.7179793 1.1654136
v 1.2040404 0.7223761 1.1683602
v 1.1907673 0.7199644 1.1656480
v 1.1926892 0.7166190 1.1632723
v 1.1479273 0.6419216 1.1493552
v 1.1859528 0.7096897 1.1619098
v 1.1813248 0.7108495 1.1637806
v 1.1443269 0.6434625 1.1515359
v 1.1167683 0.5881897 1.1646889
v 1.2995198 0.7175265 1.1888741
v 1.2958431 0.7206622 1.1898037
v 1.2026208 0.7179793 1.1654136
v 1.1966524 0.7142498 1.1680494
v 1.1896518 0.7097480 1.1663656
v 1.1926892 0.7166190 1.1632723
v 1.1859528 0.7096897 1.1619098
v 1.1479273 0.6419216 1.1493552
v 1.1500865 0.6413121 1.1532472
v 1.1167683 0.5881897 1.1646889
v 1.1907673 0.7199644 1.1656480
v 1.0764403 0.9871832 1.0183628
v 1.0279787 0.9964504 1.0184795
v 1.0767153 0.9952175 1.0126810
v 1.2035721 0.9621379 1.0293683
v 1.3252281 0.9248890 1.0490057
v 1.4340061 0.8832360 1.0658814
v 1.5332846 0.8257785 1.0699625
v 1.6041164 0.7608532 1.0544360
v 1.6091966 0.7549816 1.0529102
v 1.6706126 0.6618846 1.0271742
v 1.7187438 0.5730008 1.0014576
v 1.7237623 0.5745702 0.9907434
v 1.6041164 0.7608532 1.0544360
v 1.6052334 0.7569292 1.0515427
v 1.6052334 0.7569292 1.0515427
v 1.6091966 0.7549816 1.0529102
v 1.5536358 0.2524165 1.2095882
v 1.5251887 0.2521562 1.2203240
v 1.5189969 0.1995429 1.1950356
v 1.5602320 0.2387701 1.2026395
v 1.4600213 0.2450111 1.2260165
v 1.4250424 0.1995429 1.1919981
v 1.3787777 0.2440161 1.2168072
v 1.3217371 0.2434014 1.2053424
v 1.3311529 0.1992284 1.1772343
v 1.5629400 0.3026602 1.2212096
v 1.5251887 0.2521562 1.2203240
v 1.5361155 0.3038749 1.2307340
v 1.5536358 0.2524165 1.2095882
v 1.3697724 0.3746745 1.2195393
v 1.2995056 0.7152312 1.1913638
v 0.5685389 1.4259360 0.5811791
v 0.4895633 1.4163406 0.7375996
v 0.4894139 1.4110761 0.7375495
v 0.5688304 1.4206994 0.5812768
v 0.5250253 1.3579761 0.8211392
v 0.5208490 1.3580793 0.8121968
v 0.4488306 1.4036560 0.7828791
v 0.4424748 1.4100441 0.7873613
v 0.6478398 1.2745199 0.8701360
v 0.6412714 1.2751877 0.8592766
v 0.9063739 1.0866668 0.9709108
v 0.8874162 1.0902585 0.9501220
v 0.7133446 1.2260285 0.8856116
v 0.7223452 1.2247868 0.8984203
v 1.0161429 0.9988166 1.0157772
v 1.0246748 0.9949252 1.0161409
v 0.9966633 1.0022985 0.9906697
v 0.4424748 1.4100441 0.7873613
v 0.4488306 1.4036560 0.7828791
v 0.4625513 1.4061647 0.7675536
v 0.4589405 1.4122459 0.7699608
v 1.1345771 0.9050829 1.0624725
v 1.0993882 0.9259109 1.0525680
v 1.0955155 0.9268651 1.0555483
v 1.1337478 0.9045895 1.0669439
v 1.1990777 0.8830274 1.0706084
v 1.1982974 0.8831002 1.0753464
v 1.2926783 0.8567803 1.0874021
v 1.2916804 0.8570789 1.0921551
v 1.3925288 0.8138777 1.1039455
v 1.3920351 0.8139937 1.1087295
v 1.0246748 0.9949252 1.0161409
v 1.0161429 0.9988166 1.0157772
v 1.2926783 0.8567803 1.0874021
v 1.3925288 0.8138777 1.1039455
v 1.3942493 0.8183699 1.1049093
v 1.2939216 0.8613758 1.0882630
v 1.1990777 0.8830274 1.0706084
v 1.1995569 0.8877492 1.0712956
v 1.4932837 0.7613688 1.1225783
v 1.5004055 0.7550329 1.1195293
v 1.0993882 0.9259109 1.0525680
v 1.1345771 0.9050829 1.0624725
v 1.1361554 0.9092940 1.0634087
v 1.1047931 0.9272522 1.0549717
v 1.0246748 0.9949252 1.0161409
v 1.0279787 0.9964504 1.0184795
v -1.9967678 0.4627932 0.0454722
v -2.0204178 0.4126841 0.0336986
v -2.0049493 0.4638294 -0.0140124
v -2.0411569 0.4111449 -0.0296803
v -1.6767577 0.1983095 0.1673098
v -1.6767230 0.2581905 0.1941970
v -1.7247071 0.2615407 0.1542070
v -1.7201269 0.2026041 0.1298662
v -1.8448953 0.2688905 0.1109981
v -1.8752971 0.2160441 0.0707241
v -1.9447396 0.2751272 0.0679413
v -2.0212914 0.2801820 0.0199958
v -1.9989655 0.2277425 -0.0147621
v -2.0435849 0.2825329 -0.0420289
v -2.0312877 0.2854692 -0.2393221
v -1.9958334 0.2330157 -0.2290375
v -2.0258809 0.3959983 0.0304598
v -2.0483993 0.3956107 -0.0332655
v -2.0421929 0.3953874 -0.1281277
v -2.0350514 0.3951304 -0.2372810
v 0.4633894 1.4128407 0.7652591
v 0.4633894 1.4128407 0.7652591
v 0.4625513 1.4061647 0.7675536
v -1.8861045 1.3160303 -0.0666497
v -1.9462433 1.0893402 -0.0839992
v -1.9668336 0.9804253 -0.0895537
v -1.9850630 0.6100562 -0.0910945
v -1.9848149 0.4859995 -0.0894863
v -1.9918032 0.4647111 -0.0940080
v -2.0343196 0.4102941 -0.1223902
v -1.9638587 0.4736863 -0.2116956
v -1.9517602 0.4007815 -0.2076422
v -1.9677202 0.4007821 -0.1143403
v -1.9837157 0.4736863 -0.0956085
v -2.0421929 0.3953874 -0.1281277
v -1.9652345 0.3964118 -0.1102270
v -1.9488639 0.3956752 -0.2069235
v -2.0350514 0.3951304 -0.2372810
v -2.0343196 0.4102941 -0.1223902
v -1.9918032 0.4647111 -0.0940080
v -1.9652345 0.3964118 -0.1102270
v 0.3634646 1.4713865 0.7230806
v 0.2759621 1.4937761 0.6896829
v 0.2749900 1.4952790 0.6932594
v 0.3632859 1.4726465 0.7270944
v 0.4625513 1.4061647 0.7675536
v 0.4589405 1.4122459 0.7699608
v -0.0257466 1.5225754 0.5833507
v -0.9111225 1.5258991 0.2819966
v -0.9125275 1.5271998 0.2854196
v -0.0268585 1.5239545 0.5868630
v 0.1374456 1.5120908 0.6399588
v 0.1364226 1.5135068 0.6434933
v -1.4144221 1.5190956 0.1119350
v -1.6993609 1.5058143 0.0125534
v -1.7004247 1.5074439 0.0161435
v -1.4155121 1.5202291 0.1153398
v -1.7704804 1.4952039 -0.0149248
v -1.7991128 1.4806339 -0.0298642
v -1.8032486 1.4809094 -0.0277048
v -1.7723261 1.4967967 -0.0115642
v 0.2759621 1.4937761 0.6896829
v 0.3634646 1.4713865 0.7230806
v 0.3653876 1.4744516 0.7214585
v 0.2773025 1.4970197 0.6877926
v 0.1374456 1.5120908 0.6399588
v 0.1384370 1.5153601 0.6379744
v -0.9111225 1.5258991 0.2819966
v -0.0257466 1.5225754 0.5833507
v -0.0249694 1.5258464 0.5813245
v -0.9104015 1.5291550 0.2800029
v -1.6993609 1.5058143 0.0125534
v -1.4144221 1.5190956 0.1119350
v -1.4139761 1.5223779 0.1098484
v -1.6994171 1.5090810 0.0101817
v -1.7684152 1.4986797 -0.0166112
v -1.7704804 1.4952039 -0.0149248
v -1.7704804 1.4952039 -0.0149248
v -1.7741948 1.4968294 -0.0192027
v -1.8002051 1.4835757 -0.0326115
v -1.7991128 1.4806339 -0.0298642
v -1.9784745 0.7423573 -0.0943034
v -1.9747755 0.8437763 -0.0943204
v -1.9773406 0.8439245 -0.0979655
v -1.9810343 0.7424471 -0.0979552
v -1.9827128 0.6668966 -0.0975874
v -1.9801484 0.6669067 -0.0939369
v -1.9815974 0.4735547 -0.0907467
v -1.9814109 0.6100291 -0.0936608
v -1.9839745 0.6100563 -0.0973107
v -1.9837157 0.4736863 -0.0956085
v -1.9632555 0.9799648 -0.0921772
v -1.9427276 1.0886451 -0.0866585
v -1.9453012 1.0893221 -0.0902416
v -1.9658430 0.9804182 -0.0957866
v -1.8504924 1.4156612 -0.0598471
v -1.8299775 1.4523943 -0.0536563
v -1.8321906 1.4544289 -0.0568088
v -1.8529943 1.4168733 -0.0633407
v -1.8827020 1.3150787 -0.0693797
v -1.8852803 1.3159684 -0.0729156
v -1.9691792 0.9283453 -0.0935088
v 0.4625513 1.4061647 0.7675536
v 0.4633894 1.4128407 0.7652591
v -1.8299775 1.4523943 -0.0536563
v -1.8314033 1.4551010 -0.0492625
v -1.8504924 1.4156612 -0.0598471
v -1.8537315 1.4169713 -0.0570474
v -1.8827020 1.3150787 -0.0693797
v -1.8861045 1.3160303 -0.0666497
v -1.9462433 1.0893402 -0.0839992
v -1.9427276 1.0886451 -0.0866585
v -1.9632555 0.9799648 -0.0921772
v -1.9668336 0.9804253 -0.0895537
v -1.9691792 0.9283453 -0.0935088
v -1.9724446 0.9316772 -0.0908301
v -1.9815974 0.4735547 -0.0907467
v -1.9848149 0.4859995 -0.0894863
v -1.9850630 0.6100562 -0.0910945
v -1.9814109 0.6100291 -0.0936608
v -1.9677202 0.4007821 -0.1143403
v -1.9652345 0.3964118 -0.1102270
v -1.9517602 0.4007815 -0.2076422
v -1.9488639 0.3956752 -0.2069235
v -1.9724446 0.9316772 -0.0908301
v -1.9846100 0.9317569 -0.0173336
v -1.9772644 0.9319077 0.0393328
v -1.9348057 0.9324823 0.0748479
v -1.8833653 0.9186688 0.1015524
v -1.8653100 0.8440673 0.1259388
v -1.8649749 0.7625957 0.1294653
v -1.8632456 0.6758954 0.1298350
v -1.9089572 0.6769176 0.1111148
v -1.9317507 0.6644686 0.1015056
v -1.9932860 0.6644859 0.0577896
v -1.9994485 0.6644879 -0.0024843
v -1.9838559 0.6644889 -0.0913601
v -1.9838559 0.6644889 -0.0913601
v -1.9801484 0.6669067 -0.0939369
v -1.8649033 0.7422754 0.1303889
v -1.7817931 0.6759124 0.1632884
v -1.9192594 0.6667158 0.1066911
v -1.8776303 0.7591676 0.1243689
v -1.8790955 0.7422901 0.1245222
v -1.8897457 0.8440506 0.1155518
v -1.8974057 0.8859773 0.1027581
v -1.9103530 0.9183696 0.0898643
v -1.9691792 0.9283453 -0.0935088
v -1.9819887 0.9281486 -0.0167044
v -1.9846100 0.9317569 -0.0173336
v -1.9724446 0.9316772 -0.0908301
v -1.9750983 0.9280810 0.0385681
v -1.9772644 0.9319077 0.0393328
v -1.9335247 0.9284144 0.0731172
v -1.9348057 0.9324823 0.0748479
v -1.9302779 0.6676796 0.0987733
v -1.9905060 0.6676361 0.0562688
v -1.9932860 0.6644859 0.0577896
v -1.9317507 0.6644686 0.1015056
v -1.9962409 0.6675857 -0.0023106
v -1.9994485 0.6644879 -0.0024843
v -1.9801484 0.6669067 -0.0939369
v -1.9838559 0.6644889 -0.0913601
v -1.9205458 0.6692108 0.1027989
v -1.9192594 0.6667158 0.1066911
v -1.9089572 0.6769176 0.1111148
v -1.9086853 0.6790405 0.1078599
v -1.8793435 0.7582438 0.1202807
v -1.8809689 0.7422529 0.1203343
v -1.8790955 0.7422901 0.1245222
v -1.8776303 0.7591676 0.1243689
v -1.8915021 0.8436599 0.1114031
v -1.8897457 0.8440506 0.1155518
v -1.8980605 0.8809676 0.1000815
v -1.8974057 0.8859773 0.1027581
v -1.9103530 0.9183696 0.0898643
v -1.9137332 0.9175719 0.0850597
v -1.9839745 0.6100563 -0.0973107
v -1.9632563 0.6248777 -0.2092918
v -1.8553946 1.3974985 -0.0995556
v -1.8805760 1.3156176 -0.1086427
v -1.8852803 1.3159684 -0.0729156
v -1.9392812 1.0892071 -0.1301095
v -1.9453012 1.0893221 -0.0902416
v -1.9510877 1.0288790 -0.1345443
v -1.9524558 0.9988193 -0.1594272
v -1.9370111 0.9841517 -0.2114338
v -1.9472000 0.9802843 -0.2131021
v -1.8374772 1.4148104 -0.1958680
v -1.8304197 1.4064400 -0.1937079
v -1.8391619 1.4076078 -0.1192795
v -1.8464698 1.4160059 -0.1190623
v -1.8463489 1.3927407 -0.1036062
v -1.8553946 1.3974985 -0.0995556
v -1.8706128 1.3136196 -0.1123644
v -1.8805760 1.3156176 -0.1086427
v -1.9292741 1.0871093 -0.1338295
v -1.9392812 1.0892071 -0.1301095
v -1.9407479 1.0287831 -0.1381369
v -1.9510877 1.0288790 -0.1345443
v -1.9419804 1.0017245 -0.1605359
v -1.9524558 0.9988193 -0.1594272
v -1.7621017 1.5017517 -0.1618741
v -1.7704804 1.4952039 -0.0149248
v -1.7684152 1.4986797 -0.0166112
v -1.7601305 1.5053088 -0.1610988
v -1.7704804 1.4952039 -0.0149248
v -1.7621017 1.5017517 -0.1618741
v -1.7655204 1.5032049 -0.1636709
v -1.7741948 1.4968294 -0.0192027
v -1.9086853 0.6790405 0.1078599
v -1.9054308 0.6821961 0.1126585
v -1.9054308 0.6821961 0.1126585
v -1.8634027 0.6822049 0.1298878
v -1.7825219 0.6822217 0.1631255
v -1.6562837 0.6703188 0.2089610
v -1.5809028 0.5784691 0.2342180
v -1.6850262 0.6765174 0.1985682
v -1.6789523 0.6818149 0.2008562
v -1.6608778 0.6659023 0.2072255
v -1.5855763 0.5746474 0.2323245
v -1.5820729 0.5765492 0.2304036
v -1.6566588 0.6674906 0.2054312
v -1.5570140 0.5270027 0.2636378
v -1.5809028 0.5784691 0.2342180
v -1.5820729 0.5765492 0.2304036
v -1.5570140 0.5270027 0.2636378
v -1.8621263 0.6791062 0.1269431
v -1.8632456 0.6758954 0.1298350
v -1.7810182 0.6791193 0.1602651
v -1.7817931 0.6759124 0.1632884
v -1.9086853 0.6790405 0.1078599
v -1.8621263 0.6791062 0.1269431
v -1.8634027 0.6822049 0.1298878
v -1.9054308 0.6821961 0.1126585
v -1.7810182 0.6791193 0.1602651
v -1.7825219 0.6822217 0.1631255
v -1.6562837 0.6703188 0.2089610
v -1.6566588 0.6674906 0.2054312
v -1.6804999 0.6791311 0.1969016
v -1.6850262 0.6765174 0.1985682
v -1.6789523 0.6818149 0.2008562
v -1.6804999 0.6791311 0.1969016
v -1.9588278 0.8228837 -0.2079549
v -1.8847942 0.8073702 -0.2805411
v -1.9431674 0.8228917 -0.2619596
v -1.9415074 0.6762541 -0.2827485
v -1.9307447 0.5970294 -0.3222649
v -1.8847942 0.8073702 -0.2805411
v -1.9431674 0.8228917 -0.2619596
v -1.9431674 0.8228917 -0.2619596
v -1.8847942 0.8073702 -0.2805411
v -1.9161250 0.6706873 -0.3007026
v -1.9415074 0.6762541 -0.2827485
v -1.9249720 0.6227399 -0.3114330
v -1.9402480 0.6350027 -0.2883313
v -1.9373139 0.6146268 -0.2990696
v -1.9307447 0.5970294 -0.3222649
v -1.9373139 0.6146268 -0.2990696
v -1.9402480 0.6350027 -0.2883313
v -1.9307447 0.5970294 -0.3222649
v -0.9925225 0.2412013 0.4115832
v -1.0556878 0.2414111 0.4126429
v -1.0482752 0.1932204 0.3905188
v 0.6677954 0.2402909 0.9676620
v 1.4600213 0.2450111 1.2260165
v 1.5251887 0.2521562 1.2203240
v 1.4645558 0.2584890 1.2199326
v 1.3808687 0.2577054 1.2098198
v 1.3787777 0.2440161 1.2168072
v 1.3237695 0.2570630 1.1984252
v 1.3217371 0.2434014 1.2053424
v -2.0421929 0.3953874 -0.1281277
v 1.7573124 0.3280723 1.0547704
v 1.7169659 0.3237147 1.0832744
v 1.7448703 0.3247602 1.0476397
v 1.8471989 0.3280841 0.8612649
v 1.8369700 0.3250499 0.8569143
v 1.7269641 0.2301732 1.0335986
v 1.8067962 0.2301243 0.8541902
v 1.8014191 0.2400604 0.8519518
v 1.7217118 0.2399034 1.0302500
v 1.5937616 0.2302323 1.1869057
v 1.5906711 0.2399215 1.1809738
v 1.6229104 0.3280592 1.2076102
v 1.5851484 0.3194080 1.2181828
v 1.5846646 0.3154554 1.2072635
v 1.6148461 0.3202721 1.1971827
v 1.5629400 0.3026602 1.2212096
v 1.5661487 0.3014921 1.2097870
v 1.5536358 0.2524165 1.2095882
v 1.5603795 0.2523617 1.1974983
v 1.5602320 0.2387701 1.2026395
v 1.7399950 0.5762949 0.9843425
v 1.6949528 0.6618749 1.0094887
v 1.7054663 0.6612085 0.9928633
v 1.6486565 0.7552908 1.0218496
v 1.6367051 0.7549467 1.0373899
v 1.7399950 0.5762949 0.9843425
v 1.7453487 0.5857857 0.9708971
v 1.7493936 0.5625886 0.9772653
v 1.7526381 0.5751106 0.9653443
v 1.7609174 0.5539333 0.9626405
v 1.7600716 0.5686728 0.9565142
v 1.8192240 0.5495271 0.8383605
v 1.8148536 0.5653788 0.8358981
v 1.6486565 0.7552908 1.0218496
v 1.6320417 0.7563411 1.0127982
v 1.7054663 0.6612085 0.9928633
v 1.6553666 0.6761162 0.9659747
v 1.6141385 0.7467000 0.9886222
v 1.6486565 0.7552908 1.0218496
v 1.7453487 0.5857857 0.9708971
v 1.6831594 0.6195316 0.9478555
v 1.7526381 0.5751106 0.9653443
v 1.6882881 0.6115227 0.9425852
v 1.7600716 0.5686728 0.9565142
v 1.6939398 0.6066928 0.9337562
v 1.8148536 0.5653788 0.8358981
v 1.7431217 0.6042216 0.8116723
v 1.6320417 0.7563411 1.0127982
v 1.6320417 0.7563411 1.0127982
v 1.6141385 0.7467000 0.9886222
v 1.6968493 0.7465202 0.8255104
v 1.7244402 0.7559474 0.8347537
v -0.9778528 0.8832598 0.4346464
v -1.0955028 0.8832602 0.3940286
v -1.4375715 0.8832606 0.2739301
v -1.4398901 0.9201844 0.2606038
v -1.0690935 0.9201865 0.3907613
v -1.0657589 0.9240049 0.3942464
v -1.4409601 0.9240080 0.2625645
v -1.6923526 0.9202270 0.1699510
v -1.6960909 0.9239969 0.1709591
v -0.9724922 0.9191089 0.4235303
v -0.9763876 0.9240080 0.4250680
v -0.9735136 0.8862251 0.4311735
v -1.0924208 0.8856241 0.3910944
v -1.0955028 0.8832602 0.3940286
v -0.9778528 0.8832598 0.4346464
v -1.4368150 0.8856261 0.2701812
v -1.4375715 0.8832606 0.2739301
v -1.6949293 0.8856321 0.1776423
v -1.6991606 0.8832235 0.1800892
v -1.6949293 0.8856321 0.1776423
v -1.6923526 0.9202270 0.1699510
v -1.6960909 0.9239969 0.1709591
v -1.6991606 0.8832235 0.1800892
v 0.2174564 0.9063567 0.8290923
v 0.2142554 0.8356866 0.8467821
v -0.0672273 0.7441921 0.7592920
v -0.2417558 0.8245978 0.6952230
v -0.0658943 0.8245978 0.7549446
v -0.0658943 0.8245978 0.7549446
v -0.0652538 0.8245978 0.7545313
v -0.0614092 0.8245978 0.7529114
v -0.0599067 0.8245978 0.7569410
v -0.2509987 0.9131017 0.6732045
v -0.2564263 0.8384876 0.6894049
v -0.2338386 0.9378907 0.6715905
v -0.0601917 0.9378907 0.7301909
v -0.0559597 0.9378907 0.7271822
v -0.0542715 0.9378907 0.7321139
v -0.0559597 0.9378907 0.7271822
v -0.0601917 0.9378907 0.7301909
v 0.1413029 0.9378907 0.7950149
v -0.0542715 0.9378907 0.7321139
v 0.1533871 0.9060367 0.8085522
v 0.1482969 0.8384876 0.8237466
v 0.1328731 0.8245978 0.8201772
v -0.0599067 0.8245978 0.7569410
v 0.1550318 0.9240009 0.8036427
v -0.2500177 0.9240009 0.6702753
v 0.1550318 0.9240009 0.8036427
v 0.1530093 0.9221486 0.8004657
v 0.1533871 0.9060367 0.8085522
v 0.1464224 0.8391589 0.8201339
v 0.1482969 0.8384876 0.8237466
v 0.1327471 0.8268551 0.8170016
v 0.1328731 0.8245978 0.8201772
v 0.0438747 0.8268548 0.7878377
v -0.0614905 0.8268675 0.7516910
v -0.0582536 0.8388763 0.7520324
v -0.0543470 0.9218541 0.7337752
v -0.0565559 0.9218541 0.7302495
v -0.0601282 0.8388763 0.7475281
v -0.0560864 0.9344804 0.7278345
v -0.0535262 0.9344710 0.7302649
v -0.0542715 0.9378907 0.7321139
v -0.0559597 0.9378907 0.7271822
v 0.0518065 0.9344709 0.7641612
v 0.1413029 0.9378907 0.7950149
v 0.1408300 0.9344707 0.7928089
v -0.0601917 0.9378907 0.7301909
v -0.0598979 0.9344896 0.7282064
v -0.0560864 0.9344804 0.7278345
v -0.0559597 0.9378907 0.7271822
v -0.0607552 0.9218541 0.7316963
v -0.0646861 0.8388763 0.7499157
v -0.0601282 0.8388763 0.7475281
v -0.0565559 0.9218541 0.7302495
v -0.0614905 0.8268675 0.7516910
v -0.0616646 0.8245978 0.7522208
v -0.0658943 0.8245978 0.7549446
v -0.0653609 0.8268804 0.7520278
v -0.1548607 0.8268804 0.7216397
v -0.2417558 0.8245978 0.6952230
v -0.2397796 0.8268804 0.6928070
v -0.2527728 0.8391826 0.6876526
v -0.2564263 0.8384876 0.6894049
v -0.2464959 0.9221627 0.6689188
v -0.2509987 0.9131017 0.6732045
v -0.2500177 0.9240009 0.6702753
v -0.2321377 0.9344897 0.6700866
v -0.2338386 0.9378907 0.6715905
v -0.1476795 0.9344897 0.6985859
v -0.0653609 0.8268804 0.7520278
v -0.0589153 0.8268546 0.7541068
v -0.0535262 0.9344710 0.7302649
v -0.0560864 0.9344804 0.7278345
v -0.0598979 0.9344896 0.7282064
v -0.0560864 0.9344804 0.7278345
v -0.1386546 0.9218541 0.7053227
v -0.0607552 0.9218541 0.7316963
v -0.0598979 0.9344896 0.7282064
v -0.1476795 0.9344897 0.6985859
v -0.1443044 0.8388763 0.7234357
v -0.0646861 0.8388763 0.7499157
v -0.1548607 0.8268804 0.7216397
v -0.0653609 0.8268804 0.7520278
v -0.2397796 0.8268804 0.6928070
v -0.1856122 0.8783993 0.6686907
v -0.2527728 0.8391826 0.6876526
v -0.2464959 0.9221627 0.6689188
v -0.2321377 0.9344897 0.6700866
v -0.1476795 0.9344897 0.6985859
v -0.1386546 0.9218541 0.7053227
v -0.1443044 0.8388763 0.7234357
v -0.1548607 0.8268804 0.7216397
v 0.1530093 0.9221486 0.8004657
v 0.1025437 0.8782766 0.7640038
v 0.1464224 0.8391589 0.8201339
v 0.1327471 0.8268551 0.8170016
v 0.0438747 0.8268548 0.7878377
v 0.0354201 0.8388763 0.7832286
v 0.0416323 0.9218541 0.7646857
v 0.0518065 0.9344709 0.7641612
v 0.1408300 0.9344707 0.7928089
v -0.0589153 0.8268546 0.7541068
v -0.0599067 0.8245978 0.7569410
v 1.7637583 0.2553439 0.8515465
v 1.7883512 0.3128895 0.8551182
v 1.6914217 0.3120968 1.0481933
v 1.6946447 0.2543483 1.0116000
v 0.8290195 0.5357075 1.0707171
v 0.9631399 0.5550572 0.7616919
v 0.8836151 0.5744069 1.0903869
v 0.7846667 0.4844095 1.0527966
v 0.8730877 0.4530323 0.7315232
v 0.7295002 0.3494183 1.0228329
v 0.8233674 0.2948804 0.7148661
v 0.7515634 0.4216552 1.0369250
v 0.7166734 0.2403426 1.0055624
v -1.5570140 0.5270027 0.2636378
v -1.4711338 0.4972609 -0.0538248
v -1.5017266 0.5635146 0.2862752
v -1.6021957 0.4793651 0.2437615
v -1.6373117 0.4191610 0.2259345
v -1.6618129 0.3504262 0.2103494
v -1.5721359 0.3043084 -0.0876618
v -1.6767230 0.2581905 0.1941970
v -1.1934368 0.5348703 0.3926852
v -1.0610053 0.5086187 0.0835742
v -1.1408370 0.4823671 0.4080569
v -1.2488928 0.5730084 0.3765647
v -1.2296675 0.5877250 0.0270699
v -1.0977236 0.4187326 0.4172002
v -0.9684912 0.3129074 0.1145679
v -1.0686537 0.3500750 0.4210739
v -1.0556878 0.2414111 0.4126429
v 1.3203651 0.3038857 1.2029672
v 1.4184474 0.2681167 0.9142265
v 1.3237695 0.2570630 1.1984252
v 1.3138718 0.3583305 1.2069678
v 1.3696869 0.4485619 0.8978911
v 1.2936878 0.4223965 1.2067929
v 1.2595404 0.4793677 1.2008368
v 1.2059477 0.5341532 1.1879621
v 1.1424065 0.5782926 1.1718844
v 1.1535729 0.5971341 0.8254898
v 1.0794580 0.6025924 1.1542177
v 1.1167683 0.5881897 1.1646889
v 1.0150259 0.6092824 1.1344033
v 0.9472519 0.5998709 1.1127204
v -1.3027289 0.5928991 0.3595686
v -1.3623477 0.5973510 0.3387060
v -1.4333332 0.5876415 0.3128845
v 0.7190502 0.1932205 0.9813811
v 0.8098535 0.1932204 0.7103387
v 1.3217371 0.2434014 1.2053424
v 1.4191819 0.1992283 0.9144725
v 1.3311529 0.1992284 1.1772343
v -1.6767577 0.1983095 0.1673098
v -1.5894008 0.1983095 -0.0934459
v -0.9571053 0.1932204 0.1183821
v -1.0482752 0.1932204 0.3905188
v -1.4711338 0.4972609 -0.0538248
v -1.5721359 0.3043084 -0.0876618
v -0.9684912 0.3129074 0.1145679
v -1.0610053 0.5086187 0.0835742
v -1.5894008 0.1983095 -0.0934459
v -0.9571053 0.1932204 0.1183821
v -1.2296675 0.5877250 0.0270699
v 0.8233674 0.2948804 0.7148661
v 0.8098535 0.1932204 0.7103387
v 1.4191819 0.1992283 0.9144725
v 1.4184474 0.2681167 0.9142265
v 1.3696869 0.4485619 0.8978911
v 0.8730877 0.4530323 0.7315232
v 1.1535729 0.5971341 0.8254898
v 0.9631399 0.5550572 0.7616919
v -0.9852385 0.1932204 0.3898394
v -0.9571053 0.1932204 0.1183821
v 0.2137042 0.1932204 0.5106203
v -0.0552660 0.1932204 0.7054737
v 0.3114949 0.1932204 0.8267285
v 0.8098535 0.1932204 0.7103387
v 0.6692941 0.1932204 0.9435491
v 0.7190502 0.1932205 0.9813811
v -1.0482752 0.1932204 0.3905188
v -1.6767577 0.1983095 0.1673098
v -1.7201269 0.2026041 0.1298662
v -1.5894008 0.1983095 -0.0934459
v -1.8752971 0.2160441 0.0707241
v -1.9989655 0.2277425 -0.0147621
v -1.9958334 0.2330157 -0.2290375
v 1.4191819 0.1992283 0.9144725
v 1.7174689 0.1995431 1.0269744
v 1.5846176 0.1995429 1.1804105
v 1.3311529 0.1992284 1.1772343
v 1.5189969 0.1995429 1.1950356
v 1.4250424 0.1995429 1.1919981
v 1.7941836 0.1995430 0.8519830
v 1.7217118 0.2399034 1.0302500
v 1.7143703 0.2486633 1.0435217
v 1.5939048 0.2485702 1.1825387
v 1.5906711 0.2399215 1.1809738
v 1.5697726 0.2584890 1.1956334
v 1.5603795 0.2523617 1.1974983
v 1.5742724 0.2971662 1.2052031
v 1.5661487 0.3014921 1.2097870
v 1.5874046 0.3070071 1.2035217
v 1.5846646 0.3154554 1.2072635
v 1.6139055 0.3112939 1.1944989
v 1.6148461 0.3202721 1.1971827
v 1.7107056 0.3148302 1.0854822
v 1.7169659 0.3237147 1.0832744
v 1.7143703 0.2486633 1.0435217
v 1.7068317 0.2535245 1.0458834
v 1.5904350 0.2534044 1.1785888
v 1.5939048 0.2485702 1.1825387
v 1.5681276 0.2625760 1.1906709
v 1.5697726 0.2584890 1.1956334
v 1.5697726 0.2584890 1.1956334
v 1.5681276 0.2625760 1.1906709
v 1.5722526 0.2981545 1.1994391
v 1.5742724 0.2971662 1.2052031
v 1.5742724 0.2971662 1.2052031
v 1.5722526 0.2981545 1.1994391
v 1.5837884 0.3067750 1.1980035
v 1.5874046 0.3070071 1.2035217
v 1.6091939 0.3109070 1.1892868
v 1.6139055 0.3112939 1.1944989
v 1.7034693 0.3144718 1.0845504
v 1.7107056 0.3148302 1.0854822
v 1.7107056 0.3148302 1.0854822
v 1.7034693 0.3144718 1.0845504
v 1.7068317 0.2535245 1.0458834
v 1.7143703 0.2486633 1.0435217
v 1.7223504 0.3175284 1.0736485
v 1.7428860 0.3183219 1.0462468
v 1.7448703 0.3247602 1.0476397
v 1.8315170 0.3186217 0.8628666
v 1.8369700 0.3250499 0.8569143
v 1.8011391 0.2464709 0.8585734
v 1.8014191 0.2400604 0.8519518
v 1.7263922 0.2459172 1.0283267
v 1.8367920 0.3186015 0.8499986
v 1.8066537 0.2465107 0.8457954
v 1.7223504 0.3175284 1.0736485
v 1.6914217 0.3120968 1.0481933
v 1.7428860 0.3183219 1.0462468
v 1.7883512 0.3128895 0.8551182
v 1.8315170 0.3186217 0.8628666
v 1.8315170 0.3186217 0.8628666
v 1.7883512 0.3128895 0.8551182
v 1.7637583 0.2553439 0.8515465
v 1.8011391 0.2464709 0.8585734
v 1.8011391 0.2464709 0.8585734
v 1.7637583 0.2553439 0.8515465
v 1.6946447 0.2543483 1.0116000
v 1.7263922 0.2459172 1.0283267
v 1.7263922 0.2459172 1.0283267
v 1.6946447 0.2543483 1.0116000
v 1.6914217 0.3120968 1.0481933
v 1.7223504 0.3175284 1.0736485
v 1.7991455 0.3134196 0.8291340
v 1.8367920 0.3186015 0.8499986
v 1.8066537 0.2465107 0.8457954
v 1.7750495 0.2557279 0.8257780
v 1.7991455 0.3134196 0.8291340
v 1.8367920 0.3186015 0.8499986
v 1.8148536 0.5653788 0.8358981
v 1.8148536 0.5850706 0.8358981
v 1.7657908 0.5882947 0.9403519
v 1.7600716 0.5686728 0.9565142
v 1.7583542 0.5938853 0.9501853
v 1.7526381 0.5751106 0.9653443
v 1.7509588 0.6040816 0.9562700
v 1.7453487 0.5857857 0.9708971
v 1.7195957 0.6612167 0.9760232
v 1.7054663 0.6612085 0.9928633
v 1.6653105 0.7551140 1.0018272
v 1.6486565 0.7552908 1.0218496
v 1.8148536 0.5850706 0.8358981
v 1.7516722 0.6024359 0.8147313
v 1.7047396 0.6052932 0.9198987
v 1.7657908 0.5882947 0.9403519
v 1.6982401 0.6102582 0.9300462
v 1.7583542 0.5938853 0.9501853
v 1.6922197 0.6192943 0.9365915
v 1.7509588 0.6040816 0.9562700
v 1.6670584 0.6694798 0.9584224
v 1.7195957 0.6612167 0.9760232
v 1.6202328 0.7499977 0.9867254
v 1.6653105 0.7551140 1.0018272
v 1.6202328 0.7499977 0.9867254
v 1.6320417 0.7563409 1.0127982
v 1.6653105 0.7551140 1.0018272
v 1.6486565 0.7552908 1.0218496
v 1.7211209 0.6353808 0.9714146
v 1.7898737 0.6371028 0.8248887
v 1.7867666 0.6463286 0.8238477
v 1.7133770 0.6485208 0.9755915
v 1.7389228 0.7495415 0.8078193
v 1.7101036 0.7495415 0.7981645
v 1.6119389 0.7495415 0.9936654
v 1.6407577 0.7495415 1.0033200
v 1.7563849 0.7365391 0.8136695
v 1.7613580 0.7217725 0.8153355
v 1.6712211 0.7200506 0.9983288
v 1.6605978 0.7380763 1.0040588
v 1.6961710 0.6777157 0.9848717
v 1.7756157 0.6794377 0.8201121
v 1.7725090 0.6886635 0.8190713
v 1.6884275 0.6908557 0.9890486
v 1.8010243 0.6039937 0.8286243
v 1.7383266 0.6061859 0.9621344
v 1.7536403 0.5802020 0.9538748
v 1.8090370 0.5802020 0.8313088
v 1.7550461 0.7016658 0.8132210
v 1.7203683 0.7016658 0.8016032
v 1.6339085 0.7023209 0.9766923
v 1.6685867 0.7023209 0.9883100
v 1.7693041 0.6593310 0.8179976
v 1.7346260 0.6593310 0.8063799
v 1.6588584 0.6599860 0.9632351
v 1.6935366 0.6599860 0.9748529
v 1.7835622 0.6169961 0.8227741
v 1.7488836 0.6169961 0.8111564
v 1.6838083 0.6176511 0.9497780
v 1.7184865 0.6176511 0.9613958
v 1.7898737 0.6371028 0.8248887
v 1.7444501 0.6371028 0.8096712
v 1.7756157 0.6794377 0.8201121
v 1.7301921 0.6794377 0.8048945
v 1.7211209 0.6353808 0.9714146
v 1.6756974 0.6353808 0.9561971
v 1.7613580 0.7217725 0.8153355
v 1.7159345 0.7217725 0.8001179
v 1.6712211 0.7200506 0.9983288
v 1.6257975 0.7200506 0.9831113
v 1.6961710 0.6777157 0.9848717
v 1.6507475 0.6777157 0.9696542
v 1.7202532 0.7458374 0.8396563
v 1.7820886 0.5936389 0.8326176
v 1.7841784 0.5936389 0.8263793
v 1.7223434 0.7458374 0.8334179
v 1.7754339 0.7458373 0.7021627
v 1.8372692 0.5936389 0.6951242
v 1.8393595 0.5936389 0.6888856
v 1.7775237 0.7458373 0.6959243
v 1.7841784 0.5936389 0.8263793
v 1.7562154 0.5936389 0.8170113
v 1.6943801 0.7458373 0.8240498
v 1.7223434 0.7458374 0.8334179
v 1.7202532 0.7458374 0.8396563
v 1.6922898 0.7458373 0.8302882
v 1.7541256 0.5936389 0.8232496
v 1.7820886 0.5936389 0.8326176
v 1.8393595 0.5936389 0.6888856
v 1.8113961 0.5936389 0.6795176
v 1.7495607 0.7458373 0.6865562
v 1.7775237 0.7458373 0.6959243
v 1.7754339 0.7458373 0.7021627
v 1.7474709 0.7458373 0.6927946
v 1.8093059 0.5936389 0.6857561
v 1.8372692 0.5936389 0.6951242
v -0.9949891 0.5165352 0.4487376
v -1.0133948 0.5165352 0.4326711
v -1.0126653 0.4814291 0.4304976
v -0.9941594 0.4814291 0.4462614
v -0.9924848 0.5390899 0.4412614
v -0.9906507 0.4588745 0.4357879
v -0.0637367 0.5390899 0.7555699
v -0.0552829 0.5165353 0.7668262
v 0.6433998 0.5165353 0.9973847
v 0.6460042 0.5390899 0.9896103
v -0.0553835 0.4814291 0.7639383
v 0.6441366 0.4814291 0.9951852
v 0.6476110 0.4588745 0.9848140
v -0.0639751 0.4588745 0.7489971
v -0.9531790 0.5390899 0.4537905
v -0.9413386 0.5165352 0.4664942
v -0.0785020 0.5165353 0.7590572
v -0.0637367 0.5390899 0.7555699
v -0.9359665 0.4814291 0.4654874
v -0.0786021 0.4814291 0.7561692
v -0.0639751 0.4588745 0.7489971
v -0.9409604 0.4588745 0.4516588
v -0.9644987 0.5165352 0.4586966
v -0.9531790 0.5390899 0.4537905
v -0.9591273 0.4814291 0.4576909
v -0.9409604 0.4588745 0.4516588
v 0.6677862 0.5165353 0.9955940
v 0.6685230 0.4814291 0.9933946
v -0.0637367 0.5390899 0.7555699
v -0.0785020 0.5165353 0.7590572
v -0.0786021 0.4814291 0.7561692
v -0.0639751 0.4588745 0.7489971
v -0.0553835 0.4814291 0.7639383
v -0.0552829 0.5165353 0.7668262
v -0.0637367 0.5390899 0.7555699
v -0.0639751 0.4588745 0.7489971
v -0.9359665 0.4814291 0.4654874
v -0.9413386 0.5165352 0.4664942
v -0.9531790 0.5390899 0.4537905
v -0.9409604 0.4588745 0.4516588
v -0.9531790 0.5390899 0.4537905
v -0.9644987 0.5165352 0.4586966
v -0.9591273 0.4814291 0.4576909
v -0.9409604 0.4588745 0.4516588
v 0.1495853 1.5483101 0.6064630
v 0.1402418 1.5463789 0.6328726
v 0.2804688 1.4984209 0.6797864
v 0.2891826 1.5004418 0.6577509
v -0.9004914 1.5647169 0.2524451
v -0.9086167 1.5629914 0.2750396
v -0.0229731 1.5626922 0.5754032
v -0.0149615 1.5645692 0.5516414
v -1.6792273 1.5440715 0.0122476
v -1.4125380 1.5562820 0.1047191
v -1.4059950 1.5581941 0.0813811
v -1.6760120 1.5455757 -0.0088777
v 0.2804688 1.4984209 0.6797864
v 0.1402418 1.5463789 0.6328726
v 0.1384370 1.5160272 0.6379744
v 0.1495853 1.5483101 0.6064630
v 0.2891826 1.5004418 0.6577509
v 0.1513612 1.5193617 0.6014431
v -0.9086167 1.5629914 0.2750396
v -0.9104015 1.5298221 0.2800029
v -0.0249694 1.5265134 0.5813245
v -0.0229731 1.5626922 0.5754032
v -0.0149615 1.5645692 0.5516414
v -0.0129814 1.5297543 0.5457680
v -0.8987251 1.5328013 0.2475346
v -0.9004914 1.5647169 0.2524451
v -1.4059950 1.5581941 0.0813811
v -1.4045738 1.5263463 0.0763121
v -1.6946273 1.5122887 -0.0199863
v -1.6760120 1.5455757 -0.0088777
v -1.6792273 1.5440715 0.0122476
v -1.6994171 1.5097481 0.0101817
v -1.4139761 1.5230449 0.1098484
v -1.4125380 1.5562820 0.1047191
v -1.6994171 1.5097481 0.0101817
v -1.6792273 1.5440715 0.0122476
v -1.6760120 1.5455757 -0.0088777
v -1.6946273 1.5122887 -0.0199863
v -0.1992140 0.8421412 0.7173969
v -0.1955257 0.9248003 0.6989581
v -0.2473825 0.9221627 0.6715655
v -0.2536594 0.8391826 0.6902993
v -0.1992140 0.8421412 0.7173969
v -0.2536594 0.8391826 0.6902993
v -0.2406662 0.8268804 0.6954537
v -0.1964278 0.8268804 0.7104740
v 0.0918476 0.9247981 0.7936063
v 0.1521227 0.9221486 0.8031124
v 0.1399433 0.9344707 0.7954555
v 0.0956594 0.9344708 0.7812050
v 0.0918476 0.9247981 0.7936063
v 0.0878820 0.8423129 0.8128717
v 0.1455354 0.8391589 0.8227806
v 0.1521227 0.9221486 0.8031124
v -0.1955257 0.9248003 0.6989581
v -0.1917081 0.9344897 0.6866750
v -0.2330247 0.9344897 0.6727334
v -0.2473825 0.9221627 0.6715655
v 0.0878820 0.8423129 0.8128717
v 0.0905723 0.8268550 0.8060993
v 0.1318605 0.8268551 0.8196482
v 0.1455354 0.8391589 0.8227806
v 0.0878820 0.8423129 0.8128717
v 0.1239013 0.8821092 0.7616110
v 0.0905723 0.8268550 0.8060993
v -0.1955257 0.9248003 0.6989581
v -0.2093959 0.8820779 0.6511014
v -0.1917081 0.9344897 0.6866750
v -0.1964278 0.8268804 0.7104740
v -0.1992140 0.8421412 0.7173969
v 0.0956594 0.9344708 0.7812050
v 0.0918476 0.9247981 0.7936063
v -1.4398901 0.9201844 0.2606038
v -1.4425400 0.9146155 0.2684254
v -1.0717580 0.9146138 0.3985609
v -1.0690935 0.9201865 0.3907613
v -0.9813061 0.9136001 0.4292223
v -0.9724922 0.9191089 0.4235303
v -0.9724922 0.9191089 0.4235303
v -0.9813061 0.9136001 0.4292223
v -0.9819269 0.8939458 0.4338241
v -0.9735136 0.8862251 0.4311735
v -0.9735136 0.8862251 0.4311735
v -0.9819269 0.8939458 0.4338241
v -1.0940692 0.8933744 0.3960042
v -1.0924208 0.8856241 0.3910944
v -1.4384288 0.8933727 0.2750858
v -1.4368150 0.8856261 0.2701812
v -1.6901357 0.8933786 0.1848449
v -1.6949293 0.8856321 0.1776423
v -1.6949293 0.8856321 0.1776423
v -1.6901357 0.8933786 0.1848449
v -1.6885427 0.9146568 0.1800917
v -1.6923526 0.9202270 0.1699510
v -1.6923526 0.9202270 0.1699510
v -1.6885427 0.9146568 0.1800917
v -1.4425400 0.9146155 0.2684254
v -1.4378079 0.9021227 0.2641482
v -1.0802607 0.9021228 0.3896673
v -1.0717580 0.9146138 0.3985609
v -0.9850975 0.9019180 0.4218337
v -0.9813061 0.9136001 0.4292223
v -0.9813061 0.9136001 0.4292223
v -0.9850975 0.9019180 0.4218337
v -0.9819269 0.8939458 0.4338241
v -0.9819269 0.8939458 0.4338241
v -0.9850975 0.9019180 0.4218337
v -1.0802607 0.9021228 0.3896673
v -1.0940692 0.8933744 0.3960042
v -1.4378079 0.9021227 0.2641482
v -1.4384288 0.8933727 0.2750858
v -1.6805499 0.9021457 0.1770538
v -1.6901357 0.8933786 0.1848449
v -1.6901357 0.8933786 0.1848449
v -1.6805499 0.9021457 0.1770538
v -1.6885427 0.9146568 0.1800917
v -1.6885427 0.9146568 0.1800917
v -1.6805499 0.9021457 0.1770538
v -1.8324825 0.3956773 -0.6085353
v 1.7991455 0.3134196 0.8291340
v 1.7750495 0.2557279 0.8257780
v 1.7750495 0.2557279 0.8257780
v 1.8066537 0.2465107 0.8457954
v 1.8623443 0.6774268 0.3918620
v 1.8770568 0.6042215 0.4118847
v 1.9113456 0.6066927 0.2848117
v 1.8953251 0.6762778 0.2551033
v 1.8484587 0.7465201 0.3729641
v 1.8807019 0.7466999 0.1929449
v 1.7816764 0.7464920 0.6022598
v 1.7816884 0.7464458 0.6022638
v 1.9121533 0.6115227 0.2743597
v 1.9112347 0.6195315 0.2670634
v 1.8999658 0.6761161 0.2358580
v 1.8159768 0.6015153 0.6137510
v 1.7193169 0.6774269 0.8187913
v 1.6632557 0.6762779 0.9478177
v 1.6939398 0.6066928 0.9337562
v 1.7431217 0.6042216 0.8116723
v 1.6968493 0.7465202 0.8255104
v 1.6141385 0.7467000 0.9886222
v 1.6882881 0.6115227 0.9425852
v 1.6831594 0.6195316 0.9478555
v 1.6553666 0.6761162 0.9659747
v 1.1331566 1.1633462 -0.2977662
v 1.2363849 1.0820324 -0.2716134
v 1.1582652 1.0890370 -0.3029673
v 1.3626185 0.9692427 -0.2421048
v 1.1816780 0.9808514 -0.3127221
v 1.1475737 0.9830305 -0.3255562
v 1.1250407 1.0925015 -0.3158297
v 1.1521132 1.0896385 -0.3053880
v 1.1756838 0.9812352 -0.3150155
v 1.0890734 1.1903617 -0.3121827
v 1.1265709 1.1651817 -0.3005719
v 1.1250407 1.0925015 -0.3158297
v 1.1475737 0.9830305 -0.3255562
v 1.1372539 0.9871560 -0.3165914
v 1.1161952 1.0894154 -0.3074788
v 1.1289188 1.1615886 -0.2958691
v 1.1331566 1.1633462 -0.2977662
v 1.1582652 1.0890370 -0.3029673
v 1.1537227 1.0886224 -0.3006063
v 1.1816780 0.9808514 -0.3127221
v 1.1772541 0.9803392 -0.3102829
v 1.1772541 0.9803392 -0.3102829
v 1.1756838 0.9812352 -0.3150155
v 1.1521132 1.0896385 -0.3053880
v 1.1537227 1.0886224 -0.3006063
v 1.1265709 1.1651817 -0.3005719
v 1.1289188 1.1615886 -0.2958691
v 1.0480895 1.2022639 -0.3243630
v 1.0790602 1.1818725 -0.3155935
v 1.1131024 1.0892412 -0.3190381
v 1.0550624 1.0979287 -0.3393116
v 1.1322800 0.9960754 -0.3273183
v 1.0614890 0.9993294 -0.3529480
v 1.0890734 1.1903617 -0.3121827
v 1.0810730 1.1849617 -0.3039054
v 1.0810730 1.1849617 -0.3039054
v 1.1161952 1.0894154 -0.3074788
v 1.1131024 1.0892412 -0.3190381
v 1.0790602 1.1818725 -0.3155935
v 1.1372539 0.9871560 -0.3165914
v 1.1322800 0.9960754 -0.3273183
v 1.1372539 0.9871560 -0.3165914
v 1.0519064 0.9910849 -0.3475268
v 1.0614890 0.9993294 -0.3529480
v 1.1322800 0.9960754 -0.3273183
v 1.0519064 0.9910849 -0.3475268
v 1.0450526 1.0963591 -0.3329878
v 1.0550624 1.0979287 -0.3393116
v 1.0614890 0.9993294 -0.3529480
v 1.0371985 1.2137793 -0.3161467
v 1.0480895 1.2022639 -0.3243630
v 1.0371985 1.2137793 -0.3161467
v 1.0480895 1.2022639 -0.3243630
v 1.1951815 1.0640754 0.5409867
v 1.2700582 1.0659527 0.3231887
v 1.2716859 1.0641444 0.3237490
v 1.1968096 1.0622673 0.5415469
v 1.2806638 1.0675517 0.3263033
v 1.2738724 1.0750948 0.3239658
v 1.1989961 1.0732174 0.5417640
v 1.2057875 1.0656743 0.5441013
v 1.2716859 1.0641444 0.3237490
v 1.2806638 1.0675517 0.3263033
v 1.2057875 1.0656743 0.5441013
v 1.1968096 1.0622673 0.5415469
v 1.3385872 1.0447892 0.0288522
v 1.3369595 1.0465972 0.0282920
v 1.3407741 1.0557394 0.0290692
v 1.3475651 1.0481963 0.0314067
v 1.2846375 1.0660388 0.2749832
v 1.2884520 1.0751813 0.2757604
v 1.3407741 1.0557394 0.0290692
v 1.3369595 1.0465972 0.0282920
v 1.1951815 1.0640754 0.5409867
v 1.1968096 1.0622673 0.5415469
v 1.2057875 1.0656743 0.5441013
v 1.1989961 1.0732174 0.5417640
v 1.3369595 1.0465972 0.0282920
v 1.3385872 1.0447892 0.0288522
v 1.2862655 1.0642308 0.2755434
v 1.2846375 1.0660388 0.2749832
v 1.3475651 1.0481963 0.0314067
v 1.3407741 1.0557394 0.0290692
v 1.2884520 1.0751813 0.2757604
v 1.2952431 1.0676380 0.2780977
v 1.3385872 1.0447892 0.0288522
v 1.3475651 1.0481963 0.0314067
v 1.2952431 1.0676380 0.2780977
v 1.2862655 1.0642308 0.2755434
v 1.1951815 1.0640754 0.5409867
v 1.1989961 1.0732174 0.5417640
v 1.2738724 1.0750948 0.3239658
v 1.2700582 1.0659527 0.3231887
v 1.2894307 1.0761524 0.3285865
v 1.3040103 1.0762385 0.2803811
v 1.2972193 1.0837818 0.2780437
v 1.2826397 1.0836955 0.3262492
v 1.2738724 1.0750948 0.3239658
v 1.2806638 1.0675517 0.3263033
v 1.2894307 1.0761524 0.3285865
v 1.2826397 1.0836955 0.3262492
v 1.3040103 1.0762385 0.2803811
v 1.2894307 1.0761524 0.3285865
v 1.4405599 0.9627763 -0.0765391
v 1.4202480 0.9853370 -0.0835301
v 1.4290153 0.9939375 -0.0812469
v 1.4493268 0.9713769 -0.0742561
v 1.2884520 1.0751813 0.2757604
v 1.2738724 1.0750948 0.3239658
v 1.2826397 1.0836955 0.3262492
v 1.2972193 1.0837818 0.2780437
v 1.2952431 1.0676380 0.2780977
v 1.2884520 1.0751813 0.2757604
v 1.4202480 0.9853370 -0.0835301
v 1.4405599 0.9627763 -0.0765391
v 1.2884520 1.0751813 0.2757604
v 1.2972193 1.0837818 0.2780437
v 1.4290153 0.9939375 -0.0812469
v 1.4202480 0.9853370 -0.0835301
v 1.2972193 1.0837818 0.2780437
v 1.3040103 1.0762385 0.2803811
v 1.4493268 0.9713769 -0.0742561
v 1.4290153 0.9939375 -0.0812469
v 1.3040103 1.0762385 0.2803811
v 1.2952431 1.0676380 0.2780977
v 1.4405599 0.9627763 -0.0765391
v 1.4493268 0.9713769 -0.0742561
v 0.9840588 1.0338083 0.9592613
v 1.0995065 1.0426878 0.7627050
v 1.1010178 1.0411920 0.7635174
v 0.9856425 1.0323105 0.9599184
v 1.1084228 1.0450763 0.7670055
v 1.1021163 1.0513156 0.7636163
v 0.9867179 1.0424364 0.9600118
v 0.9933240 1.0361890 0.9627533
v 1.1010178 1.0411920 0.7635174
v 1.1084228 1.0450763 0.7670055
v 0.9933240 1.0361890 0.9627533
v 0.9856425 1.0323105 0.9599184
v 1.2028153 1.0425738 0.5621517
v 1.2012319 1.0440712 0.5614947
v 1.2038910 1.0526997 0.5622453
v 1.2104968 1.0464521 0.5649865
v 1.1224628 1.0430877 0.7222700
v 1.1250726 1.0517158 0.7231816
v 1.2038910 1.0526997 0.5622453
v 1.2012319 1.0440712 0.5614947
v 0.9840588 1.0338083 0.9592613
v 0.9856425 1.0323105 0.9599184
v 0.9933240 1.0361890 0.9627533
v 0.9867179 1.0424364 0.9600118
v 1.2012319 1.0440712 0.5614947
v 1.2028153 1.0425738 0.5621517
v 1.1239746 1.0415922 0.7230825
v 1.1224628 1.0430877 0.7222700
v 1.2104968 1.0464521 0.5649865
v 1.2038910 1.0526997 0.5622453
v 1.1250726 1.0517158 0.7231816
v 1.1313795 1.0454765 0.7265707
v 1.2028153 1.0425738 0.5621517
v 1.2104968 1.0464521 0.5649865
v 1.1313795 1.0454765 0.7265707
v 1.1239746 1.0415922 0.7230825
v 0.9840588 1.0338083 0.9592613
v 0.9867179 1.0424364 0.9600118
v 1.1021163 1.0513156 0.7636163
v 1.0995065 1.0426878 0.7627050
v 1.1152859 1.0536514 0.7700207
v 1.1382426 1.0540513 0.7295857
v 1.1319365 1.0602909 0.7261969
v 1.1089793 1.0598907 0.7666315
v 1.1021163 1.0513156 0.7636163
v 1.1084228 1.0450763 0.7670055
v 1.1152859 1.0536514 0.7700207
v 1.1089793 1.0598907 0.7666315
v 1.1382426 1.0540513 0.7295857
v 1.1152859 1.0536514 0.7700207
v 1.3505173 0.9639379 0.4552225
v 1.3330968 0.9826967 0.4379075
v 1.3401836 0.9912679 0.4403648
v 1.3576042 0.9725092 0.4576797
v 1.1250726 1.0517158 0.7231816
v 1.1021163 1.0513156 0.7636163
v 1.1089793 1.0598907 0.7666315
v 1.1319365 1.0602909 0.7261969
v 1.1313795 1.0454765 0.7265707
v 1.1250726 1.0517158 0.7231816
v 1.3330968 0.9826967 0.4379075
v 1.3505173 0.9639379 0.4552225
v 1.3401836 0.9912679 0.4403648
v 1.3330968 0.9826967 0.4379075
v 1.1319365 1.0602909 0.7261969
v 1.1382426 1.0540513 0.7295857
v 1.3576042 0.9725092 0.4576797
v 1.3401836 0.9912679 0.4403648
v 1.1382426 1.0540513 0.7295857
v 1.1313795 1.0454765 0.7265707
v 1.3505173 0.9639379 0.4552225
v 1.3576042 0.9725092 0.4576797
v -1.6658709 1.0754178 -1.0026605
v -1.7552768 1.0738876 -0.7788960
v -1.7499108 1.0829225 -0.7774295
v -1.6616535 1.0841234 -1.0015143
v -1.6526956 1.0834022 -0.9994581
v -1.6569122 1.0746970 -1.0006039
v -1.6658709 1.0754178 -1.0026605
v -1.6616535 1.0841234 -1.0015143
v -1.6569122 1.0746970 -1.0006039
v -1.7463189 1.0731668 -0.7768397
v -1.7552768 1.0738876 -0.7788960
v -1.6658709 1.0754178 -1.0026605
v -1.8451187 0.9593210 -0.5891900
v -1.8450440 0.9691551 -0.5854407
v -1.8540019 0.9698760 -0.5874970
v -1.8540774 0.9600417 -0.5912465
v -1.7409529 1.0822017 -0.7753730
v -1.6526956 1.0834022 -0.9994581
v -1.6616535 1.0841234 -1.0015143
v -1.7499108 1.0829225 -0.7774295
v -1.7463189 1.0731668 -0.7768397
v -1.7409529 1.0822017 -0.7753730
v -1.8262939 0.9878379 -0.6278606
v -1.8289715 0.9695571 -0.6336603
v -1.8352518 0.9885586 -0.6299171
v -1.8262939 0.9878379 -0.6278606
v -1.8379302 0.9702778 -0.6357168
v -1.8352518 0.9885586 -0.6299171
v -1.8289715 0.9695571 -0.6336603
v -1.8379302 0.9702778 -0.6357168
v -1.8450440 0.9691551 -0.5854407
v -1.8438361 0.9759039 -0.5889745
v -1.8527948 0.9766245 -0.5910312
v -1.8540019 0.9698760 -0.5874970
v -1.8540774 0.9600417 -0.5912465
v -1.8540928 0.9557545 -0.5992186
v -1.8451356 0.9550336 -0.5971623
v -1.8451187 0.9593210 -0.5891900
v -1.8438361 0.9759039 -0.5889745
v -1.8450440 0.9691551 -0.5854407
v -1.8451187 0.9593210 -0.5891900
v -1.8451356 0.9550336 -0.5971623
v -1.8540774 0.9600417 -0.5912465
v -1.8540019 0.9698760 -0.5874970
v -1.8527948 0.9766245 -0.5910312
v -1.8540928 0.9557545 -0.5992186
v -1.8527948 0.9766245 -0.5910312
v -1.8438361 0.9759039 -0.5889745
v -1.8451356 0.9550336 -0.5971623
v -1.8540928 0.9557545 -0.5992186
v 1.1039311 0.9392611 0.0859897
v 1.1251227 0.9979755 0.0722599
v 0.9779040 1.0588800 0.0536714
v 0.9493313 0.9797156 0.0721834
v 1.1251227 0.9979755 0.0722599
v 1.1507674 1.0342629 0.0263196
v 1.0124808 1.1078064 -0.0082699
v 0.9779040 1.0588800 0.0536714
v 1.1507674 1.0342629 0.0263196
v 1.1710705 1.0342629 -0.0342836
v 1.0398553 1.1078064 -0.0899812
v 1.0124808 1.1078064 -0.0082699
v 1.1710705 1.0342629 -0.0342836
v 1.1782763 0.9979755 -0.0864012
v 1.0495712 1.0588800 -0.1602515
v 1.0398553 1.1078064 -0.0899812
v 1.1782763 0.9979755 -0.0864012
v 1.1696331 0.9392611 -0.1101263
v 1.0379168 0.9797156 -0.1922399
v 1.0495712 1.0588800 -0.1602515
v 0.9493313 0.9797156 0.0721834
v 0.9779040 1.0588800 0.0536714
v 0.9936241 0.9797156 -0.0600283
v 1.0124808 1.1078064 -0.0082699
v 1.0398553 1.1078064 -0.0899812
v 1.0495712 1.0588800 -0.1602515
v 1.0379168 0.9797156 -0.1922399
v 1.1251227 0.9979755 0.0722599
v 1.1039311 0.9392611 0.0859897
v 1.1367821 0.9392611 -0.0120683
v 1.1696331 0.9392611 -0.1101263
v 1.1782763 0.9979755 -0.0864012
v 1.1710705 1.0342629 -0.0342836
v 1.1507674 1.0342629 0.0263196
v 0.9620472 1.1358254 -0.0717428
v 0.9457683 1.1238045 -0.0771964
v 0.9252422 1.1160737 -0.0272750
v 0.9393832 1.1272896 -0.0166224
v 0.9457683 1.1238045 -0.0771964
v 0.9637792 1.1149471 -0.0711626
v 0.9432524 1.1072163 -0.0212412
v 0.9252422 1.1160737 -0.0272750
v 0.9637792 1.1149471 -0.0711626
v 0.9620472 1.1358254 -0.0717428
v 0.9393832 1.1272896 -0.0166224
v 0.9432524 1.1072163 -0.0212412
v 0.8998887 1.0936381 0.0154694
v 0.9113894 1.1025176 0.0305735
v 0.9178993 1.0847809 0.0215033
v 0.8998887 1.0936381 0.0154694
v 0.9113894 1.1025176 0.0305735
v 0.9178993 1.0847809 0.0215033
v 0.8721899 1.0586938 0.0468528
v 0.8808058 1.0639342 0.0652250
v 0.8902005 1.0498366 0.0528866
v 0.8721899 1.0586938 0.0468528
v 0.8808058 1.0639342 0.0652250
v 0.8902005 1.0498366 0.0528866
v 0.8448571 1.0146616 0.0638030
v 0.8506267 1.0153162 0.0839406
v 0.8628676 1.0058044 0.0698369
v 0.8448571 1.0146616 0.0638030
v 0.8506267 1.0153162 0.0839406
v 0.8628676 1.0058044 0.0698369
v 0.8205661 0.9658516 0.0646610
v 0.8238057 0.9614229 0.0848879
v 0.8385767 0.9569944 0.0706948
v 0.8205661 0.9658516 0.0646610
v 0.8238057 0.9614229 0.0848879
v 0.8385767 0.9569944 0.0706948
v 0.9460625 0.9614229 -0.2800416
v 0.9312919 0.9658516 -0.2658485
v 0.9501636 1.0146618 -0.2505301
v 0.9669001 1.0153164 -0.2631281
v 0.9312919 0.9658516 -0.2658485
v 0.9493024 0.9569944 -0.2598146
v 0.9681742 1.0058044 -0.2444963
v 0.9501636 1.0146618 -0.2505301
v 0.9493024 0.9569944 -0.2598146
v 0.9460625 0.9614229 -0.2800416
v 0.9669001 1.0153164 -0.2631281
v 0.9681742 1.0058044 -0.2444963
v 0.9617691 1.0586940 -0.2205349
v 0.9797138 1.0639342 -0.2300093
v 0.9797797 1.0498368 -0.2145010
v 0.9617691 1.0586940 -0.2205349
v 0.9797138 1.0639342 -0.2300093
v 0.9797797 1.0498368 -0.2145010
v 0.9649717 1.0936381 -0.1787990
v 0.9832499 1.1025176 -0.1839267
v 0.9829823 1.0847809 -0.1727653
v 0.9649717 1.0936381 -0.1787990
v 0.9832499 1.1025176 -0.1839267
v 0.9829823 1.0847809 -0.1727653
v 0.9594582 1.1160737 -0.1294079
v 0.9771626 1.1272898 -0.1293917
v 0.9774688 1.1072165 -0.1233741
v 0.9594582 1.1160737 -0.1294079
v 0.9771626 1.1272898 -0.1293917
v 0.9774688 1.1072165 -0.1233741
v 0.4534994 1.1314579 -0.4535134
v 0.3207332 1.1314579 -0.0572152
v 0.3342780 0.9011200 0.0302104
v 0.5169767 0.9011200 -0.5151354
v 0.2335393 0.8823868 -0.0035387
v 0.2199946 1.1127246 -0.0909641
v 0.3527604 1.1127246 -0.4872623
v 0.4162380 0.8823867 -0.5488843
v 0.3342780 0.9011200 0.0302104
v 0.3207332 1.1314579 -0.0572152
v 0.2199946 1.1127246 -0.0909641
v 0.2335393 0.8823868 -0.0035387
v 0.3481162 1.1688805 -0.1597236
v 0.4136028 1.1688803 -0.3551969
v 0.3128642 1.1501472 -0.3889461
v 0.2473771 1.1501472 -0.1934728
v 0.4534994 1.1314579 -0.4535134
v 0.5169767 0.9011200 -0.5151354
v 0.4162380 0.8823867 -0.5488843
v 0.3527604 1.1127246 -0.4872623
v 0.3207332 1.1314579 -0.0572152
v 0.3481162 1.1688805 -0.1597236
v 0.2473771 1.1501472 -0.1934728
v 0.2199946 1.1127246 -0.0909641
v 0.4136028 1.1688803 -0.3551969
v 0.4534994 1.1314579 -0.4535134
v 0.3527604 1.1127246 -0.4872623
v 0.3128642 1.1501472 -0.3889461
v 0.4136028 1.1688803 -0.3551969
v 0.3481162 1.1688805 -0.1597236
v 0.2473771 1.1501472 -0.1934728
v 0.3128642 1.1501472 -0.3889461
v -0.4784728 0.9096647 -0.7640048
v -0.5497599 1.1418698 -0.6801089
v -0.8517532 1.1418698 0.2213269
v -0.8453943 0.9096647 0.3312359
v -0.5497599 1.1418698 -0.6801089
v -0.4784728 0.9096647 -0.7640048
v -0.5800284 0.8907796 -0.7980274
v -0.6513151 1.1229845 -0.7141313
v -0.5739976 1.1795957 -0.6287020
v -0.5497599 1.1418698 -0.6801089
v -0.6513151 1.1229845 -0.7141313
v -0.6755528 1.1607104 -0.6627246
v -0.5739976 1.1795957 -0.6287020
v -0.8401316 1.1795957 0.1656939
v -0.5739976 1.1795957 -0.6287020
v -0.6755528 1.1607104 -0.6627246
v -0.9416868 1.1607106 0.1316715
v -0.8401316 1.1795957 0.1656939
v -0.6513151 1.1229845 -0.7141313
v -0.9533092 1.1229847 0.1873045
v -0.9416868 1.1607106 0.1316715
v -0.6755528 1.1607104 -0.6627246
v 0.2817776 0.9011200 0.1869224
v 0.2133553 1.1314579 0.2633029
v 0.0904783 1.1314579 0.6300842
v 0.0990788 0.9011202 0.7322683
v -0.0102603 1.1127246 0.5963353
v 0.1126166 1.1127246 0.2295540
v 0.1810381 0.8823868 0.1531735
v -0.0016602 0.8823869 0.6985194
v 0.2817776 0.9011200 0.1869224
v 0.1810381 0.8823868 0.1531735
v 0.1126166 1.1127246 0.2295540
v 0.2133553 1.1314579 0.2633029
v 0.1759645 1.1688805 0.3541405
v 0.0752258 1.1501472 0.3203915
v 0.0146168 1.1501472 0.5013055
v 0.1153555 1.1688805 0.5350544
v 0.0904783 1.1314579 0.6300842
v -0.0102603 1.1127246 0.5963353
v -0.0016602 0.8823869 0.6985194
v 0.0990788 0.9011202 0.7322683
v 0.2133553 1.1314579 0.2633029
v 0.1126166 1.1127246 0.2295540
v 0.0752258 1.1501472 0.3203915
v 0.1759645 1.1688805 0.3541405
v 0.1153555 1.1688805 0.5350544
v 0.0146168 1.1501472 0.5013055
v -0.0102603 1.1127246 0.5963353
v 0.0904783 1.1314579 0.6300842
v 0.1759645 1.1688805 0.3541405
v 0.1153555 1.1688805 0.5350544
v 0.0146168 1.1501472 0.5013055
v 0.0752258 1.1501472 0.3203915
v -0.9469495 0.8907796 0.2972133
v -0.5800284 0.8907796 -0.7980274
v -0.8517532 1.1418698 0.2213269
v -0.9533092 1.1229847 0.1873045
v -0.9469495 0.8907796 0.2972133
v -0.8453943 0.9096647 0.3312359
v -0.8401316 1.1795957 0.1656939
v -0.9416868 1.1607106 0.1316715
v -0.9533092 1.1229847 0.1873045
v -0.8517532 1.1418698 0.2213269
v 0.6733405 1.3355133 0.1268624
v 0.6691627 1.3976992 0.1393330
v 0.6151040 1.3976992 0.3006948
v 0.6109262 1.3355133 0.3131653
v 0.6549575 1.3355133 0.1207040
v 0.5925432 1.3355133 0.3070068
v 0.5967210 1.3976992 0.2945362
v 0.6507797 1.3976992 0.1331745
v 0.6733405 1.3355133 0.1268624
v 0.6109262 1.3355133 0.3131653
v 0.5925432 1.3355133 0.3070068
v 0.6549575 1.3355133 0.1207040
v 0.6109262 1.3355133 0.3131653
v 0.6151040 1.3976992 0.3006948
v 0.5967210 1.3976992 0.2945362
v 0.5925432 1.3355133 0.3070068
v 0.6151040 1.3976992 0.3006948
v 0.6691627 1.3976992 0.1393330
v 0.6507797 1.3976992 0.1331745
v 0.5967210 1.3976992 0.2945362
v 0.6691627 1.3976992 0.1393330
v 0.6733405 1.3355133 0.1268624
v 0.6549575 1.3355133 0.1207040
v 0.6507797 1.3976992 0.1331745
v 0.6552983 1.3970288 0.2115367
v 0.6559589 1.4336739 0.2117580
v 0.6481949 1.4336739 0.2349324
v 0.6475344 1.3970288 0.2347110
v 0.6369153 1.3850351 0.2053781
v 0.6291514 1.3850351 0.2285525
v 0.6395413 1.4336739 0.2320333
v 0.6473052 1.4336739 0.2088589
v 0.6552983 1.3970288 0.2115367
v 0.6475344 1.3970288 0.2347110
v 0.6291514 1.3850351 0.2285525
v 0.6369153 1.3850351 0.2053781
v 0.6475344 1.3970288 0.2347110
v 0.6481949 1.4336739 0.2349324
v 0.6395413 1.4336739 0.2320333
v 0.6291514 1.3850351 0.2285525
v 0.6481949 1.4336739 0.2349324
v 0.6559589 1.4336739 0.2117580
v 0.6473052 1.4336739 0.2088589
v 0.6395413 1.4336739 0.2320333
v 0.6559589 1.4336739 0.2117580
v 0.6552983 1.3970288 0.2115367
v 0.6369153 1.3850351 0.2053781
v 0.6473052 1.4336739 0.2088589
v -1.2198653 0.9028426 -1.0123820
v -1.2911520 1.1350478 -0.9284861
v -1.5931461 1.1350478 -0.0270503
v -1.5867864 0.9028426 0.0828587
v -1.2911520 1.1350478 -0.9284861
v -1.2198653 0.9028426 -1.0123820
v -1.3214205 0.8839576 -1.0464044
v -1.3927079 1.1161625 -0.9625087
v -1.3153897 1.1727736 -0.8770792
v -1.2911520 1.1350478 -0.9284861
v -1.3927079 1.1161625 -0.9625087
v -1.4169449 1.1538884 -0.9111018
v -1.3153897 1.1727736 -0.8770792
v -1.5815237 1.1727736 -0.0826833
v -1.3153897 1.1727736 -0.8770792
v -1.4169449 1.1538884 -0.9111018
v -1.6830796 1.1538886 -0.1167057
v -1.5815237 1.1727736 -0.0826833
v -1.3927079 1.1161625 -0.9625087
v -1.6947020 1.1161627 -0.0610727
v -1.6830796 1.1538886 -0.1167057
v -1.4169449 1.1538884 -0.9111018
v -1.6883424 0.8839576 0.0488361
v -1.3214205 0.8839576 -1.0464044
v -1.5931461 1.1350478 -0.0270503
v -1.6947020 1.1161627 -0.0610727
v -1.6883424 0.8839576 0.0488361
v -1.5867864 0.9028426 0.0828587
v -1.5815237 1.1727736 -0.0826833
v -1.6830796 1.1538886 -0.1167057
v -1.6947020 1.1161627 -0.0610727
v -1.5931461 1.1350478 -0.0270503
v 0.4449055 1.0389400 -0.5557911
v 0.3650399 1.0387611 -0.5043366
v 0.3659631 1.0189062 -0.5073635
v 0.4634141 1.0180674 -0.5530030
v 0.4268398 1.2257753 -0.5343937
v 0.3497870 1.2268508 -0.4816647
v 0.4044566 1.4270822 -0.5026283
v 0.3307415 1.4261343 -0.4492066
v 0.3264593 1.4422059 -0.4464431
v 0.4160559 1.4400303 -0.4953315
v -0.6008167 1.4214834 -0.8363327
v -0.5714418 1.4220948 -0.7484230
v -0.5726157 1.4412152 -0.7437584
v -0.6200918 1.4404390 -0.8375637
v -0.5643826 1.2362245 -0.7820414
v -0.5959853 1.2366546 -0.8704283
v -0.5596275 1.0476630 -0.8090016
v -0.5934337 1.0482193 -0.8981040
v -0.5584852 1.0284155 -0.8118683
v -0.6102033 1.0290743 -0.9067322
v -1.2891854 1.4174570 -1.0555189
v -1.2651856 1.4367367 -1.0430838
v -1.5430776 1.4076078 -1.0030743
v -1.5393724 1.3927407 -1.0199140
v -1.3179934 1.3058223 -1.0884068
v -1.5640161 1.3136196 -1.0275409
v -1.3620774 1.1447661 -1.1283700
v -1.6237689 1.0871093 -1.0457458
v -1.6355215 1.0287831 -1.0492193
v -1.3189285 1.0554910 -1.1265960
v -1.6499995 1.0017245 -1.0320838
v -1.2795896 1.0362102 -1.1175536
v 1.0262574 1.2751877 -0.2898854
v 0.9410759 1.2651699 -0.2852853
v 1.0092667 1.2199040 -0.2652992
v 1.0996497 1.2260285 -0.2674875
v 0.9017767 1.3580793 -0.3248518
v 0.8071289 1.3511357 -0.3220850
v 0.8266312 1.4036560 -0.3448361
v 0.7182129 1.4153467 -0.3455122
v 1.0450526 1.0963590 -0.3329878
v 1.1020951 1.0933086 -0.2470335
v 1.0371985 1.2137793 -0.3161467
v 1.0519064 0.9910849 -0.3475268
v 1.1613349 0.9966917 -0.2375789
v 0.3659631 1.0189062 -0.5073635
v 0.3650399 1.0387611 -0.5043366
v 0.3324373 1.0385822 -0.5939593
v 0.3157751 1.0197451 -0.6028013
v 0.3497870 1.2268508 -0.4816647
v 0.3199972 1.2279264 -0.5700127
v 0.3307415 1.4261343 -0.4492066
v 0.3042895 1.4251867 -0.5368617
v 0.3264593 1.4422059 -0.4464431
v 0.2841255 1.4443816 -0.5386317
v -0.5726157 1.4412152 -0.7437584
v -0.5714418 1.4220948 -0.7484230
v -0.4948041 1.4227063 -0.8015903
v -0.4778770 1.4419915 -0.7910299
v -0.5643826 1.2362245 -0.7820414
v -0.4855173 1.2357945 -0.8347314
v -0.5596275 1.0476630 -0.8090016
v -0.4785587 1.0471067 -0.8609759
v -0.5584852 1.0284155 -0.8118683
v -0.4595044 1.0277567 -0.8580818
v 0.9742088 1.2551522 -0.3337211
v 0.8307951 1.3441920 -0.3723540
v 0.7281087 1.3932029 -0.3992245
v 1.2774520 1.0902584 -0.2141147
v 1.3890778 1.0022984 -0.1806669
v 0.7034580 1.4308080 0.2410411
v 0.5327680 1.4504301 0.1838576
v 0.8009645 1.4206994 -0.1116307
v 0.7182129 1.4153467 -0.3455122
v 0.8317171 1.4110761 -0.2842066
v 0.8283505 1.4061647 -0.3243380
v 0.8266312 1.4036560 -0.3448361
v 0.6552267 1.4200757 -0.4187218
v 0.2736720 1.4593123 0.0970567
v 0.5116130 1.4349744 -0.4644595
v -0.6200918 1.4404390 -0.8375637
v -0.7404783 1.4412152 -0.2426984
v -1.4210021 1.4064372 -0.4706836
v -1.0470018 1.4379876 -0.9743491
v -1.2651856 1.4367367 -1.0430838
v 0.4160559 1.4400303 -0.4953315
v 0.2841255 1.4443816 -0.5386317
v -0.4778770 1.4419915 -0.7910299
v 0.7281087 1.3932029 -0.3992245
v -1.5430776 1.4076078 -1.0030743
v -1.5809367 1.4064400 -0.9384004
v -1.7220079 1.4064372 -0.5715249
v 0.3264593 1.4422059 -0.4464431
v -0.5726157 1.4412152 -0.7437584
v -1.0157581 1.0334009 -1.0354252
v -1.3577290 1.0348056 -0.4494862
v -0.7482888 1.0284155 -0.2453149
v -0.6102033 1.0290743 -0.9067322
v -1.2795896 1.0362102 -1.1175536
v -0.4595044 1.0277567 -0.8580818
v 0.1745937 1.0189062 0.0638641
v 0.3157751 1.0197451 -0.6028013
v 0.4634141 1.0180674 -0.5530030
v 0.8857034 1.0084485 0.3020959
v 0.7857567 1.0033364 -0.4439964
v 1.0519064 0.9910849 -0.3475268
v 0.3659631 1.0189062 -0.5073635
v -0.5584852 1.0284155 -0.8118683
v -1.6499995 1.0017245 -1.0320838
v -1.8230178 0.9841315 -0.6053645
v 1.3928077 1.0084929 -0.0893253
v 1.1270562 1.0155723 0.0824967
v 1.3587049 1.0155723 0.1601022
v 1.2977674 1.0196863 0.4401433
v 1.3890778 1.0022984 -0.1806669
v 1.1613349 0.9966917 -0.2375789
v 0.0170610 1.0389401 0.7213016
v 0.0335140 1.0180675 0.7302261
v -0.0167756 1.0189062 0.6350915
v -0.0156895 1.0387611 0.6321193
v 0.0155315 1.2257753 0.6933395
v -0.0142058 1.2268508 0.6048344
v 0.0168018 1.4270822 0.6545009
v -0.0098540 1.4261343 0.5674535
v -0.0116076 1.4422059 0.5626678
v 0.0304555 1.4400303 0.6556643
v -0.9866181 1.4214834 0.3152642
v -1.0027445 1.4404390 0.3046350
v -0.9083401 1.4412152 0.2583616
v -0.9102135 1.4220948 0.2627922
v -0.9248309 1.2362245 0.2938783
v -1.0033015 1.2366546 0.3453894
v -0.9372775 1.0476632 0.3182621
v -1.0179373 1.0482196 0.3690168
v -0.9380925 1.0284156 0.3212386
v -1.0365203 1.0290745 0.3658013
v -1.8391619 1.4076078 -0.1192797
v -1.6414552 1.4367367 0.0800621
v -1.6681033 1.4174570 0.0755296
v -1.8463489 1.3927407 -0.1036062
v -1.7109093 1.3058223 0.0844257
v -1.8706128 1.3136196 -0.1123644
v -1.7701707 1.1447662 0.0897671
v -1.9292741 1.0871093 -0.1338295
v -1.9407479 1.0287831 -0.1381369
v -1.7346618 1.0554913 0.1143443
v -1.9419804 1.0017245 -0.1605359
v -1.6978149 1.0362104 0.1308253
v 0.6412714 1.2751877 0.8592765
v 0.7133446 1.2260285 0.8856116
v 0.6425212 1.2199040 0.8294169
v 0.5760524 1.2651699 0.8042902
v 0.5208490 1.3580793 0.8121968
v 0.4469695 1.3511357 0.7529710
v 0.4488306 1.4036560 0.7828790
v 0.3618854 1.4153467 0.7181057
v 0.6303076 1.0963593 0.9050028
v 0.6341842 1.2137793 0.8868289
v 0.7276188 1.0933089 0.8707589
v 0.6270199 0.9910850 0.9207364
v 0.7805983 0.9966917 0.8988996
v -0.0167756 1.0189062 0.6350915
v -0.1143283 1.0197451 0.6810341
v -0.0957022 1.0385822 0.6840142
v -0.0156895 1.0387611 0.6321193
v -0.0912059 1.2279264 0.6574063
v -0.0142058 1.2268508 0.6048344
v -0.0837728 1.4251867 0.6214830
v -0.0098540 1.4261343 0.5674535
v -0.1009334 1.4443816 0.6107485
v -0.0116076 1.4422059 0.5626678
v -0.9083401 1.4412152 0.2583616
v -0.8611988 1.4419915 0.3531653
v -0.8810712 1.4227063 0.3513971
v -0.9102135 1.4220948 0.2627922
v -0.8936241 1.2357945 0.3834442
v -0.9248309 1.2362245 0.2938783
v -0.9038800 1.0471069 0.4085845
v -0.9372775 1.0476632 0.3182621
v -0.8869271 1.0277569 0.4177529
v -0.9380925 1.0284156 0.3212386
v 0.5733198 1.2551522 0.8629106
v 0.4355766 1.3441920 0.8073517
v 0.3374270 1.3932029 0.7669393
v 0.8874162 1.0902585 0.9501220
v 0.9966633 1.0022985 0.9906697
v 0.5688304 1.4206994 0.5812768
v 0.4894139 1.4110761 0.7375495
v 0.3618854 1.4153467 0.7181057
v 0.4625513 1.4061647 0.7675536
v 0.4488306 1.4036560 0.7828790
v 0.2675084 1.4200757 0.7385963
v 0.1253256 1.4349744 0.6885881
v -1.0027445 1.4404390 0.3046350
v -1.4258990 1.4379876 0.1566368
v -1.6414552 1.4367367 0.0800621
v 0.0304555 1.4400303 0.6556643
v -0.1009334 1.4443816 0.6107485
v -0.8611988 1.4419915 0.3531653
v 0.3374270 1.3932029 0.7669393
v -1.8391619 1.4076078 -0.1192797
v -1.8304197 1.4064400 -0.1937079
v -0.0116076 1.4422059 0.5626678
v -0.9083401 1.4412152 0.2583616
v -1.4377540 1.0334009 0.2242085
v -1.0365203 1.0290745 0.3658013
v -1.6978149 1.0362104 0.1308253
v -0.8869271 1.0277569 0.4177529
v -0.1143283 1.0197451 0.6810341
v 0.0335140 1.0180675 0.7302261
v 0.3564690 1.0033365 0.8374034
v 0.6270199 0.9910850 0.9207364
v -0.0167756 1.0189062 0.6350915
v -0.9380925 1.0284156 0.3212386
v -1.9419804 1.0017245 -0.1605359
v 1.0546660 1.0084929 0.9200094
v 1.1777051 1.0155723 0.7003767
v 0.9460564 1.0155723 0.6227712
v 0.9966633 1.0022985 0.9906697
v 0.7805983 0.9966917 0.8988996
v 1.3056596 0.1881018 -0.0796117
v 1.3779754 0.1475221 -0.1574943
v 1.5113686 0.1475221 -0.1128058
v 1.5221718 0.1881018 -0.0070771
v 1.3364157 0.1881017 -0.1714175
v 1.5529279 0.1881018 -0.0988829
v 1.5113686 0.1475221 -0.1128058
v 1.3779754 0.1475221 -0.1574943
v 1.3364157 0.2851415 -0.1714175
v 1.5529279 0.2851414 -0.0988829
v 1.3364157 0.1881017 -0.1714175
v 1.3779754 0.1475221 -0.1574943
v 1.3056596 0.1881018 -0.0796117
v 1.5221718 0.1881018 -0.0070771
v 1.5113686 0.1475221 -0.1128058
v 1.5529279 0.1881018 -0.0988829
v 0.9909577 0.1881018 0.8597567
v 1.2074702 0.1881019 0.9322912
v 1.1351544 0.1475221 1.0101739
v 1.0017612 0.1475221 0.9654855
v 1.1351544 0.1475221 1.0101739
v 1.1767137 0.1881019 1.0240970
v 0.9602015 0.1881018 0.9515623
v 1.0017612 0.1475221 0.9654855
v 0.9909577 0.1881018 0.8597567
v 1.3364157 0.2851415 -0.1714175
v 1.2074702 0.1881019 0.9322912
v 1.1767137 0.2851415 1.0240970
v 1.1767137 0.1881019 1.0240970
v 1.1767137 0.2851415 1.0240970
v 0.9602015 0.2851416 0.9515623
v 0.9602015 0.1881018 0.9515623
v 1.0017612 0.1475221 0.9654855
v 1.1351544 0.1475221 1.0101739
v 1.5221718 0.1881018 -0.0070771
v 1.2074702 0.1881019 0.9322912
v 0.9909577 0.1881018 0.8597567
v 1.3056596 0.1881018 -0.0796117
v -1.0713605 0.2001142 -0.8782885
v -1.0037529 0.1471764 -0.9582063
v -0.8859149 0.1471763 -0.9187286
v -0.8800952 0.2001143 -0.8142120
v -1.0404665 0.2001142 -0.9705057
v -0.8492012 0.2001143 -0.9064293
v -0.8859149 0.1471763 -0.9187286
v -1.0037529 0.1471764 -0.9582063
v -1.0404665 0.3267066 -0.9705057
v -1.0404665 0.2001142 -0.9705057
v -1.0037529 0.1471764 -0.9582063
v -1.0713605 0.2001142 -0.8782885
v -0.8800952 0.2001143 -0.8142120
v -0.8859149 0.1471763 -0.9187286
v -0.8492012 0.2001143 -0.9064293
v -1.3874729 0.2001143 0.0652897
v -1.1962076 0.2001143 0.1293661
v -1.2638145 0.1471764 0.2092839
v -1.3816532 0.1471764 0.1698064
v -1.2638145 0.1471764 0.2092839
v -1.2271016 0.2001143 0.2215832
v -1.4183669 0.2001143 0.1575068
v -1.3816532 0.1471764 0.1698064
v -1.3874729 0.2001143 0.0652897
v -1.0404665 0.3267066 -0.9705057
v -1.1962076 0.2001143 0.1293661
v -1.2271016 0.3267065 0.2215832
v -1.2271016 0.2001143 0.2215832
v -1.2271016 0.3267065 0.2215832
v -1.4183669 0.3267066 0.1575068
v -1.4183669 0.2001143 0.1575068
v -1.3816532 0.1471764 0.1698064
v -1.2638145 0.1471764 0.2092839
v -1.0713605 0.2001142 -0.8782885
v -0.8800952 0.2001143 -0.8142120
v -1.3874729 0.2001143 0.0652897
v 1.3587049 1.0155723 0.1601022
v 1.2977674 1.0196863 0.4401433
v 1.3710938 0.9296005 0.4647087
v 1.4402907 0.9240014 0.1662847
v 1.3928077 1.0084929 -0.0893253
v 1.4801607 0.9184069 -0.0600609
v 1.3890778 1.0022984 -0.1806669
v 1.4882100 0.9122125 -0.1474562
v 1.4402907 0.9240014 0.1662847
v 1.3710938 0.9296005 0.4647087
v 1.3918090 0.9997190 0.4716487
v 1.4680919 1.0005231 0.1595801
v 1.4801607 0.9184069 -0.0600609
v 1.4949810 0.9983407 -0.0256820
v 1.4700596 0.9947150 -0.1380227
v 1.4882100 0.9122125 -0.1474562
v 1.3890778 1.0022984 -0.1806669
v 1.4882100 0.9122125 -0.1474562
v 1.4267802 0.9949250 -0.1841229
v 1.4662339 0.9952174 -0.1500114
v 1.4882100 0.9122125 -0.1474562
v 1.4308266 0.9964504 -0.1839991
v 1.4267802 0.9949250 -0.1841229
v 1.4308266 0.9964504 -0.1839991
v 1.1777051 1.0155723 0.7003767
v 1.2465499 0.9240014 0.7445905
v 1.0546660 1.0084929 0.9200094
v 1.1420190 0.9184069 0.9492740
v 0.9966633 1.0022985 0.9906697
v 1.0957951 0.9122125 1.0238804
v 1.2465499 0.9240014 0.7445905
v 1.2647015 1.0005231 0.7666901
v 1.1420190 0.9184069 0.9492740
v 1.1745588 0.9983407 0.9307614
v 1.0957951 0.9122125 1.0238804
v 1.0869909 0.9947150 1.0054166
v 0.9966633 1.0022985 0.9906697
v 1.0246748 0.9949252 1.0161409
v 1.0957951 0.9122125 1.0238804
v 1.0767153 0.9952175 1.0126810
v 1.0957951 0.9122125 1.0238804
v 1.0246748 0.9949252 1.0161409
v 1.0279787 0.9964504 1.0184795
v 1.0279787 0.9964504 1.0184795
v -1.7983540 0.2658722 -0.1867431
v -1.8008359 0.2772597 -0.1924417
v -2.0056718 0.2117928 -0.2340428
v -1.9987876 0.2018120 -0.2274505
v -1.8005717 0.2836171 -0.2037473
v -2.0081276 0.2172807 -0.2459009
v -1.8005717 0.2836171 -0.2037473
v -1.7976623 0.2825161 -0.2163421
v -2.0052181 0.2161797 -0.2584957
v -2.0081276 0.2172807 -0.2459009
v -1.7932176 0.2743773 -0.2254150
v -1.9980535 0.2089104 -0.2670162
v -1.7889370 0.2623094 -0.2275006
v -1.9893713 0.1982492 -0.2682079
v -1.7864551 0.2509219 -0.2218022
v -1.9824878 0.1882684 -0.2616158
v -1.7867200 0.2445645 -0.2104966
v -1.9800321 0.1827804 -0.2497573
v -1.7896295 0.2456655 -0.1979018
v -1.9829415 0.1838814 -0.2371625
v -1.7940734 0.2538043 -0.1888288
v -1.9901062 0.1911508 -0.2286424
v -1.9987876 0.2018120 -0.2274505
v -2.0056718 0.2117928 -0.2340428
v -2.0042414 0.2103420 -0.2357433
v -1.9982068 0.2015923 -0.2299640
v -2.0081276 0.2172807 -0.2459009
v -2.0063944 0.2151531 -0.2461388
v -2.0052181 0.2161797 -0.2584957
v -2.0038439 0.2141879 -0.2571800
v -1.9980535 0.2089104 -0.2670162
v -1.9975628 0.2078151 -0.2646495
v -1.9893713 0.1982492 -0.2682079
v -1.9899521 0.1984689 -0.2656944
v -1.9824878 0.1882684 -0.2616158
v -1.9839175 0.1897192 -0.2599152
v -1.9800321 0.1827804 -0.2497573
v -1.9817645 0.1849081 -0.2495196
v -1.9829415 0.1838814 -0.2371625
v -1.9843158 0.1858733 -0.2384784
v -1.9829415 0.1838814 -0.2371625
v -1.9901062 0.1911508 -0.2286424
v -1.9905961 0.1922461 -0.2310087
v -1.9843158 0.1858733 -0.2384784
v -1.9982068 0.2015923 -0.2299640
v -2.0042414 0.2103420 -0.2357433
v -1.8280563 0.2530930 -0.2141105
v -2.0063944 0.2151531 -0.2461388
v -2.0038439 0.2141879 -0.2571800
v -1.9975628 0.2078151 -0.2646495
v -1.9899521 0.1984689 -0.2656944
v -1.9839175 0.1897192 -0.2599152
v -1.9817645 0.1849081 -0.2495196
v -1.9843158 0.1858733 -0.2384784
v -1.9843158 0.1858733 -0.2384784
v -1.9905961 0.1922461 -0.2310087
v 1.0553131 1.0424188 -0.5155533
v 1.1111270 1.0511908 -0.4951509
v 1.1033484 1.0401917 -0.4992610
v 1.0562047 1.1174381 -0.4979875
v 1.0616535 1.1265145 -0.3919749
v 1.0973600 1.1256885 -0.3961234
v 1.0883655 1.1181691 -0.4869565
v 1.0618892 1.0256358 -0.3872414
v 1.1023578 1.0319283 -0.4864054
v 1.1106024 1.0259518 -0.3873510
v 1.1037516 1.1092255 -0.4872575
v 1.1118264 1.1169530 -0.3935774
v 1.1248673 1.0461295 -0.3919944
v 1.1154237 1.0516068 -0.4884155
v 1.0637202 1.0240116 -0.3784360
v 1.0667491 1.0191130 -0.3734702
v 1.0669270 1.0457991 -0.3754314
v 1.0621592 1.0303282 -0.3820070
v 1.0637202 1.0240116 -0.3784360
v 1.1093352 1.0238412 -0.3777277
v 1.1079136 1.0191130 -0.3697371
v 1.0667491 1.0191130 -0.3734702
v 1.1211691 1.0479778 -0.3841059
v 1.1081628 1.0483332 -0.3724854
v 1.1064608 1.1175075 -0.3878856
v 1.0621523 1.1181574 -0.3823122
v 1.0669270 1.0457991 -0.3754314
v 1.0632195 0.9963872 -0.3440614
v 1.0622455 1.0205163 -0.3333213
v 1.1308850 0.9974910 -0.3256801
v 1.0632195 0.9963872 -0.3440614
v 1.1285517 1.0205163 -0.3108822
v 1.1081628 1.0483332 -0.3724854
v 1.0669270 1.0457991 -0.3754314
v 1.0622455 1.0205163 -0.3333213
v 1.1285517 1.0205163 -0.3108822
v 1.1216478 1.0417437 -0.3871264
v 1.1081509 1.0402707 -0.4926050
v 1.0556451 1.1071795 -0.5090305
v 1.0994730 1.1085725 -0.4939059
v 1.0557152 1.0331153 -0.5075994
v 1.0980336 1.0323660 -0.4930585
v 1.0926827 1.1187779 -0.4803155
v 1.1026755 1.1250779 -0.4019119
v 1.0621523 1.1181574 -0.3823122
v 1.0618892 1.0256358 -0.3872414
v 1.0641385 1.0387299 -0.5032035
v 1.0647136 1.1118588 -0.4938910
v 1.0642105 1.1044253 -0.5019261
v 1.0638481 1.0441592 -0.5078638
v 1.0556451 1.1071795 -0.5090305
v 1.0553131 1.0424188 -0.5155533
v 1.0554587 1.0432091 -0.5126727
v 1.0557772 1.1059288 -0.5064247
v 1.0557152 1.0331153 -0.5075994
v 1.0557853 1.0356649 -0.5062229
v 1.0618892 1.0256358 -0.3872414
v 1.0618372 1.0283456 -0.3882459
v 1.0621592 1.0303282 -0.3820070
v 1.0620167 1.0314669 -0.3847643
v 1.0621523 1.1181574 -0.3823122
v 1.0620105 1.1169819 -0.3850595
v 1.0616535 1.1265145 -0.3919749
v 1.0616050 1.1237782 -0.3929170
v 1.0562047 1.1174381 -0.4979875
v 1.0562671 1.1149046 -0.4967624
v 1.0557772 1.1059288 -0.5064247
v 1.0554587 1.0432091 -0.5126727
v 1.0638481 1.0441592 -0.5078638
v 1.0642105 1.1044253 -0.5019261
v 1.0557853 1.0356649 -0.5062229
v 1.0641385 1.0387299 -0.5032035
v 1.0618372 1.0283456 -0.3882459
v 1.0715358 1.0322193 -0.3869136
v 1.0620167 1.0314669 -0.3847643
v 1.0620105 1.1169819 -0.3850595
v 1.0715712 1.1155690 -0.3865079
v 1.0616050 1.1237782 -0.3929170
v 1.0712003 1.1204885 -0.3922214
v 1.0562671 1.1149046 -0.4967624
v 1.0647136 1.1118588 -0.4938910
v 1.0715358 1.0322193 -0.3869136
v 1.0715712 1.1155690 -0.3865079
v 1.0712003 1.1204885 -0.3922214
v 0.5285171 1.0424189 1.0569043
v 0.5766729 1.0401918 1.0728374
v 0.5853574 1.0511910 1.0742426
v 0.5398110 1.1174381 1.0434207
v 0.5721262 1.1181691 1.0539903
v 0.6340247 1.1256885 0.9869073
v 0.6080237 1.1265145 0.9620857
v 0.6110634 1.0256359 0.9584497
v 0.5836265 1.0319284 1.0619795
v 0.5336296 1.0331153 1.0507981
v 0.5842258 1.1092255 1.0634994
v 0.5928444 1.0516068 1.0714551
v 0.6584678 1.0461295 1.0001825
v 0.6471053 1.1169530 0.9935898
v 0.6221989 1.0457992 0.9520579
v 0.6232385 1.0191130 0.9503856
v 0.6178294 1.0240118 0.9525245
v 0.6144319 1.0303282 0.9544342
v 0.6178294 1.0240118 0.9525245
v 0.6232385 1.0191130 0.9503856
v 0.6583437 1.0191130 0.9722039
v 0.6546648 1.0238412 0.9794383
v 0.6568871 1.0483333 0.9745479
v 0.6602684 1.0479779 0.9916583
v 0.6462514 1.1175075 0.9858144
v 0.6221989 1.0457992 0.9520579
v 0.6142428 1.1181574 0.9546739
v 0.6438300 1.0205165 0.9156264
v 0.6381378 0.9963873 0.9247856
v 0.6381378 0.9963873 0.9247856
v 0.7032204 0.9974910 0.9508769
v 0.7102722 1.0205165 0.9376598
v 0.6568871 1.0483333 0.9745479
v 0.7102722 1.0205165 0.9376598
v 0.6438300 1.0205165 0.9156264
v 0.6221989 1.0457992 0.9520579
v 0.6588310 1.0417438 0.9943576
v 0.6498792 1.0259519 0.9878828
v 0.5845158 1.0402707 1.0704178
v 0.5327114 1.1071795 1.0518978
v 0.5768054 1.1085725 1.0662283
v 0.5761672 1.0323662 1.0646851
v 0.6347804 1.1250779 0.9947299
v 0.5795728 1.1187779 1.0512903
v 0.6142428 1.1181574 0.9546739
v 0.6110634 1.0256359 0.9584497
v 0.5438281 1.1044253 1.0513873
v 0.5490701 1.1118588 1.0452769
v 0.5430012 1.0387299 1.0523636
v 0.5399619 1.0441594 1.0559084
v 0.5327114 1.1071795 1.0518978
v 0.5343864 1.1059288 1.0498976
v 0.5303685 1.0432092 1.0546928
v 0.5285171 1.0424189 1.0569043
v 0.5345147 1.0356650 1.0497414
v 0.5336296 1.0331153 1.0507981
v 0.6104167 1.0283457 0.9592202
v 0.6110634 1.0256359 0.9584497
v 0.6126575 1.0314670 0.9565494
v 0.6144319 1.0303282 0.9544342
v 0.6124746 1.1169819 0.9567812
v 0.6142428 1.1181574 0.9546739
v 0.6074171 1.1237782 0.9628085
v 0.6080237 1.1265145 0.9620857
v 0.5405986 1.1149046 1.0424803
v 0.5398110 1.1174381 1.0434207
v 0.5343864 1.1059288 1.0498976
v 0.5438281 1.1044253 1.0513873
v 0.5399619 1.0441594 1.0559084
v 0.5303685 1.0432092 1.0546928
v 0.5430012 1.0387299 1.0523636
v 0.5345147 1.0356650 1.0497414
v 0.6189602 1.0322193 0.9639994
v 0.6104167 1.0283457 0.9592202
v 0.6126575 1.0314670 0.9565494
v 0.6192333 1.1155690 0.9636968
v 0.6124746 1.1169819 0.9567812
v 0.6154953 1.1204885 0.9680337
v 0.6074171 1.1237782 0.9628085
v 0.5490701 1.1118588 1.0452769
v 0.5405986 1.1149046 1.0424803
v 0.6192333 1.1155690 0.9636968
v 0.6189602 1.0322193 0.9639994
v 0.6154953 1.1204885 0.9680337
v 0.3992215 0.8245976 -0.6319022
v 0.4006944 0.8245976 -0.6278957
v -0.0616646 0.8245978 0.7522208
v 0.9602015 0.2851416 0.9515623
v 1.5529279 0.2851414 -0.0988829
v -0.8492012 0.3267065 -0.9064293
v -1.4183669 0.3267066 0.1575068
v -0.8492012 0.3267065 -0.9064293
v -1.1962076 0.2001143 0.1293661
vt 0.0565351 0.2977041
vt 0.0556739 0.3480132
vt 0.0448234 0.3477577
vt 0.0466106 0.2964894
vt 0.0781036 0.2938985
vt 0.0779626 0.3405066
vt 0.0556739 0.3480132
vt 0.0565351 0.2977041
vt 0.0572737 0.2762642
vt 0.0793176 0.2737941
vt 0.0836615 0.2917953
vt 0.0977530 0.2842044
vt 0.0999345 0.3283288
vt 0.0849710 0.3373594
vt 0.0854352 0.2717346
vt 0.0985405 0.2623755
vt 0.1266469 0.8037273
vt 0.1368804 0.8201662
vt 0.1050801 0.8157271
vt 0.1439849 0.8357497
vt 0.1226386 0.8331698
vt 0.1017358 0.8306876
vt 0.1127788 0.8360453
vt 0.1854000 0.8222765
vt 0.2037225 0.8399024
vt 0.1741818 0.8048811
vt 0.2020396 0.8059442
vt 0.2026270 0.8231817
vt 0.6762283 0.8324470
vt 0.6765029 0.8514729
vt 0.4887893 0.8494003
vt 0.4963141 0.8308195
vt 0.2015812 0.7847800
vt 0.1878831 0.7447800
vt 0.2023954 0.7283554
vt 0.2238709 0.6890503
vt 0.3244458 0.6782137
vt 0.3109562 0.7365522
vt 0.2162802 0.7103631
vt 0.2281704 0.6668652
vt 0.2298398 0.6572735
vt 0.3263589 0.6572649
vt 0.4262308 0.6574090
vt 0.4252691 0.6783944
vt 0.8102775 0.8518218
vt 0.6811064 0.8513051
vt 0.7053893 0.8336985
vt 0.8081983 0.8336765
vt 0.8785446 0.8335882
vt 0.8863832 0.8506874
vt 0.9182735 0.8320996
vt 0.9213908 0.8494508
vt 0.8699697 0.8126500
vt 0.9119615 0.8124523
vt 0.8786487 0.8228006
vt 0.0153536 0.1037296
vt 0.0620283 0.1241285
vt 0.0290841 0.1308175
vt 0.0324715 0.0938581
vt 0.0814866 0.0945031
vt 0.1140972 0.0985507
vt 0.1034223 0.1329838
vt 0.0851053 0.1290993
vt 0.0479106 0.0793582
vt 0.0605243 0.0618180
vt 0.0947317 0.0640828
vt 0.1198503 0.0719913
vt 0.1158186 0.0914468
vt 0.0729450 0.0355014
vt 0.1034213 0.0417868
vt 0.1288720 0.0453235
vt 0.9395610 0.8773014
vt 0.9273454 0.9378300
vt 0.9117374 0.9397351
vt 0.9215159 0.8791981
vt 0.3222430 0.9795010
vt 0.3228034 0.9729414
vt 0.3484996 0.9794973
vt 0.3474874 0.9857194
vt 0.2944891 0.9647136
vt 0.2979914 0.9603710
vt 0.4329357 0.9865155
vt 0.6754034 0.9869192
vt 0.6748616 0.9942731
vt 0.4328821 0.9932071
vt 0.3871002 0.9836049
vt 0.3867266 0.9903575
vt 0.8904834 0.9815500
vt 0.8125876 0.9848899
vt 0.8123859 0.9757209
vt 0.8906584 0.9723622
vt 0.8130296 0.9918165
vt 0.8922408 0.9891593
vt 0.9106382 0.9778242
vt 0.9083454 0.9689668
vt 0.9202061 0.9647712
vt 0.9246669 0.9737129
vt 0.9237016 0.9811815
vt 0.9136330 0.9859087
vt 0.1896467 0.8732710
vt 0.2162820 0.8958807
vt 0.2215958 0.9089322
vt 0.1755382 0.8737563
vt 0.1444407 0.8488026
vt 0.1550184 0.8450068
vt 0.4282835 0.8487867
vt 0.4386040 0.8638161
vt 0.4281958 0.8639085
vt 0.8812588 0.9635319
vt 0.8944781 0.8673275
vt 0.8827230 0.8621482
vt 0.9431282 0.8489280
vt 0.6805711 0.8336734
vt 0.6762633 0.8125628
vt 0.4961680 0.8113891
vt 0.7262930 0.7449715
vt 0.6779391 0.7873905
vt 0.6731510 0.7358456
vt 0.6607091 0.6785802
vt 0.6689762 0.7360642
vt 0.4281731 0.7368945
vt 0.4296529 0.6785162
vt 0.6875841 0.6889074
vt 0.6966410 0.7101774
vt 0.6644863 0.6782862
vt 0.7099457 0.7290890
vt 0.4302512 0.6575245
vt 0.6567551 0.6577139
vt 0.6831139 0.6553268
vt 0.6592214 0.6559106
vt 0.6937855 0.8663308
vt 0.6804441 0.8664083
vt 0.0567240 0.4025731
vt 0.0457352 0.4013903
vt 0.0567240 0.4025731
vt 0.0790808 0.3711019
vt 0.0787591 0.4046346
vt 0.3818938 0.1539583
vt 0.3788798 0.1288092
vt 0.4319471 0.1352063
vt 0.4336173 0.1576162
vt 0.3953955 0.2335246
vt 0.3909577 0.2100760
vt 0.4402285 0.2124403
vt 0.4436606 0.2380631
vt 0.4366620 0.1847246
vt 0.3862351 0.1815024
vt 0.2125697 0.3968689
vt 0.1755246 0.4026101
vt 0.1810981 0.3588173
vt 0.2154072 0.3531625
vt 0.2383463 0.3940861
vt 0.2398733 0.3541052
vt 0.2770419 0.3943231
vt 0.2773888 0.3548872
vt 0.5556496 0.3949463
vt 0.3211097 0.3945549
vt 0.3210594 0.3556273
vt 0.5564215 0.3568714
vt 0.7664797 0.3575804
vt 0.7724033 0.3949158
vt 0.6920602 0.3947866
vt 0.6902556 0.3557317
vt 0.7852191 0.3585150
vt 0.7946776 0.3937037
vt 0.9748698 0.2995704
vt 0.9830112 0.2629074
vt 0.9831601 0.3013863
vt 0.9729056 0.2594218
vt 0.0580647 0.2590858
vt 0.0572737 0.2762642
vt 0.0512636 0.2754861
vt 0.0434197 0.2336577
vt 0.0419262 0.2579138
vt 0.0292877 0.2573829
vt 0.0289125 0.2355752
vt 0.0803903 0.2563547
vt 0.0580647 0.2590858
vt 0.0602241 0.2312907
vt 0.0810096 0.2260318
vt 0.1004103 0.2399981
vt 0.0869662 0.2537690
vt 0.1007258 0.2181675
vt 0.1161956 0.2327949
vt 0.1196336 0.2044508
vt 0.1356272 0.1871811
vt 0.1323170 0.2226024
vt 0.1545883 0.1948464
vt 0.1555419 0.1967759
vt 0.0964737 0.7973370
vt 0.0715701 0.7912396
vt 0.0845843 0.7838551
vt 0.0996530 0.7880682
vt 0.0930481 0.7607053
vt 0.0879630 0.7790846
vt 0.0828874 0.7779773
vt 0.1017987 0.7821437
vt 0.1059083 0.7651270
vt 0.1270655 0.7671871
vt 0.1287797 0.7849776
vt 0.1618160 0.7852703
vt 0.1490139 0.7642629
vt 0.1698028 0.7566319
vt 0.2812822 0.8083090
vt 0.2055563 0.8060086
vt 0.2051505 0.7848011
vt 0.2887199 0.7852508
vt 0.6736588 0.7874794
vt 0.4882637 0.7866805
vt 0.7313884 0.7883162
vt 0.7190189 0.8128210
vt 0.6798901 0.8124699
vt 0.7445858 0.7565788
vt 0.7631158 0.7627731
vt 0.7831227 0.7642335
vt 0.8001897 0.7891499
vt 0.8051278 0.8132885
vt 0.8057301 0.7613959
vt 0.8278232 0.7543614
vt 0.8558586 0.7867022
vt 0.9031416 0.7862755
vt 0.0840533 0.8264080
vt 0.0877357 0.8107054
vt 0.0656932 0.8038824
vt 0.0588546 0.8199390
vt 0.0691262 0.7974809
vt 0.0919186 0.8041483
vt 0.0319816 0.8084586
vt 0.0394645 0.7913405
vt 0.7861645 0.2681932
vt 0.7921852 0.2676405
vt 0.7922246 0.2979669
vt 0.7466069 0.2684202
vt 0.7646438 0.2982664
vt 0.7441342 0.2984601
vt 0.2123481 0.0791255
vt 0.1619159 0.0742287
vt 0.1640283 0.0513972
vt 0.2125698 0.0561334
vt 0.9621593 0.2956466
vt 0.9640435 0.2589682
vt 0.9504996 0.2959114
vt 0.9490383 0.2807862
vt 0.7921852 0.2676405
vt 0.8286585 0.2657009
vt 0.8292350 0.2975113
vt 0.7922246 0.2979669
vt 0.1222821 0.1372003
vt 0.1313826 0.1013466
vt 0.1466786 0.1052913
vt 0.1370012 0.1408438
vt 0.1451150 0.0716156
vt 0.1493703 0.0490889
vt 0.9493282 0.8762366
vt 0.9541709 0.8478293
vt 0.9651895 0.8488322
vt 0.9600001 0.8775271
vt 0.9277527 0.9626505
vt 0.9409544 0.9645565
vt 0.9339218 0.9747074
vt 0.9354023 0.9359038
vt 0.9458779 0.9368079
vt 0.0564577 0.4579151
vt 0.0450421 0.4579156
vt 0.0785154 0.4579148
vt 0.0564577 0.4579151
vt 0.0864089 0.4047638
vt 0.1020449 0.4039618
vt 0.1008312 0.4579133
vt 0.0849061 0.4579138
vt 0.3217955 0.1783331
vt 0.3217955 0.1513590
vt 0.3212347 0.4947989
vt 0.2764112 0.4947989
vt 0.7763081 0.4947994
vt 0.6933864 0.4947994
vt 0.9748287 0.1553153
vt 0.9846725 0.1553151
vt 0.7997164 0.4947999
vt 0.7869220 0.2533223
vt 0.7871747 0.1553170
vt 0.7921979 0.1553166
vt 0.7428722 0.1553157
vt 0.7442840 0.2401230
vt 0.7316591 0.2386071
vt 0.7299418 0.1553157
vt 0.3166417 0.0590888
vt 0.3166414 0.0814282
vt 0.9661562 0.1553152
vt 0.9505102 0.2600963
vt 0.9503164 0.1553153
vt 0.8291533 0.1553164
vt 0.7921979 0.1553166
vt 0.1622651 0.7420048
vt 0.1773298 0.7321849
vt 0.1878831 0.7447800
vt 0.1698028 0.7566319
vt 0.1895457 0.7188393
vt 0.2023954 0.7283554
vt 0.1989913 0.7024340
vt 0.2058309 0.6836194
vt 0.2206350 0.6884936
vt 0.2130027 0.7094759
vt 0.2115961 0.6554070
vt 0.2253005 0.6662003
vt 0.8457892 0.7439868
vt 0.8278232 0.7543614
vt 0.8212993 0.7392837
vt 0.8369148 0.7301037
vt 0.0324715 0.0938581
vt 0.0153536 0.1037296
vt 0.0084952 0.0892209
vt 0.0233806 0.0807148
vt 0.0364856 0.0685061
vt 0.0479106 0.0793582
vt 0.0474437 0.0534758
vt 0.0605243 0.0618180
vt 0.0576338 0.0322515
vt 0.0729450 0.0355014
vt 0.7365777 0.7319953
vt 0.7262930 0.7449715
vt 0.7099457 0.7290890
vt 0.7224756 0.7182459
vt 0.7516645 0.7417711
vt 0.7445858 0.7565788
vt 0.7033010 0.6837712
vt 0.7110313 0.7016645
vt 0.6966410 0.7101774
vt 0.6875841 0.6889074
vt 0.6997272 0.6557733
vt 0.6831139 0.6553268
vt 0.0289125 0.2355752
vt 0.0278188 0.2206994
vt 0.0408786 0.2188481
vt 0.0434197 0.2336577
vt 0.0564314 0.2166115
vt 0.0602241 0.2312907
vt 0.0749234 0.2118709
vt 0.0810096 0.2260318
vt 0.1007258 0.2181675
vt 0.0918631 0.2047455
vt 0.1083879 0.1928699
vt 0.1196336 0.2044508
vt 0.1222406 0.1780022
vt 0.1356272 0.1871811
vt 0.0930481 0.7607053
vt 0.0991466 0.7456801
vt 0.1092292 0.7492522
vt 0.1059083 0.7651270
vt 0.1270655 0.7671871
vt 0.1266038 0.7510757
vt 0.1448800 0.7486363
vt 0.1490139 0.7642629
vt 0.7664067 0.7468489
vt 0.7631158 0.7627731
vt 0.7827833 0.7481013
vt 0.7831227 0.7642335
vt 0.8022962 0.7456102
vt 0.8057301 0.7613959
vt 0.4271824 0.9133970
vt 0.4292029 0.9659154
vt 0.4157090 0.9663011
vt 0.4127556 0.9129885
vt 0.3963887 0.8369072
vt 0.3992898 0.8333302
vt 0.4249882 0.8332504
vt 0.4249773 0.8366692
vt 0.4097734 0.8639227
vt 0.4255725 0.8639413
vt 0.4243306 0.8081759
vt 0.4244049 0.8113227
vt 0.3993264 0.8111435
vt 0.3963478 0.8077614
vt 0.4237417 0.7863430
vt 0.3570437 0.7858449
vt 0.4234588 0.7368203
vt 0.4286031 0.6550059
vt 0.4284513 0.6416840
vt 0.6816748 0.6416797
vt 0.6592214 0.6559106
vt 0.2305783 0.6415007
vt 0.3278927 0.6415389
vt 0.3270957 0.6547862
vt 0.2282811 0.6550604
vt 0.6559769 0.9708545
vt 0.6738544 0.9784846
vt 0.4336027 0.9785898
vt 0.4481210 0.9715132
vt 0.4317156 0.9659613
vt 0.4296858 0.9134277
vt 0.4394196 0.9136822
vt 0.4410131 0.9657849
vt 0.4450043 0.8579254
vt 0.4848370 0.8582196
vt 0.6640459 0.9157099
vt 0.6773795 0.9158019
vt 0.6759554 0.9654642
vt 0.6630663 0.9650542
vt 0.6640100 0.8660734
vt 0.6776369 0.8663625
vt 0.7003403 0.8604165
vt 0.8108419 0.8613382
vt 0.9059724 0.8915907
vt 0.8918162 0.9340287
vt 0.8727204 0.9690877
vt 0.8126650 0.9697241
vt 0.6771354 0.9792930
vt 0.6962489 0.9706943
vt 0.6900706 0.9648671
vt 0.6785972 0.9651929
vt 0.6799745 0.9157962
vt 0.6916810 0.9158763
vt 0.3841586 0.9692464
vt 0.3856500 0.9765143
vt 0.3474677 0.9726826
vt 0.3448872 0.9650331
vt 0.3228922 0.9659001
vt 0.3247102 0.9575374
vt 0.2575545 0.9227666
vt 0.2966521 0.9450434
vt 0.2811595 0.9447949
vt 0.2459779 0.9234471
vt 0.2233709 0.9082398
vt 0.2294304 0.9030919
vt 0.2074081 0.8398463
vt 0.2163428 0.8489739
vt 0.2080459 0.8487772
vt 0.2046750 0.8487126
vt 0.2057078 0.7290078
vt 0.2957814 0.8270621
vt 0.3092003 0.8449386
vt 0.2061402 0.8231800
vt 0.2144625 0.6422942
vt 0.2115961 0.6554070
vt 0.3144844 0.8533372
vt 0.3584028 0.8465515
vt 0.3619739 0.8555447
vt 0.4110245 0.9707564
vt 0.4298425 0.9788139
vt 0.3080444 0.9589334
vt 0.2190300 0.8966252
vt 0.6571472 0.8601451
vt 0.4247887 0.8486233
vt 0.4036175 0.8575891
vt 0.5545529 0.4947994
vt 0.2393202 0.9262284
vt 0.2183170 0.9130769
vt 0.2441307 0.9231178
vt 0.3230102 0.9666864
vt 0.3482874 0.9735436
vt 0.3051746 0.9582198
vt 0.4327740 0.9795383
vt 0.3867770 0.9771932
vt 0.2787065 0.9447738
vt 0.2736821 0.9481986
vt 0.1676641 0.8765398
vt 0.1367573 0.8537169
vt 0.2319057 0.9005835
vt 0.2430034 0.9088464
vt 0.2575545 0.9227666
vt 0.2294304 0.9030919
vt 0.2163428 0.8489739
vt 0.2413667 0.8530987
vt 0.2179535 0.8521556
vt 0.3144844 0.8533372
vt 0.3619739 0.8555447
vt 0.4021138 0.8605920
vt 0.3143719 0.8564650
vt 0.4036175 0.8575891
vt 0.4097734 0.8639227
vt 0.4069345 0.8651662
vt 0.4127556 0.9129885
vt 0.4096422 0.9131746
vt 0.4157090 0.9663011
vt 0.4128372 0.9652539
vt 0.4110245 0.9707564
vt 0.4098172 0.9679841
vt 0.3841586 0.9692464
vt 0.3843154 0.9662734
vt 0.3448872 0.9650331
vt 0.3454722 0.9621062
vt 0.3247102 0.9575374
vt 0.3258602 0.9548610
vt 0.2966521 0.9450434
vt 0.2981270 0.9423352
vt 0.2593532 0.9201928
vt 0.4394196 0.9136822
vt 0.4386040 0.8638161
vt 0.4414691 0.8649733
vt 0.4424878 0.9135882
vt 0.4450043 0.8579254
vt 0.4463893 0.8609443
vt 0.4848370 0.8582196
vt 0.6571472 0.8601451
vt 0.6640100 0.8660734
vt 0.6611234 0.8672258
vt 0.6559126 0.8631580
vt 0.6640459 0.9157099
vt 0.6609867 0.9156646
vt 0.6630663 0.9650542
vt 0.6602384 0.9639699
vt 0.6559769 0.9708545
vt 0.6548720 0.9679550
vt 0.4481210 0.9715132
vt 0.4492547 0.9686095
vt 0.4410131 0.9657849
vt 0.4438444 0.9646326
vt 0.6916810 0.9158763
vt 0.6937855 0.8663308
vt 0.6966786 0.8675584
vt 0.6948057 0.9159974
vt 0.7003403 0.8604165
vt 0.7015951 0.8634089
vt 0.8108419 0.8613382
vt 0.8108707 0.8644848
vt 0.8827230 0.8621482
vt 0.8820215 0.8652686
vt 0.8944781 0.8673275
vt 0.8923437 0.8695475
vt 0.9059724 0.8915907
vt 0.9030454 0.8918518
vt 0.8918162 0.9340287
vt 0.8890300 0.9332061
vt 0.8812588 0.9635319
vt 0.8788853 0.9619569
vt 0.8727204 0.9690877
vt 0.8718240 0.9662839
vt 0.8126650 0.9697241
vt 0.8128663 0.9667919
vt 0.6962489 0.9706943
vt 0.6977932 0.9679314
vt 0.6900706 0.9648671
vt 0.6929960 0.9637810
vt 0.2043157 0.8231899
vt 0.2026270 0.8231817
vt 0.2020396 0.8059442
vt 0.2037254 0.8059727
vt 0.2037225 0.8399024
vt 0.2055050 0.8399403
vt 0.2040261 0.7289858
vt 0.2032996 0.7847652
vt 0.2015812 0.7847800
vt 0.2023954 0.7283554
vt 0.2220726 0.6889163
vt 0.2238709 0.6890503
vt 0.2162802 0.7103631
vt 0.2144613 0.7100397
vt 0.2265637 0.6665199
vt 0.2281704 0.6668652
vt 0.2298398 0.6572735
vt 0.2290417 0.6561944
vt 0.2298398 0.6572735
vt 0.2290417 0.6561944
vt 0.3268282 0.6559604
vt 0.3263589 0.6572649
vt 0.4262308 0.6574090
vt 0.4283784 0.6563713
vt 0.4274802 0.6784551
vt 0.4252691 0.6783944
vt 0.4262308 0.6574090
vt 0.4283784 0.6563713
vt 0.4281958 0.8639085
vt 0.4268706 0.8639489
vt 0.4265065 0.8483135
vt 0.4282835 0.8487867
vt 0.6780264 0.8124602
vt 0.6798901 0.8124699
vt 0.6805683 0.8225726
vt 0.6790814 0.8237423
vt 0.6811064 0.8513051
vt 0.6788180 0.8511643
vt 0.6785697 0.8324769
vt 0.6805711 0.8336734
vt 0.4274802 0.6784551
vt 0.4296529 0.6785162
vt 0.4281731 0.7368945
vt 0.4258191 0.7368118
vt 0.6627542 0.6784110
vt 0.6644863 0.6782862
vt 0.6731510 0.7358456
vt 0.6711307 0.7359220
vt 0.4302512 0.6575245
vt 0.4283784 0.6563713
vt 0.4283784 0.6563713
vt 0.6575124 0.6567501
vt 0.6567551 0.6577139
vt 0.4302512 0.6575245
vt 0.6567551 0.6577139
vt 0.6575124 0.6567501
vt 0.6627542 0.6784110
vt 0.6607091 0.6785802
vt 0.6804441 0.8664083
vt 0.6790659 0.8664292
vt 0.2032996 0.7847652
vt 0.2051505 0.7848011
vt 0.2055563 0.8060086
vt 0.2037254 0.8059727
vt 0.4274797 0.7863795
vt 0.4255909 0.7863593
vt 0.6779391 0.7873905
vt 0.6758274 0.7873976
vt 0.2144613 0.7100397
vt 0.2130027 0.7094759
vt 0.2206350 0.6884936
vt 0.2220726 0.6889163
vt 0.2253005 0.6662003
vt 0.2265637 0.6665199
vt 0.4304272 0.9659052
vt 0.4292029 0.9659154
vt 0.4271824 0.9133970
vt 0.4284067 0.9134312
vt 0.4255725 0.8639413
vt 0.4268706 0.8639489
vt 0.4255909 0.7863593
vt 0.4237417 0.7863430
vt 0.4234588 0.7368203
vt 0.4258191 0.7368118
vt 0.6711307 0.7359220
vt 0.6689762 0.7360642
vt 0.6592214 0.6559106
vt 0.6575124 0.6567501
vt 0.4283784 0.6563713
vt 0.4286031 0.6550059
vt 0.2290417 0.6561944
vt 0.2282811 0.6550604
vt 0.3270957 0.6547862
vt 0.3268282 0.6559604
vt 0.4321468 0.9793363
vt 0.4336027 0.9785898
vt 0.6738544 0.9784846
vt 0.6748450 0.9789678
vt 0.4284067 0.9134312
vt 0.4296858 0.9134277
vt 0.4317156 0.9659613
vt 0.4304272 0.9659052
vt 0.6773117 0.9653513
vt 0.6759554 0.9654642
vt 0.6773795 0.9158019
vt 0.6787108 0.9158068
vt 0.6776369 0.8663625
vt 0.6790659 0.8664292
vt 0.6787108 0.9158068
vt 0.6799745 0.9157962
vt 0.6785972 0.9651929
vt 0.6773117 0.9653513
vt 0.3480231 0.9732298
vt 0.3474677 0.9726826
vt 0.3856500 0.9765143
vt 0.3863121 0.9770088
vt 0.3228640 0.9663974
vt 0.3228922 0.9659001
vt 0.2447924 0.9230696
vt 0.2459779 0.9234471
vt 0.2811595 0.9447949
vt 0.2794353 0.9445441
vt 0.2224505 0.9086640
vt 0.2233709 0.9082398
vt 0.2055050 0.8399403
vt 0.2074081 0.8398463
vt 0.2080459 0.8487772
vt 0.2063088 0.8488631
vt 0.2063088 0.8488631
vt 0.2046750 0.8487126
vt 0.2040261 0.7289858
vt 0.2057078 0.7290078
vt 0.2043157 0.8231899
vt 0.2061402 0.8231800
vt 0.2215958 0.9089322
vt 0.2162820 0.8958807
vt 0.2174054 0.8959391
vt 0.2224505 0.9086640
vt 0.6575124 0.6567501
vt 0.6592214 0.6559106
vt 0.2282811 0.6550604
vt 0.2290417 0.6561944
vt 0.4298425 0.9788139
vt 0.4321468 0.9793363
vt 0.3065985 0.9587743
vt 0.3080444 0.9589334
vt 0.2190300 0.8966252
vt 0.2174054 0.8959391
vt 0.6788180 0.8511643
vt 0.6765029 0.8514729
vt 0.6748450 0.9789678
vt 0.6738544 0.9784846
vt 0.4321468 0.9793363
vt 0.4336027 0.9785898
vt 0.4265065 0.8483135
vt 0.4247887 0.8486233
vt 0.4321468 0.9793363
vt 0.4298425 0.9788139
vt 0.6758274 0.7873976
vt 0.6736588 0.7874794
vt 0.6780264 0.8124602
vt 0.6762633 0.8125628
vt 0.6790814 0.8237423
vt 0.6762283 0.8324470
vt 0.6785697 0.8324769
vt 0.6748450 0.9789678
vt 0.6771354 0.9792930
vt 0.2447924 0.9230696
vt 0.2441307 0.9231178
vt 0.3480231 0.9732298
vt 0.3482874 0.9735436
vt 0.3230102 0.9666864
vt 0.3228640 0.9663974
vt 0.3051746 0.9582198
vt 0.3065985 0.9587743
vt 0.6748450 0.9789678
vt 0.6771354 0.9792930
vt 0.4327740 0.9795383
vt 0.4321468 0.9793363
vt 0.3863121 0.9770088
vt 0.3867770 0.9771932
vt 0.2787065 0.9447738
vt 0.2794353 0.9445441
vt 0.4777489 0.2071143
vt 0.4689149 0.2104585
vt 0.4621916 0.1843041
vt 0.4713726 0.1810310
vt 0.4541349 0.1557040
vt 0.4635485 0.1525616
vt 0.4509551 0.1446540
vt 0.0865415 0.3645643
vt 0.1019338 0.3560512
vt 0.4562003 0.2127352
vt 0.4636194 0.2419214
vt 0.4427146 0.1587358
vt 0.4499544 0.1853666
vt 0.4351352 0.1361746
vt 0.4465579 0.2604347
vt 0.4004475 0.2559317
vt 0.4731474 0.2712257
vt 0.4849112 0.2300650
vt 0.4767114 0.2350937
vt 0.1132580 0.2596956
vt 0.1193704 0.2478997
vt 0.0555183 0.7821490
vt 0.0527245 0.7776837
vt 0.0768904 0.7808029
vt 0.0504136 0.7915751
vt 0.0558662 0.7867620
vt 0.0054219 0.7942494
vt 0.1368645 0.3405329
vt 0.1611146 0.3240197
vt 0.1603883 0.3287650
vt 0.1368231 0.3453628
vt 0.1323251 0.2368553
vt 0.1522671 0.3157890
vt 0.1329975 0.3291403
vt 0.1360983 0.3174970
vt 0.1493843 0.3081362
vt 0.1146526 0.3200870
vt 0.1127437 0.2809863
vt 0.1137380 0.2811161
vt 0.1156687 0.3199803
vt 0.1132580 0.2596956
vt 0.1141058 0.2598858
vt 0.1193704 0.2478997
vt 0.1200050 0.2482146
vt 0.1323251 0.2368553
vt 0.1328587 0.2373506
vt 0.1519607 0.2234513
vt 0.1528379 0.2235682
vt 0.0555183 0.7821490
vt 0.0546260 0.7823058
vt 0.0516517 0.7769555
vt 0.0527245 0.7776837
vt 0.0558662 0.7867620
vt 0.0551837 0.7862775
vt 0.0504136 0.7915751
vt 0.0503372 0.7906528
vt 0.0394645 0.7913405
vt 0.0397117 0.7901914
vt 0.0054219 0.7942494
vt 0.0030770 0.7933573
vt 0.1586853 0.2978303
vt 0.1578172 0.2973940
vt 0.1622469 0.2883590
vt 0.1614211 0.2921433
vt 0.1493843 0.3081362
vt 0.1487033 0.3074931
vt 0.1360983 0.3174970
vt 0.1354901 0.3168141
vt 0.1228115 0.3257554
vt 0.1224478 0.3249744
vt 0.1177724 0.3257967
vt 0.1182552 0.3249669
vt 0.1038360 0.2386322
vt 0.1029862 0.2617650
vt 0.1127437 0.2809863
vt 0.1025496 0.2833035
vt 0.1146526 0.3200870
vt 0.1050227 0.3254830
vt 0.1177724 0.3257967
vt 0.1110413 0.3402195
vt 0.1025571 0.3632621
vt 0.1080266 0.3598503
vt 0.1125875 0.3632737
vt 0.1104112 0.3681750
vt 0.1084054 0.4034770
vt 0.1063307 0.4579127
vt 0.1228115 0.3257554
vt 0.0048191 0.3960127
vt 0.0072990 0.3456911
vt 0.0154924 0.3472251
vt 0.0130911 0.3977200
vt 0.0113211 0.2934107
vt 0.0193582 0.2956944
vt 0.0448812 0.2870466
vt 0.1586853 0.2978303
vt 0.1616599 0.3047938
vt 0.1611101 0.3177487
vt 0.4620485 0.2118770
vt 0.4549505 0.1851585
vt 0.4473513 0.1583172
vt 0.4896065 0.2456130
vt 0.4900640 0.2546389
vt 0.4698423 0.2401127
vt 0.4408205 0.1387154
vt 0.0841068 0.2546453
vt 0.0814551 0.3391658
vt 0.0807886 0.2931433
vt 0.0824655 0.2732071
vt 0.0828325 0.3668567
vt 0.0813645 0.4579144
vt 0.0823853 0.4048773
vt 0.1353821 0.3344834
vt 0.1134823 0.3488774
vt 0.1614211 0.2921433
vt 0.4263515 0.1334478
vt 0.4319009 0.1341873
vt 0.4319471 0.1352063
vt 0.3788798 0.1288092
vt 0.3217955 0.1266790
vt 0.3217955 0.1256395
vt 0.3787147 0.1278703
vt 0.4509551 0.1446540
vt 0.4507640 0.1433988
vt 0.4644708 0.1516229
vt 0.4635485 0.1525616
vt 0.4347919 0.1350162
vt 0.4351352 0.1361746
vt 0.1611146 0.3240197
vt 0.1622570 0.3234906
vt 0.1637045 0.3268461
vt 0.1603883 0.3287650
vt 0.1616599 0.3047938
vt 0.1627275 0.3050603
vt 0.1621397 0.3171170
vt 0.1611101 0.3177487
vt 0.4408205 0.1387154
vt 0.4407677 0.1375568
vt 0.1614211 0.2921433
vt 0.1622469 0.2883590
vt 0.1388524 0.1816558
vt 0.1388524 0.1816558
vt 0.1258816 0.1717072
vt 0.0772638 0.7796363
vt 0.0798274 0.7792233
vt 0.0803484 0.7802591
vt 0.0768904 0.7808029
vt 0.0919284 0.7603068
vt 0.0930481 0.7607053
vt 0.0828874 0.7779773
vt 0.0816114 0.7775366
vt 0.0991466 0.7456801
vt 0.0527245 0.7776837
vt 0.0516517 0.7769555
vt 0.1555419 0.1967759
vt 0.1567724 0.1982583
vt 0.1545883 0.1948464
vt 0.1550593 0.1934692
vt 0.1566455 0.1955519
vt 0.1388524 0.1816558
vt 0.1394803 0.1807060
vt 0.1258816 0.1717072
vt 0.0803484 0.7802591
vt 0.4795507 0.2703815
vt 0.4851791 0.2806298
vt 0.4770861 0.2720875
vt 0.4591473 0.2125658
vt 0.4670190 0.2421757
vt 0.4450983 0.1592578
vt 0.4524400 0.1854734
vt 0.4380151 0.1372080
vt 0.1366573 0.3373467
vt 0.1609041 0.3208934
vt 0.1152389 0.3553767
vt 0.1144114 0.3521308
vt 0.4378294 0.1360843
vt 0.4380151 0.1372080
vt 0.1609041 0.3208934
vt 0.1619265 0.3203247
vt 0.0269939 0.2824076
vt 0.0229559 0.2853528
vt 0.0124389 0.2744302
vt 0.0275040 0.2737490
vt 0.0111619 0.2485552
vt 0.0256839 0.2569199
vt 0.0245709 0.2360374
vt 0.0094252 0.2238772
vt 0.0231467 0.2212735
vt 0.0405273 0.2817338
vt 0.0275040 0.2737490
vt 0.0410249 0.2746696
vt 0.0269939 0.2824076
vt 0.0602241 0.2312907
vt 0.1519607 0.2234513
vt 0.1755246 0.4026101
vt 0.1742236 0.4025028
vt 0.1798794 0.3584120
vt 0.1810981 0.3588173
vt 0.2736821 0.9481986
vt 0.2979914 0.9603710
vt 0.2954425 0.9605107
vt 0.2741440 0.9504639
vt 0.2393202 0.9262284
vt 0.2400694 0.9292504
vt 0.1676641 0.8765398
vt 0.2183170 0.9130769
vt 0.2193891 0.9167727
vt 0.1698224 0.8834711
vt 0.1367573 0.8537169
vt 0.1392199 0.8613601
vt 0.1350846 0.8540387
vt 0.2979914 0.9603710
vt 0.2944891 0.9647136
vt 0.2926989 0.9648161
vt 0.2954425 0.9605107
vt 0.1014367 0.8316141
vt 0.1017358 0.8306876
vt 0.1127788 0.8360453
vt 0.1116051 0.8364098
vt 0.0837946 0.8272355
vt 0.0840533 0.8264080
vt 0.0585276 0.8206721
vt 0.0588546 0.8199390
vt 0.0317454 0.8091486
vt 0.0319816 0.8084586
vt 0.1367573 0.8537169
vt 0.1350846 0.8540387
vt 0.4788345 0.2066497
vt 0.4777489 0.2071143
vt 0.4713726 0.1810310
vt 0.4724565 0.1806702
vt 0.4859441 0.2294597
vt 0.4849112 0.2300650
vt 0.0030770 0.7933573
vt 0.0054219 0.7942494
vt 0.4910921 0.2556358
vt 0.4900640 0.2546389
vt 0.4896065 0.2456130
vt 0.4907075 0.2453805
vt 0.4860574 0.2811426
vt 0.4851791 0.2806298
vt 0.1417643 0.0795831
vt 0.1340104 0.0942522
vt 0.1580220 0.0821346
vt 0.1494466 0.0986253
vt 0.0646404 0.0175749
vt 0.0784777 0.0204550
vt 0.0729450 0.0355014
vt 0.0576338 0.0322515
vt 0.1179849 0.0294308
vt 0.1034213 0.0417868
vt 0.1288720 0.0453235
vt 0.1552716 0.0329684
vt 0.1493703 0.0490889
vt 0.1640283 0.0513972
vt 0.2109243 0.0403534
vt 0.2125698 0.0561334
vt 0.3166414 0.0426604
vt 0.3166417 0.0590888
vt 0.1438414 0.0757114
vt 0.1604992 0.0791456
vt 0.3166414 0.0847219
vt 0.2120448 0.0831353
vt 0.1845095 0.3499563
vt 0.1835543 0.3485525
vt 0.1845095 0.3499563
vt 0.9510778 0.9382019
vt 0.9706722 0.8802094
vt 0.9784364 0.8519974
vt 0.1585809 0.1474251
vt 0.1665198 0.1129176
vt 0.1806608 0.0899297
vt 0.1695429 0.1068169
vt 0.1843811 0.0849136
vt 0.6917652 0.2672696
vt 0.6719294 0.2673755
vt 0.6725616 0.1553158
vt 0.6919854 0.1553158
vt 0.6919938 0.2986584
vt 0.6722170 0.2927862
vt 0.1843811 0.0849136
vt 0.2120448 0.0831353
vt 0.2112166 0.1054436
vt 0.1883103 0.1051825
vt 0.3166414 0.0847219
vt 0.3166414 0.1103379
vt 0.1806608 0.0899297
vt 0.1883103 0.1051825
vt 0.1695429 0.1068169
vt 0.3221799 0.9802737
vt 0.3222430 0.9795010
vt 0.3474874 0.9857194
vt 0.3473501 0.9864233
vt 0.2926989 0.9648161
vt 0.2944891 0.9647136
vt 0.4328788 0.9938735
vt 0.4328821 0.9932071
vt 0.6748616 0.9942731
vt 0.6748084 0.9949347
vt 0.3867266 0.9903575
vt 0.3866779 0.9910741
vt 0.8131182 0.9925339
vt 0.8130296 0.9918165
vt 0.8922408 0.9891593
vt 0.8925034 0.9898337
vt 0.9138550 0.9866042
vt 0.9136330 0.9859087
vt 0.9237016 0.9811815
vt 0.9235685 0.9822044
vt 0.2399071 0.3531039
vt 0.2398733 0.3541052
vt 0.2154072 0.3531625
vt 0.2154913 0.3521760
vt 0.2773817 0.3538945
vt 0.2773888 0.3548872
vt 0.5564549 0.3560789
vt 0.5564215 0.3568714
vt 0.3210594 0.3556273
vt 0.3210327 0.3547771
vt 0.7663474 0.3565729
vt 0.7664797 0.3575804
vt 0.6902556 0.3557317
vt 0.6902304 0.3544295
vt 0.7858568 0.3576977
vt 0.7852191 0.3585150
vt 0.9841783 0.3024870
vt 0.9747043 0.3006458
vt 0.9748698 0.2995704
vt 0.9831601 0.3013863
vt 0.7646935 0.2994586
vt 0.7646438 0.2982664
vt 0.7922246 0.2979669
vt 0.7922153 0.2991413
vt 0.7441717 0.2996525
vt 0.7441342 0.2984601
vt 0.6919028 0.3000374
vt 0.6919938 0.2986584
vt 0.7286438 0.2984855
vt 0.7286677 0.2996752
vt 0.8292700 0.2987034
vt 0.8292350 0.2975113
vt 0.8589984 0.2972094
vt 0.8590460 0.2984021
vt 0.9505871 0.2970951
vt 0.9504996 0.2959114
vt 0.9621593 0.2956466
vt 0.9621996 0.2968287
vt 0.9220149 0.2976447
vt 0.9219313 0.2964520
vt 0.8151795 0.2985696
vt 0.1835543 0.3485525
vt 0.1845095 0.3499563
vt 0.9339218 0.9747074
vt 0.9349170 0.9747883
vt 0.9409544 0.9645565
vt 0.9416456 0.9647888
vt 0.9510778 0.9382019
vt 0.9515905 0.9382980
vt 0.9706722 0.8802094
vt 0.9708548 0.8801820
vt 0.9784364 0.8519974
vt 0.9784418 0.8519874
vt 0.9826739 0.8397707
vt 0.9837852 0.8391086
vt 0.1687242 0.1104294
vt 0.1596562 0.1478180
vt 0.1585809 0.1474251
vt 0.1665198 0.1129176
vt 0.6722170 0.2927862
vt 0.6708919 0.2937735
vt 0.6703557 0.2673565
vt 0.6719294 0.2673755
vt 0.9826739 0.8397707
vt 0.9655975 0.8354445
vt 0.9536477 0.8347889
vt 0.9423757 0.8367025
vt 0.9305682 0.8320745
vt 0.9245047 0.7915828
vt 0.9247759 0.8125058
vt 0.0812682 0.1460956
vt 0.0932416 0.1491875
vt 0.1185485 0.1517357
vt 0.1001745 0.1474277
vt 0.1332155 0.1554469
vt 0.1550537 0.1616863
vt 0.1557447 0.1627664
vt 0.1550537 0.1616863
vt 0.9244836 0.7863137
vt 0.0597900 0.1409902
vt 0.0966741 0.1472749
vt 0.9286240 0.7863336
vt 0.9282439 0.7907351
vt 0.9318537 0.8125505
vt 0.9345266 0.8234912
vt 0.9378526 0.8319091
vt 0.9837852 0.8391086
vt 0.9826739 0.8397707
vt 0.9655975 0.8354445
vt 0.9658145 0.8340929
vt 0.9536477 0.8347889
vt 0.9537152 0.8336965
vt 0.9423757 0.8367025
vt 0.9429300 0.8355012
vt 0.0999628 0.1485785
vt 0.1001745 0.1474277
vt 0.1185485 0.1517357
vt 0.1182534 0.1528267
vt 0.1332155 0.1554469
vt 0.1328884 0.1565877
vt 0.1550537 0.1616863
vt 0.1557447 0.1627664
vt 0.0972222 0.1484000
vt 0.0966741 0.1472749
vt 0.0933601 0.1501316
vt 0.0932416 0.1491875
vt 0.9294812 0.7905300
vt 0.9282439 0.7907351
vt 0.9286240 0.7863336
vt 0.9298759 0.7864149
vt 0.9330850 0.8124819
vt 0.9318537 0.8125505
vt 0.9354497 0.8221821
vt 0.9345266 0.8234912
vt 0.9393640 0.8317336
vt 0.9378526 0.8319091
vt 0.7286438 0.2984855
vt 0.7324511 0.2680828
vt 0.9442956 0.2870467
vt 0.9219313 0.2964520
vt 0.9212161 0.2868573
vt 0.8589984 0.2972094
vt 0.8585730 0.2864661
vt 0.8421135 0.2863864
vt 0.8337432 0.2800232
vt 0.8291533 0.1553164
vt 0.8320820 0.1553158
vt 0.8315319 0.2650964
vt 0.8286585 0.2657009
vt 0.9505102 0.2600963
vt 0.9490383 0.2807862
vt 0.9462538 0.2801844
vt 0.9475048 0.2604397
vt 0.9442956 0.2870467
vt 0.9430973 0.2845964
vt 0.9212161 0.2868573
vt 0.9212921 0.2839876
vt 0.8585730 0.2864661
vt 0.8585843 0.2835842
vt 0.8421135 0.2863864
vt 0.8430164 0.2837024
vt 0.8337432 0.2800232
vt 0.8360809 0.2784169
vt 0.7956994 0.3936398
vt 0.7946776 0.3937037
vt 0.7852191 0.3585150
vt 0.7858568 0.3576977
vt 0.9841783 0.3024870
vt 0.9831601 0.3013863
vt 0.9830112 0.2629074
vt 0.9840846 0.2630520
vt 0.9846725 0.1553151
vt 0.9857284 0.1553152
vt 0.9373223 0.7699572
vt 0.9359314 0.7708787
vt 0.9241872 0.7708656
vt 0.9359314 0.7708787
vt 0.9014633 0.7708285
vt 0.8457892 0.7439868
vt 0.8664185 0.7675967
vt 0.0346621 0.1349210
vt 0.8728703 0.7706013
vt 0.0290841 0.1308175
vt 0.0279387 0.1312083
vt 0.0143765 0.1042491
vt 0.0153536 0.1037296
vt 0.8369148 0.7301037
vt 0.8468068 0.7433757
vt 0.8457892 0.7439868
vt 0.0084952 0.0892209
vt 0.0810035 0.1472119
vt 0.0812682 0.1460956
vt 0.0595964 0.1421033
vt 0.0597900 0.1409902
vt 0.9373223 0.7699572
vt 0.9359314 0.7708787
vt 0.9241872 0.7708656
vt 0.9241936 0.7697061
vt 0.9014633 0.7708285
vt 0.9014361 0.7696742
vt 0.8671014 0.7665769
vt 0.8664185 0.7675967
vt 0.0346621 0.1349210
vt 0.0334786 0.1356071
vt 0.8737501 0.7695345
vt 0.8728703 0.7706013
vt 0.7861645 0.2681932
vt 0.7782911 0.1553157
vt 0.7799990 0.2413409
vt 0.7869220 0.2533223
vt 0.7460735 0.2480504
vt 0.7246003 0.2364128
vt 0.7234010 0.1553157
vt 0.7871747 0.1553170
vt 0.7869220 0.2533223
vt 0.7799990 0.2413409
vt 0.7782911 0.1553157
vt 0.7869220 0.2533223
vt 0.7460735 0.2480504
vt 0.7442840 0.2401230
vt 0.7799990 0.2413409
vt 0.7349299 0.2461324
vt 0.7316591 0.2386071
vt 0.7293640 0.2430002
vt 0.7246003 0.2364128
vt 0.7293640 0.2430002
vt 0.7349299 0.2461324
vt 0.7246003 0.2364128
vt 0.7234010 0.1553157
vt 0.6831139 0.6553268
vt 0.6981360 0.6422150
vt 0.6997272 0.6557733
vt 0.2282811 0.6550604
vt 0.0256839 0.2569199
vt 0.0292877 0.2573829
vt 0.0275040 0.2737490
vt 0.0245709 0.2360374
vt 0.0289125 0.2355752
vt 0.0231467 0.2212735
vt 0.0278188 0.2206994
vt 0.1843811 0.0849136
vt 0.0448234 0.3477577
vt 0.0412843 0.3472823
vt 0.0419658 0.3356111
vt 0.0457352 0.4013903
vt 0.0429537 0.4012580
vt 0.0450421 0.4579156
vt 0.0419799 0.4579158
vt 0.0154924 0.3472251
vt 0.0183815 0.3477463
vt 0.0160031 0.3980436
vt 0.0130911 0.3977200
vt 0.0193582 0.2956944
vt 0.0221917 0.2965695
vt 0.0466106 0.2964894
vt 0.0429375 0.2963079
vt 0.0422664 0.2883155
vt 0.0448812 0.2870466
vt 0.0391795 0.2843059
vt 0.0405273 0.2817338
vt 0.0265304 0.2865791
vt 0.0269939 0.2824076
vt 0.0229559 0.2853528
vt 0.1159790 0.3600904
vt 0.1368231 0.3453628
vt 0.1603883 0.3287650
vt 0.1603211 0.3330331
vt 0.1372108 0.3502239
vt 0.1159790 0.3600904
vt 0.1190127 0.3635659
vt 0.1125875 0.3632737
vt 0.1162424 0.3662815
vt 0.1104112 0.3681750
vt 0.1144825 0.3696357
vt 0.1084054 0.4034770
vt 0.1124694 0.4038141
vt 0.1106793 0.4579121
vt 0.1063307 0.4579127
vt 0.1603211 0.3330331
vt 0.1646484 0.3339725
vt 0.1372108 0.3502239
vt 0.1603211 0.3330331
vt 0.1683906 0.3421143
vt 0.1510553 0.3558992
vt 0.1190127 0.3635659
vt 0.1379247 0.3663013
vt 0.1162424 0.3662815
vt 0.1360591 0.3677535
vt 0.1144825 0.3696357
vt 0.1349420 0.3698372
vt 0.1124694 0.4038141
vt 0.1341385 0.4033951
vt 0.1646484 0.3339725
vt 0.4263515 0.1334478
vt 0.3787147 0.1278703
vt 0.3798755 0.1207292
vt 0.4238353 0.1261897
vt 0.3217955 0.1256395
vt 0.3217955 0.1183493
vt 0.7129463 0.8227898
vt 0.6805683 0.8225726
vt 0.8066574 0.8228482
vt 0.8080909 0.8325958
vt 0.8081983 0.8336765
vt 0.7053893 0.8336985
vt 0.7064047 0.8326222
vt 0.8773877 0.8327038
vt 0.8785446 0.8335882
vt 0.6805711 0.8336734
vt 0.6785697 0.8324769
vt 0.6790814 0.8237423
vt 0.6805683 0.8225726
vt 0.7129463 0.8227898
vt 0.7123938 0.8239962
vt 0.8066574 0.8228482
vt 0.8067437 0.8240427
vt 0.8786487 0.8228006
vt 0.8774751 0.8237967
vt 0.8774751 0.8237967
vt 0.8786487 0.8228006
vt 0.8785446 0.8335882
vt 0.8773877 0.8327038
vt 0.3493781 0.8288988
vt 0.3487559 0.8100507
vt 0.4274797 0.7863795
vt 0.4752774 0.8069987
vt 0.4271581 0.8072444
vt 0.4271581 0.8072444
vt 0.4251571 0.8073704
vt 0.4255114 0.8073972
vt 0.4800541 0.8307206
vt 0.4799603 0.8108197
vt 0.4750784 0.8376727
vt 0.4277611 0.8375394
vt 0.4261864 0.8376699
vt 0.4246339 0.8375502
vt 0.4261864 0.8376699
vt 0.4277611 0.8375394
vt 0.3716432 0.8376368
vt 0.4246339 0.8375502
vt 0.3668676 0.8288484
vt 0.3669421 0.8107903
vt 0.3715056 0.8069628
vt 0.4239257 0.8072336
vt 0.3671422 0.8338336
vt 0.4796261 0.8338424
vt 0.3671422 0.8338336
vt 0.3668676 0.8288484
vt 0.3680040 0.8334482
vt 0.3669421 0.8107903
vt 0.3677717 0.8111121
vt 0.3715056 0.8069628
vt 0.3718064 0.8076953
vt 0.3963478 0.8077614
vt 0.4239257 0.8072336
vt 0.4255172 0.8081961
vt 0.4243306 0.8081759
vt 0.4260410 0.8333961
vt 0.4249882 0.8332504
vt 0.4244049 0.8113227
vt 0.4255100 0.8115849
vt 0.4261447 0.8367453
vt 0.4261864 0.8376699
vt 0.4246339 0.8375502
vt 0.4249773 0.8366692
vt 0.3716432 0.8376368
vt 0.3963887 0.8369072
vt 0.3719397 0.8369847
vt 0.4277611 0.8375394
vt 0.4261864 0.8376699
vt 0.4261447 0.8367453
vt 0.4273852 0.8366672
vt 0.4255100 0.8115849
vt 0.4268595 0.8113273
vt 0.4273328 0.8332467
vt 0.4260410 0.8333961
vt 0.4255172 0.8081961
vt 0.4267981 0.8081952
vt 0.4271581 0.8072444
vt 0.4752774 0.8069987
vt 0.4512767 0.8077819
vt 0.4267981 0.8081952
vt 0.4799603 0.8108197
vt 0.4789620 0.8111275
vt 0.4748693 0.8077372
vt 0.4800541 0.8307206
vt 0.4787305 0.8334166
vt 0.4796261 0.8338424
vt 0.4750784 0.8376727
vt 0.4747154 0.8369805
vt 0.4513567 0.8369123
vt 0.4249773 0.8366692
vt 0.4261447 0.8367453
vt 0.4273852 0.8366672
vt 0.4261447 0.8367453
vt 0.4273852 0.8366672
vt 0.4273328 0.8332467
vt 0.4481094 0.8333313
vt 0.4513567 0.8369123
vt 0.4268595 0.8113273
vt 0.4479799 0.8111597
vt 0.4267981 0.8081952
vt 0.4512767 0.8077819
vt 0.4748693 0.8077372
vt 0.4789620 0.8111275
vt 0.4632775 0.8232654
vt 0.4787305 0.8334166
vt 0.4747154 0.8369805
vt 0.4513567 0.8369123
vt 0.4481094 0.8333313
vt 0.4479799 0.8111597
vt 0.4512767 0.8077819
vt 0.3680040 0.8334482
vt 0.3677717 0.8111121
vt 0.3837512 0.8233079
vt 0.3718064 0.8076953
vt 0.3963478 0.8077614
vt 0.3993264 0.8111435
vt 0.3992898 0.8333302
vt 0.3963887 0.8369072
vt 0.3719397 0.8369847
vt 0.4239257 0.8072336
vt 0.4243306 0.8081759
vt 0.3157369 0.2913920
vt 0.3602573 0.2913920
vt 0.3691629 0.3064305
vt 0.3140005 0.3073040
vt 0.0478938 0.9664662
vt 0.0498593 0.9656727
vt 0.0516590 0.9735775
vt 0.0460047 0.9674270
vt 0.0498179 0.9752645
vt 0.0424338 0.9703846
vt 0.0442137 0.9688013
vt 0.0476245 0.9784679
vt 0.0401610 0.9732335
vt 0.0773474 0.9661863
vt 0.0792471 0.9653764
vt 0.0795117 0.9741378
vt 0.0755469 0.9670813
vt 0.0737280 0.9681389
vt 0.0720000 0.9694617
vt 0.0755741 0.9778688
vt 0.0698391 0.9711869
vt 0.0884653 0.9659915
vt 0.0904228 0.9667864
vt 0.0867208 0.9736133
vt 0.0866636 0.9653478
vt 0.0836930 0.9724131
vt 0.0923425 0.9677768
vt 0.0941508 0.9690039
vt 0.0903837 0.9776852
vt 0.0967219 0.9709306
vt 0.0669979 0.9724014
vt 0.0678123 0.9736736
vt 0.0608014 0.9790335
vt 0.0660037 0.9709229
vt 0.0584933 0.9755859
vt 0.0644676 0.9693406
vt 0.0628112 0.9678745
vt 0.0607006 0.9662867
vt 0.0583185 0.9655979
vt 0.0547117 0.9732149
vt 0.0563041 0.9652295
vt 0.0575111 0.9654400
vt 0.0542094 0.9650238
vt 0.0519601 0.9649949
vt 0.0850791 0.9651430
vt 0.0833867 0.9650681
vt 0.0813234 0.9651303
vt 0.0396630 0.9748101
vt 0.0463191 0.9808242
vt 0.0682521 0.9738603
vt 0.0683873 0.9755628
vt 0.0615001 0.9807553
vt 0.0687429 0.9727561
vt 0.0730174 0.9795418
vt 0.0975876 0.9722369
vt 0.0933193 0.9794729
vt 0.0903837 0.9776852
vt 0.0755741 0.9778688
vt 0.0795117 0.9741378
vt 0.0867208 0.9736133
vt 0.0907598 0.9805076
vt 0.0750443 0.9803648
vt 0.0836930 0.9724131
vt 0.0615001 0.9807553
vt 0.0463191 0.9808242
vt 0.0476245 0.9784679
vt 0.0608014 0.9790335
vt 0.0584933 0.9755859
vt 0.0498179 0.9752645
vt 0.0547117 0.9732149
vt 0.0516590 0.9735775
vt 0.0318784 0.9814098
vt 0.0556220 0.9815321
vt 0.0602321 0.9881072
vt 0.0303799 0.9878356
vt 0.0649606 0.9816542
vt 0.0740593 0.9818068
vt 0.0754321 0.9882452
vt 0.0754949 0.9813344
vt 0.0304430 0.9808969
vt 0.0143098 0.9810407
vt 0.0142578 0.9876893
vt 0.0130197 0.9815559
vt 0.0089938 0.9816885
vt 0.0038654 0.9875951
vt 0.0054829 0.9826713
vt 0.0909689 0.9883869
vt 0.0910299 0.9816873
vt 0.0968477 0.9836142
vt 0.0986735 0.9881690
vt 0.0932921 0.9820905
vt 0.0954633 0.9827623
vt 0.0222286 0.9977036
vt 0.0908783 0.9983280
vt 0.0677416 0.9981174
vt 0.0031641 0.9975445
vt 0.0990462 0.9927733
vt 0.5020843 0.3165956
vt 0.5625389 0.3110494
vt 0.5628607 0.3137060
vt 0.5074986 0.3180558
vt 0.5734288 0.3111863
vt 0.5719698 0.3140987
vt 0.5830922 0.3227524
vt 0.5803391 0.3228507
vt 0.5791115 0.3290496
vt 0.5773425 0.3269746
vt 0.5698118 0.3325968
vt 0.5692701 0.3299542
vt 0.5203439 0.3374299
vt 0.5219884 0.3345620
vt 0.5074986 0.3180558
vt 0.5628607 0.3137060
vt 0.5633989 0.3156592
vt 0.5095434 0.3185752
vt 0.5719698 0.3140987
vt 0.5715517 0.3159326
vt 0.5719698 0.3140987
vt 0.5803391 0.3228507
vt 0.5791317 0.3227333
vt 0.5715517 0.3159326
vt 0.5803391 0.3228507
vt 0.5773425 0.3269746
vt 0.5767273 0.3253098
vt 0.5791317 0.3227333
vt 0.5692701 0.3299542
vt 0.5691615 0.3279608
vt 0.5219884 0.3345620
vt 0.5228534 0.3329048
vt 0.5219884 0.3345620
vt 0.5074986 0.3180558
vt 0.5095434 0.3185752
vt 0.5228534 0.3329048
vt 0.5074776 0.3455777
vt 0.5070277 0.3447280
vt 0.5159194 0.3362332
vt 0.4440676 0.3470037
vt 0.4477521 0.3456127
vt 0.4433946 0.3193958
vt 0.4457150 0.3203450
vt 0.4998239 0.3191535
vt 0.3743808 0.3521686
vt 0.3743804 0.3503356
vt 0.4402669 0.3458758
vt 0.4404984 0.3207597
vt 0.5159194 0.3362332
vt 0.5070277 0.3447280
vt 0.4983311 0.3355908
vt 0.4477521 0.3456127
vt 0.4542962 0.3364644
vt 0.4477521 0.3456127
vt 0.4457150 0.3203450
vt 0.4516349 0.3236371
vt 0.4542962 0.3364644
vt 0.4457150 0.3203450
vt 0.4998239 0.3191535
vt 0.4956668 0.3276018
vt 0.4516349 0.3236371
vt 0.4998239 0.3191535
vt 0.5159194 0.3362332
vt 0.4983311 0.3355908
vt 0.4956668 0.3276018
vt 0.3743804 0.3503356
vt 0.3743801 0.3373972
vt 0.4335838 0.3375015
vt 0.4402669 0.3458758
vt 0.4404984 0.3207597
vt 0.4402669 0.3458758
vt 0.4335838 0.3375015
vt 0.4339914 0.3249126
vt 0.5891714 0.1660103
vt 0.6081113 0.1671699
vt 0.6057825 0.1700088
vt 0.5894957 0.1686082
vt 0.6096649 0.1679396
vt 0.6076287 0.1708886
vt 0.6109635 0.1692470
vt 0.6092948 0.1722488
vt 0.6194666 0.1784727
vt 0.6164849 0.1792525
vt 0.6307448 0.1893047
vt 0.6272795 0.1902160
vt 0.5894957 0.1686082
vt 0.6057825 0.1700088
vt 0.6050079 0.1798677
vt 0.5896489 0.1786109
vt 0.6076287 0.1708886
vt 0.6066809 0.1805981
vt 0.6092948 0.1722488
vt 0.6081679 0.1815762
vt 0.6164849 0.1792525
vt 0.6145405 0.1866636
vt 0.6272795 0.1902160
vt 0.6241522 0.1960118
vt 0.6310621 0.1955983
vt 0.6272795 0.1902160
vt 0.6318840 0.1916492
vt 0.6307448 0.1893047
vt 0.6112755 0.2063089
vt 0.6122215 0.2083253
vt 0.5886796 0.2073460
vt 0.5886613 0.2059802
vt 0.5892614 0.2516869
vt 0.6198816 0.2527701
vt 0.6203363 0.2570203
vt 0.5895864 0.2559270
vt 0.5890760 0.2485536
vt 0.5602449 0.2485536
vt 0.5602449 0.2463030
vt 0.5890417 0.2463732
vt 0.6175188 0.2469490
vt 0.6188278 0.2497188
vt 0.6145825 0.2266161
vt 0.6155311 0.2286330
vt 0.5890619 0.2275093
vt 0.5890437 0.2261447
vt 0.5895052 0.1868759
vt 0.5896147 0.1833364
vt 0.6084599 0.1847376
vt 0.6101084 0.1888271
vt 0.5892365 0.2306443
vt 0.6165638 0.2316888
vt 0.6170614 0.2368115
vt 0.5896025 0.2357508
vt 0.5888472 0.2104849
vt 0.6132360 0.2113878
vt 0.6136947 0.2165139
vt 0.5891973 0.2155959
vt 0.5895247 0.1900351
vt 0.6109336 0.1919447
vt 0.6110693 0.1970843
vt 0.5896261 0.1951656
vt 0.5602449 0.2517442
vt 0.5602483 0.2306235
vt 0.5602483 0.2274358
vt 0.5603263 0.1889682
vt 0.5603263 0.1857832
vt 0.5598505 0.2104473
vt 0.5598505 0.2072617
vt 0.5886613 0.2059802
vt 0.5598505 0.2058561
vt 0.5598505 0.1990456
vt 0.5892900 0.1993108
vt 0.5890437 0.2261447
vt 0.5602483 0.2260273
vt 0.5602483 0.2191949
vt 0.5897146 0.2194854
vt 0.6112755 0.2063089
vt 0.6121403 0.1996013
vt 0.5890417 0.2463732
vt 0.5602449 0.2463030
vt 0.5602449 0.2394515
vt 0.5897355 0.2397200
vt 0.6175188 0.2469490
vt 0.6185514 0.2402600
vt 0.6145825 0.2266161
vt 0.6155459 0.2199191
vt 0.6271698 0.2493037
vt 0.6262580 0.2491559
vt 0.6262577 0.2260672
vt 0.6271698 0.2262149
vt 0.6273159 0.2248205
vt 0.6264040 0.2246721
vt 0.6264040 0.2015839
vt 0.6273159 0.2017323
vt 0.6271698 0.2493037
vt 0.6271698 0.2262149
vt 0.6310595 0.2247952
vt 0.6310599 0.2478834
vt 0.6262577 0.2260672
vt 0.6262580 0.2491559
vt 0.6223683 0.2477356
vt 0.6223683 0.2246474
vt 0.6273159 0.2248205
vt 0.6273159 0.2017323
vt 0.6312055 0.2003114
vt 0.6312055 0.2234002
vt 0.6264040 0.2015839
vt 0.6264040 0.2246721
vt 0.6225144 0.2232524
vt 0.6225144 0.2001636
vt 0.9497204 0.4224204
vt 0.9587287 0.4224306
vt 0.9584477 0.4285338
vt 0.9501581 0.4283822
vt 0.9644142 0.4285029
vt 0.9439409 0.4281844
vt 0.9626408 0.6508876
vt 0.9641868 0.8212197
vt 0.9585490 0.8208652
vt 0.9572483 0.6544244
vt 0.9504531 0.8209913
vt 0.9491591 0.6541349
vt 0.9446115 0.8213922
vt 0.9433938 0.6504351
vt 0.9636418 0.4390092
vt 0.9626408 0.6508876
vt 0.9571848 0.6470745
vt 0.9582280 0.4432443
vt 0.9491277 0.6470039
vt 0.9501708 0.4442904
vt 0.9433938 0.6504351
vt 0.9443629 0.4412588
vt 0.9636418 0.4390092
vt 0.9582042 0.4359312
vt 0.9500997 0.4369748
vt 0.9443629 0.4412588
vt 0.9586644 0.8266800
vt 0.9501253 0.8267068
vt 0.9626408 0.6508876
vt 0.9433938 0.6504351
vt 0.9491277 0.6470039
vt 0.9571848 0.6470745
vt 0.9626408 0.6508876
vt 0.9572483 0.6544244
vt 0.9491591 0.6541349
vt 0.9433938 0.6504351
vt 0.9636418 0.4390092
vt 0.9582280 0.4432443
vt 0.9501708 0.4442904
vt 0.9443629 0.4412588
vt 0.9500997 0.4369748
vt 0.9582042 0.4359312
vt 0.9636418 0.4390092
vt 0.9443629 0.4412588
vt 0.9784070 0.8298608
vt 0.9786540 0.7940517
vt 0.9851236 0.7940646
vt 0.9838827 0.8300338
vt 0.9789798 0.7546521
vt 0.9776645 0.5429766
vt 0.9831839 0.5430450
vt 0.9846646 0.7545862
vt 0.9766998 0.3571399
vt 0.9815435 0.3562587
vt 0.9823214 0.4213102
vt 0.9767828 0.4216338
vt 0.9708132 0.8286936
vt 0.9716341 0.7946355
vt 0.9786540 0.7940517
vt 0.9851236 0.7940646
vt 0.9918278 0.7946198
vt 0.9929608 0.8289009
vt 0.9706649 0.7550585
vt 0.9699578 0.5429587
vt 0.9776645 0.5429766
vt 0.9789798 0.7546521
vt 0.9906174 0.5429713
vt 0.9926768 0.7549009
vt 0.9846646 0.7545862
vt 0.9831839 0.5430450
vt 0.9889489 0.3509946
vt 0.9896827 0.4209695
vt 0.9823214 0.4213102
vt 0.9815435 0.3562587
vt 0.9690989 0.4215195
vt 0.9689707 0.3522979
vt 0.9766998 0.3571399
vt 0.9767828 0.4216338
vt 0.9815435 0.3562587
vt 0.9766998 0.3571399
vt 0.9742964 0.3482966
vt 0.9812440 0.3471344
vt 0.3367963 0.8637166
vt 0.3347036 0.8785443
vt 0.3160111 0.8800731
vt 0.3128329 0.8637166
vt 0.3096980 0.8685260
vt 0.3128329 0.8637166
vt 0.3160111 0.8800731
vt 0.3118317 0.8818150
vt 0.3089523 0.8874650
vt 0.3057712 0.8924170
vt 0.3027475 0.8759923
vt 0.3066882 0.8743334
vt 0.3027475 0.8759923
vt 0.3057712 0.8924170
vt 0.2816202 0.8924170
vt 0.2842448 0.8776956
vt 0.3399149 0.8680878
vt 0.3386396 0.8796430
vt 0.3347036 0.8785443
vt 0.3367963 0.8637166
vt 0.2786048 0.8880320
vt 0.2800892 0.8764238
vt 0.2842448 0.8776956
vt 0.2816202 0.8924170
vt 0.2842448 0.8776956
vt 0.2800892 0.8764238
vt 0.2947811 0.8622689
vt 0.3347036 0.8785443
vt 0.3386396 0.8796430
vt 0.3290986 0.8944874
vt 0.3118317 0.8818150
vt 0.3160111 0.8800731
vt 0.3066882 0.8743334
vt 0.3027475 0.8759923
vt 0.6624063 0.0987733
vt 0.6638015 0.2366597
vt 0.6603685 0.2366344
vt 0.6590206 0.0988692
vt 0.6622984 0.2717935
vt 0.6590844 0.2683431
vt 0.6622984 0.2717935
vt 0.6483847 0.2717714
vt 0.6514261 0.2681789
vt 0.6590844 0.2683431
vt 0.6483847 0.2717714
vt 0.6473417 0.2289073
vt 0.6505525 0.2288798
vt 0.6514261 0.2681789
vt 0.6460268 0.1011923
vt 0.6491980 0.1011995
vt 0.6452928 0.0099501
vt 0.6484299 0.0135039
vt 0.6452928 0.0099501
vt 0.6600527 0.0094148
vt 0.6567824 0.0130487
vt 0.6484299 0.0135039
vt 0.6600527 0.0094148
vt 0.6567824 0.0130487
vt 0.6590206 0.0988692
vt 0.6603685 0.2366344
vt 0.6553312 0.2326454
vt 0.6541131 0.1000301
vt 0.6590844 0.2683431
vt 0.6553586 0.2650770
vt 0.6590844 0.2683431
vt 0.6514261 0.2681789
vt 0.6553586 0.2650770
vt 0.6514261 0.2681789
vt 0.6505525 0.2288798
vt 0.6553312 0.2326454
vt 0.6553586 0.2650770
vt 0.6491980 0.1011995
vt 0.6541131 0.1000301
vt 0.6484299 0.0135039
vt 0.6526728 0.0165818
vt 0.6484299 0.0135039
vt 0.6567824 0.0130487
vt 0.6526728 0.0165818
vt 0.6567824 0.0130487
vt 0.6526728 0.0165818
vt 0.3217955 0.1266790
vt 0.3217953 0.2294688
vt 0.3217953 0.2066680
vt 0.2357347 0.4947989
vt 0.2084273 0.4947989
vt 0.1711161 0.4947989
vt 0.3217953 0.2517877
vt 0.0037777 0.4578924
vt 0.0121810 0.4578912
vt 0.1711161 0.4947989
vt 0.1698160 0.4947984
vt 0.6725559 0.1553159
vt 0.6725616 0.1553158
vt 0.6709767 0.1554597
vt 0.9503164 0.1553153
vt 0.9475067 0.1553151
vt 0.8007239 0.4947999
vt 0.7997164 0.4947999
vt 0.0150965 0.4578909
vt 0.0121810 0.4578912
vt 0.1335307 0.4579121
vt 0.1106793 0.4579121
vt 0.2533107 0.3069040
vt 0.1986338 0.3078462
vt 0.1997745 0.2919069
vt 0.2533107 0.2909313
vt 0.0992469 0.9984043
vt 0.3743694 0.3142706
vt 0.3743694 0.3162458
vt 0.3743694 0.3162458
vt 0.4404984 0.3207597
vt 0.4339914 0.3249126
vt 0.3743694 0.3229792
vt 0.5597193 0.1673149
vt 0.5597193 0.1645793
vt 0.5597192 0.1772283
vt 0.5597193 0.1673149
vt 0.5602483 0.2260273
vt 0.5602449 0.2560220
vt 0.5603263 0.1822218
vt 0.5598505 0.2058561
vt 0.5602483 0.2357693
vt 0.5603263 0.1941105
vt 0.5598505 0.2155897
vt 0.0565458 0.6181179
vt 0.0466247 0.6193316
vt 0.0448305 0.5680679
vt 0.0556805 0.5678120
vt 0.0781112 0.6219234
vt 0.0565458 0.6181179
vt 0.0556805 0.5678120
vt 0.0779697 0.5753168
vt 0.0793238 0.6420268
vt 0.0572822 0.6395559
vt 0.0836646 0.6240234
vt 0.0849798 0.5784613
vt 0.0999457 0.5874887
vt 0.0977543 0.6316122
vt 0.0854370 0.6440842
vt 0.0985412 0.6534401
vt 0.1266469 0.8037273
vt 0.1050801 0.8157271
vt 0.1368804 0.8201662
vt 0.1226386 0.8331698
vt 0.1439849 0.8357497
vt 0.1017358 0.8306876
vt 0.1127788 0.8360453
vt 0.2037225 0.8399024
vt 0.1854000 0.8222765
vt 0.1741818 0.8048811
vt 0.2026270 0.8231817
vt 0.2020396 0.8059442
vt 0.6762283 0.8324470
vt 0.4963141 0.8308195
vt 0.4887893 0.8494003
vt 0.6765029 0.8514729
vt 0.2015812 0.7847800
vt 0.2023954 0.7283554
vt 0.1878831 0.7447800
vt 0.2238709 0.6890503
vt 0.2162802 0.7103631
vt 0.3109562 0.7365522
vt 0.3244458 0.6782137
vt 0.2281704 0.6668652
vt 0.3263589 0.6572649
vt 0.2298398 0.6572735
vt 0.4262308 0.6574090
vt 0.4252691 0.6783944
vt 0.8102775 0.8518218
vt 0.8081983 0.8336765
vt 0.7053893 0.8336985
vt 0.6811064 0.8513051
vt 0.8863832 0.8506874
vt 0.8785446 0.8335882
vt 0.9213908 0.8494508
vt 0.9182735 0.8320996
vt 0.8699697 0.8126500
vt 0.8786487 0.8228006
vt 0.9119615 0.8124523
vt 0.6179258 0.1037296
vt 0.6041952 0.1308173
vt 0.5712513 0.1241282
vt 0.6008083 0.0938579
vt 0.5517935 0.0945026
vt 0.5191835 0.0985507
vt 0.5481747 0.1290988
vt 0.5298582 0.1329838
vt 0.5853692 0.0793578
vt 0.5727555 0.0618178
vt 0.5385486 0.0640828
vt 0.5134302 0.0719916
vt 0.5174621 0.0914470
vt 0.5603348 0.0355011
vt 0.5298582 0.0417870
vt 0.5044082 0.0453237
vt 0.9395610 0.8773014
vt 0.9215159 0.8791981
vt 0.9117374 0.9397351
vt 0.9273454 0.9378300
vt 0.3222430 0.9795010
vt 0.3474874 0.9857194
vt 0.3484996 0.9794973
vt 0.3228034 0.9729414
vt 0.2944891 0.9647136
vt 0.2979914 0.9603710
vt 0.4329357 0.9865155
vt 0.4328821 0.9932071
vt 0.6748616 0.9942731
vt 0.6754034 0.9869192
vt 0.3867266 0.9903575
vt 0.3871002 0.9836049
vt 0.8904834 0.9815500
vt 0.8906584 0.9723622
vt 0.8123859 0.9757209
vt 0.8125876 0.9848899
vt 0.8130296 0.9918165
vt 0.8922408 0.9891593
vt 0.9106382 0.9778242
vt 0.9246669 0.9737129
vt 0.9202061 0.9647712
vt 0.9083454 0.9689668
vt 0.9136330 0.9859087
vt 0.9237016 0.9811815
vt 0.1896467 0.8732710
vt 0.1755382 0.8737563
vt 0.2215958 0.9089322
vt 0.2162820 0.8958807
vt 0.1444407 0.8488026
vt 0.1550184 0.8450068
vt 0.4282835 0.8487867
vt 0.4281958 0.8639085
vt 0.4386040 0.8638161
vt 0.8812588 0.9635319
vt 0.8827230 0.8621482
vt 0.8944781 0.8673275
vt 0.9431282 0.8489280
vt 0.6805711 0.8336734
vt 0.6762633 0.8125628
vt 0.4961680 0.8113891
vt 0.7262930 0.7449715
vt 0.6731510 0.7358456
vt 0.6779391 0.7873905
vt 0.6607091 0.6785802
vt 0.4296529 0.6785162
vt 0.4281731 0.7368945
vt 0.6689762 0.7360642
vt 0.6875841 0.6889074
vt 0.6644863 0.6782862
vt 0.6966410 0.7101774
vt 0.7099457 0.7290890
vt 0.6567551 0.6577139
vt 0.4302512 0.6575245
vt 0.6831139 0.6553268
vt 0.6592214 0.6559106
vt 0.6804441 0.8664083
vt 0.6937855 0.8663308
vt 0.0457363 0.5144390
vt 0.0567251 0.5132544
vt 0.0567251 0.5132544
vt 0.0787596 0.5111928
vt 0.0790823 0.5447234
vt 0.2616973 0.1539581
vt 0.2099737 0.1576158
vt 0.2116439 0.1352057
vt 0.2647115 0.1288088
vt 0.2481951 0.2335239
vt 0.1999303 0.2380624
vt 0.2033623 0.2124398
vt 0.2526329 0.2100755
vt 0.2069288 0.1847242
vt 0.2573559 0.1815021
vt 0.2125698 0.5927289
vt 0.2154070 0.6364353
vt 0.1810981 0.6307805
vt 0.1755249 0.5869873
vt 0.2383463 0.5955117
vt 0.2398731 0.6354926
vt 0.2770417 0.5952752
vt 0.2773886 0.6347110
vt 0.5556495 0.5946519
vt 0.5564212 0.6327269
vt 0.3210592 0.6339710
vt 0.3211095 0.5950429
vt 0.7664792 0.6320193
vt 0.6902552 0.6338670
vt 0.6920599 0.5948122
vt 0.7724029 0.5946839
vt 0.7946773 0.5958960
vt 0.7852186 0.6310847
vt 0.9748700 0.0110603
vt 0.9831604 0.0092444
vt 0.9830117 0.0477232
vt 0.9729060 0.0512092
vt 0.0580706 0.6567329
vt 0.0512737 0.6403331
vt 0.0572822 0.6395559
vt 0.0434197 0.6821544
vt 0.0289115 0.6802298
vt 0.0292923 0.6584215
vt 0.0419316 0.6578979
vt 0.0803954 0.6594657
vt 0.0580706 0.6567329
vt 0.0602262 0.6845275
vt 0.0810152 0.6897883
vt 0.1004154 0.6758169
vt 0.1007367 0.6976469
vt 0.0869690 0.6620495
vt 0.1162034 0.6830115
vt 0.1323305 0.6931914
vt 0.1356625 0.7286108
vt 0.1196550 0.7113527
vt 0.1555732 0.7190025
vt 0.1546199 0.7209333
vt 0.0964737 0.7973370
vt 0.0996530 0.7880682
vt 0.0845843 0.7838551
vt 0.0715701 0.7912396
vt 0.0930481 0.7607053
vt 0.0828874 0.7779773
vt 0.0879630 0.7790846
vt 0.1017987 0.7821437
vt 0.1287797 0.7849776
vt 0.1270655 0.7671871
vt 0.1059083 0.7651270
vt 0.1618160 0.7852703
vt 0.1490139 0.7642629
vt 0.1698028 0.7566319
vt 0.2812822 0.8083090
vt 0.2887199 0.7852508
vt 0.2051505 0.7848011
vt 0.2055563 0.8060086
vt 0.6736588 0.7874794
vt 0.4882637 0.7866805
vt 0.6798901 0.8124699
vt 0.7190189 0.8128210
vt 0.7313884 0.7883162
vt 0.7445858 0.7565788
vt 0.7631158 0.7627731
vt 0.8001897 0.7891499
vt 0.7831227 0.7642335
vt 0.8051278 0.8132885
vt 0.8057301 0.7613959
vt 0.8558586 0.7867022
vt 0.8278232 0.7543614
vt 0.9031416 0.7862755
vt 0.0840533 0.8264080
vt 0.0877357 0.8107054
vt 0.0656932 0.8038824
vt 0.0588546 0.8199390
vt 0.0919186 0.8041483
vt 0.0691262 0.7974809
vt 0.0319816 0.8084586
vt 0.0394645 0.7913405
vt 0.7861645 0.0424396
vt 0.7922248 0.0126662
vt 0.7921853 0.0429925
vt 0.7466069 0.0422125
vt 0.7441344 0.0121726
vt 0.7646439 0.0123665
vt 0.4209343 0.0791255
vt 0.4207131 0.0561334
vt 0.4692537 0.0513977
vt 0.4713658 0.0742294
vt 0.9640438 0.0516627
vt 0.9621596 0.0149844
vt 0.9504998 0.0147200
vt 0.9490386 0.0298452
vt 0.7921853 0.0429925
vt 0.7922248 0.0126662
vt 0.8292351 0.0131217
vt 0.8286586 0.0449322
vt 0.5109984 0.1372003
vt 0.5018984 0.1013469
vt 0.4962794 0.1408440
vt 0.4866019 0.1052915
vt 0.4881665 0.0716163
vt 0.4839112 0.0490896
vt 0.9493282 0.8762366
vt 0.9541709 0.8478293
vt 0.9600001 0.8775271
vt 0.9651895 0.8488322
vt 0.9277527 0.9626505
vt 0.9409544 0.9645565
vt 0.9339218 0.9747074
vt 0.9354023 0.9359038
vt 0.9458779 0.9368079
vt 0.0864088 0.5110618
vt 0.1020443 0.5118622
vt 0.7869220 0.0573105
vt 0.7316591 0.0720248
vt 0.7442842 0.0705087
vt 0.9505103 0.0505345
vt 0.1622651 0.7420048
vt 0.1698028 0.7566319
vt 0.1878831 0.7447800
vt 0.1773298 0.7321849
vt 0.2023954 0.7283554
vt 0.1895457 0.7188393
vt 0.1989913 0.7024340
vt 0.2130027 0.7094759
vt 0.2206350 0.6884936
vt 0.2058309 0.6836194
vt 0.2253005 0.6662003
vt 0.2115961 0.6554070
vt 0.8457892 0.7439868
vt 0.8369148 0.7301037
vt 0.8212993 0.7392837
vt 0.8278232 0.7543614
vt 0.6008083 0.0938579
vt 0.6098992 0.0807148
vt 0.6247841 0.0892209
vt 0.6179258 0.1037296
vt 0.5853692 0.0793578
vt 0.5967942 0.0685059
vt 0.5858358 0.0534755
vt 0.5727555 0.0618178
vt 0.5756460 0.0322513
vt 0.5603348 0.0355011
vt 0.7365777 0.7319953
vt 0.7224756 0.7182459
vt 0.7099457 0.7290890
vt 0.7262930 0.7449715
vt 0.7516645 0.7417711
vt 0.7445858 0.7565788
vt 0.7033010 0.6837712
vt 0.6875841 0.6889074
vt 0.6966410 0.7101774
vt 0.7110313 0.7016645
vt 0.6997272 0.6557733
vt 0.6831139 0.6553268
vt 0.0289115 0.6802298
vt 0.0434197 0.6821544
vt 0.0408741 0.6969632
vt 0.0278115 0.6951045
vt 0.0564321 0.6992066
vt 0.0602262 0.6845275
vt 0.0810152 0.6897883
vt 0.0749311 0.7039498
vt 0.1007367 0.6976469
vt 0.0918796 0.7110721
vt 0.1084162 0.7229398
vt 0.1196550 0.7113527
vt 0.1222825 0.7377983
vt 0.1356625 0.7286108
vt 0.0930481 0.7607053
vt 0.1059083 0.7651270
vt 0.1092292 0.7492522
vt 0.0991466 0.7456801
vt 0.1270655 0.7671871
vt 0.1266038 0.7510757
vt 0.1490139 0.7642629
vt 0.1448800 0.7486363
vt 0.7664067 0.7468489
vt 0.7631158 0.7627731
vt 0.7827833 0.7481013
vt 0.7831227 0.7642335
vt 0.8057301 0.7613959
vt 0.8022962 0.7456102
vt 0.4271824 0.9133970
vt 0.4127556 0.9129885
vt 0.4157090 0.9663011
vt 0.4292029 0.9659154
vt 0.4249882 0.8332504
vt 0.3992898 0.8333302
vt 0.3963887 0.8369072
vt 0.4249773 0.8366692
vt 0.4255725 0.8639413
vt 0.4097734 0.8639227
vt 0.3993264 0.8111435
vt 0.4244049 0.8113227
vt 0.4243306 0.8081759
vt 0.3963478 0.8077614
vt 0.4237417 0.7863430
vt 0.4234588 0.7368203
vt 0.3570437 0.7858449
vt 0.4286031 0.6550059
vt 0.6592214 0.6559106
vt 0.6816748 0.6416797
vt 0.4284513 0.6416840
vt 0.2305783 0.6415007
vt 0.2282811 0.6550604
vt 0.3270957 0.6547862
vt 0.3278927 0.6415389
vt 0.6559769 0.9708545
vt 0.4481210 0.9715132
vt 0.4336027 0.9785898
vt 0.6738544 0.9784846
vt 0.4317156 0.9659613
vt 0.4410131 0.9657849
vt 0.4394196 0.9136822
vt 0.4296858 0.9134277
vt 0.4450043 0.8579254
vt 0.4848370 0.8582196
vt 0.6640459 0.9157099
vt 0.6630663 0.9650542
vt 0.6759554 0.9654642
vt 0.6773795 0.9158019
vt 0.6776369 0.8663625
vt 0.6640100 0.8660734
vt 0.7003403 0.8604165
vt 0.8108419 0.8613382
vt 0.9059724 0.8915907
vt 0.8918162 0.9340287
vt 0.8727204 0.9690877
vt 0.8126650 0.9697241
vt 0.6962489 0.9706943
vt 0.6771354 0.9792930
vt 0.6900706 0.9648671
vt 0.6916810 0.9158763
vt 0.6799745 0.9157962
vt 0.6785972 0.9651929
vt 0.3841586 0.9692464
vt 0.3448872 0.9650331
vt 0.3474677 0.9726826
vt 0.3856500 0.9765143
vt 0.3228922 0.9659001
vt 0.3247102 0.9575374
vt 0.2575545 0.9227666
vt 0.2459779 0.9234471
vt 0.2811595 0.9447949
vt 0.2966521 0.9450434
vt 0.2294304 0.9030919
vt 0.2233709 0.9082398
vt 0.2074081 0.8398463
vt 0.2080459 0.8487772
vt 0.2163428 0.8489739
vt 0.2046750 0.8487126
vt 0.2057078 0.7290078
vt 0.2957814 0.8270621
vt 0.2061402 0.8231800
vt 0.3092003 0.8449386
vt 0.2144625 0.6422942
vt 0.2115961 0.6554070
vt 0.3144844 0.8533372
vt 0.3619739 0.8555447
vt 0.3584028 0.8465515
vt 0.4110245 0.9707564
vt 0.4298425 0.9788139
vt 0.3080444 0.9589334
vt 0.2190300 0.8966252
vt 0.6571472 0.8601451
vt 0.4247887 0.8486233
vt 0.4036175 0.8575891
vt 0.2393202 0.9262284
vt 0.2441307 0.9231178
vt 0.2183170 0.9130769
vt 0.3482874 0.9735436
vt 0.3230102 0.9666864
vt 0.3051746 0.9582198
vt 0.4327740 0.9795383
vt 0.3867770 0.9771932
vt 0.2787065 0.9447738
vt 0.2736821 0.9481986
vt 0.1676641 0.8765398
vt 0.1367573 0.8537169
vt 0.2575545 0.9227666
vt 0.2430034 0.9088464
vt 0.2319057 0.9005835
vt 0.2294304 0.9030919
vt 0.2163428 0.8489739
vt 0.2179535 0.8521556
vt 0.2413667 0.8530987
vt 0.3144844 0.8533372
vt 0.3143719 0.8564650
vt 0.4021138 0.8605920
vt 0.3619739 0.8555447
vt 0.4036175 0.8575891
vt 0.4069345 0.8651662
vt 0.4097734 0.8639227
vt 0.4096422 0.9131746
vt 0.4127556 0.9129885
vt 0.4128372 0.9652539
vt 0.4157090 0.9663011
vt 0.4098172 0.9679841
vt 0.4110245 0.9707564
vt 0.3843154 0.9662734
vt 0.3841586 0.9692464
vt 0.3454722 0.9621062
vt 0.3448872 0.9650331
vt 0.3258602 0.9548610
vt 0.3247102 0.9575374
vt 0.2981270 0.9423352
vt 0.2966521 0.9450434
vt 0.2593532 0.9201928
vt 0.4394196 0.9136822
vt 0.4424878 0.9135882
vt 0.4414691 0.8649733
vt 0.4386040 0.8638161
vt 0.4463893 0.8609443
vt 0.4450043 0.8579254
vt 0.4848370 0.8582196
vt 0.6571472 0.8601451
vt 0.6559126 0.8631580
vt 0.6611234 0.8672258
vt 0.6640100 0.8660734
vt 0.6609867 0.9156646
vt 0.6640459 0.9157099
vt 0.6602384 0.9639699
vt 0.6630663 0.9650542
vt 0.6548720 0.9679550
vt 0.6559769 0.9708545
vt 0.4492547 0.9686095
vt 0.4481210 0.9715132
vt 0.4438444 0.9646326
vt 0.4410131 0.9657849
vt 0.6916810 0.9158763
vt 0.6948057 0.9159974
vt 0.6966786 0.8675584
vt 0.6937855 0.8663308
vt 0.7015951 0.8634089
vt 0.7003403 0.8604165
vt 0.8108707 0.8644848
vt 0.8108419 0.8613382
vt 0.8820215 0.8652686
vt 0.8827230 0.8621482
vt 0.8923437 0.8695475
vt 0.8944781 0.8673275
vt 0.9030454 0.8918518
vt 0.9059724 0.8915907
vt 0.8890300 0.9332061
vt 0.8918162 0.9340287
vt 0.8788853 0.9619569
vt 0.8812588 0.9635319
vt 0.8718240 0.9662839
vt 0.8727204 0.9690877
vt 0.8128663 0.9667919
vt 0.8126650 0.9697241
vt 0.6977932 0.9679314
vt 0.6962489 0.9706943
vt 0.6929960 0.9637810
vt 0.6900706 0.9648671
vt 0.2043157 0.8231899
vt 0.2037254 0.8059727
vt 0.2020396 0.8059442
vt 0.2026270 0.8231817
vt 0.2037225 0.8399024
vt 0.2055050 0.8399403
vt 0.2040261 0.7289858
vt 0.2023954 0.7283554
vt 0.2015812 0.7847800
vt 0.2032996 0.7847652
vt 0.2220726 0.6889163
vt 0.2144613 0.7100397
vt 0.2162802 0.7103631
vt 0.2238709 0.6890503
vt 0.2281704 0.6668652
vt 0.2265637 0.6665199
vt 0.2298398 0.6572735
vt 0.2290417 0.6561944
vt 0.2298398 0.6572735
vt 0.3263589 0.6572649
vt 0.3268282 0.6559604
vt 0.2290417 0.6561944
vt 0.4262308 0.6574090
vt 0.4252691 0.6783944
vt 0.4274802 0.6784551
vt 0.4283784 0.6563713
vt 0.4262308 0.6574090
vt 0.4283784 0.6563713
vt 0.4281958 0.8639085
vt 0.4282835 0.8487867
vt 0.4265065 0.8483135
vt 0.4268706 0.8639489
vt 0.6780264 0.8124602
vt 0.6790814 0.8237423
vt 0.6805683 0.8225726
vt 0.6798901 0.8124699
vt 0.6811064 0.8513051
vt 0.6805711 0.8336734
vt 0.6785697 0.8324769
vt 0.6788180 0.8511643
vt 0.4274802 0.6784551
vt 0.4258191 0.7368118
vt 0.4281731 0.7368945
vt 0.4296529 0.6785162
vt 0.6627542 0.6784110
vt 0.6711307 0.7359220
vt 0.6731510 0.7358456
vt 0.6644863 0.6782862
vt 0.4302512 0.6575245
vt 0.4283784 0.6563713
vt 0.4283784 0.6563713
vt 0.4302512 0.6575245
vt 0.6567551 0.6577139
vt 0.6575124 0.6567501
vt 0.6567551 0.6577139
vt 0.6607091 0.6785802
vt 0.6627542 0.6784110
vt 0.6575124 0.6567501
vt 0.6804441 0.8664083
vt 0.6790659 0.8664292
vt 0.2032996 0.7847652
vt 0.2037254 0.8059727
vt 0.2055563 0.8060086
vt 0.2051505 0.7848011
vt 0.4255909 0.7863593
vt 0.4274797 0.7863795
vt 0.6758274 0.7873976
vt 0.6779391 0.7873905
vt 0.2144613 0.7100397
vt 0.2220726 0.6889163
vt 0.2206350 0.6884936
vt 0.2130027 0.7094759
vt 0.2265637 0.6665199
vt 0.2253005 0.6662003
vt 0.4304272 0.9659052
vt 0.4284067 0.9134312
vt 0.4271824 0.9133970
vt 0.4292029 0.9659154
vt 0.4268706 0.8639489
vt 0.4255725 0.8639413
vt 0.4255909 0.7863593
vt 0.4258191 0.7368118
vt 0.4234588 0.7368203
vt 0.4237417 0.7863430
vt 0.6711307 0.7359220
vt 0.6689762 0.7360642
vt 0.6592214 0.6559106
vt 0.4286031 0.6550059
vt 0.4283784 0.6563713
vt 0.6575124 0.6567501
vt 0.2290417 0.6561944
vt 0.3268282 0.6559604
vt 0.3270957 0.6547862
vt 0.2282811 0.6550604
vt 0.4321468 0.9793363
vt 0.6748450 0.9789678
vt 0.6738544 0.9784846
vt 0.4336027 0.9785898
vt 0.4284067 0.9134312
vt 0.4304272 0.9659052
vt 0.4317156 0.9659613
vt 0.4296858 0.9134277
vt 0.6773117 0.9653513
vt 0.6787108 0.9158068
vt 0.6773795 0.9158019
vt 0.6759554 0.9654642
vt 0.6790659 0.8664292
vt 0.6776369 0.8663625
vt 0.6787108 0.9158068
vt 0.6773117 0.9653513
vt 0.6785972 0.9651929
vt 0.6799745 0.9157962
vt 0.3480231 0.9732298
vt 0.3863121 0.9770088
vt 0.3856500 0.9765143
vt 0.3474677 0.9726826
vt 0.3228640 0.9663974
vt 0.3228922 0.9659001
vt 0.2447924 0.9230696
vt 0.2794353 0.9445441
vt 0.2811595 0.9447949
vt 0.2459779 0.9234471
vt 0.2224505 0.9086640
vt 0.2233709 0.9082398
vt 0.2055050 0.8399403
vt 0.2063088 0.8488631
vt 0.2080459 0.8487772
vt 0.2074081 0.8398463
vt 0.2063088 0.8488631
vt 0.2046750 0.8487126
vt 0.2057078 0.7290078
vt 0.2040261 0.7289858
vt 0.2043157 0.8231899
vt 0.2061402 0.8231800
vt 0.2215958 0.9089322
vt 0.2224505 0.9086640
vt 0.2174054 0.8959391
vt 0.2162820 0.8958807
vt 0.6575124 0.6567501
vt 0.6592214 0.6559106
vt 0.2290417 0.6561944
vt 0.2282811 0.6550604
vt 0.4321468 0.9793363
vt 0.4298425 0.9788139
vt 0.3080444 0.9589334
vt 0.3065985 0.9587743
vt 0.2190300 0.8966252
vt 0.2174054 0.8959391
vt 0.6788180 0.8511643
vt 0.6765029 0.8514729
vt 0.6738544 0.9784846
vt 0.6748450 0.9789678
vt 0.4321468 0.9793363
vt 0.4336027 0.9785898
vt 0.4265065 0.8483135
vt 0.4247887 0.8486233
vt 0.4298425 0.9788139
vt 0.4321468 0.9793363
vt 0.6758274 0.7873976
vt 0.6736588 0.7874794
vt 0.6780264 0.8124602
vt 0.6762633 0.8125628
vt 0.6790814 0.8237423
vt 0.6785697 0.8324769
vt 0.6762283 0.8324470
vt 0.6748450 0.9789678
vt 0.6771354 0.9792930
vt 0.2447924 0.9230696
vt 0.2441307 0.9231178
vt 0.3480231 0.9732298
vt 0.3228640 0.9663974
vt 0.3230102 0.9666864
vt 0.3482874 0.9735436
vt 0.3051746 0.9582198
vt 0.3065985 0.9587743
vt 0.6748450 0.9789678
vt 0.4321468 0.9793363
vt 0.4327740 0.9795383
vt 0.6771354 0.9792930
vt 0.3863121 0.9770088
vt 0.3867770 0.9771932
vt 0.2794353 0.9445441
vt 0.2787065 0.9447738
vt 0.1658416 0.2071132
vt 0.1722182 0.1810303
vt 0.1813993 0.1843034
vt 0.1746758 0.2104578
vt 0.1800426 0.1525611
vt 0.1894562 0.1557033
vt 0.1926357 0.1446534
vt 0.0865422 0.5512588
vt 0.1019361 0.5597672
vt 0.1799715 0.2419210
vt 0.1873904 0.2127346
vt 0.1936364 0.1853661
vt 0.2008762 0.1587353
vt 0.2084559 0.1361741
vt 0.2431432 0.2559310
vt 0.1970330 0.2604342
vt 0.1704437 0.2712255
vt 0.1586796 0.2300641
vt 0.1668796 0.2350931
vt 0.1132519 0.6561142
vt 0.1193674 0.6679050
vt 0.0768904 0.7808029
vt 0.0527245 0.7776837
vt 0.0555183 0.7821490
vt 0.0504136 0.7915751
vt 0.0558662 0.7867620
vt 0.0054219 0.7942494
vt 0.1368787 0.5752629
vt 0.1368342 0.5704352
vt 0.1604151 0.5870100
vt 0.1611441 0.5917540
vt 0.1323295 0.6789384
vt 0.1522984 0.5999882
vt 0.1494208 0.6076424
vt 0.1361283 0.5982904
vt 0.1330177 0.5866520
vt 0.1146688 0.5957258
vt 0.1156859 0.5958318
vt 0.1137366 0.6346953
vt 0.1127424 0.6348259
vt 0.1140991 0.6559238
vt 0.1132519 0.6561142
vt 0.1200017 0.6675901
vt 0.1193674 0.6679050
vt 0.1328632 0.6784421
vt 0.1323295 0.6789384
vt 0.1528520 0.6922094
vt 0.1519746 0.6923275
vt 0.0555183 0.7821490
vt 0.0527245 0.7776837
vt 0.0516517 0.7769555
vt 0.0546260 0.7823058
vt 0.0551837 0.7862775
vt 0.0558662 0.7867620
vt 0.0503372 0.7906528
vt 0.0504136 0.7915751
vt 0.0397117 0.7901914
vt 0.0394645 0.7913405
vt 0.0030770 0.7933573
vt 0.0054219 0.7942494
vt 0.1587295 0.6179413
vt 0.1614676 0.6236272
vt 0.1622951 0.6274110
vt 0.1578618 0.6183773
vt 0.1487400 0.6082860
vt 0.1494208 0.6076424
vt 0.1355209 0.5989728
vt 0.1361283 0.5982904
vt 0.1224684 0.5908289
vt 0.1228319 0.5900475
vt 0.1182743 0.5908440
vt 0.1177907 0.5900136
vt 0.1038408 0.6771804
vt 0.1029838 0.6540483
vt 0.1025499 0.6325097
vt 0.1127424 0.6348259
vt 0.1050367 0.5903318
vt 0.1146688 0.5957258
vt 0.1110514 0.5755934
vt 0.1177907 0.5900136
vt 0.1025573 0.5525588
vt 0.1104102 0.5476451
vt 0.1125870 0.5525434
vt 0.1080273 0.5559675
vt 0.1084047 0.5123460
vt 0.1228319 0.5900475
vt 0.0048359 0.5197730
vt 0.0131077 0.5180643
vt 0.0155149 0.5685612
vt 0.0073216 0.5700952
vt 0.0193766 0.6200963
vt 0.0113388 0.6223786
vt 0.0448972 0.6287718
vt 0.1587295 0.6179413
vt 0.1616997 0.6109766
vt 0.1611410 0.5980227
vt 0.1815420 0.2118763
vt 0.1886403 0.1851580
vt 0.1962398 0.1583165
vt 0.1539846 0.2456121
vt 0.1535271 0.2546380
vt 0.1737484 0.2401120
vt 0.2027704 0.1387149
vt 0.0841107 0.6611743
vt 0.0814633 0.5766566
vt 0.0807938 0.6226774
vt 0.0824695 0.6426129
vt 0.0828336 0.5489675
vt 0.0823855 0.5109493
vt 0.1353993 0.5813093
vt 0.1134878 0.5669343
vt 0.1614676 0.6236272
vt 0.2172397 0.1334471
vt 0.2116439 0.1352057
vt 0.2116902 0.1341868
vt 0.2647115 0.1288088
vt 0.2648765 0.1278699
vt 0.1926357 0.1446534
vt 0.1800426 0.1525611
vt 0.1791202 0.1516222
vt 0.1928270 0.1433982
vt 0.2084559 0.1361741
vt 0.2087992 0.1350158
vt 0.1611441 0.5917540
vt 0.1604151 0.5870100
vt 0.1637324 0.5889266
vt 0.1622866 0.5922825
vt 0.1616997 0.6109766
vt 0.1611410 0.5980227
vt 0.1621710 0.5986540
vt 0.1627674 0.6107098
vt 0.2027704 0.1387149
vt 0.2028234 0.1375564
vt 0.1614676 0.6236272
vt 0.1622951 0.6274110
vt 0.1388915 0.7341331
vt 0.1388915 0.7341331
vt 0.1259275 0.7440897
vt 0.0772638 0.7796363
vt 0.0768904 0.7808029
vt 0.0803484 0.7802591
vt 0.0798274 0.7792233
vt 0.0919284 0.7603068
vt 0.0816114 0.7775366
vt 0.0828874 0.7779773
vt 0.0930481 0.7607053
vt 0.0991466 0.7456801
vt 0.0516517 0.7769555
vt 0.0527245 0.7776837
vt 0.1568033 0.7175194
vt 0.1555732 0.7190025
vt 0.1546199 0.7209333
vt 0.1566771 0.7202271
vt 0.1550918 0.7223107
vt 0.1395200 0.7350817
vt 0.1388915 0.7341331
vt 0.1259275 0.7440897
vt 0.0803484 0.7802591
vt 0.1640406 0.2703808
vt 0.1584120 0.2806291
vt 0.1665052 0.2720870
vt 0.1765719 0.2421750
vt 0.1844433 0.2125651
vt 0.1911508 0.1854729
vt 0.1984928 0.1592572
vt 0.2055760 0.1372076
vt 0.1609340 0.5948792
vt 0.1366733 0.5784472
vt 0.1144155 0.5636816
vt 0.1152415 0.5604362
vt 0.2055760 0.1372076
vt 0.2057617 0.1360839
vt 0.1619567 0.5954478
vt 0.1609340 0.5948792
vt 0.0270093 0.6333905
vt 0.0275153 0.6420523
vt 0.0124510 0.6413621
vt 0.0229717 0.6304417
vt 0.0256885 0.6588817
vt 0.0111638 0.6672397
vt 0.0245688 0.6797646
vt 0.0231376 0.6945281
vt 0.0094167 0.6919167
vt 0.0405415 0.6340796
vt 0.0275153 0.6420523
vt 0.0410358 0.6411421
vt 0.0270093 0.6333905
vt 0.0602262 0.6845275
vt 0.1519746 0.6923275
vt 0.1755249 0.5869873
vt 0.1810981 0.6307805
vt 0.1798795 0.6311853
vt 0.1742239 0.5870945
vt 0.2736821 0.9481986
vt 0.2741440 0.9504639
vt 0.2954425 0.9605107
vt 0.2979914 0.9603710
vt 0.2393202 0.9262284
vt 0.2400694 0.9292504
vt 0.1676641 0.8765398
vt 0.1698224 0.8834711
vt 0.2193891 0.9167727
vt 0.2183170 0.9130769
vt 0.1367573 0.8537169
vt 0.1350846 0.8540387
vt 0.1392199 0.8613601
vt 0.2979914 0.9603710
vt 0.2954425 0.9605107
vt 0.2926989 0.9648161
vt 0.2944891 0.9647136
vt 0.1014367 0.8316141
vt 0.1116051 0.8364098
vt 0.1127788 0.8360453
vt 0.1017358 0.8306876
vt 0.0837946 0.8272355
vt 0.0840533 0.8264080
vt 0.0585276 0.8206721
vt 0.0588546 0.8199390
vt 0.0317454 0.8091486
vt 0.0319816 0.8084586
vt 0.1350846 0.8540387
vt 0.1367573 0.8537169
vt 0.1647560 0.2066490
vt 0.1711342 0.1806695
vt 0.1722182 0.1810303
vt 0.1658416 0.2071132
vt 0.1576468 0.2294588
vt 0.1586796 0.2300641
vt 0.0054219 0.7942494
vt 0.0030770 0.7933573
vt 0.1524991 0.2556349
vt 0.1528834 0.2453796
vt 0.1539846 0.2456121
vt 0.1535271 0.2546380
vt 0.1575339 0.2811419
vt 0.1584120 0.2806291
vt 0.4992706 0.0942525
vt 0.4915167 0.0795833
vt 0.4838339 0.0986256
vt 0.4752589 0.0821351
vt 0.5686389 0.0175747
vt 0.5756460 0.0322513
vt 0.5603348 0.0355011
vt 0.5548021 0.0204548
vt 0.5298582 0.0417870
vt 0.5152954 0.0294310
vt 0.5044082 0.0453237
vt 0.4839112 0.0490896
vt 0.4780098 0.0329689
vt 0.4692537 0.0513977
vt 0.4207131 0.0561334
vt 0.4223584 0.0403532
vt 0.4894396 0.0757119
vt 0.4727823 0.0791460
vt 0.4489008 0.0849136
vt 0.4212376 0.0831350
vt 0.1845094 0.6396415
vt 0.1845094 0.6396415
vt 0.1835542 0.6410453
vt 0.9510778 0.9382019
vt 0.9706722 0.8802094
vt 0.9784364 0.8519974
vt 0.4747001 0.1474253
vt 0.4667612 0.1129180
vt 0.4637381 0.1068171
vt 0.4526206 0.0899297
vt 0.6917653 0.0433622
vt 0.6719297 0.0432557
vt 0.6722171 0.0178450
vt 0.6919939 0.0119734
vt 0.4489008 0.0849136
vt 0.4449705 0.1051823
vt 0.4220659 0.1054429
vt 0.4212376 0.0831350
vt 0.4526206 0.0899297
vt 0.4637381 0.1068171
vt 0.4449705 0.1051823
vt 0.3221799 0.9802737
vt 0.3473501 0.9864233
vt 0.3474874 0.9857194
vt 0.3222430 0.9795010
vt 0.2926989 0.9648161
vt 0.2944891 0.9647136
vt 0.4328788 0.9938735
vt 0.6748084 0.9949347
vt 0.6748616 0.9942731
vt 0.4328821 0.9932071
vt 0.3866779 0.9910741
vt 0.3867266 0.9903575
vt 0.8131182 0.9925339
vt 0.8925034 0.9898337
vt 0.8922408 0.9891593
vt 0.8130296 0.9918165
vt 0.9138550 0.9866042
vt 0.9235685 0.9822044
vt 0.9237016 0.9811815
vt 0.9136330 0.9859087
vt 0.2399069 0.6364944
vt 0.2154911 0.6374218
vt 0.2154070 0.6364353
vt 0.2398731 0.6354926
vt 0.2773815 0.6357038
vt 0.2773886 0.6347110
vt 0.5564545 0.6335194
vt 0.3210325 0.6348212
vt 0.3210592 0.6339710
vt 0.5564212 0.6327269
vt 0.7663469 0.6330273
vt 0.6902300 0.6351688
vt 0.6902552 0.6338670
vt 0.7664792 0.6320193
vt 0.7852186 0.6310847
vt 0.7858563 0.6319020
vt 0.9841785 0.0081436
vt 0.9831604 0.0092444
vt 0.9748700 0.0110603
vt 0.9747044 0.0099847
vt 0.7646936 0.0111741
vt 0.7922155 0.0114918
vt 0.7922248 0.0126662
vt 0.7646439 0.0123665
vt 0.7441344 0.0121726
vt 0.7441718 0.0109801
vt 0.6919030 0.0105943
vt 0.7286679 0.0109573
vt 0.7286440 0.0121470
vt 0.6919939 0.0119734
vt 0.8292701 0.0119298
vt 0.8590462 0.0122301
vt 0.8589985 0.0134227
vt 0.8292351 0.0131217
vt 0.9505873 0.0135364
vt 0.9621999 0.0138022
vt 0.9621596 0.0149844
vt 0.9504998 0.0147200
vt 0.9220150 0.0129867
vt 0.9219314 0.0141796
vt 0.8151796 0.0120640
vt 0.1835542 0.6410453
vt 0.1845094 0.6396415
vt 0.9349170 0.9747883
vt 0.9339218 0.9747074
vt 0.9416456 0.9647888
vt 0.9409544 0.9645565
vt 0.9515905 0.9382980
vt 0.9510778 0.9382019
vt 0.9706722 0.8802094
vt 0.9708548 0.8801820
vt 0.9784418 0.8519874
vt 0.9784364 0.8519974
vt 0.9837852 0.8391086
vt 0.9826739 0.8397707
vt 0.4645566 0.1104297
vt 0.4667612 0.1129180
vt 0.4747001 0.1474253
vt 0.4736248 0.1478185
vt 0.6722171 0.0178450
vt 0.6708919 0.0168577
vt 0.6719297 0.0432557
vt 0.6703562 0.0432748
vt 0.9826739 0.8397707
vt 0.9655975 0.8354445
vt 0.9536477 0.8347889
vt 0.9423757 0.8367025
vt 0.9305682 0.8320745
vt 0.9247759 0.8125058
vt 0.9245047 0.7915828
vt 0.5520114 0.1460952
vt 0.5400382 0.1491870
vt 0.5331060 0.1474277
vt 0.5147320 0.1517357
vt 0.5000652 0.1554469
vt 0.4782275 0.1616866
vt 0.4782275 0.1616866
vt 0.4775368 0.1627666
vt 0.9244836 0.7863137
vt 0.5734898 0.1409897
vt 0.5366060 0.1472746
vt 0.9282439 0.7907351
vt 0.9286240 0.7863336
vt 0.9318537 0.8125505
vt 0.9345266 0.8234912
vt 0.9378526 0.8319091
vt 0.9837852 0.8391086
vt 0.9658145 0.8340929
vt 0.9655975 0.8354445
vt 0.9826739 0.8397707
vt 0.9537152 0.8336965
vt 0.9536477 0.8347889
vt 0.9429300 0.8355012
vt 0.9423757 0.8367025
vt 0.5333177 0.1485785
vt 0.5150274 0.1528267
vt 0.5147320 0.1517357
vt 0.5331060 0.1474277
vt 0.5003926 0.1565877
vt 0.5000652 0.1554469
vt 0.4775368 0.1627666
vt 0.4782275 0.1616866
vt 0.5360581 0.1484000
vt 0.5366060 0.1472746
vt 0.5400382 0.1491870
vt 0.5399200 0.1501316
vt 0.9294812 0.7905300
vt 0.9298759 0.7864149
vt 0.9286240 0.7863336
vt 0.9282439 0.7907351
vt 0.9330850 0.8124819
vt 0.9318537 0.8125505
vt 0.9354497 0.8221821
vt 0.9345266 0.8234912
vt 0.9378526 0.8319091
vt 0.9393640 0.8317336
vt 0.7286440 0.0121470
vt 0.7324512 0.0425494
vt 0.9442957 0.0235849
vt 0.9212162 0.0237743
vt 0.9219314 0.0141796
vt 0.8585731 0.0241660
vt 0.8589985 0.0134227
vt 0.8421136 0.0242463
vt 0.8337434 0.0306100
vt 0.8315321 0.0455365
vt 0.8286586 0.0449322
vt 0.9505103 0.0505345
vt 0.9475048 0.0501909
vt 0.9462541 0.0304467
vt 0.9490386 0.0298452
vt 0.9430975 0.0260352
vt 0.9442957 0.0235849
vt 0.9212923 0.0266441
vt 0.9212162 0.0237743
vt 0.8585845 0.0270481
vt 0.8585731 0.0241660
vt 0.8430167 0.0269306
vt 0.8421136 0.0242463
vt 0.8360813 0.0322163
vt 0.8337434 0.0306100
vt 0.7956991 0.5959599
vt 0.7858563 0.6319020
vt 0.7852186 0.6310847
vt 0.7946773 0.5958960
vt 0.9841785 0.0081436
vt 0.9840851 0.0475786
vt 0.9830117 0.0477232
vt 0.9831604 0.0092444
vt 0.9373223 0.7699572
vt 0.9359314 0.7708787
vt 0.9359314 0.7708787
vt 0.9241872 0.7708656
vt 0.9014633 0.7708285
vt 0.8664185 0.7675967
vt 0.8457892 0.7439868
vt 0.5986177 0.1349207
vt 0.8728703 0.7706013
vt 0.6041952 0.1308173
vt 0.6179258 0.1037296
vt 0.6189028 0.1042494
vt 0.6053411 0.1312083
vt 0.8369148 0.7301037
vt 0.8457892 0.7439868
vt 0.8468068 0.7433757
vt 0.6247841 0.0892209
vt 0.5522763 0.1472117
vt 0.5520114 0.1460952
vt 0.5736834 0.1421031
vt 0.5734898 0.1409897
vt 0.9373223 0.7699572
vt 0.9241936 0.7697061
vt 0.9241872 0.7708656
vt 0.9359314 0.7708787
vt 0.9014361 0.7696742
vt 0.9014633 0.7708285
vt 0.8664185 0.7675967
vt 0.8671014 0.7665769
vt 0.5998012 0.1356069
vt 0.5986177 0.1349207
vt 0.8728703 0.7706013
vt 0.8737501 0.7695345
vt 0.7861645 0.0424396
vt 0.7799990 0.0692911
vt 0.7869220 0.0573105
vt 0.7460736 0.0625818
vt 0.7246003 0.0742188
vt 0.7799990 0.0692911
vt 0.7869220 0.0573105
vt 0.7869220 0.0573105
vt 0.7799990 0.0692911
vt 0.7442842 0.0705087
vt 0.7460736 0.0625818
vt 0.7316591 0.0720248
vt 0.7349299 0.0644997
vt 0.7293641 0.0676319
vt 0.7246003 0.0742188
vt 0.7293641 0.0676319
vt 0.7349299 0.0644997
vt 0.7246003 0.0742188
vt 0.6831139 0.6553268
vt 0.6997272 0.6557733
vt 0.6981360 0.6422150
vt 0.2282811 0.6550604
vt 0.0256885 0.6588817
vt 0.0275153 0.6420523
vt 0.0292923 0.6584215
vt 0.0289115 0.6802298
vt 0.0245688 0.6797646
vt 0.0278115 0.6951045
vt 0.0231376 0.6945281
vt 0.4489008 0.0849136
vt 0.0448305 0.5680679
vt 0.0419761 0.5802137
vt 0.0412916 0.5685451
vt 0.0457363 0.5144390
vt 0.0429548 0.5145717
vt 0.0155149 0.5685612
vt 0.0131077 0.5180643
vt 0.0160199 0.5177399
vt 0.0184043 0.5680400
vt 0.0193766 0.6200963
vt 0.0222102 0.6192218
vt 0.0466247 0.6193316
vt 0.0448972 0.6287718
vt 0.0422839 0.6275029
vt 0.0429517 0.6195139
vt 0.0405415 0.6340796
vt 0.0391951 0.6315073
vt 0.0270093 0.6333905
vt 0.0265473 0.6292169
vt 0.0229717 0.6304417
vt 0.1159794 0.5557238
vt 0.1368342 0.5704352
vt 0.1372180 0.5655755
vt 0.1603447 0.5827426
vt 0.1604151 0.5870100
vt 0.1159794 0.5557238
vt 0.1190111 0.5522472
vt 0.1125870 0.5525434
vt 0.1162405 0.5495344
vt 0.1104102 0.5476451
vt 0.1144805 0.5461831
vt 0.1084047 0.5123460
vt 0.1124682 0.5120080
vt 0.1603447 0.5827426
vt 0.1646709 0.5817993
vt 0.1372180 0.5655755
vt 0.1510577 0.5598893
vt 0.1684060 0.5736536
vt 0.1603447 0.5827426
vt 0.1190111 0.5522472
vt 0.1379216 0.5495020
vt 0.1162405 0.5495344
vt 0.1360567 0.5480567
vt 0.1144805 0.5461831
vt 0.1349401 0.5459797
vt 0.1124682 0.5120080
vt 0.1341371 0.5124267
vt 0.1646709 0.5817993
vt 0.2172397 0.1334471
vt 0.2197559 0.1261889
vt 0.2637156 0.1207290
vt 0.2648765 0.1278699
vt 0.6805683 0.8225726
vt 0.7129463 0.8227898
vt 0.8066574 0.8228482
vt 0.8080909 0.8325958
vt 0.7064047 0.8326222
vt 0.7053893 0.8336985
vt 0.8081983 0.8336765
vt 0.8773877 0.8327038
vt 0.8785446 0.8335882
vt 0.6785697 0.8324769
vt 0.6805711 0.8336734
vt 0.6790814 0.8237423
vt 0.7123938 0.8239962
vt 0.7129463 0.8227898
vt 0.6805683 0.8225726
vt 0.8067437 0.8240427
vt 0.8066574 0.8228482
vt 0.8774751 0.8237967
vt 0.8786487 0.8228006
vt 0.8774751 0.8237967
vt 0.8773877 0.8327038
vt 0.8785446 0.8335882
vt 0.8786487 0.8228006
vt 0.3493781 0.8288988
vt 0.3487559 0.8100507
vt 0.4274797 0.7863795
vt 0.4752774 0.8069987
vt 0.4271581 0.8072444
vt 0.4271581 0.8072444
vt 0.4267528 0.8072703
vt 0.4251571 0.8073704
vt 0.4239257 0.8072336
vt 0.4800541 0.8307206
vt 0.4799603 0.8108197
vt 0.4750784 0.8376727
vt 0.4277611 0.8375394
vt 0.4261864 0.8376699
vt 0.4246339 0.8375502
vt 0.4261864 0.8376699
vt 0.4277611 0.8375394
vt 0.3716432 0.8376368
vt 0.4246339 0.8375502
vt 0.3668676 0.8288484
vt 0.3669421 0.8107903
vt 0.3715056 0.8069628
vt 0.4239257 0.8072336
vt 0.3671422 0.8338336
vt 0.4796261 0.8338424
vt 0.3671422 0.8338336
vt 0.3680040 0.8334482
vt 0.3668676 0.8288484
vt 0.3677717 0.8111121
vt 0.3669421 0.8107903
vt 0.3718064 0.8076953
vt 0.3715056 0.8069628
vt 0.3963478 0.8077614
vt 0.4255172 0.8081961
vt 0.4244049 0.8113227
vt 0.4249882 0.8332504
vt 0.4260410 0.8333961
vt 0.4255100 0.8115849
vt 0.4261447 0.8367453
vt 0.4249773 0.8366692
vt 0.4246339 0.8375502
vt 0.4261864 0.8376699
vt 0.3963887 0.8369072
vt 0.3716432 0.8376368
vt 0.3719397 0.8369847
vt 0.4277611 0.8375394
vt 0.4273852 0.8366672
vt 0.4261447 0.8367453
vt 0.4261864 0.8376699
vt 0.4273328 0.8332467
vt 0.4268595 0.8113273
vt 0.4255100 0.8115849
vt 0.4260410 0.8333961
vt 0.4255172 0.8081961
vt 0.4255114 0.8073972
vt 0.4271581 0.8072444
vt 0.4267981 0.8081952
vt 0.4512767 0.8077819
vt 0.4752774 0.8069987
vt 0.4748693 0.8077372
vt 0.4789620 0.8111275
vt 0.4799603 0.8108197
vt 0.4787305 0.8334166
vt 0.4800541 0.8307206
vt 0.4796261 0.8338424
vt 0.4747154 0.8369805
vt 0.4750784 0.8376727
vt 0.4513567 0.8369123
vt 0.4267981 0.8081952
vt 0.4243306 0.8081759
vt 0.4249773 0.8366692
vt 0.4261447 0.8367453
vt 0.4273852 0.8366672
vt 0.4261447 0.8367453
vt 0.4481094 0.8333313
vt 0.4273328 0.8332467
vt 0.4273852 0.8366672
vt 0.4513567 0.8369123
vt 0.4479799 0.8111597
vt 0.4268595 0.8113273
vt 0.4512767 0.8077819
vt 0.4267981 0.8081952
vt 0.4748693 0.8077372
vt 0.4632775 0.8232654
vt 0.4789620 0.8111275
vt 0.4787305 0.8334166
vt 0.4747154 0.8369805
vt 0.4513567 0.8369123
vt 0.4481094 0.8333313
vt 0.4479799 0.8111597
vt 0.4512767 0.8077819
vt 0.3680040 0.8334482
vt 0.3837512 0.8233079
vt 0.3677717 0.8111121
vt 0.3718064 0.8076953
vt 0.3963478 0.8077614
vt 0.3993264 0.8111435
vt 0.3992898 0.8333302
vt 0.3963887 0.8369072
vt 0.3719397 0.8369847
vt 0.4243306 0.8081759
vt 0.4239257 0.8072336
vt 0.3157369 0.2913920
vt 0.3140005 0.3073040
vt 0.3691629 0.3064305
vt 0.3602573 0.2913920
vt 0.0478938 0.9664662
vt 0.0516590 0.9735775
vt 0.0498593 0.9656727
vt 0.0460047 0.9674270
vt 0.0498179 0.9752645
vt 0.0424338 0.9703846
vt 0.0476245 0.9784679
vt 0.0442137 0.9688013
vt 0.0401610 0.9732335
vt 0.0773474 0.9661863
vt 0.0795117 0.9741378
vt 0.0792471 0.9653764
vt 0.0755469 0.9670813
vt 0.0737280 0.9681389
vt 0.0720000 0.9694617
vt 0.0755741 0.9778688
vt 0.0698391 0.9711869
vt 0.0884653 0.9659915
vt 0.0867208 0.9736133
vt 0.0904228 0.9667864
vt 0.0866636 0.9653478
vt 0.0836930 0.9724131
vt 0.0923425 0.9677768
vt 0.0903837 0.9776852
vt 0.0941508 0.9690039
vt 0.0967219 0.9709306
vt 0.0669979 0.9724014
vt 0.0608014 0.9790335
vt 0.0678123 0.9736736
vt 0.0660037 0.9709229
vt 0.0584933 0.9755859
vt 0.0644676 0.9693406
vt 0.0628112 0.9678745
vt 0.0607006 0.9662867
vt 0.0583185 0.9655979
vt 0.0547117 0.9732149
vt 0.0563041 0.9652295
vt 0.0575111 0.9654400
vt 0.0542094 0.9650238
vt 0.0519601 0.9649949
vt 0.0850791 0.9651430
vt 0.0833867 0.9650681
vt 0.0813234 0.9651303
vt 0.0396630 0.9748101
vt 0.0463191 0.9808242
vt 0.0682521 0.9738603
vt 0.0615001 0.9807553
vt 0.0683873 0.9755628
vt 0.0687429 0.9727561
vt 0.0730174 0.9795418
vt 0.0933193 0.9794729
vt 0.0975876 0.9722369
vt 0.0795117 0.9741378
vt 0.0755741 0.9778688
vt 0.0903837 0.9776852
vt 0.0867208 0.9736133
vt 0.0750443 0.9803648
vt 0.0907598 0.9805076
vt 0.0836930 0.9724131
vt 0.0476245 0.9784679
vt 0.0463191 0.9808242
vt 0.0615001 0.9807553
vt 0.0608014 0.9790335
vt 0.0584933 0.9755859
vt 0.0498179 0.9752645
vt 0.0547117 0.9732149
vt 0.0516590 0.9735775
vt 0.0318784 0.9814098
vt 0.0303799 0.9878356
vt 0.0602321 0.9881072
vt 0.0556220 0.9815321
vt 0.0649606 0.9816542
vt 0.0754321 0.9882452
vt 0.0740593 0.9818068
vt 0.0754949 0.9813344
vt 0.0304430 0.9808969
vt 0.0143098 0.9810407
vt 0.0130197 0.9815559
vt 0.0142578 0.9876893
vt 0.0089938 0.9816885
vt 0.0054829 0.9826713
vt 0.0038654 0.9875951
vt 0.0909689 0.9883869
vt 0.0986735 0.9881690
vt 0.0968477 0.9836142
vt 0.0910299 0.9816873
vt 0.0954633 0.9827623
vt 0.0932921 0.9820905
vt 0.0990462 0.9927733
vt 0.2465383 0.3168941
vt 0.2411800 0.3182990
vt 0.1858793 0.3137851
vt 0.1861999 0.3111286
vt 0.1767707 0.3141827
vt 0.1753098 0.3112711
vt 0.1684088 0.3229415
vt 0.1656553 0.3228451
vt 0.1714064 0.3270649
vt 0.1696380 0.3291404
vt 0.1794803 0.3300402
vt 0.1789400 0.3326832
vt 0.2270097 0.3344056
vt 0.2286339 0.3372902
vt 0.2411800 0.3182990
vt 0.2391618 0.3188029
vt 0.1853420 0.3157388
vt 0.1858793 0.3137851
vt 0.1771898 0.3160158
vt 0.1767707 0.3141827
vt 0.1767707 0.3141827
vt 0.1771898 0.3160158
vt 0.1696167 0.3228236
vt 0.1684088 0.3229415
vt 0.1684088 0.3229415
vt 0.1696167 0.3228236
vt 0.1720209 0.3253998
vt 0.1714064 0.3270649
vt 0.1795879 0.3280471
vt 0.1794803 0.3300402
vt 0.2261766 0.3327210
vt 0.2270097 0.3344056
vt 0.2270097 0.3344056
vt 0.2261766 0.3327210
vt 0.2391618 0.3188029
vt 0.2411800 0.3182990
vt 0.2330913 0.3360652
vt 0.2418922 0.3446460
vt 0.2414283 0.3455041
vt 0.3010077 0.3456243
vt 0.3046936 0.3470132
vt 0.3030267 0.3203550
vt 0.3053451 0.3194050
vt 0.2488129 0.3194337
vt 0.3084954 0.3458826
vt 0.3082404 0.3207657
vt 0.2330913 0.3360652
vt 0.2512151 0.3349572
vt 0.2418922 0.3446460
vt 0.2944572 0.3364807
vt 0.3010077 0.3456243
vt 0.3010077 0.3456243
vt 0.2944572 0.3364807
vt 0.2971090 0.3236514
vt 0.3030267 0.3203550
vt 0.3030267 0.3203550
vt 0.2971090 0.3236514
vt 0.2527313 0.3283500
vt 0.2488129 0.3194337
vt 0.2488129 0.3194337
vt 0.2527313 0.3283500
vt 0.2512151 0.3349572
vt 0.2330913 0.3360652
vt 0.3151763 0.3374991
vt 0.3084954 0.3458826
vt 0.3082404 0.3207657
vt 0.3147452 0.3249111
vt 0.3151763 0.3374991
vt 0.3084954 0.3458826
vt 0.5305120 0.1660103
vt 0.5304087 0.1686076
vt 0.5136559 0.1700071
vt 0.5113274 0.1671688
vt 0.5118099 0.1708881
vt 0.5097736 0.1679385
vt 0.5101436 0.1722477
vt 0.5084749 0.1692459
vt 0.5029534 0.1792508
vt 0.4999716 0.1784710
vt 0.4921584 0.1902149
vt 0.4886931 0.1893030
vt 0.5304087 0.1686076
vt 0.5302845 0.1786104
vt 0.5144302 0.1798672
vt 0.5136559 0.1700071
vt 0.5127572 0.1805970
vt 0.5118099 0.1708881
vt 0.5112705 0.1815751
vt 0.5101436 0.1722477
vt 0.5048979 0.1866619
vt 0.5029534 0.1792508
vt 0.4952855 0.1960101
vt 0.4921584 0.1902149
vt 0.4883758 0.1955966
vt 0.4875537 0.1916481
vt 0.4921584 0.1902149
vt 0.4886931 0.1893030
vt 0.5084252 0.2063095
vt 0.5310396 0.2059808
vt 0.5310208 0.2073466
vt 0.5074788 0.2083264
vt 0.5312285 0.2516869
vt 0.5309033 0.2559270
vt 0.5001534 0.2570203
vt 0.5006082 0.2527701
vt 0.5314137 0.2485536
vt 0.5314478 0.2463732
vt 0.5029709 0.2469490
vt 0.5016619 0.2497188
vt 0.5059141 0.2266161
vt 0.5314534 0.2261447
vt 0.5314347 0.2275088
vt 0.5049657 0.2286325
vt 0.5311473 0.1868759
vt 0.5105444 0.1888277
vt 0.5121931 0.1847382
vt 0.5310382 0.1833364
vt 0.5312604 0.2306443
vt 0.5308946 0.2357508
vt 0.5034350 0.2368109
vt 0.5039327 0.2316888
vt 0.5308535 0.2104855
vt 0.5305036 0.2155959
vt 0.5060059 0.2165144
vt 0.5064647 0.2113878
vt 0.5311285 0.1900356
vt 0.5310264 0.1951662
vt 0.5095832 0.1970854
vt 0.5097192 0.1919453
vt 0.5310396 0.2059808
vt 0.5304102 0.1993108
vt 0.5314534 0.2261447
vt 0.5307824 0.2194848
vt 0.5084252 0.2063095
vt 0.5075604 0.1996018
vt 0.5314478 0.2463732
vt 0.5307543 0.2397200
vt 0.5029709 0.2469490
vt 0.5019386 0.2402600
vt 0.5059141 0.2266161
vt 0.5049509 0.2199191
vt 0.6367841 0.2468440
vt 0.6367841 0.2237558
vt 0.6376961 0.2236080
vt 0.6376956 0.2466962
vt 0.6367847 0.2226114
vt 0.6367851 0.1995232
vt 0.6376969 0.1993754
vt 0.6376969 0.2224636
vt 0.6376961 0.2236080
vt 0.6415856 0.2250283
vt 0.6415856 0.2481165
vt 0.6376956 0.2466962
vt 0.6367841 0.2468440
vt 0.6328943 0.2482643
vt 0.6328941 0.2251761
vt 0.6367841 0.2237558
vt 0.6376969 0.1993754
vt 0.6415869 0.2007957
vt 0.6415869 0.2238839
vt 0.6376969 0.2224636
vt 0.6367847 0.2226114
vt 0.6328954 0.2240317
vt 0.6328954 0.2009435
vt 0.6367851 0.1995232
vt 0.9584477 0.4285338
vt 0.9587287 0.4224306
vt 0.9497204 0.4224204
vt 0.9501581 0.4283822
vt 0.9644142 0.4285029
vt 0.9439409 0.4281844
vt 0.9626408 0.6508876
vt 0.9572483 0.6544244
vt 0.9585490 0.8208652
vt 0.9641868 0.8212197
vt 0.9491591 0.6541349
vt 0.9504531 0.8209913
vt 0.9446115 0.8213922
vt 0.9433938 0.6504351
vt 0.9636418 0.4390092
vt 0.9582280 0.4432443
vt 0.9571848 0.6470745
vt 0.9626408 0.6508876
vt 0.9501708 0.4442904
vt 0.9491277 0.6470039
vt 0.9433938 0.6504351
vt 0.9443629 0.4412588
vt 0.9582042 0.4359312
vt 0.9636418 0.4390092
vt 0.9500997 0.4369748
vt 0.9443629 0.4412588
vt 0.9586644 0.8266800
vt 0.9501253 0.8267068
vt 0.9626408 0.6508876
vt 0.9571848 0.6470745
vt 0.9491277 0.6470039
vt 0.9433938 0.6504351
vt 0.9491591 0.6541349
vt 0.9572483 0.6544244
vt 0.9626408 0.6508876
vt 0.9433938 0.6504351
vt 0.9501708 0.4442904
vt 0.9582280 0.4432443
vt 0.9636418 0.4390092
vt 0.9443629 0.4412588
vt 0.9636418 0.4390092
vt 0.9582042 0.4359312
vt 0.9500997 0.4369748
vt 0.9443629 0.4412588
vt 0.9851236 0.7940646
vt 0.9786540 0.7940517
vt 0.9784070 0.8298608
vt 0.9838827 0.8300338
vt 0.9831839 0.5430450
vt 0.9776645 0.5429766
vt 0.9789798 0.7546521
vt 0.9846646 0.7545862
vt 0.9766998 0.3571399
vt 0.9767828 0.4216338
vt 0.9823214 0.4213102
vt 0.9815435 0.3562587
vt 0.9708132 0.8286936
vt 0.9786540 0.7940517
vt 0.9716341 0.7946355
vt 0.9851236 0.7940646
vt 0.9929608 0.8289009
vt 0.9918278 0.7946198
vt 0.9776645 0.5429766
vt 0.9699578 0.5429587
vt 0.9706649 0.7550585
vt 0.9789798 0.7546521
vt 0.9846646 0.7545862
vt 0.9926768 0.7549009
vt 0.9906174 0.5429713
vt 0.9831839 0.5430450
vt 0.9823214 0.4213102
vt 0.9896827 0.4209695
vt 0.9889489 0.3509946
vt 0.9815435 0.3562587
vt 0.9766998 0.3571399
vt 0.9689707 0.3522979
vt 0.9690989 0.4215195
vt 0.9767828 0.4216338
vt 0.9742964 0.3482966
vt 0.9766998 0.3571399
vt 0.9815435 0.3562587
vt 0.9812440 0.3471344
vt 0.3160111 0.8800731
vt 0.3347036 0.8785443
vt 0.3367963 0.8637166
vt 0.3128329 0.8637166
vt 0.3160111 0.8800731
vt 0.3128329 0.8637166
vt 0.3096980 0.8685260
vt 0.3118317 0.8818150
vt 0.3027475 0.8759923
vt 0.3057712 0.8924170
vt 0.3089523 0.8874650
vt 0.3066882 0.8743334
vt 0.3027475 0.8759923
vt 0.2842448 0.8776956
vt 0.2816202 0.8924170
vt 0.3057712 0.8924170
vt 0.3347036 0.8785443
vt 0.3386396 0.8796430
vt 0.3399149 0.8680878
vt 0.3367963 0.8637166
vt 0.2842448 0.8776956
vt 0.2800892 0.8764238
vt 0.2786048 0.8880320
vt 0.2816202 0.8924170
vt 0.2842448 0.8776956
vt 0.2947811 0.8622689
vt 0.2800892 0.8764238
vt 0.3347036 0.8785443
vt 0.3290986 0.8944874
vt 0.3386396 0.8796430
vt 0.3118317 0.8818150
vt 0.3160111 0.8800731
vt 0.3066882 0.8743334
vt 0.3027475 0.8759923
vt 0.6624063 0.0987733
vt 0.6590206 0.0988692
vt 0.6603685 0.2366344
vt 0.6638015 0.2366597
vt 0.6590844 0.2683431
vt 0.6622984 0.2717935
vt 0.6622984 0.2717935
vt 0.6590844 0.2683431
vt 0.6514261 0.2681789
vt 0.6483847 0.2717714
vt 0.6483847 0.2717714
vt 0.6514261 0.2681789
vt 0.6505525 0.2288798
vt 0.6473417 0.2289073
vt 0.6491980 0.1011995
vt 0.6460268 0.1011923
vt 0.6484299 0.0135039
vt 0.6452928 0.0099501
vt 0.6452928 0.0099501
vt 0.6484299 0.0135039
vt 0.6567824 0.0130487
vt 0.6600527 0.0094148
vt 0.6600527 0.0094148
vt 0.6567824 0.0130487
vt 0.6590206 0.0988692
vt 0.6541131 0.1000301
vt 0.6553312 0.2326454
vt 0.6603685 0.2366344
vt 0.6553586 0.2650770
vt 0.6590844 0.2683431
vt 0.6590844 0.2683431
vt 0.6553586 0.2650770
vt 0.6514261 0.2681789
vt 0.6514261 0.2681789
vt 0.6553586 0.2650770
vt 0.6553312 0.2326454
vt 0.6505525 0.2288798
vt 0.6541131 0.1000301
vt 0.6491980 0.1011995
vt 0.6526728 0.0165818
vt 0.6484299 0.0135039
vt 0.6484299 0.0135039
vt 0.6526728 0.0165818
vt 0.6567824 0.0130487
vt 0.6567824 0.0130487
vt 0.6526728 0.0165818
vt 0.6709764 0.1551717
vt 0.3068470 0.2919069
vt 0.3079876 0.3078457
vt 0.3147452 0.3249111
vt 0.3082404 0.3207657
vt 0.2881654 0.2770334
vt 0.2860515 0.2658835
vt 0.3053352 0.2664543
vt 0.3088358 0.2772318
vt 0.2902354 0.2875462
vt 0.3170283 0.2885032
vt 0.2551826 0.2875844
vt 0.2551825 0.2869549
vt 0.3068379 0.2672272
vt 0.3078242 0.2684770
vt 0.3117379 0.2772542
vt 0.2551826 0.2651945
vt 0.2221996 0.2770334
vt 0.2015291 0.2772313
vt 0.2050296 0.2664543
vt 0.2243136 0.2658835
vt 0.2201296 0.2875462
vt 0.1933365 0.2885032
vt 0.2035269 0.2672272
vt 0.2025407 0.2684770
vt 0.1986269 0.2772542
vt 0.2401284 0.9046518
vt 0.2133261 0.8825943
vt 0.2350125 0.8849151
vt 0.1811013 0.8520581
vt 0.2311696 0.8565652
vt 0.2416150 0.8573601
vt 0.2449825 0.8858053
vt 0.2376654 0.8849246
vt 0.2337702 0.8565847
vt 0.2532303 0.9118015
vt 0.2428957 0.9049327
vt 0.2449825 0.8858053
vt 0.2416150 0.8573601
vt 0.2449828 0.8587329
vt 0.2481248 0.8850986
vt 0.2413560 0.9042851
vt 0.2401284 0.9046518
vt 0.2350125 0.8849151
vt 0.2363392 0.8849136
vt 0.2311696 0.8565652
vt 0.2324730 0.8565561
vt 0.2324730 0.8565561
vt 0.2337702 0.8565847
vt 0.2376654 0.8849246
vt 0.2363392 0.8849136
vt 0.2428957 0.9049327
vt 0.2413560 0.9042851
vt 0.2663276 0.9123084
vt 0.2587208 0.9080741
vt 0.2512440 0.8844010
vt 0.2679358 0.8865115
vt 0.2481647 0.8615262
vt 0.2650323 0.8618748
vt 0.2532303 0.9118015
vt 0.2561898 0.9103224
vt 0.2561898 0.9103224
vt 0.2481248 0.8850986
vt 0.2512440 0.8844010
vt 0.2587208 0.9080741
vt 0.2449828 0.8587329
vt 0.2481647 0.8615262
vt 0.2449828 0.8587329
vt 0.2676069 0.8588378
vt 0.2650323 0.8618748
vt 0.2481647 0.8615262
vt 0.2676069 0.8588378
vt 0.2712458 0.8864147
vt 0.2679358 0.8865115
vt 0.2650323 0.8618748
vt 0.2688151 0.9166481
vt 0.2663276 0.9123084
vt 0.2688151 0.9166481
vt 0.2663276 0.9123084
vt 0.4524218 0.9298476
vt 0.5002093 0.9313242
vt 0.5002051 0.9318398
vt 0.4524323 0.9303632
vt 0.5003710 0.9271105
vt 0.5003032 0.9292691
vt 0.4525677 0.9277940
vt 0.4526050 0.9256325
vt 0.5002051 0.9318398
vt 0.5002667 0.9339110
vt 0.4524865 0.9324239
vt 0.4524323 0.9303632
vt 0.5631991 0.9302686
vt 0.5636856 0.9300887
vt 0.5651085 0.9315808
vt 0.5630788 0.9323250
vt 0.5107056 0.9309842
vt 0.5106177 0.9289279
vt 0.5630498 0.9277057
vt 0.5632028 0.9297570
vt 0.4519513 0.9301684
vt 0.4524323 0.9303632
vt 0.4524865 0.9324239
vt 0.4504816 0.9316144
vt 0.5632028 0.9297570
vt 0.5631991 0.9302686
vt 0.5106944 0.9315008
vt 0.5107056 0.9309842
vt 0.5629546 0.9255466
vt 0.5630498 0.9277057
vt 0.5106177 0.9289279
vt 0.5104886 0.9267718
vt 0.5631991 0.9302686
vt 0.5630788 0.9323250
vt 0.5106815 0.9335415
vt 0.5106944 0.9315008
vt 0.4524218 0.9298476
vt 0.4525677 0.9277940
vt 0.5003032 0.9292691
vt 0.5002093 0.9313242
vt 0.5004447 0.9365154
vt 0.5108840 0.9360904
vt 0.5110362 0.9382403
vt 0.5005947 0.9386681
vt 0.4980077 0.9388433
vt 0.4978620 0.9366870
vt 0.5004447 0.9365154
vt 0.5005947 0.9386681
vt 0.5108840 0.9360904
vt 0.5004447 0.9365154
vt 0.5445141 0.8790215
vt 0.5509151 0.8800613
vt 0.5505002 0.8826202
vt 0.5441414 0.8815848
vt 0.5110678 0.9408300
vt 0.5006269 0.9412587
vt 0.5005947 0.9386681
vt 0.5110362 0.9382403
vt 0.4621346 0.8754748
vt 0.4617361 0.8733522
vt 0.5432993 0.8726702
vt 0.5445141 0.8790215
vt 0.4611775 0.8827187
vt 0.4611909 0.8801263
vt 0.5423949 0.8878017
vt 0.5423817 0.8903916
vt 0.4611909 0.8801263
vt 0.4617830 0.8780447
vt 0.5441414 0.8815848
vt 0.5423949 0.8878017
vt 0.4617830 0.8780447
vt 0.4621346 0.8754748
vt 0.5445141 0.8790215
vt 0.5441414 0.8815848
vt 0.5503379 0.8967242
vt 0.5030008 0.8975813
vt 0.5029933 0.8971109
vt 0.5502965 0.8962573
vt 0.5029079 0.9014263
vt 0.5028798 0.8994562
vt 0.5501654 0.8985916
vt 0.5500550 0.9005587
vt 0.5029933 0.8971109
vt 0.5028187 0.8952435
vt 0.5499392 0.8944142
vt 0.5502965 0.8962573
vt 0.4543507 0.9017372
vt 0.4543611 0.9012650
vt 0.4561019 0.9005543
vt 0.4560603 0.9025245
vt 0.4933274 0.8976852
vt 0.4932632 0.8995661
vt 0.4561019 0.9005543
vt 0.4561766 0.8986773
vt 0.5518457 0.8994333
vt 0.5518200 0.8999050
vt 0.5500550 0.9005587
vt 0.5501654 0.8985916
vt 0.4561766 0.8986773
vt 0.4561408 0.8982096
vt 0.4933227 0.8972083
vt 0.4933274 0.8976852
vt 0.4560603 0.9025245
vt 0.4561019 0.9005543
vt 0.4932632 0.8995661
vt 0.4933806 0.9015338
vt 0.4561408 0.8982096
vt 0.4559052 0.8963451
vt 0.4931964 0.8953289
vt 0.4933227 0.8972083
vt 0.5503379 0.8967242
vt 0.5501654 0.8985916
vt 0.5028798 0.8994562
vt 0.5030008 0.8975813
vt 0.5026397 0.8928937
vt 0.4929920 0.8929707
vt 0.4930011 0.8909993
vt 0.5026506 0.8909245
vt 0.5050154 0.8909398
vt 0.5050026 0.8929103
vt 0.5026397 0.8928937
vt 0.5026506 0.8909245
vt 0.4929920 0.8929707
vt 0.5026397 0.8928937
vt 0.5495788 0.9170061
vt 0.5431388 0.9168801
vt 0.5432771 0.9145229
vt 0.5496606 0.9146441
vt 0.4685625 0.9138170
vt 0.4590045 0.9148105
vt 0.4589359 0.9124482
vt 0.4685712 0.9114536
vt 0.4689288 0.9157503
vt 0.4685625 0.9138170
vt 0.5431388 0.9168801
vt 0.5428668 0.9232896
vt 0.5432771 0.9145229
vt 0.5431388 0.9168801
vt 0.4685712 0.9114536
vt 0.4690969 0.9095464
vt 0.5435210 0.9081234
vt 0.5432771 0.9145229
vt 0.4690969 0.9095464
vt 0.4690589 0.9071806
vt 0.5433668 0.9057679
vt 0.5435210 0.9081234
vt 0.4575417 0.9446377
vt 0.5077488 0.9527335
vt 0.5070205 0.9547909
vt 0.4570219 0.9466116
vt 0.4550289 0.9467185
vt 0.4556674 0.9447687
vt 0.4575417 0.9446377
vt 0.4570219 0.9466116
vt 0.4575242 0.9427122
vt 0.5074668 0.9508115
vt 0.5077488 0.9527335
vt 0.4575417 0.9446377
vt 0.5583718 0.9450944
vt 0.5606048 0.9451973
vt 0.5607101 0.9471366
vt 0.5585213 0.9475314
vt 0.5066081 0.9566709
vt 0.4564376 0.9484727
vt 0.4570219 0.9466116
vt 0.5070205 0.9547909
vt 0.5074668 0.9508115
vt 0.5060709 0.9491493
vt 0.5469010 0.9422750
vt 0.5480611 0.9460593
vt 0.5479590 0.9518253
vt 0.5476836 0.9537367
vt 0.5484924 0.9478551
vt 0.5479590 0.9518253
vt 0.5480611 0.9460593
vt 0.5484924 0.9478551
vt 0.5586144 0.9540230
vt 0.5570517 0.9536201
vt 0.5575058 0.9517092
vt 0.5590724 0.9521355
vt 0.5585213 0.9475314
vt 0.5570529 0.9472712
vt 0.5568326 0.9458007
vt 0.5583718 0.9450944
vt 0.5567300 0.9412630
vt 0.5581416 0.9424550
vt 0.5583718 0.9450944
vt 0.5568326 0.9458007
vt 0.5585213 0.9475314
vt 0.5587621 0.9502867
vt 0.5575058 0.9517092
vt 0.5570529 0.9472712
vt 0.5575058 0.9517092
vt 0.5570517 0.9536201
vt 0.5568326 0.9458007
vt 0.5570529 0.9472712
vt 0.0081409 0.9730105
vt 0.0076072 0.9728525
vt 0.0079102 0.9714890
vt 0.0086297 0.9717021
vt 0.0076072 0.9728525
vt 0.0070569 0.9727697
vt 0.0071681 0.9713774
vt 0.0079102 0.9714890
vt 0.0070569 0.9727697
vt 0.0065003 0.9727640
vt 0.0064177 0.9713696
vt 0.0071681 0.9713774
vt 0.0065003 0.9727640
vt 0.0059483 0.9728354
vt 0.0056734 0.9714659
vt 0.0064177 0.9713696
vt 0.0059483 0.9728354
vt 0.0054115 0.9729825
vt 0.0049497 0.9716643
vt 0.0056734 0.9714659
vt 0.0080189 0.9702313
vt 0.0077797 0.9709425
vt 0.0068047 0.9702188
vt 0.0071681 0.9713774
vt 0.0064177 0.9713696
vt 0.0058151 0.9709224
vt 0.0055906 0.9702064
vt 0.0075038 0.9731015
vt 0.0076703 0.9736326
vt 0.0067698 0.9736233
vt 0.0058693 0.9736141
vt 0.0060467 0.9730865
vt 0.0065003 0.9727640
vt 0.0070569 0.9727697
vt 0.0092679 0.9597813
vt 0.0092624 0.9596013
vt 0.0097646 0.9595990
vt 0.0097682 0.9597788
vt 0.0092624 0.9596013
vt 0.0092624 0.9594144
vt 0.0097610 0.9594119
vt 0.0097646 0.9595990
vt 0.0092624 0.9594144
vt 0.0092571 0.9592345
vt 0.0097574 0.9592320
vt 0.0097610 0.9594119
vt 0.0102648 0.9595965
vt 0.0102684 0.9597763
vt 0.0102612 0.9594095
vt 0.0102648 0.9595965
vt 0.0102577 0.9592295
vt 0.0102612 0.9594095
vt 0.0107645 0.9595944
vt 0.0107683 0.9597736
vt 0.0107611 0.9594076
vt 0.0107645 0.9595944
vt 0.0107581 0.9592275
vt 0.0107611 0.9594076
vt 0.0112602 0.9595947
vt 0.0112657 0.9597694
vt 0.0112582 0.9594091
vt 0.0112602 0.9595947
vt 0.0112598 0.9592282
vt 0.0112582 0.9594091
vt 0.0117213 0.9595905
vt 0.0117470 0.9597514
vt 0.0117254 0.9594253
vt 0.0117213 0.9595905
vt 0.0117580 0.9592548
vt 0.0117254 0.9594253
vt 0.0067668 0.9597611
vt 0.0067995 0.9595905
vt 0.0072667 0.9596067
vt 0.0072651 0.9597875
vt 0.0067995 0.9595905
vt 0.0068036 0.9594253
vt 0.0072647 0.9594212
vt 0.0072667 0.9596067
vt 0.0068036 0.9594253
vt 0.0067778 0.9592643
vt 0.0072592 0.9592463
vt 0.0072647 0.9594212
vt 0.0077638 0.9596083
vt 0.0077668 0.9597883
vt 0.0077604 0.9594213
vt 0.0077638 0.9596083
vt 0.0077566 0.9592422
vt 0.0077604 0.9594213
vt 0.0082637 0.9596063
vt 0.0082673 0.9597862
vt 0.0082602 0.9594193
vt 0.0082637 0.9596063
vt 0.0082565 0.9592395
vt 0.0082602 0.9594193
vt 0.0087640 0.9596038
vt 0.0087676 0.9597837
vt 0.0087604 0.9594168
vt 0.0087640 0.9596038
vt 0.0087568 0.9592369
vt 0.0087604 0.9594168
vt 0.0054943 0.9673268
vt 0.0075831 0.9673446
vt 0.0085205 0.9693516
vt 0.0045431 0.9693770
vt 0.0094227 0.9689175
vt 0.0084949 0.9669313
vt 0.0098209 0.9653665
vt 0.0119170 0.9659296
vt 0.0085205 0.9693516
vt 0.0075831 0.9673446
vt 0.0084949 0.9669313
vt 0.0094227 0.9689175
vt 0.0070437 0.9669926
vt 0.0060234 0.9669921
vt 0.0060248 0.9660589
vt 0.0070400 0.9660559
vt 0.0100966 0.9644250
vt 0.0121502 0.9649766
vt 0.0119170 0.9659296
vt 0.0098209 0.9653665
vt 0.0076555 0.9669906
vt 0.0070437 0.9669926
vt 0.0070400 0.9660559
vt 0.0076517 0.9660528
vt 0.0060234 0.9669921
vt 0.0055044 0.9670479
vt 0.0055059 0.9661172
vt 0.0060248 0.9660589
vt 0.0060234 0.9669921
vt 0.0070437 0.9669926
vt 0.0085722 0.9663163
vt 0.0092181 0.9655465
vt 0.0190843 0.9703270
vt 0.0170988 0.9694027
vt 0.0170988 0.9606112
vt 0.0190843 0.9596869
vt 0.0170988 0.9694027
vt 0.0190843 0.9703270
vt 0.0186465 0.9712148
vt 0.0167013 0.9703093
vt 0.0167496 0.9688725
vt 0.0168077 0.9693933
vt 0.0158733 0.9693933
vt 0.0158153 0.9688725
vt 0.0167496 0.9688725
vt 0.0167514 0.9611414
vt 0.0167496 0.9688725
vt 0.0158153 0.9688725
vt 0.0158135 0.9611414
vt 0.0167514 0.9611414
vt 0.0154862 0.9693933
vt 0.0154862 0.9606206
vt 0.0158135 0.9611414
vt 0.0158153 0.9688725
vt 0.0081727 0.9606461
vt 0.0091102 0.9626532
vt 0.0111989 0.9626709
vt 0.0121502 0.9606208
vt 0.0068723 0.9646313
vt 0.0081983 0.9630665
vt 0.0072705 0.9610801
vt 0.0047763 0.9640682
vt 0.0081727 0.9606461
vt 0.0072705 0.9610801
vt 0.0081983 0.9630665
vt 0.0091102 0.9626532
vt 0.0096495 0.9630052
vt 0.0096533 0.9639419
vt 0.0106685 0.9639388
vt 0.0106699 0.9630057
vt 0.0065966 0.9655728
vt 0.0068723 0.9646313
vt 0.0047763 0.9640682
vt 0.0045431 0.9650211
vt 0.0090378 0.9630070
vt 0.0090416 0.9639450
vt 0.0096533 0.9639419
vt 0.0096495 0.9630052
vt 0.0106699 0.9630057
vt 0.0106685 0.9639388
vt 0.0111874 0.9638806
vt 0.0111888 0.9629499
vt 0.0096495 0.9630052
vt 0.0106699 0.9630057
vt 0.0074752 0.9644513
vt 0.0081210 0.9636814
vt 0.0134604 0.9596775
vt 0.0134604 0.9703364
vt 0.0170988 0.9606112
vt 0.0167013 0.9597047
vt 0.0186465 0.9587991
vt 0.0190843 0.9596869
vt 0.0167514 0.9611414
vt 0.0158135 0.9611414
vt 0.0158117 0.9605274
vt 0.0167532 0.9605274
vt 0.0112057 0.9696128
vt 0.0110912 0.9701542
vt 0.0096094 0.9701542
vt 0.0094949 0.9696128
vt 0.0112054 0.9708630
vt 0.0094952 0.9708630
vt 0.0096091 0.9703230
vt 0.0110915 0.9703230
vt 0.0112057 0.9710334
vt 0.0094949 0.9710334
vt 0.0094952 0.9708630
vt 0.0112054 0.9708630
vt 0.0093285 0.9708263
vt 0.0094418 0.9702907
vt 0.0096091 0.9703230
vt 0.0094952 0.9708630
vt 0.0096094 0.9701542
vt 0.0110912 0.9701542
vt 0.0110915 0.9703230
vt 0.0096091 0.9703230
vt 0.0112588 0.9702907
vt 0.0113720 0.9708263
vt 0.0112054 0.9708630
vt 0.0110915 0.9703230
vt 0.0122253 0.9599312
vt 0.0122901 0.9602467
vt 0.0120791 0.9602906
vt 0.0120141 0.9599740
vt 0.0123708 0.9597930
vt 0.0125849 0.9597930
vt 0.0125849 0.9602273
vt 0.0123708 0.9602273
vt 0.0123708 0.9596210
vt 0.0125849 0.9596210
vt 0.0125849 0.9597930
vt 0.0123708 0.9597930
vt 0.0127276 0.9599316
vt 0.0126630 0.9602463
vt 0.0125849 0.9602273
vt 0.0125849 0.9597930
vt 0.0125849 0.9603084
vt 0.0123708 0.9603084
vt 0.0123708 0.9602273
vt 0.0125849 0.9602273
vt 0.0122901 0.9602467
vt 0.0122253 0.9599312
vt 0.0123708 0.9597930
vt 0.0123708 0.9602273
vt 0.0190843 0.9703270
vt 0.0170988 0.9694027
vt 0.0170988 0.9606112
vt 0.0190843 0.9596869
vt 0.0170988 0.9694027
vt 0.0190843 0.9703270
vt 0.0186465 0.9712148
vt 0.0167013 0.9703093
vt 0.0167496 0.9688725
vt 0.0168077 0.9693933
vt 0.0158733 0.9693933
vt 0.0158153 0.9688725
vt 0.0167496 0.9688725
vt 0.0167514 0.9611414
vt 0.0167496 0.9688725
vt 0.0158153 0.9688725
vt 0.0158135 0.9611414
vt 0.0167514 0.9611414
vt 0.0154862 0.9693933
vt 0.0154862 0.9606206
vt 0.0158135 0.9611414
vt 0.0158153 0.9688725
vt 0.0134604 0.9596775
vt 0.0134604 0.9703364
vt 0.0170988 0.9606112
vt 0.0167013 0.9597047
vt 0.0186465 0.9587991
vt 0.0190843 0.9596869
vt 0.0167514 0.9611414
vt 0.0158135 0.9611414
vt 0.0158117 0.9605274
vt 0.0167532 0.9605274
vt 0.0263645 0.9702775
vt 0.0265014 0.9697873
vt 0.0266422 0.9697816
vt 0.0264276 0.9703177
vt 0.0255364 0.9702442
vt 0.0254644 0.9698139
vt 0.0245384 0.9702446
vt 0.0243213 0.9697680
vt 0.0242020 0.9697284
vt 0.0244398 0.9703187
vt 0.0250162 0.9631512
vt 0.0247838 0.9635400
vt 0.0246485 0.9635319
vt 0.0249501 0.9630703
vt 0.0257006 0.9635687
vt 0.0257655 0.9632002
vt 0.0265986 0.9636093
vt 0.0264791 0.9631665
vt 0.0267246 0.9636149
vt 0.0265315 0.9631084
vt 0.0251687 0.9586716
vt 0.0252203 0.9588684
vt 0.0247280 0.9572452
vt 0.0249875 0.9572678
vt 0.0256331 0.9584386
vt 0.0255416 0.9570867
vt 0.0263891 0.9583234
vt 0.0269014 0.9568999
vt 0.0273562 0.9569336
vt 0.0266817 0.9586515
vt 0.0276661 0.9568915
vt 0.0266190 0.9588996
vt 0.0248805 0.9745933
vt 0.0248871 0.9740500
vt 0.0252542 0.9744290
vt 0.0253174 0.9750089
vt 0.0242611 0.9738119
vt 0.0243329 0.9732388
vt 0.0239925 0.9733217
vt 0.0239787 0.9726998
vt 0.0260544 0.9743022
vt 0.0261288 0.9748573
vt 0.0254806 0.9741779
vt 0.0265283 0.9741442
vt 0.0268736 0.9750248
vt 0.0266422 0.9697816
vt 0.0265014 0.9697873
vt 0.0263329 0.9693011
vt 0.0264015 0.9692408
vt 0.0254644 0.9698139
vt 0.0255067 0.9693872
vt 0.0243213 0.9697680
vt 0.0246035 0.9693497
vt 0.0242020 0.9697284
vt 0.0245529 0.9692892
vt 0.0246485 0.9635319
vt 0.0247838 0.9635400
vt 0.0249919 0.9639542
vt 0.0249381 0.9640449
vt 0.0257006 0.9635687
vt 0.0257313 0.9639428
vt 0.0265986 0.9636093
vt 0.0264253 0.9640483
vt 0.0267246 0.9636149
vt 0.0264630 0.9641243
vt 0.0251929 0.9739374
vt 0.0246353 0.9731283
vt 0.0242848 0.9725624
vt 0.0264119 0.9759461
vt 0.0270338 0.9765675
vt 0.0200701 0.9731763
vt 0.0202257 0.9719995
vt 0.0224616 0.9733711
vt 0.0238827 0.9725472
vt 0.0236074 0.9733762
vt 0.0238607 0.9733305
vt 0.0239925 0.9733217
vt 0.0242762 0.9720176
vt 0.0204574 0.9702193
vt 0.0243786 0.9710007
vt 0.0249501 0.9630703
vt 0.0210718 0.9632044
vt 0.0215357 0.9586511
vt 0.0251422 0.9602632
vt 0.0252203 0.9588684
vt 0.0244398 0.9703187
vt 0.0245529 0.9692892
vt 0.0249381 0.9640449
vt 0.0242848 0.9725624
vt 0.0247280 0.9572452
vt 0.0242768 0.9570855
vt 0.0218062 0.9566419
vt 0.0242020 0.9697284
vt 0.0246485 0.9635319
vt 0.0265857 0.9605336
vt 0.0306272 0.9596207
vt 0.0306755 0.9636100
vt 0.0265315 0.9631084
vt 0.0266190 0.9588996
vt 0.0264630 0.9641243
vt 0.0306628 0.9697602
vt 0.0264015 0.9692408
vt 0.0264276 0.9703177
vt 0.0306958 0.9744645
vt 0.0264674 0.9724143
vt 0.0265283 0.9741442
vt 0.0266422 0.9697816
vt 0.0267246 0.9636149
vt 0.0276661 0.9568915
vt 0.0304921 0.9565656
vt 0.0275681 0.9766793
vt 0.0289575 0.9754767
vt 0.0289988 0.9769213
vt 0.0307138 0.9770896
vt 0.0270338 0.9765675
vt 0.0268736 0.9750248
vt 0.0263645 0.9702775
vt 0.0264276 0.9703177
vt 0.0266422 0.9697816
vt 0.0265014 0.9697873
vt 0.0255364 0.9702442
vt 0.0254644 0.9698139
vt 0.0245384 0.9702446
vt 0.0243213 0.9697680
vt 0.0242020 0.9697284
vt 0.0244398 0.9703187
vt 0.0250162 0.9631512
vt 0.0249501 0.9630703
vt 0.0246485 0.9635319
vt 0.0247838 0.9635400
vt 0.0257006 0.9635687
vt 0.0257655 0.9632002
vt 0.0265986 0.9636093
vt 0.0264791 0.9631665
vt 0.0267246 0.9636149
vt 0.0265315 0.9631084
vt 0.0247280 0.9572452
vt 0.0252203 0.9588684
vt 0.0251687 0.9586716
vt 0.0249875 0.9572678
vt 0.0256331 0.9584386
vt 0.0255416 0.9570867
vt 0.0263891 0.9583234
vt 0.0269014 0.9568999
vt 0.0273562 0.9569336
vt 0.0266817 0.9586515
vt 0.0276661 0.9568915
vt 0.0266190 0.9588996
vt 0.0248805 0.9745933
vt 0.0253174 0.9750089
vt 0.0252542 0.9744290
vt 0.0248871 0.9740500
vt 0.0242611 0.9738119
vt 0.0243329 0.9732388
vt 0.0239925 0.9733217
vt 0.0239787 0.9726998
vt 0.0260544 0.9743022
vt 0.0254806 0.9741779
vt 0.0261288 0.9748573
vt 0.0265283 0.9741442
vt 0.0268736 0.9750248
vt 0.0266422 0.9697816
vt 0.0264015 0.9692408
vt 0.0263329 0.9693011
vt 0.0265014 0.9697873
vt 0.0255067 0.9693872
vt 0.0254644 0.9698139
vt 0.0246035 0.9693497
vt 0.0243213 0.9697680
vt 0.0245529 0.9692892
vt 0.0242020 0.9697284
vt 0.0246485 0.9635319
vt 0.0249381 0.9640449
vt 0.0249919 0.9639542
vt 0.0247838 0.9635400
vt 0.0257313 0.9639428
vt 0.0257006 0.9635687
vt 0.0264253 0.9640483
vt 0.0265986 0.9636093
vt 0.0264630 0.9641243
vt 0.0267246 0.9636149
vt 0.0251929 0.9739374
vt 0.0246353 0.9731283
vt 0.0242848 0.9725624
vt 0.0264119 0.9759461
vt 0.0270338 0.9765675
vt 0.0224616 0.9733711
vt 0.0236074 0.9733762
vt 0.0238827 0.9725472
vt 0.0238607 0.9733305
vt 0.0239925 0.9733217
vt 0.0242762 0.9720176
vt 0.0243786 0.9710007
vt 0.0249501 0.9630703
vt 0.0251422 0.9602632
vt 0.0252203 0.9588684
vt 0.0244398 0.9703187
vt 0.0245529 0.9692892
vt 0.0249381 0.9640449
vt 0.0242848 0.9725624
vt 0.0247280 0.9572452
vt 0.0242768 0.9570855
vt 0.0242020 0.9697284
vt 0.0246485 0.9635319
vt 0.0265857 0.9605336
vt 0.0265315 0.9631084
vt 0.0266190 0.9588996
vt 0.0264630 0.9641243
vt 0.0264015 0.9692408
vt 0.0264276 0.9703177
vt 0.0264674 0.9724143
vt 0.0265283 0.9741442
vt 0.0266422 0.9697816
vt 0.0267246 0.9636149
vt 0.0276661 0.9568915
vt 0.0275681 0.9766793
vt 0.0289988 0.9769213
vt 0.0289575 0.9754767
vt 0.0270338 0.9765675
vt 0.0268736 0.9750248
vt 0.0624943 0.9871364
vt 0.0646647 0.9883609
vt 0.0647391 0.9917728
vt 0.0625093 0.9930244
vt 0.0656256 0.9872764
vt 0.0657465 0.9928143
vt 0.0647391 0.9917728
vt 0.0646647 0.9883609
vt 0.0679791 0.9872251
vt 0.0681000 0.9927629
vt 0.0644965 0.9869558
vt 0.0646647 0.9883609
vt 0.0624943 0.9871364
vt 0.0625093 0.9930244
vt 0.0647391 0.9917728
vt 0.0645628 0.9932193
vt 0.0408763 0.9871397
vt 0.0408420 0.9930244
vt 0.0386240 0.9917719
vt 0.0386919 0.9883587
vt 0.0386240 0.9917719
vt 0.0376183 0.9928157
vt 0.0377285 0.9872756
vt 0.0386919 0.9883587
vt 0.0408763 0.9871397
vt 0.0643927 0.9846668
vt 0.0408420 0.9930244
vt 0.0389083 0.9955243
vt 0.0388007 0.9932070
vt 0.0352639 0.9927689
vt 0.0353741 0.9872288
vt 0.0388624 0.9869441
vt 0.0386919 0.9883587
vt 0.0386240 0.9917719
vt 0.0625093 0.9930244
vt 0.0408420 0.9930244
vt 0.0408763 0.9871397
vt 0.0624943 0.9871364
vt 0.0624943 0.9871364
vt 0.0646647 0.9883609
vt 0.0647391 0.9917728
vt 0.0625093 0.9930244
vt 0.0656256 0.9872764
vt 0.0657465 0.9928143
vt 0.0647391 0.9917728
vt 0.0646647 0.9883609
vt 0.0679791 0.9872251
vt 0.0644965 0.9869558
vt 0.0646647 0.9883609
vt 0.0624943 0.9871364
vt 0.0625093 0.9930244
vt 0.0647391 0.9917728
vt 0.0645628 0.9932193
vt 0.0408763 0.9871397
vt 0.0408420 0.9930244
vt 0.0386240 0.9917719
vt 0.0386919 0.9883587
vt 0.0386240 0.9917719
vt 0.0376183 0.9928157
vt 0.0377285 0.9872756
vt 0.0386919 0.9883587
vt 0.0408763 0.9871397
vt 0.0643927 0.9846668
vt 0.0408420 0.9930244
vt 0.0389083 0.9955243
vt 0.0388007 0.9932070
vt 0.0352639 0.9927689
vt 0.0353741 0.9872288
vt 0.0388624 0.9869441
vt 0.0386919 0.9883587
vt 0.0386240 0.9917719
vt 0.0624943 0.9871364
vt 0.0625093 0.9930244
vt 0.0408763 0.9871397
vt 0.9226270 0.3432899
vt 0.8658552 0.3400561
vt 0.8658552 0.3165293
vt 0.9261916 0.3191780
vt 0.9738353 0.3459404
vt 0.9679284 0.3220155
vt 0.9954011 0.3372754
vt 0.9779693 0.3249277
vt 0.9261916 0.3191780
vt 0.8658552 0.3165293
vt 0.8658552 0.3020081
vt 0.9293293 0.3034786
vt 0.9679284 0.3220155
vt 0.9659246 0.3067181
vt 0.9854339 0.3165887
vt 0.9779693 0.3249277
vt 0.9954011 0.3372754
vt 0.9779693 0.3249277
vt 0.9926871 0.3289030
vt 0.9873431 0.3185589
vt 0.9779693 0.3249277
vt 0.9926766 0.3279337
vt 0.9926871 0.3289030
vt 0.9926766 0.3279337
vt 0.8090833 0.3432900
vt 0.8055186 0.3191782
vt 0.7578748 0.3459404
vt 0.7637817 0.3220155
vt 0.7363090 0.3372756
vt 0.7537409 0.3249279
vt 0.8055186 0.3191782
vt 0.8023810 0.3034786
vt 0.7637817 0.3220155
vt 0.7657856 0.3067181
vt 0.7537409 0.3249279
vt 0.7462764 0.3165889
vt 0.7363090 0.3372756
vt 0.7390231 0.3289032
vt 0.7537409 0.3249279
vt 0.7443672 0.3185591
vt 0.7537409 0.3249279
vt 0.7390231 0.3289032
vt 0.7390337 0.3279338
vt 0.7390337 0.3279338
vt 0.2085090 0.9313505
vt 0.2123814 0.9313531
vt 0.2123812 0.9961783
vt 0.2085090 0.9947826
vt 0.2162323 0.9313539
vt 0.2162316 0.9970400
vt 0.1773727 0.9313046
vt 0.1812234 0.9313060
vt 0.1812227 0.9969921
vt 0.1773718 0.9969906
vt 0.1850954 0.9313102
vt 0.1850951 0.9961354
vt 0.1889861 0.9313165
vt 0.1889861 0.9947487
vt 0.1928909 0.9313240
vt 0.1928897 0.9933633
vt 0.1968039 0.9313321
vt 0.1968005 0.9925106
vt 0.2007158 0.9313397
vt 0.2007118 0.9925181
vt 0.2046195 0.9313461
vt 0.2046173 0.9933853
vt 0.2257671 0.9843512
vt 0.2249083 0.9797508
vt 0.2258082 0.9797137
vt 0.2265764 0.9841512
vt 0.2249111 0.9750916
vt 0.2258797 0.9752682
vt 0.2261493 0.9707332
vt 0.2270114 0.9710926
vt 0.2285355 0.9668898
vt 0.2292635 0.9673770
vt 0.2315529 0.9634846
vt 0.2321314 0.9640319
vt 0.2348251 0.9602481
vt 0.2354122 0.9609199
vt 0.2382821 0.9569922
vt 0.2388923 0.9578113
vt 0.2420686 0.9543236
vt 0.2423603 0.9551634
vt 0.2294527 0.9935499
vt 0.2271876 0.9890628
vt 0.2280784 0.9886494
vt 0.2301525 0.9927790
vt 0.2265764 0.9841512
vt 0.2258082 0.9797137
vt 0.2923726 0.9921549
vt 0.2258797 0.9752682
vt 0.2270114 0.9710926
vt 0.2292635 0.9673770
vt 0.2321314 0.9640319
vt 0.2354122 0.9609199
vt 0.2388923 0.9578113
vt 0.2423603 0.9551634
vt 0.2301525 0.9927790
vt 0.2280784 0.9886494
vt 0.0464328 0.9453006
vt 0.0384330 0.9300332
vt 0.0404144 0.9324116
vt 0.0144515 0.9428176
vt 0.0038186 0.9096621
vt 0.0136539 0.9093240
vt 0.0195007 0.9351687
vt 0.0560033 0.9026675
vt 0.0422795 0.9293292
vt 0.0421204 0.8996354
vt 0.0230033 0.9329103
vt 0.0168396 0.9070904
vt 0.0360685 0.9006929
vt 0.0387070 0.9285817
vt 0.0161849 0.8849044
vt 0.0145668 0.8826922
vt 0.0206769 0.8859042
vt 0.0188039 0.8840437
vt 0.0552314 0.9006792
vt 0.0427228 0.8959454
vt 0.0434138 0.8924445
vt 0.0542726 0.8994437
vt 0.0348976 0.8980532
vt 0.0323802 0.8925721
vt 0.0164854 0.9070305
vt 0.0056288 0.9030348
vt 0.0206769 0.8859042
vt 0.0147137 0.8708330
vt 0.0227331 0.8728212
vt 0.0480078 0.8769550
vt 0.0611525 0.8918442
vt 0.0427208 0.8737025
vt 0.0323802 0.8925721
vt 0.0206769 0.8859042
vt 0.0227331 0.8728212
vt 0.0427208 0.8737025
vt 0.0367900 0.8991205
vt 0.0406182 0.9304330
vt 0.0222043 0.9472106
vt 0.0233649 0.9344109
vt 0.0523371 0.9395959
vt 0.0426403 0.9315295
vt 0.0189977 0.9329990
vt 0.0147530 0.9103106
vt 0.0056288 0.9030348
vt 0.0187110 0.8862044
vt 0.0931522 0.9206465
vt 0.0908164 0.9010547
vt 0.0929544 0.9030619
vt 0.0944143 0.9192038
vt 0.0993702 0.9334476
vt 0.1014911 0.9543737
vt 0.1006826 0.9541279
vt 0.0986107 0.9338171
vt 0.0985861 0.9574069
vt 0.0982855 0.9566839
vt 0.0597653 0.9583145
vt 0.0601046 0.9576299
vt 0.0578111 0.9565279
vt 0.0585312 0.9562200
vt 0.0579016 0.9281300
vt 0.0585939 0.9284582
vt 0.0615272 0.9255462
vt 0.0617684 0.9262885
vt 0.0954698 0.9301844
vt 0.0951367 0.9309179
vt 0.0986107 0.9338171
vt 0.1006826 0.9541279
vt 0.0978711 0.9533596
vt 0.0959051 0.9349755
vt 0.0982855 0.9566839
vt 0.0967623 0.9543535
vt 0.0601046 0.9576299
vt 0.0607279 0.9549817
vt 0.0585312 0.9562200
vt 0.0585939 0.9284582
vt 0.0608617 0.9298701
vt 0.0617684 0.9262885
vt 0.0619304 0.9292518
vt 0.0951367 0.9309179
vt 0.0935291 0.9333161
vt 0.0619514 0.9221315
vt 0.0620267 0.8998227
vt 0.0635699 0.8985182
vt 0.0464328 0.9453006
vt 0.0404144 0.9324116
vt 0.0384330 0.9300332
vt 0.0144515 0.9428176
vt 0.0195007 0.9351687
vt 0.0136539 0.9093240
vt 0.0038186 0.9096621
vt 0.0560033 0.9026675
vt 0.0422795 0.9293292
vt 0.0523371 0.9395959
vt 0.0230033 0.9329103
vt 0.0387070 0.9285817
vt 0.0360685 0.9006929
vt 0.0168396 0.9070904
vt 0.0206769 0.8859042
vt 0.0145668 0.8826922
vt 0.0161849 0.8849044
vt 0.0188039 0.8840437
vt 0.0552314 0.9006792
vt 0.0542726 0.8994437
vt 0.0434138 0.8924445
vt 0.0427228 0.8959454
vt 0.0323802 0.8925721
vt 0.0348976 0.8980532
vt 0.0164854 0.9070305
vt 0.0206769 0.8859042
vt 0.0056288 0.9030348
vt 0.0227331 0.8728212
vt 0.0147137 0.8708330
vt 0.0611525 0.8918442
vt 0.0480078 0.8769550
vt 0.0427208 0.8737025
vt 0.0323802 0.8925721
vt 0.0427208 0.8737025
vt 0.0227331 0.8728212
vt 0.0206769 0.8859042
vt 0.0367900 0.8991205
vt 0.0421204 0.8996354
vt 0.0406182 0.9304330
vt 0.0222043 0.9472106
vt 0.0233649 0.9344109
vt 0.0426403 0.9315295
vt 0.0147530 0.9103106
vt 0.0189977 0.9329990
vt 0.0056288 0.9030348
vt 0.0187110 0.8862044
vt 0.0929544 0.9030619
vt 0.0908164 0.9010547
vt 0.0931522 0.9206465
vt 0.0944143 0.9192038
vt 0.0993702 0.9334476
vt 0.0986107 0.9338171
vt 0.1006826 0.9541279
vt 0.1014911 0.9543737
vt 0.0982855 0.9566839
vt 0.0985861 0.9574069
vt 0.0601046 0.9576299
vt 0.0597653 0.9583145
vt 0.0585312 0.9562200
vt 0.0578111 0.9565279
vt 0.0585939 0.9284582
vt 0.0579016 0.9281300
vt 0.0617684 0.9262885
vt 0.0615272 0.9255462
vt 0.0951367 0.9309179
vt 0.0954698 0.9301844
vt 0.0986107 0.9338171
vt 0.0959051 0.9349755
vt 0.0978711 0.9533596
vt 0.1006826 0.9541279
vt 0.0967623 0.9543535
vt 0.0982855 0.9566839
vt 0.0607279 0.9549817
vt 0.0601046 0.9576299
vt 0.0585312 0.9562200
vt 0.0608617 0.9298701
vt 0.0585939 0.9284582
vt 0.0619304 0.9292518
vt 0.0617684 0.9262885
vt 0.0935291 0.9333161
vt 0.0951367 0.9309179
vt 0.0620267 0.8998227
vt 0.0619514 0.9221315
vt 0.0635699 0.8985182
vt 0.4267528 0.8072703
vt 0.4255114 0.8073972
vt 0.4255114 0.8073972
vt 0.0389848 0.9846100
vt 0.0644370 0.9955839
vt 0.0681000 0.9927629
vt 0.0389848 0.9846100
vt 0.0644370 0.9955839
vt 0.0408420 0.9930244
f 2265/2265 2266/2266 2267/2267
f 2267/2267 2268/2268 2265/2265
f 2435/2435 2265/2265 2268/2268
f 2266/2266 2397/2397 2398/2398
f 2398/2398 2267/2267 2266/2266
f 2397/2397 2527/2527 2528/2528
f 2528/2528 2398/2398 2397/2397
f 2528/2528 2527/2527 4312/4312
f 4312/4312 4311/4311 2528/2528
f 4311/4311 4312/4312 4182/4182
f 4182/4182 4181/4181 4311/4311
f 4181/4181 4182/4182 4179/4179
f 4179/4179 4180/4180 4181/4181
f 4180/4180 4179/4179 4350/4350
f 4349/4349 4961/4961 4180/4180
f 4350/4350 4349/4349 4180/4180
f 4348/4348 4349/4349 4350/4350
f 4961/4961 4349/4349 5052/5052
f 4354/4354 5054/5054 4349/4349
f 4349/4349 4348/4348 4354/4354
f 5054/5054 5052/5052 4349/4349
f 4351/4351 4354/4354 4348/4348
f 4348/4348 5056/5056 4351/4351
f 4353/4353 4354/4354 4351/4351
f 5053/5053 5054/5054 4354/4354
f 4354/4354 4353/4353 5053/5053
f 5052/5052 5054/5054 5053/5053
f 5053/5053 5055/5055 5052/5052
f 4351/4351 4352/4352 4353/4353
f 2436/2436 2268/2268 3074/3074
f 2268/2268 2436/2436 2435/2435
f 3074/3074 3168/3168 2436/2436
f 3168/3168 3171/3171 3169/3169
f 3169/3169 3170/3170 3168/3168
f 3170/3170 2436/2436 3168/3168
f 3169/3169 2439/2439 2438/2438
f 2438/2438 3170/3170 3169/3169
f 2436/2436 3170/3170 2438/2438
f 2437/2437 2438/2438 2439/2439
f 2434/2434 2438/2438 2437/2437
f 2438/2438 2434/2434 2436/2436
f 2439/2439 2440/2440 2437/2437
f 2437/2437 3172/3172 2434/2434
f 2434/2434 2435/2435 2436/2436
f 2269/2269 2270/2270 2271/2271
f 2271/2271 2272/2272 2269/2269
f 2269/2269 2272/2272 2273/2273
f 2273/2273 2274/2274 2269/2269
f 3086/3086 2270/2270 2269/2269
f 2269/2269 3087/3087 3086/3086
f 3087/3087 2269/2269 2274/2274
f 2271/2271 2270/2270 2400/2400
f 2400/2400 2399/2399 2271/2271
f 2399/2399 2400/2400 2401/2401
f 3089/3089 2400/2400 2270/2270
f 3091/3091 2401/2401 2400/2400
f 2400/2400 3089/3089 3091/3091
f 2530/2530 2399/2399 2401/2401
f 2401/2401 2529/2529 2530/2530
f 2529/2529 2401/2401 3091/3091
f 3090/3090 3091/3091 2531/2531
f 3091/3091 3090/3090 2529/2529
f 2531/2531 3091/3091 3089/3089
f 2270/2270 3086/3086 3089/3089
f 2988/2988 3089/3089 3086/3086
f 3089/3089 2988/2988 2531/2531
f 2988/2988 2278/2278 2277/2277
f 2277/2277 2989/2989 2988/2988
f 3086/3086 2278/2278 2988/2988
f 2988/2988 2989/2989 3061/3061
f 2531/2531 2988/2988 3061/3061
f 2278/2278 3086/3086 3087/3087
f 2277/2277 2278/2278 2275/2275
f 3087/3087 2275/2275 2278/2278
f 2275/2275 2276/2276 2277/2277
f 2989/2989 2277/2277 3058/3058
f 3058/3058 2277/2277 2276/2276
f 2276/2276 2275/2275 2279/2279
f 2275/2275 3087/3087 3088/3088
f 3088/3088 2279/2279 2275/2275
f 2274/2274 3088/3088 3087/3087
f 3088/3088 2274/2274 2441/2441
f 2441/2441 3085/3085 3088/3088
f 2279/2279 3088/3088 3085/3085
f 2279/2279 2280/2280 2276/2276
f 2280/2280 2279/2279 2446/2446
f 3085/3085 2446/2446 2279/2279
f 2444/2444 3085/3085 2441/2441
f 2444/2444 2446/2446 3085/3085
f 2445/2445 2446/2446 2444/2444
f 2446/2446 2445/2445 2280/2280
f 3056/3056 2276/2276 2280/2280
f 2280/2280 3054/3054 3056/3056
f 3054/3054 2280/2280 2445/2445
f 2444/2444 2447/2447 2445/2445
f 2445/2445 3053/3053 3054/3054
f 3053/3053 2445/2445 2447/2447
f 2443/2443 2444/2444 2441/2441
f 2441/2441 2442/2442 2443/2443
f 2273/2273 2442/2442 2441/2441
f 2441/2441 2274/2274 2273/2273
f 2447/2447 2449/2449 2448/2448
f 2448/2448 3053/3053 2447/2447
f 3053/3053 2448/2448 3000/3000
f 3000/3000 3054/3054 3053/3053
f 2448/2448 2449/2449 2450/2450
f 2450/2450 2451/2451 2448/2448
f 3000/3000 2448/2448 3001/3001
f 2448/2448 2451/2451 3012/3012
f 3012/3012 3001/3001 2448/2448
f 3054/3054 3000/3000 3055/3055
f 3055/3055 3056/3056 3054/3054
f 3056/3056 3055/3055 3057/3057
f 3057/3057 3058/3058 3056/3056
f 2276/2276 3056/3056 3058/3058
f 3058/3058 3057/3057 3059/3059
f 3059/3059 3060/3060 3058/3058
f 3058/3058 3060/3060 2989/2989
f 3059/3059 3067/3067 3060/3060
f 3092/3092 3093/3093 3060/3060
f 3060/3060 3014/3014 3092/3092
f 3093/3093 2989/2989 3060/3060
f 3067/3067 3014/3014 3060/3060
f 3067/3067 3015/3015 3014/3014
f 3013/3013 3014/3014 3015/3015
f 3077/3077 3092/3092 3014/3014
f 3014/3014 3013/3013 3077/3077
f 3092/3092 3077/3077 3152/3152
f 3152/3152 3151/3151 3092/3092
f 3093/3093 3092/3092 3151/3151
f 3151/3151 3154/3154 3093/3093
f 3154/3154 2989/2989 3093/3093
f 3009/3009 3008/3008 3151/3151
f 3151/3151 3152/3152 3009/3009
f 3154/3154 3151/3151 3008/3008
f 3008/3008 3153/3153 3154/3154
f 2989/2989 3154/3154 3153/3153
f 3008/3008 3009/3009 3010/3010
f 3010/3010 3011/3011 3008/3008
f 3153/3153 3008/3008 3011/3011
f 3011/3011 3532/3532 3153/3153
f 3063/3063 3062/3062 3153/3153
f 3153/3153 3532/3532 3063/3063
f 3153/3153 3062/3062 2989/2989
f 3062/3062 3061/3061 2989/2989
f 3061/3061 3062/3062 3063/3063
f 3063/3063 3064/3064 3061/3061
f 3065/3065 2532/2532 3061/3061
f 3061/3061 3064/3064 3065/3065
f 3061/3061 2532/2532 2531/2531
f 2532/2532 3065/3065 3066/3066
f 2531/2531 2532/2532 2533/2533
f 3066/3066 2533/2533 2532/2532
f 2533/2533 2534/2534 2531/2531
f 2531/2531 2534/2534 3090/3090
f 4441/4441 2534/2534 2533/2533
f 2533/2533 4442/4442 4441/4441
f 4442/4442 2533/2533 3066/3066
f 3066/3066 4953/4953 4442/4442
f 4949/4949 4442/4442 4953/4953
f 4441/4441 4442/4442 4949/4949
f 4953/4953 4950/4950 4949/4949
f 4949/4949 4950/4950 4951/4951
f 4951/4951 4952/4952 4949/4949
f 4876/4876 4949/4949 4877/4877
f 4949/4949 4876/4876 4441/4441
f 4952/4952 4877/4877 4949/4949
f 4951/4951 5398/5398 5038/5038
f 5038/5038 4952/4952 4951/4951
f 4877/4877 4952/4952 5038/5038
f 5037/5037 5038/5038 4896/4896
f 5038/5038 5398/5398 4897/4897
f 4897/4897 4896/4896 5038/5038
f 5038/5038 5037/5037 4877/4877
f 4896/4896 5036/5036 5037/5037
f 4979/4979 5037/5037 5036/5036
f 5037/5037 4979/4979 4877/4877
f 4896/4896 4897/4897 4898/4898
f 4898/4898 4899/4899 4896/4896
f 5036/5036 4896/4896 4899/4899
f 4899/4899 5035/5035 5036/5036
f 4978/4978 5036/5036 5035/5035
f 5036/5036 4978/4978 4979/4979
f 4947/4947 4979/4979 4978/4978
f 4979/4979 4947/4947 4877/4877
f 4904/4904 4978/4978 4964/4964
f 4978/4978 4904/4904 4947/4947
f 5035/5035 4964/4964 4978/4978
f 4945/4945 4947/4947 4948/4948
f 4948/4948 4947/4947 4954/4954
f 4877/4877 4947/4947 4945/4945
f 4954/4954 4947/4947 4904/4904
f 4876/4876 4877/4877 4191/4191
f 4945/4945 4191/4191 4877/4877
f 4191/4191 4190/4190 4876/4876
f 4876/4876 4190/4190 4973/4973
f 4973/4973 4976/4976 4876/4876
f 4441/4441 4876/4876 4976/4976
f 4189/4189 4190/4190 4191/4191
f 4191/4191 4192/4192 4189/4189
f 4192/4192 4191/4191 4945/4945
f 4190/4190 4189/4189 4974/4974
f 4974/4974 4973/4973 4190/4190
f 4973/4973 4974/4974 4183/4183
f 4183/4183 4186/4186 4973/4973
f 4976/4976 4973/4973 4186/4186
f 4974/4974 4975/4975 4187/4187
f 4187/4187 4183/4183 4974/4974
f 4975/4975 4974/4974 4189/4189
f 4193/4193 4189/4189 4192/4192
f 4189/4189 4193/4193 4975/4975
f 4975/4975 4972/4972 4355/4355
f 4355/4355 4187/4187 4975/4975
f 4972/4972 4975/4975 4193/4193
f 4183/4183 4187/4187 4188/4188
f 4188/4188 4187/4187 4355/4355
f 4355/4355 4356/4356 4188/4188
f 4357/4357 4356/4356 4355/4355
f 4355/4355 4358/4358 4357/4357
f 4358/4358 4355/4355 4972/4972
f 4358/4358 4972/4972 4361/4361
f 4193/4193 4361/4361 4972/4972
f 4192/4192 4194/4194 4193/4193
f 4361/4361 4193/4193 4194/4194
f 4358/4358 4361/4361 4359/4359
f 4194/4194 4359/4359 4361/4361
f 4359/4359 4360/4360 4358/4358
f 4942/4942 4941/4941 4359/4359
f 4359/4359 4194/4194 4942/4942
f 4941/4941 4360/4360 4359/4359
f 4943/4943 4942/4942 4194/4194
f 4194/4194 4192/4192 4943/4943
f 4945/4945 4943/4943 4192/4192
f 4942/4942 4943/4943 4944/4944
f 4943/4943 4945/4945 4946/4946
f 4946/4946 4944/4944 4943/4943
f 4941/4941 4942/4942 4888/4888
f 4944/4944 4888/4888 4942/4942
f 4888/4888 4362/4362 4941/4941
f 4360/4360 4941/4941 4362/4362
f 4362/4362 4365/4365 4360/4360
f 4362/4362 4363/4363 4364/4364
f 4364/4364 4365/4365 4362/4362
f 4888/4888 4889/4889 4362/4362
f 4362/4362 4889/4889 4900/4900
f 4900/4900 4363/4363 4362/4362
f 4364/4364 4363/4363 4366/4366
f 5057/5057 4366/4366 4363/4363
f 4363/4363 4900/4900 5057/5057
f 4366/4366 4367/4367 4364/4364
f 4367/4367 5004/5004 4364/4364
f 4948/4948 4946/4946 4945/4945
f 4188/4188 4184/4184 4183/4183
f 4183/4183 4184/4184 4185/4185
f 4185/4185 4186/4186 4183/4183
f 4185/4185 4313/4313 4315/4315
f 4315/4315 4186/4186 4185/4185
f 4186/4186 4315/4315 4976/4976
f 4313/4313 4314/4314 4315/4315
f 4977/4977 4976/4976 4315/4315
f 4315/4315 4314/4314 4977/4977
f 4314/4314 4313/4313 2530/2530
f 2530/2530 2529/2529 4314/4314
f 4977/4977 4314/4314 2529/2529
f 4441/4441 4977/4977 3090/3090
f 2529/2529 3090/3090 4977/4977
f 4976/4976 4977/4977 4441/4441
f 3090/3090 2534/2534 4441/4441
f 4903/4903 4904/4904 4901/4901
f 4954/4954 4904/4904 4903/4903
f 4964/4964 4901/4901 4904/4904
f 4901/4901 4902/4902 4903/4903
f 4962/4962 4902/4902 4901/4901
f 4901/4901 4963/4963 4962/4962
f 4964/4964 4963/4963 4901/4901
f 4963/4963 4980/4980 4962/4962
f 3077/3077 3013/3013 3076/3076
f 3015/3015 3016/3016 3013/3013
f 3075/3075 3076/3076 3013/3013
f 3013/3013 3016/3016 3075/3075
f 3076/3076 3075/3075 3094/3094
f 3173/3173 3012/3012 2451/2451
f 2451/2451 2453/2453 3173/3173
f 2453/2453 2451/2451 2450/2450
f 2450/2450 2452/2452 2453/2453
f 2452/2452 2450/2450 3120/3120
f 2281/2281 2282/2282 2283/2283
f 2288/2288 2282/2282 2281/2281
f 2281/2281 2290/2290 2288/2288
f 2281/2281 2454/2454 2457/2457
f 2465/2465 2290/2290 2281/2281
f 2281/2281 2464/2464 2465/2465
f 2454/2454 2281/2281 2283/2283
f 2281/2281 2457/2457 2461/2461
f 2461/2461 2464/2464 2281/2281
f 2288/2288 2290/2290 2291/2291
f 2290/2290 2465/2465 2297/2297
f 2297/2297 2291/2291 2290/2290
f 2291/2291 2292/2292 2288/2288
f 2289/2289 2288/2288 2292/2292
f 2288/2288 2289/2289 2284/2284
f 2369/2369 2284/2284 2289/2289
f 2289/2289 2692/2692 2369/2369
f 2368/2368 2369/2369 2364/2364
f 2284/2284 2369/2369 2368/2368
f 2364/2364 2367/2367 2368/2368
f 2368/2368 2285/2285 2284/2284
f 2368/2368 2367/2367 2720/2720
f 2720/2720 2721/2721 2368/2368
f 2285/2285 2368/2368 2721/2721
f 2364/2364 2365/2365 2366/2366
f 2366/2366 2367/2367 2364/2364
f 2720/2720 2367/2367 2366/2366
f 2366/2366 2711/2711 2720/2720
f 2710/2710 2711/2711 2366/2366
f 2366/2366 2712/2712 2710/2710
f 2719/2719 2710/2710 2712/2712
f 2712/2712 2718/2718 2719/2719
f 2345/2345 2719/2719 2718/2718
f 2718/2718 2715/2715 2345/2345
f 2344/2344 2345/2345 2341/2341
f 2345/2345 2715/2715 2713/2713
f 2713/2713 2341/2341 2345/2345
f 2341/2341 2340/2340 2344/2344
f 2340/2340 2341/2341 2342/2342
f 2341/2341 2713/2713 2714/2714
f 2714/2714 2342/2342 2341/2341
f 2342/2342 2343/2343 2340/2340
f 2342/2342 2350/2350 2351/2351
f 2351/2351 2343/2343 2342/2342
f 2342/2342 2714/2714 2717/2717
f 2717/2717 2350/2350 2342/2342
f 2351/2351 2350/2350 2346/2346
f 2350/2350 2717/2717 2716/2716
f 2716/2716 2346/2346 2350/2350
f 2346/2346 2349/2349 2351/2351
f 2346/2346 2347/2347 2348/2348
f 2348/2348 2349/2349 2346/2346
f 2347/2347 2346/2346 2716/2716
f 2716/2716 2671/2671 2347/2347
f 2354/2354 2353/2353 2347/2347
f 2347/2347 2671/2671 2354/2354
f 2356/2356 2348/2348 2347/2347
f 2347/2347 2353/2353 2356/2356
f 2354/2354 2671/2671 2672/2672
f 2673/2673 2672/2672 2671/2671
f 2674/2674 2673/2673 2671/2671
f 2672/2672 2670/2670 2354/2354
f 2354/2354 2670/2670 2669/2669
f 2669/2669 2355/2355 2354/2354
f 2669/2669 2373/2373 2355/2355
f 2354/2354 2355/2355 2352/2352
f 2358/2358 2352/2352 2355/2355
f 2355/2355 2359/2359 2358/2358
f 2338/2338 2359/2359 2355/2355
f 2355/2355 2373/2373 2338/2338
f 2668/2668 2338/2338 2373/2373
f 2338/2338 2668/2668 2667/2667
f 2374/2374 2339/2339 2667/2667
f 2667/2667 2339/2339 2338/2338
f 2314/2314 2316/2316 2374/2374
f 2374/2374 2375/2375 2314/2314
f 2316/2316 2339/2339 2374/2374
f 2338/2338 2339/2339 2336/2336
f 2339/2339 2316/2316 2376/2376
f 2376/2376 2336/2336 2339/2339
f 2315/2315 2316/2316 2314/2314
f 2316/2316 2315/2315 3356/3356
f 3374/3374 2316/2316 3356/3356
f 3374/3374 2376/2376 2316/2316
f 2314/2314 2313/2313 2315/2315
f 2315/2315 2318/2318 3358/3358
f 3358/3358 3356/3356 2315/2315
f 2318/2318 2315/2315 2313/2313
f 3373/3373 3356/3356 3358/3358
f 3356/3356 3373/3373 3374/3374
f 3374/3374 3355/3355 2376/2376
f 2376/2376 3355/3355 3354/3354
f 2519/2519 3354/3354 3353/3353
f 3354/3354 2519/2519 2376/2376
f 2376/2376 2519/2519 2518/2518
f 2518/2518 2519/2519 2520/2520
f 3353/3353 2520/2520 2519/2519
f 2520/2520 3353/3353 3352/3352
f 2520/2520 2521/2521 2518/2518
f 2521/2521 2520/2520 3248/3248
f 3352/3352 3248/3248 2520/2520
f 2518/2518 2336/2336 2376/2376
f 2336/2336 2518/2518 2525/2525
f 2525/2525 2518/2518 2521/2521
f 2521/2521 2526/2526 2525/2525
f 2526/2526 2521/2521 3247/3247
f 3248/3248 3247/3247 2521/2521
f 2525/2525 2526/2526 2523/2523
f 2523/2523 2526/2526 3246/3246
f 3247/3247 3246/3246 2526/2526
f 2523/2523 2524/2524 2361/2361
f 2361/2361 2522/2522 2523/2523
f 2523/2523 2522/2522 2525/2525
f 2362/2362 2361/2361 2524/2524
f 2360/2360 2361/2361 2358/2358
f 2358/2358 2361/2361 2362/2362
f 2360/2360 2522/2522 2361/2361
f 2525/2525 2522/2522 2360/2360
f 2358/2358 2359/2359 2360/2360
f 2338/2338 2337/2337 2360/2360
f 2360/2360 2359/2359 2338/2338
f 2360/2360 2337/2337 2525/2525
f 2362/2362 2363/2363 2358/2358
f 2357/2357 2352/2352 2358/2358
f 2358/2358 2363/2363 2357/2357
f 2352/2352 2357/2357 2356/2356
f 2352/2352 2353/2353 2354/2354
f 2356/2356 2353/2353 2352/2352
f 2525/2525 2337/2337 2336/2336
f 2336/2336 2337/2337 2338/2338
f 3358/3358 3372/3372 3373/3373
f 3357/3357 3358/3358 2318/2318
f 3371/3371 3372/3372 3358/3358
f 3358/3358 3357/3357 3371/3371
f 2318/2318 2485/2485 3357/3357
f 2485/2485 3367/3367 3357/3357
f 3371/3371 3357/3357 3367/3367
f 2317/2317 2318/2318 2319/2319
f 2485/2485 2318/2318 2317/2317
f 2313/2313 2319/2319 2318/2318
f 2317/2317 2319/2319 3570/3570
f 2480/2480 2484/2484 2317/2317
f 2317/2317 2481/2481 2480/2480
f 2317/2317 2484/2484 2485/2485
f 3570/3570 2481/2481 2317/2317
f 2475/2475 2481/2481 3570/3570
f 3570/3570 3568/3568 2475/2475
f 2474/2474 2480/2480 2481/2481
f 2481/2481 2475/2475 2474/2474
f 2381/2381 2474/2474 2475/2475
f 2475/2475 2476/2476 2381/2381
f 2476/2476 2475/2475 3568/3568
f 3568/3568 3569/3569 2476/2476
f 2380/2380 2381/2381 2382/2382
f 2474/2474 2381/2381 2380/2380
f 2390/2390 2380/2380 2382/2382
f 2380/2380 2477/2477 2474/2474
f 2387/2387 2388/2388 2382/2382
f 2382/2382 2389/2389 2387/2387
f 2388/2388 2390/2390 2382/2382
f 2393/2393 2387/2387 2389/2389
f 2389/2389 2394/2394 2393/2393
f 2477/2477 2478/2478 2474/2474
f 2474/2474 2478/2478 2479/2479
f 2479/2479 2480/2480 2474/2474
f 2479/2479 2482/2482 2480/2480
f 2480/2480 2482/2482 2483/2483
f 2483/2483 2484/2484 2480/2480
f 2484/2484 2483/2483 3447/3447
f 3447/3447 3448/3448 2484/2484
f 3450/3450 2484/2484 3448/3448
f 2485/2485 2484/2484 3450/3450
f 3450/3450 3446/3446 2485/2485
f 3444/3444 3367/3367 2485/2485
f 2485/2485 3446/3446 3444/3444
f 3370/3370 3367/3367 3444/3444
f 3444/3444 3445/3445 3370/3370
f 3367/3367 3370/3370 3371/3371
f 2309/2309 2312/2312 2313/2313
f 2313/2313 2314/2314 2309/2309
f 2311/2311 2312/2312 2309/2309
f 2309/2309 2310/2310 2311/2311
f 2311/2311 2310/2310 2377/2377
f 2310/2310 2395/2395 2396/2396
f 2665/2665 2310/2310 2309/2309
f 2665/2665 2395/2395 2310/2310
f 2396/2396 2395/2395 2676/2676
f 2676/2676 2675/2675 2396/2396
f 2675/2675 2676/2676 2673/2673
f 2673/2673 2674/2674 2675/2675
f 2309/2309 2666/2666 2665/2665
f 2375/2375 2666/2666 2309/2309
f 2309/2309 2314/2314 2375/2375
f 2721/2721 2287/2287 2285/2285
f 2285/2285 2287/2287 2286/2286
f 2284/2284 2285/2285 2283/2283
f 2286/2286 2283/2283 2285/2285
f 2283/2283 2286/2286 2486/2486
f 2283/2283 2282/2282 2284/2284
f 2486/2486 2487/2487 2283/2283
f 2283/2283 2487/2487 2491/2491
f 2283/2283 2491/2491 2454/2454
f 2284/2284 2282/2282 2288/2288
f 2454/2454 2455/2455 2456/2456
f 2456/2456 2457/2457 2454/2454
f 2455/2455 2454/2454 2491/2491
f 2490/2490 2491/2491 2487/2487
f 2491/2491 2490/2490 2455/2455
f 2488/2488 2487/2487 2486/2486
f 2487/2487 2488/2488 2490/2490
f 3005/3005 3006/3006 2490/2490
f 2455/2455 2490/2490 3006/3006
f 3005/3005 2490/2490 2488/2488
f 2486/2486 2489/2489 2488/2488
f 2492/2492 2493/2493 2488/2488
f 2488/2488 2489/2489 2492/2492
f 2488/2488 2493/2493 3005/3005
f 2493/2493 2492/2492 3007/3007
f 3006/3006 3002/3002 2455/2455
f 2455/2455 3002/3002 3003/3003
f 3003/3003 3004/3004 2455/2455
f 2455/2455 3004/3004 2456/2456
f 2456/2456 3004/3004 3142/3142
f 2457/2457 2456/2456 2459/2459
f 2456/2456 3142/3142 2460/2460
f 2460/2460 2459/2459 2456/2456
f 2459/2459 2461/2461 2457/2457
f 2458/2458 2459/2459 2460/2460
f 2461/2461 2459/2459 2458/2458
f 2461/2461 2462/2462 2463/2463
f 2463/2463 2464/2464 2461/2461
f 2458/2458 2462/2462 2461/2461
f 2465/2465 2464/2464 2463/2463
f 2463/2463 2466/2466 2465/2465
f 2465/2465 2466/2466 2467/2467
f 2467/2467 2297/2297 2465/2465
f 2297/2297 2467/2467 2298/2298
f 2297/2297 2298/2298 2299/2299
f 2293/2293 2294/2294 2295/2295
f 2295/2295 2296/2296 2293/2293
f 2378/2378 2293/2293 2296/2296
f 2664/2664 2663/2663 2294/2294
f 2663/2663 2706/2706 2294/2294
f 2295/2295 2294/2294 2706/2706
f 2659/2659 2663/2663 2664/2664
f 2664/2664 2660/2660 2659/2659
f 2659/2659 2660/2660 2661/2661
f 2661/2661 2662/2662 2659/2659
f 2662/2662 2661/2661 2650/2650
f 2649/2649 2662/2662 2650/2650
f 2649/2649 2650/2650 2651/2651
f 2651/2651 2652/2652 2649/2649
f 2653/2653 2656/2656 2651/2651
f 2656/2656 2652/2652 2651/2651
f 2653/2653 2654/2654 2655/2655
f 2655/2655 2656/2656 2653/2653
f 2371/2371 2655/2655 2654/2654
f 2654/2654 2372/2372 2371/2371
f 2370/2370 2371/2371 2372/2372
f 2657/2657 2371/2371 2370/2370
f 2657/2657 2370/2370 2295/2295
f 3601/3601 2295/2295 2370/2370
f 2370/2370 3602/3602 3601/3601
f 2295/2295 2658/2658 2657/2657
f 2706/2706 2658/2658 2295/2295
f 3601/3601 3614/3614 2295/2295
f 2296/2296 2295/2295 3614/3614
f 3614/3614 3599/3599 2296/2296
f 2296/2296 2379/2379 2378/2378
f 2379/2379 2296/2296 3599/3599
f 3599/3599 3600/3600 2379/2379
f 2472/2472 2378/2378 2379/2379
f 2379/2379 2473/2473 2472/2472
f 2379/2379 3600/3600 3594/3594
f 3594/3594 2473/2473 2379/2379
f 2384/2384 2472/2472 2473/2473
f 2473/2473 2385/2385 2384/2384
f 2473/2473 3593/3593 2385/2385
f 3593/3593 2473/2473 3594/3594
f 3594/3594 3595/3595 3593/3593
f 2383/2383 2384/2384 2385/2385
f 2385/2385 2386/2386 2383/2383
f 2383/2383 2386/2386 2391/2391
f 2391/2391 2392/2392 2383/2383
f 2300/2300 2301/2301 2302/2302
f 2302/2302 2303/2303 2300/2300
f 2304/2304 2301/2301 2300/2300
f 2303/2303 2302/2302 2693/2693
f 2640/2640 2302/2302 2301/2301
f 2693/2693 2302/2302 2471/2471
f 2639/2639 2471/2471 2302/2302
f 2302/2302 2640/2640 2639/2639
f 2471/2471 2470/2470 2693/2693
f 2470/2470 2471/2471 2468/2468
f 3592/3592 2468/2468 2471/2471
f 2471/2471 2639/2639 3592/3592
f 2638/2638 2639/2639 2640/2640
f 3611/3611 2639/2639 2638/2638
f 3592/3592 2639/2639 3611/3611
f 2301/2301 2308/2308 2640/2640
f 2301/2301 2304/2304 2305/2305
f 2305/2305 2306/2306 2301/2301
f 2307/2307 2308/2308 2301/2301
f 2301/2301 2306/2306 2307/2307
f 2638/2638 3612/3612 3611/3611
f 3611/3611 3610/3610 3592/3592
f 3592/3592 3610/3610 3609/3609
f 3609/3609 3591/3591 3592/3592
f 3591/3591 3609/3609 3613/3613
f 2695/2695 2694/2694 3591/3591
f 3591/3591 2700/2700 2695/2695
f 3592/3592 3591/3591 2694/2694
f 3613/3613 2700/2700 3591/3591
f 2700/2700 3613/3613 3607/3607
f 2707/2707 2700/2700 3607/3607
f 3607/3607 3608/3608 2707/2707
f 2633/2633 2632/2632 2707/2707
f 2632/2632 2708/2708 2707/2707
f 2700/2700 2707/2707 2708/2708
f 2627/2627 2632/2632 2633/2633
f 2633/2633 2624/2624 2627/2627
f 2626/2626 2627/2627 2624/2624
f 2624/2624 2625/2625 2626/2626
f 2702/2702 2626/2626 2703/2703
f 2626/2626 2625/2625 2703/2703
f 2702/2702 2703/2703 2678/2678
f 2678/2678 2677/2677 2702/2702
f 2677/2677 2678/2678 2679/2679
f 2679/2679 2680/2680 2677/2677
f 2680/2680 2679/2679 2681/2681
f 2681/2681 2682/2682 2680/2680
f 2704/2704 2682/2682 2681/2681
f 2684/2684 2682/2682 2704/2704
f 2704/2704 2685/2685 2684/2684
f 2683/2683 2684/2684 2685/2685
f 2685/2685 2686/2686 2683/2683
f 2683/2683 2686/2686 2687/2687
f 2687/2687 2688/2688 2683/2683
f 2705/2705 2688/2688 2687/2687
f 2708/2708 2701/2701 2700/2700
f 2700/2700 2701/2701 2699/2699
f 2699/2699 2695/2695 2700/2700
f 2695/2695 2699/2699 2690/2690
f 2694/2694 2695/2695 2689/2689
f 2690/2690 2689/2689 2695/2695
f 2689/2689 2690/2690 2691/2691
f 2689/2689 2696/2696 2694/2694
f 2468/2468 2694/2694 2696/2696
f 2694/2694 2468/2468 3592/3592
f 2696/2696 2469/2469 2468/2468
f 2468/2468 2469/2469 2470/2470
f 2320/2320 2321/2321 2322/2322
f 2321/2321 2320/2320 2323/2323
f 2321/2321 3449/3449 2322/2322
f 2323/2323 2324/2324 2321/2321
f 3368/3368 2321/2321 2327/2327
f 2327/2327 2321/2321 2324/2324
f 2321/2321 3368/3368 3449/3449
f 2323/2323 2328/2328 2324/2324
f 2324/2324 2328/2328 2329/2329
f 2329/2329 2330/2330 2324/2324
f 2329/2329 2333/2333 2330/2330
f 2324/2324 2330/2330 2331/2331
f 2334/2334 2330/2330 2333/2333
f 2335/2335 2331/2331 2330/2330
f 2330/2330 2334/2334 2335/2335
f 2516/2516 2331/2331 2335/2335
f 2335/2335 2517/2517 2516/2516
f 2501/2501 2516/2516 2517/2517
f 2331/2331 2516/2516 3239/3239
f 3239/3239 2516/2516 2501/2501
f 2517/2517 2502/2502 2501/2501
f 2500/2500 2501/2501 2502/2502
f 2500/2500 3240/3240 2501/2501
f 2501/2501 3240/3240 3239/3239
f 2331/2331 3239/3239 3221/3221
f 3221/3221 3239/3239 3240/3240
f 3240/3240 3223/3223 3221/3221
f 3251/3251 3223/3223 3240/3240
f 3240/3240 3253/3253 3251/3251
f 2500/2500 3253/3253 3240/3240
f 2332/2332 2331/2331 3221/3221
f 3221/3221 3222/3222 2332/2332
f 3222/3222 3221/3221 3223/3223
f 3223/3223 3224/3224 3222/3222
f 3224/3224 3223/3223 3251/3251
f 3251/3251 3252/3252 3224/3224
f 2514/2514 3224/3224 3252/3252
f 2513/2513 3222/3222 3224/3224
f 3224/3224 2514/2514 2513/2513
f 2325/2325 2332/2332 3222/3222
f 3222/3222 2513/2513 2325/2325
f 2331/2331 2332/2332 2324/2324
f 2324/2324 2332/2332 2325/2325
f 2325/2325 2326/2326 2327/2327
f 2327/2327 2324/2324 2325/2325
f 2512/2512 2326/2326 2325/2325
f 2325/2325 2513/2513 2512/2512
f 2512/2512 2513/2513 2514/2514
f 2514/2514 2515/2515 2512/2512
f 2326/2326 2512/2512 3361/3361
f 2512/2512 2515/2515 3363/3363
f 3363/3363 3361/3361 2512/2512
f 3361/3361 3362/3362 2326/2326
f 2326/2326 3362/3362 3369/3369
f 3369/3369 2327/2327 2326/2326
f 2327/2327 3369/3369 3360/3360
f 3359/3359 2327/2327 3360/3360
f 2327/2327 3359/3359 3368/3368
f 3364/3364 3363/3363 2515/2515
f 2515/2515 3249/3249 3364/3364
f 3249/3249 2515/2515 2514/2514
f 2514/2514 3250/3250 3249/3249
f 3252/3252 3250/3250 2514/2514
f 2500/2500 3242/3242 3253/3253
f 2502/2502 2503/2503 2500/2500
f 2500/2500 2503/2503 2551/2551
f 2551/2551 2552/2552 2500/2500
f 3242/3242 2500/2500 2552/2552
f 2552/2552 3241/3241 3242/3242
f 4414/4414 2552/2552 2551/2551
f 2552/2552 4414/4414 5124/5124
f 5124/5124 3241/3241 2552/2552
f 2551/2551 4415/4415 4414/4414
f 4414/4414 4415/4415 4416/4416
f 4416/4416 4417/4417 4414/4414
f 4414/4414 5123/5123 5124/5124
f 4414/4414 4417/4417 5122/5122
f 4414/4414 5122/5122 5123/5123
f 4417/4417 4416/4416 4431/4431
f 4431/4431 4430/4430 4417/4417
f 4417/4417 4430/4430 5121/5121
f 5121/5121 5122/5122 4417/4417
f 5122/5122 5121/5121 5106/5106
f 5106/5106 5108/5108 5122/5122
f 5134/5134 5123/5123 5122/5122
f 5122/5122 5108/5108 5134/5134
f 4245/4245 5106/5106 5121/5121
f 4245/4245 5121/5121 4430/4430
f 4430/4430 4431/4431 4249/4249
f 4249/4249 4245/4245 4430/4430
f 4245/4245 4244/4244 4238/4238
f 4238/4238 4246/4246 4245/4245
f 4244/4244 4245/4245 4249/4249
f 5106/5106 4245/4245 4246/4246
f 4246/4246 5105/5105 5106/5106
f 5108/5108 5106/5106 5105/5105
f 5105/5105 5107/5107 5108/5108
f 5134/5134 5108/5108 5107/5107
f 5107/5107 5133/5133 5134/5134
f 5133/5133 5107/5107 4429/4429
f 4427/4427 4429/4429 5107/5107
f 5107/5107 5105/5105 4427/4427
f 4239/4239 4427/4427 5105/5105
f 5105/5105 4246/4246 4239/4239
f 4238/4238 4239/4239 4246/4246
f 4239/4239 4238/4238 4240/4240
f 4240/4240 4241/4241 4239/4239
f 4426/4426 4427/4427 4239/4239
f 4239/4239 4241/4241 4426/4426
f 4429/4429 4427/4427 4426/4426
f 4426/4426 4428/4428 4429/4429
f 5239/5239 4426/4426 4241/4241
f 4426/4426 5239/5239 5240/5240
f 5240/5240 4428/4428 4426/4426
f 4241/4241 5238/5238 5239/5239
f 4241/4241 4240/4240 5246/5246
f 5246/5246 5238/5238 4241/4241
f 4240/4240 5237/5237 5246/5246
f 5236/5236 5237/5237 4240/4240
f 5245/5245 5236/5236 4240/4240
f 4240/4240 4236/4236 5245/5245
f 4236/4236 5322/5322 5245/5245
f 4234/4234 4235/4235 4236/4236
f 4237/4237 4234/4234 4236/4236
f 4236/4236 4238/4238 4237/4237
f 4240/4240 4238/4238 4236/4236
f 4236/4236 4235/4235 5322/5322
f 4237/4237 4238/4238 4242/4242
f 4243/4243 4242/4242 4238/4238
f 4238/4238 4244/4244 4243/4243
f 4243/4243 4244/4244 4247/4247
f 4248/4248 4247/4247 4244/4244
f 4249/4249 4248/4248 4244/4244
f 4429/4429 4428/4428 5131/5131
f 4428/4428 5240/5240 5241/5241
f 5241/5241 5131/5131 4428/4428
f 5131/5131 5132/5132 4429/4429
f 4429/4429 5132/5132 5133/5133
f 2402/2402 2403/2403 2404/2404
f 2404/2404 2405/2405 2402/2402
f 2410/2410 2411/2411 2402/2402
f 2402/2402 2405/2405 2410/2410
f 2535/2535 2536/2536 2402/2402
f 2402/2402 2411/2411 2535/2535
f 2403/2403 2402/2402 2536/2536
f 2536/2536 4135/4135 2403/2403
f 4316/4316 2536/2536 2535/2535
f 2536/2536 4316/4316 4319/4319
f 4319/4319 4135/4135 2536/2536
f 4137/4137 2535/2535 2411/2411
f 2535/2535 4325/4325 4316/4316
f 4325/4325 2535/2535 4137/4137
f 2407/2407 2411/2411 2410/2410
f 2411/2411 2407/2407 4137/4137
f 4136/4136 4137/4137 2407/2407
f 4323/4323 4137/4137 4136/4136
f 4137/4137 4323/4323 4325/4325
f 4316/4316 4325/4325 4324/4324
f 4324/4324 4325/4325 4323/4323
f 4322/4322 4323/4323 4320/4320
f 4323/4323 4322/4322 4324/4324
f 4136/4136 4320/4320 4323/4323
f 2407/2407 2406/2406 4136/4136
f 4141/4141 4136/4136 2406/2406
f 4320/4320 4136/4136 4141/4141
f 2406/2406 2407/2407 2408/2408
f 2410/2410 2408/2408 2407/2407
f 2408/2408 2409/2409 2406/2406
f 2406/2406 2409/2409 2995/2995
f 2995/2995 2996/2996 2406/2406
f 2406/2406 2996/2996 4141/4141
f 4141/4141 4883/4883 4320/4320
f 4320/4320 4883/4883 4884/4884
f 4884/4884 4321/4321 4320/4320
f 4878/4878 4321/4321 4884/4884
f 4884/4884 4885/4885 4878/4878
f 4320/4320 4321/4321 4322/4322
f 4321/4321 4878/4878 4879/4879
f 4879/4879 4322/4322 4321/4321
f 4878/4878 5030/5030 5031/5031
f 5031/5031 4879/4879 4878/4878
f 5030/5030 4878/4878 4885/4885
f 4885/4885 5029/5029 5030/5030
f 4965/4965 5031/5031 5030/5030
f 5030/5030 4970/4970 4965/4965
f 4970/4970 5030/5030 5029/5029
f 4879/4879 5031/5031 5032/5032
f 4966/4966 5032/5032 5031/5031
f 5031/5031 4965/4965 4966/4966
f 4322/4322 4879/4879 4880/4880
f 5032/5032 4880/4880 4879/4879
f 4880/4880 4324/4324 4322/4322
f 4324/4324 4880/4880 4881/4881
f 4880/4880 5032/5032 5033/5033
f 5033/5033 4881/4881 4880/4880
f 4967/4967 5033/5033 5032/5032
f 5032/5032 4966/4966 4967/4967
f 4871/4871 4966/4966 4965/4965
f 4966/4966 4871/4871 4874/4874
f 4874/4874 4967/4967 4966/4966
f 4967/4967 4874/4874 4875/4875
f 4875/4875 4971/4971 4967/4967
f 5033/5033 4967/4967 4971/4971
f 4881/4881 5033/5033 5034/5034
f 4971/4971 5034/5034 5033/5033
f 5034/5034 4882/4882 4881/4881
f 4317/4317 4881/4881 4882/4882
f 4882/4882 4318/4318 4317/4317
f 4316/4316 4317/4317 4318/4318
f 4324/4324 4317/4317 4316/4316
f 4881/4881 4317/4317 4324/4324
f 4318/4318 4319/4319 4316/4316
f 4874/4874 4873/4873 4875/4875
f 4870/4870 4873/4873 4874/4874
f 4869/4869 4870/4870 4871/4871
f 4874/4874 4871/4871 4870/4870
f 4871/4871 4872/4872 4869/4869
f 4886/4886 4869/4869 4872/4872
f 4965/4965 4872/4872 4871/4871
f 4872/4872 4887/4887 4886/4886
f 4887/4887 4872/4872 4965/4965
f 4968/4968 4886/4886 4887/4887
f 4887/4887 4969/4969 4968/4968
f 4965/4965 4970/4970 4887/4887
f 4887/4887 4970/4970 5027/5027
f 4969/4969 4887/4887 5027/5027
f 5027/5027 5028/5028 4969/4969
f 5029/5029 5028/5028 5027/5027
f 5029/5029 5027/5027 4970/4970
f 2991/2991 2997/2997 2995/2995
f 2995/2995 2409/2409 2991/2991
f 2990/2990 2991/2991 2409/2409
f 2991/2991 2990/2990 3146/3146
f 3146/3146 3147/3147 2991/2991
f 2997/2997 2991/2991 3147/3147
f 3147/3147 3145/3145 2997/2997
f 3078/3078 3083/3083 3147/3147
f 3147/3147 3146/3146 3078/3078
f 3145/3145 3147/3147 3083/3083
f 3149/3149 3146/3146 2990/2990
f 3079/3079 3078/3078 3146/3146
f 3146/3146 3149/3149 3079/3079
f 3078/3078 3079/3079 2983/2983
f 2983/2983 2982/2982 3078/3078
f 2999/2999 3083/3083 3078/3078
f 3078/3078 2982/2982 2999/2999
f 2999/2999 3143/3143 3083/3083
f 3083/3083 3143/3143 3145/3145
f 3145/3145 3143/3143 3144/3144
f 3082/3082 3144/3144 3143/3143
f 3143/3143 2999/2999 3082/3082
f 2998/2998 2999/2999 2982/2982
f 3081/3081 3082/3082 2999/2999
f 2999/2999 2998/2998 3081/3081
f 2981/2981 2982/2982 2983/2983
f 2982/2982 2981/2981 2998/2998
f 2983/2983 2984/2984 2981/2981
f 2984/2984 2983/2983 2985/2985
f 2985/2985 2986/2986 2984/2984
f 2985/2985 2987/2987 2986/2986
f 3079/3079 3080/3080 2985/2985
f 2985/2985 2983/2983 3079/3079
f 2987/2987 2985/2985 3080/3080
f 3080/3080 3084/3084 2987/2987
f 3080/3080 3079/3079 3149/3149
f 3149/3149 3148/3148 3080/3080
f 3084/3084 3080/3080 3148/3148
f 3148/3148 3150/3150 3084/3084
f 2993/2993 2992/2992 3148/3148
f 3148/3148 3149/3149 2993/2993
f 3150/3150 3148/3148 2992/2992
f 2990/2990 2993/2993 3149/3149
f 2992/2992 2993/2993 2410/2410
f 2408/2408 2410/2410 2993/2993
f 2993/2993 2990/2990 2408/2408
f 2410/2410 2405/2405 2992/2992
f 2994/2994 2992/2992 2405/2405
f 2992/2992 2994/2994 3150/3150
f 2405/2405 2404/2404 2994/2994
f 2409/2409 2408/2408 2990/2990
f 2412/2412 2413/2413 2414/2414
f 2414/2414 2415/2415 2412/2412
f 2416/2416 2412/2412 2415/2415
f 2412/2412 2416/2416 4138/4138
f 4138/4138 4139/4139 2412/2412
f 2413/2413 2412/2412 4139/4139
f 4139/4139 4140/4140 2413/2413
f 4326/4326 4139/4139 4138/4138
f 4139/4139 4326/4326 4329/4329
f 4329/4329 4140/4140 4139/4139
f 2538/2538 4138/4138 2416/2416
f 4138/4138 4330/4330 4326/4326
f 4330/4330 4138/4138 2538/2538
f 4326/4326 4327/4327 4328/4328
f 4328/4328 4329/4329 4326/4326
f 4327/4327 4326/4326 4330/4330
f 4330/4330 4331/4331 4327/4327
f 4331/4331 4330/4330 4332/4332
f 2538/2538 4332/4332 4330/4330
f 2537/2537 2538/2538 2418/2418
f 2416/2416 2418/2418 2538/2538
f 4332/4332 2538/2538 2537/2537
f 4332/4332 4333/4333 4331/4331
f 2537/2537 4337/4337 4332/4332
f 4332/4332 4337/4337 4336/4336
f 4336/4336 4333/4333 4332/4332
f 2418/2418 2421/2421 2537/2537
f 2709/2709 2537/2537 2421/2421
f 4337/4337 2537/2537 2709/2709
f 4336/4336 4337/4337 4334/4334
f 2709/2709 4334/4334 4337/4337
f 4334/4334 4335/4335 4336/4336
f 4339/4339 4335/4335 4334/4334
f 4334/4334 4340/4340 4339/4339
f 4334/4334 2709/2709 2540/2540
f 2540/2540 4340/4340 4334/4334
f 2540/2540 2709/2709 2420/2420
f 2421/2421 2420/2420 2709/2709
f 2420/2420 2421/2421 2422/2422
f 2422/2422 2421/2421 2418/2418
f 2422/2422 2423/2423 2420/2420
f 2427/2427 2426/2426 2420/2420
f 2420/2420 2423/2423 2427/2427
f 2420/2420 2426/2426 2540/2540
f 2539/2539 2540/2540 2426/2426
f 4340/4340 2540/2540 2539/2539
f 2424/2424 2425/2425 2426/2426
f 2426/2426 2427/2427 2424/2424
f 2426/2426 2425/2425 2539/2539
f 2425/2425 2424/2424 2428/2428
f 2428/2428 2429/2429 2425/2425
f 2539/2539 2425/2425 2429/2429
f 2429/2429 2543/2543 2539/2539
f 2539/2539 4341/4341 4340/4340
f 2539/2539 2543/2543 4342/4342
f 4342/4342 4341/4341 2539/2539
f 4340/4340 4341/4341 4338/4338
f 4341/4341 4342/4342 4343/4343
f 4343/4343 4338/4338 4341/4341
f 4338/4338 4339/4339 4340/4340
f 2418/2418 2419/2419 2422/2422
f 2418/2418 2416/2416 2417/2417
f 2417/2417 2419/2419 2418/2418
f 2415/2415 2417/2417 2416/2416
f 2415/2415 2414/2414 3243/3243
f 4327/4327 5125/5125 4328/4328
f 2430/2430 2431/2431 2432/2432
f 2433/2433 2431/2431 2430/2430
f 2430/2430 2504/2504 2505/2505
f 2505/2505 2433/2433 2430/2430
f 2542/2542 2431/2431 2433/2433
f 2433/2433 2541/2541 2542/2542
f 2541/2541 2433/2433 2505/2505
f 2553/2553 2505/2505 2554/2554
f 2505/2505 2553/2553 2541/2541
f 2507/2507 2554/2554 2505/2505
f 2507/2507 2505/2505 2504/2504
f 2506/2506 2507/2507 2504/2504
f 3407/3407 2507/2507 2506/2506
f 3407/3407 2506/2506 3408/3408
f 3408/3408 3409/3409 3407/3407
f 3409/3409 3408/3408 3410/3410
f 3410/3410 3411/3411 3409/3409
f 3411/3411 3410/3410 2510/2510
f 2510/2510 3412/3412 3411/3411
f 2508/2508 2509/2509 2510/2510
f 2510/2510 2511/2511 2508/2508
f 2510/2510 2509/2509 3413/3413
f 2510/2510 3413/3413 3412/3412
f 2556/2556 2509/2509 2508/2508
f 2508/2508 2557/2557 2556/2556
f 2556/2556 2557/2557 4422/4422
f 4422/4422 4425/4425 2556/2556
f 4422/4422 4423/4423 4424/4424
f 4424/4424 4425/4425 4422/4422
f 4424/4424 5290/5290 4425/4425
f 5287/5287 5289/5289 4424/4424
f 4424/4424 5288/5288 5287/5287
f 4424/4424 5289/5289 5290/5290
f 5285/5285 5287/5287 5288/5288
f 5288/5288 5286/5286 5285/5285
f 5284/5284 5285/5285 5286/5286
f 5286/5286 4420/4420 5284/5284
f 5284/5284 4420/4420 4421/4421
f 4420/4420 4419/4419 4421/4421
f 4421/4421 4418/4418 4446/4446
f 4421/4421 4419/4419 4418/4418
f 4418/4418 4419/4419 4344/4344
f 4344/4344 4347/4347 4418/4418
f 4446/4446 4418/4418 2553/2553
f 2541/2541 2553/2553 4418/4418
f 4418/4418 4347/4347 2541/2541
f 2553/2553 2555/2555 4446/4446
f 2554/2554 2555/2555 2553/2553
f 2542/2542 2541/2541 4347/4347
f 4347/4347 4344/4344 4346/4346
f 4347/4347 4346/4346 2542/2542
f 4344/4344 4345/4345 4346/4346
f 4411/4411 4413/4413 4423/4423
f 4423/4423 5348/5348 4411/4411
f 4411/4411 4412/4412 4413/4413
f 5282/5282 4412/4412 4411/4411
f 4411/4411 5283/5283 5282/5282
f 5135/5135 5138/5138 5282/5282
f 5282/5282 5283/5283 5135/5135
f 5351/5351 5364/5364 5283/5283
f 5283/5283 4411/4411 5351/5351
f 5283/5283 5364/5364 5363/5363
f 5363/5363 5135/5135 5283/5283
f 5350/5350 5351/5351 4411/4411
f 4411/4411 5348/5348 5350/5350
f 5135/5135 3257/3257 3256/3256
f 3256/3256 5136/5136 5135/5135
f 5135/5135 5136/5136 5137/5137
f 5137/5137 5138/5138 5135/5135
f 3257/3257 5135/5135 5352/5352
f 5352/5352 5135/5135 5363/5363
f 3254/3254 3255/3255 3256/3256
f 3256/3256 3257/3257 3254/3254
f 3259/3259 3255/3255 3254/3254
f 3254/3254 3258/3258 3259/3259
f 3405/3405 3258/3258 3254/3254
f 3405/3405 3406/3406 2497/2497
f 2497/2497 2499/2499 3405/3405
f 3254/3254 3406/3406 3405/3405
f 3479/3479 2497/2497 3406/3406
f 3406/3406 3495/3495 3479/3479
f 3406/3406 3254/3254 3494/3494
f 3494/3494 3495/3495 3406/3406
f 2497/2497 3479/3479 3478/3478
f 3478/3478 3475/3475 2497/2497
f 2497/2497 3475/3475 2511/2511
f 2497/2497 2498/2498 2499/2499
f 2511/2511 2498/2498 2497/2497
f 3480/3480 3494/3494 3254/3254
f 3480/3480 3254/3254 3257/3257
f 3257/3257 3481/3481 3480/3480
f 5352/5352 3481/3481 3257/3257
f 2494/2494 2495/2495 2496/2496
f 2495/2495 2494/2494 2544/2544
f 2495/2495 2544/2544 2545/2545
f 2545/2545 2546/2546 2495/2495
f 4410/4410 2546/2546 2545/2545
f 2545/2545 4443/4443 4410/4410
f 4408/4408 4409/4409 4410/4410
f 4410/4410 4443/4443 4408/4408
f 2547/2547 2548/2548 2549/2549
f 2549/2549 2550/2550 2547/2547
f 2548/2548 2547/2547 3476/3476
f 2547/2547 2550/2550 4444/4444
f 4444/4444 4445/4445 2547/2547
f 3476/3476 2547/2547 4445/4445
f 3476/3476 3477/3477 2548/2548
f 4445/4445 5349/5349 3476/3476
f 5365/5365 4444/4444 2550/2550
f 2550/2550 3497/3497 5365/5365
f 3496/3496 3497/3497 2550/2550
f 2550/2550 2549/2549 3496/3496
f 2558/2558 2559/2559 2560/2560
f 2560/2560 2561/2561 2558/2558
f 2616/2616 2558/2558 2561/2561
f 2560/2560 2559/2559 2562/2562
f 2562/2562 2563/2563 2560/2560
f 2562/2562 2564/2564 2567/2567
f 2567/2567 2563/2563 2562/2562
f 2564/2564 2565/2565 2566/2566
f 2566/2566 2567/2567 2564/2564
f 2565/2565 2568/2568 2569/2569
f 2569/2569 2566/2566 2565/2565
f 3501/3501 2569/2569 2568/2568
f 2561/2561 2617/2617 2616/2616
f 2615/2615 2616/2616 2617/2617
f 2617/2617 2614/2614 2615/2615
f 2612/2612 2615/2615 2614/2614
f 2614/2614 2613/2613 2612/2612
f 2610/2610 2611/2611 2612/2612
f 2612/2612 2613/2613 2610/2610
f 2570/2570 2571/2571 2572/2572
f 2572/2572 2573/2573 2570/2570
f 2622/2622 2572/2572 2571/2571
f 2571/2571 2623/2623 2622/2622
f 2620/2620 2622/2622 2623/2623
f 2623/2623 2621/2621 2620/2620
f 2620/2620 2621/2621 2619/2619
f 2619/2619 2618/2618 2620/2620
f 2618/2618 2619/2619 2589/2589
f 2589/2589 2588/2588 2618/2618
f 2588/2588 2589/2589 2585/2585
f 2585/2585 2584/2584 2588/2588
f 2584/2584 2585/2585 2586/2586
f 2586/2586 2587/2587 2584/2584
f 2591/2591 2587/2587 2586/2586
f 2586/2586 2592/2592 2591/2591
f 2590/2590 2591/2591 2592/2592
f 2592/2592 2593/2593 2590/2590
f 2594/2594 2590/2590 2593/2593
f 2593/2593 2595/2595 2594/2594
f 2574/2574 2575/2575 2576/2576
f 2576/2576 2577/2577 2574/2574
f 2579/2579 2574/2574 2577/2577
f 2577/2577 2578/2578 2579/2579
f 2580/2580 2581/2581 2579/2579
f 2579/2579 2578/2578 2580/2580
f 2581/2581 2580/2580 2582/2582
f 2582/2582 2583/2583 2581/2581
f 2596/2596 2597/2597 2598/2598
f 2598/2598 2599/2599 2596/2596
f 2599/2599 2598/2598 2600/2600
f 2600/2600 2601/2601 2599/2599
f 2600/2600 2602/2602 2603/2603
f 2603/2603 2601/2601 2600/2600
f 2604/2604 2603/2603 2602/2602
f 2602/2602 2605/2605 2604/2604
f 2606/2606 2607/2607 2604/2604
f 2604/2604 2605/2605 2606/2606
f 2607/2607 2606/2606 2608/2608
f 2608/2608 2609/2609 2607/2607
f 3121/3121 2609/2609 2608/2608
f 2608/2608 3122/3122 3121/3121
f 2628/2628 2629/2629 2630/2630
f 2630/2630 2631/2631 2628/2628
f 2635/2635 2630/2630 2629/2629
f 2629/2629 2636/2636 2635/2635
f 2634/2634 2635/2635 2636/2636
f 2636/2636 2637/2637 2634/2634
f 2641/2641 2642/2642 2643/2643
f 2643/2643 2644/2644 2641/2641
f 2646/2646 2642/2642 2641/2641
f 2641/2641 2647/2647 2646/2646
f 2644/2644 2643/2643 3498/3498
f 3498/3498 2643/2643 3499/3499
f 3499/3499 3500/3500 3498/3498
f 2645/2645 2646/2646 2647/2647
f 2647/2647 2648/2648 2645/2645
f 2697/2697 2645/2645 2648/2648
f 2648/2648 2698/2698 2697/2697
f 2722/2722 2723/2723 2724/2724
f 2724/2724 2725/2725 2722/2722
f 2723/2723 2750/2750 2724/2724
f 2748/2748 2724/2724 2750/2750
f 2750/2750 2749/2749 2748/2748
f 2746/2746 2748/2748 2749/2749
f 2749/2749 2747/2747 2746/2746
f 2744/2744 2746/2746 2747/2747
f 2747/2747 2745/2745 2744/2744
f 2742/2742 2744/2744 2745/2745
f 2745/2745 2743/2743 2742/2742
f 2740/2740 2742/2742 2743/2743
f 2743/2743 2741/2741 2740/2740
f 2738/2738 2740/2740 2741/2741
f 2741/2741 2739/2739 2738/2738
f 2736/2736 2738/2738 2739/2739
f 2739/2739 2737/2737 2736/2736
f 2734/2734 2736/2736 2737/2737
f 2737/2737 2735/2735 2734/2734
f 2733/2733 2734/2734 2735/2735
f 2735/2735 2731/2731 2733/2733
f 2730/2730 2733/2733 2731/2731
f 2729/2729 2730/2730 2731/2731
f 2731/2731 2732/2732 2729/2729
f 2726/2726 2729/2729 2732/2732
f 2732/2732 2727/2727 2726/2726
f 2726/2726 2727/2727 2728/2728
f 2751/2751 2752/2752 2753/2753
f 2753/2753 2754/2754 2751/2751
f 2770/2770 2751/2751 2754/2754
f 2752/2752 2755/2755 2756/2756
f 2756/2756 2753/2753 2752/2752
f 2755/2755 2757/2757 2756/2756
f 2761/2761 2756/2756 2757/2757
f 2757/2757 2758/2758 2761/2761
f 2760/2760 2761/2761 2758/2758
f 2758/2758 2759/2759 2760/2760
f 2763/2763 2760/2760 2759/2759
f 2759/2759 2762/2762 2763/2763
f 2765/2765 2763/2763 2762/2762
f 2762/2762 2764/2764 2765/2765
f 2767/2767 2765/2765 2764/2764
f 2764/2764 2766/2766 2767/2767
f 2769/2769 2767/2767 2766/2766
f 2766/2766 2768/2768 2769/2769
f 2771/2771 2769/2769 2768/2768
f 2768/2768 2770/2770 2771/2771
f 2754/2754 2771/2771 2770/2770
f 2772/2772 2773/2773 2774/2774
f 2774/2774 2775/2775 2772/2772
f 2796/2796 2772/2772 2775/2775
f 2773/2773 2776/2776 2777/2777
f 2777/2777 2774/2774 2773/2773
f 2776/2776 2778/2778 2779/2779
f 2779/2779 2777/2777 2776/2776
f 2778/2778 2780/2780 2781/2781
f 2781/2781 2779/2779 2778/2778
f 2780/2780 2782/2782 2783/2783
f 2783/2783 2781/2781 2780/2780
f 2782/2782 2784/2784 2785/2785
f 2785/2785 2783/2783 2782/2782
f 2784/2784 2786/2786 2787/2787
f 2787/2787 2785/2785 2784/2784
f 2786/2786 2788/2788 2789/2789
f 2789/2789 2787/2787 2786/2786
f 2788/2788 2790/2790 2791/2791
f 2791/2791 2789/2789 2788/2788
f 2790/2790 2792/2792 2793/2793
f 2793/2793 2791/2791 2790/2790
f 2792/2792 2794/2794 2795/2795
f 2795/2795 2793/2793 2792/2792
f 2794/2794 2796/2796 2797/2797
f 2797/2797 2795/2795 2794/2794
f 2775/2775 2797/2797 2796/2796
f 2798/2798 2799/2799 2800/2800
f 2800/2800 2801/2801 2798/2798
f 2802/2802 2799/2799 2798/2798
f 2798/2798 2803/2803 2802/2802
f 2801/2801 2800/2800 2806/2806
f 2806/2806 2805/2805 2801/2801
f 2804/2804 2805/2805 2806/2806
f 2806/2806 2807/2807 2804/2804
f 2804/2804 2807/2807 2867/2867
f 2867/2867 2866/2866 2804/2804
f 2866/2866 2867/2867 2868/2868
f 2868/2868 2869/2869 2866/2866
f 2869/2869 2868/2868 2870/2870
f 2870/2870 2871/2871 2869/2869
f 2871/2871 2870/2870 2938/2938
f 2938/2938 2939/2939 2871/2871
f 2926/2926 2927/2927 2802/2802
f 2802/2802 2803/2803 2926/2926
f 2808/2808 2809/2809 2810/2810
f 2810/2810 2811/2811 2808/2808
f 2809/2809 2808/2808 2812/2812
f 2812/2812 2813/2813 2809/2809
f 2814/2814 2813/2813 2812/2812
f 2812/2812 2815/2815 2814/2814
f 2928/2928 2811/2811 2810/2810
f 2810/2810 2929/2929 2928/2928
f 2859/2859 2858/2858 2928/2928
f 2928/2928 2929/2929 2859/2859
f 2858/2858 2859/2859 2860/2860
f 2860/2860 2861/2861 2858/2858
f 2861/2861 2860/2860 2931/2931
f 2931/2931 2930/2930 2861/2861
f 2930/2930 2931/2931 2923/2923
f 2923/2923 2922/2922 2930/2930
f 2922/2922 2923/2923 2924/2924
f 2924/2924 2925/2925 2922/2922
f 2816/2816 2817/2817 2818/2818
f 2818/2818 2819/2819 2816/2816
f 2824/2824 2819/2819 2818/2818
f 2818/2818 2825/2825 2824/2824
f 2820/2820 2821/2821 2822/2822
f 2822/2822 2823/2823 2820/2820
f 2823/2823 2822/2822 2881/2881
f 2881/2881 2880/2880 2823/2823
f 2880/2880 2881/2881 2878/2878
f 2878/2878 2879/2879 2880/2880
f 3597/3597 2878/2878 3598/3598
f 3597/3597 2879/2879 2878/2878
f 3597/3597 3623/3623 2879/2879
f 3597/3597 3598/3598 3624/3624
f 3623/3623 3597/3597 3624/3624
f 3623/3623 3624/3624 3625/3625
f 3624/3624 3629/3629 3628/3628
f 3628/3628 3625/3625 3624/3624
f 3628/3628 3629/3629 3626/3626
f 3626/3626 3627/3627 3628/3628
f 3660/3660 3627/3627 3626/3626
f 3626/3626 3661/3661 3660/3660
f 2826/2826 2827/2827 2828/2828
f 2828/2828 2829/2829 2826/2826
f 2827/2827 2826/2826 2897/2897
f 2897/2897 2896/2896 2827/2827
f 2896/2896 2897/2897 2898/2898
f 2898/2898 2899/2899 2896/2896
f 2950/2950 2899/2899 2898/2898
f 2898/2898 2951/2951 2950/2950
f 2829/2829 2828/2828 3605/3605
f 3605/3605 3606/3606 2829/2829
f 2830/2830 2831/2831 2832/2832
f 2832/2832 2833/2833 2830/2830
f 2831/2831 2830/2830 2865/2865
f 2865/2865 2864/2864 2831/2831
f 2864/2864 2865/2865 2845/2845
f 2845/2845 2844/2844 2864/2864
f 2844/2844 2845/2845 2842/2842
f 2842/2842 2843/2843 2844/2844
f 2843/2843 2842/2842 2936/2936
f 2936/2936 2937/2937 2843/2843
f 2834/2834 2835/2835 2836/2836
f 2836/2836 2837/2837 2834/2834
f 2835/2835 2834/2834 2856/2856
f 2856/2856 2857/2857 2835/2835
f 2857/2857 2856/2856 2907/2907
f 2907/2907 2906/2906 2857/2857
f 2906/2906 2907/2907 2908/2908
f 2908/2908 2909/2909 2906/2906
f 2963/2963 2909/2909 2908/2908
f 2908/2908 2964/2964 2963/2963
f 2838/2838 2839/2839 2840/2840
f 2840/2840 2841/2841 2838/2838
f 2846/2846 2839/2839 2838/2838
f 2838/2838 2847/2847 2846/2846
f 2841/2841 2840/2840 2862/2862
f 2862/2862 2863/2863 2841/2841
f 3596/3596 2863/2863 2862/2862
f 7088/7088 7089/7089 2863/2863
f 3596/3596 7088/7088 2863/2863
f 3645/3645 3596/3596 3646/3646
f 3645/3645 7088/7088 3596/3596
f 3645/3645 7089/7089 7088/7088
f 3642/3642 3641/3641 3645/3645
f 3645/3645 3646/3646 3642/3642
f 3641/3641 3642/3642 3643/3643
f 3643/3643 3644/3644 3641/3641
f 3644/3644 3643/3643 3662/3662
f 3662/3662 3663/3663 3644/3644
f 2848/2848 2849/2849 2850/2850
f 2850/2850 2851/2851 2848/2848
f 2852/2852 2853/2853 2854/2854
f 2854/2854 2855/2855 2852/2852
f 2855/2855 2854/2854 2882/2882
f 2882/2882 2883/2883 2855/2855
f 2883/2883 2882/2882 2956/2956
f 2956/2956 2957/2957 2883/2883
f 2957/2957 2956/2956 2958/2958
f 2958/2958 2959/2959 2957/2957
f 2959/2959 2958/2958 2960/2960
f 2959/2959 2960/2960 2962/2962
f 2962/2962 2961/2961 2959/2959
f 2961/2961 2962/2962 2946/2946
f 2946/2946 2947/2947 2961/2961
f 2946/2946 2905/2905 2904/2904
f 2904/2904 2947/2947 2946/2946
f 2904/2904 2905/2905 2903/2903
f 2903/2903 2902/2902 2904/2904
f 2902/2902 2903/2903 2900/2900
f 2900/2900 2901/2901 2902/2902
f 2901/2901 2900/2900 2948/2948
f 2948/2948 2949/2949 2901/2901
f 2872/2872 2873/2873 2874/2874
f 2874/2874 2875/2875 2872/2872
f 2873/2873 2872/2872 2954/2954
f 2954/2954 2955/2955 2873/2873
f 2875/2875 2874/2874 2876/2876
f 2876/2876 2877/2877 2875/2875
f 2952/2952 2877/2877 2876/2876
f 2876/2876 2953/2953 2952/2952
f 3603/3603 2952/2952 2953/2953
f 2953/2953 3604/3604 3603/3603
f 2884/2884 2885/2885 2886/2886
f 2886/2886 2887/2887 2884/2884
f 2887/2887 2886/2886 2891/2891
f 2891/2891 2890/2890 2887/2887
f 2890/2890 2891/2891 2888/2888
f 2888/2888 2889/2889 2890/2890
f 2892/2892 2893/2893 2894/2894
f 2894/2894 2895/2895 2892/2892
f 2910/2910 2911/2911 2912/2912
f 2912/2912 2913/2913 2910/2910
f 2911/2911 2910/2910 2914/2914
f 2914/2914 2915/2915 2911/2911
f 2915/2915 2914/2914 2942/2942
f 2942/2942 2943/2943 2915/2915
f 2943/2943 2942/2942 2919/2919
f 2919/2919 2918/2918 2943/2943
f 2918/2918 2919/2919 2916/2916
f 2916/2916 2917/2917 2918/2918
f 2917/2917 2916/2916 2920/2920
f 2920/2920 2921/2921 2917/2917
f 2944/2944 2921/2921 2920/2920
f 2920/2920 2945/2945 2944/2944
f 2913/2913 2912/2912 2940/2940
f 2940/2940 2941/2941 2913/2913
f 2932/2932 2933/2933 2934/2934
f 2934/2934 2935/2935 2932/2932
f 2965/2965 2966/2966 2932/2932
f 2932/2932 2935/2935 2965/2965
f 2966/2966 2965/2965 2980/2980
f 2980/2980 2979/2979 2966/2966
f 2979/2979 2980/2980 2972/2972
f 2972/2972 2971/2971 2979/2979
f 2971/2971 2972/2972 2970/2970
f 2970/2970 2969/2969 2971/2971
f 2969/2969 2970/2970 2967/2967
f 2967/2967 2968/2968 2969/2969
f 2968/2968 2967/2967 2977/2977
f 2977/2977 2978/2978 2968/2968
f 2978/2978 2977/2977 2976/2976
f 2976/2976 2975/2975 2978/2978
f 2975/2975 2976/2976 2973/2973
f 2973/2973 2974/2974 2975/2975
f 3017/3017 3018/3018 3019/3019
f 3019/3019 3020/3020 3017/3017
f 3051/3051 3017/3017 3020/3020
f 3018/3018 3021/3021 3022/3022
f 3022/3022 3019/3019 3018/3018
f 3021/3021 3023/3023 3024/3024
f 3024/3024 3022/3022 3021/3021
f 3023/3023 3025/3025 3026/3026
f 3026/3026 3024/3024 3023/3023
f 3025/3025 3027/3027 3028/3028
f 3028/3028 3026/3026 3025/3025
f 3028/3028 3027/3027 3134/3134
f 3134/3134 3135/3135 3028/3028
f 3138/3138 3134/3134 3136/3136
f 3138/3138 3135/3135 3134/3134
f 3136/3136 3137/3137 3138/3138
f 3137/3137 3136/3136 3139/3139
f 3139/3139 3140/3140 3137/3137
f 3141/3141 3140/3140 3139/3139
f 3020/3020 3052/3052 3051/3051
f 3049/3049 3051/3051 3052/3052
f 3052/3052 3050/3050 3049/3049
f 3047/3047 3049/3049 3050/3050
f 3050/3050 3048/3048 3047/3047
f 3045/3045 3047/3047 3048/3048
f 3048/3048 3046/3046 3045/3045
f 3041/3041 3045/3045 3046/3046
f 3046/3046 3042/3042 3041/3041
f 3041/3041 3042/3042 3043/3043
f 3043/3043 3044/3044 3041/3041
f 3029/3029 3030/3030 3031/3031
f 3031/3031 3032/3032 3029/3029
f 3029/3029 3033/3033 3034/3034
f 3034/3034 3030/3030 3029/3029
f 3033/3033 3035/3035 3036/3036
f 3036/3036 3034/3034 3033/3033
f 3035/3035 3037/3037 3038/3038
f 3038/3038 3036/3036 3035/3035
f 3037/3037 3039/3039 3040/3040
f 3040/3040 3038/3038 3037/3037
f 3068/3068 3069/3069 3070/3070
f 3070/3070 3071/3071 3068/3068
f 4142/4142 3068/3068 3071/3071
f 3069/3069 3072/3072 3073/3073
f 3073/3073 3070/3070 3069/3069
f 3160/3160 3073/3073 3072/3072
f 3072/3072 3161/3161 3160/3160
f 3159/3159 3160/3160 3161/3161
f 3161/3161 3162/3162 3159/3159
f 3162/3162 3161/3161 3163/3163
f 3163/3163 3164/3164 3162/3162
f 3163/3163 3165/3165 3164/3164
f 3165/3165 3163/3163 3166/3166
f 3166/3166 3167/3167 3165/3165
f 3071/3071 4143/4143 4142/4142
f 4142/4142 4143/4143 4956/4956
f 4956/4956 4955/4955 4142/4142
f 4955/4955 4956/4956 4957/4957
f 4957/4957 4958/4958 4955/4955
f 4958/4958 4957/4957 4959/4959
f 4959/4959 4960/4960 4958/4958
f 4960/4960 4959/4959 5046/5046
f 5046/5046 5045/5045 4960/4960
f 5045/5045 5046/5046 5043/5043
f 5043/5043 5044/5044 5045/5045
f 5048/5048 5045/5045 5044/5044
f 5044/5044 5047/5047 5048/5048
f 5048/5048 5047/5047 5049/5049
f 5051/5051 5048/5048 5049/5049
f 5049/5049 5050/5050 5051/5051
f 3095/3095 3096/3096 3097/3097
f 3098/3098 3101/3101 3095/3095
f 3095/3095 3097/3097 3098/3098
f 3097/3097 3096/3096 3106/3106
f 3106/3106 3107/3107 3097/3097
f 3107/3107 3106/3106 3155/3155
f 3155/3155 3156/3156 3107/3107
f 3156/3156 3155/3155 3117/3117
f 3117/3117 3116/3116 3156/3156
f 3116/3116 3117/3117 3103/3103
f 3103/3103 3102/3102 3116/3116
f 3102/3102 3103/3103 3104/3104
f 3104/3104 3105/3105 3102/3102
f 3105/3105 3104/3104 3210/3210
f 3210/3210 3209/3209 3105/3105
f 3209/3209 3210/3210 3207/3207
f 3207/3207 3208/3208 3209/3209
f 3208/3208 3207/3207 3211/3211
f 3211/3211 3212/3212 3208/3208
f 3212/3212 3211/3211 3218/3218
f 3218/3218 3217/3217 3212/3212
f 3217/3217 3218/3218 3215/3215
f 3215/3215 3216/3216 3217/3217
f 3216/3216 3215/3215 3219/3219
f 3219/3219 3220/3220 3216/3216
f 3098/3098 3099/3099 3100/3100
f 3100/3100 3101/3101 3098/3098
f 3100/3100 3099/3099 4984/4984
f 4984/4984 4985/4985 3100/3100
f 4984/4984 4982/4982 4981/4981
f 4981/4981 4985/4985 4984/4984
f 4981/4981 4982/4982 4983/4983
f 4982/4982 4990/4990 4991/4991
f 4991/4991 4983/4983 4982/4982
f 4990/4990 5039/5039 5040/5040
f 5040/5040 4991/4991 4990/4990
f 5001/5001 5040/5040 5039/5039
f 5039/5039 5000/5000 5001/5001
f 4989/4989 5001/5001 5000/5000
f 5000/5000 4986/4986 4989/4989
f 4988/4988 4989/4989 4986/4986
f 4986/4986 4987/4987 4988/4988
f 5092/5092 4988/4988 4987/4987
f 4987/4987 5093/5093 5092/5092
f 5091/5091 5092/5092 5093/5093
f 5093/5093 5094/5094 5091/5091
f 5095/5095 5091/5091 5094/5094
f 5094/5094 5096/5096 5095/5095
f 5100/5100 5095/5095 5096/5096
f 5096/5096 5101/5101 5100/5100
f 5099/5099 5100/5100 5101/5101
f 5101/5101 5102/5102 5099/5099
f 5103/5103 5099/5099 5102/5102
f 5102/5102 5104/5104 5103/5103
f 3108/3108 3109/3109 3110/3110
f 3110/3110 3111/3111 3108/3108
f 3109/3109 3108/3108 3157/3157
f 3157/3157 3158/3158 3109/3109
f 3158/3158 3157/3157 3115/3115
f 3115/3115 3114/3114 3158/3158
f 3114/3114 3115/3115 3112/3112
f 3112/3112 3113/3113 3114/3114
f 3113/3113 3112/3112 3118/3118
f 3118/3118 3119/3119 3113/3113
f 3547/3547 3111/3111 3110/3110
f 3110/3110 3548/3548 3547/3547
f 3123/3123 3124/3124 3125/3125
f 3125/3125 3126/3126 3123/3123
f 3123/3123 3126/3126 3132/3132
f 3132/3132 3133/3133 3123/3123
f 3125/3125 3124/3124 3130/3130
f 3130/3130 3129/3129 3125/3125
f 3129/3129 3130/3130 3127/3127
f 3127/3127 3128/3128 3129/3129
f 3128/3128 3127/3127 3131/3131
f 3174/3174 3175/3175 3176/3176
f 3176/3176 3177/3177 3174/3174
f 3175/3175 3174/3174 4144/4144
f 4144/4144 4145/4145 3175/3175
f 4144/4144 5058/5058 5061/5061
f 5061/5061 4145/4145 4144/4144
f 5058/5058 5059/5059 5060/5060
f 5060/5060 5061/5061 5058/5058
f 5059/5059 5126/5126 5127/5127
f 5127/5127 5060/5060 5059/5059
f 3177/3177 3176/3176 3244/3244
f 3244/3244 3245/3245 3177/3177
f 3178/3178 3179/3179 3180/3180
f 3180/3180 3181/3181 3178/3178
f 3182/3182 3178/3178 3181/3181
f 3181/3181 3183/3183 3182/3182
f 3185/3185 3182/3182 3183/3183
f 3183/3183 3186/3186 3185/3185
f 3184/3184 3185/3185 3186/3186
f 3186/3186 3187/3187 3184/3184
f 3184/3184 3187/3187 3189/3189
f 3189/3189 3188/3188 3184/3184
f 3188/3188 3189/3189 3190/3190
f 3191/3191 3192/3192 3193/3193
f 3193/3193 3194/3194 3191/3191
f 3195/3195 3196/3196 3197/3197
f 3197/3197 3198/3198 3195/3195
f 3196/3196 3195/3195 3199/3199
f 3199/3199 3200/3200 3196/3196
f 3200/3200 3199/3199 3201/3201
f 3201/3201 3202/3202 3200/3200
f 3202/3202 3201/3201 3203/3203
f 3203/3203 3204/3204 3202/3202
f 3204/3204 3203/3203 3213/3213
f 3213/3213 3214/3214 3204/3204
f 3198/3198 3197/3197 3205/3205
f 3205/3205 3206/3206 3198/3198
f 3225/3225 3226/3226 3227/3227
f 3227/3227 3228/3228 3225/3225
f 3226/3226 3229/3229 3230/3230
f 3230/3230 3227/3227 3226/3226
f 3229/3229 3231/3231 3230/3230
f 3231/3231 3229/3229 3232/3232
f 3232/3232 3233/3233 3231/3231
f 3232/3232 3234/3234 3233/3233
f 3232/3232 3235/3235 3236/3236
f 3236/3236 3234/3234 3232/3232
f 3235/3235 3237/3237 3238/3238
f 3238/3238 3236/3236 3235/3235
f 3238/3238 3237/3237 5120/5120
f 5120/5120 5119/5119 3238/3238
f 5119/5119 5120/5120 5117/5117
f 5117/5117 5118/5118 5119/5119
f 5115/5115 5116/5116 5117/5117
f 5117/5117 5114/5114 5115/5115
f 5117/5117 5116/5116 5118/5118
f 5114/5114 5113/5113 5115/5115
f 5113/5113 5114/5114 5112/5112
f 5112/5112 5111/5111 5113/5113
f 5111/5111 5112/5112 5109/5109
f 5109/5109 5110/5110 5111/5111
f 3260/3260 3261/3261 3262/3262
f 3262/3262 3263/3263 3260/3260
f 3261/3261 3264/3264 3265/3265
f 3265/3265 3262/3262 3261/3261
f 3265/3265 3264/3264 5142/5142
f 5142/5142 5141/5141 3265/3265
f 5141/5141 5142/5142 5139/5139
f 5139/5139 5140/5140 5141/5141
f 3266/3266 3267/3267 3268/3268
f 3266/3266 3509/3509 3267/3267
f 3267/3267 3344/3344 3268/3268
f 3268/3268 3344/3344 3347/3347
f 3344/3344 3345/3345 3346/3346
f 3346/3346 3347/3347 3344/3344
f 3346/3346 3345/3345 3365/3365
f 3365/3365 3366/3366 3346/3346
f 3269/3269 3270/3270 3271/3271
f 3271/3271 3272/3272 3269/3269
f 3270/3270 3269/3269 3273/3273
f 3273/3273 3274/3274 3270/3270
f 3272/3272 3271/3271 3279/3279
f 3279/3279 3280/3280 3272/3272
f 3280/3280 3279/3279 3276/3276
f 3276/3276 3275/3275 3280/3280
f 3275/3275 3276/3276 3277/3277
f 3277/3277 3278/3278 3275/3275
f 3278/3278 3277/3277 3282/3282
f 3282/3282 3281/3281 3278/3278
f 3281/3281 3282/3282 3283/3283
f 3283/3283 3284/3284 3281/3281
f 3284/3284 3283/3283 3286/3286
f 3286/3286 3285/3285 3284/3284
f 3285/3285 3286/3286 3287/3287
f 3287/3287 3288/3288 3285/3285
f 3287/3287 3332/3332 3333/3333
f 3333/3333 3288/3288 3287/3287
f 3333/3333 3332/3332 3334/3334
f 3334/3334 3335/3335 3333/3333
f 3335/3335 3334/3334 3336/3336
f 3336/3336 3337/3337 3335/3335
f 3337/3337 3336/3336 3338/3338
f 3338/3338 3339/3339 3337/3337
f 3339/3339 3338/3338 3340/3340
f 3340/3340 3341/3341 3339/3339
f 3340/3340 3342/3342 3343/3343
f 3343/3343 3341/3341 3340/3340
f 3289/3289 3290/3290 3291/3291
f 3291/3291 3292/3292 3289/3289
f 3290/3290 3289/3289 3293/3293
f 3293/3293 3294/3294 3290/3290
f 3294/3294 3293/3293 3298/3298
f 3298/3298 3297/3297 3294/3294
f 3297/3297 3298/3298 3295/3295
f 3295/3295 3296/3296 3297/3297
f 3296/3296 3295/3295 3302/3302
f 3302/3302 3301/3301 3296/3296
f 3301/3301 3302/3302 3299/3299
f 3299/3299 3300/3300 3301/3301
f 3300/3300 3299/3299 3303/3303
f 3303/3303 3304/3304 3300/3300
f 3330/3330 3292/3292 3291/3291
f 3291/3291 3331/3331 3330/3330
f 3305/3305 3306/3306 3307/3307
f 3307/3307 3308/3308 3305/3305
f 3307/3307 3306/3306 3326/3326
f 3326/3326 3325/3325 3307/3307
f 3325/3325 3326/3326 3323/3323
f 3323/3323 3324/3324 3325/3325
f 3324/3324 3323/3323 3327/3327
f 3327/3327 3328/3328 3324/3324
f 3327/3327 3322/3322 3321/3321
f 3321/3321 3328/3328 3327/3327
f 3321/3321 3322/3322 3319/3319
f 3319/3319 3320/3320 3321/3321
f 3320/3320 3319/3319 3329/3329
f 3312/3312 3311/3311 3320/3320
f 3320/3320 3329/3329 3312/3312
f 3311/3311 3312/3312 3309/3309
f 3309/3309 3310/3310 3311/3311
f 3309/3309 3313/3313 3314/3314
f 3314/3314 3310/3310 3309/3309
f 3314/3314 3313/3313 3318/3318
f 3318/3318 3317/3317 3314/3314
f 3317/3317 3318/3318 3315/3315
f 3315/3315 3316/3316 3317/3317
f 3348/3348 3316/3316 3315/3315
f 3315/3315 3349/3349 3348/3348
f 3348/3348 3349/3349 3350/3350
f 3350/3350 3351/3351 3348/3348
f 3351/3351 3350/3350 4148/4148
f 4147/4147 3351/3351 4148/4148
f 4146/4146 4147/4147 4148/4148
f 4146/4146 5975/5975 4147/4147
f 5975/5975 5227/5227 4147/4147
f 5975/5975 5228/5228 5227/5227
f 5225/5225 5227/5227 5228/5228
f 5228/5228 5226/5226 5225/5225
f 5225/5225 5226/5226 5192/5192
f 5192/5192 5195/5195 5225/5225
f 5192/5192 5193/5193 5194/5194
f 5194/5194 5195/5195 5192/5192
f 5193/5193 5191/5191 5190/5190
f 5190/5190 5194/5194 5193/5193
f 5190/5190 5191/5191 5186/5186
f 5186/5186 5189/5189 5190/5190
f 5186/5186 5187/5187 5188/5188
f 5188/5188 5189/5189 5186/5186
f 5187/5187 5206/5206 5199/5199
f 5199/5199 5188/5188 5187/5187
f 5199/5199 5206/5206 5196/5196
f 5198/5198 5199/5199 5196/5196
f 5196/5196 5197/5197 5198/5198
f 5204/5204 5205/5205 5198/5198
f 5198/5198 5197/5197 5204/5204
f 5204/5204 5200/5200 5203/5203
f 5203/5203 5205/5205 5204/5204
f 5200/5200 5201/5201 5202/5202
f 5202/5202 5203/5203 5200/5200
f 5184/5184 5202/5202 5201/5201
f 5201/5201 5185/5185 5184/5184
f 5182/5182 5183/5183 5184/5184
f 5184/5184 5185/5185 5182/5182
f 3375/3375 3376/3376 3377/3377
f 3377/3377 3378/3378 3375/3375
f 3378/3378 3377/3377 3379/3379
f 3379/3379 3380/3380 3378/3378
f 3380/3380 3379/3379 3381/3381
f 3381/3381 3382/3382 3380/3380
f 3382/3382 3381/3381 3404/3404
f 3404/3404 3403/3403 3382/3382
f 3401/3401 3403/3403 3404/3404
f 3404/3404 3402/3402 3401/3401
f 3401/3401 3402/3402 3400/3400
f 3400/3400 3399/3399 3401/3401
f 3399/3399 3400/3400 3396/3396
f 3396/3396 3395/3395 3399/3399
f 3395/3395 3396/3396 3397/3397
f 3397/3397 3398/3398 3395/3395
f 3442/3442 3398/3398 3397/3397
f 3397/3397 3443/3443 3442/3442
f 3383/3383 3384/3384 3385/3385
f 3385/3385 3386/3386 3383/3383
f 3384/3384 3383/3383 3391/3391
f 3391/3391 3392/3392 3384/3384
f 3392/3392 3391/3391 3393/3393
f 3393/3393 3394/3394 3392/3392
f 3394/3394 3393/3393 3459/3459
f 3459/3459 3460/3460 3394/3394
f 3460/3460 3459/3459 3461/3461
f 3461/3461 3462/3462 3460/3460
f 3462/3462 3461/3461 3472/3472
f 3472/3472 3471/3471 3462/3462
f 3451/3451 3471/3471 3472/3472
f 3472/3472 3452/3452 3451/3451
f 3451/3451 3452/3452 3453/3453
f 3453/3453 3454/3454 3451/3451
f 3454/3454 3453/3453 3458/3458
f 3386/3386 3385/3385 3387/3387
f 3387/3387 3388/3388 3386/3386
f 3388/3388 3387/3387 3389/3389
f 3389/3389 3390/3390 3388/3388
f 3414/3414 3415/3415 3416/3416
f 3416/3416 3417/3417 3414/3414
f 5291/5291 3415/3415 3414/3414
f 3414/3414 5292/5292 5291/5291
f 3430/3430 3417/3417 3416/3416
f 3416/3416 3431/3431 3430/3430
f 3428/3428 3430/3430 3431/3431
f 3431/3431 3429/3429 3428/3428
f 3426/3426 3428/3428 3429/3429
f 3429/3429 3427/3427 3426/3426
f 3424/3424 3426/3426 3427/3427
f 3427/3427 3425/3425 3424/3424
f 3422/3422 3424/3424 3425/3425
f 3425/3425 3423/3423 3422/3422
f 3419/3419 3422/3422 3423/3423
f 3423/3423 3420/3420 3419/3419
f 3418/3418 3419/3419 3420/3420
f 3420/3420 3421/3421 3418/3418
f 4149/4149 3418/3418 3421/3421
f 3421/3421 4150/4150 4149/4149
f 4149/4149 4150/4150 5294/5294
f 5294/5294 5293/5293 4149/4149
f 5293/5293 5294/5294 5295/5295
f 5295/5295 5296/5296 5293/5293
f 5296/5296 5295/5295 5297/5297
f 5297/5297 5298/5298 5296/5296
f 5298/5298 5297/5297 5299/5299
f 5299/5299 5300/5300 5298/5298
f 5300/5300 5299/5299 5301/5301
f 5301/5301 5302/5302 5300/5300
f 5302/5302 5301/5301 5303/5303
f 5303/5303 5304/5304 5302/5302
f 5304/5304 5303/5303 5305/5305
f 5305/5305 5306/5306 5304/5304
f 5306/5306 5305/5305 5291/5291
f 5291/5291 5292/5292 5306/5306
f 3432/3432 3433/3433 3434/3434
f 3434/3434 3435/3435 3432/3432
f 3433/3433 3432/3432 4151/4151
f 4151/4151 4152/4152 3433/3433
f 4151/4151 5307/5307 5310/5310
f 5310/5310 4152/4152 4151/4151
f 5307/5307 5308/5308 5309/5309
f 5309/5309 5310/5310 5307/5307
f 3436/3436 3437/3437 3438/3438
f 3438/3438 3439/3439 3436/3436
f 3439/3439 3438/3438 3440/3440
f 3440/3440 3441/3441 3439/3439
f 5312/5312 3441/3441 3440/3440
f 3440/3440 5313/5313 5312/5312
f 5311/5311 5312/5312 5313/5313
f 5313/5313 5314/5314 5311/5311
f 3455/3455 3456/3456 3457/3457
f 3457/3457 3456/3456 3469/3469
f 3469/3469 3470/3470 3457/3457
f 3470/3470 3469/3469 3473/3473
f 3473/3473 3474/3474 3470/3470
f 3474/3474 3473/3473 3468/3468
f 3468/3468 3467/3467 3474/3474
f 3467/3467 3468/3468 3466/3466
f 3466/3466 3465/3465 3467/3467
f 3465/3465 3466/3466 3463/3463
f 3463/3463 3464/3464 3465/3465
f 3482/3482 3483/3483 3484/3484
f 3484/3484 3485/3485 3482/3482
f 3482/3482 3485/3485 5353/5353
f 5353/5353 5354/5354 3482/3482
f 3486/3486 3487/3487 3488/3488
f 3488/3488 3489/3489 3486/3486
f 3487/3487 3490/3490 3491/3491
f 3491/3491 3488/3488 3487/3487
f 3490/3490 3492/3492 3491/3491
f 3492/3492 3493/3493 3491/3491
f 3502/3502 3503/3503 3504/3504
f 3503/3503 3502/3502 3505/3505
f 3505/3505 3506/3506 3503/3503
f 3506/3506 3505/3505 3507/3507
f 3507/3507 3508/3508 3506/3506
f 3510/3510 3511/3511 3512/3512
f 3511/3511 3510/3510 3513/3513
f 3524/3524 3523/3523 3510/3510
f 3510/3510 3512/3512 3524/3524
f 3513/3513 3514/3514 3511/3511
f 3514/3514 3513/3513 3515/3515
f 3515/3515 3516/3516 3514/3514
f 5382/5382 3516/3516 3515/3515
f 3515/3515 5381/5381 5382/5382
f 5380/5380 5382/5382 5381/5381
f 5381/5381 5378/5378 5380/5380
f 5378/5378 5379/5379 5380/5380
f 5378/5378 5389/5389 5392/5392
f 5392/5392 5379/5379 5378/5378
f 5389/5389 5390/5390 5391/5391
f 5391/5391 5392/5392 5389/5389
f 5390/5390 5393/5393 5394/5394
f 5394/5394 5391/5391 5390/5390
f 5393/5393 5395/5395 5396/5396
f 5396/5396 5394/5394 5393/5393
f 5397/5397 5396/5396 5395/5395
f 5388/5388 5396/5396 5397/5397
f 5397/5397 5387/5387 5388/5388
f 5386/5386 5388/5388 5387/5387
f 5387/5387 5383/5383 5386/5386
f 5385/5385 5386/5386 5383/5383
f 5383/5383 5384/5384 5385/5385
f 4153/4153 5385/5385 5384/5384
f 5384/5384 4154/4154 4153/4153
f 3520/3520 3519/3519 4153/4153
f 4153/4153 4154/4154 3520/3520
f 3519/3519 3520/3520 3517/3517
f 3517/3517 3518/3518 3519/3519
f 3518/3518 3517/3517 3521/3521
f 3521/3521 3522/3522 3518/3518
f 3522/3522 3521/3521 3531/3531
f 3531/3531 3529/3529 3522/3522
f 3531/3531 3530/3530 3529/3529
f 3528/3528 3527/3527 3529/3529
f 3529/3529 3530/3530 3528/3528
f 3527/3527 3528/3528 3526/3526
f 3526/3526 3525/3525 3527/3527
f 3525/3525 3526/3526 3523/3523
f 3523/3523 3524/3524 3525/3525
f 3533/3533 3534/3534 3535/3535
f 3535/3535 3536/3536 3533/3533
f 3537/3537 3533/3533 3536/3536
f 3536/3536 3538/3538 3537/3537
f 3539/3539 3537/3537 3538/3538
f 3538/3538 3540/3540 3539/3539
f 3541/3541 3539/3539 3540/3540
f 3540/3540 3542/3542 3541/3541
f 3543/3543 3541/3541 3542/3542
f 3542/3542 3544/3544 3543/3543
f 3546/3546 3543/3543 3544/3544
f 3544/3544 3545/3545 3546/3546
f 3546/3546 3545/3545 5410/5410
f 5410/5410 5409/5409 3546/3546
f 5409/5409 5410/5410 5408/5408
f 5408/5408 5407/5407 5409/5409
f 5407/5407 5408/5408 5406/5406
f 5406/5406 5405/5405 5407/5407
f 5405/5405 5406/5406 5404/5404
f 5404/5404 5403/5403 5405/5405
f 5403/5403 5404/5404 5400/5400
f 5400/5400 5399/5399 5403/5403
f 5399/5399 5400/5400 5401/5401
f 5401/5401 5402/5402 5399/5399
f 3549/3549 3550/3550 3551/3551
f 3551/3551 3552/3552 3549/3549
f 3553/3553 3549/3549 3552/3552
f 3550/3550 3561/3561 3551/3551
f 3552/3552 3554/3554 3553/3553
f 3555/3555 3553/3553 3554/3554
f 3554/3554 3556/3556 3555/3555
f 3557/3557 3555/3555 3556/3556
f 3556/3556 3558/3558 3557/3557
f 3559/3559 3557/3557 3558/3558
f 3558/3558 3560/3560 3559/3559
f 3559/3559 3560/3560 4155/4155
f 4155/4155 4156/4156 3559/3559
f 4155/4155 5424/5424 5423/5423
f 5423/5423 4156/4156 4155/4155
f 5423/5423 5424/5424 5422/5422
f 5422/5422 5421/5421 5423/5423
f 5421/5421 5422/5422 5420/5420
f 5420/5420 5419/5419 5421/5421
f 5419/5419 5420/5420 5418/5418
f 5418/5418 5417/5417 5419/5419
f 5417/5417 5418/5418 5414/5414
f 5414/5414 5413/5413 5417/5417
f 5413/5413 5414/5414 5415/5415
f 5415/5415 5416/5416 5413/5413
f 5416/5416 5415/5415 5425/5425
f 3562/3562 3563/3563 3564/3564
f 3564/3564 3565/3565 3562/3562
f 3563/3563 3566/3566 3567/3567
f 3567/3567 3564/3564 3563/3563
f 3567/3567 3566/3566 5429/5429
f 5429/5429 5428/5428 3567/3567
f 5428/5428 5429/5429 5426/5426
f 5426/5426 5427/5427 5428/5428
f 3571/3571 3572/3572 3573/3573
f 3573/3573 3574/3574 3571/3571
f 3572/3572 3571/3571 3575/3575
f 3575/3575 3576/3576 3572/3572
f 3578/3578 3574/3574 3573/3573
f 3573/3573 3577/3577 3578/3578
f 3579/3579 3580/3580 3581/3581
f 3581/3581 3582/3582 3579/3579
f 3582/3582 3581/3581 3583/3583
f 3583/3583 3584/3584 3582/3582
f 3584/3584 3583/3583 3585/3585
f 3585/3585 3586/3586 3584/3584
f 3587/3587 3588/3588 3589/3589
f 3589/3589 3590/3590 3587/3587
f 3615/3615 3616/3616 3617/3617
f 3634/3634 3615/3615 3617/3617
f 3616/3616 3618/3618 3619/3619
f 3619/3619 3617/3617 3616/3616
f 3617/3617 3636/3636 3634/3634
f 3632/3632 3634/3634 3635/3635
f 3634/3634 3636/3636 3635/3635
f 3630/3630 3631/3631 3632/3632
f 3632/3632 3633/3633 3630/3630
f 3635/3635 3633/3633 3632/3632
f 3621/3621 3619/3619 3618/3618
f 3618/3618 3620/3620 3621/3621
f 3620/3620 3622/3622 3621/3621
f 3620/3620 3690/3690 3691/3691
f 3691/3691 3622/3622 3620/3620
f 3637/3637 3638/3638 3639/3639
f 3639/3639 3640/3640 3637/3637
f 3657/3657 3637/3637 3640/3640
f 3640/3640 3659/3659 3657/3657
f 3656/3656 3657/3657 3658/3658
f 3657/3657 3659/3659 3658/3658
f 3654/3654 3656/3656 3655/3655
f 3658/3658 3655/3655 3656/3656
f 3651/3651 3654/3654 3655/3655
f 3655/3655 3652/3652 3651/3651
f 3648/3648 3651/3651 3652/3652
f 3652/3652 3653/3653 3648/3648
f 3647/3647 3648/3648 3649/3649
f 3648/3648 3653/3653 3649/3649
f 3649/3649 3650/3650 3647/3647
f 3664/3664 3665/3665 3666/3666
f 3666/3666 3667/3667 3664/3664
f 3665/3665 3668/3668 3669/3669
f 3669/3669 3666/3666 3665/3665
f 3668/3668 3670/3670 3671/3671
f 3671/3671 3669/3669 3668/3668
f 3672/3672 3673/3673 3674/3674
f 3680/3680 3672/3672 3674/3674
f 3673/3673 3675/3675 3674/3674
f 3675/3675 3676/3676 3674/3674
f 3676/3676 3677/3677 3674/3674
f 3677/3677 3678/3678 3674/3674
f 3678/3678 3679/3679 3674/3674
f 3679/3679 3680/3680 3674/3674
f 3681/3681 3682/3682 3683/3683
f 3689/3689 3681/3681 3683/3683
f 3682/3682 3684/3684 3683/3683
f 3684/3684 3685/3685 3683/3683
f 3685/3685 3686/3686 3683/3683
f 3686/3686 3687/3687 3683/3683
f 3687/3687 3688/3688 3683/3683
f 3688/3688 3689/3689 3683/3683
f 3692/3692 3693/3693 3694/3694
f 3694/3694 3695/3695 3692/3692
f 3696/3696 3697/3697 3698/3698
f 3699/3699 3696/3696 3698/3698
f 3697/3697 3735/3735 3731/3731
f 3731/3731 3698/3698 3697/3697
f 3698/3698 3700/3700 3699/3699
f 3702/3702 3699/3699 3700/3700
f 3701/3701 3702/3702 3700/3700
f 3700/3700 3703/3703 3701/3701
f 3704/3704 3701/3701 3703/3703
f 3739/3739 3704/3704 3703/3703
f 3703/3703 3740/3740 3739/3739
f 3726/3726 3731/3731 3730/3730
f 3732/3732 3733/3733 3731/3731
f 3734/3734 3732/3732 3731/3731
f 3735/3735 3734/3734 3731/3731
f 3733/3733 3730/3730 3731/3731
f 3730/3730 3729/3729 3726/3726
f 3729/3729 3728/3728 3726/3726
f 3728/3728 3727/3727 3726/3726
f 3727/3727 3725/3725 3726/3726
f 3725/3725 3722/3722 3724/3724
f 3724/3724 3726/3726 3725/3725
f 3722/3722 3723/3723 3724/3724
f 3743/3743 3724/3724 3741/3741
f 3723/3723 3741/3741 3724/3724
f 3741/3741 3742/3742 3743/3743
f 3705/3705 3706/3706 3707/3707
f 3708/3708 3705/3705 3707/3707
f 3706/3706 3738/3738 3717/3717
f 3717/3717 3707/3707 3706/3706
f 3709/3709 3708/3708 3707/3707
f 3710/3710 3709/3709 3707/3707
f 3707/3707 3711/3711 3710/3710
f 3712/3712 3710/3710 3711/3711
f 3744/3744 3712/3712 3711/3711
f 3711/3711 3745/3745 3744/3744
f 3715/3715 3717/3717 3716/3716
f 3736/3736 3716/3716 3717/3717
f 3737/3737 3736/3736 3717/3717
f 3738/3738 3737/3737 3717/3717
f 3713/3713 3714/3714 3715/3715
f 3716/3716 3713/3713 3715/3715
f 3720/3720 3715/3715 3714/3714
f 3714/3714 3718/3718 3720/3720
f 3718/3718 3719/3719 3720/3720
f 3719/3719 3721/3721 3720/3720
f 3747/3747 3720/3720 3721/3721
f 3721/3721 3746/3746 3747/3747
f 3748/3748 3749/3749 3750/3750
f 3750/3750 3751/3751 3748/3748
f 3749/3749 3748/3748 3752/3752
f 3752/3752 3753/3753 3749/3749
f 3751/3751 3750/3750 3754/3754
f 3755/3755 3756/3756 3757/3757
f 3757/3757 3758/3758 3755/3755
f 3759/3759 3758/3758 3757/3757
f 3757/3757 3760/3760 3759/3759
f 3761/3761 3759/3759 3760/3760
f 3760/3760 3762/3762 3761/3761
f 3763/3763 3764/3764 3765/3765
f 3765/3765 3766/3766 3763/3763
f 3771/3771 3763/3763 3766/3766
f 3764/3764 3767/3767 3765/3765
f 3769/3769 3765/3765 3767/3767
f 3766/3766 3765/3765 3786/3786
f 3765/3765 3769/3769 3786/3786
f 3773/3773 3766/3766 3784/3784
f 3786/3786 3784/3784 3766/3766
f 3772/3772 3773/3773 3774/3774
f 3775/3775 3773/3773 3776/3776
f 3773/3773 3775/3775 3774/3774
f 3776/3776 3773/3773 3784/3784
f 3776/3776 3777/3777 3775/3775
f 3784/3784 3787/3787 3776/3776
f 5640/5640 3787/3787 3784/3784
f 5638/5638 5639/5639 5640/5640
f 5640/5640 5637/5637 5638/5638
f 3784/3784 5637/5637 5640/5640
f 5637/5637 5636/5636 5638/5638
f 5635/5635 5636/5636 5637/5637
f 5637/5637 3784/3784 5627/5627
f 5627/5627 3784/3784 3786/3786
f 5626/5626 5627/5627 5628/5628
f 5634/5634 5627/5627 5626/5626
f 3786/3786 5628/5628 5627/5627
f 3785/3785 3786/3786 3769/3769
f 5631/5631 3786/3786 3785/3785
f 5628/5628 3786/3786 5631/5631
f 5628/5628 5629/5629 5626/5626
f 5630/5630 5628/5628 5631/5631
f 5629/5629 5628/5628 5630/5630
f 5631/5631 5632/5632 5630/5630
f 5632/5632 5631/5631 5633/5633
f 3785/3785 5641/5641 5631/5631
f 5641/5641 5642/5642 5643/5643
f 5643/5643 5644/5644 5641/5641
f 5641/5641 3785/3785 5642/5642
f 3785/3785 5647/5647 5642/5642
f 3785/3785 4161/4161 5647/5647
f 3785/3785 3788/3788 4161/4161
f 3769/3769 3778/3778 3785/3785
f 3778/3778 3781/3781 3785/3785
f 3785/3785 3781/3781 3788/3788
f 3767/3767 3768/3768 3769/3769
f 3768/3768 3770/3770 3769/3769
f 3780/3780 3781/3781 3778/3778
f 3778/3778 3779/3779 3780/3780
f 3780/3780 3779/3779 3782/3782
f 3782/3782 3783/3783 3780/3780
f 5646/5646 5644/5644 5643/5643
f 5643/5643 5645/5645 5646/5646
f 3789/3789 3790/3790 3791/3791
f 3791/3791 3792/3792 3789/3789
f 3801/3801 3789/3789 3792/3792
f 3830/3830 3789/3789 3832/3832
f 3789/3789 3801/3801 3827/3827
f 3827/3827 3832/3832 3789/3789
f 3790/3790 3793/3793 3794/3794
f 3794/3794 3791/3791 3790/3790
f 3793/3793 3795/3795 3796/3796
f 3796/3796 3794/3794 3793/3793
f 3795/3795 3797/3797 3798/3798
f 3798/3798 3796/3796 3795/3795
f 3797/3797 3799/3799 3800/3800
f 3800/3800 3798/3798 3797/3797
f 3799/3799 3801/3801 3802/3802
f 3802/3802 3800/3800 3799/3799
f 3792/3792 3802/3802 3801/3801
f 3801/3801 3825/3825 3826/3826
f 3826/3826 3827/3827 3801/3801
f 3825/3825 3828/3828 3829/3829
f 3829/3829 3826/3826 3825/3825
f 3828/3828 3830/3830 3831/3831
f 3831/3831 3829/3829 3828/3828
f 3835/3835 3828/3828 3833/3833
f 3830/3830 3828/3828 3835/3835
f 3832/3832 3831/3831 3830/3830
f 3835/3835 3836/3836 3830/3830
f 4162/4162 3830/3830 3836/3836
f 3833/3833 3834/3834 3835/3835
f 5692/5692 3834/3834 3833/3833
f 3833/3833 5688/5688 5692/5692
f 5690/5690 5693/5693 5692/5692
f 5692/5692 5688/5688 5690/5690
f 5687/5687 5688/5688 5686/5686
f 5688/5688 5687/5687 5689/5689
f 5689/5689 5690/5690 5688/5688
f 5690/5690 5689/5689 5691/5691
f 5691/5691 5648/5648 5690/5690
f 5693/5693 5690/5690 4162/4162
f 4162/4162 4163/4163 5693/5693
f 3836/3836 4163/4163 4162/4162
f 5648/5648 5649/5649 5650/5650
f 5650/5650 5651/5651 5648/5648
f 5649/5649 5648/5648 5661/5661
f 5648/5648 5691/5691 5684/5684
f 5684/5684 5661/5661 5648/5648
f 5661/5661 5660/5660 5649/5649
f 5660/5660 5661/5661 5659/5659
f 5661/5661 5684/5684 5685/5685
f 5685/5685 5686/5686 5661/5661
f 5659/5659 5658/5658 5660/5660
f 5658/5658 5659/5659 5657/5657
f 5657/5657 5656/5656 5658/5658
f 5656/5656 5657/5657 5655/5655
f 5655/5655 5654/5654 5656/5656
f 5654/5654 5655/5655 5653/5653
f 5653/5653 5652/5652 5654/5654
f 5652/5652 5653/5653 5651/5651
f 5651/5651 5650/5650 5652/5652
f 5686/5686 5685/5685 5687/5687
f 3803/3803 3804/3804 3805/3805
f 3805/3805 3806/3806 3803/3803
f 3804/3804 3807/3807 3808/3808
f 3808/3808 3805/3805 3804/3804
f 3809/3809 3810/3810 3811/3811
f 3811/3811 3812/3812 3809/3809
f 3813/3813 3814/3814 3815/3815
f 3815/3815 3816/3816 3813/3813
f 3814/3814 3817/3817 3818/3818
f 3818/3818 3815/3815 3814/3814
f 3817/3817 3819/3819 3820/3820
f 3820/3820 3818/3818 3817/3817
f 3821/3821 3822/3822 3823/3823
f 3823/3823 3824/3824 3821/3821
f 3837/3837 3838/3838 3839/3839
f 3838/3838 3840/3840 3841/3841
f 3841/3841 3839/3839 3838/3838
f 3842/3842 3843/3843 3844/3844
f 3844/3844 3845/3845 3842/3842
f 3846/3846 3847/3847 3848/3848
f 3848/3848 3849/3849 3846/3846
f 3850/3850 3851/3851 3852/3852
f 3852/3852 3853/3853 3850/3850
f 3854/3854 3855/3855 3856/3856
f 3856/3856 3857/3857 3854/3854
f 5711/5711 3855/3855 3854/3854
f 3854/3854 5712/5712 5711/5711
f 3858/3858 3859/3859 3860/3860
f 3860/3860 3861/3861 3858/3858
f 3862/3862 3863/3863 3864/3864
f 3864/3864 3865/3865 3862/3862
f 3862/3862 3865/3865 4168/4168
f 4168/4168 4169/4169 3862/3862
f 3863/3863 3866/3866 3867/3867
f 3867/3867 3864/3864 3863/3863
f 3866/3866 3868/3868 3869/3869
f 3869/3869 3867/3867 3866/3866
f 3868/3868 3870/3870 3871/3871
f 3871/3871 3869/3869 3868/3868
f 3870/3870 3872/3872 3873/3873
f 3873/3873 3871/3871 3870/3870
f 5717/5717 4169/4169 4168/4168
f 5717/5717 5718/5718 5719/5719
f 5719/5719 5720/5720 5717/5717
f 4168/4168 5718/5718 5717/5717
f 5720/5720 5719/5719 5721/5721
f 5721/5721 5722/5722 5720/5720
f 5722/5722 5721/5721 5723/5723
f 5723/5723 5724/5724 5722/5722
f 5724/5724 5723/5723 5725/5725
f 5725/5725 5726/5726 5724/5724
f 5726/5726 5725/5725 5727/5727
f 5727/5727 5728/5728 5726/5726
f 3874/3874 3875/3875 3876/3876
f 3876/3876 3877/3877 3874/3874
f 3874/3874 3877/3877 4170/4170
f 4170/4170 4171/4171 3874/3874
f 3875/3875 3878/3878 3879/3879
f 3879/3879 3876/3876 3875/3875
f 3878/3878 3880/3880 3881/3881
f 3881/3881 3879/3879 3878/3878
f 3880/3880 3882/3882 3883/3883
f 3883/3883 3881/3881 3880/3880
f 3882/3882 3884/3884 3885/3885
f 3885/3885 3883/3883 3882/3882
f 5729/5729 4171/4171 4170/4170
f 5729/5729 5730/5730 5731/5731
f 5731/5731 5732/5732 5729/5729
f 4170/4170 5730/5730 5729/5729
f 5732/5732 5731/5731 5733/5733
f 5733/5733 5734/5734 5732/5732
f 5734/5734 5733/5733 5735/5735
f 5735/5735 5736/5736 5734/5734
f 5736/5736 5735/5735 5737/5737
f 5737/5737 5738/5738 5736/5736
f 5738/5738 5737/5737 5739/5739
f 5739/5739 5740/5740 5738/5738
f 3886/3886 3887/3887 3888/3888
f 3887/3887 3889/3889 3888/3888
f 3890/3890 3891/3891 3892/3892
f 3892/3892 3893/3893 3890/3890
f 3891/3891 3917/3917 3916/3916
f 3916/3916 3892/3892 3891/3891
f 3892/3892 3916/3916 3929/3929
f 3929/3929 3930/3930 3892/3892
f 3893/3893 3892/3892 3930/3930
f 3930/3930 4175/4175 3893/3893
f 5747/5747 3930/3930 3929/3929
f 3930/3930 5747/5747 5746/5746
f 5746/5746 4175/4175 3930/3930
f 4178/4178 3929/3929 3916/3916
f 3929/3929 5769/5769 5747/5747
f 5769/5769 3929/3929 4178/4178
f 5745/5745 5746/5746 5747/5747
f 5747/5747 5748/5748 5745/5745
f 5748/5748 5747/5747 5769/5769
f 5769/5769 5770/5770 5771/5771
f 5771/5771 5772/5772 5769/5769
f 5769/5769 5772/5772 5748/5748
f 4178/4178 5770/5770 5769/5769
f 3916/3916 3919/3919 4178/4178
f 3916/3916 3917/3917 3918/3918
f 3918/3918 3919/3919 3916/3916
f 3894/3894 3895/3895 3896/3896
f 3896/3896 3897/3897 3894/3894
f 3903/3903 3895/3895 3894/3894
f 3894/3894 3898/3898 3903/3903
f 3898/3898 3894/3894 3924/3924
f 3894/3894 3897/3897 4173/4173
f 4173/4173 3924/3924 3894/3894
f 3902/3902 3903/3903 3898/3898
f 3898/3898 3899/3899 3900/3900
f 3900/3900 3901/3901 3898/3898
f 3898/3898 3901/3901 3902/3902
f 3924/3924 3899/3899 3898/3898
f 5753/5753 3899/3899 3924/3924
f 3924/3924 5749/5749 5753/5753
f 5749/5749 3924/3924 4173/4173
f 4173/4173 5750/5750 5749/5749
f 5749/5749 5750/5750 5751/5751
f 5751/5751 5752/5752 5749/5749
f 5756/5756 5753/5753 5749/5749
f 5749/5749 5752/5752 5756/5756
f 5753/5753 5756/5756 5755/5755
f 5755/5755 5754/5754 5753/5753
f 3900/3900 3899/3899 5753/5753
f 5753/5753 5754/5754 3900/3900
f 3904/3904 3905/3905 3906/3906
f 3906/3906 3907/3907 3904/3904
f 3905/3905 3913/3913 3912/3912
f 3912/3912 3906/3906 3905/3905
f 3906/3906 3912/3912 3925/3925
f 3925/3925 3926/3926 3906/3906
f 3907/3907 3906/3906 3926/3926
f 3926/3926 4172/4172 3907/3907
f 5759/5759 3926/3926 3925/3925
f 3926/3926 5759/5759 5758/5758
f 5758/5758 4172/4172 3926/3926
f 4176/4176 3925/3925 3912/3912
f 3925/3925 5765/5765 5759/5759
f 5765/5765 3925/3925 4176/4176
f 5757/5757 5758/5758 5759/5759
f 5759/5759 5760/5760 5757/5757
f 5760/5760 5759/5759 5765/5765
f 5765/5765 5766/5766 5767/5767
f 5767/5767 5768/5768 5765/5765
f 5765/5765 5768/5768 5760/5760
f 4176/4176 5766/5766 5765/5765
f 3912/3912 3915/3915 4176/4176
f 3912/3912 3913/3913 3914/3914
f 3914/3914 3915/3915 3912/3912
f 3908/3908 3909/3909 3910/3910
f 3910/3910 3911/3911 3908/3908
f 3908/3908 3920/3920 3927/3927
f 3927/3927 3928/3928 3908/3908
f 3920/3920 3908/3908 3911/3911
f 3909/3909 3908/3908 3928/3928
f 3928/3928 4174/4174 3909/3909
f 5761/5761 3928/3928 3927/3927
f 3928/3928 5761/5761 5764/5764
f 5764/5764 4174/4174 3928/3928
f 4177/4177 3927/3927 3920/3920
f 3927/3927 5773/5773 5761/5761
f 5773/5773 3927/3927 4177/4177
f 5761/5761 5762/5762 5763/5763
f 5763/5763 5764/5764 5761/5761
f 5762/5762 5761/5761 5773/5773
f 5773/5773 5774/5774 5775/5775
f 5775/5775 5776/5776 5773/5773
f 5773/5773 5776/5776 5762/5762
f 4177/4177 5774/5774 5773/5773
f 3920/3920 3923/3923 4177/4177
f 3920/3920 3921/3921 3922/3922
f 3922/3922 3923/3923 3920/3920
f 3911/3911 3921/3921 3920/3920
f 3931/3931 3932/3932 3933/3933
f 3933/3933 3934/3934 3931/3931
f 3939/3939 3931/3931 3934/3934
f 3933/3933 3932/3932 5777/5777
f 5777/5777 5778/5778 3933/3933
f 5778/5778 5777/5777 5781/5781
f 5781/5781 5782/5782 5778/5778
f 3934/3934 3940/3940 3939/3939
f 3935/3935 3936/3936 3937/3937
f 3937/3937 3938/3938 3935/3935
f 3947/3947 3935/3935 3938/3938
f 3937/3937 3936/3936 5779/5779
f 5779/5779 5780/5780 3937/3937
f 5780/5780 5779/5779 5787/5787
f 5787/5787 5788/5788 5780/5780
f 3938/3938 3948/3948 3947/3947
f 3941/3941 3942/3942 3943/3943
f 3943/3943 3944/3944 3941/3941
f 3945/3945 3941/3941 3944/3944
f 3943/3943 3942/3942 5783/5783
f 5783/5783 5784/5784 3943/3943
f 5784/5784 5783/5783 5785/5785
f 5785/5785 5786/5786 5784/5784
f 3944/3944 3946/3946 3945/3945
f 3949/3949 3950/3950 3951/3951
f 3951/3951 3952/3952 3949/3949
f 3953/3953 3954/3954 3955/3955
f 3955/3955 3956/3956 3953/3953
f 3957/3957 3958/3958 3959/3959
f 3959/3959 3960/3960 3957/3957
f 3961/3961 3962/3962 3963/3963
f 3963/3963 3964/3964 3961/3961
f 3965/3965 3966/3966 3967/3967
f 3967/3967 3968/3968 3965/3965
f 3969/3969 3970/3970 3971/3971
f 3971/3971 3972/3972 3969/3969
f 3973/3973 3974/3974 3975/3975
f 3975/3975 3976/3976 3973/3973
f 3978/3978 3973/3973 3976/3976
f 3974/3974 3977/3977 3975/3975
f 3996/3996 3975/3975 3977/3977
f 3976/3976 3975/3975 3996/3996
f 3996/3996 3997/3997 3976/3976
f 3976/3976 3997/3997 3998/3998
f 3998/3998 3978/3978 3976/3976
f 3977/3977 3995/3995 3996/3996
f 3979/3979 3980/3980 3981/3981
f 3981/3981 3982/3982 3979/3979
f 3980/3980 3999/3999 3981/3981
f 3981/3981 3983/3983 3984/3984
f 3984/3984 3982/3982 3981/3981
f 3983/3983 3981/3981 3999/3999
f 3999/3999 4000/4000 3983/3983
f 3984/3984 3983/3983 3985/3985
f 3983/3983 4000/4000 3985/3985
f 3985/3985 3986/3986 3984/3984
f 3987/3987 3988/3988 3989/3989
f 3989/3989 3990/3990 3987/3987
f 3989/3989 3991/3991 3992/3992
f 3992/3992 3990/3990 3989/3989
f 3992/3992 3991/3991 3993/3993
f 3993/3993 3994/3994 3992/3992
f 4001/4001 4002/4002 4003/4003
f 4003/4003 4004/4004 4001/4001
f 4005/4005 4006/4006 4007/4007
f 4007/4007 4008/4008 4005/4005
f 4009/4009 4010/4010 4011/4011
f 4011/4011 4012/4012 4009/4009
f 4013/4013 4014/4014 4015/4015
f 4015/4015 4016/4016 4013/4013
f 4017/4017 4018/4018 4019/4019
f 4019/4019 4020/4020 4017/4017
f 4018/4018 4021/4021 4024/4024
f 4024/4024 4019/4019 4018/4018
f 4021/4021 4022/4022 4023/4023
f 4023/4023 4024/4024 4021/4021
f 4027/4027 4023/4023 4022/4022
f 4022/4022 4028/4028 4027/4027
f 4025/4025 4026/4026 4027/4027
f 4027/4027 4028/4028 4025/4025
f 4029/4029 4030/4030 4031/4031
f 4030/4030 4035/4035 4038/4038
f 4038/4038 4031/4031 4030/4030
f 4035/4035 4036/4036 4037/4037
f 4037/4037 4038/4038 4035/4035
f 4036/4036 4047/4047 4050/4050
f 4050/4050 4037/4037 4036/4036
f 4047/4047 4048/4048 4049/4049
f 4049/4049 4050/4050 4047/4047
f 4032/4032 4033/4033 4034/4034
f 4040/4040 4033/4033 4032/4032
f 4032/4032 4041/4041 4040/4040
f 4039/4039 4040/4040 4041/4041
f 4041/4041 4042/4042 4039/4039
f 4044/4044 4039/4039 4042/4042
f 4042/4042 4045/4045 4044/4044
f 4043/4043 4044/4044 4045/4045
f 4045/4045 4046/4046 4043/4043
f 4051/4051 4052/4052 4053/4053
f 4053/4053 4054/4054 4051/4051
f 4055/4055 4056/4056 4057/4057
f 4057/4057 4058/4058 4055/4055
f 4059/4059 4060/4060 4061/4061
f 4061/4061 4062/4062 4059/4059
f 4063/4063 4064/4064 4065/4065
f 4065/4065 4066/4066 4063/4063
f 4067/4067 4068/4068 4069/4069
f 4069/4069 4070/4070 4067/4067
f 4071/4071 4072/4072 4073/4073
f 4073/4073 4074/4074 4071/4071
f 4075/4075 4076/4076 4077/4077
f 4077/4077 4078/4078 4075/4075
f 4079/4079 4080/4080 4081/4081
f 4088/4088 4079/4079 4081/4081
f 4087/4087 4088/4088 4081/4081
f 4082/4082 4083/4083 4084/4084
f 4086/4086 4082/4082 4084/4084
f 4085/4085 4086/4086 4084/4084
f 4089/4089 4090/4090 4091/4091
f 4091/4091 4092/4092 4089/4089
f 4111/4111 4089/4089 4092/4092
f 4090/4090 4093/4093 4094/4094
f 4094/4094 4091/4091 4090/4090
f 4092/4092 4112/4112 4111/4111
f 4095/4095 4096/4096 4097/4097
f 4097/4097 4098/4098 4095/4095
f 4099/4099 4100/4100 4101/4101
f 4101/4101 4102/4102 4099/4099
f 4100/4100 4103/4103 4104/4104
f 4104/4104 4101/4101 4100/4100
f 4103/4103 4105/4105 4106/4106
f 4106/4106 4104/4104 4103/4103
f 4107/4107 4108/4108 4109/4109
f 4109/4109 4110/4110 4107/4107
f 4113/4113 4114/4114 4115/4115
f 4115/4115 4116/4116 4113/4113
f 4133/4133 4113/4113 4116/4116
f 4114/4114 4117/4117 4118/4118
f 4118/4118 4115/4115 4114/4114
f 4116/4116 4134/4134 4133/4133
f 4119/4119 4120/4120 4121/4121
f 4122/4122 4123/4123 4124/4124
f 4124/4124 4125/4125 4122/4122
f 4123/4123 4126/4126 4127/4127
f 4127/4127 4124/4124 4123/4123
f 4126/4126 4128/4128 4129/4129
f 4129/4129 4127/4127 4126/4126
f 4130/4130 4131/4131 4132/4132
f 4157/4157 4158/4158 4159/4159
f 4159/4159 4160/4160 4157/4157
f 4157/4157 4160/4160 5976/5976
f 5976/5976 5977/5977 4157/4157
f 4164/4164 4165/4165 4166/4166
f 4166/4166 4167/4167 4164/4164
f 4164/4164 4167/4167 5978/5978
f 5978/5978 5979/5979 4164/4164
f 4195/4195 4196/4196 4197/4197
f 4203/4203 4204/4204 4195/4195
f 4195/4195 4197/4197 4203/4203
f 4195/4195 4369/4369 4368/4368
f 4379/4379 4376/4376 4195/4195
f 4195/4195 4204/4204 4379/4379
f 4196/4196 4195/4195 4368/4368
f 4195/4195 4376/4376 4375/4375
f 4375/4375 4369/4369 4195/4195
f 4199/4199 4197/4197 4196/4196
f 4203/4203 4197/4197 4199/4199
f 4196/4196 4198/4198 4199/4199
f 4199/4199 4202/4202 4203/4203
f 4199/4199 4198/4198 4282/4282
f 4282/4282 4283/4283 4199/4199
f 4202/4202 4199/4199 4283/4283
f 4200/4200 4201/4201 4198/4198
f 4198/4198 4196/4196 4200/4200
f 4198/4198 4201/4201 4609/4609
f 4609/4609 4282/4282 4198/4198
f 4400/4400 4200/4200 4196/4196
f 4196/4196 4401/4401 4400/4400
f 4196/4196 4404/4404 4401/4401
f 4368/4368 4404/4404 4196/4196
f 4402/4402 4403/4403 4400/4400
f 4400/4400 4401/4401 4402/4402
f 4401/4401 4404/4404 4405/4405
f 4405/4405 4402/4402 4401/4401
f 4371/4371 4405/4405 4404/4404
f 4404/4404 4368/4368 4371/4371
f 4368/4368 4369/4369 4370/4370
f 4370/4370 4371/4371 4368/4368
f 4374/4374 4370/4370 4369/4369
f 4369/4369 4375/4375 4374/4374
f 4371/4371 4370/4370 4890/4890
f 4370/4370 4374/4374 4373/4373
f 4373/4373 5026/5026 4370/4370
f 4370/4370 5026/5026 4890/4890
f 4372/4372 4373/4373 4374/4374
f 4372/4372 4374/4374 4375/4375
f 4375/4375 4376/4376 4377/4377
f 4377/4377 4378/4378 4375/4375
f 4375/4375 4378/4378 4372/4372
f 4377/4377 4376/4376 4379/4379
f 4379/4379 4380/4380 4377/4377
f 4379/4379 4211/4211 4381/4381
f 4381/4381 4380/4380 4379/4379
f 4211/4211 4379/4379 4204/4204
f 4211/4211 4212/4212 4213/4213
f 4204/4204 4206/4206 4211/4211
f 4211/4211 4213/4213 4381/4381
f 4206/4206 4204/4204 4203/4203
f 4203/4203 4205/4205 4206/4206
f 4202/4202 4205/4205 4203/4203
f 4283/4283 4581/4581 4202/4202
f 4278/4278 4283/4283 4282/4282
f 4278/4278 4279/4279 4280/4280
f 4280/4280 4281/4281 4278/4278
f 4282/4282 4279/4279 4278/4278
f 4282/4282 4609/4609 4608/4608
f 4608/4608 4279/4279 4282/4282
f 4280/4280 4279/4279 4608/4608
f 4598/4598 4599/4599 4280/4280
f 4280/4280 4600/4600 4598/4598
f 4608/4608 4600/4600 4280/4280
f 4599/4599 4598/4598 4607/4607
f 4607/4607 4606/4606 4599/4599
f 4606/4606 4607/4607 4259/4259
f 4259/4259 4603/4603 4606/4606
f 4257/4257 4259/4259 4258/4258
f 4259/4259 4257/4257 4602/4602
f 4602/4602 4603/4603 4259/4259
f 4256/4256 4257/4257 4254/4254
f 4258/4258 4254/4254 4257/4257
f 4257/4257 4256/4256 4601/4601
f 4601/4601 4602/4602 4257/4257
f 4254/4254 4255/4255 4256/4256
f 4256/4256 4255/4255 4264/4264
f 4264/4264 4265/4265 4256/4256
f 4256/4256 4265/4265 4605/4605
f 4605/4605 4601/4601 4256/4256
f 4264/4264 4261/4261 4260/4260
f 4260/4260 4265/4265 4264/4264
f 4265/4265 4260/4260 4604/4604
f 4604/4604 4605/4605 4265/4265
f 4260/4260 4261/4261 4262/4262
f 4262/4262 4263/4263 4260/4260
f 4604/4604 4260/4260 4263/4263
f 4263/4263 4561/4561 4604/4604
f 4268/4268 4561/4561 4263/4263
f 4263/4263 4269/4269 4268/4268
f 4270/4270 4269/4269 4263/4263
f 4263/4263 4262/4262 4270/4270
f 4560/4560 4561/4561 4268/4268
f 4562/4562 4561/4561 4560/4560
f 4565/4565 4561/4561 4562/4562
f 4268/4268 4559/4559 4560/4560
f 4558/4558 4559/4559 4268/4268
f 4268/4268 4267/4267 4558/4558
f 4558/4558 4267/4267 4287/4287
f 4266/4266 4267/4267 4268/4268
f 4272/4272 4275/4275 4267/4267
f 4267/4267 4266/4266 4272/4272
f 4252/4252 4287/4287 4267/4267
f 4267/4267 4275/4275 4252/4252
f 4557/4557 4287/4287 4252/4252
f 4556/4556 4557/4557 4252/4252
f 4289/4289 4556/4556 4251/4251
f 4252/4252 4251/4251 4556/4556
f 4227/4227 4288/4288 4289/4289
f 4289/4289 4229/4229 4227/4227
f 4229/4229 4289/4289 4251/4251
f 4250/4250 4251/4251 4252/4252
f 4251/4251 4250/4250 4290/4290
f 4290/4290 4229/4229 4251/4251
f 4227/4227 4229/4229 4230/4230
f 4229/4229 5233/5233 4230/4230
f 5251/5251 5233/5233 4229/4229
f 5251/5251 4229/4229 4290/4290
f 4230/4230 4228/4228 4227/4227
f 4230/4230 5233/5233 5234/5234
f 5234/5234 4233/4233 4230/4230
f 4228/4228 4230/4230 4233/4233
f 5234/5234 5233/5233 5250/5250
f 5233/5233 5251/5251 5250/5250
f 5251/5251 4290/4290 5232/5232
f 5231/5231 5232/5232 4290/4290
f 5230/5230 5231/5231 4433/4433
f 4290/4290 4433/4433 5231/5231
f 5229/5229 5230/5230 4435/4435
f 4433/4433 4435/4435 5230/5230
f 4432/4432 4433/4433 4290/4290
f 4435/4435 4433/4433 4432/4432
f 4432/4432 4434/4434 4435/4435
f 5130/5130 4435/4435 4434/4434
f 4435/4435 5130/5130 5229/5229
f 4290/4290 4250/4250 4432/4432
f 4439/4439 4432/4432 4250/4250
f 4434/4434 4432/4432 4439/4439
f 4439/4439 4440/4440 4434/4434
f 5129/5129 4434/4434 4440/4440
f 4434/4434 5129/5129 5130/5130
f 4437/4437 4440/4440 4439/4439
f 4437/4437 5128/5128 4440/4440
f 4440/4440 5128/5128 5129/5129
f 4437/4437 4436/4436 4273/4273
f 4273/4273 4438/4438 4437/4437
f 4439/4439 4436/4436 4437/4437
f 4274/4274 4273/4273 4436/4436
f 4274/4274 4436/4436 4439/4439
f 4272/4272 4273/4273 4274/4274
f 4277/4277 4273/4273 4272/4272
f 4277/4277 4438/4438 4273/4273
f 4274/4274 4275/4275 4272/4272
f 4252/4252 4275/4275 4274/4274
f 4274/4274 4253/4253 4252/4252
f 4439/4439 4253/4253 4274/4274
f 4272/4272 4276/4276 4277/4277
f 4271/4271 4276/4276 4272/4272
f 4272/4272 4266/4266 4271/4271
f 4270/4270 4271/4271 4266/4266
f 4268/4268 4269/4269 4266/4266
f 4266/4266 4269/4269 4270/4270
f 4252/4252 4253/4253 4250/4250
f 4250/4250 4253/4253 4439/4439
f 5250/5250 5249/5249 5234/5234
f 5234/5234 5249/5249 5247/5247
f 4233/4233 5234/5234 5235/5235
f 5247/5247 5235/5235 5234/5234
f 5244/5244 5235/5235 5247/5247
f 5247/5247 5248/5248 5244/5244
f 5235/5235 4399/4399 4233/4233
f 4399/4399 5235/5235 5244/5244
f 4231/4231 4232/4232 4233/4233
f 4231/4231 4233/4233 4399/4399
f 4233/4233 4232/4232 4228/4228
f 5432/5432 4232/4232 4231/4231
f 4393/4393 4395/4395 4231/4231
f 4231/4231 4397/4397 4393/4393
f 4399/4399 4397/4397 4231/4231
f 4231/4231 4395/4395 5432/5432
f 4389/4389 5431/5431 5432/5432
f 5432/5432 4395/4395 4389/4389
f 4390/4390 4389/4389 4395/4395
f 4395/4395 4393/4393 4390/4390
f 4296/4296 4388/4388 4389/4389
f 4389/4389 4390/4390 4296/4296
f 5431/5431 4389/4389 4388/4388
f 4388/4388 5430/5430 5431/5431
f 4294/4294 4295/4295 4296/4296
f 4294/4294 4296/4296 4390/4390
f 4304/4304 4295/4295 4294/4294
f 4390/4390 4391/4391 4294/4294
f 4301/4301 4302/4302 4295/4295
f 4295/4295 4303/4303 4301/4301
f 4303/4303 4295/4295 4304/4304
f 4302/4302 4301/4301 4307/4307
f 4307/4307 4308/4308 4302/4302
f 4391/4391 4390/4390 4392/4392
f 4390/4390 4393/4393 4394/4394
f 4394/4394 4392/4392 4390/4390
f 4394/4394 4393/4393 4396/4396
f 4393/4393 4397/4397 4398/4398
f 4398/4398 4396/4396 4393/4393
f 4397/4397 5320/5320 5321/5321
f 5321/5321 4398/4398 4397/4397
f 5323/5323 5320/5320 4397/4397
f 5323/5323 4397/4397 4399/4399
f 4399/4399 5319/5319 5323/5323
f 5318/5318 5319/5319 4399/4399
f 4399/4399 5244/5244 5318/5318
f 5248/5248 5317/5317 5318/5318
f 5318/5318 5244/5244 5248/5248
f 4223/4223 4227/4227 4228/4228
f 4228/4228 4224/4224 4223/4223
f 4288/4288 4227/4227 4223/4223
f 4223/4223 4555/4555 4288/4288
f 4554/4554 4555/4555 4223/4223
f 4223/4223 4226/4226 4554/4554
f 4554/4554 4226/4226 4310/4310
f 4225/4225 4226/4226 4223/4223
f 4225/4225 4291/4291 4226/4226
f 4226/4226 4309/4309 4310/4310
f 4563/4563 4310/4310 4309/4309
f 4309/4309 4564/4564 4563/4563
f 4562/4562 4563/4563 4564/4564
f 4564/4564 4565/4565 4562/4562
f 4223/4223 4224/4224 4225/4225
f 4371/4371 4890/4890 4891/4891
f 4891/4891 4892/4892 4371/4371
f 4894/4894 4405/4405 4371/4371
f 4371/4371 4892/4892 4894/4894
f 4893/4893 4405/4405 4894/4894
f 4402/4402 4405/4405 4893/4893
f 4893/4893 4407/4407 4402/4402
f 4406/4406 4403/4403 4402/4402
f 4402/4402 4407/4407 4406/4406
f 4407/4407 4895/4895 4406/4406
f 4207/4207 4208/4208 4209/4209
f 4209/4209 4210/4210 4207/4207
f 4208/4208 4207/4207 4292/4292
f 4292/4292 4293/4293 4208/4208
f 5462/5462 4208/4208 4293/4293
f 5477/5477 4209/4209 4208/4208
f 4208/4208 5462/5462 5477/5477
f 4293/4293 4292/4292 4386/4386
f 4386/4386 4387/4387 4293/4293
f 4293/4293 5463/5463 5462/5462
f 5456/5456 5463/5463 4293/4293
f 4293/4293 4387/4387 5456/5456
f 4387/4387 4386/4386 4300/4300
f 4300/4300 4299/4299 4387/4387
f 4387/4387 4299/4299 5455/5455
f 5456/5456 4387/4387 5455/5455
f 5455/5455 5457/5457 5456/5456
f 4297/4297 4298/4298 4299/4299
f 4299/4299 4300/4300 4297/4297
f 4297/4297 4305/4305 4306/4306
f 4306/4306 4298/4298 4297/4297
f 5464/5464 4209/4209 5477/5477
f 4284/4284 4209/4209 5464/5464
f 5464/5464 5465/5465 4284/4284
f 4546/4546 4547/4547 4209/4209
f 4209/4209 4284/4284 4546/4546
f 4209/4209 4547/4547 4595/4595
f 4595/4595 4210/4210 4209/4209
f 4284/4284 4285/4285 4286/4286
f 4546/4546 4284/4284 4286/4286
f 4286/4286 4285/4285 4545/4545
f 4545/4545 4544/4544 4286/4286
f 4544/4544 4545/4545 4542/4542
f 4542/4542 4543/4543 4544/4544
f 4542/4542 4540/4540 4543/4543
f 4543/4543 4540/4540 4539/4539
f 4538/4538 4539/4539 4540/4540
f 4540/4540 4541/4541 4538/4538
f 4538/4538 4541/4541 4549/4549
f 4549/4549 4541/4541 4550/4550
f 4548/4548 4549/4549 4550/4550
f 4550/4550 4551/4551 4548/4548
f 4548/4548 4551/4551 4552/4552
f 4552/4552 4553/4553 4548/4548
f 4552/4552 4210/4210 4553/4553
f 4553/4553 4210/4210 4595/4595
f 4214/4214 4215/4215 4216/4216
f 4216/4216 4217/4217 4214/4214
f 4218/4218 4214/4214 4217/4217
f 4215/4215 4582/4582 4216/4216
f 4217/4217 4216/4216 4528/4528
f 4383/4383 4216/4216 4582/4582
f 4529/4529 4528/4528 4216/4216
f 4216/4216 4383/4383 4529/4529
f 4582/4582 4384/4384 4383/4383
f 4382/4382 4383/4383 4384/4384
f 5454/5454 4529/4529 4383/4383
f 4383/4383 4382/4382 5454/5454
f 4527/4527 4528/4528 4529/4529
f 4527/4527 4529/4529 5474/5474
f 5474/5474 4529/4529 5454/5454
f 4528/4528 4222/4222 4217/4217
f 4217/4217 4222/4222 4221/4221
f 4221/4221 4219/4219 4217/4217
f 4217/4217 4219/4219 4220/4220
f 4220/4220 4218/4218 4217/4217
f 4583/4583 5453/5453 5454/5454
f 5454/5454 4382/4382 4583/4583
f 5454/5454 5453/5453 5472/5472
f 5472/5472 5473/5473 5454/5454
f 5454/5454 5473/5473 5474/5474
f 4585/4585 4590/4590 5453/5453
f 5453/5453 4583/4583 4585/4585
f 5476/5476 5472/5472 5453/5453
f 5453/5453 4590/4590 5476/5476
f 4578/4578 4585/4585 4583/4583
f 4590/4590 4585/4585 4588/4588
f 4585/4585 4578/4578 4580/4580
f 4580/4580 4588/4588 4585/4585
f 4578/4578 4579/4579 4580/4580
f 4583/4583 4584/4584 4578/4578
f 4382/4382 4385/4385 4584/4584
f 4584/4584 4583/4583 4382/4382
f 4384/4384 4385/4385 4382/4382
f 4588/4588 4589/4589 4590/4590
f 4590/4590 4589/4589 4597/4597
f 4522/4522 4596/4596 4597/4597
f 4597/4597 4596/4596 4590/4590
f 4521/4521 4522/4522 4514/4514
f 4521/4521 4596/4596 4522/4522
f 5470/5470 4590/4590 4596/4596
f 4596/4596 5471/5471 5470/5470
f 4590/4590 5470/5470 5476/5476
f 4514/4514 4513/4513 4521/4521
f 4513/4513 4514/4514 4515/4515
f 4515/4515 4516/4516 4513/4513
f 4591/4591 4592/4592 4515/4515
f 4515/4515 4592/4592 4516/4516
f 4591/4591 4566/4566 4569/4569
f 4569/4569 4592/4592 4591/4591
f 4566/4566 4567/4567 4568/4568
f 4568/4568 4569/4569 4566/4566
f 4570/4570 4568/4568 4567/4567
f 4567/4567 4571/4571 4570/4570
f 4593/4593 4570/4570 4571/4571
f 4593/4593 4571/4571 4575/4575
f 4575/4575 4574/4574 4593/4593
f 4574/4574 4575/4575 4572/4572
f 4572/4572 4573/4573 4574/4574
f 4572/4572 4576/4576 4577/4577
f 4577/4577 4573/4573 4572/4572
f 4594/4594 4577/4577 4576/4576
f 5474/5474 5475/5475 4527/4527
f 4447/4447 4448/4448 4449/4449
f 4449/4449 4450/4450 4447/4447
f 4448/4448 4447/4447 4506/4506
f 4506/4506 4505/4505 4448/4448
f 4505/4505 4506/4506 4504/4504
f 4504/4504 4503/4503 4505/4505
f 4503/4503 4504/4504 4501/4501
f 4501/4501 4500/4500 4503/4503
f 4499/4499 4500/4500 4501/4501
f 4501/4501 4502/4502 4499/4499
f 4452/4452 4450/4450 4449/4449
f 4449/4449 4451/4451 4452/4452
f 4452/4452 4451/4451 4454/4454
f 4454/4454 4453/4453 4452/4452
f 4453/4453 4454/4454 4455/4455
f 4455/4455 4456/4456 4453/4453
f 4456/4456 4455/4455 4457/4457
f 4457/4457 4458/4458 4456/4456
f 5369/5369 4458/4458 4457/4457
f 4459/4459 4460/4460 4461/4461
f 4461/4461 4462/4462 4459/4459
f 4462/4462 4461/4461 4512/4512
f 4512/4512 4511/4511 4462/4462
f 4511/4511 4512/4512 4509/4509
f 4509/4509 4510/4510 4511/4511
f 4509/4509 4507/4507 4508/4508
f 4508/4508 4510/4510 4509/4509
f 4507/4507 4477/4477 4478/4478
f 4478/4478 4508/4508 4507/4507
f 4477/4477 4473/4473 4476/4476
f 4476/4476 4478/4478 4477/4477
f 4473/4473 4474/4474 4475/4475
f 4475/4475 4476/4476 4473/4473
f 4475/4475 4474/4474 4482/4482
f 4482/4482 4481/4481 4475/4475
f 4481/4481 4482/4482 4479/4479
f 4479/4479 4480/4480 4481/4481
f 4480/4480 4479/4479 4483/4483
f 4483/4483 4484/4484 4480/4480
f 4463/4463 4464/4464 4465/4465
f 4465/4465 4466/4466 4463/4463
f 4464/4464 4463/4463 4467/4467
f 4467/4467 4468/4468 4464/4464
f 4469/4469 4468/4468 4467/4467
f 4467/4467 4470/4470 4469/4469
f 4471/4471 4469/4469 4470/4470
f 4470/4470 4472/4472 4471/4471
f 4485/4485 4486/4486 4487/4487
f 4487/4487 4488/4488 4485/4485
f 4489/4489 4487/4487 4486/4486
f 4486/4486 4490/4490 4489/4489
f 4489/4489 4490/4490 4491/4491
f 4491/4491 4492/4492 4489/4489
f 4492/4492 4491/4491 4493/4493
f 4493/4493 4494/4494 4492/4492
f 4495/4495 4494/4494 4493/4493
f 4493/4493 4496/4496 4495/4495
f 4497/4497 4495/4495 4496/4496
f 4496/4496 4498/4498 4497/4497
f 5005/5005 5006/5006 4497/4497
f 4497/4497 4498/4498 5005/5005
f 4517/4517 4518/4518 4519/4519
f 4519/4519 4520/4520 4517/4517
f 4518/4518 4517/4517 4524/4524
f 4524/4524 4523/4523 4518/4518
f 4523/4523 4524/4524 4525/4525
f 4525/4525 4526/4526 4523/4523
f 4530/4530 4531/4531 4532/4532
f 4532/4532 4533/4533 4530/4530
f 4537/4537 4536/4536 4530/4530
f 4530/4530 4533/4533 4537/4537
f 4531/4531 5366/5366 4532/4532
f 5368/5368 4532/4532 5366/5366
f 5366/5366 5367/5367 5368/5368
f 4536/4536 4537/4537 4534/4534
f 4534/4534 4535/4535 4536/4536
f 4535/4535 4534/4534 4586/4586
f 4586/4586 4587/4587 4535/4535
f 4610/4610 4611/4611 4612/4612
f 4612/4612 4613/4613 4610/4610
f 4638/4638 4610/4610 4637/4637
f 4611/4611 4610/4610 4638/4638
f 4637/4637 4636/4636 4638/4638
f 4636/4636 4637/4637 4635/4635
f 4635/4635 4634/4634 4636/4636
f 4634/4634 4635/4635 4633/4633
f 4633/4633 4632/4632 4634/4634
f 4632/4632 4633/4633 4631/4631
f 4631/4631 4630/4630 4632/4632
f 4630/4630 4631/4631 4629/4629
f 4629/4629 4628/4628 4630/4630
f 4628/4628 4629/4629 4627/4627
f 4627/4627 4626/4626 4628/4628
f 4626/4626 4627/4627 4625/4625
f 4625/4625 4624/4624 4626/4626
f 4624/4624 4625/4625 4623/4623
f 4623/4623 4622/4622 4624/4624
f 4622/4622 4623/4623 4621/4621
f 4621/4621 4619/4619 4622/4622
f 4620/4620 4619/4619 4621/4621
f 4617/4617 4618/4618 4619/4619
f 4619/4619 4620/4620 4617/4617
f 4618/4618 4617/4617 4614/4614
f 4614/4614 4616/4616 4618/4618
f 4614/4614 4615/4615 4616/4616
f 4639/4639 4640/4640 4641/4641
f 4641/4641 4642/4642 4639/4639
f 4640/4640 4639/4639 4659/4659
f 4659/4659 4658/4658 4640/4640
f 4658/4658 4659/4659 4657/4657
f 4657/4657 4656/4656 4658/4658
f 4656/4656 4657/4657 4655/4655
f 4655/4655 4654/4654 4656/4656
f 4654/4654 4655/4655 4653/4653
f 4653/4653 4652/4652 4654/4654
f 4652/4652 4653/4653 4651/4651
f 4651/4651 4650/4650 4652/4652
f 4650/4650 4651/4651 4649/4649
f 4649/4649 4648/4648 4650/4650
f 4648/4648 4649/4649 4646/4646
f 4646/4646 4647/4647 4648/4648
f 4647/4647 4646/4646 4645/4645
f 4645/4645 4643/4643 4647/4647
f 4644/4644 4643/4643 4645/4645
f 4642/4642 4641/4641 4643/4643
f 4643/4643 4644/4644 4642/4642
f 4660/4660 4661/4661 4662/4662
f 4662/4662 4663/4663 4660/4660
f 4661/4661 4660/4660 4685/4685
f 4685/4685 4684/4684 4661/4661
f 4684/4684 4685/4685 4683/4683
f 4683/4683 4682/4682 4684/4684
f 4682/4682 4683/4683 4681/4681
f 4681/4681 4680/4680 4682/4682
f 4680/4680 4681/4681 4679/4679
f 4679/4679 4678/4678 4680/4680
f 4678/4678 4679/4679 4677/4677
f 4677/4677 4676/4676 4678/4678
f 4676/4676 4677/4677 4675/4675
f 4675/4675 4674/4674 4676/4676
f 4674/4674 4675/4675 4673/4673
f 4673/4673 4672/4672 4674/4674
f 4672/4672 4673/4673 4671/4671
f 4671/4671 4670/4670 4672/4672
f 4670/4670 4671/4671 4669/4669
f 4669/4669 4668/4668 4670/4670
f 4668/4668 4669/4669 4667/4667
f 4667/4667 4666/4666 4668/4668
f 4666/4666 4667/4667 4665/4665
f 4665/4665 4664/4664 4666/4666
f 4664/4664 4665/4665 4663/4663
f 4663/4663 4662/4662 4664/4664
f 4686/4686 4687/4687 4688/4688
f 4688/4688 4689/4689 4686/4686
f 4690/4690 4691/4691 4686/4686
f 4686/4686 4689/4689 4690/4690
f 4687/4687 4695/4695 4694/4694
f 4694/4694 4688/4688 4687/4687
f 4694/4694 4695/4695 4692/4692
f 4692/4692 4693/4693 4694/4694
f 4692/4692 4754/4754 4757/4757
f 4757/4757 4693/4693 4692/4692
f 4754/4754 4755/4755 4756/4756
f 4756/4756 4757/4757 4754/4754
f 4755/4755 4758/4758 4759/4759
f 4759/4759 4756/4756 4755/4755
f 4758/4758 4826/4826 4827/4827
f 4827/4827 4759/4759 4758/4758
f 4814/4814 4691/4691 4690/4690
f 4690/4690 4815/4815 4814/4814
f 4696/4696 4697/4697 4698/4698
f 4698/4698 4699/4699 4696/4696
f 4701/4701 4696/4696 4699/4699
f 4698/4698 4697/4697 4817/4817
f 4817/4817 4816/4816 4698/4698
f 4749/4749 4816/4816 4817/4817
f 4817/4817 4746/4746 4749/4749
f 4748/4748 4749/4749 4746/4746
f 4746/4746 4747/4747 4748/4748
f 4819/4819 4748/4748 4747/4747
f 4747/4747 4818/4818 4819/4819
f 4813/4813 4819/4819 4818/4818
f 4818/4818 4810/4810 4813/4813
f 4812/4812 4813/4813 4810/4810
f 4810/4810 4811/4811 4812/4812
f 4699/4699 4700/4700 4701/4701
f 4701/4701 4700/4700 4702/4702
f 4702/4702 4703/4703 4701/4701
f 4704/4704 4705/4705 4706/4706
f 4706/4706 4707/4707 4704/4704
f 4706/4706 4705/4705 4712/4712
f 4712/4712 4713/4713 4706/4706
f 4708/4708 4709/4709 4710/4710
f 4710/4710 4711/4711 4708/4708
f 4767/4767 4710/4710 4709/4709
f 4709/4709 4768/4768 4767/4767
f 4766/4766 4767/4767 4768/4768
f 4768/4768 4769/4769 4766/4766
f 5460/5460 7090/7090 4766/4766
f 5460/5460 4766/4766 4769/4769
f 5460/5460 4769/4769 5461/5461
f 5461/5461 5486/5486 5460/5460
f 5486/5486 7090/7090 5460/5460
f 5461/5461 5522/5522 5486/5486
f 5486/5486 5522/5522 5487/5487
f 5487/5487 5490/5490 5486/5486
f 5487/5487 5488/5488 5489/5489
f 5489/5489 5490/5490 5487/5487
f 5489/5489 5488/5488 5523/5523
f 5523/5523 5524/5524 5489/5489
f 4714/4714 4715/4715 4716/4716
f 4716/4716 4717/4717 4714/4714
f 4787/4787 4714/4714 4717/4717
f 5468/5468 4716/4716 4715/4715
f 4715/4715 5469/5469 5468/5468
f 4717/4717 4784/4784 4787/4787
f 4786/4786 4787/4787 4784/4784
f 4784/4784 4785/4785 4786/4786
f 4838/4838 4839/4839 4786/4786
f 4786/4786 4785/4785 4838/4838
f 4718/4718 4719/4719 4720/4720
f 4720/4720 4721/4721 4718/4718
f 4752/4752 4718/4718 4721/4721
f 4721/4721 4753/4753 4752/4752
f 4731/4731 4752/4752 4753/4753
f 4753/4753 4732/4732 4731/4731
f 4730/4730 4731/4731 4732/4732
f 4732/4732 4733/4733 4730/4730
f 4824/4824 4730/4730 4733/4733
f 4733/4733 4825/4825 4824/4824
f 4722/4722 4723/4723 4724/4724
f 4724/4724 4725/4725 4722/4722
f 4744/4744 4722/4722 4725/4725
f 4725/4725 4745/4745 4744/4744
f 4797/4797 4744/4744 4745/4745
f 4745/4745 4794/4794 4797/4797
f 4796/4796 4797/4797 4794/4794
f 4794/4794 4795/4795 4796/4796
f 4851/4851 4852/4852 4796/4796
f 4796/4796 4795/4795 4851/4851
f 4726/4726 4727/4727 4728/4728
f 4728/4728 4729/4729 4726/4726
f 4734/4734 4735/4735 4726/4726
f 4726/4726 4729/4729 4734/4734
f 4727/4727 4750/4750 4751/4751
f 4751/4751 4728/4728 4727/4727
f 5458/5458 4750/4750 5459/5459
f 5458/5458 4751/4751 4750/4750
f 4750/4750 5507/5507 5459/5459
f 5506/5506 5521/5521 5458/5458
f 5506/5506 5458/5458 5459/5459
f 5506/5506 5459/5459 5507/5507
f 5506/5506 5504/5504 5503/5503
f 5503/5503 5521/5521 5506/5506
f 5502/5502 5503/5503 5504/5504
f 5504/5504 5505/5505 5502/5502
f 5525/5525 5502/5502 5505/5505
f 5505/5505 5526/5526 5525/5525
f 4736/4736 4737/4737 4738/4738
f 4738/4738 4739/4739 4736/4736
f 4740/4740 4741/4741 4742/4742
f 4742/4742 4743/4743 4740/4740
f 4770/4770 4742/4742 4741/4741
f 4741/4741 4771/4771 4770/4770
f 4844/4844 4770/4770 4771/4771
f 4771/4771 4845/4845 4844/4844
f 4846/4846 4844/4844 4845/4845
f 4845/4845 4847/4847 4846/4846
f 4847/4847 4848/4848 4846/4846
f 4847/4847 4850/4850 4849/4849
f 4849/4849 4848/4848 4847/4847
f 4834/4834 4849/4849 4850/4850
f 4850/4850 4835/4835 4834/4834
f 4834/4834 4835/4835 4793/4793
f 4793/4793 4792/4792 4834/4834
f 4789/4789 4792/4792 4793/4793
f 4793/4793 4790/4790 4789/4789
f 4788/4788 4789/4789 4790/4790
f 4790/4790 4791/4791 4788/4788
f 4837/4837 4788/4788 4791/4791
f 4791/4791 4836/4836 4837/4837
f 4760/4760 4761/4761 4762/4762
f 4762/4762 4763/4763 4760/4760
f 4843/4843 4760/4760 4763/4763
f 4761/4761 4764/4764 4765/4765
f 4765/4765 4762/4762 4761/4761
f 4765/4765 4764/4764 4840/4840
f 4840/4840 4841/4841 4765/4765
f 4841/4841 4840/4840 5466/5466
f 5466/5466 5467/5467 4841/4841
f 4763/4763 4842/4842 4843/4843
f 4772/4772 4773/4773 4774/4774
f 4774/4774 4775/4775 4772/4772
f 4777/4777 4774/4774 4773/4773
f 4773/4773 4778/4778 4777/4777
f 4776/4776 4777/4777 4778/4778
f 4778/4778 4779/4779 4776/4776
f 4780/4780 4781/4781 4782/4782
f 4782/4782 4783/4783 4780/4780
f 4798/4798 4799/4799 4800/4800
f 4800/4800 4801/4801 4798/4798
f 4802/4802 4798/4798 4801/4801
f 4799/4799 4828/4828 4829/4829
f 4829/4829 4800/4800 4799/4799
f 4801/4801 4803/4803 4802/4802
f 4831/4831 4802/4802 4803/4803
f 4803/4803 4830/4830 4831/4831
f 4805/4805 4831/4831 4830/4830
f 4830/4830 4806/4806 4805/4805
f 4804/4804 4805/4805 4806/4806
f 4806/4806 4807/4807 4804/4804
f 4808/4808 4804/4804 4807/4807
f 4807/4807 4809/4809 4808/4808
f 4832/4832 4833/4833 4808/4808
f 4808/4808 4809/4809 4832/4832
f 4820/4820 4821/4821 4822/4822
f 4822/4822 4823/4823 4820/4820
f 4853/4853 4821/4821 4820/4820
f 4820/4820 4854/4854 4853/4853
f 4867/4867 4853/4853 4854/4854
f 4854/4854 4868/4868 4867/4867
f 4860/4860 4867/4867 4868/4868
f 4868/4868 4859/4859 4860/4860
f 4856/4856 4860/4860 4859/4859
f 4859/4859 4857/4857 4856/4856
f 4855/4855 4856/4856 4857/4857
f 4857/4857 4858/4858 4855/4855
f 4865/4865 4855/4855 4858/4858
f 4858/4858 4866/4866 4865/4865
f 4862/4862 4865/4865 4866/4866
f 4866/4866 4863/4863 4862/4862
f 4861/4861 4862/4862 4863/4863
f 4863/4863 4864/4864 4861/4861
f 4905/4905 4906/4906 4907/4907
f 4907/4907 4908/4908 4905/4905
f 4906/4906 4905/4905 4940/4940
f 4940/4940 4939/4939 4906/4906
f 4939/4939 4940/4940 4938/4938
f 4938/4938 4937/4937 4939/4939
f 4937/4937 4938/4938 4936/4936
f 4936/4936 4935/4935 4937/4937
f 4935/4935 4936/4936 4934/4934
f 4934/4934 4933/4933 4935/4935
f 4933/4933 4934/4934 4929/4929
f 4929/4929 4932/4932 4933/4933
f 4929/4929 4930/4930 4931/4931
f 4931/4931 4932/4932 4929/4929
f 4908/4908 4907/4907 4909/4909
f 4909/4909 4910/4910 4908/4908
f 4910/4910 4909/4909 4911/4911
f 4911/4911 4912/4912 4910/4910
f 4912/4912 4911/4911 4913/4913
f 4913/4913 4914/4914 4912/4912
f 4914/4914 4913/4913 4915/4915
f 4915/4915 4916/4916 4914/4914
f 4915/4915 5018/5018 5019/5019
f 5019/5019 4916/4916 4915/4915
f 5021/5021 5019/5019 5018/5018
f 5020/5020 5019/5019 5021/5021
f 5021/5021 5022/5022 5020/5020
f 5024/5024 5020/5020 5022/5022
f 5022/5022 5023/5023 5024/5024
f 5025/5025 5024/5024 5023/5023
f 4917/4917 4918/4918 4919/4919
f 4919/4919 4920/4920 4917/4917
f 4917/4917 4920/4920 4921/4921
f 4921/4921 4922/4922 4917/4917
f 4922/4922 4921/4921 4923/4923
f 4923/4923 4924/4924 4922/4922
f 4924/4924 4923/4923 4925/4925
f 4925/4925 4926/4926 4924/4924
f 4926/4926 4925/4925 4927/4927
f 4927/4927 4928/4928 4926/4926
f 4992/4992 4993/4993 4994/4994
f 4994/4994 4995/4995 4992/4992
f 5042/5042 4992/4992 4995/4995
f 4994/4994 4993/4993 5411/5411
f 5411/5411 5412/5412 4994/4994
f 4995/4995 5041/5041 5042/5042
f 4997/4997 5042/5042 5041/5041
f 5041/5041 4998/4998 4997/4997
f 4996/4996 4997/4997 4998/4998
f 4998/4998 4999/4999 4996/4996
f 5002/5002 4996/4996 4999/4999
f 4999/4999 5003/5003 5002/5002
f 5007/5007 5008/5008 5009/5009
f 5009/5009 5010/5010 5007/5007
f 5007/5007 5016/5016 5017/5017
f 5017/5017 5008/5008 5007/5007
f 5012/5012 5010/5010 5009/5009
f 5009/5009 5013/5013 5012/5012
f 5011/5011 5012/5012 5013/5013
f 5013/5013 5014/5014 5011/5011
f 5014/5014 5015/5015 5011/5011
f 5062/5062 5063/5063 5064/5064
f 5064/5064 5065/5065 5062/5062
f 5063/5063 5062/5062 5066/5066
f 5066/5066 5067/5067 5063/5063
f 5067/5067 5066/5066 5071/5071
f 5071/5071 5070/5070 5067/5067
f 5070/5070 5071/5071 5068/5068
f 5068/5068 5069/5069 5070/5070
f 5068/5068 5072/5072 5074/5074
f 5074/5074 5069/5069 5068/5068
f 5072/5072 5073/5073 5074/5074
f 5075/5075 5076/5076 5077/5077
f 5077/5077 5078/5078 5075/5075
f 5079/5079 5080/5080 5081/5081
f 5081/5081 5082/5082 5079/5079
f 5083/5083 5079/5079 5082/5082
f 5080/5080 5089/5089 5090/5090
f 5090/5090 5081/5081 5080/5080
f 5082/5082 5084/5084 5083/5083
f 5085/5085 5083/5083 5084/5084
f 5084/5084 5086/5086 5085/5085
f 5087/5087 5085/5085 5086/5086
f 5086/5086 5088/5088 5087/5087
f 5098/5098 5087/5087 5088/5088
f 5088/5088 5097/5097 5098/5098
f 5143/5143 5144/5144 5145/5145
f 5143/5143 5145/5145 5377/5377
f 5145/5145 5144/5144 5221/5221
f 5144/5144 5222/5222 5221/5221
f 5221/5221 5222/5222 5223/5223
f 5223/5223 5224/5224 5221/5221
f 5223/5223 5242/5242 5243/5243
f 5243/5243 5224/5224 5223/5223
f 5146/5146 5147/5147 5148/5148
f 5148/5148 5149/5149 5146/5146
f 5150/5150 5146/5146 5149/5149
f 5147/5147 5156/5156 5157/5157
f 5157/5157 5148/5148 5147/5147
f 5156/5156 5152/5152 5155/5155
f 5155/5155 5157/5157 5156/5156
f 5152/5152 5153/5153 5154/5154
f 5154/5154 5155/5155 5152/5152
f 5153/5153 5158/5158 5161/5161
f 5161/5161 5154/5154 5153/5153
f 5158/5158 5159/5159 5160/5160
f 5160/5160 5161/5161 5158/5158
f 5159/5159 5162/5162 5165/5165
f 5165/5165 5160/5160 5159/5159
f 5162/5162 5163/5163 5164/5164
f 5164/5164 5165/5165 5162/5162
f 5164/5164 5163/5163 5209/5209
f 5209/5209 5210/5210 5164/5164
f 5209/5209 5211/5211 5212/5212
f 5212/5212 5210/5210 5209/5209
f 5211/5211 5213/5213 5214/5214
f 5214/5214 5212/5212 5211/5211
f 5215/5215 5214/5214 5213/5213
f 5213/5213 5216/5216 5215/5215
f 5218/5218 5215/5215 5216/5216
f 5216/5216 5217/5217 5218/5218
f 5218/5218 5217/5217 5219/5219
f 5219/5219 5220/5220 5218/5218
f 5149/5149 5151/5151 5150/5150
f 5166/5166 5167/5167 5168/5168
f 5168/5168 5169/5169 5166/5166
f 5170/5170 5166/5166 5169/5169
f 5168/5168 5167/5167 5207/5207
f 5207/5207 5208/5208 5168/5168
f 5169/5169 5171/5171 5170/5170
f 5173/5173 5170/5170 5171/5171
f 5171/5171 5174/5174 5173/5173
f 5172/5172 5173/5173 5174/5174
f 5174/5174 5175/5175 5172/5172
f 5177/5177 5172/5172 5175/5175
f 5175/5175 5178/5178 5177/5177
f 5176/5176 5177/5177 5178/5178
f 5178/5178 5179/5179 5176/5176
f 5181/5181 5176/5176 5179/5179
f 5179/5179 5180/5180 5181/5181
f 5252/5252 5253/5253 5254/5254
f 5254/5254 5255/5255 5252/5252
f 5253/5253 5256/5256 5257/5257
f 5257/5257 5254/5254 5253/5253
f 5256/5256 5258/5258 5259/5259
f 5259/5259 5257/5257 5256/5256
f 5258/5258 5281/5281 5280/5280
f 5280/5280 5259/5259 5258/5258
f 5280/5280 5281/5281 5278/5278
f 5278/5278 5279/5279 5280/5280
f 5278/5278 5276/5276 5277/5277
f 5277/5277 5279/5279 5278/5278
f 5276/5276 5272/5272 5275/5275
f 5275/5275 5277/5277 5276/5276
f 5272/5272 5273/5273 5274/5274
f 5274/5274 5275/5275 5272/5272
f 5274/5274 5273/5273 5315/5315
f 5315/5315 5316/5316 5274/5274
f 5260/5260 5261/5261 5262/5262
f 5262/5262 5263/5263 5260/5260
f 5268/5268 5260/5260 5263/5263
f 5261/5261 5264/5264 5265/5265
f 5265/5265 5262/5262 5261/5261
f 5264/5264 5266/5266 5267/5267
f 5267/5267 5265/5265 5264/5264
f 5263/5263 5269/5269 5268/5268
f 5271/5271 5268/5268 5269/5269
f 5269/5269 5270/5270 5271/5271
f 5332/5332 5271/5271 5270/5270
f 5270/5270 5333/5333 5332/5332
f 5334/5334 5332/5332 5333/5333
f 5333/5333 5335/5335 5334/5334
f 5344/5344 5334/5334 5335/5335
f 5335/5335 5345/5345 5344/5344
f 5324/5324 5327/5327 5344/5344
f 5344/5344 5345/5345 5324/5324
f 5324/5324 5325/5325 5326/5326
f 5326/5326 5327/5327 5324/5324
f 5325/5325 5331/5331 5326/5326
f 5328/5328 5329/5329 5330/5330
f 5329/5329 5342/5342 5343/5343
f 5343/5343 5330/5330 5329/5329
f 5342/5342 5346/5346 5347/5347
f 5347/5347 5343/5343 5342/5342
f 5340/5340 5347/5347 5346/5346
f 5346/5346 5341/5341 5340/5340
f 5337/5337 5340/5340 5341/5341
f 5341/5341 5338/5338 5337/5337
f 5336/5336 5337/5337 5338/5338
f 5338/5338 5339/5339 5336/5336
f 5355/5355 5356/5356 5357/5357
f 5357/5357 5358/5358 5355/5355
f 5358/5358 5357/5357 5359/5359
f 5359/5359 5360/5360 5358/5358
f 5360/5360 5359/5359 5361/5361
f 5361/5361 5359/5359 5362/5362
f 5370/5370 5371/5371 5372/5372
f 5374/5374 5370/5370 5372/5372
f 5372/5372 5373/5373 5374/5374
f 5376/5376 5374/5374 5373/5373
f 5373/5373 5375/5375 5376/5376
f 5433/5433 5434/5434 5435/5435
f 5435/5435 5436/5436 5433/5433
f 5437/5437 5433/5433 5436/5436
f 5435/5435 5434/5434 5439/5439
f 5439/5439 5440/5440 5435/5435
f 5436/5436 5438/5438 5437/5437
f 5441/5441 5442/5442 5443/5443
f 5443/5443 5444/5444 5441/5441
f 5442/5442 5445/5445 5446/5446
f 5446/5446 5443/5443 5442/5442
f 5445/5445 5447/5447 5448/5448
f 5448/5448 5446/5446 5445/5445
f 5449/5449 5450/5450 5451/5451
f 5451/5451 5452/5452 5449/5449
f 5478/5478 5479/5479 5480/5480
f 5479/5479 5478/5478 5496/5496
f 5480/5480 5479/5479 5481/5481
f 5496/5496 5497/5497 5479/5479
f 5481/5481 5482/5482 5480/5480
f 5482/5482 5481/5481 5483/5483
f 5483/5483 5484/5484 5482/5482
f 5484/5484 5483/5483 5485/5485
f 5484/5484 5485/5485 5553/5553
f 5553/5553 5554/5554 5484/5484
f 5496/5496 5495/5495 5497/5497
f 5495/5495 5496/5496 5493/5493
f 5493/5493 5492/5492 5495/5495
f 5491/5491 5492/5492 5493/5493
f 5493/5493 5494/5494 5491/5491
f 5498/5498 5499/5499 5500/5500
f 5500/5500 5501/5501 5498/5498
f 5499/5499 5498/5498 5519/5519
f 5519/5519 5520/5520 5499/5499
f 5518/5518 5519/5519 5517/5517
f 5519/5519 5518/5518 5520/5520
f 5517/5517 5515/5515 5518/5518
f 5516/5516 5515/5515 5517/5517
f 5514/5514 5513/5513 5515/5515
f 5515/5515 5516/5516 5514/5514
f 5513/5513 5514/5514 5511/5511
f 5511/5511 5512/5512 5513/5513
f 5510/5510 5511/5511 5508/5508
f 5511/5511 5510/5510 5512/5512
f 5508/5508 5509/5509 5510/5510
f 5527/5527 5528/5528 5529/5529
f 5529/5529 5530/5530 5527/5527
f 5528/5528 5527/5527 5531/5531
f 5531/5531 5532/5532 5528/5528
f 5532/5532 5531/5531 5533/5533
f 5533/5533 5534/5534 5532/5532
f 5535/5535 5536/5536 5537/5537
f 5543/5543 5536/5536 5535/5535
f 5537/5537 5536/5536 5538/5538
f 5538/5538 5536/5536 5539/5539
f 5539/5539 5536/5536 5540/5540
f 5540/5540 5536/5536 5541/5541
f 5541/5541 5536/5536 5542/5542
f 5542/5542 5536/5536 5543/5543
f 5544/5544 5545/5545 5546/5546
f 5552/5552 5545/5545 5544/5544
f 5546/5546 5545/5545 5547/5547
f 5547/5547 5545/5545 5548/5548
f 5548/5548 5545/5545 5549/5549
f 5549/5549 5545/5545 5550/5550
f 5550/5550 5545/5545 5551/5551
f 5551/5551 5545/5545 5552/5552
f 5555/5555 5556/5556 5557/5557
f 5557/5557 5558/5558 5555/5555
f 5559/5559 5560/5560 5561/5561
f 5560/5560 5559/5559 5562/5562
f 5562/5562 5563/5563 5560/5560
f 5561/5561 5560/5560 5594/5594
f 5594/5594 5598/5598 5561/5561
f 5593/5593 5594/5594 5589/5589
f 5595/5595 5594/5594 5596/5596
f 5597/5597 5594/5594 5595/5595
f 5598/5598 5594/5594 5597/5597
f 5596/5596 5594/5594 5593/5593
f 5589/5589 5592/5592 5593/5593
f 5592/5592 5589/5589 5591/5591
f 5588/5588 5589/5589 5586/5586
f 5590/5590 5589/5589 5588/5588
f 5591/5591 5589/5589 5590/5590
f 5586/5586 5585/5585 5588/5588
f 5585/5585 5586/5586 5587/5587
f 5604/5604 5586/5586 5605/5605
f 5587/5587 5586/5586 5604/5604
f 5605/5605 5606/5606 5604/5604
f 5564/5564 5565/5565 5563/5563
f 5563/5563 5566/5566 5564/5564
f 5566/5566 5563/5563 5562/5562
f 5567/5567 5565/5565 5564/5564
f 5602/5602 5603/5603 5565/5565
f 5565/5565 5567/5567 5602/5602
f 5568/5568 5569/5569 5570/5570
f 5571/5571 5569/5569 5568/5568
f 5572/5572 5569/5569 5571/5571
f 5573/5573 5574/5574 5569/5569
f 5569/5569 5572/5572 5573/5573
f 5570/5570 5569/5569 5580/5580
f 5580/5580 5601/5601 5570/5570
f 5579/5579 5580/5580 5577/5577
f 5599/5599 5580/5580 5579/5579
f 5600/5600 5580/5580 5599/5599
f 5601/5601 5580/5580 5600/5600
f 5577/5577 5576/5576 5579/5579
f 5576/5576 5577/5577 5578/5578
f 5578/5578 5577/5577 5582/5582
f 5582/5582 5581/5581 5578/5578
f 5581/5581 5582/5582 5583/5583
f 5583/5583 5582/5582 5584/5584
f 5584/5584 5582/5582 5609/5609
f 5609/5609 5610/5610 5584/5584
f 5575/5575 5574/5574 5573/5573
f 5574/5574 5575/5575 5607/5607
f 5607/5607 5608/5608 5574/5574
f 5611/5611 5612/5612 5613/5613
f 5613/5613 5614/5614 5611/5611
f 5614/5614 5617/5617 5611/5611
f 5612/5612 5615/5615 5616/5616
f 5616/5616 5613/5613 5612/5612
f 5618/5618 5619/5619 5620/5620
f 5620/5620 5621/5621 5618/5618
f 5622/5622 5623/5623 5618/5618
f 5618/5618 5621/5621 5622/5622
f 5623/5623 5622/5622 5624/5624
f 5624/5624 5625/5625 5623/5623
f 5662/5662 5663/5663 5664/5664
f 5664/5664 5665/5665 5662/5662
f 5665/5665 5664/5664 5666/5666
f 5666/5666 5667/5667 5665/5665
f 5668/5668 5669/5669 5670/5670
f 5670/5670 5671/5671 5668/5668
f 5672/5672 5673/5673 5674/5674
f 5674/5674 5675/5675 5672/5672
f 5675/5675 5674/5674 5676/5676
f 5676/5676 5677/5677 5675/5675
f 5677/5677 5676/5676 5678/5678
f 5678/5678 5679/5679 5677/5677
f 5680/5680 5681/5681 5682/5682
f 5682/5682 5683/5683 5680/5680
f 5694/5694 5695/5695 5696/5696
f 5696/5696 5695/5695 5697/5697
f 5697/5697 5698/5698 5696/5696
f 5699/5699 5700/5700 5701/5701
f 5701/5701 5702/5702 5699/5699
f 5703/5703 5704/5704 5705/5705
f 5705/5705 5706/5706 5703/5703
f 5707/5707 5708/5708 5709/5709
f 5709/5709 5710/5710 5707/5707
f 5713/5713 5714/5714 5715/5715
f 5715/5715 5716/5716 5713/5713
f 5741/5741 5742/5742 5743/5743
f 5743/5743 5742/5742 5744/5744
f 5789/5789 5790/5790 5791/5791
f 5791/5791 5792/5792 5789/5789
f 5793/5793 5794/5794 5795/5795
f 5795/5795 5796/5796 5793/5793
f 5797/5797 5798/5798 5799/5799
f 5799/5799 5800/5800 5797/5797
f 5801/5801 5802/5802 5803/5803
f 5803/5803 5804/5804 5801/5801
f 5805/5805 5806/5806 5807/5807
f 5807/5807 5808/5808 5805/5805
f 5809/5809 5810/5810 5811/5811
f 5811/5811 5812/5812 5809/5809
f 5813/5813 5814/5814 5815/5815
f 5815/5815 5816/5816 5813/5813
f 5814/5814 5813/5813 5817/5817
f 5817/5817 5813/5813 5835/5835
f 5835/5835 5813/5813 5816/5816
f 5818/5818 5816/5816 5815/5815
f 5816/5816 5837/5837 5835/5835
f 5816/5816 5818/5818 5838/5838
f 5838/5838 5837/5837 5816/5816
f 5835/5835 5836/5836 5817/5817
f 5819/5819 5820/5820 5821/5821
f 5821/5821 5822/5822 5819/5819
f 5821/5821 5820/5820 5823/5823
f 5823/5823 5824/5824 5821/5821
f 5822/5822 5821/5821 5839/5839
f 5839/5839 5821/5821 5824/5824
f 5825/5825 5824/5824 5823/5823
f 5823/5823 5826/5826 5825/5825
f 5824/5824 5840/5840 5839/5839
f 5824/5824 5825/5825 5840/5840
f 5827/5827 5828/5828 5829/5829
f 5829/5829 5830/5830 5827/5827
f 5829/5829 5828/5828 5831/5831
f 5831/5831 5832/5832 5829/5829
f 5833/5833 5832/5832 5831/5831
f 5831/5831 5834/5834 5833/5833
f 5841/5841 5842/5842 5843/5843
f 5843/5843 5844/5844 5841/5841
f 5845/5845 5846/5846 5847/5847
f 5847/5847 5848/5848 5845/5845
f 5849/5849 5850/5850 5851/5851
f 5851/5851 5852/5852 5849/5849
f 5853/5853 5854/5854 5855/5855
f 5855/5855 5856/5856 5853/5853
f 5857/5857 5858/5858 5859/5859
f 5859/5859 5860/5860 5857/5857
f 5858/5858 5857/5857 5864/5864
f 5864/5864 5863/5863 5858/5858
f 5863/5863 5864/5864 5861/5861
f 5861/5861 5862/5862 5863/5863
f 5862/5862 5861/5861 5867/5867
f 5867/5867 5866/5866 5862/5862
f 5865/5865 5866/5866 5867/5867
f 5867/5867 5868/5868 5865/5865
f 5869/5869 5870/5870 5871/5871
f 5871/5871 5870/5870 5878/5878
f 5878/5878 5877/5877 5871/5871
f 5877/5877 5878/5878 5875/5875
f 5875/5875 5876/5876 5877/5877
f 5876/5876 5875/5875 5890/5890
f 5890/5890 5889/5889 5876/5876
f 5889/5889 5890/5890 5887/5887
f 5887/5887 5888/5888 5889/5889
f 5872/5872 5873/5873 5874/5874
f 5872/5872 5874/5874 5880/5880
f 5880/5880 5879/5879 5872/5872
f 5879/5879 5880/5880 5881/5881
f 5881/5881 5882/5882 5879/5879
f 5882/5882 5881/5881 5884/5884
f 5884/5884 5883/5883 5882/5882
f 5883/5883 5884/5884 5885/5885
f 5885/5885 5886/5886 5883/5883
f 5891/5891 5892/5892 5893/5893
f 5893/5893 5894/5894 5891/5891
f 5895/5895 5896/5896 5897/5897
f 5897/5897 5898/5898 5895/5895
f 5899/5899 5900/5900 5901/5901
f 5901/5901 5902/5902 5899/5899
f 5903/5903 5904/5904 5905/5905
f 5905/5905 5906/5906 5903/5903
f 5907/5907 5908/5908 5909/5909
f 5909/5909 5910/5910 5907/5907
f 5911/5911 5912/5912 5913/5913
f 5913/5913 5914/5914 5911/5911
f 5915/5915 5916/5916 5917/5917
f 5917/5917 5918/5918 5915/5915
f 5919/5919 5920/5920 5921/5921
f 5928/5928 5920/5920 5919/5919
f 5927/5927 5920/5920 5928/5928
f 5922/5922 5923/5923 5924/5924
f 5926/5926 5923/5923 5922/5922
f 5925/5925 5923/5923 5926/5926
f 5929/5929 5930/5930 5931/5931
f 5931/5931 5932/5932 5929/5929
f 5930/5930 5929/5929 5951/5951
f 5951/5951 5952/5952 5930/5930
f 5932/5932 5931/5931 5933/5933
f 5933/5933 5934/5934 5932/5932
f 5935/5935 5936/5936 5937/5937
f 5937/5937 5938/5938 5935/5935
f 5939/5939 5940/5940 5941/5941
f 5941/5941 5942/5942 5939/5939
f 5942/5942 5941/5941 5943/5943
f 5943/5943 5944/5944 5942/5942
f 5944/5944 5943/5943 5945/5945
f 5945/5945 5946/5946 5944/5944
f 5947/5947 5948/5948 5949/5949
f 5949/5949 5950/5950 5947/5947
f 5953/5953 5954/5954 5955/5955
f 5955/5955 5956/5956 5953/5953
f 5954/5954 5953/5953 5973/5973
f 5973/5973 5974/5974 5954/5954
f 5956/5956 5955/5955 5957/5957
f 5957/5957 5958/5958 5956/5956
f 5959/5959 5960/5960 5961/5961
f 5962/5962 5963/5963 5964/5964
f 5964/5964 5965/5965 5962/5962
f 5965/5965 5964/5964 5966/5966
f 5966/5966 5967/5967 5965/5965
f 5967/5967 5966/5966 5968/5968
f 5968/5968 5969/5969 5967/5967
f 5970/5970 5971/5971 5972/5972
f 5980/5980 5981/5981 5982/5982
f 5982/5982 5983/5983 5980/5980
f 5984/5984 5980/5980 5983/5983
f 5987/5987 5980/5980 5984/5984
f 5991/5991 5981/5981 5980/5980
f 5980/5980 5987/5987 5991/5991
f 5983/5983 5982/5982 5988/5988
f 5988/5988 5989/5989 5983/5983
f 5983/5983 5985/5985 5984/5984
f 5983/5983 5990/5990 5985/5985
f 5989/5989 5990/5990 5983/5983
f 5984/5984 5986/5986 5987/5987
f 5987/5987 5986/5986 5996/5996
f 5996/5996 5992/5992 5987/5987
f 5991/5991 5987/5987 5992/5992
f 5992/5992 5995/5995 5991/5991
f 5992/5992 5993/5993 5994/5994
f 5994/5994 5995/5995 5992/5992
f 5993/5993 5992/5992 5996/5996
f 5996/5996 5997/5997 5993/5993
f 5998/5998 5994/5994 5993/5993
f 5993/5993 5999/5999 5998/5998
f 5993/5993 5997/5997 6000/6000
f 5999/5999 5993/5993 6000/6000
f 6001/6001 6002/6002 6003/6003
f 6002/6002 6004/6004 6005/6005
f 6005/6005 6003/6003 6002/6002
f 6006/6006 6007/6007 6008/6008
f 6008/6008 6009/6009 6006/6006
f 6007/6007 6010/6010 6011/6011
f 6011/6011 6008/6008 6007/6007
f 6012/6012 6013/6013 6014/6014
f 6014/6014 6015/6015 6012/6012
f 6034/6034 6012/6012 6015/6015
f 6015/6015 6035/6035 6034/6034
f 6016/6016 6017/6017 6018/6018
f 6018/6018 6019/6019 6016/6016
f 6019/6019 6018/6018 6020/6020
f 6020/6020 6021/6021 6019/6019
f 6022/6022 6023/6023 6024/6024
f 6024/6024 6025/6025 6022/6022
f 6025/6025 6024/6024 6026/6026
f 6026/6026 6027/6027 6025/6025
f 6028/6028 6029/6029 6030/6030
f 6030/6030 6031/6031 6028/6028
f 6030/6030 6032/6032 6033/6033
f 6033/6033 6031/6031 6030/6030
f 6036/6036 6037/6037 6038/6038
f 6038/6038 6039/6039 6036/6036
f 6052/6052 6036/6036 6039/6039
f 6037/6037 6040/6040 6041/6041
f 6041/6041 6038/6038 6037/6037
f 6039/6039 6053/6053 6052/6052
f 6042/6042 6043/6043 6044/6044
f 6044/6044 6045/6045 6042/6042
f 6046/6046 6047/6047 6048/6048
f 6048/6048 6049/6049 6046/6046
f 6047/6047 6050/6050 6051/6051
f 6051/6051 6048/6048 6047/6047
f 6054/6054 6055/6055 6056/6056
f 6056/6056 6057/6057 6054/6054
f 6055/6055 6081/6081 6080/6080
f 6080/6080 6056/6056 6055/6055
f 6080/6080 6081/6081 6078/6078
f 6078/6078 6079/6079 6080/6080
f 6058/6058 6059/6059 6060/6060
f 6060/6060 6061/6061 6058/6058
f 6062/6062 6063/6063 6064/6064
f 6064/6064 6065/6065 6062/6062
f 6062/6062 6089/6089 6088/6088
f 6088/6088 6063/6063 6062/6062
f 6063/6063 6088/6088 6102/6102
f 6102/6102 6103/6103 6063/6063
f 6086/6086 6087/6087 6088/6088
f 6088/6088 6089/6089 6086/6086
f 6066/6066 6067/6067 6068/6068
f 6068/6068 6069/6069 6066/6066
f 6070/6070 6071/6071 6072/6072
f 6072/6072 6073/6073 6070/6070
f 6070/6070 6093/6093 6092/6092
f 6092/6092 6071/6071 6070/6070
f 6092/6092 6093/6093 6090/6090
f 6090/6090 6091/6091 6092/6092
f 6074/6074 6075/6075 6076/6076
f 6076/6076 6077/6077 6074/6074
f 6082/6082 6083/6083 6084/6084
f 6084/6084 6085/6085 6082/6082
f 6094/6094 6095/6095 6096/6096
f 6096/6096 6097/6097 6094/6094
f 6098/6098 6099/6099 6100/6100
f 6100/6100 6101/6101 6098/6098
f 6104/6104 6105/6105 6106/6106
f 6106/6106 6107/6107 6104/6104
f 6108/6108 6109/6109 6110/6110
f 6110/6110 6111/6111 6108/6108
f 6112/6112 6113/6113 6114/6114
f 6114/6114 6115/6115 6112/6112
f 6116/6116 6117/6117 6118/6118
f 6118/6118 6119/6119 6116/6116
f 6120/6120 6121/6121 6122/6122
f 6122/6122 6123/6123 6120/6120
f 6124/6124 6125/6125 6126/6126
f 6126/6126 6127/6127 6124/6124
f 6128/6128 6129/6129 6130/6130
f 6130/6130 6131/6131 6128/6128
f 6129/6129 6155/6155 6154/6154
f 6154/6154 6130/6130 6129/6129
f 6154/6154 6155/6155 6152/6152
f 6152/6152 6153/6153 6154/6154
f 6132/6132 6133/6133 6134/6134
f 6134/6134 6135/6135 6132/6132
f 6136/6136 6137/6137 6138/6138
f 6138/6138 6139/6139 6136/6136
f 6136/6136 6163/6163 6162/6162
f 6162/6162 6137/6137 6136/6136
f 6137/6137 6162/6162 6176/6176
f 6176/6176 6177/6177 6137/6137
f 6160/6160 6161/6161 6162/6162
f 6162/6162 6163/6163 6160/6160
f 6140/6140 6141/6141 6142/6142
f 6142/6142 6143/6143 6140/6140
f 6144/6144 6145/6145 6146/6146
f 6146/6146 6147/6147 6144/6144
f 6144/6144 6167/6167 6166/6166
f 6166/6166 6145/6145 6144/6144
f 6166/6166 6167/6167 6164/6164
f 6164/6164 6165/6165 6166/6166
f 6148/6148 6149/6149 6150/6150
f 6150/6150 6151/6151 6148/6148
f 6156/6156 6157/6157 6158/6158
f 6158/6158 6159/6159 6156/6156
f 6168/6168 6169/6169 6170/6170
f 6170/6170 6171/6171 6168/6168
f 6172/6172 6173/6173 6174/6174
f 6174/6174 6175/6175 6172/6172
f 6178/6178 6179/6179 6180/6180
f 6180/6180 6181/6181 6178/6178
f 6182/6182 6183/6183 6184/6184
f 6184/6184 6185/6185 6182/6182
f 6182/6182 6185/6185 6190/6190
f 6190/6190 6191/6191 6182/6182
f 6186/6186 6187/6187 6188/6188
f 6188/6188 6189/6189 6186/6186
f 6192/6192 6193/6193 6194/6194
f 6194/6194 6195/6195 6192/6192
f 6196/6196 6197/6197 6198/6198
f 6198/6198 6199/6199 6196/6196
f 6200/6200 6201/6201 6202/6202
f 6202/6202 6203/6203 6200/6200
f 6201/6201 6226/6226 6227/6227
f 6227/6227 6202/6202 6201/6201
f 6226/6226 6245/6245 6244/6244
f 6244/6244 6227/6227 6226/6226
f 6244/6244 6245/6245 6242/6242
f 6242/6242 6243/6243 6244/6244
f 6204/6204 6205/6205 6206/6206
f 6206/6206 6207/6207 6204/6204
f 6208/6208 6209/6209 6210/6210
f 6210/6210 6211/6211 6208/6208
f 6210/6210 6209/6209 6228/6228
f 6228/6228 6229/6229 6210/6210
f 6229/6229 6228/6228 6248/6248
f 6248/6248 6249/6249 6229/6229
f 6212/6212 6213/6213 6214/6214
f 6214/6214 6215/6215 6212/6212
f 6216/6216 6217/6217 6218/6218
f 6218/6218 6219/6219 6216/6216
f 6225/6225 6216/6216 6219/6219
f 6219/6219 6224/6224 6225/6225
f 6247/6247 6225/6225 6224/6224
f 6224/6224 6246/6246 6247/6247
f 6220/6220 6221/6221 6222/6222
f 6222/6222 6223/6223 6220/6220
f 6223/6223 6222/6222 6238/6238
f 6238/6238 6241/6241 6223/6223
f 6238/6238 6239/6239 6240/6240
f 6240/6240 6241/6241 6238/6238
f 6230/6230 6231/6231 6232/6232
f 6232/6232 6233/6233 6230/6230
f 6234/6234 6235/6235 6236/6236
f 6236/6236 6237/6237 6234/6234
f 6250/6250 6251/6251 6252/6252
f 6252/6252 6253/6253 6250/6250
f 6254/6254 6255/6255 6256/6256
f 6256/6256 6257/6257 6254/6254
f 6258/6258 6259/6259 6260/6260
f 6260/6260 6261/6261 6258/6258
f 6262/6262 6263/6263 6264/6264
f 6264/6264 6265/6265 6262/6262
f 6266/6266 6267/6267 6268/6268
f 6268/6268 6269/6269 6266/6266
f 6270/6270 6271/6271 6272/6272
f 6271/6271 6273/6273 6272/6272
f 6273/6273 6274/6274 6272/6272
f 6274/6274 6275/6275 6272/6272
f 6275/6275 6276/6276 6272/6272
f 6277/6277 6278/6278 6279/6279
f 6283/6283 6277/6277 6279/6279
f 6280/6280 6281/6281 6279/6279
f 6281/6281 6282/6282 6279/6279
f 6282/6282 6283/6283 6279/6279
f 6284/6284 6285/6285 6286/6286
f 6286/6286 6287/6287 6284/6284
f 6285/6285 6284/6284 6345/6345
f 6345/6345 6344/6344 6285/6285
f 6344/6344 6345/6345 6339/6339
f 6339/6339 6338/6338 6344/6344
f 6338/6338 6339/6339 6333/6333
f 6333/6333 6332/6332 6338/6338
f 6332/6332 6333/6333 6323/6323
f 6323/6323 6322/6322 6332/6332
f 6322/6322 6323/6323 6320/6320
f 6320/6320 6321/6321 6322/6322
f 6287/6287 6286/6286 6296/6296
f 6296/6296 6297/6297 6287/6287
f 6297/6297 6296/6296 6302/6302
f 6302/6302 6303/6303 6297/6297
f 6303/6303 6302/6302 6308/6308
f 6308/6308 6309/6309 6303/6303
f 6309/6309 6308/6308 6314/6314
f 6314/6314 6315/6315 6309/6309
f 6288/6288 6289/6289 6290/6290
f 6290/6290 6291/6291 6288/6288
f 6289/6289 6288/6288 6347/6347
f 6347/6347 6346/6346 6289/6289
f 6346/6346 6347/6347 6341/6341
f 6341/6341 6340/6340 6346/6346
f 6340/6340 6341/6341 6335/6335
f 6335/6335 6334/6334 6340/6340
f 6334/6334 6335/6335 6327/6327
f 6327/6327 6326/6326 6334/6334
f 6326/6326 6327/6327 6324/6324
f 6324/6324 6325/6325 6326/6326
f 6291/6291 6290/6290 6298/6298
f 6298/6298 6299/6299 6291/6291
f 6299/6299 6298/6298 6304/6304
f 6304/6304 6305/6305 6299/6299
f 6305/6305 6304/6304 6310/6310
f 6310/6310 6311/6311 6305/6305
f 6311/6311 6310/6310 6316/6316
f 6316/6316 6317/6317 6311/6311
f 6292/6292 6293/6293 6294/6294
f 6294/6294 6295/6295 6292/6292
f 6293/6293 6292/6292 6349/6349
f 6349/6349 6348/6348 6293/6293
f 6348/6348 6349/6349 6343/6343
f 6343/6343 6342/6342 6348/6348
f 6342/6342 6343/6343 6337/6337
f 6337/6337 6336/6336 6342/6342
f 6336/6336 6337/6337 6331/6331
f 6331/6331 6330/6330 6336/6336
f 6330/6330 6331/6331 6328/6328
f 6328/6328 6329/6329 6330/6330
f 6295/6295 6294/6294 6300/6300
f 6300/6300 6301/6301 6295/6295
f 6301/6301 6300/6300 6306/6306
f 6306/6306 6307/6307 6301/6301
f 6307/6307 6306/6306 6312/6312
f 6312/6312 6313/6313 6307/6307
f 6313/6313 6312/6312 6318/6318
f 6318/6318 6319/6319 6313/6313
f 6350/6350 6351/6351 6352/6352
f 6352/6352 6353/6353 6350/6350
f 6351/6351 6350/6350 6378/6378
f 6378/6378 6379/6379 6351/6351
f 6354/6354 6355/6355 6356/6356
f 6356/6356 6357/6357 6354/6354
f 6356/6356 6355/6355 6380/6380
f 6380/6380 6381/6381 6356/6356
f 6358/6358 6359/6359 6360/6360
f 6360/6360 6361/6361 6358/6358
f 6362/6362 6363/6363 6364/6364
f 6364/6364 6365/6365 6362/6362
f 6366/6366 6367/6367 6368/6368
f 6368/6368 6369/6369 6366/6366
f 6370/6370 6371/6371 6372/6372
f 6372/6372 6373/6373 6370/6370
f 6374/6374 6375/6375 6376/6376
f 6376/6376 6377/6377 6374/6374
f 6382/6382 6383/6383 6384/6384
f 6384/6384 6385/6385 6382/6382
f 6384/6384 6383/6383 6394/6394
f 6394/6394 6395/6395 6384/6384
f 6386/6386 6387/6387 6388/6388
f 6388/6388 6389/6389 6386/6386
f 6390/6390 6391/6391 6392/6392
f 6392/6392 6393/6393 6390/6390
f 6396/6396 6397/6397 6398/6398
f 6398/6398 6399/6399 6396/6396
f 6400/6400 6401/6401 6402/6402
f 6402/6402 6403/6403 6400/6400
f 6436/6436 6401/6401 6400/6400
f 6400/6400 6437/6437 6436/6436
f 6404/6404 6405/6405 6406/6406
f 6406/6406 6407/6407 6404/6404
f 6405/6405 6432/6432 6433/6433
f 6433/6433 6406/6406 6405/6405
f 6408/6408 6409/6409 6410/6410
f 6410/6410 6411/6411 6408/6408
f 6408/6408 6434/6434 6435/6435
f 6435/6435 6409/6409 6408/6408
f 6412/6412 6413/6413 6414/6414
f 6414/6414 6415/6415 6412/6412
f 6416/6416 6417/6417 6418/6418
f 6418/6418 6419/6419 6416/6416
f 6420/6420 6421/6421 6422/6422
f 6422/6422 6423/6423 6420/6420
f 6424/6424 6425/6425 6426/6426
f 6426/6426 6427/6427 6424/6424
f 6428/6428 6429/6429 6430/6430
f 6430/6430 6431/6431 6428/6428
f 6438/6438 6439/6439 6440/6440
f 6440/6440 6441/6441 6438/6438
f 6442/6442 6443/6443 6444/6444
f 6444/6444 6445/6445 6442/6442
f 6446/6446 6447/6447 6448/6448
f 6448/6448 6449/6449 6446/6446
f 6450/6450 6451/6451 6452/6452
f 6452/6452 6453/6453 6450/6450
f 6454/6454 6455/6455 6456/6456
f 6456/6456 6457/6457 6454/6454
f 6458/6458 6459/6459 6460/6460
f 6460/6460 6461/6461 6458/6458
f 6462/6462 6463/6463 6464/6464
f 6464/6464 6465/6465 6462/6462
f 6466/6466 6467/6467 6468/6468
f 6468/6468 6469/6469 6466/6466
f 6470/6470 6471/6471 6472/6472
f 6472/6472 6473/6473 6470/6470
f 6474/6474 6475/6475 6476/6476
f 6476/6476 6477/6477 6474/6474
f 6478/6478 6479/6479 6480/6480
f 6480/6480 6481/6481 6478/6478
f 6482/6482 6483/6483 6484/6484
f 6484/6484 6485/6485 6482/6482
f 6486/6486 6487/6487 6488/6488
f 6488/6488 6489/6489 6486/6486
f 6490/6490 6491/6491 6492/6492
f 6492/6492 6493/6493 6490/6490
f 6494/6494 6495/6495 6496/6496
f 6496/6496 6497/6497 6494/6494
f 6496/6496 6495/6495 6506/6506
f 6506/6506 6507/6507 6496/6496
f 6498/6498 6499/6499 6500/6500
f 6500/6500 6501/6501 6498/6498
f 6502/6502 6503/6503 6504/6504
f 6504/6504 6505/6505 6502/6502
f 6508/6508 6509/6509 6510/6510
f 6510/6510 6511/6511 6508/6508
f 6512/6512 6513/6513 6514/6514
f 6514/6514 6515/6515 6512/6512
f 6516/6516 6513/6513 6512/6512
f 6512/6512 6517/6517 6516/6516
f 6518/6518 6519/6519 6520/6520
f 6520/6520 6521/6521 6518/6518
f 6522/6522 6523/6523 6524/6524
f 6524/6524 6525/6525 6522/6522
f 6526/6526 6527/6527 6528/6528
f 6528/6528 6529/6529 6526/6526
f 6527/6527 6526/6526 6530/6530
f 6530/6530 6531/6531 6527/6527
f 6531/6531 6530/6530 6532/6532
f 6532/6532 6533/6533 6531/6531
f 6534/6534 6533/6533 6532/6532
f 6532/6532 6535/6535 6534/6534
f 6536/6536 6537/6537 6538/6538
f 6538/6538 6539/6539 6536/6536
f 6540/6540 6537/6537 6536/6536
f 6536/6536 6541/6541 6540/6540
f 6542/6542 6540/6540 6541/6541
f 6541/6541 6543/6543 6542/6542
f 6544/6544 6542/6542 6543/6543
f 6543/6543 6545/6545 6544/6544
f 6546/6546 6547/6547 6548/6548
f 6548/6548 6549/6549 6546/6546
f 6550/6550 6546/6546 6549/6549
f 6549/6549 6551/6551 6550/6550
f 6552/6552 6550/6550 6551/6551
f 6551/6551 6553/6553 6552/6552
f 6554/6554 6555/6555 6552/6552
f 6552/6552 6553/6553 6554/6554
f 6555/6555 6554/6554 6556/6556
f 6556/6556 6557/6557 6555/6555
f 6558/6558 6559/6559 6560/6560
f 6560/6560 6561/6561 6558/6558
f 6559/6559 6558/6558 6562/6562
f 6562/6562 6563/6563 6559/6559
f 6559/6559 6591/6591 6568/6568
f 6568/6568 6560/6560 6559/6559
f 6591/6591 6559/6559 6563/6563
f 6566/6566 6567/6567 6560/6560
f 6560/6560 6568/6568 6566/6566
f 6561/6561 6560/6560 6567/6567
f 6567/6567 6594/6594 6561/6561
f 6569/6569 6570/6570 6567/6567
f 6567/6567 6566/6566 6569/6569
f 6594/6594 6567/6567 6570/6570
f 6570/6570 6595/6595 6594/6594
f 6564/6564 6565/6565 6563/6563
f 6563/6563 6562/6562 6564/6564
f 6563/6563 6592/6592 6591/6591
f 6592/6592 6563/6563 6565/6565
f 6565/6565 6593/6593 6592/6592
f 6571/6571 6572/6572 6573/6573
f 6573/6573 6574/6574 6571/6571
f 6573/6573 6572/6572 6575/6575
f 6575/6575 6576/6576 6573/6573
f 6576/6576 6575/6575 6577/6577
f 6577/6577 6578/6578 6576/6576
f 6578/6578 6577/6577 6579/6579
f 6579/6579 6580/6580 6578/6578
f 6581/6581 6582/6582 6583/6583
f 6583/6583 6584/6584 6581/6581
f 6582/6582 6585/6585 6586/6586
f 6586/6586 6583/6583 6582/6582
f 6586/6586 6585/6585 6587/6587
f 6587/6587 6588/6588 6586/6586
f 6588/6588 6587/6587 6589/6589
f 6589/6589 6590/6590 6588/6588
f 6596/6596 6597/6597 6598/6598
f 6596/6596 6712/6712 6597/6597
f 6598/6598 6597/6597 6599/6599
f 6599/6599 6597/6597 6604/6604
f 6714/6714 6597/6597 6712/6712
f 6604/6604 6597/6597 6714/6714
f 6599/6599 6600/6600 6598/6598
f 6600/6600 6599/6599 6601/6601
f 6599/6599 6602/6602 6601/6601
f 6614/6614 6599/6599 6603/6603
f 6604/6604 6603/6603 6599/6599
f 6603/6603 6604/6604 6605/6605
f 6605/6605 6604/6604 6611/6611
f 6611/6611 6604/6604 6618/6618
f 6618/6618 6604/6604 6612/6612
f 6612/6612 6604/6604 6607/6607
f 6607/6607 6613/6613 6612/6612
f 6613/6613 6607/6607 6619/6619
f 6619/6619 6607/6607 6606/6606
f 6606/6606 6607/6607 6608/6608
f 6608/6608 6609/6609 6606/6606
f 6609/6609 6608/6608 6610/6610
f 6610/6610 6608/6608 6615/6615
f 6615/6615 6608/6608 6616/6616
f 6616/6616 6608/6608 6617/6617
f 6727/6727 6617/6617 6608/6608
f 6726/6726 6727/6727 6608/6608
f 6721/6721 6726/6726 6608/6608
f 6720/6720 6721/6721 6608/6608
f 6719/6719 6720/6720 6608/6608
f 6608/6608 6607/6607 6719/6719
f 6729/6729 6719/6719 6607/6607
f 6723/6723 6724/6724 6607/6607
f 6607/6607 6604/6604 6723/6723
f 6724/6724 6729/6729 6607/6607
f 6728/6728 6723/6723 6604/6604
f 6717/6717 6718/6718 6604/6604
f 6718/6718 6722/6722 6604/6604
f 6722/6722 6728/6728 6604/6604
f 6714/6714 6717/6717 6604/6604
f 6725/6725 6717/6717 6714/6714
f 6712/6712 6713/6713 6714/6714
f 6713/6713 6715/6715 6714/6714
f 6714/6714 6715/6715 6716/6716
f 6620/6620 6621/6621 6622/6622
f 6622/6622 6623/6623 6620/6620
f 6624/6624 6621/6621 6620/6620
f 6623/6623 6622/6622 6633/6633
f 6633/6633 6622/6622 6625/6625
f 6625/6625 6622/6622 6626/6626
f 6626/6626 6627/6627 6625/6625
f 6627/6627 6626/6626 6632/6632
f 6632/6632 6626/6626 6628/6628
f 6628/6628 6626/6626 6629/6629
f 6629/6629 6630/6630 6628/6628
f 6630/6630 6629/6629 6631/6631
f 6637/6637 6631/6631 6629/6629
f 6641/6641 6631/6631 6637/6637
f 6636/6636 6637/6637 6638/6638
f 6638/6638 6637/6637 6629/6629
f 6640/6640 6641/6641 6637/6637
f 6637/6637 6636/6636 6640/6640
f 6629/6629 6639/6639 6638/6638
f 6742/6742 6639/6639 6629/6629
f 6741/6741 6742/6742 6743/6743
f 6629/6629 6743/6743 6742/6742
f 6744/6744 6741/6741 6743/6743
f 6743/6743 6745/6745 6744/6744
f 6743/6743 6629/6629 6737/6737
f 6745/6745 6743/6743 6737/6737
f 6735/6735 6736/6736 6629/6629
f 6629/6629 6626/6626 6735/6735
f 6736/6736 6737/6737 6629/6629
f 6738/6738 6735/6735 6626/6626
f 6733/6733 6734/6734 6626/6626
f 6626/6626 6622/6622 6733/6733
f 6734/6734 6738/6738 6626/6626
f 6739/6739 6733/6733 6622/6622
f 6730/6730 6731/6731 6622/6622
f 6622/6622 6621/6621 6730/6730
f 6731/6731 6739/6739 6622/6622
f 6732/6732 6730/6730 6621/6621
f 6634/6634 6635/6635 6621/6621
f 6621/6621 6624/6624 6634/6634
f 6740/6740 6732/6732 6621/6621
f 6621/6621 6635/6635 6740/6740
f 6642/6642 6643/6643 6644/6644
f 6644/6644 6645/6645 6642/6642
f 6646/6646 6642/6642 6645/6645
f 6645/6645 6647/6647 6646/6646
f 6648/6648 6646/6646 6647/6647
f 6647/6647 6649/6649 6648/6648
f 6648/6648 6649/6649 6650/6650
f 6650/6650 6651/6651 6648/6648
f 6652/6652 6653/6653 6654/6654
f 6654/6654 6655/6655 6652/6652
f 6652/6652 6655/6655 6656/6656
f 6656/6656 6657/6657 6652/6652
f 6657/6657 6656/6656 6658/6658
f 6658/6658 6659/6659 6657/6657
f 6659/6659 6658/6658 6660/6660
f 6660/6660 6661/6661 6659/6659
f 6662/6662 6663/6663 6664/6664
f 6664/6664 6665/6665 6662/6662
f 6665/6665 6664/6664 6666/6666
f 6666/6666 6667/6667 6665/6665
f 6667/6667 6666/6666 6668/6668
f 6668/6668 6669/6669 6667/6667
f 6670/6670 6669/6669 6668/6668
f 6668/6668 6671/6671 6670/6670
f 6672/6672 6670/6670 6671/6671
f 6671/6671 6673/6673 6672/6672
f 6674/6674 6675/6675 6676/6676
f 6676/6676 6677/6677 6674/6674
f 6678/6678 6674/6674 6677/6677
f 6675/6675 6710/6710 6684/6684
f 6684/6684 6676/6676 6675/6675
f 6682/6682 6683/6683 6676/6676
f 6676/6676 6684/6684 6682/6682
f 6677/6677 6676/6676 6683/6683
f 6677/6677 6679/6679 6678/6678
f 6683/6683 6707/6707 6677/6677
f 6679/6679 6677/6677 6707/6707
f 6680/6680 6678/6678 6679/6679
f 6679/6679 6681/6681 6680/6680
f 6707/6707 6708/6708 6679/6679
f 6681/6681 6679/6679 6708/6708
f 6708/6708 6709/6709 6681/6681
f 6685/6685 6682/6682 6684/6684
f 6684/6684 6686/6686 6685/6685
f 6710/6710 6711/6711 6686/6686
f 6686/6686 6684/6684 6710/6710
f 6687/6687 6688/6688 6689/6689
f 6689/6689 6690/6690 6687/6687
f 6689/6689 6691/6691 6692/6692
f 6692/6692 6690/6690 6689/6689
f 6691/6691 6693/6693 6694/6694
f 6694/6694 6692/6692 6691/6691
f 6693/6693 6695/6695 6696/6696
f 6696/6696 6694/6694 6693/6693
f 6697/6697 6698/6698 6699/6699
f 6699/6699 6700/6700 6697/6697
f 6700/6700 6699/6699 6701/6701
f 6701/6701 6702/6702 6700/6700
f 6701/6701 6703/6703 6704/6704
f 6704/6704 6702/6702 6701/6701
f 6703/6703 6705/6705 6706/6706
f 6706/6706 6704/6704 6703/6703
f 6746/6746 6747/6747 6748/6748
f 6748/6748 6749/6749 6746/6746
f 6750/6750 6751/6751 6752/6752
f 6752/6752 6753/6753 6750/6750
f 6751/6751 6750/6750 6754/6754
f 6754/6754 6755/6755 6751/6751
f 6756/6756 6757/6757 6758/6758
f 6771/6771 6756/6756 6758/6758
f 6770/6770 6771/6771 6758/6758
f 6770/6770 7091/7091 6771/6771
f 6777/6777 6770/6770 6778/6778
f 6770/6770 6777/6777 7091/7091
f 6759/6759 6760/6760 6761/6761
f 6759/6759 6761/6761 7092/7092
f 6759/6759 7092/7092 6773/6773
f 6772/6772 6759/6759 6773/6773
f 6772/6772 6773/6773 6774/6774
f 6772/6772 6774/6774 6779/6779
f 6762/6762 6763/6763 6764/6764
f 6764/6764 6765/6765 6762/6762
f 6766/6766 6767/6767 6768/6768
f 6768/6768 6769/6769 6766/6766
f 6767/6767 6775/6775 6776/6776
f 6776/6776 6768/6768 6767/6767
f 6780/6780 6781/6781 6782/6782
f 6782/6782 6783/6783 6780/6780
f 6784/6784 6785/6785 6786/6786
f 6786/6786 6787/6787 6784/6784
f 6788/6788 6789/6789 6790/6790
f 6790/6790 6791/6791 6788/6788
f 6788/6788 6792/6792 6789/6789
f 6792/6792 7093/7093 6789/6789
f 6793/6793 6794/6794 6795/6795
f 6808/6808 6793/6793 6795/6795
f 6807/6807 6808/6808 6795/6795
f 6807/6807 7094/7094 6808/6808
f 6814/6814 6807/6807 6815/6815
f 6807/6807 6814/6814 7094/7094
f 6796/6796 6797/6797 6798/6798
f 6796/6796 6798/6798 7095/7095
f 6796/6796 7095/7095 6810/6810
f 6809/6809 6796/6796 6810/6810
f 6809/6809 6810/6810 6811/6811
f 6809/6809 6811/6811 6816/6816
f 6799/6799 6800/6800 6801/6801
f 6801/6801 6802/6802 6799/6799
f 6803/6803 6804/6804 6805/6805
f 6805/6805 6806/6806 6803/6803
f 6804/6804 6812/6812 6813/6813
f 6813/6813 6805/6805 6804/6804
f 6817/6817 6818/6818 6819/6819
f 6818/6818 7096/7096 6819/6819
f 6820/6820 6821/6821 6822/6822
f 6822/6822 6823/6823 6820/6820
f 6824/6824 6820/6820 6823/6823
f 6822/6822 6821/6821 6844/6844
f 6844/6844 6845/6845 6822/6822
f 6845/6845 6844/6844 6846/6846
f 6846/6846 6847/6847 6845/6845
f 6847/6847 6846/6846 6848/6848
f 6848/6848 6849/6849 6847/6847
f 6823/6823 6825/6825 6824/6824
f 6826/6826 6824/6824 6825/6825
f 6825/6825 6827/6827 6826/6826
f 6828/6828 6829/6829 6830/6830
f 6830/6830 6831/6831 6828/6828
f 6832/6832 6828/6828 6831/6831
f 6830/6830 6829/6829 6850/6850
f 6850/6850 6851/6851 6830/6830
f 6851/6851 6850/6850 6852/6852
f 6852/6852 6853/6853 6851/6851
f 6852/6852 6854/6854 6855/6855
f 6855/6855 6853/6853 6852/6852
f 6859/6859 6855/6855 6854/6854
f 6854/6854 6863/6863 6859/6859
f 6831/6831 6833/6833 6832/6832
f 6832/6832 6833/6833 6834/6834
f 6834/6834 6835/6835 6832/6832
f 6839/6839 6835/6835 6834/6834
f 6835/6835 6839/6839 6843/6843
f 6836/6836 6837/6837 6838/6838
f 6840/6840 6841/6841 6842/6842
f 6856/6856 6857/6857 6858/6858
f 6860/6860 6861/6861 6862/6862
f 6864/6864 6865/6865 6866/6866
f 6866/6866 6867/6867 6864/6864
f 6884/6884 6864/6864 6867/6867
f 6865/6865 6868/6868 6869/6869
f 6869/6869 6866/6866 6865/6865
f 6867/6867 6885/6885 6884/6884
f 6882/6882 6884/6884 6885/6885
f 6885/6885 6883/6883 6882/6882
f 6880/6880 6882/6882 6883/6883
f 6883/6883 6881/6881 6880/6880
f 6878/6878 6880/6880 6881/6881
f 6881/6881 6879/6879 6878/6878
f 6876/6876 6878/6878 6879/6879
f 6879/6879 6877/6877 6876/6876
f 6874/6874 6876/6876 6877/6877
f 6877/6877 6875/6875 6874/6874
f 6871/6871 6874/6874 6875/6875
f 6875/6875 6872/6872 6871/6871
f 6870/6870 6871/6871 6872/6872
f 6872/6872 6873/6873 6870/6870
f 6886/6886 6887/6887 6888/6888
f 6888/6888 6889/6889 6886/6886
f 6905/6905 6886/6886 6889/6889
f 6887/6887 6890/6890 6891/6891
f 6891/6891 6888/6888 6887/6887
f 6890/6890 6892/6892 6893/6893
f 6893/6893 6891/6891 6890/6890
f 6892/6892 6894/6894 6895/6895
f 6895/6895 6893/6893 6892/6892
f 6894/6894 6896/6896 6897/6897
f 6897/6897 6895/6895 6894/6894
f 6896/6896 6898/6898 6899/6899
f 6899/6899 6897/6897 6896/6896
f 6898/6898 6900/6900 6901/6901
f 6901/6901 6899/6899 6898/6898
f 6900/6900 6902/6902 6903/6903
f 6903/6903 6901/6901 6900/6900
f 6889/6889 6906/6906 6905/6905
f 6904/6904 6905/6905 6906/6906
f 6906/6906 6907/6907 6904/6904
f 6908/6908 6909/6909 6910/6910
f 6919/6919 6908/6908 6910/6910
f 6909/6909 6911/6911 6910/6910
f 6911/6911 6912/6912 6910/6910
f 6912/6912 6913/6913 6910/6910
f 6913/6913 6914/6914 6910/6910
f 6914/6914 6915/6915 6910/6910
f 6915/6915 6916/6916 6910/6910
f 6916/6916 6917/6917 6910/6910
f 6918/6918 6919/6919 6910/6910
f 6920/6920 6921/6921 6922/6922
f 6960/6960 6920/6920 6922/6922
f 6920/6920 6958/6958 6959/6959
f 6959/6959 6921/6921 6920/6920
f 6933/6933 6921/6921 6959/6959
f 6957/6957 6922/6922 6921/6921
f 6921/6921 6933/6933 6957/6957
f 6922/6922 6961/6961 6960/6960
f 6922/6922 6957/6957 6928/6928
f 6928/6928 6961/6961 6922/6922
f 6960/6960 6961/6961 6928/6928
f 6927/6927 6960/6960 6928/6928
f 6927/6927 6928/6928 6929/6929
f 6929/6929 6928/6928 6957/6957
f 6957/6957 6956/6956 6929/6929
f 6956/6956 6957/6957 6933/6933
f 6929/6929 6956/6956 6939/6939
f 6938/6938 6927/6927 6929/6929
f 6929/6929 6939/6939 6938/6938
f 6939/6939 6956/6956 6942/6942
f 6933/6933 6932/6932 6956/6956
f 6932/6932 6942/6942 6956/6956
f 6938/6938 6939/6939 6940/6940
f 6942/6942 6940/6940 6939/6939
f 6940/6940 6941/6941 6938/6938
f 6940/6940 6942/6942 6943/6943
f 6941/6941 6940/6940 6949/6949
f 6940/6940 6943/6943 6951/6951
f 6951/6951 6949/6949 6940/6940
f 6949/6949 6950/6950 6941/6941
f 6946/6946 6943/6943 6944/6944
f 6942/6942 6944/6944 6943/6943
f 6944/6944 6945/6945 6946/6946
f 6944/6944 6925/6925 6924/6924
f 6924/6924 6945/6945 6944/6944
f 6931/6931 6944/6944 6942/6942
f 6944/6944 6931/6931 6963/6963
f 6963/6963 6925/6925 6944/6944
f 6923/6923 6924/6924 6925/6925
f 6925/6925 6926/6926 6923/6923
f 6926/6926 6925/6925 6963/6963
f 6962/6962 6963/6963 6931/6931
f 6963/6963 6962/6962 6926/6926
f 6930/6930 6931/6931 6932/6932
f 6931/6931 6930/6930 6962/6962
f 6942/6942 6932/6932 6931/6931
f 6926/6926 6962/6962 6930/6930
f 6958/6958 6923/6923 6926/6926
f 6926/6926 6959/6959 6958/6958
f 6930/6930 6959/6959 6926/6926
f 6932/6932 6933/6933 6930/6930
f 6959/6959 6930/6930 6933/6933
f 6934/6934 6935/6935 6936/6936
f 6936/6936 6937/6937 6934/6934
f 6965/6965 6934/6934 6937/6937
f 6936/6936 6935/6935 6947/6947
f 6947/6947 6948/6948 6936/6936
f 6936/6936 6964/6964 6937/6937
f 6952/6952 6953/6953 6954/6954
f 6954/6954 6955/6955 6952/6952
f 6966/6966 6967/6967 6968/6968
f 6968/6968 6969/6969 6966/6966
f 6967/6967 6966/6966 7001/7001
f 7001/7001 7002/7002 6967/6967
f 7002/7002 7003/7003 6967/6967
f 6970/6970 6971/6971 6972/6972
f 6972/6972 6973/6973 6970/6970
f 6984/6984 6970/6970 6973/6973
f 6971/6971 6974/6974 6975/6975
f 6975/6975 6972/6972 6971/6971
f 6974/6974 6976/6976 6977/6977
f 6977/6977 6975/6975 6974/6974
f 6976/6976 6978/6978 6979/6979
f 6979/6979 6977/6977 6976/6976
f 6978/6978 6980/6980 6981/6981
f 6981/6981 6979/6979 6978/6978
f 6980/6980 6982/6982 6983/6983
f 6983/6983 6981/6981 6980/6980
f 6982/6982 6984/6984 6985/6985
f 6985/6985 6983/6983 6982/6982
f 6973/6973 6985/6985 6984/6984
f 6986/6986 6987/6987 6988/6988
f 6988/6988 6989/6989 6986/6986
f 6999/6999 6986/6986 6989/6989
f 6987/6987 6990/6990 6991/6991
f 6991/6991 6988/6988 6987/6987
f 6990/6990 6992/6992 6993/6993
f 6993/6993 6991/6991 6990/6990
f 6992/6992 6994/6994 6993/6993
f 6996/6996 6993/6993 6994/6994
f 6994/6994 6995/6995 6996/6996
f 6998/6998 6996/6996 6995/6995
f 6995/6995 6997/6997 6998/6998
f 7000/7000 6998/6998 6997/6997
f 6997/6997 6999/6999 7000/7000
f 6989/6989 7000/7000 6999/6999
f 7004/7004 7005/7005 7006/7006
f 7005/7005 7004/7004 7013/7013
f 7004/7004 7006/7006 7044/7044
f 7044/7044 7043/7043 7004/7004
f 7044/7044 7006/7006 7015/7015
f 7042/7042 7015/7015 7006/7006
f 7006/7006 7005/7005 7042/7042
f 7043/7043 7044/7044 7008/7008
f 7015/7015 7014/7014 7044/7044
f 7008/7008 7044/7044 7014/7014
f 7008/7008 7007/7007 7043/7043
f 7007/7007 7008/7008 7009/7009
f 7014/7014 7047/7047 7008/7008
f 7008/7008 7047/7047 7046/7046
f 7046/7046 7009/7009 7008/7008
f 7014/7014 7015/7015 7016/7016
f 7016/7016 7017/7017 7014/7014
f 7047/7047 7014/7014 7017/7017
f 7017/7017 7046/7046 7047/7047
f 7028/7028 7009/7009 7046/7046
f 7046/7046 7017/7017 7028/7028
f 7009/7009 7010/7010 7007/7007
f 7010/7010 7009/7009 7028/7028
f 7028/7028 7026/7026 7029/7029
f 7029/7029 7030/7030 7028/7028
f 7027/7027 7026/7026 7028/7028
f 7028/7028 7030/7030 7010/7010
f 7027/7027 7028/7028 7017/7017
f 7017/7017 7016/7016 7027/7027
f 7040/7040 7016/7016 7015/7015
f 7016/7016 7040/7040 7027/7027
f 7024/7024 7026/7026 7027/7027
f 7025/7025 7024/7024 7027/7027
f 7027/7027 7040/7040 7025/7025
f 7035/7035 7026/7026 7024/7024
f 7022/7022 7023/7023 7024/7024
f 7024/7024 7025/7025 7022/7022
f 7034/7034 7024/7024 7023/7023
f 7024/7024 7034/7034 7035/7035
f 7041/7041 7025/7025 7040/7040
f 7022/7022 7025/7025 7041/7041
f 7041/7041 7011/7011 7022/7022
f 7041/7041 7040/7040 7042/7042
f 7042/7042 7012/7012 7041/7041
f 7011/7011 7041/7041 7012/7012
f 7011/7011 7012/7012 7013/7013
f 7005/7005 7045/7045 7012/7012
f 7012/7012 7042/7042 7005/7005
f 7012/7012 7045/7045 7013/7013
f 7015/7015 7042/7042 7040/7040
f 7013/7013 7045/7045 7005/7005
f 7023/7023 7033/7033 7034/7034
f 7018/7018 7019/7019 7020/7020
f 7020/7020 7021/7021 7018/7018
f 7018/7018 7031/7031 7032/7032
f 7032/7032 7019/7019 7018/7018
f 7018/7018 7021/7021 7048/7048
f 7049/7049 7021/7021 7020/7020
f 7036/7036 7037/7037 7038/7038
f 7038/7038 7039/7039 7036/7036
f 7050/7050 7051/7051 7052/7052
f 7052/7052 7053/7053 7050/7050
f 7051/7051 7085/7085 7086/7086
f 7086/7086 7052/7052 7051/7051
f 7085/7085 7051/7051 7087/7087
f 7054/7054 7055/7055 7056/7056
f 7056/7056 7057/7057 7054/7054
f 7055/7055 7054/7054 7069/7069
f 7069/7069 7068/7068 7055/7055
f 7068/7068 7069/7069 7067/7067
f 7067/7067 7066/7066 7068/7068
f 7066/7066 7067/7067 7065/7065
f 7065/7065 7064/7064 7066/7066
f 7064/7064 7065/7065 7063/7063
f 7063/7063 7062/7062 7064/7064
f 7062/7062 7063/7063 7061/7061
f 7061/7061 7060/7060 7062/7062
f 7060/7060 7061/7061 7059/7059
f 7059/7059 7058/7058 7060/7060
f 7058/7058 7059/7059 7057/7057
f 7057/7057 7056/7056 7058/7058
f 7070/7070 7071/7071 7072/7072
f 7072/7072 7073/7073 7070/7070
f 7071/7071 7070/7070 7084/7084
f 7084/7084 7083/7083 7071/7071
f 7083/7083 7084/7084 7082/7082
f 7082/7082 7081/7081 7083/7083
f 7081/7081 7082/7082 7080/7080
f 7080/7080 7079/7079 7081/7081
f 7079/7079 7080/7080 7078/7078
f 7078/7078 7076/7076 7079/7079
f 7077/7077 7076/7076 7078/7078
f 7075/7075 7074/7074 7076/7076
f 7076/7076 7077/7077 7075/7075
f 7074/7074 7075/7075 7073/7073
f 7073/7073 7072/7072 7074/7074
o minivan-body
usemtl glass-14
v 0.2930799 1.1288135 0.7998560
v 0.6303076 1.0963592 0.9050029
v 0.6341842 1.2137793 0.8868289
v 0.5733198 1.2551522 0.8629106
v 0.2334677 1.2991992 0.7533740
v -1.7701707 1.1447662 0.0897672
v -1.4338131 1.2353500 0.1945325
v -1.7109093 1.3058223 0.0844257
v 0.4355766 1.3441920 0.8073518
v 0.3564690 1.0033365 0.8374035
v 0.6270199 0.9910850 0.9207364
v 0.2675084 1.4200757 0.7385963
v 0.1253256 1.4349744 0.6885881
v -0.0957022 1.0385822 0.6840142
v -0.0912059 1.2279264 0.6574063
v -0.8936241 1.2357945 0.3834442
v -0.9038800 1.0471068 0.4085845
v -0.0837728 1.4251867 0.6214830
v -0.8810712 1.4227063 0.3513972
v -0.9866181 1.4214834 0.3152643
v -1.4267610 1.4215535 0.1606880
v -1.0033015 1.2366546 0.3453894
v -1.0027445 1.4404390 0.3046350
v -1.4258990 1.4379876 0.1566368
v -1.4379620 1.0517054 0.2209899
v -1.4377540 1.0334009 0.2242085
v -1.0365203 1.0290745 0.3658013
v -1.0179373 1.0482195 0.3690168
v -1.6681033 1.4174570 0.0755296
v -1.6414552 1.4367367 0.0800621
v -1.6978149 1.0362104 0.1308255
v -1.7346618 1.0554912 0.1143443
v -0.8869271 1.0277569 0.4177529
v -0.1143283 1.0197451 0.6810341
v 0.0168018 1.4270822 0.6545010
v 0.0304555 1.4400303 0.6556643
v 0.0155315 1.2257753 0.6933395
v 0.0170610 1.0389401 0.7213016
v 0.0335140 1.0180675 0.7302261
v -0.8611988 1.4419915 0.3531653
v -0.1009334 1.4443816 0.6107486
v 0.3374270 1.3932029 0.7669393
v 0.7218488 1.1633462 0.9299648
v 0.7387570 1.0890372 0.9492423
v 0.8199988 1.0820326 0.9712769
v 0.7515680 0.9808516 0.9711326
v 0.9385324 0.9692428 1.0237687
v 0.7166153 0.9830306 0.9608314
v 0.7454021 0.9812352 0.9693521
v 0.7323881 1.0896385 0.9474683
v 0.7044891 1.0925017 0.9394935
v 0.7149021 1.1651817 0.9282370
v 0.6779778 1.1903617 0.9149153
v 0.7044891 1.0925017 0.9394935
v 0.7024597 1.0894155 0.9274995
v 0.7137790 0.9871562 0.9474592
v 0.7166153 0.9830306 0.9608314
v 0.7196091 1.1615886 0.9258976
v 0.7365536 1.0886225 0.9446212
v 0.7387570 1.0890372 0.9492423
v 0.7218488 1.1633462 0.9299648
v 0.7495067 0.9803392 0.9665208
v 0.7515680 0.9808516 0.9711326
v 0.7495067 0.9803392 0.9665208
v 0.7365536 1.0886225 0.9446212
v 0.7323881 1.0896385 0.9474683
v 0.7454021 0.9812352 0.9693521
v 0.7196091 1.1615886 0.9258976
v 0.7149021 1.1651817 0.9282370
v 0.6379275 1.2022639 0.8999482
v 0.6344881 1.0979288 0.9160803
v 0.6930277 1.0892413 0.9348626
v 0.6679310 1.1818725 0.9116058
v 0.6314026 0.9993296 0.9308363
v 0.7033467 0.9960755 0.9530247
v 0.6779778 1.1903617 0.9149153
v 0.6765785 1.1849617 0.9034888
v 0.6765785 1.1849617 0.9034888
v 0.6679310 1.1818725 0.9116058
v 0.6930277 1.0892413 0.9348626
v 0.7024597 1.0894155 0.9274995
v 0.7033467 0.9960755 0.9530247
v 0.7137790 0.9871562 0.9474592
v 0.7137790 0.9871562 0.9474592
v 0.7033467 0.9960755 0.9530247
v 0.6314026 0.9993296 0.9308363
v 0.6270199 0.9910850 0.9207364
v 0.6270199 0.9910850 0.9207364
v 0.6314026 0.9993296 0.9308363
v 0.6344881 1.0979288 0.9160803
v 0.6303076 1.0963592 0.9050029
v 0.6379275 1.2022639 0.8999482
v 0.6341842 1.2137793 0.8868289
v 0.6341842 1.2137793 0.8868289
v 0.6379275 1.2022639 0.8999482
v 0.7125411 1.1288135 -0.4522135
v 1.0371985 1.2137793 -0.3161467
v 1.0450526 1.0963591 -0.3329878
v 0.6369581 1.2991992 -0.4510237
v 0.9742088 1.2551522 -0.3337211
v -1.3620774 1.1447661 -1.1283700
v -1.3179941 1.3058223 -1.0884068
v -1.0304903 1.2353500 -1.0093643
v 0.8307951 1.3441920 -0.3723540
v 0.7857567 1.0033364 -0.4439964
v 1.0519064 0.9910849 -0.3475268
v 0.5116130 1.4349744 -0.4644595
v 0.6552267 1.4200757 -0.4187218
v 0.3324373 1.0385822 -0.5939593
v -0.4785587 1.0471068 -0.8609759
v -0.4855173 1.2357945 -0.8347312
v 0.3199972 1.2279264 -0.5700127
v -0.4948041 1.4227063 -0.8015901
v 0.3042895 1.4251867 -0.5368617
v -0.6008167 1.4214834 -0.8363325
v -0.5959853 1.2366546 -0.8704283
v -1.0452494 1.4215535 -0.9781021
v -1.0470018 1.4379876 -0.9743491
v -0.6200918 1.4404390 -0.8375637
v -1.0178634 1.0517053 -1.0329816
v -0.5934337 1.0482194 -0.8981040
v -0.6102033 1.0290743 -0.9067322
v -1.0157581 1.0334009 -1.0354252
v -1.2891854 1.4174570 -1.0555189
v -1.2651856 1.4367367 -1.0430836
v -1.2795896 1.0362102 -1.1175536
v -1.3189285 1.0554911 -1.1265960
v -0.4595044 1.0277567 -0.8580818
v 0.3157751 1.0197451 -0.6028013
v -1.6355215 1.0287831 -1.0492193
v -1.6596106 1.0865965 -0.9797590
v -1.6237689 1.0871093 -1.0457458
v -1.6065834 1.3123347 -0.9527458
v -1.5640161 1.3136196 -1.0275409
v -1.5393724 1.3927407 -1.0199140
v 0.4044566 1.4270822 -0.5026283
v 0.4160559 1.4400303 -0.4953315
v 0.4268398 1.2257753 -0.5343937
v 0.4449055 1.0389400 -0.5557911
v 0.4634141 1.0180674 -0.5530030
v -0.4778770 1.4419915 -0.7910299
v 0.2841255 1.4443816 -0.5386315
v 0.7281087 1.3932029 -0.3992243
v 0.9830069 1.2601578 0.3346940
v 1.1416870 1.1511280 0.3878541
v 1.2083087 1.1452807 0.1140830
v 1.0622308 1.2519446 0.0481465
v 1.2466166 1.1353357 -0.1383015
v 1.0998943 1.2397666 -0.1874555
v 1.2977674 1.0196863 0.4401433
v 1.3587049 1.0155723 0.1601022
v 1.3928077 1.0084929 -0.0893253
v 0.8453092 1.3502543 0.2885633
v 0.9351426 1.3409411 -0.0363564
v 0.9678368 1.3304142 -0.2316968
v 0.7034580 1.4308080 0.2410411
v 0.8009645 1.4206994 -0.1116307
v 0.8317171 1.4110761 -0.2842066
v 1.0996494 1.2260285 -0.2674875
v 1.2774520 1.0902584 -0.2141147
v 1.3890778 1.0022984 -0.1806669
v 0.9017767 1.3580793 -0.3248518
v 0.8283505 1.4061647 -0.3243380
v 1.0262574 1.2751877 -0.2898854
v 0.8266312 1.4036560 -0.3448359
v -1.5809367 1.4064400 -0.9384004
v -1.5430776 1.4076078 -1.0030741
v -1.6499995 1.0017245 -1.0320838
v -1.6766945 0.9841517 -0.9884645
v -1.8230178 0.9841315 -0.6053645
v -1.8051967 1.0865963 -0.5993940
v -1.7493832 1.3123347 -0.5806958
v -1.7220079 1.4064372 -0.5715249
v -1.9407479 1.0287831 -0.1381369
v -1.9292741 1.0871093 -0.1338295
v -1.9181309 1.0865965 -0.2080905
v -1.8706128 1.3136196 -0.1123644
v -1.8595319 1.3123347 -0.1977073
v -1.8463489 1.3927407 -0.1036062
v 0.8736211 1.2519446 0.6111370
v 1.0299391 1.1452807 0.6465075
v 0.7617527 1.2397666 0.8218791
v 0.9084749 1.1353357 0.8710332
v 1.1777051 1.0155723 0.7003767
v 1.0546660 1.0084929 0.9200094
v 0.7212757 1.3409411 0.6020254
v 0.6296952 1.3304142 0.7776381
v 0.5688304 1.4206994 0.5812768
v 0.4894139 1.4110761 0.7375495
v 0.7133446 1.2260285 0.8856116
v 0.8874162 1.0902585 0.9501220
v 0.9966633 1.0022985 0.9906697
v 0.5208490 1.3580793 0.8121968
v 0.4625513 1.4061647 0.7675536
v 0.6412714 1.2751877 0.8592766
v 0.4488306 1.4036560 0.7828791
v -1.8391619 1.4076078 -0.1192795
v -1.8304197 1.4064400 -0.1937079
v -1.9419804 1.0017245 -0.1605359
v -1.9370111 0.9841517 -0.2114338
vt 0.8260944 0.4477581
vt 0.8219800 0.4970175
vt 0.8385446 0.4966603
vt 0.8442776 0.4875257
vt 0.8500481 0.4377286
vt 0.8910718 0.3975101
vt 0.9035859 0.4466274
vt 0.9137404 0.4051601
vt 0.8566442 0.4668025
vt 0.8085237 0.4578746
vt 0.8071420 0.4973405
vt 0.8672533 0.4415114
vt 0.8692732 0.4205019
vt 0.8774004 0.6361566
vt 0.9040442 0.6355562
vt 0.9051504 0.5174077
vt 0.8785882 0.5171824
vt 0.9319952 0.6349257
vt 0.9316325 0.5176263
vt 0.9296632 0.5111153
vt 0.9299695 0.4461141
vt 0.9034808 0.5101930
vt 0.9323959 0.5085168
vt 0.9323304 0.4460509
vt 0.8777316 0.4471841
vt 0.8751469 0.4473483
vt 0.8742652 0.5066342
vt 0.8769562 0.5092382
vt 0.9295869 0.4104508
vt 0.9323306 0.4141760
vt 0.8757515 0.4088476
vt 0.8785036 0.4032547
vt 0.8758545 0.5198302
vt 0.8747387 0.6335657
vt 0.8680751 0.4046566
vt 0.8699417 0.4065056
vt 0.8395514 0.4063194
vt 0.8132691 0.4078689
vt 0.8103366 0.4104498
vt 0.9343989 0.5203274
vt 0.9347467 0.6321806
vt 0.8634894 0.4520183
vt 0.2401284 0.9046518
vt 0.2350125 0.8849151
vt 0.2133261 0.8825943
vt 0.2311696 0.8565652
vt 0.1811013 0.8520581
vt 0.2416150 0.8573601
vt 0.2337702 0.8565847
vt 0.2376654 0.8849246
vt 0.2449825 0.8858053
vt 0.2428957 0.9049327
vt 0.2532303 0.9118015
vt 0.2449825 0.8858053
vt 0.2481248 0.8850986
vt 0.2449828 0.8587329
vt 0.2416150 0.8573601
vt 0.2413560 0.9042851
vt 0.2363392 0.8849136
vt 0.2350125 0.8849151
vt 0.2401284 0.9046518
vt 0.2324730 0.8565561
vt 0.2311696 0.8565652
vt 0.2324730 0.8565561
vt 0.2363392 0.8849136
vt 0.2376654 0.8849246
vt 0.2337702 0.8565847
vt 0.2413560 0.9042851
vt 0.2428957 0.9049327
vt 0.2663276 0.9123084
vt 0.2679358 0.8865115
vt 0.2512440 0.8844010
vt 0.2587208 0.9080741
vt 0.2650323 0.8618748
vt 0.2481647 0.8615262
vt 0.2532303 0.9118015
vt 0.2561898 0.9103224
vt 0.2561898 0.9103224
vt 0.2587208 0.9080741
vt 0.2512440 0.8844010
vt 0.2481248 0.8850986
vt 0.2481647 0.8615262
vt 0.2449828 0.8587329
vt 0.2449828 0.8587329
vt 0.2481647 0.8615262
vt 0.2650323 0.8618748
vt 0.2676069 0.8588378
vt 0.2676069 0.8588378
vt 0.2650323 0.8618748
vt 0.2679358 0.8865115
vt 0.2712458 0.8864147
vt 0.2663276 0.9123084
vt 0.2688151 0.9166481
vt 0.2688151 0.9166481
vt 0.2663276 0.9123084
vt 0.8260944 0.4477581
vt 0.8385446 0.4966603
vt 0.8219800 0.4970175
vt 0.8500481 0.4377286
vt 0.8442776 0.4875257
vt 0.8910718 0.3975101
vt 0.9137404 0.4051601
vt 0.9035859 0.4466274
vt 0.8566442 0.4668025
vt 0.8085237 0.4578746
vt 0.8071420 0.4973405
vt 0.8692732 0.4205019
vt 0.8672533 0.4415114
vt 0.8774004 0.6361566
vt 0.8785882 0.5171824
vt 0.9051504 0.5174077
vt 0.9040442 0.6355562
vt 0.9316325 0.5176263
vt 0.9319952 0.6349257
vt 0.9296632 0.5111153
vt 0.9034808 0.5101930
vt 0.9299695 0.4461141
vt 0.9323304 0.4460509
vt 0.9323959 0.5085168
vt 0.8777316 0.4471841
vt 0.8769562 0.5092382
vt 0.8742652 0.5066342
vt 0.8751469 0.4473483
vt 0.9295869 0.4104508
vt 0.9323306 0.4141760
vt 0.8757515 0.4088476
vt 0.8785036 0.4032547
vt 0.8758545 0.5198302
vt 0.8747387 0.6335657
vt 0.8122294 0.6408966
vt 0.8200424 0.6304657
vt 0.8205490 0.6409161
vt 0.8525076 0.6292710
vt 0.8532894 0.6412319
vt 0.8648942 0.6414443
vt 0.8680751 0.4046566
vt 0.8699417 0.4065056
vt 0.8395514 0.4063194
vt 0.8132691 0.4078689
vt 0.8103366 0.4104498
vt 0.9343989 0.5203274
vt 0.9347467 0.6321806
vt 0.8634894 0.4520183
vt 0.8719568 0.6844701
vt 0.8719568 0.7047864
vt 0.8433564 0.7030929
vt 0.8417289 0.6835644
vt 0.8175690 0.6999079
vt 0.8175678 0.6809076
vt 0.8719568 0.7262276
vt 0.8427299 0.7238450
vt 0.8172494 0.7202246
vt 0.8719568 0.6670834
vt 0.8376582 0.6660531
vt 0.8175921 0.6639875
vt 0.8719568 0.6497846
vt 0.8346169 0.6486721
vt 0.8167679 0.6470288
vt 0.8094230 0.6795125
vt 0.8085921 0.7029901
vt 0.8081902 0.7178955
vt 0.8103006 0.6545163
vt 0.8127770 0.6459153
vt 0.8096032 0.6701870
vt 0.8107469 0.6453424
vt 0.8662229 0.6286088
vt 0.8669641 0.6390359
vt 0.8082812 0.6380366
vt 0.8055274 0.6310068
vt 0.8048713 0.5738360
vt 0.8194108 0.5738360
vt 0.8519535 0.5738360
vt 0.8656704 0.5738361
vt 0.8122299 0.5067754
vt 0.8205495 0.5067559
vt 0.8200426 0.5172061
vt 0.8532898 0.5064402
vt 0.8525078 0.5184009
vt 0.8648946 0.5062279
vt 0.9021845 0.6835644
vt 0.9005570 0.7030929
vt 0.9263458 0.6809074
vt 0.9263444 0.6999079
vt 0.9011838 0.7238449
vt 0.9266645 0.7202246
vt 0.9062555 0.6660531
vt 0.9263210 0.6639875
vt 0.9092968 0.6486721
vt 0.9271457 0.6470288
vt 0.9344912 0.6795125
vt 0.9353213 0.7029901
vt 0.9357239 0.7178955
vt 0.9336126 0.6545160
vt 0.9311357 0.6459150
vt 0.9343109 0.6701870
vt 0.9331658 0.6453420
vt 0.8669643 0.5086361
vt 0.8662231 0.5190632
vt 0.8082817 0.5096353
vt 0.8055279 0.5166649
f 7097/7097 7098/7098 7099/7099
f 7097/7097 7099/7099 7100/7100
f 7100/7100 7101/7101 7097/7097
f 7098/7098 7097/7097 7106/7106
f 7101/7101 7133/7133 7097/7097
f 7106/7106 7097/7097 7133/7133
f 7106/7106 7107/7107 7098/7098
f 7133/7133 7134/7134 7106/7106
f 7135/7135 7106/7106 7134/7134
f 7131/7131 7133/7133 7101/7101
f 7131/7131 7109/7109 7132/7132
f 7101/7101 7109/7109 7131/7131
f 7101/7101 7108/7108 7109/7109
f 7101/7101 7138/7138 7108/7108
f 7101/7101 7105/7105 7138/7138
f 7101/7101 7100/7100 7105/7105
f 7102/7102 7103/7103 7104/7104
f 7121/7121 7103/7103 7102/7102
f 7102/7102 7128/7128 7121/7121
f 7117/7117 7125/7125 7104/7104
f 7104/7104 7103/7103 7117/7117
f 7116/7116 7117/7117 7103/7103
f 7120/7120 7117/7117 7116/7116
f 7126/7126 7125/7125 7117/7117
f 7117/7117 7120/7120 7126/7126
f 7103/7103 7118/7118 7116/7116
f 7116/7116 7119/7119 7120/7120
f 7124/7124 7118/7118 7103/7103
f 7123/7123 7124/7124 7121/7121
f 7103/7103 7121/7121 7124/7124
f 7121/7121 7122/7122 7123/7123
f 7127/7127 7122/7122 7121/7121
f 7121/7121 7128/7128 7127/7127
f 7110/7110 7111/7111 7112/7112
f 7112/7112 7113/7113 7110/7110
f 7129/7129 7130/7130 7110/7110
f 7110/7110 7113/7113 7129/7129
f 7112/7112 7111/7111 7114/7114
f 7114/7114 7115/7115 7112/7112
f 7136/7136 7115/7115 7114/7114
f 7114/7114 7137/7137 7136/7136
f 7139/7139 7140/7140 7141/7141
f 7141/7141 7140/7140 7142/7142
f 7142/7142 7143/7143 7141/7141
f 7144/7144 7145/7145 7146/7146
f 7146/7146 7147/7147 7144/7144
f 7147/7147 7146/7146 7148/7148
f 7148/7148 7149/7149 7147/7147
f 7150/7150 7151/7151 7152/7152
f 7152/7152 7153/7153 7150/7150
f 7151/7151 7150/7150 7172/7172
f 7172/7172 7173/7173 7151/7151
f 7154/7154 7155/7155 7156/7156
f 7156/7156 7157/7157 7154/7154
f 7155/7155 7158/7158 7159/7159
f 7159/7159 7156/7156 7155/7155
f 7160/7160 7161/7161 7162/7162
f 7162/7162 7163/7163 7160/7160
f 7161/7161 7164/7164 7165/7165
f 7165/7165 7162/7162 7161/7161
f 7166/7166 7167/7167 7168/7168
f 7168/7168 7169/7169 7166/7166
f 7168/7168 7167/7167 7170/7170
f 7170/7170 7171/7171 7168/7168
f 7174/7174 7175/7175 7176/7176
f 7176/7176 7177/7177 7174/7174
f 7175/7175 7174/7174 7190/7190
f 7190/7190 7191/7191 7175/7175
f 7177/7177 7176/7176 7178/7178
f 7178/7178 7179/7179 7177/7177
f 7180/7180 7181/7181 7182/7182
f 7182/7182 7183/7183 7180/7180
f 7184/7184 7185/7185 7186/7186
f 7186/7186 7187/7187 7184/7184
f 7187/7187 7186/7186 7188/7188
f 7188/7188 7189/7189 7187/7187
f 7192/7192 7193/7193 7194/7194
f 7192/7192 7195/7195 7196/7196
f 7196/7196 7193/7193 7192/7192
f 7201/7201 7192/7192 7194/7194
f 7195/7195 7192/7192 7234/7234
f 7234/7234 7192/7192 7201/7201
f 7194/7194 7202/7202 7201/7201
f 7201/7201 7235/7235 7234/7234
f 7236/7236 7235/7235 7201/7201
f 7195/7195 7234/7234 7232/7232
f 7232/7232 7233/7233 7203/7203
f 7232/7232 7203/7203 7195/7195
f 7195/7195 7203/7203 7204/7204
f 7195/7195 7204/7204 7239/7239
f 7195/7195 7239/7239 7200/7200
f 7195/7195 7200/7200 7196/7196
f 7197/7197 7198/7198 7199/7199
f 7216/7216 7223/7223 7197/7197
f 7197/7197 7199/7199 7216/7216
f 7213/7213 7199/7199 7198/7198
f 7198/7198 7220/7220 7213/7213
f 7199/7199 7213/7213 7211/7211
f 7211/7211 7213/7213 7214/7214
f 7221/7221 7214/7214 7213/7213
f 7213/7213 7220/7220 7221/7221
f 7211/7211 7212/7212 7199/7199
f 7214/7214 7215/7215 7211/7211
f 7199/7199 7212/7212 7217/7217
f 7216/7216 7217/7217 7218/7218
f 7217/7217 7216/7216 7199/7199
f 7218/7218 7219/7219 7216/7216
f 7216/7216 7219/7219 7222/7222
f 7222/7222 7223/7223 7216/7216
f 7205/7205 7206/7206 7207/7207
f 7207/7207 7208/7208 7205/7205
f 7224/7224 7206/7206 7205/7205
f 7205/7205 7225/7225 7224/7224
f 7207/7207 7209/7209 7210/7210
f 7210/7210 7208/7208 7207/7207
f 7210/7210 7209/7209 7237/7237
f 7237/7237 7238/7238 7210/7210
f 7226/7226 7227/7227 7228/7228
f 7226/7226 7264/7264 7227/7227
f 7228/7228 7227/7227 7229/7229
f 7229/7229 7230/7230 7228/7228
f 7230/7230 7229/7229 7231/7231
f 7263/7263 7231/7231 7229/7229
f 7229/7229 7262/7262 7263/7263
f 7229/7229 7227/7227 7267/7267
f 7267/7267 7268/7268 7229/7229
f 7262/7262 7229/7229 7268/7268
f 7268/7268 7269/7269 7262/7262
f 7274/7274 7268/7268 7267/7267
f 7268/7268 7274/7274 7294/7294
f 7294/7294 7269/7269 7268/7268
f 7266/7266 7267/7267 7227/7227
f 7272/7272 7267/7267 7266/7266
f 7267/7267 7272/7272 7274/7274
f 7227/7227 7265/7265 7266/7266
f 7266/7266 7296/7296 7272/7272
f 7264/7264 7265/7265 7227/7227
f 7270/7270 7271/7271 7272/7272
f 7274/7274 7272/7272 7271/7271
f 7295/7295 7272/7272 7296/7296
f 7270/7270 7272/7272 7295/7295
f 7271/7271 7273/7273 7274/7274
f 7273/7273 7275/7275 7274/7274
f 7274/7274 7275/7275 7293/7293
f 7293/7293 7294/7294 7274/7274
f 7240/7240 7241/7241 7242/7242
f 7242/7242 7243/7243 7240/7240
f 7249/7249 7240/7240 7243/7243
f 7240/7240 7276/7276 7277/7277
f 7277/7277 7241/7241 7240/7240
f 7276/7276 7240/7240 7249/7249
f 7243/7243 7242/7242 7244/7244
f 7244/7244 7245/7245 7243/7243
f 7243/7243 7250/7250 7249/7249
f 7250/7250 7243/7243 7245/7245
f 7252/7252 7249/7249 7250/7250
f 7249/7249 7282/7282 7276/7276
f 7282/7282 7249/7249 7252/7252
f 7245/7245 7251/7251 7250/7250
f 7250/7250 7253/7253 7252/7252
f 7253/7253 7250/7250 7251/7251
f 7255/7255 7245/7245 7244/7244
f 7260/7260 7251/7251 7245/7245
f 7255/7255 7260/7260 7245/7245
f 7251/7251 7254/7254 7253/7253
f 7254/7254 7251/7251 7258/7258
f 7260/7260 7258/7258 7251/7251
f 7258/7258 7259/7259 7254/7254
f 7258/7258 7261/7261 7259/7259
f 7244/7244 7256/7256 7255/7255
f 7248/7248 7244/7244 7242/7242
f 7256/7256 7244/7244 7248/7248
f 7248/7248 7257/7257 7256/7256
f 7242/7242 7247/7247 7248/7248
f 7247/7247 7242/7242 7241/7241
f 7241/7241 7246/7246 7247/7247
f 7241/7241 7277/7277 7280/7280
f 7280/7280 7246/7246 7241/7241
f 7279/7279 7277/7277 7276/7276
f 7277/7277 7279/7279 7281/7281
f 7281/7281 7280/7280 7277/7277
f 7276/7276 7278/7278 7279/7279
f 7286/7286 7287/7287 7279/7279
f 7279/7279 7278/7278 7286/7286
f 7281/7281 7279/7279 7287/7287
f 7278/7278 7276/7276 7282/7282
f 7282/7282 7283/7283 7278/7278
f 7291/7291 7278/7278 7283/7283
f 7286/7286 7278/7278 7291/7291
f 7252/7252 7284/7284 7282/7282
f 7283/7283 7282/7282 7284/7284
f 7284/7284 7285/7285 7283/7283
f 7289/7289 7283/7283 7285/7285
f 7291/7291 7283/7283 7289/7289
f 7285/7285 7290/7290 7289/7289
f 7289/7289 7290/7290 7292/7292
f 7287/7287 7288/7288 7281/7281
o minivan-body
usemtl optics-15
v 1.8740580 0.6473757 -0.1029715
v 1.9147257 0.6462763 -0.0728659
v 1.8983944 0.5851970 -0.0910897
v 1.9502315 0.6452354 0.0942574
v 1.9703096 0.5849629 0.1260706
v 1.9530647 0.6458321 0.0306158
v 1.8475355 0.7346059 -0.0795953
v 1.7898868 0.7624869 -0.1030709
v 1.8687830 0.7550328 0.0199426
v 1.8781545 0.7344242 0.0029269
v 1.8314068 0.7130642 -0.1159803
v 1.8699172 0.7109999 -0.0884720
v 1.8558811 0.6042220 -0.1127275
v 1.8108546 0.6482405 -0.1335269
v 1.7502140 0.7175264 -0.1564240
v 1.7375039 0.7499380 -0.1494693
v 1.7554259 0.7649939 -0.1275857
v 1.8086149 0.7347566 -0.1181743
v 1.9611356 0.6104757 0.1452740
v 1.9102980 0.7066574 0.0545707
v 1.8838186 0.7392180 0.0528440
v 1.9086056 0.7062268 0.0869210
v 1.7397304 0.7349429 -0.1573158
v 1.8843632 0.7094861 -0.0575487
v 1.9373289 0.6459508 -0.0356558
v 1.9436535 0.5850165 -0.0225245
v 1.8314068 0.7130642 -0.1159803
v 1.7502140 0.7175264 -0.1564240
v 1.9086056 0.7062268 0.0869210
v 1.9396983 0.6597403 0.1171194
v 1.9102980 0.7066574 0.0545707
v 1.9047656 0.7078335 -0.0019958
v 1.9047656 0.7078335 -0.0019958
v 1.8843632 0.7094861 -0.0575487
v 1.8699172 0.7109999 -0.0884720
v -1.4886529 0.8440177 -1.2386940
v -1.4579430 0.8809675 -1.2136457
v -1.4458877 0.8436597 -1.2187311
v -1.4808412 0.7423463 -1.2415580
v -1.4321000 0.7422528 -1.2195145
v -1.4617376 0.6790404 -1.2262545
v -1.4886529 0.8440177 -1.2386940
v -1.4458877 0.8436597 -1.2187311
v -1.4308359 0.7582436 -1.2184931
v -1.4808412 0.7423463 -1.2415580
v -1.4844463 0.6676795 -1.2320095
v -1.5581248 0.6676360 -1.2343657
v -1.5598996 0.7424183 -1.2453973
v -1.5863504 0.7424307 -1.2271105
v -1.5979913 0.6675856 -1.1910637
v -1.6074507 0.7424431 -1.1961686
v -1.5846219 0.8439457 -1.2219664
v -1.5863504 0.7424307 -1.2271105
v -1.6074507 0.7424431 -1.1961686
v -1.6055950 0.8439293 -1.1914017
v -1.5598996 0.7424183 -1.2453973
v -1.5582989 0.8439622 -1.2398765
v -1.5582989 0.8439622 -1.2398765
v -1.5564902 0.9280808 -1.2109556
v -1.5024931 0.9284142 -1.2134874
v -1.6055950 0.8439293 -1.1914017
v -1.5952860 0.9281485 -1.1709887
v -1.5846219 0.8439457 -1.2219664
v -1.6294415 0.8281646 -1.1256368
v -1.6250122 0.8438325 -1.1365432
v -1.6274726 0.7423890 -1.1399443
v -1.4795017 0.9175717 -1.2110968
v -1.4321000 0.7422528 -1.2195145
v -1.6313303 0.9283453 -1.1019685
v -1.6250122 0.8438325 -1.1365432
v -1.6362865 0.8437762 -1.1046919
v -1.4742536 0.6692108 -1.2293602
v -1.5863504 0.7424307 -1.2271105
v -1.5846219 0.8439457 -1.2219664
v -1.6316315 0.7570702 -1.1267451
v -1.6392283 0.7423573 -1.1069339
v -1.6362865 0.8437762 -1.1046919
v -1.6294415 0.8281646 -1.1256368
v -1.6250122 0.8438325 -1.1365432
v -1.6274726 0.7423890 -1.1399443
v -1.6403444 0.6669067 -1.1082347
v -1.6392283 0.7423573 -1.1069339
v 2.0039837 0.3061858 0.0311473
v 1.9857628 0.2582030 0.0279132
v 1.9902190 0.3023348 0.0105318
v 1.9767802 0.2660118 0.0083073
v 1.9839325 0.2959387 0.0045472
v 1.9970675 0.2583686 0.1982930
v 2.0144857 0.3098033 0.1705312
v 1.9891830 0.2535244 0.2030800
v 1.9762210 0.2534043 0.0270375
v 1.9656939 0.2625759 0.0039554
v 1.9742690 0.2981544 -0.0005582
v 1.9826119 0.3067749 0.0075372
v 1.9976390 0.3109069 0.0297995
v 2.0097926 0.3144717 0.1701909
v 2.0097926 0.3144717 0.1701909
v 1.9891830 0.2535244 0.2030800
v 1.9970675 0.2583686 0.1982930
v 2.0144857 0.3098033 0.1705312
v 1.4305705 0.6473758 1.2208151
v 1.4571531 0.5851971 1.2259918
v 1.4811667 0.6462764 1.2212841
v 1.6101845 0.6452355 1.1092788
v 1.5741075 0.6458322 1.1617829
v 1.6453757 0.5849630 1.0959814
v 1.4234829 0.7346060 1.1861789
v 1.4976355 0.7344243 1.1387570
v 1.5004055 0.7550329 1.1195294
v 1.3633268 0.7624870 1.1701882
v 1.4360000 0.7110000 1.2067472
v 1.3886904 0.7130643 1.2055045
v 1.3617157 0.6482406 1.2071289
v 1.4101847 0.6042221 1.2176519
v 1.2995198 0.7175266 1.1888741
v 1.2935646 0.7499381 1.1756662
v 1.3691765 0.7347567 1.1935256
v 1.3210526 0.7649940 1.1689957
v 1.6496213 0.6104759 1.0751271
v 1.6155494 0.6597404 1.0846853
v 1.5544030 0.7066575 1.1168992
v 1.5725399 0.7062269 1.0900585
v 1.5322270 0.7392180 1.1023259
v 1.2906147 0.7349430 1.1832705
v 1.4661595 0.7094862 1.1907675
v 1.5216241 0.6459509 1.2052003
v 1.5345830 0.5850166 1.1985292
v 1.3886904 0.7130643 1.2055045
v 1.2995198 0.7175266 1.1888741
v 1.5725399 0.7062269 1.0900585
v 1.5544030 0.7066575 1.1168992
v 1.5159103 0.7078336 1.1587169
v 1.5159103 0.7078336 1.1587169
v 1.4661595 0.7094862 1.1907675
v 1.4360000 0.7110000 1.2067472
v -1.9376628 0.8440179 0.1015745
v -1.8915021 0.8436599 0.1114033
v -1.8980605 0.8809676 0.1000817
v -1.9331526 0.7423465 0.1085666
v -1.9086853 0.6790405 0.1078599
v -1.8809689 0.7422529 0.1203344
v -1.9376628 0.8440179 0.1015745
v -1.9331526 0.7423465 0.1085666
v -1.8793443 0.7582438 0.1202809
v -1.8915021 0.8436599 0.1114033
v -1.9905060 0.6676361 0.0562688
v -1.9302779 0.6676796 0.0987733
v -1.9985688 0.7424184 0.0640047
v -1.9962409 0.6675857 -0.0023103
v -2.0086645 0.7424308 0.0334744
v -2.0068666 0.7424432 -0.0039341
v -2.0068666 0.7424432 -0.0039341
v -2.0086645 0.7424308 0.0334744
v -2.0041859 0.8439459 0.0304100
v -2.0025136 0.8439295 -0.0066213
v -1.9939647 0.8439624 0.0605629
v -1.9985688 0.7424184 0.0640047
v -1.9335247 0.9284144 0.0731174
v -1.9750983 0.9280810 0.0385683
v -1.9939647 0.8439624 0.0605629
v -2.0025136 0.8439295 -0.0066213
v -2.0041859 0.8439459 0.0304100
v -1.9819887 0.9281486 -0.0167042
v -1.9819294 0.8281648 -0.0734787
v -1.9889777 0.7423891 -0.0608730
v -1.9137332 0.9175719 0.0850597
v -1.8809689 0.7422529 0.1203344
v -1.9691792 0.9283454 -0.0935086
v -1.9747755 0.8437764 -0.0943200
v -1.9849644 0.8438327 -0.0621053
v -1.9205458 0.6692109 0.1027991
v -2.0086645 0.7424308 0.0334744
v -2.0041859 0.8439459 0.0304100
v -1.9843450 0.7570703 -0.0739133
v -1.9819294 0.8281648 -0.0734787
v -1.9747755 0.8437764 -0.0943200
v -1.9784745 0.7423573 -0.0943032
v -1.9849644 0.8438327 -0.0621053
v -1.9889777 0.7423891 -0.0608730
v -1.9784745 0.7423573 -0.0943032
v -1.9801484 0.6669067 -0.0939367
v 1.6150702 0.3061859 1.1920332
v 1.5916644 0.3023349 1.2001962
v 1.5985783 0.2582031 1.1836381
v 1.5795979 0.2660119 1.1938761
v 1.5830416 0.2959388 1.2011859
v 1.7102411 0.2583687 1.0544541
v 1.7074202 0.3098034 1.0871061
v 1.7068317 0.2535245 1.0458835
v 1.5904350 0.2534044 1.1785890
v 1.5681276 0.2625760 1.1906710
v 1.5722526 0.2981545 1.1994393
v 1.5837884 0.3067750 1.1980036
v 1.6091943 0.3109070 1.1892870
v 1.7034693 0.3144718 1.0845505
v 1.7034693 0.3144718 1.0845505
v 1.7074202 0.3098034 1.0871061
v 1.7102411 0.2583687 1.0544541
v 1.7068317 0.2535245 1.0458835
v 1.9674572 0.5946598 0.1452859
v -1.6274726 0.7423890 -1.1399443
v -1.6316315 0.7570702 -1.1267451
v 1.6546745 0.5946598 1.0789257
v -1.9849644 0.8438327 -0.0621053
v -1.9843450 0.7570703 -0.0739133
v -1.9889777 0.7423891 -0.0608730
vt 0.2691817 0.7202217
vt 0.2180291 0.7202217
vt 0.2405616 0.6621106
vt 0.0550534 0.7202217
vt 0.0289239 0.6606054
vt 0.1223286 0.7202217
vt 0.7202508 0.5389265
vt 0.7416577 0.5087034
vt 0.7373641 0.5966487
vt 0.7227991 0.5916360
vt 0.2737238 0.7798842
vt 0.2189499 0.7798842
vt 0.2973030 0.6739271
vt 0.3231410 0.7202217
vt 0.3258300 0.7798842
vt 0.7339519 0.4637036
vt 0.7425687 0.4827021
vt 0.7183954 0.5061648
vt 0.0080713 0.6764881
vt 0.6990551 0.6308718
vt 0.7268066 0.6205240
vt 0.7010940 0.6493191
vt 0.7221659 0.4594480
vt 0.1901853 0.7798842
vt 0.1858642 0.7202217
vt 0.1743938 0.6615557
vt 0.7037606 0.5138655
vt 0.7072622 0.4617175
vt 0.0444617 0.7798842
vt 0.0220821 0.7349119
vt 0.0824552 0.7798842
vt 0.1394425 0.7798842
vt 0.6995884 0.5979588
vt 0.7013934 0.5628188
vt 0.7020521 0.5418793
vt 0.6921056 0.7395470
vt 0.6596503 0.7871377
vt 0.6348568 0.7405403
vt 0.6997364 0.8122755
vt 0.6396802 0.8097787
vt 0.6858219 0.7410343
vt 0.7492145 0.6444057
vt 0.6739863 0.6444057
vt 0.6518374 0.4877308
vt 0.7377566 0.4582027
vt 0.7151719 0.7285199
vt 0.8006502 0.7279671
vt 0.7877933 0.8124165
vt 0.8279912 0.8132460
vt 0.8722128 0.7278237
vt 0.8740750 0.8124760
vt 0.4635936 0.9868186
vt 0.4536645 0.8559606
vt 0.5019301 0.8559606
vt 0.5118592 0.9868186
vt 0.8640003 0.4582027
vt 0.8603041 0.6444057
vt 0.7810349 0.7391232
vt 0.7985642 0.8364462
vt 0.7286628 0.8374127
vt 0.8692980 0.7392758
vt 0.8714552 0.8362830
vt 0.8222569 0.7394148
vt 0.6010590 0.9629647
vt 0.5867871 0.9820375
vt 0.9457240 0.8116105
vt 0.6958921 0.8272719
vt 0.6525131 0.4582027
vt 0.9748742 0.8367793
vt 0.9431490 0.7385958
vt 0.9761324 0.7381876
vt 0.7028263 0.7300174
vt 0.9153603 0.4582027
vt 0.9051503 0.6444057
vt 0.7675774 0.7196157
vt 0.7387447 0.6770076
vt 0.9409636 0.6770217
vt 0.9093208 0.7205824
vt 0.9402801 0.7443731
vt 0.7379828 0.7468544
vt 0.9844756 0.7278566
vt 0.9872448 0.8110738
vt 0.1945709 0.6468007
vt 0.1996243 0.6042261
vt 0.2163551 0.6410534
vt 0.2198134 0.6088539
vt 0.2231016 0.6346154
vt 0.0404257 0.6022649
vt 0.0643957 0.6481498
vt 0.0346120 0.5961939
vt 0.2028087 0.5960832
vt 0.2288980 0.6026264
vt 0.2334647 0.6345394
vt 0.2239161 0.6445785
vt 0.1979647 0.6522360
vt 0.0629116 0.6528745
vt 0.0629116 0.6528745
vt 0.0346120 0.5961939
vt 0.0404257 0.6022649
vt 0.0643957 0.6481498
vt 0.2691817 0.7202217
vt 0.2405616 0.6621106
vt 0.2180291 0.7202217
vt 0.0550534 0.7202217
vt 0.1223286 0.7202217
vt 0.0289239 0.6606054
vt 0.7202508 0.5389265
vt 0.7227991 0.5916360
vt 0.7373641 0.5966487
vt 0.7416577 0.5087034
vt 0.2189499 0.7798842
vt 0.2737238 0.7798842
vt 0.3231410 0.7202217
vt 0.2973030 0.6739271
vt 0.3258300 0.7798842
vt 0.7339519 0.4637036
vt 0.7183954 0.5061648
vt 0.7425687 0.4827021
vt 0.0080713 0.6764881
vt 0.0220821 0.7349119
vt 0.6990551 0.6308718
vt 0.7010940 0.6493191
vt 0.7268066 0.6205240
vt 0.7221659 0.4594480
vt 0.1901853 0.7798842
vt 0.1858642 0.7202217
vt 0.1743938 0.6615557
vt 0.7037606 0.5138655
vt 0.7072622 0.4617175
vt 0.0444617 0.7798842
vt 0.0824552 0.7798842
vt 0.1394425 0.7798842
vt 0.6995884 0.5979588
vt 0.7013934 0.5628188
vt 0.7020521 0.5418793
vt 0.6921056 0.7395470
vt 0.6348568 0.7405403
vt 0.6596503 0.7871377
vt 0.6997364 0.8122755
vt 0.6858219 0.7410343
vt 0.6396802 0.8097787
vt 0.7492145 0.6444057
vt 0.7377566 0.4582027
vt 0.6518374 0.4877308
vt 0.6739863 0.6444057
vt 0.8006502 0.7279671
vt 0.7151719 0.7285199
vt 0.7877933 0.8124165
vt 0.8722128 0.7278237
vt 0.8279912 0.8132460
vt 0.8740750 0.8124760
vt 0.5019301 0.8559606
vt 0.4536645 0.8559606
vt 0.4635936 0.9868186
vt 0.5118592 0.9868186
vt 0.8603041 0.6444057
vt 0.8640003 0.4582027
vt 0.7286628 0.8374127
vt 0.7985642 0.8364462
vt 0.7810349 0.7391232
vt 0.8692980 0.7392758
vt 0.8222569 0.7394148
vt 0.8714552 0.8362830
vt 0.6010590 0.9629647
vt 0.9457240 0.8116105
vt 0.6958921 0.8272719
vt 0.6525131 0.4582027
vt 0.9748742 0.8367793
vt 0.9761324 0.7381876
vt 0.9431490 0.7385958
vt 0.7028263 0.7300174
vt 0.9153603 0.4582027
vt 0.9051503 0.6444057
vt 0.7675774 0.7196157
vt 0.9093208 0.7205824
vt 0.9409636 0.6770217
vt 0.7387447 0.6770076
vt 0.9402801 0.7443731
vt 0.7379828 0.7468544
vt 0.9872448 0.8110738
vt 0.9844756 0.7278566
vt 0.1945709 0.6468007
vt 0.2163551 0.6410534
vt 0.1996243 0.6042261
vt 0.2198134 0.6088539
vt 0.2231016 0.6346154
vt 0.0404257 0.6022649
vt 0.0643957 0.6481498
vt 0.0346120 0.5961939
vt 0.2028087 0.5960832
vt 0.2288980 0.6026264
vt 0.2334647 0.6345394
vt 0.2239161 0.6445785
vt 0.1979647 0.6522360
vt 0.0629116 0.6528745
vt 0.0629116 0.6528745
vt 0.0643957 0.6481498
vt 0.0404257 0.6022649
vt 0.0346120 0.5961939
vt 0.0102647 0.6591148
vt 0.5849184 0.8607417
vt 0.6013795 0.8775536
vt 0.0102647 0.6591148
vt 0.5867871 0.9820375
vt 0.6013795 0.8775536
vt 0.5849184 0.8607417
f 7297/7297 7298/7298 7299/7299
f 7297/7297 7307/7307 7308/7308
f 7308/7308 7298/7298 7297/7297
f 7297/7297 7309/7309 7310/7310
f 7307/7307 7297/7297 7310/7310
f 7297/7297 7299/7299 7309/7309
f 7322/7322 7299/7299 7298/7298
f 7298/7298 7321/7321 7322/7322
f 7322/7322 7321/7321 7302/7302
f 7302/7302 7301/7301 7322/7322
f 7320/7320 7321/7321 7298/7298
f 7321/7321 7320/7320 7328/7328
f 7328/7328 7302/7302 7321/7321
f 7300/7300 7301/7301 7302/7302
f 7327/7327 7300/7300 7302/7302
f 7302/7302 7328/7328 7327/7327
f 7300/7300 7315/7315 7301/7301
f 7315/7315 7496/7496 7301/7301
f 7325/7325 7326/7326 7300/7300
f 7300/7300 7327/7327 7325/7325
f 7300/7300 7326/7326 7315/7315
f 7298/7298 7308/7308 7320/7320
f 7310/7310 7311/7311 7307/7307
f 7303/7303 7304/7304 7305/7305
f 7305/7305 7306/7306 7303/7303
f 7304/7304 7303/7303 7314/7314
f 7330/7330 7303/7303 7306/7306
f 7303/7303 7330/7330 7331/7331
f 7303/7303 7331/7331 7323/7323
f 7323/7323 7314/7314 7303/7303
f 7314/7314 7313/7313 7304/7304
f 7312/7312 7313/7313 7314/7314
f 7319/7319 7312/7312 7314/7314
f 7319/7319 7314/7314 7323/7323
f 7323/7323 7324/7324 7319/7319
f 7306/7306 7329/7329 7330/7330
f 7316/7316 7329/7329 7306/7306
f 7316/7316 7317/7317 7318/7318
f 7306/7306 7317/7317 7316/7316
f 7306/7306 7305/7305 7317/7317
f 7332/7332 7333/7333 7334/7334
f 7356/7356 7332/7332 7354/7354
f 7332/7332 7356/7356 7363/7363
f 7363/7363 7333/7333 7332/7332
f 7354/7354 7355/7355 7356/7356
f 7355/7355 7354/7354 7359/7359
f 7357/7357 7358/7358 7355/7355
f 7355/7355 7359/7359 7357/7357
f 7358/7358 7357/7357 7366/7366
f 7365/7365 7358/7358 7366/7366
f 7366/7366 7367/7367 7365/7365
f 7335/7335 7336/7336 7337/7337
f 7335/7335 7342/7342 7343/7343
f 7343/7343 7344/7344 7335/7335
f 7368/7368 7342/7342 7335/7335
f 7335/7335 7337/7337 7368/7368
f 7345/7345 7343/7343 7346/7346
f 7345/7345 7344/7344 7343/7343
f 7346/7346 7347/7347 7345/7345
f 7347/7347 7346/7346 7362/7362
f 7362/7362 7346/7346 7377/7377
f 7377/7377 7378/7378 7362/7362
f 7338/7338 7339/7339 7340/7340
f 7340/7340 7341/7341 7338/7338
f 7338/7338 7341/7341 7352/7352
f 7352/7352 7353/7353 7338/7338
f 7341/7341 7340/7340 7364/7364
f 7353/7353 7352/7352 7369/7369
f 7369/7369 7370/7370 7353/7353
f 7348/7348 7349/7349 7350/7350
f 7350/7350 7351/7351 7348/7348
f 7350/7350 7497/7497 7498/7498
f 7350/7350 7498/7498 7360/7360
f 7351/7351 7350/7350 7360/7360
f 7351/7351 7360/7360 7361/7361
f 7371/7371 7372/7372 7373/7373
f 7373/7373 7374/7374 7371/7371
f 7371/7371 7376/7376 7372/7372
f 7373/7373 7375/7375 7374/7374
f 7379/7379 7380/7380 7381/7381
f 7384/7384 7380/7380 7379/7379
f 7379/7379 7385/7385 7384/7384
f 7390/7390 7391/7391 7379/7379
f 7379/7379 7381/7381 7390/7390
f 7385/7385 7379/7379 7391/7391
f 7380/7380 7384/7384 7386/7386
f 7386/7386 7387/7387 7380/7380
f 7381/7381 7380/7380 7382/7382
f 7382/7382 7380/7380 7387/7387
f 7387/7387 7388/7388 7382/7382
f 7382/7382 7383/7383 7381/7381
f 7383/7383 7382/7382 7388/7388
f 7388/7388 7389/7389 7383/7383
f 7381/7381 7383/7383 7389/7389
f 7389/7389 7390/7390 7381/7381
f 7391/7391 7392/7392 7385/7385
f 7393/7393 7394/7394 7395/7395
f 7395/7395 7396/7396 7393/7393
f 7397/7397 7398/7398 7399/7399
f 7397/7397 7399/7399 7407/7407
f 7407/7407 7408/7408 7397/7397
f 7397/7397 7409/7409 7410/7410
f 7409/7409 7397/7397 7408/7408
f 7397/7397 7410/7410 7398/7398
f 7399/7399 7398/7398 7423/7423
f 7421/7421 7407/7407 7399/7399
f 7399/7399 7422/7422 7421/7421
f 7423/7423 7422/7422 7399/7399
f 7401/7401 7422/7422 7423/7423
f 7423/7423 7402/7402 7401/7401
f 7428/7428 7421/7421 7422/7422
f 7422/7422 7401/7401 7428/7428
f 7400/7400 7401/7401 7402/7402
f 7427/7427 7428/7428 7401/7401
f 7401/7401 7400/7400 7427/7427
f 7402/7402 7499/7499 7415/7415
f 7400/7400 7402/7402 7415/7415
f 7400/7400 7415/7415 7416/7416
f 7426/7426 7427/7427 7400/7400
f 7400/7400 7416/7416 7426/7426
f 7408/7408 7411/7411 7409/7409
f 7403/7403 7404/7404 7405/7405
f 7405/7405 7406/7406 7403/7403
f 7413/7413 7403/7403 7406/7406
f 7404/7404 7403/7403 7430/7430
f 7403/7403 7431/7431 7430/7430
f 7403/7403 7413/7413 7424/7424
f 7424/7424 7431/7431 7403/7403
f 7404/7404 7419/7419 7405/7405
f 7417/7417 7418/7418 7419/7419
f 7417/7417 7419/7419 7404/7404
f 7404/7404 7429/7429 7417/7417
f 7430/7430 7429/7429 7404/7404
f 7424/7424 7413/7413 7420/7420
f 7420/7420 7425/7425 7424/7424
f 7420/7420 7413/7413 7412/7412
f 7412/7412 7413/7413 7414/7414
f 7406/7406 7414/7414 7413/7413
f 7432/7432 7433/7433 7434/7434
f 7456/7456 7432/7432 7454/7454
f 7432/7432 7434/7434 7462/7462
f 7462/7462 7454/7454 7432/7432
f 7454/7454 7455/7455 7456/7456
f 7455/7455 7458/7458 7456/7456
f 7457/7457 7458/7458 7455/7455
f 7455/7455 7459/7459 7457/7457
f 7459/7459 7466/7466 7457/7457
f 7466/7466 7459/7459 7464/7464
f 7464/7464 7465/7465 7466/7466
f 7435/7435 7436/7436 7437/7437
f 7442/7442 7443/7443 7435/7435
f 7435/7435 7444/7444 7442/7442
f 7435/7435 7443/7443 7467/7467
f 7467/7467 7436/7436 7435/7435
f 7445/7445 7442/7442 7446/7446
f 7446/7446 7442/7442 7444/7444
f 7446/7446 7447/7447 7445/7445
f 7447/7447 7461/7461 7445/7445
f 7477/7477 7445/7445 7461/7461
f 7461/7461 7476/7476 7477/7477
f 7438/7438 7439/7439 7440/7440
f 7440/7440 7441/7441 7438/7438
f 7438/7438 7452/7452 7453/7453
f 7453/7453 7439/7439 7438/7438
f 7439/7439 7463/7463 7440/7440
f 7468/7468 7453/7453 7452/7452
f 7452/7452 7469/7469 7468/7468
f 7448/7448 7449/7449 7450/7450
f 7450/7450 7451/7451 7448/7448
f 7451/7451 7460/7460 7448/7448
f 7501/7501 7502/7502 7448/7448
f 7460/7460 7501/7501 7448/7448
f 7451/7451 7500/7500 7460/7460
f 7470/7470 7471/7471 7472/7472
f 7472/7472 7473/7473 7470/7470
f 7470/7470 7473/7473 7475/7475
f 7472/7472 7471/7471 7474/7474
f 7478/7478 7479/7479 7480/7480
f 7483/7483 7484/7484 7478/7478
f 7478/7478 7480/7480 7483/7483
f 7489/7489 7479/7479 7478/7478
f 7478/7478 7490/7490 7489/7489
f 7490/7490 7478/7478 7484/7484
f 7485/7485 7483/7483 7480/7480
f 7481/7481 7480/7480 7479/7479
f 7480/7480 7486/7486 7485/7485
f 7486/7486 7480/7480 7481/7481
f 7479/7479 7482/7482 7481/7481
f 7481/7481 7487/7487 7486/7486
f 7487/7487 7481/7481 7482/7482
f 7482/7482 7488/7488 7487/7487
f 7488/7488 7482/7482 7479/7479
f 7479/7479 7489/7489 7488/7488
f 7484/7484 7491/7491 7490/7490
f 7492/7492 7493/7493 7494/7494
f 7494/7494 7495/7495 7492/7492
