mtllib sedan.mtl
o sedan-body
usemtl body-24
v -0.1681540 0.8022699 -1.5194126
v -0.0000002 0.8021635 -1.5204664
v -0.0000002 0.7698923 -1.7002209
v -0.1663290 0.7698467 -1.6981190
v -0.3890332 0.7694145 -1.6914305
v -0.3954743 0.8011606 -1.5178503
v -0.6296131 0.7502898 -1.6651304
v -0.6394386 0.7802505 -1.5145721
v -0.4799530 0.7855962 -1.5168389
v -0.4408715 0.7518725 -1.6895307
v -0.6518881 0.8128777 -1.2598932
v -0.6588920 0.8320661 -1.0491071
v -0.5683471 0.8351033 -1.0565469
v -0.5303232 0.8172543 -1.2617943
v -0.1708996 0.8303920 -1.2643651
v -0.4019719 0.8290555 -1.2638007
v -0.4070624 0.8435440 -1.0627510
v -0.1730617 0.8449296 -1.0675747
v -0.0000001 0.8449899 -1.0669074
v -0.0000001 0.8303902 -1.2643904
v -0.2221874 1.2562469 0.3539935
v -0.2224533 1.2542925 0.0130529
v -0.5079193 1.2367148 0.0292102
v -0.5083200 1.2379418 0.3463589
v 0.0000000 1.2623955 0.3542596
v -0.0000000 1.2603918 0.0092883
v -0.2804035 0.8668378 1.4759447
v 0.0000001 0.8673030 1.4787706
v 0.0000001 0.8745848 1.4118954
v -0.2817200 0.8739367 1.4107812
v -0.6391124 0.8650326 1.4006799
v -0.6308930 0.8571845 1.4699443
v 0.0000001 0.8185790 1.8855424
v -0.2581176 0.8180369 1.8810692
v 0.0000001 0.7564748 1.9946684
v -0.1537537 0.7564746 1.9943893
v -0.1593691 0.6624733 2.0005015
v 0.0000001 0.6624687 2.0015406
v -0.6373855 0.6624903 1.8119819
v -0.6310165 0.6979953 1.8200491
v -0.6402900 0.6997126 1.7861829
v -0.6476772 0.6624918 1.7766489
v -0.7260138 0.5450231 1.5179556
v -0.6497193 0.5450380 1.7843561
v -0.6473090 0.5793722 1.7924331
v -0.7301173 0.5787723 1.4972028
v -0.7296410 0.3478216 0.6502045
v -0.7442286 0.5287495 0.6544385
v -0.7501215 0.5280127 0.2148687
v -0.7356257 0.3478216 0.2125860
v -0.7240077 0.2576952 0.2114441
v -0.7179354 0.2576477 0.6492046
v -0.5082960 1.2377840 0.6677845
v -0.2222004 1.2561255 0.6684555
v -0.5079869 1.2356467 0.8789262
v -0.2225747 1.2530205 0.8780601
v 0.0000000 1.2622804 0.6683494
v 0.0000001 1.2591274 0.8769434
v -0.7456032 0.5305100 -0.7925817
v -0.7304130 0.3478215 -0.7859618
v -0.7352353 0.3478216 -0.2148965
v -0.7495402 0.5279066 -0.2137108
v -0.7177991 0.2569493 -0.7778693
v -0.7237170 0.2577030 -0.2154899
v -0.6312299 0.7214739 -1.7464976
v -0.6308497 0.7074247 -1.7608378
v -0.6551840 0.7137987 -1.7260125
v -0.4100836 0.7146385 -1.8363769
v -0.3989141 0.6961243 -1.8700586
v -0.4454648 0.6983971 -1.8488678
v -0.6767552 0.7230855 -1.6532141
v -0.6658098 0.7389914 -1.6550335
v -0.6367309 0.7492119 -1.6629383
v -0.4990064 0.7174599 -1.8017945
v -0.5240938 1.2081044 -0.1532441
v -0.5940495 1.0483969 -0.4746995
v -0.6192823 1.0506787 -0.4552226
v -0.5443125 1.2049597 -0.1470356
v -0.5525709 1.2087611 -0.0645750
v -0.5140330 1.2325335 -0.0703142
v -0.5610149 1.1943416 -0.1325391
v -0.5535633 1.2108013 0.0403555
v -0.5146553 1.2345015 0.0269287
v -0.2229299 1.2506959 -0.0916290
v -0.5069021 1.2349281 -0.0676539
v -0.2274221 1.2169242 -0.1777102
v -0.5159640 1.2121108 -0.1470760
v -0.5635765 1.1852718 0.9743226
v -0.5228719 1.2062054 1.0055685
v -0.5143678 1.2300297 0.9528686
v -0.5526736 1.2042179 0.9338512
v -0.2271056 1.2143476 1.0183203
v -0.2232347 1.2475031 0.9598053
v -0.5073358 1.2322936 0.9519120
v -0.5149696 1.2103175 1.0017500
v -0.5147370 1.2334483 0.8797947
v -0.5527042 1.2106341 0.8467219
v -0.6342548 1.0510851 1.0906833
v -0.6137586 1.0586497 1.1392169
v -0.5825998 1.0563590 1.1675651
v -0.5650951 0.7707994 1.9287809
v -0.5468475 0.7759633 1.9309057
v -0.5514375 0.7930398 1.9016498
v -0.5768106 0.7824099 1.9011053
v -0.5399174 0.7765791 1.9337406
v -0.3552157 0.7797603 1.9682385
v -0.3562393 0.7995926 1.9367583
v -0.5441112 0.7942766 1.9034423
v -0.5556493 0.8101861 1.8472014
v -0.5632185 0.8087095 1.8456709
v -0.5970181 0.7989504 1.8412549
v -0.6000218 0.7560564 1.8917411
v -0.5792067 0.7558968 1.9251004
v -0.6204198 0.7716102 1.8356104
v -0.5494442 0.7547133 1.9436468
v -0.5428276 0.7546504 1.9466131
v -0.4511821 0.7554279 1.9646208
v -0.2895904 0.7341323 -1.8432380
v -0.3811595 0.7344467 -1.8341567
v -0.0000002 0.7338658 -1.8616433
v -0.1653818 0.7337059 -1.8555568
v -0.1652173 0.7145359 -1.9062707
v -0.0000002 0.7145576 -1.9142717
v -0.6802866 0.7665780 -1.5116646
v -0.6465264 0.7787689 -1.5142897
v -0.7073580 0.7332758 -1.5089546
v -0.7475431 0.6836725 -1.2634558
v -0.7525449 0.6744071 -1.1645772
v -0.7383165 0.7374099 -1.1742863
v -0.7325857 0.7248157 -1.3172222
v -0.7555305 0.6445623 -1.0441568
v -0.7422419 0.7460160 -1.0042352
v -0.7211947 0.7635167 -1.2507330
v -0.7259208 0.7884769 -1.0171640
v -0.6985424 0.8206237 -1.0341355
v -0.6933096 0.7987075 -1.2564918
v -0.6659960 0.8306240 -1.0481875
v -0.6589683 0.8113921 -1.2594855
v -0.0000000 1.2566708 -0.0961895
v -0.0000000 1.2172431 -0.1844093
v -0.6685396 0.8515666 -0.8378564
v -0.6961850 0.8567530 -0.8068289
v -0.7128234 0.8472633 -0.7653384
v -0.6356668 1.0452320 -0.4278441
v 0.0000001 1.2146561 1.0197716
v 0.0000001 1.2534394 0.9604493
v -0.5545929 1.2110895 0.3312486
v -0.5150620 1.2357228 0.3450435
v -0.6846866 0.9146484 1.2068741
v -0.6700507 0.9053007 1.2765737
v -0.6393779 0.8990948 1.3128445
v -0.1534933 0.7802335 1.9786712
v -0.3561532 0.7562383 1.9833917
v 0.0000001 0.7802337 1.9787480
v -0.1540029 0.8003838 1.9469380
v 0.0000001 0.8003838 1.9469461
v -0.6746879 0.8452721 1.4567216
v -0.6379897 0.8556816 1.4690717
v -0.6462733 0.8637983 1.3988106
v -0.6803272 0.8575901 1.3743356
v -0.6996167 0.8145094 1.4395783
v -0.7061590 0.8313069 1.3400989
v -0.7324605 0.7588983 1.2537655
v -0.7199659 0.7373504 1.4113469
v -0.5540820 1.2111459 0.6660181
v -0.5150355 1.2355604 0.6676335
v -0.6690320 0.8492862 -0.8473447
v -0.6681239 0.8399247 -0.9143604
v -0.6995355 0.8356973 -0.8857179
v -0.6973583 0.8537609 -0.8160486
v -0.7268406 0.8173541 -0.7892440
v -0.7270688 0.8095753 -0.8489573
v -0.7466866 0.7563775 -0.7995024
v -0.6966184 0.8805156 1.2271029
v -0.7040512 0.8511294 1.2730368
v -0.6799250 0.8744481 1.3235425
v -0.7150715 0.8286364 1.1754633
v -0.6474675 0.8709013 1.3594436
v -0.2820008 0.8782452 1.3840198
v -0.6403128 0.8709501 1.3664717
v -0.2817109 0.8814689 1.3758327
v -0.2785160 0.9051411 1.3405470
v -0.6327146 0.8995478 1.3157251
v -0.6398260 0.8740294 1.3581760
v 0.0000001 0.8788977 1.3850516
v 0.0000001 0.8821456 1.3768800
v 0.0000001 0.9057479 1.3421828
v -0.7375177 0.3478216 0.8696607
v -0.7571462 0.4643292 0.9020494
v -0.7453183 0.4936982 0.8671866
v -0.7263052 0.3478216 0.8147307
v -0.7299189 0.3478215 -0.8249329
v -0.7452576 0.5322513 -0.8622535
v -0.7519345 0.4894737 -0.9134584
v -0.7317637 0.3478216 -0.8751623
v -0.7302996 0.3478215 -0.7928825
v -0.7455711 0.5306794 -0.7995037
v -0.7726868 0.5580722 -1.0082904
v -0.7576739 0.5726566 -0.9646364
v -0.7718781 0.6125105 -1.0802750
v -0.7918588 0.5865041 -1.0947173
v -0.7924869 0.5368923 -1.0300627
v -0.7840518 0.4645451 -0.9798793
v -0.7658532 0.4793065 -0.9532613
v -0.7683799 0.6463604 -1.1667627
v -0.7637836 0.6581393 -1.2588243
v -0.7851827 0.6291165 -1.2538026
v -0.7890700 0.6179415 -1.1712824
v -0.7596798 0.6463650 -1.3475310
v -0.7432619 0.6718952 -1.3565381
v -0.7360859 0.6396513 -1.4594871
v -0.7555735 0.6125360 -1.4289648
v -0.7772486 0.5865041 -1.4128880
v -0.7812589 0.6179414 -1.3363233
v -0.7410825 0.3478216 -0.9127144
v -0.7544053 0.3478216 -0.9440362
v -0.7487984 0.5647205 1.4676073
v -0.7278336 0.6477112 1.4278502
v -0.7547233 0.6200252 1.3964116
v -0.7768673 0.5936114 1.3796749
v -0.7705408 0.5431049 1.4447755
v -0.7450412 0.6486242 0.9939065
v -0.7697753 0.6199928 1.0412288
v -0.7531779 0.6626678 1.0396061
v -0.7670984 0.6541679 1.1304559
v -0.7901227 0.5936115 1.0555764
v -0.7880199 0.6256345 1.1335684
v -0.7846952 0.6370178 1.2176260
v -0.7631457 0.6659614 1.2249806
v -0.7466662 0.6998170 1.2343057
v -0.7512333 0.6888480 1.1285712
v -0.7423874 0.6883166 1.3293821
v -0.7592632 0.6541764 1.3145848
v -0.7811304 0.6256345 1.3016837
v -0.7366455 0.6625069 1.4032528
v -0.7508589 0.3478217 0.9015596
v -0.7756876 0.4511881 0.9319452
v -0.7509697 0.5581505 -1.4992083
v -0.7730229 0.5357782 -1.4773862
v -0.7325726 0.5712855 -1.5320966
v -0.7698299 0.5646327 0.9675215
v -0.7532852 0.5785223 0.9278010
v -0.7900222 0.5430755 0.9897182
v -0.7521066 0.5782266 0.9187756
v -0.7447424 0.6484867 0.9857536
v -0.7436551 0.6460451 0.6589272
v -0.7443511 0.4933998 0.8591292
v -0.7497406 0.6460369 0.2163641
v -0.7438369 0.6451118 -0.7995033
v -0.7424268 0.6434748 -0.9041484
v -0.7388395 0.5402649 -1.5315669
v -0.7028931 0.6048002 -1.6190377
v -0.6827603 0.5402492 -1.6813798
v -0.3642191 0.6118649 -1.9161034
v -0.3400858 0.5403244 -1.9320721
v -0.3517171 0.5403245 -1.9266423
v -0.3763181 0.6120165 -1.9105924
v -0.7569575 0.7072806 0.2171400
v -0.7508311 0.7080287 0.6585615
v -0.7477438 0.7588983 0.6577844
v -0.7511351 0.7588982 0.2177942
v -0.7559388 0.6617260 -0.7925817
v -0.7612975 0.6627305 -0.2128268
v -0.7505863 0.7588982 -0.2049380
v -0.7468199 0.7567296 -0.7925450
v -0.7450412 0.6486242 0.9939065
v -0.7531779 0.6626678 1.0396061
v -0.7521522 0.6626883 0.9932878
v -0.7367317 0.7588983 1.1241543
v -0.7203486 0.8213327 0.9924576
v -0.7350077 0.7588983 0.9932886
v -0.7138082 0.6835778 -1.5149595
v -0.5804031 0.8427771 -0.9301633
v -0.6609627 0.8410601 -0.9163790
v -0.4092360 0.8469504 -0.9692356
v -0.1737700 0.8473249 -0.9953317
v -0.0000001 0.8471249 -1.0022418
v -0.7459299 0.5449857 1.4813141
v -0.7541707 0.6595286 -0.9085681
v -0.7558333 0.6615949 -0.7995033
v -0.7447424 0.6484867 0.9857536
v -0.7520991 0.6626905 0.9863666
v -0.7558603 0.6627311 0.6592529
v -0.7436551 0.6460451 0.6589272
v -0.7619827 0.6627302 0.2165755
v -0.7497406 0.6460369 0.2163641
v -0.7424268 0.6434748 -0.9041484
v -0.7541707 0.6595286 -0.9085681
v -0.7555305 0.6445623 -1.0441568
v -0.7438369 0.6451118 -0.7995033
v -0.7558333 0.6615949 -0.7995033
v -0.7150300 0.8426019 -0.7708416
v -0.7311484 0.8196123 0.6555552
v -0.7368199 0.8191382 0.2185574
v -0.3918164 0.6624784 1.9819330
v -0.6374277 0.6458817 1.8080597
v -0.6225853 0.7467218 1.8355745
v -0.6269435 0.7114108 1.8306761
v -0.6034276 0.7164742 1.8919705
v -0.5823399 0.7159268 1.9256889
v -0.5521611 0.7156291 1.9446500
v -0.1600565 0.6476191 1.9946113
v 0.0000001 0.6476278 1.9957573
v 0.0000001 0.6624687 2.0015406
v -0.1593691 0.6624733 2.0005015
v -0.3918164 0.6624784 1.9819330
v -0.3897128 0.6476231 1.9768281
v -0.7521522 0.6626883 0.9932878
v -0.6252046 0.7058984 -1.7616320
v -0.6308497 0.7074247 -1.7608378
v -0.6312299 0.7214739 -1.7464976
v -0.6257451 0.7182124 -1.7489636
v -0.6257451 0.7182124 -1.7489636
v -0.6251468 0.7214620 -1.7527380
v -0.6254127 0.7071832 -1.7669508
v -0.6252046 0.7058984 -1.7616320
v -0.6367309 0.7492119 -1.6629383
v -0.6319634 0.7454658 -1.6640986
v -0.6319634 0.7454658 -1.6640986
v -0.6296131 0.7502898 -1.6651304
v -0.5240938 1.2081044 -0.1532441
v -0.5190279 1.2058662 -0.1490955
v -0.5896833 1.0441730 -0.4747710
v -0.5940495 1.0483969 -0.4746995
v -0.5140330 1.2325335 -0.0703142
v -0.5091912 1.2298402 -0.0665287
v -0.5146553 1.2345015 0.0269287
v -0.5099867 1.2315671 0.0293779
v -0.5099867 1.2315671 0.0293779
v -0.5079193 1.2367148 0.0292102
v -0.5069021 1.2349281 -0.0676539
v -0.5091912 1.2298402 -0.0665287
v -0.5159640 1.2121108 -0.1470760
v -0.5190279 1.2058662 -0.1490955
v -0.5095430 1.2273072 0.9505545
v -0.5143678 1.2300297 0.9528686
v -0.5228719 1.2062054 1.0055685
v -0.5178951 1.2040944 1.0028446
v -0.5178951 1.2040944 1.0028446
v -0.5149696 1.2103175 1.0017500
v -0.5073358 1.2322936 0.9519120
v -0.5095430 1.2273072 0.9505545
v -0.5079869 1.2356467 0.8789262
v -0.5100621 1.2305059 0.8787800
v -0.5100621 1.2305059 0.8787800
v -0.5147370 1.2334483 0.8797947
v -0.5825998 1.0563590 1.1675651
v -0.5780062 1.0530251 1.1660869
v -0.5472330 0.7895977 1.9003936
v -0.5514375 0.7930398 1.9016498
v -0.5468475 0.7759633 1.9309057
v -0.5425394 0.7730036 1.9293915
v -0.5425394 0.7730036 1.9293915
v -0.5399174 0.7765791 1.9337406
v -0.5441112 0.7942766 1.9034423
v -0.5472330 0.7895977 1.9003936
v -0.5556493 0.8101861 1.8472014
v -0.5589385 0.8051457 1.8450073
v -0.5589385 0.8051457 1.8450073
v -0.5632185 0.8087095 1.8456709
v -0.5494442 0.7547133 1.9436468
v -0.5448183 0.7532272 1.9411261
v -0.5448183 0.7532272 1.9411261
v -0.5428276 0.7546504 1.9466131
v -0.6420143 0.7750613 -1.5138363
v -0.6394386 0.7802505 -1.5145721
v -0.6465264 0.7787689 -1.5142897
v -0.6420143 0.7750613 -1.5138363
v -0.6544561 0.8076453 -1.2591982
v -0.6589683 0.8113921 -1.2594855
v -0.6659960 0.8306240 -1.0481875
v -0.6614872 0.8268088 -1.0485908
v -0.6614872 0.8268088 -1.0485908
v -0.6588920 0.8320661 -1.0491071
v -0.6518881 0.8128777 -1.2598932
v -0.6544561 0.8076453 -1.2591982
v -0.6646017 0.8457235 -0.8432634
v -0.6685396 0.8515666 -0.8378564
v -0.5150620 1.2357228 0.3450435
v -0.5103570 1.2327802 0.3462271
v -0.5103570 1.2327802 0.3462271
v -0.5083200 1.2379418 0.3463589
v -0.6393779 0.8990948 1.3128445
v -0.6348356 0.8953939 1.3122087
v -0.6334197 0.8519418 1.4692325
v -0.6308930 0.8571845 1.4699443
v -0.6391124 0.8650326 1.4006799
v -0.6417049 0.8598394 1.3995779
v -0.6417049 0.8598394 1.3995779
v -0.6462733 0.8637983 1.3988106
v -0.6379897 0.8556816 1.4690717
v -0.6334197 0.8519418 1.4692325
v -0.5103304 1.2326215 0.6677396
v -0.5082960 1.2377840 0.6677845
v -0.5150355 1.2355604 0.6676335
v -0.5103304 1.2326215 0.6677396
v -0.6646017 0.8457235 -0.8432634
v -0.6636555 0.8358369 -0.9155125
v -0.6681239 0.8399247 -0.9143604
v -0.6690320 0.8492862 -0.8473447
v -0.6474675 0.8709013 1.3594436
v -0.6428932 0.8668512 1.3597995
v -0.6403128 0.8709501 1.3664717
v -0.6428932 0.8668512 1.3597995
v -0.6428932 0.8668512 1.3597995
v -0.6398260 0.8740294 1.3581760
v -0.6327146 0.8995478 1.3157251
v -0.6348356 0.8953939 1.3122087
v -0.6636555 0.8358369 -0.9155125
v -0.6609627 0.8410601 -0.9163790
v -0.4075773 0.6495214 -1.8912946
v -0.4327014 0.6625825 -1.8780290
v -0.4251103 0.6726099 -1.8801881
v -0.3870135 0.6718988 -1.8977766
v -0.6884386 0.6963138 -1.6420536
v -0.6942912 0.8972286 1.1624504
v -0.7005307 0.8811203 1.1451969
v -0.7261634 0.3478216 0.8075296
v -0.7140513 0.2573446 0.7913349
v -0.5574779 1.2043069 -0.0628408
v -0.5535160 1.2050179 -0.0634959
v -0.5613799 1.1908904 -0.1301450
v -0.5652835 1.1904465 -0.1287908
v -0.6386399 1.0443751 -0.4183623
v -0.6356607 1.0427419 -0.4238146
v -0.5613799 1.1908904 -0.1301450
v -0.5535160 1.2050179 -0.0634959
v -0.5525709 1.2087611 -0.0645750
v -0.5610149 1.1943416 -0.1325391
v -0.6356607 1.0427419 -0.4238146
v -0.6356668 1.0452320 -0.4278441
v -0.7128234 0.8472633 -0.7653384
v -0.7128778 0.8429649 -0.7649584
v -0.7128778 0.8429649 -0.7649584
v -0.7162521 0.8419232 -0.7626381
v -0.5557153 1.2071896 0.3300642
v -0.5545929 1.2110895 0.3312486
v -0.5535633 1.2108013 0.0403555
v -0.5545531 1.2069267 0.0382577
v -0.5550687 1.2072760 0.6658826
v -0.5540820 1.2111459 0.6660181
v -0.5535899 1.2070165 0.8447008
v -0.5527042 1.2106341 0.8467219
v -0.7466866 0.7563775 -0.7995024
v -0.7414340 0.7559852 -0.7959664
v -0.7241791 0.8169182 -0.7851198
v -0.7268406 0.8173541 -0.7892440
v -0.7453183 0.4936982 0.8671866
v -0.7416719 0.4937130 0.8634938
v -0.7232388 0.3478216 0.8111579
v -0.7263052 0.3478216 0.8147307
v -0.7302996 0.3478215 -0.7928825
v -0.7275130 0.3478215 -0.7893795
v -0.7427723 0.5306626 -0.7960223
v -0.7455711 0.5306794 -0.7995037
v -0.7532852 0.5785223 0.9278010
v -0.7495697 0.5782095 0.9237034
v -0.7450412 0.6486242 0.9939065
v -0.7420362 0.6490413 0.9899696
v -0.7521066 0.5782266 0.9187756
v -0.7495697 0.5782095 0.9237034
v -0.7420362 0.6490413 0.9899696
v -0.7447424 0.6484867 0.9857536
v -0.7443511 0.4933998 0.8591292
v -0.7416719 0.4937130 0.8634938
v -0.7411895 0.6459894 -0.7960260
v -0.7438369 0.6451118 -0.7995033
v -0.7520991 0.6626905 0.9863666
v -0.7493025 0.6631853 0.9898595
v -0.7440063 0.7084437 0.9863675
v -0.7558333 0.6615949 -0.7995033
v -0.7531585 0.6623646 -0.7960080
v -0.7493025 0.6631853 0.9898595
v -0.7420362 0.6490413 0.9899696
v -0.7450412 0.6486242 0.9939065
v -0.7521522 0.6626883 0.9932878
v -0.7447424 0.6484867 0.9857536
v -0.7420362 0.6490413 0.9899696
v -0.7411895 0.6459894 -0.7960260
v -0.7531585 0.6623646 -0.7960080
v -0.7128778 0.8429649 -0.7649584
v -0.7150300 0.8426019 -0.7708416
v -0.7350077 0.7588983 0.9932886
v -0.7322010 0.7583386 0.9898080
v -0.7493025 0.6631853 0.9898595
v -0.7521522 0.6626883 0.9932878
v -0.7559388 0.6617260 -0.7925817
v -0.7531585 0.6623646 -0.7960080
v -0.7411895 0.6459894 -0.7960260
v -0.7439302 0.6452201 -0.7925817
v -0.7468199 0.7567296 -0.7925450
v -0.7414340 0.7559852 -0.7959664
v -0.7531585 0.6623646 -0.7960080
v -0.7559388 0.6617260 -0.7925817
v -0.7439302 0.6452201 -0.7925817
v -0.7411895 0.6459894 -0.7960260
v -0.7427723 0.5306626 -0.7960223
v -0.7456032 0.5305100 -0.7925817
v -0.7304130 0.3478215 -0.7859618
v -0.7275130 0.3478215 -0.7893795
v -0.7143649 0.2530190 -0.7808348
v -0.7177991 0.2569493 -0.7778693
v -0.7241791 0.8169182 -0.7851198
v -0.7269469 0.8178875 -0.7817233
v -0.5589782 1.2064591 0.6657332
v -0.5574922 1.2061761 0.8416292
v -0.5535899 1.2070165 0.8447008
v -0.5550687 1.2072760 0.6658826
v -0.5557153 1.2071896 0.3300642
v -0.5595076 1.2064237 0.3324207
v -0.5584244 1.2061513 0.0344718
v -0.5595010 1.2064195 0.3241776
v -0.5557153 1.2071896 0.3300642
v -0.5545531 1.2069267 0.0382577
v -0.7181892 0.8193491 0.9897876
v -0.7211666 0.8195224 0.9860263
v -0.7350820 0.7588983 0.9863683
v -0.7322010 0.7583386 0.9898080
v -0.7261634 0.3478216 0.8075296
v -0.7232388 0.3478216 0.8111579
v -0.7105600 0.2534227 0.7940971
v -0.7140513 0.2573446 0.7913349
v -0.7203486 0.8213327 0.9924576
v -0.7181892 0.8193491 0.9897876
v -0.6685396 0.8515666 -0.8378564
v -0.6646017 0.8457235 -0.8432634
v -0.6956546 0.8526860 -0.8103433
v -0.6961850 0.8567530 -0.8068289
v -0.6973583 0.8537609 -0.8160486
v -0.6956546 0.8526860 -0.8103433
v -0.7150300 0.8426019 -0.7708416
v -0.7128778 0.8429649 -0.7649584
v -0.5674484 1.1900177 0.8300750
v -0.5574922 1.2061761 0.8416292
v -0.5589782 1.2064591 0.6657332
v -0.5684415 1.1902700 0.6648770
v -0.5595076 1.2064237 0.3324207
v -0.5688794 1.1906098 0.3597624
v -0.5687420 1.1907229 0.2813411
v -0.5595010 1.2064195 0.3241776
v -0.5584244 1.2061513 0.0344718
v -0.5672970 1.1911114 0.0230694
v -0.6386399 1.0443751 -0.4183623
v -0.7162521 0.8419232 -0.7626381
v -0.7093061 0.8638907 -0.6808901
v -0.6442194 1.0433737 -0.3797210
v -0.7292583 0.8487434 0.2943720
v -0.7239453 0.8507444 0.6544687
v -0.7275534 0.8195799 0.7745736
v -0.7269469 0.8178875 -0.7817233
v -0.7362397 0.8186384 -0.1812046
v -0.7295932 0.8462542 -0.1680680
v -0.7178959 0.8432777 -0.6749273
v -0.7130789 0.8545017 0.9852549
v -0.5652835 1.1904465 -0.1287908
v -0.5731795 1.1753071 -0.1186095
v -0.5720121 1.1780153 0.9173944
v -0.5842249 1.1543114 0.9507194
v -0.5680413 1.1882969 0.8628547
v -0.6389397 1.0496550 1.0539447
v -0.6860346 0.9182527 1.1607974
v -0.5574779 1.2043069 -0.0628408
v -0.5667533 1.1893354 -0.0546010
v -0.7497987 0.6460368 0.2081210
v -0.7620409 0.6627302 0.2083325
v -0.7618793 0.6627303 0.1167202
v -0.7490667 0.6460352 -0.2129358
v -0.7501788 0.5280039 0.2066256
v -0.7497987 0.6460368 0.2081210
v -0.7356863 0.3478216 0.2043429
v -0.7240701 0.2576958 0.2032014
v -0.7365157 0.8188511 -0.0110498
v -0.7490667 0.6460352 -0.2129358
v -0.7612975 0.6627305 -0.2128268
v -0.7439302 0.6452201 -0.7925817
v -0.7295185 0.8485379 0.2208001
v -0.7295812 0.8484883 0.2123611
v -0.7298414 0.8482828 0.1495481
v -0.7368749 0.8191280 0.2103139
v -0.5688184 1.1906601 0.3249462
v -0.5688029 1.1906728 0.3161574
v -0.5676304 1.1894893 0.8470297
v -0.7139337 0.8531647 0.9696168
v -0.7143246 0.8525531 0.9525250
v -0.7211666 0.8195224 0.9860263
v -0.7134698 0.8538903 0.9781036
v -0.5678592 1.1888255 0.8558405
v -0.7179124 0.8518787 0.8476051
v -0.7113485 0.8531450 0.8480435
v -0.7173987 0.8520073 0.6543381
v -0.7239453 0.8507444 0.6544687
v -0.5674484 1.1900177 0.8300750
v -0.5684415 1.1902700 0.6648770
v -0.5651217 1.1846318 0.6647994
v -0.5641440 1.1843831 0.8271821
v -0.5688794 1.1906098 0.3597624
v -0.5655677 1.1849755 0.3624859
v -0.7292583 0.8487434 0.2943720
v -0.7226275 0.8500353 0.2994243
v -0.5687420 1.1907229 0.2813411
v -0.5672970 1.1911114 0.0230694
v -0.5640516 1.1854261 0.0231849
v -0.5654515 1.1850349 0.2762284
v -0.5667533 1.1893354 -0.0546010
v -0.5635251 1.1836706 -0.0539472
v -0.5731795 1.1753071 -0.1186095
v -0.5698300 1.1698969 -0.1169651
v -0.6442194 1.0433737 -0.3797210
v -0.6405277 1.0380525 -0.3776591
v -0.6681274 0.9617147 -0.5052467
v -0.7295932 0.8462542 -0.1680680
v -0.7229830 0.8474097 -0.1679790
v -0.7146989 0.8453018 -0.5269991
v -0.7297487 0.8475248 0.0482847
v -0.7130789 0.8545017 0.9852549
v -0.7005307 0.8811203 1.1451969
v -0.6940629 0.8821917 1.1431669
v -0.7062370 0.8562927 0.9876147
v -0.6942912 0.8972286 1.1624504
v -0.6885860 0.8963637 1.1583421
v -0.6860346 0.9182527 1.1607974
v -0.6813499 0.9146909 1.1568998
v -0.6389397 1.0496550 1.0539447
v -0.6347274 1.0453266 1.0507286
v -0.5842249 1.1543114 0.9507194
v -0.5803506 1.1497434 0.9477923
v -0.5720121 1.1780153 0.9173944
v -0.5685604 1.1726196 0.9156288
v -0.5680413 1.1882969 0.8628547
v -0.5649485 1.1818029 0.8681988
v -0.7315359 0.3478216 0.2084292
v -0.7356257 0.3478216 0.2125860
v -0.7501215 0.5280127 0.2148687
v -0.7460672 0.5281305 0.2107184
v -0.7240077 0.2576952 0.2114441
v -0.7188812 0.2546712 0.2072362
v -0.7497406 0.6460369 0.2163641
v -0.7458759 0.6472782 0.2122154
v -0.7569575 0.7072806 0.2171400
v -0.7511351 0.7588982 0.2177942
v -0.7496993 0.7581924 0.2136447
v -0.7530971 0.7067178 0.2129803
v -0.7619827 0.6627302 0.2165755
v -0.7580658 0.6637914 0.2124260
v -0.7368199 0.8191382 0.2185574
v -0.7328768 0.8181598 0.2144104
v -0.7368749 0.8191280 0.2103139
v -0.7511933 0.7588982 0.2095507
v -0.7496993 0.7581924 0.2136447
v -0.7328768 0.8181598 0.2144104
v -0.7570186 0.7072546 0.2088965
v -0.7530971 0.7067178 0.2129803
v -0.7580658 0.6637914 0.2124260
v -0.7620409 0.6627302 0.2083325
v -0.7497987 0.6460368 0.2081210
v -0.7458759 0.6472782 0.2122154
v -0.7501788 0.5280039 0.2066256
v -0.7460672 0.5281305 0.2107184
v -0.7356863 0.3478216 0.2043429
v -0.7315359 0.3478216 0.2084292
v -0.7240701 0.2576958 0.2032014
v -0.7188812 0.2546712 0.2072362
v -0.7295185 0.8485379 0.2208001
v -0.7256142 0.8472898 0.2165629
v -0.7256142 0.8472898 0.2165629
v -0.7295812 0.8484883 0.2123611
v -0.5595076 1.2064237 0.3324207
v -0.5557153 1.2071896 0.3300642
v -0.5652653 1.1885648 0.3205542
v -0.5688184 1.1906601 0.3249462
v -0.5595010 1.2064195 0.3241776
v -0.5688029 1.1906728 0.3161574
v -0.5652653 1.1885648 0.3205542
v -0.5557153 1.2071896 0.3300642
v -0.5574922 1.2061761 0.8416292
v -0.5676304 1.1894893 0.8470297
v -0.5641925 1.1870690 0.8513559
v -0.5535899 1.2070165 0.8447008
v -0.7097492 0.8523667 0.9737333
v -0.7139337 0.8531647 0.9696168
v -0.7134698 0.8538903 0.9781036
v -0.7097492 0.8523667 0.9737333
v -0.5641925 1.1870690 0.8513559
v -0.5678592 1.1888255 0.8558405
v -0.7093061 0.8638907 -0.6808901
v -0.7178959 0.8432777 -0.6749273
v -0.7116139 0.8445168 -0.6606969
v -0.7030441 0.8651381 -0.6666605
v -0.7350820 0.7588983 0.9863683
v -0.7308697 0.7872366 0.9104717
v -0.7371411 0.7588458 0.9195796
v -0.7511933 0.7588982 0.2095507
v -0.7434823 0.7907039 0.1318628
v -0.7510914 0.7588982 0.1400018
v -0.7440063 0.7084437 0.9863675
v -0.7397293 0.7381274 0.9105296
v -0.7413759 0.7296091 0.8897295
v -0.7458923 0.7083297 0.8959364
v -0.7570186 0.7072546 0.2088965
v -0.7532869 0.7393330 0.1318628
v -0.7542774 0.7302682 0.1098958
v -0.7569089 0.7068325 0.1122642
v -0.7371411 0.7588458 0.9195796
v -0.7308697 0.7872366 0.9104717
v -0.7003717 0.7550473 0.8665205
v -0.7295313 0.7957958 0.8897295
v -0.7307009 0.7965409 0.8454339
v -0.7331895 0.7885033 0.8242256
v -0.7403151 0.7591208 0.8144622
v -0.7424267 0.7378284 0.8238705
v -0.7427133 0.7293126 0.8454339
v -0.7413759 0.7296091 0.8897295
v -0.7397293 0.7381274 0.9105296
v -0.7510914 0.7588982 0.1400018
v -0.7434823 0.7907039 0.1318628
v -0.7121144 0.7567347 0.0877827
v -0.7413334 0.7995645 0.1098958
v -0.7412518 0.7995501 0.0656006
v -0.7433197 0.7906752 0.0436336
v -0.7509384 0.7588982 0.0354836
v -0.7531601 0.7393108 0.0436336
v -0.7542137 0.7302571 0.0656006
v -0.7542774 0.7302682 0.1098958
v -0.7532869 0.7393330 0.1318628
v -0.7415140 0.7590660 0.7758764
v -0.7483659 0.7081801 0.7773302
v -0.7508675 0.7588982 -0.0129668
v -0.7567652 0.7062806 -0.0141104
v -0.7618793 0.6627303 0.1167202
v -0.7620409 0.6627302 0.2083325
v -0.7619827 0.6627302 0.2165755
v -0.7558603 0.6627311 0.6592529
v -0.7520991 0.6626905 0.9863666
v -0.7322010 0.7583386 0.9898080
v -0.7350820 0.7588983 0.9863683
v -0.7255435 0.8195618 0.8411158
v -0.7179124 0.8518787 0.8476051
v -0.7366288 0.8189382 0.0586036
v -0.7297487 0.8475248 0.0482847
v -0.7433197 0.7906752 0.0436336
v -0.7412518 0.7995501 0.0656006
v -0.7509384 0.7588982 0.0354836
v -0.7531601 0.7393108 0.0436336
v -0.7424267 0.7378284 0.8238705
v -0.7403151 0.7591208 0.8144622
v -0.7331895 0.7885033 0.8242256
v -0.7307009 0.7965409 0.8454339
v -0.7427133 0.7293126 0.8454339
v -0.7470309 0.7082609 0.8413419
v -0.7238488 0.8195465 0.8972269
v -0.7295313 0.7957958 0.8897295
v -0.7143246 0.8525531 0.9525250
v -0.7079443 0.8537851 0.9470968
v -0.7542137 0.7302571 0.0656006
v -0.7568427 0.7065782 0.0540341
v -0.7617309 0.6627304 0.0326132
v -0.7617309 0.6627304 0.0326132
v -0.7367159 0.8190054 0.1123193
v -0.7413334 0.7995645 0.1098958
v -0.7297972 0.8479220 0.1159329
v -0.7297972 0.8479220 0.1159329
v -0.7298414 0.8482828 0.1495481
v -0.7232619 0.8494339 0.1467764
v -0.2274221 1.2169242 -0.1777102
v -0.2274725 1.2103309 -0.1799345
v -0.5190279 1.2058662 -0.1490955
v -0.5159640 1.2121108 -0.1470760
v -0.0000000 1.2172431 -0.1844093
v -0.0000000 1.2106617 -0.1866765
v -0.5149696 1.2103175 1.0017500
v -0.5178951 1.2040944 1.0028446
v -0.2272580 1.2079273 1.0194630
v -0.2271056 1.2143476 1.0183203
v 0.0000001 1.2082343 1.0209454
v 0.0000001 1.2146561 1.0197716
v -0.2820008 0.8782452 1.3840198
v -0.2819485 0.8737179 1.3775224
v -0.6428932 0.8668512 1.3597995
v -0.6403128 0.8709501 1.3664717
v -0.6398260 0.8740294 1.3581760
v -0.6428932 0.8668512 1.3597995
v -0.2819485 0.8737179 1.3775224
v -0.2817109 0.8814689 1.3758327
v 0.0000001 0.8788977 1.3850516
v 0.0000001 0.8743797 1.3785247
v 0.0000001 0.8743797 1.3785247
v 0.0000001 0.8821456 1.3768800
v -0.5477551 0.8387305 -1.0569653
v -0.5002052 0.8254856 -1.2622649
v -0.4498333 0.7993180 -1.5171034
v -0.4110625 0.7691777 -1.6888707
v -0.2877471 0.7146757 -1.8931696
v -0.4100836 0.7146385 -1.8363769
v -0.3811595 0.7344467 -1.8341567
v -0.3707837 0.7147704 -1.8842910
v -0.3989141 0.6961243 -1.8700586
v -0.3296563 0.6115917 -1.9439443
v -0.3055158 0.5403016 -1.9620606
v -0.3400858 0.5403244 -1.9320721
v -0.3642191 0.6118649 -1.9161034
v -0.5804031 0.8427771 -0.9301633
v -0.5477551 0.8387305 -1.0569653
v -0.5683471 0.8351033 -1.0565469
v -0.5002052 0.8254856 -1.2622649
v -0.5303232 0.8172543 -1.2617943
v -0.4498333 0.7993180 -1.5171034
v -0.4799530 0.7855962 -1.5168389
v -0.4110625 0.7691777 -1.6888707
v -0.4408715 0.7518725 -1.6895307
v -0.3611381 0.6923880 -1.9125821
v -0.3455970 0.6525028 -1.9280642
v -0.3752924 0.6410288 -1.9072004
v -0.3870135 0.6718988 -1.8977766
v -0.6298211 0.6799014 -1.7797214
v -0.6613419 0.6809835 -1.7241176
v -0.6782250 0.6982629 -1.6740636
v -0.6232807 0.6754346 -1.7815898
v -0.6298211 0.6799014 -1.7797214
v -0.6249847 0.6793583 -1.7858772
v -0.6232807 0.6754346 -1.7815898
v -0.7116139 0.8445168 -0.6606969
v -0.7178959 0.8432777 -0.6749273
v -0.7093061 0.8638907 -0.6808901
v -0.7030441 0.8651381 -0.6666605
v -0.3216447 0.5189829 -1.9814800
v -0.6198895 0.5189871 -1.8226032
v -0.3355974 0.5336668 -1.9277622
v -0.7449218 0.5224139 -1.5783239
v -0.7730229 0.5357782 -1.4773862
v -0.7332567 0.5331846 -1.5312379
v -0.6752820 0.5340984 -1.6840290
v -0.6878233 0.5189830 -1.7211908
v -0.6149337 0.5346342 -1.7943656
v -0.1650864 0.5189829 -2.0080936
v -0.3018213 0.5335055 -1.9574221
v -0.1643962 0.5332437 -1.9778492
v -0.6946845 0.4374145 -1.7284818
v -0.6858562 0.3747258 -1.7386149
v -0.7337001 0.3549995 -1.6198830
v -0.7449218 0.4526929 -1.5982017
v -0.7580049 0.3554845 -1.5572213
v -0.7657051 0.4530112 -1.5315738
v -0.6878233 0.5189830 -1.7211908
v -0.6878233 0.4663136 -1.7369840
v -0.7449218 0.5224139 -1.5783239
v -0.3216447 0.5189829 -1.9814800
v -0.3216447 0.4663136 -1.9972732
v -0.6198895 0.4663136 -1.8383972
v -0.6198895 0.5189871 -1.8226032
v -0.0000002 0.5189829 -2.0235725
v -0.0000002 0.4663136 -2.0393657
v -0.1650864 0.4663136 -2.0238872
v -0.1650864 0.5189829 -2.0080936
v -0.7730229 0.5357782 -1.4773862
v -0.6917055 0.6154344 -1.6598295
v -0.6752820 0.5340984 -1.6840290
v -0.7332567 0.5331846 -1.5312379
v -0.7388395 0.5402649 -1.5315669
v -0.6827603 0.5402492 -1.6813798
v -0.0000002 0.5402344 -1.9983066
v -0.0000002 0.5331494 -1.9933224
v -0.1643962 0.5332437 -1.9778492
v -0.1650881 0.5402664 -1.9829730
v -0.7730229 0.5357782 -1.4773862
v -0.3018213 0.5335055 -1.9574221
v -0.3055158 0.5403016 -1.9620606
v -0.2942013 0.5402988 -1.9637458
v -0.3355974 0.5336668 -1.9277622
v -0.3400858 0.5403244 -1.9320721
v -0.6858850 0.3377589 -1.7603856
v -0.7404959 0.3420278 -1.6232803
v -0.7337001 0.3549995 -1.6198830
v -0.6775197 0.3553831 -1.7552586
v -0.3167504 0.3556109 -2.0037029
v -0.3206328 0.3378754 -2.0102600
v -0.4992935 0.3555546 -1.9093970
v -0.0000002 0.3378891 -2.0500000
v -0.1645681 0.3378862 -2.0351786
v -0.1625746 0.3556049 -2.0286146
v -0.0000002 0.3555947 -2.0433588
v -0.7580049 0.3554845 -1.5572213
v -0.6179348 0.3378184 -1.8576382
v -0.6104502 0.3555203 -1.8519705
v -0.6775197 0.3553831 -1.7552586
v -0.6946845 0.4374145 -1.7284818
v -0.6867429 0.4384206 -1.7257701
v -0.6779553 0.3810317 -1.7358669
v -0.6858562 0.3747258 -1.7386149
v -0.3216447 0.4663136 -1.9972732
v -0.3177847 0.4635948 -1.9910760
v -0.6140424 0.4638579 -1.8331494
v -0.6198895 0.4663136 -1.8383972
v -0.0000002 0.4663136 -2.0393657
v -0.0000002 0.4633917 -2.0323751
v -0.1641476 0.4633917 -2.0169579
v -0.1650864 0.4663136 -2.0238872
v -0.6802640 0.4643835 -1.7336316
v -0.6878233 0.4663136 -1.7369840
v -0.6051497 0.3598205 -1.8470896
v -0.4953940 0.3601416 -1.9035166
v -0.4992935 0.3555546 -1.9093970
v -0.6104502 0.3555203 -1.8519705
v -0.3141247 0.3603270 -1.9973544
v -0.3167504 0.3556109 -2.0037029
v -0.1614475 0.3605533 -2.0218869
v -0.0000002 0.3605868 -2.0365332
v -0.0000002 0.3555947 -2.0433588
v -0.1625746 0.3556049 -2.0286146
v -0.6775197 0.3553831 -1.7552586
v -0.6700997 0.3612860 -1.7519046
v -0.6878233 0.4663136 -1.7369840
v -0.6802640 0.4643835 -1.7336316
v -0.6878861 0.6608155 -1.6587357
v -0.6905262 0.6399396 -1.6548152
v -0.6747338 0.6812713 -1.6866823
v -0.6812366 0.6758663 -1.6717458
v -0.3752924 0.6410288 -1.9072004
v -0.3913526 0.6358527 -1.9005535
v -0.4907447 0.6725286 -1.8500584
v -0.6249847 0.6793583 -1.7858772
v -0.6254127 0.7071832 -1.7669508
v -0.4945359 0.7007931 -1.8265294
v -0.6251468 0.7214620 -1.7527380
v -0.4600690 0.6732623 -1.8640484
v -0.4613225 0.6696139 -1.8639553
v -0.3509493 0.5337199 -1.9204305
v -0.3517171 0.5403245 -1.9266423
v -0.3517171 0.5403245 -1.9266423
v -0.3509493 0.5337199 -1.9204305
v -0.3782112 0.6117063 -1.9053075
v -0.3763181 0.6120165 -1.9105924
v -0.4075773 0.6495214 -1.8912946
v -0.4082076 0.6465147 -1.8869251
v -0.4331696 0.6592550 -1.8737763
v -0.4327014 0.6625825 -1.8780290
v -0.6298211 0.6799014 -1.7797214
v -0.6232807 0.6754346 -1.7815898
v -0.6583583 0.6771352 -1.7221834
v -0.6613419 0.6809835 -1.7241176
v -0.6917055 0.6154344 -1.6598295
v -0.6869951 0.6160888 -1.6617551
v -0.6752820 0.5340984 -1.6840290
v -0.6827603 0.5402492 -1.6813798
v -0.6878861 0.6608155 -1.6587357
v -0.6835433 0.6599015 -1.6601181
v -0.6858852 0.6399079 -1.6564649
v -0.6905262 0.6399396 -1.6548152
v -0.6710244 0.6776977 -1.6856607
v -0.6747338 0.6812713 -1.6866823
v -0.6772130 0.6728002 -1.6723494
v -0.6812366 0.6758663 -1.6717458
v -0.3902300 0.6308391 -1.8972550
v -0.3913526 0.6358527 -1.9005535
v -0.4888876 0.6686441 -1.8469476
v -0.6232807 0.6754346 -1.7815898
v -0.6249847 0.6793583 -1.7858772
v -0.4907447 0.6725286 -1.8500584
v -0.4607648 0.6658779 -1.8602279
v -0.4613225 0.6696139 -1.8639553
v -0.3055158 0.5403016 -1.9620606
v -0.3296563 0.6115917 -1.9439443
v -0.3172453 0.6115693 -1.9456977
v -0.2942013 0.5402988 -1.9637458
v -0.3455970 0.6525028 -1.9280642
v -0.3611381 0.6923880 -1.9125821
v -0.3306760 0.6760716 -1.9204856
v -0.3296919 0.6563236 -1.9287662
v -0.3158644 0.7063328 -1.9004564
v -0.3305336 0.7147245 -1.8885944
v -0.2546864 0.5402888 -1.9696302
v -0.3259259 0.6939627 -1.9107414
v -0.3707837 0.7147704 -1.8842910
v -0.7240077 0.2576952 0.2114441
v -0.7188812 0.2546712 0.2072362
v -0.7139600 0.2545005 0.6490903
v -0.7179354 0.2576477 0.6492046
v -0.7177991 0.2569493 -0.7778693
v -0.7143649 0.2530190 -0.7808348
v -0.7197491 0.2545533 -0.2155001
v -0.7237170 0.2577030 -0.2154899
v -0.7105600 0.2534227 0.7940971
v -0.7140513 0.2573446 0.7913349
v -0.7188812 0.2546712 0.2072362
v -0.7240701 0.2576958 0.2032014
v -0.1610077 0.5265992 2.0321580
v -0.1609255 0.5417635 2.0061354
v -0.3690238 0.5418041 1.9923568
v -0.3693298 0.5265991 2.0183819
v -0.5574138 0.5417424 1.9474661
v -0.5583669 0.5264818 1.9731859
v -0.6329073 0.5265991 1.9168683
v -0.6123239 0.5418288 1.8920505
v -0.6458049 0.5418236 1.7853357
v -0.6719011 0.5265992 1.7983625
v -0.5915280 0.5417943 1.9267149
v -0.6116709 0.5265991 1.9521254
v -0.7585191 0.5265991 1.5100035
v -0.7437586 0.5418179 1.4815957
v -0.7705408 0.5431049 1.4447755
v -0.7238100 0.5417519 1.5183531
v 0.0000002 0.5265991 2.0341611
v 0.0000001 0.5417569 2.0081418
v -0.1610077 0.5265992 2.0321580
v -0.3693298 0.5265991 2.0183819
v -0.3693299 0.4436112 2.0340836
v -0.1610077 0.4436112 2.0478597
v -0.5583669 0.5264818 1.9731859
v -0.5583669 0.4434939 1.9888876
v -0.6719011 0.5265992 1.7983625
v -0.7585191 0.5265991 1.5100035
v -0.7585191 0.4424318 1.5544468
v -0.6704727 0.4434219 1.8234333
v -0.6329073 0.5265991 1.9168683
v -0.6222891 0.4436112 1.9501990
v -0.6116709 0.5265991 1.9521254
v -0.7705408 0.5431049 1.4447755
v -0.7714481 0.4421160 1.4980917
v 0.0000002 0.4436111 2.0498629
v 0.0000002 0.5265991 2.0341611
v -0.3692472 0.3495605 2.0288701
v -0.1610029 0.3499216 2.0416112
v -0.1610040 0.3627180 2.0480573
v -0.3692636 0.3626435 2.0346950
v 0.0000002 0.3501925 2.0436617
v 0.0000002 0.3627291 2.0500000
v -0.7705408 0.5431049 1.4447755
v -0.7437586 0.5418179 1.4815957
v -0.7459299 0.5449857 1.4813141
v -0.7238100 0.5417519 1.5183531
v -0.7260138 0.5450231 1.5179556
v -0.4039895 0.6870738 1.9781260
v -0.4220805 0.7034311 1.9734324
v -0.5455593 0.7154341 1.9476685
v -0.5473786 0.7148925 1.9421155
v -0.5521611 0.7156291 1.9446500
v -0.5473786 0.7148925 1.9421155
v -0.6336606 0.7406972 1.7968524
v -0.6373855 0.6624903 1.8119819
v -0.6476772 0.6624918 1.7766489
v -0.6374277 0.6458817 1.8080597
v -0.5455593 0.7154341 1.9476685
v -0.4546321 0.7127510 1.9662280
v -0.6310165 0.6979953 1.8200491
v -0.6280719 0.6973014 1.8214841
v -0.6245847 0.7096492 1.8307047
v -0.6269435 0.7114108 1.8306761
v -0.6497193 0.5450380 1.7843561
v -0.6458049 0.5418236 1.7853357
v -0.6443367 0.5792312 1.7936787
v -0.6473090 0.5793722 1.7924331
v -0.6344885 0.6459815 1.8093674
v -0.6374277 0.6458817 1.8080597
v -0.5823399 0.7159268 1.9256889
v -0.5808513 0.7139975 1.9239927
v -0.5523403 0.7135980 1.9422028
v -0.5521611 0.7156291 1.9446500
v -0.1600565 0.6476191 1.9946113
v -0.1600274 0.6460709 1.9914026
v 0.0000002 0.6460850 1.9925576
v 0.0000001 0.6476278 1.9957573
v -0.3918164 0.6624784 1.9819330
v -0.3933671 0.6628965 1.9793455
v -0.3911495 0.6460820 1.9735459
v -0.3897128 0.6476231 1.9768281
v -0.3897128 0.6476231 1.9768281
v -0.3911495 0.6460820 1.9735459
v -0.6344885 0.6459815 1.8093674
v -0.6344193 0.6627370 1.8133010
v -0.6373855 0.6624903 1.8119819
v -0.6374277 0.6458817 1.8080597
v -0.6034276 0.7164742 1.8919705
v -0.6014235 0.7145715 1.8909877
v -0.4220805 0.7034311 1.9734324
v -0.4235082 0.7019408 1.9707159
v -0.4048611 0.6852336 1.9755416
v -0.4039895 0.6870738 1.9781260
v -0.5473786 0.7148925 1.9421155
v -0.5466531 0.7129025 1.9398911
v -0.5441506 0.7134799 1.9459030
v -0.5455593 0.7154341 1.9476685
v -0.5466531 0.7129025 1.9398911
v -0.5473786 0.7148925 1.9421155
v -0.6373855 0.6624903 1.8119819
v -0.6344193 0.6627370 1.8133010
v -0.4544647 0.7106709 1.9638502
v -0.4546321 0.7127510 1.9662280
v -0.3933671 0.6628965 1.9793455
v -0.3918164 0.6624784 1.9819330
v -0.6497193 0.5450380 1.7843561
v -0.6458049 0.5418236 1.7853357
v -0.3692636 0.3626435 2.0346950
v -0.1610040 0.3627180 2.0480573
v -0.4773384 0.3630859 2.0082030
v -0.7479146 0.3631106 1.5775832
v -0.6523603 0.3631701 1.8534434
v -0.6120092 0.3633634 1.9531122
v -0.5481289 0.3633737 1.9908410
v -0.7552207 0.3558866 1.5239519
v 0.0000002 0.3627291 2.0500000
v -0.4773384 0.3630859 2.0082030
v -0.4749051 0.3493607 2.0064831
v -0.5481289 0.3633737 1.9908410
v -0.5453433 0.3488774 1.9899912
v -0.7479146 0.3631106 1.5775832
v -0.7364573 0.3486952 1.5775423
v -0.6411609 0.3486428 1.8572693
v -0.6523603 0.3631701 1.8534434
v -0.6058768 0.3488496 1.9476465
v -0.6120092 0.3633634 1.9531122
v -0.7552207 0.3558866 1.5239519
v -0.7924869 0.5368923 -1.0300627
v -0.7918588 0.5865041 -1.0947173
v -0.7908145 0.5743790 -1.1017192
v -0.7914136 0.5270563 -1.0400481
v -0.7840518 0.4645451 -0.9798793
v -0.7833678 0.4580474 -0.9921801
v -0.7890700 0.6179415 -1.1712824
v -0.7851827 0.6291165 -1.2538026
v -0.7844465 0.6150251 -1.2534639
v -0.7881544 0.6043656 -1.1747511
v -0.7812589 0.6179414 -1.3363233
v -0.7772486 0.5865041 -1.4128880
v -0.7768786 0.5743789 -1.4052089
v -0.7807037 0.6043656 -1.3321766
v -0.7544053 0.3478216 -0.9440362
v -0.7550892 0.3467098 -0.9579907
v -0.7705408 0.5431049 1.4447755
v -0.7768673 0.5936114 1.3796749
v -0.7764114 0.5809422 1.3727439
v -0.7703768 0.5327660 1.4348407
v -0.7880199 0.6256345 1.1335684
v -0.7901227 0.5936115 1.0555764
v -0.7890551 0.5809422 1.0636003
v -0.7870494 0.6114876 1.1379934
v -0.7846952 0.6370178 1.2176260
v -0.7838781 0.6223456 1.2181721
v -0.7811304 0.6256345 1.3016837
v -0.7804778 0.6114875 1.2983517
v -0.7756876 0.4511881 0.9319452
v -0.7508589 0.3478217 0.9015596
v -0.7516030 0.3464939 0.9166900
v -0.7747419 0.4460117 0.9466405
v -0.7730229 0.5357782 -1.4773862
v -0.7728478 0.5259937 -1.4667311
v -0.7900222 0.5430755 0.9897182
v -0.7889591 0.5327381 1.0007803
v -0.7657051 0.4530112 -1.5315738
v -0.7580049 0.3554845 -1.5572213
v -0.7585227 0.3540192 -1.5425118
v -0.7658676 0.4470457 -1.5180478
v -0.7730229 0.5357782 -1.4773862
v -0.7728478 0.5259937 -1.4667311
v -0.7714481 0.4421160 1.4980917
v -0.7705408 0.5431049 1.4447755
v -0.7703768 0.5327660 1.4348407
v -0.7712422 0.4364371 1.4856967
v -0.7552207 0.3558866 1.5239519
v -0.7557636 0.3541866 1.5103635
v -0.7366455 0.6625069 1.4032528
v -0.7278336 0.6477112 1.4278502
v -0.7557497 0.7510363 0.8101458
v -0.7519230 0.7735234 0.8101107
v -0.7499292 0.7733609 0.9225981
v -0.7537557 0.7508739 0.9226332
v -0.7697151 0.7534132 0.8103972
v -0.7677211 0.7532508 0.9228838
v -0.7638946 0.7757378 0.9228487
v -0.7658884 0.7759003 0.8103613
v -0.7557497 0.7510363 0.8101458
v -0.7537557 0.7508739 0.9226332
v -0.7677211 0.7532508 0.9228838
v -0.7697151 0.7534132 0.8103972
v -0.7499292 0.7733609 0.9225981
v -0.7519230 0.7735234 0.8101107
v -0.7658884 0.7759003 0.8103613
v -0.7638946 0.7757378 0.9228487
v -0.7534613 0.7740311 0.9665860
v -0.7638946 0.7757378 0.9228487
v -0.7677211 0.7532508 0.9228838
v -0.7572880 0.7515441 0.9666219
v -0.7534613 0.7740311 0.9665860
v -0.7572880 0.7515441 0.9666219
v -0.7608386 0.7518334 0.7663122
v -0.7697151 0.7534132 0.8103972
v -0.7658884 0.7759003 0.8103613
v -0.7570119 0.7743204 0.7662771
v -0.7608386 0.7518334 0.7663122
v -0.7570119 0.7743204 0.7662771
v -0.7537557 0.7508739 0.9226332
v -0.7499292 0.7733609 0.9225981
v -0.7313328 0.7701958 0.9222635
v -0.7351595 0.7477088 0.9222994
v -0.7305545 0.7701324 0.9661746
v -0.7313328 0.7701958 0.9222635
v -0.7534613 0.7740311 0.9665860
v -0.7572880 0.7515441 0.9666219
v -0.7343812 0.7476454 0.9662097
v -0.7305545 0.7701324 0.9661746
v -0.7351595 0.7477088 0.9222994
v -0.7343812 0.7476454 0.9662097
v -0.7519230 0.7735234 0.8101107
v -0.7557497 0.7510363 0.8101458
v -0.7371533 0.7478712 0.8098119
v -0.7333268 0.7703583 0.8097760
v -0.7379316 0.7479347 0.7659008
v -0.7371533 0.7478712 0.8098119
v -0.7608386 0.7518334 0.7663122
v -0.7570119 0.7743204 0.7662771
v -0.7341050 0.7704217 0.7658657
v -0.7379316 0.7479347 0.7659008
v -0.7333268 0.7703583 0.8097760
v -0.7341050 0.7704217 0.7658657
v -0.7636797 0.7544079 0.0311761
v -0.7616917 0.7771315 0.0311761
v -0.7616917 0.7771315 0.1436812
v -0.7636797 0.7544079 0.1436812
v -0.7777943 0.7556428 0.0311761
v -0.7777943 0.7556428 0.1436812
v -0.7758063 0.7783663 0.1436812
v -0.7758063 0.7783663 0.0311761
v -0.7636797 0.7544079 0.0311761
v -0.7636797 0.7544079 0.1436812
v -0.7777943 0.7556428 0.1436812
v -0.7777943 0.7556428 0.0311761
v -0.7616917 0.7771315 0.1436812
v -0.7616917 0.7771315 0.0311761
v -0.7758063 0.7783663 0.0311761
v -0.7758063 0.7783663 0.1436812
v -0.7660483 0.7775126 0.1875992
v -0.7758063 0.7783663 0.1436812
v -0.7777943 0.7556428 0.1436812
v -0.7680363 0.7547891 0.1875992
v -0.7660483 0.7775126 0.1875992
v -0.7680363 0.7547891 0.1875992
v -0.7680364 0.7547891 -0.0127415
v -0.7777943 0.7556428 0.0311761
v -0.7758063 0.7783663 0.0311761
v -0.7660483 0.7775126 -0.0127415
v -0.7680364 0.7547891 -0.0127415
v -0.7660483 0.7775126 -0.0127415
v -0.7636797 0.7544079 0.1436812
v -0.7616917 0.7771315 0.1436812
v -0.7428968 0.7754871 0.1436812
v -0.7448848 0.7527636 0.1436812
v -0.7428968 0.7754871 0.1875992
v -0.7428968 0.7754871 0.1436812
v -0.7660483 0.7775126 0.1875992
v -0.7680363 0.7547891 0.1875992
v -0.7448848 0.7527636 0.1875992
v -0.7428968 0.7754871 0.1875992
v -0.7448848 0.7527636 0.1436812
v -0.7448848 0.7527636 0.1875992
v -0.7616917 0.7771315 0.0311761
v -0.7636797 0.7544079 0.0311761
v -0.7448848 0.7527636 0.0311761
v -0.7428968 0.7754871 0.0311761
v -0.7448848 0.7527636 -0.0127415
v -0.7448848 0.7527636 0.0311761
v -0.7680364 0.7547891 -0.0127415
v -0.7660483 0.7775126 -0.0127415
v -0.7428968 0.7754871 -0.0127415
v -0.7448848 0.7527636 -0.0127415
v -0.7428968 0.7754871 0.0311761
v -0.7428968 0.7754871 -0.0127415
v -0.7914136 0.5270563 -1.0400481
v -0.7908145 0.5743790 -1.1017192
v -0.4715907 0.5893723 -1.1382354
v -0.4715907 0.4925519 -1.0161143
v -0.7833678 0.4580474 -0.9921801
v -0.7881544 0.6043656 -1.1747511
v -0.7844465 0.6150251 -1.2534639
v -0.4715907 0.6096953 -1.2928207
v -0.7807037 0.6043656 -1.3321766
v -0.7768786 0.5743789 -1.4052089
v -0.4715908 0.5373260 -1.4519627
v -0.4715907 0.6096953 -1.2928207
v -0.7844465 0.6150251 -1.2534639
v -0.7550892 0.3467098 -0.9579907
v -0.4715907 0.3467098 -0.9579911
v -0.7292032 0.2505498 -0.9480237
v -0.4724188 0.1717352 -0.9480241
v -0.7703768 0.5327660 1.4348407
v -0.7764114 0.5809422 1.3727439
v -0.4715902 0.5962149 1.3355474
v -0.4715902 0.4846017 1.4602683
v -0.7870494 0.6114876 1.1379934
v -0.7890551 0.5809422 1.0636003
v -0.4715903 0.5568401 1.0321903
v -0.4715902 0.6169165 1.1780827
v -0.7838781 0.6223456 1.2181721
v -0.7804778 0.6114875 1.2983517
v -0.7838781 0.6223456 1.2181721
v -0.4715902 0.6169165 1.1780827
v -0.7516030 0.3464939 0.9166900
v -0.7265234 0.2488067 0.9036770
v -0.4724184 0.1738799 0.9036770
v -0.4715903 0.3964743 0.9317999
v -0.7747419 0.4460117 0.9466405
v -0.7728478 0.5259937 -1.4667311
v -0.7889591 0.5327381 1.0007803
v -0.7585227 0.3540192 -1.5425118
v -0.7279589 0.2165771 -1.5545770
v -0.4715908 0.2165772 -1.5545775
v -0.4715908 0.4005325 -1.5302800
v -0.7658676 0.4470457 -1.5180478
v -0.7100787 0.1717351 -0.9480237
v -0.7073989 0.1738798 0.9036770
v -0.7712422 0.4364371 1.4856967
v -0.7263799 0.2173947 1.5216851
v -0.7557636 0.3541866 1.5103635
v -0.4715902 0.3541866 1.5103635
v -0.4715902 0.2173947 1.5216851
v -0.3181979 0.2548184 -1.9806588
v -0.3086077 0.2841782 -1.9963357
v -0.2358986 0.2476057 -1.5581870
v -0.1583952 0.2841783 -2.0193850
v -0.0000002 0.2841782 -2.0333489
v -0.0000002 0.2549456 -1.5581870
v -0.2358986 0.2476057 -1.5581870
v -0.6463512 0.2344956 -1.7601587
v -0.5820918 0.2426897 -1.8490193
v -0.4715908 0.2165772 -1.5545775
v -0.3086077 0.2841782 -1.9963357
v -0.3181979 0.2548184 -1.9806588
v -0.2358986 0.2476057 -1.5581870
v -0.6998985 0.2231571 -1.6371356
v -0.4715908 0.2165772 -1.5545775
v -0.7279589 0.2165771 -1.5545770
v -0.7259625 0.2169216 -1.5694817
v -0.7259625 0.2169216 -1.5694817
v -0.6973289 0.1746889 0.6491573
v -0.7020853 0.1749118 0.2072587
v -0.5295893 0.1749119 0.2072582
v -0.5295891 0.1743776 0.7410903
v -0.7031190 0.1747429 -0.2155181
v -0.6969563 0.1739487 -0.7844072
v -0.5295895 0.1736988 -0.8144912
v -0.5295893 0.1747430 -0.2155181
v -0.7069128 0.1738435 0.8875247
v -0.6932944 0.1743227 0.7975818
v -0.6975052 0.1734488 -0.8445751
v -0.7072174 0.1729406 -0.9330562
v -0.4724188 0.1717352 -0.9480241
v -0.7100787 0.1717351 -0.9480237
v -0.7073989 0.1738798 0.9036770
v -0.4724184 0.1738799 0.9036770
v 0.0000001 0.2720607 2.0041616
v -0.1609968 0.2718910 2.0023071
v -0.4005198 0.2089905 1.5265166
v 0.0000001 0.2114017 1.5265166
v -0.4594154 0.2684217 1.9651824
v -0.5107249 0.2671139 1.9513303
v -0.4715902 0.2173947 1.5216851
v -0.4390062 0.3149831 1.9956520
v -0.4594154 0.2684217 1.9651824
v -0.4005198 0.2089905 1.5265166
v -0.3692069 0.3171474 2.0144393
v -0.4390062 0.3149831 1.9956520
v -0.4005198 0.2089905 1.5265166
v -0.3416237 0.2708772 1.9912409
v -0.3416237 0.2708772 1.9912409
v -0.3692069 0.3171474 2.0144393
v -0.4005198 0.2089905 1.5265166
v -0.6168461 0.2572221 1.8725890
v -0.7130515 0.2250834 1.5870682
v -0.7263799 0.2173947 1.5216851
v -0.5107249 0.2671139 1.9817363
v -0.5871368 0.2636094 1.9423130
v -0.4715903 0.5568401 1.0321903
v -0.4715902 0.4846017 1.4602683
v -0.4715902 0.5962149 1.3355474
v -0.4715902 0.6169165 1.1780827
v -0.4715902 0.3541866 1.5103635
v -0.4715903 0.3964743 0.9317999
v -0.4724184 0.1738799 0.9036770
v -0.4715902 0.2173947 1.5216851
v -0.4715907 0.6096953 -1.2928207
v -0.4715908 0.5373260 -1.4519627
v -0.4715907 0.4925519 -1.0161143
v -0.4715907 0.5893723 -1.1382354
v -0.4715908 0.4005325 -1.5302800
v -0.4715907 0.3467098 -0.9579911
v -0.4715908 0.2165772 -1.5545775
v -0.4724188 0.1717352 -0.9480241
v -0.2246111 0.1748274 -0.0041299
v -0.2241969 0.1741287 0.8223833
v -0.2241972 0.1727170 -0.8812574
v -0.4715908 0.2165772 -1.5545775
v -0.0004733 0.1748274 -0.0041299
v 0.0000000 0.1741287 0.8223833
v -0.0000001 0.1727170 -0.8812574
v -0.1610275 0.5794612 2.0031715
v -0.3764674 0.5794595 1.9880412
v -0.3673138 0.5450269 1.9943795
v -0.1610086 0.5450224 2.0079924
v 0.0000001 0.5794628 2.0048751
v 0.0000001 0.6438516 1.9953313
v -0.1601975 0.6438445 1.9941591
v -0.3891090 0.6438412 1.9764926
v 0.0000001 0.5450201 2.0099800
v -0.3690238 0.5418041 1.9923568
v -0.1609255 0.5417635 2.0061354
v -0.1610086 0.5450224 2.0079924
v -0.3673138 0.5450269 1.9943795
v 0.0000001 0.5417569 2.0081418
v 0.0000001 0.5450201 2.0099800
v -0.3764674 0.5794595 1.9880412
v -0.3781680 0.5791472 1.9854413
v -0.3690238 0.5418041 1.9923568
v -0.3673138 0.5450269 1.9943795
v 0.0000001 0.6438516 1.9953313
v 0.0000002 0.6460850 1.9925576
v -0.1600274 0.6460709 1.9914026
v -0.1601975 0.6438445 1.9941591
v -0.3891090 0.6438412 1.9764926
v -0.3911495 0.6460820 1.9735459
v -0.3911495 0.6460820 1.9735459
v -0.3891090 0.6438412 1.9764926
v -0.1631227 0.4042304 -2.0236190
v -0.1628070 0.3960005 -2.0232925
v -0.3169554 0.3956254 -1.9980266
v -0.3176109 0.4037984 -1.9981821
v -0.4993249 0.3956840 -1.9026244
v -0.5019285 0.4044032 -1.9015571
v -0.6867429 0.4384206 -1.7257701
v -0.6802640 0.4643835 -1.7336316
v -0.6140424 0.4638579 -1.8331494
v -0.6176818 0.4403998 -1.8415720
v -0.5317433 0.4400230 -1.8870459
v -0.3204415 0.4390968 -1.9988539
v -0.3177847 0.4635948 -1.9910760
v -0.1641476 0.4633917 -2.0169579
v -0.1644822 0.4396776 -2.0250246
v -0.0000002 0.4633917 -2.0323751
v -0.0000002 0.4402450 -2.0403060
v -0.5125399 0.4399388 -1.8972068
v -0.5170272 0.4637718 -1.8848657
v -0.6176818 0.4403998 -1.8415720
v -0.5317433 0.4400230 -1.8870459
v -0.6179242 0.4380472 -1.7845896
v -0.6867429 0.4384206 -1.7257701
v -0.5164592 0.4276947 -1.8947082
v -0.4953940 0.3601416 -1.9035166
v -0.5831782 0.3648386 -1.8034193
v -0.6039342 0.4258340 -1.7947407
v -0.5831782 0.3648386 -1.8034193
v -0.4953940 0.3601416 -1.9035166
v -0.6051497 0.3598205 -1.8470896
v -0.6700997 0.3612860 -1.7519046
v -0.5317433 0.4400230 -1.8870459
v -0.6179242 0.4380472 -1.7845896
v -0.4953940 0.3601416 -1.9035166
v -0.5164592 0.4276947 -1.8947082
v -0.5125399 0.4399388 -1.8972068
v -0.4887135 0.3601484 -1.9069747
v -0.5317433 0.4400230 -1.8870459
v -0.5170272 0.4637718 -1.8848657
v -0.5125399 0.4399388 -1.8972068
v -0.1644822 0.4396776 -2.0250246
v -0.0000002 0.4402450 -2.0403060
v -0.0000002 0.4281122 -2.0397313
v -0.1640209 0.4276502 -2.0245479
v -0.1637296 0.4200553 -2.0242467
v -0.0000002 0.4205140 -2.0393714
v -0.0000002 0.4121804 -2.0389763
v -0.1634140 0.4118254 -2.0239202
v -0.1619088 0.3725806 -2.0223636
v -0.1614475 0.3605533 -2.0218869
v -0.3141247 0.3603270 -1.9973544
v -0.3150841 0.3722906 -1.9975825
v -0.1625157 0.3884055 -2.0229913
v -0.1622001 0.3801756 -2.0226652
v -0.3156920 0.3798714 -1.9977270
v -0.3163475 0.3880445 -1.9978821
v -0.3194821 0.4271332 -1.9986261
v -0.3204415 0.4390968 -1.9988539
v -0.3182188 0.4113793 -1.9983261
v -0.3188742 0.4195524 -1.9984820
v -0.4887135 0.3601484 -1.9069747
v -0.4923980 0.3724870 -1.9054642
v -0.4945596 0.3797259 -1.9045781
v -0.4971632 0.3884451 -1.9035105
v -0.5088555 0.4276002 -1.8987178
v -0.5125399 0.4399388 -1.8972068
v -0.5040902 0.4116421 -1.9006711
v -0.5066938 0.4203613 -1.8996034
v -0.1622001 0.3801756 -2.0226652
v -0.0000002 0.3803172 -2.0374674
v -0.0000002 0.3765182 -2.0155543
v -0.1620544 0.3763781 -2.0007815
v -0.1628070 0.3960005 -2.0232925
v -0.0000002 0.3962487 -2.0382221
v -0.0000002 0.3924497 -2.0163085
v -0.1626614 0.3922030 -2.0014092
v -0.3156920 0.3798714 -1.9977270
v -0.1622001 0.3801756 -2.0226652
v -0.1620544 0.3763781 -2.0007815
v -0.3153881 0.3760810 -1.9759212
v -0.3169554 0.3956254 -1.9980266
v -0.1628070 0.3960005 -2.0232925
v -0.1626614 0.3922030 -2.0014092
v -0.3166514 0.3918349 -1.9762212
v -0.1637296 0.4200553 -2.0242467
v -0.3188742 0.4195524 -1.9984820
v -0.3191782 0.4233428 -1.9768207
v -0.1638753 0.4238528 -2.0026638
v -0.1631227 0.4042304 -2.0236190
v -0.3176109 0.4037984 -1.9981821
v -0.3179148 0.4075888 -1.9765212
v -0.1632683 0.4080279 -2.0020365
v -0.4945596 0.3797259 -1.9045781
v -0.3156920 0.3798714 -1.9977270
v -0.3153881 0.3760810 -1.9759212
v -0.4934788 0.3761065 -1.8832878
v -0.4993249 0.3956840 -1.9026244
v -0.3169554 0.3956254 -1.9980266
v -0.3166514 0.3918349 -1.9762212
v -0.4982442 0.3920646 -1.8813345
v -0.3188742 0.4195524 -1.9984820
v -0.5066938 0.4203613 -1.8996034
v -0.5077746 0.4239807 -1.8774274
v -0.3191782 0.4233428 -1.9768207
v -0.3176109 0.4037984 -1.9981821
v -0.5019285 0.4044032 -1.9015571
v -0.5030094 0.4080226 -1.8793812
v -0.3179148 0.4075888 -1.9765212
v -0.1640209 0.4276502 -2.0245479
v -0.0000002 0.4281122 -2.0397313
v -0.0000002 0.4243131 -2.0178182
v -0.1638753 0.4238528 -2.0026638
v -0.1634140 0.4118254 -2.0239202
v -0.0000002 0.4121804 -2.0389763
v -0.0000002 0.4083813 -2.0170636
v -0.1632683 0.4080279 -2.0020365
v -0.1619088 0.3725806 -2.0223636
v -0.3150841 0.3722906 -1.9975825
v -0.3153881 0.3760810 -1.9759212
v -0.1620544 0.3763781 -2.0007815
v -0.1625157 0.3884055 -2.0229913
v -0.3163475 0.3880445 -1.9978821
v -0.3166514 0.3918349 -1.9762212
v -0.1626614 0.3922030 -2.0014092
v -0.3194821 0.4271332 -1.9986261
v -0.1640209 0.4276502 -2.0245479
v -0.1638753 0.4238528 -2.0026638
v -0.3191782 0.4233428 -1.9768207
v -0.3182188 0.4113793 -1.9983261
v -0.1634140 0.4118254 -2.0239202
v -0.1632683 0.4080279 -2.0020365
v -0.3179148 0.4075888 -1.9765212
v -0.3150841 0.3722906 -1.9975825
v -0.4923980 0.3724870 -1.9054642
v -0.4934788 0.3761065 -1.8832878
v -0.3153881 0.3760810 -1.9759212
v -0.3163475 0.3880445 -1.9978821
v -0.4971632 0.3884451 -1.9035105
v -0.4982442 0.3920646 -1.8813345
v -0.3166514 0.3918349 -1.9762212
v -0.5088555 0.4276002 -1.8987178
v -0.3194821 0.4271332 -1.9986261
v -0.3191782 0.4233428 -1.9768207
v -0.5077746 0.4239807 -1.8774274
v -0.5040902 0.4116421 -1.9006711
v -0.3182188 0.4113793 -1.9983261
v -0.3179148 0.4075888 -1.9765212
v -0.5030094 0.4080226 -1.8793812
v -0.4887135 0.3601484 -1.9069747
v -0.5125399 0.4399388 -1.8972068
v -0.5125399 0.4399388 -1.8754737
v -0.4887135 0.3601484 -1.8852416
v -0.1639395 0.5573372 -1.9173074
v -0.1645339 0.6077249 -1.9062152
v -0.0000002 0.6076607 -1.9180560
v -0.0000002 0.5571948 -1.9317664
v -0.3080849 0.6561640 -1.8693182
v -0.3087777 0.6698309 -1.8633325
v -0.2786503 0.6675639 -1.8662001
v -0.2676790 0.6079112 -1.8916448
v -0.2534491 0.5574367 -1.9043418
v -0.2781150 0.5574494 -1.9007001
v -0.2964804 0.6143676 -1.8857783
v -0.3058223 0.6830846 -1.8574023
v -0.3003588 0.6929229 -1.8532810
v -0.2840741 0.6978072 -1.8491005
v -0.1659135 0.6978940 -1.8619130
v -0.1649980 0.6675922 -1.8799481
v -0.2877471 0.7146757 -1.8931696
v -0.1652173 0.7145359 -1.9062707
v -0.1656965 0.7138616 -1.9116205
v -0.2875743 0.7139719 -1.8985659
v -0.0000002 0.7145576 -1.9142717
v -0.0000002 0.7139012 -1.9194918
v -0.0000002 0.5402344 -1.9983066
v -0.1650881 0.5402664 -1.9829730
v -0.1652906 0.5446172 -1.9851459
v -0.0000002 0.5445825 -2.0001652
v -0.2546864 0.5402888 -1.9696302
v -0.2548763 0.5446513 -1.9718599
v -0.2942013 0.5402988 -1.9637458
v -0.2921774 0.5446611 -1.9663072
v -0.3172453 0.6115693 -1.9456977
v -0.3145248 0.6137934 -1.9487289
v -0.3296919 0.6563236 -1.9287662
v -0.3268459 0.6581076 -1.9318713
v -0.3306760 0.6760716 -1.9204856
v -0.3278374 0.6770665 -1.9240290
v -0.3259259 0.6939627 -1.9107414
v -0.3233501 0.6943233 -1.9148709
v -0.3158644 0.7063328 -1.9004564
v -0.3139277 0.7061434 -1.9053887
v -0.2875743 0.7139719 -1.8985659
v -0.1656965 0.7138616 -1.9116205
v -0.1663533 0.7071763 -1.9201166
v -0.2859982 0.7071805 -1.9072176
v -0.0000002 0.7139012 -1.9194918
v -0.0000002 0.7073329 -1.9280993
v -0.0000002 0.5445825 -2.0001652
v -0.1652906 0.5446172 -1.9851459
v -0.1650048 0.5551725 -1.9827448
v -0.0000002 0.5550736 -1.9974842
v -0.2548763 0.5446513 -1.9718599
v -0.2545449 0.5552462 -1.9696523
v -0.2921774 0.5446611 -1.9663072
v -0.2842514 0.5552563 -1.9652412
v -0.3145248 0.6137934 -1.9487289
v -0.3042080 0.6170515 -1.9492701
v -0.3268459 0.6581076 -1.9318713
v -0.3160987 0.6598547 -1.9326598
v -0.3278374 0.6770665 -1.9240290
v -0.3171142 0.6761012 -1.9263027
v -0.3233501 0.6943233 -1.9148709
v -0.3135354 0.6911897 -1.9191702
v -0.3139277 0.7061434 -1.9053887
v -0.3063001 0.7011187 -1.9124502
v -0.2859982 0.7071805 -1.9072176
v -0.1663533 0.7071763 -1.9201166
v -0.1659135 0.6978940 -1.8619130
v -0.2840741 0.6978072 -1.8491005
v -0.0000002 0.6981338 -1.8699521
v -0.1650048 0.5551725 -1.9827448
v -0.2545449 0.5552462 -1.9696523
v -0.2534491 0.5574367 -1.9043418
v -0.1639395 0.5573372 -1.9173074
v -0.2842514 0.5552563 -1.9652412
v -0.2781150 0.5574494 -1.9007001
v -0.2842514 0.5552563 -1.9652412
v -0.3042080 0.6170515 -1.9492701
v -0.2964804 0.6143676 -1.8857783
v -0.2781150 0.5574494 -1.9007001
v -0.3160987 0.6598547 -1.9326598
v -0.3080849 0.6561640 -1.8693182
v -0.3171142 0.6761012 -1.9263027
v -0.3087777 0.6698309 -1.8633325
v -0.3135354 0.6911897 -1.9191702
v -0.3058223 0.6830846 -1.8574023
v -0.3063001 0.7011187 -1.9124502
v -0.3003588 0.6929229 -1.8532810
v -0.2971475 0.5566879 -1.9546811
v -0.0000002 0.5567388 -1.9860911
v -0.0000002 0.5567388 -1.9611949
v -0.2971475 0.5566879 -1.9297849
v -0.3119026 0.6341485 -1.9337157
v -0.0000002 0.6341614 -1.9626462
v -0.0000002 0.6341614 -1.9377501
v -0.3119026 0.6341485 -1.9088195
v -0.3192491 0.6727162 -1.9162202
v -0.0000002 0.6727088 -1.9439223
v -0.0000002 0.6727088 -1.9190261
v -0.3192491 0.6727162 -1.8913240
v -0.3045315 0.5954522 -1.9462588
v -0.0000002 0.5954844 -1.9764265
v -0.0000002 0.5954844 -1.9515303
v -0.3045315 0.5954522 -1.9213627
v -0.3229526 0.6921587 -1.9043712
v -0.0000002 0.6921514 -1.9314485
v -0.0000002 0.6921514 -1.9065523
v -0.3229526 0.6921587 -1.8794750
v -0.3082350 0.6148947 -1.9402511
v -0.0000002 0.6149269 -1.9697951
v -0.0000002 0.6149269 -1.9448989
v -0.3082350 0.6148947 -1.9153549
v -0.3156060 0.6535911 -1.9252848
v -0.0000002 0.6536040 -1.9535910
v -0.0000002 0.6536039 -1.9286948
v -0.3156060 0.6535911 -1.9003887
v -0.3008510 0.5761304 -1.9507149
v -0.0000002 0.5761813 -1.9815012
v -0.0000002 0.5761813 -1.9566050
v -0.3008510 0.5761304 -1.9258187
v -0.3240982 0.6981729 -1.9007062
v -0.3249831 0.7028187 -1.8923631
v -0.0000002 0.7028260 -1.9190877
v -0.0000002 0.6981880 -1.9275753
v -0.3090858 0.6193612 -1.9388716
v -0.3100727 0.6245424 -1.9317587
v -0.0000002 0.6245101 -1.9610145
v -0.0000002 0.6192948 -1.9683054
v -0.3165668 0.6586347 -1.9230981
v -0.3175157 0.6636162 -1.9154259
v -0.0000002 0.6636033 -1.9434215
v -0.0000002 0.6586082 -1.9512601
v -0.3016314 0.5802274 -1.9498786
v -0.3026427 0.5855364 -1.9432835
v -0.0000002 0.5854855 -1.9737924
v -0.0000002 0.5801227 -1.9805707
v -0.3203947 0.6787304 -1.9125551
v -0.3212796 0.6833761 -1.9042121
v -0.0000002 0.6833834 -1.9315615
v -0.0000002 0.6787454 -1.9400495
v -0.3053823 0.5999186 -1.9448785
v -0.3063692 0.6050998 -1.9377656
v -0.0000002 0.6050676 -1.9676459
v -0.0000002 0.5998524 -1.9749368
v -0.3128633 0.6391921 -1.9315285
v -0.3138122 0.6441736 -1.9238564
v -0.0000002 0.6441607 -1.9524772
v -0.0000002 0.6391656 -1.9603158
v -0.2979279 0.5607848 -1.9538452
v -0.2989392 0.5660939 -1.9472502
v -0.0000002 0.5660430 -1.9783827
v -0.0000002 0.5606802 -1.9851606
v -0.7104327 0.8669117 -0.6649451
v -0.7181075 0.8484581 -0.6596080
v -0.7211316 0.8492273 -0.5285157
v -0.6764024 0.9610405 -0.5076233
v -0.7030441 0.8651381 -0.6666605
v -0.7116139 0.8445168 -0.6606969
v -0.7181075 0.8484581 -0.6596080
v -0.7104327 0.8669117 -0.6649451
v -0.7116139 0.8445168 -0.6606969
v -0.7146989 0.8453018 -0.5269991
v -0.7211316 0.8492273 -0.5285157
v -0.7181075 0.8484581 -0.6596080
v -0.7146989 0.8453018 -0.5269991
v -0.6681274 0.9617147 -0.5052467
v -0.6764024 0.9610405 -0.5076233
v -0.7211316 0.8492273 -0.5285157
v -0.6681274 0.9617147 -0.5052467
v -0.7030441 0.8651381 -0.6666605
v -0.7104327 0.8669117 -0.6649451
v -0.6764024 0.9610405 -0.5076233
v -0.9130657 0.8688172 -0.4575200
v -0.9108720 0.8807274 -0.5366804
v -0.9128086 0.8657937 -0.5248939
v -0.8908365 0.9485261 -0.4627910
v -0.7567077 0.9608496 -0.5183634
v -0.7774487 0.9597279 -0.5561329
v -0.8905059 0.9495187 -0.5053782
v -0.7507158 0.8460311 -0.5197841
v -0.8958315 0.8545745 -0.5291630
v -0.7718666 0.8464601 -0.5824984
v -0.8975295 0.9373760 -0.5250559
v -0.7804099 0.9478679 -0.5758543
v -0.7839968 0.8738552 -0.5988601
v -0.9040544 0.8812918 -0.5451170
v -0.7440937 0.8524020 -0.5213546
v -0.7401696 0.8487664 -0.5259885
v -0.7350834 0.8529633 -0.5320293
v -0.7387290 0.8879559 -0.5311649
v -0.7401696 0.8487664 -0.5259885
v -0.7589312 0.8485349 -0.5850174
v -0.7480310 0.8529632 -0.5866336
v -0.7350834 0.8529633 -0.5320293
v -0.7722462 0.8763647 -0.5975014
v -0.7516768 0.8879559 -0.5857692
v -0.7707685 0.9486206 -0.5714016
v -0.7444837 0.9495029 -0.5212619
v -0.7387290 0.8879559 -0.5311649
v -0.7350834 0.8529633 -0.5320293
v -0.7007542 0.8486808 -0.5401691
v -0.6865077 0.8814413 -0.5435473
v -0.7350834 0.8529633 -0.5320293
v -0.7480310 0.8529632 -0.5866336
v -0.7137017 0.8486807 -0.5947738
v -0.7007542 0.8486808 -0.5401691
v -0.7480310 0.8529632 -0.5866336
v -0.7516768 0.8879559 -0.5857692
v -0.6994553 0.8814413 -0.5981519
v -0.7137017 0.8486807 -0.5947738
v -0.7516768 0.8879559 -0.5857692
v -0.7387290 0.8879559 -0.5311649
v -0.6865077 0.8814413 -0.5435473
v -0.6994553 0.8814413 -0.5981519
v -0.7763412 0.8679009 -0.5968149
v -0.9063110 0.8659009 -0.5339475
v -0.9048118 0.9345980 -0.4594770
v -0.9042428 0.9364892 -0.5166802
v -0.9029998 0.8561861 -0.4599067
v -0.9025316 0.8551688 -0.5207269
v -0.8838186 0.9503454 -0.5138000
v -0.7871933 0.9588984 -0.5604795
v -0.7507158 0.8460311 -0.5197841
v -0.9009733 0.8638089 -0.4684494
v -0.8892325 0.9409513 -0.4712333
v -0.8993597 0.9308584 -0.4688318
v -0.9068478 0.8711805 -0.4670560
v -0.9048118 0.9345980 -0.4594770
v -0.9130657 0.8688172 -0.4575200
v -0.9094203 0.8698904 -0.4583844
v -0.9015139 0.9328998 -0.4602593
v -0.9029998 0.8561861 -0.4599067
v -0.9012576 0.8596477 -0.4603202
v -0.7507158 0.8460311 -0.5197841
v -0.7519868 0.8497102 -0.5194829
v -0.7440937 0.8524020 -0.5213546
v -0.7475819 0.8539480 -0.5205273
v -0.7444837 0.9495029 -0.5212619
v -0.7479593 0.9479069 -0.5204379
v -0.7567077 0.9608496 -0.5183634
v -0.7578999 0.9571342 -0.5180805
v -0.8908365 0.9485261 -0.4627910
v -0.8892860 0.9450862 -0.4631587
v -0.9015139 0.9328998 -0.4602593
v -0.9094203 0.8698904 -0.4583844
v -0.9068478 0.8711805 -0.4670560
v -0.8993597 0.9308584 -0.4688318
v -0.9012576 0.8596477 -0.4603202
v -0.9009733 0.8638089 -0.4684494
v -0.7519868 0.8497102 -0.5194829
v -0.7544546 0.8549695 -0.5269595
v -0.7475819 0.8539480 -0.5205273
v -0.7479593 0.9479069 -0.5204379
v -0.7539471 0.9459885 -0.5270799
v -0.7578999 0.9571342 -0.5180805
v -0.7611428 0.9526677 -0.5253735
v -0.8892860 0.9450862 -0.4631587
v -0.8892325 0.9409513 -0.4712333
v -0.7544546 0.8549695 -0.5269595
v -0.7539471 0.9459885 -0.5270799
v -0.7611428 0.9526677 -0.5253735
v -0.7265380 0.2496127 0.8876668
v -0.7375177 0.3478216 0.8696607
v -0.7263052 0.3478216 0.8147307
v -0.7111311 0.2490739 0.7975818
v -0.7299189 0.3478215 -0.8249329
v -0.7317637 0.3478216 -0.8751623
v -0.7164758 0.2521740 -0.8359623
v -0.7149872 0.2490433 -0.7844072
v -0.7302996 0.3478215 -0.7928825
v -0.7410825 0.3478216 -0.9127144
v -0.7544053 0.3478216 -0.9440362
v -0.7272672 0.2516093 -0.9330562
v -0.7206975 0.2516094 -0.8917212
v -0.7508589 0.3478217 0.9015596
v -0.7263052 0.3478216 0.8147307
v -0.7232388 0.3478216 0.8111579
v -0.7105600 0.2534227 0.7940971
v -0.7111311 0.2490739 0.7975818
v -0.7149872 0.2490433 -0.7844072
v -0.7143649 0.2530190 -0.7808348
v -0.7275130 0.3478215 -0.7893795
v -0.7302996 0.3478215 -0.7928825
v -0.6858850 0.3377589 -1.7603856
v -0.6463512 0.2344956 -1.7601587
v -0.6998985 0.2231571 -1.6371356
v -0.7404959 0.3420278 -1.6232803
v -0.0000002 0.3378891 -2.0500000
v -0.0000002 0.2841782 -2.0333489
v -0.1583952 0.2841783 -2.0193850
v -0.1645681 0.3378862 -2.0351786
v -0.7259625 0.2169216 -1.5694817
v -0.7580049 0.3554845 -1.5572213
v -0.3086077 0.2841782 -1.9963357
v -0.3206328 0.3378754 -2.0102600
v -0.3181979 0.2548184 -1.9806588
v -0.3492526 0.2709698 -1.9710652
v -0.5820918 0.2426897 -1.8490193
v -0.5890655 0.2709698 -1.8506963
v -0.6350906 0.2709698 -1.7866278
v -0.3737924 0.2826451 -1.8346387
v -0.6221170 0.2826449 -1.7470494
v -0.6254060 0.3011444 -1.7493056
v -0.3705882 0.3013573 -1.8424622
v -0.3455644 0.3115404 -1.9875392
v -0.6064167 0.3111469 -1.8548686
v -0.6179348 0.3378184 -1.8576382
v -0.6512267 0.3110793 -1.7913785
v -0.6064167 0.3111469 -1.8548686
v -0.3455644 0.3115404 -1.9875392
v -0.3705882 0.3013573 -1.8424622
v -0.6254060 0.3011444 -1.7493056
v -0.3455644 0.3115404 -1.9875392
v -0.3492526 0.2709698 -1.9710652
v -0.3737924 0.2826451 -1.8346387
v -0.3705882 0.3013573 -1.8424622
v -0.3492526 0.2709698 -1.9710652
v -0.5890655 0.2709698 -1.8506963
v -0.6221170 0.2826449 -1.7470494
v -0.3737924 0.2826451 -1.8346387
v -0.6350906 0.2709698 -1.7866278
v -0.6350906 0.2709698 -1.7866278
v -0.6512267 0.3110793 -1.7913785
v -0.6254060 0.3011444 -1.7493056
v -0.6221170 0.2826449 -1.7470494
v -0.6512267 0.3110793 -1.7913785
v -0.7020853 0.1749118 0.2072587
v -0.6973289 0.1746889 0.6491573
v -0.7152506 0.2495905 0.6491573
v -0.7199552 0.2497216 0.2072587
v -0.6969563 0.1739487 -0.7844072
v -0.7031190 0.1747429 -0.2155181
v -0.7210410 0.2496448 -0.2155181
v -0.7149872 0.2490433 -0.7844072
v -0.7265380 0.2496127 0.8876668
v -0.7111311 0.2490739 0.7975818
v -0.6932944 0.1743227 0.7975818
v -0.7069128 0.1738435 0.8875247
v -0.7164758 0.2521740 -0.8359623
v -0.6975052 0.1734488 -0.8445751
v -0.7206975 0.2516094 -0.8917212
v -0.7272672 0.2516093 -0.9330562
v -0.7072174 0.1729406 -0.9330562
v -0.7152506 0.2495905 0.6491573
v -0.7139600 0.2545005 0.6490903
v -0.7188812 0.2546712 0.2072362
v -0.7199552 0.2497216 0.2072587
v -0.7210410 0.2496448 -0.2155181
v -0.7197491 0.2545533 -0.2155001
v -0.5453433 0.3488774 1.9899912
v -0.5107249 0.2671139 1.9817363
v -0.4749051 0.3493607 2.0064831
v -0.7130515 0.2250834 1.5870682
v -0.6168461 0.2572221 1.8725890
v -0.6411609 0.3486428 1.8572693
v -0.7364573 0.3486952 1.5775423
v -0.5871368 0.2636094 1.9423130
v -0.6058768 0.3488496 1.9476465
v -0.7263799 0.2173947 1.5216851
v -0.7552207 0.3558866 1.5239519
v -0.5107249 0.2671139 1.9513303
v -0.4749051 0.3493607 2.0064831
v -0.5107249 0.2671139 1.9817363
v -0.5107249 0.2671139 1.9513303
v -0.4594154 0.2684217 1.9651824
v -0.4390062 0.3149831 1.9956520
v -0.4749051 0.3493607 2.0064831
v -0.3692069 0.3171474 2.0144393
v -0.3692472 0.3495605 2.0288701
v -0.1610029 0.3499216 2.0416112
v -0.1609968 0.2718910 2.0023071
v 0.0000001 0.2720607 2.0041616
v 0.0000002 0.3501925 2.0436617
v -0.7272672 0.2516093 -0.9330562
v -0.7544053 0.3478216 -0.9440362
v -0.7550892 0.3467098 -0.9579907
v -0.7292032 0.2505498 -0.9480237
v -0.7508589 0.3478217 0.9015596
v -0.7265380 0.2496127 0.8876668
v -0.7265234 0.2488067 0.9036770
v -0.7516030 0.3464939 0.9166900
v -0.7580049 0.3554845 -1.5572213
v -0.7259625 0.2169216 -1.5694817
v -0.7279589 0.2165771 -1.5545770
v -0.7585227 0.3540192 -1.5425118
v -0.7292032 0.2505498 -0.9480237
v -0.7100787 0.1717351 -0.9480237
v -0.7073989 0.1738798 0.9036770
v -0.7265234 0.2488067 0.9036770
v -0.7552207 0.3558866 1.5239519
v -0.7557636 0.3541866 1.5103635
v -0.7263799 0.2173947 1.5216851
v -0.0000002 0.5331494 -1.9933224
v -0.0000002 0.5189829 -2.0235725
v -0.0000002 0.4045822 -2.0386167
v -0.0000002 0.3962487 -2.0382221
v -0.0000002 0.3727191 -2.0371075
v -0.0000002 0.3605868 -2.0365332
v -0.0000002 0.3886506 -2.0378621
v -0.0000002 0.3803172 -2.0374674
v -0.1637296 0.4200553 -2.0242467
v -0.1638753 0.4238528 -2.0026638
v -0.0000002 0.4243131 -2.0178182
v -0.0000002 0.4205140 -2.0393714
v -0.1631227 0.4042304 -2.0236190
v -0.1632683 0.4080279 -2.0020365
v -0.0000002 0.4083813 -2.0170636
v -0.0000002 0.4045822 -2.0386167
v -0.1619088 0.3725806 -2.0223636
v -0.1620544 0.3763781 -2.0007815
v -0.0000002 0.3765182 -2.0155543
v -0.0000002 0.3727191 -2.0371075
v -0.1625157 0.3884055 -2.0229913
v -0.1626614 0.3922030 -2.0014092
v -0.0000002 0.3924497 -2.0163085
v -0.0000002 0.3886506 -2.0378621
v -0.0000002 0.6981338 -1.8699521
v -0.0000002 0.6658123 -1.8902424
v -0.0000002 0.5550736 -1.9974842
v -0.0000002 0.5571948 -1.9317664
v -0.3229526 0.6921587 -1.9043712
v -0.3240982 0.6981729 -1.9007062
v -0.0000002 0.6981880 -1.9275753
v -0.0000002 0.6921514 -1.9314485
v -0.3082350 0.6148947 -1.9402511
v -0.3090858 0.6193612 -1.9388716
v -0.0000002 0.6192948 -1.9683054
v -0.0000002 0.6149269 -1.9697951
v -0.3156060 0.6535911 -1.9252848
v -0.3165668 0.6586347 -1.9230981
v -0.0000002 0.6586082 -1.9512601
v -0.0000002 0.6536040 -1.9535910
v -0.3008510 0.5761304 -1.9507149
v -0.3016314 0.5802274 -1.9498786
v -0.0000002 0.5801227 -1.9805707
v -0.0000002 0.5761813 -1.9815012
v -0.3192491 0.6727162 -1.9162202
v -0.3203947 0.6787304 -1.9125551
v -0.0000002 0.6787454 -1.9400495
v -0.0000002 0.6727088 -1.9439223
v -0.3045315 0.5954522 -1.9462588
v -0.3053823 0.5999186 -1.9448785
v -0.0000002 0.5998524 -1.9749368
v -0.0000002 0.5954844 -1.9764265
v -0.3119026 0.6341485 -1.9337157
v -0.3128633 0.6391921 -1.9315285
v -0.0000002 0.6391656 -1.9603158
v -0.0000002 0.6341614 -1.9626462
v -0.2971475 0.5566879 -1.9546811
v -0.2979279 0.5607848 -1.9538452
v -0.0000002 0.5606802 -1.9851606
v -0.0000002 0.5567388 -1.9860911
v -0.3249831 0.7028187 -1.8923631
v -0.3249831 0.7028187 -1.8729792
v -0.0000002 0.7028260 -1.8997038
v -0.0000002 0.7028260 -1.9190877
v -0.3100727 0.6245424 -1.9317587
v -0.3100727 0.6245424 -1.9123743
v -0.0000002 0.6245101 -1.9416306
v -0.0000002 0.6245101 -1.9610145
v -0.3175157 0.6636162 -1.9154259
v -0.3175157 0.6636162 -1.8960420
v -0.0000002 0.6636033 -1.9240376
v -0.0000002 0.6636033 -1.9434215
v -0.3026427 0.5855364 -1.9432835
v -0.3026427 0.5855364 -1.9238992
v -0.0000002 0.5854855 -1.9544085
v -0.0000002 0.5854855 -1.9737924
v -0.3212796 0.6833761 -1.9042121
v -0.3212796 0.6833761 -1.8848277
v -0.0000002 0.6833834 -1.9121776
v -0.0000002 0.6833834 -1.9315615
v -0.3063692 0.6050998 -1.9377656
v -0.3063692 0.6050998 -1.9183817
v -0.0000002 0.6050676 -1.9482620
v -0.0000002 0.6050676 -1.9676459
v -0.3138122 0.6441736 -1.9238564
v -0.3138122 0.6441736 -1.9044724
v -0.0000002 0.6441607 -1.9330928
v -0.0000002 0.6441607 -1.9524772
v -0.2989392 0.5660939 -1.9472502
v -0.2989392 0.5660939 -1.9278659
v -0.0000002 0.5660430 -1.9589983
v -0.0000002 0.5660430 -1.9783827
v 0.1681536 0.8022699 -1.5194126
v 0.1663287 0.7698467 -1.6981190
v 0.3954740 0.8011606 -1.5178503
v 0.3890328 0.7694145 -1.6914305
v 0.6296128 0.7502898 -1.6651304
v 0.4408712 0.7518725 -1.6895307
v 0.4799526 0.7855962 -1.5168389
v 0.6394383 0.7802505 -1.5145721
v 0.5683468 0.8351033 -1.0565469
v 0.6588918 0.8320661 -1.0491071
v 0.6518879 0.8128777 -1.2598936
v 0.5303229 0.8172543 -1.2617943
v 0.1708993 0.8303920 -1.2643651
v 0.1730615 0.8449296 -1.0675747
v 0.4070622 0.8435440 -1.0627510
v 0.4019717 0.8290555 -1.2638007
v 0.2221874 1.2562469 0.3539935
v 0.5083201 1.2379418 0.3463585
v 0.5079193 1.2367148 0.0292102
v 0.2224532 1.2542925 0.0130529
v 0.2804037 0.8668378 1.4759447
v 0.2817202 0.8739367 1.4107812
v 0.6391126 0.8650326 1.4006799
v 0.6308932 0.8571845 1.4699435
v 0.2581179 0.8180369 1.8810684
v 0.1593694 0.6624733 2.0005015
v 0.1537540 0.7564745 1.9943893
v 0.6373857 0.6624904 1.8119819
v 0.6476775 0.6624918 1.7766489
v 0.6402902 0.6997126 1.7861829
v 0.6310168 0.6979953 1.8200491
v 0.6473092 0.5793722 1.7924331
v 0.6497195 0.5450380 1.7843561
v 0.7260140 0.5450231 1.5179548
v 0.7301175 0.5787723 1.4972028
v 0.7296410 0.3478216 0.6502045
v 0.7356257 0.3478216 0.2125860
v 0.7501215 0.5280127 0.2148687
v 0.7442287 0.5287495 0.6544385
v 0.7240077 0.2576952 0.2114441
v 0.7179355 0.2576477 0.6492046
v 0.5082961 1.2377840 0.6677837
v 0.2222005 1.2561255 0.6684555
v 0.2225747 1.2530205 0.8780601
v 0.5079869 1.2356467 0.8789262
v 0.7456031 0.5305100 -0.7925817
v 0.7495402 0.5279066 -0.2137108
v 0.7352353 0.3478216 -0.2148965
v 0.7304129 0.3478215 -0.7859618
v 0.7237170 0.2577030 -0.2154899
v 0.7177990 0.2569493 -0.7778693
v 0.6312295 0.7214739 -1.7464976
v 0.6551837 0.7137987 -1.7260125
v 0.6308494 0.7074247 -1.7608378
v 0.4100832 0.7146385 -1.8363769
v 0.4454644 0.6983971 -1.8488678
v 0.3989138 0.6961243 -1.8700586
v 0.6767548 0.7230855 -1.6532145
v 0.6658094 0.7389914 -1.6550339
v 0.6367306 0.7492119 -1.6629387
v 0.4990060 0.7174599 -1.8017945
v 0.5240938 1.2081044 -0.1532441
v 0.5443125 1.2049597 -0.1470356
v 0.6192821 1.0506787 -0.4552226
v 0.5940493 1.0483969 -0.4746995
v 0.5525709 1.2087611 -0.0645750
v 0.5610148 1.1943416 -0.1325391
v 0.5140328 1.2325335 -0.0703146
v 0.5146552 1.2345015 0.0269287
v 0.5535632 1.2108013 0.0403555
v 0.5069020 1.2349281 -0.0676539
v 0.2229299 1.2506959 -0.0916290
v 0.5159639 1.2121108 -0.1470760
v 0.2274220 1.2169242 -0.1777102
v 0.5635766 1.1852718 0.9743226
v 0.5526738 1.2042179 0.9338512
v 0.5143680 1.2300297 0.9528686
v 0.5228721 1.2062054 1.0055685
v 0.2271057 1.2143476 1.0183203
v 0.5149698 1.2103175 1.0017500
v 0.5073359 1.2322936 0.9519120
v 0.2232348 1.2475031 0.9598053
v 0.5527042 1.2106341 0.8467219
v 0.5147370 1.2334483 0.8797947
v 0.6137588 1.0586497 1.1392169
v 0.6342549 1.0510851 1.0906833
v 0.5825999 1.0563590 1.1675651
v 0.5650953 0.7707994 1.9287809
v 0.5768109 0.7824099 1.9011053
v 0.5514378 0.7930398 1.9016498
v 0.5468477 0.7759633 1.9309057
v 0.5399176 0.7765791 1.9337406
v 0.5441114 0.7942766 1.9034423
v 0.3562395 0.7995926 1.9367583
v 0.3552160 0.7797603 1.9682385
v 0.5556496 0.8101861 1.8472014
v 0.5970184 0.7989504 1.8412557
v 0.5632189 0.8087095 1.8456701
v 0.6000220 0.7560564 1.8917419
v 0.5792069 0.7558968 1.9251004
v 0.6204200 0.7716102 1.8356112
v 0.5494445 0.7547133 1.9436468
v 0.5428278 0.7546504 1.9466131
v 0.4511823 0.7554279 1.9646208
v 0.3811592 0.7344467 -1.8341567
v 0.2895900 0.7341323 -1.8432380
v 0.1653815 0.7337059 -1.8555568
v 0.1652169 0.7145359 -1.9062707
v 0.6465260 0.7787689 -1.5142901
v 0.6802863 0.7665780 -1.5116646
v 0.7073577 0.7332758 -1.5089546
v 0.7475428 0.6836725 -1.2634562
v 0.7325854 0.7248157 -1.3172226
v 0.7383162 0.7374099 -1.1742863
v 0.7525447 0.6744071 -1.1645772
v 0.7422416 0.7460160 -1.0042352
v 0.7555302 0.6445623 -1.0441572
v 0.7211945 0.7635167 -1.2507330
v 0.6933093 0.7987075 -1.2564918
v 0.6985422 0.8206237 -1.0341355
v 0.7259205 0.7884769 -1.0171644
v 0.6659957 0.8306240 -1.0481875
v 0.6589680 0.8113921 -1.2594859
v 0.6961849 0.8567530 -0.8068289
v 0.6685395 0.8515666 -0.8378564
v 0.7128233 0.8472633 -0.7653384
v 0.6356666 1.0452320 -0.4278441
v 0.5545930 1.2110895 0.3312482
v 0.5150622 1.2357228 0.3450435
v 0.6700508 0.9053007 1.2765737
v 0.6846867 0.9146484 1.2068741
v 0.6393781 0.8990948 1.3128445
v 0.3561534 0.7562383 1.9833917
v 0.1534936 0.7802335 1.9786712
v 0.1540033 0.8003838 1.9469380
v 0.6746880 0.8452721 1.4567216
v 0.6803273 0.8575901 1.3743356
v 0.6462734 0.8637983 1.3988106
v 0.6379900 0.8556816 1.4690717
v 0.6996168 0.8145094 1.4395783
v 0.7061591 0.8313069 1.3400989
v 0.7199661 0.7373504 1.4113469
v 0.7324607 0.7588983 1.2537655
v 0.5150355 1.2355604 0.6676335
v 0.5540821 1.2111459 0.6660181
v 0.6690318 0.8492862 -0.8473447
v 0.6973582 0.8537609 -0.8160486
v 0.6995353 0.8356973 -0.8857179
v 0.6681236 0.8399247 -0.9143604
v 0.7268405 0.8173541 -0.7892444
v 0.7466865 0.7563775 -0.7995024
v 0.7270686 0.8095753 -0.8489577
v 0.6799251 0.8744481 1.3235417
v 0.7040513 0.8511294 1.2730359
v 0.6966186 0.8805156 1.2271029
v 0.7150716 0.8286364 1.1754633
v 0.6474676 0.8709013 1.3594436
v 0.6403130 0.8709501 1.3664717
v 0.2820010 0.8782452 1.3840198
v 0.2817111 0.8814689 1.3758327
v 0.6398261 0.8740294 1.3581752
v 0.6327148 0.8995478 1.3157251
v 0.2785162 0.9051411 1.3405470
v 0.7375177 0.3478216 0.8696607
v 0.7263052 0.3478216 0.8147307
v 0.7453183 0.4936982 0.8671866
v 0.7571463 0.4643292 0.9020494
v 0.7299187 0.3478215 -0.8249329
v 0.7317635 0.3478216 -0.8751628
v 0.7519343 0.4894737 -0.9134584
v 0.7452575 0.5322513 -0.8622539
v 0.7455709 0.5306794 -0.7995037
v 0.7302994 0.3478215 -0.7928829
v 0.7726865 0.5580722 -1.0082904
v 0.7718778 0.6125105 -1.0802750
v 0.7576736 0.5726566 -0.9646368
v 0.7924867 0.5368923 -1.0300631
v 0.7918585 0.5865041 -1.0947173
v 0.7658529 0.4793065 -0.9532613
v 0.7840516 0.4645451 -0.9798798
v 0.7683797 0.6463604 -1.1667627
v 0.7637833 0.6581393 -1.2588243
v 0.7890697 0.6179415 -1.1712824
v 0.7851824 0.6291165 -1.2538030
v 0.7596795 0.6463650 -1.3475310
v 0.7555732 0.6125360 -1.4289652
v 0.7360855 0.6396513 -1.4594871
v 0.7432616 0.6718952 -1.3565381
v 0.7812586 0.6179414 -1.3363233
v 0.7772484 0.5865041 -1.4128884
v 0.7410822 0.3478216 -0.9127148
v 0.7544051 0.3478216 -0.9440362
v 0.7487985 0.5647205 1.4676073
v 0.7547235 0.6200252 1.3964116
v 0.7278337 0.6477112 1.4278502
v 0.7705410 0.5431049 1.4447755
v 0.7768675 0.5936114 1.3796749
v 0.7450413 0.6486242 0.9939065
v 0.7531781 0.6626678 1.0396053
v 0.7697755 0.6199928 1.0412288
v 0.7670985 0.6541679 1.1304551
v 0.7880200 0.6256345 1.1335684
v 0.7901229 0.5936115 1.0555764
v 0.7846954 0.6370178 1.2176260
v 0.7631458 0.6659614 1.2249806
v 0.7512334 0.6888480 1.1285712
v 0.7466663 0.6998170 1.2343048
v 0.7423876 0.6883166 1.3293821
v 0.7592633 0.6541764 1.3145840
v 0.7811306 0.6256345 1.3016837
v 0.7366456 0.6625069 1.4032528
v 0.7756877 0.4511881 0.9319452
v 0.7508591 0.3478217 0.9015588
v 0.7509693 0.5581505 -1.4992088
v 0.7730225 0.5357782 -1.4773866
v 0.7325723 0.5712855 -1.5320966
v 0.7698301 0.5646327 0.9675215
v 0.7532853 0.5785223 0.9278010
v 0.7900223 0.5430755 0.9897182
v 0.7521069 0.5782266 0.9187756
v 0.7436552 0.6460451 0.6589272
v 0.7447426 0.6484867 0.9857536
v 0.7443511 0.4933998 0.8591292
v 0.7497406 0.6460369 0.2163637
v 0.7424266 0.6434748 -0.9041484
v 0.7438367 0.6451118 -0.7995037
v 0.7388392 0.5402649 -1.5315669
v 0.6827599 0.5402492 -1.6813802
v 0.7028928 0.6048002 -1.6190382
v 0.3642187 0.6118649 -1.9161034
v 0.3763177 0.6120165 -1.9105924
v 0.3517167 0.5403245 -1.9266423
v 0.3400854 0.5403244 -1.9320721
v 0.7477439 0.7588983 0.6577844
v 0.7508312 0.7080287 0.6585615
v 0.7569574 0.7072806 0.2171400
v 0.7511351 0.7588982 0.2177938
v 0.7559387 0.6617260 -0.7925821
v 0.7468198 0.7567296 -0.7925454
v 0.7505863 0.7588982 -0.2049380
v 0.7612975 0.6627305 -0.2128268
v 0.7450413 0.6486242 0.9939065
v 0.7521523 0.6626883 0.9932878
v 0.7531781 0.6626678 1.0396053
v 0.7367318 0.7588983 1.1241543
v 0.7203488 0.8213327 0.9924568
v 0.7350078 0.7588983 0.9932886
v 0.7138078 0.6835778 -1.5149599
v 0.5804028 0.8427771 -0.9301633
v 0.6609623 0.8410601 -0.9163790
v 0.1737698 0.8473249 -0.9953317
v 0.4092358 0.8469504 -0.9692356
v 0.7459303 0.5449857 1.4813141
v 0.7541705 0.6595286 -0.9085685
v 0.7558332 0.6615949 -0.7995033
v 0.7447426 0.6484867 0.9857536
v 0.7436552 0.6460451 0.6589272
v 0.7558603 0.6627311 0.6592529
v 0.7520992 0.6626905 0.9863666
v 0.7497406 0.6460369 0.2163637
v 0.7619827 0.6627302 0.2165755
v 0.7424266 0.6434748 -0.9041484
v 0.7555302 0.6445623 -1.0441572
v 0.7541705 0.6595286 -0.9085685
v 0.7558332 0.6615949 -0.7995033
v 0.7438367 0.6451118 -0.7995037
v 0.7150299 0.8426019 -0.7708416
v 0.7311484 0.8196123 0.6555552
v 0.7368199 0.8191382 0.2185570
v 0.3918166 0.6624784 1.9819330
v 0.6374279 0.6458817 1.8080597
v 0.6034278 0.7164742 1.8919705
v 0.6269439 0.7114109 1.8306761
v 0.6225856 0.7467217 1.8355753
v 0.5521615 0.7156291 1.9446492
v 0.5823401 0.7159268 1.9256881
v 0.1600568 0.6476191 1.9946113
v 0.1593694 0.6624733 2.0005015
v 0.3897131 0.6476231 1.9768281
v 0.3918166 0.6624784 1.9819330
v 0.6252042 0.7058984 -1.7616320
v 0.6257448 0.7182124 -1.7489636
v 0.6312295 0.7214739 -1.7464976
v 0.6308494 0.7074247 -1.7608378
v 0.6257448 0.7182124 -1.7489636
v 0.6252042 0.7058984 -1.7616320
v 0.6254124 0.7071832 -1.7669508
v 0.6251465 0.7214620 -1.7527380
v 0.6319630 0.7454658 -1.6640986
v 0.6367306 0.7492119 -1.6629387
v 0.6319630 0.7454658 -1.6640986
v 0.6296128 0.7502898 -1.6651304
v 0.5240938 1.2081044 -0.1532441
v 0.5940493 1.0483969 -0.4746995
v 0.5896831 1.0441730 -0.4747710
v 0.5190279 1.2058662 -0.1490959
v 0.5091912 1.2298402 -0.0665291
v 0.5140328 1.2325335 -0.0703146
v 0.5099866 1.2315671 0.0293779
v 0.5146552 1.2345015 0.0269287
v 0.5099866 1.2315671 0.0293779
v 0.5091912 1.2298402 -0.0665291
v 0.5069020 1.2349281 -0.0676539
v 0.5079193 1.2367148 0.0292102
v 0.5190279 1.2058662 -0.1490959
v 0.5159639 1.2121108 -0.1470760
v 0.5095432 1.2273072 0.9505545
v 0.5178952 1.2040944 1.0028446
v 0.5228721 1.2062054 1.0055685
v 0.5143680 1.2300297 0.9528686
v 0.5178952 1.2040944 1.0028446
v 0.5095432 1.2273072 0.9505545
v 0.5073359 1.2322936 0.9519120
v 0.5149698 1.2103175 1.0017500
v 0.5100622 1.2305059 0.8787800
v 0.5079869 1.2356467 0.8789262
v 0.5100622 1.2305059 0.8787800
v 0.5147370 1.2334483 0.8797947
v 0.5825999 1.0563590 1.1675651
v 0.5780063 1.0530251 1.1660869
v 0.5472333 0.7895977 1.9003936
v 0.5425397 0.7730036 1.9293915
v 0.5468477 0.7759633 1.9309057
v 0.5514378 0.7930398 1.9016498
v 0.5425397 0.7730036 1.9293915
v 0.5472333 0.7895977 1.9003936
v 0.5441114 0.7942766 1.9034423
v 0.5399176 0.7765791 1.9337406
v 0.5589388 0.8051457 1.8450065
v 0.5556496 0.8101861 1.8472014
v 0.5589388 0.8051457 1.8450065
v 0.5632189 0.8087095 1.8456701
v 0.5448185 0.7532272 1.9411261
v 0.5494445 0.7547133 1.9436468
v 0.5448185 0.7532272 1.9411261
v 0.5428278 0.7546504 1.9466131
v 0.6420140 0.7750613 -1.5138363
v 0.6394383 0.7802505 -1.5145721
v 0.6420140 0.7750613 -1.5138363
v 0.6465260 0.7787689 -1.5142901
v 0.6544559 0.8076453 -1.2591982
v 0.6614870 0.8268088 -1.0485912
v 0.6659957 0.8306240 -1.0481875
v 0.6589680 0.8113921 -1.2594859
v 0.6614870 0.8268088 -1.0485912
v 0.6544559 0.8076453 -1.2591982
v 0.6518879 0.8128777 -1.2598936
v 0.6588918 0.8320661 -1.0491071
v 0.6685395 0.8515666 -0.8378564
v 0.6646016 0.8457235 -0.8432634
v 0.5150622 1.2357228 0.3450435
v 0.5103572 1.2327802 0.3462271
v 0.5083201 1.2379418 0.3463585
v 0.5103572 1.2327802 0.3462271
v 0.6393781 0.8990948 1.3128445
v 0.6348357 0.8953939 1.3122087
v 0.6334200 0.8519418 1.4692317
v 0.6417051 0.8598394 1.3995779
v 0.6391126 0.8650326 1.4006799
v 0.6308932 0.8571845 1.4699435
v 0.6417051 0.8598394 1.3995779
v 0.6334200 0.8519418 1.4692317
v 0.6379900 0.8556816 1.4690717
v 0.6462734 0.8637983 1.3988106
v 0.5103304 1.2326215 0.6677396
v 0.5082961 1.2377840 0.6677837
v 0.5103304 1.2326215 0.6677396
v 0.5150355 1.2355604 0.6676335
v 0.6646016 0.8457235 -0.8432634
v 0.6690318 0.8492862 -0.8473447
v 0.6681236 0.8399247 -0.9143604
v 0.6636552 0.8358369 -0.9155129
v 0.6428933 0.8668512 1.3597995
v 0.6474676 0.8709013 1.3594436
v 0.6428933 0.8668512 1.3597995
v 0.6403130 0.8709501 1.3664717
v 0.6428933 0.8668512 1.3597995
v 0.6348357 0.8953939 1.3122087
v 0.6327148 0.8995478 1.3157251
v 0.6398261 0.8740294 1.3581752
v 0.6636552 0.8358369 -0.9155129
v 0.6609623 0.8410601 -0.9163790
v 0.4251100 0.6726099 -1.8801881
v 0.4327010 0.6625825 -1.8780290
v 0.4075769 0.6495214 -1.8912946
v 0.3870131 0.6718988 -1.8977766
v 0.6884382 0.6963138 -1.6420536
v 0.6942914 0.8972286 1.1624496
v 0.7005308 0.8811203 1.1451961
v 0.7261635 0.3478216 0.8075296
v 0.7140514 0.2573446 0.7913340
v 0.5574779 1.2043069 -0.0628412
v 0.5652835 1.1904465 -0.1287908
v 0.5613798 1.1908904 -0.1301450
v 0.5535159 1.2050179 -0.0634959
v 0.6386397 1.0443751 -0.4183623
v 0.6356605 1.0427419 -0.4238146
v 0.5613798 1.1908904 -0.1301450
v 0.5610148 1.1943416 -0.1325391
v 0.5525709 1.2087611 -0.0645750
v 0.5535159 1.2050179 -0.0634959
v 0.6356605 1.0427419 -0.4238146
v 0.7128777 0.8429649 -0.7649584
v 0.7128233 0.8472633 -0.7653384
v 0.6356666 1.0452320 -0.4278441
v 0.7128777 0.8429649 -0.7649584
v 0.7162519 0.8419232 -0.7626381
v 0.5557155 1.2071896 0.3300642
v 0.5545530 1.2069267 0.0382577
v 0.5535632 1.2108013 0.0403555
v 0.5545930 1.2110895 0.3312482
v 0.5540821 1.2111459 0.6660181
v 0.5550687 1.2072760 0.6658826
v 0.5527042 1.2106341 0.8467219
v 0.5535899 1.2070165 0.8447008
v 0.7466865 0.7563775 -0.7995024
v 0.7268405 0.8173541 -0.7892444
v 0.7241790 0.8169182 -0.7851198
v 0.7414339 0.7559852 -0.7959664
v 0.7453183 0.4936982 0.8671866
v 0.7263052 0.3478216 0.8147307
v 0.7232388 0.3478216 0.8111579
v 0.7416720 0.4937130 0.8634938
v 0.7302994 0.3478215 -0.7928829
v 0.7455709 0.5306794 -0.7995037
v 0.7427721 0.5306626 -0.7960223
v 0.7275129 0.3478215 -0.7893799
v 0.7532853 0.5785223 0.9278010
v 0.7495698 0.5782095 0.9237025
v 0.7450413 0.6486242 0.9939065
v 0.7420365 0.6490413 0.9899696
v 0.7521069 0.5782266 0.9187756
v 0.7447426 0.6484867 0.9857536
v 0.7420365 0.6490413 0.9899696
v 0.7495698 0.5782095 0.9237025
v 0.7443511 0.4933998 0.8591292
v 0.7416720 0.4937130 0.8634938
v 0.7438367 0.6451118 -0.7995037
v 0.7411893 0.6459894 -0.7960260
v 0.7520992 0.6626905 0.9863666
v 0.7440065 0.7084437 0.9863675
v 0.7493026 0.6631853 0.9898595
v 0.7558332 0.6615949 -0.7995033
v 0.7531584 0.6623646 -0.7960080
v 0.7493026 0.6631853 0.9898595
v 0.7521523 0.6626883 0.9932878
v 0.7450413 0.6486242 0.9939065
v 0.7420365 0.6490413 0.9899696
v 0.7447426 0.6484867 0.9857536
v 0.7420365 0.6490413 0.9899696
v 0.7531584 0.6623646 -0.7960080
v 0.7411893 0.6459894 -0.7960260
v 0.7128777 0.8429649 -0.7649584
v 0.7150299 0.8426019 -0.7708416
v 0.7350078 0.7588983 0.9932886
v 0.7521523 0.6626883 0.9932878
v 0.7493026 0.6631853 0.9898595
v 0.7322012 0.7583386 0.9898072
v 0.7559387 0.6617260 -0.7925821
v 0.7439300 0.6452201 -0.7925817
v 0.7411893 0.6459894 -0.7960260
v 0.7531584 0.6623646 -0.7960080
v 0.7468198 0.7567296 -0.7925454
v 0.7559387 0.6617260 -0.7925821
v 0.7531584 0.6623646 -0.7960080
v 0.7414339 0.7559852 -0.7959664
v 0.7439300 0.6452201 -0.7925817
v 0.7456031 0.5305100 -0.7925817
v 0.7427721 0.5306626 -0.7960223
v 0.7411893 0.6459894 -0.7960260
v 0.7304129 0.3478215 -0.7859618
v 0.7177990 0.2569493 -0.7778693
v 0.7143647 0.2530190 -0.7808348
v 0.7275129 0.3478215 -0.7893799
v 0.7241790 0.8169182 -0.7851198
v 0.7269467 0.8178875 -0.7817237
v 0.5589783 1.2064591 0.6657332
v 0.5550687 1.2072760 0.6658826
v 0.5535899 1.2070165 0.8447008
v 0.5574922 1.2061761 0.8416292
v 0.5557155 1.2071896 0.3300642
v 0.5595077 1.2064237 0.3324207
v 0.5584244 1.2061513 0.0344718
v 0.5545530 1.2069267 0.0382577
v 0.5557155 1.2071896 0.3300642
v 0.5595012 1.2064195 0.3241776
v 0.7181893 0.8193491 0.9897876
v 0.7322012 0.7583386 0.9898072
v 0.7350822 0.7588983 0.9863683
v 0.7211668 0.8195224 0.9860263
v 0.7261635 0.3478216 0.8075296
v 0.7232388 0.3478216 0.8111579
v 0.7105600 0.2534227 0.7940971
v 0.7140514 0.2573446 0.7913340
v 0.7203488 0.8213327 0.9924568
v 0.7181893 0.8193491 0.9897876
v 0.6685395 0.8515666 -0.8378564
v 0.6961849 0.8567530 -0.8068289
v 0.6956544 0.8526860 -0.8103437
v 0.6646016 0.8457235 -0.8432634
v 0.6973582 0.8537609 -0.8160486
v 0.6956544 0.8526860 -0.8103437
v 0.7150299 0.8426019 -0.7708416
v 0.7128777 0.8429649 -0.7649584
v 0.5674484 1.1900177 0.8300750
v 0.5684416 1.1902700 0.6648770
v 0.5589783 1.2064591 0.6657332
v 0.5574922 1.2061761 0.8416292
v 0.5688794 1.1906098 0.3597624
v 0.5595077 1.2064237 0.3324207
v 0.5687421 1.1907229 0.2813407
v 0.5672969 1.1911114 0.0230694
v 0.5584244 1.2061513 0.0344718
v 0.5595012 1.2064195 0.3241776
v 0.6386397 1.0443751 -0.4183623
v 0.6442192 1.0433737 -0.3797214
v 0.7093059 0.8638907 -0.6808901
v 0.7162519 0.8419232 -0.7626381
v 0.7292583 0.8487434 0.2943720
v 0.7239454 0.8507444 0.6544687
v 0.7275535 0.8195799 0.7745736
v 0.7269467 0.8178875 -0.7817237
v 0.7178957 0.8432777 -0.6749273
v 0.7295931 0.8462542 -0.1680680
v 0.7362396 0.8186384 -0.1812046
v 0.7130791 0.8545017 0.9852549
v 0.5652835 1.1904465 -0.1287908
v 0.5731794 1.1753071 -0.1186095
v 0.5842250 1.1543114 0.9507186
v 0.5720122 1.1780153 0.9173944
v 0.5680414 1.1882969 0.8628547
v 0.6389398 1.0496550 1.0539447
v 0.6860348 0.9182527 1.1607966
v 0.5667532 1.1893354 -0.0546010
v 0.5574779 1.2043069 -0.0628412
v 0.7497987 0.6460368 0.2081210
v 0.7618792 0.6627303 0.1167202
v 0.7620409 0.6627302 0.2083325
v 0.7490666 0.6460352 -0.2129358
v 0.7497987 0.6460368 0.2081210
v 0.7501788 0.5280039 0.2066256
v 0.7356862 0.3478216 0.2043429
v 0.7240701 0.2576958 0.2032010
v 0.7365157 0.8188511 -0.0110498
v 0.7612975 0.6627305 -0.2128268
v 0.7490666 0.6460352 -0.2129358
v 0.7439300 0.6452201 -0.7925817
v 0.7295184 0.8485379 0.2208001
v 0.7295812 0.8484883 0.2123611
v 0.7368749 0.8191280 0.2103139
v 0.7298413 0.8482828 0.1495481
v 0.5688185 1.1906601 0.3249462
v 0.5688031 1.1906728 0.3161574
v 0.5676305 1.1894893 0.8470297
v 0.7139339 0.8531647 0.9696168
v 0.7211668 0.8195224 0.9860263
v 0.7143247 0.8525531 0.9525242
v 0.7134700 0.8538903 0.9781036
v 0.5678593 1.1888255 0.8558405
v 0.7173988 0.8520073 0.6543381
v 0.7113485 0.8531450 0.8480435
v 0.7179125 0.8518787 0.8476051
v 0.7239454 0.8507444 0.6544687
v 0.5674484 1.1900177 0.8300750
v 0.5641439 1.1843831 0.8271813
v 0.5651219 1.1846318 0.6647994
v 0.5684416 1.1902700 0.6648770
v 0.5655678 1.1849755 0.3624859
v 0.5688794 1.1906098 0.3597624
v 0.7292583 0.8487434 0.2943720
v 0.7226274 0.8500353 0.2994239
v 0.5687421 1.1907229 0.2813407
v 0.5654515 1.1850349 0.2762284
v 0.5640516 1.1854261 0.0231849
v 0.5672969 1.1911114 0.0230694
v 0.5635250 1.1836706 -0.0539472
v 0.5667532 1.1893354 -0.0546010
v 0.5698299 1.1698969 -0.1169651
v 0.5731794 1.1753071 -0.1186095
v 0.6405276 1.0380525 -0.3776591
v 0.6442192 1.0433737 -0.3797214
v 0.6681272 0.9617147 -0.5052472
v 0.7295931 0.8462542 -0.1680680
v 0.7146988 0.8453018 -0.5269991
v 0.7229830 0.8474097 -0.1679790
v 0.7297486 0.8475248 0.0482843
v 0.7130791 0.8545017 0.9852549
v 0.7062372 0.8562927 0.9876147
v 0.6940631 0.8821917 1.1431669
v 0.7005308 0.8811203 1.1451961
v 0.6885861 0.8963637 1.1583421
v 0.6942914 0.8972286 1.1624496
v 0.6813500 0.9146909 1.1568998
v 0.6860348 0.9182527 1.1607966
v 0.6347276 1.0453266 1.0507286
v 0.6389398 1.0496550 1.0539447
v 0.5803507 1.1497434 0.9477923
v 0.5842250 1.1543114 0.9507186
v 0.5685606 1.1726196 0.9156288
v 0.5720122 1.1780153 0.9173944
v 0.5649485 1.1818029 0.8681988
v 0.5680414 1.1882969 0.8628547
v 0.7315358 0.3478216 0.2084288
v 0.7460671 0.5281305 0.2107184
v 0.7501215 0.5280127 0.2148687
v 0.7356257 0.3478216 0.2125860
v 0.7240077 0.2576952 0.2114441
v 0.7188812 0.2546712 0.2072362
v 0.7458758 0.6472782 0.2122150
v 0.7497406 0.6460369 0.2163637
v 0.7569574 0.7072806 0.2171400
v 0.7530970 0.7067178 0.2129803
v 0.7496992 0.7581924 0.2136447
v 0.7511351 0.7588982 0.2177938
v 0.7580658 0.6637914 0.2124260
v 0.7619827 0.6627302 0.2165755
v 0.7328767 0.8181598 0.2144104
v 0.7368199 0.8191382 0.2185570
v 0.7368749 0.8191280 0.2103139
v 0.7328767 0.8181598 0.2144104
v 0.7496992 0.7581924 0.2136447
v 0.7511932 0.7588982 0.2095507
v 0.7530970 0.7067178 0.2129803
v 0.7570186 0.7072546 0.2088965
v 0.7580658 0.6637914 0.2124260
v 0.7458758 0.6472782 0.2122150
v 0.7497987 0.6460368 0.2081210
v 0.7620409 0.6627302 0.2083325
v 0.7460671 0.5281305 0.2107184
v 0.7501788 0.5280039 0.2066256
v 0.7315358 0.3478216 0.2084288
v 0.7356862 0.3478216 0.2043429
v 0.7188812 0.2546712 0.2072362
v 0.7240701 0.2576958 0.2032010
v 0.7256141 0.8472898 0.2165629
v 0.7295184 0.8485379 0.2208001
v 0.7295812 0.8484883 0.2123611
v 0.7256141 0.8472898 0.2165629
v 0.5595077 1.2064237 0.3324207
v 0.5688185 1.1906601 0.3249462
v 0.5652654 1.1885648 0.3205542
v 0.5557155 1.2071896 0.3300642
v 0.5595012 1.2064195 0.3241776
v 0.5557155 1.2071896 0.3300642
v 0.5652654 1.1885648 0.3205542
v 0.5688031 1.1906728 0.3161574
v 0.5574922 1.2061761 0.8416292
v 0.5535899 1.2070165 0.8447008
v 0.5641925 1.1870690 0.8513559
v 0.5676305 1.1894893 0.8470297
v 0.7139339 0.8531647 0.9696168
v 0.7097493 0.8523667 0.9737333
v 0.7097493 0.8523667 0.9737333
v 0.7134700 0.8538903 0.9781036
v 0.5678593 1.1888255 0.8558405
v 0.5641925 1.1870690 0.8513559
v 0.7093059 0.8638907 -0.6808901
v 0.7030439 0.8651381 -0.6666605
v 0.7116137 0.8445168 -0.6606973
v 0.7178957 0.8432777 -0.6749273
v 0.7350822 0.7588983 0.9863683
v 0.7371413 0.7588458 0.9195796
v 0.7308698 0.7872366 0.9104717
v 0.7434822 0.7907039 0.1318628
v 0.7511932 0.7588982 0.2095507
v 0.7510914 0.7588982 0.1400018
v 0.7413760 0.7296091 0.8897286
v 0.7397294 0.7381274 0.9105296
v 0.7440065 0.7084437 0.9863675
v 0.7458924 0.7083297 0.8959356
v 0.7570186 0.7072546 0.2088965
v 0.7569089 0.7068325 0.1122638
v 0.7542773 0.7302682 0.1098958
v 0.7532868 0.7393330 0.1318628
v 0.7371413 0.7588458 0.9195796
v 0.7003718 0.7550473 0.8665205
v 0.7308698 0.7872366 0.9104717
v 0.7295315 0.7957958 0.8897286
v 0.7307010 0.7965409 0.8454339
v 0.7331895 0.7885033 0.8242256
v 0.7403151 0.7591208 0.8144614
v 0.7424268 0.7378284 0.8238705
v 0.7427133 0.7293126 0.8454339
v 0.7413760 0.7296091 0.8897286
v 0.7397294 0.7381274 0.9105296
v 0.7510914 0.7588982 0.1400018
v 0.7121144 0.7567347 0.0877823
v 0.7434822 0.7907039 0.1318628
v 0.7413333 0.7995645 0.1098958
v 0.7412517 0.7995501 0.0656006
v 0.7433196 0.7906752 0.0436332
v 0.7509384 0.7588982 0.0354832
v 0.7531601 0.7393108 0.0436332
v 0.7542137 0.7302571 0.0656006
v 0.7542773 0.7302682 0.1098958
v 0.7532868 0.7393330 0.1318628
v 0.7415140 0.7590660 0.7758764
v 0.7483660 0.7081801 0.7773302
v 0.7508675 0.7588982 -0.0129668
v 0.7567652 0.7062806 -0.0141104
v 0.7618792 0.6627303 0.1167202
v 0.7620409 0.6627302 0.2083325
v 0.7558603 0.6627311 0.6592529
v 0.7619827 0.6627302 0.2165755
v 0.7520992 0.6626905 0.9863666
v 0.7350822 0.7588983 0.9863683
v 0.7322012 0.7583386 0.9898072
v 0.7179125 0.8518787 0.8476051
v 0.7255436 0.8195618 0.8411158
v 0.7297486 0.8475248 0.0482843
v 0.7366288 0.8189382 0.0586036
v 0.7412517 0.7995501 0.0656006
v 0.7433196 0.7906752 0.0436332
v 0.7509384 0.7588982 0.0354832
v 0.7531601 0.7393108 0.0436332
v 0.7424268 0.7378284 0.8238705
v 0.7403151 0.7591208 0.8144614
v 0.7331895 0.7885033 0.8242256
v 0.7307010 0.7965409 0.8454339
v 0.7470310 0.7082609 0.8413419
v 0.7427133 0.7293126 0.8454339
v 0.7238489 0.8195465 0.8972269
v 0.7295315 0.7957958 0.8897286
v 0.7079444 0.8537851 0.9470968
v 0.7143247 0.8525531 0.9525242
v 0.7568426 0.7065782 0.0540341
v 0.7542137 0.7302571 0.0656006
v 0.7617308 0.6627304 0.0326132
v 0.7617308 0.6627304 0.0326132
v 0.7367159 0.8190054 0.1123193
v 0.7413333 0.7995645 0.1098958
v 0.7297971 0.8479220 0.1159325
v 0.7297971 0.8479220 0.1159325
v 0.7232617 0.8494339 0.1467760
v 0.7298413 0.8482828 0.1495481
v 0.2274220 1.2169242 -0.1777102
v 0.5159639 1.2121108 -0.1470760
v 0.5190279 1.2058662 -0.1490959
v 0.2274724 1.2103309 -0.1799345
v 0.5149698 1.2103175 1.0017500
v 0.2271057 1.2143476 1.0183203
v 0.2272581 1.2079273 1.0194630
v 0.5178952 1.2040944 1.0028446
v 0.2820010 0.8782452 1.3840198
v 0.6403130 0.8709501 1.3664717
v 0.6428933 0.8668512 1.3597995
v 0.2819487 0.8737179 1.3775224
v 0.6398261 0.8740294 1.3581752
v 0.2817111 0.8814689 1.3758327
v 0.2819487 0.8737179 1.3775224
v 0.6428933 0.8668512 1.3597995
v 0.5477548 0.8387305 -1.0569653
v 0.5002050 0.8254856 -1.2622649
v 0.4498328 0.7993180 -1.5171034
v 0.4110621 0.7691777 -1.6888707
v 0.2877467 0.7146757 -1.8931696
v 0.4100832 0.7146385 -1.8363769
v 0.3989138 0.6961243 -1.8700586
v 0.3707833 0.7147704 -1.8842910
v 0.3811592 0.7344467 -1.8341567
v 0.3400854 0.5403244 -1.9320721
v 0.3055154 0.5403016 -1.9620606
v 0.3296559 0.6115917 -1.9439443
v 0.3642187 0.6118649 -1.9161034
v 0.5804028 0.8427771 -0.9301633
v 0.5683468 0.8351033 -1.0565469
v 0.5477548 0.8387305 -1.0569653
v 0.5303229 0.8172543 -1.2617943
v 0.5002050 0.8254856 -1.2622649
v 0.4799526 0.7855962 -1.5168389
v 0.4498328 0.7993180 -1.5171034
v 0.4408712 0.7518725 -1.6895307
v 0.4110621 0.7691777 -1.6888707
v 0.3752920 0.6410288 -1.9072004
v 0.3455966 0.6525028 -1.9280642
v 0.3611377 0.6923880 -1.9125821
v 0.3870131 0.6718988 -1.8977766
v 0.6613416 0.6809835 -1.7241176
v 0.6298208 0.6799014 -1.7797214
v 0.6782246 0.6982629 -1.6740640
v 0.6298208 0.6799014 -1.7797214
v 0.6232803 0.6754346 -1.7815898
v 0.6232803 0.6754346 -1.7815898
v 0.6249844 0.6793583 -1.7858772
v 0.7178957 0.8432777 -0.6749273
v 0.7116137 0.8445168 -0.6606973
v 0.7030439 0.8651381 -0.6666605
v 0.7093059 0.8638907 -0.6808901
v 0.3216443 0.5189829 -1.9814800
v 0.3355970 0.5336668 -1.9277622
v 0.6198891 0.5189871 -1.8226032
v 0.7449213 0.5224139 -1.5783243
v 0.7332564 0.5331846 -1.5312383
v 0.7730225 0.5357782 -1.4773866
v 0.6752817 0.5340984 -1.6840294
v 0.6878230 0.5189830 -1.7211908
v 0.6149334 0.5346342 -1.7943656
v 0.1650860 0.5189829 -2.0080936
v 0.1643958 0.5332437 -1.9778492
v 0.3018209 0.5335055 -1.9574221
v 0.7336998 0.3549995 -1.6198830
v 0.6858559 0.3747258 -1.7386149
v 0.6946842 0.4374145 -1.7284818
v 0.7449213 0.4526929 -1.5982017
v 0.7580045 0.3554845 -1.5572213
v 0.7657048 0.4530112 -1.5315738
v 0.6878230 0.5189830 -1.7211908
v 0.7449213 0.5224139 -1.5783243
v 0.6878229 0.4663136 -1.7369840
v 0.3216443 0.5189829 -1.9814800
v 0.6198891 0.5189871 -1.8226032
v 0.6198891 0.4663136 -1.8383972
v 0.3216443 0.4663136 -1.9972732
v 0.1650860 0.5189829 -2.0080936
v 0.1650860 0.4663136 -2.0238872
v 0.7730225 0.5357782 -1.4773866
v 0.6917051 0.6154344 -1.6598299
v 0.6752817 0.5340984 -1.6840294
v 0.6827599 0.5402492 -1.6813802
v 0.7388392 0.5402649 -1.5315669
v 0.7332564 0.5331846 -1.5312383
v 0.1650877 0.5402664 -1.9829730
v 0.1643958 0.5332437 -1.9778492
v 0.7730225 0.5357782 -1.4773866
v 0.3018209 0.5335055 -1.9574221
v 0.2942009 0.5402988 -1.9637458
v 0.3055154 0.5403016 -1.9620606
v 0.3400854 0.5403244 -1.9320721
v 0.3355970 0.5336668 -1.9277622
v 0.6858846 0.3377589 -1.7603856
v 0.6775193 0.3553831 -1.7552586
v 0.7336998 0.3549995 -1.6198830
v 0.7404955 0.3420278 -1.6232803
v 0.3167500 0.3556109 -2.0037029
v 0.4992931 0.3555546 -1.9093970
v 0.3206324 0.3378754 -2.0102600
v 0.1625742 0.3556049 -2.0286146
v 0.1645677 0.3378862 -2.0351786
v 0.7580045 0.3554845 -1.5572213
v 0.6179344 0.3378184 -1.8576382
v 0.6104499 0.3555203 -1.8519705
v 0.6775193 0.3553831 -1.7552586
v 0.6946842 0.4374145 -1.7284818
v 0.6858559 0.3747258 -1.7386149
v 0.6779550 0.3810317 -1.7358669
v 0.6867425 0.4384206 -1.7257701
v 0.3216443 0.4663136 -1.9972732
v 0.6198891 0.4663136 -1.8383972
v 0.6140420 0.4638579 -1.8331494
v 0.3177843 0.4635948 -1.9910760
v 0.1650860 0.4663136 -2.0238872
v 0.1641472 0.4633917 -2.0169579
v 0.6878229 0.4663136 -1.7369840
v 0.6802636 0.4643835 -1.7336316
v 0.4992931 0.3555546 -1.9093970
v 0.4953936 0.3601416 -1.9035166
v 0.6051493 0.3598205 -1.8470896
v 0.6104499 0.3555203 -1.8519705
v 0.3167500 0.3556109 -2.0037029
v 0.3141243 0.3603270 -1.9973544
v 0.1614471 0.3605533 -2.0218869
v 0.1625742 0.3556049 -2.0286146
v 0.6775193 0.3553831 -1.7552586
v 0.6700992 0.3612860 -1.7519046
v 0.6878229 0.4663136 -1.7369840
v 0.6802636 0.4643835 -1.7336316
v 0.6905257 0.6399396 -1.6548152
v 0.6878858 0.6608155 -1.6587357
v 0.6747334 0.6812713 -1.6866827
v 0.6812362 0.6758663 -1.6717458
v 0.3913522 0.6358527 -1.9005535
v 0.3752920 0.6410288 -1.9072004
v 0.4907444 0.6725286 -1.8500584
v 0.4945356 0.7007931 -1.8265294
v 0.6254124 0.7071832 -1.7669508
v 0.6249844 0.6793583 -1.7858772
v 0.6251465 0.7214620 -1.7527380
v 0.4600685 0.6732623 -1.8640484
v 0.4613222 0.6696139 -1.8639553
v 0.3509489 0.5337199 -1.9204305
v 0.3517167 0.5403245 -1.9266423
v 0.3517167 0.5403245 -1.9266423
v 0.3763177 0.6120165 -1.9105924
v 0.3782108 0.6117063 -1.9053075
v 0.3509489 0.5337199 -1.9204305
v 0.4075769 0.6495214 -1.8912946
v 0.4327010 0.6625825 -1.8780290
v 0.4331693 0.6592550 -1.8737763
v 0.4082073 0.6465147 -1.8869251
v 0.6298208 0.6799014 -1.7797214
v 0.6613416 0.6809835 -1.7241176
v 0.6583580 0.6771352 -1.7221834
v 0.6232803 0.6754346 -1.7815898
v 0.6917051 0.6154344 -1.6598299
v 0.6827599 0.5402492 -1.6813802
v 0.6752817 0.5340984 -1.6840294
v 0.6869947 0.6160888 -1.6617555
v 0.6878858 0.6608155 -1.6587357
v 0.6905257 0.6399396 -1.6548152
v 0.6858847 0.6399079 -1.6564653
v 0.6835430 0.6599015 -1.6601181
v 0.6747334 0.6812713 -1.6866827
v 0.6710240 0.6776977 -1.6856611
v 0.6772126 0.6728002 -1.6723494
v 0.6812362 0.6758663 -1.6717458
v 0.3902296 0.6308391 -1.8972550
v 0.3913522 0.6358527 -1.9005535
v 0.6249844 0.6793583 -1.7858772
v 0.6232803 0.6754346 -1.7815898
v 0.4888873 0.6686441 -1.8469476
v 0.4907444 0.6725286 -1.8500584
v 0.4613222 0.6696139 -1.8639553
v 0.4607645 0.6658779 -1.8602279
v 0.3172449 0.6115693 -1.9456977
v 0.3296559 0.6115917 -1.9439443
v 0.3055154 0.5403016 -1.9620606
v 0.2942009 0.5402988 -1.9637458
v 0.3455966 0.6525028 -1.9280642
v 0.3296915 0.6563236 -1.9287662
v 0.3306756 0.6760716 -1.9204856
v 0.3611377 0.6923880 -1.9125821
v 0.3158640 0.7063328 -1.9004564
v 0.3305332 0.7147245 -1.8885944
v 0.2546860 0.5402888 -1.9696302
v 0.3259255 0.6939627 -1.9107414
v 0.3707833 0.7147704 -1.8842910
v 0.7240077 0.2576952 0.2114441
v 0.7179355 0.2576477 0.6492046
v 0.7139600 0.2545005 0.6490903
v 0.7188812 0.2546712 0.2072362
v 0.7177990 0.2569493 -0.7778693
v 0.7237170 0.2577030 -0.2154899
v 0.7197491 0.2545533 -0.2155001
v 0.7143647 0.2530190 -0.7808348
v 0.7140514 0.2573446 0.7913340
v 0.7105600 0.2534227 0.7940971
v 0.7240701 0.2576958 0.2032010
v 0.7188812 0.2546712 0.2072362
v 0.3690241 0.5418041 1.9923568
v 0.1609258 0.5417635 2.0061354
v 0.1610080 0.5265992 2.0321580
v 0.3693301 0.5265991 2.0183819
v 0.5574140 0.5417424 1.9474661
v 0.5583671 0.5264818 1.9731859
v 0.6458051 0.5418236 1.7853357
v 0.6123241 0.5418288 1.8920505
v 0.6329075 0.5265991 1.9168683
v 0.6719013 0.5265992 1.7983625
v 0.5915282 0.5417943 1.9267149
v 0.6116712 0.5265991 1.9521254
v 0.7585195 0.5265991 1.5100035
v 0.7705410 0.5431049 1.4447755
v 0.7437588 0.5418179 1.4815957
v 0.7238103 0.5417519 1.5183531
v 0.1610080 0.5265992 2.0321580
v 0.1610080 0.4436112 2.0478597
v 0.3693302 0.4436112 2.0340836
v 0.3693301 0.5265991 2.0183819
v 0.5583671 0.4434939 1.9888876
v 0.5583671 0.5264818 1.9731859
v 0.6719013 0.5265992 1.7983625
v 0.6704730 0.4434219 1.8234333
v 0.7585195 0.4424318 1.5544468
v 0.7585195 0.5265991 1.5100035
v 0.6329075 0.5265991 1.9168683
v 0.6222894 0.4436112 1.9501990
v 0.6116712 0.5265991 1.9521254
v 0.7714484 0.4421160 1.4980909
v 0.7705410 0.5431049 1.4447755
v 0.1610043 0.3627180 2.0480573
v 0.1610032 0.3499216 2.0416112
v 0.3692475 0.3495605 2.0288701
v 0.3692639 0.3626435 2.0346950
v 0.7705410 0.5431049 1.4447755
v 0.7459303 0.5449857 1.4813141
v 0.7437588 0.5418179 1.4815957
v 0.7260140 0.5450231 1.5179548
v 0.7238103 0.5417519 1.5183531
v 0.4039898 0.6870738 1.9781260
v 0.4220808 0.7034311 1.9734324
v 0.5455594 0.7154341 1.9476685
v 0.5473788 0.7148925 1.9421155
v 0.5521615 0.7156291 1.9446492
v 0.5473788 0.7148925 1.9421155
v 0.6336609 0.7406972 1.7968524
v 0.6373857 0.6624904 1.8119819
v 0.6374279 0.6458817 1.8080597
v 0.6476775 0.6624918 1.7766489
v 0.4546324 0.7127510 1.9662280
v 0.5455594 0.7154341 1.9476685
v 0.6310168 0.6979953 1.8200491
v 0.6269439 0.7114109 1.8306761
v 0.6245850 0.7096492 1.8307047
v 0.6280721 0.6973014 1.8214841
v 0.6497195 0.5450380 1.7843561
v 0.6473092 0.5793722 1.7924331
v 0.6443370 0.5792312 1.7936787
v 0.6458051 0.5418236 1.7853357
v 0.6374279 0.6458817 1.8080597
v 0.6344888 0.6459815 1.8093674
v 0.5823401 0.7159268 1.9256881
v 0.5521615 0.7156291 1.9446492
v 0.5523405 0.7135980 1.9422028
v 0.5808513 0.7139975 1.9239927
v 0.1600568 0.6476191 1.9946113
v 0.1600277 0.6460709 1.9914026
v 0.3918166 0.6624784 1.9819330
v 0.3897131 0.6476231 1.9768281
v 0.3911498 0.6460820 1.9735459
v 0.3933674 0.6628965 1.9793446
v 0.3897131 0.6476231 1.9768281
v 0.3911498 0.6460820 1.9735459
v 0.6373857 0.6624904 1.8119819
v 0.6344196 0.6627370 1.8133018
v 0.6344888 0.6459815 1.8093674
v 0.6374279 0.6458817 1.8080597
v 0.6034278 0.7164742 1.8919705
v 0.6014236 0.7145715 1.8909877
v 0.4220808 0.7034311 1.9734324
v 0.4039898 0.6870738 1.9781260
v 0.4048614 0.6852336 1.9755416
v 0.4235086 0.7019408 1.9707159
v 0.5473788 0.7148925 1.9421155
v 0.5455594 0.7154341 1.9476685
v 0.5441508 0.7134799 1.9459030
v 0.5466534 0.7129025 1.9398911
v 0.5473788 0.7148925 1.9421155
v 0.5466534 0.7129025 1.9398911
v 0.6373857 0.6624904 1.8119819
v 0.6344196 0.6627370 1.8133018
v 0.4546324 0.7127510 1.9662280
v 0.4544650 0.7106709 1.9638502
v 0.3918166 0.6624784 1.9819330
v 0.3933674 0.6628965 1.9793446
v 0.6497195 0.5450380 1.7843561
v 0.6458051 0.5418236 1.7853357
v 0.1610043 0.3627180 2.0480573
v 0.3692639 0.3626435 2.0346950
v 0.4773387 0.3630859 2.0082030
v 0.6523606 0.3631701 1.8534434
v 0.7479148 0.3631106 1.5775832
v 0.6120095 0.3633634 1.9531122
v 0.5481292 0.3633737 1.9908410
v 0.7552209 0.3558866 1.5239519
v 0.4749054 0.3493607 2.0064831
v 0.4773387 0.3630859 2.0082030
v 0.5481292 0.3633737 1.9908410
v 0.5453435 0.3488774 1.9899912
v 0.7479148 0.3631106 1.5775832
v 0.6523606 0.3631701 1.8534434
v 0.6411611 0.3486428 1.8572693
v 0.7364575 0.3486952 1.5775423
v 0.6120095 0.3633634 1.9531122
v 0.6058770 0.3488496 1.9476465
v 0.7552209 0.3558866 1.5239519
v 0.7924867 0.5368923 -1.0300631
v 0.7914134 0.5270563 -1.0400481
v 0.7908143 0.5743790 -1.1017192
v 0.7918585 0.5865041 -1.0947173
v 0.7840516 0.4645451 -0.9798798
v 0.7833676 0.4580474 -0.9921805
v 0.7890697 0.6179415 -1.1712824
v 0.7881542 0.6043656 -1.1747515
v 0.7844462 0.6150251 -1.2534643
v 0.7851824 0.6291165 -1.2538030
v 0.7812586 0.6179414 -1.3363233
v 0.7807035 0.6043656 -1.3321770
v 0.7768782 0.5743789 -1.4052089
v 0.7772484 0.5865041 -1.4128884
v 0.7544051 0.3478216 -0.9440362
v 0.7550890 0.3467098 -0.9579911
v 0.7705410 0.5431049 1.4447755
v 0.7703770 0.5327660 1.4348407
v 0.7764115 0.5809422 1.3727439
v 0.7768675 0.5936114 1.3796749
v 0.7880200 0.6256345 1.1335684
v 0.7870495 0.6114876 1.1379934
v 0.7890552 0.5809422 1.0636003
v 0.7901229 0.5936115 1.0555764
v 0.7846954 0.6370178 1.2176260
v 0.7838783 0.6223456 1.2181721
v 0.7811306 0.6256345 1.3016837
v 0.7804780 0.6114875 1.2983509
v 0.7756877 0.4511881 0.9319452
v 0.7747421 0.4460117 0.9466405
v 0.7516031 0.3464939 0.9166892
v 0.7508591 0.3478217 0.9015588
v 0.7728474 0.5259937 -1.4667315
v 0.7730225 0.5357782 -1.4773866
v 0.7900223 0.5430755 0.9897182
v 0.7889593 0.5327381 1.0007803
v 0.7657048 0.4530112 -1.5315738
v 0.7658672 0.4470457 -1.5180478
v 0.7585223 0.3540192 -1.5425122
v 0.7580045 0.3554845 -1.5572213
v 0.7730225 0.5357782 -1.4773866
v 0.7728474 0.5259937 -1.4667315
v 0.7714484 0.4421160 1.4980909
v 0.7712425 0.4364371 1.4856958
v 0.7703770 0.5327660 1.4348407
v 0.7705410 0.5431049 1.4447755
v 0.7552209 0.3558866 1.5239519
v 0.7557638 0.3541866 1.5103635
v 0.7278337 0.6477112 1.4278502
v 0.7366456 0.6625069 1.4032528
v 0.7557497 0.7510363 0.8101458
v 0.7537559 0.7508739 0.9226332
v 0.7499294 0.7733609 0.9225973
v 0.7519231 0.7735234 0.8101107
v 0.7697151 0.7534132 0.8103964
v 0.7658885 0.7759003 0.8103613
v 0.7638948 0.7757378 0.9228487
v 0.7677213 0.7532508 0.9228838
v 0.7557497 0.7510363 0.8101458
v 0.7697151 0.7534132 0.8103964
v 0.7677213 0.7532508 0.9228838
v 0.7537559 0.7508739 0.9226332
v 0.7499294 0.7733609 0.9225973
v 0.7638948 0.7757378 0.9228487
v 0.7658885 0.7759003 0.8103613
v 0.7519231 0.7735234 0.8101107
v 0.7534616 0.7740311 0.9665860
v 0.7638948 0.7757378 0.9228487
v 0.7534616 0.7740311 0.9665860
v 0.7572882 0.7515441 0.9666211
v 0.7677213 0.7532508 0.9228838
v 0.7572882 0.7515441 0.9666211
v 0.7608386 0.7518334 0.7663122
v 0.7697151 0.7534132 0.8103964
v 0.7608386 0.7518334 0.7663122
v 0.7570119 0.7743204 0.7662771
v 0.7658885 0.7759003 0.8103613
v 0.7570119 0.7743204 0.7662771
v 0.7537559 0.7508739 0.9226332
v 0.7351596 0.7477088 0.9222986
v 0.7313330 0.7701958 0.9222635
v 0.7499294 0.7733609 0.9225973
v 0.7313330 0.7701958 0.9222635
v 0.7305547 0.7701324 0.9661746
v 0.7534616 0.7740311 0.9665860
v 0.7305547 0.7701324 0.9661746
v 0.7343813 0.7476454 0.9662097
v 0.7572882 0.7515441 0.9666211
v 0.7343813 0.7476454 0.9662097
v 0.7351596 0.7477088 0.9222986
v 0.7519231 0.7735234 0.8101107
v 0.7333268 0.7703583 0.8097760
v 0.7371534 0.7478712 0.8098111
v 0.7557497 0.7510363 0.8101458
v 0.7371534 0.7478712 0.8098111
v 0.7379317 0.7479347 0.7659008
v 0.7608386 0.7518334 0.7663122
v 0.7379317 0.7479347 0.7659008
v 0.7341051 0.7704217 0.7658657
v 0.7570119 0.7743204 0.7662771
v 0.7341051 0.7704217 0.7658657
v 0.7333268 0.7703583 0.8097760
v 0.7636797 0.7544079 0.0311761
v 0.7636797 0.7544079 0.1436812
v 0.7616917 0.7771315 0.1436812
v 0.7616917 0.7771315 0.0311761
v 0.7777942 0.7556428 0.0311761
v 0.7758063 0.7783663 0.0311761
v 0.7758062 0.7783663 0.1436812
v 0.7777942 0.7556428 0.1436812
v 0.7636797 0.7544079 0.0311761
v 0.7777942 0.7556428 0.0311761
v 0.7777942 0.7556428 0.1436812
v 0.7636797 0.7544079 0.1436812
v 0.7616917 0.7771315 0.1436812
v 0.7758062 0.7783663 0.1436812
v 0.7758063 0.7783663 0.0311761
v 0.7616917 0.7771315 0.0311761
v 0.7660483 0.7775126 0.1875992
v 0.7758062 0.7783663 0.1436812
v 0.7660483 0.7775126 0.1875992
v 0.7680363 0.7547891 0.1875992
v 0.7777942 0.7556428 0.1436812
v 0.7680363 0.7547891 0.1875992
v 0.7680363 0.7547891 -0.0127415
v 0.7777942 0.7556428 0.0311761
v 0.7680363 0.7547891 -0.0127415
v 0.7660483 0.7775126 -0.0127415
v 0.7758063 0.7783663 0.0311761
v 0.7660483 0.7775126 -0.0127415
v 0.7636797 0.7544079 0.1436812
v 0.7448848 0.7527636 0.1436812
v 0.7428967 0.7754871 0.1436812
v 0.7616917 0.7771315 0.1436812
v 0.7428967 0.7754871 0.1436812
v 0.7428967 0.7754871 0.1875992
v 0.7660483 0.7775126 0.1875992
v 0.7428967 0.7754871 0.1875992
v 0.7448848 0.7527636 0.1875992
v 0.7680363 0.7547891 0.1875992
v 0.7448848 0.7527636 0.1875992
v 0.7448848 0.7527636 0.1436812
v 0.7616917 0.7771315 0.0311761
v 0.7428967 0.7754871 0.0311761
v 0.7448848 0.7527636 0.0311761
v 0.7636797 0.7544079 0.0311761
v 0.7448848 0.7527636 0.0311761
v 0.7448848 0.7527636 -0.0127415
v 0.7680363 0.7547891 -0.0127415
v 0.7448848 0.7527636 -0.0127415
v 0.7428967 0.7754871 -0.0127415
v 0.7660483 0.7775126 -0.0127415
v 0.7428967 0.7754871 -0.0127415
v 0.7428967 0.7754871 0.0311761
v 0.7914134 0.5270563 -1.0400481
v 0.4715905 0.4925519 -1.0161143
v 0.4715905 0.5893723 -1.1382354
v 0.7908143 0.5743790 -1.1017192
v 0.7833676 0.4580474 -0.9921805
v 0.7881542 0.6043656 -1.1747515
v 0.4715905 0.6096953 -1.2928207
v 0.7844462 0.6150251 -1.2534643
v 0.7807035 0.6043656 -1.3321770
v 0.4715905 0.6096953 -1.2928207
v 0.4715904 0.5373260 -1.4519627
v 0.7768782 0.5743789 -1.4052089
v 0.7844462 0.6150251 -1.2534643
v 0.7550890 0.3467098 -0.9579911
v 0.4715905 0.3467098 -0.9579911
v 0.7292030 0.2505498 -0.9480241
v 0.4724186 0.1717352 -0.9480241
v 0.7703770 0.5327660 1.4348407
v 0.4715904 0.4846017 1.4602683
v 0.4715904 0.5962149 1.3355474
v 0.7764115 0.5809422 1.3727439
v 0.7870495 0.6114876 1.1379934
v 0.4715904 0.6169165 1.1780827
v 0.4715904 0.5568401 1.0321903
v 0.7890552 0.5809422 1.0636003
v 0.7838783 0.6223456 1.2181721
v 0.7804780 0.6114875 1.2983509
v 0.4715904 0.6169165 1.1780827
v 0.7838783 0.6223456 1.2181721
v 0.7516031 0.3464939 0.9166892
v 0.4715904 0.3964743 0.9317999
v 0.4724186 0.1738799 0.9036770
v 0.7265235 0.2488067 0.9036770
v 0.7747421 0.4460117 0.9466405
v 0.7728474 0.5259937 -1.4667315
v 0.7889593 0.5327381 1.0007803
v 0.7585223 0.3540192 -1.5425122
v 0.4715905 0.4005325 -1.5302800
v 0.4715905 0.2165772 -1.5545775
v 0.7279585 0.2165771 -1.5545775
v 0.7658672 0.4470457 -1.5180478
v 0.7100785 0.1717351 -0.9480241
v 0.7073990 0.1738798 0.9036770
v 0.7712425 0.4364371 1.4856958
v 0.7263801 0.2173947 1.5216851
v 0.4715904 0.2173947 1.5216851
v 0.4715904 0.3541866 1.5103635
v 0.7557638 0.3541866 1.5103635
v 0.3181975 0.2548184 -1.9806588
v 0.2358983 0.2476057 -1.5581870
v 0.3086073 0.2841782 -1.9963357
v 0.1583948 0.2841783 -2.0193850
v 0.2358983 0.2476057 -1.5581870
v 0.6463509 0.2344956 -1.7601587
v 0.4715905 0.2165772 -1.5545775
v 0.5820914 0.2426897 -1.8490193
v 0.3086073 0.2841782 -1.9963357
v 0.2358983 0.2476057 -1.5581870
v 0.3181975 0.2548184 -1.9806588
v 0.6998981 0.2231571 -1.6371360
v 0.4715905 0.2165772 -1.5545775
v 0.7259621 0.2169216 -1.5694821
v 0.7279585 0.2165771 -1.5545775
v 0.7259621 0.2169216 -1.5694821
v 0.6973289 0.1746889 0.6491573
v 0.5295892 0.1743776 0.7410903
v 0.5295892 0.1749119 0.2072582
v 0.7020853 0.1749118 0.2072582
v 0.7031190 0.1747429 -0.2155181
v 0.5295893 0.1747430 -0.2155181
v 0.5295893 0.1736988 -0.8144912
v 0.6969561 0.1739487 -0.7844072
v 0.7069130 0.1738435 0.8875239
v 0.6932944 0.1743227 0.7975818
v 0.6975050 0.1734488 -0.8445751
v 0.4724186 0.1717352 -0.9480241
v 0.7072172 0.1729406 -0.9330566
v 0.7100785 0.1717351 -0.9480241
v 0.7073990 0.1738798 0.9036770
v 0.4724186 0.1738799 0.9036770
v 0.4005200 0.2089905 1.5265166
v 0.1609972 0.2718910 2.0023071
v 0.4594156 0.2684217 1.9651824
v 0.4715904 0.2173947 1.5216851
v 0.5107251 0.2671139 1.9513303
v 0.4390064 0.3149831 1.9956520
v 0.4005200 0.2089905 1.5265166
v 0.4594156 0.2684217 1.9651824
v 0.3692072 0.3171474 2.0144393
v 0.4005200 0.2089905 1.5265166
v 0.4390064 0.3149831 1.9956520
v 0.3416241 0.2708772 1.9912409
v 0.3416241 0.2708772 1.9912409
v 0.4005200 0.2089905 1.5265166
v 0.3692072 0.3171474 2.0144393
v 0.7130518 0.2250834 1.5870682
v 0.6168463 0.2572221 1.8725890
v 0.7263801 0.2173947 1.5216851
v 0.5871370 0.2636094 1.9423130
v 0.5107251 0.2671139 1.9817363
v 0.4715904 0.5962149 1.3355474
v 0.4715904 0.4846017 1.4602683
v 0.4715904 0.5568401 1.0321903
v 0.4715904 0.6169165 1.1780827
v 0.4715904 0.3541866 1.5103635
v 0.4715904 0.3964743 0.9317999
v 0.4724186 0.1738799 0.9036770
v 0.4715904 0.2173947 1.5216851
v 0.4715905 0.6096953 -1.2928207
v 0.4715905 0.5893723 -1.1382354
v 0.4715905 0.4925519 -1.0161143
v 0.4715904 0.5373260 -1.4519627
v 0.4715905 0.3467098 -0.9579911
v 0.4715905 0.4005325 -1.5302800
v 0.4724186 0.1717352 -0.9480241
v 0.4715905 0.2165772 -1.5545775
v 0.2241970 0.1741287 0.8223833
v 0.2246110 0.1748274 -0.0041299
v 0.2241970 0.1727170 -0.8812574
v 0.4715905 0.2165772 -1.5545775
v 0.0004732 0.1748274 -0.0041299
v 0.3673141 0.5450269 1.9943795
v 0.3764677 0.5794595 1.9880412
v 0.1610278 0.5794612 2.0031715
v 0.1610089 0.5450224 2.0079924
v 0.1601978 0.6438445 1.9941591
v 0.3891093 0.6438412 1.9764926
v 0.3690241 0.5418041 1.9923568
v 0.3673141 0.5450269 1.9943795
v 0.1610089 0.5450224 2.0079924
v 0.1609258 0.5417635 2.0061354
v 0.3764677 0.5794595 1.9880412
v 0.3673141 0.5450269 1.9943795
v 0.3690241 0.5418041 1.9923568
v 0.3781683 0.5791472 1.9854413
v 0.1601978 0.6438445 1.9941591
v 0.1600277 0.6460709 1.9914026
v 0.3891093 0.6438412 1.9764926
v 0.3911498 0.6460820 1.9735459
v 0.3891093 0.6438412 1.9764926
v 0.3911498 0.6460820 1.9735459
v 0.1631223 0.4042304 -2.0236190
v 0.3176105 0.4037984 -1.9981821
v 0.3169550 0.3956254 -1.9980266
v 0.1628066 0.3960005 -2.0232925
v 0.5019281 0.4044032 -1.9015571
v 0.4993245 0.3956840 -1.9026244
v 0.6867425 0.4384206 -1.7257701
v 0.6176815 0.4403998 -1.8415720
v 0.6140420 0.4638579 -1.8331494
v 0.6802636 0.4643835 -1.7336316
v 0.5317430 0.4400230 -1.8870459
v 0.3204411 0.4390968 -1.9988539
v 0.1644818 0.4396776 -2.0250246
v 0.1641472 0.4633917 -2.0169579
v 0.3177843 0.4635948 -1.9910760
v 0.5125395 0.4399388 -1.8972068
v 0.5170268 0.4637718 -1.8848657
v 0.6176815 0.4403998 -1.8415720
v 0.6867425 0.4384206 -1.7257701
v 0.6179239 0.4380472 -1.7845896
v 0.5317430 0.4400230 -1.8870459
v 0.5164588 0.4276947 -1.8947082
v 0.6039339 0.4258340 -1.7947407
v 0.5831779 0.3648386 -1.8034193
v 0.4953936 0.3601416 -1.9035166
v 0.5831779 0.3648386 -1.8034193
v 0.6700992 0.3612860 -1.7519046
v 0.6051493 0.3598205 -1.8470896
v 0.4953936 0.3601416 -1.9035166
v 0.5317430 0.4400230 -1.8870459
v 0.6179239 0.4380472 -1.7845896
v 0.5125395 0.4399388 -1.8972068
v 0.5164588 0.4276947 -1.8947082
v 0.4953936 0.3601416 -1.9035166
v 0.4887131 0.3601484 -1.9069747
v 0.5317430 0.4400230 -1.8870459
v 0.5170268 0.4637718 -1.8848657
v 0.5125395 0.4399388 -1.8972068
v 0.1644818 0.4396776 -2.0250246
v 0.1640205 0.4276502 -2.0245479
v 0.1637292 0.4200553 -2.0242467
v 0.1634136 0.4118254 -2.0239202
v 0.1619084 0.3725806 -2.0223636
v 0.3150837 0.3722906 -1.9975825
v 0.3141243 0.3603270 -1.9973544
v 0.1614471 0.3605533 -2.0218869
v 0.1625153 0.3884055 -2.0229913
v 0.3163471 0.3880445 -1.9978821
v 0.3156916 0.3798714 -1.9977270
v 0.1621997 0.3801756 -2.0226652
v 0.3194817 0.4271332 -1.9986261
v 0.3204411 0.4390968 -1.9988539
v 0.3182184 0.4113793 -1.9983261
v 0.3188738 0.4195524 -1.9984820
v 0.4923977 0.3724870 -1.9054642
v 0.4887131 0.3601484 -1.9069747
v 0.4971629 0.3884451 -1.9035105
v 0.4945592 0.3797259 -1.9045781
v 0.5088551 0.4276002 -1.8987178
v 0.5125395 0.4399388 -1.8972068
v 0.5040898 0.4116421 -1.9006711
v 0.5066935 0.4203613 -1.8996034
v 0.1621997 0.3801756 -2.0226652
v 0.1620540 0.3763781 -2.0007815
v -0.0000002 0.3765182 -2.0155543
v -0.0000002 0.3803172 -2.0374674
v 0.1628066 0.3960005 -2.0232925
v 0.1626610 0.3922030 -2.0014092
v -0.0000002 0.3924497 -2.0163085
v -0.0000002 0.3962487 -2.0382221
v 0.3156916 0.3798714 -1.9977270
v 0.3153877 0.3760810 -1.9759212
v 0.1620540 0.3763781 -2.0007815
v 0.1621997 0.3801756 -2.0226652
v 0.3169550 0.3956254 -1.9980266
v 0.3166510 0.3918349 -1.9762212
v 0.1626610 0.3922030 -2.0014092
v 0.1628066 0.3960005 -2.0232925
v 0.1637292 0.4200553 -2.0242467
v 0.1638749 0.4238528 -2.0026638
v 0.3191778 0.4233428 -1.9768207
v 0.3188738 0.4195524 -1.9984820
v 0.1631223 0.4042304 -2.0236190
v 0.1632679 0.4080279 -2.0020365
v 0.3179144 0.4075888 -1.9765212
v 0.3176105 0.4037984 -1.9981821
v 0.4945592 0.3797259 -1.9045781
v 0.4934785 0.3761065 -1.8832878
v 0.3153877 0.3760810 -1.9759212
v 0.3156916 0.3798714 -1.9977270
v 0.4993245 0.3956840 -1.9026244
v 0.4982438 0.3920646 -1.8813345
v 0.3166510 0.3918349 -1.9762212
v 0.3169550 0.3956254 -1.9980266
v 0.3188738 0.4195524 -1.9984820
v 0.3191778 0.4233428 -1.9768207
v 0.5077742 0.4239807 -1.8774274
v 0.5066935 0.4203613 -1.8996034
v 0.3176105 0.4037984 -1.9981821
v 0.3179144 0.4075888 -1.9765212
v 0.5030089 0.4080226 -1.8793812
v 0.5019281 0.4044032 -1.9015571
v 0.1640205 0.4276502 -2.0245479
v 0.1638749 0.4238528 -2.0026638
v -0.0000002 0.4243131 -2.0178182
v -0.0000002 0.4281122 -2.0397313
v 0.1634136 0.4118254 -2.0239202
v 0.1632679 0.4080279 -2.0020365
v -0.0000002 0.4083813 -2.0170636
v -0.0000002 0.4121804 -2.0389763
v 0.1619084 0.3725806 -2.0223636
v 0.1620540 0.3763781 -2.0007815
v 0.3153877 0.3760810 -1.9759212
v 0.3150837 0.3722906 -1.9975825
v 0.1625153 0.3884055 -2.0229913
v 0.1626610 0.3922030 -2.0014092
v 0.3166510 0.3918349 -1.9762212
v 0.3163471 0.3880445 -1.9978821
v 0.3194817 0.4271332 -1.9986261
v 0.3191778 0.4233428 -1.9768207
v 0.1638749 0.4238528 -2.0026638
v 0.1640205 0.4276502 -2.0245479
v 0.3182184 0.4113793 -1.9983261
v 0.3179144 0.4075888 -1.9765212
v 0.1632679 0.4080279 -2.0020365
v 0.1634136 0.4118254 -2.0239202
v 0.3150837 0.3722906 -1.9975825
v 0.3153877 0.3760810 -1.9759212
v 0.4934785 0.3761065 -1.8832878
v 0.4923977 0.3724870 -1.9054642
v 0.3163471 0.3880445 -1.9978821
v 0.3166510 0.3918349 -1.9762212
v 0.4982438 0.3920646 -1.8813345
v 0.4971629 0.3884451 -1.9035105
v 0.5088551 0.4276002 -1.8987178
v 0.5077742 0.4239807 -1.8774274
v 0.3191778 0.4233428 -1.9768207
v 0.3194817 0.4271332 -1.9986261
v 0.5040898 0.4116421 -1.9006711
v 0.5030089 0.4080226 -1.8793812
v 0.3179144 0.4075888 -1.9765212
v 0.3182184 0.4113793 -1.9983261
v 0.4887131 0.3601484 -1.9069747
v 0.4887131 0.3601484 -1.8852416
v 0.5125395 0.4399388 -1.8754737
v 0.5125395 0.4399388 -1.8972068
v 0.1639391 0.5573372 -1.9173074
v 0.1645335 0.6077249 -1.9062152
v 0.3080846 0.6561640 -1.8693182
v 0.2786500 0.6675639 -1.8662001
v 0.3087773 0.6698309 -1.8633325
v 0.2781146 0.5574494 -1.9007001
v 0.2534486 0.5574367 -1.9043418
v 0.2676786 0.6079112 -1.8916448
v 0.2964800 0.6143676 -1.8857783
v 0.2840737 0.6978072 -1.8491005
v 0.3003584 0.6929229 -1.8532810
v 0.3058220 0.6830846 -1.8574023
v 0.1649976 0.6675922 -1.8799481
v 0.1659131 0.6978940 -1.8619130
v 0.2877467 0.7146757 -1.8931696
v 0.2875739 0.7139719 -1.8985659
v 0.1656961 0.7138616 -1.9116205
v 0.1652169 0.7145359 -1.9062707
v 0.1652902 0.5446172 -1.9851459
v 0.1650877 0.5402664 -1.9829730
v 0.2548759 0.5446513 -1.9718599
v 0.2546860 0.5402888 -1.9696302
v 0.2921770 0.5446611 -1.9663072
v 0.2942009 0.5402988 -1.9637458
v 0.3145244 0.6137934 -1.9487289
v 0.3172449 0.6115693 -1.9456977
v 0.3268455 0.6581076 -1.9318713
v 0.3296915 0.6563236 -1.9287662
v 0.3278370 0.6770665 -1.9240290
v 0.3306756 0.6760716 -1.9204856
v 0.3233497 0.6943233 -1.9148709
v 0.3259255 0.6939627 -1.9107414
v 0.3139273 0.7061434 -1.9053887
v 0.3158640 0.7063328 -1.9004564
v 0.2875739 0.7139719 -1.8985659
v 0.2859977 0.7071805 -1.9072176
v 0.1663529 0.7071763 -1.9201166
v 0.1656961 0.7138616 -1.9116205
v 0.1650044 0.5551725 -1.9827448
v 0.1652902 0.5446172 -1.9851459
v 0.2545445 0.5552462 -1.9696523
v 0.2548759 0.5446513 -1.9718599
v 0.2842510 0.5552563 -1.9652412
v 0.2921770 0.5446611 -1.9663072
v 0.3042076 0.6170515 -1.9492701
v 0.3145244 0.6137934 -1.9487289
v 0.3160983 0.6598547 -1.9326598
v 0.3268455 0.6581076 -1.9318713
v 0.3171138 0.6761012 -1.9263027
v 0.3278370 0.6770665 -1.9240290
v 0.3135350 0.6911897 -1.9191702
v 0.3233497 0.6943233 -1.9148709
v 0.3062997 0.7011187 -1.9124502
v 0.3139273 0.7061434 -1.9053887
v 0.2859977 0.7071805 -1.9072176
v 0.2840737 0.6978072 -1.8491005
v 0.1659131 0.6978940 -1.8619130
v 0.1663529 0.7071763 -1.9201166
v -0.0000002 0.7039038 -1.9064311
v -0.0000002 0.7073329 -1.9280993
v 0.1650044 0.5551725 -1.9827448
v 0.1639391 0.5573372 -1.9173074
v 0.2534486 0.5574367 -1.9043418
v 0.2545445 0.5552462 -1.9696523
v 0.2781146 0.5574494 -1.9007001
v 0.2842510 0.5552563 -1.9652412
v 0.2842510 0.5552563 -1.9652412
v 0.2781146 0.5574494 -1.9007001
v 0.2964800 0.6143676 -1.8857783
v 0.3042076 0.6170515 -1.9492701
v 0.3080846 0.6561640 -1.8693182
v 0.3160983 0.6598547 -1.9326598
v 0.3087773 0.6698309 -1.8633325
v 0.3171138 0.6761012 -1.9263027
v 0.3058220 0.6830846 -1.8574023
v 0.3135350 0.6911897 -1.9191702
v 0.3003584 0.6929229 -1.8532810
v 0.3062997 0.7011187 -1.9124502
v 0.2971471 0.5566879 -1.9546811
v 0.2971471 0.5566879 -1.9297849
v -0.0000002 0.5567388 -1.9611949
v -0.0000002 0.5567388 -1.9860911
v 0.3119021 0.6341485 -1.9337157
v 0.3119021 0.6341485 -1.9088195
v -0.0000002 0.6341614 -1.9377501
v -0.0000002 0.6341614 -1.9626462
v 0.3192487 0.6727162 -1.9162202
v 0.3192487 0.6727162 -1.8913240
v -0.0000002 0.6727088 -1.9190261
v -0.0000002 0.6727088 -1.9439223
v 0.3045311 0.5954522 -1.9462588
v 0.3045311 0.5954522 -1.9213627
v -0.0000002 0.5954844 -1.9515303
v -0.0000002 0.5954844 -1.9764265
v 0.3229522 0.6921587 -1.9043712
v 0.3229522 0.6921587 -1.8794750
v -0.0000002 0.6921514 -1.9065523
v -0.0000002 0.6921514 -1.9314485
v 0.3082346 0.6148947 -1.9402511
v 0.3082346 0.6148947 -1.9153549
v -0.0000002 0.6149269 -1.9448989
v -0.0000002 0.6149269 -1.9697951
v 0.3156056 0.6535911 -1.9252848
v 0.3156056 0.6535911 -1.9003887
v -0.0000002 0.6536039 -1.9286948
v -0.0000002 0.6536040 -1.9535910
v 0.3008506 0.5761304 -1.9507149
v 0.3008506 0.5761304 -1.9258187
v -0.0000002 0.5761813 -1.9566050
v -0.0000002 0.5761813 -1.9815012
v 0.3240978 0.6981729 -1.9007062
v -0.0000002 0.6981880 -1.9275753
v -0.0000002 0.7028260 -1.9190877
v 0.3249827 0.7028187 -1.8923631
v 0.3090854 0.6193612 -1.9388716
v -0.0000002 0.6192948 -1.9683054
v -0.0000002 0.6245101 -1.9610145
v 0.3100723 0.6245424 -1.9317587
v 0.3165664 0.6586347 -1.9230981
v -0.0000002 0.6586082 -1.9512601
v -0.0000002 0.6636033 -1.9434215
v 0.3175153 0.6636162 -1.9154259
v 0.3016310 0.5802274 -1.9498786
v -0.0000002 0.5801227 -1.9805707
v -0.0000002 0.5854855 -1.9737924
v 0.3026423 0.5855364 -1.9432835
v 0.3203943 0.6787304 -1.9125551
v -0.0000002 0.6787454 -1.9400495
v -0.0000002 0.6833834 -1.9315615
v 0.3212792 0.6833761 -1.9042121
v 0.3053819 0.5999186 -1.9448785
v -0.0000002 0.5998524 -1.9749368
v -0.0000002 0.6050676 -1.9676459
v 0.3063688 0.6050998 -1.9377656
v 0.3128629 0.6391921 -1.9315285
v -0.0000002 0.6391656 -1.9603158
v -0.0000002 0.6441607 -1.9524772
v 0.3138118 0.6441736 -1.9238564
v 0.2979275 0.5607848 -1.9538452
v -0.0000002 0.5606802 -1.9851606
v -0.0000002 0.5660430 -1.9783827
v 0.2989388 0.5660939 -1.9472502
v 0.7211314 0.8492273 -0.5285161
v 0.7181074 0.8484581 -0.6596080
v 0.7104325 0.8669117 -0.6649451
v 0.6764022 0.9610405 -0.5076233
v 0.7030439 0.8651381 -0.6666605
v 0.7104325 0.8669117 -0.6649451
v 0.7181074 0.8484581 -0.6596080
v 0.7116137 0.8445168 -0.6606973
v 0.7116137 0.8445168 -0.6606973
v 0.7181074 0.8484581 -0.6596080
v 0.7211314 0.8492273 -0.5285161
v 0.7146988 0.8453018 -0.5269991
v 0.7146988 0.8453018 -0.5269991
v 0.7211314 0.8492273 -0.5285161
v 0.6764022 0.9610405 -0.5076233
v 0.6681272 0.9617147 -0.5052472
v 0.6681272 0.9617147 -0.5052472
v 0.6764022 0.9610405 -0.5076233
v 0.7104325 0.8669117 -0.6649451
v 0.7030439 0.8651381 -0.6666605
v 0.9130657 0.8688172 -0.4575204
v 0.9128086 0.8657937 -0.5248943
v 0.9108720 0.8807274 -0.5366808
v 0.8908365 0.9485261 -0.4627910
v 0.8905059 0.9495187 -0.5053782
v 0.7774485 0.9597279 -0.5561329
v 0.7567076 0.9608496 -0.5183634
v 0.7507156 0.8460311 -0.5197845
v 0.8958315 0.8545745 -0.5291634
v 0.9029998 0.8561861 -0.4599071
v 0.8975295 0.9373760 -0.5250559
v 0.9040544 0.8812918 -0.5451170
v 0.7839966 0.8738552 -0.5988601
v 0.7804098 0.9478679 -0.5758548
v 0.7440935 0.8524020 -0.5213546
v 0.7387289 0.8879559 -0.5311649
v 0.7350832 0.8529633 -0.5320293
v 0.7401695 0.8487664 -0.5259885
v 0.7401695 0.8487664 -0.5259885
v 0.7350832 0.8529633 -0.5320293
v 0.7480309 0.8529632 -0.5866336
v 0.7589311 0.8485349 -0.5850174
v 0.7516766 0.8879559 -0.5857692
v 0.7722460 0.8763647 -0.5975018
v 0.7707684 0.9486206 -0.5714016
v 0.7444835 0.9495029 -0.5212619
v 0.7387289 0.8879559 -0.5311649
v 0.6865075 0.8814413 -0.5435473
v 0.7007540 0.8486808 -0.5401696
v 0.7350832 0.8529633 -0.5320293
v 0.7350832 0.8529633 -0.5320293
v 0.7007540 0.8486808 -0.5401696
v 0.7137016 0.8486807 -0.5947738
v 0.7480309 0.8529632 -0.5866336
v 0.7480309 0.8529632 -0.5866336
v 0.7137016 0.8486807 -0.5947738
v 0.6994552 0.8814413 -0.5981519
v 0.7516766 0.8879559 -0.5857692
v 0.7516766 0.8879559 -0.5857692
v 0.6994552 0.8814413 -0.5981519
v 0.6865075 0.8814413 -0.5435473
v 0.7387289 0.8879559 -0.5311649
v 0.7763411 0.8679009 -0.5968153
v 0.7718664 0.8464601 -0.5824984
v 0.9063110 0.8659009 -0.5339475
v 0.9048118 0.9345980 -0.4594774
v 0.9042428 0.9364892 -0.5166802
v 0.9025316 0.8551688 -0.5207273
v 0.7871931 0.9588984 -0.5604795
v 0.8838186 0.9503454 -0.5138000
v 0.7507156 0.8460311 -0.5197845
v 0.8993597 0.9308584 -0.4688318
v 0.8892325 0.9409513 -0.4712337
v 0.9009733 0.8638089 -0.4684494
v 0.9068478 0.8711805 -0.4670564
v 0.9048118 0.9345980 -0.4594774
v 0.9015139 0.9328998 -0.4602593
v 0.9094203 0.8698904 -0.4583848
v 0.9130657 0.8688172 -0.4575204
v 0.9012576 0.8596477 -0.4603202
v 0.9029998 0.8561861 -0.4599071
v 0.7519866 0.8497102 -0.5194829
v 0.7507156 0.8460311 -0.5197845
v 0.7475817 0.8539480 -0.5205273
v 0.7440935 0.8524020 -0.5213546
v 0.7479592 0.9479069 -0.5204379
v 0.7444835 0.9495029 -0.5212619
v 0.7578998 0.9571342 -0.5180809
v 0.7567076 0.9608496 -0.5183634
v 0.8892860 0.9450862 -0.4631587
v 0.8908365 0.9485261 -0.4627910
v 0.9015139 0.9328998 -0.4602593
v 0.8993597 0.9308584 -0.4688318
v 0.9068478 0.8711805 -0.4670564
v 0.9094203 0.8698904 -0.4583848
v 0.9009733 0.8638089 -0.4684494
v 0.9012576 0.8596477 -0.4603202
v 0.7544545 0.8549695 -0.5269595
v 0.7519866 0.8497102 -0.5194829
v 0.7475817 0.8539480 -0.5205273
v 0.7539469 0.9459885 -0.5270799
v 0.7479592 0.9479069 -0.5204379
v 0.7611427 0.9526677 -0.5253735
v 0.7578998 0.9571342 -0.5180809
v 0.8892325 0.9409513 -0.4712337
v 0.8892860 0.9450862 -0.4631587
v 0.7539469 0.9459885 -0.5270799
v 0.7544545 0.8549695 -0.5269595
v 0.7611427 0.9526677 -0.5253735
v 0.7265381 0.2496127 0.8876668
v 0.7111311 0.2490739 0.7975818
v 0.7263052 0.3478216 0.8147307
v 0.7375177 0.3478216 0.8696607
v 0.7299187 0.3478215 -0.8249329
v 0.7164757 0.2521740 -0.8359623
v 0.7317635 0.3478216 -0.8751628
v 0.7302994 0.3478215 -0.7928829
v 0.7149870 0.2490433 -0.7844072
v 0.7410822 0.3478216 -0.9127148
v 0.7206972 0.2516094 -0.8917212
v 0.7272670 0.2516093 -0.9330566
v 0.7544051 0.3478216 -0.9440362
v 0.7508591 0.3478217 0.9015588
v 0.7263052 0.3478216 0.8147307
v 0.7111311 0.2490739 0.7975818
v 0.7105600 0.2534227 0.7940971
v 0.7232388 0.3478216 0.8111579
v 0.7149870 0.2490433 -0.7844072
v 0.7302994 0.3478215 -0.7928829
v 0.7275129 0.3478215 -0.7893799
v 0.7143647 0.2530190 -0.7808348
v 0.6858846 0.3377589 -1.7603856
v 0.7404955 0.3420278 -1.6232803
v 0.6998981 0.2231571 -1.6371360
v 0.6463509 0.2344956 -1.7601587
v 0.1645677 0.3378862 -2.0351786
v 0.1583948 0.2841783 -2.0193850
v 0.7580045 0.3554845 -1.5572213
v 0.7259621 0.2169216 -1.5694821
v 0.3206324 0.3378754 -2.0102600
v 0.3086073 0.2841782 -1.9963357
v 0.3181975 0.2548184 -1.9806588
v 0.3492522 0.2709698 -1.9710652
v 0.5890652 0.2709698 -1.8506963
v 0.5820914 0.2426897 -1.8490193
v 0.6350903 0.2709698 -1.7866278
v 0.3737920 0.2826451 -1.8346387
v 0.3705878 0.3013573 -1.8424622
v 0.6254057 0.3011444 -1.7493056
v 0.6221166 0.2826449 -1.7470494
v 0.3455639 0.3115404 -1.9875392
v 0.6179344 0.3378184 -1.8576382
v 0.6064162 0.3111469 -1.8548686
v 0.6512264 0.3110793 -1.7913785
v 0.6064162 0.3111469 -1.8548686
v 0.6254057 0.3011444 -1.7493056
v 0.3705878 0.3013573 -1.8424622
v 0.3455639 0.3115404 -1.9875392
v 0.3455639 0.3115404 -1.9875392
v 0.3705878 0.3013573 -1.8424622
v 0.3737920 0.2826451 -1.8346387
v 0.3492522 0.2709698 -1.9710652
v 0.3492522 0.2709698 -1.9710652
v 0.3737920 0.2826451 -1.8346387
v 0.6221166 0.2826449 -1.7470494
v 0.5890652 0.2709698 -1.8506963
v 0.6350903 0.2709698 -1.7866278
v 0.6350903 0.2709698 -1.7866278
v 0.6221166 0.2826449 -1.7470494
v 0.6254057 0.3011444 -1.7493056
v 0.6512264 0.3110793 -1.7913785
v 0.6512264 0.3110793 -1.7913785
v 0.7152506 0.2495905 0.6491573
v 0.6973289 0.1746889 0.6491573
v 0.7020853 0.1749118 0.2072582
v 0.7199551 0.2497216 0.2072582
v 0.7210409 0.2496448 -0.2155181
v 0.7031190 0.1747429 -0.2155181
v 0.6969561 0.1739487 -0.7844072
v 0.7149870 0.2490433 -0.7844072
v 0.7265381 0.2496127 0.8876668
v 0.7069130 0.1738435 0.8875239
v 0.6932944 0.1743227 0.7975818
v 0.7111311 0.2490739 0.7975818
v 0.6975050 0.1734488 -0.8445751
v 0.7164757 0.2521740 -0.8359623
v 0.7206972 0.2516094 -0.8917212
v 0.7072172 0.1729406 -0.9330566
v 0.7272670 0.2516093 -0.9330566
v 0.7152506 0.2495905 0.6491573
v 0.7199551 0.2497216 0.2072582
v 0.7188812 0.2546712 0.2072362
v 0.7139600 0.2545005 0.6490903
v 0.7210409 0.2496448 -0.2155181
v 0.7197491 0.2545533 -0.2155001
v 0.5453435 0.3488774 1.9899912
v 0.4749054 0.3493607 2.0064831
v 0.5107251 0.2671139 1.9817363
v 0.6411611 0.3486428 1.8572693
v 0.6168463 0.2572221 1.8725890
v 0.7130518 0.2250834 1.5870682
v 0.7364575 0.3486952 1.5775423
v 0.6058770 0.3488496 1.9476465
v 0.5871370 0.2636094 1.9423130
v 0.7263801 0.2173947 1.5216851
v 0.7552209 0.3558866 1.5239519
v 0.5107251 0.2671139 1.9513303
v 0.5107251 0.2671139 1.9817363
v 0.4749054 0.3493607 2.0064831
v 0.4390064 0.3149831 1.9956520
v 0.4594156 0.2684217 1.9651824
v 0.5107251 0.2671139 1.9513303
v 0.4749054 0.3493607 2.0064831
v 0.3692475 0.3495605 2.0288701
v 0.3692072 0.3171474 2.0144393
v 0.1610032 0.3499216 2.0416112
v 0.1609972 0.2718910 2.0023071
v 0.7272670 0.2516093 -0.9330566
v 0.7292030 0.2505498 -0.9480241
v 0.7550890 0.3467098 -0.9579911
v 0.7544051 0.3478216 -0.9440362
v 0.7508591 0.3478217 0.9015588
v 0.7516031 0.3464939 0.9166892
v 0.7265235 0.2488067 0.9036770
v 0.7265381 0.2496127 0.8876668
v 0.7580045 0.3554845 -1.5572213
v 0.7585223 0.3540192 -1.5425122
v 0.7279585 0.2165771 -1.5545775
v 0.7259621 0.2169216 -1.5694821
v 0.7100785 0.1717351 -0.9480241
v 0.7292030 0.2505498 -0.9480241
v 0.7265235 0.2488067 0.9036770
v 0.7073990 0.1738798 0.9036770
v 0.7552209 0.3558866 1.5239519
v 0.7263801 0.2173947 1.5216851
v 0.7557638 0.3541866 1.5103635
v -0.0000002 0.4243131 -2.0178182
v 0.1638749 0.4238528 -2.0026638
v 0.1637292 0.4200553 -2.0242467
v -0.0000002 0.4205140 -2.0393714
v -0.0000002 0.4083813 -2.0170636
v 0.1632679 0.4080279 -2.0020365
v 0.1631223 0.4042304 -2.0236190
v -0.0000002 0.4045822 -2.0386167
v -0.0000002 0.3765182 -2.0155543
v 0.1620540 0.3763781 -2.0007815
v 0.1619084 0.3725806 -2.0223636
v -0.0000002 0.3727191 -2.0371075
v -0.0000002 0.3924497 -2.0163085
v 0.1626610 0.3922030 -2.0014092
v 0.1625153 0.3884055 -2.0229913
v -0.0000002 0.3886506 -2.0378621
v 0.3240978 0.6981729 -1.9007062
v 0.3229522 0.6921587 -1.9043712
v 0.3090854 0.6193612 -1.9388716
v 0.3082346 0.6148947 -1.9402511
v 0.3165664 0.6586347 -1.9230981
v 0.3156056 0.6535911 -1.9252848
v 0.3016310 0.5802274 -1.9498786
v 0.3008506 0.5761304 -1.9507149
v 0.3203943 0.6787304 -1.9125551
v 0.3192487 0.6727162 -1.9162202
v 0.3053819 0.5999186 -1.9448785
v 0.3045311 0.5954522 -1.9462588
v 0.3128629 0.6391921 -1.9315285
v 0.3119021 0.6341485 -1.9337157
v 0.2979275 0.5607848 -1.9538452
v 0.2971471 0.5566879 -1.9546811
v -0.0000002 0.7028260 -1.8997038
v 0.3249827 0.7028187 -1.8729792
v 0.3249827 0.7028187 -1.8923631
v -0.0000002 0.7028260 -1.9190877
v -0.0000002 0.6245101 -1.9416306
v 0.3100723 0.6245424 -1.9123743
v 0.3100723 0.6245424 -1.9317587
v -0.0000002 0.6245101 -1.9610145
v -0.0000002 0.6636033 -1.9240376
v 0.3175153 0.6636162 -1.8960420
v 0.3175153 0.6636162 -1.9154259
v -0.0000002 0.6636033 -1.9434215
v -0.0000002 0.5854855 -1.9544085
v 0.3026423 0.5855364 -1.9238992
v 0.3026423 0.5855364 -1.9432835
v -0.0000002 0.5854855 -1.9737924
v -0.0000002 0.6833834 -1.9121776
v 0.3212792 0.6833761 -1.8848277
v 0.3212792 0.6833761 -1.9042121
v -0.0000002 0.6833834 -1.9315615
v -0.0000002 0.6050676 -1.9482620
v 0.3063688 0.6050998 -1.9183817
v 0.3063688 0.6050998 -1.9377656
v -0.0000002 0.6050676 -1.9676459
v -0.0000002 0.6441607 -1.9330928
v 0.3138118 0.6441736 -1.9044724
v 0.3138118 0.6441736 -1.9238564
v -0.0000002 0.6441607 -1.9524772
v -0.0000002 0.5660430 -1.9589983
v 0.2989388 0.5660939 -1.9278659
v 0.2989388 0.5660939 -1.9472502
v -0.0000002 0.5660430 -1.9783827
v -0.6616112 0.8149866 -0.9139669
v -0.6620145 0.8507577 -0.8450674
v -0.2924130 0.8513056 -0.9210170
v -0.2910903 0.8202637 -0.9798720
v -0.0000004 0.8499318 -0.9464928
v -0.0000004 0.8198738 -0.9998024
v -0.5874103 1.0487592 -0.4778544
v -0.5896834 1.0441730 -0.4747710
v -0.5190280 1.2058662 -0.1490955
v -0.5174206 1.2086540 -0.1552530
v -0.5178950 1.2040944 1.0028446
v -0.5780060 1.0530251 1.1660869
v -0.5758173 1.0567391 1.1700792
v -0.5168530 1.2053459 1.0089797
v -0.6620145 0.8507577 -0.8450674
v -0.6646019 0.8457235 -0.8432634
v -0.6348354 0.8953939 1.3122087
v -0.6327145 0.8995478 1.3157251
v -0.6646019 0.8457235 -0.8432634
v -0.6620145 0.8507577 -0.8450674
v -0.6609629 0.8410601 -0.9163786
v -0.6636557 0.8358369 -0.9155125
v -0.1737703 0.8473249 -0.9953317
v -0.4092362 0.8469504 -0.9692356
v -0.2910903 0.8202637 -0.9798720
v -0.5804033 0.8427771 -0.9301633
v -0.6609629 0.8410601 -0.9163786
v -0.6620145 0.8507577 -0.8450674
v -0.6616112 0.8149866 -0.9139669
v -0.5174206 1.2086540 -0.1552530
v -0.5190280 1.2058662 -0.1490955
v -0.2274726 1.2103309 -0.1799345
v -0.2280478 1.2136182 -0.1860426
v -0.0000002 1.2106617 -0.1866765
v -0.0000002 1.2140097 -0.1927956
v 0.0000002 1.2099213 1.0272527
v 0.0000002 1.2082343 1.0209454
v -0.2272579 1.2079273 1.0194630
v -0.2279098 1.2095893 1.0257679
v -0.5178950 1.2040944 1.0028446
v -0.5168530 1.2053459 1.0089797
v -0.6609629 0.8410601 -0.9163786
v -0.6616112 0.8149866 -0.9139669
v -0.0000004 0.8471249 -1.0022418
v -0.0000004 0.8198738 -0.9998024
v 0.2924122 0.8513057 -0.9210170
v 0.6620139 0.8507577 -0.8450678
v 0.6616104 0.8149867 -0.9139673
v 0.2910895 0.8202638 -0.9798720
v 0.5874096 1.0487593 -0.4778548
v 0.5174203 1.2086541 -0.1552530
v 0.5190277 1.2058663 -0.1490959
v 0.5896829 1.0441731 -0.4747714
v 0.5178953 1.2040944 1.0028446
v 0.5168534 1.2053459 1.0089789
v 0.5758178 1.0567392 1.1700792
v 0.5780065 1.0530251 1.1660860
v 0.6620139 0.8507577 -0.8450678
v 0.6646013 0.8457235 -0.8432634
v 0.6327150 0.8995479 1.3157243
v 0.6348361 0.8953939 1.3122087
v 0.6646013 0.8457235 -0.8432634
v 0.6636549 0.8358369 -0.9155129
v 0.6609620 0.8410602 -0.9163790
v 0.6620139 0.8507577 -0.8450678
v 0.1737694 0.8473249 -0.9953317
v 0.2910895 0.8202638 -0.9798720
v 0.4092354 0.8469505 -0.9692356
v 0.5804025 0.8427772 -0.9301637
v 0.6609620 0.8410602 -0.9163790
v 0.6616104 0.8149867 -0.9139673
v 0.6620139 0.8507577 -0.8450678
v 0.5174203 1.2086541 -0.1552530
v 0.2280474 1.2136182 -0.1860430
v 0.2274722 1.2103309 -0.1799349
v 0.5190277 1.2058663 -0.1490959
v 0.2279101 1.2095893 1.0257679
v 0.2272583 1.2079273 1.0194630
v 0.5168534 1.2053459 1.0089789
v 0.5178953 1.2040944 1.0028446
v 0.6616104 0.8149867 -0.9139673
v 0.6609620 0.8410602 -0.9163790
v -0.6405279 1.0380525 -0.3776591
v -0.5509977 1.0434059 -0.4277568
v -0.4806539 1.1892755 -0.1361090
v -0.5698301 1.1698969 -0.1169651
v -0.6681275 0.9617147 -0.5052467
v -0.6020996 0.9062361 -0.6751570
v -0.7146991 0.8453018 -0.5269987
v -0.6253854 0.8480297 -0.6860330
v -0.6020996 0.9062361 -0.6751570
v -0.6681275 0.9617147 -0.5052467
v -0.6471237 1.0422760 0.2187962
v -0.5813985 1.0414916 0.2760431
v -0.6568549 0.8497346 0.2177208
v -0.7232619 0.8494339 0.1467764
v -0.5654515 1.1850349 0.2762284
v -0.4994198 1.1850052 0.3193576
v -0.6152812 1.0451889 0.9021400
v -0.5385819 1.1830930 0.8526603
v -0.5649484 1.1818029 0.8681988
v -0.6402117 1.0464024 0.9172108
v -0.6811264 0.8550389 0.9723260
v -0.7062369 0.8562927 0.9876147
v -0.5487860 1.0510329 1.1009478
v -0.6038705 0.8986483 1.2248076
v -0.6813498 0.9146909 1.1568998
v -0.6347273 1.0453266 1.0507286
v -0.4866905 1.1887416 0.9411258
v -0.5803505 1.1497434 0.9477923
v -0.6813498 0.9146909 1.1568998
v -0.6038705 0.8986483 1.2248076
v -0.6885859 0.8963637 1.1583421
v -0.6885859 0.8963637 1.1583421
v -0.6038705 0.8986483 1.2248076
v -0.6940628 0.8821917 1.1431669
v -0.5651217 1.1846318 0.6648002
v -0.3059996 1.1839597 0.9689589
v -0.5641439 1.1843831 0.8271821
v -0.5655677 1.1849755 0.3624863
v -0.3068766 1.1844574 0.3302274
v -0.3059996 1.1839597 0.9689589
v -0.5651217 1.1846318 0.6648002
v -0.5640517 1.1854261 0.0231849
v -0.3054187 1.1843171 -0.1491208
v -0.3068766 1.1844574 0.3302274
v -0.5654515 1.1850349 0.2762284
v -0.5698301 1.1698969 -0.1169651
v -0.4806539 1.1892755 -0.1361090
v -0.5635251 1.1836706 -0.0539472
v -0.5685603 1.1726196 0.9156288
v -0.4866905 1.1887416 0.9411258
v -0.5803505 1.1497434 0.9477923
v -0.5649484 1.1818029 0.8681988
v -0.4866905 1.1887416 0.9411258
v -0.5685603 1.1726196 0.9156288
v -0.5654515 1.1850349 0.2762284
v -0.3068766 1.1844574 0.3302274
v -0.4994198 1.1850052 0.3193576
v -0.5641439 1.1843831 0.8271821
v -0.3059996 1.1839597 0.9689589
v -0.5385819 1.1830930 0.8526603
v -0.3068766 1.1844574 0.3302274
v -0.0000000 1.1844575 0.3302270
v 0.0000002 1.1839598 0.9689589
v -0.3059996 1.1839597 0.9689589
v -0.3054187 1.1843171 -0.1491208
v -0.0000002 1.1843172 -0.1491208
v -0.0000000 1.1844575 0.3302270
v -0.3068766 1.1844574 0.3302274
v -0.5174206 1.2086540 -0.1552530
v -0.2280478 1.2136182 -0.1860426
v -0.3054187 1.1843171 -0.1491208
v -0.3059996 1.1839597 0.9689589
v 0.0000002 1.1839598 0.9689589
v 0.0000002 1.2099213 1.0272527
v -0.2279098 1.2095893 1.0257679
v -0.2280478 1.2136182 -0.1860426
v -0.0000002 1.2140097 -0.1927956
v -0.0000002 1.1843172 -0.1491208
v -0.3054187 1.1843171 -0.1491208
v -0.3059996 1.1839597 0.9689589
v -0.2279098 1.2095893 1.0257679
v -0.5168530 1.2053459 1.0089797
v -0.7113484 0.8531450 0.8480435
v 0.0000002 0.8679996 1.0024626
v -0.7173987 0.8520073 0.6543381
v -0.7226275 0.8500353 0.2994243
v -0.7232619 0.8494339 0.1467764
v -0.0000002 0.8471307 -0.2189223
v -0.7229831 0.8474097 -0.1679790
v -0.6940628 0.8821917 1.1431669
v 0.0000002 0.8679996 1.0024626
v -0.7062369 0.8562927 0.9876147
v -0.7079442 0.8537851 0.9470968
v 0.0000002 0.8679996 1.0024626
v -0.7113484 0.8531450 0.8480435
v -0.7229831 0.8474097 -0.1679790
v -0.0000002 0.8471307 -0.2189223
v -0.7146991 0.8453018 -0.5269987
v -0.7146991 0.8453018 -0.5269987
v -0.0000002 0.8471307 -0.2189223
v -0.0000004 0.8499318 -0.9464928
v -0.2924130 0.8513056 -0.9210170
v -0.7226275 0.8500353 0.2994243
v -0.7232619 0.8494339 0.1467764
v -0.6568549 0.8497346 0.2177208
v -0.7062369 0.8562927 0.9876147
v 0.0000002 0.8679996 1.0024626
v -0.6811264 0.8550389 0.9723260
v -0.6327145 0.8995478 1.3157251
v -0.2785158 0.9051411 1.3405470
v -0.6038705 0.8986483 1.2248076
v -0.2785158 0.9051411 1.3405470
v 0.0000003 0.9057479 1.3421828
v 0.0000002 0.8679996 1.0024626
v -0.6940628 0.8821917 1.1431669
v -0.7146991 0.8453018 -0.5269987
v -0.2924130 0.8513056 -0.9210170
v -0.6253854 0.8480297 -0.6860330
v -0.6478530 1.0407072 0.3346316
v -0.7226275 0.8500353 0.2994243
v -0.5655677 1.1849755 0.3624863
v -0.5874103 1.0487592 -0.4778544
v -0.5174206 1.2086540 -0.1552530
v -0.6620145 0.8507577 -0.8450674
v -0.6253854 0.8480297 -0.6860330
v -0.6620145 0.8507577 -0.8450674
v -0.6020996 0.9062361 -0.6751570
v -0.5758173 1.0567391 1.1700792
v -0.6327145 0.8995478 1.3157251
v -0.5168530 1.2053459 1.0089797
v -0.6422792 1.0439752 0.8771287
v -0.5641439 1.1843831 0.8271821
v -0.7079442 0.8537851 0.9470968
v -0.2785158 0.9051411 1.3405470
v -0.6940628 0.8821917 1.1431669
v -0.6038705 0.8986483 1.2248076
v -0.4866905 1.1887416 0.9411258
v -0.5649484 1.1818029 0.8681988
v -0.5385819 1.1830930 0.8526603
v -0.3059996 1.1839597 0.9689589
v -0.5168530 1.2053459 1.0089797
v -0.4866905 1.1887416 0.9411258
v -0.3059996 1.1839597 0.9689589
v -0.4866905 1.1887416 0.9411258
v -0.5385819 1.1830930 0.8526603
v -0.3068766 1.1844574 0.3302274
v -0.5655677 1.1849755 0.3624863
v -0.4994198 1.1850052 0.3193576
v -0.4806539 1.1892755 -0.1361090
v -0.3054187 1.1843171 -0.1491208
v -0.5635251 1.1836706 -0.0539472
v -0.4806539 1.1892755 -0.1361090
v -0.5174206 1.2086540 -0.1552530
v -0.3054187 1.1843171 -0.1491208
v -0.3054187 1.1843171 -0.1491208
v -0.5640517 1.1854261 0.0231849
v -0.5635251 1.1836706 -0.0539472
v -0.2924130 0.8513056 -0.9210170
v -0.6620145 0.8507577 -0.8450674
v -0.6253854 0.8480297 -0.6860330
v -0.1961189 0.7504577 -0.7091199
v -0.2172690 0.8133327 -0.7259673
v -0.1860637 0.8785534 -0.5701584
v -0.1575471 0.7937789 -0.5474429
v -0.2726404 0.8521916 -0.7363796
v -0.2607211 0.9309469 -0.5841970
v -0.3410833 0.8521916 -0.7363796
v -0.3530026 0.9309469 -0.5841970
v -0.3964548 0.8133327 -0.7259673
v -0.4276599 0.8785534 -0.5701580
v -0.4176048 0.7504577 -0.7091199
v -0.4561765 0.7937789 -0.5474429
v -0.1575471 0.7937789 -0.5474429
v -0.1860637 0.8785534 -0.5701584
v -0.3068618 0.7937790 -0.5474429
v -0.2607211 0.9309469 -0.5841970
v -0.3530026 0.9309469 -0.5841970
v -0.4276599 0.8785534 -0.5701580
v -0.4561765 0.7937789 -0.5474429
v -0.2172690 0.8133327 -0.7259673
v -0.1961189 0.7504577 -0.7091199
v -0.3068618 0.7504577 -0.7091199
v -0.4176048 0.7504577 -0.7091199
v -0.3964548 0.8133327 -0.7259673
v -0.3410833 0.8521916 -0.7363796
v -0.2726404 0.8521916 -0.7363796
v -0.3080151 0.9608470 -0.4753974
v -0.3080151 0.9479741 -0.4570126
v -0.2503426 0.9396954 -0.4531525
v -0.2443364 0.9517062 -0.4711349
v -0.3080151 0.9384892 -0.4773532
v -0.2503426 0.9302105 -0.4734931
v -0.3080151 0.9608470 -0.4753974
v -0.2443364 0.9517062 -0.4711349
v -0.1983154 0.9156700 -0.4419492
v -0.1868910 0.9251786 -0.4587652
v -0.1983154 0.9061850 -0.4622898
v -0.1868910 0.9251786 -0.4587652
v -0.1570264 0.8782494 -0.4244999
v -0.1413020 0.8838610 -0.4394984
v -0.1570264 0.8687645 -0.4448404
v -0.1413020 0.8838610 -0.4394984
v -0.1305173 0.8310968 -0.4025120
v -0.1120321 0.8317978 -0.4152205
v -0.1305173 0.8216119 -0.4228526
v -0.1120321 0.8317978 -0.4152205
v -0.1213828 0.7788277 -0.3781387
v -0.1019464 0.7740853 -0.3883090
v -0.1213828 0.7693428 -0.3984793
v -0.1019464 0.7740853 -0.3883090
v -0.5140838 0.7740853 -0.3883090
v -0.4946474 0.7788278 -0.3781387
v -0.4855129 0.8310968 -0.4025120
v -0.5039981 0.8317979 -0.4152205
v -0.4946474 0.7693428 -0.3984793
v -0.4855129 0.8216119 -0.4228526
v -0.5140838 0.7740853 -0.3883090
v -0.5039981 0.8317979 -0.4152205
v -0.4590037 0.8782495 -0.4244999
v -0.4747281 0.8838611 -0.4394980
v -0.4590037 0.8687646 -0.4448404
v -0.4747281 0.8838611 -0.4394980
v -0.4177147 0.9156700 -0.4419492
v -0.4291391 0.9251787 -0.4587648
v -0.4177147 0.9061850 -0.4622898
v -0.4291391 0.9251787 -0.4587648
v -0.3656875 0.9396955 -0.4531525
v -0.3716937 0.9517063 -0.4711349
v -0.3656875 0.9302106 -0.4734931
v -0.3716937 0.9517063 -0.4711349
v -0.4340987 1.0009600 0.1731501
v -0.1837924 1.0009600 0.1731501
v -0.0689623 0.7542992 0.1296573
v -0.5489287 0.7542992 0.1296573
v -0.0689623 0.7342384 0.2434279
v -0.1837923 0.9808992 0.2869207
v -0.4340987 0.9808992 0.2869207
v -0.5489287 0.7342384 0.2434279
v -0.0689623 0.7542992 0.1296573
v -0.1837924 1.0009600 0.1731501
v -0.1837923 0.9808992 0.2869207
v -0.0689623 0.7342384 0.2434279
v -0.2472139 1.0410345 0.1802165
v -0.3706770 1.0410344 0.1802165
v -0.3706770 1.0209736 0.2939871
v -0.2472139 1.0209736 0.2939871
v -0.4340987 1.0009600 0.1731501
v -0.5489287 0.7542992 0.1296573
v -0.5489287 0.7342384 0.2434279
v -0.4340987 0.9808992 0.2869207
v -0.1837924 1.0009600 0.1731501
v -0.2472139 1.0410345 0.1802165
v -0.2472139 1.0209736 0.2939871
v -0.1837923 0.9808992 0.2869207
v -0.3706770 1.0410344 0.1802165
v -0.4340987 1.0009600 0.1731501
v -0.4340987 0.9808992 0.2869207
v -0.3706770 1.0209736 0.2939871
v -0.3706770 1.0410344 0.1802165
v -0.2472139 1.0410345 0.1802165
v -0.2472139 1.0209736 0.2939871
v -0.3706770 1.0209736 0.2939871
v -0.6489342 0.6878754 0.9305184
v -0.5341041 0.9345362 0.9740116
v 0.5341045 0.9345362 0.9740116
v 0.6489345 0.6878754 0.9305176
v -0.5341041 0.9345362 0.9740116
v -0.6489342 0.6878754 0.9305184
v -0.6489341 0.6678146 1.0442890
v -0.5341041 0.9144754 1.0877814
v -0.4706825 0.9746107 0.9810772
v -0.5341041 0.9345362 0.9740116
v -0.5341041 0.9144754 1.0877814
v -0.4706825 0.9545498 1.0948479
v -0.4706825 0.9746107 0.9810772
v 0.4706828 0.9746107 0.9810772
v -0.4706825 0.9746107 0.9810772
v -0.4706825 0.9545498 1.0948479
v 0.4706829 0.9545499 1.0948479
v 0.4706828 0.9746107 0.9810772
v -0.5341041 0.9144754 1.0877814
v 0.5341046 0.9144755 1.0877814
v 0.4706829 0.9545499 1.0948479
v -0.4706825 0.9545498 1.0948479
v 0.6405274 1.0380526 -0.3776595
v 0.5698297 1.1698970 -0.1169651
v 0.4806536 1.1892755 -0.1361090
v 0.5509970 1.0434060 -0.4277568
v 0.6681269 0.9617147 -0.5052472
v 0.6020990 0.9062362 -0.6751575
v 0.6020990 0.9062362 -0.6751575
v 0.6253847 0.8480298 -0.6860334
v 0.7146985 0.8453020 -0.5269995
v 0.6681269 0.9617147 -0.5052472
v 0.6471236 1.0422760 0.2187958
v 0.7232617 0.8494340 0.1467760
v 0.6568547 0.8497347 0.2177204
v 0.5813984 1.0414917 0.2760427
v 0.5654515 1.1850350 0.2762284
v 0.4994198 1.1850053 0.3193572
v 0.5649486 1.1818030 0.8681988
v 0.5385822 1.1830930 0.8526603
v 0.6152816 1.0451889 0.9021392
v 0.6402120 1.0464025 0.9172099
v 0.6811267 0.8550389 0.9723252
v 0.7062373 0.8562928 0.9876139
v 0.6813502 0.9146910 1.1568989
v 0.6038711 0.8986484 1.2248067
v 0.5487864 1.0510329 1.1009470
v 0.6347277 1.0453266 1.0507286
v 0.4866908 1.1887416 0.9411258
v 0.5803508 1.1497435 0.9477914
v 0.6813502 0.9146910 1.1568989
v 0.6885863 0.8963638 1.1583421
v 0.6038711 0.8986484 1.2248067
v 0.6885863 0.8963638 1.1583421
v 0.6940632 0.8821917 1.1431669
v 0.6038711 0.8986484 1.2248067
v 0.5651219 1.1846319 0.6647994
v 0.5641440 1.1843831 0.8271813
v 0.3059999 1.1839597 0.9689589
v 0.5655678 1.1849755 0.3624859
v 0.5651219 1.1846319 0.6647994
v 0.3059999 1.1839597 0.9689589
v 0.3068765 1.1844575 0.3302270
v 0.5640515 1.1854262 0.0231849
v 0.5654515 1.1850350 0.2762284
v 0.3068765 1.1844575 0.3302270
v 0.3054183 1.1843172 -0.1491208
v 0.5698297 1.1698970 -0.1169651
v 0.5635249 1.1836706 -0.0539472
v 0.4806536 1.1892755 -0.1361090
v 0.5685607 1.1726196 0.9156288
v 0.5803508 1.1497435 0.9477914
v 0.4866908 1.1887416 0.9411258
v 0.5649486 1.1818030 0.8681988
v 0.5685607 1.1726196 0.9156288
v 0.4866908 1.1887416 0.9411258
v 0.5654515 1.1850350 0.2762284
v 0.4994198 1.1850053 0.3193572
v 0.3068765 1.1844575 0.3302270
v 0.5641440 1.1843831 0.8271813
v 0.5385822 1.1830930 0.8526603
v 0.3059999 1.1839597 0.9689589
v 0.3068765 1.1844575 0.3302270
v 0.3059999 1.1839597 0.9689589
v 0.0000002 1.1839598 0.9689589
v -0.0000000 1.1844575 0.3302270
v 0.3054183 1.1843172 -0.1491208
v 0.3068765 1.1844575 0.3302270
v -0.0000000 1.1844575 0.3302270
v -0.0000002 1.1843172 -0.1491208
v 0.5174203 1.2086541 -0.1552530
v 0.3054183 1.1843172 -0.1491208
v 0.2280474 1.2136182 -0.1860430
v 0.3059999 1.1839597 0.9689589
v 0.2279101 1.2095893 1.0257679
v 0.0000002 1.2099213 1.0272527
v 0.0000002 1.1839598 0.9689589
v -0.0000002 1.1843172 -0.1491208
v -0.0000002 1.2140097 -0.1927956
v 0.2280474 1.2136182 -0.1860430
v 0.3054183 1.1843172 -0.1491208
v 0.3059999 1.1839597 0.9689589
v 0.5168534 1.2053459 1.0089789
v 0.2279101 1.2095893 1.0257679
v 0.7113486 0.8531451 0.8480435
v 0.7173988 0.8520074 0.6543373
v 0.0000002 0.8679996 1.0024626
v 0.7226274 0.8500354 0.2994239
v 0.7232617 0.8494340 0.1467760
v 0.7229828 0.8474098 -0.1679794
v -0.0000002 0.8471307 -0.2189223
v 0.6940632 0.8821917 1.1431669
v 0.7062373 0.8562928 0.9876139
v 0.0000002 0.8679996 1.0024626
v 0.7079445 0.8537852 0.9470960
v 0.7113486 0.8531451 0.8480435
v 0.0000002 0.8679996 1.0024626
v 0.7229828 0.8474098 -0.1679794
v 0.7146985 0.8453020 -0.5269995
v -0.0000002 0.8471307 -0.2189223
v 0.7146985 0.8453020 -0.5269995
v 0.2924122 0.8513057 -0.9210170
v -0.0000004 0.8499318 -0.9464928
v -0.0000002 0.8471307 -0.2189223
v 0.7226274 0.8500354 0.2994239
v 0.7232617 0.8494340 0.1467760
v -0.0000002 0.8471307 -0.2189223
v 0.6811267 0.8550389 0.9723252
v 0.7079445 0.8537852 0.9470960
v 0.0000002 0.8679996 1.0024626
v 0.6327150 0.8995479 1.3157243
v 0.6038711 0.8986484 1.2248067
v 0.2785164 0.9051411 1.3405470
v 0.0000002 0.8679996 1.0024626
v 0.0000003 0.9057479 1.3421828
v 0.2785164 0.9051411 1.3405470
v 0.6940632 0.8821917 1.1431669
v 0.7146985 0.8453020 -0.5269995
v 0.6253847 0.8480298 -0.6860334
v 0.2924122 0.8513057 -0.9210170
v 0.7226274 0.8500354 0.2994239
v 0.6478529 1.0407072 0.3346312
v 0.5655678 1.1849755 0.3624859
v 0.5174203 1.2086541 -0.1552530
v 0.5874096 1.0487593 -0.4778548
v 0.6620139 0.8507577 -0.8450678
v 0.6253847 0.8480298 -0.6860334
v 0.6020990 0.9062362 -0.6751575
v 0.6620139 0.8507577 -0.8450678
v 0.6327150 0.8995479 1.3157243
v 0.5758178 1.0567392 1.1700792
v 0.5168534 1.2053459 1.0089789
v 0.5641440 1.1843831 0.8271813
v 0.6422794 1.0439752 0.8771287
v 0.7079445 0.8537852 0.9470960
v 0.2785164 0.9051411 1.3405470
v 0.6038711 0.8986484 1.2248067
v 0.6940632 0.8821917 1.1431669
v 0.4866908 1.1887416 0.9411258
v 0.5385822 1.1830930 0.8526603
v 0.5649486 1.1818030 0.8681988
v 0.3059999 1.1839597 0.9689589
v 0.4866908 1.1887416 0.9411258
v 0.5168534 1.2053459 1.0089789
v 0.3059999 1.1839597 0.9689589
v 0.5385822 1.1830930 0.8526603
v 0.4866908 1.1887416 0.9411258
v 0.3068765 1.1844575 0.3302270
v 0.4994198 1.1850053 0.3193572
v 0.5655678 1.1849755 0.3624859
v 0.4806536 1.1892755 -0.1361090
v 0.5635249 1.1836706 -0.0539472
v 0.3054183 1.1843172 -0.1491208
v 0.4806536 1.1892755 -0.1361090
v 0.3054183 1.1843172 -0.1491208
v 0.5174203 1.2086541 -0.1552530
v 0.3054183 1.1843172 -0.1491208
v 0.5635249 1.1836706 -0.0539472
v 0.5640515 1.1854262 0.0231849
v 0.2924122 0.8513057 -0.9210170
v 0.6253847 0.8480298 -0.6860334
v 0.6620139 0.8507577 -0.8450678
v 0.0689622 0.7542992 0.1296573
v 0.1837922 1.0009600 0.1731501
v 0.4340986 1.0009600 0.1731501
v 0.5489286 0.7542993 0.1296569
v 0.4340986 0.9808992 0.2869203
v 0.1837923 0.9808992 0.2869207
v 0.0689622 0.7342384 0.2434279
v 0.5489286 0.7342385 0.2434275
v 0.0689622 0.7542992 0.1296573
v 0.0689622 0.7342384 0.2434279
v 0.1837923 0.9808992 0.2869207
v 0.1837922 1.0009600 0.1731501
v 0.2472138 1.0410345 0.1802161
v 0.2472139 1.0209736 0.2939867
v 0.3706770 1.0209737 0.2939867
v 0.3706769 1.0410345 0.1802161
v 0.4340986 1.0009600 0.1731501
v 0.4340986 0.9808992 0.2869203
v 0.5489286 0.7342385 0.2434275
v 0.5489286 0.7542993 0.1296569
v 0.1837922 1.0009600 0.1731501
v 0.1837923 0.9808992 0.2869207
v 0.2472139 1.0209736 0.2939867
v 0.2472138 1.0410345 0.1802161
v 0.3706769 1.0410345 0.1802161
v 0.3706770 1.0209737 0.2939867
v 0.4340986 0.9808992 0.2869203
v 0.4340986 1.0009600 0.1731501
v 0.2472138 1.0410345 0.1802161
v 0.3706769 1.0410345 0.1802161
v 0.3706770 1.0209737 0.2939867
v 0.2472139 1.0209736 0.2939867
v 0.6489346 0.6678147 1.0442890
v -0.6489341 0.6678146 1.0442890
v 0.5341045 0.9345362 0.9740116
v 0.5341046 0.9144755 1.0877814
v 0.6489346 0.6678147 1.0442890
v 0.6489345 0.6878754 0.9305176
v 0.4706828 0.9746107 0.9810772
v 0.4706829 0.9545499 1.0948479
v 0.5341046 0.9144755 1.0877814
v 0.5341045 0.9345362 0.9740116
v -0.1056919 1.1091757 -0.1607950
v -0.0916081 1.1757682 -0.1607950
v 0.0906276 1.1757682 -0.1607950
v 0.1047114 1.1091757 -0.1607950
v -0.1056918 1.1091757 -0.1400341
v 0.1047114 1.1091757 -0.1400341
v 0.0906276 1.1757682 -0.1400341
v -0.0916081 1.1757682 -0.1400341
v -0.1056919 1.1091757 -0.1607950
v 0.1047114 1.1091757 -0.1607950
v 0.1047114 1.1091757 -0.1400341
v -0.1056918 1.1091757 -0.1400341
v 0.1047114 1.1091757 -0.1607950
v 0.0906276 1.1757682 -0.1607950
v 0.0906276 1.1757682 -0.1400341
v 0.1047114 1.1091757 -0.1400341
v 0.0906276 1.1757682 -0.1607950
v -0.0916081 1.1757682 -0.1607950
v -0.0916081 1.1757682 -0.1400341
v 0.0906276 1.1757682 -0.1400341
v -0.0916081 1.1757682 -0.1607950
v -0.1056919 1.1091757 -0.1607950
v -0.1056918 1.1091757 -0.1400341
v -0.0916081 1.1757682 -0.1400341
v -0.0135764 1.1750502 -0.1712792
v -0.0135764 1.2142923 -0.1720253
v 0.0125959 1.2142923 -0.1720253
v 0.0125959 1.1750502 -0.1712792
v -0.0135764 1.1622067 -0.1505182
v 0.0125959 1.1622067 -0.1505182
v 0.0125959 1.2142923 -0.1622521
v -0.0135764 1.2142923 -0.1622521
v -0.0135764 1.1750502 -0.1712792
v 0.0125959 1.1750502 -0.1712792
v 0.0125959 1.1622067 -0.1505182
v -0.0135764 1.1622067 -0.1505182
v 0.0125959 1.1750502 -0.1712792
v 0.0125959 1.2142923 -0.1720253
v 0.0125959 1.2142923 -0.1622521
v 0.0125959 1.1622067 -0.1505182
v 0.0125959 1.2142923 -0.1720253
v -0.0135764 1.2142923 -0.1720253
v -0.0135764 1.2142923 -0.1622521
v 0.0125959 1.2142923 -0.1622521
v -0.0135764 1.2142923 -0.1720253
v -0.0135764 1.1750502 -0.1712792
v -0.0135764 1.1622067 -0.1505182
v -0.0135764 1.2142923 -0.1622521
v -0.6526404 1.0440542 0.3310502
v -0.5688794 1.1906098 0.3597624
v -0.5688184 1.1906601 0.3249462
v -0.6527269 1.0438914 0.2803526
v -0.7292583 0.8487434 0.2943720
v -0.7295185 0.8485379 0.2208005
v -0.5687421 1.1907229 0.2813411
v -0.6528348 1.0436886 0.2223645
v -0.6527482 1.0438512 0.2717206
v -0.5688030 1.1906728 0.3161574
v -0.7298415 0.8482828 0.1495485
v -0.7295813 0.8484883 0.2123611
v -0.7143245 0.8525531 0.9525250
v -0.7139336 0.8531647 0.9696168
v -0.6466855 1.0474435 0.8979615
v -0.6469613 1.0473642 0.8808428
v -0.5676303 1.1894893 0.8470297
v -0.5674483 1.1900177 0.8300750
v -0.6460794 1.0476177 0.9137482
v -0.6463550 1.0475384 0.9065691
v -0.7134697 0.8538903 0.9781036
v -0.7130788 0.8545017 0.9852549
v -0.5680412 1.1882969 0.8628547
v -0.5678591 1.1888255 0.8558413
v -0.7143245 0.8525531 0.9525250
v -0.6469613 1.0473642 0.8808428
v -0.6422792 1.0439752 0.8771287
v -0.7079442 0.8537851 0.9470968
v -0.5674483 1.1900177 0.8300750
v -0.5641439 1.1843831 0.8271821
v -0.5688794 1.1906098 0.3597624
v -0.6526404 1.0440542 0.3310502
v -0.6478530 1.0407072 0.3346316
v -0.5655677 1.1849755 0.3624863
v -0.7292583 0.8487434 0.2943720
v -0.7226275 0.8500353 0.2994243
v -0.6528348 1.0436886 0.2223645
v -0.5687421 1.1907229 0.2813411
v -0.5654515 1.1850349 0.2762284
v -0.6471237 1.0422760 0.2187962
v -0.7298415 0.8482828 0.1495485
v -0.7232619 0.8494339 0.1467764
v -0.6460794 1.0476177 0.9137482
v -0.7130788 0.8545017 0.9852549
v -0.7062369 0.8562927 0.9876147
v -0.6402117 1.0464024 0.9172108
v -0.5680412 1.1882969 0.8628547
v -0.5649484 1.1818029 0.8681988
v -0.6490224 1.0420871 0.2760321
v -0.6527269 1.0438914 0.2803526
v -0.5688184 1.1906601 0.3249462
v -0.5652653 1.1885648 0.3205546
v -0.7256142 0.8472898 0.2165629
v -0.7295185 0.8485379 0.2208005
v -0.5652653 1.1885648 0.3205546
v -0.5688030 1.1906728 0.3161574
v -0.6527482 1.0438512 0.2717206
v -0.6490224 1.0420871 0.2760321
v -0.7295813 0.8484883 0.2123611
v -0.7256142 0.8472898 0.2165629
v -0.6427727 1.0457785 0.9021645
v -0.6466855 1.0474435 0.8979615
v -0.7139336 0.8531647 0.9696168
v -0.7097491 0.8523667 0.9737333
v -0.5641924 1.1870690 0.8513559
v -0.5676303 1.1894893 0.8470297
v -0.7097491 0.8523667 0.9737333
v -0.7134697 0.8538903 0.9781036
v -0.6463550 1.0475384 0.9065691
v -0.6427727 1.0457785 0.9021645
v -0.5678591 1.1888255 0.8558413
v -0.5641924 1.1870690 0.8513559
v 0.6526403 1.0440543 0.3310498
v 0.6527267 1.0438915 0.2803522
v 0.5688185 1.1906601 0.3249458
v 0.5688794 1.1906099 0.3597620
v 0.7292582 0.8487434 0.2943716
v 0.7295184 0.8485379 0.2208001
v 0.5687420 1.1907230 0.2813407
v 0.5688030 1.1906729 0.3161570
v 0.6527481 1.0438513 0.2717206
v 0.6528346 1.0436886 0.2223641
v 0.7295811 0.8484884 0.2123607
v 0.7298412 0.8482829 0.1495481
v 0.7143248 0.8525532 0.9525242
v 0.6469614 1.0473642 0.8808419
v 0.6466858 1.0474435 0.8979615
v 0.7139340 0.8531648 0.9696160
v 0.5674484 1.1900177 0.8300750
v 0.5676307 1.1894893 0.8470297
v 0.6460797 1.0476177 0.9137473
v 0.7130792 0.8545018 0.9852549
v 0.7134701 0.8538903 0.9781036
v 0.6463554 1.0475385 0.9065683
v 0.5680415 1.1882970 0.8628547
v 0.5678594 1.1888255 0.8558405
v 0.7143248 0.8525532 0.9525242
v 0.7079445 0.8537852 0.9470960
v 0.6422794 1.0439752 0.8771287
v 0.6469614 1.0473642 0.8808419
v 0.5641440 1.1843831 0.8271813
v 0.5674484 1.1900177 0.8300750
v 0.5688794 1.1906099 0.3597620
v 0.5655678 1.1849755 0.3624859
v 0.6478529 1.0407072 0.3346312
v 0.6526403 1.0440543 0.3310498
v 0.7226274 0.8500354 0.2994239
v 0.7292582 0.8487434 0.2943716
v 0.6528346 1.0436886 0.2223641
v 0.6471236 1.0422760 0.2187958
v 0.5654515 1.1850350 0.2762284
v 0.5687420 1.1907230 0.2813407
v 0.7298412 0.8482829 0.1495481
v 0.7232617 0.8494340 0.1467760
v 0.6460797 1.0476177 0.9137473
v 0.6402120 1.0464025 0.9172099
v 0.7062373 0.8562928 0.9876139
v 0.7130792 0.8545018 0.9852549
v 0.5680415 1.1882970 0.8628547
v 0.5649486 1.1818030 0.8681988
v 0.6490222 1.0420871 0.2760317
v 0.5652654 1.1885648 0.3205542
v 0.5688185 1.1906601 0.3249458
v 0.6527267 1.0438915 0.2803522
v 0.7256141 0.8472899 0.2165625
v 0.7295184 0.8485379 0.2208001
v 0.5652654 1.1885648 0.3205542
v 0.6490222 1.0420871 0.2760317
v 0.6527481 1.0438513 0.2717206
v 0.5688030 1.1906729 0.3161570
v 0.7256141 0.8472899 0.2165625
v 0.7295811 0.8484884 0.2123607
v 0.6427730 1.0457786 0.9021637
v 0.7097494 0.8523668 0.9737333
v 0.7139340 0.8531648 0.9696160
v 0.6466858 1.0474435 0.8979615
v 0.5641926 1.1870690 0.8513559
v 0.5676307 1.1894893 0.8470297
v 0.7097494 0.8523668 0.9737333
v 0.6427730 1.0457786 0.9021637
v 0.6463554 1.0475385 0.9065683
v 0.7134701 0.8538903 0.9781036
v 0.5641926 1.1870690 0.8513559
v 0.5678594 1.1888255 0.8558405
v 0.1416725 0.8684820 -0.8880067
v -0.1227528 0.8842715 -0.8891752
v -0.1227379 0.8827650 -0.8913212
v 0.1416874 0.8669755 -0.8901527
v -0.1231894 0.8881989 -0.9002201
v -0.1232514 0.8944839 -0.8912665
v 0.1411739 0.8786945 -0.8900980
v 0.1412359 0.8724094 -0.8990512
v -0.1227379 0.8827650 -0.8913212
v -0.1231894 0.8881989 -0.9002201
v 0.1412359 0.8724094 -0.8990512
v 0.1416874 0.8669755 -0.8901527
v -0.4387422 0.8624983 -0.8762745
v -0.4387571 0.8640048 -0.8741285
v -0.4392557 0.8742171 -0.8762198
v -0.4391937 0.8679322 -0.8851731
v -0.1756243 0.8848061 -0.8879108
v -0.1761229 0.8950185 -0.8900021
v -0.4392557 0.8742171 -0.8762198
v -0.4387571 0.8640048 -0.8741285
v 0.1416725 0.8684820 -0.8880067
v 0.1416874 0.8669755 -0.8901527
v 0.1412359 0.8724094 -0.8990512
v 0.1411739 0.8786945 -0.8900980
v -0.4387571 0.8640048 -0.8741285
v -0.4387422 0.8624983 -0.8762745
v -0.1756094 0.8832994 -0.8900572
v -0.1756243 0.8848061 -0.8879108
v -0.4391937 0.8679322 -0.8851731
v -0.4392557 0.8742171 -0.8762198
v -0.1761229 0.8950185 -0.8900021
v -0.1760609 0.8887333 -0.8989557
v -0.4387422 0.8624983 -0.8762745
v -0.4391937 0.8679322 -0.8851731
v -0.1760609 0.8887333 -0.8989557
v -0.1756094 0.8832994 -0.8900572
v 0.1416725 0.8684820 -0.8880067
v 0.1411739 0.8786945 -0.8900980
v -0.1232514 0.8944839 -0.8912665
v -0.1227528 0.8842715 -0.8891752
v -0.1238405 0.8989218 -0.9077519
v -0.1767120 0.8994563 -0.9064875
v -0.1767740 0.9057414 -0.8975342
v -0.1239025 0.9052070 -0.8987982
v -0.1232514 0.8944839 -0.8912665
v -0.1231894 0.8881989 -0.9002201
v -0.1238405 0.8989218 -0.9077519
v -0.1239025 0.9052070 -0.8987982
v -0.1231894 0.8881989 -0.9002201
v -0.1760609 0.8887333 -0.8989557
v -0.1767120 0.8994563 -0.9064875
v -0.1238405 0.8989218 -0.9077519
v -0.5798137 0.7953900 -0.9696348
v -0.5799992 0.8141876 -0.9428563
v -0.5806503 0.8249106 -0.9503884
v -0.5804648 0.8061129 -0.9771665
v -0.1761229 0.8950185 -0.8900021
v -0.1232514 0.8944839 -0.8912665
v -0.1239025 0.9052070 -0.8987982
v -0.1767740 0.9057414 -0.8975342
v -0.1760609 0.8887333 -0.8989557
v -0.1761229 0.8950185 -0.8900021
v -0.5799992 0.8141876 -0.9428563
v -0.5798137 0.7953900 -0.9696348
v -0.1761229 0.8950185 -0.8900021
v -0.1767740 0.9057414 -0.8975342
v -0.5806503 0.8249106 -0.9503884
v -0.5799992 0.8141876 -0.9428563
v -0.1767740 0.9057414 -0.8975342
v -0.1767120 0.8994563 -0.9064875
v -0.5804648 0.8061129 -0.9771665
v -0.5806503 0.8249106 -0.9503884
v -0.1767120 0.8994563 -0.9064875
v -0.1760609 0.8887333 -0.8989557
v -0.5798137 0.7953900 -0.9696348
v -0.5804648 0.8061129 -0.9771665
v 0.6099872 0.8539095 -0.8447706
v 0.3488049 0.8643760 -0.8884455
v 0.3490985 0.8628702 -0.8905719
v 0.6102807 0.8524036 -0.8468974
v 0.3500298 0.8683147 -0.8994267
v 0.3488051 0.8745969 -0.8905547
v 0.6099873 0.8641303 -0.8468807
v 0.6112121 0.8578481 -0.8557519
v 0.3490985 0.8628702 -0.8905719
v 0.3500298 0.8683147 -0.8994267
v 0.6112121 0.8578481 -0.8557519
v 0.6102807 0.8524036 -0.8468974
v 0.0825791 0.8576607 -0.9099835
v 0.0822856 0.8591665 -0.9078571
v 0.0822857 0.8693873 -0.9099672
v 0.0835104 0.8631050 -0.9188384
v 0.2963174 0.8659271 -0.8947650
v 0.2963177 0.8761480 -0.8968751
v 0.0822857 0.8693873 -0.9099672
v 0.0822856 0.8591665 -0.9078571
v 0.6099872 0.8539095 -0.8447706
v 0.6102807 0.8524036 -0.8468974
v 0.6112121 0.8578481 -0.8557519
v 0.6099873 0.8641303 -0.8468807
v 0.0822856 0.8591665 -0.9078571
v 0.0825791 0.8576607 -0.9099835
v 0.2966110 0.8644214 -0.8968914
v 0.2963174 0.8659271 -0.8947650
v 0.0835104 0.8631050 -0.9188384
v 0.0822857 0.8693873 -0.9099672
v 0.2963177 0.8761480 -0.8968751
v 0.2975423 0.8698658 -0.9057463
v 0.0825791 0.8576607 -0.9099835
v 0.0835104 0.8631050 -0.9188384
v 0.2975423 0.8698658 -0.9057463
v 0.2966110 0.8644214 -0.8968914
v 0.6099872 0.8539095 -0.8447706
v 0.6099873 0.8641303 -0.8468807
v 0.3488051 0.8745969 -0.8905547
v 0.3488049 0.8643760 -0.8884455
v 0.3506682 0.8790506 -0.9069409
v 0.2981807 0.8806017 -0.9132608
v 0.2969561 0.8868839 -0.9043892
v 0.3494436 0.8853328 -0.8980693
v 0.3488051 0.8745969 -0.8905547
v 0.3500298 0.8683147 -0.8994267
v 0.3506682 0.8790506 -0.9069409
v 0.3494436 0.8853328 -0.8980693
v 0.3500298 0.8683147 -0.8994267
v 0.2975423 0.8698658 -0.9057463
v 0.2981807 0.8806017 -0.9132608
v 0.3506682 0.8790506 -0.9069409
v -0.0934761 0.7918789 -1.0337886
v -0.0971388 0.8106680 -1.0072558
v -0.0965005 0.8214040 -1.0147699
v -0.0928377 0.8026148 -1.0413031
v 0.2963177 0.8761480 -0.8968751
v 0.3488051 0.8745969 -0.8905547
v 0.3494436 0.8853328 -0.8980693
v 0.2969561 0.8868839 -0.9043892
v 0.2975423 0.8698658 -0.9057463
v 0.2963177 0.8761480 -0.8968751
v -0.0971388 0.8106680 -1.0072558
v -0.0934761 0.7918789 -1.0337886
v 0.2963177 0.8761480 -0.8968751
v 0.2969561 0.8868839 -0.9043892
v -0.0965005 0.8214040 -1.0147699
v -0.0971388 0.8106680 -1.0072558
v 0.2969561 0.8868839 -0.9043892
v 0.2981807 0.8806017 -0.9132608
v -0.0928377 0.8026148 -1.0413031
v -0.0965005 0.8214040 -1.0147699
v 0.2981807 0.8806017 -0.9132608
v 0.2975423 0.8698658 -0.9057463
v -0.0934761 0.7918789 -1.0337886
v -0.0928377 0.8026148 -1.0413031
v -0.3597916 0.2685981 1.5767685
v -0.3680713 0.2940808 1.5767685
v -0.3680712 0.2940807 2.0291346
v -0.3597915 0.2685981 2.0194144
v -0.3897482 0.3098299 1.5767685
v -0.3897479 0.3098299 2.0351423
v -0.3897482 0.3098299 1.5767685
v -0.4165422 0.3098299 1.5767685
v -0.4165420 0.3098299 2.0351423
v -0.3897479 0.3098299 2.0351423
v -0.4382189 0.2940808 1.5767685
v -0.4382189 0.2940807 2.0291346
v -0.4464987 0.2685981 1.5767685
v -0.4464987 0.2685981 2.0194144
v -0.4382189 0.2431155 1.5767685
v -0.4382190 0.2431154 2.0096943
v -0.4165422 0.2273664 1.5767685
v -0.4165422 0.2273662 2.0036866
v -0.3897482 0.2273664 1.5767685
v -0.3897482 0.2273662 2.0036866
v -0.3680713 0.2431155 1.5767685
v -0.3680714 0.2431154 2.0096943
v -0.3597915 0.2685981 2.0194144
v -0.3680712 0.2940807 2.0291346
v -0.3723973 0.2909376 2.0279363
v -0.3651388 0.2685981 2.0194144
v -0.3897479 0.3098299 2.0351423
v -0.3914004 0.3047443 2.0332028
v -0.4165420 0.3098299 2.0351423
v -0.4148896 0.3047443 2.0332028
v -0.4382189 0.2940807 2.0291346
v -0.4338928 0.2909376 2.0279363
v -0.4464987 0.2685981 2.0194144
v -0.4411514 0.2685981 2.0194144
v -0.4382190 0.2431154 2.0096943
v -0.4338930 0.2462585 2.0108934
v -0.4165422 0.2273662 2.0036866
v -0.4148898 0.2324519 2.0056268
v -0.3897482 0.2273662 2.0036866
v -0.3914006 0.2324519 2.0056268
v -0.3897482 0.2273662 2.0036866
v -0.3680714 0.2431154 2.0096943
v -0.3723974 0.2462585 2.0108934
v -0.3914006 0.2324519 2.0056268
v -0.3651388 0.2685981 2.0194144
v -0.3723973 0.2909376 2.0279363
v -0.4031451 0.2685981 1.6527615
v -0.3914004 0.3047443 2.0332028
v -0.4148896 0.3047443 2.0332028
v -0.4338928 0.2909376 2.0279363
v -0.4411514 0.2685981 2.0194144
v -0.4338930 0.2462585 2.0108934
v -0.4148898 0.2324519 2.0056268
v -0.3914006 0.2324519 2.0056268
v -0.3914006 0.2324519 2.0056268
v -0.3723974 0.2462585 2.0108934
v 0.3597923 0.2685981 1.5767685
v 0.3597924 0.2685981 2.0194144
v 0.3680722 0.2940807 2.0291346
v 0.3680721 0.2940808 1.5767685
v 0.3897490 0.3098299 2.0351423
v 0.3897489 0.3098299 1.5767685
v 0.3897489 0.3098299 1.5767685
v 0.3897490 0.3098299 2.0351423
v 0.4165430 0.3098299 2.0351423
v 0.4165429 0.3098299 1.5767685
v 0.4382198 0.2940807 2.0291346
v 0.4382198 0.2940808 1.5767685
v 0.4464997 0.2685981 2.0194144
v 0.4464996 0.2685981 1.5767685
v 0.4382200 0.2431154 2.0096943
v 0.4382198 0.2431155 1.5767685
v 0.4165432 0.2273662 2.0036866
v 0.4165429 0.2273664 1.5767685
v 0.3897492 0.2273662 2.0036866
v 0.3897489 0.2273664 1.5767685
v 0.3680724 0.2431154 2.0096943
v 0.3680721 0.2431155 1.5767685
v 0.3597924 0.2685981 2.0194144
v 0.3651398 0.2685981 2.0194144
v 0.3723983 0.2909376 2.0279363
v 0.3680722 0.2940807 2.0291346
v 0.3914014 0.3047443 2.0332028
v 0.3897490 0.3098299 2.0351423
v 0.4148906 0.3047443 2.0332028
v 0.4165430 0.3098299 2.0351423
v 0.4338937 0.2909376 2.0279363
v 0.4382198 0.2940807 2.0291346
v 0.4411523 0.2685981 2.0194144
v 0.4464997 0.2685981 2.0194144
v 0.4338939 0.2462585 2.0108934
v 0.4382200 0.2431154 2.0096943
v 0.4148908 0.2324519 2.0056268
v 0.4165432 0.2273662 2.0036866
v 0.3914016 0.2324519 2.0056268
v 0.3897492 0.2273662 2.0036866
v 0.3897492 0.2273662 2.0036866
v 0.3914016 0.2324519 2.0056268
v 0.3723984 0.2462585 2.0108934
v 0.3680724 0.2431154 2.0096943
v 0.3651398 0.2685981 2.0194144
v 0.4031460 0.2685981 1.6527615
v 0.3723983 0.2909376 2.0279363
v 0.3914014 0.3047443 2.0332028
v 0.4148906 0.3047443 2.0332028
v 0.4338937 0.2909376 2.0279363
v 0.4411523 0.2685981 2.0194144
v 0.4338939 0.2462585 2.0108934
v 0.4148908 0.2324519 2.0056268
v 0.3914016 0.2324519 2.0056268
v 0.3914016 0.2324519 2.0056268
v 0.3723984 0.2462585 2.0108934
v -0.4862171 0.1843976 -1.1133980
v -0.5812543 0.1362687 -1.1653816
v -0.5812544 0.1362686 -1.3322325
v -0.4862172 0.1843976 -1.3842162
v -0.5812543 0.1843976 -1.1133980
v -0.5812544 0.1843976 -1.3842162
v -0.5812544 0.1362686 -1.3322325
v -0.5812543 0.1362687 -1.1653816
v -0.5812543 0.2994900 -1.1133980
v -0.5812543 0.1843976 -1.1133980
v -0.5812543 0.1362687 -1.1653816
v -0.4862171 0.1843976 -1.1133980
v -0.4862172 0.1843976 -1.3842162
v -0.5812544 0.1362686 -1.3322325
v -0.5812544 0.1843976 -1.3842162
v 0.4862165 0.1843976 -1.1133984
v 0.4862164 0.1843976 -1.3842166
v 0.5812536 0.1362686 -1.3322325
v 0.5812537 0.1362687 -1.1653820
v 0.5812536 0.1362686 -1.3322325
v 0.5812536 0.1843976 -1.3842166
v 0.5812537 0.1843976 -1.1133984
v 0.5812537 0.1362687 -1.1653820
v 0.4862165 0.1843976 -1.1133984
v -0.5812543 0.2994900 -1.1133980
v 0.4862164 0.1843976 -1.3842166
v 0.5812536 0.2994899 -1.3842166
v 0.5812536 0.1843976 -1.3842166
v 0.5812536 0.2994899 -1.3842166
v 0.5812537 0.2994900 -1.1133984
v 0.5812537 0.1843976 -1.1133984
v 0.5812537 0.1362687 -1.1653820
v 0.5812536 0.1362686 -1.3322325
v -0.4862171 0.1843976 -1.1133980
v -0.4862172 0.1843976 -1.3842162
v 0.4862165 0.1843976 -1.1133984
v -0.4862165 0.1843977 1.3530939
v -0.5812539 0.1362688 1.3011107
v -0.5812537 0.1362687 1.1342597
v -0.4862168 0.1843977 1.0822757
v -0.5812537 0.1843977 1.3530939
v -0.5812540 0.1843977 1.0822757
v -0.5812537 0.1362687 1.1342597
v -0.5812539 0.1362688 1.3011107
v -0.5812537 0.2994901 1.3530939
v -0.5812537 0.1843977 1.3530939
v -0.5812539 0.1362688 1.3011107
v -0.4862165 0.1843977 1.3530939
v -0.4862168 0.1843977 1.0822757
v -0.5812537 0.1362687 1.1342597
v -0.5812540 0.1843977 1.0822757
v 0.4862171 0.1843977 1.3530939
v 0.4862168 0.1843977 1.0822757
v 0.5812542 0.1362687 1.1342597
v 0.5812541 0.1362688 1.3011099
v 0.5812542 0.1362687 1.1342597
v 0.5812540 0.1843977 1.0822757
v 0.5812543 0.1843977 1.3530939
v 0.5812541 0.1362688 1.3011099
v 0.4862171 0.1843977 1.3530939
v -0.5812537 0.2994901 1.3530939
v 0.4862168 0.1843977 1.0822757
v 0.5812540 0.2994900 1.0822757
v 0.5812540 0.1843977 1.0822757
v 0.5812540 0.2994900 1.0822757
v 0.5812543 0.2994901 1.3530939
v 0.5812543 0.1843977 1.3530939
v 0.5812541 0.1362688 1.3011099
v 0.5812542 0.1362687 1.1342597
v -0.4862165 0.1843977 1.3530939
v -0.4862168 0.1843977 1.0822757
v 0.4862171 0.1843977 1.3530939
v -0.3509493 0.5337199 -1.9204305
v -0.3416237 0.2708772 1.9912409
v 0.7521523 0.6626883 0.9932878
v 0.3509489 0.5337199 -1.9204305
v 0.3416241 0.2708772 1.9912409
v -0.5812544 0.2994899 -1.3842162
v 0.5812537 0.2994900 -1.1133984
v -0.5812544 0.2994899 -1.3842162
v 0.4862164 0.1843976 -1.3842166
v -0.5812540 0.2994900 1.0822757
v 0.5812543 0.2994901 1.3530939
v -0.5812540 0.2994900 1.0822757
v 0.4862168 0.1843977 1.0822757
v 0.0000002 0.8679996 1.0024626
v -0.0000002 0.8471307 -0.2189223
v -0.7226275 0.8500353 0.2994243
v -0.7226275 0.8500353 0.2994243
v -0.0000002 0.8471307 -0.2189223
v -0.7232619 0.8494339 0.1467764
v 0.0000002 0.8679996 1.0024626
v -0.7079442 0.8537851 0.9470968
v -0.6811264 0.8550389 0.9723260
v 0.7226274 0.8500354 0.2994239
v -0.0000002 0.8471307 -0.2189223
v 0.0000002 0.8679996 1.0024626
v 0.7226274 0.8500354 0.2994239
v 0.6568547 0.8497347 0.2177204
v 0.7232617 0.8494340 0.1467760
v 0.0000002 0.8679996 1.0024626
v 0.7062373 0.8562928 0.9876139
v 0.6811267 0.8550389 0.9723252
vt 0.1672328 0.4794023
vt 0.1669232 0.5220275
vt 0.1205105 0.5220228
vt 0.1211592 0.4797204
vt 0.1233241 0.4234208
vt 0.1677116 0.4220803
vt 0.1298509 0.3628304
vt 0.1677016 0.3602809
vt 0.1672433 0.4001344
vt 0.1228616 0.4092547
vt 0.2318391 0.3564992
vt 0.2851622 0.3538139
vt 0.2838096 0.3768260
vt 0.2318253 0.3872109
vt 0.2323097 0.4785698
vt 0.2320305 0.4199471
vt 0.2831388 0.4179666
vt 0.2825936 0.4777460
vt 0.2829163 0.5220327
vt 0.2323739 0.5220312
vt 0.4655726 0.5060971
vt 0.3767488 0.5065386
vt 0.3797739 0.4348394
vt 0.4626161 0.4326962
vt 0.4658971 0.5628274
vt 0.3757221 0.5630085
vt 0.7988566 0.5604984
vt 0.7984913 0.6334081
vt 0.7809535 0.6334081
vt 0.7818740 0.5595472
vt 0.7838270 0.4681438
vt 0.8023381 0.4705884
vt 0.9021472 0.6334074
vt 0.9009219 0.5655274
vt 0.9354447 0.6334074
vt 0.9346942 0.5921581
vt 0.9587381 0.5907673
vt 0.9600758 0.6334077
vt 0.9549686 0.8395107
vt 0.9567773 0.8485880
vt 0.9477636 0.8490055
vt 0.9456159 0.8395597
vt 0.8778860 0.8090546
vt 0.9486830 0.8090360
vt 0.9505408 0.8179489
vt 0.8721038 0.8177976
vt 0.6482736 0.7571552
vt 0.6498331 0.8040006
vt 0.5360638 0.8036767
vt 0.5352040 0.7571186
vt 0.5347911 0.7337735
vt 0.6476219 0.7336117
vt 0.5428107 0.4323496
vt 0.5428458 0.5058339
vt 0.5968248 0.4337845
vt 0.5961437 0.5055700
vt 0.5429385 0.5626726
vt 0.5961707 0.5625655
vt 0.2718797 0.8043183
vt 0.2738627 0.7571838
vt 0.4213464 0.7571389
vt 0.4215554 0.8036246
vt 0.2768365 0.7336614
vt 0.4215004 0.7336481
vt 0.0177489 0.8560514
vt 0.0135947 0.8521147
vt 0.0241875 0.8522043
vt 0.0837558 0.4160686
vt 0.0733020 0.4180328
vt 0.0797259 0.4060326
vt 0.0436120 0.8542257
vt 0.0431617 0.8580616
vt 0.0396454 0.8643603
vt 0.0941421 0.3934928
vt 0.4375172 0.9852084
vt 0.3522703 0.9443580
vt 0.3586008 0.9404751
vt 0.4397557 0.9811474
vt 0.4617150 0.9813270
vt 0.4598393 0.9918729
vt 0.4435800 0.9773258
vt 0.4895863 0.9819685
vt 0.4860199 0.9926972
vt 0.3502447 0.5063649
vt 0.3555427 0.4371129
vt 0.3262329 0.5044990
vt 0.3366187 0.4376333
vt 0.7332183 0.9760014
vt 0.7420913 0.9859135
vt 0.7279399 0.9922242
vt 0.7228392 0.9814730
vt 0.6344948 0.5035722
vt 0.6172405 0.5051972
vt 0.6150991 0.4356903
vt 0.6279136 0.4354835
vt 0.7083254 0.9929292
vt 0.6997806 0.9825485
vt 0.7647470 0.9393458
vt 0.7770309 0.9428087
vt 0.7860987 0.9467787
vt 0.9848806 0.8673115
vt 0.9877838 0.8703049
vt 0.9798767 0.8755623
vt 0.9773897 0.8700010
vt 0.9183980 0.4935607
vt 0.9249943 0.5402810
vt 0.9157048 0.5400360
vt 0.9098174 0.4921750
vt 0.8949119 0.4891495
vt 0.9647188 0.8805954
vt 0.9613234 0.8734924
vt 0.9741099 0.8628609
vt 0.9828042 0.8631790
vt 0.9593771 0.8664132
vt 0.9908522 0.8642464
vt 0.9244036 0.4930449
vt 0.9283709 0.5154956
vt 0.0834009 0.4479574
vt 0.0860201 0.4248411
vt 0.0782629 0.5220169
vt 0.0799101 0.4796707
vt 0.0659925 0.4795690
vt 0.0638860 0.5220145
vt 0.0805966 0.8655839
vt 0.0786874 0.8733020
vt 0.0815974 0.8560950
vt 0.1451913 0.8452575
vt 0.1712727 0.8422676
vt 0.1687932 0.8581911
vt 0.1311925 0.8555837
vt 0.2031902 0.8344709
vt 0.2133890 0.8600996
vt 0.1486987 0.8649205
vt 0.2097703 0.8704837
vt 0.2049681 0.8799788
vt 0.1469300 0.8744321
vt 0.2005927 0.8872676
vt 0.1452583 0.8823027
vt 0.3488463 0.5630625
vt 0.3238318 0.5631127
vt 0.2568314 0.8934591
vt 0.2663402 0.8898646
vt 0.2772081 0.8870468
vt 0.3657580 0.9379759
vt 0.6360835 0.5624851
vt 0.6176766 0.5625222
vt 0.5682471 0.9821848
vt 0.5717770 0.9931893
vt 0.7961698 0.9040073
vt 0.8141628 0.9023188
vt 0.8251556 0.9051769
vt 0.9275162 0.5922845
vt 0.9318199 0.5400962
vt 0.9280897 0.6334074
vt 0.9180692 0.5922988
vt 0.9184600 0.6334074
vt 0.8615648 0.8863971
vt 0.8664790 0.8942136
vt 0.8476157 0.8956700
vt 0.8397748 0.8890530
vt 0.8565348 0.8779317
vt 0.8303629 0.8814885
vt 0.8078848 0.8634331
vt 0.8494174 0.8588106
vt 0.6523675 0.9822656
vt 0.6528239 0.9931021
vt 0.2533989 0.8916622
vt 0.2357391 0.8905519
vt 0.2438769 0.8842458
vt 0.2628535 0.8874764
vt 0.2698244 0.8790635
vt 0.2538230 0.8759605
vt 0.2668701 0.8629094
vt 0.8008794 0.8949255
vt 0.8126810 0.8866442
vt 0.8261508 0.8932167
vt 0.7872682 0.8821535
vt 0.8372489 0.8975600
vt 0.7748455 0.5592296
vt 0.7751792 0.4688576
vt 0.7705855 0.5592161
vt 0.7594355 0.5597507
vt 0.7586772 0.4673346
vt 0.7714239 0.4688603
vt 0.7738196 0.6334081
vt 0.7696272 0.6334081
vt 0.7585643 0.6334081
vt 0.7067278 0.7571733
vt 0.7157583 0.7873857
vt 0.7062811 0.7949432
vt 0.6924912 0.7572526
vt 0.2606867 0.7576198
vt 0.2507869 0.8050832
vt 0.2372595 0.7940649
vt 0.2479063 0.7575517
vt 0.2694452 0.7575151
vt 0.2675624 0.8045723
vt 0.2122543 0.8119263
vt 0.2239861 0.8156836
vt 0.1933859 0.8260416
vt 0.1890041 0.8183447
vt 0.2056285 0.8058063
vt 0.2186508 0.7875065
vt 0.2265200 0.7913934
vt 0.1706070 0.8347409
vt 0.1464640 0.8380377
vt 0.1478982 0.8292367
vt 0.1692037 0.8262962
vt 0.1232942 0.8349578
vt 0.1208073 0.8420880
vt 0.0939752 0.8332609
vt 0.1021248 0.8260668
vt 0.1070864 0.8184050
vt 0.1266703 0.8264144
vt 0.2379433 0.7572873
vt 0.2288446 0.7571176
vt 0.8636668 0.8136921
vt 0.8545923 0.8360424
vt 0.8451568 0.8280376
vt 0.8399529 0.8202522
vt 0.8565320 0.8073171
vt 0.7392055 0.8357073
vt 0.7523660 0.8278241
vt 0.7517468 0.8394232
vt 0.7757323 0.8369151
vt 0.7566290 0.8201207
vt 0.7767659 0.8283258
vt 0.7984316 0.8313289
vt 0.8004912 0.8400893
vt 0.8029718 0.8489519
vt 0.7751483 0.8462291
vt 0.8280236 0.8463296
vt 0.8239269 0.8371466
vt 0.8200278 0.8284849
vt 0.8473377 0.8395789
vt 0.7159321 0.7570865
vt 0.7245041 0.7839831
vt 0.0839079 0.8120298
vt 0.0908314 0.8054004
vt 0.0747632 0.8158393
vt 0.7328694 0.8134790
vt 0.7219837 0.8171600
vt 0.7396328 0.8073891
vt 0.7184086 0.8169520
vt 0.7356846 0.8352557
vt 0.6510807 0.8342308
vt 0.7029307 0.7949394
vt 0.5364997 0.8341856
vt 0.2673018 0.8340151
vt 0.2399103 0.8337134
vt 0.0749407 0.8078232
vt 0.0516764 0.8243536
vt 0.0343868 0.8078372
vt 0.0448908 0.4206546
vt 0.0245376 0.4212513
vt 0.0261477 0.4181859
vt 0.0462062 0.4172054
vt 0.5368606 0.8511304
vt 0.6506221 0.8513029
vt 0.6503336 0.8644906
vt 0.5369055 0.8645588
vt 0.2716022 0.8392222
vt 0.4215079 0.8394313
vt 0.4230962 0.8643831
vt 0.2716030 0.8635417
vt 0.7392055 0.8357073
vt 0.7517468 0.8394232
vt 0.7396883 0.8395777
vt 0.7740455 0.8641570
vt 0.7399840 0.8809021
vt 0.7401766 0.8644580
vt 0.0796047 0.8443551
vt 0.3159499 0.3730268
vt 0.3188790 0.3523362
vt 0.3070272 0.4170119
vt 0.3010997 0.4774247
vt 0.2995057 0.5220335
vt 0.8674850 0.8087162
vt 0.2384807 0.8384587
vt 0.2671501 0.8390950
vt 0.7356846 0.8352557
vt 0.7363213 0.8393101
vt 0.6513320 0.8394515
vt 0.6510807 0.8342308
vt 0.5367560 0.8396016
vt 0.5364997 0.8341856
vt 0.2399103 0.8337134
vt 0.2384807 0.8384587
vt 0.2031902 0.8344709
vt 0.2673018 0.8340151
vt 0.2671501 0.8390950
vt 0.2747510 0.8852094
vt 0.6499724 0.8806905
vt 0.5372927 0.8805131
vt 0.9550057 0.5317898
vt 0.9543790 0.8351768
vt 0.9598115 0.8606860
vt 0.9588626 0.8520652
vt 0.9747500 0.8531561
vt 0.9840376 0.8532571
vt 0.9918440 0.8531544
vt 0.9629274 0.5904675
vt 0.9643407 0.6334077
vt 0.9600758 0.6334077
vt 0.9587381 0.5907673
vt 0.9550057 0.5317898
vt 0.9589167 0.5327395
vt 0.7396883 0.8395777
vt 0.0123531 0.8525869
vt 0.0135947 0.8521147
vt 0.0177489 0.8560514
vt 0.0163601 0.8564323
vt 0.1075581 0.3628583
vt 0.1071218 0.3639726
vt 0.1024959 0.3633793
vt 0.1031892 0.3622074
vt 0.0396454 0.8643603
vt 0.0387916 0.8652623
vt 0.1297490 0.3614759
vt 0.1298509 0.3628304
vt 0.4375172 0.9852084
vt 0.4379489 0.9865820
vt 0.3513406 0.9451063
vt 0.3522703 0.9443580
vt 0.4598393 0.9918729
vt 0.4605664 0.9930452
vt 0.4860199 0.9926972
vt 0.4865905 0.9937972
vt 0.3797211 0.4334152
vt 0.3797739 0.4348394
vt 0.3555427 0.4371129
vt 0.3555149 0.4356799
vt 0.3366187 0.4376333
vt 0.3352779 0.4362987
vt 0.7277812 0.9932275
vt 0.7279399 0.9922242
vt 0.7420913 0.9859135
vt 0.7423449 0.9870062
vt 0.6292723 0.4341347
vt 0.6279136 0.4354835
vt 0.6150991 0.4356903
vt 0.6151569 0.4342490
vt 0.5968248 0.4337845
vt 0.5969130 0.4323711
vt 0.7081884 0.9939823
vt 0.7083254 0.9929292
vt 0.7860987 0.9467787
vt 0.7869918 0.9474512
vt 0.9805387 0.8764949
vt 0.9798767 0.8755623
vt 0.9877838 0.8703049
vt 0.9887382 0.8708158
vt 0.9183004 0.4920927
vt 0.9183980 0.4935607
vt 0.9098174 0.4921750
vt 0.9097649 0.4906104
vt 0.8949119 0.4891495
vt 0.8948230 0.4874968
vt 0.9651434 0.8816290
vt 0.9647188 0.8805954
vt 0.9908522 0.8642464
vt 0.9919968 0.8644403
vt 0.9242181 0.4915696
vt 0.9244036 0.4930449
vt 0.1676180 0.3588280
vt 0.1677016 0.3602809
vt 0.0786874 0.8733020
vt 0.0784368 0.8742943
vt 0.1450486 0.8832613
vt 0.1452583 0.8823027
vt 0.2005927 0.8872676
vt 0.2002281 0.8882854
vt 0.2851330 0.3523254
vt 0.2851622 0.3538139
vt 0.2318391 0.3564992
vt 0.2318151 0.3550220
vt 0.2542584 0.8930414
vt 0.2568314 0.8934591
vt 0.5717770 0.9931893
vt 0.5720766 0.9942538
vt 0.4625583 0.4312558
vt 0.4626161 0.4326962
vt 0.8251556 0.9051769
vt 0.8260015 0.9057865
vt 0.8024908 0.4689901
vt 0.8023381 0.4705884
vt 0.7838270 0.4681438
vt 0.7836999 0.4665322
vt 0.8483080 0.8967223
vt 0.8476157 0.8956700
vt 0.8664790 0.8942136
vt 0.8669686 0.8951600
vt 0.5428218 0.4309205
vt 0.5428107 0.4323496
vt 0.6528239 0.9931021
vt 0.6528829 0.9941641
vt 0.2542584 0.8930414
vt 0.2351006 0.8915026
vt 0.2357391 0.8905519
vt 0.2533989 0.8916622
vt 0.8372489 0.8975600
vt 0.8380372 0.8983880
vt 0.7751792 0.4688576
vt 0.7732722 0.4676428
vt 0.7732722 0.4676428
vt 0.7714239 0.4688603
vt 0.7586772 0.4673346
vt 0.7587281 0.4656784
vt 0.3189534 0.3508272
vt 0.3188790 0.3523362
vt 0.0599499 0.4119395
vt 0.0666029 0.4065513
vt 0.0681093 0.4096484
vt 0.0630781 0.4198588
vt 0.0463794 0.8475203
vt 0.7844927 0.9001113
vt 0.7795159 0.8963804
vt 0.6893511 0.7571291
vt 0.6845148 0.7336958
vt 0.4620534 0.9811450
vt 0.4619547 0.9813337
vt 0.4441763 0.9775909
vt 0.4446112 0.9775248
vt 0.3680798 0.9394869
vt 0.3666239 0.9387107
vt 0.4441763 0.9775909
vt 0.4619547 0.9813337
vt 0.4617150 0.9813270
vt 0.4435800 0.9773258
vt 0.3666239 0.9387107
vt 0.3657580 0.9379759
vt 0.2772081 0.8870468
vt 0.2771837 0.8865277
vt 0.2771837 0.8865277
vt 0.2784369 0.8863587
vt 0.5678592 0.9824902
vt 0.5682471 0.9821848
vt 0.4895863 0.9819685
vt 0.4888821 0.9819936
vt 0.6523545 0.9822682
vt 0.6523675 0.9822656
vt 0.6989220 0.9823078
vt 0.6997806 0.9825485
vt 0.2668701 0.8629094
vt 0.2691413 0.8634495
vt 0.2718732 0.8795279
vt 0.2698244 0.8790635
vt 0.7062811 0.7949432
vt 0.7046536 0.7949754
vt 0.6911039 0.7570038
vt 0.6924912 0.7572526
vt 0.2694452 0.7575151
vt 0.2717744 0.7571827
vt 0.2695833 0.8044139
vt 0.2675624 0.8045723
vt 0.7219837 0.8171600
vt 0.7202997 0.8170695
vt 0.7392055 0.8357073
vt 0.7375143 0.8354241
vt 0.7184086 0.8169520
vt 0.7202997 0.8170695
vt 0.7375143 0.8354241
vt 0.7356846 0.8352557
vt 0.7029307 0.7949394
vt 0.7046536 0.7949754
vt 0.2692925 0.8339856
vt 0.2673018 0.8340151
vt 0.7363213 0.8393101
vt 0.7380564 0.8395583
vt 0.7372730 0.8510267
vt 0.2671501 0.8390950
vt 0.2692635 0.8392052
vt 0.7380564 0.8395583
vt 0.7375143 0.8354241
vt 0.7392055 0.8357073
vt 0.7396883 0.8395777
vt 0.7356846 0.8352557
vt 0.7375143 0.8354241
vt 0.2692925 0.8339856
vt 0.2692635 0.8392052
vt 0.2771837 0.8865277
vt 0.2747510 0.8852094
vt 0.7401766 0.8644580
vt 0.7389408 0.8645699
vt 0.7380564 0.8395583
vt 0.7396883 0.8395777
vt 0.2716022 0.8392222
vt 0.2692635 0.8392052
vt 0.2692925 0.8339856
vt 0.2716776 0.8338995
vt 0.2716030 0.8635417
vt 0.2691413 0.8634495
vt 0.2692635 0.8392052
vt 0.2716022 0.8392222
vt 0.2716776 0.8338995
vt 0.2692925 0.8339856
vt 0.2695833 0.8044139
vt 0.2718797 0.8043183
vt 0.2738627 0.7571838
vt 0.2717744 0.7571827
vt 0.2760336 0.7324456
vt 0.2768365 0.7336614
vt 0.2718732 0.8795279
vt 0.2741083 0.8797504
vt 0.6525052 0.9819905
vt 0.6980419 0.9819831
vt 0.6989220 0.9823078
vt 0.6523545 0.9822682
vt 0.5678592 0.9824902
vt 0.5695171 0.9821434
vt 0.4875969 0.9818011
vt 0.5652588 0.9822184
vt 0.5678592 0.9824902
vt 0.4888821 0.9819936
vt 0.7387754 0.8807648
vt 0.7373593 0.8809603
vt 0.7377874 0.8645859
vt 0.7389408 0.8645699
vt 0.6893511 0.7571291
vt 0.6911039 0.7570038
vt 0.6852769 0.7324651
vt 0.6845148 0.7336958
vt 0.7399840 0.8809021
vt 0.7387754 0.8807648
vt 0.2568314 0.8934591
vt 0.2542584 0.8930414
vt 0.2648027 0.8886041
vt 0.2663402 0.8898646
vt 0.2628535 0.8874764
vt 0.2648027 0.8886041
vt 0.2747510 0.8852094
vt 0.2771837 0.8865277
vt 0.6975971 0.9774728
vt 0.6980419 0.9819831
vt 0.6525052 0.9819905
vt 0.6524743 0.9776447
vt 0.5695171 0.9821434
vt 0.5769387 0.9777656
vt 0.5538815 0.9777423
vt 0.5652588 0.9822184
vt 0.4875969 0.9818011
vt 0.4844082 0.9778180
vt 0.3680798 0.9394869
vt 0.2784369 0.8863587
vt 0.2994473 0.8922118
vt 0.3778606 0.9389569
vt 0.5473660 0.8883293
vt 0.6501769 0.8888808
vt 0.6810775 0.8808147
vt 0.2741083 0.8797504
vt 0.4291169 0.8802748
vt 0.4329683 0.8878252
vt 0.3017433 0.8866391
vt 0.7382751 0.8895789
vt 0.4446112 0.9775248
vt 0.4470196 0.9735976
vt 0.7188625 0.9737745
vt 0.7274971 0.9672154
vt 0.7049571 0.9764978
vt 0.7557716 0.9392231
vt 0.7845151 0.9053715
vt 0.4620534 0.9811450
vt 0.4640067 0.9771739
vt 0.5312737 0.8344291
vt 0.5321561 0.8396244
vt 0.5078803 0.8395813
vt 0.4218381 0.8337868
vt 0.5306531 0.8036583
vt 0.5312737 0.8344291
vt 0.5299280 0.7571159
vt 0.5295390 0.7337845
vt 0.4736416 0.8806455
vt 0.4218381 0.8337868
vt 0.4215079 0.8394313
vt 0.2716776 0.8338995
vt 0.5375364 0.8883105
vt 0.5335179 0.8884587
vt 0.5239505 0.8883805
vt 0.5329899 0.8808218
vt 0.5675479 0.9774340
vt 0.5634367 0.9776192
vt 0.6997997 0.9770629
vt 0.7328901 0.8895919
vt 0.7305101 0.8898626
vt 0.7373593 0.8809603
vt 0.7362884 0.8896189
vt 0.7033873 0.9766842
vt 0.7004264 0.8891068
vt 0.7005158 0.8907627
vt 0.6502600 0.8905492
vt 0.6501769 0.8888808
vt 0.6975971 0.9774728
vt 0.6524743 0.9776447
vt 0.6525238 0.9761041
vt 0.6967757 0.9760131
vt 0.5769387 0.9777656
vt 0.5778793 0.9762238
vt 0.5473660 0.8883293
vt 0.5491278 0.8900341
vt 0.5538815 0.9777423
vt 0.4844082 0.9778180
vt 0.4843319 0.9762901
vt 0.5522565 0.9762042
vt 0.4640067 0.9771739
vt 0.4641911 0.9757035
vt 0.4470196 0.9735976
vt 0.4476478 0.9722190
vt 0.3778606 0.9389569
vt 0.3786820 0.9375923
vt 0.3452887 0.9178648
vt 0.4329683 0.8878252
vt 0.4337253 0.8899920
vt 0.3406863 0.8884648
vt 0.4895335 0.8882254
vt 0.7382751 0.8895789
vt 0.7795159 0.8963804
vt 0.7786763 0.8979838
vt 0.7387853 0.8914810
vt 0.7844927 0.9001113
vt 0.7828887 0.9007851
vt 0.7845151 0.9053715
vt 0.7828520 0.9048922
vt 0.7557716 0.9392231
vt 0.7546329 0.9386482
vt 0.7274971 0.9672154
vt 0.7263255 0.9663378
vt 0.7188625 0.9737745
vt 0.7182223 0.9724742
vt 0.7049571 0.9764978
vt 0.7062142 0.9748080
vt 0.5325893 0.7569883
vt 0.5352040 0.7571186
vt 0.5360638 0.8036767
vt 0.5334485 0.8036326
vt 0.5347911 0.7337735
vt 0.5321379 0.7325606
vt 0.5364997 0.8341856
vt 0.5338295 0.8342420
vt 0.5368606 0.8511304
vt 0.5369055 0.8645588
vt 0.5350882 0.8644548
vt 0.5347677 0.8510402
vt 0.5367560 0.8396016
vt 0.5343941 0.8396494
vt 0.5372927 0.8805131
vt 0.5350710 0.8805686
vt 0.5329899 0.8808218
vt 0.5335122 0.8645566
vt 0.5350882 0.8644548
vt 0.5350710 0.8805686
vt 0.5327876 0.8508837
vt 0.5347677 0.8510402
vt 0.5343941 0.8396494
vt 0.5321561 0.8396244
vt 0.5312737 0.8344291
vt 0.5338295 0.8342420
vt 0.5306531 0.8036583
vt 0.5334485 0.8036326
vt 0.5299280 0.7571159
vt 0.5325893 0.7569883
vt 0.5295390 0.7337845
vt 0.5321379 0.7325606
vt 0.5375364 0.8883105
vt 0.5354511 0.8883036
vt 0.5354511 0.8883036
vt 0.5335179 0.8884587
vt 0.5695171 0.9821434
vt 0.5678592 0.9824902
vt 0.5655206 0.9774249
vt 0.5675479 0.9774340
vt 0.5652588 0.9822184
vt 0.5634367 0.9776192
vt 0.5655206 0.9774249
vt 0.5678592 0.9824902
vt 0.6980419 0.9819831
vt 0.6997997 0.9770629
vt 0.7016962 0.9768585
vt 0.6989220 0.9823078
vt 0.7346352 0.8895469
vt 0.7328901 0.8895919
vt 0.7362884 0.8896189
vt 0.7346352 0.8895469
vt 0.7016962 0.9768585
vt 0.7033873 0.9766842
vt 0.2994473 0.8922118
vt 0.3017433 0.8866391
vt 0.3057145 0.8880036
vt 0.3032720 0.8930493
vt 0.7377874 0.8645859
vt 0.7184451 0.8728001
vt 0.7211334 0.8645442
vt 0.5335122 0.8645566
vt 0.5133449 0.8736691
vt 0.5159110 0.8645224
vt 0.7372730 0.8510267
vt 0.7184391 0.8583666
vt 0.7122556 0.8554710
vt 0.7134158 0.8507658
vt 0.5327876 0.8508837
vt 0.5133880 0.8586559
vt 0.5068355 0.8556231
vt 0.5071062 0.8504536
vt 0.7211334 0.8645442
vt 0.7184451 0.8728001
vt 0.7061076 0.8653032
vt 0.7123767 0.8756889
vt 0.6999727 0.8758681
vt 0.6936810 0.8730819
vt 0.6906969 0.8645796
vt 0.6934503 0.8582679
vt 0.6997963 0.8553655
vt 0.7122556 0.8554710
vt 0.7184391 0.8583666
vt 0.5159110 0.8645224
vt 0.5133449 0.8736691
vt 0.5006665 0.8658417
vt 0.5068154 0.8766298
vt 0.4943290 0.8766564
vt 0.4878286 0.8736416
vt 0.4853088 0.8644807
vt 0.4878272 0.8586430
vt 0.4943285 0.8556296
vt 0.5068355 0.8556231
vt 0.5133880 0.8586559
vt 0.6810307 0.8645816
vt 0.6815920 0.8510582
vt 0.4729642 0.8644698
vt 0.4730429 0.8505204
vt 0.5078803 0.8395813
vt 0.5321561 0.8396244
vt 0.5367560 0.8396016
vt 0.6513320 0.8394515
vt 0.7363213 0.8393101
vt 0.7389408 0.8645699
vt 0.7377874 0.8645859
vt 0.6989509 0.8809909
vt 0.7004264 0.8891068
vt 0.4924214 0.8809922
vt 0.4895335 0.8882254
vt 0.4878286 0.8736416
vt 0.4943290 0.8766564
vt 0.4853088 0.8644807
vt 0.4878272 0.8586430
vt 0.6934503 0.8582679
vt 0.6906969 0.8645796
vt 0.6936810 0.8730819
vt 0.6999727 0.8758681
vt 0.6997963 0.8553655
vt 0.6986794 0.8507345
vt 0.7140717 0.8811693
vt 0.7123767 0.8756889
vt 0.7305101 0.8898626
vt 0.7287339 0.8914275
vt 0.4943285 0.8556296
vt 0.4912757 0.8503515
vt 0.4854552 0.8393577
vt 0.4854552 0.8393577
vt 0.5070528 0.8809878
vt 0.5068154 0.8766298
vt 0.5076481 0.8882247
vt 0.5076481 0.8882247
vt 0.5239505 0.8883805
vt 0.5225195 0.8896726
vt 0.3262329 0.5044990
vt 0.3244365 0.5043332
vt 0.3352779 0.4362987
vt 0.3366187 0.4376333
vt 0.3238318 0.5631127
vt 0.3220334 0.5631164
vt 0.6279136 0.4354835
vt 0.6292723 0.4341347
vt 0.6362022 0.5034214
vt 0.6344948 0.5035722
vt 0.6377908 0.5624817
vt 0.6360835 0.5624851
vt 0.7748455 0.5592296
vt 0.7727234 0.5591635
vt 0.7732722 0.4676428
vt 0.7751792 0.4688576
vt 0.7714239 0.4688603
vt 0.7732722 0.4676428
vt 0.7727234 0.5591635
vt 0.7705855 0.5592161
vt 0.7738196 0.6334081
vt 0.7717286 0.6334081
vt 0.7717286 0.6334081
vt 0.7696272 0.6334081
vt 0.2838814 0.3821291
vt 0.2320460 0.3950705
vt 0.1678160 0.4084122
vt 0.1240061 0.4178428
vt 0.0696425 0.4480540
vt 0.0837558 0.4160686
vt 0.0860201 0.4248411
vt 0.0726630 0.4272369
vt 0.0733020 0.4180328
vt 0.0406364 0.4315840
vt 0.0212936 0.4324502
vt 0.0245376 0.4212513
vt 0.0448908 0.4206546
vt 0.3159499 0.3730268
vt 0.2838814 0.3821291
vt 0.2838096 0.3768260
vt 0.2320460 0.3950705
vt 0.2318253 0.3872109
vt 0.1678160 0.4084122
vt 0.1672433 0.4001344
vt 0.1240061 0.4178428
vt 0.1228616 0.4092547
vt 0.0640097 0.4289159
vt 0.0528147 0.4301992
vt 0.0537402 0.4199816
vt 0.0630781 0.4198588
vt 0.0084553 0.8438526
vt 0.0244846 0.8439292
vt 0.0380512 0.8483045
vt 0.0067796 0.8429880
vt 0.0084553 0.8438526
vt 0.0949138 0.3634048
vt 0.0940783 0.3619844
vt 0.3057145 0.8880036
vt 0.3017433 0.8866391
vt 0.2994473 0.8922118
vt 0.3032720 0.8930493
vt 0.8285233 0.2638437
vt 0.9059727 0.2661858
vt 0.8362263 0.2748672
vt 0.9729185 0.2864890
vt 0.9958908 0.3006226
vt 0.9791161 0.2976373
vt 0.9403145 0.2805311
vt 0.9358906 0.2704348
vt 0.9090124 0.2729279
vt 0.7900808 0.2633052
vt 0.8256356 0.2713439
vt 0.7907833 0.2715766
vt 0.9427018 0.2481114
vt 0.9478398 0.2308016
vt 0.9813289 0.2429452
vt 0.9759997 0.2679743
vt 0.9965998 0.2507113
vt 0.9920982 0.2757159
vt 0.9358906 0.2704348
vt 0.9358720 0.2544122
vt 0.9729185 0.2864890
vt 0.8285233 0.2638437
vt 0.8276926 0.2505599
vt 0.9042144 0.2542662
vt 0.9059727 0.2661858
vt 0.7493002 0.2625069
vt 0.7493008 0.2489785
vt 0.7897790 0.2492891
vt 0.7900808 0.2633052
vt 0.9958908 0.3006226
vt 0.0407412 0.8270008
vt 0.0324694 0.8060997
vt 0.0741997 0.8056168
vt 0.0749407 0.8078232
vt 0.0343868 0.8078372
vt 0.0081570 0.5219947
vt 0.0055123 0.5219939
vt 0.0084155 0.4710750
vt 0.0109753 0.4714510
vt 0.0908314 0.8054004
vt 0.0188682 0.4321499
vt 0.0212936 0.4324502
vt 0.0203320 0.4351920
vt 0.0220510 0.4206194
vt 0.0245376 0.4212513
vt 0.9487651 0.2185873
vt 0.9829876 0.2394605
vt 0.9813289 0.2429452
vt 0.9459872 0.2233321
vt 0.8356152 0.1816082
vt 0.8369843 0.1766296
vt 0.8879829 0.1965386
vt 0.7492558 0.1703907
vt 0.7945436 0.1727107
vt 0.7938543 0.1778832
vt 0.7492557 0.1756025
vt 0.9965998 0.2507113
vt 0.9226132 0.2011195
vt 0.9199968 0.2056337
vt 0.9459872 0.2233321
vt 0.9427018 0.2481114
vt 0.9406152 0.2471277
vt 0.9451407 0.2320179
vt 0.9478398 0.2308016
vt 0.8276926 0.2505599
vt 0.8273732 0.2487736
vt 0.9040417 0.2522921
vt 0.9042144 0.2542662
vt 0.7493008 0.2489785
vt 0.7493008 0.2471014
vt 0.7898123 0.2474512
vt 0.7897790 0.2492891
vt 0.9348733 0.2520242
vt 0.9358720 0.2544122
vt 0.9188786 0.2075364
vt 0.8871674 0.1986504
vt 0.8879829 0.1965386
vt 0.9199968 0.2056337
vt 0.8350785 0.1837628
vt 0.8356152 0.1816082
vt 0.7936204 0.1801576
vt 0.7492552 0.1779263
vt 0.7492557 0.1756025
vt 0.7938543 0.1778832
vt 0.9459872 0.2233321
vt 0.9439465 0.2251329
vt 0.9358720 0.2544122
vt 0.9348733 0.2520242
vt 0.0414523 0.8387970
vt 0.0421614 0.8333582
vt 0.0343569 0.8443692
vt 0.0381564 0.8428748
vt 0.0537402 0.4199816
vt 0.0542622 0.4150235
vt 0.0765327 0.3926362
vt 0.0949138 0.3634048
vt 0.1024959 0.3633793
vt 0.0866011 0.3937158
vt 0.1071218 0.3639726
vt 0.0728574 0.4005015
vt 0.0721383 0.3997948
vt 0.0244203 0.4163539
vt 0.0261477 0.4181859
vt 0.0261477 0.4181859
vt 0.0244203 0.4163539
vt 0.0465124 0.4156704
vt 0.0462062 0.4172054
vt 0.0599499 0.4119395
vt 0.0593287 0.4106257
vt 0.0658206 0.4053191
vt 0.0666029 0.4065513
vt 0.0084553 0.8438526
vt 0.0067796 0.8429880
vt 0.0244664 0.8426768
vt 0.0244846 0.8439292
vt 0.0407412 0.8270008
vt 0.0394863 0.8272812
vt 0.0324694 0.8060997
vt 0.0343868 0.8078372
vt 0.0414523 0.8387970
vt 0.0402880 0.8384900
vt 0.0408784 0.8334404
vt 0.0421614 0.8333582
vt 0.0340648 0.8431471
vt 0.0343569 0.8443692
vt 0.0373367 0.8419034
vt 0.0381564 0.8428748
vt 0.0529476 0.4139449
vt 0.0542622 0.4150235
vt 0.0753644 0.3920795
vt 0.0940783 0.3619844
vt 0.0949138 0.3634048
vt 0.0765327 0.3926362
vt 0.0710986 0.3988741
vt 0.0721383 0.3997948
vt 0.0212936 0.4324502
vt 0.0406364 0.4315840
vt 0.0396586 0.4347582
vt 0.0203320 0.4351920
vt 0.0528147 0.4301992
vt 0.0640097 0.4289159
vt 0.0583084 0.4355065
vt 0.0527220 0.4345292
vt 0.0672974 0.4406588
vt 0.0712296 0.4371522
vt 0.0175485 0.4463117
vt 0.0634362 0.4375519
vt 0.0726630 0.4272369
vt 0.5347911 0.7337735
vt 0.5321379 0.7325606
vt 0.6473762 0.7322052
vt 0.6476219 0.7336117
vt 0.2768365 0.7336614
vt 0.2760336 0.7324456
vt 0.4217052 0.7322400
vt 0.4215004 0.7336481
vt 0.6852769 0.7324651
vt 0.6845148 0.7336958
vt 0.5321379 0.7325606
vt 0.5295390 0.7337845
vt 0.6632351 0.3787802
vt 0.6634945 0.3709109
vt 0.7174085 0.3710461
vt 0.7165743 0.3787193
vt 0.7670519 0.3700426
vt 0.7650049 0.3775425
vt 0.7867403 0.3760860
vt 0.7881672 0.3675467
vt 0.8159940 0.3608308
vt 0.8164845 0.3691902
vt 0.7777114 0.3696568
vt 0.7779503 0.3780940
vt 0.8927858 0.3563814
vt 0.8975065 0.3484207
vt 0.9093080 0.3496420
vt 0.8866355 0.3483758
vt 0.6212761 0.3787075
vt 0.6212766 0.3707821
vt 0.6632351 0.3787802
vt 0.7165743 0.3787193
vt 0.7163926 0.4001714
vt 0.6631069 0.4006809
vt 0.7650049 0.3775425
vt 0.7645452 0.3979448
vt 0.8164845 0.3691902
vt 0.8927858 0.3563814
vt 0.8851428 0.3798435
vt 0.8143525 0.3911464
vt 0.7867403 0.3760860
vt 0.7823632 0.3959941
vt 0.7779503 0.3780940
vt 0.9093080 0.3496420
vt 0.8997808 0.3776546
vt 0.6212757 0.4007745
vt 0.6212761 0.3787075
vt 0.7171927 0.4244535
vt 0.6633645 0.4254360
vt 0.6632568 0.4217031
vt 0.7168801 0.4207764
vt 0.6212756 0.4255987
vt 0.6212756 0.4219162
vt 0.8565320 0.8073171
vt 0.8678927 0.8078182
vt 0.8674850 0.8087162
vt 0.8782914 0.8079876
vt 0.8778860 0.8090546
vt 0.9486305 0.5276096
vt 0.9437993 0.5224525
vt 0.9328580 0.4920275
vt 0.9331214 0.4907473
vt 0.9918440 0.8531544
vt 0.9930406 0.8531364
vt 0.9499767 0.8593197
vt 0.9549686 0.8395107
vt 0.9456159 0.8395597
vt 0.9543790 0.8351768
vt 0.9328580 0.4920275
vt 0.9397296 0.5137485
vt 0.9567773 0.8485880
vt 0.9576522 0.8482677
vt 0.9592258 0.8515469
vt 0.9588626 0.8520652
vt 0.9486830 0.8090360
vt 0.9494732 0.8079842
vt 0.9513005 0.8178079
vt 0.9505408 0.8179489
vt 0.9551660 0.8350700
vt 0.9543790 0.8351768
vt 0.9840376 0.8532571
vt 0.9841046 0.8524846
vt 0.9918246 0.8523934
vt 0.9918440 0.8531544
vt 0.9629274 0.5904675
vt 0.9639345 0.5904046
vt 0.9652894 0.6334077
vt 0.9643407 0.6334077
vt 0.9550057 0.5317898
vt 0.9551175 0.5310004
vt 0.9598371 0.5321221
vt 0.9589167 0.5327395
vt 0.9589167 0.5327395
vt 0.9598371 0.5321221
vt 0.9551660 0.8350700
vt 0.9557980 0.8394533
vt 0.9549686 0.8395107
vt 0.9543790 0.8351768
vt 0.9747500 0.8531561
vt 0.9748700 0.8525040
vt 0.9437993 0.5224525
vt 0.9443739 0.5217766
vt 0.9492832 0.5270630
vt 0.9486305 0.5276096
vt 0.9331214 0.4907473
vt 0.9338480 0.4903868
vt 0.9335626 0.4919862
vt 0.9328580 0.4920275
vt 0.9934315 0.8523459
vt 0.9930406 0.8531364
vt 0.9549686 0.8395107
vt 0.9557980 0.8394533
vt 0.9405082 0.5135309
vt 0.9397296 0.5137485
vt 0.9551175 0.5310004
vt 0.9550057 0.5317898
vt 0.9486830 0.8090360
vt 0.9494732 0.8079842
vt 0.7168801 0.4207764
vt 0.6632568 0.4217031
vt 0.7455696 0.4197030
vt 0.8818569 0.4008409
vt 0.8088102 0.4126233
vt 0.7822199 0.4149368
vt 0.7641871 0.4179102
vt 0.8958635 0.4009879
vt 0.6212756 0.4219162
vt 0.7455696 0.4197030
vt 0.7452911 0.4233509
vt 0.7641871 0.4179102
vt 0.7640762 0.4216876
vt 0.8818569 0.4008409
vt 0.8817945 0.4055467
vt 0.8074241 0.4172664
vt 0.8088102 0.4126233
vt 0.7827592 0.4190321
vt 0.7822199 0.4149368
vt 0.8958635 0.4009879
vt 0.2056285 0.8058063
vt 0.1890041 0.8183447
vt 0.1872067 0.8153793
vt 0.2031659 0.8033815
vt 0.2186508 0.7875065
vt 0.2156570 0.7857866
vt 0.1692037 0.8262962
vt 0.1478982 0.8292367
vt 0.1479442 0.8257680
vt 0.1683040 0.8230174
vt 0.1266703 0.8264144
vt 0.1070864 0.8184050
vt 0.1089528 0.8154057
vt 0.1276584 0.8230718
vt 0.2288446 0.7571176
vt 0.2250160 0.7566051
vt 0.8565320 0.8073171
vt 0.8399529 0.8202522
vt 0.8382979 0.8171255
vt 0.8542346 0.8047562
vt 0.7767659 0.8283258
vt 0.7566290 0.8201207
vt 0.7586296 0.8170685
vt 0.7778772 0.8248815
vt 0.7984316 0.8313289
vt 0.7985855 0.8277119
vt 0.8200278 0.8284849
vt 0.8192253 0.8249594
vt 0.7245041 0.7839831
vt 0.7159321 0.7570865
vt 0.7200615 0.7565720
vt 0.7281348 0.7825709
vt 0.0908314 0.8054004
vt 0.0932189 0.8030036
vt 0.7396328 0.8073891
vt 0.7423315 0.8048466
vt 0.9920982 0.2757159
vt 0.9965998 0.2507113
vt 1.0001116 0.2519431
vt 0.9958341 0.2757784
vt 0.9958908 0.3006226
vt 0.9993824 0.2994832
vt 0.8997808 0.3776546
vt 0.9093080 0.3496420
vt 0.9122949 0.3519026
vt 0.9031565 0.3786569
vt 0.8958635 0.4009879
vt 0.8994384 0.4009694
vt 0.8473377 0.8395789
vt 0.8545923 0.8360424
vt 0.0519803 0.7721092
vt 0.0520218 0.7663274
vt 0.0805390 0.7665316
vt 0.0804977 0.7723134
vt 0.1510354 0.7361608
vt 0.1795533 0.7361608
vt 0.1795535 0.7419429
vt 0.1510352 0.7419429
vt 0.1510352 0.7325694
vt 0.1795535 0.7325694
vt 0.1795533 0.7361608
vt 0.1510354 0.7361608
vt 0.1795535 0.7455342
vt 0.1510352 0.7455342
vt 0.1510352 0.7419429
vt 0.1795535 0.7419429
vt 0.1906857 0.7444258
vt 0.1795535 0.7419429
vt 0.1795533 0.7361608
vt 0.1909593 0.7361608
vt 0.1909593 0.7419429
vt 0.1906856 0.7336778
vt 0.1399029 0.7336780
vt 0.1510354 0.7361608
vt 0.1510352 0.7419429
vt 0.1396293 0.7419428
vt 0.1396293 0.7361607
vt 0.1399029 0.7444258
vt 0.0804977 0.7723134
vt 0.0805390 0.7665316
vt 0.0853212 0.7665657
vt 0.0852798 0.7723477
vt 0.1906857 0.7503166
vt 0.1795535 0.7503166
vt 0.1909593 0.7419429
vt 0.1909593 0.7361608
vt 0.1968502 0.7361608
vt 0.1968502 0.7419429
vt 0.1795533 0.7277871
vt 0.1906856 0.7277871
vt 0.0520218 0.7663274
vt 0.0519803 0.7721092
vt 0.0471981 0.7720749
vt 0.0472395 0.7662931
vt 0.1399029 0.7277871
vt 0.1510352 0.7277871
vt 0.1396293 0.7361607
vt 0.1396293 0.7419428
vt 0.1337384 0.7419428
vt 0.1337384 0.7361607
vt 0.1510354 0.7503166
vt 0.1399029 0.7503167
vt 0.0532267 0.7618757
vt 0.0532267 0.7560937
vt 0.0817447 0.7560937
vt 0.0817447 0.7618757
vt 0.1664205 0.7151372
vt 0.1949385 0.7151372
vt 0.1949385 0.7209192
vt 0.1664205 0.7209192
vt 0.1664205 0.7115457
vt 0.1949385 0.7115458
vt 0.1949385 0.7151372
vt 0.1664205 0.7151372
vt 0.1949385 0.7245106
vt 0.1664205 0.7245107
vt 0.1664205 0.7209192
vt 0.1949385 0.7209192
vt 0.2060709 0.7234020
vt 0.1949385 0.7209192
vt 0.1949385 0.7151372
vt 0.2063444 0.7151371
vt 0.2063445 0.7209192
vt 0.2060708 0.7126542
vt 0.1552883 0.7126542
vt 0.1664205 0.7151372
vt 0.1664205 0.7209192
vt 0.1550147 0.7209192
vt 0.1550147 0.7151372
vt 0.1552881 0.7234023
vt 0.0817447 0.7618757
vt 0.0817447 0.7560937
vt 0.0865270 0.7560937
vt 0.0865270 0.7618757
vt 0.2060709 0.7292929
vt 0.1949386 0.7292929
vt 0.2063445 0.7209192
vt 0.2063444 0.7151371
vt 0.2122352 0.7151371
vt 0.2122353 0.7209192
vt 0.1949385 0.7067635
vt 0.2060708 0.7067635
vt 0.0532267 0.7560937
vt 0.0532267 0.7618757
vt 0.0484445 0.7618757
vt 0.0484445 0.7560937
vt 0.1552883 0.7067635
vt 0.1664205 0.7067635
vt 0.1550147 0.7151372
vt 0.1550147 0.7209192
vt 0.1491238 0.7209192
vt 0.1491238 0.7151372
vt 0.1664205 0.7292930
vt 0.1552881 0.7292931
vt 0.2458016 0.9871950
vt 0.2455539 0.9893439
vt 0.2366045 0.9894481
vt 0.2370655 0.9851363
vt 0.2458143 0.9848475
vt 0.2452361 0.9915187
vt 0.2448792 0.9937024
vt 0.2361043 0.9937575
vt 0.2137709 0.9906507
vt 0.2136412 0.9884551
vt 0.2219272 0.9859537
vt 0.2224417 0.9907908
vt 0.2139137 0.9928586
vt 0.2453376 0.9815469
vt 0.2374858 0.9807880
vt 0.2448794 0.9788001
vt 0.2379759 0.9759362
vt 0.2463520 0.9689244
vt 0.2462199 0.9711137
vt 0.2376653 0.9710243
vt 0.2382843 0.9664085
vt 0.2147273 0.9725752
vt 0.2144358 0.9703557
vt 0.2231125 0.9683664
vt 0.2235754 0.9727321
vt 0.2150617 0.9748032
vt 0.2460161 0.9733450
vt 0.2457825 0.9755862
vt 0.2370226 0.9753966
vt 0.2147330 0.9623575
vt 0.2151953 0.9595659
vt 0.2220702 0.9569064
vt 0.2226213 0.9631250
vt 0.2143438 0.9652944
vt 0.2135349 0.9862769
vt 0.2142156 0.9681636
vt 0.2134402 0.9809663
vt 0.2139541 0.9770679
vt 0.2210601 0.9764442
vt 0.2215117 0.9815874
vt 0.2134753 0.9836504
vt 0.2445587 0.9765663
vt 0.2155542 0.9574444
vt 0.2467446 0.9659189
vt 0.2462478 0.9596056
vt 0.2466028 0.9634953
vt 0.2387524 0.9625494
vt 0.2392092 0.9587576
vt 0.0106593 0.9463198
vt 0.0092495 0.9444144
vt 0.0396009 0.9398746
vt 0.0078225 0.9341236
vt 0.0069939 0.9232464
vt 0.0396516 0.9236298
vt 0.0396009 0.9398746
vt 0.0262866 0.9684656
vt 0.0201042 0.9641534
vt 0.0402498 0.9562745
vt 0.0092495 0.9444144
vt 0.0106593 0.9463198
vt 0.0396009 0.9398746
vt 0.0348095 0.9720080
vt 0.0402498 0.9562745
vt 0.0405168 0.9738455
vt 0.0394929 0.9737241
vt 0.0394929 0.9737241
vt 0.1916086 0.9711716
vt 0.1613097 0.9715703
vt 0.1612809 0.9597416
vt 0.1978846 0.9596581
vt 0.1323180 0.9717147
vt 0.0933048 0.9713968
vt 0.0912093 0.9599271
vt 0.1322868 0.9598144
vt 0.2079485 0.9717897
vt 0.2017822 0.9708706
vt 0.0891795 0.9714460
vt 0.0831155 0.9721289
vt 0.0820436 0.9560356
vt 0.0820867 0.9723277
vt 0.2090555 0.9718204
vt 0.2090176 0.9557164
vt 0.2848330 0.9221218
vt 0.2850299 0.9331508
vt 0.2523569 0.9508538
vt 0.2518610 0.9230921
vt 0.2828592 0.9564378
vt 0.2817400 0.9599009
vt 0.2519500 0.9558288
vt 0.2857172 0.9535583
vt 0.2828592 0.9564378
vt 0.2523569 0.9508538
vt 0.2870141 0.9487877
vt 0.2857172 0.9535583
vt 0.2523569 0.9508538
vt 0.2847042 0.9455076
vt 0.2847042 0.9455076
vt 0.2870141 0.9487877
vt 0.2523569 0.9508538
vt 0.2759164 0.9669902
vt 0.2557406 0.9727367
vt 0.2511455 0.9734507
vt 0.2838425 0.9600053
vt 0.2808538 0.9651594
vt 0.2252463 0.9676883
vt 0.2372242 0.9661238
vt 0.2336404 0.9690979
vt 0.2292405 0.9695101
vt 0.2387524 0.9625494
vt 0.2226213 0.9631250
vt 0.2220702 0.9569064
vt 0.2392092 0.9587576
vt 0.2278579 0.9876909
vt 0.2235221 0.9854853
vt 0.2356925 0.9847714
vt 0.2321799 0.9873142
vt 0.2215117 0.9815874
vt 0.2374858 0.9807880
vt 0.2210601 0.9764442
vt 0.2379759 0.9759362
vt 0.1467318 0.9388629
vt 0.2034256 0.9387186
vt 0.0865573 0.9390064
vt 0.0402498 0.9562745
vt 0.1466936 0.9234920
vt 0.2033740 0.9233202
vt 0.0865319 0.9236091
vt 0.7423428 0.5483510
vt 0.7423011 0.4950233
vt 0.7506500 0.4977995
vt 0.7513875 0.5484009
vt 0.7422969 0.5906559
vt 0.7251165 0.5906559
vt 0.7257037 0.5479544
vt 0.7260672 0.4927243
vt 0.7514937 0.5906559
vt 0.7515546 0.4972045
vt 0.7523602 0.5483955
vt 0.7513875 0.5484009
vt 0.7506500 0.4977995
vt 0.7524769 0.5906559
vt 0.7514937 0.5906559
vt 0.7423011 0.4950233
vt 0.7423335 0.4942178
vt 0.7515546 0.4972045
vt 0.7506500 0.4977995
vt 0.7251165 0.5906559
vt 0.7241718 0.5906559
vt 0.7247182 0.5479394
vt 0.7257037 0.5479544
vt 0.7260672 0.4927243
vt 0.7251465 0.4918664
vt 0.7251465 0.4918664
vt 0.7260672 0.4927243
vt 0.7500027 0.3128519
vt 0.7499419 0.3107088
vt 0.7880765 0.3108433
vt 0.7882110 0.3128974
vt 0.8406740 0.3110096
vt 0.8414165 0.3133623
vt 0.9949635 0.3436133
vt 0.9941527 0.3518836
vt 0.9628614 0.3599659
vt 0.9614345 0.3538773
vt 0.9372905 0.3532745
vt 0.7893349 0.3386973
vt 0.7895559 0.3451824
vt 0.7509702 0.3465272
vt 0.7506155 0.3402030
vt 0.7080210 0.3474958
vt 0.7080210 0.3411239
vt 0.8446039 0.3371516
vt 0.8472866 0.3435743
vt 0.9614345 0.3538773
vt 0.9372905 0.3532745
vt 0.9696296 0.3428982
vt 0.9949635 0.3436133
vt 0.9323837 0.3509144
vt 0.9233524 0.3354495
vt 0.9557039 0.3276760
vt 0.9648205 0.3410838
vt 0.9557039 0.3276760
vt 0.9233524 0.3354495
vt 0.9485523 0.3177012
vt 0.9771358 0.3143239
vt 0.9372905 0.3532745
vt 0.9696296 0.3428982
vt 0.9233524 0.3354495
vt 0.9323837 0.3509144
vt 0.9318002 0.3540605
vt 0.9215270 0.3358237
vt 0.9372905 0.3532745
vt 0.9347008 0.3599659
vt 0.9318002 0.3540605
vt 0.7506155 0.3402030
vt 0.7080210 0.3411239
vt 0.7080210 0.3379665
vt 0.7504414 0.3370903
vt 0.7502018 0.3260317
vt 0.7080208 0.3264372
vt 0.7080208 0.3242815
vt 0.7501117 0.3238876
vt 0.7500905 0.2864374
vt 0.7500836 0.2833559
vt 0.7881359 0.2848554
vt 0.7882189 0.2878805
vt 0.7499651 0.2996629
vt 0.7499326 0.2975144
vt 0.7879874 0.2983474
vt 0.7880849 0.3004071
vt 0.7890295 0.3357178
vt 0.7893349 0.3386973
vt 0.7884198 0.3233015
vt 0.7885891 0.3253507
vt 0.8384105 0.2868829
vt 0.8393353 0.2902534
vt 0.8395716 0.2994565
vt 0.8402704 0.3018251
vt 0.8434769 0.3339829
vt 0.8446039 0.3371516
vt 0.8419803 0.3225214
vt 0.8427635 0.3248564
vt 0.7499326 0.2975144
vt 0.7080208 0.2970046
vt 0.7080208 0.2911699
vt 0.7506951 0.2919563
vt 0.7499419 0.3107088
vt 0.7080208 0.3106574
vt 0.7080208 0.3048712
vt 0.7506393 0.3051570
vt 0.7879874 0.2983474
vt 0.7499326 0.2975144
vt 0.7506951 0.2919563
vt 0.7898632 0.2931301
vt 0.7880765 0.3108433
vt 0.7499419 0.3107088
vt 0.7506393 0.3051570
vt 0.7898470 0.3056101
vt 0.7502018 0.3260317
vt 0.7885891 0.3253507
vt 0.7905835 0.3304587
vt 0.7510177 0.3315056
vt 0.7500027 0.3128519
vt 0.7882110 0.3128974
vt 0.7900864 0.3180532
vt 0.7507473 0.3183286
vt 0.8395716 0.2994565
vt 0.7879874 0.2983474
vt 0.7898632 0.2931301
vt 0.8417875 0.2949136
vt 0.8406740 0.3110096
vt 0.7880765 0.3108433
vt 0.7898470 0.3056101
vt 0.8428153 0.3064305
vt 0.7885891 0.3253507
vt 0.8427635 0.3248564
vt 0.8454729 0.3293451
vt 0.7905835 0.3304587
vt 0.7882110 0.3128974
vt 0.8414165 0.3133623
vt 0.8440474 0.3179112
vt 0.7900864 0.3180532
vt 0.7504414 0.3370903
vt 0.7080210 0.3379665
vt 0.7080210 0.3321539
vt 0.7510177 0.3315056
vt 0.7501117 0.3238876
vt 0.7080208 0.3242815
vt 0.7080208 0.3185022
vt 0.7507473 0.3183286
vt 0.7500905 0.2864374
vt 0.7882189 0.2878805
vt 0.7898632 0.2931301
vt 0.7506951 0.2919563
vt 0.7499651 0.2996629
vt 0.7880849 0.3004071
vt 0.7898470 0.3056101
vt 0.7506393 0.3051570
vt 0.7890295 0.3357178
vt 0.7504414 0.3370903
vt 0.7510177 0.3315056
vt 0.7905835 0.3304587
vt 0.7884198 0.3233015
vt 0.7501117 0.3238876
vt 0.7507473 0.3183286
vt 0.7900864 0.3180532
vt 0.7882189 0.2878805
vt 0.8393353 0.2902534
vt 0.8417875 0.2949136
vt 0.7898632 0.2931301
vt 0.7880849 0.3004071
vt 0.8402704 0.3018251
vt 0.8428153 0.3064305
vt 0.7898470 0.3056101
vt 0.8434769 0.3339829
vt 0.7890295 0.3357178
vt 0.7905835 0.3304587
vt 0.8454729 0.3293451
vt 0.8419803 0.3225214
vt 0.7884198 0.3233015
vt 0.7900864 0.3180532
vt 0.8440474 0.3179112
vt 0.9215270 0.3358237
vt 0.9318002 0.3540605
vt 0.9274155 0.3572562
vt 0.9171420 0.3390191
vt 0.0550658 0.9580770
vt 0.0552231 0.9616163
vt 0.0439024 0.9618521
vt 0.0437583 0.9582614
vt 0.0653493 0.9651531
vt 0.0654516 0.9661753
vt 0.0633636 0.9660658
vt 0.0623787 0.9616425
vt 0.0612903 0.9580896
vt 0.0630071 0.9580951
vt 0.0643976 0.9621047
vt 0.0653035 0.9671837
vt 0.0649780 0.9679408
vt 0.0638787 0.9684317
vt 0.0557018 0.9685056
vt 0.0554907 0.9660921
vt 0.6559037 0.6785474
vt 0.6487577 0.6549222
vt 0.6497960 0.6547078
vt 0.6569570 0.6780934
vt 0.6441559 0.6231539
vt 0.6451634 0.6231539
vt 0.7045860 0.6231536
vt 0.7018489 0.6539938
vt 0.7009468 0.6538379
vt 0.7037016 0.6231536
vt 0.6979071 0.6708785
vt 0.6969638 0.6706063
vt 0.6957580 0.6787853
vt 0.6949295 0.6781364
vt 0.6822567 0.6846023
vt 0.6818824 0.6838114
vt 0.6735243 0.6873513
vt 0.6733239 0.6864038
vt 0.6685427 0.6879602
vt 0.6687473 0.6867288
vt 0.6636745 0.6863244
vt 0.6643171 0.6853613
vt 0.6598529 0.6841252
vt 0.6607666 0.6833397
vt 0.6569570 0.6780934
vt 0.6497960 0.6547078
vt 0.6517268 0.6542757
vt 0.6590192 0.6770880
vt 0.6451634 0.6231539
vt 0.6472299 0.6231539
vt 0.7037016 0.6231536
vt 0.7009468 0.6538379
vt 0.6989391 0.6535150
vt 0.7016970 0.6231536
vt 0.6969638 0.6706063
vt 0.6950356 0.6700696
vt 0.6949295 0.6781364
vt 0.6929146 0.6764652
vt 0.6818824 0.6838114
vt 0.6812547 0.6821163
vt 0.6733239 0.6864038
vt 0.6730635 0.6842256
vt 0.6687473 0.6867288
vt 0.6692283 0.6842218
vt 0.6643171 0.6853613
vt 0.6655160 0.6830792
vt 0.6607666 0.6833397
vt 0.6626066 0.6811258
vt 0.6590192 0.6770880
vt 0.6517268 0.6542757
vt 0.6614163 0.6526453
vt 0.6680018 0.6700241
vt 0.6579732 0.6231539
vt 0.6989391 0.6535150
vt 0.6950356 0.6700696
vt 0.6840764 0.6671271
vt 0.6874784 0.6528427
vt 0.6929146 0.6764652
vt 0.6828573 0.6699341
vt 0.6929146 0.6764652
vt 0.6812547 0.6821163
vt 0.6759197 0.6742252
vt 0.6828573 0.6699341
vt 0.6730635 0.6842256
vt 0.6703087 0.6748773
vt 0.6692283 0.6842218
vt 0.6693453 0.6743070
vt 0.6655160 0.6830792
vt 0.6685523 0.6731865
vt 0.6626066 0.6811258
vt 0.6683615 0.6720647
vt 0.9818350 0.9124306
vt 0.9387065 0.9113150
vt 0.9387057 0.9077152
vt 0.9823091 0.9088273
vt 0.9869405 0.9541051
vt 0.9412380 0.9528218
vt 0.9412377 0.9491810
vt 0.9873806 0.9504628
vt 0.9890805 0.9756385
vt 0.9423102 0.9742528
vt 0.9423099 0.9706097
vt 0.9895046 0.9719950
vt 0.9847066 0.9332756
vt 0.9403547 0.9320751
vt 0.9403541 0.9284596
vt 0.9851630 0.9296575
vt 0.9901555 0.9863245
vt 0.9428439 0.9849691
vt 0.9428434 0.9813257
vt 0.9905654 0.9826799
vt 0.9852775 0.9435098
vt 0.9404140 0.9423327
vt 0.9404134 0.9387183
vt 0.9857190 0.9398927
vt 0.9879847 0.9647833
vt 0.9417567 0.9635307
vt 0.9417563 0.9598907
vt 0.9884099 0.9611414
vt 0.9828473 0.9226651
vt 0.9392086 0.9215699
vt 0.9392083 0.9179713
vt 0.9833063 0.9190628
vt 0.9903394 0.9873620
vt 0.9905304 0.9887583
vt 0.9428439 0.9874234
vt 0.9428439 0.9860142
vt 0.9854244 0.9443094
vt 0.9856330 0.9455878
vt 0.9404144 0.9444101
vt 0.9404140 0.9431145
vt 0.9881347 0.9656054
vt 0.9883370 0.9669423
vt 0.9417570 0.9656890
vt 0.9417567 0.9643365
vt 0.9829894 0.9234448
vt 0.9832026 0.9246706
vt 0.9392090 0.9235741
vt 0.9392088 0.9223304
vt 0.9892649 0.9766762
vt 0.9894581 0.9780723
vt 0.9423105 0.9767064
vt 0.9423105 0.9752975
vt 0.9848522 0.9340666
vt 0.9850630 0.9353453
vt 0.9403551 0.9341435
vt 0.9403547 0.9328480
vt 0.9870892 0.9549184
vt 0.9872938 0.9562557
vt 0.9412383 0.9549782
vt 0.9412382 0.9536257
vt 0.9819753 0.9132017
vt 0.9821908 0.9144281
vt 0.9387069 0.9133103
vt 0.9387065 0.9120665
vt 0.0914813 0.7485588
vt 0.0933703 0.7426468
vt 0.1272085 0.7436136
vt 0.1279650 0.7710812
vt 0.0886359 0.7496527
vt 0.0908515 0.7400016
vt 0.0933703 0.7426468
vt 0.0914813 0.7485588
vt 0.0908515 0.7400016
vt 0.1294694 0.7416160
vt 0.1272085 0.7436136
vt 0.0933703 0.7426468
vt 0.1294694 0.7416160
vt 0.1297650 0.7742610
vt 0.1279650 0.7710812
vt 0.1272085 0.7436136
vt 0.1297650 0.7742610
vt 0.0886359 0.7496527
vt 0.0914813 0.7485588
vt 0.1279650 0.7710812
vt 0.2022702 0.7771416
vt 0.1852036 0.7845240
vt 0.1866845 0.7813624
vt 0.1978105 0.8042659
vt 0.1617962 0.8159123
vt 0.1631269 0.8048910
vt 0.1877075 0.7990699
vt 0.1583767 0.7572443
vt 0.1839579 0.7782730
vt 0.1564503 0.7750793
vt 0.1858469 0.7945803
vt 0.1615635 0.7999964
vt 0.1576938 0.7826913
vt 0.1832653 0.7847761
vt 0.1166820 0.8101079
vt 0.1156591 0.8081063
vt 0.1171571 0.8056929
vt 0.1324498 0.8072532
vt 0.1547322 0.7576190
vt 0.1530029 0.7748154
vt 0.1495128 0.7747967
vt 0.1523402 0.7585996
vt 0.1547160 0.7831258
vt 0.1481090 0.7872075
vt 0.1595834 0.8016442
vt 0.1568815 0.8160111
vt 0.1324498 0.8072532
vt 0.1171571 0.8056929
vt 0.1136829 0.7950502
vt 0.1212769 0.7881543
vt 0.1523402 0.7585996
vt 0.1495128 0.7747967
vt 0.1399375 0.7709066
vt 0.1436719 0.7566738
vt 0.1495128 0.7747967
vt 0.1481090 0.7872075
vt 0.1333528 0.7770741
vt 0.1399375 0.7709066
vt 0.1481090 0.7872075
vt 0.1324498 0.8072532
vt 0.1212769 0.7881543
vt 0.1333528 0.7770741
vt 0.1561940 0.7809887
vt 0.1846970 0.7815086
vt 0.2013625 0.7990766
vt 0.1878169 0.7944636
vt 0.1997585 0.7729041
vt 0.1862531 0.7787345
vt 0.1853990 0.7985849
vt 0.1644467 0.8028843
vt 0.1142829 0.8118430
vt 0.0959912 0.7989476
vt 0.0939479 0.7788728
vt 0.0964750 0.7816659
vt 0.0976567 0.7972487
vt 0.1286024 0.7101662
vt 0.1296841 0.7279919
vt 0.1286925 0.7276471
vt 0.1276808 0.7106012
vt 0.1266235 0.7314084
vt 0.1261720 0.7304724
vt 0.0853444 0.7317122
vt 0.0857539 0.7307702
vt 0.0834273 0.7298985
vt 0.0843284 0.7294843
vt 0.0830926 0.7051415
vt 0.0840348 0.7055820
vt 0.0868471 0.7018559
vt 0.0871904 0.7028882
vt 0.1246418 0.7061828
vt 0.1242013 0.7070392
vt 0.1276808 0.7106012
vt 0.1286925 0.7276471
vt 0.1265024 0.7267745
vt 0.1253600 0.7117115
vt 0.1261720 0.7304724
vt 0.1248922 0.7284167
vt 0.0857539 0.7307702
vt 0.0866082 0.7284167
vt 0.0843284 0.7294843
vt 0.0840348 0.7055820
vt 0.0862077 0.7068495
vt 0.0871904 0.7028882
vt 0.0878629 0.7052416
vt 0.1242013 0.7070392
vt 0.1229171 0.7090117
vt 0.0563860 0.7989476
vt 0.0559714 0.7766361
vt 0.0576838 0.7749726
vt 0.7157840 0.7200660
vt 0.7110341 0.7522081
vt 0.6929142 0.7523705
vt 0.6862150 0.7202217
vt 0.2584970 0.7548706
vt 0.2419523 0.7538587
vt 0.2559195 0.7224335
vt 0.2720034 0.7206427
vt 0.2693770 0.7555004
vt 0.2293951 0.7534550
vt 0.2184048 0.7534742
vt 0.2248989 0.7216111
vt 0.2382278 0.7220399
vt 0.7221971 0.7524624
vt 0.6929142 0.7523705
vt 0.6913901 0.7523429
vt 0.6850783 0.7216557
vt 0.6862150 0.7202217
vt 0.2720034 0.7206427
vt 0.2734584 0.7224761
vt 0.2709097 0.7553805
vt 0.2693770 0.7555004
vt 0.4523476 0.2430159
vt 0.4393340 0.2182179
vt 0.4704514 0.2042629
vt 0.4878109 0.2311538
vt 0.2579243 0.2661109
vt 0.2579245 0.2518757
vt 0.2981620 0.2508293
vt 0.2997368 0.2649982
vt 0.4871545 0.1964723
vt 0.5051374 0.2278371
vt 0.3365876 0.2491053
vt 0.3396947 0.2631308
vt 0.3394172 0.2408103
vt 0.3480706 0.2439280
vt 0.4129632 0.2271633
vt 0.4154291 0.2341374
vt 0.4348414 0.2291075
vt 0.0705189 0.9609497
vt 0.0780033 0.9609656
vt 0.0780690 0.9614995
vt 0.0703574 0.9615104
vt 0.3468842 0.2550173
vt 0.4203540 0.2448363
vt 0.4235279 0.2515162
vt 0.4392916 0.2392301
vt 0.0765353 0.9641496
vt 0.0682781 0.9651532
vt 0.0703574 0.9615104
vt 0.0780690 0.9614995
vt 0.0662488 0.9623556
vt 0.0665699 0.9611485
vt 0.0705189 0.9609497
vt 0.0703574 0.9615104
vt 0.0685778 0.9575050
vt 0.0761427 0.9584737
vt 0.0780033 0.9609656
vt 0.0705189 0.9609497
vt 0.0779958 0.9597362
vt 0.0792017 0.9606910
vt 0.0794419 0.9619037
vt 0.0780690 0.9614995
vt 0.0780033 0.9609656
vt 0.0783577 0.9629014
vt 0.5203649 0.6990427
vt 0.6375836 0.6979842
vt 0.6374291 0.7201756
vt 0.5205825 0.7196853
vt 0.2719783 0.6998565
vt 0.4059868 0.6999691
vt 0.4056891 0.7192379
vt 0.2720034 0.7206427
vt 0.7157840 0.7200660
vt 0.6862150 0.7202217
vt 0.6850957 0.6954881
vt 0.7143742 0.6948986
vt 0.2559195 0.7224335
vt 0.2546032 0.6982279
vt 0.2382278 0.7220399
vt 0.2248989 0.7216111
vt 0.2270680 0.6961398
vt 0.6374291 0.7201756
vt 0.6374028 0.7219918
vt 0.5205711 0.7217071
vt 0.5205825 0.7196853
vt 0.4056891 0.7192379
vt 0.4057090 0.7213721
vt 0.4212591 0.3084208
vt 0.4176356 0.3307316
vt 0.4032777 0.3120165
vt 0.5348346 0.3387321
vt 0.4585425 0.3299038
vt 0.4644480 0.3063427
vt 0.5393470 0.3070728
vt 0.4393230 0.3283986
vt 0.4398568 0.3062418
vt 0.5516846 0.3411657
vt 0.5537530 0.3053645
vt 0.4129882 0.3368804
vt 0.4032777 0.3120165
vt 0.4176356 0.3307316
vt 0.4129882 0.3368804
vt 0.3996312 0.3350955
vt 0.3941369 0.3211123
vt 0.4032777 0.3120165
vt 0.3759729 0.3186345
vt 0.3760032 0.3096398
vt 0.3231324 0.3081205
vt 0.3231316 0.3302706
vt 0.2823128 0.3300217
vt 0.2823124 0.3078257
vt 0.2248989 0.7216111
vt 0.2184048 0.7534742
vt 0.2139308 0.7527676
vt 0.2201087 0.7210198
vt 0.7221971 0.7524624
vt 0.7157840 0.7200660
vt 0.7209284 0.7195216
vt 0.7270692 0.7518134
vt 0.5051374 0.2278371
vt 0.4871545 0.1964723
vt 0.4906206 0.1948917
vt 0.5083825 0.2259653
vt 0.2201087 0.7210198
vt 0.2222878 0.6955734
vt 0.7195712 0.6946650
vt 0.7209284 0.7195216
vt 0.5537530 0.3053645
vt 0.5571659 0.3060114
vt 0.5516846 0.3411657
vt 0.7492998 0.2708645
vt 0.7493002 0.2625069
vt 0.7080208 0.3128103
vt 0.7080208 0.3106574
vt 0.7080208 0.2854082
vt 0.7080206 0.2822646
vt 0.7080208 0.2991653
vt 0.7080208 0.2970046
vt 0.7502018 0.3260317
vt 0.7510177 0.3315056
vt 0.7080210 0.3321539
vt 0.7080208 0.3264372
vt 0.7500027 0.3128519
vt 0.7507473 0.3183286
vt 0.7080208 0.3185022
vt 0.7080208 0.3128103
vt 0.7500905 0.2864374
vt 0.7506951 0.2919563
vt 0.7080208 0.2911699
vt 0.7080208 0.2854082
vt 0.7499651 0.2996629
vt 0.7506393 0.3051570
vt 0.7080208 0.3048712
vt 0.7080208 0.2991653
vt 0.0442919 0.9689035
vt 0.0441365 0.9662828
vt 0.7016970 0.6231536
vt 0.6897360 0.6231535
vt 0.9901555 0.9863245
vt 0.9903394 0.9873620
vt 0.9428439 0.9860142
vt 0.9428439 0.9849691
vt 0.9852775 0.9435098
vt 0.9854244 0.9443094
vt 0.9404140 0.9431145
vt 0.9404140 0.9423327
vt 0.9879847 0.9647833
vt 0.9881347 0.9656054
vt 0.9417567 0.9643365
vt 0.9417567 0.9635307
vt 0.9828473 0.9226651
vt 0.9829894 0.9234448
vt 0.9392088 0.9223304
vt 0.9392086 0.9215699
vt 0.9890805 0.9756385
vt 0.9892649 0.9766762
vt 0.9423105 0.9752975
vt 0.9423102 0.9742528
vt 0.9847066 0.9332756
vt 0.9848522 0.9340666
vt 0.9403547 0.9328480
vt 0.9403547 0.9320751
vt 0.9869405 0.9541051
vt 0.9870892 0.9549184
vt 0.9412382 0.9536257
vt 0.9412380 0.9528218
vt 0.9818350 0.9124306
vt 0.9819753 0.9132017
vt 0.9387065 0.9120665
vt 0.9387065 0.9113150
vt 0.9905304 0.9887583
vt 0.9906841 0.9915990
vt 0.9428442 0.9902564
vt 0.9428439 0.9874234
vt 0.9856330 0.9455878
vt 0.9858248 0.9484084
vt 0.9404146 0.9472211
vt 0.9404144 0.9444101
vt 0.9883370 0.9669423
vt 0.9885104 0.9697813
vt 0.9417572 0.9685191
vt 0.9417570 0.9656890
vt 0.9832026 0.9246706
vt 0.9834149 0.9274804
vt 0.9392095 0.9263736
vt 0.9392090 0.9235741
vt 0.9894581 0.9780723
vt 0.9896170 0.9809129
vt 0.9423108 0.9795387
vt 0.9423105 0.9767064
vt 0.9850630 0.9353453
vt 0.9852613 0.9381672
vt 0.9403554 0.9369553
vt 0.9403551 0.9341435
vt 0.9872938 0.9562557
vt 0.9874732 0.9590950
vt 0.9412387 0.9578086
vt 0.9412383 0.9549782
vt 0.9821908 0.9144281
vt 0.9824104 0.9172391
vt 0.9387074 0.9161105
vt 0.9387069 0.9133103
vt 0.1672260 0.5646541
vt 0.1211489 0.5643275
vt 0.1676976 0.6219820
vt 0.1233028 0.6206355
vt 0.1298254 0.6812398
vt 0.1228381 0.6348052
vt 0.1672275 0.6439310
vt 0.1676838 0.6837913
vt 0.2838062 0.6672428
vt 0.2851604 0.6902556
vt 0.2318317 0.6875737
vt 0.2318174 0.6568586
vt 0.2323058 0.5654935
vt 0.2825908 0.5663198
vt 0.2831337 0.6261004
vt 0.2320228 0.6241193
vt 0.4658007 0.6195586
vt 0.4631391 0.6929710
vt 0.3802889 0.6911606
vt 0.3769758 0.6194741
vt 0.7988568 0.7063182
vt 0.7818742 0.7072691
vt 0.7838277 0.7986744
vt 0.8023393 0.7962291
vt 0.9009227 0.7012877
vt 0.9587377 0.6760477
vt 0.9346943 0.6746572
vt 0.9549686 0.8395107
vt 0.9456159 0.8395597
vt 0.9477636 0.8490055
vt 0.9567773 0.8485880
vt 0.9505408 0.8179489
vt 0.9486830 0.8090360
vt 0.8778860 0.8090546
vt 0.8721038 0.8177976
vt 0.6482736 0.7571552
vt 0.5352040 0.7571186
vt 0.5360638 0.8036767
vt 0.6498331 0.8040006
vt 0.5347911 0.7337735
vt 0.6476219 0.7336117
vt 0.5433346 0.6929952
vt 0.5430747 0.6195111
vt 0.5963730 0.6195607
vt 0.5973427 0.6913431
vt 0.2718797 0.8043183
vt 0.4215554 0.8036246
vt 0.4213464 0.7571389
vt 0.2738627 0.7571838
vt 0.4215004 0.7336481
vt 0.2768365 0.7336614
vt 0.0177489 0.8560514
vt 0.0241875 0.8522043
vt 0.0135947 0.8521147
vt 0.0837228 0.6279842
vt 0.0796900 0.6380237
vt 0.0732647 0.6260177
vt 0.0436120 0.8542257
vt 0.0431617 0.8580616
vt 0.0396454 0.8643603
vt 0.0941100 0.6505685
vt 0.4375172 0.9852084
vt 0.4397557 0.9811474
vt 0.3586008 0.9404751
vt 0.3522703 0.9443580
vt 0.4617150 0.9813270
vt 0.4435800 0.9773258
vt 0.4598393 0.9918729
vt 0.4860199 0.9926972
vt 0.4895863 0.9819685
vt 0.3560487 0.6889846
vt 0.3504724 0.6197543
vt 0.3371228 0.6885403
vt 0.3264684 0.6217166
vt 0.7332183 0.9760014
vt 0.7228392 0.9814730
vt 0.7279399 0.9922242
vt 0.7420913 0.9859135
vt 0.6347322 0.6214041
vt 0.6284249 0.6895193
vt 0.6156095 0.6893640
vt 0.6174712 0.6198485
vt 0.6997806 0.9825485
vt 0.7083254 0.9929292
vt 0.7770309 0.9428087
vt 0.7647470 0.9393458
vt 0.7860987 0.9467787
vt 0.9848806 0.8673115
vt 0.9773897 0.8700010
vt 0.9798767 0.8755623
vt 0.9877838 0.8703049
vt 0.9184000 0.7732537
vt 0.9098194 0.7746400
vt 0.9157059 0.7267786
vt 0.9249952 0.7265335
vt 0.8949139 0.7776659
vt 0.9613234 0.8734924
vt 0.9647188 0.8805954
vt 0.9741099 0.8628609
vt 0.9828042 0.8631790
vt 0.9593771 0.8664132
vt 0.9908522 0.8642464
vt 0.9244058 0.7737692
vt 0.9283724 0.7513188
vt 0.0859895 0.6192092
vt 0.0833770 0.5960858
vt 0.0798958 0.5643660
vt 0.0659768 0.5644628
vt 0.0786874 0.8733020
vt 0.0805966 0.8655839
vt 0.0815974 0.8560950
vt 0.1451913 0.8452575
vt 0.1311925 0.8555837
vt 0.1687932 0.8581911
vt 0.1712727 0.8422676
vt 0.2133890 0.8600996
vt 0.2031902 0.8344709
vt 0.1486987 0.8649205
vt 0.1469300 0.8744321
vt 0.2049681 0.8799788
vt 0.2097703 0.8704837
vt 0.2005927 0.8872676
vt 0.1452583 0.8823027
vt 0.2663402 0.8898646
vt 0.2568314 0.8934591
vt 0.2772081 0.8870468
vt 0.3657580 0.9379759
vt 0.5682471 0.9821848
vt 0.5717770 0.9931893
vt 0.8141628 0.9023188
vt 0.7961698 0.9040073
vt 0.8251556 0.9051769
vt 0.9318207 0.7267181
vt 0.9275163 0.6745304
vt 0.9180693 0.6745163
vt 0.8615648 0.8863971
vt 0.8397748 0.8890530
vt 0.8476157 0.8956700
vt 0.8664790 0.8942136
vt 0.8565348 0.8779317
vt 0.8303629 0.8814885
vt 0.8494174 0.8588106
vt 0.8078848 0.8634331
vt 0.6528239 0.9931021
vt 0.6523675 0.9822656
vt 0.2533989 0.8916622
vt 0.2628535 0.8874764
vt 0.2438769 0.8842458
vt 0.2357391 0.8905519
vt 0.2698244 0.8790635
vt 0.2668701 0.8629094
vt 0.2538230 0.8759605
vt 0.8261508 0.8932167
vt 0.8126810 0.8866442
vt 0.8008794 0.8949255
vt 0.7872682 0.8821535
vt 0.8372489 0.8975600
vt 0.7751794 0.7979611
vt 0.7748455 0.7075869
vt 0.7705854 0.7076005
vt 0.7714238 0.7979584
vt 0.7586769 0.7994841
vt 0.7594352 0.7070660
vt 0.7067278 0.7571733
vt 0.6924912 0.7572526
vt 0.7062811 0.7949432
vt 0.7157583 0.7873857
vt 0.2606867 0.7576198
vt 0.2479063 0.7575517
vt 0.2372595 0.7940649
vt 0.2507869 0.8050832
vt 0.2675624 0.8045723
vt 0.2694452 0.7575151
vt 0.2122543 0.8119263
vt 0.1933859 0.8260416
vt 0.2239861 0.8156836
vt 0.2056285 0.8058063
vt 0.1890041 0.8183447
vt 0.2265200 0.7913934
vt 0.2186508 0.7875065
vt 0.1706070 0.8347409
vt 0.1464640 0.8380377
vt 0.1692037 0.8262962
vt 0.1478982 0.8292367
vt 0.1232942 0.8349578
vt 0.1021248 0.8260668
vt 0.0939752 0.8332609
vt 0.1208073 0.8420880
vt 0.1266703 0.8264144
vt 0.1070864 0.8184050
vt 0.2379433 0.7572873
vt 0.2288446 0.7571176
vt 0.8636668 0.8136921
vt 0.8451568 0.8280376
vt 0.8545923 0.8360424
vt 0.8565320 0.8073171
vt 0.8399529 0.8202522
vt 0.7392055 0.8357073
vt 0.7517468 0.8394232
vt 0.7523660 0.8278241
vt 0.7757323 0.8369151
vt 0.7767659 0.8283258
vt 0.7566290 0.8201207
vt 0.7984316 0.8313289
vt 0.8004912 0.8400893
vt 0.7751483 0.8462291
vt 0.8029718 0.8489519
vt 0.8280236 0.8463296
vt 0.8239269 0.8371466
vt 0.8200278 0.8284849
vt 0.8473377 0.8395789
vt 0.7245041 0.7839831
vt 0.7159321 0.7570865
vt 0.0839079 0.8120298
vt 0.0908314 0.8054004
vt 0.0747632 0.8158393
vt 0.7328694 0.8134790
vt 0.7219837 0.8171600
vt 0.7396328 0.8073891
vt 0.7184086 0.8169520
vt 0.6510807 0.8342308
vt 0.7356846 0.8352557
vt 0.7029307 0.7949394
vt 0.5364997 0.8341856
vt 0.2399103 0.8337134
vt 0.2673018 0.8340151
vt 0.0749407 0.8078232
vt 0.0343868 0.8078372
vt 0.0516764 0.8243536
vt 0.0448359 0.6233855
vt 0.0461505 0.6268380
vt 0.0260769 0.6258466
vt 0.0244675 0.6227779
vt 0.6503336 0.8644906
vt 0.6506221 0.8513029
vt 0.5368606 0.8511304
vt 0.5369055 0.8645588
vt 0.2716022 0.8392222
vt 0.2716030 0.8635417
vt 0.4230962 0.8643831
vt 0.4215079 0.8394313
vt 0.7392055 0.8357073
vt 0.7396883 0.8395777
vt 0.7517468 0.8394232
vt 0.7740455 0.8641570
vt 0.7399840 0.8809021
vt 0.7401766 0.8644580
vt 0.0796047 0.8443551
vt 0.3159468 0.6710393
vt 0.3188785 0.6917288
vt 0.3010969 0.5666425
vt 0.3070223 0.6270552
vt 0.8674850 0.8087162
vt 0.2384807 0.8384587
vt 0.2671501 0.8390950
vt 0.7356846 0.8352557
vt 0.6510807 0.8342308
vt 0.6513320 0.8394515
vt 0.7363213 0.8393101
vt 0.5364997 0.8341856
vt 0.5367560 0.8396016
vt 0.2399103 0.8337134
vt 0.2031902 0.8344709
vt 0.2384807 0.8384587
vt 0.2671501 0.8390950
vt 0.2673018 0.8340151
vt 0.2747510 0.8852094
vt 0.6499724 0.8806905
vt 0.5372927 0.8805131
vt 0.9550058 0.7350239
vt 0.9543790 0.8351768
vt 0.9747500 0.8531561
vt 0.9588626 0.8520652
vt 0.9598115 0.8606860
vt 0.9918440 0.8531544
vt 0.9840376 0.8532571
vt 0.9629268 0.6763473
vt 0.9587377 0.6760477
vt 0.9589167 0.7340741
vt 0.9550058 0.7350239
vt 0.0123531 0.8525869
vt 0.0163601 0.8564323
vt 0.0177489 0.8560514
vt 0.0135947 0.8521147
vt 0.1075274 0.6812110
vt 0.1031577 0.6818620
vt 0.1024643 0.6806901
vt 0.1070913 0.6800963
vt 0.0387916 0.8652623
vt 0.0396454 0.8643603
vt 0.1297234 0.6825947
vt 0.1298254 0.6812398
vt 0.4375172 0.9852084
vt 0.3522703 0.9443580
vt 0.3513406 0.9451063
vt 0.4379489 0.9865820
vt 0.4605664 0.9930452
vt 0.4598393 0.9918729
vt 0.4865905 0.9937972
vt 0.4860199 0.9926972
vt 0.3802418 0.6925851
vt 0.3560270 0.6904178
vt 0.3560487 0.6889846
vt 0.3802889 0.6911606
vt 0.3357877 0.6898803
vt 0.3371228 0.6885403
vt 0.7277812 0.9932275
vt 0.7423449 0.9870062
vt 0.7420913 0.9859135
vt 0.7279399 0.9922242
vt 0.6297888 0.6908625
vt 0.6156732 0.6908051
vt 0.6156095 0.6893640
vt 0.6284249 0.6895193
vt 0.5974369 0.6927562
vt 0.5973427 0.6913431
vt 0.7081884 0.9939823
vt 0.7083254 0.9929292
vt 0.7860987 0.9467787
vt 0.7869918 0.9474512
vt 0.9805387 0.8764949
vt 0.9887382 0.8708158
vt 0.9877838 0.8703049
vt 0.9798767 0.8755623
vt 0.9183026 0.7747219
vt 0.9097670 0.7762044
vt 0.9098194 0.7746400
vt 0.9184000 0.7732537
vt 0.8948250 0.7793186
vt 0.8949139 0.7776659
vt 0.9651434 0.8816290
vt 0.9647188 0.8805954
vt 0.9919968 0.8644403
vt 0.9908522 0.8642464
vt 0.9242204 0.7752447
vt 0.9244058 0.7737692
vt 0.1676002 0.6852443
vt 0.1676838 0.6837913
vt 0.0784368 0.8742943
vt 0.0786874 0.8733020
vt 0.1450486 0.8832613
vt 0.2002281 0.8882854
vt 0.2005927 0.8872676
vt 0.1452583 0.8823027
vt 0.2851313 0.6917444
vt 0.2318075 0.6890512
vt 0.2318317 0.6875737
vt 0.2851604 0.6902556
vt 0.2568314 0.8934591
vt 0.2542584 0.8930414
vt 0.5717770 0.9931893
vt 0.5720766 0.9942538
vt 0.4631391 0.6929710
vt 0.4630872 0.6944116
vt 0.8251556 0.9051769
vt 0.8260015 0.9057865
vt 0.8024921 0.7978273
vt 0.7837008 0.8002861
vt 0.7838277 0.7986744
vt 0.8023393 0.7962291
vt 0.8483080 0.8967223
vt 0.8669686 0.8951600
vt 0.8664790 0.8942136
vt 0.8476157 0.8956700
vt 0.5433517 0.6944242
vt 0.5433346 0.6929952
vt 0.6528829 0.9941641
vt 0.6528239 0.9931021
vt 0.2542584 0.8930414
vt 0.2533989 0.8916622
vt 0.2357391 0.8905519
vt 0.2351006 0.8915026
vt 0.8380372 0.8983880
vt 0.8372489 0.8975600
vt 0.7732722 0.7991759
vt 0.7751794 0.7979611
vt 0.7732722 0.7991759
vt 0.7587277 0.8011404
vt 0.7586769 0.7994841
vt 0.7714238 0.7979584
vt 0.3189534 0.6932365
vt 0.3188785 0.6917288
vt 0.0680682 0.6344054
vt 0.0665605 0.6375042
vt 0.0599039 0.6321121
vt 0.0630360 0.6241882
vt 0.0463794 0.8475203
vt 0.7844927 0.9001113
vt 0.7795159 0.8963804
vt 0.6893511 0.7571291
vt 0.6845148 0.7336958
vt 0.4620534 0.9811450
vt 0.4446112 0.9775248
vt 0.4441763 0.9775909
vt 0.4619547 0.9813337
vt 0.3680798 0.9394869
vt 0.3666239 0.9387107
vt 0.4441763 0.9775909
vt 0.4435800 0.9773258
vt 0.4617150 0.9813270
vt 0.4619547 0.9813337
vt 0.3666239 0.9387107
vt 0.2771837 0.8865277
vt 0.2772081 0.8870468
vt 0.3657580 0.9379759
vt 0.2771837 0.8865277
vt 0.2784369 0.8863587
vt 0.5678592 0.9824902
vt 0.4888821 0.9819936
vt 0.4895863 0.9819685
vt 0.5682471 0.9821848
vt 0.6523675 0.9822656
vt 0.6523545 0.9822682
vt 0.6997806 0.9825485
vt 0.6989220 0.9823078
vt 0.2668701 0.8629094
vt 0.2698244 0.8790635
vt 0.2718732 0.8795279
vt 0.2691413 0.8634495
vt 0.7062811 0.7949432
vt 0.6924912 0.7572526
vt 0.6911039 0.7570038
vt 0.7046536 0.7949754
vt 0.2694452 0.7575151
vt 0.2675624 0.8045723
vt 0.2695833 0.8044139
vt 0.2717744 0.7571827
vt 0.7219837 0.8171600
vt 0.7202997 0.8170695
vt 0.7392055 0.8357073
vt 0.7375143 0.8354241
vt 0.7184086 0.8169520
vt 0.7356846 0.8352557
vt 0.7375143 0.8354241
vt 0.7202997 0.8170695
vt 0.7029307 0.7949394
vt 0.7046536 0.7949754
vt 0.2673018 0.8340151
vt 0.2692925 0.8339856
vt 0.7363213 0.8393101
vt 0.7372730 0.8510267
vt 0.7380564 0.8395583
vt 0.2671501 0.8390950
vt 0.2692635 0.8392052
vt 0.7380564 0.8395583
vt 0.7396883 0.8395777
vt 0.7392055 0.8357073
vt 0.7375143 0.8354241
vt 0.7356846 0.8352557
vt 0.7375143 0.8354241
vt 0.2692635 0.8392052
vt 0.2692925 0.8339856
vt 0.2771837 0.8865277
vt 0.2747510 0.8852094
vt 0.7401766 0.8644580
vt 0.7396883 0.8395777
vt 0.7380564 0.8395583
vt 0.7389408 0.8645699
vt 0.2716022 0.8392222
vt 0.2716776 0.8338995
vt 0.2692925 0.8339856
vt 0.2692635 0.8392052
vt 0.2716030 0.8635417
vt 0.2716022 0.8392222
vt 0.2692635 0.8392052
vt 0.2691413 0.8634495
vt 0.2716776 0.8338995
vt 0.2718797 0.8043183
vt 0.2695833 0.8044139
vt 0.2692925 0.8339856
vt 0.2738627 0.7571838
vt 0.2768365 0.7336614
vt 0.2760336 0.7324456
vt 0.2717744 0.7571827
vt 0.2718732 0.8795279
vt 0.2741083 0.8797504
vt 0.6525052 0.9819905
vt 0.6523545 0.9822682
vt 0.6989220 0.9823078
vt 0.6980419 0.9819831
vt 0.5678592 0.9824902
vt 0.5695171 0.9821434
vt 0.4875969 0.9818011
vt 0.4888821 0.9819936
vt 0.5678592 0.9824902
vt 0.5652588 0.9822184
vt 0.7387754 0.8807648
vt 0.7389408 0.8645699
vt 0.7377874 0.8645859
vt 0.7373593 0.8809603
vt 0.6893511 0.7571291
vt 0.6911039 0.7570038
vt 0.6852769 0.7324651
vt 0.6845148 0.7336958
vt 0.7399840 0.8809021
vt 0.7387754 0.8807648
vt 0.2568314 0.8934591
vt 0.2663402 0.8898646
vt 0.2648027 0.8886041
vt 0.2542584 0.8930414
vt 0.2628535 0.8874764
vt 0.2648027 0.8886041
vt 0.2747510 0.8852094
vt 0.2771837 0.8865277
vt 0.6975971 0.9774728
vt 0.6524743 0.9776447
vt 0.6525052 0.9819905
vt 0.6980419 0.9819831
vt 0.5769387 0.9777656
vt 0.5695171 0.9821434
vt 0.5538815 0.9777423
vt 0.4844082 0.9778180
vt 0.4875969 0.9818011
vt 0.5652588 0.9822184
vt 0.3680798 0.9394869
vt 0.3778606 0.9389569
vt 0.2994473 0.8922118
vt 0.2784369 0.8863587
vt 0.5473660 0.8883293
vt 0.6501769 0.8888808
vt 0.6810775 0.8808147
vt 0.2741083 0.8797504
vt 0.3017433 0.8866391
vt 0.4329683 0.8878252
vt 0.4291169 0.8802748
vt 0.7382751 0.8895789
vt 0.4446112 0.9775248
vt 0.4470196 0.9735976
vt 0.7274971 0.9672154
vt 0.7188625 0.9737745
vt 0.7049571 0.9764978
vt 0.7557716 0.9392231
vt 0.7845151 0.9053715
vt 0.4640067 0.9771739
vt 0.4620534 0.9811450
vt 0.5312737 0.8344291
vt 0.5078803 0.8395813
vt 0.5321561 0.8396244
vt 0.4218381 0.8337868
vt 0.5312737 0.8344291
vt 0.5306531 0.8036583
vt 0.5299280 0.7571159
vt 0.5295390 0.7337845
vt 0.4736416 0.8806455
vt 0.4215079 0.8394313
vt 0.4218381 0.8337868
vt 0.2716776 0.8338995
vt 0.5375364 0.8883105
vt 0.5335179 0.8884587
vt 0.5329899 0.8808218
vt 0.5239505 0.8883805
vt 0.5675479 0.9774340
vt 0.5634367 0.9776192
vt 0.6997997 0.9770629
vt 0.7328901 0.8895919
vt 0.7373593 0.8809603
vt 0.7305101 0.8898626
vt 0.7362884 0.8896189
vt 0.7033873 0.9766842
vt 0.6502600 0.8905492
vt 0.7005158 0.8907627
vt 0.7004264 0.8891068
vt 0.6501769 0.8888808
vt 0.6975971 0.9774728
vt 0.6967757 0.9760131
vt 0.6525238 0.9761041
vt 0.6524743 0.9776447
vt 0.5778793 0.9762238
vt 0.5769387 0.9777656
vt 0.5473660 0.8883293
vt 0.5491278 0.8900341
vt 0.5538815 0.9777423
vt 0.5522565 0.9762042
vt 0.4843319 0.9762901
vt 0.4844082 0.9778180
vt 0.4641911 0.9757035
vt 0.4640067 0.9771739
vt 0.4476478 0.9722190
vt 0.4470196 0.9735976
vt 0.3786820 0.9375923
vt 0.3778606 0.9389569
vt 0.3452887 0.9178648
vt 0.4329683 0.8878252
vt 0.3406863 0.8884648
vt 0.4337253 0.8899920
vt 0.4895335 0.8882254
vt 0.7382751 0.8895789
vt 0.7387853 0.8914810
vt 0.7786763 0.8979838
vt 0.7795159 0.8963804
vt 0.7828887 0.9007851
vt 0.7844927 0.9001113
vt 0.7828520 0.9048922
vt 0.7845151 0.9053715
vt 0.7546329 0.9386482
vt 0.7557716 0.9392231
vt 0.7263255 0.9663378
vt 0.7274971 0.9672154
vt 0.7182223 0.9724742
vt 0.7188625 0.9737745
vt 0.7062142 0.9748080
vt 0.7049571 0.9764978
vt 0.5325893 0.7569883
vt 0.5334485 0.8036326
vt 0.5360638 0.8036767
vt 0.5352040 0.7571186
vt 0.5347911 0.7337735
vt 0.5321379 0.7325606
vt 0.5338295 0.8342420
vt 0.5364997 0.8341856
vt 0.5368606 0.8511304
vt 0.5347677 0.8510402
vt 0.5350882 0.8644548
vt 0.5369055 0.8645588
vt 0.5343941 0.8396494
vt 0.5367560 0.8396016
vt 0.5350710 0.8805686
vt 0.5372927 0.8805131
vt 0.5329899 0.8808218
vt 0.5350710 0.8805686
vt 0.5350882 0.8644548
vt 0.5335122 0.8645566
vt 0.5347677 0.8510402
vt 0.5327876 0.8508837
vt 0.5343941 0.8396494
vt 0.5338295 0.8342420
vt 0.5312737 0.8344291
vt 0.5321561 0.8396244
vt 0.5334485 0.8036326
vt 0.5306531 0.8036583
vt 0.5325893 0.7569883
vt 0.5299280 0.7571159
vt 0.5321379 0.7325606
vt 0.5295390 0.7337845
vt 0.5354511 0.8883036
vt 0.5375364 0.8883105
vt 0.5335179 0.8884587
vt 0.5354511 0.8883036
vt 0.5695171 0.9821434
vt 0.5675479 0.9774340
vt 0.5655206 0.9774249
vt 0.5678592 0.9824902
vt 0.5652588 0.9822184
vt 0.5678592 0.9824902
vt 0.5655206 0.9774249
vt 0.5634367 0.9776192
vt 0.6980419 0.9819831
vt 0.6989220 0.9823078
vt 0.7016962 0.9768585
vt 0.6997997 0.9770629
vt 0.7328901 0.8895919
vt 0.7346352 0.8895469
vt 0.7346352 0.8895469
vt 0.7362884 0.8896189
vt 0.7033873 0.9766842
vt 0.7016962 0.9768585
vt 0.2994473 0.8922118
vt 0.3032720 0.8930493
vt 0.3057145 0.8880036
vt 0.3017433 0.8866391
vt 0.7377874 0.8645859
vt 0.7211334 0.8645442
vt 0.7184451 0.8728001
vt 0.5133449 0.8736691
vt 0.5335122 0.8645566
vt 0.5159110 0.8645224
vt 0.7122556 0.8554710
vt 0.7184391 0.8583666
vt 0.7372730 0.8510267
vt 0.7134158 0.8507658
vt 0.5327876 0.8508837
vt 0.5071062 0.8504536
vt 0.5068355 0.8556231
vt 0.5133880 0.8586559
vt 0.7211334 0.8645442
vt 0.7061076 0.8653032
vt 0.7184451 0.8728001
vt 0.7123767 0.8756889
vt 0.6999727 0.8758681
vt 0.6936810 0.8730819
vt 0.6906969 0.8645796
vt 0.6934503 0.8582679
vt 0.6997963 0.8553655
vt 0.7122556 0.8554710
vt 0.7184391 0.8583666
vt 0.5159110 0.8645224
vt 0.5006665 0.8658417
vt 0.5133449 0.8736691
vt 0.5068154 0.8766298
vt 0.4943290 0.8766564
vt 0.4878286 0.8736416
vt 0.4853088 0.8644807
vt 0.4878272 0.8586430
vt 0.4943285 0.8556296
vt 0.5068355 0.8556231
vt 0.5133880 0.8586559
vt 0.6810307 0.8645816
vt 0.6815920 0.8510582
vt 0.4729642 0.8644698
vt 0.4730429 0.8505204
vt 0.5078803 0.8395813
vt 0.5321561 0.8396244
vt 0.6513320 0.8394515
vt 0.5367560 0.8396016
vt 0.7363213 0.8393101
vt 0.7377874 0.8645859
vt 0.7389408 0.8645699
vt 0.7004264 0.8891068
vt 0.6989509 0.8809909
vt 0.4895335 0.8882254
vt 0.4924214 0.8809922
vt 0.4943290 0.8766564
vt 0.4878286 0.8736416
vt 0.4853088 0.8644807
vt 0.4878272 0.8586430
vt 0.6934503 0.8582679
vt 0.6906969 0.8645796
vt 0.6936810 0.8730819
vt 0.6999727 0.8758681
vt 0.6986794 0.8507345
vt 0.6997963 0.8553655
vt 0.7140717 0.8811693
vt 0.7123767 0.8756889
vt 0.7287339 0.8914275
vt 0.7305101 0.8898626
vt 0.4912757 0.8503515
vt 0.4943285 0.8556296
vt 0.4854552 0.8393577
vt 0.4854552 0.8393577
vt 0.5070528 0.8809878
vt 0.5068154 0.8766298
vt 0.5076481 0.8882247
vt 0.5076481 0.8882247
vt 0.5225195 0.8896726
vt 0.5239505 0.8883805
vt 0.3264684 0.6217166
vt 0.3371228 0.6885403
vt 0.3357877 0.6898803
vt 0.3246725 0.6218895
vt 0.6284249 0.6895193
vt 0.6347322 0.6214041
vt 0.6364399 0.6215483
vt 0.6297888 0.6908625
vt 0.7748455 0.7075869
vt 0.7751794 0.7979611
vt 0.7732722 0.7991759
vt 0.7727234 0.7076532
vt 0.7714238 0.7979584
vt 0.7705854 0.7076005
vt 0.7727234 0.7076532
vt 0.7732722 0.7991759
vt 0.2838773 0.6619393
vt 0.2320381 0.6489981
vt 0.1678006 0.6356519
vt 0.1239839 0.6262156
vt 0.0696154 0.5959840
vt 0.0837228 0.6279842
vt 0.0732647 0.6260177
vt 0.0726277 0.6168092
vt 0.0859895 0.6192092
vt 0.0244675 0.6227779
vt 0.0212271 0.6115689
vt 0.0405836 0.6124462
vt 0.0448359 0.6233855
vt 0.3159468 0.6710393
vt 0.2838062 0.6672428
vt 0.2838773 0.6619393
vt 0.2318174 0.6568586
vt 0.2320381 0.6489981
vt 0.1672275 0.6439310
vt 0.1678006 0.6356519
vt 0.1228381 0.6348052
vt 0.1239839 0.6262156
vt 0.0536913 0.6240627
vt 0.0527697 0.6138378
vt 0.0639712 0.6151263
vt 0.0630360 0.6241882
vt 0.0244846 0.8439292
vt 0.0084553 0.8438526
vt 0.0380512 0.8483045
vt 0.0084553 0.8438526
vt 0.0067796 0.8429880
vt 0.0940446 0.6820846
vt 0.0948804 0.6806641
vt 0.3017433 0.8866391
vt 0.3057145 0.8880036
vt 0.3032720 0.8930493
vt 0.2994473 0.8922118
vt 0.6700819 0.2638382
vt 0.6623799 0.2748598
vt 0.5926440 0.2661807
vt 0.5257235 0.2864887
vt 0.5195305 0.2976342
vt 0.5027631 0.3006226
vt 0.5583144 0.2805260
vt 0.5627351 0.2704322
vt 0.5896054 0.2729211
vt 0.7085207 0.2633016
vt 0.7078179 0.2715726
vt 0.6729689 0.2713375
vt 0.5173059 0.2429613
vt 0.5507818 0.2308138
vt 0.5559216 0.2481169
vt 0.5226393 0.2679811
vt 0.5020416 0.2507283
vt 0.5065479 0.2757238
vt 0.5627351 0.2704322
vt 0.5257235 0.2864887
vt 0.5627509 0.2544146
vt 0.6700819 0.2638382
vt 0.5926440 0.2661807
vt 0.5944008 0.2542634
vt 0.6709127 0.2505557
vt 0.7085207 0.2633016
vt 0.7088234 0.2492864
vt 0.5027631 0.3006226
vt 0.0407412 0.8270008
vt 0.0324694 0.8060997
vt 0.0343868 0.8078372
vt 0.0749407 0.8078232
vt 0.0741997 0.8056168
vt 0.0109448 0.5725459
vt 0.0083843 0.5729202
vt 0.0908314 0.8054004
vt 0.0187999 0.6118677
vt 0.0202667 0.6088252
vt 0.0212271 0.6115689
vt 0.0244675 0.6227779
vt 0.0219784 0.6234089
vt 0.5498533 0.2186041
vt 0.5526317 0.2233464
vt 0.5173059 0.2429613
vt 0.5156472 0.2394779
vt 0.6629226 0.1816027
vt 0.6105930 0.1965421
vt 0.6615528 0.1766271
vt 0.7046638 0.1778761
vt 0.7039749 0.1727052
vt 0.5020416 0.2507283
vt 0.5759849 0.2011329
vt 0.5786014 0.2056436
vt 0.5526317 0.2233464
vt 0.5559216 0.2481169
vt 0.5507818 0.2308138
vt 0.5534807 0.2320290
vt 0.5580073 0.2471332
vt 0.6709127 0.2505557
vt 0.5944008 0.2542634
vt 0.5945738 0.2522897
vt 0.6712320 0.2487696
vt 0.7088234 0.2492864
vt 0.7087901 0.2474484
vt 0.5627509 0.2544146
vt 0.5637487 0.2520269
vt 0.6105930 0.1965421
vt 0.6114085 0.1986523
vt 0.5797203 0.2075448
vt 0.5786014 0.2056436
vt 0.6629226 0.1816027
vt 0.6634591 0.1837561
vt 0.7048973 0.1801495
vt 0.7046638 0.1778761
vt 0.5526317 0.2233464
vt 0.5546722 0.2251456
vt 0.5627509 0.2544146
vt 0.5637487 0.2520269
vt 0.0421614 0.8333582
vt 0.0414523 0.8387970
vt 0.0343569 0.8443692
vt 0.0381564 0.8428748
vt 0.0542124 0.6290245
vt 0.0536913 0.6240627
vt 0.0764952 0.6514250
vt 0.0865669 0.6503448
vt 0.1024643 0.6806901
vt 0.0948804 0.6806641
vt 0.1070913 0.6800963
vt 0.0728183 0.6435571
vt 0.0720987 0.6442642
vt 0.0243471 0.6276792
vt 0.0260769 0.6258466
vt 0.0260769 0.6258466
vt 0.0461505 0.6268380
vt 0.0464564 0.6283740
vt 0.0243471 0.6276792
vt 0.0599039 0.6321121
vt 0.0665605 0.6375042
vt 0.0657776 0.6387372
vt 0.0592820 0.6334267
vt 0.0084553 0.8438526
vt 0.0244846 0.8439292
vt 0.0244664 0.8426768
vt 0.0067796 0.8429880
vt 0.0407412 0.8270008
vt 0.0343868 0.8078372
vt 0.0324694 0.8060997
vt 0.0394863 0.8272812
vt 0.0414523 0.8387970
vt 0.0421614 0.8333582
vt 0.0408784 0.8334404
vt 0.0402880 0.8384900
vt 0.0343569 0.8443692
vt 0.0340648 0.8431471
vt 0.0373367 0.8419034
vt 0.0381564 0.8428748
vt 0.0528963 0.6301041
vt 0.0542124 0.6290245
vt 0.0948804 0.6806641
vt 0.0940446 0.6820846
vt 0.0753267 0.6519818
vt 0.0764952 0.6514250
vt 0.0720987 0.6442642
vt 0.0710587 0.6451855
vt 0.0396066 0.6092689
vt 0.0405836 0.6124462
vt 0.0212271 0.6115689
vt 0.0202667 0.6088252
vt 0.0527697 0.6138378
vt 0.0526794 0.6095046
vt 0.0582693 0.6085297
vt 0.0639712 0.6151263
vt 0.0672657 0.6033801
vt 0.0711979 0.6068895
vt 0.0174943 0.5976999
vt 0.0634014 0.6064858
vt 0.0726277 0.6168092
vt 0.5347911 0.7337735
vt 0.6476219 0.7336117
vt 0.6473762 0.7322052
vt 0.5321379 0.7325606
vt 0.2768365 0.7336614
vt 0.4215004 0.7336481
vt 0.4217052 0.7322400
vt 0.2760336 0.7324456
vt 0.6845148 0.7336958
vt 0.6852769 0.7324651
vt 0.5295390 0.7337845
vt 0.5321379 0.7325606
vt 0.5251378 0.3710397
vt 0.5790568 0.3709080
vt 0.5793161 0.3787777
vt 0.5259718 0.3787142
vt 0.4754860 0.3700340
vt 0.4775328 0.3775357
vt 0.4265272 0.3608180
vt 0.4543641 0.3675355
vt 0.4557914 0.3760779
vt 0.4260367 0.3691806
vt 0.4648235 0.3696469
vt 0.4645841 0.3780867
vt 0.3497066 0.3563722
vt 0.3331776 0.3496320
vt 0.3449835 0.3484093
vt 0.3558587 0.3483632
vt 0.5793161 0.3787777
vt 0.5794433 0.4006797
vt 0.5261531 0.4001689
vt 0.5259718 0.3787142
vt 0.4779929 0.3979421
vt 0.4775328 0.3775357
vt 0.4260367 0.3691806
vt 0.4281708 0.3911442
vt 0.3573541 0.3798424
vt 0.3497066 0.3563722
vt 0.4557914 0.3760779
vt 0.4601701 0.3959916
vt 0.4645841 0.3780867
vt 0.3427105 0.3776538
vt 0.3331776 0.3496320
vt 0.5792932 0.4217030
vt 0.5791858 0.4254363
vt 0.5253531 0.4244537
vt 0.5256657 0.4207765
vt 0.8565320 0.8073171
vt 0.8674850 0.8087162
vt 0.8678927 0.8078182
vt 0.8778860 0.8090546
vt 0.8782914 0.8079876
vt 0.9486310 0.7392039
vt 0.9438004 0.7443607
vt 0.9328602 0.7747867
vt 0.9331236 0.7760667
vt 0.9918440 0.8531544
vt 0.9930406 0.8531364
vt 0.9499767 0.8593197
vt 0.9549686 0.8395107
vt 0.9543790 0.8351768
vt 0.9456159 0.8395597
vt 0.9397311 0.7530650
vt 0.9328602 0.7747867
vt 0.9567773 0.8485880
vt 0.9588626 0.8520652
vt 0.9592258 0.8515469
vt 0.9576522 0.8482677
vt 0.9486830 0.8090360
vt 0.9505408 0.8179489
vt 0.9513005 0.8178079
vt 0.9494732 0.8079842
vt 0.9543790 0.8351768
vt 0.9551660 0.8350700
vt 0.9840376 0.8532571
vt 0.9918440 0.8531544
vt 0.9918246 0.8523934
vt 0.9841046 0.8524846
vt 0.9629268 0.6763473
vt 0.9639341 0.6764105
vt 0.9550058 0.7350239
vt 0.9589167 0.7340741
vt 0.9598371 0.7346912
vt 0.9551178 0.7358131
vt 0.9589167 0.7340741
vt 0.9598371 0.7346912
vt 0.9549686 0.8395107
vt 0.9557980 0.8394533
vt 0.9551660 0.8350700
vt 0.9543790 0.8351768
vt 0.9747500 0.8531561
vt 0.9748700 0.8525040
vt 0.9438004 0.7443607
vt 0.9486310 0.7392039
vt 0.9492838 0.7397506
vt 0.9443746 0.7450371
vt 0.9331236 0.7760667
vt 0.9328602 0.7747867
vt 0.9335650 0.7748275
vt 0.9338501 0.7764271
vt 0.9930406 0.8531364
vt 0.9934315 0.8523459
vt 0.9549686 0.8395107
vt 0.9557980 0.8394533
vt 0.9397311 0.7530650
vt 0.9405096 0.7532827
vt 0.9550058 0.7350239
vt 0.9551178 0.7358131
vt 0.9486830 0.8090360
vt 0.9494732 0.8079842
vt 0.5792932 0.4217030
vt 0.5256657 0.4207765
vt 0.4969721 0.4197038
vt 0.4337164 0.4126275
vt 0.3606431 0.4008473
vt 0.4603150 0.4149392
vt 0.4783517 0.4179115
vt 0.3466311 0.4009957
vt 0.4972509 0.4233522
vt 0.4969721 0.4197038
vt 0.4783517 0.4179115
vt 0.4784628 0.4216895
vt 0.3606431 0.4008473
vt 0.4337164 0.4126275
vt 0.4351034 0.4172720
vt 0.3607060 0.4055547
vt 0.4603150 0.4149392
vt 0.4597758 0.4190356
vt 0.3466311 0.4009957
vt 0.2056285 0.8058063
vt 0.2031659 0.8033815
vt 0.1872067 0.8153793
vt 0.1890041 0.8183447
vt 0.2186508 0.7875065
vt 0.2156570 0.7857866
vt 0.1692037 0.8262962
vt 0.1683040 0.8230174
vt 0.1479442 0.8257680
vt 0.1478982 0.8292367
vt 0.1266703 0.8264144
vt 0.1276584 0.8230718
vt 0.1089528 0.8154057
vt 0.1070864 0.8184050
vt 0.2288446 0.7571176
vt 0.2250160 0.7566051
vt 0.8565320 0.8073171
vt 0.8542346 0.8047562
vt 0.8382979 0.8171255
vt 0.8399529 0.8202522
vt 0.7767659 0.8283258
vt 0.7778772 0.8248815
vt 0.7586296 0.8170685
vt 0.7566290 0.8201207
vt 0.7984316 0.8313289
vt 0.7985855 0.8277119
vt 0.8200278 0.8284849
vt 0.8192253 0.8249594
vt 0.7245041 0.7839831
vt 0.7281348 0.7825709
vt 0.7200615 0.7565720
vt 0.7159321 0.7570865
vt 0.0932189 0.8030036
vt 0.0908314 0.8054004
vt 0.7396328 0.8073891
vt 0.7423315 0.8048466
vt 0.5065479 0.2757238
vt 0.5028135 0.2757873
vt 0.4985316 0.2519605
vt 0.5020416 0.2507283
vt 0.5027631 0.3006226
vt 0.4992727 0.2994844
vt 0.3427105 0.3776538
vt 0.3393334 0.3786569
vt 0.3301900 0.3518932
vt 0.3331776 0.3496320
vt 0.3466311 0.4009957
vt 0.3430550 0.4009773
vt 0.8545923 0.8360424
vt 0.8473377 0.8395789
vt 0.0519803 0.7721092
vt 0.0804977 0.7723134
vt 0.0805390 0.7665316
vt 0.0520218 0.7663274
vt 0.1510354 0.7361608
vt 0.1510352 0.7419429
vt 0.1795535 0.7419429
vt 0.1795533 0.7361608
vt 0.1510352 0.7325694
vt 0.1510354 0.7361608
vt 0.1795533 0.7361608
vt 0.1795535 0.7325694
vt 0.1795535 0.7455342
vt 0.1795535 0.7419429
vt 0.1510352 0.7419429
vt 0.1510352 0.7455342
vt 0.1906857 0.7444258
vt 0.1795535 0.7419429
vt 0.1909593 0.7419429
vt 0.1909593 0.7361608
vt 0.1795533 0.7361608
vt 0.1906856 0.7336778
vt 0.1399029 0.7336780
vt 0.1510354 0.7361608
vt 0.1396293 0.7361607
vt 0.1396293 0.7419428
vt 0.1510352 0.7419429
vt 0.1399029 0.7444258
vt 0.0804977 0.7723134
vt 0.0852798 0.7723477
vt 0.0853212 0.7665657
vt 0.0805390 0.7665316
vt 0.1795535 0.7503166
vt 0.1906857 0.7503166
vt 0.1909593 0.7419429
vt 0.1968502 0.7419429
vt 0.1968502 0.7361608
vt 0.1909593 0.7361608
vt 0.1906856 0.7277871
vt 0.1795533 0.7277871
vt 0.0520218 0.7663274
vt 0.0472395 0.7662931
vt 0.0471981 0.7720749
vt 0.0519803 0.7721092
vt 0.1510352 0.7277871
vt 0.1399029 0.7277871
vt 0.1396293 0.7361607
vt 0.1337384 0.7361607
vt 0.1337384 0.7419428
vt 0.1396293 0.7419428
vt 0.1399029 0.7503167
vt 0.1510354 0.7503166
vt 0.0532267 0.7618757
vt 0.0817447 0.7618757
vt 0.0817447 0.7560937
vt 0.0532267 0.7560937
vt 0.1664205 0.7151372
vt 0.1664205 0.7209192
vt 0.1949385 0.7209192
vt 0.1949385 0.7151372
vt 0.1664205 0.7115457
vt 0.1664205 0.7151372
vt 0.1949385 0.7151372
vt 0.1949385 0.7115458
vt 0.1949385 0.7245106
vt 0.1949385 0.7209192
vt 0.1664205 0.7209192
vt 0.1664205 0.7245107
vt 0.2060709 0.7234020
vt 0.1949385 0.7209192
vt 0.2063445 0.7209192
vt 0.2063444 0.7151371
vt 0.1949385 0.7151372
vt 0.2060708 0.7126542
vt 0.1552883 0.7126542
vt 0.1664205 0.7151372
vt 0.1550147 0.7151372
vt 0.1550147 0.7209192
vt 0.1664205 0.7209192
vt 0.1552881 0.7234023
vt 0.0817447 0.7618757
vt 0.0865270 0.7618757
vt 0.0865270 0.7560937
vt 0.0817447 0.7560937
vt 0.1949386 0.7292929
vt 0.2060709 0.7292929
vt 0.2063445 0.7209192
vt 0.2122353 0.7209192
vt 0.2122352 0.7151371
vt 0.2063444 0.7151371
vt 0.2060708 0.7067635
vt 0.1949385 0.7067635
vt 0.0532267 0.7560937
vt 0.0484445 0.7560937
vt 0.0484445 0.7618757
vt 0.0532267 0.7618757
vt 0.1664205 0.7067635
vt 0.1552883 0.7067635
vt 0.1550147 0.7151372
vt 0.1491238 0.7151372
vt 0.1491238 0.7209192
vt 0.1550147 0.7209192
vt 0.1552881 0.7292931
vt 0.1664205 0.7292930
vt 0.2458016 0.9871950
vt 0.2370655 0.9851363
vt 0.2366045 0.9894481
vt 0.2455539 0.9893439
vt 0.2458143 0.9848475
vt 0.2452361 0.9915187
vt 0.2361043 0.9937575
vt 0.2448792 0.9937024
vt 0.2137709 0.9906507
vt 0.2224417 0.9907908
vt 0.2219272 0.9859537
vt 0.2136412 0.9884551
vt 0.2139137 0.9928586
vt 0.2453376 0.9815469
vt 0.2374858 0.9807880
vt 0.2448794 0.9788001
vt 0.2379759 0.9759362
vt 0.2463520 0.9689244
vt 0.2382843 0.9664085
vt 0.2376653 0.9710243
vt 0.2462199 0.9711137
vt 0.2147273 0.9725752
vt 0.2235754 0.9727321
vt 0.2231125 0.9683664
vt 0.2144358 0.9703557
vt 0.2150617 0.9748032
vt 0.2460161 0.9733450
vt 0.2370226 0.9753966
vt 0.2457825 0.9755862
vt 0.2147330 0.9623575
vt 0.2226213 0.9631250
vt 0.2220702 0.9569064
vt 0.2151953 0.9595659
vt 0.2143438 0.9652944
vt 0.2135349 0.9862769
vt 0.2142156 0.9681636
vt 0.2134402 0.9809663
vt 0.2215117 0.9815874
vt 0.2210601 0.9764442
vt 0.2139541 0.9770679
vt 0.2134753 0.9836504
vt 0.2445587 0.9765663
vt 0.2155542 0.9574444
vt 0.2467446 0.9659189
vt 0.2462478 0.9596056
vt 0.2392092 0.9587576
vt 0.2387524 0.9625494
vt 0.2466028 0.9634953
vt 0.0106593 0.9463198
vt 0.0396009 0.9398746
vt 0.0092495 0.9444144
vt 0.0078225 0.9341236
vt 0.0396009 0.9398746
vt 0.0262866 0.9684656
vt 0.0402498 0.9562745
vt 0.0201042 0.9641534
vt 0.0092495 0.9444144
vt 0.0396009 0.9398746
vt 0.0106593 0.9463198
vt 0.0348095 0.9720080
vt 0.0402498 0.9562745
vt 0.0394929 0.9737241
vt 0.0405168 0.9738455
vt 0.0394929 0.9737241
vt 0.1916086 0.9711716
vt 0.1978846 0.9596581
vt 0.1612809 0.9597416
vt 0.1613097 0.9715703
vt 0.1323180 0.9717147
vt 0.1322868 0.9598144
vt 0.0912093 0.9599271
vt 0.0933048 0.9713968
vt 0.2079485 0.9717897
vt 0.2017822 0.9708706
vt 0.0891795 0.9714460
vt 0.0820436 0.9560356
vt 0.0831155 0.9721289
vt 0.0820867 0.9723277
vt 0.2090555 0.9718204
vt 0.2090176 0.9557164
vt 0.2523569 0.9508538
vt 0.2850299 0.9331508
vt 0.2828592 0.9564378
vt 0.2519500 0.9558288
vt 0.2817400 0.9599009
vt 0.2857172 0.9535583
vt 0.2523569 0.9508538
vt 0.2828592 0.9564378
vt 0.2870141 0.9487877
vt 0.2523569 0.9508538
vt 0.2857172 0.9535583
vt 0.2847042 0.9455076
vt 0.2847042 0.9455076
vt 0.2523569 0.9508538
vt 0.2870141 0.9487877
vt 0.2557406 0.9727367
vt 0.2759164 0.9669902
vt 0.2511455 0.9734507
vt 0.2808538 0.9651594
vt 0.2838425 0.9600053
vt 0.2336404 0.9690979
vt 0.2372242 0.9661238
vt 0.2252463 0.9676883
vt 0.2292405 0.9695101
vt 0.2387524 0.9625494
vt 0.2226213 0.9631250
vt 0.2220702 0.9569064
vt 0.2392092 0.9587576
vt 0.2278579 0.9876909
vt 0.2321799 0.9873142
vt 0.2356925 0.9847714
vt 0.2235221 0.9854853
vt 0.2374858 0.9807880
vt 0.2215117 0.9815874
vt 0.2379759 0.9759362
vt 0.2210601 0.9764442
vt 0.2034256 0.9387186
vt 0.1467318 0.9388629
vt 0.0865573 0.9390064
vt 0.0402498 0.9562745
vt 0.1466936 0.9234920
vt 0.7506498 0.6835114
vt 0.7423011 0.6862876
vt 0.7423431 0.6329604
vt 0.7513875 0.6329105
vt 0.7257038 0.6333569
vt 0.7260672 0.6885865
vt 0.7515544 0.6841065
vt 0.7506498 0.6835114
vt 0.7513875 0.6329105
vt 0.7523600 0.6329160
vt 0.7423011 0.6862876
vt 0.7506498 0.6835114
vt 0.7515544 0.6841065
vt 0.7423333 0.6870932
vt 0.7257038 0.6333569
vt 0.7247185 0.6333720
vt 0.7260672 0.6885865
vt 0.7251465 0.6894444
vt 0.7260672 0.6885865
vt 0.7251465 0.6894444
vt 0.6660393 0.3128523
vt 0.6278325 0.3128985
vt 0.6279668 0.3108447
vt 0.6661006 0.3107092
vt 0.5746299 0.3133639
vt 0.5753720 0.3110115
vt 0.8525934 0.3104720
vt 0.8861220 0.3207363
vt 0.8846951 0.3268248
vt 0.8534040 0.3187424
vt 0.9102664 0.3201334
vt 0.6267089 0.3386973
vt 0.6654269 0.3402027
vt 0.6650723 0.3465270
vt 0.6264879 0.3451822
vt 0.5714427 0.3371518
vt 0.5687603 0.3435743
vt 0.8861220 0.3207363
vt 0.8525934 0.3104720
vt 0.8779268 0.3097571
vt 0.9102664 0.3201334
vt 0.9151731 0.3177733
vt 0.8827362 0.3079427
vt 0.8918529 0.2945348
vt 0.9242043 0.3023084
vt 0.8918529 0.2945348
vt 0.8704209 0.2811826
vt 0.8990047 0.2845600
vt 0.9242043 0.3023084
vt 0.9102664 0.3201334
vt 0.8779268 0.3097571
vt 0.9157565 0.3209195
vt 0.9151731 0.3177733
vt 0.9242043 0.3023084
vt 0.9260297 0.3026824
vt 0.9102664 0.3201334
vt 0.9128563 0.3268248
vt 0.9157565 0.3209195
vt 0.6654269 0.3402027
vt 0.6656009 0.3370903
vt 0.6658407 0.3260320
vt 0.6659304 0.3238880
vt 0.6659511 0.2864384
vt 0.6278242 0.2878827
vt 0.6279069 0.2848578
vt 0.6659583 0.2833571
vt 0.6660770 0.2996638
vt 0.6279584 0.3004088
vt 0.6280559 0.2983491
vt 0.6661097 0.2975152
vt 0.6270140 0.3357180
vt 0.6267089 0.3386973
vt 0.6276239 0.3233024
vt 0.6274546 0.3253514
vt 0.5767106 0.2902564
vt 0.5776355 0.2868861
vt 0.5757757 0.3018275
vt 0.5764742 0.2994589
vt 0.5725696 0.3339835
vt 0.5714427 0.3371518
vt 0.5740659 0.3225228
vt 0.5732830 0.3248576
vt 0.6661097 0.2975152
vt 0.6653470 0.2919573
vt 0.7080208 0.2911699
vt 0.7080208 0.2970046
vt 0.6661006 0.3107092
vt 0.6654025 0.3051578
vt 0.7080208 0.3048712
vt 0.7080208 0.3106574
vt 0.6280559 0.2983491
vt 0.6261801 0.2931323
vt 0.6653470 0.2919573
vt 0.6661097 0.2975152
vt 0.6279668 0.3108447
vt 0.6261965 0.3056116
vt 0.6654025 0.3051578
vt 0.6661006 0.3107092
vt 0.6658407 0.3260320
vt 0.6650249 0.3315060
vt 0.6254605 0.3304592
vt 0.6274546 0.3253514
vt 0.6660393 0.3128523
vt 0.6652950 0.3183291
vt 0.6259574 0.3180545
vt 0.6278325 0.3128985
vt 0.5764742 0.2994589
vt 0.5742583 0.2949163
vt 0.6261801 0.2931323
vt 0.6280559 0.2983491
vt 0.5753720 0.3110115
vt 0.5732310 0.3064329
vt 0.6261965 0.3056116
vt 0.6279668 0.3108447
vt 0.6274546 0.3253514
vt 0.6254605 0.3304592
vt 0.5705737 0.3293460
vt 0.5732830 0.3248576
vt 0.6278325 0.3128985
vt 0.6259574 0.3180545
vt 0.5719990 0.3179128
vt 0.5746299 0.3133639
vt 0.6656009 0.3370903
vt 0.6650249 0.3315060
vt 0.7080210 0.3321539
vt 0.7080210 0.3379665
vt 0.6659304 0.3238880
vt 0.6652950 0.3183291
vt 0.7080208 0.3185022
vt 0.7080208 0.3242815
vt 0.6659511 0.2864384
vt 0.6653470 0.2919573
vt 0.6261801 0.2931323
vt 0.6278242 0.2878827
vt 0.6660770 0.2996638
vt 0.6654025 0.3051578
vt 0.6261965 0.3056116
vt 0.6279584 0.3004088
vt 0.6270140 0.3357180
vt 0.6254605 0.3304592
vt 0.6650249 0.3315060
vt 0.6656009 0.3370903
vt 0.6276239 0.3233024
vt 0.6259574 0.3180545
vt 0.6652950 0.3183291
vt 0.6659304 0.3238880
vt 0.6278242 0.2878827
vt 0.6261801 0.2931323
vt 0.5742583 0.2949163
vt 0.5767106 0.2902564
vt 0.6279584 0.3004088
vt 0.6261965 0.3056116
vt 0.5732310 0.3064329
vt 0.5757757 0.3018275
vt 0.5725696 0.3339835
vt 0.5705737 0.3293460
vt 0.6254605 0.3304592
vt 0.6270140 0.3357180
vt 0.5740659 0.3225228
vt 0.5719990 0.3179128
vt 0.6259574 0.3180545
vt 0.6276239 0.3233024
vt 0.9260297 0.3026824
vt 0.9304147 0.3058780
vt 0.9201412 0.3241151
vt 0.9157565 0.3209195
vt 0.0550658 0.9580770
vt 0.0552231 0.9616163
vt 0.0653493 0.9651531
vt 0.0633636 0.9660658
vt 0.0654516 0.9661753
vt 0.0630071 0.9580951
vt 0.0612903 0.9580896
vt 0.0623787 0.9616425
vt 0.0643976 0.9621047
vt 0.0638787 0.9684317
vt 0.0649780 0.9679408
vt 0.0653035 0.9671837
vt 0.0554907 0.9660921
vt 0.0557018 0.9685056
vt 0.6559035 0.5677598
vt 0.6569568 0.5682139
vt 0.6497960 0.5915998
vt 0.6487577 0.5913853
vt 0.7009468 0.5924694
vt 0.7018490 0.5923136
vt 0.6969641 0.5757008
vt 0.6979076 0.5754289
vt 0.6949301 0.5681707
vt 0.6957585 0.5675219
vt 0.6818827 0.5624954
vt 0.6822571 0.5617043
vt 0.6733241 0.5599031
vt 0.6735245 0.5589554
vt 0.6687473 0.5595781
vt 0.6685427 0.5583465
vt 0.6643170 0.5609458
vt 0.6636741 0.5599827
vt 0.6607666 0.5629674
vt 0.6598525 0.5621819
vt 0.6569568 0.5682139
vt 0.6590192 0.5692193
vt 0.6517268 0.5920319
vt 0.6497960 0.5915998
vt 0.6989394 0.5927925
vt 0.7009468 0.5924694
vt 0.6950361 0.5762379
vt 0.6969641 0.5757008
vt 0.6929153 0.5698420
vt 0.6949301 0.5681707
vt 0.6812552 0.5641904
vt 0.6818827 0.5624954
vt 0.6730635 0.5620813
vt 0.6733241 0.5599031
vt 0.6692284 0.5620853
vt 0.6687473 0.5595781
vt 0.6655160 0.5632281
vt 0.6643170 0.5609458
vt 0.6626066 0.5651813
vt 0.6607666 0.5629674
vt 0.6590192 0.5692193
vt 0.6680020 0.5762832
vt 0.6614163 0.5936624
vt 0.6517268 0.5920319
vt 0.6513001 0.6231539
vt 0.6472299 0.6231539
vt 0.6989394 0.5927925
vt 0.6874787 0.5934643
vt 0.6840769 0.5791802
vt 0.6950361 0.5762379
vt 0.6828578 0.5763728
vt 0.6929153 0.5698420
vt 0.6929153 0.5698420
vt 0.6828578 0.5763728
vt 0.6759197 0.5720817
vt 0.6812552 0.5641904
vt 0.6703087 0.5714297
vt 0.6730635 0.5620813
vt 0.6693454 0.5720001
vt 0.6692284 0.5620853
vt 0.6685524 0.5731209
vt 0.6655160 0.5632281
vt 0.6683618 0.5742427
vt 0.6626066 0.5651813
vt 0.8955783 0.9124460
vt 0.8951028 0.9088433
vt 0.9387057 0.9077152
vt 0.9387065 0.9113150
vt 0.8955361 0.9541159
vt 0.8950951 0.9504737
vt 0.9412377 0.9491810
vt 0.9412380 0.9528218
vt 0.8955405 0.9756473
vt 0.8951155 0.9720038
vt 0.9423099 0.9706097
vt 0.9423102 0.9742528
vt 0.8960031 0.9332885
vt 0.8955457 0.9296704
vt 0.9403541 0.9284596
vt 0.9403547 0.9320751
vt 0.8955321 0.9863324
vt 0.8951216 0.9826880
vt 0.9428434 0.9813257
vt 0.9428439 0.9849691
vt 0.8955508 0.9435217
vt 0.8951083 0.9399050
vt 0.9404134 0.9387183
vt 0.9404140 0.9423327
vt 0.8955290 0.9647931
vt 0.8951032 0.9611512
vt 0.9417563 0.9598907
vt 0.9417567 0.9635307
vt 0.8955705 0.9226794
vt 0.8951103 0.9190775
vt 0.9392083 0.9179713
vt 0.9392086 0.9215699
vt 0.8953485 0.9873698
vt 0.9428439 0.9860142
vt 0.9428439 0.9874234
vt 0.8951576 0.9887662
vt 0.8954039 0.9443213
vt 0.9404140 0.9431145
vt 0.9404144 0.9444101
vt 0.8951958 0.9455997
vt 0.8953792 0.9656153
vt 0.9417567 0.9643365
vt 0.9417570 0.9656890
vt 0.8951772 0.9669521
vt 0.8954287 0.9234594
vt 0.9392088 0.9223304
vt 0.9392090 0.9235741
vt 0.8952159 0.9246852
vt 0.8953561 0.9766849
vt 0.9423105 0.9752975
vt 0.9423105 0.9767064
vt 0.8951631 0.9780810
vt 0.8958578 0.9340796
vt 0.9403547 0.9328480
vt 0.9403551 0.9341435
vt 0.8956475 0.9353582
vt 0.8953874 0.9549291
vt 0.9412382 0.9536257
vt 0.9412383 0.9549782
vt 0.8951834 0.9562663
vt 0.8954382 0.9132174
vt 0.9387065 0.9120665
vt 0.9387069 0.9133103
vt 0.8952231 0.9144438
vt 0.1272085 0.7436136
vt 0.0933703 0.7426468
vt 0.0914813 0.7485588
vt 0.1279650 0.7710812
vt 0.0886359 0.7496527
vt 0.0914813 0.7485588
vt 0.0933703 0.7426468
vt 0.0908515 0.7400016
vt 0.0908515 0.7400016
vt 0.0933703 0.7426468
vt 0.1272085 0.7436136
vt 0.1294694 0.7416160
vt 0.1294694 0.7416160
vt 0.1272085 0.7436136
vt 0.1279650 0.7710812
vt 0.1297650 0.7742610
vt 0.1297650 0.7742610
vt 0.1279650 0.7710812
vt 0.0914813 0.7485588
vt 0.0886359 0.7496527
vt 0.2022702 0.7771416
vt 0.1866845 0.7813624
vt 0.1852036 0.7845240
vt 0.1978105 0.8042659
vt 0.1877075 0.7990699
vt 0.1631269 0.8048910
vt 0.1617962 0.8159123
vt 0.1583767 0.7572443
vt 0.1839579 0.7782730
vt 0.1997585 0.7729041
vt 0.1858469 0.7945803
vt 0.1832653 0.7847761
vt 0.1576938 0.7826913
vt 0.1615635 0.7999964
vt 0.1166820 0.8101079
vt 0.1324498 0.8072532
vt 0.1171571 0.8056929
vt 0.1156591 0.8081063
vt 0.1547322 0.7576190
vt 0.1523402 0.7585996
vt 0.1495128 0.7747967
vt 0.1530029 0.7748154
vt 0.1481090 0.7872075
vt 0.1547160 0.7831258
vt 0.1595834 0.8016442
vt 0.1568815 0.8160111
vt 0.1324498 0.8072532
vt 0.1212769 0.7881543
vt 0.1136829 0.7950502
vt 0.1171571 0.8056929
vt 0.1523402 0.7585996
vt 0.1436719 0.7566738
vt 0.1399375 0.7709066
vt 0.1495128 0.7747967
vt 0.1495128 0.7747967
vt 0.1399375 0.7709066
vt 0.1333528 0.7770741
vt 0.1481090 0.7872075
vt 0.1481090 0.7872075
vt 0.1333528 0.7770741
vt 0.1212769 0.7881543
vt 0.1324498 0.8072532
vt 0.1561940 0.7809887
vt 0.1564503 0.7750793
vt 0.1846970 0.7815086
vt 0.2013625 0.7990766
vt 0.1878169 0.7944636
vt 0.1862531 0.7787345
vt 0.1644467 0.8028843
vt 0.1853990 0.7985849
vt 0.1142829 0.8118430
vt 0.0964750 0.7816659
vt 0.0939479 0.7788728
vt 0.0959912 0.7989476
vt 0.0976567 0.7972487
vt 0.1286024 0.7101662
vt 0.1276808 0.7106012
vt 0.1286925 0.7276471
vt 0.1296841 0.7279919
vt 0.1261720 0.7304724
vt 0.1266235 0.7314084
vt 0.0857539 0.7307702
vt 0.0853444 0.7317122
vt 0.0843284 0.7294843
vt 0.0834273 0.7298985
vt 0.0840348 0.7055820
vt 0.0830926 0.7051415
vt 0.0871904 0.7028882
vt 0.0868471 0.7018559
vt 0.1242013 0.7070392
vt 0.1246418 0.7061828
vt 0.1276808 0.7106012
vt 0.1253600 0.7117115
vt 0.1265024 0.7267745
vt 0.1286925 0.7276471
vt 0.1248922 0.7284167
vt 0.1261720 0.7304724
vt 0.0866082 0.7284167
vt 0.0857539 0.7307702
vt 0.0843284 0.7294843
vt 0.0862077 0.7068495
vt 0.0840348 0.7055820
vt 0.0878629 0.7052416
vt 0.0871904 0.7028882
vt 0.1229171 0.7090117
vt 0.1242013 0.7070392
vt 0.0559714 0.7766361
vt 0.0563860 0.7989476
vt 0.0576838 0.7749726
vt 0.7157840 0.7200660
vt 0.6862150 0.7202217
vt 0.6929142 0.7523705
vt 0.7110341 0.7522081
vt 0.2584970 0.7548706
vt 0.2559195 0.7224335
vt 0.2419523 0.7538587
vt 0.2693770 0.7555004
vt 0.2720034 0.7206427
vt 0.2293951 0.7534550
vt 0.2382278 0.7220399
vt 0.2248989 0.7216111
vt 0.2184048 0.7534742
vt 0.7221971 0.7524624
vt 0.6929142 0.7523705
vt 0.6862150 0.7202217
vt 0.6850783 0.7216557
vt 0.6913901 0.7523429
vt 0.2720034 0.7206427
vt 0.2693770 0.7555004
vt 0.2709097 0.7553805
vt 0.2734584 0.7224761
vt 0.0634096 0.2430213
vt 0.0279105 0.2311546
vt 0.0452812 0.2042348
vt 0.0764310 0.2181973
vt 0.2161082 0.2649986
vt 0.2176835 0.2508275
vt 0.0105665 0.2278383
vt 0.0285608 0.1964401
vt 0.1761400 0.2631324
vt 0.1792476 0.2491021
vt 0.1764167 0.2408025
vt 0.1677587 0.2439214
vt 0.1003583 0.2341275
vt 0.1028255 0.2271479
vt 0.0809291 0.2290962
vt 0.0705189 0.9609497
vt 0.0703574 0.9615104
vt 0.0780690 0.9614995
vt 0.0780033 0.9609656
vt 0.1689460 0.2550157
vt 0.0922564 0.2515225
vt 0.0954314 0.2448373
vt 0.0764769 0.2392291
vt 0.0765353 0.9641496
vt 0.0780690 0.9614995
vt 0.0703574 0.9615104
vt 0.0682781 0.9651532
vt 0.0662488 0.9623556
vt 0.0703574 0.9615104
vt 0.0705189 0.9609497
vt 0.0665699 0.9611485
vt 0.0685778 0.9575050
vt 0.0705189 0.9609497
vt 0.0780033 0.9609656
vt 0.0761427 0.9584737
vt 0.0779958 0.9597362
vt 0.0792017 0.9606910
vt 0.0780033 0.9609656
vt 0.0780690 0.9614995
vt 0.0794419 0.9619037
vt 0.0783577 0.9629014
vt 0.6374291 0.7201756
vt 0.6375836 0.6979842
vt 0.5203649 0.6990427
vt 0.5205825 0.7196853
vt 0.4056891 0.7192379
vt 0.4059868 0.6999691
vt 0.2719783 0.6998565
vt 0.2720034 0.7206427
vt 0.7157840 0.7200660
vt 0.7143742 0.6948986
vt 0.6850957 0.6954881
vt 0.6862150 0.7202217
vt 0.2546032 0.6982279
vt 0.2559195 0.7224335
vt 0.2382278 0.7220399
vt 0.2270680 0.6961398
vt 0.2248989 0.7216111
vt 0.6374291 0.7201756
vt 0.5205825 0.7196853
vt 0.5205711 0.7217071
vt 0.6374028 0.7219918
vt 0.4056891 0.7192379
vt 0.4057090 0.7213721
vt 0.1433577 0.3084244
vt 0.1613425 0.3120208
vt 0.1469818 0.3307393
vt 0.1001606 0.3063449
vt 0.1060667 0.3299109
vt 0.0297593 0.3387389
vt 0.0252464 0.3070733
vt 0.1247567 0.3062446
vt 0.1252903 0.3284053
vt 0.0129059 0.3411728
vt 0.0108377 0.3053645
vt 0.1516300 0.3368892
vt 0.1469818 0.3307393
vt 0.1613425 0.3120208
vt 0.1704846 0.3211178
vt 0.1649896 0.3351038
vt 0.1516300 0.3368892
vt 0.1613425 0.3120208
vt 0.1886201 0.3096437
vt 0.1886510 0.3186389
vt 0.2414918 0.3081223
vt 0.2414939 0.3302730
vt 0.2248989 0.7216111
vt 0.2201087 0.7210198
vt 0.2139308 0.7527676
vt 0.2184048 0.7534742
vt 0.7221971 0.7524624
vt 0.7270692 0.7518134
vt 0.7209284 0.7195216
vt 0.7157840 0.7200660
vt 0.0105665 0.2278383
vt 0.0073177 0.2259653
vt 0.0250908 0.1948587
vt 0.0285608 0.1964401
vt 0.2222878 0.6955734
vt 0.2201087 0.7210198
vt 0.7209284 0.7195216
vt 0.7195712 0.6946650
vt 0.0108377 0.3053645
vt 0.0129059 0.3411728
vt 0.0074240 0.3060114
vt 0.7080210 0.3321539
vt 0.6650249 0.3315060
vt 0.6658407 0.3260320
vt 0.7080208 0.3264372
vt 0.7080208 0.3185022
vt 0.6652950 0.3183291
vt 0.6660393 0.3128523
vt 0.7080208 0.3128103
vt 0.7080208 0.2911699
vt 0.6653470 0.2919573
vt 0.6659511 0.2864384
vt 0.7080208 0.2854082
vt 0.7080208 0.3048712
vt 0.6654025 0.3051578
vt 0.6660770 0.2996638
vt 0.7080208 0.2991653
vt 0.8953485 0.9873698
vt 0.8955321 0.9863324
vt 0.8954039 0.9443213
vt 0.8955508 0.9435217
vt 0.8953792 0.9656153
vt 0.8955290 0.9647931
vt 0.8954287 0.9234594
vt 0.8955705 0.9226794
vt 0.8953561 0.9766849
vt 0.8955405 0.9756473
vt 0.8958578 0.9340796
vt 0.8960031 0.9332885
vt 0.8953874 0.9549291
vt 0.8955361 0.9541159
vt 0.8954382 0.9132174
vt 0.8955783 0.9124460
vt 0.9428442 0.9902564
vt 0.8950045 0.9916071
vt 0.8951576 0.9887662
vt 0.9428439 0.9874234
vt 0.9404146 0.9472211
vt 0.8950045 0.9484205
vt 0.8951958 0.9455997
vt 0.9404144 0.9444101
vt 0.9417572 0.9685191
vt 0.8950045 0.9697912
vt 0.8951772 0.9669521
vt 0.9417570 0.9656890
vt 0.9392095 0.9263736
vt 0.8950045 0.9274950
vt 0.8952159 0.9246852
vt 0.9392090 0.9235741
vt 0.9423108 0.9795387
vt 0.8950045 0.9809217
vt 0.8951631 0.9780810
vt 0.9423105 0.9767064
vt 0.9403554 0.9369553
vt 0.8954498 0.9381804
vt 0.8956475 0.9353582
vt 0.9403551 0.9341435
vt 0.9412387 0.9578086
vt 0.8950045 0.9591058
vt 0.8951834 0.9562663
vt 0.9412383 0.9549782
vt 0.9387074 0.9161105
vt 0.8950045 0.9172549
vt 0.8952231 0.9144438
vt 0.9387069 0.9133103
vt 0.9240023 0.4506973
vt 0.9240242 0.4612953
vt 0.8474231 0.4462763
vt 0.8472017 0.4372593
vt 0.7867883 0.4412151
vt 0.7868363 0.4331959
vt 0.7403013 0.7002680
vt 0.7404748 0.7001820
vt 0.7497729 0.7029294
vt 0.7495153 0.7029897
vt 0.7533613 0.7423836
vt 0.7454560 0.7446481
vt 0.7453663 0.7445641
vt 0.7531612 0.7423428
vt 0.7300347 0.6973631
vt 0.7301693 0.6972648
vt 0.7380675 0.7467905
vt 0.7380009 0.7467091
vt 0.9245590 0.4620270
vt 0.9240242 0.4612953
vt 0.9238698 0.4482563
vt 0.9244279 0.4488219
vt 0.8228788 0.4321264
vt 0.8716998 0.4373917
vt 0.8472017 0.4372593
vt 0.9071712 0.4453970
vt 0.9238698 0.4482563
vt 0.9240242 0.4612953
vt 0.9240023 0.4506973
vt 0.7495153 0.7029897
vt 0.7497729 0.7029294
vt 0.7485713 0.7140393
vt 0.7483089 0.7140163
vt 0.7482924 0.7227101
vt 0.7480286 0.7227091
vt 0.7526560 0.7226359
vt 0.7528564 0.7226368
vt 0.7528696 0.7313008
vt 0.7526690 0.7313247
vt 0.7533613 0.7423836
vt 0.7531612 0.7423428
vt 0.9238698 0.4482563
vt 0.9240023 0.4506973
vt 0.7868388 0.4306611
vt 0.7868363 0.4331959
vt 0.7261081 0.4457861
vt 0.6493700 0.4601857
vt 0.6495160 0.4495882
vt 0.7264352 0.4367714
vt 0.7401203 0.7450558
vt 0.7493559 0.7424408
vt 0.7496130 0.7425032
vt 0.7402931 0.7451428
vt 0.7535210 0.7028961
vt 0.7533205 0.7029349
vt 0.7455437 0.7006603
vt 0.7456341 0.7005775
vt 0.7298309 0.7478392
vt 0.7299646 0.7479380
vt 0.7381958 0.6984670
vt 0.7382630 0.6983868
vt 0.6488318 0.4609133
vt 0.6490934 0.4477092
vt 0.6496528 0.4471487
vt 0.6493700 0.4601857
vt 0.7507858 0.4318352
vt 0.7264352 0.4367714
vt 0.7019176 0.4367056
vt 0.6663761 0.4444244
vt 0.6496528 0.4471487
vt 0.6495160 0.4495882
vt 0.6493700 0.4601857
vt 0.7493559 0.7424408
vt 0.7482387 0.7314041
vt 0.7485013 0.7313831
vt 0.7496130 0.7425032
vt 0.7527391 0.7139474
vt 0.7529396 0.7139734
vt 0.7533205 0.7029349
vt 0.7535210 0.7028961
vt 0.6495160 0.4495882
vt 0.6496528 0.4471487
vt 0.0311407 0.6715537
vt 0.0318842 0.6718101
vt 0.0302161 0.6748896
vt 0.0298146 0.6735335
vt 0.0317866 0.6705164
vt 0.0334376 0.6695173
vt 0.0315092 0.6696115
vt 0.0332202 0.6687867
vt 0.0334376 0.6695173
vt 0.0317866 0.6705164
vt 0.0247065 0.6711413
vt 0.0240499 0.6714320
vt 0.0242009 0.6699331
vt 0.0246099 0.6694961
vt 0.0244308 0.6726862
vt 0.0236411 0.6734583
vt 0.0165668 0.6702663
vt 0.0165890 0.6719704
vt 0.0163120 0.6717095
vt 0.0163780 0.6701437
vt 0.0167331 0.6692916
vt 0.0166352 0.6691515
vt 0.0142671 0.6703704
vt 0.0141979 0.6681700
vt 0.0149240 0.6690626
vt 0.0150538 0.6702268
vt 0.0151608 0.6725691
vt 0.0154936 0.6713786
vt 0.0149240 0.6690626
vt 0.0141979 0.6681700
vt 0.0149942 0.6690059
vt 0.0149942 0.6690059
vt 0.0141979 0.6681700
vt 0.0150990 0.6690328
vt 0.0192560 0.6720030
vt 0.0143857 0.6748093
vt 0.0169217 0.6716180
vt 0.0231004 0.6726235
vt 0.0229909 0.6761532
vt 0.0143857 0.6748093
vt 0.0192560 0.6720030
vt 0.0281136 0.6734220
vt 0.0297837 0.6774588
vt 0.0229909 0.6761532
vt 0.0244308 0.6726862
vt 0.0298146 0.6735335
vt 0.0302161 0.6748896
vt 0.0292184 0.6736187
vt 0.0157877 0.6716101
vt 0.0151608 0.6725691
vt 0.0154936 0.6713786
vt 0.0163120 0.6717095
vt 0.0151608 0.6725691
vt 0.0157877 0.6716101
vt 0.0244308 0.6726862
vt 0.0229909 0.6761532
vt 0.0236411 0.6734583
vt 0.0169217 0.6716180
vt 0.0143857 0.6748093
vt 0.0165890 0.6719704
vt 0.0229909 0.6761532
vt 0.0222359 0.6803198
vt 0.0138299 0.6788406
vt 0.0143857 0.6748093
vt 0.0297837 0.6774588
vt 0.0289294 0.6816637
vt 0.0222359 0.6803198
vt 0.0229909 0.6761532
vt 0.0307784 0.6745714
vt 0.0302037 0.6786676
vt 0.0297837 0.6774588
vt 0.0143857 0.6748093
vt 0.0138299 0.6788406
vt 0.0129800 0.6787199
vt 0.0134309 0.6756874
vt 0.0302037 0.6786676
vt 0.0296533 0.6818095
vt 0.0289294 0.6816637
vt 0.0297837 0.6774588
vt 0.0143857 0.6748093
vt 0.0134309 0.6756874
vt 0.0143060 0.6721600
vt 0.0179587 0.6692459
vt 0.0165433 0.6621554
vt 0.0198686 0.6693535
vt 0.0237719 0.6695001
vt 0.0246099 0.6694961
vt 0.0286963 0.6624334
vt 0.0279778 0.6695783
vt 0.0150990 0.6690328
vt 0.0165433 0.6621554
vt 0.0166352 0.6691515
vt 0.0168932 0.6691852
vt 0.0165433 0.6621554
vt 0.0179587 0.6692459
vt 0.0279778 0.6695783
vt 0.0286963 0.6624334
vt 0.0315092 0.6696115
vt 0.0315092 0.6696115
vt 0.0286963 0.6624334
vt 0.0359153 0.6626794
vt 0.0355557 0.6655685
vt 0.0237719 0.6695001
vt 0.0246099 0.6694961
vt 0.0242009 0.6699331
vt 0.0166352 0.6691515
vt 0.0165433 0.6621554
vt 0.0167331 0.6692916
vt 0.0131918 0.6678943
vt 0.0131207 0.6649053
vt 0.0141979 0.6681700
vt 0.0131207 0.6649053
vt 0.0131212 0.6621234
vt 0.0165433 0.6621554
vt 0.0150990 0.6690328
vt 0.0315092 0.6696115
vt 0.0355557 0.6655685
vt 0.0332202 0.6687867
vt 0.0233813 0.6711647
vt 0.0237719 0.6695001
vt 0.0231004 0.6726235
vt 0.0324161 0.6716352
vt 0.0307784 0.6745714
vt 0.0349938 0.6682280
vt 0.0332202 0.6687867
vt 0.0349938 0.6682280
vt 0.0334376 0.6695173
vt 0.0137346 0.6700456
vt 0.0131918 0.6678943
vt 0.0143060 0.6721600
vt 0.0167902 0.6702211
vt 0.0169217 0.6716180
vt 0.0168932 0.6691852
vt 0.0131207 0.6649053
vt 0.0150990 0.6690328
vt 0.0141979 0.6681700
vt 0.0151608 0.6725691
vt 0.0163120 0.6717095
vt 0.0165890 0.6719704
vt 0.0143857 0.6748093
vt 0.0143060 0.6721600
vt 0.0151608 0.6725691
vt 0.0143857 0.6748093
vt 0.0151608 0.6725691
vt 0.0165890 0.6719704
vt 0.0229909 0.6761532
vt 0.0231004 0.6726235
vt 0.0236411 0.6734583
vt 0.0302161 0.6748896
vt 0.0297837 0.6774588
vt 0.0292184 0.6736187
vt 0.0302161 0.6748896
vt 0.0307784 0.6745714
vt 0.0297837 0.6774588
vt 0.0297837 0.6774588
vt 0.0281136 0.6734220
vt 0.0292184 0.6736187
vt 0.0355557 0.6655685
vt 0.0349938 0.6682280
vt 0.0332202 0.6687867
vt 0.0279647 0.6861797
vt 0.0272418 0.6859655
vt 0.0276521 0.6841184
vt 0.0286268 0.6844072
vt 0.0264962 0.6858534
vt 0.0266469 0.6839674
vt 0.0257423 0.6858457
vt 0.0256304 0.6839569
vt 0.0249946 0.6859425
vt 0.0246223 0.6840873
vt 0.0242675 0.6861418
vt 0.0236419 0.6843560
vt 0.0277994 0.6824148
vt 0.0274754 0.6833783
vt 0.0261547 0.6823979
vt 0.0266469 0.6839674
vt 0.0256304 0.6839569
vt 0.0248142 0.6833510
vt 0.0245100 0.6823811
vt 0.0271016 0.6863028
vt 0.0273272 0.6870222
vt 0.0261074 0.6870098
vt 0.0248875 0.6869972
vt 0.0251279 0.6862826
vt 0.0257423 0.6858457
vt 0.0264962 0.6858534
vt 0.0167234 0.6808212
vt 0.0167159 0.6805775
vt 0.0173962 0.6805741
vt 0.0174011 0.6808178
vt 0.0167159 0.6803241
vt 0.0173913 0.6803208
vt 0.0167087 0.6800805
vt 0.0173864 0.6800771
vt 0.0180737 0.6805708
vt 0.0180787 0.6808144
vt 0.0180689 0.6803176
vt 0.0180641 0.6800738
vt 0.0187506 0.6805680
vt 0.0187558 0.6808107
vt 0.0187461 0.6803149
vt 0.0187420 0.6800709
vt 0.0194221 0.6805683
vt 0.0194295 0.6808050
vt 0.0194194 0.6803169
vt 0.0194216 0.6800720
vt 0.0200467 0.6805627
vt 0.0200815 0.6807807
vt 0.0200522 0.6803389
vt 0.0200964 0.6801079
vt 0.0133354 0.6807938
vt 0.0133796 0.6805627
vt 0.0140124 0.6805847
vt 0.0140103 0.6808296
vt 0.0133851 0.6803389
vt 0.0140098 0.6803333
vt 0.0133503 0.6801209
vt 0.0140023 0.6800966
vt 0.0146859 0.6805868
vt 0.0146899 0.6808307
vt 0.0146813 0.6803336
vt 0.0146762 0.6800908
vt 0.0153631 0.6805841
vt 0.0153679 0.6808279
vt 0.0153583 0.6803308
vt 0.0153533 0.6800872
vt 0.0160408 0.6805808
vt 0.0160457 0.6808245
vt 0.0160359 0.6803275
vt 0.0160310 0.6800838
vt 0.0146240 0.6914651
vt 0.0174534 0.6914891
vt 0.0187233 0.6942079
vt 0.0133354 0.6942423
vt 0.0199453 0.6936200
vt 0.0186886 0.6909293
vt 0.0204848 0.6888096
vt 0.0233241 0.6895723
vt 0.0187233 0.6942079
vt 0.0174534 0.6914891
vt 0.0186886 0.6909293
vt 0.0199453 0.6936200
vt 0.0167228 0.6910123
vt 0.0153406 0.6910117
vt 0.0153425 0.6897476
vt 0.0167177 0.6897435
vt 0.0208582 0.6875343
vt 0.0236400 0.6882815
vt 0.0233241 0.6895723
vt 0.0204848 0.6888096
vt 0.0175514 0.6910098
vt 0.0167228 0.6910123
vt 0.0167177 0.6897435
vt 0.0175463 0.6897393
vt 0.0153406 0.6910117
vt 0.0146377 0.6910873
vt 0.0146396 0.6898265
vt 0.0153425 0.6897476
vt 0.0153406 0.6910117
vt 0.0167228 0.6910123
vt 0.0187933 0.6900962
vt 0.0196682 0.6890535
vt 0.0442320 0.6773839
vt 0.0415425 0.6761318
vt 0.0415425 0.6642228
vt 0.0442320 0.6629708
vt 0.0415425 0.6761318
vt 0.0442320 0.6773839
vt 0.0436389 0.6785866
vt 0.0410039 0.6773599
vt 0.0410694 0.6754135
vt 0.0411480 0.6761191
vt 0.0398823 0.6761191
vt 0.0398037 0.6754135
vt 0.0410694 0.6754135
vt 0.0410718 0.6649411
vt 0.0410694 0.6754135
vt 0.0398037 0.6754135
vt 0.0398013 0.6649411
vt 0.0410718 0.6649411
vt 0.0393579 0.6761191
vt 0.0393579 0.6642355
vt 0.0398013 0.6649411
vt 0.0398037 0.6754135
vt 0.0298380 0.6871282
vt 0.0311642 0.6851484
vt 0.0307627 0.6837924
vt 0.0290946 0.6868718
vt 0.0291921 0.6881655
vt 0.0275411 0.6891647
vt 0.0275411 0.6891647
vt 0.0277586 0.6898953
vt 0.0294696 0.6890705
vt 0.0291921 0.6881655
vt 0.0362723 0.6875407
vt 0.0363689 0.6891859
vt 0.0367778 0.6887488
vt 0.0369289 0.6872500
vt 0.0365479 0.6859958
vt 0.0373377 0.6852236
vt 0.0446668 0.6869724
vt 0.0443898 0.6867115
vt 0.0444120 0.6884156
vt 0.0446008 0.6885383
vt 0.0442457 0.6893904
vt 0.0443436 0.6895304
vt 0.0460548 0.6896194
vt 0.0467809 0.6905120
vt 0.0467116 0.6883116
vt 0.0459250 0.6884552
vt 0.0458180 0.6861128
vt 0.0454852 0.6873034
vt 0.0460548 0.6896194
vt 0.0459846 0.6896761
vt 0.0467809 0.6905120
vt 0.0459846 0.6896761
vt 0.0458798 0.6896492
vt 0.0467809 0.6905120
vt 0.0417228 0.6866791
vt 0.0440570 0.6870639
vt 0.0465931 0.6838726
vt 0.0378784 0.6860585
vt 0.0417228 0.6866791
vt 0.0465931 0.6838726
vt 0.0379879 0.6825287
vt 0.0328652 0.6852599
vt 0.0365479 0.6859958
vt 0.0379879 0.6825287
vt 0.0311951 0.6812232
vt 0.0311642 0.6851484
vt 0.0317604 0.6850632
vt 0.0307627 0.6837924
vt 0.0451910 0.6870719
vt 0.0454852 0.6873034
vt 0.0458180 0.6861128
vt 0.0446668 0.6869724
vt 0.0451910 0.6870719
vt 0.0458180 0.6861128
vt 0.0365479 0.6859958
vt 0.0373377 0.6852236
vt 0.0379879 0.6825287
vt 0.0440570 0.6870639
vt 0.0443898 0.6867115
vt 0.0465931 0.6838726
vt 0.0379879 0.6825287
vt 0.0465931 0.6838726
vt 0.0471489 0.6798413
vt 0.0387429 0.6783622
vt 0.0311951 0.6812232
vt 0.0379879 0.6825287
vt 0.0387429 0.6783622
vt 0.0320493 0.6770183
vt 0.0302004 0.6841106
vt 0.0311951 0.6812232
vt 0.0307751 0.6800143
vt 0.0465931 0.6838726
vt 0.0475479 0.6829947
vt 0.0479988 0.6799620
vt 0.0471489 0.6798413
vt 0.0320493 0.6770183
vt 0.0313255 0.6768724
vt 0.0307751 0.6800143
vt 0.0311951 0.6812232
vt 0.0465931 0.6838726
vt 0.0466728 0.6865219
vt 0.0475479 0.6829947
vt 0.0430201 0.6894360
vt 0.0411101 0.6893284
vt 0.0444355 0.6965265
vt 0.0372069 0.6891820
vt 0.0363689 0.6891859
vt 0.0330010 0.6891037
vt 0.0322825 0.6962486
vt 0.0458798 0.6896492
vt 0.0443436 0.6895304
vt 0.0444355 0.6965265
vt 0.0440856 0.6894968
vt 0.0430201 0.6894360
vt 0.0444355 0.6965265
vt 0.0330010 0.6891037
vt 0.0294696 0.6890705
vt 0.0322825 0.6962486
vt 0.0294696 0.6890705
vt 0.0254231 0.6931135
vt 0.0250635 0.6960026
vt 0.0322825 0.6962486
vt 0.0372069 0.6891820
vt 0.0363689 0.6891859
vt 0.0322825 0.6962486
vt 0.0442457 0.6893904
vt 0.0440856 0.6894968
vt 0.0444355 0.6965265
vt 0.0477870 0.6907876
vt 0.0467809 0.6905120
vt 0.0478581 0.6937767
vt 0.0444355 0.6965265
vt 0.0478576 0.6965585
vt 0.0478581 0.6937767
vt 0.0458798 0.6896492
vt 0.0294696 0.6890705
vt 0.0277586 0.6898953
vt 0.0254231 0.6931135
vt 0.0372069 0.6891820
vt 0.0375975 0.6875173
vt 0.0378784 0.6860585
vt 0.0302004 0.6841106
vt 0.0285627 0.6870468
vt 0.0259850 0.6904539
vt 0.0277586 0.6898953
vt 0.0275411 0.6891647
vt 0.0259850 0.6904539
vt 0.0477870 0.6907876
vt 0.0472442 0.6886364
vt 0.0466728 0.6865219
vt 0.0440570 0.6870639
vt 0.0441886 0.6884608
vt 0.0440856 0.6894968
vt 0.0478581 0.6937767
vt 0.0467809 0.6905120
vt 0.0458798 0.6896492
vt 0.0458180 0.6861128
vt 0.0443898 0.6867115
vt 0.0446668 0.6869724
vt 0.0465931 0.6838726
vt 0.0458180 0.6861128
vt 0.0466728 0.6865219
vt 0.0465931 0.6838726
vt 0.0443898 0.6867115
vt 0.0458180 0.6861128
vt 0.0379879 0.6825287
vt 0.0373377 0.6852236
vt 0.0378784 0.6860585
vt 0.0307627 0.6837924
vt 0.0317604 0.6850632
vt 0.0311951 0.6812232
vt 0.0307627 0.6837924
vt 0.0311951 0.6812232
vt 0.0302004 0.6841106
vt 0.0311951 0.6812232
vt 0.0317604 0.6850632
vt 0.0328652 0.6852599
vt 0.0254231 0.6931135
vt 0.0277586 0.6898953
vt 0.0259850 0.6904539
vt 0.0182521 0.6824154
vt 0.0195220 0.6851342
vt 0.0223514 0.6851582
vt 0.0236400 0.6823811
vt 0.0164906 0.6878137
vt 0.0182868 0.6856940
vt 0.0170300 0.6830034
vt 0.0136513 0.6870510
vt 0.0182521 0.6824154
vt 0.0170300 0.6830034
vt 0.0182868 0.6856940
vt 0.0195220 0.6851342
vt 0.0202526 0.6856110
vt 0.0202577 0.6868798
vt 0.0216329 0.6868756
vt 0.0216348 0.6856117
vt 0.0161171 0.6890890
vt 0.0164906 0.6878137
vt 0.0136513 0.6870510
vt 0.0133354 0.6883418
vt 0.0194239 0.6856136
vt 0.0194291 0.6868840
vt 0.0202577 0.6868798
vt 0.0202526 0.6856110
vt 0.0216348 0.6856117
vt 0.0216329 0.6868756
vt 0.0223358 0.6867968
vt 0.0223377 0.6855361
vt 0.0202526 0.6856110
vt 0.0216348 0.6856117
vt 0.0173072 0.6875698
vt 0.0181821 0.6865271
vt 0.0366139 0.6629581
vt 0.0366139 0.6773966
vt 0.0415425 0.6642228
vt 0.0410039 0.6629948
vt 0.0436389 0.6617680
vt 0.0442320 0.6629708
vt 0.0410718 0.6649411
vt 0.0398013 0.6649411
vt 0.0397988 0.6641092
vt 0.0410743 0.6641092
vt 0.0217422 0.6942868
vt 0.0215871 0.6950203
vt 0.0195799 0.6950203
vt 0.0194248 0.6942868
vt 0.0217418 0.6959805
vt 0.0194252 0.6959805
vt 0.0195795 0.6952490
vt 0.0215875 0.6952490
vt 0.0217422 0.6962112
vt 0.0194248 0.6962112
vt 0.0194252 0.6959805
vt 0.0217418 0.6959805
vt 0.0191994 0.6959307
vt 0.0193529 0.6952052
vt 0.0195795 0.6952490
vt 0.0194252 0.6959805
vt 0.0195799 0.6950203
vt 0.0215871 0.6950203
vt 0.0215875 0.6952490
vt 0.0195795 0.6952490
vt 0.0218142 0.6952052
vt 0.0219676 0.6959307
vt 0.0217418 0.6959805
vt 0.0215875 0.6952490
vt 0.0207295 0.6810241
vt 0.0208173 0.6814517
vt 0.0205314 0.6815111
vt 0.0204433 0.6810822
vt 0.0209266 0.6808371
vt 0.0212166 0.6808371
vt 0.0212166 0.6814254
vt 0.0209266 0.6814254
vt 0.0209266 0.6806040
vt 0.0212166 0.6806040
vt 0.0212166 0.6808371
vt 0.0209266 0.6808371
vt 0.0214099 0.6810247
vt 0.0213223 0.6814510
vt 0.0212166 0.6814254
vt 0.0212166 0.6808371
vt 0.0212166 0.6815351
vt 0.0209266 0.6815351
vt 0.0209266 0.6814254
vt 0.0212166 0.6814254
vt 0.0208173 0.6814517
vt 0.0207295 0.6810241
vt 0.0209266 0.6808371
vt 0.0209266 0.6814254
vt 0.5617494 0.9367750
vt 0.5739681 0.9749485
vt 0.5661973 0.9749374
vt 0.5539622 0.9367056
vt 0.5477345 0.8893371
vt 0.5399230 0.8892459
vt 0.5559966 0.9750736
vt 0.5437825 0.9367738
vt 0.5515692 0.9368432
vt 0.5637730 0.9750935
vt 0.5297634 0.8892913
vt 0.5375698 0.8893737
vt 0.7299452 0.8922017
vt 0.7314437 0.8923775
vt 0.7132689 0.9381601
vt 0.7117668 0.9380970
vt 0.7002669 0.9744379
vt 0.6987978 0.9745358
vt 0.7171142 0.9385093
vt 0.7156116 0.9384460
vt 0.7337495 0.8928098
vt 0.7352406 0.8929961
vt 0.7041407 0.9744022
vt 0.7026657 0.9745111
vt 0.7299452 0.8922017
vt 0.7117668 0.9380970
vt 0.7103571 0.9375765
vt 0.7281398 0.8926849
vt 0.6987978 0.9745358
vt 0.6975583 0.9735212
vt 0.5739681 0.9749485
vt 0.5617494 0.9367750
vt 0.5631959 0.9363608
vt 0.5752362 0.9739869
vt 0.5477345 0.8893371
vt 0.5494829 0.8899893
vt 0.5437825 0.9367738
vt 0.5559966 0.9750736
vt 0.5542483 0.9745034
vt 0.5423445 0.9372411
vt 0.5297634 0.8892913
vt 0.5284833 0.8902904
vt 0.7171142 0.9385093
vt 0.7352406 0.8929961
vt 0.7364098 0.8941947
vt 0.7185197 0.9390741
vt 0.7041407 0.9744022
vt 0.7060022 0.9737137
vt 0.5527641 0.9367742
vt 0.5539622 0.9367056
vt 0.5661973 0.9749374
vt 0.5650050 0.9749858
vt 0.5387326 0.8893899
vt 0.5399230 0.8892459
vt 0.5650050 0.9749858
vt 0.5637730 0.9750935
vt 0.5515692 0.9368432
vt 0.5527641 0.9367742
vt 0.5375698 0.8893737
vt 0.5387326 0.8893899
vt 0.7144437 0.9383040
vt 0.7132689 0.9381601
vt 0.7314437 0.8923775
vt 0.7326046 0.8926628
vt 0.7014459 0.9744393
vt 0.7002669 0.9744379
vt 0.7326046 0.8926628
vt 0.7337495 0.8928098
vt 0.7156116 0.9384460
vt 0.7144437 0.9383040
vt 0.7026657 0.9745111
vt 0.7014459 0.9744393
vt 0.5617494 0.9367750
vt 0.5539622 0.9367056
vt 0.5661973 0.9749374
vt 0.5739681 0.9749485
vt 0.5477345 0.8893371
vt 0.5399230 0.8892459
vt 0.5559966 0.9750736
vt 0.5637730 0.9750935
vt 0.5515692 0.9368432
vt 0.5437825 0.9367738
vt 0.5375698 0.8893737
vt 0.5297634 0.8892913
vt 0.7299452 0.8922017
vt 0.7117668 0.9380970
vt 0.7132689 0.9381601
vt 0.7314437 0.8923775
vt 0.6987978 0.9745358
vt 0.7002669 0.9744379
vt 0.7171142 0.9385093
vt 0.7352406 0.8929961
vt 0.7337495 0.8928098
vt 0.7156116 0.9384460
vt 0.7041407 0.9744022
vt 0.7026657 0.9745111
vt 0.7299452 0.8922017
vt 0.7281398 0.8926849
vt 0.7103571 0.9375765
vt 0.7117668 0.9380970
vt 0.6975583 0.9735212
vt 0.6987978 0.9745358
vt 0.5739681 0.9749485
vt 0.5752362 0.9739869
vt 0.5631959 0.9363608
vt 0.5617494 0.9367750
vt 0.5494829 0.8899893
vt 0.5477345 0.8893371
vt 0.5437825 0.9367738
vt 0.5423445 0.9372411
vt 0.5542483 0.9745034
vt 0.5559966 0.9750736
vt 0.5297634 0.8892913
vt 0.5284833 0.8902904
vt 0.7171142 0.9385093
vt 0.7185197 0.9390741
vt 0.7364098 0.8941947
vt 0.7352406 0.8929961
vt 0.7041407 0.9744022
vt 0.7060022 0.9737137
vt 0.5527641 0.9367742
vt 0.5650050 0.9749858
vt 0.5661973 0.9749374
vt 0.5539622 0.9367056
vt 0.5387326 0.8893899
vt 0.5399230 0.8892459
vt 0.5650050 0.9749858
vt 0.5527641 0.9367742
vt 0.5515692 0.9368432
vt 0.5637730 0.9750935
vt 0.5387326 0.8893899
vt 0.5375698 0.8893737
vt 0.7144437 0.9383040
vt 0.7326046 0.8926628
vt 0.7314437 0.8923775
vt 0.7132689 0.9381601
vt 0.7014459 0.9744393
vt 0.7002669 0.9744379
vt 0.7326046 0.8926628
vt 0.7144437 0.9383040
vt 0.7156116 0.9384460
vt 0.7337495 0.8928098
vt 0.7014459 0.9744393
vt 0.7026657 0.9745111
vt 0.4158677 0.9470957
vt 0.4659465 0.9488407
vt 0.4659371 0.9493290
vt 0.4158600 0.9475888
vt 0.4662777 0.9451830
vt 0.4661736 0.9468812
vt 0.4160752 0.9451417
vt 0.4160807 0.9434402
vt 0.4659371 0.9493290
vt 0.4659956 0.9512954
vt 0.4159512 0.9495653
vt 0.4158600 0.9475888
vt 0.5259542 0.9476926
vt 0.5264176 0.9475001
vt 0.5278634 0.9488800
vt 0.5259306 0.9496970
vt 0.4759920 0.9488515
vt 0.4759197 0.9468812
vt 0.5259160 0.9451928
vt 0.5259700 0.9471604
vt 0.4153942 0.9474096
vt 0.4158600 0.9475888
vt 0.4159512 0.9495653
vt 0.4140086 0.9488260
vt 0.5259700 0.9471604
vt 0.5259542 0.9476926
vt 0.4759778 0.9493369
vt 0.4759920 0.9488515
vt 0.5259026 0.9431164
vt 0.5259160 0.9451928
vt 0.4759197 0.9468812
vt 0.4757802 0.9448091
vt 0.5259542 0.9476926
vt 0.5259306 0.9496970
vt 0.4760029 0.9512968
vt 0.4759778 0.9493369
vt 0.4158677 0.9470957
vt 0.4160752 0.9451417
vt 0.4661736 0.9468812
vt 0.4659465 0.9488407
vt 0.4661189 0.9532807
vt 0.4761659 0.9533300
vt 0.4762278 0.9550322
vt 0.4661639 0.9550787
vt 0.4639001 0.9551882
vt 0.4638492 0.9532943
vt 0.4661189 0.9532807
vt 0.4661639 0.9550787
vt 0.4659956 0.9512954
vt 0.4760029 0.9512968
vt 0.4761659 0.9533300
vt 0.4661189 0.9532807
vt 0.5071166 0.9043311
vt 0.5126809 0.9054564
vt 0.5122076 0.9076803
vt 0.5066666 0.9064448
vt 0.4760957 0.9570736
vt 0.4660257 0.9571202
vt 0.4661639 0.9550787
vt 0.4762278 0.9550322
vt 0.4283693 0.9009849
vt 0.4282657 0.8992858
vt 0.5063663 0.8992858
vt 0.5071166 0.9043311
vt 0.4276859 0.9067031
vt 0.4276379 0.9046677
vt 0.5055581 0.9114122
vt 0.5057164 0.9134572
vt 0.4276379 0.9046677
vt 0.4279427 0.9029886
vt 0.5066666 0.9064448
vt 0.5055581 0.9114122
vt 0.4279427 0.9029886
vt 0.4283693 0.9009849
vt 0.5071166 0.9043311
vt 0.5066666 0.9064448
vt 0.5205190 0.9185820
vt 0.4710295 0.9192441
vt 0.4710281 0.9187581
vt 0.5205129 0.9180940
vt 0.4709733 0.9232309
vt 0.4709523 0.9211887
vt 0.5204162 0.9205229
vt 0.5204487 0.9225729
vt 0.4710281 0.9187581
vt 0.4709230 0.9168156
vt 0.5203518 0.9161534
vt 0.5205129 0.9180940
vt 0.4194045 0.9239689
vt 0.4193718 0.9234768
vt 0.4211254 0.9225707
vt 0.4212609 0.9246160
vt 0.4611212 0.9195293
vt 0.4611456 0.9214798
vt 0.4211254 0.9225707
vt 0.4210573 0.9206294
vt 0.5222383 0.9212825
vt 0.5222462 0.9217758
vt 0.5204487 0.9225729
vt 0.5204162 0.9205229
vt 0.4210573 0.9206294
vt 0.4210629 0.9201442
vt 0.4611255 0.9190329
vt 0.4611212 0.9195293
vt 0.4212609 0.9246160
vt 0.4211254 0.9225707
vt 0.4611456 0.9214798
vt 0.4613011 0.9235170
vt 0.4210629 0.9201442
vt 0.4211007 0.9181987
vt 0.4610681 0.9170834
vt 0.4611255 0.9190329
vt 0.5205190 0.9185820
vt 0.5204162 0.9205229
vt 0.4709523 0.9211887
vt 0.4710295 0.9192441
vt 0.4709772 0.9148321
vt 0.4610263 0.9150549
vt 0.4609297 0.9133638
vt 0.4709201 0.9130450
vt 0.4731878 0.9129376
vt 0.4732478 0.9148197
vt 0.4709772 0.9148321
vt 0.4709201 0.9130450
vt 0.4709230 0.9168156
vt 0.4610681 0.9170834
vt 0.4610263 0.9150549
vt 0.4709772 0.9148321
vt 0.5166481 0.9353085
vt 0.5110351 0.9359320
vt 0.5107632 0.9337845
vt 0.5163621 0.9330504
vt 0.4338707 0.9325548
vt 0.4239372 0.9346187
vt 0.4234525 0.9325979
vt 0.4333829 0.9305210
vt 0.4339141 0.9342465
vt 0.4338707 0.9325548
vt 0.5110351 0.9359320
vt 0.5116181 0.9409367
vt 0.4338707 0.9325548
vt 0.4333829 0.9305210
vt 0.5107632 0.9337845
vt 0.5110351 0.9359320
vt 0.4333829 0.9305210
vt 0.4337564 0.9288239
vt 0.5116103 0.9288239
vt 0.5107632 0.9337845
vt 0.4337564 0.9288239
vt 0.4345879 0.9268084
vt 0.5118350 0.9268084
vt 0.5116103 0.9288239
vt 0.9888941 0.1254723
vt 0.9927666 0.1254750
vt 0.9927663 0.1903001
vt 0.9888941 0.1889044
vt 0.9966176 0.1254758
vt 0.9966168 0.1911618
vt 0.9577579 0.1254264
vt 0.9616086 0.1254279
vt 0.9616079 0.1911139
vt 0.9577569 0.1911124
vt 0.9654806 0.1254320
vt 0.9654803 0.1902572
vt 0.9693712 0.1254383
vt 0.9693712 0.1888705
vt 0.9732761 0.1254459
vt 0.9732748 0.1874851
vt 0.9771891 0.1254539
vt 0.9771856 0.1866324
vt 0.9811009 0.1254615
vt 0.9810970 0.1866399
vt 0.9850045 0.1254678
vt 0.9850024 0.1875071
vt 0.9970302 0.2037409
vt 0.9982532 0.2082581
vt 0.9973591 0.2083668
vt 0.9962394 0.2040047
vt 0.9986219 0.2129027
vt 0.9976423 0.2128039
vt 0.9977352 0.2173459
vt 0.9968472 0.2170563
vt 0.9956632 0.2213675
vt 0.9948986 0.2209399
vt 0.9929270 0.2250023
vt 0.9923066 0.2245030
vt 0.9899233 0.2284897
vt 0.9892845 0.2278667
vt 0.9867370 0.2320108
vt 0.9860634 0.2312430
vt 0.9831753 0.2349729
vt 0.9828176 0.2341590
vt 0.9926227 0.1948652
vt 0.9952385 0.1991574
vt 0.9943834 0.1996405
vt 0.9919866 0.1956895
vt 0.9962394 0.2040047
vt 0.9973591 0.2083668
vt 0.9300146 0.2012739
vt 0.9976423 0.2128039
vt 0.9968472 0.2170563
vt 0.9948986 0.2209399
vt 0.9923066 0.2245030
vt 0.9892845 0.2278667
vt 0.9860634 0.2312430
vt 0.9828176 0.2341590
vt 0.9919866 0.1956895
vt 0.9943834 0.1996405
vt 0.9888941 0.1254723
vt 0.9888941 0.1889044
vt 0.9927663 0.1903001
vt 0.9927666 0.1254750
vt 0.9966168 0.1911618
vt 0.9966176 0.1254758
vt 0.9577579 0.1254264
vt 0.9577569 0.1911124
vt 0.9616079 0.1911139
vt 0.9616086 0.1254279
vt 0.9654803 0.1902572
vt 0.9654806 0.1254320
vt 0.9693712 0.1888705
vt 0.9693712 0.1254383
vt 0.9732748 0.1874851
vt 0.9732761 0.1254459
vt 0.9771856 0.1866324
vt 0.9771891 0.1254539
vt 0.9810970 0.1866399
vt 0.9811009 0.1254615
vt 0.9850024 0.1875071
vt 0.9850045 0.1254678
vt 0.9970302 0.2037409
vt 0.9962394 0.2040047
vt 0.9973591 0.2083668
vt 0.9982532 0.2082581
vt 0.9976423 0.2128039
vt 0.9986219 0.2129027
vt 0.9968472 0.2170563
vt 0.9977352 0.2173459
vt 0.9948986 0.2209399
vt 0.9956632 0.2213675
vt 0.9923066 0.2245030
vt 0.9929270 0.2250023
vt 0.9892845 0.2278667
vt 0.9899233 0.2284897
vt 0.9860634 0.2312430
vt 0.9867370 0.2320108
vt 0.9828176 0.2341590
vt 0.9831753 0.2349729
vt 0.9926227 0.1948652
vt 0.9919866 0.1956895
vt 0.9943834 0.1996405
vt 0.9952385 0.1991574
vt 0.9962394 0.2040047
vt 0.9300146 0.2012739
vt 0.9973591 0.2083668
vt 0.9976423 0.2128039
vt 0.9968472 0.2170563
vt 0.9948986 0.2209399
vt 0.9923066 0.2245030
vt 0.9892845 0.2278667
vt 0.9860634 0.2312430
vt 0.9828176 0.2341590
vt 0.9919866 0.1956895
vt 0.9943834 0.1996405
vt 0.0933618 0.9647626
vt 0.0995991 0.9682817
vt 0.0998131 0.9780869
vt 0.0934050 0.9816839
vt 0.1023608 0.9651651
vt 0.1027082 0.9810800
vt 0.0998131 0.9780869
vt 0.0995991 0.9682817
vt 0.1091243 0.9650174
vt 0.0991158 0.9642437
vt 0.0995991 0.9682817
vt 0.0933618 0.9647626
vt 0.0934050 0.9816839
vt 0.0998131 0.9780869
vt 0.0993062 0.9822440
vt 0.0312353 0.9647722
vt 0.0311368 0.9816839
vt 0.0247625 0.9780843
vt 0.0249577 0.9682753
vt 0.0247625 0.9780843
vt 0.0218722 0.9810841
vt 0.0221891 0.9651629
vt 0.0249577 0.9682753
vt 0.0312353 0.9647722
vt 0.0988175 0.9576654
vt 0.0311368 0.9816839
vt 0.0255796 0.9888681
vt 0.0252703 0.9822086
vt 0.0151060 0.9809495
vt 0.0154229 0.9650282
vt 0.0254477 0.9642099
vt 0.0249577 0.9682753
vt 0.0247625 0.9780843
vt 0.0933618 0.9647626
vt 0.0934050 0.9816839
vt 0.0312353 0.9647722
vt 0.0933618 0.9647626
vt 0.0995991 0.9682817
vt 0.0998131 0.9780869
vt 0.0934050 0.9816839
vt 0.1023608 0.9651651
vt 0.1027082 0.9810800
vt 0.0998131 0.9780869
vt 0.0995991 0.9682817
vt 0.1091243 0.9650174
vt 0.0991158 0.9642437
vt 0.0995991 0.9682817
vt 0.0933618 0.9647626
vt 0.0934050 0.9816839
vt 0.0998131 0.9780869
vt 0.0993062 0.9822440
vt 0.0312353 0.9647722
vt 0.0311368 0.9816839
vt 0.0247625 0.9780843
vt 0.0249577 0.9682753
vt 0.0247625 0.9780843
vt 0.0218722 0.9810841
vt 0.0221891 0.9651629
vt 0.0249577 0.9682753
vt 0.0312353 0.9647722
vt 0.0988175 0.9576654
vt 0.0311368 0.9816839
vt 0.0255796 0.9888681
vt 0.0252703 0.9822086
vt 0.0151060 0.9809495
vt 0.0154229 0.9650282
vt 0.0254477 0.9642099
vt 0.0249577 0.9682753
vt 0.0247625 0.9780843
vt 0.0933618 0.9647626
vt 0.0934050 0.9816839
vt 0.0312353 0.9647722
vt 0.8466869 0.2746646
vt 0.3689869 0.3317604
vt 0.7396883 0.8395777
vt 0.6519207 0.2746574
vt 0.1956375 0.3317649
vt 0.1094717 0.9809324
vt 0.0257995 0.9575021
vt 0.0989449 0.9890394
vt 0.0311368 0.9816839
vt 0.1094717 0.9809324
vt 0.0257995 0.9575021
vt 0.0989449 0.9890394
vt 0.0311368 0.9816839
vt 0.0165433 0.6621554
vt 0.0286963 0.6624334
vt 0.0237719 0.6695001
vt 0.0237719 0.6695001
vt 0.0286963 0.6624334
vt 0.0246099 0.6694961
vt 0.0165433 0.6621554
vt 0.0168932 0.6691852
vt 0.0167331 0.6692916
vt 0.0372069 0.6891820
vt 0.0322825 0.6962486
vt 0.0444355 0.6965265
vt 0.0372069 0.6891820
vt 0.0367778 0.6887488
vt 0.0363689 0.6891859
vt 0.0444355 0.6965265
vt 0.0443436 0.6895304
vt 0.0442457 0.6893904
f 1/1 2/2 3/3
f 3/3 4/4 1/1
f 1/1 4/4 5/5
f 5/5 6/6 1/1
f 15/15 1/1 6/6
f 2/2 1/1 15/15
f 119/119 5/5 4/4
f 6/6 5/5 791/791
f 791/791 5/5 119/119
f 6/6 16/16 15/15
f 16/16 6/6 790/790
f 791/791 790/790 6/6
f 15/15 16/16 17/17
f 17/17 16/16 789/789
f 790/790 789/789 16/16
f 17/17 18/18 15/15
f 18/18 17/17 275/275
f 275/275 17/17 788/788
f 789/789 788/788 17/17
f 15/15 18/18 19/19
f 275/275 276/276 18/18
f 18/18 276/276 277/277
f 277/277 19/19 18/18
f 788/788 273/273 275/275
f 273/273 13/13 12/12
f 12/12 274/274 273/273
f 11/11 12/12 13/13
f 13/13 14/14 11/11
f 8/8 11/11 14/14
f 14/14 9/9 8/8
f 7/7 8/8 9/9
f 9/9 10/10 7/7
f 923/923 7/7 10/10
f 68/68 74/74 10/10
f 10/10 74/74 923/923
f 921/921 923/923 74/74
f 74/74 922/922 921/921
f 922/922 74/74 68/68
f 68/68 69/69 70/70
f 68/68 70/70 922/922
f 921/921 922/922 919/919
f 919/919 922/922 70/70
f 919/919 920/920 921/921
f 919/919 924/924 925/925
f 70/70 924/924 919/919
f 413/413 924/924 70/70
f 70/70 69/69 413/413
f 69/69 414/414 413/413
f 411/411 412/412 413/413
f 413/413 414/414 411/411
f 924/924 413/413 412/412
f 412/412 925/925 924/924
f 918/918 411/411 414/414
f 414/414 917/917 918/918
f 254/254 257/257 918/918
f 918/918 917/917 254/254
f 254/254 255/255 256/256
f 256/256 257/257 254/254
f 19/19 20/20 15/15
f 2066/2066 20/20 19/19
f 19/19 2067/2067 2066/2066
f 2067/2067 19/19 277/277
f 15/15 20/20 2/2
f 2/2 20/20 2066/2066
f 3/3 2/2 2054/2054
f 2066/2066 2054/2054 2/2
f 4/4 3/3 120/120
f 2054/2054 2055/2055 3/3
f 120/120 3/3 2055/2055
f 2054/2054 2056/2056 2057/2057
f 2057/2057 2055/2055 2054/2054
f 2056/2056 2054/2054 2066/2066
f 2055/2055 2057/2057 2158/2158
f 2158/2158 2159/2159 2055/2055
f 2055/2055 2160/2160 120/120
f 2055/2055 2159/2159 2160/2160
f 2808/2808 2057/2057 2056/2056
f 2808/2808 2158/2158 2057/2057
f 2066/2066 2069/2069 2056/2056
f 2807/2807 2056/2056 2069/2069
f 2056/2056 2807/2807 2808/2808
f 2066/2066 2067/2067 2068/2068
f 2068/2068 2069/2069 2066/2066
f 2806/2806 2069/2069 2068/2068
f 2069/2069 2806/2806 2807/2807
f 2305/2305 2068/2068 2067/2067
f 2805/2805 2068/2068 2305/2305
f 2068/2068 2805/2805 2806/2806
f 2067/2067 2304/2304 2305/2305
f 277/277 2304/2304 2067/2067
f 2305/2305 2302/2302 2805/2805
f 2063/2063 2062/2062 2302/2302
f 2302/2302 2303/2303 2063/2063
f 2062/2062 2063/2063 2064/2064
f 2064/2064 2065/2065 2062/2062
f 2065/2065 2064/2064 2061/2061
f 2061/2061 2060/2060 2065/2065
f 2060/2060 2061/2061 2058/2058
f 2058/2058 2059/2059 2060/2060
f 2059/2059 2058/2058 2930/2930
f 2108/2108 2059/2059 2114/2114
f 2930/2930 2114/2114 2059/2059
f 2114/2114 2930/2930 2928/2928
f 2928/2928 2927/2927 2114/2114
f 2108/2108 2114/2114 2927/2927
f 2108/2108 2109/2109 2110/2110
f 2927/2927 2109/2109 2108/2108
f 2926/2926 2927/2927 2928/2928
f 2109/2109 2927/2927 2926/2926
f 2928/2928 2929/2929 2926/2926
f 2926/2926 2932/2932 2931/2931
f 2926/2926 2931/2931 2109/2109
f 2436/2436 2110/2110 2109/2109
f 2109/2109 2931/2931 2436/2436
f 2110/2110 2436/2436 2439/2439
f 2436/2436 2437/2437 2438/2438
f 2438/2438 2439/2439 2436/2436
f 2437/2437 2436/2436 2931/2931
f 2931/2931 2932/2932 2437/2437
f 2439/2439 2438/2438 2924/2924
f 2924/2924 2925/2925 2439/2439
f 2924/2924 2284/2284 2283/2283
f 2283/2283 2925/2925 2924/2924
f 2283/2283 2284/2284 2285/2285
f 2285/2285 2286/2286 2283/2283
f 2159/2159 2158/2158 2976/2976
f 2976/2976 2158/2158 2979/2979
f 2160/2160 2159/2159 2809/2809
f 2976/2976 2809/2809 2159/2159
f 2975/2975 2809/2809 2976/2976
f 2975/2975 2976/2976 2979/2979
f 2975/2975 2979/2979 2974/2974
f 2975/2975 2974/2974 2978/2978
f 2973/2973 2974/2974 2971/2971
f 2974/2974 2973/2973 2978/2978
f 2971/2971 2972/2972 2973/2973
f 2972/2972 2971/2971 2968/2968
f 2968/2968 2967/2967 2972/2972
f 2967/2967 2968/2968 2969/2969
f 2969/2969 2970/2970 2967/2967
f 2809/2809 2161/2161 2160/2160
f 2161/2161 123/123 120/120
f 120/120 2160/2160 2161/2161
f 120/120 123/123 122/122
f 120/120 121/121 4/4
f 122/122 121/121 120/120
f 121/121 122/122 792/792
f 792/792 118/118 121/121
f 4/4 121/121 118/118
f 4/4 118/118 119/119
f 969/969 119/119 118/118
f 118/118 792/792 969/969
f 968/968 969/969 792/792
f 968/968 972/972 969/969
f 969/969 972/972 119/119
f 968/968 971/971 965/965
f 968/968 965/965 972/972
f 965/965 971/971 966/966
f 964/964 965/965 966/966
f 966/966 967/967 964/964
f 961/961 964/964 967/967
f 967/967 962/962 961/961
f 960/960 961/961 962/962
f 962/962 963/963 960/960
f 21/21 22/22 23/23
f 23/23 24/24 21/21
f 21/21 25/25 26/26
f 26/26 22/22 21/21
f 53/53 54/54 21/21
f 21/21 24/24 53/53
f 57/57 25/25 21/21
f 21/21 54/54 57/57
f 23/23 22/22 84/84
f 84/84 85/85 23/23
f 84/84 86/86 87/87
f 87/87 85/85 84/84
f 139/139 84/84 22/22
f 84/84 139/139 140/140
f 140/140 86/86 84/84
f 22/22 26/26 139/139
f 2073/2073 2125/2125 139/139
f 139/139 26/26 2073/2073
f 140/140 139/139 2125/2125
f 2125/2125 2127/2127 140/140
f 2072/2072 2124/2124 2125/2125
f 2125/2125 2073/2073 2072/2072
f 2126/2126 2127/2127 2125/2125
f 2125/2125 2124/2124 2126/2126
f 2072/2072 2073/2073 2070/2070
f 2070/2070 2073/2073 26/26
f 26/26 25/25 2070/2070
f 2070/2070 2071/2071 2072/2072
f 2095/2095 2071/2071 2070/2070
f 2070/2070 2096/2096 2095/2095
f 57/57 2096/2096 2070/2070
f 2070/2070 25/25 57/57
f 2095/2095 2096/2096 2097/2097
f 2097/2097 2098/2098 2095/2095
f 2097/2097 2096/2096 57/57
f 57/57 54/54 56/56
f 56/56 58/58 57/57
f 57/57 58/58 2097/2097
f 2134/2134 2098/2098 2097/2097
f 2097/2097 2135/2135 2134/2134
f 2135/2135 2097/2097 58/58
f 93/93 146/146 58/58
f 58/58 56/56 93/93
f 58/58 146/146 2135/2135
f 2134/2134 2135/2135 2132/2132
f 2135/2135 146/146 145/145
f 145/145 2132/2132 2135/2135
f 2132/2132 2133/2133 2134/2134
f 93/93 92/92 145/145
f 145/145 146/146 93/93
f 92/92 93/93 94/94
f 94/94 93/93 56/56
f 94/94 95/95 92/92
f 56/56 55/55 94/94
f 53/53 55/55 56/56
f 56/56 54/54 53/53
f 27/27 28/28 29/29
f 29/29 30/30 27/27
f 31/31 32/32 27/27
f 27/27 30/30 31/31
f 33/33 28/28 27/27
f 27/27 34/34 33/33
f 34/34 27/27 32/32
f 29/29 28/28 2074/2074
f 2074/2074 28/28 33/33
f 2074/2074 2075/2075 29/29
f 2076/2076 2075/2075 2074/2074
f 2074/2074 2077/2077 2076/2076
f 33/33 2078/2078 2074/2074
f 2077/2077 2074/2074 2078/2078
f 2212/2212 2075/2075 2076/2076
f 185/185 29/29 2075/2075
f 2075/2075 2212/2212 185/185
f 2076/2076 2211/2211 2212/2212
f 30/30 29/29 185/185
f 185/185 179/179 30/30
f 31/31 30/30 179/179
f 179/179 180/180 31/31
f 2146/2146 2149/2149 2078/2078
f 2078/2078 2147/2147 2146/2146
f 2188/2188 2078/2078 33/33
f 2188/2188 2147/2147 2078/2078
f 2078/2078 2149/2149 2077/2077
f 2145/2145 2146/2146 2147/2147
f 2147/2147 2148/2148 2145/2145
f 2148/2148 2147/2147 2188/2188
f 2156/2156 2145/2145 2157/2157
f 2157/2157 2145/2145 2148/2148
f 2080/2080 2186/2186 2148/2148
f 2148/2148 2187/2187 2080/2080
f 2188/2188 2187/2187 2148/2148
f 2148/2148 2186/2186 2157/2157
f 2157/2157 3042/3042 3043/3043
f 3043/3043 2156/2156 2157/2157
f 3033/3033 3042/3042 2157/2157
f 2157/2157 2186/2186 3033/3033
f 3032/3032 3033/3033 2186/2186
f 2079/2079 2323/2323 2186/2186
f 2186/2186 2080/2080 2079/2079
f 2323/2323 3032/3032 2186/2186
f 35/35 38/38 2079/2079
f 2079/2079 2080/2080 35/35
f 35/35 36/36 37/37
f 37/37 38/38 35/35
f 36/36 35/35 154/154
f 154/154 35/35 2080/2080
f 36/36 152/152 106/106
f 106/106 153/153 36/36
f 154/154 152/152 36/36
f 37/37 36/36 153/153
f 153/153 295/295 37/37
f 1031/1031 153/153 1032/1032
f 295/295 153/153 1031/1031
f 1032/1032 153/153 117/117
f 117/117 153/153 106/106
f 117/117 1042/1042 1032/1032
f 116/116 117/117 105/105
f 117/117 116/116 1041/1041
f 1041/1041 1042/1042 117/117
f 106/106 105/105 117/117
f 105/105 106/106 107/107
f 107/107 108/108 105/105
f 108/108 107/107 34/34
f 155/155 107/107 106/106
f 155/155 34/34 107/107
f 34/34 109/109 108/108
f 33/33 34/34 155/155
f 32/32 109/109 34/34
f 155/155 156/156 33/33
f 33/33 156/156 2188/2188
f 154/154 156/156 155/155
f 2188/2188 156/156 154/154
f 106/106 152/152 155/155
f 155/155 152/152 154/154
f 2080/2080 2187/2187 154/154
f 154/154 2187/2187 2188/2188
f 39/39 40/40 41/41
f 41/41 42/42 39/39
f 41/41 40/40 298/298
f 1037/1037 164/164 41/41
f 42/42 41/41 164/164
f 298/298 1037/1037 41/41
f 164/164 235/235 42/42
f 163/163 164/164 161/161
f 232/232 164/164 163/163
f 164/164 232/232 235/235
f 161/161 164/164 1037/1037
f 297/297 114/114 1037/1037
f 1037/1037 114/114 161/161
f 297/297 1037/1037 298/298
f 297/297 298/298 299/299
f 299/299 112/112 297/297
f 112/112 114/114 297/297
f 111/111 114/114 112/112
f 161/161 114/114 111/111
f 112/112 113/113 101/101
f 101/101 104/104 112/112
f 112/112 104/104 111/111
f 113/113 112/112 299/299
f 299/299 300/300 113/113
f 101/101 113/113 115/115
f 115/115 113/113 300/300
f 101/101 102/102 103/103
f 103/103 104/104 101/101
f 115/115 102/102 101/101
f 104/104 103/103 110/110
f 110/110 111/111 104/104
f 111/111 110/110 158/158
f 157/157 158/158 159/159
f 158/158 157/157 111/111
f 159/159 160/160 157/157
f 161/161 157/157 160/160
f 111/111 157/157 161/161
f 160/160 159/159 178/178
f 160/160 162/162 161/161
f 178/178 176/176 160/160
f 175/175 162/162 160/160
f 160/160 176/176 175/175
f 161/161 162/162 163/163
f 163/163 162/162 175/175
f 150/150 174/174 175/175
f 175/175 176/176 150/150
f 177/177 175/175 174/174
f 175/175 177/177 163/163
f 176/176 178/178 151/151
f 151/151 150/150 176/176
f 150/150 151/151 100/100
f 100/100 89/89 88/88
f 88/88 99/99 100/100
f 100/100 99/99 150/150
f 88/88 89/89 90/90
f 90/90 91/91 88/88
f 91/91 90/90 96/96
f 96/96 97/97 91/91
f 88/88 91/91 557/557
f 91/91 97/97 559/559
f 559/559 557/557 91/91
f 165/165 97/97 96/96
f 96/96 166/166 165/165
f 587/587 559/559 97/97
f 148/148 147/147 165/165
f 165/165 166/166 148/148
f 147/147 148/148 83/83
f 83/83 82/82 147/147
f 79/79 82/82 83/83
f 83/83 80/80 79/79
f 79/79 80/80 78/78
f 78/78 81/81 79/79
f 80/80 75/75 78/78
f 77/77 78/78 75/75
f 144/144 81/81 78/78
f 78/78 77/77 144/144
f 75/75 76/76 77/77
f 142/142 77/77 76/76
f 77/77 142/142 143/143
f 143/143 144/144 77/77
f 76/76 141/141 142/142
f 557/557 558/558 88/88
f 88/88 558/558 560/560
f 88/88 98/98 99/99
f 560/560 98/98 88/88
f 98/98 560/560 561/561
f 98/98 149/149 150/150
f 150/150 99/99 98/98
f 561/561 149/149 98/98
f 149/149 561/561 416/416
f 174/174 150/150 149/149
f 416/416 174/174 149/149
f 416/416 417/417 177/177
f 177/177 174/174 416/416
f 177/177 417/417 554/554
f 269/269 177/177 270/270
f 554/554 270/270 177/177
f 269/269 163/163 177/177
f 554/554 586/586 270/270
f 270/270 271/271 269/269
f 224/224 271/271 308/308
f 224/224 269/269 271/271
f 222/222 223/223 224/224
f 225/225 231/231 224/224
f 224/224 223/223 225/225
f 224/224 231/231 269/269
f 241/241 223/223 222/222
f 222/222 242/242 241/241
f 225/225 223/223 226/226
f 226/226 223/223 241/241
f 226/226 227/227 225/225
f 241/241 243/243 226/226
f 225/225 227/227 228/228
f 228/228 229/229 225/225
f 231/231 225/225 229/229
f 229/229 230/230 231/231
f 269/269 231/231 230/230
f 232/232 230/230 229/229
f 229/229 233/233 232/232
f 233/233 229/229 228/228
f 228/228 234/234 233/233
f 233/233 234/234 220/220
f 220/220 219/219 233/233
f 235/235 232/232 233/233
f 233/233 219/219 235/235
f 163/163 230/230 232/232
f 230/230 163/163 269/269
f 218/218 235/235 219/219
f 218/218 219/219 217/217
f 217/217 219/219 220/220
f 220/220 221/221 217/217
f 217/217 46/46 218/218
f 278/278 217/217 221/221
f 46/46 217/217 278/278
f 296/296 218/218 46/46
f 45/45 46/46 43/43
f 278/278 43/43 46/46
f 46/46 45/45 296/296
f 43/43 44/44 45/45
f 237/237 243/243 241/241
f 188/188 236/236 237/237
f 237/237 189/189 188/188
f 241/241 189/189 237/237
f 241/241 242/242 190/190
f 190/190 189/189 241/241
f 188/188 189/189 190/190
f 190/190 191/191 188/188
f 300/300 301/301 115/115
f 47/47 48/48 49/49
f 49/49 50/50 47/47
f 47/47 50/50 51/51
f 51/51 52/52 47/47
f 48/48 47/47 418/418
f 419/419 418/418 47/47
f 47/47 52/52 419/419
f 248/248 49/49 48/48
f 48/48 246/246 248/248
f 244/244 245/245 246/246
f 246/246 48/48 244/244
f 247/247 244/244 48/48
f 418/418 247/247 48/48
f 59/59 60/60 61/61
f 61/61 62/62 59/59
f 575/575 59/59 62/62
f 61/61 60/60 63/63
f 63/63 64/64 61/61
f 62/62 61/61 570/570
f 570/570 61/61 64/64
f 567/567 62/62 568/568
f 570/570 568/568 62/62
f 62/62 567/567 575/575
f 64/64 571/571 570/570
f 568/568 569/569 567/567
f 65/65 66/66 67/67
f 73/73 65/65 67/67
f 66/66 814/814 815/815
f 815/815 67/67 66/66
f 71/71 72/72 67/67
f 67/67 72/72 73/73
f 67/67 816/816 71/71
f 816/816 67/67 815/815
f 125/125 73/73 72/72
f 72/72 124/124 125/125
f 72/72 71/71 126/126
f 126/126 124/124 72/72
f 415/415 126/126 71/71
f 816/816 415/415 71/71
f 815/815 915/915 816/816
f 916/916 415/415 816/816
f 816/816 915/915 916/916
f 913/913 415/415 916/916
f 272/272 415/415 252/252
f 415/415 913/913 914/914
f 914/914 252/252 415/415
f 272/272 126/126 415/415
f 124/124 126/126 133/133
f 133/133 126/126 272/272
f 210/210 130/130 272/272
f 272/272 211/211 210/210
f 211/211 272/272 252/252
f 272/272 130/130 133/133
f 209/209 210/210 211/211
f 127/127 210/210 209/209
f 210/210 127/127 130/130
f 129/129 130/130 127/127
f 130/130 129/129 133/133
f 127/127 128/128 129/129
f 205/205 128/128 127/127
f 127/127 206/206 205/205
f 209/209 206/206 127/127
f 132/132 129/129 128/128
f 134/134 133/133 129/129
f 129/129 132/132 134/134
f 128/128 131/131 132/132
f 131/131 128/128 205/205
f 131/131 279/279 132/132
f 173/173 132/132 279/279
f 172/172 134/134 132/132
f 132/132 173/173 172/172
f 133/133 134/134 135/135
f 134/134 172/172 169/169
f 169/169 135/135 134/134
f 171/171 172/172 173/173
f 172/172 171/171 292/292
f 172/172 292/292 170/170
f 170/170 169/169 172/172
f 279/279 280/280 173/173
f 167/167 168/168 169/169
f 169/169 170/170 167/167
f 135/135 169/169 168/168
f 168/168 137/137 135/135
f 137/137 138/138 136/136
f 136/136 135/135 137/137
f 124/124 136/136 138/138
f 138/138 125/125 124/124
f 135/135 136/136 133/133
f 133/133 136/136 124/124
f 198/198 199/199 131/131
f 131/131 200/200 198/198
f 205/205 200/200 131/131
f 131/131 199/199 250/250
f 194/194 199/199 198/198
f 193/193 199/199 194/194
f 199/199 193/193 250/250
f 249/249 250/250 193/193
f 192/192 193/193 194/194
f 197/197 193/193 192/192
f 193/193 197/197 249/249
f 194/194 195/195 192/192
f 192/192 196/196 197/197
f 215/215 195/195 194/194
f 198/198 204/204 194/194
f 194/194 204/204 215/215
f 215/215 204/204 203/203
f 203/203 216/216 215/215
f 203/203 204/204 198/198
f 198/198 200/200 201/201
f 201/201 202/202 198/198
f 198/198 202/202 203/203
f 201/201 200/200 205/205
f 205/205 208/208 201/201
f 205/205 206/206 207/207
f 207/207 208/208 205/205
f 207/207 206/206 209/209
f 209/209 214/214 207/207
f 211/211 212/212 209/209
f 209/209 212/212 213/213
f 213/213 214/214 209/209
f 238/238 212/212 211/211
f 211/211 240/240 238/238
f 252/252 240/240 211/211
f 213/213 212/212 238/238
f 238/238 239/239 213/213
f 238/238 240/240 251/251
f 239/239 238/238 251/251
f 251/251 240/240 252/252
f 252/252 253/253 251/251
f 252/252 855/855 253/253
f 252/252 914/914 855/855
f 181/181 182/182 183/183
f 183/183 184/184 181/181
f 182/182 181/181 186/186
f 186/186 187/187 182/182
f 186/186 2213/2213 2216/2216
f 2216/2216 187/187 186/186
f 2213/2213 2214/2214 2215/2215
f 2215/2215 2216/2216 2213/2213
f 258/258 259/259 260/260
f 260/260 261/261 258/258
f 259/259 258/258 731/731
f 725/725 260/260 259/259
f 259/259 726/726 725/725
f 731/731 732/732 259/259
f 259/259 732/732 726/726
f 261/261 260/260 293/293
f 549/549 293/293 260/260
f 260/260 725/725 549/549
f 293/293 294/294 261/261
f 547/547 294/294 293/293
f 293/293 548/548 547/547
f 293/293 549/549 548/548
f 547/547 576/576 294/294
f 737/737 548/548 549/549
f 549/549 736/736 737/737
f 750/750 584/584 737/737
f 737/737 736/736 750/750
f 736/736 549/549 746/746
f 746/746 747/747 736/736
f 751/751 750/750 736/736
f 736/736 747/747 751/751
f 690/690 585/585 750/750
f 750/750 751/751 690/690
f 750/750 585/585 584/584
f 583/583 584/584 585/585
f 689/689 585/585 690/690
f 690/690 691/691 689/689
f 695/695 689/689 691/691
f 691/691 696/696 695/695
f 695/695 696/696 697/697
f 697/697 698/698 695/695
f 733/733 695/695 698/698
f 697/697 748/748 749/749
f 749/749 698/698 697/697
f 733/733 698/698 749/749
f 749/749 732/732 733/733
f 744/744 726/726 749/749
f 749/749 748/748 744/744
f 749/749 726/726 732/732
f 744/744 745/745 725/725
f 725/725 726/726 744/744
f 549/549 725/725 745/745
f 745/745 746/746 549/549
f 262/262 263/263 264/264
f 264/264 265/265 262/262
f 264/264 263/263 728/728
f 728/728 263/263 756/756
f 550/550 265/265 264/264
f 264/264 551/551 550/550
f 551/551 264/264 727/727
f 728/728 727/727 264/264
f 727/727 728/728 743/743
f 743/743 728/728 755/755
f 756/756 755/755 728/728
f 755/755 756/756 729/729
f 754/754 755/755 702/702
f 729/729 702/702 755/755
f 755/755 754/754 743/743
f 743/743 742/742 727/727
f 727/727 572/572 551/551
f 572/572 727/727 742/742
f 742/742 740/740 572/572
f 551/551 572/572 552/552
f 572/572 738/738 739/739
f 739/739 552/552 572/572
f 738/738 572/572 740/740
f 740/740 741/741 738/738
f 758/758 738/738 741/741
f 738/738 758/758 760/760
f 760/760 739/739 738/738
f 741/741 759/759 758/758
f 693/693 579/579 758/758
f 758/758 759/759 693/693
f 758/758 579/579 578/578
f 578/578 760/760 758/758
f 692/692 579/579 693/693
f 693/693 694/694 692/692
f 577/577 578/578 579/579
f 699/699 692/692 694/694
f 694/694 700/700 699/699
f 699/699 700/700 701/701
f 701/701 702/702 699/699
f 729/729 730/730 699/699
f 699/699 702/702 729/729
f 702/702 701/701 754/754
f 550/550 551/551 552/552
f 552/552 553/553 550/550
f 553/553 544/544 550/550
f 544/544 553/553 545/545
f 543/543 544/544 545/545
f 545/545 546/546 543/543
f 555/555 543/543 546/546
f 546/546 556/556 555/555
f 562/562 555/555 556/556
f 556/556 563/563 562/562
f 541/541 562/562 563/563
f 563/563 542/542 541/541
f 539/539 540/540 541/541
f 541/541 542/542 539/539
f 539/539 581/581 540/540
f 266/266 267/267 268/268
f 281/281 282/282 283/283
f 283/283 284/284 281/281
f 284/284 283/283 285/285
f 285/285 286/286 284/284
f 287/287 288/288 289/289
f 287/287 290/290 291/291
f 291/291 288/288 287/287
f 290/290 479/479 480/480
f 480/480 291/291 290/290
f 302/302 303/303 304/304
f 304/304 305/305 302/302
f 307/307 302/302 305/305
f 304/304 303/303 2330/2330
f 2330/2330 2331/2331 304/304
f 2331/2331 2330/2330 2332/2332
f 2332/2332 2333/2333 2331/2331
f 305/305 306/306 307/307
f 309/309 310/310 311/311
f 311/311 312/312 309/309
f 309/309 817/817 818/818
f 818/818 310/310 309/309
f 312/312 311/311 317/317
f 317/317 318/318 312/312
f 318/318 317/317 367/367
f 367/367 368/368 318/318
f 368/368 367/367 370/370
f 370/370 369/369 368/368
f 369/369 370/370 371/371
f 371/371 372/372 369/369
f 372/372 371/371 399/399
f 399/399 398/398 372/372
f 397/397 398/398 399/399
f 399/399 400/400 397/397
f 529/529 530/530 397/397
f 397/397 400/400 529/529
f 530/530 529/529 531/531
f 531/531 532/532 530/530
f 313/313 314/314 315/315
f 315/315 316/316 313/313
f 314/314 313/313 319/319
f 319/319 320/320 314/314
f 320/320 319/319 365/365
f 365/365 366/366 320/320
f 366/366 365/365 376/376
f 376/376 375/375 366/366
f 375/375 376/376 373/373
f 373/373 374/374 375/375
f 374/374 373/373 409/409
f 409/409 410/410 374/374
f 820/820 316/316 315/315
f 315/315 819/819 820/820
f 321/321 322/322 323/323
f 323/323 324/324 321/321
f 322/322 321/321 325/325
f 325/325 326/326 322/322
f 326/326 325/325 327/327
f 327/327 328/328 326/326
f 328/328 327/327 379/379
f 379/379 380/380 328/328
f 380/380 379/379 395/395
f 395/395 396/396 380/380
f 396/396 395/395 346/346
f 346/346 345/345 396/396
f 345/345 346/346 336/336
f 336/336 335/335 345/345
f 335/335 336/336 337/337
f 337/337 338/338 335/335
f 338/338 337/337 347/347
f 347/347 348/348 338/338
f 348/348 347/347 383/383
f 383/383 384/384 348/348
f 384/384 383/383 401/401
f 401/401 402/402 384/384
f 402/402 401/401 390/390
f 390/390 389/389 402/402
f 389/389 390/390 391/391
f 391/391 392/392 389/389
f 392/392 391/391 360/360
f 360/360 359/359 392/392
f 359/359 360/360 350/350
f 350/350 349/349 359/359
f 349/349 350/350 351/351
f 351/351 352/352 349/349
f 352/352 351/351 361/361
f 361/361 362/362 352/352
f 362/362 361/361 1035/1035
f 1035/1035 1036/1036 362/362
f 324/324 323/323 377/377
f 377/377 378/378 324/324
f 329/329 330/330 331/331
f 331/331 332/332 329/329
f 330/330 329/329 381/381
f 381/381 382/382 330/330
f 382/382 381/381 393/393
f 393/393 394/394 382/382
f 394/394 393/393 344/344
f 344/344 343/343 394/394
f 343/343 344/344 342/342
f 342/342 341/341 343/343
f 341/341 342/342 339/339
f 339/339 340/340 341/341
f 334/334 332/332 331/331
f 331/331 333/333 334/334
f 353/353 354/354 355/355
f 355/355 356/356 353/353
f 354/354 353/353 363/363
f 363/363 364/364 354/354
f 1033/1033 364/364 363/363
f 363/363 1034/1034 1033/1033
f 356/356 355/355 357/357
f 357/357 358/358 356/356
f 385/385 358/358 357/357
f 357/357 386/386 385/385
f 385/385 386/386 387/387
f 387/387 388/388 385/385
f 387/387 403/403 404/404
f 404/404 388/388 387/387
f 405/405 406/406 407/407
f 407/407 408/408 405/405
f 420/420 421/421 422/422
f 422/422 423/423 420/420
f 421/421 420/420 511/511
f 511/511 514/514 421/421
f 511/511 512/512 513/513
f 513/513 514/514 511/511
f 424/424 423/423 422/422
f 422/422 425/425 424/424
f 434/434 435/435 424/424
f 424/424 425/425 434/434
f 435/435 434/434 503/503
f 503/503 504/504 435/435
f 503/503 492/492 491/491
f 491/491 504/504 503/503
f 491/491 492/492 493/493
f 493/493 494/494 491/491
f 426/426 427/427 428/428
f 428/428 429/429 426/426
f 426/426 429/429 431/431
f 431/431 430/430 426/426
f 428/428 427/427 439/439
f 439/439 438/438 428/428
f 438/438 439/439 436/436
f 436/436 437/437 438/438
f 437/437 436/436 440/440
f 440/440 441/441 437/437
f 441/441 440/440 442/442
f 442/442 443/443 441/441
f 443/443 442/442 683/683
f 683/683 684/684 443/443
f 430/430 431/431 432/432
f 432/432 433/433 430/430
f 433/433 432/432 528/528
f 528/528 527/527 433/433
f 527/527 528/528 525/525
f 525/525 526/526 527/527
f 444/444 445/445 446/446
f 446/446 447/447 444/444
f 445/445 444/444 471/471
f 471/471 472/472 445/445
f 481/481 482/482 447/447
f 447/447 446/446 481/481
f 448/448 449/449 450/450
f 450/450 451/451 448/448
f 449/449 448/448 456/456
f 456/456 457/457 449/449
f 457/457 456/456 458/458
f 458/458 459/459 457/457
f 452/452 453/453 454/454
f 454/454 455/455 452/452
f 455/455 454/454 466/466
f 466/466 467/467 455/455
f 460/460 461/461 462/462
f 462/462 463/463 460/460
f 461/461 460/460 464/464
f 464/464 465/465 461/461
f 465/465 464/464 519/519
f 519/519 520/520 465/465
f 521/521 520/520 519/519
f 519/519 522/522 521/521
f 468/468 469/469 470/470
f 469/469 468/468 477/477
f 477/477 478/478 469/469
f 470/470 469/469 734/734
f 734/734 735/735 470/470
f 473/473 474/474 475/475
f 475/475 476/476 473/473
f 483/483 484/484 485/485
f 485/485 486/486 483/483
f 484/484 483/483 523/523
f 523/523 524/524 484/484
f 523/523 681/681 682/682
f 682/682 524/524 523/523
f 487/487 488/488 489/489
f 489/489 490/490 487/487
f 487/487 490/490 573/573
f 573/573 574/574 487/487
f 757/757 573/573 564/564
f 757/757 574/574 573/573
f 564/564 566/566 757/757
f 564/564 565/565 566/566
f 495/495 496/496 497/497
f 497/497 498/498 495/495
f 498/498 497/497 500/500
f 500/500 499/499 498/498
f 499/499 500/500 501/501
f 501/501 502/502 499/499
f 505/505 506/506 507/507
f 507/507 508/508 505/505
f 509/509 510/510 505/505
f 505/505 508/508 509/509
f 515/515 516/516 517/517
f 517/517 518/518 515/515
f 516/516 515/515 679/679
f 679/679 680/680 516/516
f 533/533 534/534 535/535
f 535/535 536/536 533/533
f 533/533 582/582 534/534
f 535/535 537/537 538/538
f 538/538 536/536 535/535
f 580/580 538/538 537/537
f 588/588 589/589 590/590
f 590/590 591/591 588/588
f 588/588 752/752 753/753
f 753/753 589/589 588/588
f 598/598 591/591 590/590
f 590/590 599/599 598/598
f 592/592 593/593 594/594
f 594/594 595/595 592/592
f 593/593 596/596 597/597
f 597/597 594/594 593/593
f 600/600 601/601 602/602
f 602/602 603/603 600/600
f 601/601 604/604 605/605
f 605/605 602/602 601/601
f 604/604 606/606 607/607
f 607/607 605/605 604/604
f 606/606 608/608 609/609
f 609/609 607/607 606/606
f 608/608 610/610 609/609
f 608/608 823/823 824/824
f 824/824 610/610 608/608
f 611/611 612/612 613/613
f 611/611 614/614 612/612
f 821/821 822/822 611/611
f 611/611 613/613 821/821
f 763/763 612/612 614/614
f 614/614 761/761 763/763
f 761/761 762/762 763/763
f 615/615 616/616 617/617
f 617/617 618/618 615/615
f 616/616 619/619 620/620
f 620/620 617/617 616/616
f 619/619 621/621 622/622
f 622/622 620/620 619/619
f 621/621 623/623 624/624
f 624/624 622/622 621/621
f 623/623 625/625 626/626
f 626/626 624/624 623/623
f 625/625 627/627 628/628
f 628/628 626/626 625/625
f 627/627 629/629 630/630
f 630/630 628/628 627/627
f 631/631 632/632 633/633
f 633/633 634/634 631/631
f 635/635 632/632 631/631
f 631/631 636/636 635/635
f 634/634 633/633 637/637
f 637/637 638/638 634/634
f 638/638 637/637 643/643
f 643/643 644/644 638/638
f 644/644 643/643 639/639
f 639/639 642/642 644/644
f 639/639 640/640 641/641
f 641/641 642/642 639/639
f 641/641 640/640 645/645
f 645/645 646/646 641/641
f 645/645 663/663 664/664
f 664/664 646/646 645/645
f 647/647 648/648 649/649
f 649/649 650/650 647/647
f 647/647 650/650 665/665
f 665/665 666/666 647/647
f 648/648 651/651 652/652
f 652/652 649/649 648/648
f 651/651 654/654 653/653
f 653/653 652/652 651/651
f 653/653 654/654 655/655
f 655/655 656/656 653/653
f 656/656 655/655 657/657
f 657/657 658/658 656/656
f 658/658 657/657 659/659
f 659/659 660/660 658/658
f 659/659 661/661 662/662
f 662/662 660/660 659/659
f 667/667 668/668 669/669
f 669/669 670/670 667/667
f 671/671 672/672 673/673
f 673/673 674/674 671/671
f 675/675 676/676 677/677
f 677/677 678/678 675/675
f 685/685 686/686 687/687
f 687/687 688/688 685/685
f 703/703 704/704 705/705
f 713/713 703/703 705/705
f 704/704 706/706 705/705
f 706/706 707/707 705/705
f 707/707 708/708 705/705
f 708/708 709/709 705/705
f 709/709 710/710 705/705
f 710/710 711/711 705/705
f 711/711 712/712 705/705
f 712/712 713/713 705/705
f 714/714 715/715 716/716
f 724/724 714/714 716/716
f 715/715 717/717 716/716
f 717/717 718/718 716/716
f 718/718 719/719 716/716
f 719/719 720/720 716/716
f 720/720 721/721 716/716
f 721/721 722/722 716/716
f 722/722 723/723 716/716
f 723/723 724/724 716/716
f 764/764 765/765 766/766
f 766/766 767/767 764/764
f 765/765 764/764 768/768
f 768/768 769/769 765/765
f 768/768 2789/2789 2792/2792
f 2792/2792 769/769 768/768
f 2789/2789 2790/2790 2791/2791
f 2791/2791 2792/2792 2789/2789
f 770/770 771/771 772/772
f 772/772 773/773 770/770
f 773/773 772/772 774/774
f 774/774 775/775 773/773
f 2794/2794 775/775 774/774
f 774/774 2795/2795 2794/2794
f 2793/2793 2794/2794 2795/2795
f 2795/2795 2796/2796 2793/2793
f 776/776 777/777 778/778
f 778/778 779/779 776/776
f 777/777 776/776 784/784
f 784/784 785/785 777/777
f 784/784 2797/2797 2800/2800
f 2800/2800 785/785 784/784
f 2797/2797 2798/2798 2799/2799
f 2799/2799 2800/2800 2797/2797
f 780/780 781/781 782/782
f 782/782 783/783 780/780
f 783/783 782/782 786/786
f 786/786 787/787 783/783
f 2802/2802 787/787 786/786
f 786/786 2803/2803 2802/2802
f 2801/2801 2802/2802 2803/2803
f 2803/2803 2804/2804 2801/2801
f 793/793 794/794 795/795
f 795/795 796/796 793/793
f 794/794 793/793 809/809
f 809/809 808/808 794/794
f 808/808 809/809 807/807
f 807/807 806/806 808/808
f 806/806 807/807 805/805
f 805/805 804/804 806/806
f 804/804 805/805 803/803
f 803/803 802/802 804/804
f 801/801 802/802 803/803
f 813/813 796/796 795/795
f 812/812 813/813 810/810
f 795/795 810/810 813/813
f 810/810 811/811 812/812
f 800/800 812/812 811/811
f 811/811 797/797 800/800
f 799/799 800/800 797/797
f 797/797 798/798 799/799
f 825/825 826/826 827/827
f 834/834 825/825 835/835
f 825/825 827/827 835/835
f 826/826 832/832 831/831
f 831/831 833/833 826/826
f 826/826 833/833 5088/5088
f 826/826 5088/5088 827/827
f 831/831 832/832 828/828
f 828/828 830/830 831/831
f 828/828 829/829 830/830
f 835/835 836/836 834/834
f 834/834 836/836 1962/1962
f 1962/1962 1963/1963 834/834
f 1962/1962 2852/2852 2851/2851
f 2851/2851 1963/1963 1962/1962
f 2851/2851 2852/2852 2853/2853
f 2853/2853 2842/2842 2851/2851
f 2842/2842 2853/2853 2843/2843
f 2842/2842 2843/2843 2844/2844
f 2843/2843 5091/5091 2844/2844
f 2844/2844 2850/2850 2848/2848
f 2848/2848 2849/2849 2844/2844
f 5091/5091 2850/2850 2844/2844
f 2848/2848 2846/2846 2845/2845
f 2845/2845 2849/2849 2848/2848
f 2845/2845 2846/2846 2847/2847
f 837/837 838/838 839/839
f 839/839 840/840 837/837
f 837/837 840/840 844/844
f 884/884 839/839 838/838
f 840/840 839/839 841/841
f 841/841 842/842 840/840
f 843/843 844/844 840/840
f 840/840 845/845 843/843
f 845/845 840/840 842/842
f 849/849 848/848 844/844
f 844/844 843/843 849/849
f 848/848 849/849 846/846
f 846/846 847/847 848/848
f 847/847 846/846 853/853
f 853/853 852/852 847/847
f 852/852 853/853 850/850
f 850/850 851/851 852/852
f 850/850 2867/2867 2868/2868
f 2868/2868 851/851 850/850
f 2867/2867 2863/2863 2866/2866
f 2866/2866 2868/2868 2867/2867
f 2863/2863 2864/2864 2865/2865
f 2865/2865 2866/2866 2863/2863
f 2864/2864 2860/2860 2862/2862
f 2862/2862 2865/2865 2864/2864
f 2860/2860 2861/2861 2857/2857
f 2857/2857 2862/2862 2860/2860
f 2856/2856 2862/2862 2857/2857
f 2856/2856 2857/2857 2854/2854
f 2858/2858 2854/2854 2857/2857
f 2857/2857 2859/2859 2858/2858
f 2859/2859 2857/2857 2861/2861
f 2861/2861 2869/2869 2859/2859
f 2854/2854 2855/2855 2856/2856
f 2895/2895 2855/2855 2854/2854
f 842/842 854/854 845/845
f 856/856 857/857 858/858
f 858/858 859/859 856/856
f 858/858 857/857 864/864
f 860/860 861/861 862/862
f 862/862 863/863 860/860
f 860/860 2875/2875 2876/2876
f 2876/2876 861/861 860/860
f 970/970 863/863 862/862
f 862/862 865/865 970/970
f 867/867 970/970 865/865
f 865/865 866/866 867/867
f 866/866 865/865 868/868
f 868/868 869/869 866/866
f 869/869 868/868 926/926
f 926/926 927/927 869/869
f 2977/2977 2878/2878 2876/2876
f 2876/2876 2875/2875 2977/2977
f 2879/2879 2878/2878 2977/2977
f 2878/2878 2879/2879 2880/2880
f 2882/2882 2878/2878 2880/2880
f 2880/2880 2881/2881 2882/2882
f 2933/2933 2882/2882 2881/2881
f 2881/2881 2934/2934 2933/2933
f 870/870 871/871 872/872
f 872/872 873/873 870/870
f 882/882 870/870 873/873
f 872/872 871/871 881/881
f 873/873 883/883 882/882
f 875/875 882/882 883/883
f 875/875 883/883 876/876
f 874/874 875/875 876/876
f 878/878 875/875 874/874
f 874/874 879/879 878/878
f 877/877 878/878 879/879
f 879/879 880/880 877/877
f 2890/2890 2891/2891 877/877
f 877/877 880/880 2890/2890
f 2891/2891 2890/2890 2887/2887
f 2887/2887 2889/2889 2891/2891
f 2887/2887 2888/2888 2889/2889
f 2894/2894 2893/2893 2889/2889
f 2888/2888 2894/2894 2889/2889
f 2893/2893 2894/2894 2884/2884
f 2884/2884 2883/2883 2893/2893
f 2883/2883 2884/2884 2885/2885
f 2885/2885 2886/2886 2883/2883
f 2885/2885 2892/2892 2886/2886
f 885/885 886/886 887/887
f 887/887 888/888 885/885
f 886/886 885/885 911/911
f 911/911 912/912 886/886
f 888/888 887/887 910/910
f 910/910 909/909 888/888
f 909/909 910/910 899/899
f 899/899 902/902 909/909
f 899/899 900/900 901/901
f 901/901 902/902 899/899
f 901/901 900/900 903/903
f 903/903 904/904 901/901
f 904/904 903/903 905/905
f 905/905 908/908 904/904
f 905/905 906/906 907/907
f 907/907 908/908 905/905
f 907/907 906/906 2914/2914
f 2914/2914 2915/2915 907/907
f 2912/2912 2915/2915 2914/2914
f 2914/2914 2913/2913 2912/2912
f 2908/2908 2912/2912 2913/2913
f 2913/2913 2909/2909 2908/2908
f 2908/2908 2909/2909 2910/2910
f 2910/2910 2911/2911 2908/2908
f 2916/2916 2911/2911 2910/2910
f 2910/2910 2917/2917 2916/2916
f 2897/2897 2916/2916 2917/2917
f 2917/2917 2898/2898 2897/2897
f 2896/2896 2897/2897 2898/2898
f 2898/2898 2899/2899 2896/2896
f 2918/2918 2896/2896 2899/2899
f 2899/2899 2919/2919 2918/2918
f 889/889 890/890 891/891
f 891/891 892/892 889/889
f 890/890 889/889 896/896
f 896/896 895/895 890/890
f 895/895 896/896 893/893
f 893/893 894/894 895/895
f 893/893 2904/2904 2905/2905
f 2905/2905 894/894 893/893
f 2904/2904 2900/2900 2903/2903
f 2903/2903 2905/2905 2904/2904
f 2900/2900 2901/2901 2902/2902
f 2902/2902 2903/2903 2900/2900
f 2901/2901 2906/2906 2907/2907
f 2907/2907 2902/2902 2901/2901
f 892/892 891/891 897/897
f 897/897 898/898 892/892
f 928/928 929/929 930/930
f 930/930 931/931 928/928
f 931/931 930/930 952/952
f 952/952 953/953 931/931
f 952/952 933/933 932/932
f 932/932 953/953 952/952
f 932/932 933/933 934/934
f 934/934 935/935 932/932
f 935/935 934/934 958/958
f 958/958 959/959 935/935
f 959/959 958/958 954/954
f 954/954 957/957 959/959
f 954/954 955/955 956/956
f 956/956 957/957 954/954
f 936/936 937/937 938/938
f 938/938 939/939 936/936
f 939/939 938/938 948/948
f 948/948 949/949 939/939
f 949/949 948/948 950/950
f 950/950 951/951 949/949
f 950/950 945/945 944/944
f 944/944 951/951 950/950
f 944/944 945/945 946/946
f 946/946 947/947 944/944
f 946/946 941/941 940/940
f 940/940 947/947 946/946
f 940/940 941/941 942/942
f 942/942 943/943 940/940
f 973/973 974/974 975/975
f 975/975 976/976 973/973
f 976/976 975/975 981/981
f 981/981 982/982 976/976
f 977/977 978/978 979/979
f 979/979 980/980 977/977
f 980/980 979/979 983/983
f 983/983 984/984 980/980
f 985/985 986/986 987/987
f 987/987 988/988 985/985
f 985/985 1001/1001 1002/1002
f 1002/1002 986/986 985/985
f 988/988 987/987 989/989
f 989/989 990/990 988/988
f 990/990 989/989 995/995
f 995/995 996/996 990/990
f 996/996 995/995 992/992
f 992/992 991/991 996/996
f 991/991 992/992 993/993
f 993/993 994/994 991/991
f 994/994 993/993 1000/1000
f 1000/1000 997/997 994/994
f 997/997 1000/1000 998/998
f 997/997 998/998 999/999
f 2994/2994 2993/2993 1002/1002
f 1002/1002 1001/1001 2994/2994
f 2992/2992 2993/2993 2994/2994
f 2994/2994 2995/2995 2992/2992
f 2996/2996 2992/2992 2995/2995
f 2995/2995 2997/2997 2996/2996
f 3002/3002 2996/2996 2997/2997
f 2997/2997 3003/3003 3002/3002
f 2999/2999 3002/3002 3003/3003
f 3003/3003 3000/3000 2999/2999
f 2998/2998 2999/2999 3000/3000
f 3000/3000 3001/3001 2998/2998
f 3007/3007 2998/2998 3001/3001
f 3001/3001 3004/3004 3007/3007
f 3004/3004 3006/3006 3007/3007
f 3004/3004 3005/3005 3006/3006
f 1003/1003 1004/1004 1005/1005
f 1005/1005 1006/1006 1003/1003
f 1003/1003 1006/1006 1018/1018
f 1018/1018 1019/1019 1003/1003
f 1004/1004 1007/1007 1008/1008
f 1008/1008 1005/1005 1004/1004
f 1005/1005 1091/1091 1092/1092
f 1092/1092 1006/1006 1005/1005
f 1091/1091 1005/1005 1008/1008
f 1006/1006 1092/1092 1099/1099
f 1099/1099 1018/1018 1006/1006
f 3009/3009 1018/1018 1099/1099
f 1099/1099 3090/3090 3009/3009
f 3008/3008 3009/3009 3010/3010
f 1018/1018 3009/3009 3008/3008
f 3010/3010 3009/3009 3090/3090
f 3090/3090 3091/3091 3010/3010
f 3010/3010 3011/3011 3008/3008
f 3011/3011 3010/3010 3012/3012
f 3012/3012 3010/3010 3091/3091
f 3008/3008 1019/1019 1018/1018
f 3091/3091 3092/3092 3012/3012
f 3012/3012 3013/3013 3011/3011
f 3013/3013 3012/3012 3019/3019
f 3019/3019 3012/3012 3096/3096
f 3012/3012 3092/3092 3096/3096
f 3019/3019 3020/3020 3013/3013
f 3018/3018 3019/3019 3015/3015
f 3020/3020 3019/3019 3018/3018
f 3015/3015 3019/3019 3095/3095
f 3096/3096 3095/3095 3019/3019
f 3015/3015 3014/3014 3018/3018
f 3014/3014 3015/3015 3016/3016
f 3016/3016 3015/3015 3093/3093
f 3095/3095 3093/3093 3015/3015
f 3016/3016 3017/3017 3014/3014
f 3017/3017 3016/3016 3021/3021
f 3093/3093 3094/3094 3016/3016
f 3021/3021 3016/3016 3094/3094
f 3021/3021 3022/3022 3017/3017
f 3094/3094 3097/3097 3021/3021
f 1014/1014 1008/1008 1007/1007
f 1008/1008 1093/1093 1091/1091
f 1097/1097 1008/1008 1014/1014
f 1008/1008 1097/1097 1093/1093
f 1007/1007 1015/1015 1014/1014
f 1015/1015 1013/1013 1014/1014
f 1013/1013 1009/1009 1012/1012
f 1012/1012 1014/1014 1013/1013
f 1009/1009 1010/1010 1011/1011
f 1011/1011 1012/1012 1009/1009
f 1095/1095 1012/1012 1011/1011
f 1012/1012 1095/1095 1096/1096
f 1096/1096 1014/1014 1012/1012
f 1017/1017 1011/1011 1010/1010
f 1011/1011 1094/1094 1095/1095
f 1094/1094 1011/1011 1017/1017
f 1010/1010 1016/1016 1017/1017
f 1017/1017 1098/1098 1094/1094
f 1014/1014 1096/1096 1097/1097
f 1020/1020 1021/1021 1022/1022
f 1022/1022 1023/1023 1020/1020
f 1101/1101 1020/1020 1023/1023
f 1021/1021 1024/1024 1025/1025
f 1025/1025 1022/1022 1021/1021
f 1025/1025 1024/1024 3024/3024
f 3024/3024 3023/3023 1025/1025
f 3023/3023 3024/3024 3025/3025
f 3025/3025 3026/3026 3023/3023
f 3026/3026 3025/3025 3098/3098
f 3098/3098 3099/3099 3026/3026
f 3100/3100 3099/3099 3098/3098
f 3098/3098 3101/3101 3100/3100
f 3106/3106 3100/3100 3101/3101
f 3101/3101 3107/3107 3106/3106
f 3103/3103 3106/3106 3107/3107
f 3107/3107 3104/3104 3103/3103
f 3102/3102 3103/3103 3104/3104
f 3104/3104 3105/3105 3102/3102
f 3108/3108 3102/3102 3105/3105
f 1023/1023 1100/1100 1101/1101
f 1101/1101 1100/1100 1102/1102
f 1102/1102 1103/1103 1101/1101
f 1103/1103 1102/1102 1109/1109
f 1109/1109 1108/1108 1103/1103
f 1108/1108 1109/1109 1107/1107
f 1107/1107 1106/1106 1108/1108
f 1106/1106 1107/1107 1104/1104
f 1104/1104 1105/1105 1106/1106
f 1110/1110 1105/1105 1104/1104
f 1026/1026 1027/1027 1028/1028
f 1028/1028 1027/1027 1029/1029
f 1029/1029 1030/1030 1028/1028
f 1089/1089 1030/1030 1029/1029
f 1029/1029 1090/1090 1089/1089
f 1038/1038 1039/1039 1040/1040
f 1040/1040 1039/1039 1159/1159
f 1159/1159 1160/1160 1040/1040
f 1043/1043 1044/1044 1045/1045
f 1045/1045 1046/1046 1043/1043
f 1044/1044 1043/1043 1083/1083
f 1083/1083 1084/1084 1044/1044
f 1046/1046 1045/1045 1072/1072
f 1072/1072 1071/1071 1046/1046
f 1071/1071 1072/1072 1054/1054
f 1054/1054 1053/1053 1071/1071
f 1053/1053 1054/1054 1055/1055
f 1055/1055 1056/1056 1053/1053
f 1056/1056 1055/1055 1081/1081
f 1081/1081 1082/1082 1056/1056
f 1047/1047 1048/1048 1049/1049
f 1049/1049 1050/1050 1047/1047
f 1050/1050 1049/1049 1051/1051
f 1051/1051 1052/1052 1050/1050
f 1057/1057 1058/1058 1059/1059
f 1059/1059 1060/1060 1057/1057
f 1058/1058 1057/1057 1065/1065
f 1065/1065 1066/1066 1058/1058
f 3058/3058 1060/1060 1059/1059
f 1059/1059 3059/3059 3058/3058
f 3064/3064 3058/3058 3059/3059
f 3059/3059 3065/3065 3064/3064
f 1061/1061 1062/1062 1063/1063
f 1063/1063 1064/1064 1061/1061
f 1067/1067 1068/1068 1069/1069
f 1069/1069 1070/1070 1067/1067
f 1073/1073 1074/1074 1075/1075
f 1075/1075 1076/1076 1073/1073
f 1074/1074 1073/1073 1086/1086
f 1086/1086 1085/1085 1074/1074
f 1085/1085 1086/1086 1080/1080
f 1080/1080 1079/1079 1085/1085
f 1079/1079 1080/1080 1077/1077
f 1077/1077 1078/1078 1079/1079
f 1088/1088 1076/1076 1075/1075
f 1075/1075 1087/1087 1088/1088
f 1111/1111 1112/1112 1113/1113
f 1113/1113 1114/1114 1111/1111
f 1115/1115 1111/1111 1114/1114
f 1112/1112 1117/1117 1120/1120
f 1120/1120 1113/1113 1112/1112
f 1117/1117 1118/1118 1119/1119
f 1119/1119 1120/1120 1117/1117
f 1118/1118 1121/1121 1124/1124
f 1124/1124 1119/1119 1118/1118
f 1121/1121 1122/1122 1123/1123
f 1123/1123 1124/1124 1121/1121
f 1122/1122 1143/1143 1144/1144
f 1144/1144 1123/1123 1122/1122
f 1114/1114 1116/1116 1115/1115
f 1125/1125 1115/1115 1116/1116
f 1116/1116 1126/1126 1125/1125
f 1127/1127 1128/1128 1129/1129
f 1129/1129 1130/1130 1127/1127
f 1128/1128 1137/1137 1138/1138
f 1138/1138 1129/1129 1128/1128
f 1137/1137 1135/1135 1136/1136
f 1136/1136 1138/1138 1137/1137
f 1135/1135 1131/1131 1134/1134
f 1134/1134 1136/1136 1135/1135
f 1131/1131 1132/1132 1133/1133
f 1133/1133 1134/1134 1131/1131
f 1132/1132 1145/1145 1146/1146
f 1146/1146 1133/1133 1132/1132
f 1145/1145 1139/1139 1142/1142
f 1142/1142 1146/1146 1145/1145
f 1139/1139 1140/1140 1141/1141
f 1141/1141 1142/1142 1139/1139
f 1147/1147 1148/1148 1149/1149
f 1149/1149 1150/1150 1147/1147
f 1151/1151 1147/1147 1150/1150
f 1150/1150 1152/1152 1151/1151
f 1153/1153 1154/1154 1155/1155
f 1155/1155 1156/1156 1153/1153
f 1157/1157 1153/1153 1156/1156
f 1156/1156 1158/1158 1157/1157
f 1161/1161 1162/1162 1163/1163
f 1163/1163 1164/1164 1161/1161
f 1165/1165 1166/1166 1167/1167
f 1167/1167 1168/1168 1165/1165
f 1169/1169 1170/1170 1171/1171
f 1171/1171 1172/1172 1169/1169
f 1169/1169 1172/1172 1183/1183
f 1169/1169 1183/1183 1205/1205
f 1205/1205 1206/1206 1169/1169
f 1171/1171 1170/1170 1182/1182
f 1182/1182 1170/1170 1199/1199
f 1199/1199 1200/1200 1182/1182
f 1173/1173 1174/1174 1175/1175
f 1175/1175 1176/1176 1173/1173
f 1173/1173 1176/1176 1177/1177
f 1173/1173 1177/1177 1193/1193
f 1193/1193 1194/1194 1173/1173
f 1175/1175 1174/1174 1188/1188
f 1188/1188 1174/1174 1211/1211
f 1211/1211 1212/1212 1188/1188
f 1178/1178 1179/1179 1180/1180
f 1180/1180 1181/1181 1178/1178
f 1184/1184 1185/1185 1186/1186
f 1186/1186 1187/1187 1184/1184
f 1189/1189 1190/1190 1191/1191
f 1191/1191 1192/1192 1189/1189
f 1195/1195 1196/1196 1197/1197
f 1197/1197 1198/1198 1195/1195
f 1201/1201 1202/1202 1203/1203
f 1203/1203 1204/1204 1201/1201
f 1207/1207 1208/1208 1209/1209
f 1209/1209 1210/1210 1207/1207
f 1213/1213 1214/1214 1215/1215
f 1215/1215 1216/1216 1213/1213
f 1217/1217 1218/1218 1219/1219
f 1219/1219 1220/1220 1217/1217
f 1221/1221 1222/1222 1223/1223
f 1223/1223 1224/1224 1221/1221
f 1221/1221 1224/1224 1235/1235
f 1221/1221 1235/1235 1257/1257
f 1257/1257 1258/1258 1221/1221
f 1223/1223 1222/1222 1234/1234
f 1234/1234 1222/1222 1251/1251
f 1251/1251 1252/1252 1234/1234
f 1225/1225 1226/1226 1227/1227
f 1227/1227 1228/1228 1225/1225
f 1225/1225 1228/1228 1229/1229
f 1225/1225 1229/1229 1245/1245
f 1245/1245 1246/1246 1225/1225
f 1227/1227 1226/1226 1240/1240
f 1240/1240 1226/1226 1263/1263
f 1263/1263 1264/1264 1240/1240
f 1230/1230 1231/1231 1232/1232
f 1232/1232 1233/1233 1230/1230
f 1236/1236 1237/1237 1238/1238
f 1238/1238 1239/1239 1236/1236
f 1241/1241 1242/1242 1243/1243
f 1243/1243 1244/1244 1241/1241
f 1247/1247 1248/1248 1249/1249
f 1249/1249 1250/1250 1247/1247
f 1253/1253 1254/1254 1255/1255
f 1255/1255 1256/1256 1253/1253
f 1259/1259 1260/1260 1261/1261
f 1261/1261 1262/1262 1259/1259
f 1265/1265 1266/1266 1267/1267
f 1267/1267 1268/1268 1265/1265
f 1269/1269 1265/1265 1268/1268
f 1266/1266 1270/1270 1267/1267
f 1272/1272 1267/1267 1270/1270
f 1270/1270 1271/1271 1272/1272
f 1278/1278 1269/1269 1268/1268
f 1268/1268 1279/1279 1278/1278
f 1280/1280 1278/1278 1279/1279
f 1279/1279 1281/1281 1280/1280
f 1306/1306 1280/1280 1281/1281
f 1273/1273 1274/1274 1275/1275
f 1275/1275 1276/1276 1273/1273
f 1277/1277 1273/1273 1276/1276
f 1274/1274 1299/1299 1275/1275
f 1304/1304 1275/1275 1299/1299
f 1299/1299 1305/1305 1304/1304
f 1303/1303 1304/1304 1301/1301
f 1305/1305 1301/1301 1304/1304
f 1301/1301 1302/1302 1303/1303
f 1282/1282 1283/1283 1284/1284
f 1284/1284 1285/1285 1282/1282
f 1308/1308 1282/1282 1285/1285
f 1283/1283 1291/1291 1284/1284
f 1293/1293 1284/1284 1291/1291
f 1291/1291 1292/1292 1293/1293
f 1310/1310 1308/1308 1285/1285
f 1285/1285 1311/1311 1310/1310
f 1309/1309 1310/1310 1311/1311
f 1311/1311 1312/1312 1309/1309
f 1286/1286 1287/1287 1288/1288
f 1288/1288 1289/1289 1286/1286
f 1290/1290 1286/1286 1289/1289
f 1287/1287 1300/1300 1288/1288
f 1297/1297 1288/1288 1300/1300
f 1300/1300 1298/1298 1297/1297
f 1296/1296 1297/1297 1294/1294
f 1298/1298 1294/1294 1297/1297
f 1294/1294 1295/1295 1296/1296
f 1295/1295 1307/1307 1296/1296
f 1313/1313 1314/1314 1315/1315
f 1316/1316 1317/1317 1318/1318
f 1318/1318 1319/1319 1316/1316
f 1323/1323 1316/1316 1319/1319
f 1318/1318 1317/1317 3314/3314
f 3314/3314 3315/3315 1318/1318
f 3319/3319 3315/3315 3314/3314
f 3338/3338 3381/3381 3315/3315
f 3315/3315 3382/3382 3338/3338
f 1318/1318 3315/3315 3381/3381
f 3337/3337 3333/3333 3338/3338
f 3338/3338 3339/3339 3337/3337
f 3339/3339 3338/3338 3340/3340
f 3333/3333 3381/3381 3338/3338
f 3334/3334 3333/3333 3337/3337
f 3331/3331 3332/3332 3333/3333
f 3333/3333 3334/3334 3331/3331
f 3381/3381 3333/3333 3332/3332
f 3332/3332 3331/3331 3330/3330
f 3330/3330 3329/3329 3332/3332
f 3332/3332 3380/3380 3381/3381
f 3329/3329 3380/3380 3332/3332
f 3329/3329 3330/3330 3327/3327
f 3327/3327 3328/3328 3329/3329
f 3380/3380 3329/3329 3328/3328
f 3328/3328 3379/3379 3380/3380
f 3383/3383 3380/3380 3379/3379
f 3380/3380 3383/3383 1391/1391
f 1391/1391 3381/3381 3380/3380
f 3379/3379 1390/1390 3383/3383
f 1389/1389 1390/1390 1386/1386
f 1349/1349 1386/1386 1390/1390
f 1390/1390 1350/1350 1349/1349
f 3343/3343 1350/1350 1390/1390
f 1390/1390 3379/3379 3343/3343
f 1386/1386 1385/1385 1389/1389
f 1391/1391 1389/1389 1385/1385
f 1334/1334 1333/1333 1385/1385
f 1385/1385 1386/1386 1334/1334
f 1387/1387 1385/1385 1338/1338
f 1333/1333 1338/1338 1385/1385
f 1385/1385 1387/1387 1391/1391
f 1331/1331 1332/1332 1333/1333
f 1333/1333 1334/1334 1331/1331
f 1338/1338 1333/1333 1332/1332
f 1337/1337 1338/1338 1335/1335
f 1332/1332 1335/1335 1338/1338
f 1338/1338 1337/1337 1387/1387
f 1335/1335 1336/1336 1337/1337
f 1336/1336 1341/1341 1337/1337
f 1343/1343 1337/1337 1341/1341
f 1337/1337 1343/1343 1387/1387
f 1341/1341 1342/1342 1343/1343
f 1342/1342 1344/1344 1343/1343
f 1343/1343 1388/1388 1319/1319
f 1319/1319 1387/1387 1343/1343
f 1387/1387 1319/1319 1318/1318
f 1318/1318 1391/1391 1387/1387
f 3381/3381 1391/1391 1318/1318
f 1340/1340 1331/1331 1334/1334
f 1339/1339 1340/1340 1334/1334
f 1345/1345 1339/1339 1334/1334
f 1334/1334 1346/1346 1345/1345
f 1346/1346 1334/1334 1386/1386
f 1353/1353 1346/1346 1386/1386
f 1386/1386 1349/1349 1353/1353
f 1351/1351 1352/1352 1353/1353
f 1353/1353 1349/1349 1351/1351
f 1353/1353 1352/1352 1364/1364
f 1364/1364 1365/1365 1353/1353
f 1365/1365 1366/1366 1353/1353
f 1347/1347 1348/1348 1349/1349
f 1349/1349 1350/1350 1347/1347
f 1348/1348 1360/1360 1349/1349
f 1347/1347 1350/1350 3343/3343
f 3343/3343 3344/3344 1347/1347
f 3345/3345 3343/3343 3346/3346
f 3344/3344 3343/3343 3354/3354
f 3346/3346 3343/3343 3379/3379
f 3346/3346 3347/3347 3345/3345
f 3346/3346 3358/3358 3359/3359
f 3359/3359 3347/3347 3346/3346
f 3358/3358 3346/3346 3360/3360
f 3379/3379 3342/3342 3346/3346
f 3342/3342 3379/3379 3328/3328
f 3341/3341 3342/3342 3328/3328
f 3335/3335 3328/3328 3336/3336
f 3336/3336 3328/3328 3327/3327
f 3328/3328 3335/3335 3341/3341
f 3361/3361 3362/3362 3347/3347
f 3347/3347 3359/3359 3361/3361
f 1368/1368 1364/1364 1352/1352
f 1352/1352 1367/1367 1368/1368
f 1320/1320 1321/1321 1322/1322
f 1320/1320 1322/1322 1326/1326
f 1321/1321 1324/1324 1325/1325
f 1325/1325 1322/1322 1321/1321
f 1322/1322 1330/1330 1326/1326
f 1327/1327 1328/1328 1329/1329
f 1354/1354 1355/1355 1356/1356
f 1357/1357 1358/1358 1359/1359
f 1361/1361 1362/1362 1363/1363
f 1369/1369 1370/1370 1371/1371
f 1371/1371 1372/1372 1369/1369
f 1373/1373 1370/1370 1369/1369
f 1369/1369 1374/1374 1373/1373
f 1373/1373 1374/1374 1375/1375
f 1375/1375 1376/1376 1373/1373
f 1377/1377 1378/1378 1379/1379
f 1379/1379 1380/1380 1377/1377
f 1379/1379 1378/1378 1381/1381
f 1381/1381 1382/1382 1379/1379
f 1381/1381 1383/1383 1384/1384
f 1384/1384 1382/1382 1381/1381
f 1392/1392 1393/1393 1394/1394
f 1394/1394 1395/1395 1392/1392
f 1398/1398 1392/1392 1396/1396
f 1393/1393 1392/1392 1398/1398
f 1396/1396 1392/1392 1395/1395
f 1398/1398 1399/1399 1393/1393
f 1396/1396 1397/1397 1398/1398
f 3388/3388 1397/1397 1396/1396
f 1395/1395 1400/1400 1396/1396
f 1396/1396 3386/3386 3388/3388
f 3387/3387 3386/3386 1396/1396
f 1396/1396 1400/1400 3387/3387
f 3388/3388 3386/3386 3385/3385
f 3385/3385 3389/3389 3388/3388
f 3384/3384 3385/3385 3386/3386
f 3386/3386 3387/3387 3384/3384
f 1401/1401 1402/1402 1403/1403
f 1403/1403 1404/1404 1401/1401
f 1403/1403 1402/1402 1405/1405
f 1405/1405 1406/1406 1403/1403
f 3392/3392 1406/1406 1405/1405
f 1405/1405 3393/3393 3392/3392
f 3390/3390 3391/3391 3392/3392
f 3392/3392 3393/3393 3390/3390
f 1407/1407 1408/1408 1409/1409
f 1409/1409 1410/1410 1407/1407
f 1408/1408 1407/1407 1415/1415
f 1415/1415 1416/1416 1408/1408
f 1411/1411 1412/1412 1413/1413
f 1413/1413 1414/1414 1411/1411
f 1411/1411 3398/3398 3399/3399
f 3399/3399 1412/1412 1411/1411
f 1414/1414 1413/1413 1417/1417
f 1417/1417 1418/1418 1414/1414
f 3403/3403 3399/3399 3398/3398
f 3398/3398 3402/3402 3403/3403
f 1419/1419 1420/1420 1421/1421
f 1421/1421 1422/1422 1419/1419
f 1420/1420 1419/1419 1964/1964
f 1964/1964 1965/1965 1420/1420
f 1964/1964 3404/3404 3407/3407
f 3407/3407 1965/1965 1964/1964
f 3404/3404 3405/3405 3406/3406
f 3406/3406 3407/3407 3404/3404
f 3405/3405 3408/3408 3409/3409
f 3409/3409 3406/3406 3405/3405
f 1422/1422 1421/1421 1423/1423
f 1423/1423 1424/1424 1422/1422
f 1425/1425 1426/1426 1427/1427
f 1427/1427 1428/1428 1425/1425
f 1428/1428 1427/1427 1429/1429
f 1429/1429 1427/1427 1457/1457
f 1457/1457 1458/1458 1429/1429
f 1430/1430 1431/1431 1432/1432
f 1432/1432 1433/1433 1430/1430
f 1431/1431 1430/1430 1436/1436
f 1436/1436 1437/1437 1431/1431
f 1435/1435 1433/1433 1432/1432
f 1432/1432 1434/1434 1435/1435
f 1435/1435 1434/1434 3417/3417
f 3417/3417 3416/3416 1435/1435
f 3415/3415 3416/3416 3417/3417
f 3417/3417 3418/3418 3415/3415
f 3419/3419 3415/3415 3418/3418
f 3418/3418 3420/3420 3419/3419
f 1438/1438 1439/1439 1440/1440
f 1440/1440 1441/1441 1438/1438
f 1442/1442 1443/1443 1444/1444
f 1444/1444 1445/1445 1442/1442
f 1450/1450 1442/1442 1445/1445
f 1445/1445 1451/1451 1450/1450
f 1446/1446 1447/1447 1448/1448
f 1448/1448 1449/1449 1446/1446
f 1452/1452 1453/1453 1454/1454
f 1454/1454 1455/1455 1452/1452
f 1454/1454 1453/1453 1456/1456
f 1459/1459 1460/1460 1461/1461
f 1461/1461 1462/1462 1459/1459
f 1475/1475 1476/1476 1459/1459
f 1459/1459 1462/1462 1475/1475
f 1461/1461 1460/1460 3442/3442
f 3442/3442 3443/3443 1461/1461
f 3454/3454 3443/3443 3442/3442
f 3442/3442 3455/3455 3454/3454
f 3462/3462 3454/3454 3455/3455
f 3455/3455 3463/3463 3462/3462
f 1476/1476 1475/1475 1483/1483
f 1483/1483 1484/1484 1476/1476
f 1463/1463 1464/1464 1465/1465
f 1465/1465 1466/1466 1463/1463
f 1477/1477 1478/1478 1463/1463
f 1463/1463 1466/1466 1477/1477
f 1465/1465 1464/1464 3444/3444
f 3444/3444 3445/3445 1465/1465
f 3456/3456 3445/3445 3444/3444
f 3444/3444 3457/3457 3456/3456
f 3464/3464 3456/3456 3457/3457
f 3457/3457 3465/3465 3464/3464
f 1478/1478 1477/1477 1485/1485
f 1485/1485 1486/1486 1478/1478
f 1467/1467 1468/1468 1469/1469
f 1469/1469 1470/1470 1467/1467
f 1468/1468 1467/1467 1966/1966
f 1966/1966 1967/1967 1468/1468
f 1966/1966 3446/3446 3449/3449
f 3449/3449 1967/1967 1966/1966
f 3446/3446 3447/3447 3448/3448
f 3448/3448 3449/3449 3446/3446
f 3447/3447 3458/3458 3459/3459
f 3459/3459 3448/3448 3447/3447
f 1470/1470 1469/1469 1479/1479
f 1479/1479 1480/1480 1470/1470
f 1471/1471 1472/1472 1473/1473
f 1473/1473 1474/1474 1471/1471
f 1472/1472 1471/1471 1968/1968
f 1968/1968 1969/1969 1472/1472
f 1968/1968 3450/3450 3453/3453
f 3453/3453 1969/1969 1968/1968
f 3450/3450 3451/3451 3452/3452
f 3452/3452 3453/3453 3450/3450
f 3451/3451 3460/3460 3461/3461
f 3461/3461 3452/3452 3451/3451
f 1474/1474 1473/1473 1481/1481
f 1481/1481 1482/1482 1474/1474
f 1487/1487 1488/1488 1489/1489
f 1489/1489 1490/1490 1487/1487
f 1491/1491 1492/1492 1493/1493
f 1493/1493 1494/1494 1491/1491
f 1495/1495 1496/1496 1497/1497
f 1497/1497 1498/1498 1495/1495
f 1499/1499 1500/1500 1501/1501
f 1501/1501 1502/1502 1499/1499
f 1503/1503 1504/1504 1505/1505
f 1505/1505 1506/1506 1503/1503
f 1507/1507 1508/1508 1509/1509
f 1509/1509 1510/1510 1507/1507
f 1511/1511 1512/1512 1513/1513
f 1513/1513 1514/1514 1511/1511
f 1515/1515 1516/1516 1517/1517
f 1517/1517 1518/1518 1515/1515
f 1519/1519 1520/1520 1521/1521
f 1521/1521 1522/1522 1519/1519
f 1523/1523 1524/1524 1525/1525
f 1525/1525 1526/1526 1523/1523
f 1527/1527 1528/1528 1529/1529
f 1529/1529 1530/1530 1527/1527
f 1531/1531 1532/1532 1533/1533
f 1533/1533 1534/1534 1531/1531
f 1535/1535 1536/1536 1537/1537
f 1537/1537 1538/1538 1535/1535
f 1539/1539 1540/1540 1541/1541
f 1541/1541 1542/1542 1539/1539
f 1543/1543 1544/1544 1545/1545
f 1545/1545 1546/1546 1543/1543
f 1547/1547 1548/1548 1549/1549
f 1549/1549 1550/1550 1547/1547
f 1551/1551 1552/1552 1553/1553
f 1553/1553 1554/1554 1551/1551
f 1555/1555 1556/1556 1557/1557
f 1557/1557 1558/1558 1555/1555
f 1559/1559 1560/1560 1561/1561
f 1561/1561 1562/1562 1559/1559
f 1563/1563 1564/1564 1565/1565
f 1565/1565 1566/1566 1563/1563
f 1567/1567 1568/1568 1569/1569
f 1569/1569 1570/1570 1567/1567
f 1571/1571 1572/1572 1573/1573
f 1573/1573 1574/1574 1571/1571
f 1572/1572 1571/1571 1579/1579
f 1579/1579 1578/1578 1572/1572
f 1586/1586 1572/1572 1578/1578
f 1572/1572 1586/1586 1987/1987
f 1987/1987 1573/1573 1572/1572
f 3550/3550 1574/1574 1573/1573
f 1573/1573 3551/3551 3550/3550
f 3551/3551 1573/1573 1987/1987
f 1986/1986 1987/1987 1586/1586
f 3562/3562 1987/1987 1986/1986
f 1987/1987 3562/3562 3551/3551
f 1585/1585 1586/1586 1577/1577
f 1578/1578 1577/1577 1586/1586
f 1586/1586 1585/1585 1986/1986
f 1986/1986 3563/3563 3562/3562
f 3553/3553 3562/3562 3563/3563
f 3562/3562 3553/3553 3557/3557
f 3557/3557 3551/3551 3562/3562
f 3556/3556 3550/3550 3551/3551
f 3551/3551 3557/3557 3556/3556
f 3555/3555 3556/3556 3557/3557
f 3557/3557 3558/3558 3555/3555
f 3552/3552 3558/3558 3557/3557
f 3557/3557 3553/3553 3552/3552
f 3552/3552 3553/3553 3554/3554
f 3554/3554 3553/3553 3561/3561
f 3561/3561 3553/3553 3559/3559
f 3563/3563 3559/3559 3553/3553
f 3559/3559 3560/3560 3561/3561
f 1577/1577 1584/1584 1585/1585
f 1582/1582 1583/1583 1584/1584
f 1584/1584 1577/1577 1582/1582
f 1576/1576 1582/1582 1577/1577
f 1575/1575 1576/1576 1577/1577
f 1575/1575 1577/1577 1578/1578
f 1578/1578 1581/1581 1575/1575
f 1578/1578 1579/1579 1580/1580
f 1580/1580 1581/1581 1578/1578
f 1587/1587 1588/1588 1589/1589
f 1589/1589 1590/1590 1587/1587
f 1609/1609 1587/1587 1590/1590
f 1588/1588 1591/1591 1592/1592
f 1592/1592 1589/1589 1588/1588
f 1592/1592 1591/1591 3567/3567
f 3567/3567 3566/3566 1592/1592
f 3566/3566 3567/3567 3564/3564
f 3564/3564 3565/3565 3566/3566
f 3565/3565 3564/3564 3583/3583
f 3583/3583 3582/3582 3565/3565
f 3582/3582 3583/3583 3581/3581
f 3581/3581 3580/3580 3582/3582
f 3580/3580 3581/3581 3579/3579
f 3579/3579 3578/3578 3580/3580
f 3578/3578 3579/3579 3577/3577
f 3577/3577 3576/3576 3578/3578
f 3576/3576 3577/3577 3575/3575
f 3575/3575 3574/3574 3576/3576
f 3574/3574 3575/3575 3573/3573
f 3573/3573 3572/3572 3574/3574
f 3572/3572 3573/3573 3571/3571
f 3571/3571 3570/3570 3572/3572
f 3570/3570 3571/3571 3569/3569
f 3569/3569 3568/3568 3570/3570
f 3568/3568 3569/3569 1593/1593
f 1593/1593 1596/1596 3568/3568
f 1593/1593 1594/1594 1595/1595
f 1595/1595 1596/1596 1593/1593
f 1594/1594 1597/1597 1598/1598
f 1598/1598 1595/1595 1594/1594
f 1597/1597 1599/1599 1600/1600
f 1600/1600 1598/1598 1597/1597
f 1599/1599 1601/1601 1602/1602
f 1602/1602 1600/1600 1599/1599
f 1601/1601 1603/1603 1604/1604
f 1604/1604 1602/1602 1601/1601
f 1603/1603 1605/1605 1606/1606
f 1606/1606 1604/1604 1603/1603
f 1605/1605 1607/1607 1608/1608
f 1608/1608 1606/1606 1605/1605
f 1607/1607 1609/1609 1610/1610
f 1610/1610 1608/1608 1607/1607
f 1590/1590 1610/1610 1609/1609
f 1611/1611 1612/1612 1613/1613
f 1613/1613 1614/1614 1611/1611
f 1633/1633 1611/1611 1614/1614
f 1612/1612 1615/1615 1616/1616
f 1616/1616 1613/1613 1612/1612
f 1616/1616 1615/1615 3587/3587
f 3587/3587 3586/3586 1616/1616
f 3586/3586 3587/3587 3584/3584
f 3584/3584 3585/3585 3586/3586
f 3585/3585 3584/3584 3603/3603
f 3603/3603 3602/3602 3585/3585
f 3602/3602 3603/3603 3601/3601
f 3601/3601 3600/3600 3602/3602
f 3600/3600 3601/3601 3599/3599
f 3599/3599 3598/3598 3600/3600
f 3598/3598 3599/3599 3597/3597
f 3597/3597 3596/3596 3598/3598
f 3596/3596 3597/3597 3595/3595
f 3595/3595 3594/3594 3596/3596
f 3594/3594 3595/3595 3593/3593
f 3593/3593 3592/3592 3594/3594
f 3592/3592 3593/3593 3591/3591
f 3591/3591 3590/3590 3592/3592
f 3590/3590 3591/3591 3589/3589
f 3589/3589 3588/3588 3590/3590
f 3588/3588 3589/3589 1617/1617
f 1617/1617 1620/1620 3588/3588
f 1617/1617 1618/1618 1619/1619
f 1619/1619 1620/1620 1617/1617
f 1618/1618 1621/1621 1622/1622
f 1622/1622 1619/1619 1618/1618
f 1621/1621 1623/1623 1624/1624
f 1624/1624 1622/1622 1621/1621
f 1623/1623 1625/1625 1626/1626
f 1626/1626 1624/1624 1623/1623
f 1625/1625 1627/1627 1628/1628
f 1628/1628 1626/1626 1625/1625
f 1627/1627 1629/1629 1630/1630
f 1630/1630 1628/1628 1627/1627
f 1629/1629 1631/1631 1632/1632
f 1632/1632 1630/1630 1629/1629
f 1631/1631 1633/1633 1634/1634
f 1634/1634 1632/1632 1631/1631
f 1614/1614 1634/1634 1633/1633
f 1635/1635 1636/1636 1637/1637
f 1637/1637 1638/1638 1635/1635
f 1656/1656 1635/1635 1638/1638
f 1636/1636 1639/1639 1637/1637
f 1636/1636 3609/3609 3608/3608
f 1636/1636 3608/3608 1639/1639
f 3607/3607 3606/3606 1639/1639
f 3607/3607 1639/1639 3608/3608
f 3607/3607 3608/3608 3609/3609
f 3606/3606 3607/3607 3604/3604
f 3604/3604 3605/3605 3606/3606
f 3605/3605 3604/3604 3627/3627
f 3627/3627 3626/3626 3605/3605
f 3626/3626 3627/3627 3625/3625
f 3625/3625 3624/3624 3626/3626
f 3624/3624 3625/3625 3623/3623
f 3623/3623 3622/3622 3624/3624
f 3622/3622 3623/3623 3621/3621
f 3621/3621 3620/3620 3622/3622
f 3620/3620 3621/3621 3619/3619
f 3619/3619 3618/3618 3620/3620
f 3618/3618 3619/3619 3616/3616
f 3616/3616 3617/3617 3618/3618
f 1638/1638 1657/1657 1656/1656
f 1654/1654 1656/1656 1657/1657
f 1657/1657 1655/1655 1654/1654
f 1652/1652 1654/1654 1655/1655
f 1655/1655 1653/1653 1652/1652
f 1650/1650 1652/1652 1653/1653
f 1653/1653 1651/1651 1650/1650
f 1647/1647 1650/1650 1651/1651
f 1651/1651 1648/1648 1647/1647
f 1646/1646 1647/1647 1648/1648
f 1648/1648 1649/1649 1646/1646
f 1640/1640 1641/1641 1642/1642
f 1642/1642 1643/1643 1640/1640
f 1988/1988 1640/1640 1643/1643
f 1641/1641 1644/1644 1645/1645
f 1645/1645 1642/1642 1641/1641
f 1643/1643 1989/1989 1988/1988
f 1988/1988 1989/1989 3611/3611
f 3611/3611 3610/3610 1988/1988
f 3610/3610 3611/3611 3612/3612
f 3612/3612 3613/3613 3610/3610
f 3613/3613 3612/3612 3614/3614
f 3614/3614 3615/3615 3613/3613
f 1658/1658 1659/1659 1660/1660
f 1660/1660 1661/1661 1658/1658
f 1662/1662 1663/1663 1664/1664
f 1664/1664 1665/1665 1662/1662
f 1666/1666 1667/1667 1668/1668
f 1668/1668 1669/1669 1666/1666
f 1670/1670 1671/1671 1672/1672
f 1672/1672 1673/1673 1670/1670
f 1674/1674 1675/1675 1676/1676
f 1676/1676 1677/1677 1674/1674
f 1678/1678 1679/1679 1680/1680
f 1680/1680 1681/1681 1678/1678
f 1682/1682 1683/1683 1684/1684
f 1684/1684 1685/1685 1682/1682
f 1686/1686 1687/1687 1688/1688
f 1688/1688 1689/1689 1686/1686
f 1690/1690 1691/1691 1692/1692
f 1692/1692 1693/1693 1690/1690
f 1694/1694 1695/1695 1696/1696
f 1696/1696 1697/1697 1694/1694
f 1698/1698 1699/1699 1700/1700
f 1700/1700 1701/1701 1698/1698
f 1702/1702 1703/1703 1704/1704
f 1704/1704 1705/1705 1702/1702
f 1706/1706 1707/1707 1708/1708
f 1708/1708 1709/1709 1706/1706
f 1710/1710 1711/1711 1712/1712
f 1712/1712 1713/1713 1710/1710
f 1714/1714 1715/1715 1716/1716
f 1716/1716 1717/1717 1714/1714
f 1718/1718 1719/1719 1720/1720
f 1720/1720 1721/1721 1718/1718
f 1722/1722 1723/1723 1724/1724
f 1724/1724 1725/1725 1722/1722
f 1726/1726 1727/1727 1728/1728
f 1728/1728 1729/1729 1726/1726
f 1730/1730 1731/1731 1732/1732
f 1732/1732 1733/1733 1730/1730
f 1734/1734 1735/1735 1736/1736
f 1736/1736 1737/1737 1734/1734
f 1738/1738 1739/1739 1740/1740
f 1740/1740 1741/1741 1738/1738
f 1742/1742 1743/1743 1744/1744
f 1788/1788 1742/1742 1744/1744
f 1742/1742 1786/1786 1787/1787
f 1787/1787 1743/1743 1742/1742
f 1755/1755 1743/1743 1787/1787
f 1785/1785 1744/1744 1743/1743
f 1743/1743 1755/1755 1785/1785
f 1744/1744 1789/1789 1788/1788
f 1744/1744 1785/1785 1750/1750
f 1750/1750 1789/1789 1744/1744
f 1788/1788 1789/1789 1750/1750
f 1749/1749 1788/1788 1750/1750
f 1749/1749 1750/1750 1751/1751
f 1751/1751 1750/1750 1785/1785
f 1785/1785 1784/1784 1751/1751
f 1784/1784 1785/1785 1755/1755
f 1751/1751 1784/1784 1761/1761
f 1760/1760 1749/1749 1751/1751
f 1751/1751 1761/1761 1760/1760
f 1761/1761 1784/1784 1764/1764
f 1755/1755 1754/1754 1784/1784
f 1754/1754 1764/1764 1784/1784
f 1760/1760 1761/1761 1762/1762
f 1764/1764 1762/1762 1761/1761
f 1762/1762 1763/1763 1760/1760
f 1762/1762 1764/1764 1765/1765
f 1764/1764 1766/1766 1765/1765
f 1764/1764 1754/1754 1753/1753
f 1753/1753 1766/1766 1764/1764
f 1752/1752 1753/1753 1754/1754
f 1754/1754 1755/1755 1752/1752
f 1790/1790 1791/1791 1753/1753
f 1753/1753 1752/1752 1790/1790
f 1766/1766 1753/1753 1791/1791
f 1787/1787 1752/1752 1755/1755
f 1748/1748 1790/1790 1752/1752
f 1752/1752 1787/1787 1748/1748
f 1791/1791 1790/1790 1748/1748
f 1791/1791 1747/1747 1766/1766
f 1748/1748 1747/1747 1791/1791
f 1747/1747 1748/1748 1745/1745
f 1786/1786 1745/1745 1748/1748
f 1748/1748 1787/1787 1786/1786
f 1745/1745 1746/1746 1747/1747
f 1766/1766 1747/1747 1746/1746
f 1746/1746 1767/1767 1766/1766
f 1766/1766 1767/1767 1759/1759
f 1759/1759 1767/1767 1756/1756
f 1759/1759 1765/1765 1766/1766
f 1758/1758 1759/1759 1756/1756
f 1756/1756 1757/1757 1758/1758
f 1792/1792 1757/1757 1756/1756
f 1768/1768 1769/1769 1770/1770
f 1770/1770 1771/1771 1768/1768
f 1772/1772 1773/1773 1774/1774
f 1774/1774 1775/1775 1772/1772
f 1776/1776 1777/1777 1778/1778
f 1778/1778 1779/1779 1776/1776
f 1780/1780 1781/1781 1782/1782
f 1782/1782 1783/1783 1780/1780
f 1793/1793 1794/1794 1795/1795
f 1795/1795 1796/1796 1793/1793
f 1794/1794 1793/1793 1828/1828
f 1828/1828 1829/1829 1794/1794
f 1829/1829 1830/1830 1794/1794
f 1797/1797 1798/1798 1799/1799
f 1799/1799 1800/1800 1797/1797
f 1811/1811 1797/1797 1800/1800
f 1798/1798 1801/1801 1802/1802
f 1802/1802 1799/1799 1798/1798
f 1801/1801 1803/1803 1804/1804
f 1804/1804 1802/1802 1801/1801
f 1803/1803 1805/1805 1806/1806
f 1806/1806 1804/1804 1803/1803
f 1805/1805 1807/1807 1808/1808
f 1808/1808 1806/1806 1805/1805
f 1807/1807 1809/1809 1810/1810
f 1810/1810 1808/1808 1807/1807
f 1809/1809 1811/1811 1812/1812
f 1812/1812 1810/1810 1809/1809
f 1800/1800 1812/1812 1811/1811
f 1813/1813 1814/1814 1815/1815
f 1815/1815 1816/1816 1813/1813
f 1826/1826 1813/1813 1816/1816
f 1814/1814 1817/1817 1818/1818
f 1818/1818 1815/1815 1814/1814
f 1817/1817 1819/1819 1820/1820
f 1820/1820 1818/1818 1817/1817
f 1819/1819 1821/1821 1820/1820
f 1823/1823 1820/1820 1821/1821
f 1821/1821 1822/1822 1823/1823
f 1825/1825 1823/1823 1822/1822
f 1822/1822 1824/1824 1825/1825
f 1827/1827 1825/1825 1824/1824
f 1824/1824 1826/1826 1827/1827
f 1816/1816 1827/1827 1826/1826
f 1831/1831 1832/1832 1833/1833
f 1833/1833 1834/1834 1831/1831
f 1832/1832 1831/1831 1844/1844
f 1835/1835 1836/1836 1837/1837
f 1839/1839 1835/1835 1837/1837
f 1837/1837 1836/1836 1840/1840
f 1837/1837 1838/1838 1839/1839
f 1840/1840 1843/1843 1837/1837
f 1840/1840 1841/1841 1842/1842
f 1842/1842 1843/1843 1840/1840
f 1845/1845 1846/1846 1847/1847
f 1847/1847 1848/1848 1845/1845
f 1848/1848 1847/1847 1914/1914
f 1914/1914 1913/1913 1848/1848
f 1913/1913 1914/1914 1915/1915
f 1915/1915 1916/1916 1913/1913
f 1916/1916 1915/1915 1918/1918
f 1918/1918 1917/1917 1916/1916
f 1917/1917 1918/1918 1850/1850
f 1850/1850 1849/1849 1917/1917
f 1849/1849 1850/1850 1851/1851
f 1851/1851 1852/1852 1849/1849
f 1853/1853 1854/1854 1855/1855
f 1855/1855 1856/1856 1853/1853
f 1854/1854 1853/1853 1877/1877
f 1877/1877 1853/1853 1876/1876
f 1867/1867 1854/1854 1869/1869
f 1877/1877 1869/1869 1854/1854
f 1876/1876 1875/1875 1877/1877
f 1874/1874 1875/1875 1876/1876
f 1876/1876 1864/1864 1874/1874
f 1866/1866 1874/1874 1864/1864
f 1863/1863 1864/1864 1860/1860
f 1864/1864 1863/1863 1865/1865
f 1864/1864 1865/1865 1866/1866
f 1866/1866 1865/1865 1867/1867
f 1867/1867 1868/1868 1866/1866
f 1869/1869 1868/1868 1867/1867
f 1860/1860 1859/1859 1863/1863
f 1859/1859 1860/1860 1857/1857
f 1857/1857 1858/1858 1859/1859
f 1857/1857 3827/3827 3828/3828
f 3828/3828 1858/1858 1857/1857
f 3827/3827 3831/3831 3832/3832
f 3832/3832 3828/3828 3827/3827
f 3831/3831 3833/3833 3832/3832
f 3842/3842 3831/3831 3843/3843
f 3834/3834 3833/3833 3831/3831
f 3831/3831 3842/3842 3834/3834
f 3836/3836 3833/3833 3834/3834
f 3834/3834 3835/3835 3836/3836
f 3837/3837 3826/3826 3836/3836
f 3836/3836 3835/3835 3837/3837
f 3826/3826 3837/3837 3845/3845
f 3825/3825 3826/3826 3823/3823
f 3845/3845 3823/3823 3826/3826
f 3845/3845 3844/3844 3843/3843
f 3843/3843 3823/3823 3845/3845
f 3843/3843 3844/3844 3842/3842
f 3823/3823 3824/3824 3825/3825
f 3830/3830 3825/3825 3824/3824
f 3824/3824 3829/3829 3830/3830
f 1856/1856 1855/1855 1861/1861
f 1861/1861 1862/1862 1856/1856
f 1870/1870 1871/1871 1872/1872
f 1872/1872 1873/1873 1870/1870
f 1878/1878 1879/1879 1880/1880
f 1880/1880 1881/1881 1878/1878
f 1895/1895 1878/1878 1881/1881
f 1882/1882 1883/1883 1884/1884
f 1884/1884 1885/1885 1882/1882
f 1886/1886 1887/1887 1888/1888
f 1888/1888 1889/1889 1886/1886
f 1887/1887 1890/1890 1888/1888
f 1891/1891 1892/1892 1893/1893
f 1893/1893 1894/1894 1891/1891
f 1896/1896 1897/1897 1898/1898
f 1898/1898 1899/1899 1896/1896
f 1901/1901 1896/1896 1899/1899
f 1897/1897 1906/1906 1905/1905
f 1905/1905 1898/1898 1897/1897
f 1904/1904 1905/1905 1906/1906
f 1906/1906 1907/1907 1904/1904
f 1904/1904 1907/1907 1957/1957
f 1957/1957 1958/1958 1904/1904
f 1899/1899 1902/1902 1901/1901
f 1900/1900 1901/1901 1902/1902
f 1902/1902 1903/1903 1900/1900
f 1909/1909 1900/1900 1903/1903
f 1903/1903 1908/1908 1909/1909
f 1912/1912 1909/1909 1910/1910
f 1908/1908 1910/1910 1909/1909
f 1910/1910 1911/1911 1912/1912
f 1912/1912 1911/1911 1955/1955
f 1955/1955 1956/1956 1912/1912
f 1919/1919 1920/1920 1921/1921
f 1926/1926 1920/1920 1919/1919
f 1919/1919 1927/1927 1926/1926
f 1923/1923 1926/1926 1927/1927
f 1927/1927 1924/1924 1923/1923
f 1922/1922 1923/1923 1924/1924
f 1924/1924 1925/1925 1922/1922
f 1928/1928 1922/1922 1925/1925
f 1925/1925 1929/1929 1928/1928
f 1930/1930 1931/1931 1932/1932
f 1933/1933 1934/1934 1935/1935
f 1935/1935 1936/1936 1933/1933
f 1935/1935 1937/1937 1938/1938
f 1938/1938 1936/1936 1935/1935
f 1938/1938 1937/1937 1939/1939
f 1937/1937 5089/5089 1939/1939
f 1939/1939 1940/1940 1941/1941
f 1941/1941 1942/1942 1939/1939
f 5089/5089 1940/1940 1939/1939
f 3907/3907 1942/1942 1941/1941
f 1941/1941 3908/3908 3907/3907
f 3905/3905 3907/3907 3906/3906
f 3907/3907 3908/3908 5092/5092
f 3907/3907 5092/5092 3906/3906
f 3905/3905 3906/3906 3901/3901
f 3901/3901 3904/3904 3905/3905
f 3901/3901 3902/3902 3903/3903
f 3903/3903 3904/3904 3901/3901
f 1943/1943 1944/1944 1945/1945
f 1945/1945 1946/1946 1943/1943
f 1947/1947 1948/1948 1949/1949
f 1949/1949 1950/1950 1947/1947
f 1951/1951 1952/1952 1953/1953
f 1953/1953 1954/1954 1951/1951
f 1959/1959 1960/1960 1961/1961
f 1970/1970 1971/1971 1972/1972
f 1972/1972 1973/1973 1970/1970
f 1974/1974 1975/1975 1976/1976
f 1976/1976 1977/1977 1974/1974
f 1978/1978 1979/1979 1980/1980
f 1980/1980 1981/1981 1978/1978
f 1982/1982 1983/1983 1984/1984
f 1984/1984 1985/1985 1982/1982
f 1990/1990 1991/1991 1992/1992
f 1992/1992 1993/1993 1990/1990
f 1992/1992 3944/3944 3945/3945
f 3945/3945 1993/1993 1992/1992
f 1994/1994 1995/1995 1996/1996
f 1996/1996 1997/1997 1994/1994
f 1996/1996 3946/3946 3947/3947
f 3947/3947 1997/1997 1996/1996
f 1998/1998 1999/1999 2000/2000
f 2000/2000 2001/2001 1998/1998
f 2000/2000 3948/3948 3949/3949
f 3949/3949 2001/2001 2000/2000
f 2002/2002 2003/2003 2004/2004
f 2004/2004 2005/2005 2002/2002
f 2004/2004 3950/3950 3951/3951
f 3951/3951 2005/2005 2004/2004
f 2006/2006 2007/2007 2008/2008
f 2008/2008 2009/2009 2006/2006
f 2008/2008 3952/3952 3953/3953
f 3953/3953 2009/2009 2008/2008
f 2010/2010 2011/2011 2012/2012
f 2012/2012 2013/2013 2010/2010
f 2012/2012 3954/3954 3955/3955
f 3955/3955 2013/2013 2012/2012
f 2014/2014 2015/2015 2016/2016
f 2016/2016 2017/2017 2014/2014
f 2016/2016 3956/3956 3957/3957
f 3957/3957 2017/2017 2016/2016
f 2018/2018 2019/2019 2020/2020
f 2020/2020 2021/2021 2018/2018
f 2020/2020 3958/3958 3959/3959
f 3959/3959 2021/2021 2020/2020
f 2022/2022 2023/2023 2024/2024
f 2024/2024 2025/2025 2022/2022
f 2026/2026 2027/2027 2028/2028
f 2028/2028 2029/2029 2026/2026
f 2030/2030 2031/2031 2032/2032
f 2032/2032 2033/2033 2030/2030
f 2034/2034 2035/2035 2036/2036
f 2036/2036 2037/2037 2034/2034
f 2038/2038 2039/2039 2040/2040
f 2040/2040 2041/2041 2038/2038
f 2042/2042 2043/2043 2044/2044
f 2044/2044 2045/2045 2042/2042
f 2046/2046 2047/2047 2048/2048
f 2048/2048 2049/2049 2046/2046
f 2050/2050 2051/2051 2052/2052
f 2052/2052 2053/2053 2050/2050
f 2081/2081 2082/2082 2083/2083
f 2083/2083 2084/2084 2081/2081
f 2082/2082 2264/2264 2195/2195
f 2195/2195 2083/2083 2082/2082
f 3038/3038 2083/2083 2195/2195
f 2083/2083 3038/3038 2326/2326
f 2326/2326 2084/2084 2083/2083
f 2193/2193 2195/2195 2196/2196
f 2196/2196 2195/2195 2261/2261
f 2195/2195 2264/2264 2261/2261
f 3038/3038 2195/2195 2193/2193
f 2327/2327 3038/3038 2154/2154
f 2193/2193 2154/2154 3038/3038
f 2327/2327 2326/2326 3038/3038
f 2325/2325 2326/2326 2327/2327
f 2327/2327 2152/2152 2325/2325
f 2152/2152 2327/2327 2154/2154
f 2152/2152 2154/2154 2150/2150
f 2150/2150 2154/2154 2193/2193
f 2152/2152 2142/2142 2141/2141
f 2141/2141 2153/2153 2152/2152
f 2150/2150 2142/2142 2152/2152
f 2325/2325 2152/2152 2153/2153
f 2153/2153 2329/2329 2325/2325
f 2155/2155 2153/2153 2141/2141
f 2329/2329 2153/2153 2155/2155
f 2141/2141 2142/2142 2143/2143
f 2143/2143 2144/2144 2141/2141
f 2141/2141 2144/2144 2155/2155
f 2142/2142 2150/2150 2151/2151
f 2151/2151 2143/2143 2142/2142
f 2192/2192 2151/2151 2150/2150
f 2191/2191 2192/2192 2189/2189
f 2150/2150 2189/2189 2192/2192
f 2189/2189 2190/2190 2191/2191
f 2210/2210 2191/2191 2190/2190
f 2190/2190 2189/2189 2193/2193
f 2193/2193 2189/2189 2150/2150
f 2193/2193 2194/2194 2190/2190
f 2190/2190 2206/2206 2210/2210
f 2207/2207 2206/2206 2190/2190
f 2190/2190 2194/2194 2207/2207
f 2185/2185 2210/2210 2206/2206
f 2183/2183 2206/2206 2207/2207
f 2206/2206 2183/2183 2185/2185
f 2207/2207 2208/2208 2183/2183
f 2209/2209 2208/2208 2207/2207
f 2207/2207 2194/2194 2196/2196
f 2196/2196 2209/2209 2207/2207
f 2196/2196 2194/2194 2193/2193
f 2298/2298 2196/2196 2260/2260
f 2261/2261 2260/2260 2196/2196
f 2298/2298 2209/2209 2196/2196
f 2259/2259 2260/2260 2258/2258
f 2258/2258 2260/2260 2261/2261
f 2260/2260 2259/2259 2298/2298
f 2261/2261 2262/2262 2258/2258
f 2262/2262 2261/2261 2264/2264
f 2254/2254 2258/2258 2257/2257
f 2258/2258 2254/2254 2259/2259
f 2257/2257 2258/2258 2262/2262
f 2252/2252 2298/2298 2259/2259
f 2252/2252 2259/2259 2254/2254
f 2254/2254 2255/2255 2256/2256
f 2256/2256 2253/2253 2254/2254
f 2257/2257 2255/2255 2254/2254
f 2254/2254 2253/2253 2252/2252
f 2262/2262 2263/2263 2257/2257
f 2250/2250 2263/2263 2262/2262
f 2246/2246 2249/2249 2250/2250
f 2250/2250 2247/2247 2246/2246
f 2262/2262 2247/2247 2250/2250
f 2246/2246 2247/2247 2248/2248
f 2248/2248 2088/2088 2246/2246
f 2306/2306 2249/2249 2246/2246
f 2306/2306 2246/2246 2088/2088
f 2248/2248 2247/2247 2264/2264
f 2264/2264 2247/2247 2262/2262
f 2088/2088 2248/2248 2324/2324
f 2087/2087 2088/2088 2085/2085
f 2088/2088 2087/2087 2306/2306
f 2324/2324 2085/2085 2088/2088
f 2085/2085 2086/2086 2087/2087
f 2251/2251 2252/2252 2253/2253
f 2252/2252 5090/5090 2300/2300
f 2252/2252 2300/2300 2298/2298
f 2270/2270 2271/2271 2251/2251
f 2251/2251 2253/2253 2270/2270
f 2270/2270 2253/2253 2256/2256
f 2256/2256 2272/2272 2270/2270
f 2270/2270 2220/2220 2219/2219
f 2219/2219 2271/2271 2270/2270
f 2270/2270 2272/2272 2265/2265
f 2265/2265 2220/2220 2270/2270
f 2219/2219 2220/2220 2217/2217
f 2217/2217 2220/2220 2265/2265
f 2217/2217 2218/2218 2219/2219
f 2265/2265 2266/2266 2217/2217
f 2299/2299 2209/2209 2298/2298
f 2298/2298 2300/2300 2299/2299
f 2209/2209 2299/2299 2579/2579
f 2579/2579 2299/2299 2611/2611
f 2441/2441 2208/2208 2209/2209
f 2209/2209 2442/2442 2441/2441
f 2579/2579 2442/2442 2209/2209
f 2184/2184 2208/2208 2441/2441
f 2441/2441 2586/2586 2184/2184
f 2208/2208 2184/2184 2183/2183
f 2183/2183 2184/2184 2139/2139
f 2139/2139 2184/2184 2586/2586
f 2586/2586 2585/2585 2139/2139
f 2128/2128 2138/2138 2139/2139
f 2139/2139 2138/2138 2183/2183
f 2128/2128 2139/2139 2585/2585
f 2183/2183 2138/2138 2140/2140
f 2140/2140 2185/2185 2183/2183
f 2140/2140 2138/2138 2128/2128
f 2128/2128 2131/2131 2140/2140
f 2130/2130 2131/2131 2128/2128
f 2128/2128 2129/2129 2130/2130
f 2137/2137 2130/2130 2129/2129
f 2129/2129 2136/2136 2137/2137
f 2583/2583 2129/2129 2128/2128
f 2129/2129 2583/2583 2584/2584
f 2584/2584 2136/2136 2129/2129
f 2198/2198 2197/2197 2137/2137
f 2137/2137 2136/2136 2198/2198
f 2612/2612 2136/2136 2584/2584
f 2182/2182 2197/2197 2198/2198
f 2198/2198 2181/2181 2182/2182
f 2122/2122 2182/2182 2181/2181
f 2181/2181 2123/2123 2122/2122
f 2122/2122 2123/2123 2119/2119
f 2119/2119 2121/2121 2122/2122
f 2119/2119 2120/2120 2116/2116
f 2116/2116 2121/2121 2119/2119
f 2121/2121 2116/2116 2115/2115
f 2115/2115 2116/2116 2117/2117
f 2180/2180 2117/2117 2116/2116
f 2116/2116 2120/2120 2180/2180
f 2117/2117 2118/2118 2115/2115
f 2118/2118 2117/2117 2177/2177
f 2179/2179 2177/2177 2117/2117
f 2117/2117 2180/2180 2179/2179
f 2177/2177 2178/2178 2118/2118
f 2128/2128 2582/2582 2583/2583
f 2585/2585 2582/2582 2128/2128
f 2155/2155 2328/2328 2329/2329
f 2089/2089 2090/2090 2091/2091
f 2091/2091 2092/2092 2089/2089
f 2093/2093 2090/2090 2089/2089
f 2089/2089 2094/2094 2093/2093
f 2443/2443 2089/2089 2092/2092
f 2444/2444 2094/2094 2089/2089
f 2089/2089 2443/2443 2444/2444
f 2092/2092 2091/2091 2277/2277
f 2277/2277 2274/2274 2092/2092
f 2273/2273 2092/2092 2274/2274
f 2274/2274 2275/2275 2273/2273
f 2276/2276 2092/2092 2273/2273
f 2092/2092 2276/2276 2443/2443
f 2099/2099 2100/2100 2101/2101
f 2101/2101 2102/2102 2099/2099
f 2100/2100 2099/2099 2600/2600
f 2594/2594 2100/2100 2592/2592
f 2100/2100 2594/2594 2595/2595
f 2595/2595 2101/2101 2100/2100
f 2600/2600 2592/2592 2100/2100
f 2101/2101 2103/2103 2104/2104
f 2104/2104 2102/2102 2101/2101
f 2103/2103 2101/2101 2595/2595
f 2595/2595 2596/2596 2103/2103
f 2592/2592 2593/2593 2594/2594
f 2105/2105 2106/2106 2107/2107
f 2106/2106 2105/2105 2113/2113
f 2107/2107 2106/2106 2831/2831
f 2831/2831 2832/2832 2107/2107
f 2833/2833 2922/2922 2831/2831
f 2831/2831 2106/2106 2833/2833
f 2106/2106 2111/2111 2833/2833
f 2923/2923 2922/2922 2833/2833
f 2833/2833 2440/2440 2923/2923
f 2833/2833 2111/2111 2440/2440
f 2111/2111 2106/2106 2112/2112
f 2164/2164 2111/2111 2112/2112
f 2440/2440 2111/2111 2164/2164
f 2113/2113 2112/2112 2106/2106
f 2112/2112 2113/2113 2162/2162
f 2162/2162 2163/2163 2112/2112
f 2112/2112 2163/2163 2164/2164
f 2171/2171 2164/2164 2163/2163
f 2301/2301 2164/2164 2171/2171
f 2301/2301 2440/2440 2164/2164
f 2163/2163 2172/2172 2171/2171
f 2163/2163 2162/2162 2176/2176
f 2176/2176 2172/2172 2163/2163
f 2171/2171 2172/2172 2173/2173
f 2175/2175 2173/2173 2172/2172
f 2172/2172 2176/2176 2175/2175
f 2173/2173 2174/2174 2171/2171
f 2174/2174 2173/2173 2201/2201
f 2202/2202 2201/2201 2173/2173
f 2173/2173 2175/2175 2202/2202
f 2201/2201 2205/2205 2174/2174
f 2174/2174 2169/2169 2167/2167
f 2167/2167 2171/2171 2174/2174
f 2169/2169 2174/2174 2205/2205
f 2199/2199 2200/2200 2201/2201
f 2201/2201 2202/2202 2199/2199
f 2205/2205 2201/2201 2200/2200
f 2200/2200 2320/2320 2205/2205
f 2203/2203 2204/2204 2205/2205
f 2205/2205 2320/2320 2203/2203
f 2205/2205 2204/2204 2169/2169
f 2307/2307 2169/2169 2204/2204
f 2204/2204 2308/2308 2307/2307
f 2170/2170 2169/2169 2307/2307
f 2169/2169 2170/2170 2168/2168
f 2227/2227 2228/2228 2170/2170
f 2170/2170 2229/2229 2227/2227
f 2170/2170 2228/2228 2234/2234
f 2234/2234 2168/2168 2170/2170
f 2170/2170 2278/2278 2229/2229
f 2167/2167 2168/2168 2165/2165
f 2168/2168 2167/2167 2169/2169
f 2165/2165 2168/2168 2234/2234
f 2165/2165 2166/2166 2167/2167
f 2166/2166 2171/2171 2167/2167
f 2234/2234 2235/2235 2165/2165
f 2238/2238 2241/2241 2165/2165
f 2165/2165 2235/2235 2238/2238
f 2241/2241 2166/2166 2165/2165
f 2301/2301 2166/2166 2241/2241
f 2171/2171 2166/2166 2301/2301
f 2240/2240 2241/2241 2238/2238
f 2241/2241 2240/2240 2301/2301
f 2282/2282 2301/2301 2240/2240
f 2301/2301 2282/2282 2440/2440
f 2238/2238 2239/2239 2240/2240
f 2267/2267 2269/2269 2240/2240
f 2240/2240 2239/2239 2267/2267
f 2240/2240 2269/2269 2282/2282
f 2243/2243 2239/2239 2238/2238
f 2267/2267 2239/2239 2243/2243
f 2243/2243 2268/2268 2267/2267
f 2267/2267 2280/2280 2269/2269
f 2268/2268 2280/2280 2267/2267
f 2282/2282 2269/2269 2280/2280
f 2280/2280 2281/2281 2282/2282
f 2282/2282 2281/2281 2870/2870
f 2282/2282 2870/2870 2920/2920
f 2440/2440 2282/2282 2920/2920
f 2920/2920 2921/2921 2440/2440
f 2921/2921 2923/2923 2440/2440
f 2238/2238 2242/2242 2243/2243
f 2238/2238 2235/2235 2237/2237
f 2237/2237 2242/2242 2238/2238
f 2237/2237 2235/2235 2234/2234
f 2234/2234 2236/2236 2237/2237
f 2234/2234 2228/2228 2231/2231
f 2231/2231 2236/2236 2234/2234
f 2231/2231 2228/2228 2227/2227
f 2227/2227 2230/2230 2231/2231
f 2227/2227 2232/2232 2233/2233
f 2233/2233 2230/2230 2227/2227
f 2227/2227 2229/2229 2223/2223
f 2223/2223 2232/2232 2227/2227
f 2244/2244 2232/2232 2223/2223
f 2233/2233 2232/2232 2244/2244
f 2244/2244 2245/2245 2233/2233
f 2223/2223 2222/2222 2244/2244
f 2221/2221 2222/2222 2223/2223
f 2223/2223 2224/2224 2221/2221
f 2224/2224 2223/2223 2229/2229
f 2229/2229 2278/2278 2224/2224
f 2221/2221 2224/2224 2225/2225
f 2224/2224 2278/2278 2279/2279
f 2279/2279 2225/2225 2224/2224
f 2225/2225 2226/2226 2221/2221
f 2287/2287 2288/2288 2289/2289
f 2289/2289 2290/2290 2287/2287
f 2321/2321 2287/2287 2290/2290
f 2574/2574 2750/2750 2287/2287
f 2287/2287 2321/2321 2574/2574
f 2288/2288 2287/2287 2750/2750
f 2757/2757 2289/2289 2288/2288
f 2288/2288 2756/2756 2757/2757
f 2750/2750 2751/2751 2288/2288
f 2288/2288 2751/2751 2756/2756
f 2769/2769 2751/2751 2750/2750
f 2750/2750 2770/2770 2769/2769
f 2770/2770 2750/2750 2574/2574
f 2773/2773 2751/2751 2769/2769
f 2773/2773 2756/2756 2751/2751
f 2758/2758 2756/2756 2773/2773
f 2720/2720 2723/2723 2773/2773
f 2773/2773 2774/2774 2720/2720
f 2773/2773 2723/2723 2758/2758
f 2769/2769 2774/2774 2773/2773
f 2758/2758 2723/2723 2722/2722
f 2722/2722 2723/2723 2720/2720
f 2720/2720 2721/2721 2722/2722
f 2722/2722 2721/2721 2715/2715
f 2715/2715 2714/2714 2722/2722
f 2714/2714 2715/2715 2716/2716
f 2716/2716 2609/2609 2714/2714
f 2775/2775 2609/2609 2716/2716
f 2716/2716 2776/2776 2775/2775
f 2608/2608 2609/2609 2610/2610
f 2775/2775 2610/2610 2609/2609
f 2762/2762 2775/2775 2776/2776
f 2761/2761 2610/2610 2775/2775
f 2775/2775 2762/2762 2761/2761
f 2776/2776 2772/2772 2762/2762
f 2761/2761 2762/2762 2574/2574
f 2762/2762 2772/2772 2771/2771
f 2771/2771 2574/2574 2762/2762
f 2574/2574 2573/2573 2761/2761
f 2321/2321 2573/2573 2574/2574
f 2574/2574 2771/2771 2770/2770
f 2572/2572 2573/2573 2321/2321
f 2290/2290 2322/2322 2321/2321
f 2321/2321 2322/2322 2572/2572
f 2572/2572 2322/2322 2601/2601
f 2291/2291 2292/2292 2293/2293
f 2293/2293 2294/2294 2291/2291
f 2293/2293 2292/2292 2575/2575
f 2575/2575 2578/2578 2293/2293
f 2752/2752 2293/2293 2578/2578
f 2753/2753 2294/2294 2293/2293
f 2293/2293 2752/2752 2753/2753
f 2781/2781 2294/2294 2753/2753
f 2768/2768 2753/2753 2752/2752
f 2779/2779 2753/2753 2768/2768
f 2753/2753 2779/2779 2781/2781
f 2578/2578 2597/2597 2752/2752
f 2767/2767 2752/2752 2597/2597
f 2752/2752 2767/2767 2768/2768
f 2577/2577 2578/2578 2575/2575
f 2578/2578 2577/2577 2597/2597
f 2597/2597 2577/2577 2763/2763
f 2763/2763 2764/2764 2597/2597
f 2766/2766 2597/2597 2764/2764
f 2597/2597 2766/2766 2767/2767
f 2575/2575 2576/2576 2577/2577
f 2576/2576 2575/2575 2571/2571
f 2571/2571 2570/2570 2576/2576
f 2570/2570 2571/2571 2568/2568
f 2568/2568 2569/2569 2570/2570
f 2569/2569 2568/2568 2580/2580
f 2580/2580 2581/2581 2569/2569
f 2581/2581 2580/2580 2588/2588
f 2588/2588 2587/2587 2581/2581
f 2587/2587 2588/2588 2566/2566
f 2566/2566 2565/2565 2587/2587
f 2564/2564 2565/2565 2566/2566
f 2566/2566 2567/2567 2564/2564
f 2564/2564 2567/2567 2606/2606
f 2764/2764 2765/2765 2766/2766
f 2765/2765 2764/2764 2783/2783
f 2764/2764 2763/2763 2785/2785
f 2785/2785 2783/2783 2764/2764
f 2783/2783 2784/2784 2765/2765
f 2783/2783 2603/2603 2717/2717
f 2717/2717 2784/2784 2783/2783
f 2783/2783 2785/2785 2604/2604
f 2604/2604 2603/2603 2783/2783
f 2602/2602 2603/2603 2604/2604
f 2717/2717 2603/2603 2718/2718
f 2718/2718 2719/2719 2717/2717
f 2719/2719 2718/2718 2724/2724
f 2724/2724 2727/2727 2719/2719
f 2724/2724 2725/2725 2726/2726
f 2726/2726 2727/2727 2724/2724
f 2754/2754 2725/2725 2724/2724
f 2724/2724 2755/2755 2754/2754
f 2725/2725 2779/2779 2780/2780
f 2780/2780 2726/2726 2725/2725
f 2779/2779 2725/2725 2754/2754
f 2754/2754 2781/2781 2779/2779
f 2768/2768 2780/2780 2779/2779
f 2295/2295 2296/2296 2297/2297
f 2309/2309 2310/2310 2311/2311
f 2311/2311 2312/2312 2309/2309
f 2310/2310 2313/2313 2314/2314
f 2314/2314 2311/2311 2310/2310
f 2315/2315 2316/2316 2317/2317
f 2315/2315 2317/2317 2318/2318
f 2318/2318 2319/2319 2315/2315
f 2319/2319 2318/2318 2504/2504
f 2504/2504 2505/2505 2319/2319
f 2334/2334 2335/2335 2336/2336
f 2336/2336 2337/2337 2334/2334
f 2334/2334 2337/2337 2834/2834
f 2834/2834 2835/2835 2334/2334
f 2335/2335 2342/2342 2343/2343
f 2343/2343 2336/2336 2335/2335
f 2342/2342 2392/2392 2393/2393
f 2393/2393 2343/2343 2342/2342
f 2392/2392 2394/2394 2397/2397
f 2397/2397 2393/2393 2392/2392
f 2394/2394 2395/2395 2396/2396
f 2396/2396 2397/2397 2394/2394
f 2395/2395 2425/2425 2424/2424
f 2424/2424 2396/2396 2395/2395
f 2424/2424 2425/2425 2422/2422
f 2422/2422 2423/2423 2424/2424
f 2554/2554 2423/2423 2422/2422
f 2422/2422 2555/2555 2554/2554
f 2556/2556 2554/2554 2555/2555
f 2555/2555 2557/2557 2556/2556
f 2338/2338 2339/2339 2340/2340
f 2340/2340 2341/2341 2338/2338
f 2344/2344 2338/2338 2341/2341
f 2340/2340 2339/2339 2836/2836
f 2836/2836 2837/2837 2340/2340
f 2341/2341 2345/2345 2344/2344
f 2390/2390 2344/2344 2345/2345
f 2345/2345 2391/2391 2390/2390
f 2399/2399 2390/2390 2391/2391
f 2391/2391 2400/2400 2399/2399
f 2398/2398 2399/2399 2400/2400
f 2400/2400 2401/2401 2398/2398
f 2434/2434 2398/2398 2401/2401
f 2401/2401 2435/2435 2434/2434
f 2346/2346 2347/2347 2348/2348
f 2348/2348 2349/2349 2346/2346
f 2351/2351 2346/2346 2349/2349
f 2347/2347 2402/2402 2403/2403
f 2403/2403 2348/2348 2347/2347
f 2349/2349 2350/2350 2351/2351
f 2353/2353 2351/2351 2350/2350
f 2350/2350 2352/2352 2353/2353
f 2404/2404 2353/2353 2352/2352
f 2352/2352 2405/2405 2404/2404
f 2421/2421 2404/2404 2405/2405
f 2405/2405 2420/2420 2421/2421
f 2371/2371 2421/2421 2420/2420
f 2420/2420 2370/2370 2371/2371
f 2363/2363 2371/2371 2370/2370
f 2370/2370 2360/2360 2363/2363
f 2362/2362 2363/2363 2360/2360
f 2360/2360 2361/2361 2362/2362
f 2372/2372 2362/2362 2361/2361
f 2361/2361 2373/2373 2372/2372
f 2408/2408 2372/2372 2373/2373
f 2373/2373 2409/2409 2408/2408
f 2427/2427 2408/2408 2409/2409
f 2409/2409 2426/2426 2427/2427
f 2417/2417 2427/2427 2426/2426
f 2426/2426 2414/2414 2417/2417
f 2416/2416 2417/2417 2414/2414
f 2414/2414 2415/2415 2416/2416
f 2385/2385 2416/2416 2415/2415
f 2415/2415 2384/2384 2385/2385
f 2377/2377 2385/2385 2384/2384
f 2384/2384 2374/2374 2377/2377
f 2376/2376 2377/2377 2374/2374
f 2374/2374 2375/2375 2376/2376
f 2387/2387 2376/2376 2375/2375
f 2375/2375 2386/2386 2387/2387
f 3036/3036 2387/2387 2386/2386
f 2386/2386 3037/3037 3036/3036
f 2354/2354 2355/2355 2356/2356
f 2356/2356 2357/2357 2354/2354
f 2407/2407 2354/2354 2357/2357
f 2356/2356 2355/2355 2358/2358
f 2358/2358 2359/2359 2356/2356
f 2357/2357 2406/2406 2407/2407
f 2418/2418 2407/2407 2406/2406
f 2406/2406 2419/2419 2418/2418
f 2368/2368 2418/2418 2419/2419
f 2419/2419 2369/2369 2368/2368
f 2365/2365 2368/2368 2369/2369
f 2369/2369 2366/2366 2365/2365
f 2364/2364 2365/2365 2366/2366
f 2366/2366 2367/2367 2364/2364
f 2378/2378 2379/2379 2380/2380
f 2380/2380 2381/2381 2378/2378
f 2388/2388 2378/2378 2381/2381
f 2379/2379 2382/2382 2383/2383
f 2383/2383 2380/2380 2379/2379
f 2383/2383 2382/2382 2410/2410
f 2410/2410 2413/2413 2383/2383
f 2410/2410 2411/2411 2412/2412
f 2412/2412 2413/2413 2410/2410
f 2412/2412 2411/2411 2428/2428
f 2428/2428 2429/2429 2412/2412
f 2381/2381 2389/2389 2388/2388
f 2388/2388 2389/2389 3034/3034
f 3034/3034 3035/3035 2388/2388
f 2430/2430 2431/2431 2432/2432
f 2432/2432 2433/2433 2430/2430
f 2445/2445 2446/2446 2447/2447
f 2447/2447 2448/2448 2445/2445
f 2536/2536 2445/2445 2448/2448
f 2447/2447 2446/2446 2449/2449
f 2449/2449 2450/2450 2447/2447
f 2459/2459 2450/2450 2449/2449
f 2449/2449 2460/2460 2459/2459
f 2528/2528 2459/2459 2460/2460
f 2460/2460 2529/2529 2528/2528
f 2528/2528 2529/2529 2516/2516
f 2516/2516 2519/2519 2528/2528
f 2516/2516 2517/2517 2518/2518
f 2518/2518 2519/2519 2516/2516
f 2448/2448 2537/2537 2536/2536
f 2536/2536 2537/2537 2538/2538
f 2538/2538 2539/2539 2536/2536
f 2451/2451 2452/2452 2453/2453
f 2453/2453 2454/2454 2451/2451
f 2451/2451 2455/2455 2458/2458
f 2458/2458 2452/2452 2451/2451
f 2453/2453 2463/2463 2462/2462
f 2462/2462 2454/2454 2453/2453
f 2461/2461 2462/2462 2463/2463
f 2463/2463 2464/2464 2461/2461
f 2466/2466 2461/2461 2464/2464
f 2464/2464 2465/2465 2466/2466
f 2468/2468 2466/2466 2465/2465
f 2465/2465 2467/2467 2468/2468
f 2709/2709 2468/2468 2467/2467
f 2467/2467 2708/2708 2709/2709
f 2457/2457 2458/2458 2455/2455
f 2455/2455 2456/2456 2457/2457
f 2551/2551 2457/2457 2456/2456
f 2456/2456 2552/2552 2551/2551
f 2550/2550 2551/2551 2552/2552
f 2552/2552 2553/2553 2550/2550
f 2469/2469 2470/2470 2471/2471
f 2471/2471 2472/2472 2469/2469
f 2496/2496 2469/2469 2472/2472
f 2506/2506 2471/2471 2470/2470
f 2470/2470 2507/2507 2506/2506
f 2472/2472 2497/2497 2496/2496
f 2473/2473 2474/2474 2475/2475
f 2475/2475 2476/2476 2473/2473
f 2481/2481 2473/2473 2476/2476
f 2476/2476 2482/2482 2481/2481
f 2483/2483 2481/2481 2482/2482
f 2482/2482 2484/2484 2483/2483
f 2477/2477 2478/2478 2479/2479
f 2479/2479 2480/2480 2477/2477
f 2478/2478 2491/2491 2492/2492
f 2492/2492 2479/2479 2478/2478
f 2485/2485 2486/2486 2487/2487
f 2487/2487 2488/2488 2485/2485
f 2489/2489 2485/2485 2488/2488
f 2488/2488 2490/2490 2489/2489
f 2544/2544 2489/2489 2490/2490
f 2490/2490 2545/2545 2544/2544
f 2546/2546 2547/2547 2544/2544
f 2544/2544 2545/2545 2546/2546
f 2493/2493 2494/2494 2495/2495
f 2502/2502 2493/2493 2495/2495
f 2494/2494 2759/2759 2760/2760
f 2760/2760 2495/2495 2494/2494
f 2495/2495 2503/2503 2502/2502
f 2498/2498 2499/2499 2500/2500
f 2500/2500 2501/2501 2498/2498
f 2508/2508 2509/2509 2510/2510
f 2510/2510 2511/2511 2508/2508
f 2548/2548 2508/2508 2511/2511
f 2511/2511 2549/2549 2548/2548
f 2548/2548 2549/2549 2706/2706
f 2706/2706 2707/2707 2548/2548
f 2512/2512 2513/2513 2514/2514
f 2514/2514 2515/2515 2512/2512
f 2512/2512 2598/2598 2599/2599
f 2599/2599 2513/2513 2512/2512
f 2782/2782 2599/2599 2598/2598
f 2589/2589 2599/2599 2782/2782
f 2782/2782 2590/2590 2589/2589
f 2589/2589 2590/2590 2591/2591
f 2520/2520 2521/2521 2522/2522
f 2522/2522 2523/2523 2520/2520
f 2521/2521 2524/2524 2527/2527
f 2527/2527 2522/2522 2521/2521
f 2524/2524 2525/2525 2526/2526
f 2526/2526 2527/2527 2524/2524
f 2530/2530 2531/2531 2532/2532
f 2532/2532 2533/2533 2530/2530
f 2534/2534 2531/2531 2530/2530
f 2530/2530 2535/2535 2534/2534
f 2540/2540 2541/2541 2542/2542
f 2542/2542 2543/2543 2540/2540
f 2705/2705 2540/2540 2543/2543
f 2543/2543 2704/2704 2705/2705
f 2558/2558 2559/2559 2560/2560
f 2560/2560 2561/2561 2558/2558
f 2558/2558 2561/2561 2607/2607
f 2560/2560 2559/2559 2562/2562
f 2562/2562 2563/2563 2560/2560
f 2605/2605 2563/2563 2562/2562
f 2613/2613 2614/2614 2615/2615
f 2615/2615 2616/2616 2613/2613
f 2623/2623 2624/2624 2613/2613
f 2613/2613 2616/2616 2623/2623
f 2615/2615 2614/2614 2777/2777
f 2777/2777 2778/2778 2615/2615
f 2617/2617 2618/2618 2619/2619
f 2619/2619 2620/2620 2617/2617
f 2620/2620 2619/2619 2621/2621
f 2621/2621 2622/2622 2620/2620
f 2625/2625 2626/2626 2627/2627
f 2627/2627 2628/2628 2625/2625
f 2628/2628 2627/2627 2629/2629
f 2629/2629 2630/2630 2628/2628
f 2630/2630 2629/2629 2631/2631
f 2631/2631 2632/2632 2630/2630
f 2632/2632 2631/2631 2633/2633
f 2633/2633 2634/2634 2632/2632
f 2634/2634 2633/2633 2635/2635
f 2634/2634 2635/2635 2840/2840
f 2840/2840 2841/2841 2634/2634
f 2636/2636 2637/2637 2638/2638
f 2636/2636 2638/2638 2639/2639
f 2636/2636 2838/2838 2839/2839
f 2839/2839 2637/2637 2636/2636
f 2639/2639 2638/2638 2787/2787
f 2787/2787 2786/2786 2639/2639
f 2786/2786 2787/2787 2788/2788
f 2640/2640 2641/2641 2642/2642
f 2642/2642 2643/2643 2640/2640
f 2643/2643 2642/2642 2644/2644
f 2644/2644 2645/2645 2643/2643
f 2645/2645 2644/2644 2646/2646
f 2646/2646 2647/2647 2645/2645
f 2647/2647 2646/2646 2648/2648
f 2648/2648 2649/2649 2647/2647
f 2649/2649 2648/2648 2650/2650
f 2650/2650 2651/2651 2649/2649
f 2651/2651 2650/2650 2652/2652
f 2652/2652 2653/2653 2651/2651
f 2653/2653 2652/2652 2654/2654
f 2654/2654 2655/2655 2653/2653
f 2656/2656 2657/2657 2658/2658
f 2658/2658 2659/2659 2656/2656
f 2660/2660 2661/2661 2656/2656
f 2656/2656 2659/2659 2660/2660
f 2657/2657 2662/2662 2663/2663
f 2663/2663 2658/2658 2657/2657
f 2662/2662 2668/2668 2669/2669
f 2669/2669 2663/2663 2662/2662
f 2664/2664 2669/2669 2668/2668
f 2668/2668 2665/2665 2664/2664
f 2664/2664 2665/2665 2666/2666
f 2666/2666 2667/2667 2664/2664
f 2666/2666 2670/2670 2671/2671
f 2671/2671 2667/2667 2666/2666
f 2671/2671 2670/2670 2688/2688
f 2688/2688 2689/2689 2671/2671
f 2672/2672 2673/2673 2674/2674
f 2674/2674 2675/2675 2672/2672
f 2672/2672 2690/2690 2691/2691
f 2691/2691 2673/2673 2672/2672
f 2675/2675 2674/2674 2676/2676
f 2676/2676 2677/2677 2675/2675
f 2677/2677 2676/2676 2678/2678
f 2678/2678 2681/2681 2677/2677
f 2678/2678 2679/2679 2680/2680
f 2680/2680 2681/2681 2678/2678
f 2679/2679 2682/2682 2683/2683
f 2683/2683 2680/2680 2679/2679
f 2682/2682 2684/2684 2685/2685
f 2685/2685 2683/2683 2682/2682
f 2685/2685 2684/2684 2686/2686
f 2686/2686 2687/2687 2685/2685
f 2692/2692 2693/2693 2694/2694
f 2694/2694 2695/2695 2692/2692
f 2696/2696 2697/2697 2698/2698
f 2698/2698 2699/2699 2696/2696
f 2700/2700 2701/2701 2702/2702
f 2702/2702 2703/2703 2700/2700
f 2710/2710 2711/2711 2712/2712
f 2712/2712 2713/2713 2710/2710
f 2728/2728 2729/2729 2730/2730
f 2738/2738 2729/2729 2728/2728
f 2730/2730 2729/2729 2731/2731
f 2731/2731 2729/2729 2732/2732
f 2732/2732 2729/2729 2733/2733
f 2733/2733 2729/2729 2734/2734
f 2734/2734 2729/2729 2735/2735
f 2735/2735 2729/2729 2736/2736
f 2736/2736 2729/2729 2737/2737
f 2737/2737 2729/2729 2738/2738
f 2739/2739 2740/2740 2741/2741
f 2749/2749 2740/2740 2739/2739
f 2741/2741 2740/2740 2742/2742
f 2742/2742 2740/2740 2743/2743
f 2743/2743 2740/2740 2744/2744
f 2744/2744 2740/2740 2745/2745
f 2745/2745 2740/2740 2746/2746
f 2746/2746 2740/2740 2747/2747
f 2747/2747 2740/2740 2748/2748
f 2748/2748 2740/2740 2749/2749
f 2810/2810 2811/2811 2812/2812
f 2812/2812 2813/2813 2810/2810
f 2825/2825 2810/2810 2813/2813
f 2812/2812 2811/2811 2830/2830
f 2830/2830 2829/2829 2812/2812
f 2829/2829 2830/2830 2827/2827
f 2827/2827 2828/2828 2829/2829
f 2828/2828 2827/2827 2817/2817
f 2817/2817 2816/2816 2828/2828
f 2816/2816 2817/2817 2814/2814
f 2814/2814 2815/2815 2816/2816
f 2813/2813 2826/2826 2825/2825
f 2823/2823 2825/2825 2826/2826
f 2826/2826 2824/2824 2823/2823
f 2821/2821 2823/2823 2824/2824
f 2824/2824 2822/2822 2821/2821
f 2819/2819 2821/2821 2822/2822
f 2822/2822 2820/2820 2819/2819
f 2818/2818 2819/2819 2820/2820
f 2871/2871 2872/2872 2873/2873
f 2873/2873 2874/2874 2871/2871
f 2873/2873 2877/2877 2874/2874
f 2935/2935 2936/2936 2937/2937
f 2937/2937 2938/2938 2935/2935
f 2936/2936 2960/2960 2959/2959
f 2959/2959 2937/2937 2936/2936
f 2959/2959 2960/2960 2939/2939
f 2939/2939 2942/2942 2959/2959
f 2939/2939 2940/2940 2941/2941
f 2941/2941 2942/2942 2939/2939
f 2940/2940 2965/2965 2966/2966
f 2966/2966 2941/2941 2940/2940
f 2965/2965 2964/2964 2963/2963
f 2963/2963 2966/2966 2965/2965
f 2963/2963 2964/2964 2961/2961
f 2961/2961 2962/2962 2963/2963
f 2943/2943 2944/2944 2945/2945
f 2945/2945 2946/2946 2943/2943
f 2944/2944 2955/2955 2956/2956
f 2956/2956 2945/2945 2944/2944
f 2955/2955 2958/2958 2957/2957
f 2957/2957 2956/2956 2955/2955
f 2957/2957 2958/2958 2951/2951
f 2951/2951 2954/2954 2957/2957
f 2951/2951 2952/2952 2953/2953
f 2953/2953 2954/2954 2951/2951
f 2953/2953 2952/2952 2947/2947
f 2947/2947 2950/2950 2953/2953
f 2947/2947 2948/2948 2949/2949
f 2949/2949 2950/2950 2947/2947
f 2980/2980 2981/2981 2982/2982
f 2982/2982 2983/2983 2980/2980
f 2981/2981 2988/2988 2989/2989
f 2989/2989 2982/2982 2981/2981
f 2984/2984 2985/2985 2986/2986
f 2986/2986 2987/2987 2984/2984
f 2985/2985 2990/2990 2991/2991
f 2991/2991 2986/2986 2985/2985
f 3027/3027 3028/3028 3029/3029
f 3028/3028 3030/3030 3031/3031
f 3031/3031 3029/3029 3028/3028
f 3031/3031 3030/3030 3088/3088
f 3088/3088 3089/3089 3031/3031
f 3039/3039 3040/3040 3041/3041
f 3040/3040 3157/3157 3158/3158
f 3158/3158 3041/3041 3040/3040
f 3044/3044 3045/3045 3046/3046
f 3046/3046 3047/3047 3044/3044
f 3082/3082 3044/3044 3047/3047
f 3045/3045 3070/3070 3071/3071
f 3071/3071 3046/3046 3045/3045
f 3070/3070 3054/3054 3057/3057
f 3057/3057 3071/3071 3070/3070
f 3054/3054 3055/3055 3056/3056
f 3056/3056 3057/3057 3054/3054
f 3055/3055 3080/3080 3081/3081
f 3081/3081 3056/3056 3055/3055
f 3047/3047 3083/3083 3082/3082
f 3048/3048 3049/3049 3050/3050
f 3050/3050 3051/3051 3048/3048
f 3049/3049 3052/3052 3053/3053
f 3053/3053 3050/3050 3049/3049
f 3060/3060 3061/3061 3062/3062
f 3062/3062 3063/3063 3060/3060
f 3066/3066 3067/3067 3068/3068
f 3068/3068 3069/3069 3066/3066
f 3072/3072 3073/3073 3074/3074
f 3074/3074 3075/3075 3072/3072
f 3084/3084 3072/3072 3075/3075
f 3074/3074 3073/3073 3086/3086
f 3086/3086 3087/3087 3074/3074
f 3075/3075 3085/3085 3084/3084
f 3077/3077 3084/3084 3085/3085
f 3085/3085 3078/3078 3077/3077
f 3076/3076 3077/3077 3078/3078
f 3078/3078 3079/3079 3076/3076
f 3109/3109 3110/3110 3111/3111
f 3111/3111 3112/3112 3109/3109
f 3110/3110 3109/3109 3113/3113
f 3113/3113 3114/3114 3110/3110
f 3114/3114 3113/3113 3123/3123
f 3123/3123 3124/3124 3114/3114
f 3112/3112 3111/3111 3116/3116
f 3116/3116 3115/3115 3112/3112
f 3115/3115 3116/3116 3117/3117
f 3117/3117 3118/3118 3115/3115
f 3118/3118 3117/3117 3120/3120
f 3120/3120 3119/3119 3118/3118
f 3119/3119 3120/3120 3121/3121
f 3121/3121 3122/3122 3119/3119
f 3122/3122 3121/3121 3141/3141
f 3141/3141 3142/3142 3122/3122
f 3125/3125 3126/3126 3127/3127
f 3127/3127 3128/3128 3125/3125
f 3128/3128 3127/3127 3136/3136
f 3136/3136 3135/3135 3128/3128
f 3135/3135 3136/3136 3134/3134
f 3134/3134 3133/3133 3135/3135
f 3133/3133 3134/3134 3130/3130
f 3130/3130 3129/3129 3133/3133
f 3129/3129 3130/3130 3131/3131
f 3131/3131 3132/3132 3129/3129
f 3132/3132 3131/3131 3144/3144
f 3144/3144 3143/3143 3132/3132
f 3143/3143 3144/3144 3138/3138
f 3138/3138 3137/3137 3143/3143
f 3137/3137 3138/3138 3139/3139
f 3139/3139 3140/3140 3137/3137
f 3145/3145 3146/3146 3147/3147
f 3147/3147 3148/3148 3145/3145
f 3146/3146 3145/3145 3149/3149
f 3149/3149 3150/3150 3146/3146
f 3151/3151 3152/3152 3153/3153
f 3153/3153 3154/3154 3151/3151
f 3152/3152 3151/3151 3155/3155
f 3155/3155 3156/3156 3152/3152
f 3159/3159 3160/3160 3161/3161
f 3161/3161 3162/3162 3159/3159
f 3163/3163 3164/3164 3165/3165
f 3165/3165 3166/3166 3163/3163
f 3167/3167 3168/3168 3169/3169
f 3169/3169 3170/3170 3167/3167
f 3167/3167 3181/3181 3168/3168
f 3167/3167 3203/3203 3204/3204
f 3204/3204 3181/3181 3167/3167
f 3169/3169 3180/3180 3170/3170
f 3198/3198 3170/3170 3180/3180
f 3180/3180 3197/3197 3198/3198
f 3171/3171 3172/3172 3173/3173
f 3173/3173 3174/3174 3171/3171
f 3171/3171 3175/3175 3172/3172
f 3171/3171 3191/3191 3192/3192
f 3192/3192 3175/3175 3171/3171
f 3173/3173 3186/3186 3174/3174
f 3210/3210 3174/3174 3186/3186
f 3186/3186 3209/3209 3210/3210
f 3176/3176 3177/3177 3178/3178
f 3178/3178 3179/3179 3176/3176
f 3182/3182 3183/3183 3184/3184
f 3184/3184 3185/3185 3182/3182
f 3187/3187 3188/3188 3189/3189
f 3189/3189 3190/3190 3187/3187
f 3193/3193 3194/3194 3195/3195
f 3195/3195 3196/3196 3193/3193
f 3199/3199 3200/3200 3201/3201
f 3201/3201 3202/3202 3199/3199
f 3205/3205 3206/3206 3207/3207
f 3207/3207 3208/3208 3205/3205
f 3211/3211 3212/3212 3213/3213
f 3213/3213 3214/3214 3211/3211
f 3215/3215 3216/3216 3217/3217
f 3217/3217 3218/3218 3215/3215
f 3219/3219 3220/3220 3221/3221
f 3221/3221 3222/3222 3219/3219
f 3219/3219 3233/3233 3220/3220
f 3219/3219 3255/3255 3256/3256
f 3256/3256 3233/3233 3219/3219
f 3221/3221 3232/3232 3222/3222
f 3250/3250 3222/3222 3232/3232
f 3232/3232 3249/3249 3250/3250
f 3223/3223 3224/3224 3225/3225
f 3225/3225 3226/3226 3223/3223
f 3223/3223 3227/3227 3224/3224
f 3223/3223 3243/3243 3244/3244
f 3244/3244 3227/3227 3223/3223
f 3225/3225 3238/3238 3226/3226
f 3262/3262 3226/3226 3238/3238
f 3238/3238 3261/3261 3262/3262
f 3228/3228 3229/3229 3230/3230
f 3230/3230 3231/3231 3228/3228
f 3234/3234 3235/3235 3236/3236
f 3236/3236 3237/3237 3234/3234
f 3239/3239 3240/3240 3241/3241
f 3241/3241 3242/3242 3239/3239
f 3245/3245 3246/3246 3247/3247
f 3247/3247 3248/3248 3245/3245
f 3251/3251 3252/3252 3253/3253
f 3253/3253 3254/3254 3251/3251
f 3257/3257 3258/3258 3259/3259
f 3259/3259 3260/3260 3257/3257
f 3263/3263 3264/3264 3265/3265
f 3265/3265 3266/3266 3263/3263
f 3267/3267 3264/3264 3263/3263
f 3276/3276 3277/3277 3264/3264
f 3264/3264 3267/3267 3276/3276
f 3277/3277 3276/3276 3278/3278
f 3278/3278 3279/3279 3277/3277
f 3304/3304 3279/3279 3278/3278
f 3266/3266 3265/3265 3268/3268
f 3268/3268 3265/3265 3269/3269
f 3269/3269 3270/3270 3268/3268
f 3271/3271 3272/3272 3273/3273
f 3273/3273 3274/3274 3271/3271
f 3275/3275 3272/3272 3271/3271
f 3274/3274 3273/3273 3297/3297
f 3297/3297 3273/3273 3300/3300
f 3300/3300 3303/3303 3297/3297
f 3299/3299 3300/3300 3301/3301
f 3303/3303 3300/3300 3299/3299
f 3301/3301 3302/3302 3299/3299
f 3280/3280 3281/3281 3282/3282
f 3282/3282 3283/3283 3280/3280
f 3306/3306 3281/3281 3280/3280
f 3310/3310 3309/3309 3281/3281
f 3281/3281 3306/3306 3310/3310
f 3309/3309 3310/3310 3307/3307
f 3307/3307 3308/3308 3309/3309
f 3283/3283 3282/3282 3289/3289
f 3289/3289 3282/3282 3290/3290
f 3290/3290 3291/3291 3289/3289
f 3284/3284 3285/3285 3286/3286
f 3286/3286 3287/3287 3284/3284
f 3288/3288 3285/3285 3284/3284
f 3298/3298 3286/3286 3293/3293
f 3287/3287 3286/3286 3298/3298
f 3293/3293 3296/3296 3298/3298
f 3292/3292 3293/3293 3294/3294
f 3296/3296 3293/3293 3292/3292
f 3294/3294 3295/3295 3292/3292
f 3295/3295 3294/3294 3305/3305
f 3311/3311 3312/3312 3313/3313
f 3316/3316 3317/3317 3318/3318
f 3316/3316 3322/3322 3317/3317
f 3318/3318 3317/3317 3320/3320
f 3317/3317 3322/3322 3326/3326
f 3320/3320 3321/3321 3318/3318
f 3323/3323 3324/3324 3325/3325
f 3348/3348 3349/3349 3350/3350
f 3351/3351 3352/3352 3353/3353
f 3355/3355 3356/3356 3357/3357
f 3363/3363 3364/3364 3365/3365
f 3365/3365 3366/3366 3363/3363
f 3365/3365 3364/3364 3367/3367
f 3367/3367 3368/3368 3365/3365
f 3369/3369 3368/3368 3367/3367
f 3367/3367 3370/3370 3369/3369
f 3371/3371 3372/3372 3373/3373
f 3373/3373 3374/3374 3371/3371
f 3373/3373 3375/3375 3376/3376
f 3376/3376 3374/3374 3373/3373
f 3376/3376 3375/3375 3377/3377
f 3377/3377 3378/3378 3376/3376
f 3394/3394 3395/3395 3396/3396
f 3396/3396 3397/3397 3394/3394
f 3400/3400 3394/3394 3397/3397
f 3397/3397 3401/3401 3400/3400
f 3410/3410 3411/3411 3412/3412
f 3412/3412 3413/3413 3410/3410
f 3411/3411 3414/3414 3412/3412
f 3440/3440 3412/3412 3414/3414
f 3414/3414 3441/3441 3440/3440
f 3421/3421 3422/3422 3423/3423
f 3423/3423 3424/3424 3421/3421
f 3425/3425 3426/3426 3427/3427
f 3427/3427 3428/3428 3425/3425
f 3426/3426 3425/3425 3433/3433
f 3433/3433 3434/3434 3426/3426
f 3429/3429 3430/3430 3431/3431
f 3431/3431 3432/3432 3429/3429
f 3435/3435 3436/3436 3437/3437
f 3437/3437 3438/3438 3435/3435
f 3435/3435 3439/3439 3436/3436
f 3466/3466 3467/3467 3468/3468
f 3468/3468 3469/3469 3466/3466
f 3470/3470 3471/3471 3472/3472
f 3472/3472 3473/3473 3470/3470
f 3474/3474 3475/3475 3476/3476
f 3476/3476 3477/3477 3474/3474
f 3478/3478 3479/3479 3480/3480
f 3480/3480 3481/3481 3478/3478
f 3482/3482 3483/3483 3484/3484
f 3484/3484 3485/3485 3482/3482
f 3486/3486 3487/3487 3488/3488
f 3488/3488 3489/3489 3486/3486
f 3490/3490 3491/3491 3492/3492
f 3492/3492 3493/3493 3490/3490
f 3494/3494 3495/3495 3496/3496
f 3496/3496 3497/3497 3494/3494
f 3498/3498 3499/3499 3500/3500
f 3500/3500 3501/3501 3498/3498
f 3502/3502 3503/3503 3504/3504
f 3504/3504 3505/3505 3502/3502
f 3506/3506 3507/3507 3508/3508
f 3508/3508 3509/3509 3506/3506
f 3510/3510 3511/3511 3512/3512
f 3512/3512 3513/3513 3510/3510
f 3514/3514 3515/3515 3516/3516
f 3516/3516 3517/3517 3514/3514
f 3518/3518 3519/3519 3520/3520
f 3520/3520 3521/3521 3518/3518
f 3522/3522 3523/3523 3524/3524
f 3524/3524 3525/3525 3522/3522
f 3526/3526 3527/3527 3528/3528
f 3528/3528 3529/3529 3526/3526
f 3530/3530 3531/3531 3532/3532
f 3532/3532 3533/3533 3530/3530
f 3534/3534 3535/3535 3536/3536
f 3536/3536 3537/3537 3534/3534
f 3538/3538 3539/3539 3540/3540
f 3540/3540 3541/3541 3538/3538
f 3542/3542 3543/3543 3544/3544
f 3544/3544 3545/3545 3542/3542
f 3546/3546 3547/3547 3548/3548
f 3548/3548 3549/3549 3546/3546
f 3628/3628 3629/3629 3630/3630
f 3630/3630 3631/3631 3628/3628
f 3632/3632 3633/3633 3634/3634
f 3634/3634 3635/3635 3632/3632
f 3636/3636 3637/3637 3638/3638
f 3638/3638 3639/3639 3636/3636
f 3640/3640 3641/3641 3642/3642
f 3642/3642 3643/3643 3640/3640
f 3644/3644 3645/3645 3646/3646
f 3646/3646 3647/3647 3644/3644
f 3648/3648 3649/3649 3650/3650
f 3650/3650 3651/3651 3648/3648
f 3652/3652 3653/3653 3654/3654
f 3654/3654 3655/3655 3652/3652
f 3656/3656 3657/3657 3658/3658
f 3658/3658 3659/3659 3656/3656
f 3660/3660 3661/3661 3662/3662
f 3662/3662 3663/3663 3660/3660
f 3664/3664 3665/3665 3666/3666
f 3666/3666 3667/3667 3664/3664
f 3668/3668 3669/3669 3670/3670
f 3670/3670 3671/3671 3668/3668
f 3672/3672 3673/3673 3674/3674
f 3674/3674 3675/3675 3672/3672
f 3676/3676 3677/3677 3678/3678
f 3678/3678 3679/3679 3676/3676
f 3680/3680 3681/3681 3682/3682
f 3682/3682 3683/3683 3680/3680
f 3684/3684 3685/3685 3686/3686
f 3686/3686 3687/3687 3684/3684
f 3688/3688 3689/3689 3690/3690
f 3690/3690 3691/3691 3688/3688
f 3692/3692 3693/3693 3694/3694
f 3694/3694 3695/3695 3692/3692
f 3696/3696 3697/3697 3698/3698
f 3698/3698 3699/3699 3696/3696
f 3700/3700 3701/3701 3702/3702
f 3702/3702 3703/3703 3700/3700
f 3704/3704 3705/3705 3706/3706
f 3706/3706 3707/3707 3704/3704
f 3708/3708 3709/3709 3710/3710
f 3710/3710 3711/3711 3708/3708
f 3712/3712 3713/3713 3714/3714
f 3713/3713 3712/3712 3721/3721
f 3712/3712 3714/3714 3758/3758
f 3758/3758 3757/3757 3712/3712
f 3758/3758 3714/3714 3723/3723
f 3756/3756 3723/3723 3714/3714
f 3714/3714 3713/3713 3756/3756
f 3757/3757 3758/3758 3716/3716
f 3723/3723 3722/3722 3758/3758
f 3716/3716 3758/3758 3722/3722
f 3716/3716 3715/3715 3757/3757
f 3715/3715 3716/3716 3717/3717
f 3722/3722 3761/3761 3716/3716
f 3716/3716 3761/3761 3760/3760
f 3760/3760 3717/3717 3716/3716
f 3722/3722 3723/3723 3724/3724
f 3724/3724 3725/3725 3722/3722
f 3761/3761 3722/3722 3725/3725
f 3725/3725 3760/3760 3761/3761
f 3736/3736 3717/3717 3760/3760
f 3760/3760 3725/3725 3736/3736
f 3717/3717 3718/3718 3715/3715
f 3718/3718 3717/3717 3736/3736
f 3736/3736 3734/3734 3727/3727
f 3727/3727 3737/3737 3736/3736
f 3735/3735 3734/3734 3736/3736
f 3736/3736 3737/3737 3718/3718
f 3735/3735 3736/3736 3725/3725
f 3725/3725 3724/3724 3735/3735
f 3754/3754 3724/3724 3723/3723
f 3724/3724 3754/3754 3735/3735
f 3732/3732 3734/3734 3735/3735
f 3733/3733 3732/3732 3735/3735
f 3735/3735 3754/3754 3733/3733
f 3755/3755 3754/3754 3756/3756
f 3723/3723 3756/3756 3754/3754
f 3755/3755 3733/3733 3754/3754
f 3732/3732 3733/3733 3730/3730
f 3730/3730 3733/3733 3755/3755
f 3730/3730 3731/3731 3732/3732
f 3755/3755 3719/3719 3730/3730
f 3756/3756 3720/3720 3755/3755
f 3719/3719 3755/3755 3720/3720
f 3720/3720 3756/3756 3713/3713
f 3719/3719 3720/3720 3721/3721
f 3713/3713 3759/3759 3720/3720
f 3720/3720 3759/3759 3721/3721
f 3721/3721 3759/3759 3713/3713
f 3727/3727 3726/3726 3737/3737
f 3726/3726 3727/3727 3728/3728
f 3728/3728 3729/3729 3726/3726
f 3762/3762 3726/3726 3729/3729
f 3738/3738 3739/3739 3740/3740
f 3740/3740 3741/3741 3738/3738
f 3742/3742 3743/3743 3744/3744
f 3744/3744 3745/3745 3742/3742
f 3746/3746 3747/3747 3748/3748
f 3748/3748 3749/3749 3746/3746
f 3750/3750 3751/3751 3752/3752
f 3752/3752 3753/3753 3750/3750
f 3763/3763 3764/3764 3765/3765
f 3765/3765 3766/3766 3763/3763
f 3764/3764 3798/3798 3799/3799
f 3799/3799 3765/3765 3764/3764
f 3798/3798 3764/3764 3800/3800
f 3767/3767 3768/3768 3769/3769
f 3769/3769 3770/3770 3767/3767
f 3768/3768 3767/3767 3782/3782
f 3782/3782 3781/3781 3768/3768
f 3781/3781 3782/3782 3780/3780
f 3780/3780 3779/3779 3781/3781
f 3779/3779 3780/3780 3778/3778
f 3778/3778 3777/3777 3779/3779
f 3777/3777 3778/3778 3776/3776
f 3776/3776 3775/3775 3777/3777
f 3775/3775 3776/3776 3774/3774
f 3774/3774 3773/3773 3775/3775
f 3773/3773 3774/3774 3772/3772
f 3772/3772 3771/3771 3773/3773
f 3771/3771 3772/3772 3770/3770
f 3770/3770 3769/3769 3771/3771
f 3783/3783 3784/3784 3785/3785
f 3785/3785 3786/3786 3783/3783
f 3784/3784 3783/3783 3797/3797
f 3797/3797 3796/3796 3784/3784
f 3796/3796 3797/3797 3795/3795
f 3795/3795 3794/3794 3796/3796
f 3794/3794 3795/3795 3793/3793
f 3793/3793 3792/3792 3794/3794
f 3792/3792 3793/3793 3791/3791
f 3791/3791 3789/3789 3792/3792
f 3790/3790 3789/3789 3791/3791
f 3788/3788 3787/3787 3789/3789
f 3789/3789 3790/3790 3788/3788
f 3787/3787 3788/3788 3786/3786
f 3786/3786 3785/3785 3787/3787
f 3801/3801 3802/3802 3803/3803
f 3803/3803 3804/3804 3801/3801
f 3804/3804 3814/3814 3801/3801
f 3805/3805 3806/3806 3807/3807
f 3806/3806 3805/3805 3808/3808
f 3808/3808 3809/3809 3806/3806
f 3810/3810 3807/3807 3806/3806
f 3806/3806 3811/3811 3810/3810
f 3810/3810 3811/3811 3812/3812
f 3812/3812 3813/3813 3810/3810
f 3815/3815 3816/3816 3817/3817
f 3817/3817 3818/3818 3815/3815
f 3816/3816 3881/3881 3884/3884
f 3884/3884 3817/3817 3816/3816
f 3881/3881 3882/3882 3883/3883
f 3883/3883 3884/3884 3881/3881
f 3882/3882 3885/3885 3886/3886
f 3886/3886 3883/3883 3882/3882
f 3885/3885 3819/3819 3822/3822
f 3822/3822 3886/3886 3885/3885
f 3819/3819 3820/3820 3821/3821
f 3821/3821 3822/3822 3819/3819
f 3838/3838 3839/3839 3840/3840
f 3840/3840 3841/3841 3838/3838
f 3846/3846 3847/3847 3848/3848
f 3848/3848 3849/3849 3846/3846
f 3863/3863 3847/3847 3846/3846
f 3850/3850 3851/3851 3852/3852
f 3852/3852 3853/3853 3850/3850
f 3854/3854 3855/3855 3856/3856
f 3856/3856 3857/3857 3854/3854
f 3857/3857 3856/3856 3858/3858
f 3859/3859 3860/3860 3861/3861
f 3861/3861 3862/3862 3859/3859
f 3864/3864 3865/3865 3866/3866
f 3866/3866 3867/3867 3864/3864
f 3865/3865 3864/3864 3875/3875
f 3875/3875 3874/3874 3865/3865
f 3874/3874 3875/3875 3872/3872
f 3872/3872 3873/3873 3874/3874
f 3872/3872 3923/3923 3924/3924
f 3924/3924 3873/3873 3872/3872
f 3867/3867 3866/3866 3869/3869
f 3869/3869 3868/3868 3867/3867
f 3868/3868 3869/3869 3870/3870
f 3870/3870 3871/3871 3868/3868
f 3871/3871 3870/3870 3876/3876
f 3876/3876 3877/3877 3871/3871
f 3878/3878 3876/3876 3879/3879
f 3877/3877 3876/3876 3878/3878
f 3879/3879 3880/3880 3878/3878
f 3879/3879 3921/3921 3922/3922
f 3922/3922 3880/3880 3879/3879
f 3887/3887 3888/3888 3889/3889
f 3887/3887 3889/3889 3895/3895
f 3895/3895 3894/3894 3887/3887
f 3894/3894 3895/3895 3891/3891
f 3891/3891 3890/3890 3894/3894
f 3890/3890 3891/3891 3892/3892
f 3892/3892 3893/3893 3890/3890
f 3893/3893 3892/3892 3896/3896
f 3896/3896 3897/3897 3893/3893
f 3898/3898 3899/3899 3900/3900
f 3909/3909 3910/3910 3911/3911
f 3911/3911 3912/3912 3909/3909
f 3913/3913 3914/3914 3915/3915
f 3915/3915 3916/3916 3913/3913
f 3917/3917 3918/3918 3919/3919
f 3919/3919 3920/3920 3917/3917
f 3925/3925 3926/3926 3927/3927
f 3928/3928 3929/3929 3930/3930
f 3930/3930 3931/3931 3928/3928
f 3932/3932 3933/3933 3934/3934
f 3934/3934 3935/3935 3932/3932
f 3936/3936 3937/3937 3938/3938
f 3938/3938 3939/3939 3936/3936
f 3940/3940 3941/3941 3942/3942
f 3942/3942 3943/3943 3940/3940
f 3960/3960 3961/3961 3962/3962
f 3962/3962 3963/3963 3960/3960
f 3964/3964 3965/3965 3966/3966
f 3966/3966 3967/3967 3964/3964
f 3968/3968 3969/3969 3970/3970
f 3970/3970 3971/3971 3968/3968
f 3972/3972 3973/3973 3974/3974
f 3974/3974 3975/3975 3972/3972
f 3976/3976 3977/3977 3978/3978
f 3978/3978 3979/3979 3976/3976
f 3980/3980 3981/3981 3982/3982
f 3982/3982 3983/3983 3980/3980
f 3984/3984 3985/3985 3986/3986
f 3986/3986 3987/3987 3984/3984
f 3988/3988 3989/3989 3990/3990
f 3990/3990 3991/3991 3988/3988
f 3992/3992 3993/3993 3994/3994
f 3994/3994 3995/3995 3992/3992
f 3995/3995 3994/3994 3996/3996
f 3996/3996 3997/3997 3995/3995
f 4040/4040 3997/3997 3996/3996
f 3996/3996 4037/4037 4040/4040
f 4039/4039 4040/4040 4037/4037
f 4037/4037 4038/4038 4039/4039
f 3998/3998 3999/3999 4000/4000
f 4000/4000 4001/4001 3998/3998
f 3999/3999 3998/3998 4006/4006
f 4006/4006 4007/4007 3999/3999
f 4002/4002 4003/4003 4004/4004
f 4004/4004 4005/4005 4002/4002
f 4004/4004 4003/4003 4008/4008
f 4008/4008 4009/4009 4004/4004
f 4010/4010 4011/4011 4012/4012
f 4012/4012 4013/4013 4010/4010
f 4014/4014 4015/4015 4016/4016
f 4035/4035 4014/4014 4016/4016
f 4015/4015 4017/4017 4016/4016
f 4034/4034 4016/4016 4017/4017
f 4016/4016 4036/4036 4035/4035
f 4035/4035 4036/4036 4058/4058
f 4058/4058 4057/4057 4035/4035
f 4057/4057 4058/4058 4059/4059
f 4059/4059 4058/4058 4060/4060
f 4060/4060 4058/4058 4072/4072
f 4072/4072 4073/4073 4060/4060
f 4017/4017 4033/4033 4034/4034
f 4018/4018 4019/4019 4020/4020
f 4021/4021 4022/4022 4023/4023
f 4023/4023 4024/4024 4021/4021
f 4024/4024 4023/4023 4025/4025
f 4025/4025 4026/4026 4024/4024
f 4065/4065 4026/4026 4025/4025
f 4025/4025 4066/4066 4065/4065
f 4064/4064 4065/4065 4066/4066
f 4066/4066 4067/4067 4064/4064
f 4027/4027 4028/4028 4029/4029
f 4029/4029 4030/4030 4027/4027
f 4027/4027 4068/4068 4069/4069
f 4069/4069 4028/4028 4027/4027
f 4030/4030 4029/4029 4031/4031
f 4031/4031 4032/4032 4030/4030
f 4071/4071 4069/4069 4068/4068
f 4068/4068 4070/4070 4071/4071
f 4041/4041 4042/4042 4043/4043
f 4043/4043 4044/4044 4041/4041
f 4049/4049 4041/4041 4044/4044
f 4044/4044 4050/4050 4049/4049
f 4045/4045 4046/4046 4047/4047
f 4047/4047 4048/4048 4045/4045
f 4047/4047 4051/4051 4052/4052
f 4052/4052 4048/4048 4047/4047
f 4053/4053 4054/4054 4055/4055
f 4055/4055 4056/4056 4053/4053
f 4061/4061 4062/4062 4063/4063
f 4074/4074 4075/4075 4076/4076
f 4076/4076 4077/4077 4074/4074
f 4075/4075 4074/4074 4078/4078
f 4078/4078 4079/4079 4075/4075
f 4075/4075 4195/4195 4196/4196
f 4196/4196 4076/4076 4075/4075
f 4195/4195 4075/4075 4079/4079
f 4079/4079 4197/4197 4195/4195
f 4080/4080 4081/4081 4082/4082
f 4082/4082 4083/4083 4080/4080
f 4084/4084 4085/4085 4086/4086
f 4086/4086 4087/4087 4084/4084
f 4085/4085 4084/4084 4088/4088
f 4088/4088 4089/4089 4085/4085
f 4085/4085 4192/4192 4193/4193
f 4193/4193 4086/4086 4085/4085
f 4192/4192 4085/4085 4089/4089
f 4089/4089 4194/4194 4192/4192
f 4090/4090 4091/4091 4092/4092
f 4092/4092 4093/4093 4090/4090
f 4094/4094 4090/4090 4093/4093
f 4091/4091 4090/4090 4204/4204
f 4206/4206 4204/4204 4090/4090
f 4090/4090 4094/4094 4206/4206
f 4204/4204 4205/4205 4091/4091
f 4093/4093 4095/4095 4094/4094
f 4096/4096 4097/4097 4098/4098
f 4098/4098 4099/4099 4096/4096
f 4100/4100 4096/4096 4099/4099
f 4097/4097 4096/4096 4201/4201
f 4203/4203 4201/4201 4096/4096
f 4096/4096 4100/4100 4203/4203
f 4201/4201 4202/4202 4097/4097
f 4099/4099 4101/4101 4100/4100
f 4102/4102 4103/4103 4104/4104
f 4105/4105 4106/4106 4107/4107
f 4108/4108 4109/4109 4110/4110
f 4111/4111 4112/4112 4113/4113
f 4113/4113 4114/4114 4111/4111
f 4115/4115 4116/4116 4117/4117
f 4117/4117 4118/4118 4115/4115
f 4119/4119 4120/4120 4121/4121
f 4122/4122 4123/4123 4124/4124
f 4125/4125 4126/4126 4127/4127
f 4128/4128 4129/4129 4130/4130
f 4131/4131 4132/4132 4133/4133
f 4134/4134 4135/4135 4136/4136
f 4136/4136 4137/4137 4134/4134
f 4138/4138 4139/4139 4140/4140
f 4140/4140 4141/4141 4138/4138
f 4142/4142 4143/4143 4144/4144
f 4145/4145 4146/4146 4147/4147
f 4147/4147 4148/4148 4145/4145
f 4149/4149 4150/4150 4151/4151
f 4151/4151 4152/4152 4149/4149
f 4153/4153 4154/4154 4155/4155
f 4156/4156 4157/4157 4158/4158
f 4158/4158 4157/4157 4159/4159
f 4160/4160 4161/4161 4162/4162
f 4163/4163 4164/4164 4165/4165
f 4166/4166 4167/4167 4168/4168
f 4169/4169 4170/4170 4171/4171
f 4172/4172 4173/4173 4174/4174
f 4174/4174 4175/4175 4172/4172
f 4176/4176 4177/4177 4178/4178
f 4179/4179 4180/4180 4181/4181
f 4182/4182 4183/4183 4184/4184
f 4185/4185 4186/4186 4187/4187
f 4187/4187 4188/4188 4185/4185
f 4189/4189 4190/4190 4191/4191
f 4198/4198 4199/4199 4200/4200
f 4207/4207 4208/4208 4209/4209
f 4210/4210 4211/4211 4212/4212
f 4213/4213 4214/4214 4215/4215
f 4216/4216 4217/4217 4218/4218
f 4219/4219 4220/4220 4221/4221
f 4222/4222 4223/4223 4224/4224
f 4225/4225 4226/4226 4227/4227
f 4228/4228 4229/4229 4230/4230
f 4231/4231 4232/4232 4233/4233
f 4234/4234 4235/4235 4236/4236
f 4236/4236 4237/4237 4234/4234
f 4235/4235 4238/4238 4239/4239
f 4239/4239 4236/4236 4235/4235
f 4238/4238 4240/4240 4241/4241
f 4241/4241 4239/4239 4238/4238
f 4240/4240 4242/4242 4243/4243
f 4243/4243 4241/4241 4240/4240
f 4242/4242 4244/4244 4245/4245
f 4245/4245 4243/4243 4242/4242
f 4246/4246 4247/4247 4248/4248
f 4247/4247 4249/4249 4248/4248
f 4249/4249 4250/4250 4248/4248
f 4250/4250 4251/4251 4248/4248
f 4251/4251 4252/4252 4248/4248
f 4253/4253 4254/4254 4255/4255
f 4259/4259 4253/4253 4255/4255
f 4256/4256 4257/4257 4255/4255
f 4257/4257 4258/4258 4255/4255
f 4258/4258 4259/4259 4255/4255
f 4260/4260 4261/4261 4262/4262
f 4262/4262 4263/4263 4260/4260
f 4261/4261 4260/4260 4301/4301
f 4261/4261 4264/4264 4265/4265
f 4265/4265 4262/4262 4261/4261
f 4301/4301 4300/4300 4261/4261
f 4264/4264 4261/4261 4300/4300
f 4263/4263 4262/4262 4268/4268
f 4262/4262 4265/4265 4270/4270
f 4270/4270 4268/4268 4262/4262
f 4268/4268 4269/4269 4263/4263
f 4269/4269 4268/4268 4272/4272
f 4268/4268 4270/4270 4274/4274
f 4274/4274 4272/4272 4268/4268
f 4271/4271 4270/4270 4265/4265
f 4270/4270 4271/4271 4275/4275
f 4275/4275 4274/4274 4270/4270
f 4272/4272 4274/4274 4278/4278
f 4274/4274 4275/4275 4279/4279
f 4279/4279 4278/4278 4274/4274
f 4272/4272 4273/4273 4269/4269
f 4273/4273 4272/4272 4276/4276
f 4278/4278 4276/4276 4272/4272
f 4276/4276 4278/4278 4282/4282
f 4278/4278 4279/4279 4283/4283
f 4283/4283 4282/4282 4278/4278
f 4276/4276 4277/4277 4273/4273
f 4277/4277 4276/4276 4280/4280
f 4282/4282 4280/4280 4276/4276
f 4280/4280 4281/4281 4277/4277
f 4265/4265 4267/4267 4271/4271
f 4267/4267 4265/4265 4264/4264
f 4264/4264 4266/4266 4267/4267
f 4300/4300 4302/4302 4264/4264
f 4266/4266 4264/4264 4302/4302
f 4302/4302 4303/4303 4266/4266
f 4296/4296 4298/4298 4302/4302
f 4302/4302 4300/4300 4296/4296
f 4303/4303 4302/4302 4298/4298
f 4297/4297 4296/4296 4300/4300
f 4300/4300 4301/4301 4297/4297
f 4293/4293 4292/4292 4296/4296
f 4296/4296 4297/4297 4293/4293
f 4298/4298 4296/4296 4292/4292
f 4292/4292 4294/4294 4298/4298
f 4299/4299 4298/4298 4294/4294
f 4298/4298 4299/4299 4303/4303
f 4287/4287 4286/4286 4292/4292
f 4292/4292 4293/4293 4287/4287
f 4294/4294 4292/4292 4286/4286
f 4286/4286 4289/4289 4294/4294
f 4295/4295 4294/4294 4289/4289
f 4294/4294 4295/4295 4299/4299
f 4284/4284 4285/4285 4286/4286
f 4286/4286 4287/4287 4284/4284
f 4289/4289 4286/4286 4285/4285
f 4285/4285 4288/4288 4289/4289
f 4291/4291 4289/4289 4288/4288
f 4289/4289 4291/4291 4295/4295
f 4288/4288 4290/4290 4291/4291
f 4304/4304 4305/4305 4306/4306
f 4306/4306 4307/4307 4304/4304
f 4305/4305 4304/4304 4332/4332
f 4332/4332 4333/4333 4305/4305
f 4308/4308 4309/4309 4310/4310
f 4310/4310 4311/4311 4308/4308
f 4310/4310 4309/4309 4334/4334
f 4334/4334 4335/4335 4310/4310
f 4312/4312 4313/4313 4314/4314
f 4314/4314 4315/4315 4312/4312
f 4316/4316 4317/4317 4318/4318
f 4318/4318 4319/4319 4316/4316
f 4320/4320 4321/4321 4322/4322
f 4322/4322 4323/4323 4320/4320
f 4324/4324 4325/4325 4326/4326
f 4326/4326 4327/4327 4324/4324
f 4328/4328 4329/4329 4330/4330
f 4330/4330 4331/4331 4328/4328
f 4336/4336 4337/4337 4338/4338
f 4338/4338 4339/4339 4336/4336
f 4338/4338 4337/4337 4348/4348
f 4348/4348 4349/4349 4338/4338
f 4340/4340 4341/4341 4342/4342
f 4342/4342 4343/4343 4340/4340
f 4344/4344 4345/4345 4346/4346
f 4346/4346 4347/4347 4344/4344
f 4350/4350 4351/4351 4352/4352
f 4352/4352 4353/4353 4350/4350
f 4354/4354 4355/4355 4356/4356
f 4356/4356 4357/4357 4354/4354
f 4550/4550 4355/4355 4354/4354
f 4354/4354 4551/4551 4550/4550
f 4358/4358 4359/4359 4360/4360
f 4360/4360 4361/4361 4358/4358
f 4362/4362 4358/4358 4361/4361
f 4361/4361 4360/4360 4479/4479
f 4361/4361 4363/4363 4362/4362
f 4479/4479 4480/4480 4361/4361
f 4363/4363 4361/4361 4480/4480
f 4480/4480 4481/4481 4363/4363
f 4364/4364 4365/4365 4366/4366
f 4366/4366 4367/4367 4364/4364
f 4368/4368 4369/4369 4370/4370
f 4370/4370 4371/4371 4368/4368
f 4372/4372 4368/4368 4371/4371
f 4371/4371 4370/4370 4476/4476
f 4371/4371 4373/4373 4372/4372
f 4476/4476 4477/4477 4371/4371
f 4373/4373 4371/4371 4477/4477
f 4477/4477 4478/4478 4373/4373
f 4374/4374 4375/4375 4376/4376
f 4376/4376 4377/4377 4374/4374
f 4375/4375 4488/4488 4489/4489
f 4489/4489 4376/4376 4375/4375
f 4377/4377 4376/4376 4378/4378
f 4376/4376 4489/4489 4490/4490
f 4490/4490 4378/4378 4376/4376
f 4378/4378 4379/4379 4377/4377
f 4380/4380 4381/4381 4382/4382
f 4382/4382 4383/4383 4380/4380
f 4381/4381 4485/4485 4486/4486
f 4486/4486 4382/4382 4381/4381
f 4383/4383 4382/4382 4384/4384
f 4382/4382 4486/4486 4487/4487
f 4487/4487 4384/4384 4382/4382
f 4384/4384 4385/4385 4383/4383
f 4386/4386 4387/4387 4388/4388
f 4389/4389 4390/4390 4391/4391
f 4392/4392 4393/4393 4394/4394
f 4395/4395 4396/4396 4397/4397
f 4397/4397 4398/4398 4395/4395
f 4399/4399 4400/4400 4401/4401
f 4401/4401 4402/4402 4399/4399
f 4403/4403 4404/4404 4405/4405
f 4406/4406 4407/4407 4408/4408
f 4409/4409 4410/4410 4411/4411
f 4412/4412 4413/4413 4414/4414
f 4415/4415 4416/4416 4417/4417
f 4418/4418 4419/4419 4420/4420
f 4420/4420 4421/4421 4418/4418
f 4422/4422 4423/4423 4424/4424
f 4424/4424 4425/4425 4422/4422
f 4426/4426 4427/4427 4428/4428
f 4429/4429 4430/4430 4431/4431
f 4431/4431 4432/4432 4429/4429
f 4433/4433 4434/4434 4435/4435
f 4435/4435 4436/4436 4433/4433
f 4437/4437 4438/4438 4439/4439
f 4440/4440 4441/4441 4442/4442
f 4441/4441 4443/4443 4442/4442
f 4444/4444 4445/4445 4446/4446
f 4447/4447 4448/4448 4449/4449
f 4450/4450 4451/4451 4452/4452
f 4453/4453 4454/4454 4455/4455
f 4456/4456 4457/4457 4458/4458
f 4458/4458 4459/4459 4456/4456
f 4460/4460 4461/4461 4462/4462
f 4463/4463 4464/4464 4465/4465
f 4466/4466 4467/4467 4468/4468
f 4469/4469 4470/4470 4471/4471
f 4471/4471 4472/4472 4469/4469
f 4473/4473 4474/4474 4475/4475
f 4482/4482 4483/4483 4484/4484
f 4491/4491 4492/4492 4493/4493
f 4494/4494 4495/4495 4496/4496
f 4497/4497 4498/4498 4499/4499
f 4500/4500 4501/4501 4502/4502
f 4503/4503 4504/4504 4505/4505
f 4506/4506 4507/4507 4508/4508
f 4509/4509 4510/4510 4511/4511
f 4512/4512 4513/4513 4514/4514
f 4515/4515 4516/4516 4517/4517
f 4518/4518 4519/4519 4520/4520
f 4520/4520 4521/4521 4518/4518
f 4519/4519 4546/4546 4547/4547
f 4547/4547 4520/4520 4519/4519
f 4522/4522 4523/4523 4524/4524
f 4524/4524 4525/4525 4522/4522
f 4522/4522 4548/4548 4549/4549
f 4549/4549 4523/4523 4522/4522
f 4526/4526 4527/4527 4528/4528
f 4528/4528 4529/4529 4526/4526
f 4530/4530 4531/4531 4532/4532
f 4532/4532 4533/4533 4530/4530
f 4534/4534 4535/4535 4536/4536
f 4536/4536 4537/4537 4534/4534
f 4538/4538 4539/4539 4540/4540
f 4540/4540 4541/4541 4538/4538
f 4542/4542 4543/4543 4544/4544
f 4544/4544 4545/4545 4542/4542
f 4552/4552 4553/4553 4554/4554
f 4554/4554 4555/4555 4552/4552
f 4556/4556 4557/4557 4558/4558
f 4558/4558 4559/4559 4556/4556
f 4560/4560 4561/4561 4562/4562
f 4562/4562 4563/4563 4560/4560
f 4564/4564 4565/4565 4566/4566
f 4566/4566 4567/4567 4564/4564
f 4568/4568 4569/4569 4570/4570
f 4570/4570 4571/4571 4568/4568
f 4572/4572 4573/4573 4574/4574
f 4574/4574 4575/4575 4572/4572
f 4576/4576 4577/4577 4578/4578
f 4578/4578 4579/4579 4576/4576
f 4580/4580 4581/4581 4582/4582
f 4582/4582 4583/4583 4580/4580
f 4584/4584 4585/4585 4586/4586
f 4586/4586 4587/4587 4584/4584
f 4588/4588 4589/4589 4590/4590
f 4590/4590 4591/4591 4588/4588
f 4592/4592 4593/4593 4594/4594
f 4594/4594 4595/4595 4592/4592
f 4596/4596 4597/4597 4598/4598
f 4598/4598 4599/4599 4596/4596
f 4600/4600 4601/4601 4602/4602
f 4602/4602 4603/4603 4600/4600
f 4604/4604 4605/4605 4606/4606
f 4606/4606 4607/4607 4604/4604
f 4608/4608 4609/4609 4610/4610
f 4610/4610 4611/4611 4608/4608
f 4612/4612 4608/4608 4611/4611
f 4611/4611 4613/4613 4612/4612
f 4614/4614 4615/4615 4616/4616
f 4616/4616 4617/4617 4614/4614
f 4615/4615 4618/4618 4619/4619
f 4619/4619 4616/4616 4615/4615
f 4620/4620 4621/4621 4622/4622
f 4622/4622 4623/4623 4620/4620
f 4623/4623 4622/4622 4624/4624
f 4624/4624 4625/4625 4623/4623
f 4626/4626 4627/4627 4628/4628
f 4628/4628 4629/4629 4626/4626
f 4627/4627 4626/4626 4630/4630
f 4630/4630 4631/4631 4627/4627
f 4632/4632 4633/4633 4634/4634
f 4634/4634 4635/4635 4632/4632
f 4633/4633 4636/4636 4637/4637
f 4637/4637 4634/4634 4633/4633
f 4638/4638 4639/4639 4640/4640
f 4640/4640 4641/4641 4638/4638
f 4639/4639 4642/4642 4643/4643
f 4643/4643 4640/4640 4639/4639
f 4644/4644 4645/4645 4646/4646
f 4646/4646 4647/4647 4644/4644
f 4648/4648 4644/4644 4647/4647
f 4647/4647 4649/4649 4648/4648
f 4650/4650 4651/4651 4652/4652
f 4652/4652 4653/4653 4650/4650
f 4654/4654 4650/4650 4653/4653
f 4653/4653 4655/4655 4654/4654
f 4656/4656 4657/4657 4658/4658
f 4658/4658 4659/4659 4656/4656
f 4657/4657 4656/4656 4660/4660
f 4660/4660 4661/4661 4657/4657
f 4662/4662 4663/4663 4664/4664
f 4664/4664 4665/4665 4662/4662
f 4665/4665 4664/4664 4666/4666
f 4666/4666 4667/4667 4665/4665
f 4668/4668 4669/4669 4670/4670
f 4670/4670 4671/4671 4668/4668
f 4669/4669 4668/4668 4672/4672
f 4672/4672 4673/4673 4669/4669
f 4674/4674 4675/4675 4676/4676
f 4676/4676 4677/4677 4674/4674
f 4677/4677 4676/4676 4678/4678
f 4678/4678 4679/4679 4677/4677
f 4680/4680 4681/4681 4682/4682
f 4682/4682 4683/4683 4680/4680
f 4681/4681 4680/4680 4684/4684
f 4684/4684 4685/4685 4681/4681
f 4686/4686 4687/4687 4688/4688
f 4688/4688 4689/4689 4686/4686
f 4689/4689 4688/4688 4690/4690
f 4690/4690 4691/4691 4689/4689
f 4692/4692 4693/4693 4694/4694
f 4694/4694 4695/4695 4692/4692
f 4693/4693 4696/4696 4697/4697
f 4697/4697 4694/4694 4693/4693
f 4698/4698 4699/4699 4700/4700
f 4700/4700 4701/4701 4698/4698
f 4702/4702 4698/4698 4701/4701
f 4701/4701 4703/4703 4702/4702
f 4704/4704 4705/4705 4706/4706
f 4706/4706 4707/4707 4704/4704
f 4707/4707 4706/4706 4708/4708
f 4708/4708 4709/4709 4707/4707
f 4710/4710 4711/4711 4712/4712
f 4712/4712 4713/4713 4710/4710
f 4713/4713 4712/4712 4714/4714
f 4714/4714 4715/4715 4713/4713
f 4716/4716 4717/4717 4718/4718
f 4718/4718 4719/4719 4716/4716
f 4717/4717 4716/4716 4720/4720
f 4720/4720 4721/4721 4717/4717
f 4722/4722 4723/4723 4724/4724
f 4724/4724 4725/4725 4722/4722
f 4723/4723 4722/4722 4726/4726
f 4726/4726 4727/4727 4723/4723
f 4728/4728 4729/4729 4730/4730
f 4730/4730 4731/4731 4728/4728
f 4732/4732 4728/4728 4731/4731
f 4731/4731 4733/4733 4732/4732
f 4734/4734 4735/4735 4736/4736
f 4736/4736 4737/4737 4734/4734
f 4735/4735 4738/4738 4739/4739
f 4739/4739 4736/4736 4735/4735
f 4740/4740 4741/4741 4742/4742
f 4742/4742 4743/4743 4740/4740
f 4744/4744 4740/4740 4743/4743
f 4743/4743 4745/4745 4744/4744
f 4746/4746 4747/4747 4748/4748
f 4748/4748 4749/4749 4746/4746
f 4747/4747 4750/4750 4751/4751
f 4751/4751 4748/4748 4747/4747
f 4752/4752 4753/4753 4754/4754
f 4754/4754 4755/4755 4752/4752
f 4753/4753 4779/4779 4778/4778
f 4778/4778 4754/4754 4753/4753
f 4778/4778 4779/4779 4776/4776
f 4776/4776 4777/4777 4778/4778
f 4756/4756 4757/4757 4758/4758
f 4758/4758 4759/4759 4756/4756
f 4760/4760 4761/4761 4762/4762
f 4762/4762 4763/4763 4760/4760
f 4760/4760 4787/4787 4786/4786
f 4786/4786 4761/4761 4760/4760
f 4786/4786 4787/4787 4784/4784
f 4784/4784 4785/4785 4786/4786
f 4764/4764 4765/4765 4766/4766
f 4766/4766 4767/4767 4764/4764
f 4768/4768 4769/4769 4770/4770
f 4770/4770 4771/4771 4768/4768
f 4768/4768 4791/4791 4790/4790
f 4790/4790 4769/4769 4768/4768
f 4790/4790 4791/4791 4788/4788
f 4788/4788 4789/4789 4790/4790
f 4772/4772 4773/4773 4774/4774
f 4774/4774 4775/4775 4772/4772
f 4780/4780 4781/4781 4782/4782
f 4782/4782 4783/4783 4780/4780
f 4792/4792 4793/4793 4794/4794
f 4794/4794 4795/4795 4792/4792
f 4796/4796 4797/4797 4798/4798
f 4798/4798 4799/4799 4796/4796
f 4800/4800 4801/4801 4802/4802
f 4802/4802 4803/4803 4800/4800
f 4804/4804 4805/4805 4806/4806
f 4806/4806 4807/4807 4804/4804
f 4808/4808 4809/4809 4810/4810
f 4810/4810 4811/4811 4808/4808
f 4812/4812 4813/4813 4814/4814
f 4814/4814 4815/4815 4812/4812
f 4816/4816 4817/4817 4818/4818
f 4818/4818 4819/4819 4816/4816
f 4820/4820 4821/4821 4822/4822
f 4822/4822 4823/4823 4820/4820
f 4824/4824 4825/4825 4826/4826
f 4826/4826 4827/4827 4824/4824
f 4828/4828 4829/4829 4830/4830
f 4830/4830 4831/4831 4828/4828
f 4829/4829 4855/4855 4854/4854
f 4854/4854 4830/4830 4829/4829
f 4854/4854 4855/4855 4852/4852
f 4852/4852 4853/4853 4854/4854
f 4832/4832 4833/4833 4834/4834
f 4834/4834 4835/4835 4832/4832
f 4836/4836 4837/4837 4838/4838
f 4838/4838 4839/4839 4836/4836
f 4836/4836 4863/4863 4862/4862
f 4862/4862 4837/4837 4836/4836
f 4862/4862 4863/4863 4860/4860
f 4860/4860 4861/4861 4862/4862
f 4840/4840 4841/4841 4842/4842
f 4842/4842 4843/4843 4840/4840
f 4844/4844 4845/4845 4846/4846
f 4846/4846 4847/4847 4844/4844
f 4844/4844 4867/4867 4866/4866
f 4866/4866 4845/4845 4844/4844
f 4866/4866 4867/4867 4864/4864
f 4864/4864 4865/4865 4866/4866
f 4848/4848 4849/4849 4850/4850
f 4850/4850 4851/4851 4848/4848
f 4856/4856 4857/4857 4858/4858
f 4858/4858 4859/4859 4856/4856
f 4868/4868 4869/4869 4870/4870
f 4870/4870 4871/4871 4868/4868
f 4872/4872 4873/4873 4874/4874
f 4874/4874 4875/4875 4872/4872
f 4876/4876 4877/4877 4878/4878
f 4878/4878 4879/4879 4876/4876
f 4880/4880 4881/4881 4882/4882
f 4882/4882 4883/4883 4880/4880
f 4884/4884 4885/4885 4886/4886
f 4886/4886 4887/4887 4884/4884
f 4888/4888 4889/4889 4890/4890
f 4890/4890 4891/4891 4888/4888
f 4892/4892 4893/4893 4894/4894
f 4894/4894 4895/4895 4892/4892
f 4896/4896 4897/4897 4898/4898
f 4898/4898 4899/4899 4896/4896
f 4900/4900 4901/4901 4902/4902
f 4902/4902 4903/4903 4900/4900
f 4904/4904 4905/4905 4906/4906
f 4906/4906 4907/4907 4904/4904
f 4924/4924 4904/4904 4907/4907
f 4905/4905 4908/4908 4909/4909
f 4909/4909 4906/4906 4905/4905
f 4907/4907 4925/4925 4924/4924
f 4922/4922 4924/4924 4925/4925
f 4925/4925 4923/4923 4922/4922
f 4920/4920 4922/4922 4923/4923
f 4923/4923 4921/4921 4920/4920
f 4918/4918 4920/4920 4921/4921
f 4921/4921 4919/4919 4918/4918
f 4916/4916 4918/4918 4919/4919
f 4919/4919 4917/4917 4916/4916
f 4914/4914 4916/4916 4917/4917
f 4917/4917 4915/4915 4914/4914
f 4911/4911 4914/4914 4915/4915
f 4915/4915 4912/4912 4911/4911
f 4910/4910 4911/4911 4912/4912
f 4912/4912 4913/4913 4910/4910
f 4926/4926 4927/4927 4928/4928
f 4928/4928 4929/4929 4926/4926
f 4945/4945 4926/4926 4929/4929
f 4927/4927 4930/4930 4931/4931
f 4931/4931 4928/4928 4927/4927
f 4930/4930 4932/4932 4933/4933
f 4933/4933 4931/4931 4930/4930
f 4932/4932 4934/4934 4935/4935
f 4935/4935 4933/4933 4932/4932
f 4934/4934 4936/4936 4937/4937
f 4937/4937 4935/4935 4934/4934
f 4936/4936 4938/4938 4939/4939
f 4939/4939 4937/4937 4936/4936
f 4938/4938 4940/4940 4941/4941
f 4941/4941 4939/4939 4938/4938
f 4940/4940 4942/4942 4943/4943
f 4943/4943 4941/4941 4940/4940
f 4929/4929 4946/4946 4945/4945
f 4944/4944 4945/4945 4946/4946
f 4946/4946 4947/4947 4944/4944
f 4948/4948 4949/4949 4950/4950
f 4959/4959 4948/4948 4950/4950
f 4949/4949 4951/4951 4950/4950
f 4951/4951 4952/4952 4950/4950
f 4952/4952 4953/4953 4950/4950
f 4953/4953 4954/4954 4950/4950
f 4954/4954 4955/4955 4950/4950
f 4955/4955 4956/4956 4950/4950
f 4956/4956 4957/4957 4950/4950
f 4958/4958 4959/4959 4950/4950
f 4960/4960 4961/4961 4962/4962
f 4962/4962 4963/4963 4960/4960
f 4961/4961 4960/4960 4981/4981
f 4981/4981 4980/4980 4961/4961
f 4980/4980 4981/4981 4979/4979
f 4979/4979 4978/4978 4980/4980
f 4978/4978 4979/4979 4977/4977
f 4977/4977 4976/4976 4978/4978
f 4976/4976 4977/4977 4975/4975
f 4975/4975 4974/4974 4976/4976
f 4974/4974 4975/4975 4973/4973
f 4973/4973 4972/4972 4974/4974
f 4972/4972 4973/4973 4971/4971
f 4971/4971 4970/4970 4972/4972
f 4970/4970 4971/4971 4969/4969
f 4969/4969 4968/4968 4970/4970
f 4968/4968 4969/4969 4966/4966
f 4966/4966 4967/4967 4968/4968
f 4963/4963 4962/4962 4964/4964
f 4964/4964 4965/4965 4963/4963
f 4982/4982 4983/4983 4984/4984
f 4984/4984 4985/4985 4982/4982
f 4983/4983 4982/4982 5003/5003
f 5003/5003 5002/5002 4983/4983
f 5002/5002 5003/5003 5000/5000
f 5000/5000 5001/5001 5002/5002
f 4985/4985 4984/4984 4986/4986
f 4986/4986 4987/4987 4985/4985
f 4987/4987 4986/4986 4988/4988
f 4988/4988 4989/4989 4987/4987
f 4989/4989 4988/4988 4990/4990
f 4990/4990 4991/4991 4989/4989
f 4991/4991 4990/4990 4992/4992
f 4992/4992 4993/4993 4991/4991
f 4993/4993 4992/4992 4994/4994
f 4994/4994 4995/4995 4993/4993
f 4995/4995 4994/4994 4996/4996
f 4996/4996 4997/4997 4995/4995
f 4997/4997 4996/4996 4998/4998
f 4998/4998 4999/4999 4997/4997
f 5004/5004 5005/5005 5006/5006
f 5015/5015 5005/5005 5004/5004
f 5006/5006 5005/5005 5007/5007
f 5007/5007 5005/5005 5008/5008
f 5008/5008 5005/5005 5009/5009
f 5009/5009 5005/5005 5010/5010
f 5010/5010 5005/5005 5011/5011
f 5011/5011 5005/5005 5012/5012
f 5012/5012 5005/5005 5013/5013
f 5014/5014 5005/5005 5015/5015
f 5016/5016 5017/5017 5018/5018
f 5018/5018 5019/5019 5016/5016
f 5020/5020 5021/5021 5022/5022
f 5022/5022 5023/5023 5020/5020
f 5020/5020 5024/5024 5021/5021
f 5024/5024 5093/5093 5021/5021
f 5025/5025 5026/5026 5027/5027
f 5040/5040 5025/5025 5027/5027
f 5039/5039 5040/5040 5027/5027
f 5039/5039 5094/5094 5040/5040
f 5046/5046 5039/5039 5047/5047
f 5039/5039 5046/5046 5094/5094
f 5028/5028 5029/5029 5030/5030
f 5028/5028 5030/5030 5095/5095
f 5028/5028 5095/5095 5042/5042
f 5041/5041 5028/5028 5042/5042
f 5041/5041 5042/5042 5043/5043
f 5041/5041 5043/5043 5048/5048
f 5031/5031 5032/5032 5033/5033
f 5033/5033 5034/5034 5031/5031
f 5035/5035 5036/5036 5037/5037
f 5037/5037 5038/5038 5035/5035
f 5036/5036 5044/5044 5045/5045
f 5045/5045 5037/5037 5036/5036
f 5049/5049 5050/5050 5051/5051
f 5050/5050 5096/5096 5051/5051
f 5052/5052 5053/5053 5054/5054
f 5054/5054 5055/5055 5052/5052
f 5056/5056 5057/5057 5058/5058
f 5058/5058 5059/5059 5056/5056
f 5056/5056 5060/5060 5057/5057
f 5060/5060 5097/5097 5057/5057
f 5061/5061 5062/5062 5063/5063
f 5076/5076 5061/5061 5063/5063
f 5075/5075 5076/5076 5063/5063
f 5075/5075 5098/5098 5076/5076
f 5082/5082 5075/5075 5083/5083
f 5075/5075 5082/5082 5098/5098
f 5064/5064 5065/5065 5066/5066
f 5064/5064 5066/5066 5099/5099
f 5064/5064 5099/5099 5078/5078
f 5077/5077 5064/5064 5078/5078
f 5077/5077 5078/5078 5079/5079
f 5077/5077 5079/5079 5084/5084
f 5067/5067 5068/5068 5069/5069
f 5069/5069 5070/5070 5067/5067
f 5071/5071 5072/5072 5073/5073
f 5073/5073 5074/5074 5071/5071
f 5072/5072 5080/5080 5081/5081
f 5081/5081 5073/5073 5072/5072
f 5085/5085 5086/5086 5087/5087
f 5086/5086 5100/5100 5087/5087
f 5101/5101 5102/5102 5103/5103
f 5104/5104 5105/5105 5106/5106
f 5107/5107 5108/5108 5109/5109
f 5110/5110 5111/5111 5112/5112
f 5113/5113 5114/5114 5115/5115
f 5116/5116 5117/5117 5118/5118
o sedan-body
usemtl glass-25
v -0.0000004 0.8499318 -0.9464928
v -0.2924130 0.8513056 -0.9210170
v -0.2586112 1.0523614 -0.5391194
v -0.0000003 1.0525695 -0.5573997
v -0.6620145 0.8507577 -0.8450674
v -0.5874103 1.0487592 -0.4778544
v -0.5174206 1.2086540 -0.1552530
v -0.2280478 1.2136182 -0.1860426
v -0.0000002 1.2140097 -0.1927956
v -0.2279098 1.2095893 1.0257679
v -0.2532198 1.0614435 1.1971157
v 0.0000002 1.0620052 1.1999522
v 0.0000002 1.2099213 1.0272527
v -0.5168530 1.2053459 1.0089797
v -0.5758173 1.0567391 1.1700792
v -0.6327145 0.8995478 1.3157251
v -0.2785158 0.9051411 1.3405470
v 0.0000003 0.9057479 1.3421828
v -0.6422792 1.0439752 0.8771287
v -0.6477658 1.0432719 0.6571183
v -0.7173987 0.8520073 0.6543381
v -0.7113484 0.8531450 0.8480435
v -0.5641439 1.1843831 0.8271821
v -0.5651217 1.1846318 0.6648002
v -0.5655677 1.1849755 0.3624863
v -0.6478530 1.0407072 0.3346316
v -0.7226275 0.8500353 0.2994243
v -0.5640517 1.1854261 0.0231849
v -0.6478474 1.0400965 -0.0712749
v -0.6471237 1.0422760 0.2187962
v -0.5654515 1.1850349 0.2762284
v -0.7146991 0.8453018 -0.5269987
v -0.7229831 0.8474097 -0.1679790
v -0.6681275 0.9617147 -0.5052467
v -0.7232619 0.8494339 0.1467764
v -0.6347273 1.0453266 1.0507286
v -0.6402117 1.0464024 0.9172108
v -0.7062369 0.8562927 0.9876147
v -0.6940628 0.8821917 1.1431669
v -0.6885859 0.8963637 1.1583421
v -0.6813498 0.9146909 1.1568998
v -0.5635251 1.1836706 -0.0539472
v -0.5803505 1.1497434 0.9477923
v -0.7079442 0.8537851 0.9470968
v 0.2586105 1.0523614 -0.5391194
v 0.2924122 0.8513057 -0.9210170
v 0.5874096 1.0487593 -0.4778548
v 0.6620139 0.8507577 -0.8450678
v 0.2280474 1.2136182 -0.1860430
v 0.5174203 1.2086541 -0.1552530
v 0.2279101 1.2095893 1.0257679
v 0.2532203 1.0614435 1.1971157
v 0.5168534 1.2053459 1.0089789
v 0.5758178 1.0567392 1.1700792
v 0.2785164 0.9051411 1.3405470
v 0.6327150 0.8995479 1.3157243
v 0.6422794 1.0439752 0.8771287
v 0.7113486 0.8531451 0.8480435
v 0.7173988 0.8520074 0.6543373
v 0.6477660 1.0432719 0.6571183
v 0.5651219 1.1846319 0.6647994
v 0.5641440 1.1843831 0.8271813
v 0.5655678 1.1849755 0.3624859
v 0.6478529 1.0407072 0.3346312
v 0.7226274 0.8500354 0.2994239
v 0.5640515 1.1854262 0.0231849
v 0.5654515 1.1850350 0.2762284
v 0.6471236 1.0422760 0.2187958
v 0.6478472 1.0400966 -0.0712753
v 0.7146985 0.8453020 -0.5269995
v 0.6681269 0.9617147 -0.5052472
v 0.7229828 0.8474098 -0.1679794
v 0.7232617 0.8494340 0.1467760
v 0.6347277 1.0453266 1.0507286
v 0.6940632 0.8821917 1.1431669
v 0.7062373 0.8562928 0.9876139
v 0.6402120 1.0464025 0.9172099
v 0.6813502 0.9146910 1.1568989
v 0.6885863 0.8963638 1.1583421
v 0.5635249 1.1836706 -0.0539472
v 0.6405274 1.0380526 -0.3776595
v 0.5698297 1.1698970 -0.1169651
v 0.5803508 1.1497435 0.9477914
v 0.5649486 1.1818030 0.8681988
v 0.5685607 1.1726196 0.9156288
v 0.7079445 0.8537852 0.9470960
v -0.6405279 1.0380525 -0.3776591
v -0.5698301 1.1698969 -0.1169651
v -0.5685603 1.1726196 0.9156288
v -0.5649484 1.1818029 0.8681988
vt 0.6730675 0.0042383
vt 0.7209142 0.0080615
vt 0.7153071 0.0785782
vt 0.6730675 0.0758894
vt 0.7816209 0.0191370
vt 0.7692490 0.0873277
vt 0.7577663 0.1461940
vt 0.7103588 0.1419970
vt 0.6730676 0.1410331
vt 0.1497443 0.2135901
vt 0.1456698 0.1765781
vt 0.1870079 0.1763209
vt 0.1870079 0.2134640
vt 0.1024232 0.2150863
vt 0.0928428 0.1792100
vt 0.0834490 0.1442023
vt 0.1414577 0.1419328
vt 0.1870078 0.1417750
vt 0.4637016 0.0782590
vt 0.3878599 0.0775462
vt 0.3867605 0.0106423
vt 0.4506516 0.0116023
vt 0.4474363 0.1311374
vt 0.3906098 0.1312659
vt 0.2946621 0.1316254
vt 0.2769846 0.0771322
vt 0.2569898 0.0097630
vt 0.1958750 0.1323162
vt 0.1645181 0.0773629
vt 0.2655818 0.0777810
vt 0.2830240 0.1317184
vt 0.0141213 0.0103011
vt 0.1324443 0.0094048
vt 0.0214136 0.0515599
vt 0.2453692 0.0095997
vt 0.5169039 0.0765897
vt 0.4728636 0.0763055
vt 0.4959053 0.0101664
vt 0.5472286 0.0194327
vt 0.5522468 0.0244170
vt 0.5517902 0.0309067
vt 0.1704512 0.1319464
vt 0.4831044 0.1154717
vt 0.4866014 0.0121425
vt 0.6308280 0.0785782
vt 0.6252209 0.0080615
vt 0.5768860 0.0873277
vt 0.5645143 0.0191371
vt 0.6357763 0.1419970
vt 0.5883688 0.1461940
vt 0.2242715 0.2135901
vt 0.2283459 0.1765781
vt 0.2715925 0.2150863
vt 0.2811730 0.1792100
vt 0.2325580 0.1419328
vt 0.2905667 0.1442023
vt 0.4637016 0.0782590
vt 0.4506516 0.0116023
vt 0.3867605 0.0106423
vt 0.3878599 0.0775462
vt 0.3906098 0.1312659
vt 0.4474363 0.1311374
vt 0.2946621 0.1316254
vt 0.2769846 0.0771322
vt 0.2569898 0.0097630
vt 0.1958750 0.1323162
vt 0.2830240 0.1317184
vt 0.2655818 0.0777810
vt 0.1645181 0.0773629
vt 0.0141213 0.0103011
vt 0.0214136 0.0515599
vt 0.1324443 0.0094048
vt 0.2453692 0.0095997
vt 0.5169039 0.0765897
vt 0.5472286 0.0194327
vt 0.4959053 0.0101664
vt 0.4728636 0.0763055
vt 0.5517902 0.0309067
vt 0.5522468 0.0244170
vt 0.1704512 0.1319464
vt 0.0635430 0.0780886
vt 0.1496618 0.1270217
vt 0.4831044 0.1154717
vt 0.4569002 0.1272846
vt 0.4725300 0.1239837
vt 0.4866014 0.0121425
vt 0.0635430 0.0780886
vt 0.1496618 0.1270217
vt 0.4725300 0.1239837
vt 0.4569002 0.1272846
f 5119/5119 5120/5120 5121/5121
f 5121/5121 5122/5122 5119/5119
f 5119/5119 5122/5122 5163/5163
f 5163/5163 5164/5164 5119/5119
f 5120/5120 5123/5123 5124/5124
f 5124/5124 5121/5121 5120/5120
f 5121/5121 5124/5124 5125/5125
f 5125/5125 5126/5126 5121/5121
f 5121/5121 5126/5126 5127/5127
f 5127/5127 5122/5122 5121/5121
f 5163/5163 5122/5122 5127/5127
f 5127/5127 5167/5167 5163/5163
f 5163/5163 5167/5167 5168/5168
f 5168/5168 5165/5165 5163/5163
f 5164/5164 5163/5163 5165/5165
f 5165/5165 5166/5166 5164/5164
f 5128/5128 5129/5129 5130/5130
f 5130/5130 5131/5131 5128/5128
f 5129/5129 5128/5128 5132/5132
f 5132/5132 5133/5133 5129/5129
f 5135/5135 5129/5129 5133/5133
f 5130/5130 5129/5129 5135/5135
f 5133/5133 5134/5134 5135/5135
f 5135/5135 5136/5136 5130/5130
f 5130/5130 5136/5136 5173/5173
f 5172/5172 5170/5170 5173/5173
f 5173/5173 5174/5174 5172/5172
f 5173/5173 5170/5170 5130/5130
f 5170/5170 5172/5172 5171/5171
f 5130/5130 5170/5170 5169/5169
f 5171/5171 5169/5169 5170/5170
f 5169/5169 5131/5131 5130/5130
f 5137/5137 5138/5138 5139/5139
f 5139/5139 5140/5140 5137/5137
f 5138/5138 5137/5137 5141/5141
f 5140/5140 5162/5162 5137/5137
f 5144/5144 5145/5145 5139/5139
f 5139/5139 5138/5138 5144/5144
f 5143/5143 5144/5144 5138/5138
f 5141/5141 5142/5142 5138/5138
f 5138/5138 5142/5142 5143/5143
f 5146/5146 5147/5147 5148/5148
f 5148/5148 5149/5149 5146/5146
f 5160/5160 5147/5147 5146/5146
f 5153/5153 5148/5148 5147/5147
f 5147/5147 5151/5151 5153/5153
f 5151/5151 5147/5147 5205/5205
f 5160/5160 5205/5205 5147/5147
f 5160/5160 5206/5206 5205/5205
f 5151/5151 5205/5205 5152/5152
f 5150/5150 5151/5151 5152/5152
f 5154/5154 5155/5155 5156/5156
f 5156/5156 5157/5157 5154/5154
f 5159/5159 5154/5154 5157/5157
f 5161/5161 5155/5155 5154/5154
f 5161/5161 5208/5208 5155/5155
f 5161/5161 5207/5207 5208/5208
f 5157/5157 5158/5158 5159/5159
f 5175/5175 5176/5176 5177/5177
f 5177/5177 5178/5178 5175/5175
f 5180/5180 5175/5175 5178/5178
f 5176/5176 5175/5175 5204/5204
f 5182/5182 5178/5178 5177/5177
f 5177/5177 5183/5183 5182/5182
f 5178/5178 5179/5179 5180/5180
f 5181/5181 5179/5179 5178/5178
f 5178/5178 5182/5182 5181/5181
f 5184/5184 5185/5185 5186/5186
f 5186/5186 5187/5187 5184/5184
f 5198/5198 5184/5184 5187/5187
f 5187/5187 5186/5186 5191/5191
f 5191/5191 5190/5190 5187/5187
f 5199/5199 5187/5187 5190/5190
f 5198/5198 5187/5187 5199/5199
f 5198/5198 5199/5199 5200/5200
f 5189/5189 5199/5199 5190/5190
f 5188/5188 5189/5189 5190/5190
f 5192/5192 5193/5193 5194/5194
f 5194/5194 5195/5195 5192/5192
f 5193/5193 5192/5192 5196/5196
f 5201/5201 5192/5192 5195/5195
f 5196/5196 5197/5197 5193/5193
f 5201/5201 5195/5195 5202/5202
f 5201/5201 5202/5202 5203/5203
o sedan-body
usemtl optics-26
v -0.6896283 0.6163360 -1.6662176
v -0.6648263 0.6179673 -1.7323762
v -0.6800726 0.5402502 -1.6875361
v -0.6268992 0.6153415 -1.7926029
v -0.6234741 0.5403275 -1.7960549
v -0.6210217 0.6146038 -1.7927829
v -0.6222940 0.6151006 -1.7985527
v -0.6190647 0.5403270 -1.8018308
v -0.6149340 0.5346342 -1.7943652
v -0.6232810 0.6754346 -1.7815894
v -0.6210217 0.6146038 -1.7927829
v -0.6268992 0.6153415 -1.7926029
v -0.6295501 0.6733999 -1.7824322
v -0.6232810 0.6754346 -1.7815894
v -0.6247945 0.6730036 -1.7885089
v -0.6149340 0.5346342 -1.7943652
v -0.6234741 0.5403275 -1.7960549
v -0.6190647 0.5403270 -1.8018308
v -0.4740041 0.5403256 -1.8695525
v -0.3509497 0.5337199 -1.9204305
v -0.6149340 0.5346342 -1.7943652
v -0.6234741 0.5403275 -1.7960549
v -0.6149340 0.5346342 -1.7943652
v -0.6752823 0.5340984 -1.6840290
v -0.6800726 0.5402502 -1.6875361
v -0.6190647 0.5403270 -1.8018308
v -0.6222940 0.6151006 -1.7985527
v -0.4851909 0.6133816 -1.8610021
v -0.4740041 0.5403256 -1.8695525
v -0.6247945 0.6730036 -1.7885089
v -0.4909508 0.6658198 -1.8508967
v -0.6295501 0.6733999 -1.7824322
v -0.6621271 0.6743034 -1.7244004
v -0.6864309 0.6585635 -1.6643076
v -0.6886516 0.6392972 -1.6608870
v -0.6742772 0.6750640 -1.6893825
v -0.6802616 0.6708737 -1.6763214
v -0.6800726 0.5402502 -1.6875361
v -0.6752823 0.5340984 -1.6840290
v -0.6869954 0.6160888 -1.6617551
v -0.6896283 0.6163360 -1.6662176
v -0.3834586 0.6121061 -1.9073400
v -0.3782115 0.6117063 -1.9053079
v -0.3509497 0.5337199 -1.9204305
v -0.3583089 0.5403246 -1.9235650
v -0.3942346 0.6289851 -1.9001781
v -0.3902304 0.6308391 -1.8972550
v -0.6247945 0.6730036 -1.7885089
v -0.6232810 0.6754346 -1.7815894
v -0.4888880 0.6686441 -1.8469476
v -0.4909508 0.6658198 -1.8508967
v -0.4607652 0.6658779 -1.8602279
v -0.4630785 0.6630783 -1.8640590
v -0.4331701 0.6592550 -1.8737763
v -0.4359842 0.6565757 -1.8773617
v -0.4082079 0.6465147 -1.8869251
v -0.4116198 0.6441405 -1.8901935
v -0.6621271 0.6743034 -1.7244004
v -0.6583587 0.6771352 -1.7221826
v -0.6232810 0.6754346 -1.7815894
v -0.6295501 0.6733999 -1.7824322
v -0.6858855 0.6399079 -1.6564649
v -0.6835436 0.6599015 -1.6601177
v -0.6864309 0.6585635 -1.6643076
v -0.6886516 0.6392972 -1.6608870
v -0.6710247 0.6776977 -1.6856603
v -0.6742772 0.6750640 -1.6893825
v -0.6772132 0.6728002 -1.6723490
v -0.6802616 0.6708737 -1.6763214
v -0.4630785 0.6630783 -1.8640590
v -0.3834586 0.6121061 -1.9073400
v -0.3583089 0.5403246 -1.9235650
v -0.3583089 0.5403246 -1.9235650
v -0.4359842 0.6565757 -1.8773617
v -0.4116198 0.6441405 -1.8901935
v -0.3942346 0.6289851 -1.9001781
v -0.6225115 0.4334327 -1.7876334
v -0.6688531 0.3660196 -1.7558982
v -0.6838213 0.4337793 -1.7393969
v -0.6039344 0.4258340 -1.7947403
v -0.5831784 0.3648386 -1.8034193
v -0.5904841 0.3685973 -1.8052363
v -0.6085303 0.4212251 -1.7978123
v -0.6700999 0.3612860 -1.7519046
v -0.6779554 0.3810318 -1.7358665
v -0.6867431 0.4384206 -1.7257701
v -0.6179244 0.4380472 -1.7845896
v -0.6143117 0.5450411 1.8928472
v -0.6147842 0.5794562 1.8905991
v -0.6460917 0.5793778 1.7963161
v -0.6484536 0.5449160 1.7881477
v -0.5633972 0.5794588 1.9456809
v -0.5939760 0.5794574 1.9253550
v -0.5931078 0.5450400 1.9280773
v -0.5623669 0.5450363 1.9488758
v -0.5903942 0.6457808 1.9201097
v -0.6110972 0.6457773 1.8862680
v -0.6110972 0.6457773 1.8862680
v -0.6100571 0.6624875 1.8922839
v -0.6360962 0.6624902 1.8158698
v -0.6361780 0.6458698 1.8119591
v -0.5903942 0.6457808 1.9201097
v -0.5888541 0.6624840 1.9264750
v -0.5599282 0.6457847 1.9395205
v -0.5582310 0.6624801 1.9460131
v -0.6361780 0.6458698 1.8119591
v -0.5599282 0.6457847 1.9395205
v -0.5581488 0.5791051 1.9431203
v -0.5633972 0.5794588 1.9456809
v -0.5623669 0.5450363 1.9488758
v -0.5574134 0.5417424 1.9474661
v -0.5530691 0.6633980 1.9434427
v -0.5516658 0.6624796 1.9490937
v -0.5458323 0.7114984 1.9477747
v -0.5476416 0.7109387 1.9422175
v -0.5582310 0.6624801 1.9460131
v -0.5530691 0.6633980 1.9434427
v -0.5476416 0.7109387 1.9422175
v -0.5524351 0.7116753 1.9447512
v -0.5581488 0.5791051 1.9431203
v -0.5568697 0.5794589 1.9488570
v -0.5533281 0.6457852 1.9426020
v -0.5547343 0.6465469 1.9369452
v -0.5530691 0.6633980 1.9434427
v -0.5582310 0.6624801 1.9460131
v -0.5599282 0.6457847 1.9395205
v -0.5547343 0.6465469 1.9369452
v -0.5547343 0.6465469 1.9369452
v -0.5533281 0.6457852 1.9426020
v -0.5516658 0.6624796 1.9490937
v -0.5530691 0.6633980 1.9434427
v -0.5547343 0.6465469 1.9369452
v -0.5599282 0.6457847 1.9395205
v -0.5574134 0.5417424 1.9474661
v -0.5558710 0.5450336 1.9521025
v -0.3690240 0.5418041 1.9923568
v -0.3713682 0.5450270 1.9937901
v -0.4495692 0.5450298 1.9761269
v -0.6457776 0.5418236 1.7853365
v -0.6123236 0.5418288 1.8920505
v -0.6143117 0.5450411 1.8928472
v -0.6484536 0.5449160 1.7881477
v -0.5931078 0.5450400 1.9280773
v -0.5915276 0.5417943 1.9267149
v -0.5574134 0.5417424 1.9474661
v -0.5623669 0.5450363 1.9488758
v -0.6298241 0.6965649 1.8238611
v -0.6100571 0.6624875 1.8922839
v -0.6037648 0.7125423 1.8919933
v -0.6266675 0.7079459 1.8323421
v -0.5888541 0.6624840 1.9264750
v -0.5826469 0.7119940 1.9257468
v -0.5582310 0.6624801 1.9460131
v -0.5524351 0.7116753 1.9447512
v -0.4067549 0.6839851 1.9777358
v -0.4558387 0.6624788 1.9690229
v -0.3957534 0.6624784 1.9813388
v -0.3957534 0.6624784 1.9813388
v -0.4558387 0.6624788 1.9690229
v -0.4562341 0.6457860 1.9627050
v -0.3932920 0.6457865 1.9756021
v -0.3932920 0.6457865 1.9756021
v -0.4562341 0.6457860 1.9627050
v -0.4532188 0.5794592 1.9714962
v -0.3804744 0.5794594 1.9874567
v -0.4495692 0.5450298 1.9761269
v -0.3713682 0.5450270 1.9937901
v -0.6460917 0.5793778 1.7963161
v -0.6443188 0.5792312 1.7936787
v -0.6457776 0.5418236 1.7853365
v -0.6484536 0.5449160 1.7881477
v -0.6360962 0.6624902 1.8158698
v -0.6344158 0.6627370 1.8133018
v -0.6344869 0.6459815 1.8093674
v -0.6361780 0.6458698 1.8119591
v -0.6361780 0.6458698 1.8119591
v -0.6344869 0.6459815 1.8093674
v -0.5458323 0.7114984 1.9477747
v -0.5441502 0.7134799 1.9459030
v -0.5466528 0.7129025 1.9398911
v -0.5476416 0.7109387 1.9422175
v -0.5476416 0.7109387 1.9422175
v -0.5466528 0.7129025 1.9398911
v -0.5523400 0.7135980 1.9422028
v -0.5524351 0.7116753 1.9447512
v -0.6266675 0.7079459 1.8323421
v -0.6245845 0.7096492 1.8307047
v -0.6280715 0.6973015 1.8214849
v -0.6298241 0.6965649 1.8238611
v -0.6344158 0.6627370 1.8133018
v -0.6360962 0.6624902 1.8158698
v -0.6037648 0.7125423 1.8919933
v -0.6014232 0.7145714 1.8909877
v -0.5826469 0.7119940 1.9257468
v -0.5808508 0.7139975 1.9239927
v -0.4067549 0.6839851 1.9777358
v -0.4048608 0.6852336 1.9755416
v -0.4235079 0.7019408 1.9707167
v -0.4248839 0.7002332 1.9730382
v -0.4544643 0.7106709 1.9638502
v -0.4552618 0.7087889 1.9662999
v -0.5441502 0.7134799 1.9459030
v -0.5458323 0.7114984 1.9477747
v -0.3957534 0.6624784 1.9813388
v -0.3933608 0.6628965 1.9793446
v -0.3932920 0.6457865 1.9756021
v -0.3911457 0.6460820 1.9735459
v -0.3933608 0.6628965 1.9793446
v -0.3957534 0.6624784 1.9813388
v -0.3804744 0.5794594 1.9874567
v -0.3781539 0.5791472 1.9854413
v -0.3911457 0.6460820 1.9735459
v -0.3932920 0.6457865 1.9756021
v -0.3713682 0.5450270 1.9937901
v -0.3690240 0.5418041 1.9923568
v -0.4552618 0.7087889 1.9662999
v -0.5458323 0.7114984 1.9477747
v -0.5516658 0.6624796 1.9490937
v -0.5516658 0.6624796 1.9490937
v -0.5533281 0.6457852 1.9426020
v -0.4562341 0.6457860 1.9627050
v -0.5533281 0.6457852 1.9426020
v -0.5568697 0.5794589 1.9488570
v -0.4532188 0.5794592 1.9714962
v -0.5558710 0.5450336 1.9521025
v -0.4495692 0.5450298 1.9761269
v -0.5558710 0.5450336 1.9521025
v -0.5574134 0.5417424 1.9474661
v -0.4248839 0.7002332 1.9730382
v -0.6360962 0.6624902 1.8158698
v 0.6896270 0.6163361 -1.6662180
v 0.6800715 0.5402502 -1.6875365
v 0.6648251 0.6179673 -1.7323766
v 0.6234730 0.5403275 -1.7960557
v 0.6268980 0.6153416 -1.7926029
v 0.6190636 0.5403271 -1.8018312
v 0.6222929 0.6151007 -1.7985535
v 0.6210206 0.6146038 -1.7927833
v 0.6149329 0.5346343 -1.7943656
v 0.6232798 0.6754347 -1.7815898
v 0.6295489 0.6733999 -1.7824322
v 0.6268980 0.6153416 -1.7926029
v 0.6210206 0.6146038 -1.7927833
v 0.6232798 0.6754347 -1.7815898
v 0.6247934 0.6730036 -1.7885093
v 0.6234730 0.5403275 -1.7960557
v 0.6149329 0.5346343 -1.7943656
v 0.3509484 0.5337200 -1.9204305
v 0.4740029 0.5403257 -1.8695525
v 0.6190636 0.5403271 -1.8018312
v 0.6149329 0.5346343 -1.7943656
v 0.6234730 0.5403275 -1.7960557
v 0.6800715 0.5402502 -1.6875365
v 0.6752812 0.5340984 -1.6840298
v 0.6149329 0.5346343 -1.7943656
v 0.4851897 0.6133816 -1.8610021
v 0.6222929 0.6151007 -1.7985535
v 0.6190636 0.5403271 -1.8018312
v 0.4740029 0.5403257 -1.8695525
v 0.4909495 0.6658199 -1.8508967
v 0.6247934 0.6730036 -1.7885093
v 0.6295489 0.6733999 -1.7824322
v 0.6621259 0.6743034 -1.7244004
v 0.6864298 0.6585636 -1.6643080
v 0.6886505 0.6392973 -1.6608878
v 0.6742761 0.6750641 -1.6893833
v 0.6802605 0.6708738 -1.6763222
v 0.6800715 0.5402502 -1.6875365
v 0.6896270 0.6163361 -1.6662180
v 0.6869942 0.6160888 -1.6617559
v 0.6752812 0.5340984 -1.6840298
v 0.3834573 0.6121061 -1.9073400
v 0.3583076 0.5403246 -1.9235650
v 0.3509484 0.5337200 -1.9204305
v 0.3782102 0.6117063 -1.9053079
v 0.3942332 0.6289851 -1.9001781
v 0.3902291 0.6308392 -1.8972550
v 0.6247934 0.6730036 -1.7885093
v 0.4909495 0.6658199 -1.8508967
v 0.4888868 0.6686442 -1.8469476
v 0.6232798 0.6754347 -1.7815898
v 0.4630773 0.6630783 -1.8640590
v 0.4607639 0.6658779 -1.8602279
v 0.4359830 0.6565757 -1.8773617
v 0.4331687 0.6592550 -1.8737763
v 0.4116185 0.6441406 -1.8901935
v 0.4082067 0.6465147 -1.8869251
v 0.6621259 0.6743034 -1.7244004
v 0.6295489 0.6733999 -1.7824322
v 0.6232798 0.6754347 -1.7815898
v 0.6583575 0.6771352 -1.7221834
v 0.6864298 0.6585636 -1.6643080
v 0.6835425 0.6599015 -1.6601185
v 0.6858842 0.6399079 -1.6564657
v 0.6886505 0.6392973 -1.6608878
v 0.6710235 0.6776977 -1.6856611
v 0.6742761 0.6750641 -1.6893833
v 0.6802605 0.6708738 -1.6763222
v 0.6772121 0.6728003 -1.6723499
v 0.4630773 0.6630783 -1.8640590
v 0.3583076 0.5403246 -1.9235650
v 0.3834573 0.6121061 -1.9073400
v 0.3583076 0.5403246 -1.9235650
v 0.4359830 0.6565757 -1.8773617
v 0.4116185 0.6441406 -1.8901935
v 0.3942332 0.6289851 -1.9001781
v 0.6225104 0.4334327 -1.7876334
v 0.6838201 0.4337794 -1.7393969
v 0.6688520 0.3660197 -1.7558986
v 0.6039333 0.4258340 -1.7947407
v 0.6085292 0.4212252 -1.7978127
v 0.5904830 0.3685974 -1.8052371
v 0.5831773 0.3648387 -1.8034193
v 0.6700986 0.3612861 -1.7519046
v 0.6779543 0.3810318 -1.7358669
v 0.6867419 0.4384207 -1.7257701
v 0.6179233 0.4380472 -1.7845896
v 0.6143129 0.5450411 1.8928472
v 0.6484546 0.5449161 1.7881469
v 0.6460926 0.5793778 1.7963161
v 0.6147853 0.5794563 1.8905991
v 0.5931090 0.5450401 1.9280773
v 0.5939771 0.5794574 1.9253550
v 0.5633984 0.5794588 1.9456809
v 0.5623681 0.5450363 1.9488758
v 0.6110982 0.6457774 1.8862680
v 0.5903952 0.6457809 1.9201089
v 0.6110982 0.6457774 1.8862680
v 0.6361790 0.6458698 1.8119591
v 0.6360971 0.6624902 1.8158690
v 0.6100581 0.6624875 1.8922831
v 0.5888552 0.6624841 1.9264750
v 0.5903952 0.6457809 1.9201089
v 0.5582321 0.6624801 1.9460131
v 0.5599294 0.6457847 1.9395205
v 0.6361790 0.6458698 1.8119591
v 0.5599294 0.6457847 1.9395205
v 0.5581499 0.5791051 1.9431203
v 0.5574146 0.5417424 1.9474661
v 0.5623681 0.5450363 1.9488758
v 0.5633984 0.5794588 1.9456809
v 0.5530702 0.6633981 1.9434427
v 0.5476426 0.7109387 1.9422175
v 0.5458333 0.7114984 1.9477747
v 0.5516668 0.6624796 1.9490937
v 0.5476426 0.7109387 1.9422175
v 0.5530702 0.6633981 1.9434427
v 0.5582321 0.6624801 1.9460131
v 0.5524360 0.7116753 1.9447512
v 0.5581499 0.5791051 1.9431203
v 0.5547353 0.6465470 1.9369452
v 0.5533291 0.6457852 1.9426020
v 0.5568709 0.5794590 1.9488570
v 0.5530702 0.6633981 1.9434427
v 0.5547353 0.6465470 1.9369452
v 0.5599294 0.6457847 1.9395205
v 0.5582321 0.6624801 1.9460131
v 0.5547353 0.6465470 1.9369452
v 0.5530702 0.6633981 1.9434427
v 0.5516668 0.6624796 1.9490937
v 0.5533291 0.6457852 1.9426020
v 0.5547353 0.6465470 1.9369452
v 0.5599294 0.6457847 1.9395205
v 0.5574146 0.5417424 1.9474661
v 0.5558721 0.5450337 1.9521025
v 0.3690252 0.5418042 1.9923568
v 0.4495703 0.5450299 1.9761269
v 0.3713693 0.5450271 1.9937901
v 0.6457785 0.5418236 1.7853357
v 0.6484546 0.5449161 1.7881469
v 0.6143129 0.5450411 1.8928472
v 0.6123247 0.5418289 1.8920505
v 0.5931090 0.5450401 1.9280773
v 0.5623681 0.5450363 1.9488758
v 0.5574146 0.5417424 1.9474661
v 0.5915287 0.5417943 1.9267149
v 0.6298249 0.6965650 1.8238611
v 0.6266683 0.7079460 1.8323413
v 0.6037659 0.7125423 1.8919933
v 0.6100581 0.6624875 1.8922831
v 0.5826480 0.7119940 1.9257460
v 0.5888552 0.6624841 1.9264750
v 0.5524360 0.7116753 1.9447512
v 0.5582321 0.6624801 1.9460131
v 0.4067559 0.6839851 1.9777358
v 0.3957544 0.6624784 1.9813388
v 0.4558398 0.6624788 1.9690229
v 0.3957544 0.6624784 1.9813388
v 0.3932932 0.6457865 1.9756021
v 0.4562353 0.6457861 1.9627050
v 0.4558398 0.6624788 1.9690229
v 0.3932932 0.6457865 1.9756021
v 0.3804756 0.5794595 1.9874567
v 0.4532201 0.5794593 1.9714962
v 0.4562353 0.6457861 1.9627050
v 0.3713693 0.5450271 1.9937901
v 0.4495703 0.5450299 1.9761269
v 0.6460926 0.5793778 1.7963161
v 0.6484546 0.5449161 1.7881469
v 0.6457785 0.5418236 1.7853357
v 0.6443197 0.5792312 1.7936787
v 0.6360971 0.6624902 1.8158690
v 0.6361790 0.6458698 1.8119591
v 0.6344878 0.6459815 1.8093674
v 0.6344166 0.6627370 1.8133010
v 0.6361790 0.6458698 1.8119591
v 0.6344878 0.6459815 1.8093674
v 0.5458333 0.7114984 1.9477747
v 0.5476426 0.7109387 1.9422175
v 0.5466538 0.7129025 1.9398911
v 0.5441511 0.7134800 1.9459030
v 0.5476426 0.7109387 1.9422175
v 0.5524360 0.7116753 1.9447512
v 0.5523410 0.7135980 1.9422028
v 0.5466538 0.7129025 1.9398911
v 0.6266683 0.7079460 1.8323413
v 0.6298249 0.6965650 1.8238611
v 0.6280726 0.6973015 1.8214841
v 0.6245854 0.7096492 1.8307047
v 0.6360971 0.6624902 1.8158690
v 0.6344166 0.6627370 1.8133010
v 0.6037659 0.7125423 1.8919933
v 0.6014242 0.7145715 1.8909877
v 0.5826480 0.7119940 1.9257460
v 0.5808517 0.7139976 1.9239927
v 0.4067559 0.6839851 1.9777358
v 0.4248849 0.7002333 1.9730382
v 0.4235089 0.7019408 1.9707167
v 0.4048619 0.6852337 1.9755416
v 0.4552630 0.7087889 1.9662999
v 0.4544654 0.7106709 1.9638502
v 0.5458333 0.7114984 1.9477747
v 0.5441511 0.7134800 1.9459030
v 0.3957544 0.6624784 1.9813388
v 0.3933619 0.6628965 1.9793446
v 0.3932932 0.6457865 1.9756021
v 0.3957544 0.6624784 1.9813388
v 0.3933619 0.6628965 1.9793446
v 0.3911469 0.6460820 1.9735459
v 0.3804756 0.5794595 1.9874567
v 0.3932932 0.6457865 1.9756021
v 0.3911469 0.6460820 1.9735459
v 0.3781551 0.5791473 1.9854413
v 0.3713693 0.5450271 1.9937901
v 0.3690252 0.5418042 1.9923568
v 0.4552630 0.7087889 1.9662999
v 0.5516668 0.6624796 1.9490937
v 0.5458333 0.7114984 1.9477747
v 0.5533291 0.6457852 1.9426020
v 0.5516668 0.6624796 1.9490937
v 0.4562353 0.6457861 1.9627050
v 0.4532201 0.5794593 1.9714962
v 0.5568709 0.5794590 1.9488570
v 0.5533291 0.6457852 1.9426020
v 0.4495703 0.5450299 1.9761269
v 0.5558721 0.5450337 1.9521025
v 0.5574146 0.5417424 1.9474661
v 0.5558721 0.5450337 1.9521025
v 0.4248849 0.7002333 1.9730382
v 0.6360971 0.6624902 1.8158690
vt 0.8616416 0.5650731
vt 0.7620290 0.5666536
vt 0.8285010 0.4756879
vt 0.6621345 0.5634571
vt 0.6570288 0.4757078
vt 0.3790216 0.5268313
vt 0.3719874 0.5273240
vt 0.3656243 0.4566295
vt 0.3697518 0.4489522
vt 0.6712617 0.6364189
vt 0.6539670 0.5630445
vt 0.6621345 0.5634571
vt 0.6769286 0.6313023
vt 0.3848439 0.5872518
vt 0.3800088 0.5825520
vt 0.6496887 0.4666748
vt 0.6570288 0.4757078
vt 0.3656243 0.4566295
vt 0.1717857 0.4568955
vt 0.0087826 0.4489522
vt 0.3697518 0.4489522
vt 0.6570288 0.4757078
vt 0.6496887 0.4666748
vt 0.8318518 0.4666748
vt 0.8285010 0.4756879
vt 0.3656243 0.4566295
vt 0.3719874 0.5273240
vt 0.1883728 0.5266582
vt 0.1717857 0.4568955
vt 0.3800088 0.5825520
vt 0.2003711 0.5772011
vt 0.6769286 0.6313023
vt 0.7704570 0.6331214
vt 0.8622676 0.6149800
vt 0.8681563 0.5923767
vt 0.8230115 0.6344935
vt 0.8433601 0.6294598
vt 0.8285010 0.4756879
vt 0.8318518 0.4666748
vt 0.8687966 0.5644190
vt 0.8616416 0.5650731
vt 0.0520974 0.5249633
vt 0.0454404 0.5256127
vt 0.0087826 0.4489522
vt 0.0169130 0.4559416
vt 0.0675745 0.5414724
vt 0.0629584 0.5449389
vt 0.3800088 0.5825520
vt 0.3848439 0.5872518
vt 0.2001742 0.5822240
vt 0.2003711 0.5772011
vt 0.1616466 0.5797024
vt 0.1625912 0.5747116
vt 0.1235661 0.5732080
vt 0.1255994 0.5684323
vt 0.0885978 0.5606199
vt 0.0919330 0.5563189
vt 0.7704570 0.6331214
vt 0.7709047 0.6391795
vt 0.6712617 0.6364189
vt 0.6769286 0.6313023
vt 0.8753597 0.5935618
vt 0.8684842 0.6179936
vt 0.8622676 0.6149800
vt 0.8681563 0.5923767
vt 0.8266003 0.6402945
vt 0.8230115 0.6344935
vt 0.8482544 0.6341240
vt 0.8433601 0.6294598
vt 0.1625912 0.5747116
vt 0.0520974 0.5249633
vt 0.0169130 0.4559416
vt 0.0169130 0.4559416
vt 0.1255994 0.5684323
vt 0.0919330 0.5563189
vt 0.0675745 0.5414724
vt 0.2555919 0.7644780
vt 0.3385805 0.6720573
vt 0.3652997 0.7688032
vt 0.2264270 0.7549514
vt 0.1987912 0.6651901
vt 0.2077176 0.6720895
vt 0.2322897 0.7469441
vt 0.3437848 0.6651901
vt 0.3687653 0.6946211
vt 0.3822513 0.7793522
vt 0.2519434 0.7736951
vt 0.8133720 0.6607758
vt 0.8101744 0.7231210
vt 0.6606477 0.7228916
vt 0.6477634 0.6606023
vt 0.9263802 0.7221537
vt 0.8711434 0.7229361
vt 0.8749797 0.6606045
vt 0.9302620 0.6601439
vt 0.8637388 0.8433122
vt 0.8036283 0.8434748
vt 0.7640578 0.4594363
vt 0.7707062 0.4844076
vt 0.6555439 0.4843503
vt 0.6512055 0.4596938
vt 0.8217428 0.4593064
vt 0.8270062 0.4847148
vt 0.8745196 0.4589629
vt 0.8780537 0.4845960
vt 0.6860307 0.8437969
vt 0.9187348 0.8428826
vt 0.9352178 0.7219203
vt 0.9263802 0.7221537
vt 0.9302620 0.6601439
vt 0.9366632 0.6528732
vt 0.7403699 0.4839760
vt 0.7485883 0.4837814
vt 0.7453794 0.5542898
vt 0.7375200 0.5540518
vt 0.8780537 0.4845960
vt 0.8861151 0.4847880
vt 0.8833725 0.5548395
vt 0.8753846 0.5552367
vt 0.6703029 0.7169860
vt 0.6795088 0.7175598
vt 0.6732643 0.8381720
vt 0.6638784 0.8383090
vt 0.8861151 0.4847880
vt 0.8780537 0.4845960
vt 0.8745196 0.4589629
vt 0.8831604 0.4590544
vt 0.7393041 0.4578357
vt 0.7479464 0.4577256
vt 0.7485883 0.4837814
vt 0.7403699 0.4839760
vt 0.9277390 0.8429970
vt 0.9187348 0.8428826
vt 0.6772342 0.6483643
vt 0.6829527 0.6558378
vt 0.9836349 0.6483643
vt 0.9797622 0.6542959
vt 0.8539999 0.6554271
vt 0.6433439 0.6542253
vt 0.8134202 0.6538960
vt 0.8133720 0.6607758
vt 0.6477634 0.6606023
vt 0.8749797 0.6606045
vt 0.8751872 0.6537914
vt 0.9366632 0.6528732
vt 0.9302620 0.6601439
vt 0.6670134 0.5337266
vt 0.7707062 0.4844076
vt 0.7692428 0.5569811
vt 0.6792517 0.5500402
vt 0.8270062 0.4847148
vt 0.8249471 0.5563987
vt 0.8780537 0.4845960
vt 0.8753846 0.5552367
vt 0.9586596 0.5147362
vt 0.8910423 0.4834921
vt 0.9790569 0.4837691
vt 0.9790569 0.4837691
vt 0.8910423 0.4834921
vt 0.8922041 0.4576121
vt 0.9846740 0.4577715
vt 0.9099720 0.4446712
vt 0.7904318 0.4444652
vt 0.8093720 0.3196921
vt 0.9489704 0.3189521
vt 0.8190812 0.2549642
vt 0.9687814 0.2537903
vt 0.6606477 0.7228916
vt 0.6559178 0.7230707
vt 0.6433439 0.6542253
vt 0.6477634 0.6606023
vt 0.6555439 0.4843503
vt 0.6510479 0.4847377
vt 0.6466087 0.4599820
vt 0.6512055 0.4596938
vt 0.6860307 0.8437969
vt 0.6812406 0.8441578
vt 0.7453794 0.5542898
vt 0.7456107 0.5583352
vt 0.7353862 0.5584525
vt 0.7375200 0.5540518
vt 0.8833725 0.5548395
vt 0.8853150 0.5593196
vt 0.8749397 0.5593746
vt 0.8753846 0.5552367
vt 0.6792517 0.5500402
vt 0.6769999 0.5537629
vt 0.6628707 0.5353925
vt 0.6670134 0.5337266
vt 0.6510479 0.4847377
vt 0.6555439 0.4843503
vt 0.7692428 0.5569811
vt 0.7691071 0.5615689
vt 0.8249471 0.5563987
vt 0.8249843 0.5609101
vt 0.9586596 0.5147362
vt 0.9620485 0.5178096
vt 0.9310217 0.5423019
vt 0.9289901 0.5382054
vt 0.8824666 0.5551838
vt 0.8818999 0.5506330
vt 0.7456107 0.5583352
vt 0.7453794 0.5542898
vt 0.9790569 0.4837691
vt 0.9834701 0.4844806
vt 0.9846740 0.4577715
vt 0.9891086 0.4582933
vt 0.9834701 0.4844806
vt 0.9790569 0.4837691
vt 0.9489704 0.3189521
vt 0.9547823 0.3194151
vt 0.9157048 0.4453456
vt 0.9099720 0.4446712
vt 0.9687814 0.2537903
vt 0.9733915 0.2476346
vt 0.8818999 0.5506330
vt 0.7453794 0.5542898
vt 0.7485883 0.4837814
vt 0.7485883 0.4837814
vt 0.7479464 0.4577256
vt 0.8299318 0.8380306
vt 0.6732643 0.8381720
vt 0.6795088 0.7175598
vt 0.8458433 0.7177990
vt 0.6829527 0.6558378
vt 0.8539999 0.6554271
vt 0.6829527 0.6558378
vt 0.6772342 0.6483643
vt 0.9289901 0.5382054
vt 0.6555439 0.4843503
vt 0.8616416 0.5650731
vt 0.8285010 0.4756879
vt 0.7620290 0.5666536
vt 0.6570288 0.4757078
vt 0.6621345 0.5634571
vt 0.3656243 0.4566295
vt 0.3719874 0.5273240
vt 0.3790216 0.5268313
vt 0.3697518 0.4489522
vt 0.6712617 0.6364189
vt 0.6769286 0.6313023
vt 0.6621345 0.5634571
vt 0.6539670 0.5630445
vt 0.3848439 0.5872518
vt 0.3800088 0.5825520
vt 0.6570288 0.4757078
vt 0.6496887 0.4666748
vt 0.0087826 0.4489522
vt 0.1717857 0.4568955
vt 0.3656243 0.4566295
vt 0.3697518 0.4489522
vt 0.6570288 0.4757078
vt 0.8285010 0.4756879
vt 0.8318518 0.4666748
vt 0.6496887 0.4666748
vt 0.1883728 0.5266582
vt 0.3719874 0.5273240
vt 0.3656243 0.4566295
vt 0.1717857 0.4568955
vt 0.2003711 0.5772011
vt 0.3800088 0.5825520
vt 0.6769286 0.6313023
vt 0.7704570 0.6331214
vt 0.8622676 0.6149800
vt 0.8681563 0.5923767
vt 0.8230115 0.6344935
vt 0.8433601 0.6294598
vt 0.8285010 0.4756879
vt 0.8616416 0.5650731
vt 0.8687966 0.5644190
vt 0.8318518 0.4666748
vt 0.0520974 0.5249633
vt 0.0169130 0.4559416
vt 0.0087826 0.4489522
vt 0.0454404 0.5256127
vt 0.0675745 0.5414724
vt 0.0629584 0.5449389
vt 0.3800088 0.5825520
vt 0.2003711 0.5772011
vt 0.2001742 0.5822240
vt 0.3848439 0.5872518
vt 0.1625912 0.5747116
vt 0.1616466 0.5797024
vt 0.1255994 0.5684323
vt 0.1235661 0.5732080
vt 0.0919330 0.5563189
vt 0.0885978 0.5606199
vt 0.7704570 0.6331214
vt 0.6769286 0.6313023
vt 0.6712617 0.6364189
vt 0.7709047 0.6391795
vt 0.8622676 0.6149800
vt 0.8684842 0.6179936
vt 0.8753597 0.5935618
vt 0.8681563 0.5923767
vt 0.8266003 0.6402945
vt 0.8230115 0.6344935
vt 0.8433601 0.6294598
vt 0.8482544 0.6341240
vt 0.1625912 0.5747116
vt 0.0169130 0.4559416
vt 0.0520974 0.5249633
vt 0.0169130 0.4559416
vt 0.1255994 0.5684323
vt 0.0919330 0.5563189
vt 0.0675745 0.5414724
vt 0.2555919 0.7644780
vt 0.3652997 0.7688032
vt 0.3385805 0.6720573
vt 0.2264270 0.7549514
vt 0.2322897 0.7469441
vt 0.2077176 0.6720895
vt 0.1987912 0.6651901
vt 0.3437848 0.6651901
vt 0.3687653 0.6946211
vt 0.3822513 0.7793522
vt 0.2519434 0.7736951
vt 0.8133720 0.6607758
vt 0.6477634 0.6606023
vt 0.6606477 0.7228916
vt 0.8101744 0.7231210
vt 0.8749797 0.6606045
vt 0.8711434 0.7229361
vt 0.9263802 0.7221537
vt 0.9302620 0.6601439
vt 0.8036283 0.8434748
vt 0.8637388 0.8433122
vt 0.7640578 0.4594363
vt 0.6512055 0.4596938
vt 0.6555439 0.4843503
vt 0.7707062 0.4844076
vt 0.8270062 0.4847148
vt 0.8217428 0.4593064
vt 0.8780537 0.4845960
vt 0.8745196 0.4589629
vt 0.6860307 0.8437969
vt 0.9187348 0.8428826
vt 0.9352178 0.7219203
vt 0.9366632 0.6528732
vt 0.9302620 0.6601439
vt 0.9263802 0.7221537
vt 0.7403699 0.4839760
vt 0.7375200 0.5540518
vt 0.7453794 0.5542898
vt 0.7485883 0.4837814
vt 0.8833725 0.5548395
vt 0.8861151 0.4847880
vt 0.8780537 0.4845960
vt 0.8753846 0.5552367
vt 0.6708112 0.7169724
vt 0.6643886 0.8385188
vt 0.6737717 0.8383814
vt 0.6800144 0.7175472
vt 0.8861151 0.4847880
vt 0.8831604 0.4590544
vt 0.8745196 0.4589629
vt 0.8780537 0.4845960
vt 0.7393041 0.4578357
vt 0.7403699 0.4839760
vt 0.7485883 0.4837814
vt 0.7479464 0.4577256
vt 0.9277390 0.8429970
vt 0.9187348 0.8428826
vt 0.6777405 0.6482245
vt 0.6834573 0.6557117
vt 0.9840544 0.6482245
vt 0.8544561 0.6553003
vt 0.9801826 0.6541670
vt 0.6433439 0.6542253
vt 0.6477634 0.6606023
vt 0.8133720 0.6607758
vt 0.8134202 0.6538960
vt 0.8749797 0.6606045
vt 0.9302620 0.6601439
vt 0.9366632 0.6528732
vt 0.8751872 0.6537914
vt 0.6670134 0.5337266
vt 0.6792517 0.5500402
vt 0.7692428 0.5569811
vt 0.7707062 0.4844076
vt 0.8249471 0.5563987
vt 0.8270062 0.4847148
vt 0.8753846 0.5552367
vt 0.8780537 0.4845960
vt 0.9586596 0.5147362
vt 0.9790569 0.4837691
vt 0.8910423 0.4834921
vt 0.9790569 0.4837691
vt 0.9846740 0.4577715
vt 0.8922041 0.4576121
vt 0.8910423 0.4834921
vt 0.9099720 0.4446712
vt 0.9489704 0.3189521
vt 0.8093720 0.3196921
vt 0.7904318 0.4444652
vt 0.9687814 0.2537903
vt 0.8190812 0.2549642
vt 0.6606477 0.7228916
vt 0.6477634 0.6606023
vt 0.6433439 0.6542253
vt 0.6559178 0.7230707
vt 0.6555439 0.4843503
vt 0.6512055 0.4596938
vt 0.6466087 0.4599820
vt 0.6510479 0.4847377
vt 0.6860307 0.8437969
vt 0.6812406 0.8441578
vt 0.7453794 0.5542898
vt 0.7375200 0.5540518
vt 0.7353862 0.5584525
vt 0.7456107 0.5583352
vt 0.8833725 0.5548395
vt 0.8753846 0.5552367
vt 0.8749397 0.5593746
vt 0.8853150 0.5593196
vt 0.6792517 0.5500402
vt 0.6670134 0.5337266
vt 0.6628707 0.5353925
vt 0.6769999 0.5537629
vt 0.6555439 0.4843503
vt 0.6510479 0.4847377
vt 0.7692428 0.5569811
vt 0.7691071 0.5615689
vt 0.8249471 0.5563987
vt 0.8249843 0.5609101
vt 0.9586596 0.5147362
vt 0.9289901 0.5382054
vt 0.9310217 0.5423019
vt 0.9620485 0.5178096
vt 0.8818999 0.5506330
vt 0.8824666 0.5551838
vt 0.7453794 0.5542898
vt 0.7456107 0.5583352
vt 0.9790569 0.4837691
vt 0.9834701 0.4844806
vt 0.9846740 0.4577715
vt 0.9790569 0.4837691
vt 0.9834701 0.4844806
vt 0.9891086 0.4582933
vt 0.9489704 0.3189521
vt 0.9099720 0.4446712
vt 0.9157048 0.4453456
vt 0.9547823 0.3194151
vt 0.9687814 0.2537903
vt 0.9733915 0.2476346
vt 0.8818999 0.5506330
vt 0.7485883 0.4837814
vt 0.7453794 0.5542898
vt 0.7479464 0.4577256
vt 0.7485883 0.4837814
vt 0.8303948 0.8382397
vt 0.8463017 0.7177870
vt 0.6800144 0.7175472
vt 0.6737717 0.8383814
vt 0.8544561 0.6553003
vt 0.6834573 0.6557117
vt 0.6777405 0.6482245
vt 0.6834573 0.6557117
vt 0.9289901 0.5382054
vt 0.6555439 0.4843503
f 5209/5209 5210/5210 5211/5211
f 5210/5210 5209/5209 5243/5243
f 5213/5213 5211/5211 5210/5210
f 5210/5210 5212/5212 5213/5213
f 5240/5240 5212/5212 5210/5210
f 5210/5210 5241/5241 5240/5240
f 5241/5241 5210/5210 5244/5244
f 5244/5244 5210/5210 5245/5245
f 5245/5245 5210/5210 5242/5242
f 5242/5242 5210/5210 5243/5243
f 5214/5214 5215/5215 5216/5216
f 5216/5216 5217/5217 5214/5214
f 5215/5215 5214/5214 5222/5222
f 5222/5222 5223/5223 5215/5215
f 5218/5218 5219/5219 5220/5220
f 5220/5220 5221/5221 5218/5218
f 5219/5219 5224/5224 5225/5225
f 5225/5225 5220/5220 5219/5219
f 5226/5226 5227/5227 5228/5228
f 5228/5228 5229/5229 5226/5226
f 5227/5227 5281/5281 5228/5228
f 5230/5230 5231/5231 5232/5232
f 5232/5232 5233/5233 5230/5230
f 5234/5234 5235/5235 5236/5236
f 5236/5236 5237/5237 5234/5234
f 5235/5235 5238/5238 5239/5239
f 5239/5239 5236/5236 5235/5235
f 5239/5239 5278/5278 5236/5236
f 5278/5278 5282/5282 5236/5236
f 5282/5282 5283/5283 5236/5236
f 5283/5283 5284/5284 5236/5236
f 5237/5237 5236/5236 5279/5279
f 5284/5284 5279/5279 5236/5236
f 5279/5279 5280/5280 5237/5237
f 5246/5246 5247/5247 5248/5248
f 5248/5248 5249/5249 5246/5246
f 5249/5249 5248/5248 5270/5270
f 5270/5270 5273/5273 5249/5249
f 5270/5270 5271/5271 5272/5272
f 5272/5272 5273/5273 5270/5270
f 5272/5272 5271/5271 5276/5276
f 5276/5276 5277/5277 5272/5272
f 5276/5276 5274/5274 5275/5275
f 5275/5275 5277/5277 5276/5276
f 5274/5274 5267/5267 5266/5266
f 5266/5266 5275/5275 5274/5274
f 5266/5266 5267/5267 5268/5268
f 5268/5268 5269/5269 5266/5266
f 5250/5250 5251/5251 5252/5252
f 5252/5252 5253/5253 5250/5250
f 5251/5251 5250/5250 5254/5254
f 5254/5254 5255/5255 5251/5251
f 5255/5255 5254/5254 5265/5265
f 5265/5265 5264/5264 5255/5255
f 5264/5264 5265/5265 5263/5263
f 5263/5263 5262/5262 5264/5264
f 5262/5262 5263/5263 5261/5261
f 5261/5261 5260/5260 5262/5262
f 5260/5260 5261/5261 5259/5259
f 5259/5259 5258/5258 5260/5260
f 5258/5258 5259/5259 5256/5256
f 5256/5256 5257/5257 5258/5258
f 5285/5285 5286/5286 5287/5287
f 5294/5294 5295/5295 5285/5285
f 5285/5285 5287/5287 5294/5294
f 5291/5291 5285/5285 5295/5295
f 5285/5285 5291/5291 5286/5286
f 5293/5293 5294/5294 5287/5287
f 5287/5287 5286/5286 5293/5293
f 5292/5292 5293/5293 5286/5286
f 5289/5289 5292/5292 5286/5286
f 5286/5286 5290/5290 5289/5289
f 5291/5291 5290/5290 5286/5286
f 5290/5290 5291/5291 5288/5288
f 5295/5295 5288/5288 5291/5291
f 5288/5288 5289/5289 5290/5290
f 5296/5296 5297/5297 5298/5298
f 5298/5298 5299/5299 5296/5296
f 5301/5301 5297/5297 5296/5296
f 5296/5296 5302/5302 5301/5301
f 5314/5314 5298/5298 5297/5297
f 5297/5297 5301/5301 5304/5304
f 5304/5304 5305/5305 5297/5297
f 5297/5297 5305/5305 5314/5314
f 5300/5300 5301/5301 5302/5302
f 5315/5315 5304/5304 5301/5301
f 5301/5301 5300/5300 5315/5315
f 5302/5302 5303/5303 5300/5300
f 5306/5306 5307/5307 5308/5308
f 5308/5308 5309/5309 5306/5306
f 5307/5307 5306/5306 5310/5310
f 5310/5310 5311/5311 5307/5307
f 5311/5311 5310/5310 5312/5312
f 5312/5312 5313/5313 5311/5311
f 5316/5316 5317/5317 5318/5318
f 5318/5318 5319/5319 5316/5316
f 5317/5317 5316/5316 5340/5340
f 5340/5340 5341/5341 5317/5317
f 5320/5320 5321/5321 5322/5322
f 5322/5322 5323/5323 5320/5320
f 5324/5324 5325/5325 5326/5326
f 5326/5326 5327/5327 5324/5324
f 5328/5328 5329/5329 5330/5330
f 5330/5330 5331/5331 5328/5328
f 5329/5329 5328/5328 5342/5342
f 5342/5342 5343/5343 5329/5329
f 5332/5332 5333/5333 5334/5334
f 5334/5334 5335/5335 5332/5332
f 5336/5336 5337/5337 5338/5338
f 5338/5338 5339/5339 5336/5336
f 5344/5344 5345/5345 5346/5346
f 5435/5435 5436/5436 5344/5344
f 5344/5344 5346/5346 5435/5435
f 5347/5347 5348/5348 5349/5349
f 5349/5349 5350/5350 5347/5347
f 5349/5349 5348/5348 5352/5352
f 5352/5352 5351/5351 5349/5349
f 5351/5351 5352/5352 5353/5353
f 5353/5353 5354/5354 5351/5351
f 5355/5355 5356/5356 5357/5357
f 5357/5357 5358/5358 5355/5355
f 5355/5355 5438/5438 5356/5356
f 5356/5356 5359/5359 5360/5360
f 5360/5360 5357/5357 5356/5356
f 5359/5359 5361/5361 5362/5362
f 5362/5362 5360/5360 5359/5359
f 5363/5363 5364/5364 5365/5365
f 5363/5363 5437/5437 5364/5364
f 5426/5426 5364/5364 5424/5424
f 5437/5437 5424/5424 5364/5364
f 5424/5424 5425/5425 5426/5426
f 5366/5366 5367/5367 5368/5368
f 5368/5368 5369/5369 5366/5366
f 5367/5367 5427/5427 5428/5428
f 5428/5428 5368/5368 5367/5367
f 5370/5370 5371/5371 5372/5372
f 5372/5372 5373/5373 5370/5370
f 5373/5373 5372/5372 5374/5374
f 5374/5374 5375/5375 5373/5373
f 5376/5376 5377/5377 5378/5378
f 5378/5378 5379/5379 5376/5376
f 5377/5377 5376/5376 5384/5384
f 5384/5384 5385/5385 5377/5377
f 5380/5380 5381/5381 5382/5382
f 5382/5382 5383/5383 5380/5380
f 5386/5386 5387/5387 5388/5388
f 5388/5388 5389/5389 5386/5386
f 5390/5390 5391/5391 5392/5392
f 5392/5392 5393/5393 5390/5390
f 5393/5393 5392/5392 5403/5403
f 5403/5403 5402/5402 5393/5393
f 5402/5402 5403/5403 5401/5401
f 5401/5401 5400/5400 5402/5402
f 5400/5400 5401/5401 5395/5395
f 5395/5395 5394/5394 5400/5400
f 5394/5394 5395/5395 5396/5396
f 5396/5396 5397/5397 5394/5394
f 5397/5397 5396/5396 5398/5398
f 5398/5398 5399/5399 5397/5397
f 5404/5404 5405/5405 5406/5406
f 5406/5406 5407/5407 5404/5404
f 5405/5405 5404/5404 5412/5412
f 5412/5412 5413/5413 5405/5405
f 5409/5409 5407/5407 5406/5406
f 5406/5406 5408/5408 5409/5409
f 5409/5409 5408/5408 5410/5410
f 5410/5410 5411/5411 5409/5409
f 5414/5414 5415/5415 5416/5416
f 5416/5416 5417/5417 5414/5414
f 5418/5418 5419/5419 5420/5420
f 5420/5420 5421/5421 5418/5418
f 5419/5419 5418/5418 5422/5422
f 5422/5422 5423/5423 5419/5419
f 5429/5429 5430/5430 5431/5431
f 5431/5431 5432/5432 5429/5429
f 5432/5432 5431/5431 5433/5433
f 5433/5433 5434/5434 5432/5432
f 5439/5439 5440/5440 5441/5441
f 5441/5441 5473/5473 5439/5439
f 5441/5441 5440/5440 5442/5442
f 5442/5442 5443/5443 5441/5441
f 5441/5441 5443/5443 5470/5470
f 5470/5470 5471/5471 5441/5441
f 5471/5471 5474/5474 5441/5441
f 5474/5474 5475/5475 5441/5441
f 5472/5472 5473/5473 5441/5441
f 5475/5475 5472/5472 5441/5441
f 5444/5444 5445/5445 5446/5446
f 5446/5446 5447/5447 5444/5444
f 5452/5452 5446/5446 5445/5445
f 5445/5445 5453/5453 5452/5452
f 5448/5448 5449/5449 5450/5450
f 5450/5450 5451/5451 5448/5448
f 5451/5451 5450/5450 5454/5454
f 5454/5454 5455/5455 5451/5451
f 5456/5456 5457/5457 5458/5458
f 5458/5458 5459/5459 5456/5456
f 5457/5457 5456/5456 5511/5511
f 5460/5460 5461/5461 5462/5462
f 5462/5462 5463/5463 5460/5460
f 5464/5464 5465/5465 5466/5466
f 5466/5466 5467/5467 5464/5464
f 5465/5465 5464/5464 5468/5468
f 5468/5468 5464/5464 5508/5508
f 5510/5510 5464/5464 5467/5467
f 5508/5508 5464/5464 5512/5512
f 5512/5512 5464/5464 5513/5513
f 5513/5513 5464/5464 5514/5514
f 5514/5514 5464/5464 5510/5510
f 5468/5468 5469/5469 5465/5465
f 5467/5467 5509/5509 5510/5510
f 5476/5476 5477/5477 5478/5478
f 5478/5478 5479/5479 5476/5476
f 5477/5477 5503/5503 5502/5502
f 5502/5502 5478/5478 5477/5477
f 5502/5502 5503/5503 5500/5500
f 5500/5500 5501/5501 5502/5502
f 5500/5500 5506/5506 5507/5507
f 5507/5507 5501/5501 5500/5500
f 5507/5507 5506/5506 5505/5505
f 5505/5505 5504/5504 5507/5507
f 5504/5504 5505/5505 5496/5496
f 5496/5496 5499/5499 5504/5504
f 5496/5496 5497/5497 5498/5498
f 5498/5498 5499/5499 5496/5496
f 5480/5480 5481/5481 5482/5482
f 5482/5482 5483/5483 5480/5480
f 5484/5484 5480/5480 5483/5483
f 5483/5483 5485/5485 5484/5484
f 5494/5494 5484/5484 5485/5485
f 5485/5485 5495/5495 5494/5494
f 5492/5492 5494/5494 5495/5495
f 5495/5495 5493/5493 5492/5492
f 5490/5490 5492/5492 5493/5493
f 5493/5493 5491/5491 5490/5490
f 5487/5487 5490/5490 5491/5491
f 5491/5491 5488/5488 5487/5487
f 5486/5486 5487/5487 5488/5488
f 5488/5488 5489/5489 5486/5486
f 5515/5515 5516/5516 5517/5517
f 5524/5524 5516/5516 5515/5515
f 5515/5515 5525/5525 5524/5524
f 5525/5525 5515/5515 5519/5519
f 5515/5515 5517/5517 5519/5519
f 5523/5523 5517/5517 5516/5516
f 5516/5516 5524/5524 5523/5523
f 5522/5522 5517/5517 5523/5523
f 5521/5521 5520/5520 5517/5517
f 5517/5517 5522/5522 5521/5521
f 5519/5519 5517/5517 5520/5520
f 5518/5518 5519/5519 5520/5520
f 5519/5519 5518/5518 5525/5525
f 5520/5520 5521/5521 5518/5518
f 5526/5526 5527/5527 5528/5528
f 5528/5528 5529/5529 5526/5526
f 5526/5526 5529/5529 5531/5531
f 5531/5531 5530/5530 5526/5526
f 5529/5529 5528/5528 5544/5544
f 5529/5529 5534/5534 5535/5535
f 5535/5535 5531/5531 5529/5529
f 5544/5544 5534/5534 5529/5529
f 5530/5530 5531/5531 5532/5532
f 5545/5545 5532/5532 5531/5531
f 5531/5531 5535/5535 5545/5545
f 5532/5532 5533/5533 5530/5530
f 5536/5536 5537/5537 5538/5538
f 5538/5538 5539/5539 5536/5536
f 5541/5541 5536/5536 5539/5539
f 5539/5539 5540/5540 5541/5541
f 5543/5543 5541/5541 5540/5540
f 5540/5540 5542/5542 5543/5543
f 5546/5546 5547/5547 5548/5548
f 5548/5548 5549/5549 5546/5546
f 5570/5570 5546/5546 5549/5549
f 5549/5549 5571/5571 5570/5570
f 5550/5550 5551/5551 5552/5552
f 5552/5552 5553/5553 5550/5550
f 5554/5554 5555/5555 5556/5556
f 5556/5556 5557/5557 5554/5554
f 5558/5558 5559/5559 5560/5560
f 5560/5560 5561/5561 5558/5558
f 5572/5572 5558/5558 5561/5561
f 5561/5561 5573/5573 5572/5572
f 5562/5562 5563/5563 5564/5564
f 5564/5564 5565/5565 5562/5562
f 5566/5566 5567/5567 5568/5568
f 5568/5568 5569/5569 5566/5566
f 5574/5574 5575/5575 5576/5576
f 5574/5574 5665/5665 5666/5666
f 5666/5666 5575/5575 5574/5574
f 5577/5577 5578/5578 5579/5579
f 5579/5579 5580/5580 5577/5577
f 5579/5579 5581/5581 5584/5584
f 5584/5584 5580/5580 5579/5579
f 5581/5581 5582/5582 5583/5583
f 5583/5583 5584/5584 5581/5581
f 5585/5585 5586/5586 5587/5587
f 5587/5587 5588/5588 5585/5585
f 5585/5585 5588/5588 5668/5668
f 5588/5588 5587/5587 5589/5589
f 5589/5589 5590/5590 5588/5588
f 5590/5590 5589/5589 5591/5591
f 5591/5591 5592/5592 5590/5590
f 5593/5593 5594/5594 5595/5595
f 5593/5593 5595/5595 5667/5667
f 5654/5654 5595/5595 5655/5655
f 5667/5667 5595/5595 5654/5654
f 5655/5655 5656/5656 5654/5654
f 5596/5596 5597/5597 5598/5598
f 5598/5598 5599/5599 5596/5596
f 5599/5599 5598/5598 5657/5657
f 5657/5657 5658/5658 5599/5599
f 5600/5600 5601/5601 5602/5602
f 5602/5602 5603/5603 5600/5600
f 5601/5601 5604/5604 5605/5605
f 5605/5605 5602/5602 5601/5601
f 5606/5606 5607/5607 5608/5608
f 5608/5608 5609/5609 5606/5606
f 5614/5614 5606/5606 5609/5609
f 5609/5609 5615/5615 5614/5614
f 5610/5610 5611/5611 5612/5612
f 5612/5612 5613/5613 5610/5610
f 5616/5616 5617/5617 5618/5618
f 5618/5618 5619/5619 5616/5616
f 5620/5620 5621/5621 5622/5622
f 5622/5622 5623/5623 5620/5620
f 5621/5621 5632/5632 5633/5633
f 5633/5633 5622/5622 5621/5621
f 5632/5632 5630/5630 5631/5631
f 5631/5631 5633/5633 5632/5632
f 5630/5630 5624/5624 5627/5627
f 5627/5627 5631/5631 5630/5630
f 5624/5624 5625/5625 5626/5626
f 5626/5626 5627/5627 5624/5624
f 5625/5625 5628/5628 5629/5629
f 5629/5629 5626/5626 5625/5625
f 5634/5634 5635/5635 5636/5636
f 5636/5636 5637/5637 5634/5634
f 5642/5642 5634/5634 5637/5637
f 5636/5636 5635/5635 5638/5638
f 5638/5638 5639/5639 5636/5636
f 5638/5638 5640/5640 5641/5641
f 5641/5641 5639/5639 5638/5638
f 5637/5637 5643/5643 5642/5642
f 5644/5644 5645/5645 5646/5646
f 5646/5646 5647/5647 5644/5644
f 5648/5648 5649/5649 5650/5650
f 5650/5650 5651/5651 5648/5648
f 5652/5652 5648/5648 5651/5651
f 5651/5651 5653/5653 5652/5652
f 5659/5659 5660/5660 5661/5661
f 5661/5661 5662/5662 5659/5659
f 5660/5660 5663/5663 5664/5664
f 5664/5664 5661/5661 5660/5660
o wheel_a003
usemtl wheel-27
v -0.7483755 0.2875930 -1.0427912
v -0.7454799 0.3077160 -1.0449910
v -0.7605011 0.3109548 -1.1116046
v -0.7620394 0.2875930 -1.1211052
v -0.7657495 0.3242567 -1.1592229
v -0.7657495 0.2875930 -1.1522540
v -0.7605011 0.2642312 -1.1116046
v -0.7454799 0.2674700 -1.0449910
v -0.7657495 0.2509292 -1.1592229
v -0.7605012 0.2371866 -1.1306857
v -0.7483756 0.1370399 -1.1152938
v -0.7454799 0.1513062 -1.1009323
v -0.7605012 0.2054061 -1.1399332
v -0.7620395 0.1982682 -1.1641217
v -0.7657495 0.2226215 -1.1835427
v -0.7605012 0.1762745 -1.1764633
v -0.7454799 0.1262133 -1.1323978
v -0.7657496 0.2052104 -1.2165526
v -0.7605012 0.1743309 -1.2095046
v -0.7483756 0.0998565 -1.2782054
v -0.7620395 0.1762069 -1.2607789
v -0.7605012 0.1721429 -1.2856689
v -0.7454800 0.1064788 -1.2973342
v -0.7657496 0.2215273 -1.2880414
v -0.7605012 0.1967638 -1.3077894
v -0.7483757 0.2040423 -1.4088503
v -0.7620395 0.2380215 -1.3382921
v -0.7605012 0.2549475 -1.3569879
v -0.7454801 0.2231269 -1.4155996
v -0.7657496 0.2875929 -1.3198571
v -0.7605012 0.2875929 -1.3515307
v -0.7454800 0.0975232 -1.2580974
v -0.7605012 0.1617459 -1.2401171
v -0.7657496 0.2065749 -1.2538475
v -0.7454801 0.1868667 -1.3981376
v -0.7605012 0.2128511 -1.3367155
v -0.7657496 0.2515365 -1.3102276
v -0.7483757 0.3711436 -1.4088503
v -0.7454801 0.3520590 -1.4155996
v -0.7605012 0.3202384 -1.3569879
v -0.7620395 0.3371644 -1.3382921
v -0.7657496 0.3236494 -1.3102276
v -0.7605012 0.3623348 -1.3367155
v -0.7454801 0.3883193 -1.3981376
v -0.7657496 0.3536586 -1.2880414
v -0.7605012 0.3784221 -1.3077894
v -0.7483756 0.4753295 -1.2782054
v -0.7454800 0.4687071 -1.2973342
v -0.7605012 0.4030430 -1.2856689
v -0.7620395 0.3989791 -1.2607789
v -0.7657496 0.3686110 -1.2538475
v -0.7605012 0.4134400 -1.2401171
v -0.7454800 0.4776627 -1.2580974
v -0.7657496 0.3699755 -1.2165526
v -0.7605012 0.4008550 -1.2095046
v -0.7483756 0.4381460 -1.1152938
v -0.7454799 0.4489726 -1.1323978
v -0.7605012 0.3989114 -1.1764633
v -0.7620395 0.3769177 -1.1641217
v -0.7657495 0.3525644 -1.1835427
v -0.7605012 0.3697798 -1.1399332
v -0.7454799 0.4238798 -1.1009327
v -0.7605012 0.3379994 -1.1306857
v -0.7657495 0.3242567 -1.1592229
v -0.7433082 0.2875930 -1.2353558
v -0.7657495 0.2875930 -1.1522540
v -0.7657495 0.2509292 -1.1592229
v -0.7657495 0.2226215 -1.1835427
v -0.7657496 0.2052104 -1.2165526
v -0.7657496 0.2065749 -1.2538475
v -0.7657496 0.2215273 -1.2880414
v -0.7657496 0.2515365 -1.3102276
v -0.7657496 0.2875929 -1.3198571
v -0.7657496 0.3236494 -1.3102276
v -0.7657496 0.3536586 -1.2880414
v -0.7657496 0.3686110 -1.2538475
v -0.7657496 0.3699755 -1.2165526
v -0.7657495 0.3525644 -1.1835427
v -0.7605011 0.3109548 -1.1116046
v -0.7454799 0.3077160 -1.0449910
v -0.7163424 0.3077160 -1.0449910
v -0.7313636 0.3109548 -1.1116046
v -0.7605012 0.3379994 -1.1306857
v -0.7605011 0.3109548 -1.1116046
v -0.7313636 0.3109548 -1.1116046
v -0.7313636 0.3379994 -1.1306857
v -0.7454799 0.2674700 -1.0449910
v -0.7605011 0.2642312 -1.1116046
v -0.7313636 0.2642312 -1.1116046
v -0.7163424 0.2674700 -1.0449910
v -0.7605011 0.2642312 -1.1116046
v -0.7605012 0.2371866 -1.1306857
v -0.7313636 0.2371866 -1.1306857
v -0.7313636 0.2642312 -1.1116046
v -0.7605012 0.2054061 -1.1399332
v -0.7454799 0.1513062 -1.1009323
v -0.7163424 0.1513062 -1.1009327
v -0.7313636 0.2054061 -1.1399332
v -0.7605012 0.2054061 -1.1399332
v -0.7313636 0.2054061 -1.1399332
v -0.7454799 0.1262133 -1.1323978
v -0.7605012 0.1762745 -1.1764633
v -0.7313636 0.1762745 -1.1764633
v -0.7163425 0.1262133 -1.1323978
v -0.7605012 0.1762745 -1.1764633
v -0.7605012 0.1743309 -1.2095046
v -0.7313636 0.1743309 -1.2095046
v -0.7313636 0.1762745 -1.1764633
v -0.7454800 0.1064788 -1.2973342
v -0.7605012 0.1721429 -1.2856689
v -0.7313637 0.1721429 -1.2856689
v -0.7163425 0.1064788 -1.2973342
v -0.7605012 0.1721429 -1.2856689
v -0.7605012 0.1967638 -1.3077894
v -0.7313637 0.1967638 -1.3077894
v -0.7313637 0.1721429 -1.2856689
v -0.7454801 0.2231269 -1.4155996
v -0.7605012 0.2549475 -1.3569879
v -0.7313637 0.2549475 -1.3569879
v -0.7163426 0.2231269 -1.4155996
v -0.7605012 0.2549475 -1.3569879
v -0.7605012 0.2875929 -1.3515307
v -0.7313637 0.2875929 -1.3515307
v -0.7313637 0.2549475 -1.3569879
v -0.7605012 0.1617459 -1.2401171
v -0.7454800 0.0975232 -1.2580974
v -0.7163425 0.0975232 -1.2580974
v -0.7313637 0.1617459 -1.2401171
v -0.7605012 0.1617459 -1.2401171
v -0.7313637 0.1617459 -1.2401171
v -0.7605012 0.2128511 -1.3367155
v -0.7454801 0.1868667 -1.3981376
v -0.7163426 0.1868667 -1.3981376
v -0.7313637 0.2128511 -1.3367155
v -0.7605012 0.2128511 -1.3367155
v -0.7313637 0.2128511 -1.3367155
v -0.7605012 0.3202384 -1.3569879
v -0.7454801 0.3520590 -1.4155996
v -0.7163426 0.3520590 -1.4155996
v -0.7313637 0.3202384 -1.3569879
v -0.7605012 0.3202384 -1.3569879
v -0.7313637 0.3202384 -1.3569879
v -0.7454801 0.3883193 -1.3981376
v -0.7605012 0.3623348 -1.3367155
v -0.7313637 0.3623348 -1.3367155
v -0.7163426 0.3883193 -1.3981376
v -0.7605012 0.3623348 -1.3367155
v -0.7605012 0.3784221 -1.3077894
v -0.7313637 0.3784221 -1.3077898
v -0.7313637 0.3623348 -1.3367155
v -0.7605012 0.4030430 -1.2856689
v -0.7454800 0.4687071 -1.2973342
v -0.7163425 0.4687071 -1.2973342
v -0.7313637 0.4030430 -1.2856689
v -0.7605012 0.4030430 -1.2856689
v -0.7313637 0.4030430 -1.2856689
v -0.7454800 0.4776627 -1.2580974
v -0.7605012 0.4134400 -1.2401171
v -0.7313637 0.4134400 -1.2401171
v -0.7163425 0.4776627 -1.2580974
v -0.7605012 0.4134400 -1.2401171
v -0.7605012 0.4008550 -1.2095046
v -0.7313637 0.4008550 -1.2095046
v -0.7313637 0.4134400 -1.2401171
v -0.7605012 0.3989114 -1.1764633
v -0.7454799 0.4489726 -1.1323978
v -0.7163425 0.4489726 -1.1323982
v -0.7313636 0.3989114 -1.1764633
v -0.7605012 0.3989114 -1.1764633
v -0.7313636 0.3989114 -1.1764633
v -0.7454799 0.4238798 -1.1009327
v -0.7605012 0.3697798 -1.1399332
v -0.7313636 0.3697798 -1.1399332
v -0.7163424 0.4238798 -1.1009327
v -0.7605012 0.3697798 -1.1399332
v -0.7313636 0.3697798 -1.1399332
v -0.7580246 0.2875929 -1.0337490
v -0.7580246 0.3498929 -1.0436164
v -0.7630920 0.3464748 -1.0541361
v -0.7630919 0.2875929 -1.0448102
v -0.7580246 0.4060945 -1.0722523
v -0.7630920 0.3995929 -1.0812011
v -0.7580246 0.4506962 -1.1168545
v -0.7630920 0.4417475 -1.1233560
v -0.7580247 0.4793324 -1.1730557
v -0.7630920 0.4688126 -1.1764739
v -0.7580247 0.4891997 -1.2353558
v -0.7630921 0.4781385 -1.2353558
v -0.7580247 0.4793323 -1.2976558
v -0.7630921 0.4688126 -1.2942377
v -0.7580248 0.4506962 -1.3538571
v -0.7630921 0.4417475 -1.3473555
v -0.7580248 0.4060944 -1.3984588
v -0.7630922 0.3995928 -1.3895105
v -0.7580248 0.3498928 -1.4270951
v -0.7630922 0.3464747 -1.4165755
v -0.7580248 0.2875929 -1.4369626
v -0.7630922 0.2875929 -1.4259013
v -0.7580248 0.2252930 -1.4270951
v -0.7630921 0.2287111 -1.4165751
v -0.7580248 0.1690914 -1.3984588
v -0.7630921 0.1755930 -1.3895101
v -0.7580248 0.1244896 -1.3538571
v -0.7630921 0.1334383 -1.3473555
v -0.7580247 0.0958535 -1.2976554
v -0.7630921 0.1063734 -1.2942373
v -0.7580247 0.0859862 -1.2353554
v -0.7630920 0.0970474 -1.2353554
v -0.7580247 0.0859862 -1.2353554
v -0.7580247 0.0958536 -1.1730557
v -0.7630920 0.1063735 -1.1764739
v -0.7630920 0.0970474 -1.2353554
v -0.7580246 0.1244898 -1.1168540
v -0.7630920 0.1334385 -1.1233556
v -0.7580246 0.1690917 -1.0722523
v -0.7630920 0.1755934 -1.0812011
v -0.7580246 0.2252934 -1.0436160
v -0.7630919 0.2287114 -1.0541361
v -0.7630919 0.2875929 -1.0448102
v -0.7630920 0.3464748 -1.0541361
v -0.7042740 0.3390125 -1.0771026
v -0.7042740 0.2875929 -1.0689587
v -0.7630920 0.3995929 -1.0812011
v -0.7042740 0.3853988 -1.1007376
v -0.7630920 0.4417475 -1.1233560
v -0.7042741 0.4222111 -1.1375501
v -0.7630920 0.4688126 -1.1764739
v -0.7042741 0.4458461 -1.1839362
v -0.7630921 0.4781385 -1.2353558
v -0.7042741 0.4539901 -1.2353558
v -0.7630921 0.4688126 -1.2942377
v -0.7042741 0.4458461 -1.2867754
v -0.7630921 0.4417475 -1.3473555
v -0.7042741 0.4222111 -1.3331614
v -0.7630922 0.3995928 -1.3895105
v -0.7042742 0.3853988 -1.3699739
v -0.7630922 0.3464747 -1.4165755
v -0.7042742 0.3390125 -1.3936090
v -0.7630922 0.2875929 -1.4259013
v -0.7042742 0.2875929 -1.4017529
v -0.7630921 0.2287111 -1.4165751
v -0.7042742 0.2361733 -1.3936090
v -0.7630921 0.1755930 -1.3895101
v -0.7042742 0.1897871 -1.3699739
v -0.7630921 0.1334383 -1.3473555
v -0.7042741 0.1529748 -1.3331614
v -0.7630921 0.1063734 -1.2942373
v -0.7042741 0.1293399 -1.2867750
v -0.7630920 0.0970474 -1.2353554
v -0.7042741 0.1211959 -1.2353554
v -0.7630920 0.0970474 -1.2353554
v -0.7630920 0.1063735 -1.1764739
v -0.7042741 0.1293400 -1.1839362
v -0.7042741 0.1211959 -1.2353554
v -0.7630920 0.1334385 -1.1233556
v -0.7042740 0.1529750 -1.1375497
v -0.7630920 0.1755934 -1.0812011
v -0.7042740 0.1897874 -1.1007376
v -0.7630919 0.2287114 -1.0541361
v -0.7042740 0.2361737 -1.0771026
v -0.5570488 0.2875929 -1.4369622
v -0.5570488 0.3498928 -1.4270951
v -0.5519814 0.3464747 -1.4165751
v -0.5519815 0.2875929 -1.4259013
v -0.5570488 0.4060945 -1.3984588
v -0.5519814 0.3995929 -1.3895101
v -0.5570488 0.4506963 -1.3538571
v -0.5519814 0.4417475 -1.3473555
v -0.5570488 0.4793324 -1.2976554
v -0.5519814 0.4688126 -1.2942377
v -0.5570487 0.4891997 -1.2353558
v -0.5519814 0.4781385 -1.2353558
v -0.5570487 0.4793324 -1.1730557
v -0.5519813 0.4688126 -1.1764739
v -0.5570487 0.4506963 -1.1168545
v -0.5519813 0.4417476 -1.1233556
v -0.5570487 0.4060944 -1.0722523
v -0.5519813 0.3995929 -1.0812011
v -0.5570487 0.3498928 -1.0436164
v -0.5519813 0.3464747 -1.0541361
v -0.5570487 0.2875929 -1.0337490
v -0.5519813 0.2875929 -1.0448102
v -0.5570487 0.2252930 -1.0436164
v -0.5519813 0.2287111 -1.0541361
v -0.5570487 0.1690914 -1.0722523
v -0.5519813 0.1755931 -1.0812011
v -0.5570487 0.1244896 -1.1168545
v -0.5519813 0.1334383 -1.1233560
v -0.5570487 0.0958535 -1.1730557
v -0.5519814 0.1063734 -1.1764739
v -0.5570488 0.0859863 -1.2353558
v -0.5519814 0.0970475 -1.2353558
v -0.5570488 0.0859863 -1.2353558
v -0.5570488 0.0958536 -1.2976558
v -0.5519814 0.1063735 -1.2942377
v -0.5519814 0.0970475 -1.2353558
v -0.5570488 0.1244899 -1.3538575
v -0.5519815 0.1334385 -1.3473555
v -0.5570488 0.1690917 -1.3984592
v -0.5519815 0.1755933 -1.3895105
v -0.5570488 0.2252933 -1.4270951
v -0.5519815 0.2287114 -1.4165755
v -0.5519815 0.2875929 -1.4259013
v -0.5519814 0.3464747 -1.4165751
v -0.7042742 0.3390125 -1.3936090
v -0.7042742 0.2875929 -1.4017529
v -0.5519814 0.3995929 -1.3895101
v -0.7042742 0.3853988 -1.3699739
v -0.5519814 0.4417475 -1.3473555
v -0.7042741 0.4222111 -1.3331614
v -0.5519814 0.4688126 -1.2942377
v -0.7042741 0.4458461 -1.2867754
v -0.5519814 0.4781385 -1.2353558
v -0.7042741 0.4539901 -1.2353558
v -0.5519813 0.4688126 -1.1764739
v -0.7042741 0.4458461 -1.1839362
v -0.5519813 0.4417476 -1.1233556
v -0.7042741 0.4222111 -1.1375501
v -0.5519813 0.3995929 -1.0812011
v -0.7042740 0.3853988 -1.1007376
v -0.5519813 0.3464747 -1.0541361
v -0.7042740 0.3390125 -1.0771026
v -0.5519813 0.2875929 -1.0448102
v -0.7042740 0.2875929 -1.0689587
v -0.5519813 0.2287111 -1.0541361
v -0.7042740 0.2361737 -1.0771026
v -0.5519813 0.1755931 -1.0812011
v -0.7042740 0.1897874 -1.1007376
v -0.5519813 0.1334383 -1.1233560
v -0.7042740 0.1529750 -1.1375497
v -0.5519814 0.1063734 -1.1764739
v -0.7042741 0.1293400 -1.1839362
v -0.5519814 0.0970475 -1.2353558
v -0.7042741 0.1211959 -1.2353554
v -0.5519814 0.0970475 -1.2353558
v -0.5519814 0.1063735 -1.2942377
v -0.7042741 0.1293399 -1.2867750
v -0.7042741 0.1211959 -1.2353554
v -0.5519815 0.1334385 -1.3473555
v -0.7042741 0.1529748 -1.3331614
v -0.5519815 0.1755933 -1.3895105
v -0.7042742 0.1897871 -1.3699739
v -0.5519815 0.2287114 -1.4165755
v -0.7042742 0.2361733 -1.3936090
v -0.7580246 0.3719713 -0.9756662
v -0.7639969 0.3624949 -1.0048314
v -0.7639968 0.2875930 -0.9929678
v -0.7580246 0.2875930 -0.9623018
v -0.7580246 0.4480900 -1.0144503
v -0.7639969 0.4300649 -1.0392600
v -0.7580246 0.5084983 -1.0748587
v -0.7639969 0.4836888 -1.0928839
v -0.7580247 0.5472826 -1.1509773
v -0.7639969 0.5181174 -1.1604538
v -0.7580247 0.5606469 -1.2353558
v -0.7639970 0.5299807 -1.2353558
v -0.7580247 0.5472826 -1.3197342
v -0.7639970 0.5181174 -1.3102578
v -0.7580248 0.5084982 -1.3958529
v -0.7639970 0.4836888 -1.3778276
v -0.7580248 0.4480899 -1.4562612
v -0.7639971 0.4300649 -1.4314516
v -0.7580248 0.3719712 -1.4950454
v -0.7639970 0.3624948 -1.4658801
v -0.7580248 0.2875928 -1.5084097
v -0.7639971 0.2875929 -1.4777434
v -0.7580248 0.2032145 -1.4950454
v -0.7639970 0.2126909 -1.4658801
v -0.7580248 0.1270957 -1.4562608
v -0.7639970 0.1451209 -1.4314516
v -0.7580247 0.0666876 -1.3958525
v -0.7639970 0.0914970 -1.3778276
v -0.7580247 0.0279032 -1.3197338
v -0.7639970 0.0570685 -1.3102574
v -0.7580247 0.0145391 -1.2353554
v -0.7639969 0.0452052 -1.2353554
v -0.7580246 0.0279034 -1.1509769
v -0.7639969 0.0570686 -1.1604534
v -0.7580246 0.0666880 -1.0748583
v -0.7639969 0.0914974 -1.0928835
v -0.7580246 0.1270962 -1.0144503
v -0.7639968 0.1451213 -1.0392596
v -0.7580246 0.2032151 -0.9756658
v -0.7639968 0.2126914 -1.0048310
v -0.7365205 0.2875930 -0.9490179
v -0.7365205 0.3760763 -0.9630320
v -0.7365205 0.4558983 -1.0037034
v -0.7365205 0.5192453 -1.0670507
v -0.7365206 0.5599165 -1.1468723
v -0.7365206 0.5739309 -1.2353558
v -0.7365206 0.5599165 -1.3238393
v -0.7365207 0.5192453 -1.4036609
v -0.7365207 0.4558982 -1.4670082
v -0.7365207 0.3760762 -1.5076796
v -0.7365207 0.2875928 -1.5216937
v -0.7365207 0.1991095 -1.5076792
v -0.7365207 0.1192875 -1.4670078
v -0.7365206 0.0559405 -1.4036609
v -0.7365206 0.0152693 -1.3238388
v -0.7365206 0.0012550 -1.2353554
v -0.7365205 0.0152695 -1.1468723
v -0.7365205 0.0559409 -1.0670503
v -0.7365205 0.1192881 -1.0037034
v -0.7365204 0.1991101 -0.9630320
v -0.7580246 0.3498929 -1.0436164
v -0.7580246 0.2875930 -1.0337490
v -0.7580246 0.4060945 -1.0722523
v -0.7580246 0.4506962 -1.1168545
v -0.7580247 0.4793324 -1.1730557
v -0.7580247 0.4891997 -1.2353558
v -0.7580247 0.4793323 -1.2976558
v -0.7580247 0.4506962 -1.3538571
v -0.7580248 0.4060944 -1.3984588
v -0.7580248 0.3498928 -1.4270951
v -0.7580248 0.2875929 -1.4369626
v -0.7580248 0.2252930 -1.4270951
v -0.7580247 0.1690914 -1.3984588
v -0.7580247 0.1244896 -1.3538571
v -0.7580247 0.0958535 -1.2976554
v -0.7580247 0.0859862 -1.2353554
v -0.7580247 0.0958536 -1.1730557
v -0.7580246 0.1244899 -1.1168540
v -0.7580246 0.1690918 -1.0722523
v -0.7580246 0.2252934 -1.0436164
v -0.7365205 0.3760763 -0.9630320
v -0.7365205 0.2875930 -0.9490179
v -0.5793906 0.2875930 -0.9490179
v -0.5793906 0.3760763 -0.9630324
v -0.7365205 0.4558983 -1.0037034
v -0.5793906 0.4558983 -1.0037034
v -0.7365206 0.5739309 -1.2353558
v -0.7365206 0.5599165 -1.1468723
v -0.5793907 0.5599165 -1.1468727
v -0.5793907 0.5739309 -1.2353558
v -0.7365206 0.5599165 -1.3238393
v -0.7365206 0.5739309 -1.2353558
v -0.5793907 0.5739309 -1.2353558
v -0.5793908 0.5599165 -1.3238393
v -0.7365207 0.5192453 -1.4036609
v -0.5793908 0.5192453 -1.4036609
v -0.7365207 0.4558982 -1.4670082
v -0.5793908 0.4558982 -1.4670082
v -0.7365207 0.2875928 -1.5216937
v -0.7365207 0.3760762 -1.5076796
v -0.5793909 0.3760762 -1.5076796
v -0.5793909 0.2875928 -1.5216937
v -0.7365207 0.1991095 -1.5076792
v -0.5793909 0.1991095 -1.5076792
v -0.7365206 0.0559405 -1.4036609
v -0.5793908 0.0559405 -1.4036609
v -0.5793907 0.0152693 -1.3238388
v -0.7365206 0.0152693 -1.3238388
v -0.7365206 0.0012550 -1.2353554
v -0.5793907 0.0012550 -1.2353554
v -0.7365205 0.0152695 -1.1468723
v -0.7365206 0.0012550 -1.2353554
v -0.5793907 0.0012550 -1.2353554
v -0.5793907 0.0152695 -1.1468723
v -0.7365205 0.0559409 -1.0670503
v -0.5793906 0.0559409 -1.0670503
v -0.5793906 0.1192881 -1.0037034
v -0.7365205 0.1192881 -1.0037034
v -0.7365204 0.1991101 -0.9630320
v -0.5793906 0.1991101 -0.9630320
v -0.5519142 0.2875930 -0.9929682
v -0.5519142 0.3624949 -1.0048314
v -0.5578865 0.3719713 -0.9756662
v -0.5578865 0.2875930 -0.9623018
v -0.5519143 0.4300649 -1.0392600
v -0.5578866 0.4480901 -1.0144508
v -0.5519143 0.4836888 -1.0928839
v -0.5578866 0.5084983 -1.0748587
v -0.5519143 0.5181174 -1.1604538
v -0.5578866 0.5472826 -1.1509777
v -0.5519144 0.5299807 -1.2353558
v -0.5578867 0.5606469 -1.2353558
v -0.5519144 0.5181174 -1.3102578
v -0.5578867 0.5472826 -1.3197342
v -0.5519144 0.4836888 -1.3778276
v -0.5578867 0.5084982 -1.3958529
v -0.5519144 0.4300649 -1.4314516
v -0.5578867 0.4480899 -1.4562612
v -0.5519144 0.3624948 -1.4658801
v -0.5578868 0.3719712 -1.4950454
v -0.5519145 0.2875929 -1.4777438
v -0.5578868 0.2875928 -1.5084097
v -0.5519145 0.2126909 -1.4658801
v -0.5578868 0.2032145 -1.4950454
v -0.5519144 0.1451209 -1.4314516
v -0.5578867 0.1270957 -1.4562608
v -0.5519144 0.0914971 -1.3778276
v -0.5578867 0.0666876 -1.3958529
v -0.5519144 0.0570685 -1.3102574
v -0.5578867 0.0279032 -1.3197338
v -0.5519143 0.0452052 -1.2353554
v -0.5578866 0.0145391 -1.2353554
v -0.5519143 0.0570686 -1.1604538
v -0.5578866 0.0279034 -1.1509773
v -0.5519143 0.0914974 -1.0928835
v -0.5578866 0.0666880 -1.0748583
v -0.5519142 0.1451213 -1.0392600
v -0.5578865 0.1270962 -1.0144503
v -0.5519142 0.2126914 -1.0048314
v -0.5578865 0.2032151 -0.9756662
v -0.5793906 0.3760763 -0.9630324
v -0.5793906 0.2875930 -0.9490179
v -0.5793906 0.4558983 -1.0037034
v -0.5793907 0.5192453 -1.0670507
v -0.5793907 0.5599165 -1.1468727
v -0.5793907 0.5739309 -1.2353558
v -0.5793908 0.5599165 -1.3238393
v -0.5793908 0.5192453 -1.4036609
v -0.5793908 0.4558982 -1.4670082
v -0.5793909 0.3760762 -1.5076796
v -0.5793909 0.2875928 -1.5216937
v -0.5793909 0.1991095 -1.5076792
v -0.5793908 0.1192875 -1.4670078
v -0.5793908 0.0559405 -1.4036609
v -0.5793907 0.0152693 -1.3238388
v -0.5793907 0.0012550 -1.2353554
v -0.5793907 0.0152695 -1.1468723
v -0.5793906 0.0559409 -1.0670503
v -0.5793906 0.1192881 -1.0037034
v -0.5793906 0.1991101 -0.9630320
v -0.5578865 0.2875930 -1.0337490
v -0.5578866 0.3498929 -1.0436164
v -0.5578866 0.4060945 -1.0722527
v -0.5578866 0.4506963 -1.1168545
v -0.5578866 0.4793324 -1.1730557
v -0.5578867 0.4891997 -1.2353558
v -0.5578867 0.4793324 -1.2976558
v -0.5578867 0.4506962 -1.3538571
v -0.5578867 0.4060944 -1.3984592
v -0.5578867 0.3498928 -1.4270951
v -0.5578867 0.2875929 -1.4369626
v -0.5578867 0.2252930 -1.4270951
v -0.5578867 0.1690914 -1.3984588
v -0.5578867 0.1244896 -1.3538571
v -0.5578867 0.0958535 -1.2976554
v -0.5578866 0.0859863 -1.2353558
v -0.5578866 0.0958536 -1.1730557
v -0.5578866 0.1244899 -1.1168540
v -0.5578866 0.1690918 -1.0722523
v -0.5578865 0.2252934 -1.0436164
v -0.7365205 0.5192453 -1.0670507
v -0.5793907 0.5192453 -1.0670507
v -0.5793908 0.1192875 -1.4670078
v -0.7365207 0.1192875 -1.4670078
v -0.6980453 0.2875930 -1.0752338
v -0.6980453 0.3676540 -1.0966861
v -0.7408319 0.2875930 -1.2353558
v -0.6980453 0.4262627 -1.1552946
v -0.6980454 0.4477151 -1.2353558
v -0.6980454 0.4262627 -1.3154170
v -0.6980454 0.3676540 -1.3740255
v -0.6980454 0.2875930 -1.3954778
v -0.6980454 0.2075320 -1.3740255
v -0.6980454 0.1489232 -1.3154170
v -0.6980454 0.1274709 -1.2353558
v -0.6980453 0.1489231 -1.1552950
v -0.6980453 0.2075318 -1.0966861
v -0.7450901 0.2863381 1.4102678
v -0.7421944 0.3064611 1.4080687
v -0.7572156 0.3096999 1.3414547
v -0.7587539 0.2863381 1.3319542
v -0.7624640 0.3230018 1.2938369
v -0.7624640 0.2863381 1.3008054
v -0.7572156 0.2629763 1.3414547
v -0.7421944 0.2662151 1.4080687
v -0.7624640 0.2496744 1.2938369
v -0.7572157 0.2359317 1.3223736
v -0.7450901 0.1357851 1.3377652
v -0.7421944 0.1500513 1.3521266
v -0.7572157 0.2041513 1.3131261
v -0.7587540 0.1970134 1.2889377
v -0.7624640 0.2213666 1.2695170
v -0.7572157 0.1750196 1.2765965
v -0.7421944 0.1249585 1.3206611
v -0.7624641 0.2039555 1.2365071
v -0.7572157 0.1730760 1.2435548
v -0.7450902 0.0986016 1.1748536
v -0.7587540 0.1749520 1.1922801
v -0.7572157 0.1708880 1.1673904
v -0.7421946 0.1052239 1.1557251
v -0.7624641 0.2202724 1.1650184
v -0.7572157 0.1955090 1.1452696
v -0.7450902 0.2027875 1.0442090
v -0.7587540 0.2367666 1.1147673
v -0.7572157 0.2536926 1.0960715
v -0.7421946 0.2218720 1.0374601
v -0.7624641 0.2863381 1.1332027
v -0.7572157 0.2863381 1.1015290
v -0.7421945 0.0962684 1.1949615
v -0.7572157 0.1604911 1.2129423
v -0.7624641 0.2053200 1.1992118
v -0.7421946 0.1856118 1.0549217
v -0.7572157 0.2115962 1.1163435
v -0.7624641 0.2502817 1.1428314
v -0.7450902 0.3698887 1.0442090
v -0.7421946 0.3508041 1.0374601
v -0.7572157 0.3189836 1.0960715
v -0.7587540 0.3359096 1.1147673
v -0.7624641 0.3223945 1.1428314
v -0.7572157 0.3610800 1.1163435
v -0.7421946 0.3870644 1.0549217
v -0.7624641 0.3524038 1.1650184
v -0.7572157 0.3771672 1.1452696
v -0.7450902 0.4740746 1.1748536
v -0.7421946 0.4674523 1.1557251
v -0.7572157 0.4017882 1.1673904
v -0.7587540 0.3977242 1.1922801
v -0.7624641 0.3673562 1.1992118
v -0.7572157 0.4121851 1.2129423
v -0.7421945 0.4764078 1.1949615
v -0.7624641 0.3687207 1.2365071
v -0.7572157 0.3996002 1.2435548
v -0.7450901 0.4368911 1.3377652
v -0.7421944 0.4477177 1.3206611
v -0.7572157 0.3976566 1.2765965
v -0.7587540 0.3756629 1.2889377
v -0.7624640 0.3513096 1.2695162
v -0.7572157 0.3685250 1.3131261
v -0.7421944 0.4226249 1.3521266
v -0.7572157 0.3367445 1.3223736
v -0.7624640 0.3230018 1.2938369
v -0.7400228 0.2863381 1.2177036
v -0.7624640 0.2863381 1.3008054
v -0.7624640 0.2496744 1.2938369
v -0.7624640 0.2213666 1.2695170
v -0.7624641 0.2039555 1.2365071
v -0.7624641 0.2053200 1.1992118
v -0.7624641 0.2202724 1.1650184
v -0.7624641 0.2502817 1.1428314
v -0.7624641 0.2863381 1.1332027
v -0.7624641 0.3223945 1.1428314
v -0.7624641 0.3524038 1.1650184
v -0.7624641 0.3673562 1.1992118
v -0.7624641 0.3687207 1.2365071
v -0.7624640 0.3513096 1.2695162
v -0.7572156 0.3096999 1.3414547
v -0.7421944 0.3064611 1.4080687
v -0.7130569 0.3064611 1.4080687
v -0.7280782 0.3096999 1.3414547
v -0.7572157 0.3367445 1.3223736
v -0.7572156 0.3096999 1.3414547
v -0.7280782 0.3096999 1.3414547
v -0.7280782 0.3367445 1.3223736
v -0.7421944 0.2662151 1.4080687
v -0.7572156 0.2629763 1.3414547
v -0.7280782 0.2629763 1.3414547
v -0.7130569 0.2662151 1.4080687
v -0.7572156 0.2629763 1.3414547
v -0.7572157 0.2359317 1.3223736
v -0.7280782 0.2359317 1.3223736
v -0.7280782 0.2629763 1.3414547
v -0.7572157 0.2041513 1.3131261
v -0.7421944 0.1500513 1.3521266
v -0.7130569 0.1500513 1.3521266
v -0.7280782 0.2041513 1.3131261
v -0.7572157 0.2041513 1.3131261
v -0.7280782 0.2041513 1.3131261
v -0.7421944 0.1249585 1.3206611
v -0.7572157 0.1750196 1.2765965
v -0.7280782 0.1750196 1.2765965
v -0.7130570 0.1249585 1.3206611
v -0.7572157 0.1750196 1.2765965
v -0.7572157 0.1730760 1.2435548
v -0.7280782 0.1730760 1.2435548
v -0.7280782 0.1750196 1.2765965
v -0.7421946 0.1052239 1.1557251
v -0.7572157 0.1708880 1.1673904
v -0.7280782 0.1708880 1.1673904
v -0.7130570 0.1052239 1.1557251
v -0.7572157 0.1708880 1.1673904
v -0.7572157 0.1955090 1.1452696
v -0.7280782 0.1955090 1.1452696
v -0.7280782 0.1708880 1.1673904
v -0.7421946 0.2218720 1.0374601
v -0.7572157 0.2536926 1.0960715
v -0.7280783 0.2536926 1.0960715
v -0.7130571 0.2218720 1.0374601
v -0.7572157 0.2536926 1.0960715
v -0.7572157 0.2863381 1.1015290
v -0.7280783 0.2863381 1.1015290
v -0.7280783 0.2536926 1.0960715
v -0.7572157 0.1604911 1.2129423
v -0.7421945 0.0962684 1.1949615
v -0.7130570 0.0962684 1.1949615
v -0.7280782 0.1604911 1.2129423
v -0.7572157 0.1604911 1.2129423
v -0.7280782 0.1604911 1.2129423
v -0.7572157 0.2115962 1.1163435
v -0.7421946 0.1856118 1.0549217
v -0.7130571 0.1856118 1.0549217
v -0.7280783 0.2115962 1.1163435
v -0.7572157 0.2115962 1.1163435
v -0.7280783 0.2115962 1.1163435
v -0.7572157 0.3189836 1.0960715
v -0.7421946 0.3508041 1.0374601
v -0.7130571 0.3508042 1.0374601
v -0.7280783 0.3189836 1.0960715
v -0.7572157 0.3189836 1.0960715
v -0.7280783 0.3189836 1.0960715
v -0.7421946 0.3870644 1.0549217
v -0.7572157 0.3610800 1.1163435
v -0.7280783 0.3610800 1.1163435
v -0.7130571 0.3870644 1.0549217
v -0.7572157 0.3610800 1.1163435
v -0.7572157 0.3771672 1.1452696
v -0.7280782 0.3771672 1.1452696
v -0.7280783 0.3610800 1.1163435
v -0.7572157 0.4017882 1.1673904
v -0.7421946 0.4674523 1.1557251
v -0.7130570 0.4674523 1.1557251
v -0.7280782 0.4017882 1.1673904
v -0.7572157 0.4017882 1.1673904
v -0.7280782 0.4017882 1.1673904
v -0.7421945 0.4764078 1.1949615
v -0.7572157 0.4121851 1.2129423
v -0.7280782 0.4121851 1.2129423
v -0.7130570 0.4764078 1.1949615
v -0.7572157 0.4121851 1.2129423
v -0.7572157 0.3996002 1.2435548
v -0.7280782 0.3996002 1.2435548
v -0.7280782 0.4121851 1.2129423
v -0.7572157 0.3976566 1.2765965
v -0.7421944 0.4477177 1.3206611
v -0.7130570 0.4477177 1.3206611
v -0.7280782 0.3976566 1.2765965
v -0.7572157 0.3976566 1.2765965
v -0.7280782 0.3976566 1.2765965
v -0.7421944 0.4226249 1.3521266
v -0.7572157 0.3685250 1.3131261
v -0.7280782 0.3685250 1.3131261
v -0.7130569 0.4226249 1.3521266
v -0.7572157 0.3685250 1.3131261
v -0.7280782 0.3685250 1.3131261
v -0.7547391 0.2863381 1.4193104
v -0.7547391 0.3486380 1.4094433
v -0.7598065 0.3452199 1.3989233
v -0.7598065 0.2863381 1.4082491
v -0.7547391 0.4048396 1.3808070
v -0.7598065 0.3983380 1.3718583
v -0.7547392 0.4494414 1.3362053
v -0.7598065 0.4404927 1.3297037
v -0.7547392 0.4780775 1.2800036
v -0.7598066 0.4675577 1.2765851
v -0.7547392 0.4879448 1.2177036
v -0.7598066 0.4768836 1.2177036
v -0.7547393 0.4780775 1.1554035
v -0.7598066 0.4675577 1.1588221
v -0.7547393 0.4494414 1.0992018
v -0.7598067 0.4404927 1.1057034
v -0.7547393 0.4048395 1.0546001
v -0.7598067 0.3983380 1.0635489
v -0.7547393 0.3486380 1.0259638
v -0.7598067 0.3452198 1.0364839
v -0.7547393 0.2863380 1.0160968
v -0.7598067 0.2863380 1.0271580
v -0.7547393 0.2240381 1.0259646
v -0.7598067 0.2274562 1.0364839
v -0.7547393 0.1678365 1.0546001
v -0.7598067 0.1743382 1.0635489
v -0.7547393 0.1232348 1.0992027
v -0.7598067 0.1321835 1.1057042
v -0.7547392 0.0945986 1.1554035
v -0.7598066 0.1051185 1.1588221
v -0.7547392 0.0847314 1.2177036
v -0.7598066 0.0957926 1.2177036
v -0.7547392 0.0847314 1.2177036
v -0.7547392 0.0945988 1.2800036
v -0.7598065 0.1051186 1.2765859
v -0.7598066 0.0957926 1.2177036
v -0.7547392 0.1232350 1.3362053
v -0.7598065 0.1321837 1.3297037
v -0.7547391 0.1678369 1.3808070
v -0.7598065 0.1743385 1.3718583
v -0.7547391 0.2240385 1.4094433
v -0.7598065 0.2274566 1.3989233
v -0.7598065 0.2863381 1.4082491
v -0.7598065 0.3452199 1.3989233
v -0.7009886 0.3377576 1.3759568
v -0.7009885 0.2863381 1.3841007
v -0.7598065 0.3983380 1.3718583
v -0.7009886 0.3841439 1.3523217
v -0.7598065 0.4404927 1.3297037
v -0.7009886 0.4209563 1.3155096
v -0.7598066 0.4675577 1.2765851
v -0.7009886 0.4445913 1.2691236
v -0.7598066 0.4768836 1.2177036
v -0.7009887 0.4527353 1.2177036
v -0.7598066 0.4675577 1.1588221
v -0.7009887 0.4445913 1.1662844
v -0.7598067 0.4404927 1.1057034
v -0.7009887 0.4209563 1.1198975
v -0.7598067 0.3983380 1.0635489
v -0.7009887 0.3841439 1.0830854
v -0.7598067 0.3452198 1.0364839
v -0.7009887 0.3377576 1.0594504
v -0.7598067 0.2863380 1.0271580
v -0.7009887 0.2863381 1.0513065
v -0.7598067 0.2274562 1.0364839
v -0.7009887 0.2349185 1.0594504
v -0.7598067 0.1743382 1.0635489
v -0.7009887 0.1885323 1.0830854
v -0.7598067 0.1321835 1.1057042
v -0.7009887 0.1517200 1.1198983
v -0.7598066 0.1051185 1.1588221
v -0.7009887 0.1280850 1.1662844
v -0.7598066 0.0957926 1.2177036
v -0.7009886 0.1199410 1.2177036
v -0.7598066 0.0957926 1.2177036
v -0.7598065 0.1051186 1.2765859
v -0.7009886 0.1280851 1.2691236
v -0.7009886 0.1199410 1.2177036
v -0.7598065 0.1321837 1.3297037
v -0.7009886 0.1517202 1.3155096
v -0.7598065 0.1743385 1.3718583
v -0.7009886 0.1885325 1.3523217
v -0.7598065 0.2274566 1.3989233
v -0.7009886 0.2349188 1.3759568
v -0.5537633 0.2863381 1.0160968
v -0.5537633 0.3486380 1.0259646
v -0.5486959 0.3452199 1.0364839
v -0.5486960 0.2863381 1.0271580
v -0.5537633 0.4048396 1.0546001
v -0.5486959 0.3983380 1.0635489
v -0.5537633 0.4494414 1.0992018
v -0.5486959 0.4404927 1.1057034
v -0.5537633 0.4780775 1.1554035
v -0.5486959 0.4675577 1.1588221
v -0.5537632 0.4879448 1.2177036
v -0.5486959 0.4768837 1.2177036
v -0.5537632 0.4780775 1.2800036
v -0.5486958 0.4675577 1.2765851
v -0.5537632 0.4494414 1.3362053
v -0.5486958 0.4404927 1.3297037
v -0.5537632 0.4048396 1.3808070
v -0.5486958 0.3983380 1.3718583
v -0.5537632 0.3486380 1.4094433
v -0.5486958 0.3452198 1.3989233
v -0.5537632 0.2863381 1.4193104
v -0.5486958 0.2863381 1.4082491
v -0.5537632 0.2240381 1.4094433
v -0.5486958 0.2274562 1.3989233
v -0.5537632 0.1678366 1.3808070
v -0.5486958 0.1743382 1.3718583
v -0.5537632 0.1232348 1.3362053
v -0.5486958 0.1321835 1.3297037
v -0.5537632 0.0945987 1.2800036
v -0.5486959 0.1051185 1.2765851
v -0.5537633 0.0847314 1.2177036
v -0.5486959 0.0957926 1.2177036
v -0.5537633 0.0847314 1.2177036
v -0.5537633 0.0945988 1.1554035
v -0.5486959 0.1051186 1.1588213
v -0.5486959 0.0957926 1.2177036
v -0.5537633 0.1232350 1.0992018
v -0.5486960 0.1321837 1.1057034
v -0.5537633 0.1678369 1.0546001
v -0.5486960 0.1743385 1.0635489
v -0.5537633 0.2240385 1.0259638
v -0.5486960 0.2274565 1.0364839
v -0.5486960 0.2863381 1.0271580
v -0.5486959 0.3452199 1.0364839
v -0.7009887 0.3377576 1.0594504
v -0.7009887 0.2863381 1.0513065
v -0.5486959 0.3983380 1.0635489
v -0.7009887 0.3841439 1.0830854
v -0.5486959 0.4404927 1.1057034
v -0.7009887 0.4209563 1.1198975
v -0.5486959 0.4675577 1.1588221
v -0.7009887 0.4445913 1.1662844
v -0.5486959 0.4768837 1.2177036
v -0.7009887 0.4527353 1.2177036
v -0.5486958 0.4675577 1.2765851
v -0.7009886 0.4445913 1.2691236
v -0.5486958 0.4404927 1.3297037
v -0.7009886 0.4209563 1.3155096
v -0.5486958 0.3983380 1.3718583
v -0.7009886 0.3841439 1.3523217
v -0.5486958 0.3452198 1.3989233
v -0.7009886 0.3377576 1.3759568
v -0.5486958 0.2863381 1.4082491
v -0.7009885 0.2863381 1.3841007
v -0.5486958 0.2274562 1.3989233
v -0.7009886 0.2349188 1.3759568
v -0.5486958 0.1743382 1.3718583
v -0.7009886 0.1885325 1.3523217
v -0.5486958 0.1321835 1.3297037
v -0.7009886 0.1517202 1.3155096
v -0.5486959 0.1051185 1.2765851
v -0.7009886 0.1280851 1.2691236
v -0.5486959 0.0957926 1.2177036
v -0.7009886 0.1199410 1.2177036
v -0.5486959 0.0957926 1.2177036
v -0.5486959 0.1051186 1.1588213
v -0.7009887 0.1280850 1.1662844
v -0.7009886 0.1199410 1.2177036
v -0.5486960 0.1321837 1.1057034
v -0.7009887 0.1517200 1.1198983
v -0.5486960 0.1743385 1.0635489
v -0.7009887 0.1885323 1.0830854
v -0.5486960 0.2274565 1.0364839
v -0.7009887 0.2349185 1.0594504
v -0.7547391 0.3707164 1.4773936
v -0.7607114 0.3612401 1.4482283
v -0.7607113 0.2863381 1.4600911
v -0.7547391 0.2863381 1.4907575
v -0.7547391 0.4468352 1.4386086
v -0.7607114 0.4288101 1.4137998
v -0.7547392 0.5072434 1.3782007
v -0.7607114 0.4824339 1.3601758
v -0.7547392 0.5460278 1.3020820
v -0.7607114 0.5168626 1.2926052
v -0.7547392 0.5593920 1.2177036
v -0.7607115 0.5287259 1.2177036
v -0.7547393 0.5460278 1.1333251
v -0.7607115 0.5168626 1.1428020
v -0.7547393 0.5072434 1.0572065
v -0.7607115 0.4824339 1.0752313
v -0.7547393 0.4468351 0.9967985
v -0.7607116 0.4288100 1.0216082
v -0.7547394 0.3707163 0.9580136
v -0.7607115 0.3612400 0.9871788
v -0.7547393 0.2863380 0.9446496
v -0.7607116 0.2863380 0.9753160
v -0.7547393 0.2019596 0.9580144
v -0.7607115 0.2114360 0.9871788
v -0.7547393 0.1258409 0.9967985
v -0.7607115 0.1438660 1.0216082
v -0.7547393 0.0654327 1.0572065
v -0.7607115 0.0902422 1.0752321
v -0.7547393 0.0266484 1.1333259
v -0.7607115 0.0558136 1.1428020
v -0.7547392 0.0132842 1.2177036
v -0.7607114 0.0439504 1.2177036
v -0.7547392 0.0266485 1.3020820
v -0.7607114 0.0558137 1.2926060
v -0.7547391 0.0654331 1.3782007
v -0.7607114 0.0902425 1.3601758
v -0.7547391 0.1258414 1.4386094
v -0.7607113 0.1438665 1.4137998
v -0.7547391 0.2019602 1.4773936
v -0.7607113 0.2114366 1.4482283
v -0.7332350 0.2863381 1.5040415
v -0.7332350 0.3748214 1.4900270
v -0.7332350 0.4546434 1.4493556
v -0.7332350 0.5179904 1.3860091
v -0.7332351 0.5586617 1.3061870
v -0.7332351 0.5726761 1.2177036
v -0.7332351 0.5586617 1.1292201
v -0.7332352 0.5179903 1.0493981
v -0.7332352 0.4546433 0.9860516
v -0.7332352 0.3748213 0.9453802
v -0.7332352 0.2863380 0.9313657
v -0.7332352 0.1978546 0.9453802
v -0.7332352 0.1180327 0.9860516
v -0.7332351 0.0546857 1.0493989
v -0.7332351 0.0140144 1.1292209
v -0.7332351 0.0000001 1.2177036
v -0.7332350 0.0140146 1.3061870
v -0.7332350 0.0546861 1.3860091
v -0.7332350 0.1180332 1.4493564
v -0.7332349 0.1978552 1.4900270
v -0.7547391 0.3486380 1.4094433
v -0.7547391 0.2863381 1.4193104
v -0.7547392 0.4048396 1.3808070
v -0.7547392 0.4494414 1.3362053
v -0.7547392 0.4780775 1.2800036
v -0.7547392 0.4879448 1.2177036
v -0.7547393 0.4780775 1.1554035
v -0.7547393 0.4494414 1.0992018
v -0.7547393 0.4048395 1.0546001
v -0.7547393 0.3486379 1.0259638
v -0.7547393 0.2863380 1.0160968
v -0.7547393 0.2240381 1.0259646
v -0.7547393 0.1678365 1.0546001
v -0.7547393 0.1232348 1.0992027
v -0.7547392 0.0945986 1.1554035
v -0.7547392 0.0847314 1.2177036
v -0.7547392 0.0945988 1.2800036
v -0.7547392 0.1232350 1.3362053
v -0.7547392 0.1678369 1.3808070
v -0.7547391 0.2240385 1.4094433
v -0.7332350 0.3748214 1.4900270
v -0.7332350 0.2863381 1.5040415
v -0.5761051 0.2863382 1.5040415
v -0.5761051 0.3748214 1.4900270
v -0.7332350 0.4546434 1.4493556
v -0.5761051 0.4546434 1.4493556
v -0.7332351 0.5726761 1.2177036
v -0.7332351 0.5586617 1.3061870
v -0.5761052 0.5586617 1.3061870
v -0.5761052 0.5726761 1.2177036
v -0.7332351 0.5586617 1.1292201
v -0.7332351 0.5726761 1.2177036
v -0.5761052 0.5726761 1.2177036
v -0.5761053 0.5586617 1.1292201
v -0.7332352 0.5179903 1.0493981
v -0.5761054 0.5179903 1.0493981
v -0.7332352 0.4546433 0.9860516
v -0.5761054 0.4546433 0.9860516
v -0.7332352 0.2863380 0.9313657
v -0.7332352 0.3748213 0.9453802
v -0.5761054 0.3748213 0.9453802
v -0.5761054 0.2863380 0.9313657
v -0.7332352 0.1978546 0.9453802
v -0.5761054 0.1978546 0.9453802
v -0.7332351 0.0546857 1.0493989
v -0.5761053 0.0546857 1.0493989
v -0.5761052 0.0140144 1.1292201
v -0.7332351 0.0140144 1.1292209
v -0.7332351 0.0000001 1.2177036
v -0.5761052 0.0000001 1.2177036
v -0.7332350 0.0140146 1.3061870
v -0.7332351 0.0000001 1.2177036
v -0.5761052 0.0000001 1.2177036
v -0.5761052 0.0140146 1.3061870
v -0.7332350 0.0546861 1.3860091
v -0.5761051 0.0546861 1.3860091
v -0.5761051 0.1180332 1.4493564
v -0.7332350 0.1180332 1.4493564
v -0.7332349 0.1978552 1.4900270
v -0.5761051 0.1978552 1.4900270
v -0.5486287 0.2863381 1.4600911
v -0.5486287 0.3612401 1.4482283
v -0.5546010 0.3707164 1.4773936
v -0.5546010 0.2863381 1.4907575
v -0.5486288 0.4288101 1.4137989
v -0.5546011 0.4468352 1.4386086
v -0.5486288 0.4824339 1.3601758
v -0.5546011 0.5072434 1.3782007
v -0.5486288 0.5168626 1.2926052
v -0.5546011 0.5460278 1.3020820
v -0.5486289 0.5287259 1.2177036
v -0.5546012 0.5593920 1.2177036
v -0.5486289 0.5168626 1.1428012
v -0.5546012 0.5460278 1.1333251
v -0.5486289 0.4824339 1.0752313
v -0.5546012 0.5072434 1.0572065
v -0.5486289 0.4288100 1.0216074
v -0.5546012 0.4468351 0.9967985
v -0.5486289 0.3612400 0.9871788
v -0.5546013 0.3707163 0.9580136
v -0.5486290 0.2863380 0.9753160
v -0.5546013 0.2863380 0.9446496
v -0.5486290 0.2114360 0.9871788
v -0.5546013 0.2019596 0.9580136
v -0.5486289 0.1438660 1.0216082
v -0.5546012 0.1258409 0.9967985
v -0.5486289 0.0902422 1.0752321
v -0.5546012 0.0654327 1.0572065
v -0.5486289 0.0558136 1.1428020
v -0.5546012 0.0266484 1.1333251
v -0.5486288 0.0439504 1.2177036
v -0.5546011 0.0132842 1.2177036
v -0.5486288 0.0558137 1.2926060
v -0.5546011 0.0266485 1.3020820
v -0.5486288 0.0902425 1.3601758
v -0.5546011 0.0654331 1.3782007
v -0.5486287 0.1438665 1.4137998
v -0.5546010 0.1258414 1.4386086
v -0.5486287 0.2114366 1.4482283
v -0.5546010 0.2019602 1.4773936
v -0.5761051 0.3748214 1.4900270
v -0.5761051 0.2863382 1.5040415
v -0.5761051 0.4546434 1.4493556
v -0.5761052 0.5179904 1.3860091
v -0.5761052 0.5586617 1.3061870
v -0.5761052 0.5726761 1.2177036
v -0.5761053 0.5586617 1.1292201
v -0.5761054 0.5179903 1.0493981
v -0.5761054 0.4546433 0.9860516
v -0.5761054 0.3748213 0.9453802
v -0.5761054 0.2863380 0.9313657
v -0.5761054 0.1978546 0.9453802
v -0.5761054 0.1180327 0.9860516
v -0.5761053 0.0546857 1.0493989
v -0.5761052 0.0140144 1.1292201
v -0.5761052 0.0000001 1.2177036
v -0.5761052 0.0140146 1.3061870
v -0.5761051 0.0546861 1.3860091
v -0.5761051 0.1180332 1.4493564
v -0.5761051 0.1978552 1.4900270
v -0.5546010 0.2863381 1.4193104
v -0.5546011 0.3486380 1.4094425
v -0.5546011 0.4048396 1.3808070
v -0.5546011 0.4494414 1.3362053
v -0.5546011 0.4780775 1.2800036
v -0.5546012 0.4879448 1.2177036
v -0.5546012 0.4780775 1.1554035
v -0.5546012 0.4494414 1.0992018
v -0.5546012 0.4048395 1.0546001
v -0.5546012 0.3486380 1.0259638
v -0.5546012 0.2863380 1.0160968
v -0.5546012 0.2240381 1.0259638
v -0.5546012 0.1678365 1.0546001
v -0.5546012 0.1232348 1.0992018
v -0.5546012 0.0945987 1.1554035
v -0.5546011 0.0847314 1.2177036
v -0.5546011 0.0945988 1.2800036
v -0.5546011 0.1232350 1.3362053
v -0.5546011 0.1678369 1.3808070
v -0.5546010 0.2240385 1.4094433
v -0.7332350 0.5179904 1.3860091
v -0.5761052 0.5179904 1.3860091
v -0.5761054 0.1180327 0.9860516
v -0.7332352 0.1180327 0.9860516
v -0.6947598 0.2863381 1.3778260
v -0.6947598 0.3663991 1.3563737
v -0.7375465 0.2863381 1.2177036
v -0.6947598 0.4250079 1.2977648
v -0.6947599 0.4464602 1.2177036
v -0.6947599 0.4250079 1.1376424
v -0.6947599 0.3663991 1.0790335
v -0.6947599 0.2863381 1.0575811
v -0.6947599 0.2062771 1.0790335
v -0.6947599 0.1476684 1.1376424
v -0.6947599 0.1262160 1.2177036
v -0.6947598 0.1476683 1.2977648
v -0.6947598 0.2062770 1.3563737
v 0.7450884 0.2863380 -1.4411415
v 0.7421927 0.3064610 -1.4389416
v 0.7572139 0.3096998 -1.3723280
v 0.7587522 0.2863380 -1.3628275
v 0.7624623 0.3230017 -1.3247098
v 0.7624623 0.2863380 -1.3316787
v 0.7572139 0.2629762 -1.3723280
v 0.7421927 0.2662150 -1.4389416
v 0.7624623 0.2496742 -1.3247098
v 0.7572139 0.2359316 -1.3532469
v 0.7450884 0.1357850 -1.3686389
v 0.7421927 0.1500512 -1.3829999
v 0.7572139 0.2041511 -1.3439994
v 0.7587522 0.1970132 -1.3198110
v 0.7624623 0.2213665 -1.3003899
v 0.7572139 0.1750195 -1.3074694
v 0.7421928 0.1249583 -1.3515344
v 0.7624623 0.2039554 -1.2673800
v 0.7572139 0.1730759 -1.2744281
v 0.7450884 0.0986015 -1.2057273
v 0.7587523 0.1749519 -1.2231538
v 0.7572140 0.1708879 -1.1982637
v 0.7421928 0.1052238 -1.1865984
v 0.7624623 0.2202723 -1.1958913
v 0.7572140 0.1955088 -1.1761429
v 0.7450885 0.2027874 -1.0750823
v 0.7587523 0.2367665 -1.1456406
v 0.7572140 0.2536925 -1.1269448
v 0.7421928 0.2218719 -1.0683330
v 0.7624623 0.2863380 -1.1640756
v 0.7572140 0.2863380 -1.1324019
v 0.7421928 0.0962683 -1.2258352
v 0.7572139 0.1604910 -1.2438156
v 0.7624623 0.2053199 -1.2300851
v 0.7421928 0.1856117 -1.0857950
v 0.7572140 0.2115961 -1.1472172
v 0.7624623 0.2502815 -1.1737051
v 0.7450885 0.3698886 -1.0750823
v 0.7421928 0.3508040 -1.0683330
v 0.7572140 0.3189834 -1.1269448
v 0.7587523 0.3359095 -1.1456406
v 0.7624623 0.3223944 -1.1737051
v 0.7572140 0.3610798 -1.1472172
v 0.7421928 0.3870643 -1.0857950
v 0.7624623 0.3524037 -1.1958913
v 0.7572140 0.3771671 -1.1761433
v 0.7450884 0.4740745 -1.2057273
v 0.7421928 0.4674521 -1.1865984
v 0.7572139 0.4017880 -1.1982637
v 0.7587523 0.3977241 -1.2231538
v 0.7624623 0.3673560 -1.2300851
v 0.7572139 0.4121850 -1.2438156
v 0.7421928 0.4764077 -1.2258352
v 0.7624623 0.3687206 -1.2673800
v 0.7572139 0.3996001 -1.2744281
v 0.7450884 0.4368910 -1.3686389
v 0.7421928 0.4477176 -1.3515348
v 0.7572139 0.3976564 -1.3074694
v 0.7587522 0.3756627 -1.3198110
v 0.7624623 0.3513094 -1.3003899
v 0.7572139 0.3685248 -1.3439994
v 0.7421927 0.4226248 -1.3829999
v 0.7572139 0.3367444 -1.3532469
v 0.7624623 0.3230017 -1.3247098
v 0.7400210 0.2863380 -1.2485769
v 0.7624623 0.2863380 -1.3316787
v 0.7624623 0.2496742 -1.3247098
v 0.7624623 0.2213665 -1.3003899
v 0.7624623 0.2039554 -1.2673800
v 0.7624623 0.2053199 -1.2300851
v 0.7624623 0.2202723 -1.1958913
v 0.7624623 0.2502815 -1.1737051
v 0.7624623 0.2863380 -1.1640756
v 0.7624623 0.3223944 -1.1737051
v 0.7624623 0.3524037 -1.1958913
v 0.7624623 0.3673560 -1.2300851
v 0.7624623 0.3687206 -1.2673800
v 0.7624623 0.3513094 -1.3003899
v 0.7572139 0.3096998 -1.3723280
v 0.7421927 0.3064610 -1.4389416
v 0.7130552 0.3064610 -1.4389416
v 0.7280764 0.3096998 -1.3723280
v 0.7572139 0.3367444 -1.3532469
v 0.7572139 0.3096998 -1.3723280
v 0.7280764 0.3096998 -1.3723280
v 0.7280764 0.3367444 -1.3532469
v 0.7421927 0.2662150 -1.4389416
v 0.7572139 0.2629762 -1.3723280
v 0.7280764 0.2629762 -1.3723280
v 0.7130552 0.2662150 -1.4389416
v 0.7572139 0.2629762 -1.3723280
v 0.7572139 0.2359316 -1.3532469
v 0.7280764 0.2359316 -1.3532469
v 0.7280764 0.2629762 -1.3723280
v 0.7572139 0.2041511 -1.3439994
v 0.7421927 0.1500512 -1.3829999
v 0.7130553 0.1500512 -1.3829999
v 0.7280764 0.2041511 -1.3439994
v 0.7572139 0.2041511 -1.3439994
v 0.7280764 0.2041511 -1.3439994
v 0.7421928 0.1249583 -1.3515344
v 0.7572139 0.1750195 -1.3074694
v 0.7280764 0.1750195 -1.3074694
v 0.7130553 0.1249583 -1.3515344
v 0.7572139 0.1750195 -1.3074694
v 0.7572139 0.1730759 -1.2744281
v 0.7280765 0.1730759 -1.2744281
v 0.7280764 0.1750195 -1.3074694
v 0.7421928 0.1052238 -1.1865984
v 0.7572140 0.1708879 -1.1982637
v 0.7280765 0.1708879 -1.1982637
v 0.7130553 0.1052238 -1.1865984
v 0.7572140 0.1708879 -1.1982637
v 0.7572140 0.1955088 -1.1761429
v 0.7280765 0.1955088 -1.1761429
v 0.7280765 0.1708879 -1.1982637
v 0.7421928 0.2218719 -1.0683330
v 0.7572140 0.2536925 -1.1269448
v 0.7280765 0.2536925 -1.1269448
v 0.7130554 0.2218719 -1.0683330
v 0.7572140 0.2536925 -1.1269448
v 0.7572140 0.2863380 -1.1324019
v 0.7280765 0.2863380 -1.1324019
v 0.7280765 0.2536925 -1.1269448
v 0.7572139 0.1604910 -1.2438156
v 0.7421928 0.0962683 -1.2258352
v 0.7130553 0.0962683 -1.2258352
v 0.7280765 0.1604910 -1.2438156
v 0.7572139 0.1604910 -1.2438156
v 0.7280765 0.1604910 -1.2438156
v 0.7572140 0.2115961 -1.1472172
v 0.7421928 0.1856117 -1.0857950
v 0.7130553 0.1856117 -1.0857950
v 0.7280765 0.2115961 -1.1472172
v 0.7572140 0.2115961 -1.1472172
v 0.7280765 0.2115961 -1.1472172
v 0.7572140 0.3189834 -1.1269448
v 0.7421928 0.3508040 -1.0683330
v 0.7130554 0.3508040 -1.0683330
v 0.7280765 0.3189834 -1.1269448
v 0.7572140 0.3189834 -1.1269448
v 0.7280765 0.3189834 -1.1269448
v 0.7421928 0.3870643 -1.0857950
v 0.7572140 0.3610798 -1.1472172
v 0.7280765 0.3610798 -1.1472172
v 0.7130553 0.3870643 -1.0857950
v 0.7572140 0.3610798 -1.1472172
v 0.7572140 0.3771671 -1.1761433
v 0.7280765 0.3771671 -1.1761429
v 0.7280765 0.3610798 -1.1472172
v 0.7572139 0.4017880 -1.1982637
v 0.7421928 0.4674521 -1.1865984
v 0.7130553 0.4674521 -1.1865984
v 0.7280765 0.4017880 -1.1982637
v 0.7572139 0.4017880 -1.1982637
v 0.7280765 0.4017880 -1.1982637
v 0.7421928 0.4764077 -1.2258352
v 0.7572139 0.4121850 -1.2438156
v 0.7280765 0.4121850 -1.2438156
v 0.7130553 0.4764077 -1.2258352
v 0.7572139 0.4121850 -1.2438156
v 0.7572139 0.3996001 -1.2744281
v 0.7280765 0.3996001 -1.2744281
v 0.7280765 0.4121850 -1.2438156
v 0.7572139 0.3976564 -1.3074694
v 0.7421928 0.4477176 -1.3515348
v 0.7130553 0.4477176 -1.3515344
v 0.7280764 0.3976564 -1.3074694
v 0.7572139 0.3976564 -1.3074694
v 0.7280764 0.3976564 -1.3074694
v 0.7421927 0.4226248 -1.3829999
v 0.7572139 0.3685248 -1.3439994
v 0.7280764 0.3685248 -1.3439994
v 0.7130553 0.4226248 -1.3829999
v 0.7572139 0.3685248 -1.3439994
v 0.7280764 0.3685248 -1.3439994
v 0.7547374 0.2863379 -1.4501837
v 0.7547374 0.3486379 -1.4403162
v 0.7598048 0.3452198 -1.4297966
v 0.7598048 0.2863379 -1.4391224
v 0.7547374 0.4048395 -1.4116803
v 0.7598048 0.3983379 -1.4027316
v 0.7547374 0.4494413 -1.3670786
v 0.7598048 0.4404926 -1.3605766
v 0.7547375 0.4780774 -1.3108769
v 0.7598048 0.4675576 -1.3074588
v 0.7547375 0.4879447 -1.2485769
v 0.7598049 0.4768835 -1.2485769
v 0.7547375 0.4780774 -1.1862768
v 0.7598049 0.4675576 -1.1896950
v 0.7547376 0.4494413 -1.1300756
v 0.7598049 0.4404926 -1.1365771
v 0.7547376 0.4048394 -1.0854738
v 0.7598049 0.3983379 -1.0944222
v 0.7547376 0.3486378 -1.0568375
v 0.7598049 0.3452197 -1.0673572
v 0.7547376 0.2863379 -1.0469701
v 0.7598049 0.2863379 -1.0580313
v 0.7547376 0.2240380 -1.0568375
v 0.7598049 0.2274561 -1.0673572
v 0.7547375 0.1678364 -1.0854738
v 0.7598049 0.1743381 -1.0944226
v 0.7547375 0.1232346 -1.1300756
v 0.7598049 0.1321833 -1.1365771
v 0.7547375 0.0945985 -1.1862772
v 0.7598049 0.1051184 -1.1896954
v 0.7547375 0.0847313 -1.2485773
v 0.7598048 0.0957925 -1.2485773
v 0.7547375 0.0847313 -1.2485773
v 0.7547375 0.0945986 -1.3108769
v 0.7598048 0.1051185 -1.3074588
v 0.7598048 0.0957925 -1.2485773
v 0.7547374 0.1232349 -1.3670786
v 0.7598048 0.1321835 -1.3605770
v 0.7547374 0.1678367 -1.4116803
v 0.7598048 0.1743383 -1.4027316
v 0.7547374 0.2240383 -1.4403162
v 0.7598048 0.2274564 -1.4297966
v 0.7598048 0.2863379 -1.4391224
v 0.7598048 0.3452198 -1.4297966
v 0.7009868 0.3377575 -1.4068301
v 0.7009868 0.2863380 -1.4149740
v 0.7598048 0.3983379 -1.4027316
v 0.7009868 0.3841438 -1.3831950
v 0.7598048 0.4404926 -1.3605766
v 0.7009869 0.4209561 -1.3463825
v 0.7598048 0.4675576 -1.3074588
v 0.7009869 0.4445911 -1.2999965
v 0.7598049 0.4768835 -1.2485769
v 0.7009869 0.4527351 -1.2485769
v 0.7598049 0.4675576 -1.1896950
v 0.7009869 0.4445912 -1.1971573
v 0.7598049 0.4404926 -1.1365771
v 0.7009869 0.4209561 -1.1507712
v 0.7598049 0.3983379 -1.0944222
v 0.7009870 0.3841438 -1.1139587
v 0.7598049 0.3452197 -1.0673572
v 0.7009870 0.3377575 -1.0903237
v 0.7598049 0.2863379 -1.0580313
v 0.7009870 0.2863379 -1.0821798
v 0.7598049 0.2274561 -1.0673572
v 0.7009869 0.2349184 -1.0903237
v 0.7598049 0.1743381 -1.0944226
v 0.7009869 0.1885321 -1.1139587
v 0.7598049 0.1321833 -1.1365771
v 0.7009869 0.1517198 -1.1507712
v 0.7598049 0.1051184 -1.1896954
v 0.7009869 0.1280849 -1.1971577
v 0.7598048 0.0957925 -1.2485773
v 0.7009869 0.1199409 -1.2485769
v 0.7598048 0.0957925 -1.2485773
v 0.7598048 0.1051185 -1.3074588
v 0.7009869 0.1280850 -1.2999965
v 0.7009869 0.1199409 -1.2485769
v 0.7598048 0.1321835 -1.3605770
v 0.7009869 0.1517200 -1.3463829
v 0.7598048 0.1743383 -1.4027316
v 0.7009868 0.1885324 -1.3831950
v 0.7598048 0.2274564 -1.4297966
v 0.7009868 0.2349187 -1.4068301
v 0.5537615 0.2863380 -1.0469705
v 0.5537615 0.3486379 -1.0568375
v 0.5486942 0.3452198 -1.0673576
v 0.5486942 0.2863380 -1.0580313
v 0.5537615 0.4048395 -1.0854738
v 0.5486941 0.3983379 -1.0944226
v 0.5537615 0.4494413 -1.1300756
v 0.5486942 0.4404926 -1.1365771
v 0.5537615 0.4780774 -1.1862772
v 0.5486941 0.4675576 -1.1896954
v 0.5537615 0.4879447 -1.2485769
v 0.5486941 0.4768835 -1.2485769
v 0.5537615 0.4780774 -1.3108769
v 0.5486941 0.4675576 -1.3074588
v 0.5537614 0.4494413 -1.3670786
v 0.5486941 0.4404926 -1.3605770
v 0.5537614 0.4048394 -1.4116803
v 0.5486941 0.3983379 -1.4027316
v 0.5537614 0.3486378 -1.4403162
v 0.5486941 0.3452197 -1.4297966
v 0.5537614 0.2863379 -1.4501837
v 0.5486941 0.2863379 -1.4391224
v 0.5537614 0.2240380 -1.4403162
v 0.5486941 0.2274561 -1.4297966
v 0.5537614 0.1678364 -1.4116803
v 0.5486941 0.1743380 -1.4027316
v 0.5537615 0.1232347 -1.3670782
v 0.5486941 0.1321833 -1.3605766
v 0.5537615 0.0945985 -1.3108769
v 0.5486941 0.1051184 -1.3074588
v 0.5537615 0.0847313 -1.2485769
v 0.5486941 0.0957925 -1.2485769
v 0.5537615 0.0847313 -1.2485769
v 0.5537615 0.0945987 -1.1862768
v 0.5486941 0.1051185 -1.1896950
v 0.5486941 0.0957925 -1.2485769
v 0.5537615 0.1232349 -1.1300751
v 0.5486942 0.1321836 -1.1365771
v 0.5537615 0.1678368 -1.0854734
v 0.5486942 0.1743384 -1.0944222
v 0.5537616 0.2240383 -1.0568375
v 0.5486942 0.2274564 -1.0673572
v 0.5486942 0.2863380 -1.0580313
v 0.5486942 0.3452198 -1.0673576
v 0.7009870 0.3377575 -1.0903237
v 0.7009870 0.2863379 -1.0821798
v 0.5486941 0.3983379 -1.0944226
v 0.7009870 0.3841438 -1.1139587
v 0.5486942 0.4404926 -1.1365771
v 0.7009869 0.4209561 -1.1507712
v 0.5486941 0.4675576 -1.1896954
v 0.7009869 0.4445912 -1.1971573
v 0.5486941 0.4768835 -1.2485769
v 0.7009869 0.4527351 -1.2485769
v 0.5486941 0.4675576 -1.3074588
v 0.7009869 0.4445911 -1.2999965
v 0.5486941 0.4404926 -1.3605770
v 0.7009869 0.4209561 -1.3463825
v 0.5486941 0.3983379 -1.4027316
v 0.7009868 0.3841438 -1.3831950
v 0.5486941 0.3452197 -1.4297966
v 0.7009868 0.3377575 -1.4068301
v 0.5486941 0.2863379 -1.4391224
v 0.7009868 0.2863380 -1.4149740
v 0.5486941 0.2274561 -1.4297966
v 0.7009868 0.2349187 -1.4068301
v 0.5486941 0.1743380 -1.4027316
v 0.7009868 0.1885324 -1.3831950
v 0.5486941 0.1321833 -1.3605766
v 0.7009869 0.1517200 -1.3463829
v 0.5486941 0.1051184 -1.3074588
v 0.7009869 0.1280850 -1.2999965
v 0.5486941 0.0957925 -1.2485769
v 0.7009869 0.1199409 -1.2485769
v 0.5486941 0.0957925 -1.2485769
v 0.5486941 0.1051185 -1.1896950
v 0.7009869 0.1280849 -1.1971577
v 0.7009869 0.1199409 -1.2485769
v 0.5486942 0.1321836 -1.1365771
v 0.7009869 0.1517198 -1.1507712
v 0.5486942 0.1743384 -1.0944222
v 0.7009869 0.1885321 -1.1139587
v 0.5486942 0.2274564 -1.0673572
v 0.7009869 0.2349184 -1.0903237
v 0.7547374 0.3707163 -1.5082665
v 0.7607097 0.3612399 -1.4791012
v 0.7607097 0.2863380 -1.4909649
v 0.7547374 0.2863380 -1.5216308
v 0.7547374 0.4468350 -1.4694823
v 0.7607097 0.4288099 -1.4446727
v 0.7547374 0.5072433 -1.4090740
v 0.7607097 0.4824338 -1.3910487
v 0.7547375 0.5460276 -1.3329553
v 0.7607097 0.5168625 -1.3234789
v 0.7547375 0.5593919 -1.2485769
v 0.7607098 0.5287257 -1.2485769
v 0.7547375 0.5460276 -1.1641984
v 0.7607098 0.5168625 -1.1736749
v 0.7547376 0.5072433 -1.0880798
v 0.7607098 0.4824338 -1.1061050
v 0.7547376 0.4468350 -1.0276714
v 0.7607098 0.4288099 -1.0524811
v 0.7547376 0.3707162 -0.9888873
v 0.7607098 0.3612399 -1.0180525
v 0.7547376 0.2863379 -0.9755229
v 0.7607098 0.2863379 -1.0061893
v 0.7547376 0.2019595 -0.9888873
v 0.7607098 0.2114359 -1.0180525
v 0.7547375 0.1258408 -1.0276718
v 0.7607098 0.1438659 -1.0524811
v 0.7547375 0.0654326 -1.0880802
v 0.7607098 0.0902421 -1.1061050
v 0.7547375 0.0266482 -1.1641988
v 0.7607098 0.0558135 -1.1736753
v 0.7547375 0.0132841 -1.2485773
v 0.7607097 0.0439502 -1.2485773
v 0.7547374 0.0266484 -1.3329553
v 0.7607097 0.0558136 -1.3234793
v 0.7547374 0.0654330 -1.4090744
v 0.7607097 0.0902424 -1.3910491
v 0.7547374 0.1258412 -1.4694823
v 0.7607097 0.1438663 -1.4446731
v 0.7547374 0.2019601 -1.5082669
v 0.7607097 0.2114364 -1.4791012
v 0.7332333 0.2863380 -1.5349148
v 0.7332333 0.3748213 -1.5209007
v 0.7332333 0.4546432 -1.4802293
v 0.7332333 0.5179903 -1.4168820
v 0.7332334 0.5586616 -1.3370603
v 0.7332334 0.5726759 -1.2485769
v 0.7332334 0.5586616 -1.1600934
v 0.7332334 0.5179902 -1.0802718
v 0.7332335 0.4546432 -1.0169245
v 0.7332335 0.3748212 -0.9762531
v 0.7332335 0.2863379 -0.9622390
v 0.7332335 0.1978545 -0.9762535
v 0.7332334 0.1180326 -1.0169249
v 0.7332334 0.0546856 -1.0802718
v 0.7332334 0.0140143 -1.1600938
v 0.7332334 0.0000000 -1.2485773
v 0.7332333 0.0140145 -1.3370603
v 0.7332333 0.0546859 -1.4168824
v 0.7332333 0.1180331 -1.4802293
v 0.7332333 0.1978551 -1.5209007
v 0.7547374 0.3486379 -1.4403162
v 0.7547374 0.2863380 -1.4501837
v 0.7547374 0.4048395 -1.4116803
v 0.7547374 0.4494413 -1.3670782
v 0.7547375 0.4780774 -1.3108769
v 0.7547375 0.4879447 -1.2485769
v 0.7547375 0.4780774 -1.1862768
v 0.7547375 0.4494413 -1.1300756
v 0.7547375 0.4048394 -1.0854734
v 0.7547376 0.3486378 -1.0568375
v 0.7547375 0.2863379 -1.0469701
v 0.7547375 0.2240380 -1.0568375
v 0.7547375 0.1678364 -1.0854738
v 0.7547375 0.1232346 -1.1300756
v 0.7547375 0.0945985 -1.1862772
v 0.7547375 0.0847313 -1.2485773
v 0.7547375 0.0945986 -1.3108769
v 0.7547374 0.1232349 -1.3670786
v 0.7547374 0.1678367 -1.4116803
v 0.7547374 0.2240384 -1.4403162
v 0.7332333 0.3748213 -1.5209007
v 0.7332333 0.2863380 -1.5349148
v 0.5761034 0.2863380 -1.5349148
v 0.5761034 0.3748213 -1.5209007
v 0.7332333 0.4546432 -1.4802293
v 0.5761035 0.4546432 -1.4802293
v 0.7332334 0.5726759 -1.2485769
v 0.7332334 0.5586616 -1.3370603
v 0.5761035 0.5586616 -1.3370599
v 0.5761035 0.5726759 -1.2485769
v 0.7332334 0.5586616 -1.1600934
v 0.7332334 0.5726759 -1.2485769
v 0.5761035 0.5726759 -1.2485769
v 0.5761036 0.5586616 -1.1600934
v 0.7332334 0.5179902 -1.0802718
v 0.5761036 0.5179902 -1.0802718
v 0.7332335 0.4546432 -1.0169245
v 0.5761036 0.4546432 -1.0169245
v 0.7332335 0.2863379 -0.9622390
v 0.7332335 0.3748212 -0.9762531
v 0.5761036 0.3748212 -0.9762531
v 0.5761036 0.2863379 -0.9622390
v 0.7332335 0.1978545 -0.9762535
v 0.5761036 0.1978545 -0.9762535
v 0.7332334 0.0546856 -1.0802718
v 0.5761036 0.0546856 -1.0802718
v 0.5761035 0.0140143 -1.1600938
v 0.7332334 0.0140143 -1.1600938
v 0.7332334 0.0000000 -1.2485773
v 0.5761035 0.0000000 -1.2485773
v 0.7332333 0.0140145 -1.3370603
v 0.7332334 0.0000000 -1.2485773
v 0.5761035 0.0000000 -1.2485773
v 0.5761035 0.0140145 -1.3370603
v 0.7332333 0.0546859 -1.4168824
v 0.5761035 0.0546859 -1.4168824
v 0.5761034 0.1180331 -1.4802293
v 0.7332333 0.1180331 -1.4802293
v 0.7332333 0.1978551 -1.5209007
v 0.5761034 0.1978551 -1.5209007
v 0.5486271 0.2863380 -1.4909644
v 0.5486271 0.3612399 -1.4791012
v 0.5545993 0.3707163 -1.5082665
v 0.5545993 0.2863380 -1.5216308
v 0.5486271 0.4288099 -1.4446727
v 0.5545993 0.4468351 -1.4694823
v 0.5486271 0.4824338 -1.3910487
v 0.5545993 0.5072433 -1.4090740
v 0.5486272 0.5168625 -1.3234789
v 0.5545994 0.5460276 -1.3329549
v 0.5486272 0.5287257 -1.2485769
v 0.5545994 0.5593919 -1.2485769
v 0.5486272 0.5168625 -1.1736749
v 0.5545994 0.5460276 -1.1641984
v 0.5486272 0.4824338 -1.1061050
v 0.5545994 0.5072433 -1.0880798
v 0.5486272 0.4288099 -1.0524811
v 0.5545995 0.4468350 -1.0276714
v 0.5486272 0.3612399 -1.0180525
v 0.5545995 0.3707162 -0.9888873
v 0.5486272 0.2863379 -1.0061889
v 0.5545995 0.2863379 -0.9755229
v 0.5486272 0.2114359 -1.0180525
v 0.5545995 0.2019595 -0.9888873
v 0.5486272 0.1438659 -1.0524811
v 0.5545994 0.1258408 -1.0276718
v 0.5486272 0.0902421 -1.1061050
v 0.5545994 0.0654326 -1.0880798
v 0.5486271 0.0558135 -1.1736753
v 0.5545994 0.0266482 -1.1641988
v 0.5486271 0.0439502 -1.2485773
v 0.5545994 0.0132841 -1.2485773
v 0.5486271 0.0558136 -1.3234789
v 0.5545993 0.0266484 -1.3329553
v 0.5486271 0.0902424 -1.3910491
v 0.5545993 0.0654330 -1.4090744
v 0.5486271 0.1438663 -1.4446727
v 0.5545993 0.1258412 -1.4694823
v 0.5486271 0.2114364 -1.4791012
v 0.5545993 0.2019601 -1.5082665
v 0.5761034 0.3748213 -1.5209007
v 0.5761034 0.2863380 -1.5349148
v 0.5761035 0.4546432 -1.4802293
v 0.5761035 0.5179903 -1.4168820
v 0.5761035 0.5586616 -1.3370599
v 0.5761035 0.5726759 -1.2485769
v 0.5761036 0.5586616 -1.1600934
v 0.5761036 0.5179902 -1.0802718
v 0.5761036 0.4546432 -1.0169245
v 0.5761036 0.3748212 -0.9762531
v 0.5761036 0.2863379 -0.9622390
v 0.5761036 0.1978545 -0.9762535
v 0.5761036 0.1180326 -1.0169249
v 0.5761036 0.0546856 -1.0802718
v 0.5761035 0.0140143 -1.1600938
v 0.5761035 0.0000000 -1.2485773
v 0.5761035 0.0140145 -1.3370603
v 0.5761035 0.0546859 -1.4168824
v 0.5761034 0.1180331 -1.4802293
v 0.5761034 0.1978551 -1.5209007
v 0.5545993 0.2863380 -1.4501837
v 0.5545993 0.3486379 -1.4403162
v 0.5545993 0.4048395 -1.4116799
v 0.5545994 0.4494413 -1.3670782
v 0.5545994 0.4780774 -1.3108769
v 0.5545994 0.4879447 -1.2485769
v 0.5545994 0.4780774 -1.1862768
v 0.5545994 0.4494413 -1.1300756
v 0.5545994 0.4048394 -1.0854734
v 0.5545995 0.3486378 -1.0568375
v 0.5545995 0.2863379 -1.0469701
v 0.5545994 0.2240380 -1.0568375
v 0.5545994 0.1678364 -1.0854738
v 0.5545994 0.1232346 -1.1300756
v 0.5545994 0.0945985 -1.1862772
v 0.5545994 0.0847313 -1.2485769
v 0.5545993 0.0945986 -1.3108769
v 0.5545993 0.1232349 -1.3670786
v 0.5545993 0.1678368 -1.4116803
v 0.5545993 0.2240384 -1.4403162
v 0.7332333 0.5179903 -1.4168820
v 0.5761035 0.5179903 -1.4168820
v 0.5761036 0.1180326 -1.0169249
v 0.7332334 0.1180326 -1.0169249
v 0.6947581 0.2863380 -1.4086989
v 0.6947581 0.3663990 -1.3872466
v 0.7375447 0.2863380 -1.2485769
v 0.6947581 0.4250078 -1.3286381
v 0.6947581 0.4464601 -1.2485769
v 0.6947581 0.4250078 -1.1685157
v 0.6947582 0.3663990 -1.1099072
v 0.6947582 0.2863380 -1.0884549
v 0.6947582 0.2062770 -1.1099072
v 0.6947581 0.1476682 -1.1685157
v 0.6947581 0.1262159 -1.2485769
v 0.6947581 0.1476682 -1.3286377
v 0.6947581 0.2062768 -1.3872466
v 0.7450888 0.2863381 1.0251394
v 0.7421931 0.3064611 1.0273384
v 0.7572143 0.3096999 1.0939524
v 0.7587527 0.2863381 1.1034530
v 0.7624627 0.3230018 1.1415702
v 0.7624627 0.2863381 1.1346018
v 0.7572143 0.2629763 1.0939524
v 0.7421931 0.2662151 1.0273384
v 0.7624627 0.2496744 1.1415702
v 0.7572143 0.2359317 1.1130335
v 0.7450888 0.1357851 1.0976420
v 0.7421931 0.1500513 1.0832805
v 0.7572143 0.2041512 1.1222810
v 0.7587527 0.1970134 1.1464695
v 0.7624627 0.2213666 1.1658909
v 0.7572143 0.1750196 1.1588106
v 0.7421932 0.1249585 1.1147460
v 0.7624627 0.2039555 1.1989000
v 0.7572143 0.1730760 1.1918524
v 0.7450888 0.0986016 1.2605536
v 0.7587527 0.1749520 1.2431271
v 0.7572144 0.1708880 1.2680167
v 0.7421932 0.1052239 1.2796820
v 0.7624627 0.2202724 1.2703888
v 0.7572144 0.1955090 1.2901376
v 0.7450889 0.2027875 1.3911981
v 0.7587527 0.2367666 1.3206399
v 0.7572144 0.2536926 1.3393357
v 0.7421932 0.2218720 1.3979470
v 0.7624627 0.2863381 1.3022045
v 0.7572144 0.2863381 1.3338781
v 0.7421932 0.0962684 1.2404456
v 0.7572143 0.1604911 1.2224649
v 0.7624627 0.2053200 1.2361953
v 0.7421932 0.1856118 1.3804854
v 0.7572144 0.2115963 1.3190637
v 0.7624627 0.2502817 1.2925758
v 0.7450889 0.3698887 1.3911981
v 0.7421932 0.3508042 1.3979470
v 0.7572144 0.3189836 1.3393357
v 0.7587527 0.3359096 1.3206399
v 0.7624627 0.3223945 1.2925758
v 0.7572144 0.3610800 1.3190637
v 0.7421932 0.3870644 1.3804854
v 0.7624627 0.3524038 1.2703888
v 0.7572144 0.3771672 1.2901376
v 0.7450888 0.4740746 1.2605536
v 0.7421932 0.4674523 1.2796820
v 0.7572143 0.4017882 1.2680167
v 0.7587527 0.3977242 1.2431271
v 0.7624627 0.3673562 1.2361953
v 0.7572143 0.4121851 1.2224649
v 0.7421932 0.4764078 1.2404456
v 0.7624627 0.3687207 1.1989000
v 0.7572143 0.3996002 1.1918524
v 0.7450888 0.4368911 1.0976420
v 0.7421932 0.4477177 1.1147460
v 0.7572143 0.3976566 1.1588106
v 0.7587527 0.3756629 1.1464695
v 0.7624627 0.3513096 1.1658909
v 0.7572143 0.3685250 1.1222810
v 0.7421931 0.4226249 1.0832805
v 0.7572143 0.3367445 1.1130335
v 0.7624627 0.3230018 1.1415702
v 0.7400214 0.2863381 1.2177036
v 0.7624627 0.2863381 1.1346018
v 0.7624627 0.2496744 1.1415702
v 0.7624627 0.2213666 1.1658909
v 0.7624627 0.2039555 1.1989000
v 0.7624627 0.2053200 1.2361953
v 0.7624627 0.2202724 1.2703888
v 0.7624627 0.2502817 1.2925758
v 0.7624627 0.2863381 1.3022045
v 0.7624627 0.3223945 1.2925758
v 0.7624627 0.3524038 1.2703888
v 0.7624627 0.3673562 1.2361953
v 0.7624627 0.3687207 1.1989000
v 0.7624627 0.3513096 1.1658909
v 0.7572143 0.3096999 1.0939524
v 0.7421931 0.3064611 1.0273384
v 0.7130556 0.3064611 1.0273384
v 0.7280768 0.3096999 1.0939524
v 0.7572143 0.3367445 1.1130335
v 0.7572143 0.3096999 1.0939524
v 0.7280768 0.3096999 1.0939524
v 0.7280768 0.3367445 1.1130335
v 0.7421931 0.2662151 1.0273384
v 0.7572143 0.2629763 1.0939524
v 0.7280768 0.2629763 1.0939524
v 0.7130556 0.2662151 1.0273384
v 0.7572143 0.2629763 1.0939524
v 0.7572143 0.2359317 1.1130335
v 0.7280768 0.2359317 1.1130335
v 0.7280768 0.2629763 1.0939524
v 0.7572143 0.2041512 1.1222810
v 0.7421931 0.1500513 1.0832805
v 0.7130557 0.1500513 1.0832805
v 0.7280768 0.2041512 1.1222810
v 0.7572143 0.2041512 1.1222810
v 0.7280768 0.2041512 1.1222810
v 0.7421932 0.1249585 1.1147460
v 0.7572143 0.1750196 1.1588106
v 0.7280768 0.1750196 1.1588106
v 0.7130557 0.1249585 1.1147460
v 0.7572143 0.1750196 1.1588106
v 0.7572143 0.1730760 1.1918524
v 0.7280769 0.1730760 1.1918524
v 0.7280768 0.1750196 1.1588106
v 0.7421932 0.1052239 1.2796820
v 0.7572144 0.1708880 1.2680167
v 0.7280769 0.1708880 1.2680167
v 0.7130557 0.1052239 1.2796820
v 0.7572144 0.1708880 1.2680167
v 0.7572144 0.1955090 1.2901376
v 0.7280769 0.1955090 1.2901376
v 0.7280769 0.1708880 1.2680167
v 0.7421932 0.2218720 1.3979470
v 0.7572144 0.2536926 1.3393357
v 0.7280769 0.2536926 1.3393357
v 0.7130558 0.2218720 1.3979470
v 0.7572144 0.2536926 1.3393357
v 0.7572144 0.2863381 1.3338781
v 0.7280769 0.2863381 1.3338781
v 0.7280769 0.2536926 1.3393357
v 0.7572143 0.1604911 1.2224649
v 0.7421932 0.0962684 1.2404456
v 0.7130557 0.0962684 1.2404456
v 0.7280769 0.1604911 1.2224649
v 0.7572143 0.1604911 1.2224649
v 0.7280769 0.1604911 1.2224649
v 0.7572144 0.2115963 1.3190637
v 0.7421932 0.1856118 1.3804854
v 0.7130557 0.1856118 1.3804854
v 0.7280769 0.2115963 1.3190637
v 0.7572144 0.2115963 1.3190637
v 0.7280769 0.2115963 1.3190637
v 0.7572144 0.3189836 1.3393357
v 0.7421932 0.3508042 1.3979470
v 0.7130558 0.3508042 1.3979470
v 0.7280769 0.3189836 1.3393357
v 0.7572144 0.3189836 1.3393357
v 0.7280769 0.3189836 1.3393357
v 0.7421932 0.3870644 1.3804854
v 0.7572144 0.3610800 1.3190637
v 0.7280769 0.3610800 1.3190637
v 0.7130557 0.3870644 1.3804854
v 0.7572144 0.3610800 1.3190637
v 0.7572144 0.3771672 1.2901376
v 0.7280769 0.3771672 1.2901376
v 0.7280769 0.3610800 1.3190637
v 0.7572143 0.4017882 1.2680167
v 0.7421932 0.4674523 1.2796820
v 0.7130557 0.4674523 1.2796820
v 0.7280769 0.4017882 1.2680167
v 0.7572143 0.4017882 1.2680167
v 0.7280769 0.4017882 1.2680167
v 0.7421932 0.4764078 1.2404456
v 0.7572143 0.4121851 1.2224649
v 0.7280769 0.4121851 1.2224649
v 0.7130557 0.4764078 1.2404456
v 0.7572143 0.4121851 1.2224649
v 0.7572143 0.3996002 1.1918524
v 0.7280769 0.3996002 1.1918524
v 0.7280769 0.4121851 1.2224649
v 0.7572143 0.3976566 1.1588106
v 0.7421932 0.4477177 1.1147460
v 0.7130557 0.4477177 1.1147460
v 0.7280768 0.3976566 1.1588106
v 0.7572143 0.3976566 1.1588106
v 0.7280768 0.3976566 1.1588106
v 0.7421931 0.4226249 1.0832805
v 0.7572143 0.3685250 1.1222810
v 0.7280768 0.3685250 1.1222810
v 0.7130557 0.4226249 1.0832805
v 0.7572143 0.3685250 1.1222810
v 0.7280768 0.3685250 1.1222810
v 0.7547378 0.2863381 1.0160968
v 0.7547378 0.3486380 1.0259638
v 0.7598052 0.3452199 1.0364839
v 0.7598052 0.2863381 1.0271580
v 0.7547378 0.4048396 1.0546001
v 0.7598052 0.3983380 1.0635489
v 0.7547378 0.4494414 1.0992018
v 0.7598052 0.4404927 1.1057034
v 0.7547379 0.4780775 1.1554035
v 0.7598052 0.4675577 1.1588221
v 0.7547379 0.4879448 1.2177036
v 0.7598053 0.4768836 1.2177036
v 0.7547379 0.4780775 1.2800036
v 0.7598053 0.4675577 1.2765851
v 0.7547380 0.4494414 1.3362053
v 0.7598053 0.4404927 1.3297037
v 0.7547380 0.4048396 1.3808070
v 0.7598053 0.3983380 1.3718583
v 0.7547380 0.3486380 1.4094433
v 0.7598053 0.3452199 1.3989233
v 0.7547380 0.2863381 1.4193104
v 0.7598053 0.2863381 1.4082491
v 0.7547380 0.2240381 1.4094425
v 0.7598053 0.2274562 1.3989233
v 0.7547379 0.1678365 1.3808070
v 0.7598053 0.1743382 1.3718583
v 0.7547379 0.1232348 1.3362045
v 0.7598053 0.1321835 1.3297029
v 0.7547379 0.0945986 1.2800036
v 0.7598053 0.1051185 1.2765851
v 0.7547379 0.0847314 1.2177036
v 0.7598052 0.0957926 1.2177036
v 0.7547379 0.0847314 1.2177036
v 0.7547379 0.0945988 1.1554035
v 0.7598052 0.1051186 1.1588213
v 0.7598052 0.0957926 1.2177036
v 0.7547378 0.1232350 1.0992018
v 0.7598052 0.1321837 1.1057034
v 0.7547378 0.1678369 1.0546001
v 0.7598052 0.1743385 1.0635489
v 0.7547378 0.2240385 1.0259638
v 0.7598052 0.2274565 1.0364839
v 0.7598052 0.2863381 1.0271580
v 0.7598052 0.3452199 1.0364839
v 0.7009872 0.3377576 1.0594504
v 0.7009872 0.2863381 1.0513065
v 0.7598052 0.3983380 1.0635489
v 0.7009872 0.3841439 1.0830854
v 0.7598052 0.4404927 1.1057034
v 0.7009873 0.4209563 1.1198975
v 0.7598052 0.4675577 1.1588221
v 0.7009873 0.4445913 1.1662836
v 0.7598053 0.4768836 1.2177036
v 0.7009873 0.4527353 1.2177036
v 0.7598053 0.4675577 1.2765851
v 0.7009873 0.4445913 1.2691228
v 0.7598053 0.4404927 1.3297037
v 0.7009873 0.4209563 1.3155096
v 0.7598053 0.3983380 1.3718583
v 0.7009874 0.3841439 1.3523217
v 0.7598053 0.3452199 1.3989233
v 0.7009874 0.3377576 1.3759568
v 0.7598053 0.2863381 1.4082491
v 0.7009874 0.2863381 1.3841007
v 0.7598053 0.2274562 1.3989233
v 0.7009873 0.2349185 1.3759568
v 0.7598053 0.1743382 1.3718583
v 0.7009873 0.1885323 1.3523217
v 0.7598053 0.1321835 1.3297029
v 0.7009873 0.1517200 1.3155088
v 0.7598053 0.1051185 1.2765851
v 0.7009873 0.1280850 1.2691228
v 0.7598052 0.0957926 1.2177036
v 0.7009873 0.1199410 1.2177036
v 0.7598052 0.0957926 1.2177036
v 0.7598052 0.1051186 1.1588213
v 0.7009873 0.1280851 1.1662836
v 0.7009873 0.1199410 1.2177036
v 0.7598052 0.1321837 1.1057034
v 0.7009873 0.1517202 1.1198975
v 0.7598052 0.1743385 1.0635489
v 0.7009872 0.1885325 1.0830854
v 0.7598052 0.2274565 1.0364839
v 0.7009872 0.2349188 1.0594504
v 0.5537619 0.2863381 1.4193104
v 0.5537619 0.3486380 1.4094425
v 0.5486946 0.3452199 1.3989233
v 0.5486946 0.2863381 1.4082491
v 0.5537619 0.4048396 1.3808070
v 0.5486946 0.3983380 1.3718583
v 0.5537619 0.4494414 1.3362053
v 0.5486946 0.4404927 1.3297029
v 0.5537619 0.4780775 1.2800036
v 0.5486946 0.4675577 1.2765851
v 0.5537619 0.4879448 1.2177036
v 0.5486946 0.4768837 1.2177036
v 0.5537619 0.4780775 1.1554035
v 0.5486946 0.4675577 1.1588213
v 0.5537618 0.4494414 1.0992018
v 0.5486945 0.4404927 1.1057034
v 0.5537618 0.4048396 1.0546001
v 0.5486945 0.3983380 1.0635489
v 0.5537618 0.3486380 1.0259638
v 0.5486945 0.3452198 1.0364839
v 0.5537618 0.2863380 1.0160968
v 0.5486945 0.2863380 1.0271580
v 0.5537618 0.2240381 1.0259638
v 0.5486945 0.2274562 1.0364839
v 0.5537618 0.1678365 1.0546001
v 0.5486946 0.1743382 1.0635489
v 0.5537619 0.1232348 1.0992018
v 0.5486945 0.1321835 1.1057034
v 0.5537619 0.0945987 1.1554035
v 0.5486946 0.1051185 1.1588221
v 0.5537619 0.0847314 1.2177036
v 0.5486946 0.0957926 1.2177036
v 0.5537619 0.0847314 1.2177036
v 0.5537619 0.0945988 1.2800036
v 0.5486946 0.1051186 1.2765851
v 0.5486946 0.0957926 1.2177036
v 0.5537619 0.1232350 1.3362053
v 0.5486946 0.1321837 1.3297037
v 0.5537619 0.1678369 1.3808070
v 0.5486946 0.1743385 1.3718583
v 0.5537620 0.2240385 1.4094433
v 0.5486946 0.2274565 1.3989233
v 0.5486946 0.2863381 1.4082491
v 0.5486946 0.3452199 1.3989233
v 0.7009874 0.3377576 1.3759568
v 0.7009874 0.2863381 1.3841007
v 0.5486946 0.3983380 1.3718583
v 0.7009874 0.3841439 1.3523217
v 0.5486946 0.4404927 1.3297029
v 0.7009873 0.4209563 1.3155096
v 0.5486946 0.4675577 1.2765851
v 0.7009873 0.4445913 1.2691228
v 0.5486946 0.4768837 1.2177036
v 0.7009873 0.4527353 1.2177036
v 0.5486946 0.4675577 1.1588213
v 0.7009873 0.4445913 1.1662836
v 0.5486945 0.4404927 1.1057034
v 0.7009873 0.4209563 1.1198975
v 0.5486945 0.3983380 1.0635489
v 0.7009872 0.3841439 1.0830854
v 0.5486945 0.3452198 1.0364839
v 0.7009872 0.3377576 1.0594504
v 0.5486945 0.2863380 1.0271580
v 0.7009872 0.2863381 1.0513065
v 0.5486945 0.2274562 1.0364839
v 0.7009872 0.2349188 1.0594504
v 0.5486946 0.1743382 1.0635489
v 0.7009872 0.1885325 1.0830854
v 0.5486945 0.1321835 1.1057034
v 0.7009873 0.1517202 1.1198975
v 0.5486946 0.1051185 1.1588221
v 0.7009873 0.1280851 1.1662836
v 0.5486946 0.0957926 1.2177036
v 0.7009873 0.1199410 1.2177036
v 0.5486946 0.0957926 1.2177036
v 0.5486946 0.1051186 1.2765851
v 0.7009873 0.1280850 1.2691228
v 0.7009873 0.1199410 1.2177036
v 0.5486946 0.1321837 1.3297037
v 0.7009873 0.1517200 1.3155088
v 0.5486946 0.1743385 1.3718583
v 0.7009873 0.1885323 1.3523217
v 0.5486946 0.2274565 1.3989233
v 0.7009873 0.2349185 1.3759568
v 0.7547378 0.3707164 0.9580136
v 0.7607101 0.3612400 0.9871788
v 0.7607101 0.2863381 0.9753160
v 0.7547378 0.2863381 0.9446496
v 0.7547378 0.4468352 0.9967985
v 0.7607101 0.4288100 1.0216074
v 0.7547378 0.5072434 1.0572065
v 0.7607101 0.4824339 1.0752313
v 0.7547379 0.5460278 1.1333251
v 0.7607101 0.5168626 1.1428020
v 0.7547379 0.5593920 1.2177036
v 0.7607102 0.5287259 1.2177036
v 0.7547379 0.5460278 1.3020820
v 0.7607102 0.5168626 1.2926052
v 0.7547380 0.5072434 1.3782007
v 0.7607102 0.4824339 1.3601758
v 0.7547380 0.4468351 1.4386086
v 0.7607102 0.4288100 1.4137998
v 0.7547380 0.3707163 1.4773936
v 0.7607102 0.3612400 1.4482283
v 0.7547380 0.2863380 1.4907575
v 0.7607102 0.2863380 1.4600911
v 0.7547380 0.2019597 1.4773928
v 0.7607102 0.2114361 1.4482283
v 0.7547379 0.1258409 1.4386086
v 0.7607102 0.1438660 1.4137989
v 0.7547379 0.0654327 1.3782007
v 0.7607102 0.0902422 1.3601750
v 0.7547379 0.0266484 1.3020812
v 0.7607102 0.0558136 1.2926052
v 0.7547379 0.0132842 1.2177036
v 0.7607101 0.0439504 1.2177036
v 0.7547378 0.0266485 1.1333251
v 0.7607101 0.0558137 1.1428012
v 0.7547378 0.0654331 1.0572065
v 0.7607101 0.0902425 1.0752313
v 0.7547378 0.1258413 0.9967977
v 0.7607101 0.1438664 1.0216074
v 0.7547378 0.2019602 0.9580136
v 0.7607101 0.2114365 0.9871788
v 0.7332337 0.2863381 0.9313657
v 0.7332337 0.3748214 0.9453802
v 0.7332337 0.4546433 0.9860516
v 0.7332337 0.5179904 1.0493981
v 0.7332338 0.5586617 1.1292201
v 0.7332338 0.5726761 1.2177036
v 0.7332338 0.5586617 1.3061870
v 0.7332338 0.5179903 1.3860091
v 0.7332339 0.4546433 1.4493556
v 0.7332339 0.3748213 1.4900270
v 0.7332339 0.2863380 1.5040415
v 0.7332339 0.1978547 1.4900270
v 0.7332338 0.1180327 1.4493556
v 0.7332338 0.0546857 1.3860083
v 0.7332338 0.0140144 1.3061862
v 0.7332338 0.0000001 1.2177036
v 0.7332337 0.0140146 1.1292201
v 0.7332337 0.0546861 1.0493981
v 0.7332337 0.1180332 0.9860507
v 0.7332337 0.1978552 0.9453802
v 0.7547378 0.3486380 1.0259638
v 0.7547378 0.2863381 1.0160968
v 0.7547378 0.4048396 1.0546001
v 0.7547378 0.4494414 1.0992018
v 0.7547379 0.4780775 1.1554035
v 0.7547379 0.4879448 1.2177036
v 0.7547379 0.4780775 1.2800036
v 0.7547379 0.4494414 1.3362053
v 0.7547379 0.4048396 1.3808070
v 0.7547380 0.3486380 1.4094433
v 0.7547379 0.2863380 1.4193104
v 0.7547379 0.2240381 1.4094425
v 0.7547379 0.1678365 1.3808070
v 0.7547379 0.1232348 1.3362045
v 0.7547379 0.0945986 1.2800036
v 0.7547379 0.0847314 1.2177036
v 0.7547379 0.0945988 1.1554035
v 0.7547378 0.1232350 1.0992018
v 0.7547378 0.1678369 1.0546001
v 0.7547378 0.2240385 1.0259638
v 0.7332337 0.3748214 0.9453802
v 0.7332337 0.2863381 0.9313657
v 0.5761038 0.2863381 0.9313657
v 0.5761038 0.3748214 0.9453802
v 0.7332337 0.4546433 0.9860516
v 0.5761039 0.4546433 0.9860516
v 0.7332338 0.5726761 1.2177036
v 0.7332338 0.5586617 1.1292201
v 0.5761039 0.5586617 1.1292201
v 0.5761039 0.5726761 1.2177036
v 0.7332338 0.5586617 1.3061870
v 0.7332338 0.5726761 1.2177036
v 0.5761039 0.5726761 1.2177036
v 0.5761040 0.5586617 1.3061870
v 0.7332338 0.5179903 1.3860091
v 0.5761040 0.5179903 1.3860091
v 0.7332339 0.4546433 1.4493556
v 0.5761040 0.4546433 1.4493556
v 0.7332339 0.2863380 1.5040415
v 0.7332339 0.3748213 1.4900270
v 0.5761040 0.3748213 1.4900270
v 0.5761040 0.2863380 1.5040415
v 0.7332339 0.1978547 1.4900270
v 0.5761040 0.1978547 1.4900270
v 0.7332338 0.0546857 1.3860083
v 0.5761040 0.0546857 1.3860083
v 0.5761039 0.0140144 1.3061870
v 0.7332338 0.0140144 1.3061862
v 0.7332338 0.0000001 1.2177036
v 0.5761039 0.0000001 1.2177036
v 0.7332337 0.0140146 1.1292201
v 0.7332338 0.0000001 1.2177036
v 0.5761039 0.0000001 1.2177036
v 0.5761039 0.0140146 1.1292201
v 0.7332337 0.0546861 1.0493981
v 0.5761039 0.0546861 1.0493981
v 0.5761038 0.1180332 0.9860507
v 0.7332337 0.1180332 0.9860507
v 0.7332337 0.1978552 0.9453802
v 0.5761038 0.1978552 0.9453802
v 0.5486275 0.2863381 0.9753160
v 0.5486275 0.3612400 0.9871788
v 0.5545997 0.3707164 0.9580136
v 0.5545997 0.2863381 0.9446496
v 0.5486275 0.4288100 1.0216082
v 0.5545997 0.4468352 0.9967985
v 0.5486275 0.4824339 1.0752313
v 0.5545997 0.5072434 1.0572065
v 0.5486276 0.5168626 1.1428020
v 0.5545998 0.5460278 1.1333251
v 0.5486276 0.5287259 1.2177036
v 0.5545998 0.5593920 1.2177036
v 0.5486276 0.5168626 1.2926052
v 0.5545998 0.5460278 1.3020820
v 0.5486276 0.4824339 1.3601758
v 0.5545998 0.5072434 1.3782007
v 0.5486276 0.4288100 1.4137998
v 0.5545999 0.4468351 1.4386086
v 0.5486276 0.3612400 1.4482283
v 0.5545999 0.3707163 1.4773936
v 0.5486276 0.2863380 1.4600911
v 0.5545999 0.2863380 1.4907575
v 0.5486276 0.2114361 1.4482283
v 0.5545999 0.2019597 1.4773936
v 0.5486276 0.1438661 1.4137989
v 0.5545998 0.1258409 1.4386086
v 0.5486276 0.0902422 1.3601750
v 0.5545998 0.0654327 1.3782007
v 0.5486275 0.0558136 1.2926052
v 0.5545998 0.0266484 1.3020820
v 0.5486275 0.0439504 1.2177036
v 0.5545998 0.0132842 1.2177036
v 0.5486275 0.0558137 1.1428012
v 0.5545997 0.0266485 1.1333251
v 0.5486275 0.0902425 1.0752313
v 0.5545997 0.0654331 1.0572065
v 0.5486275 0.1438664 1.0216074
v 0.5545997 0.1258414 0.9967977
v 0.5486275 0.2114365 0.9871788
v 0.5545997 0.2019602 0.9580136
v 0.5761038 0.3748214 0.9453802
v 0.5761038 0.2863381 0.9313657
v 0.5761039 0.4546433 0.9860516
v 0.5761039 0.5179904 1.0493981
v 0.5761039 0.5586617 1.1292201
v 0.5761039 0.5726761 1.2177036
v 0.5761040 0.5586617 1.3061870
v 0.5761040 0.5179903 1.3860091
v 0.5761040 0.4546433 1.4493556
v 0.5761040 0.3748213 1.4900270
v 0.5761040 0.2863380 1.5040415
v 0.5761040 0.1978547 1.4900270
v 0.5761040 0.1180327 1.4493556
v 0.5761040 0.0546857 1.3860083
v 0.5761039 0.0140144 1.3061870
v 0.5761039 0.0000001 1.2177036
v 0.5761039 0.0140146 1.1292201
v 0.5761039 0.0546861 1.0493981
v 0.5761038 0.1180332 0.9860507
v 0.5761038 0.1978552 0.9453802
v 0.5545997 0.2863381 1.0160968
v 0.5545997 0.3486380 1.0259638
v 0.5545997 0.4048396 1.0546001
v 0.5545998 0.4494414 1.0992018
v 0.5545998 0.4780775 1.1554035
v 0.5545998 0.4879448 1.2177036
v 0.5545998 0.4780775 1.2800036
v 0.5545998 0.4494414 1.3362053
v 0.5545998 0.4048396 1.3808070
v 0.5545999 0.3486380 1.4094433
v 0.5545999 0.2863380 1.4193104
v 0.5545998 0.2240381 1.4094433
v 0.5545998 0.1678365 1.3808070
v 0.5545998 0.1232348 1.3362053
v 0.5545998 0.0945987 1.2800036
v 0.5545998 0.0847314 1.2177036
v 0.5545997 0.0945988 1.1554035
v 0.5545997 0.1232350 1.0992018
v 0.5545997 0.1678369 1.0546001
v 0.5545997 0.2240385 1.0259638
v 0.7332337 0.5179904 1.0493981
v 0.5761039 0.5179904 1.0493981
v 0.5761040 0.1180327 1.4493556
v 0.7332338 0.1180327 1.4493556
v 0.6947585 0.2863381 1.0575811
v 0.6947585 0.3663991 1.0790335
v 0.7375451 0.2863381 1.2177036
v 0.6947585 0.4250079 1.1376424
v 0.6947586 0.4464602 1.2177036
v 0.6947586 0.4250079 1.2977648
v 0.6947586 0.3663991 1.3563737
v 0.6947586 0.2863381 1.3778260
v 0.6947586 0.2062771 1.3563737
v 0.6947586 0.1476684 1.2977648
v 0.6947586 0.1262160 1.2177036
v 0.6947585 0.1476683 1.1376424
v 0.6947585 0.2062770 1.0790335
vt 0.8164825 0.6121204
vt 0.8171312 0.6285157
vt 0.7432410 0.6378576
vt 0.7324102 0.6121204
vt 0.6899725 0.6533684
vt 0.6977136 0.6121204
vt 0.7432410 0.5863832
vt 0.8171312 0.5957251
vt 0.6899725 0.5708727
vt 0.7201478 0.5562418
vt 0.7366279 0.4461542
vt 0.7498337 0.4559119
vt 0.7109058 0.5194448
vt 0.6840873 0.5117542
vt 0.6624489 0.5387730
vt 0.6706507 0.4871448
vt 0.7241937 0.4353764
vt 0.6252218 0.5191071
vt 0.6326211 0.4863921
vt 0.5563586 0.4051170
vt 0.5753661 0.4869692
vt 0.5478486 0.4822708
vt 0.5402554 0.4081638
vt 0.5444920 0.5376647
vt 0.5236227 0.5114971
vt 0.4126779 0.5196145
vt 0.4881876 0.5566042
vt 0.4672922 0.5750235
vt 0.4049376 0.5342198
vt 0.5086955 0.6121204
vt 0.4750658 0.6121204
vt 0.5721976 0.4008030
vt 0.5980504 0.4706830
vt 0.5831075 0.5207145
vt 0.4192740 0.5045389
vt 0.4896983 0.5286861
vt 0.5193965 0.5715817
vt 0.4126777 0.7046263
vt 0.4049375 0.6900210
vt 0.4672921 0.6492174
vt 0.4881876 0.6676368
vt 0.5193965 0.6526594
vt 0.4896983 0.6955550
vt 0.4192739 0.7197021
vt 0.5444920 0.6865765
vt 0.5236227 0.7127442
vt 0.5563587 0.8191241
vt 0.5402555 0.8160771
vt 0.5478487 0.7419701
vt 0.5753663 0.7372717
vt 0.5831075 0.7035266
vt 0.5980504 0.7535581
vt 0.5721977 0.8234380
vt 0.6252218 0.7051339
vt 0.6326211 0.7378489
vt 0.7366276 0.7780871
vt 0.7241936 0.7888649
vt 0.6706507 0.7370963
vt 0.6840872 0.7124871
vt 0.6624488 0.6854681
vt 0.7109057 0.7047963
vt 0.7498337 0.7683292
vt 0.7201478 0.6679993
vt 0.6899725 0.6533684
vt 0.6040184 0.6121204
vt 0.6977136 0.6121204
vt 0.6899725 0.5708727
vt 0.6624489 0.5387730
vt 0.6252218 0.5191071
vt 0.5831075 0.5207145
vt 0.5444920 0.5376647
vt 0.5193965 0.5715817
vt 0.5086955 0.6121204
vt 0.5193965 0.6526594
vt 0.5444920 0.6865765
vt 0.5831075 0.7035266
vt 0.6252218 0.7051339
vt 0.6624488 0.6854681
vt 0.7432410 0.6378576
vt 0.8171312 0.6285157
vt 0.8324668 0.6593159
vt 0.7656204 0.6653361
vt 0.7201478 0.6679993
vt 0.7432410 0.6378576
vt 0.7656204 0.6653361
vt 0.7512245 0.6829752
vt 0.8171312 0.5957251
vt 0.7432410 0.5863832
vt 0.7656204 0.5589048
vt 0.8324668 0.5649248
vt 0.7432410 0.5863832
vt 0.7201478 0.5562418
vt 0.7512245 0.5412658
vt 0.7656204 0.5589048
vt 0.7109058 0.5194448
vt 0.7498337 0.4559119
vt 0.7834488 0.4631954
vt 0.7463400 0.5190780
vt 0.7109058 0.5194448
vt 0.7463400 0.5190780
vt 0.7241937 0.4353764
vt 0.6706507 0.4871448
vt 0.6631533 0.4524828
vt 0.7097523 0.4041326
vt 0.6706507 0.4871448
vt 0.6326211 0.4863921
vt 0.6402900 0.4527221
vt 0.6631533 0.4524828
vt 0.5402554 0.4081638
vt 0.5478486 0.4822708
vt 0.5160637 0.4666319
vt 0.5067931 0.4001824
vt 0.5478486 0.4822708
vt 0.5236227 0.5114971
vt 0.5021168 0.4845566
vt 0.5160637 0.4666319
vt 0.4049376 0.5342198
vt 0.4672922 0.5750235
vt 0.4351647 0.5899611
vt 0.3776822 0.5552438
vt 0.4672922 0.5750235
vt 0.4750658 0.6121204
vt 0.4404970 0.6121204
vt 0.4351647 0.5899611
vt 0.5980504 0.4706830
vt 0.5721976 0.4008030
vt 0.5987482 0.3789064
vt 0.6197855 0.4426592
vt 0.5980504 0.4706830
vt 0.6197855 0.4426592
vt 0.4896983 0.5286861
vt 0.4192740 0.5045389
vt 0.4190067 0.4701521
vt 0.4816031 0.4942011
vt 0.4896983 0.5286861
vt 0.4816031 0.4942011
vt 0.4672921 0.6492174
vt 0.4049375 0.6900210
vt 0.3776821 0.6689969
vt 0.4351647 0.6342797
vt 0.4672921 0.6492174
vt 0.4351647 0.6342797
vt 0.4192739 0.7197021
vt 0.4896983 0.6955550
vt 0.4816030 0.7300400
vt 0.4190064 0.7540886
vt 0.4896983 0.6955550
vt 0.5236227 0.7127442
vt 0.5021169 0.7396846
vt 0.4816030 0.7300400
vt 0.5478487 0.7419701
vt 0.5402555 0.8160771
vt 0.5067931 0.8240587
vt 0.5160638 0.7576091
vt 0.5478487 0.7419701
vt 0.5160638 0.7576091
vt 0.5721977 0.8234380
vt 0.5980504 0.7535581
vt 0.6197855 0.7815818
vt 0.5987483 0.8453346
vt 0.5980504 0.7535581
vt 0.6326211 0.7378489
vt 0.6402901 0.7715190
vt 0.6197855 0.7815818
vt 0.6706507 0.7370963
vt 0.7241936 0.7888649
vt 0.7097523 0.8201088
vt 0.6631534 0.7717583
vt 0.6706507 0.7370963
vt 0.6631534 0.7717583
vt 0.7498337 0.7683292
vt 0.7109057 0.7047963
vt 0.7463400 0.7051631
vt 0.7834488 0.7610458
vt 0.7109057 0.7047963
vt 0.7463400 0.7051631
vt 0.7876761 0.1799845
vt 0.7507979 0.1799700
vt 0.7508054 0.1724629
vt 0.7876909 0.1724777
vt 0.7137452 0.1799630
vt 0.7137489 0.1724554
vt 0.6765752 0.1799596
vt 0.6765767 0.1724517
vt 0.6393455 0.1799566
vt 0.6393457 0.1724483
vt 0.6021085 0.1799563
vt 0.6021084 0.1724480
vt 0.5649123 0.1799585
vt 0.5649119 0.1724505
vt 0.5278012 0.1799645
vt 0.5277997 0.1724571
vt 0.4908172 0.1799720
vt 0.4908133 0.1724651
vt 0.4539990 0.1799858
vt 0.4539914 0.1724795
vt 0.4173794 0.1800114
vt 0.4173664 0.1725053
vt 0.3809759 0.1800656
vt 0.3809632 0.1725578
vt 0.3447511 0.1802203
vt 0.3447778 0.1727024
vt 0.3085379 0.1804440
vt 0.3087424 0.1728935
vt 0.2719289 0.1802780
vt 0.2726772 0.1726862
vt 0.2344424 0.1768389
vt 0.2366307 0.1696440
vt 0.9714389 0.1769763
vt 0.9338984 0.1803510
vt 0.9331653 0.1727637
vt 0.9692671 0.1697751
vt 0.8971496 0.1805120
vt 0.8969411 0.1729640
vt 0.8607588 0.1801231
vt 0.8607278 0.1726054
vt 0.8243293 0.1800214
vt 0.8243499 0.1725119
vt 0.7876909 0.1724777
vt 0.7508054 0.1724629
vt 0.7508183 0.1277784
vt 0.7877178 0.1277902
vt 0.7137489 0.1724554
vt 0.7137546 0.1277712
vt 0.6765767 0.1724517
vt 0.6765798 0.1277672
vt 0.6393457 0.1724483
vt 0.6393473 0.1277640
vt 0.6021084 0.1724480
vt 0.6021079 0.1277637
vt 0.5649119 0.1724505
vt 0.5649099 0.1277662
vt 0.5277997 0.1724571
vt 0.5277977 0.1277726
vt 0.4908133 0.1724651
vt 0.4908096 0.1277820
vt 0.4539914 0.1724795
vt 0.4539822 0.1277957
vt 0.4173664 0.1725053
vt 0.4173495 0.1278173
vt 0.3809632 0.1725578
vt 0.3809443 0.1278487
vt 0.3447778 0.1727024
vt 0.3448865 0.1278869
vt 0.3087424 0.1728935
vt 0.3097799 0.1277998
vt 0.2726772 0.1726862
vt 0.2760232 0.1277063
vt 0.2366307 0.1696440
vt 0.2437133 0.1271166
vt 0.9692671 0.1697751
vt 0.9331653 0.1727637
vt 0.9299209 0.1277724
vt 0.9622716 0.1272084
vt 0.8969411 0.1729640
vt 0.8960714 0.1278447
vt 0.8607278 0.1726054
vt 0.8607510 0.1278310
vt 0.8243499 0.1725119
vt 0.8243972 0.1278081
vt 0.4173082 0.0095960
vt 0.4539637 0.0095816
vt 0.4539715 0.0170912
vt 0.4173241 0.0171070
vt 0.4907976 0.0095704
vt 0.4908012 0.0170794
vt 0.5277889 0.0095616
vt 0.5277900 0.0170699
vt 0.5649052 0.0095568
vt 0.5649056 0.0170645
vt 0.6021065 0.0095548
vt 0.6021067 0.0170623
vt 0.6393487 0.0095550
vt 0.6393484 0.0170626
vt 0.6765842 0.0095574
vt 0.6765829 0.0170652
vt 0.7137641 0.0095607
vt 0.7137604 0.0170689
vt 0.7508395 0.0095661
vt 0.7508321 0.0170749
vt 0.7877682 0.0095718
vt 0.7877512 0.0170819
vt 0.8245337 0.0095663
vt 0.8244863 0.0170814
vt 0.8612043 0.0095273
vt 0.8610407 0.0170421
vt 0.8979751 0.0092296
vt 0.8977646 0.0167475
vt 0.9350367 0.0092482
vt 0.9346228 0.0168160
vt 0.9727772 0.0111950
vt 0.9710667 0.0184963
vt 0.2332126 0.0111387
vt 0.2709115 0.0091950
vt 0.2713238 0.0167617
vt 0.2349232 0.0184341
vt 0.3078476 0.0092066
vt 0.3080563 0.0167248
vt 0.3444139 0.0095475
vt 0.3445767 0.0170617
vt 0.3808244 0.0095985
vt 0.3808701 0.0171144
vt 0.4173241 0.0171070
vt 0.4539715 0.0170912
vt 0.4539822 0.1277957
vt 0.4173495 0.1278173
vt 0.4908012 0.0170794
vt 0.4908096 0.1277820
vt 0.5277900 0.0170699
vt 0.5277977 0.1277726
vt 0.5649056 0.0170645
vt 0.5649099 0.1277662
vt 0.6021067 0.0170623
vt 0.6021079 0.1277637
vt 0.6393484 0.0170626
vt 0.6393473 0.1277640
vt 0.6765829 0.0170652
vt 0.6765798 0.1277672
vt 0.7137604 0.0170689
vt 0.7137546 0.1277712
vt 0.7508321 0.0170749
vt 0.7508183 0.1277784
vt 0.7877512 0.0170819
vt 0.7877178 0.1277902
vt 0.8244863 0.0170814
vt 0.8243972 0.1278081
vt 0.8610407 0.0170421
vt 0.8607510 0.1278310
vt 0.8977646 0.0167475
vt 0.8960714 0.1278447
vt 0.9346228 0.0168160
vt 0.9299209 0.1277724
vt 0.9710667 0.0184963
vt 0.9622716 0.1272084
vt 0.2349232 0.0184341
vt 0.2713238 0.0167617
vt 0.2760232 0.1277063
vt 0.2437133 0.1271166
vt 0.3080563 0.0167248
vt 0.3097799 0.1277998
vt 0.3445767 0.0170617
vt 0.3448865 0.1278869
vt 0.3808701 0.0171144
vt 0.3809443 0.1278487
vt 0.9353137 0.7182474
vt 0.8971136 0.7060819
vt 0.9119589 0.6106988
vt 0.9520588 0.6106988
vt 0.8865315 0.8156456
vt 0.8538935 0.7924033
vt 0.8100694 0.8934348
vt 0.7862262 0.8612680
vt 0.7131016 0.9437016
vt 0.7005100 0.9057172
vt 0.6051798 0.9610929
vt 0.6051798 0.9210839
vt 0.4972579 0.9437016
vt 0.5098495 0.9057170
vt 0.4002902 0.8934345
vt 0.4241334 0.8612680
vt 0.3238278 0.8156455
vt 0.3564658 0.7924032
vt 0.2750451 0.7182474
vt 0.3132458 0.7060817
vt 0.2583004 0.6106985
vt 0.2984003 0.6106985
vt 0.2750454 0.5031496
vt 0.3132459 0.5153151
vt 0.3238281 0.4057511
vt 0.3564661 0.4289934
vt 0.4002904 0.3279617
vt 0.4241337 0.3601282
vt 0.4972584 0.2776945
vt 0.5098500 0.3156792
vt 0.6051804 0.2603034
vt 0.6051803 0.3003121
vt 0.7131022 0.2776946
vt 0.7005104 0.3156793
vt 0.8100698 0.3279621
vt 0.7862264 0.3601286
vt 0.8865317 0.4057517
vt 0.8538938 0.4289938
vt 0.9353139 0.5031503
vt 0.8971136 0.5153159
vt 0.9887742 0.6106988
vt 0.9702525 0.7294785
vt 0.9162972 0.8370413
vt 0.8317350 0.9229380
vt 0.7245083 0.9784365
vt 0.6051798 0.9976354
vt 0.4858513 0.9784365
vt 0.3786246 0.9229379
vt 0.2940620 0.8370411
vt 0.2401063 0.7294785
vt 0.2215850 0.6106985
vt 0.2401066 0.4919186
vt 0.2940624 0.3843555
vt 0.3786248 0.2984582
vt 0.4858517 0.2429597
vt 0.6051804 0.2237607
vt 0.7245089 0.2429598
vt 0.8317356 0.2984588
vt 0.9162976 0.3843562
vt 0.9702526 0.4919193
vt 0.8465021 0.6898557
vt 0.8588159 0.6106986
vt 0.8106850 0.7614275
vt 0.7546915 0.8184400
vt 0.6838702 0.8551830
vt 0.6051798 0.8678734
vt 0.5264895 0.8551828
vt 0.4556681 0.8184399
vt 0.3996743 0.7614273
vt 0.3638571 0.6898556
vt 0.3515434 0.6106985
vt 0.3638573 0.5315412
vt 0.3996745 0.4599693
vt 0.4556684 0.4029566
vt 0.5264897 0.3662134
vt 0.6051801 0.3535228
vt 0.6838704 0.3662135
vt 0.7546917 0.4029569
vt 0.8106853 0.4599697
vt 0.8465023 0.5315419
vt 0.0025589 0.6019640
vt 0.0025589 0.5026903
vt 0.2094823 0.5026902
vt 0.2094823 0.6019639
vt 0.0025589 0.7010988
vt 0.2094823 0.7010987
vt 0.0025590 0.9977897
vt 0.0025589 0.8989787
vt 0.2094823 0.8989786
vt 0.2094824 0.9977897
vt 0.0025590 0.1040244
vt 0.0025590 0.0052310
vt 0.2094824 0.0052309
vt 0.2094824 0.1040243
vt 0.0025590 0.2028592
vt 0.2094824 0.2028590
vt 0.0025590 0.3017869
vt 0.2094824 0.3017867
vt 0.0025590 0.5000498
vt 0.0025590 0.4008449
vt 0.2094824 0.4008451
vt 0.2094824 0.5000501
vt 0.0025590 0.5993924
vt 0.2094824 0.5993924
vt 0.0025590 0.7983302
vt 0.2094824 0.7983302
vt 0.2094824 0.8978077
vt 0.0025590 0.8978077
vt 0.0025590 0.9972180
vt 0.2094824 0.9972180
vt 0.0025589 0.1048670
vt 0.0025589 0.0054611
vt 0.2094823 0.0054611
vt 0.2094823 0.1048670
vt 0.0025589 0.2043364
vt 0.2094823 0.2043366
vt 0.2094823 0.3038317
vt 0.0025589 0.3038317
vt 0.0025589 0.4033000
vt 0.2094823 0.4032999
vt 0.2984035 0.6106988
vt 0.3132488 0.7060809
vt 0.2750483 0.7182465
vt 0.2583035 0.6106988
vt 0.3564686 0.7924015
vt 0.3238307 0.8156439
vt 0.4241357 0.8612657
vt 0.4002923 0.8934323
vt 0.5098509 0.9057142
vt 0.4972592 0.9436989
vt 0.6051801 0.9210810
vt 0.6051801 0.9610899
vt 0.7005093 0.9057141
vt 0.7131010 0.9436989
vt 0.7862244 0.8612655
vt 0.8100678 0.8934322
vt 0.8538913 0.7924015
vt 0.8865293 0.8156437
vt 0.8971108 0.7060807
vt 0.9353112 0.7182464
vt 0.9119560 0.6106985
vt 0.9520559 0.6106985
vt 0.8971107 0.5153162
vt 0.9353108 0.5031506
vt 0.8538910 0.4289953
vt 0.8865288 0.4057530
vt 0.7862240 0.3601309
vt 0.8100674 0.3279642
vt 0.7005090 0.3156823
vt 0.7131006 0.2776976
vt 0.6051797 0.3003155
vt 0.6051797 0.2603067
vt 0.5098505 0.3156824
vt 0.4972588 0.2776978
vt 0.4241353 0.3601313
vt 0.4002919 0.3279648
vt 0.3564683 0.4289959
vt 0.3238303 0.4057538
vt 0.3132486 0.5153170
vt 0.2750481 0.5031514
vt 0.2401094 0.7294777
vt 0.2215881 0.6106988
vt 0.2940650 0.8370396
vt 0.3786266 0.9229357
vt 0.4858525 0.9784337
vt 0.6051801 0.9976327
vt 0.7245077 0.9784337
vt 0.8317335 0.9229354
vt 0.9162951 0.8370394
vt 0.9702500 0.7294775
vt 0.9887712 0.6106985
vt 0.9702498 0.4919196
vt 0.9162947 0.3843575
vt 0.8317332 0.2984609
vt 0.7245072 0.2429628
vt 0.6051797 0.2237640
vt 0.4858520 0.2429631
vt 0.3786261 0.2984614
vt 0.2940646 0.3843582
vt 0.2401092 0.4919204
vt 0.3515470 0.6106986
vt 0.3638606 0.6898547
vt 0.3996772 0.7614256
vt 0.4556702 0.8184375
vt 0.5264908 0.8551802
vt 0.6051801 0.8678703
vt 0.6838694 0.8551802
vt 0.7546898 0.8184374
vt 0.8106828 0.7614256
vt 0.8464992 0.6898546
vt 0.8588128 0.6106985
vt 0.8464991 0.5315423
vt 0.8106824 0.4599713
vt 0.7546895 0.4029593
vt 0.6838689 0.3662165
vt 0.6051798 0.3535261
vt 0.5264904 0.3662167
vt 0.4556699 0.4029596
vt 0.3996769 0.4599718
vt 0.3638604 0.5315430
vt 0.0025589 0.8000960
vt 0.2094823 0.8000958
vt 0.2094824 0.6988375
vt 0.0025590 0.6988375
vt 0.9984834 0.9305658
vt 0.9892982 0.9648448
vt 0.9299251 0.9305658
vt 0.9642042 0.9899389
vt 0.9299251 0.9991239
vt 0.8956461 0.9899389
vt 0.8705519 0.9648448
vt 0.8613670 0.9305658
vt 0.8705519 0.8962867
vt 0.8956461 0.8711926
vt 0.9299251 0.8620076
vt 0.9642042 0.8711925
vt 0.9892982 0.8962865
vt 0.8164825 0.6121204
vt 0.8171312 0.6285157
vt 0.7432410 0.6378576
vt 0.7324102 0.6121204
vt 0.6899725 0.6533684
vt 0.6977136 0.6121204
vt 0.7432410 0.5863832
vt 0.8171312 0.5957251
vt 0.6899725 0.5708727
vt 0.7201478 0.5562418
vt 0.7366279 0.4461542
vt 0.7498337 0.4559119
vt 0.7109058 0.5194448
vt 0.6840873 0.5117542
vt 0.6624489 0.5387730
vt 0.6706507 0.4871448
vt 0.7241937 0.4353764
vt 0.6252218 0.5191071
vt 0.6326211 0.4863921
vt 0.5563586 0.4051170
vt 0.5753661 0.4869692
vt 0.5478486 0.4822708
vt 0.5402554 0.4081638
vt 0.5444920 0.5376647
vt 0.5236227 0.5114971
vt 0.4126779 0.5196145
vt 0.4881876 0.5566042
vt 0.4672922 0.5750235
vt 0.4049376 0.5342198
vt 0.5086955 0.6121204
vt 0.4750658 0.6121204
vt 0.5721976 0.4008030
vt 0.5980504 0.4706830
vt 0.5831075 0.5207145
vt 0.4192740 0.5045389
vt 0.4896983 0.5286861
vt 0.5193965 0.5715817
vt 0.4126777 0.7046263
vt 0.4049375 0.6900210
vt 0.4672921 0.6492174
vt 0.4881876 0.6676368
vt 0.5193965 0.6526594
vt 0.4896983 0.6955550
vt 0.4192739 0.7197021
vt 0.5444920 0.6865765
vt 0.5236227 0.7127442
vt 0.5563587 0.8191241
vt 0.5402555 0.8160771
vt 0.5478487 0.7419701
vt 0.5753663 0.7372717
vt 0.5831075 0.7035266
vt 0.5980504 0.7535581
vt 0.5721977 0.8234380
vt 0.6252218 0.7051339
vt 0.6326211 0.7378489
vt 0.7366276 0.7780871
vt 0.7241936 0.7888649
vt 0.6706507 0.7370963
vt 0.6840872 0.7124871
vt 0.6624488 0.6854681
vt 0.7109057 0.7047963
vt 0.7498337 0.7683292
vt 0.7201478 0.6679993
vt 0.6899725 0.6533684
vt 0.6040184 0.6121204
vt 0.6977136 0.6121204
vt 0.6899725 0.5708727
vt 0.6624489 0.5387730
vt 0.6252218 0.5191071
vt 0.5831075 0.5207145
vt 0.5444920 0.5376647
vt 0.5193965 0.5715817
vt 0.5086955 0.6121204
vt 0.5193965 0.6526594
vt 0.5444920 0.6865765
vt 0.5831075 0.7035266
vt 0.6252218 0.7051339
vt 0.6624488 0.6854681
vt 0.7432410 0.6378576
vt 0.8171312 0.6285157
vt 0.8324668 0.6593159
vt 0.7656204 0.6653361
vt 0.7201478 0.6679993
vt 0.7432410 0.6378576
vt 0.7656204 0.6653361
vt 0.7512245 0.6829752
vt 0.8171312 0.5957251
vt 0.7432410 0.5863832
vt 0.7656204 0.5589048
vt 0.8324668 0.5649248
vt 0.7432410 0.5863832
vt 0.7201478 0.5562418
vt 0.7512245 0.5412658
vt 0.7656204 0.5589048
vt 0.7109058 0.5194448
vt 0.7498337 0.4559119
vt 0.7834488 0.4631954
vt 0.7463400 0.5190780
vt 0.7109058 0.5194448
vt 0.7463400 0.5190780
vt 0.7241937 0.4353764
vt 0.6706507 0.4871448
vt 0.6631533 0.4524828
vt 0.7097523 0.4041326
vt 0.6706507 0.4871448
vt 0.6326211 0.4863921
vt 0.6402900 0.4527221
vt 0.6631533 0.4524828
vt 0.5402554 0.4081638
vt 0.5478486 0.4822708
vt 0.5160637 0.4666319
vt 0.5067931 0.4001824
vt 0.5478486 0.4822708
vt 0.5236227 0.5114971
vt 0.5021168 0.4845566
vt 0.5160637 0.4666319
vt 0.4049376 0.5342198
vt 0.4672922 0.5750235
vt 0.4351647 0.5899611
vt 0.3776822 0.5552438
vt 0.4672922 0.5750235
vt 0.4750658 0.6121204
vt 0.4404970 0.6121204
vt 0.4351647 0.5899611
vt 0.5980504 0.4706830
vt 0.5721976 0.4008030
vt 0.5987482 0.3789064
vt 0.6197855 0.4426592
vt 0.5980504 0.4706830
vt 0.6197855 0.4426592
vt 0.4896983 0.5286861
vt 0.4192740 0.5045389
vt 0.4190067 0.4701521
vt 0.4816031 0.4942011
vt 0.4896983 0.5286861
vt 0.4816031 0.4942011
vt 0.4672921 0.6492174
vt 0.4049375 0.6900210
vt 0.3776821 0.6689969
vt 0.4351647 0.6342797
vt 0.4672921 0.6492174
vt 0.4351647 0.6342797
vt 0.4192739 0.7197021
vt 0.4896983 0.6955550
vt 0.4816030 0.7300400
vt 0.4190064 0.7540886
vt 0.4896983 0.6955550
vt 0.5236227 0.7127442
vt 0.5021169 0.7396846
vt 0.4816030 0.7300400
vt 0.5478487 0.7419701
vt 0.5402555 0.8160771
vt 0.5067931 0.8240587
vt 0.5160638 0.7576091
vt 0.5478487 0.7419701
vt 0.5160638 0.7576091
vt 0.5721977 0.8234380
vt 0.5980504 0.7535581
vt 0.6197855 0.7815818
vt 0.5987483 0.8453346
vt 0.5980504 0.7535581
vt 0.6326211 0.7378489
vt 0.6402901 0.7715190
vt 0.6197855 0.7815818
vt 0.6706507 0.7370963
vt 0.7241936 0.7888649
vt 0.7097523 0.8201088
vt 0.6631534 0.7717583
vt 0.6706507 0.7370963
vt 0.6631534 0.7717583
vt 0.7498337 0.7683292
vt 0.7109057 0.7047963
vt 0.7463400 0.7051631
vt 0.7834488 0.7610458
vt 0.7109057 0.7047963
vt 0.7463400 0.7051631
vt 0.7876761 0.1799845
vt 0.7507979 0.1799700
vt 0.7508054 0.1724629
vt 0.7876909 0.1724777
vt 0.7137452 0.1799630
vt 0.7137489 0.1724554
vt 0.6765752 0.1799596
vt 0.6765767 0.1724517
vt 0.6393455 0.1799566
vt 0.6393457 0.1724483
vt 0.6021085 0.1799563
vt 0.6021084 0.1724480
vt 0.5649123 0.1799585
vt 0.5649119 0.1724505
vt 0.5278012 0.1799645
vt 0.5277997 0.1724571
vt 0.4908172 0.1799720
vt 0.4908133 0.1724651
vt 0.4539990 0.1799858
vt 0.4539914 0.1724795
vt 0.4173794 0.1800114
vt 0.4173664 0.1725053
vt 0.3809759 0.1800656
vt 0.3809632 0.1725578
vt 0.3447511 0.1802203
vt 0.3447778 0.1727024
vt 0.3085379 0.1804440
vt 0.3087424 0.1728935
vt 0.2719289 0.1802780
vt 0.2726772 0.1726862
vt 0.2344424 0.1768389
vt 0.2366307 0.1696440
vt 0.9714389 0.1769763
vt 0.9338984 0.1803510
vt 0.9331653 0.1727637
vt 0.9692671 0.1697751
vt 0.8971496 0.1805120
vt 0.8969411 0.1729640
vt 0.8607588 0.1801231
vt 0.8607278 0.1726054
vt 0.8243293 0.1800214
vt 0.8243499 0.1725119
vt 0.7876909 0.1724777
vt 0.7508054 0.1724629
vt 0.7508183 0.1277784
vt 0.7877178 0.1277902
vt 0.7137489 0.1724554
vt 0.7137546 0.1277712
vt 0.6765767 0.1724517
vt 0.6765798 0.1277672
vt 0.6393457 0.1724483
vt 0.6393473 0.1277640
vt 0.6021084 0.1724480
vt 0.6021079 0.1277637
vt 0.5649119 0.1724505
vt 0.5649099 0.1277662
vt 0.5277997 0.1724571
vt 0.5277977 0.1277726
vt 0.4908133 0.1724651
vt 0.4908096 0.1277820
vt 0.4539914 0.1724795
vt 0.4539822 0.1277957
vt 0.4173664 0.1725053
vt 0.4173495 0.1278173
vt 0.3809632 0.1725578
vt 0.3809443 0.1278487
vt 0.3447778 0.1727024
vt 0.3448865 0.1278869
vt 0.3087424 0.1728935
vt 0.3097799 0.1277998
vt 0.2726772 0.1726862
vt 0.2760232 0.1277063
vt 0.2366307 0.1696440
vt 0.2437133 0.1271166
vt 0.9692671 0.1697751
vt 0.9331653 0.1727637
vt 0.9299209 0.1277724
vt 0.9622716 0.1272084
vt 0.8969411 0.1729640
vt 0.8960714 0.1278447
vt 0.8607278 0.1726054
vt 0.8607510 0.1278310
vt 0.8243499 0.1725119
vt 0.8243972 0.1278081
vt 0.4173082 0.0095960
vt 0.4539637 0.0095816
vt 0.4539715 0.0170912
vt 0.4173241 0.0171070
vt 0.4907976 0.0095704
vt 0.4908012 0.0170794
vt 0.5277889 0.0095616
vt 0.5277900 0.0170699
vt 0.5649052 0.0095568
vt 0.5649056 0.0170645
vt 0.6021065 0.0095548
vt 0.6021067 0.0170623
vt 0.6393487 0.0095550
vt 0.6393484 0.0170626
vt 0.6765842 0.0095574
vt 0.6765829 0.0170652
vt 0.7137641 0.0095607
vt 0.7137604 0.0170689
vt 0.7508395 0.0095661
vt 0.7508321 0.0170749
vt 0.7877682 0.0095718
vt 0.7877512 0.0170819
vt 0.8245337 0.0095663
vt 0.8244863 0.0170814
vt 0.8612043 0.0095273
vt 0.8610407 0.0170421
vt 0.8979751 0.0092296
vt 0.8977646 0.0167475
vt 0.9350367 0.0092482
vt 0.9346228 0.0168160
vt 0.9727772 0.0111950
vt 0.9710667 0.0184963
vt 0.2332126 0.0111387
vt 0.2709115 0.0091950
vt 0.2713238 0.0167617
vt 0.2349232 0.0184341
vt 0.3078476 0.0092066
vt 0.3080563 0.0167248
vt 0.3444139 0.0095475
vt 0.3445767 0.0170617
vt 0.3808244 0.0095985
vt 0.3808701 0.0171144
vt 0.4173241 0.0171070
vt 0.4539715 0.0170912
vt 0.4539822 0.1277957
vt 0.4173495 0.1278173
vt 0.4908012 0.0170794
vt 0.4908096 0.1277820
vt 0.5277900 0.0170699
vt 0.5277977 0.1277726
vt 0.5649056 0.0170645
vt 0.5649099 0.1277662
vt 0.6021067 0.0170623
vt 0.6021079 0.1277637
vt 0.6393484 0.0170626
vt 0.6393473 0.1277640
vt 0.6765829 0.0170652
vt 0.6765798 0.1277672
vt 0.7137604 0.0170689
vt 0.7137546 0.1277712
vt 0.7508321 0.0170749
vt 0.7508183 0.1277784
vt 0.7877512 0.0170819
vt 0.7877178 0.1277902
vt 0.8244863 0.0170814
vt 0.8243972 0.1278081
vt 0.8610407 0.0170421
vt 0.8607510 0.1278310
vt 0.8977646 0.0167475
vt 0.8960714 0.1278447
vt 0.9346228 0.0168160
vt 0.9299209 0.1277724
vt 0.9710667 0.0184963
vt 0.9622716 0.1272084
vt 0.2349232 0.0184341
vt 0.2713238 0.0167617
vt 0.2760232 0.1277063
vt 0.2437133 0.1271166
vt 0.3080563 0.0167248
vt 0.3097799 0.1277998
vt 0.3445767 0.0170617
vt 0.3448865 0.1278869
vt 0.3808701 0.0171144
vt 0.3809443 0.1278487
vt 0.9353137 0.7182474
vt 0.8971136 0.7060819
vt 0.9119589 0.6106988
vt 0.9520588 0.6106988
vt 0.8865315 0.8156456
vt 0.8538935 0.7924033
vt 0.8100694 0.8934348
vt 0.7862262 0.8612680
vt 0.7131016 0.9437016
vt 0.7005100 0.9057172
vt 0.6051798 0.9610929
vt 0.6051798 0.9210839
vt 0.4972579 0.9437016
vt 0.5098495 0.9057170
vt 0.4002902 0.8934345
vt 0.4241334 0.8612680
vt 0.3238278 0.8156455
vt 0.3564658 0.7924032
vt 0.2750451 0.7182474
vt 0.3132458 0.7060817
vt 0.2583004 0.6106985
vt 0.2984003 0.6106985
vt 0.2750454 0.5031496
vt 0.3132459 0.5153151
vt 0.3238281 0.4057511
vt 0.3564661 0.4289934
vt 0.4002904 0.3279617
vt 0.4241337 0.3601282
vt 0.4972584 0.2776945
vt 0.5098500 0.3156792
vt 0.6051804 0.2603034
vt 0.6051803 0.3003121
vt 0.7131022 0.2776946
vt 0.7005104 0.3156793
vt 0.8100698 0.3279621
vt 0.7862264 0.3601286
vt 0.8865317 0.4057517
vt 0.8538938 0.4289938
vt 0.9353139 0.5031503
vt 0.8971136 0.5153159
vt 0.9887742 0.6106988
vt 0.9702525 0.7294785
vt 0.9162972 0.8370413
vt 0.8317350 0.9229380
vt 0.7245083 0.9784365
vt 0.6051798 0.9976354
vt 0.4858513 0.9784365
vt 0.3786246 0.9229379
vt 0.2940620 0.8370411
vt 0.2401063 0.7294785
vt 0.2215850 0.6106985
vt 0.2401066 0.4919186
vt 0.2940624 0.3843555
vt 0.3786248 0.2984582
vt 0.4858517 0.2429597
vt 0.6051804 0.2237607
vt 0.7245089 0.2429598
vt 0.8317356 0.2984588
vt 0.9162976 0.3843562
vt 0.9702526 0.4919193
vt 0.8465021 0.6898557
vt 0.8588159 0.6106986
vt 0.8106850 0.7614275
vt 0.7546915 0.8184400
vt 0.6838702 0.8551830
vt 0.6051798 0.8678734
vt 0.5264895 0.8551828
vt 0.4556681 0.8184399
vt 0.3996743 0.7614273
vt 0.3638571 0.6898556
vt 0.3515434 0.6106985
vt 0.3638573 0.5315412
vt 0.3996745 0.4599693
vt 0.4556684 0.4029566
vt 0.5264897 0.3662134
vt 0.6051801 0.3535228
vt 0.6838704 0.3662135
vt 0.7546917 0.4029569
vt 0.8106853 0.4599697
vt 0.8465023 0.5315419
vt 0.0025589 0.6019640
vt 0.0025589 0.5026903
vt 0.2094823 0.5026902
vt 0.2094823 0.6019639
vt 0.0025589 0.7010988
vt 0.2094823 0.7010987
vt 0.0025590 0.9977897
vt 0.0025589 0.8989787
vt 0.2094823 0.8989786
vt 0.2094824 0.9977897
vt 0.0025590 0.1040244
vt 0.0025590 0.0052310
vt 0.2094824 0.0052309
vt 0.2094824 0.1040243
vt 0.0025590 0.2028592
vt 0.2094824 0.2028590
vt 0.0025590 0.3017869
vt 0.2094824 0.3017867
vt 0.0025590 0.5000498
vt 0.0025590 0.4008449
vt 0.2094824 0.4008451
vt 0.2094824 0.5000501
vt 0.0025590 0.5993924
vt 0.2094824 0.5993924
vt 0.0025590 0.7983302
vt 0.2094824 0.7983302
vt 0.2094824 0.8978077
vt 0.0025590 0.8978077
vt 0.0025590 0.9972180
vt 0.2094824 0.9972180
vt 0.0025589 0.1048670
vt 0.0025589 0.0054611
vt 0.2094823 0.0054611
vt 0.2094823 0.1048670
vt 0.0025589 0.2043364
vt 0.2094823 0.2043366
vt 0.2094823 0.3038317
vt 0.0025589 0.3038317
vt 0.0025589 0.4033000
vt 0.2094823 0.4032999
vt 0.2984035 0.6106988
vt 0.3132488 0.7060809
vt 0.2750483 0.7182465
vt 0.2583035 0.6106988
vt 0.3564686 0.7924015
vt 0.3238307 0.8156439
vt 0.4241357 0.8612657
vt 0.4002923 0.8934323
vt 0.5098509 0.9057142
vt 0.4972592 0.9436989
vt 0.6051801 0.9210810
vt 0.6051801 0.9610899
vt 0.7005093 0.9057141
vt 0.7131010 0.9436989
vt 0.7862244 0.8612655
vt 0.8100678 0.8934322
vt 0.8538913 0.7924015
vt 0.8865293 0.8156437
vt 0.8971108 0.7060807
vt 0.9353112 0.7182464
vt 0.9119560 0.6106985
vt 0.9520559 0.6106985
vt 0.8971107 0.5153162
vt 0.9353108 0.5031506
vt 0.8538910 0.4289953
vt 0.8865288 0.4057530
vt 0.7862240 0.3601309
vt 0.8100674 0.3279642
vt 0.7005090 0.3156823
vt 0.7131006 0.2776976
vt 0.6051797 0.3003155
vt 0.6051797 0.2603067
vt 0.5098505 0.3156824
vt 0.4972588 0.2776978
vt 0.4241353 0.3601313
vt 0.4002919 0.3279648
vt 0.3564683 0.4289959
vt 0.3238303 0.4057538
vt 0.3132486 0.5153170
vt 0.2750481 0.5031514
vt 0.2401094 0.7294777
vt 0.2215881 0.6106988
vt 0.2940650 0.8370396
vt 0.3786266 0.9229357
vt 0.4858525 0.9784337
vt 0.6051801 0.9976327
vt 0.7245077 0.9784337
vt 0.8317335 0.9229354
vt 0.9162951 0.8370394
vt 0.9702500 0.7294775
vt 0.9887712 0.6106985
vt 0.9702498 0.4919196
vt 0.9162947 0.3843575
vt 0.8317332 0.2984609
vt 0.7245072 0.2429628
vt 0.6051797 0.2237640
vt 0.4858520 0.2429631
vt 0.3786261 0.2984614
vt 0.2940646 0.3843582
vt 0.2401092 0.4919204
vt 0.3515470 0.6106986
vt 0.3638606 0.6898547
vt 0.3996772 0.7614256
vt 0.4556702 0.8184375
vt 0.5264908 0.8551802
vt 0.6051801 0.8678703
vt 0.6838694 0.8551802
vt 0.7546898 0.8184374
vt 0.8106828 0.7614256
vt 0.8464992 0.6898546
vt 0.8588128 0.6106985
vt 0.8464991 0.5315423
vt 0.8106824 0.4599713
vt 0.7546895 0.4029593
vt 0.6838689 0.3662165
vt 0.6051798 0.3535261
vt 0.5264904 0.3662167
vt 0.4556699 0.4029596
vt 0.3996769 0.4599718
vt 0.3638604 0.5315430
vt 0.0025589 0.8000960
vt 0.2094823 0.8000958
vt 0.2094824 0.6988375
vt 0.0025590 0.6988375
vt 0.9984834 0.9305658
vt 0.9892982 0.9648448
vt 0.9299251 0.9305658
vt 0.9642042 0.9899389
vt 0.9299251 0.9991239
vt 0.8956461 0.9899389
vt 0.8705519 0.9648448
vt 0.8613670 0.9305658
vt 0.8705519 0.8962867
vt 0.8956461 0.8711926
vt 0.9299251 0.8620076
vt 0.9642042 0.8711925
vt 0.9892982 0.8962865
vt 0.8164825 0.6121204
vt 0.8171312 0.6285157
vt 0.7432410 0.6378576
vt 0.7324102 0.6121204
vt 0.6899725 0.6533684
vt 0.6977136 0.6121204
vt 0.7432410 0.5863832
vt 0.8171312 0.5957251
vt 0.6899725 0.5708727
vt 0.7201478 0.5562418
vt 0.7366279 0.4461542
vt 0.7498337 0.4559119
vt 0.7109058 0.5194448
vt 0.6840873 0.5117542
vt 0.6624489 0.5387730
vt 0.6706507 0.4871448
vt 0.7241937 0.4353764
vt 0.6252218 0.5191071
vt 0.6326211 0.4863921
vt 0.5563586 0.4051170
vt 0.5753661 0.4869692
vt 0.5478486 0.4822708
vt 0.5402554 0.4081638
vt 0.5444920 0.5376647
vt 0.5236227 0.5114971
vt 0.4126779 0.5196145
vt 0.4881876 0.5566042
vt 0.4672922 0.5750235
vt 0.4049376 0.5342198
vt 0.5086955 0.6121204
vt 0.4750658 0.6121204
vt 0.5721976 0.4008030
vt 0.5980504 0.4706830
vt 0.5831075 0.5207145
vt 0.4192740 0.5045389
vt 0.4896983 0.5286861
vt 0.5193965 0.5715817
vt 0.4126777 0.7046263
vt 0.4049375 0.6900210
vt 0.4672921 0.6492174
vt 0.4881876 0.6676368
vt 0.5193965 0.6526594
vt 0.4896983 0.6955550
vt 0.4192739 0.7197021
vt 0.5444920 0.6865765
vt 0.5236227 0.7127442
vt 0.5563587 0.8191241
vt 0.5402555 0.8160771
vt 0.5478487 0.7419701
vt 0.5753663 0.7372717
vt 0.5831075 0.7035266
vt 0.5980504 0.7535581
vt 0.5721977 0.8234380
vt 0.6252218 0.7051339
vt 0.6326211 0.7378489
vt 0.7366276 0.7780871
vt 0.7241936 0.7888649
vt 0.6706507 0.7370963
vt 0.6840872 0.7124871
vt 0.6624488 0.6854681
vt 0.7109057 0.7047963
vt 0.7498337 0.7683292
vt 0.7201478 0.6679993
vt 0.6899725 0.6533684
vt 0.6040184 0.6121204
vt 0.6977136 0.6121204
vt 0.6899725 0.5708727
vt 0.6624489 0.5387730
vt 0.6252218 0.5191071
vt 0.5831075 0.5207145
vt 0.5444920 0.5376647
vt 0.5193965 0.5715817
vt 0.5086955 0.6121204
vt 0.5193965 0.6526594
vt 0.5444920 0.6865765
vt 0.5831075 0.7035266
vt 0.6252218 0.7051339
vt 0.6624488 0.6854681
vt 0.7432410 0.6378576
vt 0.8171312 0.6285157
vt 0.8324668 0.6593159
vt 0.7656204 0.6653361
vt 0.7201478 0.6679993
vt 0.7432410 0.6378576
vt 0.7656204 0.6653361
vt 0.7512245 0.6829752
vt 0.8171312 0.5957251
vt 0.7432410 0.5863832
vt 0.7656204 0.5589048
vt 0.8324668 0.5649248
vt 0.7432410 0.5863832
vt 0.7201478 0.5562418
vt 0.7512245 0.5412658
vt 0.7656204 0.5589048
vt 0.7109058 0.5194448
vt 0.7498337 0.4559119
vt 0.7834488 0.4631954
vt 0.7463400 0.5190780
vt 0.7109058 0.5194448
vt 0.7463400 0.5190780
vt 0.7241937 0.4353764
vt 0.6706507 0.4871448
vt 0.6631533 0.4524828
vt 0.7097523 0.4041326
vt 0.6706507 0.4871448
vt 0.6326211 0.4863921
vt 0.6402900 0.4527221
vt 0.6631533 0.4524828
vt 0.5402554 0.4081638
vt 0.5478486 0.4822708
vt 0.5160637 0.4666319
vt 0.5067931 0.4001824
vt 0.5478486 0.4822708
vt 0.5236227 0.5114971
vt 0.5021168 0.4845566
vt 0.5160637 0.4666319
vt 0.4049376 0.5342198
vt 0.4672922 0.5750235
vt 0.4351647 0.5899611
vt 0.3776822 0.5552438
vt 0.4672922 0.5750235
vt 0.4750658 0.6121204
vt 0.4404970 0.6121204
vt 0.4351647 0.5899611
vt 0.5980504 0.4706830
vt 0.5721976 0.4008030
vt 0.5987482 0.3789064
vt 0.6197855 0.4426592
vt 0.5980504 0.4706830
vt 0.6197855 0.4426592
vt 0.4896983 0.5286861
vt 0.4192740 0.5045389
vt 0.4190067 0.4701521
vt 0.4816031 0.4942011
vt 0.4896983 0.5286861
vt 0.4816031 0.4942011
vt 0.4672921 0.6492174
vt 0.4049375 0.6900210
vt 0.3776821 0.6689969
vt 0.4351647 0.6342797
vt 0.4672921 0.6492174
vt 0.4351647 0.6342797
vt 0.4192739 0.7197021
vt 0.4896983 0.6955550
vt 0.4816030 0.7300400
vt 0.4190064 0.7540886
vt 0.4896983 0.6955550
vt 0.5236227 0.7127442
vt 0.5021169 0.7396846
vt 0.4816030 0.7300400
vt 0.5478487 0.7419701
vt 0.5402555 0.8160771
vt 0.5067931 0.8240587
vt 0.5160638 0.7576091
vt 0.5478487 0.7419701
vt 0.5160638 0.7576091
vt 0.5721977 0.8234380
vt 0.5980504 0.7535581
vt 0.6197855 0.7815818
vt 0.5987483 0.8453346
vt 0.5980504 0.7535581
vt 0.6326211 0.7378489
vt 0.6402901 0.7715190
vt 0.6197855 0.7815818
vt 0.6706507 0.7370963
vt 0.7241936 0.7888649
vt 0.7097523 0.8201088
vt 0.6631534 0.7717583
vt 0.6706507 0.7370963
vt 0.6631534 0.7717583
vt 0.7498337 0.7683292
vt 0.7109057 0.7047963
vt 0.7463400 0.7051631
vt 0.7834488 0.7610458
vt 0.7109057 0.7047963
vt 0.7463400 0.7051631
vt 0.7876761 0.1799845
vt 0.7507979 0.1799700
vt 0.7508054 0.1724629
vt 0.7876909 0.1724777
vt 0.7137452 0.1799630
vt 0.7137489 0.1724554
vt 0.6765752 0.1799596
vt 0.6765767 0.1724517
vt 0.6393455 0.1799566
vt 0.6393457 0.1724483
vt 0.6021085 0.1799563
vt 0.6021084 0.1724480
vt 0.5649123 0.1799585
vt 0.5649119 0.1724505
vt 0.5278012 0.1799645
vt 0.5277997 0.1724571
vt 0.4908172 0.1799720
vt 0.4908133 0.1724651
vt 0.4539990 0.1799858
vt 0.4539914 0.1724795
vt 0.4173794 0.1800114
vt 0.4173664 0.1725053
vt 0.3809759 0.1800656
vt 0.3809632 0.1725578
vt 0.3447511 0.1802203
vt 0.3447778 0.1727024
vt 0.3085379 0.1804440
vt 0.3087424 0.1728935
vt 0.2719289 0.1802780
vt 0.2726772 0.1726862
vt 0.2344424 0.1768389
vt 0.2366307 0.1696440
vt 0.9714389 0.1769763
vt 0.9338984 0.1803510
vt 0.9331653 0.1727637
vt 0.9692671 0.1697751
vt 0.8971496 0.1805120
vt 0.8969411 0.1729640
vt 0.8607588 0.1801231
vt 0.8607278 0.1726054
vt 0.8243293 0.1800214
vt 0.8243499 0.1725119
vt 0.7876909 0.1724777
vt 0.7508054 0.1724629
vt 0.7508183 0.1277784
vt 0.7877178 0.1277902
vt 0.7137489 0.1724554
vt 0.7137546 0.1277712
vt 0.6765767 0.1724517
vt 0.6765798 0.1277672
vt 0.6393457 0.1724483
vt 0.6393473 0.1277640
vt 0.6021084 0.1724480
vt 0.6021079 0.1277637
vt 0.5649119 0.1724505
vt 0.5649099 0.1277662
vt 0.5277997 0.1724571
vt 0.5277977 0.1277726
vt 0.4908133 0.1724651
vt 0.4908096 0.1277820
vt 0.4539914 0.1724795
vt 0.4539822 0.1277957
vt 0.4173664 0.1725053
vt 0.4173495 0.1278173
vt 0.3809632 0.1725578
vt 0.3809443 0.1278487
vt 0.3447778 0.1727024
vt 0.3448865 0.1278869
vt 0.3087424 0.1728935
vt 0.3097799 0.1277998
vt 0.2726772 0.1726862
vt 0.2760232 0.1277063
vt 0.2366307 0.1696440
vt 0.2437133 0.1271166
vt 0.9692671 0.1697751
vt 0.9331653 0.1727637
vt 0.9299209 0.1277724
vt 0.9622716 0.1272084
vt 0.8969411 0.1729640
vt 0.8960714 0.1278447
vt 0.8607278 0.1726054
vt 0.8607510 0.1278310
vt 0.8243499 0.1725119
vt 0.8243972 0.1278081
vt 0.4173082 0.0095960
vt 0.4539637 0.0095816
vt 0.4539715 0.0170912
vt 0.4173241 0.0171070
vt 0.4907976 0.0095704
vt 0.4908012 0.0170794
vt 0.5277889 0.0095616
vt 0.5277900 0.0170699
vt 0.5649052 0.0095568
vt 0.5649056 0.0170645
vt 0.6021065 0.0095548
vt 0.6021067 0.0170623
vt 0.6393487 0.0095550
vt 0.6393484 0.0170626
vt 0.6765842 0.0095574
vt 0.6765829 0.0170652
vt 0.7137641 0.0095607
vt 0.7137604 0.0170689
vt 0.7508395 0.0095661
vt 0.7508321 0.0170749
vt 0.7877682 0.0095718
vt 0.7877512 0.0170819
vt 0.8245337 0.0095663
vt 0.8244863 0.0170814
vt 0.8612043 0.0095273
vt 0.8610407 0.0170421
vt 0.8979751 0.0092296
vt 0.8977646 0.0167475
vt 0.9350367 0.0092482
vt 0.9346228 0.0168160
vt 0.9727772 0.0111950
vt 0.9710667 0.0184963
vt 0.2332126 0.0111387
vt 0.2709115 0.0091950
vt 0.2713238 0.0167617
vt 0.2349232 0.0184341
vt 0.3078476 0.0092066
vt 0.3080563 0.0167248
vt 0.3444139 0.0095475
vt 0.3445767 0.0170617
vt 0.3808244 0.0095985
vt 0.3808701 0.0171144
vt 0.4173241 0.0171070
vt 0.4539715 0.0170912
vt 0.4539822 0.1277957
vt 0.4173495 0.1278173
vt 0.4908012 0.0170794
vt 0.4908096 0.1277820
vt 0.5277900 0.0170699
vt 0.5277977 0.1277726
vt 0.5649056 0.0170645
vt 0.5649099 0.1277662
vt 0.6021067 0.0170623
vt 0.6021079 0.1277637
vt 0.6393484 0.0170626
vt 0.6393473 0.1277640
vt 0.6765829 0.0170652
vt 0.6765798 0.1277672
vt 0.7137604 0.0170689
vt 0.7137546 0.1277712
vt 0.7508321 0.0170749
vt 0.7508183 0.1277784
vt 0.7877512 0.0170819
vt 0.7877178 0.1277902
vt 0.8244863 0.0170814
vt 0.8243972 0.1278081
vt 0.8610407 0.0170421
vt 0.8607510 0.1278310
vt 0.8977646 0.0167475
vt 0.8960714 0.1278447
vt 0.9346228 0.0168160
vt 0.9299209 0.1277724
vt 0.9710667 0.0184963
vt 0.9622716 0.1272084
vt 0.2349232 0.0184341
vt 0.2713238 0.0167617
vt 0.2760232 0.1277063
vt 0.2437133 0.1271166
vt 0.3080563 0.0167248
vt 0.3097799 0.1277998
vt 0.3445767 0.0170617
vt 0.3448865 0.1278869
vt 0.3808701 0.0171144
vt 0.3809443 0.1278487
vt 0.9353137 0.7182474
vt 0.8971136 0.7060819
vt 0.9119589 0.6106988
vt 0.9520588 0.6106988
vt 0.8865315 0.8156456
vt 0.8538935 0.7924033
vt 0.8100694 0.8934348
vt 0.7862262 0.8612680
vt 0.7131016 0.9437016
vt 0.7005100 0.9057172
vt 0.6051798 0.9610929
vt 0.6051798 0.9210839
vt 0.4972579 0.9437016
vt 0.5098495 0.9057170
vt 0.4002902 0.8934345
vt 0.4241334 0.8612680
vt 0.3238278 0.8156455
vt 0.3564658 0.7924032
vt 0.2750451 0.7182474
vt 0.3132458 0.7060817
vt 0.2583004 0.6106985
vt 0.2984003 0.6106985
vt 0.2750454 0.5031496
vt 0.3132459 0.5153151
vt 0.3238281 0.4057511
vt 0.3564661 0.4289934
vt 0.4002904 0.3279617
vt 0.4241337 0.3601282
vt 0.4972584 0.2776945
vt 0.5098500 0.3156792
vt 0.6051804 0.2603034
vt 0.6051803 0.3003121
vt 0.7131022 0.2776946
vt 0.7005104 0.3156793
vt 0.8100698 0.3279621
vt 0.7862264 0.3601286
vt 0.8865317 0.4057517
vt 0.8538938 0.4289938
vt 0.9353139 0.5031503
vt 0.8971136 0.5153159
vt 0.9887742 0.6106988
vt 0.9702525 0.7294785
vt 0.9162972 0.8370413
vt 0.8317350 0.9229380
vt 0.7245083 0.9784365
vt 0.6051798 0.9976354
vt 0.4858513 0.9784365
vt 0.3786246 0.9229379
vt 0.2940620 0.8370411
vt 0.2401063 0.7294785
vt 0.2215850 0.6106985
vt 0.2401066 0.4919186
vt 0.2940624 0.3843555
vt 0.3786248 0.2984582
vt 0.4858517 0.2429597
vt 0.6051804 0.2237607
vt 0.7245089 0.2429598
vt 0.8317356 0.2984588
vt 0.9162976 0.3843562
vt 0.9702526 0.4919193
vt 0.8465021 0.6898557
vt 0.8588159 0.6106986
vt 0.8106850 0.7614275
vt 0.7546915 0.8184400
vt 0.6838702 0.8551830
vt 0.6051798 0.8678734
vt 0.5264895 0.8551828
vt 0.4556681 0.8184399
vt 0.3996743 0.7614273
vt 0.3638571 0.6898556
vt 0.3515434 0.6106985
vt 0.3638573 0.5315412
vt 0.3996745 0.4599693
vt 0.4556684 0.4029566
vt 0.5264897 0.3662134
vt 0.6051801 0.3535228
vt 0.6838704 0.3662135
vt 0.7546917 0.4029569
vt 0.8106853 0.4599697
vt 0.8465023 0.5315419
vt 0.0025589 0.6019640
vt 0.0025589 0.5026903
vt 0.2094823 0.5026902
vt 0.2094823 0.6019639
vt 0.0025589 0.7010988
vt 0.2094823 0.7010987
vt 0.0025590 0.9977897
vt 0.0025589 0.8989787
vt 0.2094823 0.8989786
vt 0.2094824 0.9977897
vt 0.0025590 0.1040244
vt 0.0025590 0.0052310
vt 0.2094824 0.0052309
vt 0.2094824 0.1040243
vt 0.0025590 0.2028592
vt 0.2094824 0.2028590
vt 0.0025590 0.3017869
vt 0.2094824 0.3017867
vt 0.0025590 0.5000498
vt 0.0025590 0.4008449
vt 0.2094824 0.4008451
vt 0.2094824 0.5000501
vt 0.0025590 0.5993924
vt 0.2094824 0.5993924
vt 0.0025590 0.7983302
vt 0.2094824 0.7983302
vt 0.2094824 0.8978077
vt 0.0025590 0.8978077
vt 0.0025590 0.9972180
vt 0.2094824 0.9972180
vt 0.0025589 0.1048670
vt 0.0025589 0.0054611
vt 0.2094823 0.0054611
vt 0.2094823 0.1048670
vt 0.0025589 0.2043364
vt 0.2094823 0.2043366
vt 0.2094823 0.3038317
vt 0.0025589 0.3038317
vt 0.0025589 0.4033000
vt 0.2094823 0.4032999
vt 0.2984035 0.6106988
vt 0.3132488 0.7060809
vt 0.2750483 0.7182465
vt 0.2583035 0.6106988
vt 0.3564686 0.7924015
vt 0.3238307 0.8156439
vt 0.4241357 0.8612657
vt 0.4002923 0.8934323
vt 0.5098509 0.9057142
vt 0.4972592 0.9436989
vt 0.6051801 0.9210810
vt 0.6051801 0.9610899
vt 0.7005093 0.9057141
vt 0.7131010 0.9436989
vt 0.7862244 0.8612655
vt 0.8100678 0.8934322
vt 0.8538913 0.7924015
vt 0.8865293 0.8156437
vt 0.8971108 0.7060807
vt 0.9353112 0.7182464
vt 0.9119560 0.6106985
vt 0.9520559 0.6106985
vt 0.8971107 0.5153162
vt 0.9353108 0.5031506
vt 0.8538910 0.4289953
vt 0.8865288 0.4057530
vt 0.7862240 0.3601309
vt 0.8100674 0.3279642
vt 0.7005090 0.3156823
vt 0.7131006 0.2776976
vt 0.6051797 0.3003155
vt 0.6051797 0.2603067
vt 0.5098505 0.3156824
vt 0.4972588 0.2776978
vt 0.4241353 0.3601313
vt 0.4002919 0.3279648
vt 0.3564683 0.4289959
vt 0.3238303 0.4057538
vt 0.3132486 0.5153170
vt 0.2750481 0.5031514
vt 0.2401094 0.7294777
vt 0.2215881 0.6106988
vt 0.2940650 0.8370396
vt 0.3786266 0.9229357
vt 0.4858525 0.9784337
vt 0.6051801 0.9976327
vt 0.7245077 0.9784337
vt 0.8317335 0.9229354
vt 0.9162951 0.8370394
vt 0.9702500 0.7294775
vt 0.9887712 0.6106985
vt 0.9702498 0.4919196
vt 0.9162947 0.3843575
vt 0.8317332 0.2984609
vt 0.7245072 0.2429628
vt 0.6051797 0.2237640
vt 0.4858520 0.2429631
vt 0.3786261 0.2984614
vt 0.2940646 0.3843582
vt 0.2401092 0.4919204
vt 0.3515470 0.6106986
vt 0.3638606 0.6898547
vt 0.3996772 0.7614256
vt 0.4556702 0.8184375
vt 0.5264908 0.8551802
vt 0.6051801 0.8678703
vt 0.6838694 0.8551802
vt 0.7546898 0.8184374
vt 0.8106828 0.7614256
vt 0.8464992 0.6898546
vt 0.8588128 0.6106985
vt 0.8464991 0.5315423
vt 0.8106824 0.4599713
vt 0.7546895 0.4029593
vt 0.6838689 0.3662165
vt 0.6051798 0.3535261
vt 0.5264904 0.3662167
vt 0.4556699 0.4029596
vt 0.3996769 0.4599718
vt 0.3638604 0.5315430
vt 0.0025589 0.8000960
vt 0.2094823 0.8000958
vt 0.2094824 0.6988375
vt 0.0025590 0.6988375
vt 0.9984834 0.9305658
vt 0.9892982 0.9648448
vt 0.9299251 0.9305658
vt 0.9642042 0.9899389
vt 0.9299251 0.9991239
vt 0.8956461 0.9899389
vt 0.8705519 0.9648448
vt 0.8613670 0.9305658
vt 0.8705519 0.8962867
vt 0.8956461 0.8711926
vt 0.9299251 0.8620076
vt 0.9642042 0.8711925
vt 0.9892982 0.8962865
vt 0.8164825 0.6121204
vt 0.8171312 0.6285157
vt 0.7432410 0.6378576
vt 0.7324102 0.6121204
vt 0.6899725 0.6533684
vt 0.6977136 0.6121204
vt 0.7432410 0.5863832
vt 0.8171312 0.5957251
vt 0.6899725 0.5708727
vt 0.7201478 0.5562418
vt 0.7366279 0.4461542
vt 0.7498337 0.4559119
vt 0.7109058 0.5194448
vt 0.6840873 0.5117542
vt 0.6624489 0.5387730
vt 0.6706507 0.4871448
vt 0.7241937 0.4353764
vt 0.6252218 0.5191071
vt 0.6326211 0.4863921
vt 0.5563586 0.4051170
vt 0.5753661 0.4869692
vt 0.5478486 0.4822708
vt 0.5402554 0.4081638
vt 0.5444920 0.5376647
vt 0.5236227 0.5114971
vt 0.4126779 0.5196145
vt 0.4881876 0.5566042
vt 0.4672922 0.5750235
vt 0.4049376 0.5342198
vt 0.5086955 0.6121204
vt 0.4750658 0.6121204
vt 0.5721976 0.4008030
vt 0.5980504 0.4706830
vt 0.5831075 0.5207145
vt 0.4192740 0.5045389
vt 0.4896983 0.5286861
vt 0.5193965 0.5715817
vt 0.4126777 0.7046263
vt 0.4049375 0.6900210
vt 0.4672921 0.6492174
vt 0.4881876 0.6676368
vt 0.5193965 0.6526594
vt 0.4896983 0.6955550
vt 0.4192739 0.7197021
vt 0.5444920 0.6865765
vt 0.5236227 0.7127442
vt 0.5563587 0.8191241
vt 0.5402555 0.8160771
vt 0.5478487 0.7419701
vt 0.5753663 0.7372717
vt 0.5831075 0.7035266
vt 0.5980504 0.7535581
vt 0.5721977 0.8234380
vt 0.6252218 0.7051339
vt 0.6326211 0.7378489
vt 0.7366276 0.7780871
vt 0.7241936 0.7888649
vt 0.6706507 0.7370963
vt 0.6840872 0.7124871
vt 0.6624488 0.6854681
vt 0.7109057 0.7047963
vt 0.7498337 0.7683292
vt 0.7201478 0.6679993
vt 0.6899725 0.6533684
vt 0.6040184 0.6121204
vt 0.6977136 0.6121204
vt 0.6899725 0.5708727
vt 0.6624489 0.5387730
vt 0.6252218 0.5191071
vt 0.5831075 0.5207145
vt 0.5444920 0.5376647
vt 0.5193965 0.5715817
vt 0.5086955 0.6121204
vt 0.5193965 0.6526594
vt 0.5444920 0.6865765
vt 0.5831075 0.7035266
vt 0.6252218 0.7051339
vt 0.6624488 0.6854681
vt 0.7432410 0.6378576
vt 0.8171312 0.6285157
vt 0.8324668 0.6593159
vt 0.7656204 0.6653361
vt 0.7201478 0.6679993
vt 0.7432410 0.6378576
vt 0.7656204 0.6653361
vt 0.7512245 0.6829752
vt 0.8171312 0.5957251
vt 0.7432410 0.5863832
vt 0.7656204 0.5589048
vt 0.8324668 0.5649248
vt 0.7432410 0.5863832
vt 0.7201478 0.5562418
vt 0.7512245 0.5412658
vt 0.7656204 0.5589048
vt 0.7109058 0.5194448
vt 0.7498337 0.4559119
vt 0.7834488 0.4631954
vt 0.7463400 0.5190780
vt 0.7109058 0.5194448
vt 0.7463400 0.5190780
vt 0.7241937 0.4353764
vt 0.6706507 0.4871448
vt 0.6631533 0.4524828
vt 0.7097523 0.4041326
vt 0.6706507 0.4871448
vt 0.6326211 0.4863921
vt 0.6402900 0.4527221
vt 0.6631533 0.4524828
vt 0.5402554 0.4081638
vt 0.5478486 0.4822708
vt 0.5160637 0.4666319
vt 0.5067931 0.4001824
vt 0.5478486 0.4822708
vt 0.5236227 0.5114971
vt 0.5021168 0.4845566
vt 0.5160637 0.4666319
vt 0.4049376 0.5342198
vt 0.4672922 0.5750235
vt 0.4351647 0.5899611
vt 0.3776822 0.5552438
vt 0.4672922 0.5750235
vt 0.4750658 0.6121204
vt 0.4404970 0.6121204
vt 0.4351647 0.5899611
vt 0.5980504 0.4706830
vt 0.5721976 0.4008030
vt 0.5987482 0.3789064
vt 0.6197855 0.4426592
vt 0.5980504 0.4706830
vt 0.6197855 0.4426592
vt 0.4896983 0.5286861
vt 0.4192740 0.5045389
vt 0.4190067 0.4701521
vt 0.4816031 0.4942011
vt 0.4896983 0.5286861
vt 0.4816031 0.4942011
vt 0.4672921 0.6492174
vt 0.4049375 0.6900210
vt 0.3776821 0.6689969
vt 0.4351647 0.6342797
vt 0.4672921 0.6492174
vt 0.4351647 0.6342797
vt 0.4192739 0.7197021
vt 0.4896983 0.6955550
vt 0.4816030 0.7300400
vt 0.4190064 0.7540886
vt 0.4896983 0.6955550
vt 0.5236227 0.7127442
vt 0.5021169 0.7396846
vt 0.4816030 0.7300400
vt 0.5478487 0.7419701
vt 0.5402555 0.8160771
vt 0.5067931 0.8240587
vt 0.5160638 0.7576091
vt 0.5478487 0.7419701
vt 0.5160638 0.7576091
vt 0.5721977 0.8234380
vt 0.5980504 0.7535581
vt 0.6197855 0.7815818
vt 0.5987483 0.8453346
vt 0.5980504 0.7535581
vt 0.6326211 0.7378489
vt 0.6402901 0.7715190
vt 0.6197855 0.7815818
vt 0.6706507 0.7370963
vt 0.7241936 0.7888649
vt 0.7097523 0.8201088
vt 0.6631534 0.7717583
vt 0.6706507 0.7370963
vt 0.6631534 0.7717583
vt 0.7498337 0.7683292
vt 0.7109057 0.7047963
vt 0.7463400 0.7051631
vt 0.7834488 0.7610458
vt 0.7109057 0.7047963
vt 0.7463400 0.7051631
vt 0.7876761 0.1799845
vt 0.7507979 0.1799700
vt 0.7508054 0.1724629
vt 0.7876909 0.1724777
vt 0.7137452 0.1799630
vt 0.7137489 0.1724554
vt 0.6765752 0.1799596
vt 0.6765767 0.1724517
vt 0.6393455 0.1799566
vt 0.6393457 0.1724483
vt 0.6021085 0.1799563
vt 0.6021084 0.1724480
vt 0.5649123 0.1799585
vt 0.5649119 0.1724505
vt 0.5278012 0.1799645
vt 0.5277997 0.1724571
vt 0.4908172 0.1799720
vt 0.4908133 0.1724651
vt 0.4539990 0.1799858
vt 0.4539914 0.1724795
vt 0.4173794 0.1800114
vt 0.4173664 0.1725053
vt 0.3809759 0.1800656
vt 0.3809632 0.1725578
vt 0.3447511 0.1802203
vt 0.3447778 0.1727024
vt 0.3085379 0.1804440
vt 0.3087424 0.1728935
vt 0.2719289 0.1802780
vt 0.2726772 0.1726862
vt 0.2344424 0.1768389
vt 0.2366307 0.1696440
vt 0.9714389 0.1769763
vt 0.9338984 0.1803510
vt 0.9331653 0.1727637
vt 0.9692671 0.1697751
vt 0.8971496 0.1805120
vt 0.8969411 0.1729640
vt 0.8607588 0.1801231
vt 0.8607278 0.1726054
vt 0.8243293 0.1800214
vt 0.8243499 0.1725119
vt 0.7876909 0.1724777
vt 0.7508054 0.1724629
vt 0.7508183 0.1277784
vt 0.7877178 0.1277902
vt 0.7137489 0.1724554
vt 0.7137546 0.1277712
vt 0.6765767 0.1724517
vt 0.6765798 0.1277672
vt 0.6393457 0.1724483
vt 0.6393473 0.1277640
vt 0.6021084 0.1724480
vt 0.6021079 0.1277637
vt 0.5649119 0.1724505
vt 0.5649099 0.1277662
vt 0.5277997 0.1724571
vt 0.5277977 0.1277726
vt 0.4908133 0.1724651
vt 0.4908096 0.1277820
vt 0.4539914 0.1724795
vt 0.4539822 0.1277957
vt 0.4173664 0.1725053
vt 0.4173495 0.1278173
vt 0.3809632 0.1725578
vt 0.3809443 0.1278487
vt 0.3447778 0.1727024
vt 0.3448865 0.1278869
vt 0.3087424 0.1728935
vt 0.3097799 0.1277998
vt 0.2726772 0.1726862
vt 0.2760232 0.1277063
vt 0.2366307 0.1696440
vt 0.2437133 0.1271166
vt 0.9692671 0.1697751
vt 0.9331653 0.1727637
vt 0.9299209 0.1277724
vt 0.9622716 0.1272084
vt 0.8969411 0.1729640
vt 0.8960714 0.1278447
vt 0.8607278 0.1726054
vt 0.8607510 0.1278310
vt 0.8243499 0.1725119
vt 0.8243972 0.1278081
vt 0.4173082 0.0095960
vt 0.4539637 0.0095816
vt 0.4539715 0.0170912
vt 0.4173241 0.0171070
vt 0.4907976 0.0095704
vt 0.4908012 0.0170794
vt 0.5277889 0.0095616
vt 0.5277900 0.0170699
vt 0.5649052 0.0095568
vt 0.5649056 0.0170645
vt 0.6021065 0.0095548
vt 0.6021067 0.0170623
vt 0.6393487 0.0095550
vt 0.6393484 0.0170626
vt 0.6765842 0.0095574
vt 0.6765829 0.0170652
vt 0.7137641 0.0095607
vt 0.7137604 0.0170689
vt 0.7508395 0.0095661
vt 0.7508321 0.0170749
vt 0.7877682 0.0095718
vt 0.7877512 0.0170819
vt 0.8245337 0.0095663
vt 0.8244863 0.0170814
vt 0.8612043 0.0095273
vt 0.8610407 0.0170421
vt 0.8979751 0.0092296
vt 0.8977646 0.0167475
vt 0.9350367 0.0092482
vt 0.9346228 0.0168160
vt 0.9727772 0.0111950
vt 0.9710667 0.0184963
vt 0.2332126 0.0111387
vt 0.2709115 0.0091950
vt 0.2713238 0.0167617
vt 0.2349232 0.0184341
vt 0.3078476 0.0092066
vt 0.3080563 0.0167248
vt 0.3444139 0.0095475
vt 0.3445767 0.0170617
vt 0.3808244 0.0095985
vt 0.3808701 0.0171144
vt 0.4173241 0.0171070
vt 0.4539715 0.0170912
vt 0.4539822 0.1277957
vt 0.4173495 0.1278173
vt 0.4908012 0.0170794
vt 0.4908096 0.1277820
vt 0.5277900 0.0170699
vt 0.5277977 0.1277726
vt 0.5649056 0.0170645
vt 0.5649099 0.1277662
vt 0.6021067 0.0170623
vt 0.6021079 0.1277637
vt 0.6393484 0.0170626
vt 0.6393473 0.1277640
vt 0.6765829 0.0170652
vt 0.6765798 0.1277672
vt 0.7137604 0.0170689
vt 0.7137546 0.1277712
vt 0.7508321 0.0170749
vt 0.7508183 0.1277784
vt 0.7877512 0.0170819
vt 0.7877178 0.1277902
vt 0.8244863 0.0170814
vt 0.8243972 0.1278081
vt 0.8610407 0.0170421
vt 0.8607510 0.1278310
vt 0.8977646 0.0167475
vt 0.8960714 0.1278447
vt 0.9346228 0.0168160
vt 0.9299209 0.1277724
vt 0.9710667 0.0184963
vt 0.9622716 0.1272084
vt 0.2349232 0.0184341
vt 0.2713238 0.0167617
vt 0.2760232 0.1277063
vt 0.2437133 0.1271166
vt 0.3080563 0.0167248
vt 0.3097799 0.1277998
vt 0.3445767 0.0170617
vt 0.3448865 0.1278869
vt 0.3808701 0.0171144
vt 0.3809443 0.1278487
vt 0.9353137 0.7182474
vt 0.8971136 0.7060819
vt 0.9119589 0.6106988
vt 0.9520588 0.6106988
vt 0.8865315 0.8156456
vt 0.8538935 0.7924033
vt 0.8100694 0.8934348
vt 0.7862262 0.8612680
vt 0.7131016 0.9437016
vt 0.7005100 0.9057172
vt 0.6051798 0.9610929
vt 0.6051798 0.9210839
vt 0.4972579 0.9437016
vt 0.5098495 0.9057170
vt 0.4002902 0.8934345
vt 0.4241334 0.8612680
vt 0.3238278 0.8156455
vt 0.3564658 0.7924032
vt 0.2750451 0.7182474
vt 0.3132458 0.7060817
vt 0.2583004 0.6106985
vt 0.2984003 0.6106985
vt 0.2750454 0.5031496
vt 0.3132459 0.5153151
vt 0.3238281 0.4057511
vt 0.3564661 0.4289934
vt 0.4002904 0.3279617
vt 0.4241337 0.3601282
vt 0.4972584 0.2776945
vt 0.5098500 0.3156792
vt 0.6051804 0.2603034
vt 0.6051803 0.3003121
vt 0.7131022 0.2776946
vt 0.7005104 0.3156793
vt 0.8100698 0.3279621
vt 0.7862264 0.3601286
vt 0.8865317 0.4057517
vt 0.8538938 0.4289938
vt 0.9353139 0.5031503
vt 0.8971136 0.5153159
vt 0.9887742 0.6106988
vt 0.9702525 0.7294785
vt 0.9162972 0.8370413
vt 0.8317350 0.9229380
vt 0.7245083 0.9784365
vt 0.6051798 0.9976354
vt 0.4858513 0.9784365
vt 0.3786246 0.9229379
vt 0.2940620 0.8370411
vt 0.2401063 0.7294785
vt 0.2215850 0.6106985
vt 0.2401066 0.4919186
vt 0.2940624 0.3843555
vt 0.3786248 0.2984582
vt 0.4858517 0.2429597
vt 0.6051804 0.2237607
vt 0.7245089 0.2429598
vt 0.8317356 0.2984588
vt 0.9162976 0.3843562
vt 0.9702526 0.4919193
vt 0.8465021 0.6898557
vt 0.8588159 0.6106986
vt 0.8106850 0.7614275
vt 0.7546915 0.8184400
vt 0.6838702 0.8551830
vt 0.6051798 0.8678734
vt 0.5264895 0.8551828
vt 0.4556681 0.8184399
vt 0.3996743 0.7614273
vt 0.3638571 0.6898556
vt 0.3515434 0.6106985
vt 0.3638573 0.5315412
vt 0.3996745 0.4599693
vt 0.4556684 0.4029566
vt 0.5264897 0.3662134
vt 0.6051801 0.3535228
vt 0.6838704 0.3662135
vt 0.7546917 0.4029569
vt 0.8106853 0.4599697
vt 0.8465023 0.5315419
vt 0.0025589 0.6019640
vt 0.0025589 0.5026903
vt 0.2094823 0.5026902
vt 0.2094823 0.6019639
vt 0.0025589 0.7010988
vt 0.2094823 0.7010987
vt 0.0025590 0.9977897
vt 0.0025589 0.8989787
vt 0.2094823 0.8989786
vt 0.2094824 0.9977897
vt 0.0025590 0.1040244
vt 0.0025590 0.0052310
vt 0.2094824 0.0052309
vt 0.2094824 0.1040243
vt 0.0025590 0.2028592
vt 0.2094824 0.2028590
vt 0.0025590 0.3017869
vt 0.2094824 0.3017867
vt 0.0025590 0.5000498
vt 0.0025590 0.4008449
vt 0.2094824 0.4008451
vt 0.2094824 0.5000501
vt 0.0025590 0.5993924
vt 0.2094824 0.5993924
vt 0.0025590 0.7983302
vt 0.2094824 0.7983302
vt 0.2094824 0.8978077
vt 0.0025590 0.8978077
vt 0.0025590 0.9972180
vt 0.2094824 0.9972180
vt 0.0025589 0.1048670
vt 0.0025589 0.0054611
vt 0.2094823 0.0054611
vt 0.2094823 0.1048670
vt 0.0025589 0.2043364
vt 0.2094823 0.2043366
vt 0.2094823 0.3038317
vt 0.0025589 0.3038317
vt 0.0025589 0.4033000
vt 0.2094823 0.4032999
vt 0.2984035 0.6106988
vt 0.3132488 0.7060809
vt 0.2750483 0.7182465
vt 0.2583035 0.6106988
vt 0.3564686 0.7924015
vt 0.3238307 0.8156439
vt 0.4241357 0.8612657
vt 0.4002923 0.8934323
vt 0.5098509 0.9057142
vt 0.4972592 0.9436989
vt 0.6051801 0.9210810
vt 0.6051801 0.9610899
vt 0.7005093 0.9057141
vt 0.7131010 0.9436989
vt 0.7862244 0.8612655
vt 0.8100678 0.8934322
vt 0.8538913 0.7924015
vt 0.8865293 0.8156437
vt 0.8971108 0.7060807
vt 0.9353112 0.7182464
vt 0.9119560 0.6106985
vt 0.9520559 0.6106985
vt 0.8971107 0.5153162
vt 0.9353108 0.5031506
vt 0.8538910 0.4289953
vt 0.8865288 0.4057530
vt 0.7862240 0.3601309
vt 0.8100674 0.3279642
vt 0.7005090 0.3156823
vt 0.7131006 0.2776976
vt 0.6051797 0.3003155
vt 0.6051797 0.2603067
vt 0.5098505 0.3156824
vt 0.4972588 0.2776978
vt 0.4241353 0.3601313
vt 0.4002919 0.3279648
vt 0.3564683 0.4289959
vt 0.3238303 0.4057538
vt 0.3132486 0.5153170
vt 0.2750481 0.5031514
vt 0.2401094 0.7294777
vt 0.2215881 0.6106988
vt 0.2940650 0.8370396
vt 0.3786266 0.9229357
vt 0.4858525 0.9784337
vt 0.6051801 0.9976327
vt 0.7245077 0.9784337
vt 0.8317335 0.9229354
vt 0.9162951 0.8370394
vt 0.9702500 0.7294775
vt 0.9887712 0.6106985
vt 0.9702498 0.4919196
vt 0.9162947 0.3843575
vt 0.8317332 0.2984609
vt 0.7245072 0.2429628
vt 0.6051797 0.2237640
vt 0.4858520 0.2429631
vt 0.3786261 0.2984614
vt 0.2940646 0.3843582
vt 0.2401092 0.4919204
vt 0.3515470 0.6106986
vt 0.3638606 0.6898547
vt 0.3996772 0.7614256
vt 0.4556702 0.8184375
vt 0.5264908 0.8551802
vt 0.6051801 0.8678703
vt 0.6838694 0.8551802
vt 0.7546898 0.8184374
vt 0.8106828 0.7614256
vt 0.8464992 0.6898546
vt 0.8588128 0.6106985
vt 0.8464991 0.5315423
vt 0.8106824 0.4599713
vt 0.7546895 0.4029593
vt 0.6838689 0.3662165
vt 0.6051798 0.3535261
vt 0.5264904 0.3662167
vt 0.4556699 0.4029596
vt 0.3996769 0.4599718
vt 0.3638604 0.5315430
vt 0.0025589 0.8000960
vt 0.2094823 0.8000958
vt 0.2094824 0.6988375
vt 0.0025590 0.6988375
vt 0.9984834 0.9305658
vt 0.9892982 0.9648448
vt 0.9299251 0.9305658
vt 0.9642042 0.9899389
vt 0.9299251 0.9991239
vt 0.8956461 0.9899389
vt 0.8705519 0.9648448
vt 0.8613670 0.9305658
vt 0.8705519 0.8962867
vt 0.8956461 0.8711926
vt 0.9299251 0.8620076
vt 0.9642042 0.8711925
vt 0.9892982 0.8962865
f 5669/5669 5670/5670 5671/5671
f 5671/5671 5672/5672 5669/5669
f 5669/5669 5672/5672 5675/5675
f 5675/5675 5676/5676 5669/5669
f 5671/5671 5673/5673 5674/5674
f 5674/5674 5672/5672 5671/5671
f 5671/5671 5731/5731 5673/5673
f 5675/5675 5672/5672 5674/5674
f 5675/5675 5677/5677 5678/5678
f 5674/5674 5677/5677 5675/5675
f 5681/5681 5677/5677 5683/5683
f 5681/5681 5678/5678 5677/5677
f 5679/5679 5680/5680 5681/5681
f 5681/5681 5682/5682 5679/5679
f 5683/5683 5682/5682 5681/5681
f 5684/5684 5682/5682 5683/5683
f 5683/5683 5686/5686 5684/5684
f 5679/5679 5682/5682 5684/5684
f 5684/5684 5685/5685 5679/5679
f 5684/5684 5686/5686 5687/5687
f 5701/5701 5686/5686 5702/5702
f 5701/5701 5687/5687 5686/5686
f 5688/5688 5700/5700 5701/5701
f 5701/5701 5689/5689 5688/5688
f 5702/5702 5689/5689 5701/5701
f 5690/5690 5689/5689 5702/5702
f 5702/5702 5692/5692 5690/5690
f 5688/5688 5689/5689 5690/5690
f 5690/5690 5691/5691 5688/5688
f 5690/5690 5692/5692 5693/5693
f 5704/5704 5692/5692 5705/5705
f 5704/5704 5693/5693 5692/5692
f 5694/5694 5703/5703 5704/5704
f 5704/5704 5695/5695 5694/5694
f 5705/5705 5695/5695 5704/5704
f 5696/5696 5695/5695 5705/5705
f 5705/5705 5698/5698 5696/5696
f 5694/5694 5695/5695 5696/5696
f 5696/5696 5697/5697 5694/5694
f 5696/5696 5698/5698 5699/5699
f 5708/5708 5698/5698 5710/5710
f 5708/5708 5699/5699 5698/5698
f 5706/5706 5707/5707 5708/5708
f 5708/5708 5709/5709 5706/5706
f 5710/5710 5709/5709 5708/5708
f 5711/5711 5709/5709 5710/5710
f 5710/5710 5713/5713 5711/5711
f 5706/5706 5709/5709 5711/5711
f 5711/5711 5712/5712 5706/5706
f 5711/5711 5713/5713 5714/5714
f 5717/5717 5713/5713 5719/5719
f 5717/5717 5714/5714 5713/5713
f 5715/5715 5716/5716 5717/5717
f 5717/5717 5718/5718 5715/5715
f 5719/5719 5718/5718 5717/5717
f 5720/5720 5718/5718 5719/5719
f 5719/5719 5722/5722 5720/5720
f 5715/5715 5718/5718 5720/5720
f 5720/5720 5721/5721 5715/5715
f 5720/5720 5722/5722 5723/5723
f 5726/5726 5722/5722 5728/5728
f 5726/5726 5723/5723 5722/5722
f 5724/5724 5725/5725 5726/5726
f 5726/5726 5727/5727 5724/5724
f 5728/5728 5727/5727 5726/5726
f 5729/5729 5727/5727 5728/5728
f 5728/5728 5673/5673 5729/5729
f 5724/5724 5727/5727 5729/5729
f 5729/5729 5730/5730 5724/5724
f 5729/5729 5673/5673 5731/5731
f 5732/5732 5733/5733 5734/5734
f 5746/5746 5733/5733 5732/5732
f 5734/5734 5733/5733 5735/5735
f 5735/5735 5733/5733 5736/5736
f 5736/5736 5733/5733 5737/5737
f 5737/5737 5733/5733 5738/5738
f 5738/5738 5733/5733 5739/5739
f 5739/5739 5733/5733 5740/5740
f 5740/5740 5733/5733 5741/5741
f 5741/5741 5733/5733 5742/5742
f 5742/5742 5733/5733 5743/5743
f 5743/5743 5733/5733 5744/5744
f 5744/5744 5733/5733 5745/5745
f 5745/5745 5733/5733 5746/5746
f 5747/5747 5748/5748 5749/5749
f 5749/5749 5750/5750 5747/5747
f 5751/5751 5752/5752 5753/5753
f 5753/5753 5754/5754 5751/5751
f 5843/5843 5751/5751 5754/5754
f 5754/5754 5844/5844 5843/5843
f 5755/5755 5756/5756 5757/5757
f 5757/5757 5758/5758 5755/5755
f 5759/5759 5760/5760 5761/5761
f 5761/5761 5762/5762 5759/5759
f 5760/5760 5767/5767 5768/5768
f 5768/5768 5761/5761 5760/5760
f 5763/5763 5764/5764 5765/5765
f 5765/5765 5766/5766 5763/5763
f 5769/5769 5770/5770 5771/5771
f 5771/5771 5772/5772 5769/5769
f 5773/5773 5774/5774 5775/5775
f 5775/5775 5776/5776 5773/5773
f 5774/5774 5797/5797 5798/5798
f 5798/5798 5775/5775 5774/5774
f 5777/5777 5778/5778 5779/5779
f 5779/5779 5780/5780 5777/5777
f 5781/5781 5782/5782 5783/5783
f 5783/5783 5784/5784 5781/5781
f 5782/5782 5803/5803 5804/5804
f 5804/5804 5783/5783 5782/5782
f 5785/5785 5786/5786 5787/5787
f 5787/5787 5788/5788 5785/5785
f 5789/5789 5790/5790 5791/5791
f 5791/5791 5792/5792 5789/5789
f 5790/5790 5809/5809 5810/5810
f 5810/5810 5791/5791 5790/5790
f 5793/5793 5794/5794 5795/5795
f 5795/5795 5796/5796 5793/5793
f 5799/5799 5800/5800 5801/5801
f 5801/5801 5802/5802 5799/5799
f 5805/5805 5806/5806 5807/5807
f 5807/5807 5808/5808 5805/5805
f 5811/5811 5812/5812 5813/5813
f 5813/5813 5814/5814 5811/5811
f 5815/5815 5816/5816 5817/5817
f 5817/5817 5818/5818 5815/5815
f 5816/5816 5823/5823 5824/5824
f 5824/5824 5817/5817 5816/5816
f 5819/5819 5820/5820 5821/5821
f 5821/5821 5822/5822 5819/5819
f 5825/5825 5826/5826 5827/5827
f 5827/5827 5828/5828 5825/5825
f 5829/5829 5830/5830 5831/5831
f 5831/5831 5832/5832 5829/5829
f 5830/5830 5837/5837 5838/5838
f 5838/5838 5831/5831 5830/5830
f 5833/5833 5834/5834 5835/5835
f 5835/5835 5836/5836 5833/5833
f 5839/5839 5840/5840 5841/5841
f 5841/5841 5842/5842 5839/5839
f 5845/5845 5846/5846 5847/5847
f 5847/5847 5848/5848 5845/5845
f 5885/5885 5845/5845 5848/5848
f 5846/5846 5849/5849 5850/5850
f 5850/5850 5847/5847 5846/5846
f 5849/5849 5851/5851 5852/5852
f 5852/5852 5850/5850 5849/5849
f 5851/5851 5853/5853 5854/5854
f 5854/5854 5852/5852 5851/5851
f 5853/5853 5855/5855 5856/5856
f 5856/5856 5854/5854 5853/5853
f 5855/5855 5857/5857 5858/5858
f 5858/5858 5856/5856 5855/5855
f 5857/5857 5859/5859 5860/5860
f 5860/5860 5858/5858 5857/5857
f 5859/5859 5861/5861 5862/5862
f 5862/5862 5860/5860 5859/5859
f 5861/5861 5863/5863 5864/5864
f 5864/5864 5862/5862 5861/5861
f 5863/5863 5865/5865 5866/5866
f 5866/5866 5864/5864 5863/5863
f 5865/5865 5867/5867 5868/5868
f 5868/5868 5866/5866 5865/5865
f 5867/5867 5869/5869 5870/5870
f 5870/5870 5868/5868 5867/5867
f 5869/5869 5871/5871 5872/5872
f 5872/5872 5870/5870 5869/5869
f 5871/5871 5873/5873 5874/5874
f 5874/5874 5872/5872 5871/5871
f 5873/5873 5875/5875 5876/5876
f 5876/5876 5874/5874 5873/5873
f 5848/5848 5886/5886 5885/5885
f 5883/5883 5885/5885 5886/5886
f 5886/5886 5884/5884 5883/5883
f 5881/5881 5883/5883 5884/5884
f 5884/5884 5882/5882 5881/5881
f 5878/5878 5881/5881 5882/5882
f 5882/5882 5879/5879 5878/5878
f 5877/5877 5878/5878 5879/5879
f 5879/5879 5880/5880 5877/5877
f 5887/5887 5888/5888 5889/5889
f 5889/5889 5890/5890 5887/5887
f 5927/5927 5887/5887 5890/5890
f 5888/5888 5891/5891 5892/5892
f 5892/5892 5889/5889 5888/5888
f 5891/5891 5893/5893 5894/5894
f 5894/5894 5892/5892 5891/5891
f 5893/5893 5895/5895 5896/5896
f 5896/5896 5894/5894 5893/5893
f 5895/5895 5897/5897 5898/5898
f 5898/5898 5896/5896 5895/5895
f 5897/5897 5899/5899 5900/5900
f 5900/5900 5898/5898 5897/5897
f 5899/5899 5901/5901 5902/5902
f 5902/5902 5900/5900 5899/5899
f 5901/5901 5903/5903 5904/5904
f 5904/5904 5902/5902 5901/5901
f 5903/5903 5905/5905 5906/5906
f 5906/5906 5904/5904 5903/5903
f 5905/5905 5907/5907 5908/5908
f 5908/5908 5906/5906 5905/5905
f 5907/5907 5909/5909 5910/5910
f 5910/5910 5908/5908 5907/5907
f 5909/5909 5911/5911 5912/5912
f 5912/5912 5910/5910 5909/5909
f 5911/5911 5913/5913 5914/5914
f 5914/5914 5912/5912 5911/5911
f 5913/5913 5915/5915 5916/5916
f 5916/5916 5914/5914 5913/5913
f 5915/5915 5917/5917 5918/5918
f 5918/5918 5916/5916 5915/5915
f 5890/5890 5928/5928 5927/5927
f 5925/5925 5927/5927 5928/5928
f 5928/5928 5926/5926 5925/5925
f 5923/5923 5925/5925 5926/5926
f 5926/5926 5924/5924 5923/5923
f 5920/5920 5923/5923 5924/5924
f 5924/5924 5921/5921 5920/5920
f 5919/5919 5920/5920 5921/5921
f 5921/5921 5922/5922 5919/5919
f 5929/5929 5930/5930 5931/5931
f 5931/5931 5932/5932 5929/5929
f 5969/5969 5929/5929 5932/5932
f 5930/5930 5933/5933 5934/5934
f 5934/5934 5931/5931 5930/5930
f 5933/5933 5935/5935 5936/5936
f 5936/5936 5934/5934 5933/5933
f 5935/5935 5937/5937 5938/5938
f 5938/5938 5936/5936 5935/5935
f 5937/5937 5939/5939 5940/5940
f 5940/5940 5938/5938 5937/5937
f 5939/5939 5941/5941 5942/5942
f 5942/5942 5940/5940 5939/5939
f 5941/5941 5943/5943 5944/5944
f 5944/5944 5942/5942 5941/5941
f 5943/5943 5945/5945 5946/5946
f 5946/5946 5944/5944 5943/5943
f 5945/5945 5947/5947 5948/5948
f 5948/5948 5946/5946 5945/5945
f 5947/5947 5949/5949 5950/5950
f 5950/5950 5948/5948 5947/5947
f 5949/5949 5951/5951 5952/5952
f 5952/5952 5950/5950 5949/5949
f 5951/5951 5953/5953 5954/5954
f 5954/5954 5952/5952 5951/5951
f 5953/5953 5955/5955 5956/5956
f 5956/5956 5954/5954 5953/5953
f 5955/5955 5957/5957 5958/5958
f 5958/5958 5956/5956 5955/5955
f 5957/5957 5959/5959 5960/5960
f 5960/5960 5958/5958 5957/5957
f 5932/5932 5970/5970 5969/5969
f 5967/5967 5969/5969 5970/5970
f 5970/5970 5968/5968 5967/5967
f 5965/5965 5967/5967 5968/5968
f 5968/5968 5966/5966 5965/5965
f 5962/5962 5965/5965 5966/5966
f 5966/5966 5963/5963 5962/5962
f 5961/5961 5962/5962 5963/5963
f 5963/5963 5964/5964 5961/5961
f 5971/5971 5972/5972 5973/5973
f 5973/5973 5974/5974 5971/5971
f 6011/6011 5971/5971 5974/5974
f 5972/5972 5975/5975 5976/5976
f 5976/5976 5973/5973 5972/5972
f 5975/5975 5977/5977 5978/5978
f 5978/5978 5976/5976 5975/5975
f 5977/5977 5979/5979 5980/5980
f 5980/5980 5978/5978 5977/5977
f 5979/5979 5981/5981 5982/5982
f 5982/5982 5980/5980 5979/5979
f 5981/5981 5983/5983 5984/5984
f 5984/5984 5982/5982 5981/5981
f 5983/5983 5985/5985 5986/5986
f 5986/5986 5984/5984 5983/5983
f 5985/5985 5987/5987 5988/5988
f 5988/5988 5986/5986 5985/5985
f 5987/5987 5989/5989 5990/5990
f 5990/5990 5988/5988 5987/5987
f 5989/5989 5991/5991 5992/5992
f 5992/5992 5990/5990 5989/5989
f 5991/5991 5993/5993 5994/5994
f 5994/5994 5992/5992 5991/5991
f 5993/5993 5995/5995 5996/5996
f 5996/5996 5994/5994 5993/5993
f 5995/5995 5997/5997 5998/5998
f 5998/5998 5996/5996 5995/5995
f 5997/5997 5999/5999 6000/6000
f 6000/6000 5998/5998 5997/5997
f 5999/5999 6001/6001 6002/6002
f 6002/6002 6000/6000 5999/5999
f 5974/5974 6012/6012 6011/6011
f 6009/6009 6011/6011 6012/6012
f 6012/6012 6010/6010 6009/6009
f 6007/6007 6009/6009 6010/6010
f 6010/6010 6008/6008 6007/6007
f 6004/6004 6007/6007 6008/6008
f 6008/6008 6005/6005 6004/6004
f 6003/6003 6004/6004 6005/6005
f 6005/6005 6006/6006 6003/6003
f 6013/6013 6014/6014 6015/6015
f 6015/6015 6016/6016 6013/6013
f 6014/6014 6013/6013 6017/6017
f 6054/6054 6013/6013 6016/6016
f 6013/6013 6054/6054 6055/6055
f 6055/6055 6017/6017 6013/6013
f 6016/6016 6015/6015 6052/6052
f 6052/6052 6051/6051 6016/6016
f 6016/6016 6053/6053 6054/6054
f 6053/6053 6016/6016 6051/6051
f 6051/6051 6052/6052 6050/6050
f 6050/6050 6052/6052 6092/6092
f 6074/6074 6092/6092 6052/6052
f 6052/6052 6015/6015 6074/6074
f 6050/6050 6049/6049 6051/6051
f 6072/6072 6051/6051 6049/6049
f 6051/6051 6072/6072 6053/6053
f 6049/6049 6050/6050 6048/6048
f 6048/6048 6050/6050 6091/6091
f 6092/6092 6091/6091 6050/6050
f 6048/6048 6047/6047 6049/6049
f 6071/6071 6049/6049 6047/6047
f 6049/6049 6071/6071 6072/6072
f 6047/6047 6048/6048 6046/6046
f 6046/6046 6048/6048 6090/6090
f 6091/6091 6090/6090 6048/6048
f 6046/6046 6045/6045 6047/6047
f 6070/6070 6047/6047 6045/6045
f 6047/6047 6070/6070 6071/6071
f 6045/6045 6046/6046 6044/6044
f 6044/6044 6046/6046 6089/6089
f 6090/6090 6089/6089 6046/6046
f 6044/6044 6043/6043 6045/6045
f 6069/6069 6045/6045 6043/6043
f 6045/6045 6069/6069 6070/6070
f 6043/6043 6044/6044 6042/6042
f 6042/6042 6044/6044 6088/6088
f 6089/6089 6088/6088 6044/6044
f 6042/6042 6041/6041 6043/6043
f 6068/6068 6043/6043 6041/6041
f 6043/6043 6068/6068 6069/6069
f 6041/6041 6042/6042 6040/6040
f 6040/6040 6042/6042 6087/6087
f 6088/6088 6087/6087 6042/6042
f 6040/6040 6039/6039 6041/6041
f 6067/6067 6041/6041 6039/6039
f 6041/6041 6067/6067 6068/6068
f 6039/6039 6040/6040 6038/6038
f 6038/6038 6040/6040 6086/6086
f 6087/6087 6086/6086 6040/6040
f 6038/6038 6037/6037 6039/6039
f 6066/6066 6039/6039 6037/6037
f 6039/6039 6066/6066 6067/6067
f 6037/6037 6038/6038 6036/6036
f 6036/6036 6038/6038 6085/6085
f 6086/6086 6085/6085 6038/6038
f 6036/6036 6035/6035 6037/6037
f 6065/6065 6037/6037 6035/6035
f 6037/6037 6065/6065 6066/6066
f 6035/6035 6036/6036 6034/6034
f 6034/6034 6036/6036 6084/6084
f 6085/6085 6084/6084 6036/6036
f 6034/6034 6033/6033 6035/6035
f 6064/6064 6035/6035 6033/6033
f 6035/6035 6064/6064 6065/6065
f 6033/6033 6034/6034 6032/6032
f 6032/6032 6034/6034 6083/6083
f 6084/6084 6083/6083 6034/6034
f 6032/6032 6031/6031 6033/6033
f 6063/6063 6033/6033 6031/6031
f 6033/6033 6063/6063 6064/6064
f 6031/6031 6032/6032 6030/6030
f 6030/6030 6032/6032 6082/6082
f 6083/6083 6082/6082 6032/6032
f 6030/6030 6029/6029 6031/6031
f 6062/6062 6031/6031 6029/6029
f 6031/6031 6062/6062 6063/6063
f 6029/6029 6030/6030 6028/6028
f 6028/6028 6030/6030 6081/6081
f 6082/6082 6081/6081 6030/6030
f 6028/6028 6027/6027 6029/6029
f 6061/6061 6029/6029 6027/6027
f 6029/6029 6061/6061 6062/6062
f 6027/6027 6028/6028 6026/6026
f 6026/6026 6028/6028 6080/6080
f 6081/6081 6080/6080 6028/6028
f 6026/6026 6025/6025 6027/6027
f 6060/6060 6027/6027 6025/6025
f 6027/6027 6060/6060 6061/6061
f 6025/6025 6026/6026 6024/6024
f 6024/6024 6026/6026 6079/6079
f 6080/6080 6079/6079 6026/6026
f 6024/6024 6023/6023 6025/6025
f 6059/6059 6025/6025 6023/6023
f 6025/6025 6059/6059 6060/6060
f 6023/6023 6024/6024 6022/6022
f 6022/6022 6024/6024 6078/6078
f 6079/6079 6078/6078 6024/6024
f 6022/6022 6021/6021 6023/6023
f 6058/6058 6023/6023 6021/6021
f 6023/6023 6058/6058 6059/6059
f 6021/6021 6022/6022 6020/6020
f 6020/6020 6022/6022 6077/6077
f 6078/6078 6077/6077 6022/6022
f 6020/6020 6019/6019 6021/6021
f 6057/6057 6021/6021 6019/6019
f 6021/6021 6057/6057 6058/6058
f 6019/6019 6020/6020 6018/6018
f 6018/6018 6020/6020 6076/6076
f 6077/6077 6076/6076 6020/6020
f 6018/6018 6017/6017 6019/6019
f 6056/6056 6019/6019 6017/6017
f 6019/6019 6056/6056 6057/6057
f 6017/6017 6018/6018 6014/6014
f 6014/6014 6018/6018 6075/6075
f 6076/6076 6075/6075 6018/6018
f 6017/6017 6055/6055 6056/6056
f 6075/6075 6073/6073 6014/6014
f 6015/6015 6014/6014 6073/6073
f 6073/6073 6074/6074 6015/6015
f 6093/6093 6094/6094 6095/6095
f 6095/6095 6096/6096 6093/6093
f 6097/6097 6093/6093 6096/6096
f 6095/6095 6094/6094 6131/6131
f 6131/6131 6132/6132 6095/6095
f 6131/6131 6130/6130 6129/6129
f 6129/6129 6132/6132 6131/6131
f 6129/6129 6130/6130 6127/6127
f 6127/6127 6128/6128 6129/6129
f 6127/6127 6123/6123 6126/6126
f 6126/6126 6128/6128 6127/6127
f 6123/6123 6124/6124 6125/6125
f 6125/6125 6126/6126 6123/6123
f 6096/6096 6098/6098 6097/6097
f 6213/6213 6097/6097 6098/6098
f 6098/6098 6214/6214 6213/6213
f 6213/6213 6214/6214 6101/6101
f 6101/6101 6100/6100 6213/6213
f 6099/6099 6100/6100 6101/6101
f 6101/6101 6102/6102 6099/6099
f 6103/6103 6104/6104 6105/6105
f 6105/6105 6106/6106 6103/6103
f 6107/6107 6103/6103 6106/6106
f 6106/6106 6108/6108 6107/6107
f 6109/6109 6107/6107 6108/6108
f 6108/6108 6110/6110 6109/6109
f 6109/6109 6110/6110 6113/6113
f 6113/6113 6112/6112 6109/6109
f 6111/6111 6112/6112 6113/6113
f 6113/6113 6114/6114 6111/6111
f 6115/6115 6111/6111 6114/6114
f 6114/6114 6116/6116 6115/6115
f 6115/6115 6116/6116 6215/6215
f 6215/6215 6216/6216 6115/6115
f 6216/6216 6215/6215 6118/6118
f 6118/6118 6117/6117 6216/6216
f 6117/6117 6118/6118 6119/6119
f 6119/6119 6120/6120 6117/6117
f 6121/6121 6120/6120 6119/6119
f 6119/6119 6122/6122 6121/6121
f 6133/6133 6134/6134 6135/6135
f 6135/6135 6136/6136 6133/6133
f 6171/6171 6133/6133 6136/6136
f 6133/6133 6193/6193 6194/6194
f 6194/6194 6134/6134 6133/6133
f 6193/6193 6133/6133 6171/6171
f 6136/6136 6172/6172 6171/6171
f 6136/6136 6135/6135 6173/6173
f 6173/6173 6174/6174 6136/6136
f 6172/6172 6136/6136 6174/6174
f 6169/6169 6171/6171 6172/6172
f 6212/6212 6171/6171 6169/6169
f 6171/6171 6212/6212 6193/6193
f 6172/6172 6170/6170 6169/6169
f 6170/6170 6172/6172 6192/6192
f 6174/6174 6192/6192 6172/6172
f 6167/6167 6169/6169 6170/6170
f 6211/6211 6169/6169 6167/6167
f 6169/6169 6211/6211 6212/6212
f 6170/6170 6168/6168 6167/6167
f 6168/6168 6170/6170 6191/6191
f 6192/6192 6191/6191 6170/6170
f 6165/6165 6167/6167 6168/6168
f 6210/6210 6167/6167 6165/6165
f 6167/6167 6210/6210 6211/6211
f 6168/6168 6166/6166 6165/6165
f 6166/6166 6168/6168 6190/6190
f 6191/6191 6190/6190 6168/6168
f 6163/6163 6165/6165 6166/6166
f 6209/6209 6165/6165 6163/6163
f 6165/6165 6209/6209 6210/6210
f 6166/6166 6164/6164 6163/6163
f 6164/6164 6166/6166 6189/6189
f 6190/6190 6189/6189 6166/6166
f 6161/6161 6163/6163 6164/6164
f 6208/6208 6163/6163 6161/6161
f 6163/6163 6208/6208 6209/6209
f 6164/6164 6162/6162 6161/6161
f 6162/6162 6164/6164 6188/6188
f 6189/6189 6188/6188 6164/6164
f 6159/6159 6161/6161 6162/6162
f 6207/6207 6161/6161 6159/6159
f 6161/6161 6207/6207 6208/6208
f 6162/6162 6160/6160 6159/6159
f 6160/6160 6162/6162 6187/6187
f 6188/6188 6187/6187 6162/6162
f 6157/6157 6159/6159 6160/6160
f 6206/6206 6159/6159 6157/6157
f 6159/6159 6206/6206 6207/6207
f 6160/6160 6158/6158 6157/6157
f 6158/6158 6160/6160 6186/6186
f 6187/6187 6186/6186 6160/6160
f 6155/6155 6157/6157 6158/6158
f 6205/6205 6157/6157 6155/6155
f 6157/6157 6205/6205 6206/6206
f 6158/6158 6156/6156 6155/6155
f 6156/6156 6158/6158 6185/6185
f 6186/6186 6185/6185 6158/6158
f 6153/6153 6155/6155 6156/6156
f 6204/6204 6155/6155 6153/6153
f 6155/6155 6204/6204 6205/6205
f 6156/6156 6154/6154 6153/6153
f 6154/6154 6156/6156 6184/6184
f 6185/6185 6184/6184 6156/6156
f 6151/6151 6153/6153 6154/6154
f 6203/6203 6153/6153 6151/6151
f 6153/6153 6203/6203 6204/6204
f 6154/6154 6152/6152 6151/6151
f 6152/6152 6154/6154 6183/6183
f 6184/6184 6183/6183 6154/6154
f 6149/6149 6151/6151 6152/6152
f 6202/6202 6151/6151 6149/6149
f 6151/6151 6202/6202 6203/6203
f 6152/6152 6150/6150 6149/6149
f 6150/6150 6152/6152 6182/6182
f 6183/6183 6182/6182 6152/6152
f 6147/6147 6149/6149 6150/6150
f 6201/6201 6149/6149 6147/6147
f 6149/6149 6201/6201 6202/6202
f 6150/6150 6148/6148 6147/6147
f 6148/6148 6150/6150 6181/6181
f 6182/6182 6181/6181 6150/6150
f 6145/6145 6147/6147 6148/6148
f 6200/6200 6147/6147 6145/6145
f 6147/6147 6200/6200 6201/6201
f 6148/6148 6146/6146 6145/6145
f 6146/6146 6148/6148 6180/6180
f 6181/6181 6180/6180 6148/6148
f 6143/6143 6145/6145 6146/6146
f 6199/6199 6145/6145 6143/6143
f 6145/6145 6199/6199 6200/6200
f 6146/6146 6144/6144 6143/6143
f 6144/6144 6146/6146 6179/6179
f 6180/6180 6179/6179 6146/6146
f 6141/6141 6143/6143 6144/6144
f 6198/6198 6143/6143 6141/6141
f 6143/6143 6198/6198 6199/6199
f 6144/6144 6142/6142 6141/6141
f 6142/6142 6144/6144 6178/6178
f 6179/6179 6178/6178 6144/6144
f 6139/6139 6141/6141 6142/6142
f 6197/6197 6141/6141 6139/6139
f 6141/6141 6197/6197 6198/6198
f 6142/6142 6140/6140 6139/6139
f 6140/6140 6142/6142 6177/6177
f 6178/6178 6177/6177 6142/6142
f 6137/6137 6139/6139 6140/6140
f 6196/6196 6139/6139 6137/6137
f 6139/6139 6196/6196 6197/6197
f 6140/6140 6138/6138 6137/6137
f 6138/6138 6140/6140 6176/6176
f 6177/6177 6176/6176 6140/6140
f 6134/6134 6137/6137 6138/6138
f 6195/6195 6137/6137 6134/6134
f 6137/6137 6195/6195 6196/6196
f 6138/6138 6135/6135 6134/6134
f 6135/6135 6138/6138 6175/6175
f 6176/6176 6175/6175 6138/6138
f 6134/6134 6194/6194 6195/6195
f 6175/6175 6173/6173 6135/6135
f 6217/6217 6218/6218 6219/6219
f 6229/6229 6217/6217 6219/6219
f 6218/6218 6220/6220 6219/6219
f 6220/6220 6221/6221 6219/6219
f 6221/6221 6222/6222 6219/6219
f 6222/6222 6223/6223 6219/6219
f 6223/6223 6224/6224 6219/6219
f 6224/6224 6225/6225 6219/6219
f 6225/6225 6226/6226 6219/6219
f 6226/6226 6227/6227 6219/6219
f 6227/6227 6228/6228 6219/6219
f 6228/6228 6229/6229 6219/6219
f 6230/6230 6231/6231 6232/6232
f 6232/6232 6233/6233 6230/6230
f 6230/6230 6233/6233 6236/6236
f 6236/6236 6237/6237 6230/6230
f 6232/6232 6234/6234 6235/6235
f 6235/6235 6233/6233 6232/6232
f 6232/6232 6292/6292 6234/6234
f 6236/6236 6233/6233 6235/6235
f 6236/6236 6238/6238 6239/6239
f 6235/6235 6238/6238 6236/6236
f 6242/6242 6238/6238 6244/6244
f 6242/6242 6239/6239 6238/6238
f 6240/6240 6241/6241 6242/6242
f 6242/6242 6243/6243 6240/6240
f 6244/6244 6243/6243 6242/6242
f 6245/6245 6243/6243 6244/6244
f 6244/6244 6247/6247 6245/6245
f 6240/6240 6243/6243 6245/6245
f 6245/6245 6246/6246 6240/6240
f 6245/6245 6247/6247 6248/6248
f 6262/6262 6247/6247 6263/6263
f 6262/6262 6248/6248 6247/6247
f 6249/6249 6261/6261 6262/6262
f 6262/6262 6250/6250 6249/6249
f 6263/6263 6250/6250 6262/6262
f 6251/6251 6250/6250 6263/6263
f 6263/6263 6253/6253 6251/6251
f 6249/6249 6250/6250 6251/6251
f 6251/6251 6252/6252 6249/6249
f 6251/6251 6253/6253 6254/6254
f 6265/6265 6253/6253 6266/6266
f 6265/6265 6254/6254 6253/6253
f 6255/6255 6264/6264 6265/6265
f 6265/6265 6256/6256 6255/6255
f 6266/6266 6256/6256 6265/6265
f 6257/6257 6256/6256 6266/6266
f 6266/6266 6259/6259 6257/6257
f 6255/6255 6256/6256 6257/6257
f 6257/6257 6258/6258 6255/6255
f 6257/6257 6259/6259 6260/6260
f 6269/6269 6259/6259 6271/6271
f 6269/6269 6260/6260 6259/6259
f 6267/6267 6268/6268 6269/6269
f 6269/6269 6270/6270 6267/6267
f 6271/6271 6270/6270 6269/6269
f 6272/6272 6270/6270 6271/6271
f 6271/6271 6274/6274 6272/6272
f 6267/6267 6270/6270 6272/6272
f 6272/6272 6273/6273 6267/6267
f 6272/6272 6274/6274 6275/6275
f 6278/6278 6274/6274 6280/6280
f 6278/6278 6275/6275 6274/6274
f 6276/6276 6277/6277 6278/6278
f 6278/6278 6279/6279 6276/6276
f 6280/6280 6279/6279 6278/6278
f 6281/6281 6279/6279 6280/6280
f 6280/6280 6283/6283 6281/6281
f 6276/6276 6279/6279 6281/6281
f 6281/6281 6282/6282 6276/6276
f 6281/6281 6283/6283 6284/6284
f 6287/6287 6283/6283 6289/6289
f 6287/6287 6284/6284 6283/6283
f 6285/6285 6286/6286 6287/6287
f 6287/6287 6288/6288 6285/6285
f 6289/6289 6288/6288 6287/6287
f 6290/6290 6288/6288 6289/6289
f 6289/6289 6234/6234 6290/6290
f 6285/6285 6288/6288 6290/6290
f 6290/6290 6291/6291 6285/6285
f 6290/6290 6234/6234 6292/6292
f 6293/6293 6294/6294 6295/6295
f 6307/6307 6294/6294 6293/6293
f 6295/6295 6294/6294 6296/6296
f 6296/6296 6294/6294 6297/6297
f 6297/6297 6294/6294 6298/6298
f 6298/6298 6294/6294 6299/6299
f 6299/6299 6294/6294 6300/6300
f 6300/6300 6294/6294 6301/6301
f 6301/6301 6294/6294 6302/6302
f 6302/6302 6294/6294 6303/6303
f 6303/6303 6294/6294 6304/6304
f 6304/6304 6294/6294 6305/6305
f 6305/6305 6294/6294 6306/6306
f 6306/6306 6294/6294 6307/6307
f 6308/6308 6309/6309 6310/6310
f 6310/6310 6311/6311 6308/6308
f 6312/6312 6313/6313 6314/6314
f 6314/6314 6315/6315 6312/6312
f 6404/6404 6312/6312 6315/6315
f 6315/6315 6405/6405 6404/6404
f 6316/6316 6317/6317 6318/6318
f 6318/6318 6319/6319 6316/6316
f 6320/6320 6321/6321 6322/6322
f 6322/6322 6323/6323 6320/6320
f 6321/6321 6328/6328 6329/6329
f 6329/6329 6322/6322 6321/6321
f 6324/6324 6325/6325 6326/6326
f 6326/6326 6327/6327 6324/6324
f 6330/6330 6331/6331 6332/6332
f 6332/6332 6333/6333 6330/6330
f 6334/6334 6335/6335 6336/6336
f 6336/6336 6337/6337 6334/6334
f 6335/6335 6358/6358 6359/6359
f 6359/6359 6336/6336 6335/6335
f 6338/6338 6339/6339 6340/6340
f 6340/6340 6341/6341 6338/6338
f 6342/6342 6343/6343 6344/6344
f 6344/6344 6345/6345 6342/6342
f 6343/6343 6364/6364 6365/6365
f 6365/6365 6344/6344 6343/6343
f 6346/6346 6347/6347 6348/6348
f 6348/6348 6349/6349 6346/6346
f 6350/6350 6351/6351 6352/6352
f 6352/6352 6353/6353 6350/6350
f 6351/6351 6370/6370 6371/6371
f 6371/6371 6352/6352 6351/6351
f 6354/6354 6355/6355 6356/6356
f 6356/6356 6357/6357 6354/6354
f 6360/6360 6361/6361 6362/6362
f 6362/6362 6363/6363 6360/6360
f 6366/6366 6367/6367 6368/6368
f 6368/6368 6369/6369 6366/6366
f 6372/6372 6373/6373 6374/6374
f 6374/6374 6375/6375 6372/6372
f 6376/6376 6377/6377 6378/6378
f 6378/6378 6379/6379 6376/6376
f 6377/6377 6384/6384 6385/6385
f 6385/6385 6378/6378 6377/6377
f 6380/6380 6381/6381 6382/6382
f 6382/6382 6383/6383 6380/6380
f 6386/6386 6387/6387 6388/6388
f 6388/6388 6389/6389 6386/6386
f 6390/6390 6391/6391 6392/6392
f 6392/6392 6393/6393 6390/6390
f 6391/6391 6398/6398 6399/6399
f 6399/6399 6392/6392 6391/6391
f 6394/6394 6395/6395 6396/6396
f 6396/6396 6397/6397 6394/6394
f 6400/6400 6401/6401 6402/6402
f 6402/6402 6403/6403 6400/6400
f 6406/6406 6407/6407 6408/6408
f 6408/6408 6409/6409 6406/6406
f 6446/6446 6406/6406 6409/6409
f 6407/6407 6410/6410 6411/6411
f 6411/6411 6408/6408 6407/6407
f 6410/6410 6412/6412 6413/6413
f 6413/6413 6411/6411 6410/6410
f 6412/6412 6414/6414 6415/6415
f 6415/6415 6413/6413 6412/6412
f 6414/6414 6416/6416 6417/6417
f 6417/6417 6415/6415 6414/6414
f 6416/6416 6418/6418 6419/6419
f 6419/6419 6417/6417 6416/6416
f 6418/6418 6420/6420 6421/6421
f 6421/6421 6419/6419 6418/6418
f 6420/6420 6422/6422 6423/6423
f 6423/6423 6421/6421 6420/6420
f 6422/6422 6424/6424 6425/6425
f 6425/6425 6423/6423 6422/6422
f 6424/6424 6426/6426 6427/6427
f 6427/6427 6425/6425 6424/6424
f 6426/6426 6428/6428 6429/6429
f 6429/6429 6427/6427 6426/6426
f 6428/6428 6430/6430 6431/6431
f 6431/6431 6429/6429 6428/6428
f 6430/6430 6432/6432 6433/6433
f 6433/6433 6431/6431 6430/6430
f 6432/6432 6434/6434 6435/6435
f 6435/6435 6433/6433 6432/6432
f 6434/6434 6436/6436 6437/6437
f 6437/6437 6435/6435 6434/6434
f 6409/6409 6447/6447 6446/6446
f 6444/6444 6446/6446 6447/6447
f 6447/6447 6445/6445 6444/6444
f 6442/6442 6444/6444 6445/6445
f 6445/6445 6443/6443 6442/6442
f 6439/6439 6442/6442 6443/6443
f 6443/6443 6440/6440 6439/6439
f 6438/6438 6439/6439 6440/6440
f 6440/6440 6441/6441 6438/6438
f 6448/6448 6449/6449 6450/6450
f 6450/6450 6451/6451 6448/6448
f 6488/6488 6448/6448 6451/6451
f 6449/6449 6452/6452 6453/6453
f 6453/6453 6450/6450 6449/6449
f 6452/6452 6454/6454 6455/6455
f 6455/6455 6453/6453 6452/6452
f 6454/6454 6456/6456 6457/6457
f 6457/6457 6455/6455 6454/6454
f 6456/6456 6458/6458 6459/6459
f 6459/6459 6457/6457 6456/6456
f 6458/6458 6460/6460 6461/6461
f 6461/6461 6459/6459 6458/6458
f 6460/6460 6462/6462 6463/6463
f 6463/6463 6461/6461 6460/6460
f 6462/6462 6464/6464 6465/6465
f 6465/6465 6463/6463 6462/6462
f 6464/6464 6466/6466 6467/6467
f 6467/6467 6465/6465 6464/6464
f 6466/6466 6468/6468 6469/6469
f 6469/6469 6467/6467 6466/6466
f 6468/6468 6470/6470 6471/6471
f 6471/6471 6469/6469 6468/6468
f 6470/6470 6472/6472 6473/6473
f 6473/6473 6471/6471 6470/6470
f 6472/6472 6474/6474 6475/6475
f 6475/6475 6473/6473 6472/6472
f 6474/6474 6476/6476 6477/6477
f 6477/6477 6475/6475 6474/6474
f 6476/6476 6478/6478 6479/6479
f 6479/6479 6477/6477 6476/6476
f 6451/6451 6489/6489 6488/6488
f 6486/6486 6488/6488 6489/6489
f 6489/6489 6487/6487 6486/6486
f 6484/6484 6486/6486 6487/6487
f 6487/6487 6485/6485 6484/6484
f 6481/6481 6484/6484 6485/6485
f 6485/6485 6482/6482 6481/6481
f 6480/6480 6481/6481 6482/6482
f 6482/6482 6483/6483 6480/6480
f 6490/6490 6491/6491 6492/6492
f 6492/6492 6493/6493 6490/6490
f 6530/6530 6490/6490 6493/6493
f 6491/6491 6494/6494 6495/6495
f 6495/6495 6492/6492 6491/6491
f 6494/6494 6496/6496 6497/6497
f 6497/6497 6495/6495 6494/6494
f 6496/6496 6498/6498 6499/6499
f 6499/6499 6497/6497 6496/6496
f 6498/6498 6500/6500 6501/6501
f 6501/6501 6499/6499 6498/6498
f 6500/6500 6502/6502 6503/6503
f 6503/6503 6501/6501 6500/6500
f 6502/6502 6504/6504 6505/6505
f 6505/6505 6503/6503 6502/6502
f 6504/6504 6506/6506 6507/6507
f 6507/6507 6505/6505 6504/6504
f 6506/6506 6508/6508 6509/6509
f 6509/6509 6507/6507 6506/6506
f 6508/6508 6510/6510 6511/6511
f 6511/6511 6509/6509 6508/6508
f 6510/6510 6512/6512 6513/6513
f 6513/6513 6511/6511 6510/6510
f 6512/6512 6514/6514 6515/6515
f 6515/6515 6513/6513 6512/6512
f 6514/6514 6516/6516 6517/6517
f 6517/6517 6515/6515 6514/6514
f 6516/6516 6518/6518 6519/6519
f 6519/6519 6517/6517 6516/6516
f 6518/6518 6520/6520 6521/6521
f 6521/6521 6519/6519 6518/6518
f 6493/6493 6531/6531 6530/6530
f 6528/6528 6530/6530 6531/6531
f 6531/6531 6529/6529 6528/6528
f 6526/6526 6528/6528 6529/6529
f 6529/6529 6527/6527 6526/6526
f 6523/6523 6526/6526 6527/6527
f 6527/6527 6524/6524 6523/6523
f 6522/6522 6523/6523 6524/6524
f 6524/6524 6525/6525 6522/6522
f 6532/6532 6533/6533 6534/6534
f 6534/6534 6535/6535 6532/6532
f 6572/6572 6532/6532 6535/6535
f 6533/6533 6536/6536 6537/6537
f 6537/6537 6534/6534 6533/6533
f 6536/6536 6538/6538 6539/6539
f 6539/6539 6537/6537 6536/6536
f 6538/6538 6540/6540 6541/6541
f 6541/6541 6539/6539 6538/6538
f 6540/6540 6542/6542 6543/6543
f 6543/6543 6541/6541 6540/6540
f 6542/6542 6544/6544 6545/6545
f 6545/6545 6543/6543 6542/6542
f 6544/6544 6546/6546 6547/6547
f 6547/6547 6545/6545 6544/6544
f 6546/6546 6548/6548 6549/6549
f 6549/6549 6547/6547 6546/6546
f 6548/6548 6550/6550 6551/6551
f 6551/6551 6549/6549 6548/6548
f 6550/6550 6552/6552 6553/6553
f 6553/6553 6551/6551 6550/6550
f 6552/6552 6554/6554 6555/6555
f 6555/6555 6553/6553 6552/6552
f 6554/6554 6556/6556 6557/6557
f 6557/6557 6555/6555 6554/6554
f 6556/6556 6558/6558 6559/6559
f 6559/6559 6557/6557 6556/6556
f 6558/6558 6560/6560 6561/6561
f 6561/6561 6559/6559 6558/6558
f 6560/6560 6562/6562 6563/6563
f 6563/6563 6561/6561 6560/6560
f 6535/6535 6573/6573 6572/6572
f 6570/6570 6572/6572 6573/6573
f 6573/6573 6571/6571 6570/6570
f 6568/6568 6570/6570 6571/6571
f 6571/6571 6569/6569 6568/6568
f 6565/6565 6568/6568 6569/6569
f 6569/6569 6566/6566 6565/6565
f 6564/6564 6565/6565 6566/6566
f 6566/6566 6567/6567 6564/6564
f 6574/6574 6575/6575 6576/6576
f 6576/6576 6577/6577 6574/6574
f 6575/6575 6574/6574 6578/6578
f 6615/6615 6574/6574 6577/6577
f 6574/6574 6615/6615 6616/6616
f 6616/6616 6578/6578 6574/6574
f 6577/6577 6576/6576 6613/6613
f 6613/6613 6612/6612 6577/6577
f 6577/6577 6614/6614 6615/6615
f 6614/6614 6577/6577 6612/6612
f 6612/6612 6613/6613 6611/6611
f 6611/6611 6613/6613 6653/6653
f 6635/6635 6653/6653 6613/6613
f 6613/6613 6576/6576 6635/6635
f 6611/6611 6610/6610 6612/6612
f 6633/6633 6612/6612 6610/6610
f 6612/6612 6633/6633 6614/6614
f 6610/6610 6611/6611 6609/6609
f 6609/6609 6611/6611 6652/6652
f 6653/6653 6652/6652 6611/6611
f 6609/6609 6608/6608 6610/6610
f 6632/6632 6610/6610 6608/6608
f 6610/6610 6632/6632 6633/6633
f 6608/6608 6609/6609 6607/6607
f 6607/6607 6609/6609 6651/6651
f 6652/6652 6651/6651 6609/6609
f 6607/6607 6606/6606 6608/6608
f 6631/6631 6608/6608 6606/6606
f 6608/6608 6631/6631 6632/6632
f 6606/6606 6607/6607 6605/6605
f 6605/6605 6607/6607 6650/6650
f 6651/6651 6650/6650 6607/6607
f 6605/6605 6604/6604 6606/6606
f 6630/6630 6606/6606 6604/6604
f 6606/6606 6630/6630 6631/6631
f 6604/6604 6605/6605 6603/6603
f 6603/6603 6605/6605 6649/6649
f 6650/6650 6649/6649 6605/6605
f 6603/6603 6602/6602 6604/6604
f 6629/6629 6604/6604 6602/6602
f 6604/6604 6629/6629 6630/6630
f 6602/6602 6603/6603 6601/6601
f 6601/6601 6603/6603 6648/6648
f 6649/6649 6648/6648 6603/6603
f 6601/6601 6600/6600 6602/6602
f 6628/6628 6602/6602 6600/6600
f 6602/6602 6628/6628 6629/6629
f 6600/6600 6601/6601 6599/6599
f 6599/6599 6601/6601 6647/6647
f 6648/6648 6647/6647 6601/6601
f 6599/6599 6598/6598 6600/6600
f 6627/6627 6600/6600 6598/6598
f 6600/6600 6627/6627 6628/6628
f 6598/6598 6599/6599 6597/6597
f 6597/6597 6599/6599 6646/6646
f 6647/6647 6646/6646 6599/6599
f 6597/6597 6596/6596 6598/6598
f 6626/6626 6598/6598 6596/6596
f 6598/6598 6626/6626 6627/6627
f 6596/6596 6597/6597 6595/6595
f 6595/6595 6597/6597 6645/6645
f 6646/6646 6645/6645 6597/6597
f 6595/6595 6594/6594 6596/6596
f 6625/6625 6596/6596 6594/6594
f 6596/6596 6625/6625 6626/6626
f 6594/6594 6595/6595 6593/6593
f 6593/6593 6595/6595 6644/6644
f 6645/6645 6644/6644 6595/6595
f 6593/6593 6592/6592 6594/6594
f 6624/6624 6594/6594 6592/6592
f 6594/6594 6624/6624 6625/6625
f 6592/6592 6593/6593 6591/6591
f 6591/6591 6593/6593 6643/6643
f 6644/6644 6643/6643 6593/6593
f 6591/6591 6590/6590 6592/6592
f 6623/6623 6592/6592 6590/6590
f 6592/6592 6623/6623 6624/6624
f 6590/6590 6591/6591 6589/6589
f 6589/6589 6591/6591 6642/6642
f 6643/6643 6642/6642 6591/6591
f 6589/6589 6588/6588 6590/6590
f 6622/6622 6590/6590 6588/6588
f 6590/6590 6622/6622 6623/6623
f 6588/6588 6589/6589 6587/6587
f 6587/6587 6589/6589 6641/6641
f 6642/6642 6641/6641 6589/6589
f 6587/6587 6586/6586 6588/6588
f 6621/6621 6588/6588 6586/6586
f 6588/6588 6621/6621 6622/6622
f 6586/6586 6587/6587 6585/6585
f 6585/6585 6587/6587 6640/6640
f 6641/6641 6640/6640 6587/6587
f 6585/6585 6584/6584 6586/6586
f 6620/6620 6586/6586 6584/6584
f 6586/6586 6620/6620 6621/6621
f 6584/6584 6585/6585 6583/6583
f 6583/6583 6585/6585 6639/6639
f 6640/6640 6639/6639 6585/6585
f 6583/6583 6582/6582 6584/6584
f 6619/6619 6584/6584 6582/6582
f 6584/6584 6619/6619 6620/6620
f 6582/6582 6583/6583 6581/6581
f 6581/6581 6583/6583 6638/6638
f 6639/6639 6638/6638 6583/6583
f 6581/6581 6580/6580 6582/6582
f 6618/6618 6582/6582 6580/6580
f 6582/6582 6618/6618 6619/6619
f 6580/6580 6581/6581 6579/6579
f 6579/6579 6581/6581 6637/6637
f 6638/6638 6637/6637 6581/6581
f 6579/6579 6578/6578 6580/6580
f 6617/6617 6580/6580 6578/6578
f 6580/6580 6617/6617 6618/6618
f 6578/6578 6579/6579 6575/6575
f 6575/6575 6579/6579 6636/6636
f 6637/6637 6636/6636 6579/6579
f 6578/6578 6616/6616 6617/6617
f 6636/6636 6634/6634 6575/6575
f 6576/6576 6575/6575 6634/6634
f 6634/6634 6635/6635 6576/6576
f 6654/6654 6655/6655 6656/6656
f 6656/6656 6657/6657 6654/6654
f 6658/6658 6654/6654 6657/6657
f 6656/6656 6655/6655 6692/6692
f 6692/6692 6693/6693 6656/6656
f 6692/6692 6691/6691 6690/6690
f 6690/6690 6693/6693 6692/6692
f 6690/6690 6691/6691 6688/6688
f 6688/6688 6689/6689 6690/6690
f 6688/6688 6684/6684 6687/6687
f 6687/6687 6689/6689 6688/6688
f 6684/6684 6685/6685 6686/6686
f 6686/6686 6687/6687 6684/6684
f 6657/6657 6659/6659 6658/6658
f 6774/6774 6658/6658 6659/6659
f 6659/6659 6775/6775 6774/6774
f 6774/6774 6775/6775 6662/6662
f 6662/6662 6661/6661 6774/6774
f 6660/6660 6661/6661 6662/6662
f 6662/6662 6663/6663 6660/6660
f 6664/6664 6665/6665 6666/6666
f 6666/6666 6667/6667 6664/6664
f 6668/6668 6664/6664 6667/6667
f 6667/6667 6669/6669 6668/6668
f 6670/6670 6668/6668 6669/6669
f 6669/6669 6671/6671 6670/6670
f 6670/6670 6671/6671 6674/6674
f 6674/6674 6673/6673 6670/6670
f 6672/6672 6673/6673 6674/6674
f 6674/6674 6675/6675 6672/6672
f 6676/6676 6672/6672 6675/6675
f 6675/6675 6677/6677 6676/6676
f 6676/6676 6677/6677 6776/6776
f 6776/6776 6777/6777 6676/6676
f 6777/6777 6776/6776 6679/6679
f 6679/6679 6678/6678 6777/6777
f 6678/6678 6679/6679 6680/6680
f 6680/6680 6681/6681 6678/6678
f 6682/6682 6681/6681 6680/6680
f 6680/6680 6683/6683 6682/6682
f 6694/6694 6695/6695 6696/6696
f 6696/6696 6697/6697 6694/6694
f 6732/6732 6694/6694 6697/6697
f 6694/6694 6754/6754 6755/6755
f 6755/6755 6695/6695 6694/6694
f 6754/6754 6694/6694 6732/6732
f 6697/6697 6733/6733 6732/6732
f 6697/6697 6696/6696 6734/6734
f 6734/6734 6735/6735 6697/6697
f 6733/6733 6697/6697 6735/6735
f 6730/6730 6732/6732 6733/6733
f 6773/6773 6732/6732 6730/6730
f 6732/6732 6773/6773 6754/6754
f 6733/6733 6731/6731 6730/6730
f 6731/6731 6733/6733 6753/6753
f 6735/6735 6753/6753 6733/6733
f 6728/6728 6730/6730 6731/6731
f 6772/6772 6730/6730 6728/6728
f 6730/6730 6772/6772 6773/6773
f 6731/6731 6729/6729 6728/6728
f 6729/6729 6731/6731 6752/6752
f 6753/6753 6752/6752 6731/6731
f 6726/6726 6728/6728 6729/6729
f 6771/6771 6728/6728 6726/6726
f 6728/6728 6771/6771 6772/6772
f 6729/6729 6727/6727 6726/6726
f 6727/6727 6729/6729 6751/6751
f 6752/6752 6751/6751 6729/6729
f 6724/6724 6726/6726 6727/6727
f 6770/6770 6726/6726 6724/6724
f 6726/6726 6770/6770 6771/6771
f 6727/6727 6725/6725 6724/6724
f 6725/6725 6727/6727 6750/6750
f 6751/6751 6750/6750 6727/6727
f 6722/6722 6724/6724 6725/6725
f 6769/6769 6724/6724 6722/6722
f 6724/6724 6769/6769 6770/6770
f 6725/6725 6723/6723 6722/6722
f 6723/6723 6725/6725 6749/6749
f 6750/6750 6749/6749 6725/6725
f 6720/6720 6722/6722 6723/6723
f 6768/6768 6722/6722 6720/6720
f 6722/6722 6768/6768 6769/6769
f 6723/6723 6721/6721 6720/6720
f 6721/6721 6723/6723 6748/6748
f 6749/6749 6748/6748 6723/6723
f 6718/6718 6720/6720 6721/6721
f 6767/6767 6720/6720 6718/6718
f 6720/6720 6767/6767 6768/6768
f 6721/6721 6719/6719 6718/6718
f 6719/6719 6721/6721 6747/6747
f 6748/6748 6747/6747 6721/6721
f 6716/6716 6718/6718 6719/6719
f 6766/6766 6718/6718 6716/6716
f 6718/6718 6766/6766 6767/6767
f 6719/6719 6717/6717 6716/6716
f 6717/6717 6719/6719 6746/6746
f 6747/6747 6746/6746 6719/6719
f 6714/6714 6716/6716 6717/6717
f 6765/6765 6716/6716 6714/6714
f 6716/6716 6765/6765 6766/6766
f 6717/6717 6715/6715 6714/6714
f 6715/6715 6717/6717 6745/6745
f 6746/6746 6745/6745 6717/6717
f 6712/6712 6714/6714 6715/6715
f 6764/6764 6714/6714 6712/6712
f 6714/6714 6764/6764 6765/6765
f 6715/6715 6713/6713 6712/6712
f 6713/6713 6715/6715 6744/6744
f 6745/6745 6744/6744 6715/6715
f 6710/6710 6712/6712 6713/6713
f 6763/6763 6712/6712 6710/6710
f 6712/6712 6763/6763 6764/6764
f 6713/6713 6711/6711 6710/6710
f 6711/6711 6713/6713 6743/6743
f 6744/6744 6743/6743 6713/6713
f 6708/6708 6710/6710 6711/6711
f 6762/6762 6710/6710 6708/6708
f 6710/6710 6762/6762 6763/6763
f 6711/6711 6709/6709 6708/6708
f 6709/6709 6711/6711 6742/6742
f 6743/6743 6742/6742 6711/6711
f 6706/6706 6708/6708 6709/6709
f 6761/6761 6708/6708 6706/6706
f 6708/6708 6761/6761 6762/6762
f 6709/6709 6707/6707 6706/6706
f 6707/6707 6709/6709 6741/6741
f 6742/6742 6741/6741 6709/6709
f 6704/6704 6706/6706 6707/6707
f 6760/6760 6706/6706 6704/6704
f 6706/6706 6760/6760 6761/6761
f 6707/6707 6705/6705 6704/6704
f 6705/6705 6707/6707 6740/6740
f 6741/6741 6740/6740 6707/6707
f 6702/6702 6704/6704 6705/6705
f 6759/6759 6704/6704 6702/6702
f 6704/6704 6759/6759 6760/6760
f 6705/6705 6703/6703 6702/6702
f 6703/6703 6705/6705 6739/6739
f 6740/6740 6739/6739 6705/6705
f 6700/6700 6702/6702 6703/6703
f 6758/6758 6702/6702 6700/6700
f 6702/6702 6758/6758 6759/6759
f 6703/6703 6701/6701 6700/6700
f 6701/6701 6703/6703 6738/6738
f 6739/6739 6738/6738 6703/6703
f 6698/6698 6700/6700 6701/6701
f 6757/6757 6700/6700 6698/6698
f 6700/6700 6757/6757 6758/6758
f 6701/6701 6699/6699 6698/6698
f 6699/6699 6701/6701 6737/6737
f 6738/6738 6737/6737 6701/6701
f 6695/6695 6698/6698 6699/6699
f 6756/6756 6698/6698 6695/6695
f 6698/6698 6756/6756 6757/6757
f 6699/6699 6696/6696 6695/6695
f 6696/6696 6699/6699 6736/6736
f 6737/6737 6736/6736 6699/6699
f 6695/6695 6755/6755 6756/6756
f 6736/6736 6734/6734 6696/6696
f 6778/6778 6779/6779 6780/6780
f 6790/6790 6778/6778 6780/6780
f 6779/6779 6781/6781 6780/6780
f 6781/6781 6782/6782 6780/6780
f 6782/6782 6783/6783 6780/6780
f 6783/6783 6784/6784 6780/6780
f 6784/6784 6785/6785 6780/6780
f 6785/6785 6786/6786 6780/6780
f 6786/6786 6787/6787 6780/6780
f 6787/6787 6788/6788 6780/6780
f 6788/6788 6789/6789 6780/6780
f 6789/6789 6790/6790 6780/6780
f 6791/6791 6792/6792 6793/6793
f 6793/6793 6794/6794 6791/6791
f 6791/6791 6794/6794 6797/6797
f 6797/6797 6798/6798 6791/6791
f 6793/6793 6795/6795 6796/6796
f 6796/6796 6794/6794 6793/6793
f 6793/6793 6853/6853 6795/6795
f 6797/6797 6794/6794 6796/6796
f 6797/6797 6799/6799 6800/6800
f 6796/6796 6799/6799 6797/6797
f 6803/6803 6799/6799 6805/6805
f 6803/6803 6800/6800 6799/6799
f 6801/6801 6802/6802 6803/6803
f 6803/6803 6804/6804 6801/6801
f 6805/6805 6804/6804 6803/6803
f 6806/6806 6804/6804 6805/6805
f 6805/6805 6808/6808 6806/6806
f 6801/6801 6804/6804 6806/6806
f 6806/6806 6807/6807 6801/6801
f 6806/6806 6808/6808 6809/6809
f 6823/6823 6808/6808 6824/6824
f 6823/6823 6809/6809 6808/6808
f 6810/6810 6822/6822 6823/6823
f 6823/6823 6811/6811 6810/6810
f 6824/6824 6811/6811 6823/6823
f 6812/6812 6811/6811 6824/6824
f 6824/6824 6814/6814 6812/6812
f 6810/6810 6811/6811 6812/6812
f 6812/6812 6813/6813 6810/6810
f 6812/6812 6814/6814 6815/6815
f 6826/6826 6814/6814 6827/6827
f 6826/6826 6815/6815 6814/6814
f 6816/6816 6825/6825 6826/6826
f 6826/6826 6817/6817 6816/6816
f 6827/6827 6817/6817 6826/6826
f 6818/6818 6817/6817 6827/6827
f 6827/6827 6820/6820 6818/6818
f 6816/6816 6817/6817 6818/6818
f 6818/6818 6819/6819 6816/6816
f 6818/6818 6820/6820 6821/6821
f 6830/6830 6820/6820 6832/6832
f 6830/6830 6821/6821 6820/6820
f 6828/6828 6829/6829 6830/6830
f 6830/6830 6831/6831 6828/6828
f 6832/6832 6831/6831 6830/6830
f 6833/6833 6831/6831 6832/6832
f 6832/6832 6835/6835 6833/6833
f 6828/6828 6831/6831 6833/6833
f 6833/6833 6834/6834 6828/6828
f 6833/6833 6835/6835 6836/6836
f 6839/6839 6835/6835 6841/6841
f 6839/6839 6836/6836 6835/6835
f 6837/6837 6838/6838 6839/6839
f 6839/6839 6840/6840 6837/6837
f 6841/6841 6840/6840 6839/6839
f 6842/6842 6840/6840 6841/6841
f 6841/6841 6844/6844 6842/6842
f 6837/6837 6840/6840 6842/6842
f 6842/6842 6843/6843 6837/6837
f 6842/6842 6844/6844 6845/6845
f 6848/6848 6844/6844 6850/6850
f 6848/6848 6845/6845 6844/6844
f 6846/6846 6847/6847 6848/6848
f 6848/6848 6849/6849 6846/6846
f 6850/6850 6849/6849 6848/6848
f 6851/6851 6849/6849 6850/6850
f 6850/6850 6795/6795 6851/6851
f 6846/6846 6849/6849 6851/6851
f 6851/6851 6852/6852 6846/6846
f 6851/6851 6795/6795 6853/6853
f 6854/6854 6855/6855 6856/6856
f 6868/6868 6855/6855 6854/6854
f 6856/6856 6855/6855 6857/6857
f 6857/6857 6855/6855 6858/6858
f 6858/6858 6855/6855 6859/6859
f 6859/6859 6855/6855 6860/6860
f 6860/6860 6855/6855 6861/6861
f 6861/6861 6855/6855 6862/6862
f 6862/6862 6855/6855 6863/6863
f 6863/6863 6855/6855 6864/6864
f 6864/6864 6855/6855 6865/6865
f 6865/6865 6855/6855 6866/6866
f 6866/6866 6855/6855 6867/6867
f 6867/6867 6855/6855 6868/6868
f 6869/6869 6870/6870 6871/6871
f 6871/6871 6872/6872 6869/6869
f 6873/6873 6874/6874 6875/6875
f 6875/6875 6876/6876 6873/6873
f 6965/6965 6873/6873 6876/6876
f 6876/6876 6966/6966 6965/6965
f 6877/6877 6878/6878 6879/6879
f 6879/6879 6880/6880 6877/6877
f 6881/6881 6882/6882 6883/6883
f 6883/6883 6884/6884 6881/6881
f 6882/6882 6889/6889 6890/6890
f 6890/6890 6883/6883 6882/6882
f 6885/6885 6886/6886 6887/6887
f 6887/6887 6888/6888 6885/6885
f 6891/6891 6892/6892 6893/6893
f 6893/6893 6894/6894 6891/6891
f 6895/6895 6896/6896 6897/6897
f 6897/6897 6898/6898 6895/6895
f 6896/6896 6919/6919 6920/6920
f 6920/6920 6897/6897 6896/6896
f 6899/6899 6900/6900 6901/6901
f 6901/6901 6902/6902 6899/6899
f 6903/6903 6904/6904 6905/6905
f 6905/6905 6906/6906 6903/6903
f 6904/6904 6925/6925 6926/6926
f 6926/6926 6905/6905 6904/6904
f 6907/6907 6908/6908 6909/6909
f 6909/6909 6910/6910 6907/6907
f 6911/6911 6912/6912 6913/6913
f 6913/6913 6914/6914 6911/6911
f 6912/6912 6931/6931 6932/6932
f 6932/6932 6913/6913 6912/6912
f 6915/6915 6916/6916 6917/6917
f 6917/6917 6918/6918 6915/6915
f 6921/6921 6922/6922 6923/6923
f 6923/6923 6924/6924 6921/6921
f 6927/6927 6928/6928 6929/6929
f 6929/6929 6930/6930 6927/6927
f 6933/6933 6934/6934 6935/6935
f 6935/6935 6936/6936 6933/6933
f 6937/6937 6938/6938 6939/6939
f 6939/6939 6940/6940 6937/6937
f 6938/6938 6945/6945 6946/6946
f 6946/6946 6939/6939 6938/6938
f 6941/6941 6942/6942 6943/6943
f 6943/6943 6944/6944 6941/6941
f 6947/6947 6948/6948 6949/6949
f 6949/6949 6950/6950 6947/6947
f 6951/6951 6952/6952 6953/6953
f 6953/6953 6954/6954 6951/6951
f 6952/6952 6959/6959 6960/6960
f 6960/6960 6953/6953 6952/6952
f 6955/6955 6956/6956 6957/6957
f 6957/6957 6958/6958 6955/6955
f 6961/6961 6962/6962 6963/6963
f 6963/6963 6964/6964 6961/6961
f 6967/6967 6968/6968 6969/6969
f 6969/6969 6970/6970 6967/6967
f 7007/7007 6967/6967 6970/6970
f 6968/6968 6971/6971 6972/6972
f 6972/6972 6969/6969 6968/6968
f 6971/6971 6973/6973 6974/6974
f 6974/6974 6972/6972 6971/6971
f 6973/6973 6975/6975 6976/6976
f 6976/6976 6974/6974 6973/6973
f 6975/6975 6977/6977 6978/6978
f 6978/6978 6976/6976 6975/6975
f 6977/6977 6979/6979 6980/6980
f 6980/6980 6978/6978 6977/6977
f 6979/6979 6981/6981 6982/6982
f 6982/6982 6980/6980 6979/6979
f 6981/6981 6983/6983 6984/6984
f 6984/6984 6982/6982 6981/6981
f 6983/6983 6985/6985 6986/6986
f 6986/6986 6984/6984 6983/6983
f 6985/6985 6987/6987 6988/6988
f 6988/6988 6986/6986 6985/6985
f 6987/6987 6989/6989 6990/6990
f 6990/6990 6988/6988 6987/6987
f 6989/6989 6991/6991 6992/6992
f 6992/6992 6990/6990 6989/6989
f 6991/6991 6993/6993 6994/6994
f 6994/6994 6992/6992 6991/6991
f 6993/6993 6995/6995 6996/6996
f 6996/6996 6994/6994 6993/6993
f 6995/6995 6997/6997 6998/6998
f 6998/6998 6996/6996 6995/6995
f 6970/6970 7008/7008 7007/7007
f 7005/7005 7007/7007 7008/7008
f 7008/7008 7006/7006 7005/7005
f 7003/7003 7005/7005 7006/7006
f 7006/7006 7004/7004 7003/7003
f 7000/7000 7003/7003 7004/7004
f 7004/7004 7001/7001 7000/7000
f 6999/6999 7000/7000 7001/7001
f 7001/7001 7002/7002 6999/6999
f 7009/7009 7010/7010 7011/7011
f 7011/7011 7012/7012 7009/7009
f 7049/7049 7009/7009 7012/7012
f 7010/7010 7013/7013 7014/7014
f 7014/7014 7011/7011 7010/7010
f 7013/7013 7015/7015 7016/7016
f 7016/7016 7014/7014 7013/7013
f 7015/7015 7017/7017 7018/7018
f 7018/7018 7016/7016 7015/7015
f 7017/7017 7019/7019 7020/7020
f 7020/7020 7018/7018 7017/7017
f 7019/7019 7021/7021 7022/7022
f 7022/7022 7020/7020 7019/7019
f 7021/7021 7023/7023 7024/7024
f 7024/7024 7022/7022 7021/7021
f 7023/7023 7025/7025 7026/7026
f 7026/7026 7024/7024 7023/7023
f 7025/7025 7027/7027 7028/7028
f 7028/7028 7026/7026 7025/7025
f 7027/7027 7029/7029 7030/7030
f 7030/7030 7028/7028 7027/7027
f 7029/7029 7031/7031 7032/7032
f 7032/7032 7030/7030 7029/7029
f 7031/7031 7033/7033 7034/7034
f 7034/7034 7032/7032 7031/7031
f 7033/7033 7035/7035 7036/7036
f 7036/7036 7034/7034 7033/7033
f 7035/7035 7037/7037 7038/7038
f 7038/7038 7036/7036 7035/7035
f 7037/7037 7039/7039 7040/7040
f 7040/7040 7038/7038 7037/7037
f 7012/7012 7050/7050 7049/7049
f 7047/7047 7049/7049 7050/7050
f 7050/7050 7048/7048 7047/7047
f 7045/7045 7047/7047 7048/7048
f 7048/7048 7046/7046 7045/7045
f 7042/7042 7045/7045 7046/7046
f 7046/7046 7043/7043 7042/7042
f 7041/7041 7042/7042 7043/7043
f 7043/7043 7044/7044 7041/7041
f 7051/7051 7052/7052 7053/7053
f 7053/7053 7054/7054 7051/7051
f 7091/7091 7051/7051 7054/7054
f 7052/7052 7055/7055 7056/7056
f 7056/7056 7053/7053 7052/7052
f 7055/7055 7057/7057 7058/7058
f 7058/7058 7056/7056 7055/7055
f 7057/7057 7059/7059 7060/7060
f 7060/7060 7058/7058 7057/7057
f 7059/7059 7061/7061 7062/7062
f 7062/7062 7060/7060 7059/7059
f 7061/7061 7063/7063 7064/7064
f 7064/7064 7062/7062 7061/7061
f 7063/7063 7065/7065 7066/7066
f 7066/7066 7064/7064 7063/7063
f 7065/7065 7067/7067 7068/7068
f 7068/7068 7066/7066 7065/7065
f 7067/7067 7069/7069 7070/7070
f 7070/7070 7068/7068 7067/7067
f 7069/7069 7071/7071 7072/7072
f 7072/7072 7070/7070 7069/7069
f 7071/7071 7073/7073 7074/7074
f 7074/7074 7072/7072 7071/7071
f 7073/7073 7075/7075 7076/7076
f 7076/7076 7074/7074 7073/7073
f 7075/7075 7077/7077 7078/7078
f 7078/7078 7076/7076 7075/7075
f 7077/7077 7079/7079 7080/7080
f 7080/7080 7078/7078 7077/7077
f 7079/7079 7081/7081 7082/7082
f 7082/7082 7080/7080 7079/7079
f 7054/7054 7092/7092 7091/7091
f 7089/7089 7091/7091 7092/7092
f 7092/7092 7090/7090 7089/7089
f 7087/7087 7089/7089 7090/7090
f 7090/7090 7088/7088 7087/7087
f 7084/7084 7087/7087 7088/7088
f 7088/7088 7085/7085 7084/7084
f 7083/7083 7084/7084 7085/7085
f 7085/7085 7086/7086 7083/7083
f 7093/7093 7094/7094 7095/7095
f 7095/7095 7096/7096 7093/7093
f 7133/7133 7093/7093 7096/7096
f 7094/7094 7097/7097 7098/7098
f 7098/7098 7095/7095 7094/7094
f 7097/7097 7099/7099 7100/7100
f 7100/7100 7098/7098 7097/7097
f 7099/7099 7101/7101 7102/7102
f 7102/7102 7100/7100 7099/7099
f 7101/7101 7103/7103 7104/7104
f 7104/7104 7102/7102 7101/7101
f 7103/7103 7105/7105 7106/7106
f 7106/7106 7104/7104 7103/7103
f 7105/7105 7107/7107 7108/7108
f 7108/7108 7106/7106 7105/7105
f 7107/7107 7109/7109 7110/7110
f 7110/7110 7108/7108 7107/7107
f 7109/7109 7111/7111 7112/7112
f 7112/7112 7110/7110 7109/7109
f 7111/7111 7113/7113 7114/7114
f 7114/7114 7112/7112 7111/7111
f 7113/7113 7115/7115 7116/7116
f 7116/7116 7114/7114 7113/7113
f 7115/7115 7117/7117 7118/7118
f 7118/7118 7116/7116 7115/7115
f 7117/7117 7119/7119 7120/7120
f 7120/7120 7118/7118 7117/7117
f 7119/7119 7121/7121 7122/7122
f 7122/7122 7120/7120 7119/7119
f 7121/7121 7123/7123 7124/7124
f 7124/7124 7122/7122 7121/7121
f 7096/7096 7134/7134 7133/7133
f 7131/7131 7133/7133 7134/7134
f 7134/7134 7132/7132 7131/7131
f 7129/7129 7131/7131 7132/7132
f 7132/7132 7130/7130 7129/7129
f 7126/7126 7129/7129 7130/7130
f 7130/7130 7127/7127 7126/7126
f 7125/7125 7126/7126 7127/7127
f 7127/7127 7128/7128 7125/7125
f 7135/7135 7136/7136 7137/7137
f 7137/7137 7138/7138 7135/7135
f 7136/7136 7135/7135 7139/7139
f 7176/7176 7135/7135 7138/7138
f 7135/7135 7176/7176 7177/7177
f 7177/7177 7139/7139 7135/7135
f 7138/7138 7137/7137 7174/7174
f 7174/7174 7173/7173 7138/7138
f 7138/7138 7175/7175 7176/7176
f 7175/7175 7138/7138 7173/7173
f 7173/7173 7174/7174 7172/7172
f 7172/7172 7174/7174 7214/7214
f 7196/7196 7214/7214 7174/7174
f 7174/7174 7137/7137 7196/7196
f 7172/7172 7171/7171 7173/7173
f 7194/7194 7173/7173 7171/7171
f 7173/7173 7194/7194 7175/7175
f 7171/7171 7172/7172 7170/7170
f 7170/7170 7172/7172 7213/7213
f 7214/7214 7213/7213 7172/7172
f 7170/7170 7169/7169 7171/7171
f 7193/7193 7171/7171 7169/7169
f 7171/7171 7193/7193 7194/7194
f 7169/7169 7170/7170 7168/7168
f 7168/7168 7170/7170 7212/7212
f 7213/7213 7212/7212 7170/7170
f 7168/7168 7167/7167 7169/7169
f 7192/7192 7169/7169 7167/7167
f 7169/7169 7192/7192 7193/7193
f 7167/7167 7168/7168 7166/7166
f 7166/7166 7168/7168 7211/7211
f 7212/7212 7211/7211 7168/7168
f 7166/7166 7165/7165 7167/7167
f 7191/7191 7167/7167 7165/7165
f 7167/7167 7191/7191 7192/7192
f 7165/7165 7166/7166 7164/7164
f 7164/7164 7166/7166 7210/7210
f 7211/7211 7210/7210 7166/7166
f 7164/7164 7163/7163 7165/7165
f 7190/7190 7165/7165 7163/7163
f 7165/7165 7190/7190 7191/7191
f 7163/7163 7164/7164 7162/7162
f 7162/7162 7164/7164 7209/7209
f 7210/7210 7209/7209 7164/7164
f 7162/7162 7161/7161 7163/7163
f 7189/7189 7163/7163 7161/7161
f 7163/7163 7189/7189 7190/7190
f 7161/7161 7162/7162 7160/7160
f 7160/7160 7162/7162 7208/7208
f 7209/7209 7208/7208 7162/7162
f 7160/7160 7159/7159 7161/7161
f 7188/7188 7161/7161 7159/7159
f 7161/7161 7188/7188 7189/7189
f 7159/7159 7160/7160 7158/7158
f 7158/7158 7160/7160 7207/7207
f 7208/7208 7207/7207 7160/7160
f 7158/7158 7157/7157 7159/7159
f 7187/7187 7159/7159 7157/7157
f 7159/7159 7187/7187 7188/7188
f 7157/7157 7158/7158 7156/7156
f 7156/7156 7158/7158 7206/7206
f 7207/7207 7206/7206 7158/7158
f 7156/7156 7155/7155 7157/7157
f 7186/7186 7157/7157 7155/7155
f 7157/7157 7186/7186 7187/7187
f 7155/7155 7156/7156 7154/7154
f 7154/7154 7156/7156 7205/7205
f 7206/7206 7205/7205 7156/7156
f 7154/7154 7153/7153 7155/7155
f 7185/7185 7155/7155 7153/7153
f 7155/7155 7185/7185 7186/7186
f 7153/7153 7154/7154 7152/7152
f 7152/7152 7154/7154 7204/7204
f 7205/7205 7204/7204 7154/7154
f 7152/7152 7151/7151 7153/7153
f 7184/7184 7153/7153 7151/7151
f 7153/7153 7184/7184 7185/7185
f 7151/7151 7152/7152 7150/7150
f 7150/7150 7152/7152 7203/7203
f 7204/7204 7203/7203 7152/7152
f 7150/7150 7149/7149 7151/7151
f 7183/7183 7151/7151 7149/7149
f 7151/7151 7183/7183 7184/7184
f 7149/7149 7150/7150 7148/7148
f 7148/7148 7150/7150 7202/7202
f 7203/7203 7202/7202 7150/7150
f 7148/7148 7147/7147 7149/7149
f 7182/7182 7149/7149 7147/7147
f 7149/7149 7182/7182 7183/7183
f 7147/7147 7148/7148 7146/7146
f 7146/7146 7148/7148 7201/7201
f 7202/7202 7201/7201 7148/7148
f 7146/7146 7145/7145 7147/7147
f 7181/7181 7147/7147 7145/7145
f 7147/7147 7181/7181 7182/7182
f 7145/7145 7146/7146 7144/7144
f 7144/7144 7146/7146 7200/7200
f 7201/7201 7200/7200 7146/7146
f 7144/7144 7143/7143 7145/7145
f 7180/7180 7145/7145 7143/7143
f 7145/7145 7180/7180 7181/7181
f 7143/7143 7144/7144 7142/7142
f 7142/7142 7144/7144 7199/7199
f 7200/7200 7199/7199 7144/7144
f 7142/7142 7141/7141 7143/7143
f 7179/7179 7143/7143 7141/7141
f 7143/7143 7179/7179 7180/7180
f 7141/7141 7142/7142 7140/7140
f 7140/7140 7142/7142 7198/7198
f 7199/7199 7198/7198 7142/7142
f 7140/7140 7139/7139 7141/7141
f 7178/7178 7141/7141 7139/7139
f 7141/7141 7178/7178 7179/7179
f 7139/7139 7140/7140 7136/7136
f 7136/7136 7140/7140 7197/7197
f 7198/7198 7197/7197 7140/7140
f 7139/7139 7177/7177 7178/7178
f 7197/7197 7195/7195 7136/7136
f 7137/7137 7136/7136 7195/7195
f 7195/7195 7196/7196 7137/7137
f 7215/7215 7216/7216 7217/7217
f 7217/7217 7218/7218 7215/7215
f 7219/7219 7215/7215 7218/7218
f 7217/7217 7216/7216 7253/7253
f 7253/7253 7254/7254 7217/7217
f 7253/7253 7252/7252 7251/7251
f 7251/7251 7254/7254 7253/7253
f 7251/7251 7252/7252 7249/7249
f 7249/7249 7250/7250 7251/7251
f 7249/7249 7245/7245 7248/7248
f 7248/7248 7250/7250 7249/7249
f 7245/7245 7246/7246 7247/7247
f 7247/7247 7248/7248 7245/7245
f 7218/7218 7220/7220 7219/7219
f 7335/7335 7219/7219 7220/7220
f 7220/7220 7336/7336 7335/7335
f 7335/7335 7336/7336 7223/7223
f 7223/7223 7222/7222 7335/7335
f 7221/7221 7222/7222 7223/7223
f 7223/7223 7224/7224 7221/7221
f 7225/7225 7226/7226 7227/7227
f 7227/7227 7228/7228 7225/7225
f 7229/7229 7225/7225 7228/7228
f 7228/7228 7230/7230 7229/7229
f 7231/7231 7229/7229 7230/7230
f 7230/7230 7232/7232 7231/7231
f 7231/7231 7232/7232 7235/7235
f 7235/7235 7234/7234 7231/7231
f 7233/7233 7234/7234 7235/7235
f 7235/7235 7236/7236 7233/7233
f 7237/7237 7233/7233 7236/7236
f 7236/7236 7238/7238 7237/7237
f 7237/7237 7238/7238 7337/7337
f 7337/7337 7338/7338 7237/7237
f 7338/7338 7337/7337 7240/7240
f 7240/7240 7239/7239 7338/7338
f 7239/7239 7240/7240 7241/7241
f 7241/7241 7242/7242 7239/7239
f 7243/7243 7242/7242 7241/7241
f 7241/7241 7244/7244 7243/7243
f 7255/7255 7256/7256 7257/7257
f 7257/7257 7258/7258 7255/7255
f 7293/7293 7255/7255 7258/7258
f 7255/7255 7315/7315 7316/7316
f 7316/7316 7256/7256 7255/7255
f 7315/7315 7255/7255 7293/7293
f 7258/7258 7294/7294 7293/7293
f 7258/7258 7257/7257 7295/7295
f 7295/7295 7296/7296 7258/7258
f 7294/7294 7258/7258 7296/7296
f 7291/7291 7293/7293 7294/7294
f 7334/7334 7293/7293 7291/7291
f 7293/7293 7334/7334 7315/7315
f 7294/7294 7292/7292 7291/7291
f 7292/7292 7294/7294 7314/7314
f 7296/7296 7314/7314 7294/7294
f 7289/7289 7291/7291 7292/7292
f 7333/7333 7291/7291 7289/7289
f 7291/7291 7333/7333 7334/7334
f 7292/7292 7290/7290 7289/7289
f 7290/7290 7292/7292 7313/7313
f 7314/7314 7313/7313 7292/7292
f 7287/7287 7289/7289 7290/7290
f 7332/7332 7289/7289 7287/7287
f 7289/7289 7332/7332 7333/7333
f 7290/7290 7288/7288 7287/7287
f 7288/7288 7290/7290 7312/7312
f 7313/7313 7312/7312 7290/7290
f 7285/7285 7287/7287 7288/7288
f 7331/7331 7287/7287 7285/7285
f 7287/7287 7331/7331 7332/7332
f 7288/7288 7286/7286 7285/7285
f 7286/7286 7288/7288 7311/7311
f 7312/7312 7311/7311 7288/7288
f 7283/7283 7285/7285 7286/7286
f 7330/7330 7285/7285 7283/7283
f 7285/7285 7330/7330 7331/7331
f 7286/7286 7284/7284 7283/7283
f 7284/7284 7286/7286 7310/7310
f 7311/7311 7310/7310 7286/7286
f 7281/7281 7283/7283 7284/7284
f 7329/7329 7283/7283 7281/7281
f 7283/7283 7329/7329 7330/7330
f 7284/7284 7282/7282 7281/7281
f 7282/7282 7284/7284 7309/7309
f 7310/7310 7309/7309 7284/7284
f 7279/7279 7281/7281 7282/7282
f 7328/7328 7281/7281 7279/7279
f 7281/7281 7328/7328 7329/7329
f 7282/7282 7280/7280 7279/7279
f 7280/7280 7282/7282 7308/7308
f 7309/7309 7308/7308 7282/7282
f 7277/7277 7279/7279 7280/7280
f 7327/7327 7279/7279 7277/7277
f 7279/7279 7327/7327 7328/7328
f 7280/7280 7278/7278 7277/7277
f 7278/7278 7280/7280 7307/7307
f 7308/7308 7307/7307 7280/7280
f 7275/7275 7277/7277 7278/7278
f 7326/7326 7277/7277 7275/7275
f 7277/7277 7326/7326 7327/7327
f 7278/7278 7276/7276 7275/7275
f 7276/7276 7278/7278 7306/7306
f 7307/7307 7306/7306 7278/7278
f 7273/7273 7275/7275 7276/7276
f 7325/7325 7275/7275 7273/7273
f 7275/7275 7325/7325 7326/7326
f 7276/7276 7274/7274 7273/7273
f 7274/7274 7276/7276 7305/7305
f 7306/7306 7305/7305 7276/7276
f 7271/7271 7273/7273 7274/7274
f 7324/7324 7273/7273 7271/7271
f 7273/7273 7324/7324 7325/7325
f 7274/7274 7272/7272 7271/7271
f 7272/7272 7274/7274 7304/7304
f 7305/7305 7304/7304 7274/7274
f 7269/7269 7271/7271 7272/7272
f 7323/7323 7271/7271 7269/7269
f 7271/7271 7323/7323 7324/7324
f 7272/7272 7270/7270 7269/7269
f 7270/7270 7272/7272 7303/7303
f 7304/7304 7303/7303 7272/7272
f 7267/7267 7269/7269 7270/7270
f 7322/7322 7269/7269 7267/7267
f 7269/7269 7322/7322 7323/7323
f 7270/7270 7268/7268 7267/7267
f 7268/7268 7270/7270 7302/7302
f 7303/7303 7302/7302 7270/7270
f 7265/7265 7267/7267 7268/7268
f 7321/7321 7267/7267 7265/7265
f 7267/7267 7321/7321 7322/7322
f 7268/7268 7266/7266 7265/7265
f 7266/7266 7268/7268 7301/7301
f 7302/7302 7301/7301 7268/7268
f 7263/7263 7265/7265 7266/7266
f 7320/7320 7265/7265 7263/7263
f 7265/7265 7320/7320 7321/7321
f 7266/7266 7264/7264 7263/7263
f 7264/7264 7266/7266 7300/7300
f 7301/7301 7300/7300 7266/7266
f 7261/7261 7263/7263 7264/7264
f 7319/7319 7263/7263 7261/7261
f 7263/7263 7319/7319 7320/7320
f 7264/7264 7262/7262 7261/7261
f 7262/7262 7264/7264 7299/7299
f 7300/7300 7299/7299 7264/7264
f 7259/7259 7261/7261 7262/7262
f 7318/7318 7261/7261 7259/7259
f 7261/7261 7318/7318 7319/7319
f 7262/7262 7260/7260 7259/7259
f 7260/7260 7262/7262 7298/7298
f 7299/7299 7298/7298 7262/7262
f 7256/7256 7259/7259 7260/7260
f 7317/7317 7259/7259 7256/7256
f 7259/7259 7317/7317 7318/7318
f 7260/7260 7257/7257 7256/7256
f 7257/7257 7260/7260 7297/7297
f 7298/7298 7297/7297 7260/7260
f 7256/7256 7316/7316 7317/7317
f 7297/7297 7295/7295 7257/7257
f 7339/7339 7340/7340 7341/7341
f 7351/7351 7339/7339 7341/7341
f 7340/7340 7342/7342 7341/7341
f 7342/7342 7343/7343 7341/7341
f 7343/7343 7344/7344 7341/7341
f 7344/7344 7345/7345 7341/7341
f 7345/7345 7346/7346 7341/7341
f 7346/7346 7347/7347 7341/7341
f 7347/7347 7348/7348 7341/7341
f 7348/7348 7349/7349 7341/7341
f 7349/7349 7350/7350 7341/7341
f 7350/7350 7351/7351 7341/7341
f 7352/7352 7353/7353 7354/7354
f 7354/7354 7355/7355 7352/7352
f 7352/7352 7355/7355 7358/7358
f 7358/7358 7359/7359 7352/7352
f 7354/7354 7356/7356 7357/7357
f 7357/7357 7355/7355 7354/7354
f 7354/7354 7414/7414 7356/7356
f 7358/7358 7355/7355 7357/7357
f 7358/7358 7360/7360 7361/7361
f 7357/7357 7360/7360 7358/7358
f 7364/7364 7360/7360 7366/7366
f 7364/7364 7361/7361 7360/7360
f 7362/7362 7363/7363 7364/7364
f 7364/7364 7365/7365 7362/7362
f 7366/7366 7365/7365 7364/7364
f 7367/7367 7365/7365 7366/7366
f 7366/7366 7369/7369 7367/7367
f 7362/7362 7365/7365 7367/7367
f 7367/7367 7368/7368 7362/7362
f 7367/7367 7369/7369 7370/7370
f 7384/7384 7369/7369 7385/7385
f 7384/7384 7370/7370 7369/7369
f 7371/7371 7383/7383 7384/7384
f 7384/7384 7372/7372 7371/7371
f 7385/7385 7372/7372 7384/7384
f 7373/7373 7372/7372 7385/7385
f 7385/7385 7375/7375 7373/7373
f 7371/7371 7372/7372 7373/7373
f 7373/7373 7374/7374 7371/7371
f 7373/7373 7375/7375 7376/7376
f 7387/7387 7375/7375 7388/7388
f 7387/7387 7376/7376 7375/7375
f 7377/7377 7386/7386 7387/7387
f 7387/7387 7378/7378 7377/7377
f 7388/7388 7378/7378 7387/7387
f 7379/7379 7378/7378 7388/7388
f 7388/7388 7381/7381 7379/7379
f 7377/7377 7378/7378 7379/7379
f 7379/7379 7380/7380 7377/7377
f 7379/7379 7381/7381 7382/7382
f 7391/7391 7381/7381 7393/7393
f 7391/7391 7382/7382 7381/7381
f 7389/7389 7390/7390 7391/7391
f 7391/7391 7392/7392 7389/7389
f 7393/7393 7392/7392 7391/7391
f 7394/7394 7392/7392 7393/7393
f 7393/7393 7396/7396 7394/7394
f 7389/7389 7392/7392 7394/7394
f 7394/7394 7395/7395 7389/7389
f 7394/7394 7396/7396 7397/7397
f 7400/7400 7396/7396 7402/7402
f 7400/7400 7397/7397 7396/7396
f 7398/7398 7399/7399 7400/7400
f 7400/7400 7401/7401 7398/7398
f 7402/7402 7401/7401 7400/7400
f 7403/7403 7401/7401 7402/7402
f 7402/7402 7405/7405 7403/7403
f 7398/7398 7401/7401 7403/7403
f 7403/7403 7404/7404 7398/7398
f 7403/7403 7405/7405 7406/7406
f 7409/7409 7405/7405 7411/7411
f 7409/7409 7406/7406 7405/7405
f 7407/7407 7408/7408 7409/7409
f 7409/7409 7410/7410 7407/7407
f 7411/7411 7410/7410 7409/7409
f 7412/7412 7410/7410 7411/7411
f 7411/7411 7356/7356 7412/7412
f 7407/7407 7410/7410 7412/7412
f 7412/7412 7413/7413 7407/7407
f 7412/7412 7356/7356 7414/7414
f 7415/7415 7416/7416 7417/7417
f 7429/7429 7416/7416 7415/7415
f 7417/7417 7416/7416 7418/7418
f 7418/7418 7416/7416 7419/7419
f 7419/7419 7416/7416 7420/7420
f 7420/7420 7416/7416 7421/7421
f 7421/7421 7416/7416 7422/7422
f 7422/7422 7416/7416 7423/7423
f 7423/7423 7416/7416 7424/7424
f 7424/7424 7416/7416 7425/7425
f 7425/7425 7416/7416 7426/7426
f 7426/7426 7416/7416 7427/7427
f 7427/7427 7416/7416 7428/7428
f 7428/7428 7416/7416 7429/7429
f 7430/7430 7431/7431 7432/7432
f 7432/7432 7433/7433 7430/7430
f 7434/7434 7435/7435 7436/7436
f 7436/7436 7437/7437 7434/7434
f 7526/7526 7434/7434 7437/7437
f 7437/7437 7527/7527 7526/7526
f 7438/7438 7439/7439 7440/7440
f 7440/7440 7441/7441 7438/7438
f 7442/7442 7443/7443 7444/7444
f 7444/7444 7445/7445 7442/7442
f 7443/7443 7450/7450 7451/7451
f 7451/7451 7444/7444 7443/7443
f 7446/7446 7447/7447 7448/7448
f 7448/7448 7449/7449 7446/7446
f 7452/7452 7453/7453 7454/7454
f 7454/7454 7455/7455 7452/7452
f 7456/7456 7457/7457 7458/7458
f 7458/7458 7459/7459 7456/7456
f 7457/7457 7480/7480 7481/7481
f 7481/7481 7458/7458 7457/7457
f 7460/7460 7461/7461 7462/7462
f 7462/7462 7463/7463 7460/7460
f 7464/7464 7465/7465 7466/7466
f 7466/7466 7467/7467 7464/7464
f 7465/7465 7486/7486 7487/7487
f 7487/7487 7466/7466 7465/7465
f 7468/7468 7469/7469 7470/7470
f 7470/7470 7471/7471 7468/7468
f 7472/7472 7473/7473 7474/7474
f 7474/7474 7475/7475 7472/7472
f 7473/7473 7492/7492 7493/7493
f 7493/7493 7474/7474 7473/7473
f 7476/7476 7477/7477 7478/7478
f 7478/7478 7479/7479 7476/7476
f 7482/7482 7483/7483 7484/7484
f 7484/7484 7485/7485 7482/7482
f 7488/7488 7489/7489 7490/7490
f 7490/7490 7491/7491 7488/7488
f 7494/7494 7495/7495 7496/7496
f 7496/7496 7497/7497 7494/7494
f 7498/7498 7499/7499 7500/7500
f 7500/7500 7501/7501 7498/7498
f 7499/7499 7506/7506 7507/7507
f 7507/7507 7500/7500 7499/7499
f 7502/7502 7503/7503 7504/7504
f 7504/7504 7505/7505 7502/7502
f 7508/7508 7509/7509 7510/7510
f 7510/7510 7511/7511 7508/7508
f 7512/7512 7513/7513 7514/7514
f 7514/7514 7515/7515 7512/7512
f 7513/7513 7520/7520 7521/7521
f 7521/7521 7514/7514 7513/7513
f 7516/7516 7517/7517 7518/7518
f 7518/7518 7519/7519 7516/7516
f 7522/7522 7523/7523 7524/7524
f 7524/7524 7525/7525 7522/7522
f 7528/7528 7529/7529 7530/7530
f 7530/7530 7531/7531 7528/7528
f 7568/7568 7528/7528 7531/7531
f 7529/7529 7532/7532 7533/7533
f 7533/7533 7530/7530 7529/7529
f 7532/7532 7534/7534 7535/7535
f 7535/7535 7533/7533 7532/7532
f 7534/7534 7536/7536 7537/7537
f 7537/7537 7535/7535 7534/7534
f 7536/7536 7538/7538 7539/7539
f 7539/7539 7537/7537 7536/7536
f 7538/7538 7540/7540 7541/7541
f 7541/7541 7539/7539 7538/7538
f 7540/7540 7542/7542 7543/7543
f 7543/7543 7541/7541 7540/7540
f 7542/7542 7544/7544 7545/7545
f 7545/7545 7543/7543 7542/7542
f 7544/7544 7546/7546 7547/7547
f 7547/7547 7545/7545 7544/7544
f 7546/7546 7548/7548 7549/7549
f 7549/7549 7547/7547 7546/7546
f 7548/7548 7550/7550 7551/7551
f 7551/7551 7549/7549 7548/7548
f 7550/7550 7552/7552 7553/7553
f 7553/7553 7551/7551 7550/7550
f 7552/7552 7554/7554 7555/7555
f 7555/7555 7553/7553 7552/7552
f 7554/7554 7556/7556 7557/7557
f 7557/7557 7555/7555 7554/7554
f 7556/7556 7558/7558 7559/7559
f 7559/7559 7557/7557 7556/7556
f 7531/7531 7569/7569 7568/7568
f 7566/7566 7568/7568 7569/7569
f 7569/7569 7567/7567 7566/7566
f 7564/7564 7566/7566 7567/7567
f 7567/7567 7565/7565 7564/7564
f 7561/7561 7564/7564 7565/7565
f 7565/7565 7562/7562 7561/7561
f 7560/7560 7561/7561 7562/7562
f 7562/7562 7563/7563 7560/7560
f 7570/7570 7571/7571 7572/7572
f 7572/7572 7573/7573 7570/7570
f 7610/7610 7570/7570 7573/7573
f 7571/7571 7574/7574 7575/7575
f 7575/7575 7572/7572 7571/7571
f 7574/7574 7576/7576 7577/7577
f 7577/7577 7575/7575 7574/7574
f 7576/7576 7578/7578 7579/7579
f 7579/7579 7577/7577 7576/7576
f 7578/7578 7580/7580 7581/7581
f 7581/7581 7579/7579 7578/7578
f 7580/7580 7582/7582 7583/7583
f 7583/7583 7581/7581 7580/7580
f 7582/7582 7584/7584 7585/7585
f 7585/7585 7583/7583 7582/7582
f 7584/7584 7586/7586 7587/7587
f 7587/7587 7585/7585 7584/7584
f 7586/7586 7588/7588 7589/7589
f 7589/7589 7587/7587 7586/7586
f 7588/7588 7590/7590 7591/7591
f 7591/7591 7589/7589 7588/7588
f 7590/7590 7592/7592 7593/7593
f 7593/7593 7591/7591 7590/7590
f 7592/7592 7594/7594 7595/7595
f 7595/7595 7593/7593 7592/7592
f 7594/7594 7596/7596 7597/7597
f 7597/7597 7595/7595 7594/7594
f 7596/7596 7598/7598 7599/7599
f 7599/7599 7597/7597 7596/7596
f 7598/7598 7600/7600 7601/7601
f 7601/7601 7599/7599 7598/7598
f 7573/7573 7611/7611 7610/7610
f 7608/7608 7610/7610 7611/7611
f 7611/7611 7609/7609 7608/7608
f 7606/7606 7608/7608 7609/7609
f 7609/7609 7607/7607 7606/7606
f 7603/7603 7606/7606 7607/7607
f 7607/7607 7604/7604 7603/7603
f 7602/7602 7603/7603 7604/7604
f 7604/7604 7605/7605 7602/7602
f 7612/7612 7613/7613 7614/7614
f 7614/7614 7615/7615 7612/7612
f 7652/7652 7612/7612 7615/7615
f 7613/7613 7616/7616 7617/7617
f 7617/7617 7614/7614 7613/7613
f 7616/7616 7618/7618 7619/7619
f 7619/7619 7617/7617 7616/7616
f 7618/7618 7620/7620 7621/7621
f 7621/7621 7619/7619 7618/7618
f 7620/7620 7622/7622 7623/7623
f 7623/7623 7621/7621 7620/7620
f 7622/7622 7624/7624 7625/7625
f 7625/7625 7623/7623 7622/7622
f 7624/7624 7626/7626 7627/7627
f 7627/7627 7625/7625 7624/7624
f 7626/7626 7628/7628 7629/7629
f 7629/7629 7627/7627 7626/7626
f 7628/7628 7630/7630 7631/7631
f 7631/7631 7629/7629 7628/7628
f 7630/7630 7632/7632 7633/7633
f 7633/7633 7631/7631 7630/7630
f 7632/7632 7634/7634 7635/7635
f 7635/7635 7633/7633 7632/7632
f 7634/7634 7636/7636 7637/7637
f 7637/7637 7635/7635 7634/7634
f 7636/7636 7638/7638 7639/7639
f 7639/7639 7637/7637 7636/7636
f 7638/7638 7640/7640 7641/7641
f 7641/7641 7639/7639 7638/7638
f 7640/7640 7642/7642 7643/7643
f 7643/7643 7641/7641 7640/7640
f 7615/7615 7653/7653 7652/7652
f 7650/7650 7652/7652 7653/7653
f 7653/7653 7651/7651 7650/7650
f 7648/7648 7650/7650 7651/7651
f 7651/7651 7649/7649 7648/7648
f 7645/7645 7648/7648 7649/7649
f 7649/7649 7646/7646 7645/7645
f 7644/7644 7645/7645 7646/7646
f 7646/7646 7647/7647 7644/7644
f 7654/7654 7655/7655 7656/7656
f 7656/7656 7657/7657 7654/7654
f 7694/7694 7654/7654 7657/7657
f 7655/7655 7658/7658 7659/7659
f 7659/7659 7656/7656 7655/7655
f 7658/7658 7660/7660 7661/7661
f 7661/7661 7659/7659 7658/7658
f 7660/7660 7662/7662 7663/7663
f 7663/7663 7661/7661 7660/7660
f 7662/7662 7664/7664 7665/7665
f 7665/7665 7663/7663 7662/7662
f 7664/7664 7666/7666 7667/7667
f 7667/7667 7665/7665 7664/7664
f 7666/7666 7668/7668 7669/7669
f 7669/7669 7667/7667 7666/7666
f 7668/7668 7670/7670 7671/7671
f 7671/7671 7669/7669 7668/7668
f 7670/7670 7672/7672 7673/7673
f 7673/7673 7671/7671 7670/7670
f 7672/7672 7674/7674 7675/7675
f 7675/7675 7673/7673 7672/7672
f 7674/7674 7676/7676 7677/7677
f 7677/7677 7675/7675 7674/7674
f 7676/7676 7678/7678 7679/7679
f 7679/7679 7677/7677 7676/7676
f 7678/7678 7680/7680 7681/7681
f 7681/7681 7679/7679 7678/7678
f 7680/7680 7682/7682 7683/7683
f 7683/7683 7681/7681 7680/7680
f 7682/7682 7684/7684 7685/7685
f 7685/7685 7683/7683 7682/7682
f 7657/7657 7695/7695 7694/7694
f 7692/7692 7694/7694 7695/7695
f 7695/7695 7693/7693 7692/7692
f 7690/7690 7692/7692 7693/7693
f 7693/7693 7691/7691 7690/7690
f 7687/7687 7690/7690 7691/7691
f 7691/7691 7688/7688 7687/7687
f 7686/7686 7687/7687 7688/7688
f 7688/7688 7689/7689 7686/7686
f 7696/7696 7697/7697 7698/7698
f 7698/7698 7699/7699 7696/7696
f 7697/7697 7696/7696 7700/7700
f 7737/7737 7696/7696 7699/7699
f 7696/7696 7737/7737 7738/7738
f 7738/7738 7700/7700 7696/7696
f 7699/7699 7698/7698 7735/7735
f 7735/7735 7734/7734 7699/7699
f 7699/7699 7736/7736 7737/7737
f 7736/7736 7699/7699 7734/7734
f 7734/7734 7735/7735 7733/7733
f 7733/7733 7735/7735 7775/7775
f 7757/7757 7775/7775 7735/7735
f 7735/7735 7698/7698 7757/7757
f 7733/7733 7732/7732 7734/7734
f 7755/7755 7734/7734 7732/7732
f 7734/7734 7755/7755 7736/7736
f 7732/7732 7733/7733 7731/7731
f 7731/7731 7733/7733 7774/7774
f 7775/7775 7774/7774 7733/7733
f 7731/7731 7730/7730 7732/7732
f 7754/7754 7732/7732 7730/7730
f 7732/7732 7754/7754 7755/7755
f 7730/7730 7731/7731 7729/7729
f 7729/7729 7731/7731 7773/7773
f 7774/7774 7773/7773 7731/7731
f 7729/7729 7728/7728 7730/7730
f 7753/7753 7730/7730 7728/7728
f 7730/7730 7753/7753 7754/7754
f 7728/7728 7729/7729 7727/7727
f 7727/7727 7729/7729 7772/7772
f 7773/7773 7772/7772 7729/7729
f 7727/7727 7726/7726 7728/7728
f 7752/7752 7728/7728 7726/7726
f 7728/7728 7752/7752 7753/7753
f 7726/7726 7727/7727 7725/7725
f 7725/7725 7727/7727 7771/7771
f 7772/7772 7771/7771 7727/7727
f 7725/7725 7724/7724 7726/7726
f 7751/7751 7726/7726 7724/7724
f 7726/7726 7751/7751 7752/7752
f 7724/7724 7725/7725 7723/7723
f 7723/7723 7725/7725 7770/7770
f 7771/7771 7770/7770 7725/7725
f 7723/7723 7722/7722 7724/7724
f 7750/7750 7724/7724 7722/7722
f 7724/7724 7750/7750 7751/7751
f 7722/7722 7723/7723 7721/7721
f 7721/7721 7723/7723 7769/7769
f 7770/7770 7769/7769 7723/7723
f 7721/7721 7720/7720 7722/7722
f 7749/7749 7722/7722 7720/7720
f 7722/7722 7749/7749 7750/7750
f 7720/7720 7721/7721 7719/7719
f 7719/7719 7721/7721 7768/7768
f 7769/7769 7768/7768 7721/7721
f 7719/7719 7718/7718 7720/7720
f 7748/7748 7720/7720 7718/7718
f 7720/7720 7748/7748 7749/7749
f 7718/7718 7719/7719 7717/7717
f 7717/7717 7719/7719 7767/7767
f 7768/7768 7767/7767 7719/7719
f 7717/7717 7716/7716 7718/7718
f 7747/7747 7718/7718 7716/7716
f 7718/7718 7747/7747 7748/7748
f 7716/7716 7717/7717 7715/7715
f 7715/7715 7717/7717 7766/7766
f 7767/7767 7766/7766 7717/7717
f 7715/7715 7714/7714 7716/7716
f 7746/7746 7716/7716 7714/7714
f 7716/7716 7746/7746 7747/7747
f 7714/7714 7715/7715 7713/7713
f 7713/7713 7715/7715 7765/7765
f 7766/7766 7765/7765 7715/7715
f 7713/7713 7712/7712 7714/7714
f 7745/7745 7714/7714 7712/7712
f 7714/7714 7745/7745 7746/7746
f 7712/7712 7713/7713 7711/7711
f 7711/7711 7713/7713 7764/7764
f 7765/7765 7764/7764 7713/7713
f 7711/7711 7710/7710 7712/7712
f 7744/7744 7712/7712 7710/7710
f 7712/7712 7744/7744 7745/7745
f 7710/7710 7711/7711 7709/7709
f 7709/7709 7711/7711 7763/7763
f 7764/7764 7763/7763 7711/7711
f 7709/7709 7708/7708 7710/7710
f 7743/7743 7710/7710 7708/7708
f 7710/7710 7743/7743 7744/7744
f 7708/7708 7709/7709 7707/7707
f 7707/7707 7709/7709 7762/7762
f 7763/7763 7762/7762 7709/7709
f 7707/7707 7706/7706 7708/7708
f 7742/7742 7708/7708 7706/7706
f 7708/7708 7742/7742 7743/7743
f 7706/7706 7707/7707 7705/7705
f 7705/7705 7707/7707 7761/7761
f 7762/7762 7761/7761 7707/7707
f 7705/7705 7704/7704 7706/7706
f 7741/7741 7706/7706 7704/7704
f 7706/7706 7741/7741 7742/7742
f 7704/7704 7705/7705 7703/7703
f 7703/7703 7705/7705 7760/7760
f 7761/7761 7760/7760 7705/7705
f 7703/7703 7702/7702 7704/7704
f 7740/7740 7704/7704 7702/7702
f 7704/7704 7740/7740 7741/7741
f 7702/7702 7703/7703 7701/7701
f 7701/7701 7703/7703 7759/7759
f 7760/7760 7759/7759 7703/7703
f 7701/7701 7700/7700 7702/7702
f 7739/7739 7702/7702 7700/7700
f 7702/7702 7739/7739 7740/7740
f 7700/7700 7701/7701 7697/7697
f 7697/7697 7701/7701 7758/7758
f 7759/7759 7758/7758 7701/7701
f 7700/7700 7738/7738 7739/7739
f 7758/7758 7756/7756 7697/7697
f 7698/7698 7697/7697 7756/7756
f 7756/7756 7757/7757 7698/7698
f 7776/7776 7777/7777 7778/7778
f 7778/7778 7779/7779 7776/7776
f 7780/7780 7776/7776 7779/7779
f 7778/7778 7777/7777 7814/7814
f 7814/7814 7815/7815 7778/7778
f 7814/7814 7813/7813 7812/7812
f 7812/7812 7815/7815 7814/7814
f 7812/7812 7813/7813 7810/7810
f 7810/7810 7811/7811 7812/7812
f 7810/7810 7806/7806 7809/7809
f 7809/7809 7811/7811 7810/7810
f 7806/7806 7807/7807 7808/7808
f 7808/7808 7809/7809 7806/7806
f 7779/7779 7781/7781 7780/7780
f 7896/7896 7780/7780 7781/7781
f 7781/7781 7897/7897 7896/7896
f 7896/7896 7897/7897 7784/7784
f 7784/7784 7783/7783 7896/7896
f 7782/7782 7783/7783 7784/7784
f 7784/7784 7785/7785 7782/7782
f 7786/7786 7787/7787 7788/7788
f 7788/7788 7789/7789 7786/7786
f 7790/7790 7786/7786 7789/7789
f 7789/7789 7791/7791 7790/7790
f 7792/7792 7790/7790 7791/7791
f 7791/7791 7793/7793 7792/7792
f 7792/7792 7793/7793 7796/7796
f 7796/7796 7795/7795 7792/7792
f 7794/7794 7795/7795 7796/7796
f 7796/7796 7797/7797 7794/7794
f 7798/7798 7794/7794 7797/7797
f 7797/7797 7799/7799 7798/7798
f 7798/7798 7799/7799 7898/7898
f 7898/7898 7899/7899 7798/7798
f 7899/7899 7898/7898 7801/7801
f 7801/7801 7800/7800 7899/7899
f 7800/7800 7801/7801 7802/7802
f 7802/7802 7803/7803 7800/7800
f 7804/7804 7803/7803 7802/7802
f 7802/7802 7805/7805 7804/7804
f 7816/7816 7817/7817 7818/7818
f 7818/7818 7819/7819 7816/7816
f 7854/7854 7816/7816 7819/7819
f 7816/7816 7876/7876 7877/7877
f 7877/7877 7817/7817 7816/7816
f 7876/7876 7816/7816 7854/7854
f 7819/7819 7855/7855 7854/7854
f 7819/7819 7818/7818 7856/7856
f 7856/7856 7857/7857 7819/7819
f 7855/7855 7819/7819 7857/7857
f 7852/7852 7854/7854 7855/7855
f 7895/7895 7854/7854 7852/7852
f 7854/7854 7895/7895 7876/7876
f 7855/7855 7853/7853 7852/7852
f 7853/7853 7855/7855 7875/7875
f 7857/7857 7875/7875 7855/7855
f 7850/7850 7852/7852 7853/7853
f 7894/7894 7852/7852 7850/7850
f 7852/7852 7894/7894 7895/7895
f 7853/7853 7851/7851 7850/7850
f 7851/7851 7853/7853 7874/7874
f 7875/7875 7874/7874 7853/7853
f 7848/7848 7850/7850 7851/7851
f 7893/7893 7850/7850 7848/7848
f 7850/7850 7893/7893 7894/7894
f 7851/7851 7849/7849 7848/7848
f 7849/7849 7851/7851 7873/7873
f 7874/7874 7873/7873 7851/7851
f 7846/7846 7848/7848 7849/7849
f 7892/7892 7848/7848 7846/7846
f 7848/7848 7892/7892 7893/7893
f 7849/7849 7847/7847 7846/7846
f 7847/7847 7849/7849 7872/7872
f 7873/7873 7872/7872 7849/7849
f 7844/7844 7846/7846 7847/7847
f 7891/7891 7846/7846 7844/7844
f 7846/7846 7891/7891 7892/7892
f 7847/7847 7845/7845 7844/7844
f 7845/7845 7847/7847 7871/7871
f 7872/7872 7871/7871 7847/7847
f 7842/7842 7844/7844 7845/7845
f 7890/7890 7844/7844 7842/7842
f 7844/7844 7890/7890 7891/7891
f 7845/7845 7843/7843 7842/7842
f 7843/7843 7845/7845 7870/7870
f 7871/7871 7870/7870 7845/7845
f 7840/7840 7842/7842 7843/7843
f 7889/7889 7842/7842 7840/7840
f 7842/7842 7889/7889 7890/7890
f 7843/7843 7841/7841 7840/7840
f 7841/7841 7843/7843 7869/7869
f 7870/7870 7869/7869 7843/7843
f 7838/7838 7840/7840 7841/7841
f 7888/7888 7840/7840 7838/7838
f 7840/7840 7888/7888 7889/7889
f 7841/7841 7839/7839 7838/7838
f 7839/7839 7841/7841 7868/7868
f 7869/7869 7868/7868 7841/7841
f 7836/7836 7838/7838 7839/7839
f 7887/7887 7838/7838 7836/7836
f 7838/7838 7887/7887 7888/7888
f 7839/7839 7837/7837 7836/7836
f 7837/7837 7839/7839 7867/7867
f 7868/7868 7867/7867 7839/7839
f 7834/7834 7836/7836 7837/7837
f 7886/7886 7836/7836 7834/7834
f 7836/7836 7886/7886 7887/7887
f 7837/7837 7835/7835 7834/7834
f 7835/7835 7837/7837 7866/7866
f 7867/7867 7866/7866 7837/7837
f 7832/7832 7834/7834 7835/7835
f 7885/7885 7834/7834 7832/7832
f 7834/7834 7885/7885 7886/7886
f 7835/7835 7833/7833 7832/7832
f 7833/7833 7835/7835 7865/7865
f 7866/7866 7865/7865 7835/7835
f 7830/7830 7832/7832 7833/7833
f 7884/7884 7832/7832 7830/7830
f 7832/7832 7884/7884 7885/7885
f 7833/7833 7831/7831 7830/7830
f 7831/7831 7833/7833 7864/7864
f 7865/7865 7864/7864 7833/7833
f 7828/7828 7830/7830 7831/7831
f 7883/7883 7830/7830 7828/7828
f 7830/7830 7883/7883 7884/7884
f 7831/7831 7829/7829 7828/7828
f 7829/7829 7831/7831 7863/7863
f 7864/7864 7863/7863 7831/7831
f 7826/7826 7828/7828 7829/7829
f 7882/7882 7828/7828 7826/7826
f 7828/7828 7882/7882 7883/7883
f 7829/7829 7827/7827 7826/7826
f 7827/7827 7829/7829 7862/7862
f 7863/7863 7862/7862 7829/7829
f 7824/7824 7826/7826 7827/7827
f 7881/7881 7826/7826 7824/7824
f 7826/7826 7881/7881 7882/7882
f 7827/7827 7825/7825 7824/7824
f 7825/7825 7827/7827 7861/7861
f 7862/7862 7861/7861 7827/7827
f 7822/7822 7824/7824 7825/7825
f 7880/7880 7824/7824 7822/7822
f 7824/7824 7880/7880 7881/7881
f 7825/7825 7823/7823 7822/7822
f 7823/7823 7825/7825 7860/7860
f 7861/7861 7860/7860 7825/7825
f 7820/7820 7822/7822 7823/7823
f 7879/7879 7822/7822 7820/7820
f 7822/7822 7879/7879 7880/7880
f 7823/7823 7821/7821 7820/7820
f 7821/7821 7823/7823 7859/7859
f 7860/7860 7859/7859 7823/7823
f 7817/7817 7820/7820 7821/7821
f 7878/7878 7820/7820 7817/7817
f 7820/7820 7878/7878 7879/7879
f 7821/7821 7818/7818 7817/7817
f 7818/7818 7821/7821 7858/7858
f 7859/7859 7858/7858 7821/7821
f 7817/7817 7877/7877 7878/7878
f 7858/7858 7856/7856 7818/7818
f 7900/7900 7901/7901 7902/7902
f 7912/7912 7900/7900 7902/7902
f 7901/7901 7903/7903 7902/7902
f 7903/7903 7904/7904 7902/7902
f 7904/7904 7905/7905 7902/7902
f 7905/7905 7906/7906 7902/7902
f 7906/7906 7907/7907 7902/7902
f 7907/7907 7908/7908 7902/7902
f 7908/7908 7909/7909 7902/7902
f 7909/7909 7910/7910 7902/7902
f 7910/7910 7911/7911 7902/7902
f 7911/7911 7912/7912 7902/7902
