mtllib suv.mtl
o wheel_e003
usemtl wheel-32
v -0.7822671 0.3313404 1.0651185
v -0.7918989 0.3952833 1.0682489
v -0.8000156 0.3917751 1.0782073
v -0.7909124 0.3313405 1.0752486
v -0.8198510 0.4529671 1.0773337
v -0.8264338 0.4462940 1.0867936
v -0.8633870 0.4987451 1.0914835
v -0.8675815 0.4895604 1.1001670
v -0.9182462 0.5281364 1.1093134
v -0.9194308 0.5173392 1.1170187
v -0.9790579 0.5382640 1.1290780
v -0.9769059 0.5269111 1.1356989
v -1.0398696 0.5281364 1.1488425
v -1.0343811 0.5173392 1.1543791
v -1.0947284 0.4987451 1.1666724
v -1.0862303 0.4895604 1.1712308
v -1.1382648 0.4529670 1.1808223
v -1.1273780 0.4462940 1.1846042
v -1.1662169 0.3952833 1.1899070
v -1.1537963 0.3917751 1.1931906
v -1.1758483 0.3313404 1.1930374
v -1.1628994 0.3313404 1.1961492
v -1.1662169 0.2673975 1.1899070
v -1.1537963 0.2709058 1.1931905
v -1.1382644 0.2097138 1.1808222
v -1.1273780 0.2163869 1.1846042
v -1.0947284 0.1639358 1.1666724
v -1.0862300 0.1731205 1.1712307
v -1.0398692 0.1345445 1.1488425
v -1.0343811 0.1453418 1.1543790
v -0.9790575 0.1244170 1.1290779
v -0.9769055 0.1357699 1.1356988
v -0.9790575 0.1244170 1.1290779
v -0.9182458 0.1345446 1.1093133
v -0.9194304 0.1453419 1.1170187
v -0.9769055 0.1357699 1.1356988
v -0.8633870 0.1639360 1.0914835
v -0.8675815 0.1731207 1.1001670
v -0.8198506 0.2097141 1.0773336
v -0.8264338 0.2163872 1.0867935
v -0.7918989 0.2673979 1.0682489
v -0.8000156 0.2709061 1.0782072
v -0.7909124 0.3313405 1.0752486
v -0.8000156 0.3917751 1.0782073
v -0.8474106 0.3841160 1.0086429
v -0.8394611 0.3313405 1.0060592
v -0.8264338 0.4462940 1.0867936
v -0.8704809 0.4317256 1.0161411
v -0.8675815 0.4895604 1.1001670
v -0.9064139 0.4695088 1.0278197
v -0.9194308 0.5173392 1.1170187
v -0.9516922 0.4937671 1.0425357
v -0.9769059 0.5269111 1.1356989
v -1.0018833 0.5021259 1.0588485
v -1.0343811 0.5173392 1.1543791
v -1.0520744 0.4937671 1.0751612
v -1.0862303 0.4895604 1.1712308
v -1.0973527 0.4695088 1.0898772
v -1.1273780 0.4462940 1.1846042
v -1.1332854 0.4317256 1.1015559
v -1.1537963 0.3917751 1.1931906
v -1.1563560 0.3841160 1.1090541
v -1.1628994 0.3313404 1.1961492
v -1.1643055 0.3313404 1.1116378
v -1.1537963 0.2709058 1.1931905
v -1.1563560 0.2785648 1.1090541
v -1.1273780 0.2163869 1.1846042
v -1.1332854 0.2309553 1.1015559
v -1.0862300 0.1731205 1.1712307
v -1.0973524 0.1931722 1.0898772
v -1.0343811 0.1453418 1.1543790
v -1.0520744 0.1689139 1.0751612
v -0.9769055 0.1357699 1.1356988
v -1.0018829 0.1605551 1.0588484
v -0.9769055 0.1357699 1.1356988
v -0.9194304 0.1453419 1.1170187
v -0.9516918 0.1689140 1.0425357
v -1.0018829 0.1605551 1.0588484
v -0.8675815 0.1731207 1.1001670
v -0.9064139 0.1931724 1.0278197
v -0.8264338 0.2163872 1.0867935
v -0.8704809 0.2309556 1.0161410
v -0.8000156 0.2709061 1.0782072
v -0.8474106 0.2785651 1.0086429
v -1.2574731 0.3313404 0.9418937
v -1.2478413 0.3952833 0.9387633
v -1.2397250 0.3917751 0.9288050
v -1.2488281 0.3313404 0.9317637
v -1.2198896 0.4529671 0.9296785
v -1.2133063 0.4462940 0.9202186
v -1.1763532 0.4987451 0.9155287
v -1.1721587 0.4895604 0.9068452
v -1.1214940 0.5281365 0.8976988
v -1.1203097 0.5173392 0.8899935
v -1.0606827 0.5382640 0.8779343
v -1.0628342 0.5269111 0.8713134
v -0.9998710 0.5281365 0.8581697
v -1.0053591 0.5173392 0.8526332
v -0.9450121 0.4987452 0.8403399
v -0.9535102 0.4895604 0.8357815
v -0.9014758 0.4529670 0.8261900
v -0.9123625 0.4462940 0.8224081
v -0.8735237 0.3952833 0.8171053
v -0.8859439 0.3917751 0.8138217
v -0.8638919 0.3313404 0.8139749
v -0.8768407 0.3313404 0.8108630
v -0.8735237 0.2673975 0.8171053
v -0.8859439 0.2709057 0.8138218
v -0.9014758 0.2097138 0.8261901
v -0.9123625 0.2163869 0.8224081
v -0.9450121 0.1639358 0.8403399
v -0.9535102 0.1731204 0.8357816
v -0.9998710 0.1345445 0.8581698
v -1.0053595 0.1453418 0.8526333
v -1.0606827 0.1244170 0.8779344
v -1.0628346 0.1357699 0.8713135
v -1.0606827 0.1244170 0.8779344
v -1.1214944 0.1345446 0.8976989
v -1.1203097 0.1453419 0.8899936
v -1.0628346 0.1357699 0.8713135
v -1.1763532 0.1639360 0.9155288
v -1.1721590 0.1731207 0.9068452
v -1.2198896 0.2097142 0.9296786
v -1.2133067 0.2163872 0.9202188
v -1.2478417 0.2673979 0.9387633
v -1.2397250 0.2709061 0.9288050
v -1.2488281 0.3313404 0.9317637
v -1.2397250 0.3917751 0.9288050
v -1.1563560 0.3841160 1.1090541
v -1.1643055 0.3313404 1.1116378
v -1.2133063 0.4462940 0.9202186
v -1.1332854 0.4317256 1.1015559
v -1.1721587 0.4895604 0.9068452
v -1.0973527 0.4695088 1.0898772
v -1.1203097 0.5173392 0.8899935
v -1.0520744 0.4937671 1.0751612
v -1.0628342 0.5269111 0.8713134
v -1.0018833 0.5021259 1.0588485
v -1.0053591 0.5173392 0.8526332
v -0.9516922 0.4937671 1.0425357
v -0.9535102 0.4895604 0.8357815
v -0.9064139 0.4695088 1.0278197
v -0.9123625 0.4462940 0.8224081
v -0.8704809 0.4317256 1.0161411
v -0.8859439 0.3917751 0.8138217
v -0.8474106 0.3841160 1.0086429
v -0.8768407 0.3313404 0.8108630
v -0.8394611 0.3313405 1.0060592
v -0.8859439 0.2709057 0.8138218
v -0.8474106 0.2785651 1.0086429
v -0.9123625 0.2163869 0.8224081
v -0.8704809 0.2309556 1.0161410
v -0.9535102 0.1731204 0.8357816
v -0.9064139 0.1931724 1.0278197
v -1.0053595 0.1453418 0.8526333
v -0.9516918 0.1689140 1.0425357
v -1.0628346 0.1357699 0.8713135
v -1.0018829 0.1605551 1.0588484
v -1.0628346 0.1357699 0.8713135
v -1.1203097 0.1453419 0.8899936
v -1.0520744 0.1689139 1.0751612
v -1.0018829 0.1605551 1.0588484
v -1.1721590 0.1731207 0.9068452
v -1.0973524 0.1931722 1.0898772
v -1.2133067 0.2163872 0.9202188
v -1.1332854 0.2309553 1.1015559
v -1.2397250 0.2709061 0.9288050
v -1.1563560 0.2785648 1.1090541
v -0.6932692 0.4289801 1.0361931
v -0.7228293 0.4180144 1.0544281
v -0.7097742 0.3313405 1.0501848
v -0.6785620 0.3313405 1.0314131
v -0.7359515 0.5170622 1.0500654
v -0.7607185 0.4962041 1.0667424
v -0.8024307 0.5869645 1.0716720
v -0.8197313 0.5582558 1.0859224
v -0.8861994 0.6318444 1.0988979
v -0.8940919 0.5980955 1.1100906
v -0.9790579 0.6473090 1.1290780
v -0.9765215 0.6118233 1.1368812
v -1.0719160 0.6318444 1.1592582
v -1.0589511 0.5980955 1.1636718
v -1.1556847 0.5869645 1.1864840
v -1.1333121 0.5582558 1.1878401
v -1.2221639 0.5170621 1.2080906
v -1.1923249 0.4962041 1.2070201
v -1.2648462 0.4289800 1.2219629
v -1.2302137 0.4180143 1.2193344
v -1.2795534 0.3313404 1.2267429
v -1.2432692 0.3313404 1.2235776
v -1.2648462 0.2337007 1.2219628
v -1.2302137 0.2446664 1.2193344
v -1.2221639 0.1456186 1.2080905
v -1.1923249 0.1664767 1.2070200
v -1.1556847 0.0757163 1.1864839
v -1.1333118 0.1044250 1.1878400
v -1.0719160 0.0308364 1.1592580
v -1.0589511 0.0645855 1.1636718
v -0.9790575 0.0153719 1.1290779
v -0.9765215 0.0508577 1.1368811
v -0.8861990 0.0308366 1.0988978
v -0.8940919 0.0645856 1.1100904
v -0.8024303 0.0757168 1.0716718
v -0.8197313 0.1044254 1.0859223
v -0.7359515 0.1456192 1.0500653
v -0.7607181 0.1664771 1.0667423
v -0.6932692 0.2337013 1.0361931
v -0.7228293 0.2446670 1.0544280
v -0.6730746 0.3313405 0.9985648
v -0.6884975 0.4337303 1.0035774
v -0.7332563 0.5260975 1.0181246
v -0.8029696 0.5994006 1.0407823
v -0.8908139 0.6464640 1.0693327
v -0.9881897 0.6626809 1.1009812
v -1.0855656 0.6464640 1.1326295
v -1.1734094 0.5994005 1.1611799
v -1.2431227 0.5260974 1.1838377
v -1.2878816 0.4337302 1.1983848
v -1.3033044 0.3313403 1.2033975
v -1.2878816 0.2289505 1.1983848
v -1.2431227 0.1365833 1.1838376
v -1.1734094 0.0632803 1.1611798
v -1.0855652 0.0162169 1.1326294
v -0.9881893 0.0000000 1.1009810
v -0.8908135 0.0162171 1.0693326
v -0.8029693 0.0632807 1.0407822
v -0.7332560 0.1365838 1.0181245
v -0.6884975 0.2289511 1.0035774
v -0.7918989 0.3952834 1.0682490
v -0.7822671 0.3313405 1.0651186
v -0.8198510 0.4529671 1.0773337
v -0.8633874 0.4987451 1.0914836
v -0.9182462 0.5281364 1.1093134
v -0.9790579 0.5382640 1.1290780
v -1.0398696 0.5281364 1.1488425
v -1.0947284 0.4987451 1.1666724
v -1.1382648 0.4529670 1.1808222
v -1.1662169 0.3952833 1.1899070
v -1.1758483 0.3313404 1.1930374
v -1.1662169 0.2673975 1.1899070
v -1.1382648 0.2097138 1.1808222
v -1.0947284 0.1639358 1.1666723
v -1.0398692 0.1345445 1.1488425
v -0.9790575 0.1244170 1.1290779
v -0.9182458 0.1345446 1.1093134
v -0.8633870 0.1639360 1.0914835
v -0.8198506 0.2097141 1.0773337
v -0.7918989 0.2673979 1.0682489
v -0.6884975 0.4337303 1.0035774
v -0.6730746 0.3313405 0.9985648
v -0.7360800 0.3313405 0.8047096
v -0.7515028 0.4337303 0.8097222
v -0.7332563 0.5260975 1.0181246
v -0.7962617 0.5260975 0.8242694
v -0.9881897 0.6626809 1.1009812
v -0.8908139 0.6464640 1.0693327
v -0.9538192 0.6464640 0.8754777
v -1.0511951 0.6626809 0.9071260
v -1.0855656 0.6464640 1.1326295
v -0.9881897 0.6626809 1.1009812
v -1.0511951 0.6626809 0.9071260
v -1.1485709 0.6464640 0.9387744
v -1.1734094 0.5994005 1.1611799
v -1.2364148 0.5994005 0.9673248
v -1.2431227 0.5260974 1.1838377
v -1.3061285 0.5260974 0.9899826
v -1.3033044 0.3313403 1.2033975
v -1.2878816 0.4337302 1.1983848
v -1.3508869 0.4337302 1.0045297
v -1.3663098 0.3313403 1.0095423
v -1.2878816 0.2289505 1.1983848
v -1.3508869 0.2289505 1.0045297
v -1.1734094 0.0632803 1.1611798
v -1.2364148 0.0632802 0.9673247
v -1.1485705 0.0162169 0.9387742
v -1.0855652 0.0162169 1.1326294
v -0.9881893 0.0000000 1.1009810
v -1.0511947 0.0000000 0.9071259
v -0.8908135 0.0162171 1.0693326
v -0.9881893 0.0000000 1.1009810
v -1.0511947 0.0000000 0.9071259
v -0.9538189 0.0162171 0.8754775
v -0.8029693 0.0632807 1.0407822
v -0.8659750 0.0632807 0.8469271
v -0.7962613 0.1365838 0.8242694
v -0.7332560 0.1365838 1.0181245
v -0.6884975 0.2289511 1.0035774
v -0.7515028 0.2289511 0.8097222
v -0.7961152 0.3313405 0.7845295
v -0.8091708 0.4180144 0.7887727
v -0.7745383 0.4289801 0.7861442
v -0.7598311 0.3313405 0.7813642
v -0.8470595 0.4962041 0.8010871
v -0.8172205 0.5170622 0.8000165
v -0.9060727 0.5582558 0.8202670
v -0.8836997 0.5869645 0.8216231
v -0.9804334 0.5980955 0.8444352
v -0.9674684 0.6318444 0.8488490
v -1.0628629 0.6118233 0.8712259
v -1.0603269 0.6473090 0.8790291
v -1.1452925 0.5980955 0.8980165
v -1.1531850 0.6318444 0.9092093
v -1.2196532 0.5582558 0.9221847
v -1.2369537 0.5869645 0.9364351
v -1.2786663 0.4962041 0.9413647
v -1.3034330 0.5170621 0.9580417
v -1.3165551 0.4180144 0.9536790
v -1.3461152 0.4289800 0.9719140
v -1.3296106 0.3313404 0.9579222
v -1.3608224 0.3313403 0.9766940
v -1.3165551 0.2446664 0.9536790
v -1.3461152 0.2337007 0.9719139
v -1.2786663 0.1664767 0.9413647
v -1.3034330 0.1456186 0.9580416
v -1.2196532 0.1044250 0.9221847
v -1.2369537 0.0757163 0.9364351
v -1.1452925 0.0645855 0.8980164
v -1.1531850 0.0308364 0.9092091
v -1.0628625 0.0508577 0.8712258
v -1.0603265 0.0153719 0.8790290
v -0.9804330 0.0645856 0.8444351
v -0.9674681 0.0308366 0.8488488
v -0.9060723 0.1044254 0.8202669
v -0.8836994 0.0757168 0.8216230
v -0.8470595 0.1664772 0.8010870
v -0.8172205 0.1456192 0.8000164
v -0.8091708 0.2446670 0.7887727
v -0.7745383 0.2337013 0.7861442
v -0.7515028 0.4337303 0.8097222
v -0.7360800 0.3313405 0.8047096
v -0.7962617 0.5260975 0.8242694
v -0.8659750 0.5994006 0.8469271
v -0.9538192 0.6464640 0.8754777
v -1.0511951 0.6626809 0.9071260
v -1.1485709 0.6464640 0.9387744
v -1.2364148 0.5994005 0.9673248
v -1.3061285 0.5260974 0.9899826
v -1.3508869 0.4337302 1.0045297
v -1.3663098 0.3313403 1.0095423
v -1.3508869 0.2289505 1.0045297
v -1.3061281 0.1365832 0.9899825
v -1.2364148 0.0632802 0.9673247
v -1.1485705 0.0162169 0.9387742
v -1.0511947 0.0000000 0.9071259
v -0.9538189 0.0162171 0.8754775
v -0.8659750 0.0632807 0.8469271
v -0.7962613 0.1365838 0.8242694
v -0.7515028 0.2289511 0.8097222
v -0.8635361 0.3313405 0.8150697
v -0.8731679 0.3952834 0.8182001
v -0.9011200 0.4529671 0.8272848
v -0.9446564 0.4987451 0.8414347
v -0.9995152 0.5281365 0.8592646
v -1.0603269 0.5382640 0.8790291
v -1.1211386 0.5281364 0.8987937
v -1.1759974 0.4987451 0.9166236
v -1.2195338 0.4529670 0.9307734
v -1.2474859 0.3952833 0.9398582
v -1.2571173 0.3313404 0.9429886
v -1.2474859 0.2673975 0.9398581
v -1.2195338 0.2097138 0.9307734
v -1.1759974 0.1639358 0.9166235
v -1.1211382 0.1345444 0.8987936
v -1.0603265 0.1244170 0.8790290
v -0.9995148 0.1345446 0.8592645
v -0.9446560 0.1639360 0.8414346
v -0.9011196 0.2097141 0.8272848
v -0.8731679 0.2673979 0.8182000
v -0.8029696 0.5994006 1.0407823
v -0.8659750 0.5994006 0.8469271
v -1.3061281 0.1365832 0.9899825
v -1.2431227 0.1365833 1.1838376
v -0.8684253 0.2486448 1.0060794
v -0.8473525 0.3313405 0.9992304
v -0.9865564 0.3313405 1.1060064
v -0.8684257 0.4140363 1.0060794
v -0.9259987 0.4745737 1.0247914
v -1.0046446 0.4967319 1.0503524
v -1.0832908 0.4745736 1.0759134
v -1.1408639 0.4140362 1.0946253
v -1.1619371 0.3313405 1.1014744
v -1.1408639 0.2486448 1.0946253
v -1.0832908 0.1881073 1.0759134
v -1.0046446 0.1659490 1.0503524
v -0.9259983 0.1881073 1.0247913
v -0.8296285 0.2232917 1.0713741
v -0.8802293 0.2550051 1.0931782
v -0.9223298 0.2529468 1.1096684
v -0.8396405 0.2050783 1.0745738
v -0.8166953 0.4158352 1.0671707
v -0.8673279 0.3841794 1.0889850
v -0.8862702 0.3440615 1.0979486
v -0.8067086 0.3976257 1.0638705
v -0.9688110 0.5238838 1.1166101
v -0.9672673 0.4605147 1.1214666
v -0.9432844 0.4224552 1.1164789
v -0.9488280 0.5238878 1.1100611
v -1.1338591 0.4393892 1.1702529
v -1.0801080 0.4076759 1.1581413
v -1.0363574 0.4097342 1.1467289
v -1.1238789 0.4576026 1.1669549
v -1.1467923 0.2468459 1.1744563
v -1.0930094 0.2785017 1.1623344
v -1.0724171 0.3186195 1.1584486
v -1.1568111 0.2650553 1.1776582
v -0.9946770 0.1387971 1.1250169
v -0.9930701 0.2021663 1.1298528
v -1.0154028 0.2402258 1.1399184
v -1.0146918 0.1387931 1.1314677
v -0.9174085 0.3487906 1.1080690
v -0.9174085 0.3138905 1.1080690
v -0.8862702 0.3186195 1.0979486
v -0.9627480 0.3964649 1.1228050
v -0.9340037 0.3790148 1.1134628
v -0.9223298 0.4097342 1.1096684
v -1.0246835 0.3790149 1.1429347
v -0.9959392 0.3964649 1.1335925
v -1.0154032 0.4224552 1.1399184
v -1.0412787 0.3138905 1.1483285
v -1.0412787 0.3487906 1.1483285
v -1.0724171 0.3440615 1.1584486
v -0.9959392 0.2662162 1.1335925
v -1.0246835 0.2836662 1.1429347
v -1.0363574 0.2529468 1.1467288
v -0.9340037 0.2836662 1.1134628
v -0.9627480 0.2662162 1.1228050
v -0.9432844 0.2402258 1.1164788
v -0.9174085 0.3487906 1.1080690
v -0.9340037 0.3790148 1.1134628
v -0.9867779 0.3313405 1.1053245
v -0.9627480 0.3964649 1.1228050
v -0.9959392 0.3964649 1.1335925
v -1.0246835 0.3790149 1.1429347
v -1.0412787 0.3487906 1.1483285
v -1.0412787 0.3138905 1.1483285
v -1.0246835 0.2836662 1.1429347
v -0.9959392 0.2662162 1.1335925
v -0.9627480 0.2662162 1.1228050
v -0.9340037 0.2836662 1.1134628
v -0.9174085 0.3138905 1.1080690
v -0.8166953 0.2468459 1.0671707
v -0.8067086 0.2650553 1.0638705
v -0.8673279 0.2785017 1.0889850
v -0.8296285 0.4393893 1.0713741
v -0.8396409 0.4576028 1.0745739
v -0.8802293 0.4076760 1.0931782
v -0.9946770 0.5238838 1.1250169
v -1.0146918 0.5238878 1.1314677
v -0.9930705 0.4605147 1.1298529
v -1.1467923 0.4158350 1.1744563
v -1.1568111 0.3976256 1.1776582
v -1.0930094 0.3841793 1.1623344
v -1.1338591 0.2232917 1.1702529
v -1.1238789 0.2050783 1.1669549
v -1.0801080 0.2550051 1.1581412
v -0.9688106 0.1387971 1.1166101
v -0.9488280 0.1387931 1.1100610
v -0.9672673 0.2021663 1.1214666
v -0.8351212 0.2445027 1.0442538
v -0.8673279 0.2785017 1.0889850
v -0.8802293 0.2550051 1.0931782
v -0.8411598 0.2335045 1.0462165
v -0.8411602 0.4291766 1.0462165
v -0.8802293 0.4076760 1.0931782
v -0.8673279 0.3841794 1.0889850
v -0.8351212 0.4181784 1.0442538
v -0.9962800 0.5160142 1.0966324
v -0.9930705 0.4605147 1.1298529
v -0.9672673 0.4605147 1.1214666
v -0.9842021 0.5160142 1.0927070
v -1.1453606 0.4181782 1.1450855
v -1.0930094 0.3841793 1.1623344
v -1.0801080 0.4076759 1.1581413
v -1.1393220 0.4291764 1.1431229
v -1.1393220 0.2335045 1.1431228
v -1.0801080 0.2550051 1.1581412
v -1.0930094 0.2785017 1.1623344
v -1.1453610 0.2445027 1.1450855
v -0.9842021 0.1466667 1.0927070
v -0.9672673 0.2021663 1.1214666
v -0.9930701 0.2021663 1.1298528
v -0.9962796 0.1466667 1.0966324
v -0.8673279 0.3841794 1.0889850
v -0.8166953 0.4158352 1.0671707
v -0.8351212 0.4181784 1.0442538
v -0.8296285 0.4393893 1.0713741
v -0.8802293 0.4076760 1.0931782
v -0.8411602 0.4291766 1.0462165
v -0.8802293 0.2550051 1.0931782
v -0.8296285 0.2232917 1.0713741
v -0.8411598 0.2335045 1.0462165
v -0.8166953 0.2468459 1.0671707
v -0.8673279 0.2785017 1.0889850
v -0.8351212 0.2445027 1.0442538
v -0.9930701 0.2021663 1.1298528
v -0.9946770 0.1387971 1.1250169
v -0.9962796 0.1466667 1.0966324
v -0.9688106 0.1387971 1.1166101
v -0.9672673 0.2021663 1.1214666
v -0.9842021 0.1466667 1.0927070
v -1.0930094 0.2785017 1.1623344
v -1.1467923 0.2468459 1.1744563
v -1.1453610 0.2445027 1.1450855
v -1.1338591 0.2232917 1.1702529
v -1.0801080 0.2550051 1.1581412
v -1.1393220 0.2335045 1.1431228
v -1.0801080 0.4076759 1.1581413
v -1.1338591 0.4393892 1.1702529
v -1.1393220 0.4291764 1.1431229
v -1.1467923 0.4158350 1.1744563
v -1.0930094 0.3841793 1.1623344
v -1.1453606 0.4181782 1.1450855
v -0.9946770 0.5238838 1.1250169
v -0.9930705 0.4605147 1.1298529
v -0.9962800 0.5160142 1.0966324
v -0.9672673 0.4605147 1.1214666
v -0.9688110 0.5238838 1.1166101
v -0.9842021 0.5160142 1.0927070
v 1.5068318 0.3313405 0.3211328
v 1.4972004 0.3952834 0.3242632
v 1.4890838 0.3917752 0.3342216
v 1.4981873 0.3313405 0.3312629
v 1.4692487 0.4529672 0.3333480
v 1.4626651 0.4462941 0.3428079
v 1.4257124 0.4987452 0.3474978
v 1.4215178 0.4895605 0.3561814
v 1.3708532 0.5281365 0.3653277
v 1.3696689 0.5173393 0.3730330
v 1.3100415 0.5382641 0.3850922
v 1.3121934 0.5269112 0.3917131
v 1.2492298 0.5281365 0.4048569
v 1.2547187 0.5173393 0.4103934
v 1.1943709 0.4987452 0.4226867
v 1.2028690 0.4895605 0.4272450
v 1.1508346 0.4529671 0.4368365
v 1.1617213 0.4462941 0.4406185
v 1.1228825 0.3952834 0.4459213
v 1.1353031 0.3917752 0.4492049
v 1.1132511 0.3313405 0.4490517
v 1.1261999 0.3313405 0.4521635
v 1.1228825 0.2673976 0.4459213
v 1.1353031 0.2709059 0.4492048
v 1.1508349 0.2097139 0.4368365
v 1.1617213 0.2163870 0.4406185
v 1.1943709 0.1639359 0.4226867
v 1.2028694 0.1731206 0.4272450
v 1.2492298 0.1345446 0.4048568
v 1.2547187 0.1453419 0.4103933
v 1.3100415 0.1244171 0.3850922
v 1.3121934 0.1357700 0.3917131
v 1.3100415 0.1244171 0.3850922
v 1.3708532 0.1345447 0.3653277
v 1.3696689 0.1453420 0.3730329
v 1.3121934 0.1357700 0.3917131
v 1.4257124 0.1639361 0.3474978
v 1.4215178 0.1731208 0.3561813
v 1.4692487 0.2097142 0.3333479
v 1.4626659 0.2163873 0.3428078
v 1.4972004 0.2673980 0.3242632
v 1.4890838 0.2709062 0.3342215
v 1.4981873 0.3313405 0.3312629
v 1.4890838 0.3917752 0.3342216
v 1.4416887 0.3841161 0.2646573
v 1.4496379 0.3313405 0.2620734
v 1.4626651 0.4462941 0.3428079
v 1.4186185 0.4317257 0.2721553
v 1.4215178 0.4895605 0.3561814
v 1.3826855 0.4695089 0.2838340
v 1.3696689 0.5173393 0.3730330
v 1.3374072 0.4937672 0.2985500
v 1.3121934 0.5269112 0.3917131
v 1.2872160 0.5021259 0.3148627
v 1.2547187 0.5173393 0.4103934
v 1.2370249 0.4937672 0.3311755
v 1.2028690 0.4895605 0.4272450
v 1.1917466 0.4695089 0.3458915
v 1.1617213 0.4462941 0.4406185
v 1.1558140 0.4317257 0.3575701
v 1.1353031 0.3917752 0.4492049
v 1.1327434 0.3841161 0.3650683
v 1.1261999 0.3313405 0.4521635
v 1.1247938 0.3313405 0.3676520
v 1.1353031 0.2709059 0.4492048
v 1.1327434 0.2785649 0.3650683
v 1.1617213 0.2163870 0.4406185
v 1.1558140 0.2309554 0.3575701
v 1.2028694 0.1731206 0.4272450
v 1.1917470 0.1931723 0.3458915
v 1.2547187 0.1453419 0.4103933
v 1.2370249 0.1689140 0.3311755
v 1.3121934 0.1357700 0.3917131
v 1.2872160 0.1605552 0.3148627
v 1.3121934 0.1357700 0.3917131
v 1.3696689 0.1453420 0.3730329
v 1.3374072 0.1689141 0.2985499
v 1.2872160 0.1605552 0.3148627
v 1.4215178 0.1731208 0.3561813
v 1.3826855 0.1931725 0.2838340
v 1.4626659 0.2163873 0.3428078
v 1.4186185 0.2309557 0.2721553
v 1.4890838 0.2709062 0.3342215
v 1.4416887 0.2785652 0.2646572
v 1.0316263 0.3313405 0.1979080
v 1.0412581 0.3952834 0.1947776
v 1.0493744 0.3917752 0.1848192
v 1.0402712 0.3313405 0.1877779
v 1.0692098 0.4529672 0.1856929
v 1.0757930 0.4462941 0.1762329
v 1.1127462 0.4987452 0.1715430
v 1.1169407 0.4895605 0.1628595
v 1.1676054 0.5281366 0.1537131
v 1.1687896 0.5173393 0.1460078
v 1.2284171 0.5382641 0.1339486
v 1.2262651 0.5269112 0.1273277
v 1.2892288 0.5281366 0.1141840
v 1.2837398 0.5173393 0.1086475
v 1.3440872 0.4987453 0.0963541
v 1.3355895 0.4895605 0.0917958
v 1.3876236 0.4529671 0.0822044
v 1.3767368 0.4462941 0.0784224
v 1.4155761 0.3952834 0.0731196
v 1.4031554 0.3917751 0.0698360
v 1.4252075 0.3313405 0.0699892
v 1.4122582 0.3313405 0.0668773
v 1.4155761 0.2673976 0.0731196
v 1.4031554 0.2709058 0.0698360
v 1.3876236 0.2097139 0.0822044
v 1.3767368 0.2163870 0.0784224
v 1.3440872 0.1639359 0.0963543
v 1.3355888 0.1731205 0.0917958
v 1.2892280 0.1345446 0.1141841
v 1.2837398 0.1453418 0.1086475
v 1.2284163 0.1244171 0.1339487
v 1.2262651 0.1357700 0.1273277
v 1.2284163 0.1244171 0.1339487
v 1.1676050 0.1345447 0.1537132
v 1.1687896 0.1453420 0.1460079
v 1.2262651 0.1357700 0.1273277
v 1.1127462 0.1639361 0.1715431
v 1.1169403 0.1731208 0.1628595
v 1.0692098 0.2097143 0.1856929
v 1.0757926 0.2163873 0.1762330
v 1.0412577 0.2673980 0.1947777
v 1.0493744 0.2709062 0.1848193
v 1.0402712 0.3313405 0.1877779
v 1.0493744 0.3917752 0.1848192
v 1.1327434 0.3841161 0.3650683
v 1.1247938 0.3313405 0.3676520
v 1.0757930 0.4462941 0.1762329
v 1.1558140 0.4317257 0.3575701
v 1.1169407 0.4895605 0.1628595
v 1.1917466 0.4695089 0.3458915
v 1.1687896 0.5173393 0.1460078
v 1.2370249 0.4937672 0.3311755
v 1.2262651 0.5269112 0.1273277
v 1.2872160 0.5021259 0.3148627
v 1.2837398 0.5173393 0.1086475
v 1.3374072 0.4937672 0.2985500
v 1.3355895 0.4895605 0.0917958
v 1.3826855 0.4695089 0.2838340
v 1.3767368 0.4462941 0.0784224
v 1.4186185 0.4317257 0.2721553
v 1.4031554 0.3917751 0.0698360
v 1.4416887 0.3841161 0.2646573
v 1.4122582 0.3313405 0.0668773
v 1.4496379 0.3313405 0.2620734
v 1.4031554 0.2709058 0.0698360
v 1.4416887 0.2785652 0.2646572
v 1.3767368 0.2163870 0.0784224
v 1.4186185 0.2309557 0.2721553
v 1.3355888 0.1731205 0.0917958
v 1.3826855 0.1931725 0.2838340
v 1.2837398 0.1453418 0.1086475
v 1.3374072 0.1689141 0.2985499
v 1.2262651 0.1357700 0.1273277
v 1.2872160 0.1605552 0.3148627
v 1.2262651 0.1357700 0.1273277
v 1.1687896 0.1453420 0.1460079
v 1.2370249 0.1689140 0.3311755
v 1.2872160 0.1605552 0.3148627
v 1.1169403 0.1731208 0.1628595
v 1.1917470 0.1931723 0.3458915
v 1.0757926 0.2163873 0.1762330
v 1.1558140 0.2309554 0.3575701
v 1.0493744 0.2709062 0.1848193
v 1.1327434 0.2785649 0.3650683
v 1.5958301 0.4289802 0.2922074
v 1.5662696 0.4180145 0.3104424
v 1.5793252 0.3313406 0.3061991
v 1.6105373 0.3313406 0.2874274
v 1.5531475 0.5170623 0.3060796
v 1.5283812 0.4962042 0.3227567
v 1.4866686 0.5869646 0.3276862
v 1.4693681 0.5582559 0.3419366
v 1.4028999 0.6318445 0.3549121
v 1.3950074 0.5980956 0.3661048
v 1.3100415 0.6473091 0.3850923
v 1.3125774 0.6118234 0.3928955
v 1.2171830 0.6318445 0.4152724
v 1.2301483 0.5980956 0.4196862
v 1.1334146 0.5869646 0.4424983
v 1.1557872 0.5582559 0.4438544
v 1.0669354 0.5170622 0.4641049
v 1.0967744 0.4962042 0.4630344
v 1.0242532 0.4289801 0.4779772
v 1.0588857 0.4180144 0.4753486
v 1.0095460 0.3313405 0.4827572
v 1.0458301 0.3313405 0.4795918
v 1.0242532 0.2337008 0.4779771
v 1.0588857 0.2446665 0.4753486
v 1.0669354 0.1456187 0.4641048
v 1.0967744 0.1664768 0.4630343
v 1.1334146 0.0757164 0.4424982
v 1.1557876 0.1044251 0.4438543
v 1.2171837 0.0308365 0.4152723
v 1.2301483 0.0645856 0.4196861
v 1.3100422 0.0153720 0.3850921
v 1.3125782 0.0508578 0.3928954
v 1.4028999 0.0308367 0.3549120
v 1.3950074 0.0645857 0.3661047
v 1.4866686 0.0757169 0.3276861
v 1.4693681 0.1044255 0.3419365
v 1.5531483 0.1456193 0.3060795
v 1.5283812 0.1664772 0.3227565
v 1.5958301 0.2337014 0.2922073
v 1.5662696 0.2446671 0.3104424
v 1.6160247 0.3313406 0.2545791
v 1.6006015 0.4337304 0.2595917
v 1.5558426 0.5260976 0.2741389
v 1.4861293 0.5994007 0.2967966
v 1.3982854 0.6464641 0.3253470
v 1.3009096 0.6626810 0.3569954
v 1.2035338 0.6464641 0.3886438
v 1.1156899 0.5994006 0.4171942
v 1.0459766 0.5260975 0.4398520
v 1.0012177 0.4337303 0.4543991
v 0.9857949 0.3313404 0.4594118
v 1.0012177 0.2289506 0.4543991
v 1.0459766 0.1365834 0.4398519
v 1.1156899 0.0632804 0.4171941
v 1.2035342 0.0162170 0.3886437
v 1.3009104 0.0000001 0.3569952
v 1.3982862 0.0162172 0.3253468
v 1.4861301 0.0632808 0.2967965
v 1.5558434 0.1365839 0.2741387
v 1.6006022 0.2289512 0.2595916
v 1.4972004 0.3952835 0.3242632
v 1.5068318 0.3313406 0.3211328
v 1.4692487 0.4529672 0.3333480
v 1.4257124 0.4987452 0.3474978
v 1.3708532 0.5281365 0.3653277
v 1.3100415 0.5382641 0.3850923
v 1.2492298 0.5281365 0.4048569
v 1.1943709 0.4987452 0.4226867
v 1.1508346 0.4529671 0.4368365
v 1.1228825 0.3952834 0.4459213
v 1.1132511 0.3313405 0.4490517
v 1.1228825 0.2673976 0.4459212
v 1.1508346 0.2097139 0.4368365
v 1.1943709 0.1639359 0.4226866
v 1.2492298 0.1345446 0.4048568
v 1.3100415 0.1244171 0.3850922
v 1.3708532 0.1345447 0.3653277
v 1.4257124 0.1639361 0.3474978
v 1.4692487 0.2097142 0.3333479
v 1.4972004 0.2673980 0.3242632
v 1.6006015 0.4337304 0.2595917
v 1.6160247 0.3313406 0.2545791
v 1.5530190 0.3313406 0.0607240
v 1.5375965 0.4337304 0.0657365
v 1.5558426 0.5260976 0.2741389
v 1.4928376 0.5260976 0.0802836
v 1.3009096 0.6626810 0.3569954
v 1.3982854 0.6464641 0.3253470
v 1.3352805 0.6464641 0.1314920
v 1.2379046 0.6626810 0.1631403
v 1.2035338 0.6464641 0.3886438
v 1.3009096 0.6626810 0.3569954
v 1.2379046 0.6626810 0.1631403
v 1.1405284 0.6464641 0.1947887
v 1.1156899 0.5994006 0.4171942
v 1.0526845 0.5994006 0.2233391
v 1.0459766 0.5260975 0.4398520
v 0.9829709 0.5260975 0.2459968
v 0.9857949 0.3313404 0.4594118
v 1.0012177 0.4337303 0.4543991
v 0.9382124 0.4337303 0.2605440
v 0.9227895 0.3313404 0.2655566
v 1.0012177 0.2289506 0.4543991
v 0.9382124 0.2289506 0.2605440
v 1.1156899 0.0632804 0.4171941
v 1.0526845 0.0632803 0.2233390
v 1.1405288 0.0162170 0.1947886
v 1.2035342 0.0162170 0.3886437
v 1.3009104 0.0000001 0.3569952
v 1.2379046 0.0000001 0.1631402
v 1.3982862 0.0162172 0.3253468
v 1.3009104 0.0000001 0.3569952
v 1.2379046 0.0000001 0.1631402
v 1.3352805 0.0162172 0.1314918
v 1.4861301 0.0632808 0.2967965
v 1.4231243 0.0632808 0.1029413
v 1.4928376 0.1365839 0.0802836
v 1.5558434 0.1365839 0.2741387
v 1.6006022 0.2289512 0.2595916
v 1.5375965 0.2289512 0.0657365
v 1.4929837 0.3313406 0.0405438
v 1.4799282 0.4180145 0.0447871
v 1.5145607 0.4289802 0.0421585
v 1.5292679 0.3313406 0.0373784
v 1.4420398 0.4962042 0.0571013
v 1.4718788 0.5170623 0.0560307
v 1.3830267 0.5582559 0.0762813
v 1.4053992 0.5869646 0.0776375
v 1.3086660 0.5980956 0.1004495
v 1.3216305 0.6318445 0.1048632
v 1.2262360 0.6118234 0.1272402
v 1.2287728 0.6473091 0.1350434
v 1.1438068 0.5980956 0.1540308
v 1.1359143 0.6318445 0.1652236
v 1.0694462 0.5582559 0.1781990
v 1.0521456 0.5869646 0.1924494
v 1.0104330 0.4962042 0.1973790
v 0.9856664 0.5170622 0.2140560
v 0.9725442 0.4180145 0.2096933
v 0.9429841 0.4289801 0.2279283
v 0.9594887 0.3313405 0.2139365
v 0.9282769 0.3313404 0.2327083
v 0.9725442 0.2446665 0.2096933
v 0.9429841 0.2337008 0.2279283
v 1.0104330 0.1664768 0.1973790
v 0.9856664 0.1456187 0.2140560
v 1.0694462 0.1044251 0.1781990
v 1.0521456 0.0757164 0.1924493
v 1.1438068 0.0645856 0.1540307
v 1.1359143 0.0308365 0.1652234
v 1.2262368 0.0508578 0.1272401
v 1.2287728 0.0153720 0.1350433
v 1.3086660 0.0645857 0.1004493
v 1.3216313 0.0308367 0.1048632
v 1.3830267 0.1044255 0.0762811
v 1.4054000 0.0757169 0.0776373
v 1.4420398 0.1664773 0.0571011
v 1.4718788 0.1456193 0.0560307
v 1.4799282 0.2446671 0.0447869
v 1.5145615 0.2337014 0.0421585
v 1.5375965 0.4337304 0.0657365
v 1.5530190 0.3313406 0.0607240
v 1.4928376 0.5260976 0.0802836
v 1.4231243 0.5994007 0.1029415
v 1.3352805 0.6464641 0.1314920
v 1.2379046 0.6626810 0.1631403
v 1.1405284 0.6464641 0.1947887
v 1.0526845 0.5994006 0.2233391
v 0.9829709 0.5260975 0.2459968
v 0.9382124 0.4337303 0.2605440
v 0.9227895 0.3313404 0.2655566
v 0.9382124 0.2289506 0.2605440
v 0.9829713 0.1365833 0.2459968
v 1.0526845 0.0632803 0.2233390
v 1.1405288 0.0162170 0.1947886
v 1.2379046 0.0000001 0.1631402
v 1.3352805 0.0162172 0.1314918
v 1.4231243 0.0632808 0.1029413
v 1.4928376 0.1365839 0.0802836
v 1.5375965 0.2289512 0.0657365
v 1.4255632 0.3313405 0.0710839
v 1.4159318 0.3952835 0.0742145
v 1.3879793 0.4529672 0.0832991
v 1.3444429 0.4987452 0.0974490
v 1.2895845 0.5281366 0.1152788
v 1.2287728 0.5382641 0.1350434
v 1.1679607 0.5281365 0.1548079
v 1.1131019 0.4987452 0.1726378
v 1.0695655 0.4529671 0.1867877
v 1.0416134 0.3952834 0.1958725
v 1.0319820 0.3313405 0.1990029
v 1.0416134 0.2673976 0.1958724
v 1.0695655 0.2097139 0.1867876
v 1.1131019 0.1639359 0.1726378
v 1.1679611 0.1345445 0.1548078
v 1.2287728 0.1244171 0.1350433
v 1.2895845 0.1345447 0.1152787
v 1.3444429 0.1639361 0.0974490
v 1.3879793 0.2097142 0.0832991
v 1.4159318 0.2673980 0.0742143
v 1.4861293 0.5994007 0.2967966
v 1.4231243 0.5994007 0.1029415
v 0.9829713 0.1365833 0.2459968
v 1.0459766 0.1365834 0.4398519
v 1.4206740 0.2486449 0.2620937
v 1.4417468 0.3313406 0.2552446
v 1.3025429 0.3313406 0.3620207
v 1.4206740 0.4140364 0.2620937
v 1.3631006 0.4745738 0.2808057
v 1.2844544 0.4967320 0.3063667
v 1.2058085 0.4745737 0.3319277
v 1.1482355 0.4140363 0.3506396
v 1.1271623 0.3313405 0.3574887
v 1.1482355 0.2486449 0.3506396
v 1.2058085 0.1881074 0.3319277
v 1.2844544 0.1659491 0.3063666
v 1.3631006 0.1881074 0.2808056
v 1.4594705 0.2232918 0.3273883
v 1.4088700 0.2550052 0.3491925
v 1.3667696 0.2529469 0.3656826
v 1.4494588 0.2050784 0.3305882
v 1.4724036 0.4158353 0.3231849
v 1.4217711 0.3841795 0.3449993
v 1.4028288 0.3440616 0.3539629
v 1.4823907 0.3976258 0.3198848
v 1.3202887 0.5238839 0.3726244
v 1.3218317 0.4605148 0.3774809
v 1.3458153 0.4224553 0.3724932
v 1.3402714 0.5238879 0.3660754
v 1.1552402 0.4393893 0.4262672
v 1.2089913 0.4076760 0.4141555
v 1.2527419 0.4097343 0.4027432
v 1.1652205 0.4576027 0.4229692
v 1.1423071 0.2468459 0.4304705
v 1.1960899 0.2785018 0.4183487
v 1.2166827 0.3186196 0.4144629
v 1.1322882 0.2650554 0.4336725
v 1.2944224 0.1387972 0.3810312
v 1.2960289 0.2021664 0.3858672
v 1.2736961 0.2402259 0.3959327
v 1.2744076 0.1387932 0.3874820
v 1.3716908 0.3487906 0.3640833
v 1.3716908 0.3138906 0.3640833
v 1.4028288 0.3186196 0.3539629
v 1.3263513 0.3964650 0.3788193
v 1.3550956 0.3790149 0.3694770
v 1.3667696 0.4097343 0.3656827
v 1.2644158 0.3790150 0.3989490
v 1.2931601 0.3964650 0.3896068
v 1.2736961 0.4224553 0.3959327
v 1.2478206 0.3138906 0.4043428
v 1.2478206 0.3487906 0.4043428
v 1.2166827 0.3440616 0.4144629
v 1.2931601 0.2662163 0.3896068
v 1.2644158 0.2836663 0.3989490
v 1.2527419 0.2529469 0.4027432
v 1.3550956 0.2836663 0.3694770
v 1.3263513 0.2662163 0.3788193
v 1.3458153 0.2402259 0.3724932
v 1.3716908 0.3487906 0.3640833
v 1.3550956 0.3790149 0.3694770
v 1.3023210 0.3313406 0.3613387
v 1.3263513 0.3964650 0.3788193
v 1.2931601 0.3964650 0.3896068
v 1.2644158 0.3790150 0.3989490
v 1.2478206 0.3487906 0.4043428
v 1.2478206 0.3138906 0.4043428
v 1.2644158 0.2836663 0.3989490
v 1.2931601 0.2662163 0.3896068
v 1.3263513 0.2662163 0.3788193
v 1.3550956 0.2836663 0.3694770
v 1.3716908 0.3138906 0.3640833
v 1.4724036 0.2468460 0.3231849
v 1.4823907 0.2650554 0.3198848
v 1.4217711 0.2785018 0.3449993
v 1.4594705 0.4393894 0.3273883
v 1.4494588 0.4576029 0.3305882
v 1.4088700 0.4076761 0.3491925
v 1.2944224 0.5238839 0.3810312
v 1.2744076 0.5238879 0.3874820
v 1.2960289 0.4605148 0.3858672
v 1.1423071 0.4158351 0.4304706
v 1.1322882 0.3976257 0.4336725
v 1.1960899 0.3841794 0.4183487
v 1.1552402 0.2232918 0.4262672
v 1.1652205 0.2050784 0.4229692
v 1.2089913 0.2550052 0.4141555
v 1.3202887 0.1387972 0.3726244
v 1.3402714 0.1387932 0.3660754
v 1.3218317 0.2021664 0.3774808
v 1.4539785 0.2445028 0.3002681
v 1.4217711 0.2785018 0.3449993
v 1.4088700 0.2550052 0.3491925
v 1.4479395 0.2335046 0.3022307
v 1.4479395 0.4291766 0.3022308
v 1.4088700 0.4076761 0.3491925
v 1.4217711 0.3841795 0.3449993
v 1.4539785 0.4181785 0.3002681
v 1.2928197 0.5160143 0.3526467
v 1.2960289 0.4605148 0.3858672
v 1.3218317 0.4605148 0.3774809
v 1.3048976 0.5160143 0.3487213
v 1.1437388 0.4181783 0.4010998
v 1.1960899 0.3841794 0.4183487
v 1.2089913 0.4076760 0.4141555
v 1.1497773 0.4291765 0.3991371
v 1.1497773 0.2335046 0.3991371
v 1.2089913 0.2550052 0.4141555
v 1.1960899 0.2785018 0.4183487
v 1.1437384 0.2445028 0.4010998
v 1.3048976 0.1466668 0.3487212
v 1.3218317 0.2021664 0.3774808
v 1.2960289 0.2021664 0.3858672
v 1.2928197 0.1466668 0.3526467
v 1.4217711 0.3841795 0.3449993
v 1.4724036 0.4158353 0.3231849
v 1.4539785 0.4181785 0.3002681
v 1.4594705 0.4393894 0.3273883
v 1.4088700 0.4076761 0.3491925
v 1.4479395 0.4291766 0.3022308
v 1.4088700 0.2550052 0.3491925
v 1.4594705 0.2232918 0.3273883
v 1.4479395 0.2335046 0.3022307
v 1.4724036 0.2468460 0.3231849
v 1.4217711 0.2785018 0.3449993
v 1.4539785 0.2445028 0.3002681
v 1.2960289 0.2021664 0.3858672
v 1.2944224 0.1387972 0.3810312
v 1.2928197 0.1466668 0.3526467
v 1.3202887 0.1387972 0.3726244
v 1.3218317 0.2021664 0.3774808
v 1.3048976 0.1466668 0.3487212
v 1.1960899 0.2785018 0.4183487
v 1.1423071 0.2468459 0.4304705
v 1.1437384 0.2445028 0.4010998
v 1.1552402 0.2232918 0.4262672
v 1.2089913 0.2550052 0.4141555
v 1.1497773 0.2335046 0.3991371
v 1.2089913 0.4076760 0.4141555
v 1.1552402 0.4393893 0.4262672
v 1.1497773 0.4291765 0.3991371
v 1.1423071 0.4158351 0.4304706
v 1.1960899 0.3841794 0.4183487
v 1.1437388 0.4181783 0.4010998
v 1.2944224 0.5238839 0.3810312
v 1.2960289 0.4605148 0.3858672
v 1.2928197 0.5160143 0.3526467
v 1.3218317 0.4605148 0.3774809
v 1.3202887 0.5238839 0.3726244
v 1.3048976 0.5160143 0.3487213
v -1.2609894 0.3313404 -0.4078170
v -1.2739382 0.3313404 -0.4109287
v -1.2830414 0.3917751 -0.4079700
v -1.2706208 0.3952833 -0.4046866
v -1.3094597 0.4462940 -0.3993838
v -1.2985729 0.4529670 -0.3956018
v -1.3506073 0.4895604 -0.3860102
v -1.3421093 0.4987451 -0.3814519
v -1.4024566 0.5173392 -0.3691587
v -1.3969681 0.5281364 -0.3636222
v -1.4599317 0.5269111 -0.3504785
v -1.4577798 0.5382640 -0.3438575
v -1.5174069 0.5173392 -0.3317984
v -1.5185915 0.5281364 -0.3240931
v -1.5692562 0.4895604 -0.3149469
v -1.5734503 0.4987451 -0.3062633
v -1.6104038 0.4462940 -0.3015733
v -1.6169867 0.4529670 -0.2921134
v -1.6368221 0.3917751 -0.2929869
v -1.6449388 0.3952833 -0.2830286
v -1.6459253 0.3313404 -0.2900282
v -1.6545706 0.3313404 -0.2798982
v -1.6368221 0.2709058 -0.2929869
v -1.6449388 0.2673975 -0.2830286
v -1.6104038 0.2163869 -0.3015733
v -1.6169867 0.2097138 -0.2921134
v -1.5692558 0.1731205 -0.3149469
v -1.5734503 0.1639358 -0.3062633
v -1.5174069 0.1453418 -0.3317984
v -1.5185915 0.1345445 -0.3240931
v -1.4599314 0.1357699 -0.3504785
v -1.4577798 0.1244170 -0.3438575
v -1.4577798 0.1244170 -0.3438575
v -1.4599314 0.1357699 -0.3504785
v -1.4024562 0.1453419 -0.3691587
v -1.3969681 0.1345446 -0.3636222
v -1.3506073 0.1731207 -0.3860102
v -1.3421089 0.1639360 -0.3814519
v -1.3094597 0.2163872 -0.3993838
v -1.2985729 0.2097141 -0.3956018
v -1.2830410 0.2709061 -0.4079700
v -1.2706208 0.2673979 -0.4046866
v -1.2739382 0.3313404 -0.4109287
v -1.2725322 0.3313404 -0.3264174
v -1.2804817 0.3841160 -0.3238336
v -1.2830414 0.3917751 -0.4079700
v -1.3035523 0.4317256 -0.3163354
v -1.3094597 0.4462940 -0.3993838
v -1.3394849 0.4695088 -0.3046568
v -1.3506073 0.4895604 -0.3860102
v -1.3847632 0.4937671 -0.2899408
v -1.4024566 0.5173392 -0.3691587
v -1.4349544 0.5021259 -0.2736281
v -1.4599317 0.5269111 -0.3504785
v -1.4851455 0.4937671 -0.2573153
v -1.5174069 0.5173392 -0.3317984
v -1.5304238 0.4695088 -0.2425993
v -1.5692562 0.4895604 -0.3149469
v -1.5663568 0.4317256 -0.2309208
v -1.6104038 0.4462940 -0.3015733
v -1.5894270 0.3841160 -0.2234226
v -1.6368221 0.3917751 -0.2929869
v -1.5973766 0.3313405 -0.2208390
v -1.6459253 0.3313404 -0.2900282
v -1.5894270 0.2785648 -0.2234226
v -1.6368221 0.2709058 -0.2929869
v -1.5663564 0.2309553 -0.2309208
v -1.6104038 0.2163869 -0.3015733
v -1.5304234 0.1931722 -0.2425993
v -1.5692558 0.1731205 -0.3149469
v -1.4851455 0.1689139 -0.2573153
v -1.5174069 0.1453418 -0.3317984
v -1.4349544 0.1605551 -0.2736281
v -1.4599314 0.1357699 -0.3504785
v -1.4599314 0.1357699 -0.3504785
v -1.4349544 0.1605551 -0.2736281
v -1.3847628 0.1689140 -0.2899408
v -1.4024562 0.1453419 -0.3691587
v -1.3394849 0.1931724 -0.3046568
v -1.3506073 0.1731207 -0.3860102
v -1.3035519 0.2309556 -0.3163356
v -1.3094597 0.2163872 -0.3993838
v -1.2804817 0.2785651 -0.3238336
v -1.2830410 0.2709061 -0.4079700
v -1.5729454 0.3313405 -0.0287547
v -1.5599966 0.3313405 -0.0256428
v -1.5508934 0.3917751 -0.0286015
v -1.5633140 0.3952834 -0.0318849
v -1.5244751 0.4462940 -0.0371877
v -1.5353619 0.4529671 -0.0409697
v -1.4833275 0.4895605 -0.0505613
v -1.4918255 0.4987452 -0.0551196
v -1.4314782 0.5173392 -0.0674130
v -1.4369663 0.5281365 -0.0729495
v -1.3740031 0.5269111 -0.0860931
v -1.3761550 0.5382640 -0.0927140
v -1.3165279 0.5173392 -0.1047731
v -1.3153433 0.5281365 -0.1124786
v -1.2646786 0.4895604 -0.1216248
v -1.2604845 0.4987452 -0.1303084
v -1.2235310 0.4462940 -0.1349983
v -1.2169481 0.4529670 -0.1444583
v -1.1971123 0.3917751 -0.1435847
v -1.1889960 0.3952833 -0.1535429
v -1.1880095 0.3313404 -0.1465433
v -1.1793642 0.3313404 -0.1566733
v -1.1971127 0.2709057 -0.1435847
v -1.1889960 0.2673975 -0.1535429
v -1.2235310 0.2163869 -0.1349983
v -1.2169481 0.2097138 -0.1444581
v -1.2646790 0.1731204 -0.1216248
v -1.2604845 0.1639358 -0.1303084
v -1.3165279 0.1453418 -0.1047731
v -1.3153433 0.1345445 -0.1124784
v -1.3740031 0.1357699 -0.0860931
v -1.3761550 0.1244170 -0.0927140
v -1.3761550 0.1244170 -0.0927140
v -1.3740031 0.1357699 -0.0860931
v -1.4314786 0.1453419 -0.0674128
v -1.4369667 0.1345446 -0.0729493
v -1.4833275 0.1731207 -0.0505613
v -1.4918255 0.1639360 -0.0551196
v -1.5244751 0.2163872 -0.0371877
v -1.5353619 0.2097142 -0.0409697
v -1.5508934 0.2709061 -0.0286015
v -1.5633140 0.2673979 -0.0318849
v -1.5599966 0.3313405 -0.0256428
v -1.5973766 0.3313405 -0.2208390
v -1.5894270 0.3841160 -0.2234226
v -1.5508934 0.3917751 -0.0286015
v -1.5663568 0.4317256 -0.2309208
v -1.5244751 0.4462940 -0.0371877
v -1.5304238 0.4695088 -0.2425993
v -1.4833275 0.4895605 -0.0505613
v -1.4851455 0.4937671 -0.2573153
v -1.4314782 0.5173392 -0.0674130
v -1.4349544 0.5021259 -0.2736281
v -1.3740031 0.5269111 -0.0860931
v -1.3847632 0.4937671 -0.2899408
v -1.3165279 0.5173392 -0.1047731
v -1.3394849 0.4695088 -0.3046568
v -1.2646786 0.4895604 -0.1216248
v -1.3035523 0.4317256 -0.3163354
v -1.2235310 0.4462940 -0.1349983
v -1.2804817 0.3841160 -0.3238336
v -1.1971123 0.3917751 -0.1435847
v -1.2725322 0.3313404 -0.3264174
v -1.1880095 0.3313404 -0.1465433
v -1.2804817 0.2785651 -0.3238336
v -1.1971127 0.2709057 -0.1435847
v -1.3035519 0.2309556 -0.3163356
v -1.2235310 0.2163869 -0.1349983
v -1.3394849 0.1931724 -0.3046568
v -1.2646790 0.1731204 -0.1216248
v -1.3847628 0.1689140 -0.2899408
v -1.3165279 0.1453418 -0.1047731
v -1.4349544 0.1605551 -0.2736281
v -1.3740031 0.1357699 -0.0860931
v -1.3740031 0.1357699 -0.0860931
v -1.4349544 0.1605551 -0.2736281
v -1.4851455 0.1689139 -0.2573153
v -1.4314786 0.1453419 -0.0674128
v -1.5304234 0.1931722 -0.2425993
v -1.4833275 0.1731207 -0.0505613
v -1.5663564 0.2309553 -0.2309208
v -1.5244751 0.2163872 -0.0371877
v -1.5894270 0.2785648 -0.2234226
v -1.5508934 0.2709061 -0.0286015
v -1.1935684 0.3313405 -0.4383571
v -1.2066240 0.4180144 -0.4341141
v -1.1719915 0.4289801 -0.4367424
v -1.1572843 0.3313405 -0.4415225
v -1.2445127 0.4962041 -0.4217996
v -1.2146738 0.5170621 -0.4228702
v -1.3035255 0.5582558 -0.4026196
v -1.2811530 0.5869645 -0.4012636
v -1.3778866 0.5980955 -0.3784514
v -1.3649217 0.6318444 -0.3740377
v -1.4603162 0.6118233 -0.3516608
v -1.4577798 0.6473090 -0.3438575
v -1.5427457 0.5980955 -0.3248701
v -1.5506383 0.6318444 -0.3136776
v -1.6171064 0.5582558 -0.3007021
v -1.6344070 0.5869645 -0.2864516
v -1.6761196 0.4962041 -0.2815221
v -1.7008862 0.5170621 -0.2648451
v -1.7140083 0.4180143 -0.2692077
v -1.7435685 0.4289800 -0.2509729
v -1.7270635 0.3313404 -0.2649644
v -1.7582757 0.3313404 -0.2461927
v -1.7140079 0.2446664 -0.2692077
v -1.7435685 0.2337007 -0.2509729
v -1.6761192 0.1664767 -0.2815220
v -1.7008858 0.1456186 -0.2648451
v -1.6171064 0.1044251 -0.3007019
v -1.6344066 0.0757164 -0.2864516
v -1.5427453 0.0645855 -0.3248703
v -1.5506379 0.0308364 -0.3136776
v -1.4603158 0.0508577 -0.3516610
v -1.4577794 0.0153719 -0.3438577
v -1.3778862 0.0645856 -0.3784516
v -1.3649213 0.0308366 -0.3740377
v -1.3035255 0.1044254 -0.4026196
v -1.2811526 0.0757168 -0.4012636
v -1.2445124 0.1664771 -0.4217996
v -1.2146734 0.1456191 -0.4228702
v -1.2066240 0.2446669 -0.4341139
v -1.1719911 0.2337012 -0.4367424
v -1.1489561 0.4337303 -0.4131644
v -1.1335332 0.3313405 -0.4181769
v -1.1937149 0.5260975 -0.3986173
v -1.2634282 0.5994005 -0.3759596
v -1.3512721 0.6464640 -0.3474091
v -1.4486479 0.6626809 -0.3157607
v -1.5460238 0.6464640 -0.2841125
v -1.6338680 0.5994005 -0.2555619
v -1.7035813 0.5260974 -0.2329042
v -1.7483402 0.4337302 -0.2183571
v -1.7637630 0.3313404 -0.2133444
v -1.7483402 0.2289505 -0.2183571
v -1.7035813 0.1365833 -0.2329042
v -1.6338677 0.0632803 -0.2555619
v -1.5460238 0.0162169 -0.2841125
v -1.4486476 0.0000000 -0.3157609
v -1.3512717 0.0162171 -0.3474091
v -1.2634278 0.0632807 -0.3759596
v -1.1937146 0.1365838 -0.3986173
v -1.1489557 0.2289511 -0.4131644
v -1.2609894 0.3313404 -0.4078170
v -1.2706208 0.3952833 -0.4046866
v -1.2985729 0.4529670 -0.3956018
v -1.3421093 0.4987451 -0.3814519
v -1.3969681 0.5281364 -0.3636222
v -1.4577798 0.5382640 -0.3438575
v -1.5185915 0.5281364 -0.3240931
v -1.5734503 0.4987451 -0.3062631
v -1.6169867 0.4529670 -0.2921134
v -1.6449388 0.3952833 -0.2830286
v -1.6545706 0.3313404 -0.2798982
v -1.6449388 0.2673975 -0.2830286
v -1.6169867 0.2097138 -0.2921134
v -1.5734503 0.1639358 -0.3062631
v -1.5185915 0.1345445 -0.3240931
v -1.4577798 0.1244170 -0.3438575
v -1.3969681 0.1345446 -0.3636222
v -1.3421093 0.1639360 -0.3814519
v -1.2985729 0.2097141 -0.3956018
v -1.2706208 0.2673979 -0.4046866
v -1.1489561 0.4337303 -0.4131644
v -1.0859507 0.4337303 -0.2193093
v -1.0705279 0.3313405 -0.2243218
v -1.1335332 0.3313405 -0.4181769
v -1.1937149 0.5260975 -0.3986173
v -1.1307092 0.5260975 -0.2047622
v -1.4486479 0.6626809 -0.3157607
v -1.3856426 0.6626809 -0.1219056
v -1.2882668 0.6464640 -0.1535540
v -1.3512721 0.6464640 -0.3474091
v -1.5460238 0.6464640 -0.2841125
v -1.4830184 0.6464640 -0.0902572
v -1.3856426 0.6626809 -0.1219056
v -1.4486479 0.6626809 -0.3157607
v -1.6338680 0.5994005 -0.2555619
v -1.5708627 0.5994005 -0.0617068
v -1.7035813 0.5260974 -0.2329042
v -1.6405760 0.5260975 -0.0390492
v -1.7637630 0.3313404 -0.2133444
v -1.7007577 0.3313404 -0.0194893
v -1.6853348 0.4337302 -0.0245020
v -1.7483402 0.4337302 -0.2183571
v -1.7483402 0.2289505 -0.2183571
v -1.6853348 0.2289505 -0.0245020
v -1.4830184 0.0162169 -0.0902572
v -1.5708623 0.0632803 -0.0617068
v -1.6338677 0.0632803 -0.2555619
v -1.5460238 0.0162169 -0.2841125
v -1.4486476 0.0000000 -0.3157609
v -1.3856422 0.0000000 -0.1219056
v -1.3512717 0.0162171 -0.3474091
v -1.2882664 0.0162171 -0.1535540
v -1.3856422 0.0000000 -0.1219056
v -1.4486476 0.0000000 -0.3157609
v -1.1307092 0.1365838 -0.2047622
v -1.2004225 0.0632807 -0.1821045
v -1.2634278 0.0632807 -0.3759596
v -1.1937146 0.1365838 -0.3986173
v -1.0859504 0.2289511 -0.2193093
v -1.1489557 0.2289511 -0.4131644
v -1.0907225 0.4289801 -0.1866936
v -1.1202826 0.4180144 -0.1684586
v -1.1072270 0.3313405 -0.1727019
v -1.0760152 0.3313405 -0.1914735
v -1.1334047 0.5170622 -0.1728214
v -1.1581713 0.4962041 -0.1561443
v -1.1998839 0.5869645 -0.1512146
v -1.2171845 0.5582557 -0.1369643
v -1.2836526 0.6318444 -0.1239889
v -1.2915452 0.5980955 -0.1127961
v -1.3765107 0.6473090 -0.0938087
v -1.3739748 0.6118233 -0.0860055
v -1.4693692 0.6318444 -0.0636285
v -1.4564043 0.5980955 -0.0592148
v -1.5531379 0.5869645 -0.0364028
v -1.5307650 0.5582558 -0.0350467
v -1.6196172 0.5170621 -0.0147962
v -1.5897782 0.4962041 -0.0158667
v -1.6622994 0.4289801 -0.0009238
v -1.6276669 0.4180144 -0.0035524
v -1.6770066 0.3313404 0.0038561
v -1.6407225 0.3313404 0.0006909
v -1.6622990 0.2337007 -0.0009238
v -1.6276669 0.2446665 -0.0035524
v -1.6196168 0.1456187 -0.0147962
v -1.5897782 0.1664767 -0.0158667
v -1.5531375 0.0757163 -0.0364028
v -1.5307650 0.1044251 -0.0350467
v -1.4693688 0.0308364 -0.0636287
v -1.4564039 0.0645855 -0.0592148
v -1.3765104 0.0153719 -0.0938087
v -1.3739744 0.0508577 -0.0860055
v -1.2836523 0.0308366 -0.1239889
v -1.2915448 0.0645856 -0.1127961
v -1.1998836 0.0757168 -0.1512148
v -1.2171841 0.1044253 -0.1369643
v -1.1334043 0.1456192 -0.1728214
v -1.1581709 0.1664771 -0.1561443
v -1.0907221 0.2337012 -0.1866936
v -1.1202826 0.2446669 -0.1684586
v -1.0705279 0.3313405 -0.2243218
v -1.0859507 0.4337303 -0.2193093
v -1.1307092 0.5260975 -0.2047622
v -1.2004229 0.5994005 -0.1821043
v -1.2882668 0.6464640 -0.1535540
v -1.3856426 0.6626809 -0.1219056
v -1.4830184 0.6464640 -0.0902572
v -1.5708627 0.5994005 -0.0617068
v -1.6405760 0.5260975 -0.0390492
v -1.6853348 0.4337302 -0.0245020
v -1.7007577 0.3313404 -0.0194893
v -1.6853348 0.2289505 -0.0245020
v -1.6405760 0.1365833 -0.0390492
v -1.5708623 0.0632803 -0.0617068
v -1.4830184 0.0162169 -0.0902572
v -1.3856422 0.0000000 -0.1219056
v -1.2882664 0.0162171 -0.1535540
v -1.2004225 0.0632807 -0.1821045
v -1.1307092 0.1365838 -0.2047622
v -1.0859504 0.2289511 -0.2193093
v -1.1893517 0.3952834 -0.1546378
v -1.1797203 0.3313405 -0.1577680
v -1.2173038 0.4529671 -0.1455530
v -1.2608402 0.4987451 -0.1314031
v -1.3156990 0.5281365 -0.1135734
v -1.3765107 0.5382640 -0.0938087
v -1.4373224 0.5281364 -0.0740443
v -1.4921813 0.4987452 -0.0562143
v -1.5357176 0.4529670 -0.0420646
v -1.5636697 0.3952833 -0.0329798
v -1.5733015 0.3313404 -0.0298494
v -1.5636697 0.2673975 -0.0329798
v -1.5357176 0.2097138 -0.0420644
v -1.4921813 0.1639358 -0.0562143
v -1.4373224 0.1345444 -0.0740443
v -1.3765107 0.1244170 -0.0938087
v -1.3156990 0.1345446 -0.1135734
v -1.2608402 0.1639360 -0.1314031
v -1.2173038 0.2097141 -0.1455530
v -1.1893517 0.2673979 -0.1546378
v -1.2634282 0.5994005 -0.3759596
v -1.2004229 0.5994005 -0.1821043
v -1.6405760 0.1365833 -0.0390492
v -1.7035813 0.1365833 -0.2329042
v -1.2959738 0.2486447 -0.3094048
v -1.4502812 0.3313405 -0.3207860
v -1.2749006 0.3313405 -0.3162539
v -1.2959738 0.4140363 -0.3094048
v -1.3535468 0.4745737 -0.2906930
v -1.4321931 0.4967319 -0.2651319
v -1.5108393 0.4745736 -0.2395710
v -1.5684124 0.4140362 -0.2208590
v -1.5894852 0.3313405 -0.2140100
v -1.5684124 0.2486448 -0.2208590
v -1.5108393 0.1881073 -0.2395710
v -1.4321931 0.1659490 -0.2651319
v -1.3535468 0.1881072 -0.2906930
v -1.4004802 0.2529468 -0.3615085
v -1.3567296 0.2550051 -0.3729208
v -1.3029786 0.2232917 -0.3850325
v -1.3129588 0.2050783 -0.3817344
v -1.3644206 0.3440615 -0.3732282
v -1.3438282 0.3841794 -0.3771140
v -1.2900454 0.4158352 -0.3892359
v -1.2800265 0.3976257 -0.3924378
v -1.4214348 0.4224552 -0.3546980
v -1.4437676 0.4605147 -0.3446325
v -1.4421607 0.5238838 -0.3397965
v -1.4221459 0.5238878 -0.3462472
v -1.5145079 0.4097341 -0.3244481
v -1.5566084 0.4076759 -0.3079578
v -1.6072092 0.4393892 -0.2861537
v -1.5971972 0.4576026 -0.2893535
v -1.5505675 0.3186195 -0.3127282
v -1.5695098 0.2785017 -0.3037646
v -1.6201423 0.2468459 -0.2819504
v -1.6301291 0.2650553 -0.2786501
v -1.4935537 0.2402258 -0.3312585
v -1.4695704 0.2021663 -0.3362461
v -1.4680270 0.1387971 -0.3313897
v -1.4880101 0.1387931 -0.3248407
v -1.3644206 0.3186194 -0.3732282
v -1.3955590 0.3138905 -0.3631081
v -1.3955590 0.3487905 -0.3631081
v -1.4004802 0.4097342 -0.3615085
v -1.4121542 0.3790148 -0.3577144
v -1.4408984 0.3964649 -0.3483720
v -1.4935537 0.4224551 -0.3312585
v -1.4740897 0.3964649 -0.3375847
v -1.5028339 0.3790149 -0.3282423
v -1.5505675 0.3440615 -0.3127282
v -1.5194292 0.3487906 -0.3228486
v -1.5194292 0.3138905 -0.3228486
v -1.5145079 0.2529468 -0.3244481
v -1.5028339 0.2836662 -0.3282423
v -1.4740897 0.2662162 -0.3375845
v -1.4214348 0.2402257 -0.3546980
v -1.4408984 0.2662162 -0.3483720
v -1.4121542 0.2836662 -0.3577144
v -1.3955590 0.3487905 -0.3631081
v -1.4500598 0.3313405 -0.3201042
v -1.4121542 0.3790148 -0.3577144
v -1.4408984 0.3964649 -0.3483720
v -1.4740897 0.3964649 -0.3375847
v -1.5028339 0.3790149 -0.3282423
v -1.5194292 0.3487906 -0.3228486
v -1.5194292 0.3138905 -0.3228486
v -1.5028339 0.2836662 -0.3282423
v -1.4740897 0.2662162 -0.3375845
v -1.4408984 0.2662162 -0.3483720
v -1.4121542 0.2836662 -0.3577144
v -1.3955590 0.3138905 -0.3631081
v -1.2900454 0.2468459 -0.3892359
v -1.3438282 0.2785017 -0.3771140
v -1.2800265 0.2650553 -0.3924378
v -1.3029786 0.4393893 -0.3850325
v -1.3567296 0.4076759 -0.3729208
v -1.3129588 0.4576027 -0.3817344
v -1.4680270 0.5238838 -0.3313897
v -1.4695704 0.4605147 -0.3362461
v -1.4880101 0.5238878 -0.3248407
v -1.6201423 0.4158351 -0.2819504
v -1.5695098 0.3841793 -0.3037646
v -1.6301291 0.3976256 -0.2786501
v -1.6072092 0.2232917 -0.2861537
v -1.5566084 0.2550051 -0.3079578
v -1.5971972 0.2050783 -0.2893535
v -1.4421607 0.1387971 -0.3397965
v -1.4437676 0.2021663 -0.3446325
v -1.4221459 0.1387931 -0.3462472
v -1.3567296 0.2550051 -0.3729208
v -1.3438282 0.2785017 -0.3771140
v -1.2914771 0.2445027 -0.3598653
v -1.2975157 0.2335045 -0.3579024
v -1.3438282 0.3841794 -0.3771140
v -1.3567296 0.4076759 -0.3729208
v -1.2975157 0.4291766 -0.3579024
v -1.2914771 0.4181784 -0.3598653
v -1.4437676 0.4605147 -0.3446325
v -1.4695704 0.4605147 -0.3362461
v -1.4526355 0.5160142 -0.3074866
v -1.4405580 0.5160142 -0.3114120
v -1.5566084 0.4076759 -0.3079578
v -1.5695098 0.3841793 -0.3037646
v -1.6017164 0.4181782 -0.2590333
v -1.5956779 0.4291765 -0.2609961
v -1.5695098 0.2785017 -0.3037646
v -1.5566084 0.2550051 -0.3079578
v -1.5956779 0.2335045 -0.2609961
v -1.6017164 0.2445027 -0.2590333
v -1.4695704 0.2021663 -0.3362461
v -1.4437676 0.2021663 -0.3446325
v -1.4405580 0.1466667 -0.3114120
v -1.4526355 0.1466667 -0.3074866
v -1.3438282 0.3841794 -0.3771140
v -1.2914771 0.4181784 -0.3598653
v -1.2900454 0.4158352 -0.3892359
v -1.3029786 0.4393893 -0.3850325
v -1.2975157 0.4291766 -0.3579024
v -1.3567296 0.4076759 -0.3729208
v -1.3567296 0.2550051 -0.3729208
v -1.2975157 0.2335045 -0.3579024
v -1.3029786 0.2232917 -0.3850325
v -1.2900454 0.2468459 -0.3892359
v -1.2914771 0.2445027 -0.3598653
v -1.3438282 0.2785017 -0.3771140
v -1.4695704 0.2021663 -0.3362461
v -1.4526355 0.1466667 -0.3074866
v -1.4680270 0.1387971 -0.3313897
v -1.4421607 0.1387971 -0.3397965
v -1.4405580 0.1466667 -0.3114120
v -1.4437676 0.2021663 -0.3446325
v -1.5695098 0.2785017 -0.3037646
v -1.6017164 0.2445027 -0.2590333
v -1.6201423 0.2468459 -0.2819504
v -1.6072092 0.2232917 -0.2861537
v -1.5956779 0.2335045 -0.2609961
v -1.5566084 0.2550051 -0.3079578
v -1.5566084 0.4076759 -0.3079578
v -1.5956779 0.4291765 -0.2609961
v -1.6072092 0.4393892 -0.2861537
v -1.6201423 0.4158351 -0.2819504
v -1.6017164 0.4181782 -0.2590333
v -1.5695098 0.3841793 -0.3037646
v -1.4680270 0.5238838 -0.3313897
v -1.4526355 0.5160142 -0.3074866
v -1.4695704 0.4605147 -0.3362461
v -1.4437676 0.4605147 -0.3446325
v -1.4405580 0.5160142 -0.3114120
v -1.4421607 0.5238838 -0.3397965
v 1.0281099 0.3313405 -1.1518028
v 1.0151611 0.3313405 -1.1549144
v 1.0060579 0.3917752 -1.1519558
v 1.0184785 0.3952834 -1.1486724
v 0.9796397 0.4462941 -1.1433695
v 0.9905264 0.4529671 -1.1395876
v 0.9384920 0.4895605 -1.1299959
v 0.9469901 0.4987452 -1.1254377
v 0.8866427 0.5173393 -1.1131444
v 0.8921312 0.5281365 -1.1076079
v 0.8291676 0.5269112 -1.0944642
v 0.8313195 0.5382641 -1.0878433
v 0.7716924 0.5173393 -1.0757841
v 0.7705078 0.5281365 -1.0680788
v 0.7198431 0.4895605 -1.0589326
v 0.7156490 0.4987452 -1.0502491
v 0.6786955 0.4462941 -1.0455590
v 0.6721126 0.4529671 -1.0360992
v 0.6522772 0.3917752 -1.0369726
v 0.6441605 0.3952834 -1.0270144
v 0.6431741 0.3313405 -1.0340139
v 0.6345288 0.3313405 -1.0238840
v 0.6522772 0.2709059 -1.0369726
v 0.6441605 0.2673976 -1.0270144
v 0.6786955 0.2163870 -1.0455590
v 0.6721126 0.2097139 -1.0360992
v 0.7198435 0.1731206 -1.0589326
v 0.7156490 0.1639359 -1.0502491
v 0.7716924 0.1453418 -1.0757841
v 0.7705078 0.1345446 -1.0680788
v 0.8291680 0.1357700 -1.0944642
v 0.8313195 0.1244171 -1.0878435
v 0.8313195 0.1244171 -1.0878435
v 0.8291680 0.1357700 -1.0944642
v 0.8866431 0.1453420 -1.1131444
v 0.8921312 0.1345447 -1.1076079
v 0.9384920 0.1731208 -1.1299959
v 0.9469904 0.1639361 -1.1254377
v 0.9796397 0.2163873 -1.1433695
v 0.9905264 0.2097142 -1.1395876
v 1.0060583 0.2709062 -1.1519558
v 1.0184785 0.2673980 -1.1486724
v 1.0151611 0.3313405 -1.1549144
v 1.0165672 0.3313405 -1.0704031
v 1.0086176 0.3841161 -1.0678193
v 1.0060579 0.3917752 -1.1519558
v 0.9855470 0.4317257 -1.0603211
v 0.9796397 0.4462941 -1.1433695
v 0.9496144 0.4695089 -1.0486425
v 0.9384920 0.4895605 -1.1299959
v 0.9043361 0.4937672 -1.0339265
v 0.8866427 0.5173393 -1.1131444
v 0.8541450 0.5021259 -1.0176138
v 0.8291676 0.5269112 -1.0944642
v 0.8039538 0.4937672 -1.0013010
v 0.7716924 0.5173393 -1.0757841
v 0.7586755 0.4695089 -0.9865850
v 0.7198431 0.4895605 -1.0589326
v 0.7227425 0.4317257 -0.9749065
v 0.6786955 0.4462941 -1.0455590
v 0.6996723 0.3841161 -0.9674083
v 0.6522772 0.3917752 -1.0369726
v 0.6917227 0.3313405 -0.9648247
v 0.6431741 0.3313405 -1.0340139
v 0.6996723 0.2785649 -0.9674083
v 0.6522772 0.2709059 -1.0369726
v 0.7227429 0.2309554 -0.9749065
v 0.6786955 0.2163870 -1.0455590
v 0.7586759 0.1931723 -0.9865850
v 0.7198435 0.1731206 -1.0589326
v 0.8039538 0.1689140 -1.0013010
v 0.7716924 0.1453418 -1.0757841
v 0.8541450 0.1605552 -1.0176138
v 0.8291680 0.1357700 -1.0944642
v 0.8291680 0.1357700 -1.0944642
v 0.8541450 0.1605552 -1.0176138
v 0.9043365 0.1689141 -1.0339265
v 0.8866431 0.1453420 -1.1131444
v 0.9496144 0.1931725 -1.0486425
v 0.9384920 0.1731208 -1.1299959
v 0.9855474 0.2309557 -1.0603213
v 0.9796397 0.2163873 -1.1433695
v 1.0086176 0.2785652 -1.0678193
v 1.0060583 0.2709062 -1.1519558
v 0.7161539 0.3313405 -0.7727402
v 0.7291028 0.3313406 -0.7696286
v 0.7382059 0.3917752 -0.7725872
v 0.7257853 0.3952835 -0.7758706
v 0.7646242 0.4462941 -0.7811734
v 0.7537374 0.4529672 -0.7849554
v 0.8057718 0.4895606 -0.7945470
v 0.7972738 0.4987453 -0.7991053
v 0.8576211 0.5173393 -0.8113985
v 0.8521330 0.5281366 -0.8169353
v 0.9150963 0.5269112 -0.8300788
v 0.9129443 0.5382641 -0.8366997
v 0.9725714 0.5173393 -0.8487590
v 0.9737560 0.5281366 -0.8564644
v 1.0244207 0.4895605 -0.8656106
v 1.0286148 0.4987453 -0.8742941
v 1.0655684 0.4462941 -0.8789840
v 1.0721512 0.4529671 -0.8884440
v 1.0919870 0.3917751 -0.8875704
v 1.1001033 0.3952834 -0.8975286
v 1.1010898 0.3313405 -0.8905290
v 1.1097351 0.3313405 -0.9006590
v 1.0919866 0.2709058 -0.8875704
v 1.1001033 0.2673976 -0.8975286
v 1.0655684 0.2163870 -0.8789840
v 1.0721512 0.2097139 -0.8884438
v 1.0244203 0.1731205 -0.8656106
v 1.0286148 0.1639359 -0.8742941
v 0.9725714 0.1453419 -0.8487589
v 0.9737560 0.1345446 -0.8564642
v 0.9150963 0.1357700 -0.8300788
v 0.9129443 0.1244171 -0.8366997
v 0.9129443 0.1244171 -0.8366997
v 0.9150963 0.1357700 -0.8300788
v 0.8576208 0.1453420 -0.8113985
v 0.8521326 0.1345447 -0.8169351
v 0.8057718 0.1731208 -0.7945470
v 0.7972738 0.1639361 -0.7991053
v 0.7646242 0.2163873 -0.7811734
v 0.7537374 0.2097143 -0.7849554
v 0.7382059 0.2709062 -0.7725872
v 0.7257853 0.2673980 -0.7758706
v 0.7291028 0.3313406 -0.7696286
v 0.6917227 0.3313405 -0.9648247
v 0.6996723 0.3841161 -0.9674083
v 0.7382059 0.3917752 -0.7725872
v 0.7227425 0.4317257 -0.9749065
v 0.7646242 0.4462941 -0.7811734
v 0.7586755 0.4695089 -0.9865850
v 0.8057718 0.4895606 -0.7945470
v 0.8039538 0.4937672 -1.0013010
v 0.8576211 0.5173393 -0.8113985
v 0.8541450 0.5021259 -1.0176138
v 0.9150963 0.5269112 -0.8300788
v 0.9043361 0.4937672 -1.0339265
v 0.9725714 0.5173393 -0.8487590
v 0.9496144 0.4695089 -1.0486425
v 1.0244207 0.4895605 -0.8656106
v 0.9855470 0.4317257 -1.0603211
v 1.0655684 0.4462941 -0.8789840
v 1.0086176 0.3841161 -1.0678193
v 1.0919870 0.3917751 -0.8875704
v 1.0165672 0.3313405 -1.0704031
v 1.1010898 0.3313405 -0.8905290
v 1.0086176 0.2785652 -1.0678193
v 1.0919866 0.2709058 -0.8875704
v 0.9855474 0.2309557 -1.0603213
v 1.0655684 0.2163870 -0.8789840
v 0.9496144 0.1931725 -1.0486425
v 1.0244203 0.1731205 -0.8656106
v 0.9043365 0.1689141 -1.0339265
v 0.9725714 0.1453419 -0.8487589
v 0.8541450 0.1605552 -1.0176138
v 0.9150963 0.1357700 -0.8300788
v 0.9150963 0.1357700 -0.8300788
v 0.8541450 0.1605552 -1.0176138
v 0.8039538 0.1689140 -1.0013010
v 0.8576208 0.1453420 -0.8113985
v 0.7586759 0.1931723 -0.9865850
v 0.8057718 0.1731208 -0.7945470
v 0.7227429 0.2309554 -0.9749065
v 0.7646242 0.2163873 -0.7811734
v 0.6996723 0.2785649 -0.9674083
v 0.7382059 0.2709062 -0.7725872
v 1.0955309 0.3313405 -1.1823429
v 1.0824753 0.4180145 -1.1780998
v 1.1171078 0.4289802 -1.1807281
v 1.1318150 0.3313405 -1.1855083
v 1.0445866 0.4962042 -1.1657853
v 1.0744256 0.5170622 -1.1668559
v 0.9855738 0.5582559 -1.1466053
v 1.0079463 0.5869646 -1.1452494
v 0.9112127 0.5980956 -1.1224371
v 0.9241776 0.6318445 -1.1180234
v 0.8287832 0.6118234 -1.0956465
v 0.8313195 0.6473091 -1.0878433
v 0.7463536 0.5980956 -1.0688559
v 0.7384611 0.6318445 -1.0576633
v 0.6719929 0.5582559 -1.0446879
v 0.6546923 0.5869646 -1.0304374
v 0.6129797 0.4962042 -1.0255079
v 0.5882131 0.5170622 -1.0088308
v 0.5750910 0.4180144 -1.0131934
v 0.5455309 0.4289801 -0.9949586
v 0.5620358 0.3313405 -1.0089501
v 0.5308237 0.3313405 -0.9901785
v 0.5750914 0.2446665 -1.0131934
v 0.5455309 0.2337008 -0.9949586
v 0.6129801 0.1664768 -1.0255077
v 0.5882135 0.1456187 -1.0088308
v 0.6719929 0.1044252 -1.0446877
v 0.6546927 0.0757165 -1.0304374
v 0.7463540 0.0645856 -1.0688561
v 0.7384614 0.0308365 -1.0576633
v 0.8287835 0.0508578 -1.0956465
v 0.8313199 0.0153720 -1.0878435
v 0.9112131 0.0645857 -1.1224373
v 0.9241780 0.0308367 -1.1180234
v 0.9855738 0.1044255 -1.1466053
v 1.0079467 0.0757169 -1.1452494
v 1.0445870 0.1664772 -1.1657855
v 1.0744260 0.1456192 -1.1668559
v 1.0824753 0.2446670 -1.1780998
v 1.1171082 0.2337013 -1.1807281
v 1.1401432 0.4337304 -1.1571501
v 1.1555661 0.3313406 -1.1621628
v 1.0953844 0.5260976 -1.1426030
v 1.0256711 0.5994006 -1.1199453
v 0.9378272 0.6464641 -1.0913948
v 0.8404514 0.6626810 -1.0597464
v 0.7430756 0.6464641 -1.0280982
v 0.6552313 0.5994006 -0.9995476
v 0.5855180 0.5260975 -0.9768899
v 0.5407592 0.4337303 -0.9623428
v 0.5253363 0.3313405 -0.9573301
v 0.5407592 0.2289506 -0.9623428
v 0.5855180 0.1365834 -0.9768899
v 0.6552317 0.0632804 -0.9995476
v 0.7430756 0.0162170 -1.0280982
v 0.8404518 0.0000001 -1.0597466
v 0.9378276 0.0162172 -1.0913948
v 1.0256715 0.0632808 -1.1199453
v 1.0953848 0.1365839 -1.1426030
v 1.1401436 0.2289512 -1.1571501
v 1.0281099 0.3313405 -1.1518028
v 1.0184785 0.3952834 -1.1486724
v 0.9905264 0.4529671 -1.1395876
v 0.9469901 0.4987452 -1.1254377
v 0.8921312 0.5281365 -1.1076079
v 0.8313195 0.5382641 -1.0878433
v 0.7705078 0.5281365 -1.0680788
v 0.7156490 0.4987452 -1.0502489
v 0.6721126 0.4529671 -1.0360992
v 0.6441605 0.3952834 -1.0270144
v 0.6345288 0.3313405 -1.0238840
v 0.6441605 0.2673976 -1.0270144
v 0.6721126 0.2097139 -1.0360992
v 0.7156490 0.1639359 -1.0502489
v 0.7705078 0.1345446 -1.0680788
v 0.8313195 0.1244171 -1.0878433
v 0.8921312 0.1345447 -1.1076079
v 0.9469901 0.1639361 -1.1254377
v 0.9905264 0.2097142 -1.1395876
v 1.0184785 0.2673980 -1.1486724
v 1.1401432 0.4337304 -1.1571501
v 1.2031486 0.4337304 -0.9632951
v 1.2185715 0.3313406 -0.9683076
v 1.1555661 0.3313406 -1.1621628
v 1.0953844 0.5260976 -1.1426030
v 1.1583901 0.5260976 -0.9487479
v 0.8404514 0.6626810 -1.0597464
v 0.9034567 0.6626810 -0.8658913
v 1.0008326 0.6464641 -0.8975397
v 0.9378272 0.6464641 -1.0913948
v 0.7430756 0.6464641 -1.0280982
v 0.8060809 0.6464641 -0.8342429
v 0.9034567 0.6626810 -0.8658913
v 0.8404514 0.6626810 -1.0597464
v 0.6552313 0.5994006 -0.9995476
v 0.7182366 0.5994006 -0.8056926
v 0.5855180 0.5260975 -0.9768899
v 0.6485234 0.5260976 -0.7830349
v 0.5253363 0.3313405 -0.9573301
v 0.5883416 0.3313405 -0.7634751
v 0.6037645 0.4337303 -0.7684876
v 0.5407592 0.4337303 -0.9623428
v 0.5407592 0.2289506 -0.9623428
v 0.6037645 0.2289506 -0.7684877
v 0.8060809 0.0162170 -0.8342429
v 0.7182370 0.0632804 -0.8056926
v 0.6552317 0.0632804 -0.9995476
v 0.7430756 0.0162170 -1.0280982
v 0.8404518 0.0000001 -1.0597466
v 0.9034571 0.0000001 -0.8658913
v 0.9378276 0.0162172 -1.0913948
v 1.0008329 0.0162172 -0.8975397
v 0.9034571 0.0000001 -0.8658913
v 0.8404518 0.0000001 -1.0597466
v 1.1583901 0.1365839 -0.9487479
v 1.0886768 0.0632808 -0.9260902
v 1.0256715 0.0632808 -1.1199453
v 1.0953848 0.1365839 -1.1426030
v 1.2031490 0.2289512 -0.9632951
v 1.1401436 0.2289512 -1.1571501
v 1.1983769 0.4289802 -0.9306793
v 1.1688167 0.4180145 -0.9124443
v 1.1818723 0.3313405 -0.9166876
v 1.2130841 0.3313406 -0.9354592
v 1.1556946 0.5170623 -0.9168071
v 1.1309280 0.4962042 -0.9001300
v 1.0892154 0.5869646 -0.8952005
v 1.0719148 0.5582558 -0.8809500
v 1.0054467 0.6318445 -0.8679746
v 0.9975541 0.5980956 -0.8567818
v 0.9125886 0.6473091 -0.8377944
v 0.9151246 0.6118234 -0.8299912
v 0.8197301 0.6318445 -0.8076143
v 0.8326950 0.5980956 -0.8032006
v 0.7359614 0.5869646 -0.7803885
v 0.7583343 0.5582559 -0.7790324
v 0.6694822 0.5170622 -0.7587819
v 0.6993212 0.4962042 -0.7598524
v 0.6267999 0.4289802 -0.7449096
v 0.6614324 0.4180145 -0.7475381
v 0.6120927 0.3313405 -0.7401296
v 0.6483769 0.3313405 -0.7432948
v 0.6268003 0.2337008 -0.7449096
v 0.6614324 0.2446665 -0.7475381
v 0.6694826 0.1456188 -0.7587819
v 0.6993212 0.1664768 -0.7598524
v 0.7359618 0.0757164 -0.7803885
v 0.7583343 0.1044252 -0.7790324
v 0.8197305 0.0308365 -0.8076145
v 0.8326954 0.0645856 -0.8032006
v 0.9125890 0.0153720 -0.8377944
v 0.9151250 0.0508578 -0.8299912
v 1.0054471 0.0308367 -0.8679746
v 0.9975545 0.0645857 -0.8567818
v 1.0892158 0.0757169 -0.8952005
v 1.0719152 0.1044254 -0.8809500
v 1.1556950 0.1456193 -0.9168071
v 1.1309284 0.1664772 -0.9001300
v 1.1983773 0.2337013 -0.9306793
v 1.1688167 0.2446670 -0.9124443
v 1.2185715 0.3313406 -0.9683076
v 1.2031486 0.4337304 -0.9632951
v 1.1583901 0.5260976 -0.9487479
v 1.0886764 0.5994006 -0.9260900
v 1.0008326 0.6464641 -0.8975397
v 0.9034567 0.6626810 -0.8658913
v 0.8060809 0.6464641 -0.8342429
v 0.7182366 0.5994006 -0.8056926
v 0.6485234 0.5260976 -0.7830349
v 0.6037645 0.4337303 -0.7684876
v 0.5883416 0.3313405 -0.7634751
v 0.6037645 0.2289506 -0.7684877
v 0.6485234 0.1365834 -0.7830349
v 0.7182370 0.0632804 -0.8056926
v 0.8060809 0.0162170 -0.8342429
v 0.9034571 0.0000001 -0.8658913
v 1.0008329 0.0162172 -0.8975397
v 1.0886768 0.0632808 -0.9260902
v 1.1583901 0.1365839 -0.9487479
v 1.2031490 0.2289512 -0.9632951
v 1.0997476 0.3952835 -0.8986235
v 1.1093790 0.3313405 -0.9017537
v 1.0717955 0.4529672 -0.8895387
v 1.0282591 0.4987452 -0.8753888
v 0.9734003 0.5281366 -0.8575591
v 0.9125886 0.5382641 -0.8377944
v 0.8517769 0.5281365 -0.8180300
v 0.7969181 0.4987453 -0.8002000
v 0.7533817 0.4529671 -0.7860501
v 0.7254296 0.3952834 -0.7769655
v 0.7157978 0.3313405 -0.7738351
v 0.7254296 0.2673976 -0.7769653
v 0.7533817 0.2097139 -0.7860501
v 0.7969181 0.1639359 -0.8002000
v 0.8517769 0.1345445 -0.8180300
v 0.9125886 0.1244171 -0.8377944
v 0.9734003 0.1345447 -0.8575591
v 1.0282591 0.1639361 -0.8753888
v 1.0717955 0.2097142 -0.8895387
v 1.0997476 0.2673980 -0.8986235
v 1.0256711 0.5994006 -1.1199453
v 1.0886764 0.5994006 -0.9260900
v 0.6485234 0.1365834 -0.7830349
v 0.5855180 0.1365834 -0.9768899
v 0.9931255 0.2486448 -1.0533905
v 0.8388181 0.3313406 -1.0647717
v 1.0141987 0.3313405 -1.0602396
v 0.9931255 0.4140364 -1.0533905
v 0.9355525 0.4745738 -1.0346787
v 0.8569062 0.4967320 -1.0091177
v 0.7782600 0.4745737 -0.9835568
v 0.7206869 0.4140363 -0.9648448
v 0.6996141 0.3313406 -0.9579957
v 0.7206869 0.2486449 -0.9648448
v 0.7782600 0.1881074 -0.9835568
v 0.8569062 0.1659491 -1.0091177
v 0.9355525 0.1881073 -1.0346787
v 0.8886191 0.2529469 -1.1054942
v 0.9323697 0.2550052 -1.1169065
v 0.9861208 0.2232918 -1.1290183
v 0.9761405 0.2050784 -1.1257201
v 0.9246787 0.3440616 -1.1172139
v 0.9452711 0.3841794 -1.1210997
v 0.9990539 0.4158353 -1.1332216
v 1.0090728 0.3976258 -1.1364235
v 0.8676645 0.4224553 -1.0986838
v 0.8453317 0.4605148 -1.0886182
v 0.8469386 0.5238839 -1.0837822
v 0.8669534 0.5238879 -1.0902329
v 0.7745914 0.4097342 -1.0684338
v 0.7324910 0.4076760 -1.0519435
v 0.6818902 0.4393893 -1.0301394
v 0.6919021 0.4576027 -1.0333392
v 0.7385318 0.3186196 -1.0567139
v 0.7195896 0.2785018 -1.0477504
v 0.6689570 0.2468459 -1.0259361
v 0.6589703 0.2650554 -1.0226359
v 0.7955457 0.2402259 -1.0752442
v 0.8195289 0.2021664 -1.0802319
v 0.8210723 0.1387972 -1.0753754
v 0.8010893 0.1387932 -1.0688264
v 0.9246787 0.3186195 -1.1172139
v 0.8935404 0.3138906 -1.1070938
v 0.8935404 0.3487906 -1.1070938
v 0.8886191 0.4097343 -1.1054942
v 0.8769451 0.3790149 -1.1017000
v 0.8482009 0.3964650 -1.0923577
v 0.7955457 0.4224552 -1.0752442
v 0.8150096 0.3964650 -1.0815704
v 0.7862654 0.3790150 -1.0722282
v 0.7385318 0.3440616 -1.0567139
v 0.7696702 0.3487906 -1.0668343
v 0.7696702 0.3138906 -1.0668343
v 0.7745914 0.2529469 -1.0684338
v 0.7862654 0.2836663 -1.0722280
v 0.8150096 0.2662163 -1.0815704
v 0.8676645 0.2402258 -1.0986838
v 0.8482009 0.2662163 -1.0923577
v 0.8769451 0.2836663 -1.1017000
v 0.8935404 0.3487906 -1.1070938
v 0.8390396 0.3313406 -1.0640899
v 0.8769451 0.3790149 -1.1017000
v 0.8482009 0.3964650 -1.0923577
v 0.8150096 0.3964650 -1.0815704
v 0.7862654 0.3790150 -1.0722282
v 0.7696702 0.3487906 -1.0668343
v 0.7696702 0.3138906 -1.0668343
v 0.7862654 0.2836663 -1.0722280
v 0.8150096 0.2662163 -1.0815704
v 0.8482009 0.2662163 -1.0923577
v 0.8769451 0.2836663 -1.1017000
v 0.8935404 0.3138906 -1.1070938
v 0.9990539 0.2468459 -1.1332216
v 0.9452711 0.2785018 -1.1210997
v 1.0090728 0.2650554 -1.1364235
v 0.9861208 0.4393894 -1.1290183
v 0.9323697 0.4076760 -1.1169065
v 0.9761405 0.4576028 -1.1257201
v 0.8210723 0.5238839 -1.0753754
v 0.8195289 0.4605148 -1.0802319
v 0.8010893 0.5238879 -1.0688264
v 0.6689570 0.4158352 -1.0259361
v 0.7195896 0.3841794 -1.0477504
v 0.6589703 0.3976257 -1.0226359
v 0.6818902 0.2232918 -1.0301394
v 0.7324910 0.2550052 -1.0519435
v 0.6919021 0.2050784 -1.0333392
v 0.8469386 0.1387972 -1.0837822
v 0.8453317 0.2021664 -1.0886182
v 0.8669534 0.1387932 -1.0902329
v 0.9323697 0.2550052 -1.1169065
v 0.9452711 0.2785018 -1.1210997
v 0.9976222 0.2445028 -1.1038510
v 0.9915837 0.2335046 -1.1018882
v 0.9452711 0.3841794 -1.1210997
v 0.9323697 0.4076760 -1.1169065
v 0.9915837 0.4291766 -1.1018882
v 0.9976222 0.4181785 -1.1038508
v 0.8453317 0.4605148 -1.0886182
v 0.8195289 0.4605148 -1.0802319
v 0.8364638 0.5160143 -1.0514723
v 0.8485413 0.5160143 -1.0553977
v 0.7324910 0.4076760 -1.0519435
v 0.7195896 0.3841794 -1.0477504
v 0.6873829 0.4181783 -1.0030190
v 0.6934214 0.4291766 -1.0049819
v 0.7195896 0.2785018 -1.0477504
v 0.7324910 0.2550052 -1.0519435
v 0.6934214 0.2335046 -1.0049819
v 0.6873829 0.2445028 -1.0030190
v 0.8195289 0.2021664 -1.0802319
v 0.8453317 0.2021664 -1.0886182
v 0.8485413 0.1466668 -1.0553977
v 0.8364638 0.1466668 -1.0514723
v 0.9452711 0.3841794 -1.1210997
v 0.9976222 0.4181785 -1.1038508
v 0.9990539 0.4158353 -1.1332216
v 0.9861208 0.4393894 -1.1290183
v 0.9915837 0.4291766 -1.1018882
v 0.9323697 0.4076760 -1.1169065
v 0.9323697 0.2550052 -1.1169065
v 0.9915837 0.2335046 -1.1018882
v 0.9861208 0.2232918 -1.1290183
v 0.9990539 0.2468459 -1.1332216
v 0.9976222 0.2445028 -1.1038510
v 0.9452711 0.2785018 -1.1210997
v 0.8195289 0.2021664 -1.0802319
v 0.8364638 0.1466668 -1.0514723
v 0.8210723 0.1387972 -1.0753754
v 0.8469386 0.1387972 -1.0837822
v 0.8485413 0.1466668 -1.0553977
v 0.8453317 0.2021664 -1.0886182
v 0.7195896 0.2785018 -1.0477504
v 0.6873829 0.2445028 -1.0030190
v 0.6689570 0.2468459 -1.0259361
v 0.6818902 0.2232918 -1.0301394
v 0.6934214 0.2335046 -1.0049819
v 0.7324910 0.2550052 -1.0519435
v 0.7324910 0.4076760 -1.0519435
v 0.6934214 0.4291766 -1.0049819
v 0.6818902 0.4393893 -1.0301394
v 0.6689570 0.4158352 -1.0259361
v 0.6873829 0.4181783 -1.0030190
v 0.7195896 0.3841794 -1.0477504
v 0.8210723 0.5238839 -1.0753754
v 0.8364638 0.5160143 -1.0514723
v 0.8195289 0.4605148 -1.0802319
v 0.8453317 0.4605148 -1.0886182
v 0.8485413 0.5160143 -1.0553977
v 0.8469386 0.5238839 -1.0837822
vt 0.7876761 0.1799845
vt 0.7507979 0.1799700
vt 0.7508054 0.1724629
vt 0.7876909 0.1724777
vt 0.7137452 0.1799630
vt 0.7137489 0.1724554
vt 0.6765752 0.1799596
vt 0.6765767 0.1724517
vt 0.6393455 0.1799566
vt 0.6393457 0.1724483
vt 0.6021085 0.1799563
vt 0.6021084 0.1724480
vt 0.5649123 0.1799585
vt 0.5649119 0.1724505
vt 0.5278012 0.1799645
vt 0.5277997 0.1724571
vt 0.4908172 0.1799720
vt 0.4908133 0.1724651
vt 0.4539990 0.1799858
vt 0.4539914 0.1724795
vt 0.4173794 0.1800114
vt 0.4173664 0.1725053
vt 0.3809759 0.1800656
vt 0.3809632 0.1725578
vt 0.3447511 0.1802203
vt 0.3447778 0.1727024
vt 0.3085379 0.1804440
vt 0.3087424 0.1728935
vt 0.2719289 0.1802780
vt 0.2726772 0.1726862
vt 0.2344424 0.1768389
vt 0.2366307 0.1696440
vt 0.9714389 0.1769763
vt 0.9338984 0.1803510
vt 0.9331653 0.1727637
vt 0.9692671 0.1697751
vt 0.8971496 0.1805120
vt 0.8969411 0.1729640
vt 0.8607588 0.1801231
vt 0.8607278 0.1726054
vt 0.8243293 0.1800214
vt 0.8243499 0.1725119
vt 0.7876909 0.1724777
vt 0.7508054 0.1724629
vt 0.7508183 0.1277784
vt 0.7877178 0.1277902
vt 0.7137489 0.1724554
vt 0.7137546 0.1277712
vt 0.6765767 0.1724517
vt 0.6765798 0.1277672
vt 0.6393457 0.1724483
vt 0.6393473 0.1277640
vt 0.6021084 0.1724480
vt 0.6021079 0.1277637
vt 0.5649119 0.1724505
vt 0.5649099 0.1277662
vt 0.5277997 0.1724571
vt 0.5277977 0.1277726
vt 0.4908133 0.1724651
vt 0.4908096 0.1277820
vt 0.4539914 0.1724795
vt 0.4539822 0.1277957
vt 0.4173664 0.1725053
vt 0.4173495 0.1278173
vt 0.3809632 0.1725578
vt 0.3809443 0.1278487
vt 0.3447778 0.1727024
vt 0.3448865 0.1278869
vt 0.3087424 0.1728935
vt 0.3097799 0.1277998
vt 0.2726772 0.1726862
vt 0.2760232 0.1277063
vt 0.2366307 0.1696440
vt 0.2437133 0.1271166
vt 0.9692671 0.1697751
vt 0.9331653 0.1727637
vt 0.9299209 0.1277724
vt 0.9622716 0.1272084
vt 0.8969411 0.1729640
vt 0.8960714 0.1278447
vt 0.8607278 0.1726054
vt 0.8607510 0.1278310
vt 0.8243499 0.1725119
vt 0.8243972 0.1278081
vt 0.4173082 0.0095960
vt 0.4539637 0.0095816
vt 0.4539715 0.0170912
vt 0.4173241 0.0171070
vt 0.4907976 0.0095704
vt 0.4908012 0.0170794
vt 0.5277889 0.0095616
vt 0.5277900 0.0170699
vt 0.5649052 0.0095568
vt 0.5649056 0.0170645
vt 0.6021065 0.0095548
vt 0.6021067 0.0170623
vt 0.6393487 0.0095550
vt 0.6393484 0.0170626
vt 0.6765842 0.0095574
vt 0.6765829 0.0170652
vt 0.7137641 0.0095607
vt 0.7137604 0.0170689
vt 0.7508395 0.0095661
vt 0.7508321 0.0170749
vt 0.7877682 0.0095718
vt 0.7877512 0.0170819
vt 0.8245337 0.0095663
vt 0.8244863 0.0170814
vt 0.8612043 0.0095273
vt 0.8610407 0.0170421
vt 0.8979751 0.0092296
vt 0.8977646 0.0167475
vt 0.9350367 0.0092482
vt 0.9346228 0.0168160
vt 0.9727772 0.0111950
vt 0.9710667 0.0184963
vt 0.2332126 0.0111387
vt 0.2709115 0.0091950
vt 0.2713238 0.0167617
vt 0.2349232 0.0184341
vt 0.3078476 0.0092066
vt 0.3080563 0.0167248
vt 0.3444139 0.0095475
vt 0.3445767 0.0170617
vt 0.3808244 0.0095985
vt 0.3808701 0.0171144
vt 0.4173241 0.0171070
vt 0.4539715 0.0170912
vt 0.4539822 0.1277957
vt 0.4173495 0.1278173
vt 0.4908012 0.0170794
vt 0.4908096 0.1277820
vt 0.5277900 0.0170699
vt 0.5277977 0.1277726
vt 0.5649056 0.0170645
vt 0.5649099 0.1277662
vt 0.6021067 0.0170623
vt 0.6021079 0.1277637
vt 0.6393484 0.0170626
vt 0.6393473 0.1277640
vt 0.6765829 0.0170652
vt 0.6765798 0.1277672
vt 0.7137604 0.0170689
vt 0.7137546 0.1277712
vt 0.7508321 0.0170749
vt 0.7508183 0.1277784
vt 0.7877512 0.0170819
vt 0.7877178 0.1277902
vt 0.8244863 0.0170814
vt 0.8243972 0.1278081
vt 0.8610407 0.0170421
vt 0.8607510 0.1278310
vt 0.8977646 0.0167475
vt 0.8960714 0.1278447
vt 0.9346228 0.0168160
vt 0.9299209 0.1277724
vt 0.9710667 0.0184963
vt 0.9622716 0.1272084
vt 0.2349232 0.0184341
vt 0.2713238 0.0167617
vt 0.2760232 0.1277063
vt 0.2437133 0.1271166
vt 0.3080563 0.0167248
vt 0.3097799 0.1277998
vt 0.3445767 0.0170617
vt 0.3448865 0.1278869
vt 0.3808701 0.0171144
vt 0.3809443 0.1278487
vt 0.9362455 0.7186632
vt 0.8979836 0.7065026
vt 0.9129151 0.6106988
vt 0.9530526 0.6106988
vt 0.8872929 0.8164142
vt 0.8545455 0.7931407
vt 0.8105948 0.8944542
vt 0.7866199 0.8621737
vt 0.7133659 0.9448635
vt 0.7006826 0.9066762
vt 0.6051798 0.9622996
vt 0.6051798 0.9220496
vt 0.4969933 0.9448634
vt 0.5096769 0.9066761
vt 0.3997644 0.8944541
vt 0.4237395 0.8621736
vt 0.3230662 0.8164141
vt 0.3558136 0.7931406
vt 0.2741138 0.7186630
vt 0.3123756 0.7065024
vt 0.2573068 0.6106985
vt 0.2974443 0.6106985
vt 0.2741139 0.5027339
vt 0.3123757 0.5148945
vt 0.3230664 0.4049827
vt 0.3558138 0.4282561
vt 0.3997647 0.3269427
vt 0.4237397 0.3592232
vt 0.4969938 0.2765333
vt 0.5096772 0.3147209
vt 0.6051804 0.2590973
vt 0.6051803 0.2993473
vt 0.7133665 0.2765335
vt 0.7006831 0.3147210
vt 0.8105953 0.3269433
vt 0.7866203 0.3592237
vt 0.8872934 0.4049833
vt 0.8545460 0.4282566
vt 0.9362458 0.5027347
vt 0.8979837 0.5148951
vt 0.9898623 0.6106988
vt 0.9712822 0.7299156
vt 0.9171608 0.8378637
vt 0.8323520 0.9240550
vt 0.7248282 0.9797354
vt 0.6051798 0.9989955
vt 0.4855310 0.9797353
vt 0.3780073 0.9240550
vt 0.2931984 0.8378637
vt 0.2390770 0.7299154
vt 0.2204972 0.6106985
vt 0.2390772 0.4914816
vt 0.2931986 0.3835331
vt 0.3780076 0.2973417
vt 0.4855314 0.2416615
vt 0.6051804 0.2224014
vt 0.7248288 0.2416617
vt 0.8323526 0.2973423
vt 0.9171614 0.3835338
vt 0.9712824 0.4914824
vt 0.8195112 0.6811584
vt 0.8304704 0.6106986
vt 0.7876515 0.7448314
vt 0.7378889 0.7955047
vt 0.6750073 0.8281315
vt 0.6051798 0.8393938
vt 0.5353522 0.8281315
vt 0.4724704 0.7955046
vt 0.4227080 0.7448313
vt 0.3908478 0.6811582
vt 0.3798887 0.6106985
vt 0.3908480 0.5402387
vt 0.4227081 0.4765657
vt 0.4724706 0.4258924
vt 0.5353525 0.3932655
vt 0.6051801 0.3820032
vt 0.6750077 0.3932656
vt 0.7378893 0.4258926
vt 0.7876518 0.4765661
vt 0.8195114 0.5402393
vt 0.0063842 0.6010239
vt 0.0063842 0.5035601
vt 0.1979759 0.5035601
vt 0.1979760 0.6010239
vt 0.0063842 0.6984841
vt 0.1979759 0.6984841
vt 0.0063841 0.9908279
vt 0.0063841 0.8933861
vt 0.1979759 0.8933861
vt 0.1979759 0.9908279
vt 0.0063842 0.1120461
vt 0.0063842 0.0146045
vt 0.1979759 0.0146045
vt 0.1979759 0.1120461
vt 0.0063842 0.2094940
vt 0.1979760 0.2094940
vt 0.0063842 0.3069481
vt 0.1979760 0.3069480
vt 0.0063844 0.5018699
vt 0.0063843 0.4044075
vt 0.1979761 0.4044074
vt 0.1979761 0.5018698
vt 0.0063844 0.5993329
vt 0.1979762 0.5993328
vt 0.0063845 0.7942462
vt 0.1979763 0.7942463
vt 0.1979763 0.8916939
vt 0.0063845 0.8916939
vt 0.0063845 0.9891357
vt 0.1979763 0.9891357
vt 0.0063841 0.1137338
vt 0.0063841 0.0162920
vt 0.1979759 0.0162920
vt 0.1979759 0.1137338
vt 0.0063841 0.2111823
vt 0.1979759 0.2111822
vt 0.1979759 0.3086370
vt 0.0063842 0.3086371
vt 0.0063842 0.4060973
vt 0.1979759 0.4060973
vt 0.2974449 0.6106988
vt 0.3123761 0.7065024
vt 0.2741143 0.7186630
vt 0.2573074 0.6106988
vt 0.3558141 0.7931405
vt 0.3230668 0.8164140
vt 0.4237399 0.8621732
vt 0.3997649 0.8944538
vt 0.5096773 0.9066757
vt 0.4969938 0.9448631
vt 0.6051801 0.9220492
vt 0.6051801 0.9622991
vt 0.7006827 0.9066758
vt 0.7133661 0.9448630
vt 0.7866198 0.8621733
vt 0.8105948 0.8944538
vt 0.8545455 0.7931404
vt 0.8872929 0.8164139
vt 0.8979833 0.7065024
vt 0.9362453 0.7186629
vt 0.9129146 0.6106985
vt 0.9530522 0.6106985
vt 0.8979832 0.5148947
vt 0.9362452 0.5027341
vt 0.8545453 0.4282564
vt 0.8872926 0.4049830
vt 0.7866197 0.3592237
vt 0.8105945 0.3269432
vt 0.7006824 0.3147214
vt 0.7133657 0.2765339
vt 0.6051797 0.2993478
vt 0.6051797 0.2590979
vt 0.5096768 0.3147216
vt 0.4969933 0.2765341
vt 0.4237396 0.3592241
vt 0.3997644 0.3269437
vt 0.3558138 0.4282570
vt 0.3230664 0.4049837
vt 0.3123761 0.5148953
vt 0.2741142 0.5027348
vt 0.2390776 0.7299154
vt 0.2204977 0.6106988
vt 0.2931990 0.8378636
vt 0.3780079 0.9240547
vt 0.4855314 0.9797350
vt 0.6051801 0.9989951
vt 0.7248284 0.9797349
vt 0.8323520 0.9240546
vt 0.9171607 0.8378634
vt 0.9712819 0.7299153
vt 0.9898618 0.6106985
vt 0.9712819 0.4914817
vt 0.9171605 0.3835334
vt 0.8323517 0.2973422
vt 0.7248279 0.2416621
vt 0.6051797 0.2224020
vt 0.4855309 0.2416622
vt 0.3780073 0.2973427
vt 0.2931986 0.3835341
vt 0.2390774 0.4914825
vt 0.3798892 0.6106986
vt 0.3908485 0.6811582
vt 0.4227085 0.7448311
vt 0.4724708 0.7955043
vt 0.5353526 0.8281311
vt 0.6051801 0.8393934
vt 0.6750074 0.8281311
vt 0.7378889 0.7955043
vt 0.7876513 0.7448311
vt 0.8195109 0.6811581
vt 0.8304701 0.6106985
vt 0.8195109 0.5402389
vt 0.7876512 0.4765661
vt 0.7378886 0.4258928
vt 0.6750071 0.3932660
vt 0.6051798 0.3820038
vt 0.5353523 0.3932662
vt 0.4724706 0.4258931
vt 0.4227083 0.4765665
vt 0.3908483 0.5402395
vt 0.0063841 0.7959382
vt 0.1979759 0.7959382
vt 0.1979762 0.6967924
vt 0.0063845 0.6967924
vt 0.9879573 0.8955575
vt 0.9971073 0.9297060
vt 0.9288103 0.9297060
vt 0.9879573 0.9638546
vt 0.9629588 0.9888530
vt 0.9288103 0.9980031
vt 0.8946617 0.9888530
vt 0.8696634 0.9638546
vt 0.8605133 0.9297060
vt 0.8696634 0.8955575
vt 0.8946618 0.8705590
vt 0.9288104 0.8614091
vt 0.9629588 0.8705590
vt 0.7680845 0.4904863
vt 0.7217493 0.5279867
vt 0.6724315 0.5268262
vt 0.7586011 0.4778861
vt 0.7898957 0.6937063
vt 0.7338736 0.6722635
vt 0.7099727 0.6287246
vt 0.7960807 0.6790817
vt 0.6233877 0.8135437
vt 0.6140968 0.7543260
vt 0.6399982 0.7116762
vt 0.6391326 0.8116326
vt 0.4370502 0.7291707
vt 0.4835645 0.6916656
vt 0.5333081 0.6928136
vt 0.4465395 0.7418093
vt 0.4170150 0.5261725
vt 0.4726171 0.5476558
vt 0.4964359 0.5912091
vt 0.4108287 0.5406751
vt 0.5824400 0.4077565
vt 0.5915723 0.4664771
vt 0.5658189 0.5086876
vt 0.5668347 0.4096197
vt 0.6736588 0.6318344
vt 0.6748445 0.5925913
vt 0.7105818 0.5980308
vt 0.6190978 0.6822792
vt 0.6537920 0.6639247
vt 0.6676382 0.6978871
vt 0.5483090 0.6601152
vt 0.5814570 0.6809981
vt 0.5589858 0.7098461
vt 0.5321678 0.5878597
vt 0.5306554 0.6269292
vt 0.4945256 0.6218907
vt 0.5864922 0.5378309
vt 0.5520251 0.5560369
vt 0.5383664 0.5223255
vt 0.6570402 0.5595819
vt 0.6238203 0.5390182
vt 0.6463182 0.5109962
vt 0.6736588 0.6318344
vt 0.6537920 0.6639247
vt 0.6027945 0.6099015
vt 0.6190978 0.6822792
vt 0.5814570 0.6809981
vt 0.5483090 0.6601152
vt 0.5306554 0.6269292
vt 0.5321678 0.5878597
vt 0.5520251 0.5560369
vt 0.5864922 0.5378309
vt 0.6238203 0.5390182
vt 0.6570402 0.5595819
vt 0.6748445 0.5925913
vt 0.7927349 0.5355532
vt 0.7984934 0.5501425
vt 0.7364149 0.5549750
vt 0.7630407 0.7379454
vt 0.7532159 0.7503239
vt 0.7178096 0.6986439
vt 0.5717465 0.8122782
vt 0.5561522 0.8099306
vt 0.5832732 0.7535768
vt 0.4124139 0.6839561
vt 0.4066684 0.6693210
vt 0.4688552 0.6646648
vt 0.4437949 0.4823340
vt 0.4535746 0.4700703
vt 0.4886107 0.5214796
vt 0.6335795 0.4090717
vt 0.6490194 0.4114037
vt 0.6221527 0.4672986
vt 0.7836357 0.5172235
vt 0.7364149 0.5549750
vt 0.7217493 0.5279867
vt 0.7790469 0.5080933
vt 0.7744440 0.7207616
vt 0.7178096 0.6986439
vt 0.7338736 0.6722635
vt 0.7800832 0.7121508
vt 0.5922829 0.8136108
vt 0.5832732 0.7535768
vt 0.6140968 0.7543260
vt 0.6025438 0.8142041
vt 0.4214966 0.7023529
vt 0.4688552 0.6646648
vt 0.4835645 0.6916656
vt 0.4260985 0.7115051
vt 0.4324287 0.4993570
vt 0.4886107 0.5214796
vt 0.4726171 0.5476558
vt 0.4268167 0.5078986
vt 0.6132492 0.4077382
vt 0.6221527 0.4672986
vt 0.5915723 0.4664771
vt 0.6030869 0.4071334
vt 0.7338736 0.6722635
vt 0.7898957 0.6937063
vt 0.7800832 0.7121508
vt 0.7630407 0.7379454
vt 0.7178096 0.6986439
vt 0.7744440 0.7207616
vt 0.7217493 0.5279867
vt 0.7680845 0.4904863
vt 0.7790469 0.5080933
vt 0.7927349 0.5355532
vt 0.7364149 0.5549750
vt 0.7836357 0.5172235
vt 0.5915723 0.4664771
vt 0.5824400 0.4077565
vt 0.6030869 0.4071334
vt 0.6335795 0.4090717
vt 0.6221527 0.4672986
vt 0.6132492 0.4077382
vt 0.4726171 0.5476558
vt 0.4170150 0.5261725
vt 0.4268167 0.5078986
vt 0.4437949 0.4823340
vt 0.4886107 0.5214796
vt 0.4324287 0.4993570
vt 0.4835645 0.6916656
vt 0.4370502 0.7291707
vt 0.4260985 0.7115051
vt 0.4124139 0.6839561
vt 0.4688552 0.6646648
vt 0.4214966 0.7023529
vt 0.5717465 0.8122782
vt 0.5832732 0.7535768
vt 0.5922829 0.8136108
vt 0.6140968 0.7543260
vt 0.6233877 0.8135437
vt 0.6025438 0.8142041
vt 0.7876761 0.1799845
vt 0.7507979 0.1799700
vt 0.7508054 0.1724629
vt 0.7876909 0.1724777
vt 0.7137452 0.1799630
vt 0.7137489 0.1724554
vt 0.6765752 0.1799596
vt 0.6765767 0.1724517
vt 0.6393455 0.1799566
vt 0.6393457 0.1724483
vt 0.6021085 0.1799563
vt 0.6021084 0.1724480
vt 0.5649123 0.1799585
vt 0.5649119 0.1724505
vt 0.5278012 0.1799645
vt 0.5277997 0.1724571
vt 0.4908172 0.1799720
vt 0.4908133 0.1724651
vt 0.4539990 0.1799858
vt 0.4539914 0.1724795
vt 0.4173794 0.1800114
vt 0.4173664 0.1725053
vt 0.3809759 0.1800656
vt 0.3809632 0.1725578
vt 0.3447511 0.1802203
vt 0.3447778 0.1727024
vt 0.3085379 0.1804440
vt 0.3087424 0.1728935
vt 0.2719289 0.1802780
vt 0.2726772 0.1726862
vt 0.2344424 0.1768389
vt 0.2366307 0.1696440
vt 0.9714389 0.1769763
vt 0.9338984 0.1803510
vt 0.9331653 0.1727637
vt 0.9692671 0.1697751
vt 0.8971496 0.1805120
vt 0.8969411 0.1729640
vt 0.8607588 0.1801231
vt 0.8607278 0.1726054
vt 0.8243293 0.1800214
vt 0.8243499 0.1725119
vt 0.7876909 0.1724777
vt 0.7508054 0.1724629
vt 0.7508183 0.1277784
vt 0.7877178 0.1277902
vt 0.7137489 0.1724554
vt 0.7137546 0.1277712
vt 0.6765767 0.1724517
vt 0.6765798 0.1277672
vt 0.6393457 0.1724483
vt 0.6393473 0.1277640
vt 0.6021084 0.1724480
vt 0.6021079 0.1277637
vt 0.5649119 0.1724505
vt 0.5649099 0.1277662
vt 0.5277997 0.1724571
vt 0.5277977 0.1277726
vt 0.4908133 0.1724651
vt 0.4908096 0.1277820
vt 0.4539914 0.1724795
vt 0.4539822 0.1277957
vt 0.4173664 0.1725053
vt 0.4173495 0.1278173
vt 0.3809632 0.1725578
vt 0.3809443 0.1278487
vt 0.3447778 0.1727024
vt 0.3448865 0.1278869
vt 0.3087424 0.1728935
vt 0.3097799 0.1277998
vt 0.2726772 0.1726862
vt 0.2760232 0.1277063
vt 0.2366307 0.1696440
vt 0.2437133 0.1271166
vt 0.9692671 0.1697751
vt 0.9331653 0.1727637
vt 0.9299209 0.1277724
vt 0.9622716 0.1272084
vt 0.8969411 0.1729640
vt 0.8960714 0.1278447
vt 0.8607278 0.1726054
vt 0.8607510 0.1278310
vt 0.8243499 0.1725119
vt 0.8243972 0.1278081
vt 0.4173082 0.0095960
vt 0.4539637 0.0095816
vt 0.4539715 0.0170912
vt 0.4173241 0.0171070
vt 0.4907976 0.0095704
vt 0.4908012 0.0170794
vt 0.5277889 0.0095616
vt 0.5277900 0.0170699
vt 0.5649052 0.0095568
vt 0.5649056 0.0170645
vt 0.6021065 0.0095548
vt 0.6021067 0.0170623
vt 0.6393487 0.0095550
vt 0.6393484 0.0170626
vt 0.6765842 0.0095574
vt 0.6765829 0.0170652
vt 0.7137641 0.0095607
vt 0.7137604 0.0170689
vt 0.7508395 0.0095661
vt 0.7508321 0.0170749
vt 0.7877682 0.0095718
vt 0.7877512 0.0170819
vt 0.8245337 0.0095663
vt 0.8244863 0.0170814
vt 0.8612043 0.0095273
vt 0.8610407 0.0170421
vt 0.8979751 0.0092296
vt 0.8977646 0.0167475
vt 0.9350367 0.0092482
vt 0.9346228 0.0168160
vt 0.9727772 0.0111950
vt 0.9710667 0.0184963
vt 0.2332126 0.0111387
vt 0.2709115 0.0091950
vt 0.2713238 0.0167617
vt 0.2349232 0.0184341
vt 0.3078476 0.0092066
vt 0.3080563 0.0167248
vt 0.3444139 0.0095475
vt 0.3445767 0.0170617
vt 0.3808244 0.0095985
vt 0.3808701 0.0171144
vt 0.4173241 0.0171070
vt 0.4539715 0.0170912
vt 0.4539822 0.1277957
vt 0.4173495 0.1278173
vt 0.4908012 0.0170794
vt 0.4908096 0.1277820
vt 0.5277900 0.0170699
vt 0.5277977 0.1277726
vt 0.5649056 0.0170645
vt 0.5649099 0.1277662
vt 0.6021067 0.0170623
vt 0.6021079 0.1277637
vt 0.6393484 0.0170626
vt 0.6393473 0.1277640
vt 0.6765829 0.0170652
vt 0.6765798 0.1277672
vt 0.7137604 0.0170689
vt 0.7137546 0.1277712
vt 0.7508321 0.0170749
vt 0.7508183 0.1277784
vt 0.7877512 0.0170819
vt 0.7877178 0.1277902
vt 0.8244863 0.0170814
vt 0.8243972 0.1278081
vt 0.8610407 0.0170421
vt 0.8607510 0.1278310
vt 0.8977646 0.0167475
vt 0.8960714 0.1278447
vt 0.9346228 0.0168160
vt 0.9299209 0.1277724
vt 0.9710667 0.0184963
vt 0.9622716 0.1272084
vt 0.2349232 0.0184341
vt 0.2713238 0.0167617
vt 0.2760232 0.1277063
vt 0.2437133 0.1271166
vt 0.3080563 0.0167248
vt 0.3097799 0.1277998
vt 0.3445767 0.0170617
vt 0.3448865 0.1278869
vt 0.3808701 0.0171144
vt 0.3809443 0.1278487
vt 0.9362455 0.7186632
vt 0.8979836 0.7065026
vt 0.9129151 0.6106988
vt 0.9530526 0.6106988
vt 0.8872929 0.8164142
vt 0.8545455 0.7931407
vt 0.8105948 0.8944542
vt 0.7866199 0.8621737
vt 0.7133659 0.9448635
vt 0.7006826 0.9066762
vt 0.6051798 0.9622996
vt 0.6051798 0.9220496
vt 0.4969933 0.9448634
vt 0.5096769 0.9066761
vt 0.3997644 0.8944541
vt 0.4237395 0.8621736
vt 0.3230662 0.8164141
vt 0.3558136 0.7931406
vt 0.2741138 0.7186630
vt 0.3123756 0.7065024
vt 0.2573068 0.6106985
vt 0.2974443 0.6106985
vt 0.2741139 0.5027339
vt 0.3123757 0.5148945
vt 0.3230664 0.4049827
vt 0.3558138 0.4282561
vt 0.3997647 0.3269427
vt 0.4237397 0.3592232
vt 0.4969938 0.2765333
vt 0.5096772 0.3147209
vt 0.6051804 0.2590973
vt 0.6051803 0.2993473
vt 0.7133665 0.2765335
vt 0.7006831 0.3147210
vt 0.8105953 0.3269433
vt 0.7866203 0.3592237
vt 0.8872934 0.4049833
vt 0.8545460 0.4282566
vt 0.9362458 0.5027347
vt 0.8979837 0.5148951
vt 0.9898623 0.6106988
vt 0.9712822 0.7299156
vt 0.9171608 0.8378637
vt 0.8323520 0.9240550
vt 0.7248282 0.9797354
vt 0.6051798 0.9989955
vt 0.4855310 0.9797353
vt 0.3780073 0.9240550
vt 0.2931984 0.8378637
vt 0.2390770 0.7299154
vt 0.2204972 0.6106985
vt 0.2390772 0.4914816
vt 0.2931986 0.3835331
vt 0.3780076 0.2973417
vt 0.4855314 0.2416615
vt 0.6051804 0.2224014
vt 0.7248288 0.2416617
vt 0.8323526 0.2973423
vt 0.9171614 0.3835338
vt 0.9712824 0.4914824
vt 0.8195112 0.6811584
vt 0.8304704 0.6106986
vt 0.7876515 0.7448314
vt 0.7378889 0.7955047
vt 0.6750073 0.8281315
vt 0.6051798 0.8393938
vt 0.5353522 0.8281315
vt 0.4724704 0.7955046
vt 0.4227080 0.7448313
vt 0.3908478 0.6811582
vt 0.3798887 0.6106985
vt 0.3908480 0.5402387
vt 0.4227081 0.4765657
vt 0.4724706 0.4258924
vt 0.5353525 0.3932655
vt 0.6051801 0.3820032
vt 0.6750077 0.3932656
vt 0.7378893 0.4258926
vt 0.7876518 0.4765661
vt 0.8195114 0.5402393
vt 0.0063842 0.6010239
vt 0.0063842 0.5035601
vt 0.1979759 0.5035601
vt 0.1979760 0.6010239
vt 0.0063842 0.6984841
vt 0.1979759 0.6984841
vt 0.0063841 0.9908279
vt 0.0063841 0.8933861
vt 0.1979759 0.8933861
vt 0.1979759 0.9908279
vt 0.0063842 0.1120461
vt 0.0063842 0.0146045
vt 0.1979759 0.0146045
vt 0.1979759 0.1120461
vt 0.0063842 0.2094940
vt 0.1979760 0.2094940
vt 0.0063842 0.3069481
vt 0.1979760 0.3069480
vt 0.0063844 0.5018699
vt 0.0063843 0.4044075
vt 0.1979761 0.4044074
vt 0.1979761 0.5018698
vt 0.0063844 0.5993329
vt 0.1979762 0.5993328
vt 0.0063845 0.7942462
vt 0.1979763 0.7942463
vt 0.1979763 0.8916939
vt 0.0063845 0.8916939
vt 0.0063845 0.9891357
vt 0.1979763 0.9891357
vt 0.0063841 0.1137338
vt 0.0063841 0.0162920
vt 0.1979759 0.0162920
vt 0.1979759 0.1137338
vt 0.0063841 0.2111823
vt 0.1979759 0.2111822
vt 0.1979759 0.3086370
vt 0.0063842 0.3086371
vt 0.0063842 0.4060973
vt 0.1979759 0.4060973
vt 0.2974449 0.6106988
vt 0.3123761 0.7065024
vt 0.2741143 0.7186630
vt 0.2573074 0.6106988
vt 0.3558141 0.7931405
vt 0.3230668 0.8164140
vt 0.4237399 0.8621732
vt 0.3997649 0.8944538
vt 0.5096773 0.9066757
vt 0.4969938 0.9448631
vt 0.6051801 0.9220492
vt 0.6051801 0.9622991
vt 0.7006827 0.9066758
vt 0.7133661 0.9448630
vt 0.7866198 0.8621733
vt 0.8105948 0.8944538
vt 0.8545455 0.7931404
vt 0.8872929 0.8164139
vt 0.8979833 0.7065024
vt 0.9362453 0.7186629
vt 0.9129146 0.6106985
vt 0.9530522 0.6106985
vt 0.8979832 0.5148947
vt 0.9362452 0.5027341
vt 0.8545453 0.4282564
vt 0.8872926 0.4049830
vt 0.7866197 0.3592237
vt 0.8105945 0.3269432
vt 0.7006824 0.3147214
vt 0.7133657 0.2765339
vt 0.6051797 0.2993478
vt 0.6051797 0.2590979
vt 0.5096768 0.3147216
vt 0.4969933 0.2765341
vt 0.4237396 0.3592241
vt 0.3997644 0.3269437
vt 0.3558138 0.4282570
vt 0.3230664 0.4049837
vt 0.3123761 0.5148953
vt 0.2741142 0.5027348
vt 0.2390776 0.7299154
vt 0.2204977 0.6106988
vt 0.2931990 0.8378636
vt 0.3780079 0.9240547
vt 0.4855314 0.9797350
vt 0.6051801 0.9989951
vt 0.7248284 0.9797349
vt 0.8323520 0.9240546
vt 0.9171607 0.8378634
vt 0.9712819 0.7299153
vt 0.9898618 0.6106985
vt 0.9712819 0.4914817
vt 0.9171605 0.3835334
vt 0.8323517 0.2973422
vt 0.7248279 0.2416621
vt 0.6051797 0.2224020
vt 0.4855309 0.2416622
vt 0.3780073 0.2973427
vt 0.2931986 0.3835341
vt 0.2390774 0.4914825
vt 0.3798892 0.6106986
vt 0.3908485 0.6811582
vt 0.4227085 0.7448311
vt 0.4724708 0.7955043
vt 0.5353526 0.8281311
vt 0.6051801 0.8393934
vt 0.6750074 0.8281311
vt 0.7378889 0.7955043
vt 0.7876513 0.7448311
vt 0.8195109 0.6811581
vt 0.8304701 0.6106985
vt 0.8195109 0.5402389
vt 0.7876512 0.4765661
vt 0.7378886 0.4258928
vt 0.6750071 0.3932660
vt 0.6051798 0.3820038
vt 0.5353523 0.3932662
vt 0.4724706 0.4258931
vt 0.4227083 0.4765665
vt 0.3908483 0.5402395
vt 0.0063841 0.7959382
vt 0.1979759 0.7959382
vt 0.1979762 0.6967924
vt 0.0063845 0.6967924
vt 0.9879573 0.8955575
vt 0.9971073 0.9297060
vt 0.9288103 0.9297060
vt 0.9879573 0.9638546
vt 0.9629588 0.9888530
vt 0.9288103 0.9980031
vt 0.8946617 0.9888530
vt 0.8696634 0.9638546
vt 0.8605133 0.9297060
vt 0.8696634 0.8955575
vt 0.8946618 0.8705590
vt 0.9288104 0.8614091
vt 0.9629588 0.8705590
vt 0.7680845 0.4904863
vt 0.7217493 0.5279867
vt 0.6724315 0.5268262
vt 0.7586011 0.4778861
vt 0.7898957 0.6937063
vt 0.7338736 0.6722635
vt 0.7099727 0.6287246
vt 0.7960807 0.6790817
vt 0.6233877 0.8135437
vt 0.6140968 0.7543260
vt 0.6399982 0.7116762
vt 0.6391326 0.8116326
vt 0.4370502 0.7291707
vt 0.4835645 0.6916656
vt 0.5333081 0.6928136
vt 0.4465395 0.7418093
vt 0.4170150 0.5261725
vt 0.4726171 0.5476558
vt 0.4964359 0.5912091
vt 0.4108287 0.5406751
vt 0.5824400 0.4077565
vt 0.5915723 0.4664771
vt 0.5658189 0.5086876
vt 0.5668347 0.4096197
vt 0.6736588 0.6318344
vt 0.6748445 0.5925913
vt 0.7105818 0.5980308
vt 0.6190978 0.6822792
vt 0.6537920 0.6639247
vt 0.6676382 0.6978871
vt 0.5483090 0.6601152
vt 0.5814570 0.6809981
vt 0.5589858 0.7098461
vt 0.5321678 0.5878597
vt 0.5306554 0.6269292
vt 0.4945256 0.6218907
vt 0.5864922 0.5378309
vt 0.5520251 0.5560369
vt 0.5383664 0.5223255
vt 0.6570402 0.5595819
vt 0.6238203 0.5390182
vt 0.6463182 0.5109962
vt 0.6736588 0.6318344
vt 0.6537920 0.6639247
vt 0.6027945 0.6099015
vt 0.6190978 0.6822792
vt 0.5814570 0.6809981
vt 0.5483090 0.6601152
vt 0.5306554 0.6269292
vt 0.5321678 0.5878597
vt 0.5520251 0.5560369
vt 0.5864922 0.5378309
vt 0.6238203 0.5390182
vt 0.6570402 0.5595819
vt 0.6748445 0.5925913
vt 0.7927349 0.5355532
vt 0.7984934 0.5501425
vt 0.7364149 0.5549750
vt 0.7630407 0.7379454
vt 0.7532159 0.7503239
vt 0.7178096 0.6986439
vt 0.5717465 0.8122782
vt 0.5561522 0.8099306
vt 0.5832732 0.7535768
vt 0.4124139 0.6839561
vt 0.4066684 0.6693210
vt 0.4688552 0.6646648
vt 0.4437949 0.4823340
vt 0.4535746 0.4700703
vt 0.4886107 0.5214796
vt 0.6335795 0.4090717
vt 0.6490194 0.4114037
vt 0.6221527 0.4672986
vt 0.7836357 0.5172235
vt 0.7364149 0.5549750
vt 0.7217493 0.5279867
vt 0.7790469 0.5080933
vt 0.7744440 0.7207616
vt 0.7178096 0.6986439
vt 0.7338736 0.6722635
vt 0.7800832 0.7121508
vt 0.5922829 0.8136108
vt 0.5832732 0.7535768
vt 0.6140968 0.7543260
vt 0.6025438 0.8142041
vt 0.4214966 0.7023529
vt 0.4688552 0.6646648
vt 0.4835645 0.6916656
vt 0.4260985 0.7115051
vt 0.4324287 0.4993570
vt 0.4886107 0.5214796
vt 0.4726171 0.5476558
vt 0.4268167 0.5078986
vt 0.6132492 0.4077382
vt 0.6221527 0.4672986
vt 0.5915723 0.4664771
vt 0.6030869 0.4071334
vt 0.7338736 0.6722635
vt 0.7898957 0.6937063
vt 0.7800832 0.7121508
vt 0.7630407 0.7379454
vt 0.7178096 0.6986439
vt 0.7744440 0.7207616
vt 0.7217493 0.5279867
vt 0.7680845 0.4904863
vt 0.7790469 0.5080933
vt 0.7927349 0.5355532
vt 0.7364149 0.5549750
vt 0.7836357 0.5172235
vt 0.5915723 0.4664771
vt 0.5824400 0.4077565
vt 0.6030869 0.4071334
vt 0.6335795 0.4090717
vt 0.6221527 0.4672986
vt 0.6132492 0.4077382
vt 0.4726171 0.5476558
vt 0.4170150 0.5261725
vt 0.4268167 0.5078986
vt 0.4437949 0.4823340
vt 0.4886107 0.5214796
vt 0.4324287 0.4993570
vt 0.4835645 0.6916656
vt 0.4370502 0.7291707
vt 0.4260985 0.7115051
vt 0.4124139 0.6839561
vt 0.4688552 0.6646648
vt 0.4214966 0.7023529
vt 0.5717465 0.8122782
vt 0.5832732 0.7535768
vt 0.5922829 0.8136108
vt 0.6140968 0.7543260
vt 0.6233877 0.8135437
vt 0.6025438 0.8142041
vt 0.7876761 0.1799845
vt 0.7876909 0.1724777
vt 0.7508054 0.1724629
vt 0.7507979 0.1799700
vt 0.7137489 0.1724554
vt 0.7137452 0.1799630
vt 0.6765767 0.1724517
vt 0.6765752 0.1799596
vt 0.6393457 0.1724483
vt 0.6393455 0.1799566
vt 0.6021084 0.1724480
vt 0.6021085 0.1799563
vt 0.5649119 0.1724505
vt 0.5649123 0.1799585
vt 0.5277997 0.1724571
vt 0.5278012 0.1799645
vt 0.4908133 0.1724651
vt 0.4908172 0.1799720
vt 0.4539914 0.1724795
vt 0.4539990 0.1799858
vt 0.4173664 0.1725053
vt 0.4173794 0.1800114
vt 0.3809632 0.1725578
vt 0.3809759 0.1800656
vt 0.3447778 0.1727024
vt 0.3447511 0.1802203
vt 0.3087424 0.1728935
vt 0.3085379 0.1804440
vt 0.2726772 0.1726862
vt 0.2719289 0.1802780
vt 0.2366307 0.1696440
vt 0.2344424 0.1768389
vt 0.9714389 0.1769763
vt 0.9692671 0.1697751
vt 0.9331653 0.1727637
vt 0.9338984 0.1803510
vt 0.8969411 0.1729640
vt 0.8971496 0.1805120
vt 0.8607278 0.1726054
vt 0.8607588 0.1801231
vt 0.8243499 0.1725119
vt 0.8243293 0.1800214
vt 0.7876909 0.1724777
vt 0.7877178 0.1277902
vt 0.7508183 0.1277784
vt 0.7508054 0.1724629
vt 0.7137546 0.1277712
vt 0.7137489 0.1724554
vt 0.6765798 0.1277672
vt 0.6765767 0.1724517
vt 0.6393473 0.1277640
vt 0.6393457 0.1724483
vt 0.6021079 0.1277637
vt 0.6021084 0.1724480
vt 0.5649099 0.1277662
vt 0.5649119 0.1724505
vt 0.5277977 0.1277726
vt 0.5277997 0.1724571
vt 0.4908096 0.1277820
vt 0.4908133 0.1724651
vt 0.4539822 0.1277957
vt 0.4539914 0.1724795
vt 0.4173495 0.1278173
vt 0.4173664 0.1725053
vt 0.3809443 0.1278487
vt 0.3809632 0.1725578
vt 0.3448865 0.1278869
vt 0.3447778 0.1727024
vt 0.3097799 0.1277998
vt 0.3087424 0.1728935
vt 0.2760232 0.1277063
vt 0.2726772 0.1726862
vt 0.2437133 0.1271166
vt 0.2366307 0.1696440
vt 0.9692671 0.1697751
vt 0.9622716 0.1272084
vt 0.9299209 0.1277724
vt 0.9331653 0.1727637
vt 0.8960714 0.1278447
vt 0.8969411 0.1729640
vt 0.8607510 0.1278310
vt 0.8607278 0.1726054
vt 0.8243972 0.1278081
vt 0.8243499 0.1725119
vt 0.4173082 0.0095960
vt 0.4173241 0.0171070
vt 0.4539715 0.0170912
vt 0.4539637 0.0095816
vt 0.4908012 0.0170794
vt 0.4907976 0.0095704
vt 0.5277900 0.0170699
vt 0.5277889 0.0095616
vt 0.5649056 0.0170645
vt 0.5649052 0.0095568
vt 0.6021067 0.0170623
vt 0.6021065 0.0095548
vt 0.6393484 0.0170626
vt 0.6393487 0.0095550
vt 0.6765829 0.0170652
vt 0.6765842 0.0095574
vt 0.7137604 0.0170689
vt 0.7137641 0.0095607
vt 0.7508321 0.0170749
vt 0.7508395 0.0095661
vt 0.7877512 0.0170819
vt 0.7877682 0.0095718
vt 0.8244863 0.0170814
vt 0.8245337 0.0095663
vt 0.8610407 0.0170421
vt 0.8612043 0.0095273
vt 0.8977646 0.0167475
vt 0.8979751 0.0092296
vt 0.9346228 0.0168160
vt 0.9350367 0.0092482
vt 0.9710667 0.0184963
vt 0.9727772 0.0111950
vt 0.2332126 0.0111387
vt 0.2349232 0.0184341
vt 0.2713238 0.0167617
vt 0.2709115 0.0091950
vt 0.3080563 0.0167248
vt 0.3078476 0.0092066
vt 0.3445767 0.0170617
vt 0.3444139 0.0095475
vt 0.3808701 0.0171144
vt 0.3808244 0.0095985
vt 0.4173241 0.0171070
vt 0.4173495 0.1278173
vt 0.4539822 0.1277957
vt 0.4539715 0.0170912
vt 0.4908096 0.1277820
vt 0.4908012 0.0170794
vt 0.5277977 0.1277726
vt 0.5277900 0.0170699
vt 0.5649099 0.1277662
vt 0.5649056 0.0170645
vt 0.6021079 0.1277637
vt 0.6021067 0.0170623
vt 0.6393473 0.1277640
vt 0.6393484 0.0170626
vt 0.6765798 0.1277672
vt 0.6765829 0.0170652
vt 0.7137546 0.1277712
vt 0.7137604 0.0170689
vt 0.7508183 0.1277784
vt 0.7508321 0.0170749
vt 0.7877178 0.1277902
vt 0.7877512 0.0170819
vt 0.8243972 0.1278081
vt 0.8244863 0.0170814
vt 0.8607510 0.1278310
vt 0.8610407 0.0170421
vt 0.8960714 0.1278447
vt 0.8977646 0.0167475
vt 0.9299209 0.1277724
vt 0.9346228 0.0168160
vt 0.9622716 0.1272084
vt 0.9710667 0.0184963
vt 0.2349232 0.0184341
vt 0.2437133 0.1271166
vt 0.2760232 0.1277063
vt 0.2713238 0.0167617
vt 0.3097799 0.1277998
vt 0.3080563 0.0167248
vt 0.3448865 0.1278869
vt 0.3445767 0.0170617
vt 0.3809443 0.1278487
vt 0.3808701 0.0171144
vt 0.9129151 0.6106988
vt 0.8979836 0.7065026
vt 0.9362455 0.7186632
vt 0.9530526 0.6106988
vt 0.8545455 0.7931407
vt 0.8872929 0.8164142
vt 0.7866199 0.8621737
vt 0.8105948 0.8944542
vt 0.7006826 0.9066762
vt 0.7133659 0.9448635
vt 0.6051798 0.9220496
vt 0.6051798 0.9622996
vt 0.5096769 0.9066761
vt 0.4969933 0.9448634
vt 0.4237395 0.8621736
vt 0.3997644 0.8944541
vt 0.3558136 0.7931406
vt 0.3230662 0.8164141
vt 0.3123756 0.7065024
vt 0.2741138 0.7186630
vt 0.2974443 0.6106985
vt 0.2573068 0.6106985
vt 0.3123757 0.5148945
vt 0.2741139 0.5027339
vt 0.3558138 0.4282561
vt 0.3230664 0.4049827
vt 0.4237397 0.3592232
vt 0.3997647 0.3269427
vt 0.5096772 0.3147209
vt 0.4969938 0.2765333
vt 0.6051803 0.2993473
vt 0.6051804 0.2590973
vt 0.7006831 0.3147210
vt 0.7133665 0.2765335
vt 0.7866203 0.3592237
vt 0.8105953 0.3269433
vt 0.8545460 0.4282566
vt 0.8872934 0.4049833
vt 0.8979837 0.5148951
vt 0.9362458 0.5027347
vt 0.9712822 0.7299156
vt 0.9898623 0.6106988
vt 0.9171608 0.8378637
vt 0.8323520 0.9240550
vt 0.7248282 0.9797354
vt 0.6051798 0.9989955
vt 0.4855310 0.9797353
vt 0.3780073 0.9240550
vt 0.2931984 0.8378637
vt 0.2390770 0.7299154
vt 0.2204972 0.6106985
vt 0.2390772 0.4914816
vt 0.2931986 0.3835331
vt 0.3780076 0.2973417
vt 0.4855314 0.2416615
vt 0.6051804 0.2224014
vt 0.7248288 0.2416617
vt 0.8323526 0.2973423
vt 0.9171614 0.3835338
vt 0.9712824 0.4914824
vt 0.8304704 0.6106986
vt 0.8195112 0.6811584
vt 0.7876515 0.7448314
vt 0.7378889 0.7955047
vt 0.6750073 0.8281315
vt 0.6051798 0.8393938
vt 0.5353522 0.8281315
vt 0.4724704 0.7955046
vt 0.4227080 0.7448313
vt 0.3908478 0.6811582
vt 0.3798887 0.6106985
vt 0.3908480 0.5402387
vt 0.4227081 0.4765657
vt 0.4724706 0.4258924
vt 0.5353525 0.3932655
vt 0.6051801 0.3820032
vt 0.6750077 0.3932656
vt 0.7378893 0.4258926
vt 0.7876518 0.4765661
vt 0.8195114 0.5402393
vt 0.0063842 0.6010239
vt 0.1979760 0.6010239
vt 0.1979759 0.5035601
vt 0.0063842 0.5035601
vt 0.0063842 0.6984841
vt 0.1979759 0.6984841
vt 0.0063841 0.9908279
vt 0.1979759 0.9908279
vt 0.1979759 0.8933861
vt 0.0063841 0.8933861
vt 0.0063842 0.1120461
vt 0.1979759 0.1120461
vt 0.1979759 0.0146045
vt 0.0063842 0.0146045
vt 0.0063842 0.2094940
vt 0.1979760 0.2094940
vt 0.0063842 0.3069481
vt 0.1979760 0.3069480
vt 0.0063844 0.5018699
vt 0.1979761 0.5018698
vt 0.1979761 0.4044074
vt 0.0063843 0.4044075
vt 0.0063844 0.5993329
vt 0.1979762 0.5993328
vt 0.1979763 0.8916939
vt 0.1979763 0.7942463
vt 0.0063845 0.7942462
vt 0.0063845 0.8916939
vt 0.0063845 0.9891357
vt 0.1979763 0.9891357
vt 0.0063841 0.1137338
vt 0.1979759 0.1137338
vt 0.1979759 0.0162920
vt 0.0063841 0.0162920
vt 0.1979759 0.3086370
vt 0.1979759 0.2111822
vt 0.0063841 0.2111823
vt 0.0063842 0.3086371
vt 0.1979759 0.4060973
vt 0.0063842 0.4060973
vt 0.2741143 0.7186630
vt 0.3123761 0.7065024
vt 0.2974449 0.6106988
vt 0.2573074 0.6106988
vt 0.3230668 0.8164140
vt 0.3558141 0.7931405
vt 0.3997649 0.8944538
vt 0.4237399 0.8621732
vt 0.4969938 0.9448631
vt 0.5096773 0.9066757
vt 0.6051801 0.9622991
vt 0.6051801 0.9220492
vt 0.7133661 0.9448630
vt 0.7006827 0.9066758
vt 0.8105948 0.8944538
vt 0.7866198 0.8621733
vt 0.8872929 0.8164139
vt 0.8545455 0.7931404
vt 0.9362453 0.7186629
vt 0.8979833 0.7065024
vt 0.9530522 0.6106985
vt 0.9129146 0.6106985
vt 0.9362452 0.5027341
vt 0.8979832 0.5148947
vt 0.8872926 0.4049830
vt 0.8545453 0.4282564
vt 0.8105945 0.3269432
vt 0.7866197 0.3592237
vt 0.7133657 0.2765339
vt 0.7006824 0.3147214
vt 0.6051797 0.2590979
vt 0.6051797 0.2993478
vt 0.4969933 0.2765341
vt 0.5096768 0.3147216
vt 0.3997644 0.3269437
vt 0.4237396 0.3592241
vt 0.3230664 0.4049837
vt 0.3558138 0.4282570
vt 0.2741142 0.5027348
vt 0.3123761 0.5148953
vt 0.2204977 0.6106988
vt 0.2390776 0.7299154
vt 0.2931990 0.8378636
vt 0.3780079 0.9240547
vt 0.4855314 0.9797350
vt 0.6051801 0.9989951
vt 0.7248284 0.9797349
vt 0.8323520 0.9240546
vt 0.9171607 0.8378634
vt 0.9712819 0.7299153
vt 0.9898618 0.6106985
vt 0.9712819 0.4914817
vt 0.9171605 0.3835334
vt 0.8323517 0.2973422
vt 0.7248279 0.2416621
vt 0.6051797 0.2224020
vt 0.4855309 0.2416622
vt 0.3780073 0.2973427
vt 0.2931986 0.3835341
vt 0.2390774 0.4914825
vt 0.3908485 0.6811582
vt 0.3798892 0.6106986
vt 0.4227085 0.7448311
vt 0.4724708 0.7955043
vt 0.5353526 0.8281311
vt 0.6051801 0.8393934
vt 0.6750074 0.8281311
vt 0.7378889 0.7955043
vt 0.7876513 0.7448311
vt 0.8195109 0.6811581
vt 0.8304701 0.6106985
vt 0.8195109 0.5402389
vt 0.7876512 0.4765661
vt 0.7378886 0.4258928
vt 0.6750071 0.3932660
vt 0.6051798 0.3820038
vt 0.5353523 0.3932662
vt 0.4724706 0.4258931
vt 0.4227083 0.4765665
vt 0.3908483 0.5402395
vt 0.0063841 0.7959382
vt 0.1979759 0.7959382
vt 0.1979762 0.6967924
vt 0.0063845 0.6967924
vt 0.9879573 0.8955575
vt 0.9288103 0.9297060
vt 0.9971073 0.9297060
vt 0.9879573 0.9638546
vt 0.9629588 0.9888530
vt 0.9288103 0.9980031
vt 0.8946617 0.9888530
vt 0.8696634 0.9638546
vt 0.8605133 0.9297060
vt 0.8696634 0.8955575
vt 0.8946618 0.8705590
vt 0.9288104 0.8614091
vt 0.9629588 0.8705590
vt 0.6724315 0.5268262
vt 0.7217493 0.5279867
vt 0.7680845 0.4904863
vt 0.7586011 0.4778861
vt 0.7099727 0.6287246
vt 0.7338736 0.6722635
vt 0.7898957 0.6937063
vt 0.7960807 0.6790817
vt 0.6399982 0.7116762
vt 0.6140968 0.7543260
vt 0.6233877 0.8135437
vt 0.6391326 0.8116326
vt 0.5333081 0.6928136
vt 0.4835645 0.6916656
vt 0.4370502 0.7291707
vt 0.4465395 0.7418093
vt 0.4964359 0.5912091
vt 0.4726171 0.5476558
vt 0.4170150 0.5261725
vt 0.4108287 0.5406751
vt 0.5658189 0.5086876
vt 0.5915723 0.4664771
vt 0.5824400 0.4077565
vt 0.5668347 0.4096197
vt 0.7105818 0.5980308
vt 0.6748445 0.5925913
vt 0.6736588 0.6318344
vt 0.6676382 0.6978871
vt 0.6537920 0.6639247
vt 0.6190978 0.6822792
vt 0.5589858 0.7098461
vt 0.5814570 0.6809981
vt 0.5483090 0.6601152
vt 0.4945256 0.6218907
vt 0.5306554 0.6269292
vt 0.5321678 0.5878597
vt 0.5383664 0.5223255
vt 0.5520251 0.5560369
vt 0.5864922 0.5378309
vt 0.6463182 0.5109962
vt 0.6238203 0.5390182
vt 0.6570402 0.5595819
vt 0.6736588 0.6318344
vt 0.6027945 0.6099015
vt 0.6537920 0.6639247
vt 0.6190978 0.6822792
vt 0.5814570 0.6809981
vt 0.5483090 0.6601152
vt 0.5306554 0.6269292
vt 0.5321678 0.5878597
vt 0.5520251 0.5560369
vt 0.5864922 0.5378309
vt 0.6238203 0.5390182
vt 0.6570402 0.5595819
vt 0.6748445 0.5925913
vt 0.7927349 0.5355532
vt 0.7364149 0.5549750
vt 0.7984934 0.5501425
vt 0.7630407 0.7379454
vt 0.7178096 0.6986439
vt 0.7532159 0.7503239
vt 0.5717465 0.8122782
vt 0.5832732 0.7535768
vt 0.5561522 0.8099306
vt 0.4124139 0.6839561
vt 0.4688552 0.6646648
vt 0.4066684 0.6693210
vt 0.4437949 0.4823340
vt 0.4886107 0.5214796
vt 0.4535746 0.4700703
vt 0.6335795 0.4090717
vt 0.6221527 0.4672986
vt 0.6490194 0.4114037
vt 0.7217493 0.5279867
vt 0.7364149 0.5549750
vt 0.7836357 0.5172235
vt 0.7790469 0.5080933
vt 0.7338736 0.6722635
vt 0.7178096 0.6986439
vt 0.7744440 0.7207616
vt 0.7800832 0.7121508
vt 0.6140968 0.7543260
vt 0.5832732 0.7535768
vt 0.5922829 0.8136108
vt 0.6025438 0.8142041
vt 0.4835645 0.6916656
vt 0.4688552 0.6646648
vt 0.4214966 0.7023529
vt 0.4260985 0.7115051
vt 0.4726171 0.5476558
vt 0.4886107 0.5214796
vt 0.4324287 0.4993570
vt 0.4268167 0.5078986
vt 0.5915723 0.4664771
vt 0.6221527 0.4672986
vt 0.6132492 0.4077382
vt 0.6030869 0.4071334
vt 0.7338736 0.6722635
vt 0.7800832 0.7121508
vt 0.7898957 0.6937063
vt 0.7630407 0.7379454
vt 0.7744440 0.7207616
vt 0.7178096 0.6986439
vt 0.7217493 0.5279867
vt 0.7790469 0.5080933
vt 0.7680845 0.4904863
vt 0.7927349 0.5355532
vt 0.7836357 0.5172235
vt 0.7364149 0.5549750
vt 0.5915723 0.4664771
vt 0.6030869 0.4071334
vt 0.5824400 0.4077565
vt 0.6335795 0.4090717
vt 0.6132492 0.4077382
vt 0.6221527 0.4672986
vt 0.4726171 0.5476558
vt 0.4268167 0.5078986
vt 0.4170150 0.5261725
vt 0.4437949 0.4823340
vt 0.4324287 0.4993570
vt 0.4886107 0.5214796
vt 0.4835645 0.6916656
vt 0.4260985 0.7115051
vt 0.4370502 0.7291707
vt 0.4124139 0.6839561
vt 0.4214966 0.7023529
vt 0.4688552 0.6646648
vt 0.5717465 0.8122782
vt 0.5922829 0.8136108
vt 0.5832732 0.7535768
vt 0.6140968 0.7543260
vt 0.6025438 0.8142041
vt 0.6233877 0.8135437
vt 0.7876761 0.1799845
vt 0.7876909 0.1724777
vt 0.7508054 0.1724629
vt 0.7507979 0.1799700
vt 0.7137489 0.1724554
vt 0.7137452 0.1799630
vt 0.6765767 0.1724517
vt 0.6765752 0.1799596
vt 0.6393457 0.1724483
vt 0.6393455 0.1799566
vt 0.6021084 0.1724480
vt 0.6021085 0.1799563
vt 0.5649119 0.1724505
vt 0.5649123 0.1799585
vt 0.5277997 0.1724571
vt 0.5278012 0.1799645
vt 0.4908133 0.1724651
vt 0.4908172 0.1799720
vt 0.4539914 0.1724795
vt 0.4539990 0.1799858
vt 0.4173664 0.1725053
vt 0.4173794 0.1800114
vt 0.3809632 0.1725578
vt 0.3809759 0.1800656
vt 0.3447778 0.1727024
vt 0.3447511 0.1802203
vt 0.3087424 0.1728935
vt 0.3085379 0.1804440
vt 0.2726772 0.1726862
vt 0.2719289 0.1802780
vt 0.2366307 0.1696440
vt 0.2344424 0.1768389
vt 0.9714389 0.1769763
vt 0.9692671 0.1697751
vt 0.9331653 0.1727637
vt 0.9338984 0.1803510
vt 0.8969411 0.1729640
vt 0.8971496 0.1805120
vt 0.8607278 0.1726054
vt 0.8607588 0.1801231
vt 0.8243499 0.1725119
vt 0.8243293 0.1800214
vt 0.7876909 0.1724777
vt 0.7877178 0.1277902
vt 0.7508183 0.1277784
vt 0.7508054 0.1724629
vt 0.7137546 0.1277712
vt 0.7137489 0.1724554
vt 0.6765798 0.1277672
vt 0.6765767 0.1724517
vt 0.6393473 0.1277640
vt 0.6393457 0.1724483
vt 0.6021079 0.1277637
vt 0.6021084 0.1724480
vt 0.5649099 0.1277662
vt 0.5649119 0.1724505
vt 0.5277977 0.1277726
vt 0.5277997 0.1724571
vt 0.4908096 0.1277820
vt 0.4908133 0.1724651
vt 0.4539822 0.1277957
vt 0.4539914 0.1724795
vt 0.4173495 0.1278173
vt 0.4173664 0.1725053
vt 0.3809443 0.1278487
vt 0.3809632 0.1725578
vt 0.3448865 0.1278869
vt 0.3447778 0.1727024
vt 0.3097799 0.1277998
vt 0.3087424 0.1728935
vt 0.2760232 0.1277063
vt 0.2726772 0.1726862
vt 0.2437133 0.1271166
vt 0.2366307 0.1696440
vt 0.9692671 0.1697751
vt 0.9622716 0.1272084
vt 0.9299209 0.1277724
vt 0.9331653 0.1727637
vt 0.8960714 0.1278447
vt 0.8969411 0.1729640
vt 0.8607510 0.1278310
vt 0.8607278 0.1726054
vt 0.8243972 0.1278081
vt 0.8243499 0.1725119
vt 0.4173082 0.0095960
vt 0.4173241 0.0171070
vt 0.4539715 0.0170912
vt 0.4539637 0.0095816
vt 0.4908012 0.0170794
vt 0.4907976 0.0095704
vt 0.5277900 0.0170699
vt 0.5277889 0.0095616
vt 0.5649056 0.0170645
vt 0.5649052 0.0095568
vt 0.6021067 0.0170623
vt 0.6021065 0.0095548
vt 0.6393484 0.0170626
vt 0.6393487 0.0095550
vt 0.6765829 0.0170652
vt 0.6765842 0.0095574
vt 0.7137604 0.0170689
vt 0.7137641 0.0095607
vt 0.7508321 0.0170749
vt 0.7508395 0.0095661
vt 0.7877512 0.0170819
vt 0.7877682 0.0095718
vt 0.8244863 0.0170814
vt 0.8245337 0.0095663
vt 0.8610407 0.0170421
vt 0.8612043 0.0095273
vt 0.8977646 0.0167475
vt 0.8979751 0.0092296
vt 0.9346228 0.0168160
vt 0.9350367 0.0092482
vt 0.9710667 0.0184963
vt 0.9727772 0.0111950
vt 0.2332126 0.0111387
vt 0.2349232 0.0184341
vt 0.2713238 0.0167617
vt 0.2709115 0.0091950
vt 0.3080563 0.0167248
vt 0.3078476 0.0092066
vt 0.3445767 0.0170617
vt 0.3444139 0.0095475
vt 0.3808701 0.0171144
vt 0.3808244 0.0095985
vt 0.4173241 0.0171070
vt 0.4173495 0.1278173
vt 0.4539822 0.1277957
vt 0.4539715 0.0170912
vt 0.4908096 0.1277820
vt 0.4908012 0.0170794
vt 0.5277977 0.1277726
vt 0.5277900 0.0170699
vt 0.5649099 0.1277662
vt 0.5649056 0.0170645
vt 0.6021079 0.1277637
vt 0.6021067 0.0170623
vt 0.6393473 0.1277640
vt 0.6393484 0.0170626
vt 0.6765798 0.1277672
vt 0.6765829 0.0170652
vt 0.7137546 0.1277712
vt 0.7137604 0.0170689
vt 0.7508183 0.1277784
vt 0.7508321 0.0170749
vt 0.7877178 0.1277902
vt 0.7877512 0.0170819
vt 0.8243972 0.1278081
vt 0.8244863 0.0170814
vt 0.8607510 0.1278310
vt 0.8610407 0.0170421
vt 0.8960714 0.1278447
vt 0.8977646 0.0167475
vt 0.9299209 0.1277724
vt 0.9346228 0.0168160
vt 0.9622716 0.1272084
vt 0.9710667 0.0184963
vt 0.2349232 0.0184341
vt 0.2437133 0.1271166
vt 0.2760232 0.1277063
vt 0.2713238 0.0167617
vt 0.3097799 0.1277998
vt 0.3080563 0.0167248
vt 0.3448865 0.1278869
vt 0.3445767 0.0170617
vt 0.3809443 0.1278487
vt 0.3808701 0.0171144
vt 0.9129151 0.6106988
vt 0.8979836 0.7065026
vt 0.9362455 0.7186632
vt 0.9530526 0.6106988
vt 0.8545455 0.7931407
vt 0.8872929 0.8164142
vt 0.7866199 0.8621737
vt 0.8105948 0.8944542
vt 0.7006826 0.9066762
vt 0.7133659 0.9448635
vt 0.6051798 0.9220496
vt 0.6051798 0.9622996
vt 0.5096769 0.9066761
vt 0.4969933 0.9448634
vt 0.4237395 0.8621736
vt 0.3997644 0.8944541
vt 0.3558136 0.7931406
vt 0.3230662 0.8164141
vt 0.3123756 0.7065024
vt 0.2741138 0.7186630
vt 0.2974443 0.6106985
vt 0.2573068 0.6106985
vt 0.3123757 0.5148945
vt 0.2741139 0.5027339
vt 0.3558138 0.4282561
vt 0.3230664 0.4049827
vt 0.4237397 0.3592232
vt 0.3997647 0.3269427
vt 0.5096772 0.3147209
vt 0.4969938 0.2765333
vt 0.6051803 0.2993473
vt 0.6051804 0.2590973
vt 0.7006831 0.3147210
vt 0.7133665 0.2765335
vt 0.7866203 0.3592237
vt 0.8105953 0.3269433
vt 0.8545460 0.4282566
vt 0.8872934 0.4049833
vt 0.8979837 0.5148951
vt 0.9362458 0.5027347
vt 0.9712822 0.7299156
vt 0.9898623 0.6106988
vt 0.9171608 0.8378637
vt 0.8323520 0.9240550
vt 0.7248282 0.9797354
vt 0.6051798 0.9989955
vt 0.4855310 0.9797353
vt 0.3780073 0.9240550
vt 0.2931984 0.8378637
vt 0.2390770 0.7299154
vt 0.2204972 0.6106985
vt 0.2390772 0.4914816
vt 0.2931986 0.3835331
vt 0.3780076 0.2973417
vt 0.4855314 0.2416615
vt 0.6051804 0.2224014
vt 0.7248288 0.2416617
vt 0.8323526 0.2973423
vt 0.9171614 0.3835338
vt 0.9712824 0.4914824
vt 0.8304704 0.6106986
vt 0.8195112 0.6811584
vt 0.7876515 0.7448314
vt 0.7378889 0.7955047
vt 0.6750073 0.8281315
vt 0.6051798 0.8393938
vt 0.5353522 0.8281315
vt 0.4724704 0.7955046
vt 0.4227080 0.7448313
vt 0.3908478 0.6811582
vt 0.3798887 0.6106985
vt 0.3908480 0.5402387
vt 0.4227081 0.4765657
vt 0.4724706 0.4258924
vt 0.5353525 0.3932655
vt 0.6051801 0.3820032
vt 0.6750077 0.3932656
vt 0.7378893 0.4258926
vt 0.7876518 0.4765661
vt 0.8195114 0.5402393
vt 0.0063842 0.6010239
vt 0.1979760 0.6010239
vt 0.1979759 0.5035601
vt 0.0063842 0.5035601
vt 0.0063842 0.6984841
vt 0.1979759 0.6984841
vt 0.0063841 0.9908279
vt 0.1979759 0.9908279
vt 0.1979759 0.8933861
vt 0.0063841 0.8933861
vt 0.0063842 0.1120461
vt 0.1979759 0.1120461
vt 0.1979759 0.0146045
vt 0.0063842 0.0146045
vt 0.0063842 0.2094940
vt 0.1979760 0.2094940
vt 0.0063842 0.3069481
vt 0.1979760 0.3069480
vt 0.0063844 0.5018699
vt 0.1979761 0.5018698
vt 0.1979761 0.4044074
vt 0.0063843 0.4044075
vt 0.0063844 0.5993329
vt 0.1979762 0.5993328
vt 0.1979763 0.8916939
vt 0.1979763 0.7942463
vt 0.0063845 0.7942462
vt 0.0063845 0.8916939
vt 0.0063845 0.9891357
vt 0.1979763 0.9891357
vt 0.0063841 0.1137338
vt 0.1979759 0.1137338
vt 0.1979759 0.0162920
vt 0.0063841 0.0162920
vt 0.1979759 0.3086370
vt 0.1979759 0.2111822
vt 0.0063841 0.2111823
vt 0.0063842 0.3086371
vt 0.1979759 0.4060973
vt 0.0063842 0.4060973
vt 0.2741143 0.7186630
vt 0.3123761 0.7065024
vt 0.2974449 0.6106988
vt 0.2573074 0.6106988
vt 0.3230668 0.8164140
vt 0.3558141 0.7931405
vt 0.3997649 0.8944538
vt 0.4237399 0.8621732
vt 0.4969938 0.9448631
vt 0.5096773 0.9066757
vt 0.6051801 0.9622991
vt 0.6051801 0.9220492
vt 0.7133661 0.9448630
vt 0.7006827 0.9066758
vt 0.8105948 0.8944538
vt 0.7866198 0.8621733
vt 0.8872929 0.8164139
vt 0.8545455 0.7931404
vt 0.9362453 0.7186629
vt 0.8979833 0.7065024
vt 0.9530522 0.6106985
vt 0.9129146 0.6106985
vt 0.9362452 0.5027341
vt 0.8979832 0.5148947
vt 0.8872926 0.4049830
vt 0.8545453 0.4282564
vt 0.8105945 0.3269432
vt 0.7866197 0.3592237
vt 0.7133657 0.2765339
vt 0.7006824 0.3147214
vt 0.6051797 0.2590979
vt 0.6051797 0.2993478
vt 0.4969933 0.2765341
vt 0.5096768 0.3147216
vt 0.3997644 0.3269437
vt 0.4237396 0.3592241
vt 0.3230664 0.4049837
vt 0.3558138 0.4282570
vt 0.2741142 0.5027348
vt 0.3123761 0.5148953
vt 0.2204977 0.6106988
vt 0.2390776 0.7299154
vt 0.2931990 0.8378636
vt 0.3780079 0.9240547
vt 0.4855314 0.9797350
vt 0.6051801 0.9989951
vt 0.7248284 0.9797349
vt 0.8323520 0.9240546
vt 0.9171607 0.8378634
vt 0.9712819 0.7299153
vt 0.9898618 0.6106985
vt 0.9712819 0.4914817
vt 0.9171605 0.3835334
vt 0.8323517 0.2973422
vt 0.7248279 0.2416621
vt 0.6051797 0.2224020
vt 0.4855309 0.2416622
vt 0.3780073 0.2973427
vt 0.2931986 0.3835341
vt 0.2390774 0.4914825
vt 0.3908485 0.6811582
vt 0.3798892 0.6106986
vt 0.4227085 0.7448311
vt 0.4724708 0.7955043
vt 0.5353526 0.8281311
vt 0.6051801 0.8393934
vt 0.6750074 0.8281311
vt 0.7378889 0.7955043
vt 0.7876513 0.7448311
vt 0.8195109 0.6811581
vt 0.8304701 0.6106985
vt 0.8195109 0.5402389
vt 0.7876512 0.4765661
vt 0.7378886 0.4258928
vt 0.6750071 0.3932660
vt 0.6051798 0.3820038
vt 0.5353523 0.3932662
vt 0.4724706 0.4258931
vt 0.4227083 0.4765665
vt 0.3908483 0.5402395
vt 0.0063841 0.7959382
vt 0.1979759 0.7959382
vt 0.1979762 0.6967924
vt 0.0063845 0.6967924
vt 0.9879573 0.8955575
vt 0.9288103 0.9297060
vt 0.9971073 0.9297060
vt 0.9879573 0.9638546
vt 0.9629588 0.9888530
vt 0.9288103 0.9980031
vt 0.8946617 0.9888530
vt 0.8696634 0.9638546
vt 0.8605133 0.9297060
vt 0.8696634 0.8955575
vt 0.8946618 0.8705590
vt 0.9288104 0.8614091
vt 0.9629588 0.8705590
vt 0.6724315 0.5268262
vt 0.7217493 0.5279867
vt 0.7680845 0.4904863
vt 0.7586011 0.4778861
vt 0.7099727 0.6287246
vt 0.7338736 0.6722635
vt 0.7898957 0.6937063
vt 0.7960807 0.6790817
vt 0.6399982 0.7116762
vt 0.6140968 0.7543260
vt 0.6233877 0.8135437
vt 0.6391326 0.8116326
vt 0.5333081 0.6928136
vt 0.4835645 0.6916656
vt 0.4370502 0.7291707
vt 0.4465395 0.7418093
vt 0.4964359 0.5912091
vt 0.4726171 0.5476558
vt 0.4170150 0.5261725
vt 0.4108287 0.5406751
vt 0.5658189 0.5086876
vt 0.5915723 0.4664771
vt 0.5824400 0.4077565
vt 0.5668347 0.4096197
vt 0.7105818 0.5980308
vt 0.6748445 0.5925913
vt 0.6736588 0.6318344
vt 0.6676382 0.6978871
vt 0.6537920 0.6639247
vt 0.6190978 0.6822792
vt 0.5589858 0.7098461
vt 0.5814570 0.6809981
vt 0.5483090 0.6601152
vt 0.4945256 0.6218907
vt 0.5306554 0.6269292
vt 0.5321678 0.5878597
vt 0.5383664 0.5223255
vt 0.5520251 0.5560369
vt 0.5864922 0.5378309
vt 0.6463182 0.5109962
vt 0.6238203 0.5390182
vt 0.6570402 0.5595819
vt 0.6736588 0.6318344
vt 0.6027945 0.6099015
vt 0.6537920 0.6639247
vt 0.6190978 0.6822792
vt 0.5814570 0.6809981
vt 0.5483090 0.6601152
vt 0.5306554 0.6269292
vt 0.5321678 0.5878597
vt 0.5520251 0.5560369
vt 0.5864922 0.5378309
vt 0.6238203 0.5390182
vt 0.6570402 0.5595819
vt 0.6748445 0.5925913
vt 0.7927349 0.5355532
vt 0.7364149 0.5549750
vt 0.7984934 0.5501425
vt 0.7630407 0.7379454
vt 0.7178096 0.6986439
vt 0.7532159 0.7503239
vt 0.5717465 0.8122782
vt 0.5832732 0.7535768
vt 0.5561522 0.8099306
vt 0.4124139 0.6839561
vt 0.4688552 0.6646648
vt 0.4066684 0.6693210
vt 0.4437949 0.4823340
vt 0.4886107 0.5214796
vt 0.4535746 0.4700703
vt 0.6335795 0.4090717
vt 0.6221527 0.4672986
vt 0.6490194 0.4114037
vt 0.7217493 0.5279867
vt 0.7364149 0.5549750
vt 0.7836357 0.5172235
vt 0.7790469 0.5080933
vt 0.7338736 0.6722635
vt 0.7178096 0.6986439
vt 0.7744440 0.7207616
vt 0.7800832 0.7121508
vt 0.6140968 0.7543260
vt 0.5832732 0.7535768
vt 0.5922829 0.8136108
vt 0.6025438 0.8142041
vt 0.4835645 0.6916656
vt 0.4688552 0.6646648
vt 0.4214966 0.7023529
vt 0.4260985 0.7115051
vt 0.4726171 0.5476558
vt 0.4886107 0.5214796
vt 0.4324287 0.4993570
vt 0.4268167 0.5078986
vt 0.5915723 0.4664771
vt 0.6221527 0.4672986
vt 0.6132492 0.4077382
vt 0.6030869 0.4071334
vt 0.7338736 0.6722635
vt 0.7800832 0.7121508
vt 0.7898957 0.6937063
vt 0.7630407 0.7379454
vt 0.7744440 0.7207616
vt 0.7178096 0.6986439
vt 0.7217493 0.5279867
vt 0.7790469 0.5080933
vt 0.7680845 0.4904863
vt 0.7927349 0.5355532
vt 0.7836357 0.5172235
vt 0.7364149 0.5549750
vt 0.5915723 0.4664771
vt 0.6030869 0.4071334
vt 0.5824400 0.4077565
vt 0.6335795 0.4090717
vt 0.6132492 0.4077382
vt 0.6221527 0.4672986
vt 0.4726171 0.5476558
vt 0.4268167 0.5078986
vt 0.4170150 0.5261725
vt 0.4437949 0.4823340
vt 0.4324287 0.4993570
vt 0.4886107 0.5214796
vt 0.4835645 0.6916656
vt 0.4260985 0.7115051
vt 0.4370502 0.7291707
vt 0.4124139 0.6839561
vt 0.4214966 0.7023529
vt 0.4688552 0.6646648
vt 0.5717465 0.8122782
vt 0.5922829 0.8136108
vt 0.5832732 0.7535768
vt 0.6140968 0.7543260
vt 0.6025438 0.8142041
vt 0.6233877 0.8135437
f 1/1 2/2 3/3
f 3/3 4/4 1/1
f 41/41 1/1 4/4
f 2/2 5/5 6/6
f 6/6 3/3 2/2
f 5/5 7/7 8/8
f 8/8 6/6 5/5
f 7/7 9/9 10/10
f 10/10 8/8 7/7
f 9/9 11/11 12/12
f 12/12 10/10 9/9
f 11/11 13/13 14/14
f 14/14 12/12 11/11
f 13/13 15/15 16/16
f 16/16 14/14 13/13
f 15/15 17/17 18/18
f 18/18 16/16 15/15
f 17/17 19/19 20/20
f 20/20 18/18 17/17
f 19/19 21/21 22/22
f 22/22 20/20 19/19
f 21/21 23/23 24/24
f 24/24 22/22 21/21
f 23/23 25/25 26/26
f 26/26 24/24 23/23
f 25/25 27/27 28/28
f 28/28 26/26 25/25
f 27/27 29/29 30/30
f 30/30 28/28 27/27
f 29/29 31/31 32/32
f 32/32 30/30 29/29
f 4/4 42/42 41/41
f 39/39 41/41 42/42
f 42/42 40/40 39/39
f 37/37 39/39 40/40
f 40/40 38/38 37/37
f 34/34 37/37 38/38
f 38/38 35/35 34/34
f 33/33 34/34 35/35
f 35/35 36/36 33/33
f 43/43 44/44 45/45
f 45/45 46/46 43/43
f 83/83 43/43 46/46
f 44/44 47/47 48/48
f 48/48 45/45 44/44
f 47/47 49/49 50/50
f 50/50 48/48 47/47
f 49/49 51/51 52/52
f 52/52 50/50 49/49
f 51/51 53/53 54/54
f 54/54 52/52 51/51
f 53/53 55/55 56/56
f 56/56 54/54 53/53
f 55/55 57/57 58/58
f 58/58 56/56 55/55
f 57/57 59/59 60/60
f 60/60 58/58 57/57
f 59/59 61/61 62/62
f 62/62 60/60 59/59
f 61/61 63/63 64/64
f 64/64 62/62 61/61
f 63/63 65/65 66/66
f 66/66 64/64 63/63
f 65/65 67/67 68/68
f 68/68 66/66 65/65
f 67/67 69/69 70/70
f 70/70 68/68 67/67
f 69/69 71/71 72/72
f 72/72 70/70 69/69
f 71/71 73/73 74/74
f 74/74 72/72 71/71
f 46/46 84/84 83/83
f 81/81 83/83 84/84
f 84/84 82/82 81/81
f 79/79 81/81 82/82
f 82/82 80/80 79/79
f 76/76 79/79 80/80
f 80/80 77/77 76/76
f 75/75 76/76 77/77
f 77/77 78/78 75/75
f 85/85 86/86 87/87
f 87/87 88/88 85/85
f 125/125 85/85 88/88
f 86/86 89/89 90/90
f 90/90 87/87 86/86
f 89/89 91/91 92/92
f 92/92 90/90 89/89
f 91/91 93/93 94/94
f 94/94 92/92 91/91
f 93/93 95/95 96/96
f 96/96 94/94 93/93
f 95/95 97/97 98/98
f 98/98 96/96 95/95
f 97/97 99/99 100/100
f 100/100 98/98 97/97
f 99/99 101/101 102/102
f 102/102 100/100 99/99
f 101/101 103/103 104/104
f 104/104 102/102 101/101
f 103/103 105/105 106/106
f 106/106 104/104 103/103
f 105/105 107/107 108/108
f 108/108 106/106 105/105
f 107/107 109/109 110/110
f 110/110 108/108 107/107
f 109/109 111/111 112/112
f 112/112 110/110 109/109
f 111/111 113/113 114/114
f 114/114 112/112 111/111
f 113/113 115/115 116/116
f 116/116 114/114 113/113
f 88/88 126/126 125/125
f 123/123 125/125 126/126
f 126/126 124/124 123/123
f 121/121 123/123 124/124
f 124/124 122/122 121/121
f 118/118 121/121 122/122
f 122/122 119/119 118/118
f 117/117 118/118 119/119
f 119/119 120/120 117/117
f 127/127 128/128 129/129
f 129/129 130/130 127/127
f 167/167 127/127 130/130
f 128/128 131/131 132/132
f 132/132 129/129 128/128
f 131/131 133/133 134/134
f 134/134 132/132 131/131
f 133/133 135/135 136/136
f 136/136 134/134 133/133
f 135/135 137/137 138/138
f 138/138 136/136 135/135
f 137/137 139/139 140/140
f 140/140 138/138 137/137
f 139/139 141/141 142/142
f 142/142 140/140 139/139
f 141/141 143/143 144/144
f 144/144 142/142 141/141
f 143/143 145/145 146/146
f 146/146 144/144 143/143
f 145/145 147/147 148/148
f 148/148 146/146 145/145
f 147/147 149/149 150/150
f 150/150 148/148 147/147
f 149/149 151/151 152/152
f 152/152 150/150 149/149
f 151/151 153/153 154/154
f 154/154 152/152 151/151
f 153/153 155/155 156/156
f 156/156 154/154 153/153
f 155/155 157/157 158/158
f 158/158 156/156 155/155
f 130/130 168/168 167/167
f 165/165 167/167 168/168
f 168/168 166/166 165/165
f 163/163 165/165 166/166
f 166/166 164/164 163/163
f 160/160 163/163 164/164
f 164/164 161/161 160/160
f 159/159 160/160 161/161
f 161/161 162/162 159/159
f 169/169 170/170 171/171
f 171/171 172/172 169/169
f 170/170 169/169 173/173
f 210/210 169/169 172/172
f 169/169 210/210 211/211
f 211/211 173/173 169/169
f 172/172 171/171 208/208
f 208/208 207/207 172/172
f 172/172 209/209 210/210
f 209/209 172/172 207/207
f 207/207 208/208 206/206
f 206/206 208/208 248/248
f 230/230 248/248 208/208
f 208/208 171/171 230/230
f 206/206 205/205 207/207
f 228/228 207/207 205/205
f 207/207 228/228 209/209
f 205/205 206/206 204/204
f 204/204 206/206 247/247
f 248/248 247/247 206/206
f 204/204 203/203 205/205
f 227/227 205/205 203/203
f 205/205 227/227 228/228
f 203/203 204/204 202/202
f 202/202 204/204 246/246
f 247/247 246/246 204/204
f 202/202 201/201 203/203
f 226/226 203/203 201/201
f 203/203 226/226 227/227
f 201/201 202/202 200/200
f 200/200 202/202 245/245
f 246/246 245/245 202/202
f 200/200 199/199 201/201
f 225/225 201/201 199/199
f 201/201 225/225 226/226
f 199/199 200/200 198/198
f 198/198 200/200 244/244
f 245/245 244/244 200/200
f 198/198 197/197 199/199
f 224/224 199/199 197/197
f 199/199 224/224 225/225
f 197/197 198/198 196/196
f 196/196 198/198 243/243
f 244/244 243/243 198/198
f 196/196 195/195 197/197
f 223/223 197/197 195/195
f 197/197 223/223 224/224
f 195/195 196/196 194/194
f 194/194 196/196 242/242
f 243/243 242/242 196/196
f 194/194 193/193 195/195
f 222/222 195/195 193/193
f 195/195 222/222 223/223
f 193/193 194/194 192/192
f 192/192 194/194 241/241
f 242/242 241/241 194/194
f 192/192 191/191 193/193
f 221/221 193/193 191/191
f 193/193 221/221 222/222
f 191/191 192/192 190/190
f 190/190 192/192 240/240
f 241/241 240/240 192/192
f 190/190 189/189 191/191
f 220/220 191/191 189/189
f 191/191 220/220 221/221
f 189/189 190/190 188/188
f 188/188 190/190 239/239
f 240/240 239/239 190/190
f 188/188 187/187 189/189
f 219/219 189/189 187/187
f 189/189 219/219 220/220
f 187/187 188/188 186/186
f 186/186 188/188 238/238
f 239/239 238/238 188/188
f 186/186 185/185 187/187
f 218/218 187/187 185/185
f 187/187 218/218 219/219
f 185/185 186/186 184/184
f 184/184 186/186 237/237
f 238/238 237/237 186/186
f 184/184 183/183 185/185
f 217/217 185/185 183/183
f 185/185 217/217 218/218
f 183/183 184/184 182/182
f 182/182 184/184 236/236
f 237/237 236/236 184/184
f 182/182 181/181 183/183
f 216/216 183/183 181/181
f 183/183 216/216 217/217
f 181/181 182/182 180/180
f 180/180 182/182 235/235
f 236/236 235/235 182/182
f 180/180 179/179 181/181
f 215/215 181/181 179/179
f 181/181 215/215 216/216
f 179/179 180/180 178/178
f 178/178 180/180 234/234
f 235/235 234/234 180/180
f 178/178 177/177 179/179
f 214/214 179/179 177/177
f 179/179 214/214 215/215
f 177/177 178/178 176/176
f 176/176 178/178 233/233
f 234/234 233/233 178/178
f 176/176 175/175 177/177
f 213/213 177/177 175/175
f 177/177 213/213 214/214
f 175/175 176/176 174/174
f 174/174 176/176 232/232
f 233/233 232/232 176/176
f 174/174 173/173 175/175
f 212/212 175/175 173/173
f 175/175 212/212 213/213
f 173/173 174/174 170/170
f 170/170 174/174 231/231
f 232/232 231/231 174/174
f 173/173 211/211 212/212
f 231/231 229/229 170/170
f 171/171 170/170 229/229
f 229/229 230/230 171/171
f 249/249 250/250 251/251
f 251/251 252/252 249/249
f 253/253 249/249 252/252
f 251/251 250/250 287/287
f 287/287 288/288 251/251
f 287/287 286/286 285/285
f 285/285 288/288 287/287
f 285/285 286/286 283/283
f 283/283 284/284 285/285
f 283/283 279/279 282/282
f 282/282 284/284 283/283
f 279/279 280/280 281/281
f 281/281 282/282 279/279
f 252/252 254/254 253/253
f 369/369 253/253 254/254
f 254/254 370/370 369/369
f 369/369 370/370 257/257
f 257/257 256/256 369/369
f 255/255 256/256 257/257
f 257/257 258/258 255/255
f 259/259 260/260 261/261
f 261/261 262/262 259/259
f 263/263 259/259 262/262
f 262/262 264/264 263/263
f 265/265 263/263 264/264
f 264/264 266/266 265/265
f 265/265 266/266 269/269
f 269/269 268/268 265/265
f 267/267 268/268 269/269
f 269/269 270/270 267/267
f 271/271 267/267 270/270
f 270/270 272/272 271/271
f 271/271 272/272 371/371
f 371/371 372/372 271/271
f 372/372 371/371 274/274
f 274/274 273/273 372/372
f 273/273 274/274 275/275
f 275/275 276/276 273/273
f 277/277 276/276 275/275
f 275/275 278/278 277/277
f 289/289 290/290 291/291
f 291/291 292/292 289/289
f 327/327 289/289 292/292
f 289/289 349/349 350/350
f 350/350 290/290 289/289
f 349/349 289/289 327/327
f 292/292 328/328 327/327
f 292/292 291/291 329/329
f 329/329 330/330 292/292
f 328/328 292/292 330/330
f 325/325 327/327 328/328
f 368/368 327/327 325/325
f 327/327 368/368 349/349
f 328/328 326/326 325/325
f 326/326 328/328 348/348
f 330/330 348/348 328/328
f 323/323 325/325 326/326
f 367/367 325/325 323/323
f 325/325 367/367 368/368
f 326/326 324/324 323/323
f 324/324 326/326 347/347
f 348/348 347/347 326/326
f 321/321 323/323 324/324
f 366/366 323/323 321/321
f 323/323 366/366 367/367
f 324/324 322/322 321/321
f 322/322 324/324 346/346
f 347/347 346/346 324/324
f 319/319 321/321 322/322
f 365/365 321/321 319/319
f 321/321 365/365 366/366
f 322/322 320/320 319/319
f 320/320 322/322 345/345
f 346/346 345/345 322/322
f 317/317 319/319 320/320
f 364/364 319/319 317/317
f 319/319 364/364 365/365
f 320/320 318/318 317/317
f 318/318 320/320 344/344
f 345/345 344/344 320/320
f 315/315 317/317 318/318
f 363/363 317/317 315/315
f 317/317 363/363 364/364
f 318/318 316/316 315/315
f 316/316 318/318 343/343
f 344/344 343/343 318/318
f 313/313 315/315 316/316
f 362/362 315/315 313/313
f 315/315 362/362 363/363
f 316/316 314/314 313/313
f 314/314 316/316 342/342
f 343/343 342/342 316/316
f 311/311 313/313 314/314
f 361/361 313/313 311/311
f 313/313 361/361 362/362
f 314/314 312/312 311/311
f 312/312 314/314 341/341
f 342/342 341/341 314/314
f 309/309 311/311 312/312
f 360/360 311/311 309/309
f 311/311 360/360 361/361
f 312/312 310/310 309/309
f 310/310 312/312 340/340
f 341/341 340/340 312/312
f 307/307 309/309 310/310
f 359/359 309/309 307/307
f 309/309 359/359 360/360
f 310/310 308/308 307/307
f 308/308 310/310 339/339
f 340/340 339/339 310/310
f 305/305 307/307 308/308
f 358/358 307/307 305/305
f 307/307 358/358 359/359
f 308/308 306/306 305/305
f 306/306 308/308 338/338
f 339/339 338/338 308/308
f 303/303 305/305 306/306
f 357/357 305/305 303/303
f 305/305 357/357 358/358
f 306/306 304/304 303/303
f 304/304 306/306 337/337
f 338/338 337/337 306/306
f 301/301 303/303 304/304
f 356/356 303/303 301/301
f 303/303 356/356 357/357
f 304/304 302/302 301/301
f 302/302 304/304 336/336
f 337/337 336/336 304/304
f 299/299 301/301 302/302
f 355/355 301/301 299/299
f 301/301 355/355 356/356
f 302/302 300/300 299/299
f 300/300 302/302 335/335
f 336/336 335/335 302/302
f 297/297 299/299 300/300
f 354/354 299/299 297/297
f 299/299 354/354 355/355
f 300/300 298/298 297/297
f 298/298 300/300 334/334
f 335/335 334/334 300/300
f 295/295 297/297 298/298
f 353/353 297/297 295/295
f 297/297 353/353 354/354
f 298/298 296/296 295/295
f 296/296 298/298 333/333
f 334/334 333/333 298/298
f 293/293 295/295 296/296
f 352/352 295/295 293/293
f 295/295 352/352 353/353
f 296/296 294/294 293/293
f 294/294 296/296 332/332
f 333/333 332/332 296/296
f 290/290 293/293 294/294
f 351/351 293/293 290/290
f 293/293 351/351 352/352
f 294/294 291/291 290/290
f 291/291 294/294 331/331
f 332/332 331/331 294/294
f 290/290 350/350 351/351
f 331/331 329/329 291/291
f 373/373 374/374 375/375
f 385/385 373/373 375/375
f 374/374 376/376 375/375
f 376/376 377/377 375/375
f 377/377 378/378 375/375
f 378/378 379/379 375/375
f 379/379 380/380 375/375
f 380/380 381/381 375/375
f 381/381 382/382 375/375
f 382/382 383/383 375/375
f 383/383 384/384 375/375
f 384/384 385/385 375/375
f 386/386 387/387 388/388
f 388/388 389/389 386/386
f 387/387 425/425 388/388
f 411/411 425/425 387/387
f 387/387 443/443 411/411
f 388/388 425/425 426/426
f 426/426 427/427 388/388
f 427/427 426/426 458/458
f 426/426 422/422 407/407
f 407/407 458/458 426/426
f 456/456 457/457 427/427
f 427/427 458/458 456/456
f 406/406 407/407 408/408
f 407/407 422/422 408/408
f 408/408 422/422 423/423
f 408/408 409/409 406/406
f 423/423 424/424 408/408
f 424/424 423/423 455/455
f 423/423 419/419 403/403
f 403/403 455/455 423/423
f 453/453 454/454 424/424
f 424/424 455/455 453/453
f 402/402 403/403 404/404
f 403/403 419/419 404/404
f 404/404 419/419 420/420
f 404/404 405/405 402/402
f 420/420 421/421 404/404
f 421/421 420/420 452/452
f 420/420 416/416 399/399
f 399/399 452/452 420/420
f 450/450 451/451 421/421
f 421/421 452/452 450/450
f 398/398 399/399 400/400
f 399/399 416/416 400/400
f 400/400 416/416 417/417
f 400/400 401/401 398/398
f 417/417 418/418 400/400
f 418/418 417/417 449/449
f 417/417 413/413 395/395
f 395/395 449/449 417/417
f 447/447 448/448 418/418
f 418/418 449/449 447/447
f 394/394 395/395 396/396
f 395/395 413/413 396/396
f 396/396 413/413 414/414
f 396/396 397/397 394/394
f 414/414 415/415 396/396
f 415/415 414/414 446/446
f 414/414 410/410 391/391
f 391/391 446/446 414/414
f 444/444 445/445 415/415
f 415/415 446/446 444/444
f 390/390 391/391 392/392
f 391/391 410/410 392/392
f 392/392 410/410 411/411
f 392/392 393/393 390/390
f 411/411 412/412 392/392
f 412/412 411/411 443/443
f 441/441 442/442 412/412
f 412/412 443/443 441/441
f 428/428 429/429 430/430
f 440/440 428/428 430/430
f 429/429 431/431 430/430
f 431/431 432/432 430/430
f 432/432 433/433 430/430
f 433/433 434/434 430/430
f 434/434 435/435 430/430
f 435/435 436/436 430/430
f 436/436 437/437 430/430
f 437/437 438/438 430/430
f 438/438 439/439 430/430
f 439/439 440/440 430/430
f 459/459 460/460 461/461
f 461/461 462/462 459/459
f 463/463 464/464 465/465
f 465/465 466/466 463/463
f 467/467 468/468 469/469
f 469/469 470/470 467/467
f 471/471 472/472 473/473
f 473/473 474/474 471/471
f 475/475 476/476 477/477
f 477/477 478/478 475/475
f 479/479 480/480 481/481
f 481/481 482/482 479/479
f 483/483 484/484 485/485
f 486/486 487/487 488/488
f 489/489 490/490 491/491
f 492/492 493/493 494/494
f 495/495 496/496 497/497
f 498/498 499/499 500/500
f 501/501 502/502 503/503
f 504/504 505/505 506/506
f 507/507 508/508 509/509
f 510/510 511/511 512/512
f 513/513 514/514 515/515
f 516/516 517/517 518/518
f 519/519 520/520 521/521
f 521/521 522/522 519/519
f 559/559 519/519 522/522
f 520/520 523/523 524/524
f 524/524 521/521 520/520
f 523/523 525/525 526/526
f 526/526 524/524 523/523
f 525/525 527/527 528/528
f 528/528 526/526 525/525
f 527/527 529/529 530/530
f 530/530 528/528 527/527
f 529/529 531/531 532/532
f 532/532 530/530 529/529
f 531/531 533/533 534/534
f 534/534 532/532 531/531
f 533/533 535/535 536/536
f 536/536 534/534 533/533
f 535/535 537/537 538/538
f 538/538 536/536 535/535
f 537/537 539/539 540/540
f 540/540 538/538 537/537
f 539/539 541/541 542/542
f 542/542 540/540 539/539
f 541/541 543/543 544/544
f 544/544 542/542 541/541
f 543/543 545/545 546/546
f 546/546 544/544 543/543
f 545/545 547/547 548/548
f 548/548 546/546 545/545
f 547/547 549/549 550/550
f 550/550 548/548 547/547
f 522/522 560/560 559/559
f 557/557 559/559 560/560
f 560/560 558/558 557/557
f 555/555 557/557 558/558
f 558/558 556/556 555/555
f 552/552 555/555 556/556
f 556/556 553/553 552/552
f 551/551 552/552 553/553
f 553/553 554/554 551/551
f 561/561 562/562 563/563
f 563/563 564/564 561/561
f 601/601 561/561 564/564
f 562/562 565/565 566/566
f 566/566 563/563 562/562
f 565/565 567/567 568/568
f 568/568 566/566 565/565
f 567/567 569/569 570/570
f 570/570 568/568 567/567
f 569/569 571/571 572/572
f 572/572 570/570 569/569
f 571/571 573/573 574/574
f 574/574 572/572 571/571
f 573/573 575/575 576/576
f 576/576 574/574 573/573
f 575/575 577/577 578/578
f 578/578 576/576 575/575
f 577/577 579/579 580/580
f 580/580 578/578 577/577
f 579/579 581/581 582/582
f 582/582 580/580 579/579
f 581/581 583/583 584/584
f 584/584 582/582 581/581
f 583/583 585/585 586/586
f 586/586 584/584 583/583
f 585/585 587/587 588/588
f 588/588 586/586 585/585
f 587/587 589/589 590/590
f 590/590 588/588 587/587
f 589/589 591/591 592/592
f 592/592 590/590 589/589
f 564/564 602/602 601/601
f 599/599 601/601 602/602
f 602/602 600/600 599/599
f 597/597 599/599 600/600
f 600/600 598/598 597/597
f 594/594 597/597 598/598
f 598/598 595/595 594/594
f 593/593 594/594 595/595
f 595/595 596/596 593/593
f 603/603 604/604 605/605
f 605/605 606/606 603/603
f 643/643 603/603 606/606
f 604/604 607/607 608/608
f 608/608 605/605 604/604
f 607/607 609/609 610/610
f 610/610 608/608 607/607
f 609/609 611/611 612/612
f 612/612 610/610 609/609
f 611/611 613/613 614/614
f 614/614 612/612 611/611
f 613/613 615/615 616/616
f 616/616 614/614 613/613
f 615/615 617/617 618/618
f 618/618 616/616 615/615
f 617/617 619/619 620/620
f 620/620 618/618 617/617
f 619/619 621/621 622/622
f 622/622 620/620 619/619
f 621/621 623/623 624/624
f 624/624 622/622 621/621
f 623/623 625/625 626/626
f 626/626 624/624 623/623
f 625/625 627/627 628/628
f 628/628 626/626 625/625
f 627/627 629/629 630/630
f 630/630 628/628 627/627
f 629/629 631/631 632/632
f 632/632 630/630 629/629
f 631/631 633/633 634/634
f 634/634 632/632 631/631
f 606/606 644/644 643/643
f 641/641 643/643 644/644
f 644/644 642/642 641/641
f 639/639 641/641 642/642
f 642/642 640/640 639/639
f 636/636 639/639 640/640
f 640/640 637/637 636/636
f 635/635 636/636 637/637
f 637/637 638/638 635/635
f 645/645 646/646 647/647
f 647/647 648/648 645/645
f 685/685 645/645 648/648
f 646/646 649/649 650/650
f 650/650 647/647 646/646
f 649/649 651/651 652/652
f 652/652 650/650 649/649
f 651/651 653/653 654/654
f 654/654 652/652 651/651
f 653/653 655/655 656/656
f 656/656 654/654 653/653
f 655/655 657/657 658/658
f 658/658 656/656 655/655
f 657/657 659/659 660/660
f 660/660 658/658 657/657
f 659/659 661/661 662/662
f 662/662 660/660 659/659
f 661/661 663/663 664/664
f 664/664 662/662 661/661
f 663/663 665/665 666/666
f 666/666 664/664 663/663
f 665/665 667/667 668/668
f 668/668 666/666 665/665
f 667/667 669/669 670/670
f 670/670 668/668 667/667
f 669/669 671/671 672/672
f 672/672 670/670 669/669
f 671/671 673/673 674/674
f 674/674 672/672 671/671
f 673/673 675/675 676/676
f 676/676 674/674 673/673
f 648/648 686/686 685/685
f 683/683 685/685 686/686
f 686/686 684/684 683/683
f 681/681 683/683 684/684
f 684/684 682/682 681/681
f 678/678 681/681 682/682
f 682/682 679/679 678/678
f 677/677 678/678 679/679
f 679/679 680/680 677/677
f 687/687 688/688 689/689
f 689/689 690/690 687/687
f 688/688 687/687 691/691
f 728/728 687/687 690/690
f 687/687 728/728 729/729
f 729/729 691/691 687/687
f 690/690 689/689 726/726
f 726/726 725/725 690/690
f 690/690 727/727 728/728
f 727/727 690/690 725/725
f 725/725 726/726 724/724
f 724/724 726/726 766/766
f 748/748 766/766 726/726
f 726/726 689/689 748/748
f 724/724 723/723 725/725
f 746/746 725/725 723/723
f 725/725 746/746 727/727
f 723/723 724/724 722/722
f 722/722 724/724 765/765
f 766/766 765/765 724/724
f 722/722 721/721 723/723
f 745/745 723/723 721/721
f 723/723 745/745 746/746
f 721/721 722/722 720/720
f 720/720 722/722 764/764
f 765/765 764/764 722/722
f 720/720 719/719 721/721
f 744/744 721/721 719/719
f 721/721 744/744 745/745
f 719/719 720/720 718/718
f 718/718 720/720 763/763
f 764/764 763/763 720/720
f 718/718 717/717 719/719
f 743/743 719/719 717/717
f 719/719 743/743 744/744
f 717/717 718/718 716/716
f 716/716 718/718 762/762
f 763/763 762/762 718/718
f 716/716 715/715 717/717
f 742/742 717/717 715/715
f 717/717 742/742 743/743
f 715/715 716/716 714/714
f 714/714 716/716 761/761
f 762/762 761/761 716/716
f 714/714 713/713 715/715
f 741/741 715/715 713/713
f 715/715 741/741 742/742
f 713/713 714/714 712/712
f 712/712 714/714 760/760
f 761/761 760/760 714/714
f 712/712 711/711 713/713
f 740/740 713/713 711/711
f 713/713 740/740 741/741
f 711/711 712/712 710/710
f 710/710 712/712 759/759
f 760/760 759/759 712/712
f 710/710 709/709 711/711
f 739/739 711/711 709/709
f 711/711 739/739 740/740
f 709/709 710/710 708/708
f 708/708 710/710 758/758
f 759/759 758/758 710/710
f 708/708 707/707 709/709
f 738/738 709/709 707/707
f 709/709 738/738 739/739
f 707/707 708/708 706/706
f 706/706 708/708 757/757
f 758/758 757/757 708/708
f 706/706 705/705 707/707
f 737/737 707/707 705/705
f 707/707 737/737 738/738
f 705/705 706/706 704/704
f 704/704 706/706 756/756
f 757/757 756/756 706/706
f 704/704 703/703 705/705
f 736/736 705/705 703/703
f 705/705 736/736 737/737
f 703/703 704/704 702/702
f 702/702 704/704 755/755
f 756/756 755/755 704/704
f 702/702 701/701 703/703
f 735/735 703/703 701/701
f 703/703 735/735 736/736
f 701/701 702/702 700/700
f 700/700 702/702 754/754
f 755/755 754/754 702/702
f 700/700 699/699 701/701
f 734/734 701/701 699/699
f 701/701 734/734 735/735
f 699/699 700/700 698/698
f 698/698 700/700 753/753
f 754/754 753/753 700/700
f 698/698 697/697 699/699
f 733/733 699/699 697/697
f 699/699 733/733 734/734
f 697/697 698/698 696/696
f 696/696 698/698 752/752
f 753/753 752/752 698/698
f 696/696 695/695 697/697
f 732/732 697/697 695/695
f 697/697 732/732 733/733
f 695/695 696/696 694/694
f 694/694 696/696 751/751
f 752/752 751/751 696/696
f 694/694 693/693 695/695
f 731/731 695/695 693/693
f 695/695 731/731 732/732
f 693/693 694/694 692/692
f 692/692 694/694 750/750
f 751/751 750/750 694/694
f 692/692 691/691 693/693
f 730/730 693/693 691/691
f 693/693 730/730 731/731
f 691/691 692/692 688/688
f 688/688 692/692 749/749
f 750/750 749/749 692/692
f 691/691 729/729 730/730
f 749/749 747/747 688/688
f 689/689 688/688 747/747
f 747/747 748/748 689/689
f 767/767 768/768 769/769
f 769/769 770/770 767/767
f 771/771 767/767 770/770
f 769/769 768/768 805/805
f 805/805 806/806 769/769
f 805/805 804/804 803/803
f 803/803 806/806 805/805
f 803/803 804/804 801/801
f 801/801 802/802 803/803
f 801/801 797/797 800/800
f 800/800 802/802 801/801
f 797/797 798/798 799/799
f 799/799 800/800 797/797
f 770/770 772/772 771/771
f 887/887 771/771 772/772
f 772/772 888/888 887/887
f 887/887 888/888 775/775
f 775/775 774/774 887/887
f 773/773 774/774 775/775
f 775/775 776/776 773/773
f 777/777 778/778 779/779
f 779/779 780/780 777/777
f 781/781 777/777 780/780
f 780/780 782/782 781/781
f 783/783 781/781 782/782
f 782/782 784/784 783/783
f 783/783 784/784 787/787
f 787/787 786/786 783/783
f 785/785 786/786 787/787
f 787/787 788/788 785/785
f 789/789 785/785 788/788
f 788/788 790/790 789/789
f 789/789 790/790 889/889
f 889/889 890/890 789/789
f 890/890 889/889 792/792
f 792/792 791/791 890/890
f 791/791 792/792 793/793
f 793/793 794/794 791/791
f 795/795 794/794 793/793
f 793/793 796/796 795/795
f 807/807 808/808 809/809
f 809/809 810/810 807/807
f 845/845 807/807 810/810
f 807/807 867/867 868/868
f 868/868 808/808 807/807
f 867/867 807/807 845/845
f 810/810 846/846 845/845
f 810/810 809/809 847/847
f 847/847 848/848 810/810
f 846/846 810/810 848/848
f 843/843 845/845 846/846
f 886/886 845/845 843/843
f 845/845 886/886 867/867
f 846/846 844/844 843/843
f 844/844 846/846 866/866
f 848/848 866/866 846/846
f 841/841 843/843 844/844
f 885/885 843/843 841/841
f 843/843 885/885 886/886
f 844/844 842/842 841/841
f 842/842 844/844 865/865
f 866/866 865/865 844/844
f 839/839 841/841 842/842
f 884/884 841/841 839/839
f 841/841 884/884 885/885
f 842/842 840/840 839/839
f 840/840 842/842 864/864
f 865/865 864/864 842/842
f 837/837 839/839 840/840
f 883/883 839/839 837/837
f 839/839 883/883 884/884
f 840/840 838/838 837/837
f 838/838 840/840 863/863
f 864/864 863/863 840/840
f 835/835 837/837 838/838
f 882/882 837/837 835/835
f 837/837 882/882 883/883
f 838/838 836/836 835/835
f 836/836 838/838 862/862
f 863/863 862/862 838/838
f 833/833 835/835 836/836
f 881/881 835/835 833/833
f 835/835 881/881 882/882
f 836/836 834/834 833/833
f 834/834 836/836 861/861
f 862/862 861/861 836/836
f 831/831 833/833 834/834
f 880/880 833/833 831/831
f 833/833 880/880 881/881
f 834/834 832/832 831/831
f 832/832 834/834 860/860
f 861/861 860/860 834/834
f 829/829 831/831 832/832
f 879/879 831/831 829/829
f 831/831 879/879 880/880
f 832/832 830/830 829/829
f 830/830 832/832 859/859
f 860/860 859/859 832/832
f 827/827 829/829 830/830
f 878/878 829/829 827/827
f 829/829 878/878 879/879
f 830/830 828/828 827/827
f 828/828 830/830 858/858
f 859/859 858/858 830/830
f 825/825 827/827 828/828
f 877/877 827/827 825/825
f 827/827 877/877 878/878
f 828/828 826/826 825/825
f 826/826 828/828 857/857
f 858/858 857/857 828/828
f 823/823 825/825 826/826
f 876/876 825/825 823/823
f 825/825 876/876 877/877
f 826/826 824/824 823/823
f 824/824 826/826 856/856
f 857/857 856/856 826/826
f 821/821 823/823 824/824
f 875/875 823/823 821/821
f 823/823 875/875 876/876
f 824/824 822/822 821/821
f 822/822 824/824 855/855
f 856/856 855/855 824/824
f 819/819 821/821 822/822
f 874/874 821/821 819/819
f 821/821 874/874 875/875
f 822/822 820/820 819/819
f 820/820 822/822 854/854
f 855/855 854/854 822/822
f 817/817 819/819 820/820
f 873/873 819/819 817/817
f 819/819 873/873 874/874
f 820/820 818/818 817/817
f 818/818 820/820 853/853
f 854/854 853/853 820/820
f 815/815 817/817 818/818
f 872/872 817/817 815/815
f 817/817 872/872 873/873
f 818/818 816/816 815/815
f 816/816 818/818 852/852
f 853/853 852/852 818/818
f 813/813 815/815 816/816
f 871/871 815/815 813/813
f 815/815 871/871 872/872
f 816/816 814/814 813/813
f 814/814 816/816 851/851
f 852/852 851/851 816/816
f 811/811 813/813 814/814
f 870/870 813/813 811/811
f 813/813 870/870 871/871
f 814/814 812/812 811/811
f 812/812 814/814 850/850
f 851/851 850/850 814/814
f 808/808 811/811 812/812
f 869/869 811/811 808/808
f 811/811 869/869 870/870
f 812/812 809/809 808/808
f 809/809 812/812 849/849
f 850/850 849/849 812/812
f 808/808 868/868 869/869
f 849/849 847/847 809/809
f 891/891 892/892 893/893
f 903/903 891/891 893/893
f 892/892 894/894 893/893
f 894/894 895/895 893/893
f 895/895 896/896 893/893
f 896/896 897/897 893/893
f 897/897 898/898 893/893
f 898/898 899/899 893/893
f 899/899 900/900 893/893
f 900/900 901/901 893/893
f 901/901 902/902 893/893
f 902/902 903/903 893/893
f 904/904 905/905 906/906
f 906/906 907/907 904/904
f 905/905 943/943 906/906
f 929/929 943/943 905/905
f 905/905 961/961 929/929
f 906/906 943/943 944/944
f 944/944 945/945 906/906
f 945/945 944/944 976/976
f 944/944 940/940 925/925
f 925/925 976/976 944/944
f 974/974 975/975 945/945
f 945/945 976/976 974/974
f 924/924 925/925 926/926
f 925/925 940/940 926/926
f 926/926 940/940 941/941
f 926/926 927/927 924/924
f 941/941 942/942 926/926
f 942/942 941/941 973/973
f 941/941 937/937 921/921
f 921/921 973/973 941/941
f 971/971 972/972 942/942
f 942/942 973/973 971/971
f 920/920 921/921 922/922
f 921/921 937/937 922/922
f 922/922 937/937 938/938
f 922/922 923/923 920/920
f 938/938 939/939 922/922
f 939/939 938/938 970/970
f 938/938 934/934 917/917
f 917/917 970/970 938/938
f 968/968 969/969 939/939
f 939/939 970/970 968/968
f 916/916 917/917 918/918
f 917/917 934/934 918/918
f 918/918 934/934 935/935
f 918/918 919/919 916/916
f 935/935 936/936 918/918
f 936/936 935/935 967/967
f 935/935 931/931 913/913
f 913/913 967/967 935/935
f 965/965 966/966 936/936
f 936/936 967/967 965/965
f 912/912 913/913 914/914
f 913/913 931/931 914/914
f 914/914 931/931 932/932
f 914/914 915/915 912/912
f 932/932 933/933 914/914
f 933/933 932/932 964/964
f 932/932 928/928 909/909
f 909/909 964/964 932/932
f 962/962 963/963 933/933
f 933/933 964/964 962/962
f 908/908 909/909 910/910
f 909/909 928/928 910/910
f 910/910 928/928 929/929
f 910/910 911/911 908/908
f 929/929 930/930 910/910
f 930/930 929/929 961/961
f 959/959 960/960 930/930
f 930/930 961/961 959/959
f 946/946 947/947 948/948
f 958/958 946/946 948/948
f 947/947 949/949 948/948
f 949/949 950/950 948/948
f 950/950 951/951 948/948
f 951/951 952/952 948/948
f 952/952 953/953 948/948
f 953/953 954/954 948/948
f 954/954 955/955 948/948
f 955/955 956/956 948/948
f 956/956 957/957 948/948
f 957/957 958/958 948/948
f 977/977 978/978 979/979
f 979/979 980/980 977/977
f 981/981 982/982 983/983
f 983/983 984/984 981/981
f 985/985 986/986 987/987
f 987/987 988/988 985/985
f 989/989 990/990 991/991
f 991/991 992/992 989/989
f 993/993 994/994 995/995
f 995/995 996/996 993/993
f 997/997 998/998 999/999
f 999/999 1000/1000 997/997
f 1001/1001 1002/1002 1003/1003
f 1004/1004 1005/1005 1006/1006
f 1007/1007 1008/1008 1009/1009
f 1010/1010 1011/1011 1012/1012
f 1013/1013 1014/1014 1015/1015
f 1016/1016 1017/1017 1018/1018
f 1019/1019 1020/1020 1021/1021
f 1022/1022 1023/1023 1024/1024
f 1025/1025 1026/1026 1027/1027
f 1028/1028 1029/1029 1030/1030
f 1031/1031 1032/1032 1033/1033
f 1034/1034 1035/1035 1036/1036
f 1037/1037 1038/1038 1039/1039
f 1039/1039 1040/1040 1037/1037
f 1038/1038 1037/1037 1078/1078
f 1078/1078 1077/1077 1038/1038
f 1077/1077 1078/1078 1076/1076
f 1076/1076 1075/1075 1077/1077
f 1075/1075 1076/1076 1074/1074
f 1074/1074 1073/1073 1075/1075
f 1073/1073 1074/1074 1072/1072
f 1072/1072 1071/1071 1073/1073
f 1071/1071 1072/1072 1069/1069
f 1069/1069 1070/1070 1071/1071
f 1040/1040 1039/1039 1041/1041
f 1041/1041 1042/1042 1040/1040
f 1042/1042 1041/1041 1043/1043
f 1043/1043 1044/1044 1042/1042
f 1044/1044 1043/1043 1045/1045
f 1045/1045 1046/1046 1044/1044
f 1046/1046 1045/1045 1047/1047
f 1047/1047 1048/1048 1046/1046
f 1048/1048 1047/1047 1049/1049
f 1049/1049 1050/1050 1048/1048
f 1050/1050 1049/1049 1051/1051
f 1051/1051 1052/1052 1050/1050
f 1052/1052 1051/1051 1053/1053
f 1053/1053 1054/1054 1052/1052
f 1054/1054 1053/1053 1055/1055
f 1055/1055 1056/1056 1054/1054
f 1056/1056 1055/1055 1057/1057
f 1057/1057 1058/1058 1056/1056
f 1058/1058 1057/1057 1059/1059
f 1059/1059 1060/1060 1058/1058
f 1060/1060 1059/1059 1061/1061
f 1061/1061 1062/1062 1060/1060
f 1062/1062 1061/1061 1063/1063
f 1063/1063 1064/1064 1062/1062
f 1064/1064 1063/1063 1065/1065
f 1065/1065 1066/1066 1064/1064
f 1066/1066 1065/1065 1067/1067
f 1067/1067 1068/1068 1066/1066
f 1079/1079 1080/1080 1081/1081
f 1081/1081 1082/1082 1079/1079
f 1080/1080 1079/1079 1120/1120
f 1120/1120 1119/1119 1080/1080
f 1119/1119 1120/1120 1118/1118
f 1118/1118 1117/1117 1119/1119
f 1117/1117 1118/1118 1116/1116
f 1116/1116 1115/1115 1117/1117
f 1115/1115 1116/1116 1114/1114
f 1114/1114 1113/1113 1115/1115
f 1113/1113 1114/1114 1111/1111
f 1111/1111 1112/1112 1113/1113
f 1082/1082 1081/1081 1083/1083
f 1083/1083 1084/1084 1082/1082
f 1084/1084 1083/1083 1085/1085
f 1085/1085 1086/1086 1084/1084
f 1086/1086 1085/1085 1087/1087
f 1087/1087 1088/1088 1086/1086
f 1088/1088 1087/1087 1089/1089
f 1089/1089 1090/1090 1088/1088
f 1090/1090 1089/1089 1091/1091
f 1091/1091 1092/1092 1090/1090
f 1092/1092 1091/1091 1093/1093
f 1093/1093 1094/1094 1092/1092
f 1094/1094 1093/1093 1095/1095
f 1095/1095 1096/1096 1094/1094
f 1096/1096 1095/1095 1097/1097
f 1097/1097 1098/1098 1096/1096
f 1098/1098 1097/1097 1099/1099
f 1099/1099 1100/1100 1098/1098
f 1100/1100 1099/1099 1101/1101
f 1101/1101 1102/1102 1100/1100
f 1102/1102 1101/1101 1103/1103
f 1103/1103 1104/1104 1102/1102
f 1104/1104 1103/1103 1105/1105
f 1105/1105 1106/1106 1104/1104
f 1106/1106 1105/1105 1107/1107
f 1107/1107 1108/1108 1106/1106
f 1108/1108 1107/1107 1109/1109
f 1109/1109 1110/1110 1108/1108
f 1121/1121 1122/1122 1123/1123
f 1123/1123 1124/1124 1121/1121
f 1122/1122 1121/1121 1162/1162
f 1162/1162 1161/1161 1122/1122
f 1161/1161 1162/1162 1160/1160
f 1160/1160 1159/1159 1161/1161
f 1159/1159 1160/1160 1158/1158
f 1158/1158 1157/1157 1159/1159
f 1157/1157 1158/1158 1156/1156
f 1156/1156 1155/1155 1157/1157
f 1155/1155 1156/1156 1153/1153
f 1153/1153 1154/1154 1155/1155
f 1124/1124 1123/1123 1125/1125
f 1125/1125 1126/1126 1124/1124
f 1126/1126 1125/1125 1127/1127
f 1127/1127 1128/1128 1126/1126
f 1128/1128 1127/1127 1129/1129
f 1129/1129 1130/1130 1128/1128
f 1130/1130 1129/1129 1131/1131
f 1131/1131 1132/1132 1130/1130
f 1132/1132 1131/1131 1133/1133
f 1133/1133 1134/1134 1132/1132
f 1134/1134 1133/1133 1135/1135
f 1135/1135 1136/1136 1134/1134
f 1136/1136 1135/1135 1137/1137
f 1137/1137 1138/1138 1136/1136
f 1138/1138 1137/1137 1139/1139
f 1139/1139 1140/1140 1138/1138
f 1140/1140 1139/1139 1141/1141
f 1141/1141 1142/1142 1140/1140
f 1142/1142 1141/1141 1143/1143
f 1143/1143 1144/1144 1142/1142
f 1144/1144 1143/1143 1145/1145
f 1145/1145 1146/1146 1144/1144
f 1146/1146 1145/1145 1147/1147
f 1147/1147 1148/1148 1146/1146
f 1148/1148 1147/1147 1149/1149
f 1149/1149 1150/1150 1148/1148
f 1150/1150 1149/1149 1151/1151
f 1151/1151 1152/1152 1150/1150
f 1163/1163 1164/1164 1165/1165
f 1165/1165 1166/1166 1163/1163
f 1164/1164 1163/1163 1204/1204
f 1204/1204 1203/1203 1164/1164
f 1203/1203 1204/1204 1202/1202
f 1202/1202 1201/1201 1203/1203
f 1201/1201 1202/1202 1200/1200
f 1200/1200 1199/1199 1201/1201
f 1199/1199 1200/1200 1198/1198
f 1198/1198 1197/1197 1199/1199
f 1197/1197 1198/1198 1195/1195
f 1195/1195 1196/1196 1197/1197
f 1166/1166 1165/1165 1167/1167
f 1167/1167 1168/1168 1166/1166
f 1168/1168 1167/1167 1169/1169
f 1169/1169 1170/1170 1168/1168
f 1170/1170 1169/1169 1171/1171
f 1171/1171 1172/1172 1170/1170
f 1172/1172 1171/1171 1173/1173
f 1173/1173 1174/1174 1172/1172
f 1174/1174 1173/1173 1175/1175
f 1175/1175 1176/1176 1174/1174
f 1176/1176 1175/1175 1177/1177
f 1177/1177 1178/1178 1176/1176
f 1178/1178 1177/1177 1179/1179
f 1179/1179 1180/1180 1178/1178
f 1180/1180 1179/1179 1181/1181
f 1181/1181 1182/1182 1180/1180
f 1182/1182 1181/1181 1183/1183
f 1183/1183 1184/1184 1182/1182
f 1184/1184 1183/1183 1185/1185
f 1185/1185 1186/1186 1184/1184
f 1186/1186 1185/1185 1187/1187
f 1187/1187 1188/1188 1186/1186
f 1188/1188 1187/1187 1189/1189
f 1189/1189 1190/1190 1188/1188
f 1190/1190 1189/1189 1191/1191
f 1191/1191 1192/1192 1190/1190
f 1192/1192 1191/1191 1193/1193
f 1193/1193 1194/1194 1192/1192
f 1205/1205 1206/1206 1207/1207
f 1207/1207 1208/1208 1205/1205
f 1243/1243 1205/1205 1208/1208
f 1205/1205 1265/1265 1266/1266
f 1266/1266 1206/1206 1205/1205
f 1265/1265 1205/1205 1243/1243
f 1208/1208 1244/1244 1243/1243
f 1208/1208 1207/1207 1245/1245
f 1245/1245 1246/1246 1208/1208
f 1244/1244 1208/1208 1246/1246
f 1241/1241 1243/1243 1244/1244
f 1284/1284 1243/1243 1241/1241
f 1243/1243 1284/1284 1265/1265
f 1244/1244 1242/1242 1241/1241
f 1242/1242 1244/1244 1264/1264
f 1246/1246 1264/1264 1244/1244
f 1239/1239 1241/1241 1242/1242
f 1283/1283 1241/1241 1239/1239
f 1241/1241 1283/1283 1284/1284
f 1242/1242 1240/1240 1239/1239
f 1240/1240 1242/1242 1263/1263
f 1264/1264 1263/1263 1242/1242
f 1237/1237 1239/1239 1240/1240
f 1282/1282 1239/1239 1237/1237
f 1239/1239 1282/1282 1283/1283
f 1240/1240 1238/1238 1237/1237
f 1238/1238 1240/1240 1262/1262
f 1263/1263 1262/1262 1240/1240
f 1235/1235 1237/1237 1238/1238
f 1281/1281 1237/1237 1235/1235
f 1237/1237 1281/1281 1282/1282
f 1238/1238 1236/1236 1235/1235
f 1236/1236 1238/1238 1261/1261
f 1262/1262 1261/1261 1238/1238
f 1233/1233 1235/1235 1236/1236
f 1280/1280 1235/1235 1233/1233
f 1235/1235 1280/1280 1281/1281
f 1236/1236 1234/1234 1233/1233
f 1234/1234 1236/1236 1260/1260
f 1261/1261 1260/1260 1236/1236
f 1231/1231 1233/1233 1234/1234
f 1279/1279 1233/1233 1231/1231
f 1233/1233 1279/1279 1280/1280
f 1234/1234 1232/1232 1231/1231
f 1232/1232 1234/1234 1259/1259
f 1260/1260 1259/1259 1234/1234
f 1229/1229 1231/1231 1232/1232
f 1278/1278 1231/1231 1229/1229
f 1231/1231 1278/1278 1279/1279
f 1232/1232 1230/1230 1229/1229
f 1230/1230 1232/1232 1258/1258
f 1259/1259 1258/1258 1232/1232
f 1227/1227 1229/1229 1230/1230
f 1277/1277 1229/1229 1227/1227
f 1229/1229 1277/1277 1278/1278
f 1230/1230 1228/1228 1227/1227
f 1228/1228 1230/1230 1257/1257
f 1258/1258 1257/1257 1230/1230
f 1225/1225 1227/1227 1228/1228
f 1276/1276 1227/1227 1225/1225
f 1227/1227 1276/1276 1277/1277
f 1228/1228 1226/1226 1225/1225
f 1226/1226 1228/1228 1256/1256
f 1257/1257 1256/1256 1228/1228
f 1223/1223 1225/1225 1226/1226
f 1275/1275 1225/1225 1223/1223
f 1225/1225 1275/1275 1276/1276
f 1226/1226 1224/1224 1223/1223
f 1224/1224 1226/1226 1255/1255
f 1256/1256 1255/1255 1226/1226
f 1221/1221 1223/1223 1224/1224
f 1274/1274 1223/1223 1221/1221
f 1223/1223 1274/1274 1275/1275
f 1224/1224 1222/1222 1221/1221
f 1222/1222 1224/1224 1254/1254
f 1255/1255 1254/1254 1224/1224
f 1219/1219 1221/1221 1222/1222
f 1273/1273 1221/1221 1219/1219
f 1221/1221 1273/1273 1274/1274
f 1222/1222 1220/1220 1219/1219
f 1220/1220 1222/1222 1253/1253
f 1254/1254 1253/1253 1222/1222
f 1217/1217 1219/1219 1220/1220
f 1272/1272 1219/1219 1217/1217
f 1219/1219 1272/1272 1273/1273
f 1220/1220 1218/1218 1217/1217
f 1218/1218 1220/1220 1252/1252
f 1253/1253 1252/1252 1220/1220
f 1215/1215 1217/1217 1218/1218
f 1271/1271 1217/1217 1215/1215
f 1217/1217 1271/1271 1272/1272
f 1218/1218 1216/1216 1215/1215
f 1216/1216 1218/1218 1251/1251
f 1252/1252 1251/1251 1218/1218
f 1213/1213 1215/1215 1216/1216
f 1270/1270 1215/1215 1213/1213
f 1215/1215 1270/1270 1271/1271
f 1216/1216 1214/1214 1213/1213
f 1214/1214 1216/1216 1250/1250
f 1251/1251 1250/1250 1216/1216
f 1211/1211 1213/1213 1214/1214
f 1269/1269 1213/1213 1211/1211
f 1213/1213 1269/1269 1270/1270
f 1214/1214 1212/1212 1211/1211
f 1212/1212 1214/1214 1249/1249
f 1250/1250 1249/1249 1214/1214
f 1209/1209 1211/1211 1212/1212
f 1268/1268 1211/1211 1209/1209
f 1211/1211 1268/1268 1269/1269
f 1212/1212 1210/1210 1209/1209
f 1210/1210 1212/1212 1248/1248
f 1249/1249 1248/1248 1212/1212
f 1206/1206 1209/1209 1210/1210
f 1267/1267 1209/1209 1206/1206
f 1209/1209 1267/1267 1268/1268
f 1210/1210 1207/1207 1206/1206
f 1207/1207 1210/1210 1247/1247
f 1248/1248 1247/1247 1210/1210
f 1206/1206 1266/1266 1267/1267
f 1247/1247 1245/1245 1207/1207
f 1285/1285 1286/1286 1287/1287
f 1287/1287 1288/1288 1285/1285
f 1286/1286 1285/1285 1289/1289
f 1289/1289 1290/1290 1286/1286
f 1290/1290 1289/1289 1405/1405
f 1405/1405 1406/1406 1290/1290
f 1293/1293 1406/1406 1405/1405
f 1405/1405 1294/1294 1293/1293
f 1291/1291 1292/1292 1293/1293
f 1293/1293 1294/1294 1291/1291
f 1324/1324 1288/1288 1287/1287
f 1287/1287 1323/1323 1324/1324
f 1324/1324 1323/1323 1319/1319
f 1319/1319 1322/1322 1324/1324
f 1319/1319 1320/1320 1321/1321
f 1321/1321 1322/1322 1319/1319
f 1321/1321 1320/1320 1316/1316
f 1316/1316 1315/1315 1321/1321
f 1315/1315 1316/1316 1317/1317
f 1317/1317 1318/1318 1315/1315
f 1295/1295 1296/1296 1297/1297
f 1297/1297 1298/1298 1295/1295
f 1296/1296 1295/1295 1299/1299
f 1299/1299 1300/1300 1296/1296
f 1300/1300 1299/1299 1301/1301
f 1301/1301 1302/1302 1300/1300
f 1305/1305 1302/1302 1301/1301
f 1301/1301 1306/1306 1305/1305
f 1303/1303 1304/1304 1305/1305
f 1305/1305 1306/1306 1303/1303
f 1304/1304 1303/1303 1307/1307
f 1307/1307 1308/1308 1304/1304
f 1407/1407 1308/1308 1307/1307
f 1307/1307 1408/1408 1407/1407
f 1310/1310 1407/1407 1408/1408
f 1408/1408 1311/1311 1310/1310
f 1309/1309 1310/1310 1311/1311
f 1311/1311 1312/1312 1309/1309
f 1313/1313 1314/1314 1309/1309
f 1309/1309 1312/1312 1313/1313
f 1325/1325 1326/1326 1327/1327
f 1327/1327 1328/1328 1325/1325
f 1326/1326 1325/1325 1329/1329
f 1366/1366 1325/1325 1328/1328
f 1325/1325 1366/1366 1367/1367
f 1367/1367 1329/1329 1325/1325
f 1328/1328 1327/1327 1364/1364
f 1364/1364 1363/1363 1328/1328
f 1328/1328 1365/1365 1366/1366
f 1365/1365 1328/1328 1363/1363
f 1363/1363 1364/1364 1362/1362
f 1362/1362 1364/1364 1404/1404
f 1386/1386 1404/1404 1364/1364
f 1364/1364 1327/1327 1386/1386
f 1362/1362 1361/1361 1363/1363
f 1384/1384 1363/1363 1361/1361
f 1363/1363 1384/1384 1365/1365
f 1361/1361 1362/1362 1360/1360
f 1360/1360 1362/1362 1403/1403
f 1404/1404 1403/1403 1362/1362
f 1360/1360 1359/1359 1361/1361
f 1383/1383 1361/1361 1359/1359
f 1361/1361 1383/1383 1384/1384
f 1359/1359 1360/1360 1358/1358
f 1358/1358 1360/1360 1402/1402
f 1403/1403 1402/1402 1360/1360
f 1358/1358 1357/1357 1359/1359
f 1382/1382 1359/1359 1357/1357
f 1359/1359 1382/1382 1383/1383
f 1357/1357 1358/1358 1356/1356
f 1356/1356 1358/1358 1401/1401
f 1402/1402 1401/1401 1358/1358
f 1356/1356 1355/1355 1357/1357
f 1381/1381 1357/1357 1355/1355
f 1357/1357 1381/1381 1382/1382
f 1355/1355 1356/1356 1354/1354
f 1354/1354 1356/1356 1400/1400
f 1401/1401 1400/1400 1356/1356
f 1354/1354 1353/1353 1355/1355
f 1380/1380 1355/1355 1353/1353
f 1355/1355 1380/1380 1381/1381
f 1353/1353 1354/1354 1352/1352
f 1352/1352 1354/1354 1399/1399
f 1400/1400 1399/1399 1354/1354
f 1352/1352 1351/1351 1353/1353
f 1379/1379 1353/1353 1351/1351
f 1353/1353 1379/1379 1380/1380
f 1351/1351 1352/1352 1350/1350
f 1350/1350 1352/1352 1398/1398
f 1399/1399 1398/1398 1352/1352
f 1350/1350 1349/1349 1351/1351
f 1378/1378 1351/1351 1349/1349
f 1351/1351 1378/1378 1379/1379
f 1349/1349 1350/1350 1348/1348
f 1348/1348 1350/1350 1397/1397
f 1398/1398 1397/1397 1350/1350
f 1348/1348 1347/1347 1349/1349
f 1377/1377 1349/1349 1347/1347
f 1349/1349 1377/1377 1378/1378
f 1347/1347 1348/1348 1346/1346
f 1346/1346 1348/1348 1396/1396
f 1397/1397 1396/1396 1348/1348
f 1346/1346 1345/1345 1347/1347
f 1376/1376 1347/1347 1345/1345
f 1347/1347 1376/1376 1377/1377
f 1345/1345 1346/1346 1344/1344
f 1344/1344 1346/1346 1395/1395
f 1396/1396 1395/1395 1346/1346
f 1344/1344 1343/1343 1345/1345
f 1375/1375 1345/1345 1343/1343
f 1345/1345 1375/1375 1376/1376
f 1343/1343 1344/1344 1342/1342
f 1342/1342 1344/1344 1394/1394
f 1395/1395 1394/1394 1344/1344
f 1342/1342 1341/1341 1343/1343
f 1374/1374 1343/1343 1341/1341
f 1343/1343 1374/1374 1375/1375
f 1341/1341 1342/1342 1340/1340
f 1340/1340 1342/1342 1393/1393
f 1394/1394 1393/1393 1342/1342
f 1340/1340 1339/1339 1341/1341
f 1373/1373 1341/1341 1339/1339
f 1341/1341 1373/1373 1374/1374
f 1339/1339 1340/1340 1338/1338
f 1338/1338 1340/1340 1392/1392
f 1393/1393 1392/1392 1340/1340
f 1338/1338 1337/1337 1339/1339
f 1372/1372 1339/1339 1337/1337
f 1339/1339 1372/1372 1373/1373
f 1337/1337 1338/1338 1336/1336
f 1336/1336 1338/1338 1391/1391
f 1392/1392 1391/1391 1338/1338
f 1336/1336 1335/1335 1337/1337
f 1371/1371 1337/1337 1335/1335
f 1337/1337 1371/1371 1372/1372
f 1335/1335 1336/1336 1334/1334
f 1334/1334 1336/1336 1390/1390
f 1391/1391 1390/1390 1336/1336
f 1334/1334 1333/1333 1335/1335
f 1370/1370 1335/1335 1333/1333
f 1335/1335 1370/1370 1371/1371
f 1333/1333 1334/1334 1332/1332
f 1332/1332 1334/1334 1389/1389
f 1390/1390 1389/1389 1334/1334
f 1332/1332 1331/1331 1333/1333
f 1369/1369 1333/1333 1331/1331
f 1333/1333 1369/1369 1370/1370
f 1331/1331 1332/1332 1330/1330
f 1330/1330 1332/1332 1388/1388
f 1389/1389 1388/1388 1332/1332
f 1330/1330 1329/1329 1331/1331
f 1368/1368 1331/1331 1329/1329
f 1331/1331 1368/1368 1369/1369
f 1329/1329 1330/1330 1326/1326
f 1326/1326 1330/1330 1387/1387
f 1388/1388 1387/1387 1330/1330
f 1329/1329 1367/1367 1368/1368
f 1387/1387 1385/1385 1326/1326
f 1327/1327 1326/1326 1385/1385
f 1385/1385 1386/1386 1327/1327
f 1409/1409 1410/1410 1411/1411
f 1421/1421 1410/1410 1409/1409
f 1411/1411 1410/1410 1412/1412
f 1412/1412 1410/1410 1413/1413
f 1413/1413 1410/1410 1414/1414
f 1414/1414 1410/1410 1415/1415
f 1415/1415 1410/1410 1416/1416
f 1416/1416 1410/1410 1417/1417
f 1417/1417 1410/1410 1418/1418
f 1418/1418 1410/1410 1419/1419
f 1419/1419 1410/1410 1420/1420
f 1420/1420 1410/1410 1421/1421
f 1422/1422 1423/1423 1424/1424
f 1424/1424 1425/1425 1422/1422
f 1422/1422 1461/1461 1462/1462
f 1462/1462 1463/1463 1422/1422
f 1423/1423 1422/1422 1463/1463
f 1423/1423 1463/1463 1447/1447
f 1447/1447 1478/1478 1423/1423
f 1426/1426 1446/1446 1447/1447
f 1447/1447 1448/1448 1426/1426
f 1446/1446 1478/1478 1447/1447
f 1477/1477 1478/1478 1446/1446
f 1446/1446 1479/1479 1477/1477
f 1426/1426 1427/1427 1428/1428
f 1428/1428 1429/1429 1426/1426
f 1427/1427 1426/1426 1448/1448
f 1427/1427 1448/1448 1450/1450
f 1450/1450 1481/1481 1427/1427
f 1430/1430 1449/1449 1450/1450
f 1450/1450 1451/1451 1430/1430
f 1449/1449 1481/1481 1450/1450
f 1480/1480 1481/1481 1449/1449
f 1449/1449 1482/1482 1480/1480
f 1430/1430 1431/1431 1432/1432
f 1432/1432 1433/1433 1430/1430
f 1431/1431 1430/1430 1451/1451
f 1431/1431 1451/1451 1453/1453
f 1453/1453 1484/1484 1431/1431
f 1434/1434 1452/1452 1453/1453
f 1453/1453 1454/1454 1434/1434
f 1452/1452 1484/1484 1453/1453
f 1483/1483 1484/1484 1452/1452
f 1452/1452 1485/1485 1483/1483
f 1434/1434 1435/1435 1436/1436
f 1436/1436 1437/1437 1434/1434
f 1435/1435 1434/1434 1454/1454
f 1435/1435 1454/1454 1456/1456
f 1456/1456 1487/1487 1435/1435
f 1438/1438 1455/1455 1456/1456
f 1456/1456 1457/1457 1438/1438
f 1455/1455 1487/1487 1456/1456
f 1486/1486 1487/1487 1455/1455
f 1455/1455 1488/1488 1486/1486
f 1438/1438 1439/1439 1440/1440
f 1440/1440 1441/1441 1438/1438
f 1439/1439 1438/1438 1457/1457
f 1439/1439 1457/1457 1459/1459
f 1459/1459 1490/1490 1439/1439
f 1442/1442 1458/1458 1459/1459
f 1459/1459 1460/1460 1442/1442
f 1458/1458 1490/1490 1459/1459
f 1489/1489 1490/1490 1458/1458
f 1458/1458 1491/1491 1489/1489
f 1442/1442 1443/1443 1444/1444
f 1444/1444 1445/1445 1442/1442
f 1443/1443 1442/1442 1460/1460
f 1443/1443 1460/1460 1462/1462
f 1462/1462 1493/1493 1443/1443
f 1461/1461 1493/1493 1462/1462
f 1492/1492 1493/1493 1461/1461
f 1461/1461 1494/1494 1492/1492
f 1464/1464 1465/1465 1466/1466
f 1476/1476 1465/1465 1464/1464
f 1466/1466 1465/1465 1467/1467
f 1467/1467 1465/1465 1468/1468
f 1468/1468 1465/1465 1469/1469
f 1469/1469 1465/1465 1470/1470
f 1470/1470 1465/1465 1471/1471
f 1471/1471 1465/1465 1472/1472
f 1472/1472 1465/1465 1473/1473
f 1473/1473 1465/1465 1474/1474
f 1474/1474 1465/1465 1475/1475
f 1475/1475 1465/1465 1476/1476
f 1495/1495 1496/1496 1497/1497
f 1497/1497 1498/1498 1495/1495
f 1499/1499 1500/1500 1501/1501
f 1501/1501 1502/1502 1499/1499
f 1503/1503 1504/1504 1505/1505
f 1505/1505 1506/1506 1503/1503
f 1507/1507 1508/1508 1509/1509
f 1509/1509 1510/1510 1507/1507
f 1511/1511 1512/1512 1513/1513
f 1513/1513 1514/1514 1511/1511
f 1515/1515 1516/1516 1517/1517
f 1517/1517 1518/1518 1515/1515
f 1519/1519 1520/1520 1521/1521
f 1522/1522 1523/1523 1524/1524
f 1525/1525 1526/1526 1527/1527
f 1528/1528 1529/1529 1530/1530
f 1531/1531 1532/1532 1533/1533
f 1534/1534 1535/1535 1536/1536
f 1537/1537 1538/1538 1539/1539
f 1540/1540 1541/1541 1542/1542
f 1543/1543 1544/1544 1545/1545
f 1546/1546 1547/1547 1548/1548
f 1549/1549 1550/1550 1551/1551
f 1552/1552 1553/1553 1554/1554
f 1555/1555 1556/1556 1557/1557
f 1557/1557 1558/1558 1555/1555
f 1556/1556 1555/1555 1596/1596
f 1596/1596 1595/1595 1556/1556
f 1595/1595 1596/1596 1594/1594
f 1594/1594 1593/1593 1595/1595
f 1593/1593 1594/1594 1592/1592
f 1592/1592 1591/1591 1593/1593
f 1591/1591 1592/1592 1590/1590
f 1590/1590 1589/1589 1591/1591
f 1589/1589 1590/1590 1587/1587
f 1587/1587 1588/1588 1589/1589
f 1558/1558 1557/1557 1559/1559
f 1559/1559 1560/1560 1558/1558
f 1560/1560 1559/1559 1561/1561
f 1561/1561 1562/1562 1560/1560
f 1562/1562 1561/1561 1563/1563
f 1563/1563 1564/1564 1562/1562
f 1564/1564 1563/1563 1565/1565
f 1565/1565 1566/1566 1564/1564
f 1566/1566 1565/1565 1567/1567
f 1567/1567 1568/1568 1566/1566
f 1568/1568 1567/1567 1569/1569
f 1569/1569 1570/1570 1568/1568
f 1570/1570 1569/1569 1571/1571
f 1571/1571 1572/1572 1570/1570
f 1572/1572 1571/1571 1573/1573
f 1573/1573 1574/1574 1572/1572
f 1574/1574 1573/1573 1575/1575
f 1575/1575 1576/1576 1574/1574
f 1576/1576 1575/1575 1577/1577
f 1577/1577 1578/1578 1576/1576
f 1578/1578 1577/1577 1579/1579
f 1579/1579 1580/1580 1578/1578
f 1580/1580 1579/1579 1581/1581
f 1581/1581 1582/1582 1580/1580
f 1582/1582 1581/1581 1583/1583
f 1583/1583 1584/1584 1582/1582
f 1584/1584 1583/1583 1585/1585
f 1585/1585 1586/1586 1584/1584
f 1597/1597 1598/1598 1599/1599
f 1599/1599 1600/1600 1597/1597
f 1598/1598 1597/1597 1638/1638
f 1638/1638 1637/1637 1598/1598
f 1637/1637 1638/1638 1636/1636
f 1636/1636 1635/1635 1637/1637
f 1635/1635 1636/1636 1634/1634
f 1634/1634 1633/1633 1635/1635
f 1633/1633 1634/1634 1632/1632
f 1632/1632 1631/1631 1633/1633
f 1631/1631 1632/1632 1629/1629
f 1629/1629 1630/1630 1631/1631
f 1600/1600 1599/1599 1601/1601
f 1601/1601 1602/1602 1600/1600
f 1602/1602 1601/1601 1603/1603
f 1603/1603 1604/1604 1602/1602
f 1604/1604 1603/1603 1605/1605
f 1605/1605 1606/1606 1604/1604
f 1606/1606 1605/1605 1607/1607
f 1607/1607 1608/1608 1606/1606
f 1608/1608 1607/1607 1609/1609
f 1609/1609 1610/1610 1608/1608
f 1610/1610 1609/1609 1611/1611
f 1611/1611 1612/1612 1610/1610
f 1612/1612 1611/1611 1613/1613
f 1613/1613 1614/1614 1612/1612
f 1614/1614 1613/1613 1615/1615
f 1615/1615 1616/1616 1614/1614
f 1616/1616 1615/1615 1617/1617
f 1617/1617 1618/1618 1616/1616
f 1618/1618 1617/1617 1619/1619
f 1619/1619 1620/1620 1618/1618
f 1620/1620 1619/1619 1621/1621
f 1621/1621 1622/1622 1620/1620
f 1622/1622 1621/1621 1623/1623
f 1623/1623 1624/1624 1622/1622
f 1624/1624 1623/1623 1625/1625
f 1625/1625 1626/1626 1624/1624
f 1626/1626 1625/1625 1627/1627
f 1627/1627 1628/1628 1626/1626
f 1639/1639 1640/1640 1641/1641
f 1641/1641 1642/1642 1639/1639
f 1640/1640 1639/1639 1680/1680
f 1680/1680 1679/1679 1640/1640
f 1679/1679 1680/1680 1678/1678
f 1678/1678 1677/1677 1679/1679
f 1677/1677 1678/1678 1676/1676
f 1676/1676 1675/1675 1677/1677
f 1675/1675 1676/1676 1674/1674
f 1674/1674 1673/1673 1675/1675
f 1673/1673 1674/1674 1671/1671
f 1671/1671 1672/1672 1673/1673
f 1642/1642 1641/1641 1643/1643
f 1643/1643 1644/1644 1642/1642
f 1644/1644 1643/1643 1645/1645
f 1645/1645 1646/1646 1644/1644
f 1646/1646 1645/1645 1647/1647
f 1647/1647 1648/1648 1646/1646
f 1648/1648 1647/1647 1649/1649
f 1649/1649 1650/1650 1648/1648
f 1650/1650 1649/1649 1651/1651
f 1651/1651 1652/1652 1650/1650
f 1652/1652 1651/1651 1653/1653
f 1653/1653 1654/1654 1652/1652
f 1654/1654 1653/1653 1655/1655
f 1655/1655 1656/1656 1654/1654
f 1656/1656 1655/1655 1657/1657
f 1657/1657 1658/1658 1656/1656
f 1658/1658 1657/1657 1659/1659
f 1659/1659 1660/1660 1658/1658
f 1660/1660 1659/1659 1661/1661
f 1661/1661 1662/1662 1660/1660
f 1662/1662 1661/1661 1663/1663
f 1663/1663 1664/1664 1662/1662
f 1664/1664 1663/1663 1665/1665
f 1665/1665 1666/1666 1664/1664
f 1666/1666 1665/1665 1667/1667
f 1667/1667 1668/1668 1666/1666
f 1668/1668 1667/1667 1669/1669
f 1669/1669 1670/1670 1668/1668
f 1681/1681 1682/1682 1683/1683
f 1683/1683 1684/1684 1681/1681
f 1682/1682 1681/1681 1722/1722
f 1722/1722 1721/1721 1682/1682
f 1721/1721 1722/1722 1720/1720
f 1720/1720 1719/1719 1721/1721
f 1719/1719 1720/1720 1718/1718
f 1718/1718 1717/1717 1719/1719
f 1717/1717 1718/1718 1716/1716
f 1716/1716 1715/1715 1717/1717
f 1715/1715 1716/1716 1713/1713
f 1713/1713 1714/1714 1715/1715
f 1684/1684 1683/1683 1685/1685
f 1685/1685 1686/1686 1684/1684
f 1686/1686 1685/1685 1687/1687
f 1687/1687 1688/1688 1686/1686
f 1688/1688 1687/1687 1689/1689
f 1689/1689 1690/1690 1688/1688
f 1690/1690 1689/1689 1691/1691
f 1691/1691 1692/1692 1690/1690
f 1692/1692 1691/1691 1693/1693
f 1693/1693 1694/1694 1692/1692
f 1694/1694 1693/1693 1695/1695
f 1695/1695 1696/1696 1694/1694
f 1696/1696 1695/1695 1697/1697
f 1697/1697 1698/1698 1696/1696
f 1698/1698 1697/1697 1699/1699
f 1699/1699 1700/1700 1698/1698
f 1700/1700 1699/1699 1701/1701
f 1701/1701 1702/1702 1700/1700
f 1702/1702 1701/1701 1703/1703
f 1703/1703 1704/1704 1702/1702
f 1704/1704 1703/1703 1705/1705
f 1705/1705 1706/1706 1704/1704
f 1706/1706 1705/1705 1707/1707
f 1707/1707 1708/1708 1706/1706
f 1708/1708 1707/1707 1709/1709
f 1709/1709 1710/1710 1708/1708
f 1710/1710 1709/1709 1711/1711
f 1711/1711 1712/1712 1710/1710
f 1723/1723 1724/1724 1725/1725
f 1725/1725 1726/1726 1723/1723
f 1761/1761 1723/1723 1726/1726
f 1723/1723 1783/1783 1784/1784
f 1784/1784 1724/1724 1723/1723
f 1783/1783 1723/1723 1761/1761
f 1726/1726 1762/1762 1761/1761
f 1726/1726 1725/1725 1763/1763
f 1763/1763 1764/1764 1726/1726
f 1762/1762 1726/1726 1764/1764
f 1759/1759 1761/1761 1762/1762
f 1802/1802 1761/1761 1759/1759
f 1761/1761 1802/1802 1783/1783
f 1762/1762 1760/1760 1759/1759
f 1760/1760 1762/1762 1782/1782
f 1764/1764 1782/1782 1762/1762
f 1757/1757 1759/1759 1760/1760
f 1801/1801 1759/1759 1757/1757
f 1759/1759 1801/1801 1802/1802
f 1760/1760 1758/1758 1757/1757
f 1758/1758 1760/1760 1781/1781
f 1782/1782 1781/1781 1760/1760
f 1755/1755 1757/1757 1758/1758
f 1800/1800 1757/1757 1755/1755
f 1757/1757 1800/1800 1801/1801
f 1758/1758 1756/1756 1755/1755
f 1756/1756 1758/1758 1780/1780
f 1781/1781 1780/1780 1758/1758
f 1753/1753 1755/1755 1756/1756
f 1799/1799 1755/1755 1753/1753
f 1755/1755 1799/1799 1800/1800
f 1756/1756 1754/1754 1753/1753
f 1754/1754 1756/1756 1779/1779
f 1780/1780 1779/1779 1756/1756
f 1751/1751 1753/1753 1754/1754
f 1798/1798 1753/1753 1751/1751
f 1753/1753 1798/1798 1799/1799
f 1754/1754 1752/1752 1751/1751
f 1752/1752 1754/1754 1778/1778
f 1779/1779 1778/1778 1754/1754
f 1749/1749 1751/1751 1752/1752
f 1797/1797 1751/1751 1749/1749
f 1751/1751 1797/1797 1798/1798
f 1752/1752 1750/1750 1749/1749
f 1750/1750 1752/1752 1777/1777
f 1778/1778 1777/1777 1752/1752
f 1747/1747 1749/1749 1750/1750
f 1796/1796 1749/1749 1747/1747
f 1749/1749 1796/1796 1797/1797
f 1750/1750 1748/1748 1747/1747
f 1748/1748 1750/1750 1776/1776
f 1777/1777 1776/1776 1750/1750
f 1745/1745 1747/1747 1748/1748
f 1795/1795 1747/1747 1745/1745
f 1747/1747 1795/1795 1796/1796
f 1748/1748 1746/1746 1745/1745
f 1746/1746 1748/1748 1775/1775
f 1776/1776 1775/1775 1748/1748
f 1743/1743 1745/1745 1746/1746
f 1794/1794 1745/1745 1743/1743
f 1745/1745 1794/1794 1795/1795
f 1746/1746 1744/1744 1743/1743
f 1744/1744 1746/1746 1774/1774
f 1775/1775 1774/1774 1746/1746
f 1741/1741 1743/1743 1744/1744
f 1793/1793 1743/1743 1741/1741
f 1743/1743 1793/1793 1794/1794
f 1744/1744 1742/1742 1741/1741
f 1742/1742 1744/1744 1773/1773
f 1774/1774 1773/1773 1744/1744
f 1739/1739 1741/1741 1742/1742
f 1792/1792 1741/1741 1739/1739
f 1741/1741 1792/1792 1793/1793
f 1742/1742 1740/1740 1739/1739
f 1740/1740 1742/1742 1772/1772
f 1773/1773 1772/1772 1742/1742
f 1737/1737 1739/1739 1740/1740
f 1791/1791 1739/1739 1737/1737
f 1739/1739 1791/1791 1792/1792
f 1740/1740 1738/1738 1737/1737
f 1738/1738 1740/1740 1771/1771
f 1772/1772 1771/1771 1740/1740
f 1735/1735 1737/1737 1738/1738
f 1790/1790 1737/1737 1735/1735
f 1737/1737 1790/1790 1791/1791
f 1738/1738 1736/1736 1735/1735
f 1736/1736 1738/1738 1770/1770
f 1771/1771 1770/1770 1738/1738
f 1733/1733 1735/1735 1736/1736
f 1789/1789 1735/1735 1733/1733
f 1735/1735 1789/1789 1790/1790
f 1736/1736 1734/1734 1733/1733
f 1734/1734 1736/1736 1769/1769
f 1770/1770 1769/1769 1736/1736
f 1731/1731 1733/1733 1734/1734
f 1788/1788 1733/1733 1731/1731
f 1733/1733 1788/1788 1789/1789
f 1734/1734 1732/1732 1731/1731
f 1732/1732 1734/1734 1768/1768
f 1769/1769 1768/1768 1734/1734
f 1729/1729 1731/1731 1732/1732
f 1787/1787 1731/1731 1729/1729
f 1731/1731 1787/1787 1788/1788
f 1732/1732 1730/1730 1729/1729
f 1730/1730 1732/1732 1767/1767
f 1768/1768 1767/1767 1732/1732
f 1727/1727 1729/1729 1730/1730
f 1786/1786 1729/1729 1727/1727
f 1729/1729 1786/1786 1787/1787
f 1730/1730 1728/1728 1727/1727
f 1728/1728 1730/1730 1766/1766
f 1767/1767 1766/1766 1730/1730
f 1724/1724 1727/1727 1728/1728
f 1785/1785 1727/1727 1724/1724
f 1727/1727 1785/1785 1786/1786
f 1728/1728 1725/1725 1724/1724
f 1725/1725 1728/1728 1765/1765
f 1766/1766 1765/1765 1728/1728
f 1724/1724 1784/1784 1785/1785
f 1765/1765 1763/1763 1725/1725
f 1803/1803 1804/1804 1805/1805
f 1805/1805 1806/1806 1803/1803
f 1804/1804 1803/1803 1807/1807
f 1807/1807 1808/1808 1804/1804
f 1808/1808 1807/1807 1923/1923
f 1923/1923 1924/1924 1808/1808
f 1811/1811 1924/1924 1923/1923
f 1923/1923 1812/1812 1811/1811
f 1809/1809 1810/1810 1811/1811
f 1811/1811 1812/1812 1809/1809
f 1842/1842 1806/1806 1805/1805
f 1805/1805 1841/1841 1842/1842
f 1842/1842 1841/1841 1837/1837
f 1837/1837 1840/1840 1842/1842
f 1837/1837 1838/1838 1839/1839
f 1839/1839 1840/1840 1837/1837
f 1839/1839 1838/1838 1834/1834
f 1834/1834 1833/1833 1839/1839
f 1833/1833 1834/1834 1835/1835
f 1835/1835 1836/1836 1833/1833
f 1813/1813 1814/1814 1815/1815
f 1815/1815 1816/1816 1813/1813
f 1814/1814 1813/1813 1817/1817
f 1817/1817 1818/1818 1814/1814
f 1818/1818 1817/1817 1819/1819
f 1819/1819 1820/1820 1818/1818
f 1823/1823 1820/1820 1819/1819
f 1819/1819 1824/1824 1823/1823
f 1821/1821 1822/1822 1823/1823
f 1823/1823 1824/1824 1821/1821
f 1822/1822 1821/1821 1825/1825
f 1825/1825 1826/1826 1822/1822
f 1925/1925 1826/1826 1825/1825
f 1825/1825 1926/1926 1925/1925
f 1828/1828 1925/1925 1926/1926
f 1926/1926 1829/1829 1828/1828
f 1827/1827 1828/1828 1829/1829
f 1829/1829 1830/1830 1827/1827
f 1831/1831 1832/1832 1827/1827
f 1827/1827 1830/1830 1831/1831
f 1843/1843 1844/1844 1845/1845
f 1845/1845 1846/1846 1843/1843
f 1844/1844 1843/1843 1847/1847
f 1884/1884 1843/1843 1846/1846
f 1843/1843 1884/1884 1885/1885
f 1885/1885 1847/1847 1843/1843
f 1846/1846 1845/1845 1882/1882
f 1882/1882 1881/1881 1846/1846
f 1846/1846 1883/1883 1884/1884
f 1883/1883 1846/1846 1881/1881
f 1881/1881 1882/1882 1880/1880
f 1880/1880 1882/1882 1922/1922
f 1904/1904 1922/1922 1882/1882
f 1882/1882 1845/1845 1904/1904
f 1880/1880 1879/1879 1881/1881
f 1902/1902 1881/1881 1879/1879
f 1881/1881 1902/1902 1883/1883
f 1879/1879 1880/1880 1878/1878
f 1878/1878 1880/1880 1921/1921
f 1922/1922 1921/1921 1880/1880
f 1878/1878 1877/1877 1879/1879
f 1901/1901 1879/1879 1877/1877
f 1879/1879 1901/1901 1902/1902
f 1877/1877 1878/1878 1876/1876
f 1876/1876 1878/1878 1920/1920
f 1921/1921 1920/1920 1878/1878
f 1876/1876 1875/1875 1877/1877
f 1900/1900 1877/1877 1875/1875
f 1877/1877 1900/1900 1901/1901
f 1875/1875 1876/1876 1874/1874
f 1874/1874 1876/1876 1919/1919
f 1920/1920 1919/1919 1876/1876
f 1874/1874 1873/1873 1875/1875
f 1899/1899 1875/1875 1873/1873
f 1875/1875 1899/1899 1900/1900
f 1873/1873 1874/1874 1872/1872
f 1872/1872 1874/1874 1918/1918
f 1919/1919 1918/1918 1874/1874
f 1872/1872 1871/1871 1873/1873
f 1898/1898 1873/1873 1871/1871
f 1873/1873 1898/1898 1899/1899
f 1871/1871 1872/1872 1870/1870
f 1870/1870 1872/1872 1917/1917
f 1918/1918 1917/1917 1872/1872
f 1870/1870 1869/1869 1871/1871
f 1897/1897 1871/1871 1869/1869
f 1871/1871 1897/1897 1898/1898
f 1869/1869 1870/1870 1868/1868
f 1868/1868 1870/1870 1916/1916
f 1917/1917 1916/1916 1870/1870
f 1868/1868 1867/1867 1869/1869
f 1896/1896 1869/1869 1867/1867
f 1869/1869 1896/1896 1897/1897
f 1867/1867 1868/1868 1866/1866
f 1866/1866 1868/1868 1915/1915
f 1916/1916 1915/1915 1868/1868
f 1866/1866 1865/1865 1867/1867
f 1895/1895 1867/1867 1865/1865
f 1867/1867 1895/1895 1896/1896
f 1865/1865 1866/1866 1864/1864
f 1864/1864 1866/1866 1914/1914
f 1915/1915 1914/1914 1866/1866
f 1864/1864 1863/1863 1865/1865
f 1894/1894 1865/1865 1863/1863
f 1865/1865 1894/1894 1895/1895
f 1863/1863 1864/1864 1862/1862
f 1862/1862 1864/1864 1913/1913
f 1914/1914 1913/1913 1864/1864
f 1862/1862 1861/1861 1863/1863
f 1893/1893 1863/1863 1861/1861
f 1863/1863 1893/1893 1894/1894
f 1861/1861 1862/1862 1860/1860
f 1860/1860 1862/1862 1912/1912
f 1913/1913 1912/1912 1862/1862
f 1860/1860 1859/1859 1861/1861
f 1892/1892 1861/1861 1859/1859
f 1861/1861 1892/1892 1893/1893
f 1859/1859 1860/1860 1858/1858
f 1858/1858 1860/1860 1911/1911
f 1912/1912 1911/1911 1860/1860
f 1858/1858 1857/1857 1859/1859
f 1891/1891 1859/1859 1857/1857
f 1859/1859 1891/1891 1892/1892
f 1857/1857 1858/1858 1856/1856
f 1856/1856 1858/1858 1910/1910
f 1911/1911 1910/1910 1858/1858
f 1856/1856 1855/1855 1857/1857
f 1890/1890 1857/1857 1855/1855
f 1857/1857 1890/1890 1891/1891
f 1855/1855 1856/1856 1854/1854
f 1854/1854 1856/1856 1909/1909
f 1910/1910 1909/1909 1856/1856
f 1854/1854 1853/1853 1855/1855
f 1889/1889 1855/1855 1853/1853
f 1855/1855 1889/1889 1890/1890
f 1853/1853 1854/1854 1852/1852
f 1852/1852 1854/1854 1908/1908
f 1909/1909 1908/1908 1854/1854
f 1852/1852 1851/1851 1853/1853
f 1888/1888 1853/1853 1851/1851
f 1853/1853 1888/1888 1889/1889
f 1851/1851 1852/1852 1850/1850
f 1850/1850 1852/1852 1907/1907
f 1908/1908 1907/1907 1852/1852
f 1850/1850 1849/1849 1851/1851
f 1887/1887 1851/1851 1849/1849
f 1851/1851 1887/1887 1888/1888
f 1849/1849 1850/1850 1848/1848
f 1848/1848 1850/1850 1906/1906
f 1907/1907 1906/1906 1850/1850
f 1848/1848 1847/1847 1849/1849
f 1886/1886 1849/1849 1847/1847
f 1849/1849 1886/1886 1887/1887
f 1847/1847 1848/1848 1844/1844
f 1844/1844 1848/1848 1905/1905
f 1906/1906 1905/1905 1848/1848
f 1847/1847 1885/1885 1886/1886
f 1905/1905 1903/1903 1844/1844
f 1845/1845 1844/1844 1903/1903
f 1903/1903 1904/1904 1845/1845
f 1927/1927 1928/1928 1929/1929
f 1939/1939 1928/1928 1927/1927
f 1929/1929 1928/1928 1930/1930
f 1930/1930 1928/1928 1931/1931
f 1931/1931 1928/1928 1932/1932
f 1932/1932 1928/1928 1933/1933
f 1933/1933 1928/1928 1934/1934
f 1934/1934 1928/1928 1935/1935
f 1935/1935 1928/1928 1936/1936
f 1936/1936 1928/1928 1937/1937
f 1937/1937 1928/1928 1938/1938
f 1938/1938 1928/1928 1939/1939
f 1940/1940 1941/1941 1942/1942
f 1942/1942 1943/1943 1940/1940
f 1940/1940 1979/1979 1980/1980
f 1980/1980 1981/1981 1940/1940
f 1941/1941 1940/1940 1981/1981
f 1941/1941 1981/1981 1965/1965
f 1965/1965 1996/1996 1941/1941
f 1944/1944 1964/1964 1965/1965
f 1965/1965 1966/1966 1944/1944
f 1964/1964 1996/1996 1965/1965
f 1995/1995 1996/1996 1964/1964
f 1964/1964 1997/1997 1995/1995
f 1944/1944 1945/1945 1946/1946
f 1946/1946 1947/1947 1944/1944
f 1945/1945 1944/1944 1966/1966
f 1945/1945 1966/1966 1968/1968
f 1968/1968 1999/1999 1945/1945
f 1948/1948 1967/1967 1968/1968
f 1968/1968 1969/1969 1948/1948
f 1967/1967 1999/1999 1968/1968
f 1998/1998 1999/1999 1967/1967
f 1967/1967 2000/2000 1998/1998
f 1948/1948 1949/1949 1950/1950
f 1950/1950 1951/1951 1948/1948
f 1949/1949 1948/1948 1969/1969
f 1949/1949 1969/1969 1971/1971
f 1971/1971 2002/2002 1949/1949
f 1952/1952 1970/1970 1971/1971
f 1971/1971 1972/1972 1952/1952
f 1970/1970 2002/2002 1971/1971
f 2001/2001 2002/2002 1970/1970
f 1970/1970 2003/2003 2001/2001
f 1952/1952 1953/1953 1954/1954
f 1954/1954 1955/1955 1952/1952
f 1953/1953 1952/1952 1972/1972
f 1953/1953 1972/1972 1974/1974
f 1974/1974 2005/2005 1953/1953
f 1956/1956 1973/1973 1974/1974
f 1974/1974 1975/1975 1956/1956
f 1973/1973 2005/2005 1974/1974
f 2004/2004 2005/2005 1973/1973
f 1973/1973 2006/2006 2004/2004
f 1956/1956 1957/1957 1958/1958
f 1958/1958 1959/1959 1956/1956
f 1957/1957 1956/1956 1975/1975
f 1957/1957 1975/1975 1977/1977
f 1977/1977 2008/2008 1957/1957
f 1960/1960 1976/1976 1977/1977
f 1977/1977 1978/1978 1960/1960
f 1976/1976 2008/2008 1977/1977
f 2007/2007 2008/2008 1976/1976
f 1976/1976 2009/2009 2007/2007
f 1960/1960 1961/1961 1962/1962
f 1962/1962 1963/1963 1960/1960
f 1961/1961 1960/1960 1978/1978
f 1961/1961 1978/1978 1980/1980
f 1980/1980 2011/2011 1961/1961
f 1979/1979 2011/2011 1980/1980
f 2010/2010 2011/2011 1979/1979
f 1979/1979 2012/2012 2010/2010
f 1982/1982 1983/1983 1984/1984
f 1994/1994 1983/1983 1982/1982
f 1984/1984 1983/1983 1985/1985
f 1985/1985 1983/1983 1986/1986
f 1986/1986 1983/1983 1987/1987
f 1987/1987 1983/1983 1988/1988
f 1988/1988 1983/1983 1989/1989
f 1989/1989 1983/1983 1990/1990
f 1990/1990 1983/1983 1991/1991
f 1991/1991 1983/1983 1992/1992
f 1992/1992 1983/1983 1993/1993
f 1993/1993 1983/1983 1994/1994
f 2013/2013 2014/2014 2015/2015
f 2015/2015 2016/2016 2013/2013
f 2017/2017 2018/2018 2019/2019
f 2019/2019 2020/2020 2017/2017
f 2021/2021 2022/2022 2023/2023
f 2023/2023 2024/2024 2021/2021
f 2025/2025 2026/2026 2027/2027
f 2027/2027 2028/2028 2025/2025
f 2029/2029 2030/2030 2031/2031
f 2031/2031 2032/2032 2029/2029
f 2033/2033 2034/2034 2035/2035
f 2035/2035 2036/2036 2033/2033
f 2037/2037 2038/2038 2039/2039
f 2040/2040 2041/2041 2042/2042
f 2043/2043 2044/2044 2045/2045
f 2046/2046 2047/2047 2048/2048
f 2049/2049 2050/2050 2051/2051
f 2052/2052 2053/2053 2054/2054
f 2055/2055 2056/2056 2057/2057
f 2058/2058 2059/2059 2060/2060
f 2061/2061 2062/2062 2063/2063
f 2064/2064 2065/2065 2066/2066
f 2067/2067 2068/2068 2069/2069
f 2070/2070 2071/2071 2072/2072
o wheel_e003
usemtl body-33
v -0.8862702 0.3186195 1.0979486
v -0.8067086 0.2650553 1.0638705
v -0.8108281 0.2755893 1.0376954
v -0.8833111 0.3260409 1.0694451
v -0.9223298 0.4097342 1.1096684
v -0.8396409 0.4576028 1.0745739
v -0.8544204 0.4664836 1.0518634
v -0.9310107 0.4235122 1.0849480
v -1.0154032 0.4224552 1.1399184
v -1.0146918 0.5238878 1.1314677
v -1.0334401 0.5222346 1.1100470
v -1.0351392 0.4288116 1.1187912
v -1.0915685 0.3366400 1.1371314
v -1.0724171 0.3440615 1.1584486
v -1.1568111 0.3976256 1.1776582
v -1.1688676 0.3870916 1.1540626
v -1.0438690 0.2391688 1.1216284
v -1.0363574 0.2529468 1.1467288
v -1.1238789 0.2050783 1.1669549
v -1.1252754 0.1961975 1.1398946
v -0.9432844 0.2402258 1.1164788
v -0.9488280 0.1387931 1.1100610
v -0.9462557 0.1404463 1.0817110
v -0.9397401 0.2338692 1.0877852
v -0.8862702 0.3440615 1.0979486
v -0.8862702 0.3186195 1.0979486
v -0.8833111 0.3260409 1.0694451
v -0.8805177 0.3345752 1.0700205
v -0.9432844 0.4224552 1.1164789
v -0.9223298 0.4097342 1.1096684
v -0.9310107 0.4235122 1.0849480
v -0.9364250 0.4299261 1.0881911
v -1.0363574 0.4097342 1.1467289
v -1.0154032 0.4224552 1.1399184
v -1.0351392 0.4288116 1.1187912
v -1.0429108 0.4266912 1.1228004
v -1.0724171 0.3186195 1.1584486
v -1.0724171 0.3440615 1.1584486
v -1.0915685 0.3366400 1.1371314
v -1.0934899 0.3281057 1.1392391
v -1.0154028 0.2402258 1.1399184
v -1.0363574 0.2529468 1.1467288
v -1.0438690 0.2391688 1.1216284
v -1.0375826 0.2327549 1.1210686
v -0.9223298 0.2529468 1.1096684
v -0.9432844 0.2402258 1.1164788
v -0.9397401 0.2338692 1.0877852
v -0.9310963 0.2359896 1.0864593
v -0.8544204 0.1961974 1.0518634
v -0.8396405 0.2050783 1.0745738
v -0.9223298 0.2529468 1.1096684
v -0.9310963 0.2359896 1.0864593
v -0.8108281 0.3870918 1.0376953
v -0.8067086 0.3976257 1.0638705
v -0.8862702 0.3440615 1.0979486
v -0.8805177 0.3345752 1.0700205
v -0.9462557 0.5222346 1.0817110
v -0.9488280 0.5238878 1.1100611
v -0.9432844 0.4224552 1.1164789
v -0.9364250 0.4299261 1.0881911
v -1.1238789 0.4576026 1.1669549
v -1.0363574 0.4097342 1.1467289
v -1.0429108 0.4266912 1.1228004
v -1.1252754 0.4664834 1.1398946
v -1.1568111 0.2650553 1.1776582
v -1.0724171 0.3186195 1.1584486
v -1.0934899 0.3281057 1.1392391
v -1.1688676 0.2755893 1.1540627
v -1.0146918 0.1387931 1.1314677
v -1.0154028 0.2402258 1.1399184
v -1.0375826 0.2327549 1.1210686
v -1.0334401 0.1404463 1.1100471
v -1.4309396 0.6735919 1.2035767
v -1.3732740 0.7881294 1.1887344
v -1.4320443 0.7808623 1.1883633
v -1.4874218 0.6736115 1.2040187
v -1.3964483 0.8545765 1.1736826
v -1.2811610 0.8705664 1.1569082
v -1.2840619 0.9265695 1.1465512
v -1.3764752 0.8977529 1.1623873
v -1.2850170 0.9551812 1.1374144
v -1.3567010 0.9417449 1.1554092
v -1.4196539 0.9327839 1.1525138
v -1.4515488 0.8977447 1.1643615
v -1.0041867 0.9559354 1.0582790
v -1.0057611 0.9864581 1.0487164
v -1.0016270 0.9060785 1.0734267
v -0.6511106 0.9694049 0.9470051
v -0.6334256 1.0018807 0.9337790
v -0.7175749 0.8978901 0.9829525
v -0.2401684 0.9131454 0.8244808
v -0.3479192 0.9762328 0.8506685
v -0.5576271 0.9716361 0.9173421
v -0.5651873 0.9031936 0.9314501
v -0.1336757 0.9800024 0.7822536
v -0.5712059 0.8324052 0.9416373
v -0.2365549 0.8455363 0.8271102
v -0.5467709 0.7506902 0.9350796
v -0.2325972 0.7595330 0.8260849
v -0.2313319 0.5716411 0.8195969
v -0.5062223 0.5687582 0.9149516
v -0.4893991 0.3502613 0.8848354
v -0.2309735 0.3515324 0.7960069
v 0.1167798 0.9815527 0.7014270
v 0.1192297 0.9166216 0.7089651
v 0.1203856 0.8477561 0.7125213
v 0.1204682 0.7602269 0.7127755
v 0.6612098 0.8490130 0.5336996
v 0.6831608 0.9185067 0.5221932
v 0.3708877 0.9170828 0.6263720
v 0.3721672 0.8480713 0.6299786
v 0.1185339 0.5718871 0.7068238
v 0.6083572 0.5718872 0.5455021
v 0.6339278 0.7605411 0.5433882
v 0.3721201 0.7602876 0.6303919
v 0.3697234 0.5718872 0.6246559
v 0.1117503 0.3532103 0.6859510
v 0.6860981 0.9828094 0.5128987
v 0.3682339 0.9829564 0.6187073
v 0.9193065 1.0261725 0.4268229
v 0.6816706 1.0216393 0.5076019
v 0.8527794 0.9845284 0.4565447
v 0.8476501 0.7547237 0.4816089
v 0.8953045 0.8400017 0.4655171
v 0.8515822 0.8416847 0.4782517
v 0.8037664 0.5701339 0.4889807
v 0.5900327 0.3555577 0.5289019
v 0.3624470 0.3544398 0.6041591
v 0.7761107 0.3564626 0.4737515
v 1.1223439 0.9312808 0.3822781
v 1.3002418 0.9444140 0.3204456
v 1.2949250 0.9970535 0.3038577
v 1.1115562 0.9904474 0.3680074
v 1.5619749 1.0427188 0.2014754
v 1.2864954 1.0429966 0.2978490
v 1.5675081 0.9964846 0.2084134
v 1.5746319 0.9344712 0.2220497
v 1.8547121 1.0422741 0.0957084
v 1.7092098 0.8964219 0.1761123
v 1.8738800 0.9089169 0.1092989
v 1.8663394 0.9600377 0.1061404
v 1.6529178 0.9434002 0.1898227
v 1.6515423 0.8864704 0.2030000
v 1.6941331 0.8339651 0.1897498
v 1.7469215 0.8411769 0.1646275
v 1.8813419 0.8460005 0.1101006
v 1.7825202 0.6798950 0.1498165
v 1.8907216 0.6798952 0.1055301
v 1.7368357 0.6798881 0.1721375
v 1.6995907 0.4993646 0.2284198
v 1.8220755 0.4993646 0.1657176
v 1.8108529 0.6307506 0.1745915
v 1.7379686 0.6307506 0.2109609
v 1.8108529 0.6307506 0.1745915
v 1.9202469 0.6307506 0.1269434
v 1.8925484 0.6741755 0.1066524
v 1.7847234 0.6742460 0.1508991
v 1.8220755 0.4993646 0.1657176
v 1.6995907 0.4993646 0.2284198
v 1.7409544 0.3281044 0.1427401
v 1.8934159 0.3439962 0.0769897
v 1.9554371 0.4993646 0.1065409
v 1.1001324 1.0351678 0.3632858
v 1.2421596 1.0581648 0.3095423
v 1.2172755 1.0864146 0.3093786
v 1.0842061 1.0855581 0.3552909
v -1.4546609 0.9027652 1.1611744
v -1.4286618 0.9320436 1.1502608
v -1.4756193 0.9337412 1.1196703
v -1.5111419 0.9025831 1.1326995
v -1.3631652 0.9568902 1.1370876
v -1.2938915 0.9696376 1.1185779
v -1.3664314 0.9589253 1.1322105
v -1.2966248 0.9714832 1.1134675
v -1.3224529 0.9723843 1.0695549
v -1.4021854 0.9602359 1.0951770
v -1.0138074 1.0058202 1.0278999
v -1.0367017 1.0106467 0.9771912
v -1.0159636 1.0080383 1.0228259
v -0.6854402 1.0331667 0.9212257
v -0.7252185 1.0411377 0.8764521
v -0.6910866 1.0354751 0.9178047
v -0.6267139 1.0442752 0.9003712
v -0.5557433 1.0428698 0.8981236
v -0.5493482 1.0456218 0.8954300
v -0.5258393 1.0731160 0.8801490
v -0.5479334 1.0730072 0.8811645
v 0.0174528 1.4368783 0.5766628
v 0.0175473 1.4511563 0.5501885
v -0.1491934 1.4292904 0.6144419
v -0.1596418 1.4132991 0.6399105
v 0.0029525 1.4535921 0.5136961
v -0.1686574 1.4308414 0.5787028
v 0.1973860 1.4529575 0.5098760
v 0.1938715 1.4679556 0.4844947
v 0.2885362 1.4726418 0.4509554
v 0.5440445 1.4794695 0.3630904
v 0.5322978 1.4823782 0.3269486
v 0.2290223 1.4731957 0.4312397
v 0.3584885 1.4591734 0.4534995
v 0.5544137 1.4641201 0.3861517
v 0.7784111 1.4660779 0.3103301
v 0.7662246 1.4814541 0.2879849
v 0.7545456 1.4843615 0.2520511
v 0.9458318 1.4807654 0.2272044
v 0.8931460 1.4809676 0.2450337
v 0.9067298 1.4656174 0.2668203
v 0.9583465 1.4654328 0.2493174
v 1.1087968 1.4632409 0.1983884
v 1.0965919 1.4784826 0.1763006
v 1.0850140 1.4813881 0.1406772
v 0.9073020 1.4837751 0.2005205
v 1.3606273 1.4710738 0.0877845
v 1.3730059 1.4561346 0.1095357
v 1.3491125 1.4739781 0.0523551
v 1.6011454 1.4529321 0.0043711
v 1.6149262 1.4389300 0.0250385
v 1.5905462 1.4557236 -0.0305741
v 1.9372644 1.0421517 0.0602317
v 1.9456037 0.9780145 0.0689055
v 1.9867755 0.9789396 0.0410917
v 1.9785540 1.0420867 0.0326359
v 1.9187077 0.9411251 0.0859592
v 1.9160401 0.9096750 0.0907122
v 1.9135952 0.8459766 0.0957247
v 1.9041176 0.6798951 0.0992488
v 1.9894277 0.6307506 0.0940835
v 1.9496146 0.6742490 0.0797870
v 2.0349547 0.6307506 0.0630087
v 1.9860747 0.6745192 0.0532834
v 1.9624017 0.3521910 0.0170903
v 2.0285064 0.4993646 0.0544089
v 1.6768907 1.4402447 -0.0273060
v 1.6903204 1.4274190 -0.0074002
v 1.7661162 1.3323827 0.0151432
v 1.8068855 1.3288048 -0.0102561
v 1.7426658 1.4061433 -0.0291620
v 1.7087080 1.4065206 -0.0029674
v 1.7236057 1.4269489 -0.0475692
v 1.7328737 1.4184128 -0.0336442
v 2.0001332 0.9795366 0.0136095
v 1.9920685 1.0420399 0.0055311
v 1.9961583 0.9798538 -0.0350136
v 1.9883682 1.0420077 -0.0422746
v 2.0500000 0.6307506 0.0332933
v 1.9971214 0.6747316 0.0261355
v 2.0419652 0.6307506 -0.0606552
v 1.9915300 0.6746685 -0.0266066
v 1.9579409 0.3551478 -0.0948059
v 2.0403541 0.4993646 -0.0779999
v 2.0417632 0.4993646 0.0153036
v 1.7501972 1.4122736 -0.0526454
v 1.8213036 1.3278514 -0.0342426
v 1.7543198 1.4060293 -0.0547843
v 1.8178863 1.3287281 -0.0732934
v 1.7518282 1.4059341 -0.0856083
v 1.7180839 1.4290422 -0.0810964
v 1.7475648 1.4120288 -0.0862996
v 1.6688268 1.4427024 -0.0614200
v 1.0065888 1.3860459 0.2707841
v 0.9666426 1.3551833 0.2983554
v 1.0305396 1.3550206 0.2766190
v -0.4089972 1.1879198 0.8095666
v -0.2646252 1.3190304 0.7158744
v -0.2961304 1.3174780 0.7161488
v -0.4538941 1.1867800 0.8111487
v -0.2094443 1.3834502 0.6626229
v -0.1953985 1.3780520 0.6684023
v 1.9185731 1.0880154 0.0529703
v 1.9573871 1.0877674 0.0272404
v 1.8911446 1.2039302 0.0128237
v 1.8511112 1.2043402 0.0386030
v 1.9054754 1.2038247 -0.0130505
v 1.9710914 1.0876788 0.0004361
v 1.9676481 1.0876788 -0.0465209
v 1.9025768 1.2039353 -0.0572591
v -1.7073968 0.9597426 0.7503672
v -1.7604513 0.9026500 0.7682537
v -1.6472399 0.9029140 1.0079414
v -1.5927651 0.9585555 0.9939578
v -1.7753884 0.9600404 0.5736322
v -1.8287868 0.9026517 0.5909874
v -1.6271425 0.9879122 0.7240852
v -1.5113006 0.9856070 0.9730455
v -1.4233473 0.9964963 0.9504678
v -1.5401309 0.9996328 0.6959001
v -1.6073649 1.0000524 0.5190224
v -1.6947260 0.9883152 0.5474160
v -1.2100860 1.0361114 0.5887864
v -1.1006698 1.0286301 0.8676361
v -1.2737271 1.0369546 0.4105860
v -0.9361002 1.0563033 0.4998933
v -0.7891797 1.0480522 0.7876760
v -1.0034252 1.0567795 0.3227344
v -0.1108051 1.4654020 0.1916858
v -0.1604114 1.4654020 0.0487442
v -0.3554538 1.4383419 0.1121355
v -0.2998808 1.4383419 0.2559991
v -0.2040143 1.4342478 0.4978083
v -0.0265552 1.4589584 0.4324468
v 0.1239023 1.4872668 0.1126379
v 0.0779566 1.4872668 -0.0287283
v 0.2021252 1.4795917 0.3506791
v 0.4297575 1.4965216 0.0114514
v 0.5063286 1.4888087 0.2470467
v 0.7287095 1.4907933 0.1725593
v 0.6525461 1.4985062 -0.0617809
v 0.8029746 1.4979310 -0.1112435
v 0.8803303 1.4902124 0.1217307
v 1.0593764 1.4878218 0.0617958
v 0.9838200 1.4955348 -0.1706752
v 1.2484242 1.4881259 -0.2574429
v 1.3235996 1.4804129 -0.0261435
v 1.5665917 1.4619234 -0.1080548
v 1.4933632 1.4693491 -0.3375669
v 1.9770416 1.0419706 -0.1445767
v 1.9843542 0.9794447 -0.1387808
v 1.9185876 0.9794471 -0.4372332
v 1.9127942 1.0419214 -0.4383900
v 1.8680981 0.9794476 -0.6105467
v 1.8631998 1.0419124 -0.6089548
v 1.9204810 0.9134057 -0.4356110
v 1.9374748 0.9319373 -0.4417536
v 2.0040431 0.9319370 -0.1408347
v 1.9873554 0.9134049 -0.1337479
v 1.8921560 0.8989839 -0.4369539
v 1.9097480 0.7340976 -0.3040194
v 1.8781855 0.7050596 -0.4290958
v 1.9936659 0.4993646 -0.3548233
v 1.9230116 0.3587633 -0.3544221
v 1.8566552 0.3592514 -0.6068277
v 1.9150388 0.4993646 -0.6258030
v 1.5805476 1.4547562 -0.3649850
v 1.6491570 1.4481923 -0.1370770
v 1.7027976 1.4337366 -0.1553386
v 1.6393971 1.4393426 -0.3827697
v 1.5951409 1.4393426 -0.5218323
v 1.5359624 1.4547562 -0.5025986
v 1.4489524 1.4693491 -0.4743190
v -0.3491115 1.4218264 0.2736329
v -0.2489943 1.4184549 0.5167972
v -0.4019404 1.4218096 0.1272443
v -1.5376891 0.9339453 1.0186332
v -1.5750258 0.9027443 1.0278348
v -1.4599138 0.9614044 0.9994652
v -1.3759110 0.9742396 0.9787625
v -1.0696145 1.0148206 0.9032749
v -0.7607387 1.0452467 0.8271514
v -0.1714079 1.4310822 0.5730650
v 0.0007287 1.4539803 0.5078509
v 0.2270425 1.4736664 0.4253104
v 0.7526140 1.4848423 0.2461083
v 0.5303662 1.4828566 0.3210053
v 1.0830824 1.4818728 0.1347348
v 0.9052786 1.4842580 0.1946089
v 1.3471816 1.4744652 0.0464131
v 1.5887141 1.4562019 -0.0365568
v 1.9877730 1.0420044 -0.0485685
v 1.9955791 0.9794426 -0.0412445
v 1.9991571 0.9071398 -0.0346624
v 2.0004775 0.8459491 -0.0320761
v 1.9887239 0.8459492 -0.1312853
v 1.9875520 0.9071398 -0.1334023
v 1.9989360 0.9134040 -0.0350841
v 1.9885380 0.6767618 -0.0294881
v 1.9785945 0.7225742 -0.1286965
v 1.7169303 1.4294317 -0.0872945
v 1.6673083 1.4431440 -0.0675280
v -0.2141246 1.4158370 0.5922102
v 1.9380478 1.0481845 0.0576215
v 1.9766568 1.0480348 0.0318694
v 1.9902081 1.0479537 0.0048028
v 1.9865291 1.0479487 -0.0429162
v 0.0632291 1.4071632 0.5768697
v 0.0147879 1.4320347 0.5818674
v -0.1002740 1.3789834 0.6417658
v 0.1911007 1.4151981 0.5310185
v 0.1972215 1.4483881 0.5141180
v 0.7810010 1.4615600 0.3135701
v 0.5564283 1.4596161 0.3895892
v 0.5670650 1.4261474 0.4010978
v 0.7953234 1.4296301 0.3231037
v 1.1114449 1.4587050 0.2016254
v 1.0207307 1.4233461 0.2490044
v 1.1283698 1.4219750 0.2125156
v 1.3757935 1.4515775 0.1127521
v 1.3922059 1.4181254 0.1223276
v 1.6320561 1.4145277 0.0327824
v 1.6185286 1.4343513 0.0280855
v -0.1726124 1.4164414 0.6359114
v -0.2097021 1.3882747 0.6575656
v -0.2118143 1.4150437 0.5979416
v 1.7380849 1.4118060 -0.1615349
v 1.6837673 1.4114264 -0.3946678
v 1.7469215 1.4119975 -0.0925461
v -1.3728846 0.6734505 1.2193756
v -1.3218665 0.7645110 1.2057261
v -1.3457912 0.7789212 1.1944794
v -1.4013156 0.6735294 1.2089803
v -1.2823116 0.7311315 1.2369309
v -1.2128714 0.7754890 1.2154291
v -1.2454304 0.8197431 1.1826177
v -1.2688720 0.8431401 1.1688329
v -0.9772425 0.8094865 1.1411726
v -0.9913614 0.8574705 1.1035547
v -0.9973916 0.8808138 1.0869110
v -0.7608493 0.7930206 1.0712367
v -0.7570487 0.8405990 1.0302960
v -0.7476273 0.8700180 1.0056359
v -0.6769540 0.7990512 1.0056486
v -0.6894319 0.7583272 1.0485664
v -0.6397836 0.6978562 1.0311773
v -0.6210008 0.7278813 0.9871129
v -0.5730488 0.7426157 0.9534998
v -0.6490053 0.8285376 0.9806010
v -0.5770597 0.8337683 0.9435059
v -0.5578612 0.5623143 0.9510931
v -0.5753243 0.5599973 0.9633264
v -0.5954244 0.5483579 1.0051044
v -0.5725875 0.3497702 0.9625142
v -0.5540201 0.3499216 0.9272276
v -0.5340099 0.3500208 0.9145220
v -0.4891508 0.3440470 0.8838335
v -0.5472162 0.3437299 0.9217017
v -0.4771854 0.3266124 0.9163211
v 0.9990275 0.8104544 0.4618258
v 1.0375654 0.7706388 0.4903799
v 1.1112475 0.8028458 0.4676274
v 1.0768476 0.8558388 0.4354104
v 0.9449846 0.7366432 0.4782582
v 0.9456861 0.8273632 0.4602179
v 0.8992928 0.7477686 0.4729680
v 0.9841260 0.7124312 0.5041217
v 0.8934348 0.5648742 0.4852726
v 0.9302330 0.5578613 0.5079712
v 0.8495481 0.5686957 0.4808646
v 0.8608854 0.3568545 0.4659926
v 0.8949958 0.3569618 0.4819379
v 0.8188920 0.3566721 0.4646010
v 1.3232431 0.8268029 0.3963252
v 1.3105058 0.8868417 0.3541151
v 1.1351753 0.8682616 0.4151562
v 1.1483322 0.8093994 0.4553351
v 1.3049305 0.9147814 0.3357010
v 1.1287148 0.8988548 0.3966725
v 1.5214212 0.8111117 0.3273116
v 1.5334043 0.8709905 0.2771855
v 1.5501961 0.9018640 0.2480320
v 1.6041572 0.8421837 0.2530734
v 1.5863303 0.7849429 0.3033553
v 1.6308352 0.7476100 0.2854711
v 1.6509693 0.7969851 0.2365308
v 1.6230627 0.8684640 0.2264228
v 1.6685713 0.8190807 0.2115319
v 1.6797350 0.6307506 0.2547460
v 1.6952715 0.6798195 0.2162097
v 1.7138458 0.6798636 0.1918563
v 1.6672884 0.6798097 0.2668861
v -1.1852456 0.7224345 1.2125269
v -1.2128714 0.7754890 1.2154291
v -1.2823116 0.7311315 1.2369309
v -1.2442764 0.6893260 1.2282876
v -0.9732940 0.7536064 1.1484226
v -0.9772425 0.8094865 1.1411726
v -0.7786658 0.7375344 1.0847957
v -0.7608493 0.7930206 1.0712367
v -0.6813875 0.6609499 1.0462344
v -0.6397836 0.6978562 1.0311773
v -0.6894319 0.7583272 1.0485664
v -0.7199158 0.7099826 1.0632490
v -0.6449669 0.5318683 1.0205757
v -0.5954244 0.5483579 1.0051044
v -0.6251747 0.3464182 0.9784273
v -0.5725875 0.3497702 0.9625142
v 1.1461546 0.7515955 0.4614673
v 1.1112475 0.8028458 0.4676274
v 1.0375654 0.7706388 0.4903799
v 1.0719049 0.7236430 0.4821307
v 1.0273774 0.6754259 0.4909672
v 0.9841260 0.7124312 0.5041217
v 0.9302330 0.5578613 0.5079712
v 0.9757645 0.5399341 0.4921980
v 0.8949958 0.3569618 0.4819379
v 0.9403999 0.3540998 0.4660376
v 1.3267323 0.7715652 0.4031972
v 1.3232431 0.8268029 0.3963252
v 1.1483322 0.8093994 0.4553351
v 1.5059980 0.7582948 0.3399831
v 1.5214212 0.8111117 0.3273116
v 1.5925054 0.7075284 0.3025795
v 1.6308352 0.7476100 0.2854711
v 1.5863303 0.7849429 0.3033553
v 1.5590625 0.7371358 0.3184739
v 1.6797350 0.6307506 0.2547460
v 1.6217699 0.6307506 0.2800865
v 1.6447460 0.4993646 0.2485746
v 1.6995907 0.4993646 0.2284198
v 1.6108793 0.6767742 0.2920287
v 1.6672884 0.6798097 0.2668861
v 1.6418818 0.3180271 0.1807870
v 1.6447460 0.4993646 0.2485746
v -0.2046669 1.3979176 0.6453389
v -0.2013609 1.4077511 0.6282728
v -1.3192869 0.6734938 1.2473560
v -1.3192869 0.6734938 1.2473560
v -1.2560769 0.6705069 1.2308107
v 0.8544154 1.4658061 0.2845586
v 0.7579618 1.4979310 -0.2497385
v 0.6073654 1.4985062 -0.2007928
v 0.8288685 1.4295176 0.3118809
v 0.8487616 1.4613116 0.2905969
v 1.0941217 1.0348670 0.3653892
v 1.0306670 0.9877894 0.3959428
v 1.1055865 0.9902512 0.3700691
v 1.1423893 0.8083493 0.4573050
v 1.1292932 0.8670088 0.4171987
v 1.1423893 0.8083493 0.4573050
v 0.2307631 1.4168182 0.5171116
v 0.2426367 1.4505170 0.4980454
v 0.2480089 1.4553210 0.4919893
v 0.2985727 1.4576690 0.4741017
v 0.3637709 0.5718872 0.6266164
v 0.3661684 0.7602841 0.6323549
v 0.2812185 0.7602643 0.6601601
v 0.3564930 0.3544105 0.6061146
v 0.2819269 0.9825520 0.6470956
v 0.3623889 0.9830387 0.6206244
v 0.2810303 1.0117072 0.6423373
v 0.4348520 1.0379294 0.5865241
v 0.3652948 1.0374719 0.6097937
v -0.1314518 1.0033232 0.7775764
v -0.3500471 0.9981207 0.8477596
v 0.1157562 1.0088825 0.6970293
v -0.3636841 1.1897196 0.7963182
v -0.2136519 1.3225322 0.7003331
v -0.4622858 1.0744687 0.8621125
v -0.4961675 0.9943468 0.8929529
v -0.5542649 0.9986682 0.9103619
v -0.5784934 1.0729155 0.8816527
v -0.5543422 1.0729824 0.8813518
v -0.5412139 1.1084810 0.8565888
v -0.5603142 0.9990116 0.9121625
v -0.5712216 0.9029130 0.9335112
v -0.5637120 0.9714908 0.9192729
v -0.5782325 0.7410229 0.9571334
v -0.5989698 0.7364350 0.9730427
v -0.5688348 0.5610465 0.9591469
v -0.5463517 0.3500859 0.9229684
v -0.5393665 0.3499933 0.9179915
v -0.5629925 0.5616732 0.9546845
v 0.8941845 0.3507886 0.4807696
v 0.8824700 0.2483147 0.4589990
v 0.9279587 0.2483487 0.4428923
v 0.9403999 0.3540998 0.4660376
v 0.8391647 0.3505403 0.4644518
v 0.7850123 0.3284064 0.5055103
v 0.8941845 0.3507886 0.4807696
v 0.5895714 0.3493444 0.5281846
v 0.5996113 0.3281450 0.5608662
v 0.7754765 0.3502498 0.4730218
v 0.1114940 0.3469988 0.6851631
v -0.2310542 0.3453210 0.7951641
v -0.2199165 0.3269800 0.8279309
v 0.1221340 0.3274657 0.7178997
v 0.3592000 0.3482135 0.6043613
v 0.3697490 0.3278177 0.6369956
v -0.5721587 0.3435793 0.9610230
v -0.6201639 0.2437775 0.9521987
v -0.5670841 0.2455053 0.9364104
v -0.5721587 0.3435793 0.9610230
v 1.7368341 1.4142238 -0.0306802
v 1.6942188 1.4229636 -0.0043862
v 1.7018115 1.4133209 -0.0021536
v 1.7383136 1.4125284 -0.0302950
v 1.0335694 1.2112906 0.3317711
v 1.1317175 1.2115419 0.2981294
v 0.9291635 1.4290871 0.2777771
v 0.9762901 1.4289632 0.2617854
v 0.9610635 1.4609027 0.2525224
v 0.9128162 1.4610809 0.2688791
v 1.0780750 1.0855261 0.3573861
v 1.0070716 1.0851553 0.3816498
v 0.9948193 1.0507259 0.3962437
v 1.0273365 1.2112698 0.3338955
v 0.9663913 1.2110866 0.3545808
v 0.9603466 1.3551846 0.3004950
v 0.8986693 1.3551992 0.3215672
v -0.1637679 1.3547188 0.6711544
v 0.3754303 1.4003222 0.4764477
v 0.3125328 1.4168426 0.4899323
v 0.3261105 1.3499826 0.5155227
v 0.3849026 1.3508400 0.4955615
v 0.3472105 1.2083613 0.5634484
v 0.4092293 1.2087254 0.5426140
v 0.3611289 1.0840039 0.5986308
v 0.4280966 1.0840829 0.5762860
v 0.3593538 1.0373134 0.6117869
v 0.3551799 1.0839932 0.6006028
v 0.2956542 1.0838479 0.6202080
v 0.3010765 1.0345881 0.6313956
v 0.3412683 1.2083075 0.5654419
v 0.2814863 1.2075806 0.5854674
v 0.3201783 1.3498564 0.5175494
v 0.2625765 1.3482440 0.5373494
v 0.3066086 1.4166252 0.4919990
v 0.2552734 1.3965408 0.5180763
v 0.3926861 1.4220188 0.4609477
v 0.3680958 1.4548932 0.4543423
v -0.1520377 1.4100549 0.6410978
v 0.4571159 1.0156160 0.5834360
v 0.9231017 1.4286063 0.2800583
v 0.8516067 1.4149709 0.3107063
v 0.9064949 1.4611039 0.2710223
v 0.2974141 1.4530587 0.4786729
v 0.3033459 1.4532704 0.4766043
v 0.9674115 0.9857108 0.4177883
v 0.9618128 1.0317397 0.4114215
v 0.6803426 1.0241047 0.5042687
v 0.6816706 1.0216393 0.5076019
v 0.9193065 1.0261725 0.4268229
v 0.9173381 1.0294327 0.4235608
v 0.0607084 1.4028033 0.5760506
v 0.0632291 1.4071632 0.5768697
v -0.1002740 1.3789834 0.6417658
v -0.0978463 1.3757608 0.6390646
v 0.1896521 1.4110380 0.5297753
v 0.1911007 1.4151981 0.5310185
v 0.7956887 1.4255317 0.3212295
v 0.7953234 1.4296301 0.3231037
v 0.5670650 1.4261474 0.4010978
v 0.5670650 1.4220466 0.3993511
v 0.8257427 1.4258190 0.3110161
v 0.8288685 1.4295176 0.3118809
v 0.9587845 1.0348782 0.4085333
v 0.9618128 1.0317397 0.4114215
v 0.9948193 1.0507259 0.3962437
v 0.9908592 1.0528761 0.3937648
v 0.2288169 1.4126464 0.5160412
v 0.2307631 1.4168182 0.5171116
v 0.2122527 1.0105318 0.6650971
v 0.2781600 1.0150581 0.6393568
v 0.1146928 1.0113844 0.6936040
v 0.1157562 1.0088825 0.6970293
v -0.1314518 1.0033232 0.7775764
v -0.1320925 1.0058425 0.7740214
v -0.3510492 1.0005994 0.8443454
v -0.3500471 0.9981207 0.8477596
v -0.2086181 1.3216536 0.6958078
v -0.2136519 1.3225322 0.7003331
v -0.3636841 1.1897196 0.7963182
v -0.3598579 1.1888613 0.7921216
v -0.4622858 1.0744687 0.8621125
v -0.4591321 1.0737150 0.8580791
v -0.4961675 0.9943468 0.8929529
v -0.4919982 0.9968038 0.8876708
v 1.0070716 1.0851553 0.3816498
v 1.0029700 1.0842531 0.3798751
v 0.9663913 1.2110866 0.3545808
v 0.9622993 1.2100835 0.3528364
v 0.8986693 1.3551992 0.3215672
v 0.8943084 1.3540142 0.3199860
v -0.1617800 1.3513688 0.6686566
v -0.1637679 1.3547188 0.6711544
v -0.4919982 0.9968038 0.8876708
v -0.4961675 0.9943468 0.8929529
v 0.3777578 1.3982657 0.4730082
v 0.3754303 1.4003222 0.4764477
v 0.3849026 1.3508400 0.4955615
v 0.3869547 1.3496973 0.4918018
v 0.4092293 1.2087254 0.5426140
v 0.4112620 1.2077550 0.5387951
v 0.4280966 1.0840829 0.5762860
v 0.4301189 1.0832542 0.5724267
v 0.4348520 1.0379294 0.5865241
v 0.4362149 1.0390967 0.5825120
v 0.2964111 1.0359842 0.6293314
v 0.3010765 1.0345881 0.6313956
v 0.2956542 1.0838479 0.6202080
v 0.2917331 1.0830188 0.6183159
v 0.2814863 1.2075806 0.5854674
v 0.2775817 1.2065618 0.5836384
v 0.2625765 1.3482440 0.5373494
v 0.2587014 1.3469771 0.5356140
v 0.2552734 1.3965408 0.5180763
v 0.2514836 1.3942161 0.5167902
v 0.3926861 1.4220188 0.4609477
v 0.3939025 1.4179475 0.4587837
v 0.4583870 1.0191010 0.5790607
v 0.4571159 1.0156160 0.5834360
v 0.8516067 1.4149709 0.3107063
v 0.8475479 1.4132140 0.3092818
v 0.2781600 1.0150581 0.6393568
v 0.2810303 1.0117072 0.6423373
v 1.7443052 1.4113656 -0.0395166
v 0.0168439 1.4332036 0.5773492
v 0.0174528 1.4368783 0.5766628
v -0.1596418 1.4132991 0.6399105
v -0.1561040 1.4103003 0.6387314
v 0.1970887 1.4492683 0.5103631
v 0.1973860 1.4529575 0.5098760
v 0.5547817 1.4604394 0.3863479
v 0.5544137 1.4641201 0.3861517
v 0.3584885 1.4591734 0.4534995
v 0.3652500 1.4556754 0.4515210
v 0.7789531 1.4623923 0.3104622
v 0.7784111 1.4660779 0.3103301
v 0.9589092 1.4617411 0.2494459
v 0.9583465 1.4654328 0.2493174
v 0.9067298 1.4656174 0.2668203
v 0.9074137 1.4619287 0.2669050
v 1.1093228 1.4595463 0.1985351
v 1.1087968 1.4632409 0.1983884
v 1.3735223 1.4524314 0.1097162
v 1.3730059 1.4561346 0.1095357
v 1.6154356 1.4351796 0.0253705
v 1.6149262 1.4389300 0.0250385
v 1.6905958 1.4236410 -0.0067889
v 1.6903204 1.4274190 -0.0074002
v 1.7326580 1.4147557 -0.0326225
v 1.7328737 1.4184128 -0.0336442
v 1.7501957 1.4076549 -0.0525911
v 1.7501972 1.4122736 -0.0526454
v 1.7501957 1.4076549 -0.0525911
v 1.7543198 1.4060293 -0.0547843
v 1.7518282 1.4059341 -0.0856083
v 1.7471204 1.4075786 -0.0888597
v -0.4578132 1.1845054 0.8091113
v -0.4538941 1.1867800 0.8111487
v -0.2961304 1.3174780 0.7161488
v -0.3001401 1.3148971 0.7142163
v -0.2094443 1.3834502 0.6626229
v -0.2120151 1.3823436 0.6592580
v -0.5362468 1.1131035 0.8505234
v -0.5325113 1.1147764 0.8548836
v 0.0168439 1.4332036 0.5773492
v 0.0147879 1.4320347 0.5818674
v 0.1972215 1.4483881 0.5141180
v 0.1970887 1.4492683 0.5103631
v 0.5547817 1.4604394 0.3863479
v 0.5564283 1.4596161 0.3895892
v 0.7810010 1.4615600 0.3135701
v 0.7789531 1.4623923 0.3104622
v 0.9589092 1.4617411 0.2494459
v 0.9610635 1.4609027 0.2525224
v 1.1114449 1.4587050 0.2016254
v 1.1093228 1.4595463 0.1985351
v 1.3735223 1.4524314 0.1097162
v 1.3757935 1.4515775 0.1127521
v 1.6185286 1.4343513 0.0280855
v 1.6154356 1.4351796 0.0253705
v -0.2120151 1.3823436 0.6592580
v -0.2097021 1.3882747 0.6575656
v 0.8495090 1.4621376 0.2865389
v 0.8544154 1.4658061 0.2845586
v 0.8487616 1.4613116 0.2905969
v 0.8495090 1.4621376 0.2865389
v 0.2426367 1.4505170 0.4980454
v 0.2429775 1.4514084 0.4941211
v 0.2985727 1.4576690 0.4741017
v 0.2480089 1.4553210 0.4919893
v 0.2429775 1.4514084 0.4941211
v 0.2989341 1.4540081 0.4743253
v 1.6905958 1.4236410 -0.0067889
v 1.6942188 1.4229636 -0.0043862
v 1.7368341 1.4142238 -0.0306802
v 1.7326580 1.4147557 -0.0326225
v 1.7501972 1.4122736 -0.0526454
v 1.7501957 1.4076549 -0.0525911
v 1.7471204 1.4075786 -0.0888597
v 1.7475648 1.4120288 -0.0862996
v 1.7471204 1.4075786 -0.0888597
v 1.7379212 1.4073746 -0.1611191
v 1.7380849 1.4118060 -0.1615349
v 1.7469215 1.4119975 -0.0925461
v 1.6837627 1.4069936 -0.3945597
v 1.6837673 1.4114264 -0.3946678
v 0.9074137 1.4619287 0.2669050
v 0.9128162 1.4610809 0.2688791
v 0.3652500 1.4556754 0.4515210
v 0.3680958 1.4548932 0.4543423
v -0.1520377 1.4100549 0.6410978
v -0.1561040 1.4103003 0.6387314
v 0.9074137 1.4619287 0.2669050
v 0.9064949 1.4611039 0.2710223
v 0.2989341 1.4540081 0.4743253
v 0.2974141 1.4530587 0.4786729
v 0.2989341 1.4540081 0.4743253
v 0.3033459 1.4532704 0.4766043
v 1.7501957 1.4076549 -0.0525911
v 1.7443052 1.4113656 -0.0395166
v -0.2506107 1.4146283 0.5173656
v -0.2489943 1.4184549 0.5167972
v -0.3491115 1.4218264 0.2736329
v -0.3507781 1.4180041 0.2741757
v -0.4019404 1.4218096 0.1272443
v -0.4036180 1.4180022 0.1277896
v -0.2143828 1.4119833 0.5954041
v -0.2141246 1.4158370 0.5922102
v -0.2097021 1.3882747 0.6575656
v -0.2046669 1.3979176 0.6453389
v -0.2072120 1.3932461 0.6449877
v -0.2120151 1.3823436 0.6592580
v -0.2143828 1.4119833 0.5954041
v -0.2032914 1.4041608 0.6262611
v -0.2013609 1.4077511 0.6282728
v -0.2118143 1.4150437 0.5979416
v -0.1695712 1.4279172 0.5754897
v -0.1686574 1.4308414 0.5787028
v 0.0029525 1.4535921 0.5136961
v 0.0020376 1.4506770 0.5104922
v 0.2281051 1.4703105 0.4280047
v 0.2290223 1.4731957 0.4312397
v 0.5322978 1.4823782 0.3269486
v 0.5313056 1.4794934 0.3237347
v 0.7545456 1.4843615 0.2520511
v 0.7535102 1.4814776 0.2488497
v 0.9061947 1.4808926 0.1973421
v 0.9073020 1.4837751 0.2005205
v 1.0850140 1.4813881 0.1406772
v 1.0839208 1.4785067 0.1374927
v 1.3491125 1.4739781 0.0523551
v 1.3479352 1.4711009 0.0491971
v 1.5905462 1.4557236 -0.0305741
v 1.5891937 1.4528630 -0.0336823
v 1.7163596 1.4263472 -0.0841477
v 1.7180839 1.4290422 -0.0810964
v 1.7475648 1.4120288 -0.0862996
v 1.7471204 1.4075786 -0.0888597
v 1.6674070 1.4398685 -0.0645389
v 1.6688268 1.4427024 -0.0614200
v 0.0020376 1.4506770 0.5104922
v 0.0007287 1.4539803 0.5078509
v -0.1714079 1.4310822 0.5730650
v -0.1695712 1.4279172 0.5754897
v 0.2281051 1.4703105 0.4280047
v 0.2270425 1.4736664 0.4253104
v 0.7535102 1.4814776 0.2488497
v 0.7526140 1.4848423 0.2461083
v 0.5303662 1.4828566 0.3210053
v 0.5313056 1.4794934 0.3237347
v 1.0839208 1.4785067 0.1374927
v 1.0830824 1.4818728 0.1347348
v 0.9052786 1.4842580 0.1946089
v 0.9061947 1.4808926 0.1973421
v 1.3479352 1.4711009 0.0491971
v 1.3471816 1.4744652 0.0464131
v 1.5891937 1.4528630 -0.0336823
v 1.5887141 1.4562019 -0.0365568
v 1.7163596 1.4263472 -0.0841477
v 1.7169303 1.4294317 -0.0872945
v 1.6673083 1.4431440 -0.0675280
v 1.6674070 1.4398685 -0.0645389
v -0.2141246 1.4158370 0.5922102
v -0.2143828 1.4119833 0.5954041
v -0.2143828 1.4119833 0.5954041
v -0.2118143 1.4150437 0.5979416
v 1.7471204 1.4075786 -0.0888597
v 1.7469215 1.4119975 -0.0925461
v -0.2319641 0.3488355 0.7926711
v -0.2309735 0.3515324 0.7960069
v -0.4893991 0.3502613 0.8848354
v -0.4906292 0.3475453 0.8815873
v 0.1106750 0.3505131 0.6826413
v 0.1117503 0.3532103 0.6859510
v 0.3583772 0.3517275 0.6018404
v 0.5888580 0.3528643 0.5256283
v 0.5900327 0.3555577 0.5289019
v 0.3624470 0.3544398 0.6041591
v 0.7751736 0.3537825 0.4703958
v 0.7761107 0.3564626 0.4737515
v -0.5520353 0.3471230 0.9214367
v -0.5540201 0.3499216 0.9272276
v -0.5725875 0.3497702 0.9625142
v -0.5743249 0.3470938 0.9594292
v -0.5380350 0.3472842 0.9130632
v -0.5340099 0.3500208 0.9145220
v -0.5380350 0.3472842 0.9130632
v -0.5472162 0.3437299 0.9217017
v -0.4891508 0.3440470 0.8838335
v -0.4906292 0.3475453 0.8815873
v 0.8947280 0.3543970 0.4783412
v 0.8949958 0.3569618 0.4819379
v 0.8608854 0.3568545 0.4659926
v 0.8610048 0.3541222 0.4625395
v 0.8184908 0.3539323 0.4611243
v 0.8188920 0.3566721 0.4646010
v -0.6251747 0.3464182 0.9784273
v 0.9403999 0.3540998 0.4660376
v 0.3583772 0.3517275 0.6018404
v 0.3564930 0.3544105 0.6061146
v -0.5463517 0.3500859 0.9229684
v 0.8947280 0.3543970 0.4783412
v 0.8941845 0.3507886 0.4807696
v 0.9403999 0.3540998 0.4660376
v 0.8610048 0.3541222 0.4625395
v 0.8391647 0.3505403 0.4644518
v 0.5888580 0.3528643 0.5256283
v 0.5895714 0.3493444 0.5281846
v 0.7754765 0.3502498 0.4730218
v 0.7751736 0.3537825 0.4703958
v 0.8184908 0.3539323 0.4611243
v -0.2319641 0.3488355 0.7926711
v -0.2310542 0.3453210 0.7951641
v 0.1114940 0.3469988 0.6851631
v 0.1106750 0.3505131 0.6826413
v 0.3592000 0.3482135 0.6043613
v 0.3583772 0.3517275 0.6018404
v -0.5743249 0.3470938 0.9594292
v -0.5721587 0.3435793 0.9610230
v -0.5520353 0.3471230 0.9214367
v -0.6251747 0.3464182 0.9784273
v 1.1076179 0.9896576 0.3661346
v 1.1115562 0.9904474 0.3680074
v 1.1001324 1.0351678 0.3632858
v 1.0961073 1.0344758 0.3614266
v 1.1185931 0.9297426 0.3804672
v 1.1223439 0.9312808 0.3822781
v 1.0842061 1.0855581 0.3552909
v 1.0801623 1.0847067 0.3534812
v 0.9625613 1.3539970 0.2966796
v 0.9666426 1.3551833 0.2983554
v 0.9291635 1.4290871 0.2777771
v 0.9250777 1.4278640 0.2761208
v 1.1250903 0.8969201 0.3949377
v 1.1316563 0.8659672 0.4135886
v 1.1351753 0.8682616 0.4151562
v 1.1287148 0.8988548 0.3966725
v 1.1446265 0.8077765 0.4534784
v 1.1483322 0.8093994 0.4553351
v 1.1483322 0.8093994 0.4553351
v 1.1446265 0.8077765 0.4534784
v 1.1461546 0.7515955 0.4614673
v 1.0961073 1.0344758 0.3614266
v 1.0941217 1.0348670 0.3653892
v 1.1055865 0.9902512 0.3700691
v 1.1076179 0.9896576 0.3661346
v 1.1164285 0.9305533 0.3842457
v 1.1185931 0.9297426 0.3804672
v 1.1250903 0.8969201 0.3949377
v 1.1224357 0.8970889 0.3996372
v 1.1316563 0.8659672 0.4135886
v 1.1292932 0.8670088 0.4171987
v 1.1423893 0.8083493 0.4573050
v 1.1446265 0.8077765 0.4534784
v 1.1446265 0.8077765 0.4534784
v 1.1423893 0.8083493 0.4573050
v 1.1461546 0.7515955 0.4614673
v 1.0294969 1.2102873 0.3300201
v 1.0335694 1.2112906 0.3317711
v 0.9128162 1.4610809 0.2688791
v 0.9074137 1.4619287 0.2669050
v 1.0801623 1.0847067 0.3534812
v 1.0780750 1.0855261 0.3573861
v 1.0294969 1.2102873 0.3300201
v 1.0273365 1.2112698 0.3338955
v 0.9625613 1.3539970 0.2966796
v 0.9603466 1.3551846 0.3004950
v 0.9250777 1.4278640 0.2761208
v 0.9231017 1.4286063 0.2800583
v 0.9074137 1.4619287 0.2669050
v 0.9064949 1.4611039 0.2710223
v 0.3682121 0.8479675 0.6279950
v 0.3721672 0.8480713 0.6299786
v 0.3708877 0.9170828 0.6263720
v 0.3669361 0.9167918 0.6244002
v 0.3657710 0.5720833 0.6226730
v 0.3697234 0.5718872 0.6246559
v 0.3721201 0.7602876 0.6303919
v 0.3681651 0.7603090 0.6284045
v 0.3682339 0.9829564 0.6187073
v 0.3644024 0.9813934 0.6169143
v 0.3583772 0.3517275 0.6018404
v 0.3624470 0.3544398 0.6041591
v 0.3644024 0.9813934 0.6169143
v 0.3623889 0.9830387 0.6206244
v 0.3649383 0.9170640 0.6283406
v 0.3669361 0.9167918 0.6244002
v 0.3662166 0.8480579 0.6319449
v 0.3682121 0.8479675 0.6279950
v 0.3681651 0.7603090 0.6284045
v 0.3661684 0.7602841 0.6323549
v 0.3637709 0.5718872 0.6266164
v 0.3657710 0.5720833 0.6226730
v 0.3564930 0.3544105 0.6061146
v 0.3583772 0.3517275 0.6018404
v 0.3652948 1.0374719 0.6097937
v 0.3613623 1.0367995 0.6078776
v 0.3222270 1.3487533 0.5137785
v 0.3261105 1.3499826 0.5155227
v 0.3125328 1.4168426 0.4899323
v 0.3085778 1.4159277 0.4880686
v 0.3433021 1.2073574 0.5616247
v 0.3472105 1.2083613 0.5634484
v 0.3572075 1.0831760 0.5967522
v 0.3611289 1.0840039 0.5986308
v 0.3572075 1.0831760 0.5967522
v 0.3551799 1.0839932 0.6006028
v 0.3593538 1.0373134 0.6117869
v 0.3613623 1.0367995 0.6078776
v 0.3433021 1.2073574 0.5616247
v 0.3412683 1.2083075 0.5654419
v 0.3222270 1.3487533 0.5137785
v 0.3201783 1.3498564 0.5175494
v 0.3085778 1.4159277 0.4880686
v 0.3066086 1.4166252 0.4919990
v 0.2989341 1.4540081 0.4743253
v 0.2974141 1.4530587 0.4786729
v 0.3033459 1.4532704 0.4766043
v 0.2989341 1.4540081 0.4743253
v -0.5691871 0.9026544 0.9295321
v -0.5651873 0.9031936 0.9314501
v -0.5576271 0.9716361 0.9173421
v -0.5615998 0.9709896 0.9153709
v -0.5755343 0.8318674 0.9399118
v -0.5712059 0.8324052 0.9416373
v -0.5530241 1.0433946 0.8937836
v -0.5493482 1.0456218 0.8954300
v -0.5479334 1.0730072 0.8811645
v -0.5512141 1.0714311 0.8785956
v -0.5773466 0.7415242 0.9527047
v -0.5730488 0.7426157 0.9534998
v -0.5622053 0.5620483 0.9503129
v -0.5578612 0.5623143 0.9510931
v -0.5380350 0.3472842 0.9130632
v -0.5340099 0.3500208 0.9145220
v -0.5581783 0.9981616 0.9083537
v -0.5542649 0.9986682 0.9103619
v -0.5512141 1.0714311 0.8785956
v -0.5543422 1.0729824 0.8813518
v -0.5557433 1.0428698 0.8981236
v -0.5530241 1.0433946 0.8937836
v -0.5362468 1.1131035 0.8505234
v -0.5412139 1.1084810 0.8565888
v -0.5603142 0.9990116 0.9121625
v -0.5581783 0.9981616 0.9083537
v -0.5615998 0.9709896 0.9153709
v -0.5637120 0.9714908 0.9192729
v -0.5712216 0.9029130 0.9335112
v -0.5691871 0.9026544 0.9295321
v -0.5770597 0.8337683 0.9435059
v -0.5755343 0.8318674 0.9399118
v -0.5782325 0.7410229 0.9571334
v -0.5773466 0.7415242 0.9527047
v -0.5629925 0.5616732 0.9546845
v -0.5622053 0.5620483 0.9503129
v -0.5393665 0.3499933 0.9179915
v -0.5380350 0.3472842 0.9130632
v 1.0390170 0.8943170 0.4249746
v 1.1164285 0.9305533 0.3842457
v 1.0430910 0.9282549 0.4070082
v 0.9687900 0.8569349 0.4496903
v 0.9177244 0.8569349 0.4565830
v 0.8944010 0.8648982 0.4621113
v 0.9611116 0.9585515 0.4260651
v 0.9842851 0.9505882 0.4200770
v 0.3649383 0.9170640 0.6283406
v 0.2829497 0.9252551 0.6541722
v 0.2828350 0.8455438 0.6592859
v 0.3662166 0.8480579 0.6319449
v 0.1367433 0.8680887 0.7059991
v 0.1446561 0.8441989 0.7045822
v 0.2129901 0.9821348 0.6697749
v 0.2122527 1.0105318 0.6650971
v 0.1653943 0.9378522 0.6911003
v 0.2135666 0.9378522 0.6753047
v 0.2454573 0.8680887 0.6703733
v 0.2448128 0.9059991 0.6683900
v 0.2155426 0.8362356 0.6813838
v 0.2382337 0.8441989 0.6739107
v 0.1673683 0.8362356 0.6971737
v 0.2365679 0.9298889 0.6687857
v 0.1361068 0.9059991 0.7040413
v 0.1429942 0.9298889 0.6994684
v 0.2122527 1.0105318 0.6650971
v 0.2810303 1.0117072 0.6423373
v 0.2781600 1.0150581 0.6393568
v 0.2135666 0.9378522 0.6753047
v 0.1653943 0.9378522 0.6911003
v 0.1794263 0.8870515 0.6522672
v 0.1429942 0.9298889 0.6994684
v 0.1361068 0.9059991 0.7040413
v 0.1367433 0.8680887 0.7059991
v 0.1446561 0.8441989 0.7045822
v 0.1673683 0.8362356 0.6971737
v 0.2155426 0.8362356 0.6813838
v 0.2382337 0.8441989 0.6739107
v 0.2454573 0.8680887 0.6703733
v 0.2448128 0.9059991 0.6683900
v 0.2365679 0.9298889 0.6687857
v 0.8909309 0.9505882 0.4514349
v 0.8846464 0.9266983 0.4578612
v 0.9270548 0.9076967 0.4031739
v 0.8857197 0.8887880 0.4611634
v 0.8944010 0.8648982 0.4621113
v 0.9177244 0.8569349 0.4565830
v 0.9687900 0.8569349 0.4496903
v 0.9919895 0.8648982 0.4437805
v 0.9974138 0.8887880 0.4347071
v 0.9934216 0.9266983 0.4224248
v 0.9842851 0.9505882 0.4200770
v 0.9611116 0.9585515 0.4260651
v 0.9130503 0.9585515 0.4422017
v 0.9130503 0.9585515 0.4422017
v 0.8530694 0.9254146 0.4679435
v 0.8846464 0.9266983 0.4578612
v 0.8909309 0.9505882 0.4514349
v 0.8857197 0.8887880 0.4611634
v 0.9919895 0.8648982 0.4437805
v 1.0269265 0.8568333 0.4418852
v 1.0577971 0.8746873 0.4293988
v 0.9934216 0.9266983 0.4224248
v 0.9974138 0.8887880 0.4347071
v 1.1224357 0.8970889 0.3996372
v -0.5393665 0.3499933 0.9179915
v -0.5380350 0.3472842 0.9130632
v -1.0696145 1.0148206 0.9032749
v -0.7607387 1.0452467 0.8271514
v -0.7891797 1.0480522 0.7876760
v -1.1006698 1.0286301 0.8676361
v -1.3759110 0.9742396 0.9787625
v -1.4233473 0.9964963 0.9504678
v -1.4599138 0.9614044 0.9994652
v -1.5113006 0.9856070 0.9730455
v -1.5376891 0.9339453 1.0186332
v -1.5927651 0.9585555 0.9939578
v -1.5750258 0.9027443 1.0278348
v -1.6472399 0.9029140 1.0079414
v -1.4196539 0.9327839 1.1525138
v -1.4249692 0.9298131 1.1500277
v -1.4529373 0.8988052 1.1613557
v -1.4515488 0.8977447 1.1643615
v -1.4249692 0.9298131 1.1500277
v -1.4286618 0.9320436 1.1502608
v -1.4546609 0.9027652 1.1611744
v -1.4529373 0.8988052 1.1613557
v -1.5119581 0.8984754 1.1317868
v -1.5111419 0.9025831 1.1326995
v -1.3635952 0.9560686 1.1333195
v -1.3631652 0.9568902 1.1370876
v -1.2938915 0.9696376 1.1185779
v -1.2949009 0.9685288 1.1150578
v -1.3664314 0.9589253 1.1322105
v -1.3635952 0.9560686 1.1333195
v -1.2949009 0.9685288 1.1150578
v -1.2966248 0.9714832 1.1134675
v -1.0138074 1.0058202 1.0278999
v -1.0147706 1.0050087 1.0244289
v -1.0147706 1.0050087 1.0244289
v -1.0159636 1.0080383 1.0228259
v -0.6854402 1.0331667 0.9212257
v -0.6890628 1.0325285 0.9188918
v -0.6890628 1.0325285 0.9188918
v -0.6910866 1.0354751 0.9178047
v -0.6267139 1.0442752 0.9003712
v -0.6335094 1.0419572 0.8986721
v -1.7604513 0.9026500 0.7682537
v -1.7602654 0.8984555 0.7680301
v -1.6481449 0.8987177 1.0064344
v -1.6472399 0.9029140 1.0079414
v -1.8287868 0.9026517 0.5909874
v -1.8285466 0.8984560 0.5909093
v -1.5750258 0.9027443 1.0278348
v -1.5763535 0.8986590 1.0263770
v -0.5784934 1.0729155 0.8816527
v -0.5827709 1.0707525 0.8795013
v -0.5362468 1.1131035 0.8505234
v -0.5412139 1.1084810 0.8565888
v -1.6472399 0.9029140 1.0079414
v -1.6481449 0.8987177 1.0064344
v -1.5763535 0.8986590 1.0263770
v -1.5750258 0.9027443 1.0278348
v -1.9005312 0.4544285 0.6143053
v -1.8849412 0.3697612 0.6092382
v -1.8262092 0.3697539 0.7688389
v -1.8384274 0.4532493 0.7847598
v -1.7905768 0.4524323 0.9011171
v -1.7496736 0.3697407 0.9501216
v -1.7809730 0.4410088 0.9227450
v -1.4322252 0.6693588 1.2010733
v -1.4309396 0.6735919 1.2035767
v -1.4874218 0.6736115 1.2040187
v -1.4870538 0.6694298 1.2015717
v -1.3734014 0.6693212 1.2171464
v -1.3728846 0.6734505 1.2193756
v -1.4013156 0.6735294 1.2089803
v -1.4022065 0.6691889 1.2066413
v -1.3209076 0.6700108 1.2448163
v -1.3192869 0.6734938 1.2473560
v -1.2560769 0.6705069 1.2308107
v -0.5670841 0.2455053 0.9364104
v -0.4866581 0.2454291 0.8670224
v -0.4771854 0.3266124 0.9163211
v -0.5721587 0.3435793 0.9610230
v -0.0630237 0.2481076 0.7261265
v -0.2199165 0.3269800 0.8279309
v 0.1221340 0.3274657 0.7178997
v 0.4684820 0.2487320 0.5527903
v 0.3697490 0.3278177 0.6369956
v 0.5996113 0.3281450 0.5608662
v 0.7662276 0.2486799 0.4592065
v 0.7850123 0.3284064 0.5055103
v 0.8824700 0.2483147 0.4589990
v 0.8941845 0.3507886 0.4807696
v 1.5619749 1.0427188 0.2014754
v 1.5605818 1.0451056 0.1981344
v 1.2848981 1.0455157 0.2945447
v 1.2864954 1.0429966 0.2978490
v 1.8547121 1.0422741 0.0957084
v 1.8531048 1.0446288 0.0924353
v 1.2421596 1.0581648 0.3095423
v 1.2458569 1.0581468 0.3048990
v 1.2199462 1.0855618 0.3052748
v 1.2172755 1.0864146 0.3093786
v 1.9372644 1.0421517 0.0602317
v 1.9353182 1.0444148 0.0571352
v 1.9785540 1.0420867 0.0326359
v 1.9758206 1.0441911 0.0302290
v 1.7426658 1.4061433 -0.0291620
v 1.7386273 1.4080807 -0.0313197
v 1.7024992 1.4089906 -0.0037851
v 1.7087080 1.4065206 -0.0029674
v 1.9920685 1.0420399 0.0055311
v 1.9886505 1.0441355 0.0045471
v 1.9883682 1.0420077 -0.0422746
v 1.9846465 1.0442142 -0.0455215
v 1.0330228 1.3538501 0.2727004
v 1.0099958 1.3856307 0.2662083
v 1.0065888 1.3860459 0.2707841
v 1.0305396 1.3550206 0.2766190
v 1.9127942 1.0419214 -0.4383900
v 1.9094810 1.0442264 -0.4376868
v 1.9736044 1.0442270 -0.1443824
v 1.9770416 1.0419706 -0.1445767
v 1.9770416 1.0419706 -0.1445767
v 1.9736044 1.0442270 -0.1443824
v 1.9846465 1.0442142 -0.0455215
v 1.9877730 1.0420044 -0.0485685
v 1.9353182 1.0444148 0.0571352
v 1.9758206 1.0441911 0.0302290
v 1.9766568 1.0480348 0.0318694
v 1.9380478 1.0481845 0.0576215
v 1.9886505 1.0441355 0.0045471
v 1.9902081 1.0479537 0.0048028
v 1.9846465 1.0442142 -0.0455215
v 1.9865291 1.0479487 -0.0429162
v 1.3922059 1.4181254 0.1223276
v 1.3926535 1.4139867 0.1204499
v 1.6328418 1.4102751 0.0309068
v 1.6320561 1.4145277 0.0327824
v 1.7018115 1.4133209 -0.0021536
v 1.7024992 1.4089906 -0.0037851
v 1.7386273 1.4080807 -0.0313197
v 1.7383136 1.4125284 -0.0302950
v 1.1283698 1.4219750 0.2125156
v 1.1287592 1.4178444 0.2106531
v 1.0207307 1.4233461 0.2490044
v 1.0221766 1.4193993 0.2466919
v 1.1317175 1.2115419 0.2981294
v 1.1341862 1.2105461 0.2941457
v 1.7501957 1.4076549 -0.0525911
v 1.7443052 1.4113656 -0.0395166
v 1.7087080 1.4065206 -0.0029674
v 1.7024992 1.4089906 -0.0037851
v 1.7617603 1.3311564 0.0146096
v 1.7661162 1.3323827 0.0151432
v 1.8178863 1.3287281 -0.0732934
v 1.8151124 1.3269200 -0.0762381
v 1.7471204 1.4075786 -0.0888597
v 1.7518282 1.4059341 -0.0856083
v 1.8511112 1.2043402 0.0386030
v 1.8468899 1.2031332 0.0379057
v 1.9143962 1.0869763 0.0522149
v 1.9185731 1.0880154 0.0529703
v 1.9676481 1.0876788 -0.0465209
v 1.9646324 1.0862650 -0.0494167
v 1.8997004 1.2023188 -0.0601803
v 1.9025768 1.2039353 -0.0572591
v 1.9353182 1.0444148 0.0571352
v 1.9380478 1.0481845 0.0576215
v 1.9865291 1.0479487 -0.0429162
v 1.9846465 1.0442142 -0.0455215
v 1.7377169 0.6742060 0.1739565
v 1.7379686 0.6307506 0.2109609
v 1.9554371 0.4993646 0.1065409
v 1.9202469 0.6307506 0.1269434
v 1.9894277 0.6307506 0.0940835
v 2.0285064 0.4993646 0.0544089
v 2.0349547 0.6307506 0.0630087
v 2.0417632 0.4993646 0.0153036
v 2.0500000 0.6307506 0.0332933
v 2.0403541 0.4993646 -0.0779999
v 2.0407779 0.5982485 -0.0723951
v 1.6970432 0.6738917 0.2168703
v 1.6797350 0.6307506 0.2547460
v 1.7161721 0.6741384 0.1925323
v 1.6696591 0.6736470 0.2652851
v 1.6108793 0.6767742 0.2920287
v 1.6696591 0.6736470 0.2652851
v 1.9936659 0.4993646 -0.3548233
v 1.9671646 0.5977010 -0.4435288
v 1.9150388 0.4993646 -0.6258030
v 1.9144505 0.5974249 -0.6256118
v 2.0419652 0.6307506 -0.0606552
v 2.0407779 0.5982485 -0.0723951
v 1.9600470 0.5978993 -0.1232596
v 1.9696937 0.5985084 -0.0533352
v 1.9144505 0.5974249 -0.6256118
v 1.8378575 0.5979081 -0.6007182
v 1.8897584 0.5979056 -0.4250444
v 1.9671646 0.5977010 -0.4435288
v 1.9353511 0.6767618 -0.2972701
v 1.9629219 0.6029838 -0.1238638
v 1.8925981 0.6029832 -0.4258258
v 1.9045100 0.6767618 -0.4296971
v 1.9748338 0.6767618 -0.1277353
v 1.9885380 0.6767618 -0.0294881
v 1.9722350 0.6029844 -0.0570994
v 1.9671646 0.5977010 -0.4435288
v 1.8897584 0.5979056 -0.4250444
v 1.9600470 0.5978993 -0.1232596
v 2.0407779 0.5982485 -0.0723951
v 2.0407779 0.5982485 -0.0723951
v 1.9915300 0.6746685 -0.0266066
v 2.0419652 0.6307506 -0.0606552
v 1.7825202 0.6798950 0.1498165
v 1.7819908 0.6757776 0.1468158
v 1.8896972 0.6758266 0.1027051
v 1.8907216 0.6798952 0.1055301
v 1.7368357 0.6798881 0.1721375
v 1.7360921 0.6757303 0.1692974
v 1.8925484 0.6741755 0.1066524
v 1.8896972 0.6758266 0.1027051
v 1.7819908 0.6757776 0.1468158
v 1.7847234 0.6742460 0.1508991
v 1.9496146 0.6742490 0.0797870
v 1.9458317 0.6757859 0.0763791
v 1.9054005 0.6758152 0.0953406
v 1.9860747 0.6745192 0.0532834
v 1.9813371 0.6756047 0.0509165
v 1.9883682 1.0420077 -0.0422746
v 1.9961583 0.9798538 -0.0350136
v 1.9930845 0.9763178 -0.0374822
v 1.9846465 1.0442142 -0.0455215
v 1.9971214 0.6747316 0.0261355
v 1.9918513 0.6754991 0.0253349
v 1.9915300 0.6746685 -0.0266066
v 1.9861275 0.6762077 -0.0251148
v 1.9877730 1.0420044 -0.0485685
v 1.9846465 1.0442142 -0.0455215
v 1.9930845 0.9763178 -0.0374822
v 1.9955791 0.9794426 -0.0412445
v 1.9977319 0.8460360 -0.0286294
v 2.0004775 0.8459491 -0.0320761
v 1.9991571 0.9071398 -0.0346624
v 1.9963388 0.9101996 -0.0313614
v 1.9930845 0.9763178 -0.0374822
v 1.9963388 0.9101996 -0.0313614
v 1.9989360 0.9134040 -0.0350841
v 1.9960060 0.9731866 -0.0406069
v 1.9861275 0.6762077 -0.0251148
v 1.9885380 0.6767618 -0.0294881
v 1.6952715 0.6798195 0.2162097
v 1.6939365 0.6759170 0.2139760
v 1.7127541 0.6756702 0.1893648
v 1.7138458 0.6798636 0.1918563
v 1.6672884 0.6798097 0.2668861
v 1.6668370 0.6766206 0.2637203
v 1.6108793 0.6767742 0.2920287
v 1.7360921 0.6757303 0.1692974
v 1.7377169 0.6742060 0.1739565
v 1.7127541 0.6756702 0.1893648
v 1.7161721 0.6741384 0.1925323
v 1.6696591 0.6736470 0.2652851
v 1.6668370 0.6766206 0.2637203
v 1.6108793 0.6767742 0.2920287
v 1.6939365 0.6759170 0.2139760
v 1.6970432 0.6738917 0.2168703
v 1.9629219 0.6029838 -0.1238638
v 1.9600470 0.5978993 -0.1232596
v 1.8897584 0.5979056 -0.4250444
v 1.8925981 0.6029832 -0.4258258
v 1.8378575 0.5979081 -0.6007182
v 1.8406605 0.6029830 -0.6016293
v 1.9696937 0.5985084 -0.0533352
v 1.9722350 0.6029844 -0.0570994
v 1.9054005 0.6758152 0.0953406
v 1.9041176 0.6798951 0.0992488
v 1.9243290 0.9619270 0.0803150
v 1.9243290 0.9619270 0.0803150
v 1.9271633 0.9616395 0.0756873
v 1.9444463 0.9740422 0.0666335
v 1.9456037 0.9780145 0.0689055
v 1.9847283 0.9753650 0.0394483
v 1.9867755 0.9789396 0.0410917
v 1.9160401 0.9096750 0.0907122
v 1.9176597 0.9094640 0.0865857
v 1.9203249 0.9397056 0.0819948
v 1.9187077 0.9411251 0.0859592
v 1.9135952 0.8459766 0.0957247
v 1.9151795 0.8458945 0.0915891
v 1.9041176 0.6798951 0.0992488
v 1.9054005 0.6758152 0.0953406
v 1.9973570 0.9760689 0.0134139
v 2.0001332 0.9795366 0.0136095
v 1.9930845 0.9763178 -0.0374822
v 1.9961583 0.9798538 -0.0350136
v 1.9726007 0.9102092 -0.1862480
v 1.9844032 0.9102055 -0.1329892
v 1.9875520 0.9071398 -0.1334023
v 1.9754756 0.9071397 -0.1878939
v 1.9175304 0.9102257 -0.4347561
v 1.8664090 0.9102315 -0.6099978
v 1.8693328 0.9134059 -0.6109480
v 1.9204810 0.9134057 -0.4356110
v 1.9873554 0.9134049 -0.1337479
v 1.9844032 0.9102055 -0.1329892
v 1.9726007 0.9102092 -0.1862480
v 1.9963388 0.9101996 -0.0313614
v 1.9991571 0.9071398 -0.0346624
v 1.9989360 0.9134040 -0.0350841
v 1.9963388 0.9101996 -0.0313614
v 1.9843542 0.9794447 -0.1387808
v 1.9815191 0.9761703 -0.1379829
v 1.9157395 0.9762019 -0.4363827
v 1.9185876 0.9794471 -0.4372332
v 1.9157395 0.9762019 -0.4363827
v 1.8652668 0.9762110 -0.6096264
v 1.8680981 0.9794476 -0.6105467
v 1.9185876 0.9794471 -0.4372332
v 1.9188577 0.9731850 -0.4370813
v 1.9157395 0.9762019 -0.4363827
v 1.9815191 0.9761703 -0.1379829
v 1.9847429 0.9731858 -0.1382635
v 1.9955791 0.9794426 -0.0412445
v 1.9930845 0.9763178 -0.0374822
v 1.9815191 0.9761703 -0.1379829
v 1.9843542 0.9794447 -0.1387808
v 1.9930845 0.9763178 -0.0374822
v 1.9960060 0.9731866 -0.0406069
v 1.9754756 0.9071397 -0.1878939
v 1.9715381 0.8459492 -0.2086605
v 1.9364788 0.6903339 -0.2977827
v 1.9353511 0.6767618 -0.2972701
v 1.9045100 0.6767618 -0.4296971
v 1.9058319 0.6900706 -0.4300985
v 1.8525724 0.6767617 -0.6055008
v 1.8538950 0.6897139 -0.6059305
v 1.9210647 0.7340976 -0.2537416
v 1.9149454 0.7117414 -0.2707264
v 1.9513719 0.7225743 -0.2465571
v 1.9426837 0.8989839 -0.2027227
v 1.9448112 0.6975499 -0.2649005
v 1.9748338 0.6767618 -0.1277353
v 1.9070980 0.7052948 -0.3021157
v 1.9175304 0.9102257 -0.4347561
v 1.9726007 0.9102092 -0.1862480
v 1.9426837 0.8989839 -0.2027227
v 1.8921560 0.8989839 -0.4369539
v 1.9754756 0.9071397 -0.1878939
v 1.9715381 0.8459492 -0.2086605
v 1.9426837 0.8989839 -0.2027227
v 1.9513719 0.7225743 -0.2465571
v 1.9210647 0.7340976 -0.2537416
v 1.9448112 0.6975499 -0.2649005
v 1.9149454 0.7117414 -0.2707264
v 1.9364788 0.6903339 -0.2977827
v 1.9070980 0.7052948 -0.3021157
v 1.9058319 0.6900706 -0.4300985
v 1.8781855 0.7050596 -0.4290958
v 1.8538950 0.6897139 -0.6059305
v 1.8285948 0.7047409 -0.5977077
v 1.9726007 0.9102092 -0.1862480
v 1.9754756 0.9071397 -0.1878939
v 1.9426837 0.8989839 -0.2027227
v -0.3625840 1.1768528 0.8050118
v -0.4525477 1.0724897 0.8645351
v -0.3558680 1.0787571 0.8387897
v -0.4816052 1.0044781 0.8907371
v -0.3548177 1.0078327 0.8514675
v 0.9603765 0.9017344 0.4734798
v 0.9595809 0.9237756 0.4710330
v 0.8652601 0.9237756 0.5016884
v 0.8660553 0.9017344 0.5041353
v 0.8436124 0.8898344 0.4677145
v 0.9561720 0.8930998 0.4605442
v 0.8507736 0.8924831 0.4892454
v 1.0572474 0.8966168 0.3958967
v 1.0564522 0.9186579 0.3934499
v 1.0648056 0.9218126 0.4191515
v 1.0656009 0.8997714 0.4215984
v 1.0501420 0.9257799 0.3961777
v 0.9548753 0.9290451 0.4565537
v 1.0570080 0.9284285 0.4178046
v 0.8356074 0.9186579 0.4652272
v 0.8364030 0.8966168 0.4676742
v 0.8447561 0.8997714 0.4933757
v 0.8439608 0.9218126 0.4909288
v 1.0546973 0.9017344 0.4428243
v 1.0539020 0.9237756 0.4403774
v 1.0583046 0.8924831 0.4217950
v 1.0500418 0.8939707 0.4378806
v 0.9584785 0.8939707 0.4676400
v 0.8494765 0.9284285 0.4852548
v 0.8656177 0.9299160 0.4934088
v 0.9571814 0.9299160 0.4636494
v 0.8669144 0.8939707 0.4973993
v 0.9584785 0.8939707 0.4676400
v 1.0487452 0.9299160 0.4338901
v 1.0514391 0.8898344 0.4001683
v 1.0583046 0.8924831 0.4217950
v 0.8507736 0.8924831 0.4892454
v 0.8436124 0.8898344 0.4677145
v 0.8423157 0.9257799 0.4637239
v 1.0500418 0.8939707 0.4378806
v 0.8669144 0.8939707 0.4973993
v 1.0514391 0.8898344 0.4001683
v 0.2128310 0.8815241 0.7184281
v 0.2120358 0.9035653 0.7159812
v 0.1177150 0.9035653 0.7466367
v 0.1185102 0.8815241 0.7490836
v 0.0960673 0.8696242 0.7126627
v 0.2086269 0.8728895 0.7054924
v 0.1032281 0.8722728 0.7341936
v 0.3097023 0.8764065 0.6408451
v 0.3089071 0.8984476 0.6383982
v 0.3172602 0.9016023 0.6640997
v 0.3180554 0.8795611 0.6665466
v 0.3025970 0.9055696 0.6411261
v 0.2073299 0.9088348 0.7015020
v 0.3094629 0.9082182 0.6627527
v 0.0880623 0.8984476 0.7101755
v 0.0888575 0.8764065 0.7126224
v 0.0972110 0.8795611 0.7383239
v 0.0964158 0.9016023 0.7358771
v 0.3071518 0.8815241 0.6877726
v 0.3063566 0.9035653 0.6853257
v 0.3107595 0.8722728 0.6667433
v 0.3024967 0.8737605 0.6828289
v 0.2109330 0.8737605 0.7125882
v 0.1019314 0.9082182 0.7302031
v 0.1180722 0.9097058 0.7383571
v 0.2096360 0.9097058 0.7085977
v 0.1193693 0.8737605 0.7423476
v 0.2109330 0.8737605 0.7125882
v 0.3011997 0.9097058 0.6788384
v 0.3038936 0.8696242 0.6451165
v 0.3107595 0.8722728 0.6667433
v 0.1032281 0.8722728 0.7341936
v 0.0960673 0.8696242 0.7126627
v 0.0947702 0.9055696 0.7086723
v 0.3024967 0.8737605 0.6828289
v 0.1193693 0.8737605 0.7423476
v 0.3038936 0.8696242 0.6451165
v -0.4919982 0.9968038 0.8876708
v -0.3510492 1.0005994 0.8443454
v -0.3548177 1.0078327 0.8514675
v -0.4816052 1.0044781 0.8907371
v -0.3510492 1.0005994 0.8443454
v -0.3522086 1.0767450 0.8306177
v -0.3558680 1.0787571 0.8387897
v -0.3548177 1.0078327 0.8514675
v -0.3598579 1.1888613 0.7921216
v -0.3625840 1.1768528 0.8050118
v -0.3598579 1.1888613 0.7921216
v -0.4591321 1.0737150 0.8580791
v -0.4525477 1.0724897 0.8645351
v -0.3625840 1.1768528 0.8050118
v -0.4919982 0.9968038 0.8876708
v -0.4816052 1.0044781 0.8907371
v 0.2253235 1.5155855 0.4201803
v 0.2196311 1.5170828 0.4020642
v 0.1169898 1.5080439 0.4387806
v 0.1236904 1.5067350 0.4572470
v 0.8351029 1.5264899 0.2125747
v 0.8295784 1.5278386 0.1959955
v 0.5234077 1.5262080 0.2985692
v 0.5287673 1.5248170 0.3158372
v 1.2085086 1.5214500 0.0693670
v 0.9431188 1.5269609 0.1579560
v 0.9486899 1.5256266 0.1742846
v 1.2135894 1.5201455 0.0853879
v 1.5666100 1.4997580 -0.0346775
v 1.5626274 1.5008508 -0.0494477
v 1.6085322 1.4946437 -0.0501666
v 1.6048051 1.4956671 -0.0639927
v 0.2156324 1.4768626 0.3911355
v -0.0120358 1.4567921 0.4725742
v 0.1169898 1.5080439 0.4387806
v 0.2178731 1.4994000 0.3972594
v 0.0007287 1.4544632 0.5078509
v 0.1236904 1.5067350 0.4572470
v 0.1169898 1.5080439 0.4387806
v -0.0120358 1.4567921 0.4725742
v 0.2270425 1.4741493 0.4253104
v 0.2260793 1.4973681 0.4224358
v 0.1236904 1.5067350 0.4572470
v 0.0007287 1.4544632 0.5078509
v 1.5887141 1.4566848 -0.0365568
v 1.6673083 1.4436270 -0.0675280
v 1.6085322 1.4946437 -0.0501666
v 1.5673620 1.4814987 -0.0324238
v 1.6673083 1.4436270 -0.0675280
v 1.6599466 1.4456747 -0.0957373
v 1.6048051 1.4956671 -0.0639927
v 1.6085322 1.4946437 -0.0501666
v 1.5791997 1.4591454 -0.0673063
v 1.5609314 1.4831977 -0.0542710
v 1.6048051 1.4956671 -0.0639927
v 1.6599466 1.4456747 -0.0957373
v 0.8257163 1.4876661 0.1850239
v 0.8278801 1.5101768 0.1911718
v 0.9414239 1.5093001 0.1531313
v 0.9392643 1.4867908 0.1469820
v 0.9502432 1.4841377 0.1794675
v 0.9493727 1.5073860 0.1765633
v 0.8357895 1.5082505 0.2148523
v 0.8366642 1.4850035 0.2177550
v 0.1169898 1.5080439 0.4387806
v 0.2196311 1.5170828 0.4020642
v 0.2178731 1.4994000 0.3972594
v 0.2260793 1.4973681 0.4224358
v 0.2253235 1.5155855 0.4201803
v 0.1236904 1.5067350 0.4572470
v 0.5287673 1.5248170 0.3158372
v 0.2253235 1.5155855 0.4201803
v 0.2260793 1.4973681 0.4224358
v 0.5294704 1.5065812 0.3181092
v 0.8351029 1.5264899 0.2125747
v 0.5287673 1.5248170 0.3158372
v 0.5294704 1.5065812 0.3181092
v 0.8357895 1.5082505 0.2148523
v 1.5666100 1.4997580 -0.0346775
v 1.2135894 1.5201455 0.0853879
v 1.2142675 1.5019027 0.0876680
v 1.5673620 1.4814987 -0.0324238
v 1.6085322 1.4946437 -0.0501666
v 1.5666100 1.4997580 -0.0346775
v 1.5673620 1.4814987 -0.0324238
v 1.5609314 1.4831977 -0.0542710
v 1.5626274 1.5008508 -0.0494477
v 1.6048051 1.4956671 -0.0639927
v 1.2068218 1.5037909 0.0645400
v 1.2085086 1.5214500 0.0693670
v 1.5626274 1.5008508 -0.0494477
v 1.5609314 1.4831977 -0.0542710
v 0.9431188 1.5269609 0.1579560
v 1.2085086 1.5214500 0.0693670
v 1.2068218 1.5037909 0.0645400
v 0.9414239 1.5093001 0.1531313
v 0.2196311 1.5170828 0.4020642
v 0.5234077 1.5262080 0.2985692
v 0.5216949 1.5085425 0.2937502
v 0.2178731 1.4994000 0.3972594
v 1.2135894 1.5201455 0.0853879
v 0.9486899 1.5256266 0.1742846
v 0.9493727 1.5073860 0.1765633
v 1.2142675 1.5019027 0.0876680
v 0.8295784 1.5278386 0.1959955
v 0.9431188 1.5269609 0.1579560
v 0.9486899 1.5256266 0.1742846
v 0.8351029 1.5264899 0.2125747
v 0.5216949 1.5085425 0.2937502
v 0.5234077 1.5262080 0.2985692
v 0.8295784 1.5278386 0.1959955
v 0.8278801 1.5101768 0.1911718
v 0.2270425 1.4741493 0.4253104
v 0.2156324 1.4768626 0.3911355
v 0.2178731 1.4994000 0.3972594
v 0.2260793 1.4973681 0.4224358
v 0.2260793 1.4973681 0.4224358
v 0.2178731 1.4994000 0.3972594
v 0.5216949 1.5085425 0.2937502
v 0.5294704 1.5065812 0.3181092
v 0.8278801 1.5101768 0.1911718
v 0.8357895 1.5082505 0.2148523
v 0.8357895 1.5082505 0.2148523
v 0.8278801 1.5101768 0.1911718
v 0.8257163 1.4876661 0.1850239
v 0.8366642 1.4850035 0.2177550
v 1.5609314 1.4831977 -0.0542710
v 1.5791997 1.4591454 -0.0673063
v 1.5887141 1.4566848 -0.0365568
v 1.5673620 1.4814987 -0.0324238
v 1.5609314 1.4831977 -0.0542710
v 1.5673620 1.4814987 -0.0324238
v 1.2142675 1.5019027 0.0876680
v 1.2068218 1.5037909 0.0645400
v 0.9493727 1.5073860 0.1765633
v 0.9414239 1.5093001 0.1531313
v 0.9414239 1.5093001 0.1531313
v 0.9493727 1.5073860 0.1765633
v 0.9502432 1.4841377 0.1794675
v 0.9392643 1.4867908 0.1469820
v -0.4985172 0.6211168 0.9301769
v -0.2272574 0.6211168 0.8365833
v -0.2314451 0.6489157 0.8236986
v -0.5115180 0.6489157 0.9202439
v -0.5052741 0.5701183 0.9154441
v -0.2322185 0.5701183 0.8213190
v -0.2272574 0.6211168 0.8365833
v -0.4985172 0.6211168 0.9301769
v 0.6217712 0.6211168 0.5595261
v 0.6175740 0.6489157 0.5466126
v 0.3686906 0.6489157 0.6291046
v 0.3845591 0.6211168 0.6380492
v 0.6168591 0.5701183 0.5444131
v 0.6217712 0.6211168 0.5595261
v 0.3845591 0.6211168 0.6380492
v 0.3678545 0.5701184 0.6265312
v 0.8063601 0.6211167 0.5053893
v 0.8171620 0.6211167 0.4870242
v 0.8134391 0.6489156 0.4889004
v 0.8020597 0.5701183 0.4899066
v 0.3605678 0.6211168 0.6459497
v 0.3686906 0.6489157 0.6291046
v 0.1200965 0.6489157 0.7105706
v 0.1242600 0.6211168 0.7233808
v 0.3605678 0.6211168 0.6459497
v 0.1242600 0.6211168 0.7233808
v 0.1192523 0.5701183 0.7079732
v 0.3845591 0.6211168 0.6380492
v 0.3686906 0.6489157 0.6291046
v 0.3678545 0.5701184 0.6265312
v 0.3678545 0.5701184 0.6265312
v 0.3686906 0.6489157 0.6291046
v 0.3605678 0.6211168 0.6459497
v 0.8063601 0.6211167 0.5053893
v 0.8134391 0.6489156 0.4889004
v 0.8020597 0.5701183 0.4899066
v 0.8063601 0.6211167 0.5053893
v -0.5115180 0.6489157 0.9202439
v -0.5158414 0.6211168 0.9208187
v -0.4985172 0.6211168 0.9301769
v -0.5052741 0.5701183 0.9154441
v -0.2223083 1.0380742 1.0270798
v -0.3002675 1.0500729 1.0500938
v -0.2883713 1.0350279 1.0482790
v -0.2375892 1.1406887 1.0084979
v -0.3298862 1.1531037 0.8964077
v -0.3657565 1.1519739 0.9300375
v -0.2819204 1.1416886 1.0225562
v -0.3339988 1.0151178 0.8913968
v -0.2977487 1.0237249 1.0333419
v -0.3874543 1.0155500 0.9311762
v -0.2985872 1.1294551 1.0354133
v -0.3837302 1.1400252 0.9390164
v -0.3993531 1.0431498 0.9478936
v -0.3104738 1.0506419 1.0461888
v -0.3427998 1.0133562 0.8859388
v -0.3505524 1.0121765 0.8802168
v -0.3491513 1.0426980 0.8825170
v -0.3385571 1.0215362 0.8858631
v -0.3427998 1.0133562 0.8859388
v -0.3935758 1.0139881 0.9210423
v -0.3988387 1.0121765 0.9096264
v -0.3505524 1.0121765 0.8802168
v -0.4017109 1.0456780 0.9362120
v -0.3968749 1.0461641 0.9128503
v -0.3824664 1.1407835 0.9283919
v -0.3383012 1.1416725 0.8861932
v -0.3491513 1.0426980 0.8825170
v -0.3706158 1.0073456 0.8450176
v -0.3782887 1.0403504 0.8324194
v -0.4476616 1.0088555 0.8759058
v -0.3706158 1.0073456 0.8450176
v -0.4694390 1.0403504 0.8617368
v -0.3968749 1.0461641 0.9128503
v -0.3491513 1.0426980 0.8825170
v -0.3782887 1.0403504 0.8324194
v -0.4694390 1.0403504 0.8617368
v -0.3997777 1.0371509 0.9399218
v -0.2990691 1.0351359 1.0448726
v -0.2279834 1.1266565 1.0201804
v -0.2884715 1.1285619 1.0392374
v -0.2292258 1.0253486 1.0186649
v -0.2875795 1.0243236 1.0371344
v -0.2920724 1.1425213 1.0187714
v -0.3668864 1.1511386 0.9407277
v -0.3383012 1.1416725 0.8861932
v -0.3339988 1.0151178 0.8913968
v -0.2420633 1.0330285 1.0206905
v -0.2502768 1.1330570 1.0109225
v -0.2431825 1.1228892 1.0193450
v -0.2379499 1.0404548 1.0255765
v -0.2279834 1.1266565 1.0201804
v -0.2223083 1.0380742 1.0270798
v -0.2248133 1.0391552 1.0240323
v -0.2302501 1.1249457 1.0174239
v -0.2292258 1.0253486 1.0186649
v -0.2304234 1.0288360 1.0172084
v -0.3339988 1.0151178 0.8913968
v -0.3331241 1.0188243 0.8924587
v -0.3385571 1.0215362 0.8858631
v -0.3361562 1.0230937 0.8887780
v -0.3383012 1.1416725 0.8861932
v -0.3359087 1.1400647 0.8890974
v -0.3298862 1.1531037 0.8964077
v -0.3290657 1.1493608 0.8974038
v -0.2375892 1.1406887 1.0084979
v -0.2386552 1.1372231 1.0072020
v -0.2302501 1.1249457 1.0174239
v -0.2248133 1.0391552 1.0240323
v -0.2379499 1.0404548 1.0255765
v -0.2431825 1.1228892 1.0193450
v -0.2304234 1.0288360 1.0172084
v -0.2420633 1.0330285 1.0206905
v -0.3331241 1.0188243 0.8924587
v -0.3448692 1.0241229 0.8988902
v -0.3361562 1.0230937 0.8887780
v -0.3359087 1.1400647 0.8890974
v -0.3452387 1.1381320 0.8984729
v -0.3290657 1.1493608 0.8974038
v -0.3401793 1.1448611 0.9044511
v -0.2386552 1.1372231 1.0072020
v -0.2502768 1.1330570 1.0109225
v -0.3448692 1.0241229 0.8988902
v -0.3452387 1.1381320 0.8984729
v -0.3401793 1.1448611 0.9044511
v -0.9542916 0.2238735 0.8240253
v -0.9659671 0.1835733 0.9289248
v -1.0988368 0.1835733 0.9721091
v -1.1699539 0.2238736 0.8941182
v -0.9245708 0.2238735 0.9154705
v -1.1402327 0.2238736 0.9855635
v -1.0988368 0.1835733 0.9721091
v -0.9659671 0.1835733 0.9289248
v -0.9245708 0.3202450 0.9154705
v -1.1402327 0.3202450 0.9855635
v -0.9245708 0.2238735 0.9154705
v -0.9659671 0.1835733 0.9289248
v -0.9542916 0.2238735 0.8240253
v -1.1699539 0.2238736 0.8941182
v -1.0988368 0.1835733 0.9721091
v -1.1402327 0.2238736 0.9855635
v -1.1699539 0.2238736 0.8941182
v -1.3220080 0.2238736 0.4262779
v -1.1063457 0.2238735 0.3561850
v -0.9542916 0.2238735 0.8240253
v 1.3162724 0.2286009 0.0883810
v 1.3095572 0.1760276 0.1921218
v 1.1921815 0.1760276 0.2302702
v 1.1257581 0.2286010 0.1503008
v 1.3461267 0.2286009 0.1802360
v 1.1556124 0.2286010 0.2421560
v 1.1921815 0.1760276 0.2302702
v 1.3095572 0.1760276 0.1921218
v 1.3461267 0.3543215 0.1802360
v 1.3461267 0.2286009 0.1802360
v 1.3095572 0.1760276 0.1921218
v 1.3162724 0.2286009 0.0883810
v 1.1257581 0.2286010 0.1503008
v 1.1921815 0.1760276 0.2302702
v 1.1556124 0.2286010 0.2421560
v 1.3162724 0.2286009 0.0883810
v 1.1257581 0.2286010 0.1503008
v 1.1635371 0.2286009 -0.3815556
v -1.3503449 0.3470664 1.2109181
v -1.3660432 0.2622762 1.1827945
v -1.4372287 0.2622762 0.9637717
v -1.4207222 0.4190422 0.9584070
v -1.2560769 0.6705069 1.2308107
v -1.2915008 0.5977612 1.2376040
v -1.3401788 0.6700071 0.9322294
v -1.1852456 0.7224345 1.2125269
v -1.2442764 0.6893260 1.2282876
v -0.9732940 0.7536064 1.1484226
v -1.0718988 0.7536064 0.8450349
v -0.7786658 0.7375344 1.0847957
v -0.8242314 0.7028223 0.7645399
v -0.6813875 0.6609499 1.0462344
v -0.7199158 0.7099826 1.0632490
v -0.6449669 0.5318683 1.0205757
v -0.7222127 0.4391433 0.7313826
v -0.6251747 0.3464182 0.9784273
v 1.1461546 0.7515955 0.4614673
v 1.0719049 0.7236430 0.4821307
v 0.9838831 0.7168882 0.1768797
v 1.0273774 0.6754259 0.4909672
v 0.9757645 0.5399341 0.4921980
v 0.8717010 0.4470169 0.2133404
v 0.9403999 0.3540998 0.4660376
v 1.3267323 0.7715652 0.4031972
v 1.2274478 0.7715652 0.0977183
v 1.5059980 0.7582948 0.3399831
v 1.4712966 0.7199333 0.0184642
v 1.5925054 0.7075284 0.3025795
v 1.5590625 0.7371358 0.3184739
v 1.6217699 0.6307506 0.2800865
v 1.6108793 0.6767742 0.2920287
v 1.5455089 0.5650576 -0.0056556
v 1.6418818 0.3180271 0.1807870
v 1.6447460 0.4993646 0.2485746
v 1.5778678 0.3180271 -0.0161725
v 0.9279587 0.2483487 0.4428923
v 0.8824700 0.2483147 0.4589990
v 0.8551043 0.2483486 0.2187345
v 0.9279587 0.2483487 0.4428923
v 0.8551043 0.2483486 0.2187345
v 0.7662276 0.2486799 0.4592065
v 0.4684820 0.2487320 0.5527903
v 0.1413815 0.2484198 0.4507035
v -0.0630237 0.2481076 0.7261265
v -0.4866581 0.2454291 0.8670224
v -0.6948248 0.2437775 0.7224812
v -0.5670841 0.2455053 0.9364104
v -0.6201639 0.2437775 0.9521987
v -0.6948248 0.2437775 0.7224812
v -0.6201639 0.2437775 0.9521987
v -1.3202237 0.4910181 1.2316472
v 1.5455089 0.5650576 -0.0056556
v 1.4712966 0.7199333 0.0184642
v 0.9838831 0.7168882 0.1768797
v 0.8717010 0.4470169 0.2133404
v 0.8551043 0.2483486 0.2187345
v 1.5778678 0.3180271 -0.0161725
v -1.4207222 0.4190422 0.9584070
v -0.7222127 0.4391433 0.7313826
v -0.8242314 0.7028223 0.7645399
v -1.3401788 0.6700071 0.9322294
v -1.4372287 0.2622762 0.9637717
v -0.6948248 0.2437775 0.7224812
v -1.0718988 0.7536064 0.8450349
v 1.2274478 0.7715652 0.0977183
v 1.5778678 0.3180271 -0.0161725
v 1.8934159 0.3439962 0.0769897
v 1.7409544 0.3281044 0.1427401
v 1.6418818 0.3180271 0.1807870
v 1.9579409 0.3551478 -0.0948059
v 1.9624017 0.3521910 0.0170903
v -1.3660432 0.2622762 1.1827945
v -1.4334657 0.2637819 1.2037354
v -1.5864516 0.2667831 1.1882726
v -1.4372287 0.2622762 0.9637717
v -1.6407286 0.2675992 1.1450549
v -1.7476459 0.2686221 0.9712479
v -0.0056125 0.2484198 -0.0015672
v 0.7081107 0.2483486 -0.2335363
v -0.8418188 0.2437775 0.2702103
v 1.4308738 0.3180271 -0.4684432
v -1.5842223 0.2622762 0.5115009
v 1.9230116 0.3587633 -0.3544221
v -1.8951972 0.2694070 0.6125717
v 1.3893991 0.3581043 -0.1158280
v 1.3910990 0.3743191 -0.1091434
v 1.9765321 0.3239500 -0.2001058
v 1.9685248 0.3079791 -0.2057789
v 1.3938331 0.3834020 -0.0942935
v 1.9831639 0.3328822 -0.1858817
v 1.3938331 0.3834020 -0.0942935
v 1.3965565 0.3818840 -0.0769509
v 1.9858873 0.3313641 -0.1685391
v 1.9831639 0.3328822 -0.1858817
v 1.3982296 0.3703446 -0.0637397
v 1.9836627 0.3199755 -0.1547025
v 1.3982128 0.3531916 -0.0597060
v 1.9773392 0.3030666 -0.1496567
v 1.3965137 0.3369771 -0.0663910
v 1.9693326 0.2870959 -0.1553298
v 1.3937796 0.3278940 -0.0812407
v 1.9627000 0.2781635 -0.1695541
v 1.3910561 0.3294121 -0.0985833
v 1.9599766 0.2796816 -0.1868969
v 1.3893823 0.3409514 -0.1117945
v 1.9622020 0.2910702 -0.2007333
v 1.9685248 0.3079791 -0.2057789
v 1.9765321 0.3239500 -0.2001058
v 1.9760876 0.3216771 -0.1973445
v 1.9690679 0.3076762 -0.2023176
v 1.9831639 0.3328822 -0.1858817
v 1.9819016 0.3295075 -0.1848746
v 1.9858873 0.3313641 -0.1685391
v 1.9842892 0.3281768 -0.1696713
v 1.9836627 0.3199755 -0.1547025
v 1.9823392 0.3181929 -0.1575412
v 1.9773392 0.3030666 -0.1496567
v 1.9767952 0.3033695 -0.1531179
v 1.9693326 0.2870959 -0.1553298
v 1.9697756 0.2893686 -0.1580909
v 1.9627000 0.2781635 -0.1695541
v 1.9639623 0.2815381 -0.1705610
v 1.9599766 0.2796816 -0.1868969
v 1.9615747 0.2828690 -0.1857645
v 1.9599766 0.2796816 -0.1868969
v 1.9622020 0.2910702 -0.2007333
v 1.9635255 0.2928528 -0.1978946
v 1.9615747 0.2828690 -0.1857645
v 1.9690679 0.3076762 -0.2023176
v 1.9760876 0.3216771 -0.1973445
v 1.4431147 0.3537408 -0.0956782
v 1.9819016 0.3295075 -0.1848746
v 1.9842892 0.3281768 -0.1696713
v 1.9823392 0.3181929 -0.1575412
v 1.9767952 0.3033695 -0.1531179
v 1.9697756 0.2893686 -0.1580909
v 1.9639623 0.2815381 -0.1705610
v 1.9615747 0.2828690 -0.1857645
v 1.9615747 0.2828690 -0.1857645
v 1.9635255 0.2928528 -0.1978946
v -1.5119581 0.8984754 1.1317868
v -1.5153104 0.8976871 1.1342263
v -1.4515488 0.8977447 1.1643615
v -1.4529373 0.8988052 1.1613557
v -1.5153104 0.8976871 1.1342263
v -1.5119581 0.8984754 1.1317868
v -1.5763535 0.8986590 1.0263770
v -1.5779948 0.8976128 1.0316881
v -1.6821034 0.6898569 1.0573227
v -1.6661910 0.6850172 1.0870626
v -1.6274944 0.7777976 1.0782021
v -1.6443440 0.7865616 1.0480246
v -1.6235527 0.6734909 1.1658944
v -1.6207214 0.6853128 1.1632170
v -1.6794091 0.6740237 1.0734211
v -1.5701604 0.6735752 1.1986889
v -1.5691839 0.6857541 1.1962775
v -1.4968279 0.6859114 1.2018971
v -1.4874218 0.6736115 1.2040187
v -1.4320443 0.7808623 1.1883633
v -1.4514712 0.7777976 1.1882956
v -1.4438823 0.7927078 1.1862654
v -1.5188164 0.7927078 1.1845560
v -1.5202703 0.7777976 1.1880743
v -1.3964483 0.8545765 1.1736826
v -1.4005196 0.8835166 1.1663813
v -1.3764752 0.8977529 1.1623873
v -1.4515488 0.8977447 1.1643615
v -1.4530108 0.8835166 1.1693531
v -1.5153104 0.8976871 1.1342263
v -1.5205254 0.8835166 1.1397130
v -1.5779948 0.8976128 1.0316881
v -1.5665266 0.8835165 1.0628551
v -1.6203883 0.7927078 1.0764256
v -1.5879242 0.8485512 1.0682293
v -1.6080633 0.8517572 1.0390951
v -1.5808728 0.7777976 1.1571490
v -1.5768071 0.7927078 1.1530555
v -1.4514712 0.7777976 1.1882956
v -1.5202703 0.7777976 1.1880743
v -1.5252363 0.7651244 1.1768411
v -1.4621143 0.7651244 1.1805143
v -1.5808728 0.7777976 1.1571490
v -1.5777481 0.7651244 1.1509463
v -1.6274944 0.7777976 1.0782021
v -1.6205596 0.7651244 1.0797679
v -1.6274944 0.7777976 1.0782021
v -1.6661910 0.6850172 1.0870626
v -1.6513817 0.6912684 1.0867577
v -1.6205596 0.7651244 1.0797679
v -1.6661910 0.6850172 1.0870626
v -1.6207214 0.6853128 1.1632170
v -1.6129945 0.6917529 1.1525023
v -1.6513817 0.6912684 1.0867577
v -1.5691839 0.6857541 1.1962775
v -1.5629839 0.6925001 1.1858158
v -1.4968279 0.6859114 1.2018971
v -1.4976541 0.6927616 1.1917438
v -1.4968279 0.6859114 1.2018971
v -1.4514712 0.7777976 1.1882956
v -1.4621143 0.7651244 1.1805143
v -1.4976541 0.6927616 1.1917438
v -1.5188164 0.7927078 1.1845560
v -1.4438823 0.7927078 1.1862654
v -1.4455359 0.7976231 1.1760327
v -1.5131091 0.7984651 1.1735882
v -1.4438823 0.7927078 1.1862654
v -1.4005196 0.8835166 1.1663813
v -1.4114481 0.8701136 1.1604676
v -1.4455359 0.7976231 1.1760327
v -1.4005196 0.8835166 1.1663813
v -1.4530108 0.8835166 1.1693531
v -1.4709260 0.8701136 1.1551007
v -1.4114481 0.8701136 1.1604676
v -1.5205254 0.8835166 1.1397130
v -1.5193014 0.8701136 1.1349312
v -1.5665266 0.8835165 1.0628551
v -1.5592606 0.8701136 1.0644479
v -1.5665266 0.8835165 1.0628551
v -1.5879242 0.8485512 1.0682293
v -1.5592606 0.8701136 1.0644479
v -1.6203883 0.7927078 1.0764256
v -1.6049662 0.7967539 1.0760346
v -1.6203883 0.7927078 1.0764256
v -1.5768071 0.7927078 1.1530555
v -1.5691399 0.7985804 1.1416313
v -1.6049662 0.7967539 1.0760346
v -1.6442013 0.7854634 1.0429928
v -1.6821080 0.6877268 1.0526184
v -1.6821034 0.6898569 1.0573227
v -1.6443440 0.7865616 1.0480246
v -1.6821034 0.6898569 1.0573227
v -1.6821080 0.6877268 1.0526184
v -1.6787420 0.6690924 1.0717519
v -1.6794091 0.6740237 1.0734211
v -1.6080633 0.8517572 1.0390951
v -1.6080446 0.8504082 1.0340997
v -1.6442013 0.7854634 1.0429928
v -1.6443440 0.7865616 1.0480246
v -1.5779948 0.8976128 1.0316881
v -1.5763535 0.8986590 1.0263770
v -1.6080446 0.8504082 1.0340997
v -1.6080633 0.8517572 1.0390951
v -1.6794091 0.6740237 1.0734211
v -1.6787420 0.6690924 1.0717519
v -1.6222625 0.6691321 1.1645932
v -1.6235527 0.6734909 1.1658944
v -1.6235527 0.6734909 1.1658944
v -1.6222625 0.6691321 1.1645932
v -1.5694390 0.6693152 1.1965645
v -1.5701604 0.6735752 1.1986889
v -1.5701604 0.6735752 1.1986889
v -1.5694390 0.6693152 1.1965645
v -1.4870538 0.6694298 1.2015717
v -1.4874218 0.6736115 1.2040187
v 1.9977319 0.8460360 -0.0286294
v 1.9963388 0.9101996 -0.0313614
v 1.9986552 0.9050486 -0.0148192
v 1.9999022 0.8520954 -0.0125785
v 1.9176597 0.9094640 0.0865857
v 1.9151795 0.8458945 0.0915891
v 1.9308996 0.8512025 0.0855842
v 1.9330378 0.9030701 0.0818406
v 1.9054005 0.6758152 0.0953406
v 1.9458317 0.6757859 0.0763791
v 1.9460780 0.6922355 0.0766935
v 1.9215841 0.6922467 0.0886935
v 1.9813371 0.6756047 0.0509165
v 1.9820217 0.6920425 0.0512934
v 1.9918513 0.6754991 0.0253349
v 1.9929728 0.6919141 0.0255482
v 1.9861275 0.6762077 -0.0251148
v 1.9893673 0.6923760 -0.0091337
v 1.9254688 0.7600980 0.0871675
v 1.9263317 0.7717176 0.0873815
v 1.9496353 0.9044755 0.0762593
v 1.9907068 0.9044697 0.0484650
v 1.9898929 0.9160259 0.0477295
v 1.9486943 0.9160183 0.0754205
v 2.0039988 0.9044647 0.0206477
v 2.0033187 0.9160649 0.0205462
v 1.9979422 0.9166599 -0.0155392
v 1.9930845 0.9763178 -0.0374822
v 1.9961636 0.9598411 -0.0195750
v 1.9973570 0.9760689 0.0134139
v 1.9989612 0.9596791 0.0136480
v 1.9847283 0.9753650 0.0394483
v 1.9867564 0.9590734 0.0407343
v 1.9444463 0.9740422 0.0666335
v 1.9503200 0.9580801 0.0670282
v 1.9271633 0.9616395 0.0756873
v 1.9402778 0.9508608 0.0724314
v 1.9203249 0.9397056 0.0819948
v 1.9356411 0.9356377 0.0771473
v 1.9338632 0.9147715 0.0805124
v 1.9918214 0.8517523 0.0511638
v 1.9505839 0.8517487 0.0788948
v 1.9507958 0.8401412 0.0790000
v 1.9917954 0.8401459 0.0511819
v 1.9302187 0.8395732 0.0858391
v 1.9483417 0.7603815 0.0777272
v 1.9484350 0.7719964 0.0779873
v 1.9866646 0.7602912 0.0511022
v 1.9871266 0.7718975 0.0513977
v 1.9985565 0.7602387 0.0244655
v 1.9993391 0.7718297 0.0246154
v 1.9939765 0.7606471 -0.0105401
v 1.9949388 0.7722251 -0.0108018
v 1.9995503 0.8404963 -0.0122073
v 2.0051700 0.8517567 0.0235913
v 2.0049359 0.8401529 0.0235358
v -0.6406828 1.0754090 0.8409977
v -0.7055372 0.9895680 0.8688208
v -0.6663296 0.9838605 0.9093391
v -0.5827709 1.0707525 0.8795013
v -0.9228569 1.0034664 0.4952079
v -0.8540222 1.0872114 0.4707516
v -0.9209199 1.0872114 0.2959191
v -0.9903673 1.0034664 0.3184905
v -0.7732003 0.9957567 0.7814583
v -0.7068465 1.0806645 0.7542950
v -0.6663296 0.9838605 0.9093391
v -0.7055372 0.9895680 0.8688208
v -0.7252185 1.0411377 0.8764520
v -0.6890628 1.0325283 0.9188918
v -0.9228569 1.0034664 0.4952079
v -0.9903673 1.0034664 0.3184905
v -1.0034252 1.0567795 0.3227344
v -0.9361002 1.0563033 0.4998933
v -0.7891797 1.0480522 0.7876760
v -0.7732003 0.9957567 0.7814583
v -0.7607387 1.0452466 0.8271514
v -0.6663296 0.9838605 0.9093391
v -0.6890628 1.0325283 0.9188918
v -0.6335094 1.0419572 0.8986722
v -0.5827709 1.0707525 0.8795013
v -0.6910866 1.0354751 0.9178046
v 0.3843346 1.4965216 -0.1283050
v 0.9390000 1.4955350 -0.3085782
v 1.2038298 1.4881261 -0.3946513
v 1.9188577 0.9731850 -0.4370813
v 1.9374748 0.9319373 -0.4417536
v 1.8865095 0.9319374 -0.6165306
v 1.8682978 0.9731849 -0.6106116
v 1.6417342 1.4112994 -0.5369755
v 1.6418015 1.4069035 -0.5369973
v 1.6417342 1.4112994 -0.5369755
v 1.9094810 1.0442264 -0.4376868
v 1.9127942 1.0419214 -0.4383900
v 1.8631998 1.0419124 -0.6089548
v 1.8599883 1.0442315 -0.6079109
v 1.8406605 0.6029830 -0.6016293
v 1.8525724 0.6767617 -0.6055008
v 1.8682978 0.9731849 -0.6106116
v 1.8652668 0.9762110 -0.6096264
v 1.8285948 0.7047409 -0.5977077
v 1.8441091 0.8989839 -0.6027502
v 1.8664090 0.9102315 -0.6099978
v 1.8441091 0.8989839 -0.6027502
v -1.1063457 0.3202450 0.3561850
v -1.1063457 0.2238735 0.3561850
v -1.3220080 0.2238736 0.4262779
v -1.1402327 0.3202450 0.9855635
v -1.3220080 0.3202449 0.4262779
v 1.1635371 0.3543215 -0.3815556
v 1.1635371 0.2286009 -0.3815556
v 0.9730228 0.2286009 -0.3196360
v 1.1556124 0.3543213 0.2421560
v 0.9730228 0.3543213 -0.3196360
v -1.8671151 0.6735919 -0.1384499
v -1.9130643 0.6736115 -0.1056005
v -1.8590646 0.7808623 -0.1254942
v -1.8117426 0.7881294 -0.1603467
v -1.8216394 0.8545764 -0.1345463
v -1.7185192 0.8705663 -0.1887572
v -1.7988419 0.8977528 -0.1371519
v -1.7147768 0.9265694 -0.1786735
v -1.7787433 0.9417448 -0.1431329
v -1.7101776 0.9551811 -0.1707213
v -1.8279649 0.9327838 -0.1037794
v -1.8607307 0.8977446 -0.0946116
v -1.4321349 0.9864581 -0.2631521
v -1.4364836 0.9559354 -0.2718131
v -1.4433185 0.9060785 -0.2855711
v -1.0633720 1.0018807 -0.3890811
v -1.0854535 0.9694049 -0.3893825
v -1.1603520 0.8978901 -0.3793853
v -0.6810001 0.9131454 -0.5318722
v -1.0068030 0.9031936 -0.4273160
v -0.9923934 0.9716361 -0.4203486
v -0.7835580 0.9762328 -0.4897067
v -0.5700301 0.9800024 -0.5603231
v -0.6796231 0.8455363 -0.5361235
v -1.0176611 0.8324052 -0.4320181
v -0.9940397 0.7506901 -0.4410794
v -0.6758187 0.7595330 -0.5376210
v -0.6709808 0.5716410 -0.5331165
v -0.9494056 0.5687581 -0.4486369
v -0.9180909 0.3502612 -0.4341659
v -0.6568221 0.3515324 -0.5142450
v -0.3199124 0.9815527 -0.6421892
v -0.3223624 0.9166216 -0.6497272
v -0.3235179 0.8477561 -0.6532833
v -0.3236005 0.7602268 -0.6535377
v 0.2190975 0.8490130 -0.8265934
v -0.0713186 0.8480713 -0.7345409
v -0.0702331 0.9170828 -0.7308714
v 0.2436190 0.9185067 -0.8301911
v -0.3216662 0.5718870 -0.6475859
v 0.1694052 0.5718871 -0.8050674
v -0.0701662 0.5718871 -0.7287984
v -0.0715998 0.7602875 -0.7348477
v 0.1913325 0.7605411 -0.8183911
v -0.3148822 0.3532102 -0.6267132
v -0.0678738 0.9829564 -0.7231110
v 0.2514595 0.9828094 -0.8243994
v 0.4907114 1.0261725 -0.8918791
v 0.4194222 0.9845284 -0.8768091
v 0.2509921 1.0216393 -0.8175115
v 0.4005377 0.7547237 -0.8940683
v 0.4056923 0.8416847 -0.8936644
v 0.4485467 0.8400017 -0.9090685
v 0.3607051 0.5701338 -0.8742314
v 0.1643420 0.3555577 -0.7808657
v -0.0640018 0.3544397 -0.7079402
v 0.3472877 0.3564625 -0.8456527
v 0.6811412 0.9312808 -0.9752161
v 0.6808050 0.9904474 -0.9573299
v 0.8668501 0.9970535 -1.0132445
v 0.8613987 0.9444140 -1.0297888
v 0.8635637 1.0429966 -1.0034279
v 1.1430644 1.0427188 -1.0874298
v 1.1434614 0.9964846 -1.0962952
v 1.1412070 0.9344711 -1.1115142
v 1.4420475 1.0422740 -1.1739793
v 1.2770767 0.8964218 -1.1534754
v 1.2234805 0.9434001 -1.1314711
v 1.4453194 0.9600376 -1.1892539
v 1.4495621 0.9089168 -1.1962422
v 1.2146202 0.8864703 -1.1413214
v 1.3143347 0.8411768 -1.1663568
v 1.2568637 0.8339650 -1.1556437
v 1.4551275 0.8460004 -1.2012775
v 1.3518390 0.6798950 -1.1753052
v 1.4654015 0.6798951 -1.2030951
v 1.3017610 0.6798880 -1.1665021
v 1.2385434 0.4993646 -1.1901331
v 1.2798521 0.6307506 -1.1985732
v 1.3601921 0.6307506 -1.2120036
v 1.3744869 0.4993646 -1.2114234
v 1.4662193 0.6741755 -1.2050769
v 1.4766960 0.6307506 -1.2377753
v 1.3601921 0.6307506 -1.2120036
v 1.3529842 0.6742459 -1.1774761
v 1.3744869 0.4993646 -1.2114234
v 1.3223756 0.3281044 -1.1451436
v 1.2385434 0.4993646 -1.1901331
v 1.5171571 0.4993646 -1.2419602
v 1.4843606 0.3439962 -1.1815922
v 0.6743399 1.0351678 -0.9467943
v 0.6661571 1.0855581 -0.9309637
v 0.8007920 1.0864146 -0.9720586
v 0.8208252 1.0581648 -0.9868210
v -1.8613745 0.9027651 -0.0902036
v -1.8903219 0.9025830 -0.0339636
v -1.8539272 0.9337411 -0.0443084
v -1.8339269 0.9320435 -0.0966608
v -1.7732009 0.9568901 -0.1245118
v -1.7062822 0.9696375 -0.1502664
v -1.7729760 0.9589252 -0.1186463
v -1.7801249 0.9602358 -0.0676685
v -1.7005638 0.9723843 -0.0938192
v -1.7054885 0.9714831 -0.1445254
v -1.4264054 1.0058202 -0.2415826
v -1.4151121 1.0106467 -0.1871034
v -1.4251661 1.0080383 -0.2362108
v -1.0980669 1.0331667 -0.3483462
v -1.1039211 1.0411377 -0.2887413
v -1.1006231 1.0354751 -0.3422591
v -1.0383013 1.0442752 -0.3660031
v -0.9795708 1.0428698 -0.4059099
v -0.9728139 1.0456218 -0.4074910
v -0.9632823 1.0730072 -0.3967830
v -0.9448132 1.0731160 -0.4089512
v -0.3269084 1.4368783 -0.4828685
v -0.5073480 1.4132991 -0.4299132
v -0.4839224 1.4292904 -0.4154541
v -0.3112671 1.4511563 -0.4615085
v -0.4786557 1.4308414 -0.3751007
v -0.3016181 1.4535921 -0.4234088
v -0.1420915 1.4529575 -0.5346302
v -0.1300124 1.4679556 -0.5120324
v -0.0337179 1.4726418 -0.5405573
v -0.0702687 1.4731957 -0.4896195
v 0.2363717 1.4823782 -0.5835587
v 0.2246251 1.4794695 -0.6197006
v 0.2194548 1.4641201 -0.6444515
v 0.0213719 1.4591734 -0.5837418
v 0.4485066 1.4814541 -0.6895705
v 0.4452274 1.4660779 -0.7148109
v 0.4601855 1.4843615 -0.6536367
v 0.6295283 1.4807654 -0.7459991
v 0.6266511 1.4654328 -0.7712442
v 0.5746071 1.4656174 -0.7550560
v 0.5764278 1.4809676 -0.7294463
v 0.7814084 1.4784826 -0.7934573
v 0.7782952 1.4632409 -0.8184999
v 0.6140492 1.4837751 -0.7017616
v 0.7929863 1.4813881 -0.7578335
v 1.0470323 1.4710738 -0.8770870
v 1.0442569 1.4561346 -0.9019593
v 1.0585471 1.4739781 -0.8416579
v 1.2906318 1.4529321 -0.9510179
v 1.2896288 1.4389300 -0.9758383
v 1.3026033 1.4557236 -0.9165189
v 1.5296833 1.0421516 -1.1938160
v 1.5313296 0.9780144 -1.2057352
v 1.5793076 1.0420866 -1.1957683
v 1.5809867 0.9789395 -1.2074421
v 1.4995467 0.9411250 -1.2037177
v 1.4945941 0.9096749 -1.2059939
v 1.4896697 0.8459765 -1.2086112
v 1.4799312 0.6798951 -1.2058901
v 1.5281762 0.6742490 -1.2168954
v 1.5519770 0.6307506 -1.2518672
v 1.5732518 0.6745191 -1.2168920
v 1.6070742 0.6307506 -1.2534965
v 1.6069135 0.4993646 -1.2427487
v 1.5753808 0.3521910 -1.1736968
v 1.3705273 1.4402447 -0.9699263
v 1.3696873 1.4274190 -0.9939237
v 1.4177464 1.3323827 -1.0567216
v 1.3819557 1.4065206 -1.0083201
v 1.4248249 1.4061433 -1.0070950
v 1.4656586 1.3288048 -1.0601450
v 1.4202288 1.4269489 -0.9809996
v 1.4195395 1.4184128 -0.9977126
v 1.6079486 0.9795365 -1.1930640
v 1.6061745 1.0420398 -1.1817881
v 1.6312881 1.0420076 -1.1409418
v 1.6333199 0.9798537 -1.1513952
v 1.5981481 0.6747315 -1.2014263
v 1.6367142 0.6307506 -1.2383044
v 1.6246333 0.6746685 -1.1554746
v 1.6854496 0.6307506 -1.1575843
v 1.6406280 0.4993646 -1.2189097
v 1.6943427 0.4993646 -1.1426063
v 1.6375588 0.3551477 -1.0805593
v 1.4447242 1.4122736 -0.9925270
v 1.4493166 1.4060293 -0.9932205
v 1.4914239 1.3278514 -1.0492180
v 1.4654229 1.4059341 -0.9668217
v 1.5116185 1.3287281 -1.0156206
v 1.4354738 1.4290422 -0.9506323
v 1.4623805 1.4120288 -0.9637560
v 1.3840609 1.4427024 -0.9375898
v 0.6530545 1.3860459 -0.8169720
v 0.6689983 1.3550206 -0.8357731
v 0.6045314 1.3551833 -0.8157893
v -0.8088005 1.1879198 -0.4205500
v -0.8460485 1.1867800 -0.3954337
v -0.6625784 1.3174780 -0.4113391
v -0.6369320 1.3190304 -0.4296397
v -0.5609874 1.3834502 -0.4190054
v -0.5530229 1.3780520 -0.4319386
v 1.5188325 1.0880153 -1.1769532
v 1.4727081 1.2043401 -1.1256687
v 1.5202485 1.2039301 -1.1283523
v 1.5653570 1.0877673 -1.1789591
v 1.5470527 1.2038246 -1.1158472
v 1.5922009 1.0876787 -1.1653338
v 1.5706997 1.2039353 -1.0783823
v 1.6170238 1.0876787 -1.1253252
v -1.8242947 0.9597426 0.3906941
v -1.8747797 0.9585555 0.1262553
v -1.9270661 0.9029140 0.1469705
v -1.8777276 0.9026500 0.4074175
v -1.7439242 0.9879122 0.3647713
v -1.6569685 0.9996328 0.3364147
v -1.7121654 0.9964963 0.0618306
v -1.7965863 0.9856070 0.0952768
v -1.3270146 1.0361114 0.2290205
v -1.4024474 1.0286301 -0.0608741
v -1.0531202 1.0563033 0.1398457
v -1.1034670 1.0480522 -0.1793247
v -0.2043222 1.4654020 -0.0960483
v -0.3950802 1.4383419 -0.0369108
v -0.2777194 1.4589584 -0.3403366
v -0.4596966 1.4342478 -0.2888765
v 0.0320108 1.4872668 -0.1700943
v -0.0446628 1.4795917 -0.4086392
v 0.3389121 1.4965216 -0.2680615
v 0.5621850 1.4985062 -0.3398047
v 0.4860212 1.4907933 -0.5741448
v 0.2623405 1.4888087 -0.5036567
v 0.7129493 1.4979310 -0.3882335
v 0.8941795 1.4955348 -0.4464813
v 0.8186239 1.4878218 -0.6789524
v 0.6385531 1.4902124 -0.6221698
v 1.1592354 1.4881259 -0.5318594
v 1.0840600 1.4804129 -0.7631589
v 1.3287779 1.4619234 -0.8397595
v 1.4044774 1.4693491 -0.6110505
v 1.8070454 0.9794471 -0.7804272
v 1.6847787 0.9794447 -1.0605160
v 1.6822710 1.0419706 -1.0515285
v 1.8030391 1.0419214 -0.7760854
v 1.8076230 0.9134057 -0.7828522
v 1.6842478 0.9134049 -1.0663520
v 1.7019132 0.9319370 -1.0704304
v 1.8249810 0.9319373 -0.7878749
v 1.7855006 0.8989839 -0.7651133
v 1.7695794 0.7050595 -0.7632565
v 1.7215754 0.7340975 -0.8829895
v 1.7619377 0.3587633 -0.8500158
v 1.8193276 0.4993646 -0.8912303
v 1.4911225 1.4547562 -0.6401294
v 1.5491832 1.4393426 -0.6603420
v 1.4667563 1.4337366 -0.8815892
v 1.4126300 1.4481923 -0.8648253
v -0.5072459 1.4184549 -0.2777924
v -0.4452714 1.4218264 -0.0222313
v -1.8447349 0.9339453 0.0739144
v -1.8803466 0.9027443 0.0884219
v -1.7705513 0.9614044 0.0436939
v -1.6904286 0.9742396 0.0110538
v -1.3982789 1.0148206 -0.1079609
v -1.1036690 1.0452467 -0.2279782
v -0.2999806 1.4539803 -0.4173727
v -0.4775660 1.4310822 -0.3689229
v -0.0683841 1.4736664 -0.4836590
v 0.4621171 1.4848423 -0.6476938
v 0.2383033 1.4828566 -0.5776154
v 0.7949176 1.4818728 -0.7518912
v 0.6158879 1.4842580 -0.6957900
v 1.0604788 1.4744652 -0.8357157
v 1.3046382 1.4562019 -0.9106020
v 1.6365146 0.9794425 -1.1460144
v 1.6345064 1.0420043 -1.1355005
v 1.6355400 0.9071397 -1.1534425
v 1.6842034 0.9071398 -1.0667473
v 1.6839066 0.8459492 -1.0691483
v 1.6350871 0.8459490 -1.1563105
v 1.6356088 0.9134039 -1.1529713
v 1.6741910 0.7225742 -1.0652873
v 1.6239073 0.6767617 -1.1513851
v 1.4381850 1.4294317 -0.9449403
v 1.3864233 1.4431440 -0.9317562
v -0.5233760 1.4158370 -0.3592959
v -0.9353563 1.1147764 -0.3845909
v 1.5782228 1.0480347 -1.1940325
v 1.5318513 1.0481844 -1.1921651
v 1.6050981 1.0479536 -1.1801050
v 1.6301773 1.0479486 -1.1393416
v -0.2900004 1.4071632 -0.5099489
v -0.4604150 1.3789834 -0.4663177
v -0.3321238 1.4320347 -0.4855118
v -0.1596058 1.4151981 -0.5480375
v -0.1447189 1.4483881 -0.5379647
v 0.4454175 1.4615600 -0.7189543
v 0.4513983 1.4296301 -0.7350867
v 0.2209014 1.4261474 -0.6639794
v 0.2190635 1.4596161 -0.6484165
v 0.7785343 1.4587050 -0.8226751
v 0.6338360 1.4289632 -0.7918795
v 0.6269644 1.4609027 -0.7754342
v 1.0446214 1.4515775 -0.9062001
v 1.0522680 1.4181254 -0.9235952
v 0.7858225 1.4219750 -0.8414349
v 1.2989321 1.4145277 -0.9921736
v 1.2907511 1.4343513 -0.9804208
v -0.5582223 1.3882747 -0.4147631
v -0.5154892 1.4164414 -0.4190525
v -0.5248769 1.4150437 -0.3652903
v 1.5920701 1.4114264 -0.6768035
v 1.4989447 1.4118060 -0.8973234
v 1.4655323 1.4119975 -0.9583244
v -1.8294421 0.6734504 -0.1853619
v -1.8463288 0.6735294 -0.1602376
v -1.7928887 0.7789212 -0.1811515
v -1.7801475 0.7645109 -0.2043151
v -1.7047307 0.8197430 -0.2305606
v -1.6976839 0.7754890 -0.2762446
v -1.7664972 0.7311315 -0.2528123
v -1.7155892 0.8431400 -0.2056282
v -1.4634225 0.8094864 -0.3547086
v -1.4527269 0.8574704 -0.3159777
v -1.4478202 0.8808138 -0.2989690
v -1.2472614 0.7930205 -0.4253582
v -1.2201175 0.8405990 -0.3944748
v -1.1979978 0.8700180 -0.3800659
v -1.1408363 0.7990511 -0.4216265
v -1.0846770 0.7278813 -0.4395288
v -1.1257772 0.6978562 -0.4641305
v -1.1761623 0.7583271 -0.4490073
v -1.0261263 0.7426156 -0.4405303
v -1.1035022 0.8285376 -0.4177965
v -1.0234950 0.8337683 -0.4300882
v -1.0124258 0.5623142 -0.4475127
v -1.0337442 0.5599973 -0.4471417
v -1.0745659 0.5483578 -0.4691191
v -0.9952874 0.3499216 -0.4304658
v -1.0310529 0.3497702 -0.4480935
v -0.9716312 0.3500207 -0.4319523
v -0.9173014 0.3440469 -0.4335017
v -0.9267224 0.3266123 -0.4668163
v -0.9865350 0.3437298 -0.4299958
v 0.5346208 0.8104544 -0.9670635
v 0.6131010 0.8558388 -0.9914476
v 0.6219861 0.8028458 -1.0377328
v 0.5490070 0.7706387 -1.0128187
v 0.4812434 0.7366432 -0.9485829
v 0.4473923 0.7477685 -0.9174403
v 0.4924170 0.8273632 -0.9344024
v 0.4976998 0.7124311 -0.9925163
v 0.4354200 0.5648742 -0.9239498
v 0.4518416 0.5578612 -0.9639453
v 0.4025107 0.5686957 -0.8945822
v 0.4386430 0.3569617 -0.9221700
v 0.4204252 0.3568545 -0.8892174
v 0.3872741 0.3566720 -0.8634028
v 0.8353939 0.8268028 -1.1046921
v 0.6592120 0.8093994 -1.0495923
v 0.6721910 0.8682616 -1.0093556
v 0.8499065 0.8868417 -1.0630589
v 0.8562227 0.9147814 -1.0448856
v 0.6778322 0.8988548 -0.9906057
v 1.0362783 0.8111116 -1.1653787
v 1.0754411 0.8709904 -1.1318757
v 1.1061644 0.9018639 -1.1181652
v 1.1468508 0.8421836 -1.1539681
v 1.1944440 0.7969851 -1.1681086
v 1.1493845 0.7476100 -1.1958603
v 1.1028684 0.7849428 -1.1841613
v 1.1778128 0.8684639 -1.1435252
v 1.2233795 0.8190806 -1.1582349
v 1.2070038 0.6307505 -1.1997551
v 1.2715709 0.6798635 -1.1689369
v 1.2422277 0.6798195 -1.1777163
v 1.1897981 0.6798097 -1.2022576
v -1.6736310 0.7224344 -0.2901386
v -1.7306475 0.6893259 -0.2681824
v -1.7664972 0.7311315 -0.2528123
v -1.6976839 0.7754890 -0.2762446
v -1.4644912 0.7536063 -0.3628945
v -1.4634225 0.8094864 -0.3547086
v -1.2696450 0.7375344 -0.4258516
v -1.2472614 0.7930205 -0.4253582
v -1.1682839 0.6609498 -0.4518505
v -1.2094534 0.7099826 -0.4429623
v -1.1761623 0.7583271 -0.4490073
v -1.1257772 0.6978562 -0.4641305
v -1.0745659 0.5483578 -0.4691191
v -1.1237373 0.5318683 -0.4525072
v -1.0310529 0.3497702 -0.4480935
v -1.0829473 0.3464181 -0.4300486
v 0.6538451 0.7515955 -1.0532725
v 0.5816345 0.7236430 -1.0263345
v 0.5490070 0.7706387 -1.0128187
v 0.6219861 0.8028458 -1.0377328
v 0.5404203 0.6754259 -1.0073038
v 0.4976998 0.7124311 -0.9925163
v 0.4979461 0.5399341 -0.9779552
v 0.4518416 0.5578612 -0.9639453
v 0.4847195 0.3540997 -0.9360020
v 0.4386430 0.3569617 -0.9221700
v 0.8341757 0.7715652 -1.1123022
v 0.6592120 0.8093994 -1.0495923
v 0.8353939 0.8268028 -1.1046921
v 1.0163522 0.7582947 -1.1665614
v 1.0362783 0.8111116 -1.1653787
v 1.1083195 0.7075283 -1.1871641
v 1.0719225 0.7371358 -1.1803598
v 1.1028684 0.7849428 -1.1841613
v 1.1493845 0.7476100 -1.1958603
v 1.1823286 0.4993646 -1.1741919
v 1.1452167 0.6307505 -1.1861746
v 1.2070038 0.6307505 -1.1997551
v 1.2385434 0.4993646 -1.1901331
v 1.1293858 0.6767742 -1.1894320
v 1.1897981 0.6798097 -1.2022576
v 1.2198658 0.3180271 -1.1176736
v 1.1823286 0.4993646 -1.1741919
v -0.5469610 1.3979176 -0.4078331
v -0.5342532 1.4077511 -0.3959719
v -1.8025357 0.6734938 -0.2395068
v -1.7416770 0.6705068 -0.2632856
v -1.8025357 0.6734938 -0.2395068
v 0.5218605 1.4658061 -0.7386484
v 0.5137369 1.4613116 -0.7402088
v 0.4851315 1.4295176 -0.7457302
v 0.6682413 1.0348670 -0.9449619
v 0.6747638 0.9902512 -0.9554880
v 0.5989484 0.9877894 -0.9323709
v 0.6662321 0.8670088 -1.0075498
v 0.6532465 0.8083493 -1.0476918
v 0.6532465 0.8083493 -1.0476918
v -0.0985318 1.4505170 -0.5516642
v -0.1193464 1.4168182 -0.5601062
v -0.0392076 1.4576690 -0.5651812
v -0.0906258 1.4553210 -0.5499234
v -0.0761340 0.5718871 -0.7268849
v -0.1626334 0.7602642 -0.7054845
v -0.0775683 0.7602840 -0.7329363
v -0.0699680 0.3544105 -0.7060215
v -0.1543793 0.9825520 -0.6953329
v -0.1523069 1.0117072 -0.6909567
v -0.0737292 0.9830387 -0.7212252
v -0.0650112 1.0374719 -0.7141723
v 0.0049358 1.0379294 -0.7362434
v -0.7835687 0.9981207 -0.4861028
v -0.5654814 1.0033232 -0.5578470
v -0.3181548 1.0088825 -0.6380299
v -0.5865615 1.3225322 -0.4470363
v -0.7643568 1.1897196 -0.4364733
v -0.8827993 1.0744687 -0.4317257
v -0.9283385 0.9943468 -0.4367533
v -0.9855696 0.9986682 -0.4166790
v -0.9882899 1.0729155 -0.3792111
v -0.9685766 1.0729824 -0.3931666
v -0.9433984 1.1084810 -0.3808539
v -0.9915221 0.9990116 -0.4145789
v -0.9984507 0.9714908 -0.4183330
v -1.0128963 0.9029130 -0.4254355
v -1.0324555 0.7410228 -0.4404221
v -1.0585839 0.7364350 -0.4410997
v -1.0260375 0.5610464 -0.4475758
v -0.9865802 0.3500858 -0.4315289
v -1.0186881 0.5616731 -0.4474010
v -0.9780037 0.3499932 -0.4316098
v 0.4386736 0.3507885 -0.9207478
v 0.4847195 0.3540997 -0.9360020
v 0.4882630 0.2483486 -0.9099647
v 0.4419971 0.2483146 -0.8962501
v 0.4037607 0.3505402 -0.8752006
v 0.4386736 0.3507885 -0.9207478
v 0.3358169 0.3284064 -0.8765767
v 0.1643902 0.3493444 -0.7800143
v 0.3472040 0.3502498 -0.8446898
v 0.1532976 0.3281450 -0.8123537
v -0.6666463 0.3269800 -0.5465696
v -0.6563918 0.3453210 -0.5135155
v -0.3146263 0.3469987 -0.6259254
v -0.3252659 0.3274656 -0.6586619
v -0.0667470 0.3482135 -0.7061948
v -0.0774004 0.3278177 -0.7387953
v -1.0298293 0.3435792 -0.4471394
v -1.0298293 0.3435792 -0.4471394
v -1.0112542 0.2455052 -0.4302131
v -1.0634734 0.2437774 -0.4117780
v 1.4210007 1.4142238 -1.0024388
v 1.4219707 1.4125284 -1.0036203
v 1.3758984 1.4133209 -1.0049235
v 1.3710689 1.4229636 -0.9986535
v 0.7381964 1.2115419 -0.9126579
v 0.6390239 1.2112906 -0.8821675
v 0.5863125 1.4290871 -0.7771086
v 0.5783197 1.4610809 -0.7602999
v 0.6599659 1.0855261 -0.9290539
v 0.5697735 1.0507259 -0.9115387
v 0.5882648 1.0851553 -0.9069368
v 0.5712721 1.2110866 -0.8611234
v 0.6327333 1.2112698 -0.8802217
v 0.5358998 1.3551992 -0.7946029
v 0.5981807 1.3551846 -0.8138190
v -0.5290546 1.3547188 -0.4527612
v 0.0215850 1.4003222 -0.6122651
v 0.0180097 1.3508400 -0.6332959
v -0.0412838 1.3499826 -0.6148778
v -0.0372220 1.4168426 -0.5861946
v 0.0100250 1.2087254 -0.6856596
v -0.0523924 1.2083613 -0.6660506
v 0.0054904 1.0840829 -0.7239899
v -0.0618181 1.0840039 -0.7026934
v -0.0709885 1.0373134 -0.7122919
v -0.1296586 1.0345881 -0.6938914
v -0.1274673 1.0838479 -0.6816537
v -0.0677897 1.0839932 -0.7007910
v -0.1185033 1.2075806 -0.6452217
v -0.0583710 1.2083075 -0.6641697
v -0.1055097 1.3482440 -0.5951809
v -0.0472742 1.3498564 -0.6130294
v -0.1000866 1.3965408 -0.5752967
v -0.0432292 1.4166252 -0.5843832
v 0.0446563 1.4220188 -0.6098722
v 0.0286479 1.4548932 -0.5900716
v -0.5018950 1.4100549 -0.4353442
v 0.6772990 1.4233461 -0.8076682
v 0.0247613 1.0156160 -0.7468347
v 0.5042157 1.4149709 -0.7581485
v 0.5800677 1.4286063 -0.7753902
v 0.5719468 1.4611039 -0.7583172
v -0.0428318 1.4530587 -0.5681980
v -0.0368173 1.4532704 -0.5700120
v 0.5349363 0.9857108 -0.9128528
v 0.5341507 1.0317397 -0.9044112
v 0.2518772 1.0241047 -0.8140346
v 0.4910373 1.0294327 -0.8880833
v 0.4907114 1.0261725 -0.8918791
v 0.2509921 1.0216393 -0.8175115
v -0.2915579 1.4028033 -0.5078044
v -0.4568631 1.3757608 -0.4655597
v -0.4604150 1.3789834 -0.4663177
v -0.2900004 1.4071632 -0.5099489
v -0.1600469 1.4110380 -0.5461801
v -0.1596058 1.4151981 -0.5480375
v 0.4527955 1.4255317 -0.7337853
v 0.2219284 1.4220466 -0.6625666
v 0.2209014 1.4261474 -0.6639794
v 0.4513983 1.4296301 -0.7350867
v 0.4831115 1.4258190 -0.7431929
v 0.4851315 1.4295176 -0.7457302
v 0.5333990 1.0348782 -0.9002945
v 0.5680277 1.0528761 -0.9072054
v 0.5697735 1.0507259 -0.9115387
v 0.5341507 1.0317397 -0.9044112
v -0.1202911 1.4126464 -0.5580963
v -0.1193464 1.4168182 -0.5601062
v -0.2213233 1.0105318 -0.6689317
v -0.3181548 1.0088825 -0.6380299
v -0.3170012 1.0113844 -0.6346338
v -0.1528765 1.0150581 -0.6868584
v -0.7823723 1.0005994 -0.4827519
v -0.5639093 1.0058425 -0.5545947
v -0.5654814 1.0033232 -0.5578470
v -0.7835687 0.9981207 -0.4861028
v -0.5798291 1.3216536 -0.4463354
v -0.7587945 1.1888613 -0.4353281
v -0.7643568 1.1897196 -0.4364733
v -0.5865615 1.3225322 -0.4470363
v -0.8778769 1.0737150 -0.4303171
v -0.8827993 1.0744687 -0.4317257
v -0.9218608 0.9968038 -0.4349315
v -0.9283385 0.9943468 -0.4367533
v 0.5859900 1.0842531 -0.9030898
v 0.5882648 1.0851553 -0.9069368
v 0.5689878 1.2100835 -0.8573068
v 0.5712721 1.2110866 -0.8611234
v 0.5333019 1.3540142 -0.7907601
v 0.5358998 1.3551992 -0.7946029
v -0.5259781 1.3513688 -0.4519092
v -0.5290546 1.3547188 -0.4527612
v -0.9218608 0.9968038 -0.4349315
v -0.9283385 0.9943468 -0.4367533
v 0.0254899 1.3982657 -0.6108514
v 0.0218803 1.3496973 -0.6314610
v 0.0180097 1.3508400 -0.6332959
v 0.0215850 1.4003222 -0.6122651
v 0.0139147 1.2077550 -0.6837655
v 0.0100250 1.2087254 -0.6856596
v 0.0093954 1.0832542 -0.7220570
v 0.0054904 1.0840829 -0.7239899
v 0.0083971 1.0390967 -0.7337992
v 0.0049358 1.0379294 -0.7362434
v -0.1322187 1.0359842 -0.6894787
v -0.1295267 1.0830188 -0.6778178
v -0.1274673 1.0838479 -0.6816537
v -0.1296586 1.0345881 -0.6938914
v -0.1205864 1.2065618 -0.6414464
v -0.1185033 1.2075806 -0.6452217
v -0.1076242 1.3469771 -0.5914987
v -0.1055097 1.3482440 -0.5951809
v -0.1023962 1.3942161 -0.5720284
v -0.1000866 1.3965408 -0.5752967
v 0.0469123 1.4179475 -0.6088368
v 0.0446563 1.4220188 -0.6098722
v 0.0283618 1.0191010 -0.7440430
v 0.0247613 1.0156160 -0.7468347
v 0.5017700 1.4132140 -0.7546098
v 0.5042157 1.4149709 -0.7581485
v -0.1528765 1.0150581 -0.6868584
v -0.1523069 1.0117072 -0.6909567
v 1.4322386 1.4113656 -0.9996832
v -0.3278042 1.4332036 -0.4830659
v -0.5037930 1.4103003 -0.4310393
v -0.5073480 1.4132991 -0.4299132
v -0.3269084 1.4368783 -0.4828685
v -0.1426186 1.4492683 -0.5348492
v -0.1420915 1.4529575 -0.5346302
v 0.2196369 1.4604394 -0.6448266
v 0.0280049 1.4556754 -0.5861165
v 0.0213719 1.4591734 -0.5837418
v 0.2194548 1.4641201 -0.6444515
v 0.4455881 1.4623923 -0.7152362
v 0.4452274 1.4660779 -0.7148109
v 0.6270310 1.4617411 -0.7716792
v 0.5751105 1.4619287 -0.7555267
v 0.5746071 1.4656174 -0.7550560
v 0.6266511 1.4654328 -0.7712442
v 0.7786345 1.4595463 -0.8189277
v 0.7782952 1.4632409 -0.8184999
v 1.0442569 1.4561346 -0.9019593
v 1.0445690 1.4524314 -0.9024088
v 1.2896288 1.4389300 -0.9758383
v 1.2898453 1.4351796 -0.9764061
v 1.3695511 1.4236410 -0.9945803
v 1.3696873 1.4274190 -0.9939237
v 1.4187638 1.4147557 -0.9984120
v 1.4195395 1.4184128 -0.9977126
v 1.4447242 1.4122736 -0.9925270
v 1.4446906 1.4076549 -0.9925699
v 1.4446906 1.4076549 -0.9925699
v 1.4635265 1.4075786 -0.9614239
v 1.4654229 1.4059341 -0.9668217
v 1.4493166 1.4060293 -0.9932205
v -0.8480211 1.1845054 -0.3914815
v -0.6646856 1.3148971 -0.4074183
v -0.6625784 1.3174780 -0.4113391
v -0.8460485 1.1867800 -0.3954337
v -0.5610884 1.3823436 -0.4147725
v -0.5609874 1.3834502 -0.4190054
v -0.9358145 1.1131035 -0.3788678
v -0.9353563 1.1147764 -0.3845909
v -0.3278042 1.4332036 -0.4830659
v -0.1426186 1.4492683 -0.5348492
v -0.1447189 1.4483881 -0.5379647
v -0.3321238 1.4320347 -0.4855118
v 0.2196369 1.4604394 -0.6448266
v 0.4455881 1.4623923 -0.7152362
v 0.4454175 1.4615600 -0.7189543
v 0.2190635 1.4596161 -0.6484165
v 0.6270310 1.4617411 -0.7716792
v 0.7786345 1.4595463 -0.8189277
v 0.7785343 1.4587050 -0.8226751
v 0.6269644 1.4609027 -0.7754342
v 1.0445690 1.4524314 -0.9024088
v 1.0446214 1.4515775 -0.9062001
v 1.2907511 1.4343513 -0.9804208
v 1.2898453 1.4351796 -0.9764061
v -0.5610884 1.3823436 -0.4147725
v -0.5582223 1.3882747 -0.4147631
v 0.5167269 1.4621376 -0.7373655
v 0.5218605 1.4658061 -0.7386484
v 0.5167269 1.4621376 -0.7373655
v 0.5137369 1.4613116 -0.7402088
v -0.0959491 1.4514084 -0.5486900
v -0.0985318 1.4505170 -0.5516642
v -0.0392076 1.4576690 -0.5651812
v -0.0390462 1.4540081 -0.5655748
v -0.0959491 1.4514084 -0.5486900
v -0.0906258 1.4553210 -0.5499234
v 1.3695511 1.4236410 -0.9945803
v 1.4187638 1.4147557 -0.9984120
v 1.4210007 1.4142238 -1.0024388
v 1.3710689 1.4229636 -0.9986535
v 1.4447242 1.4122736 -0.9925270
v 1.4623805 1.4120288 -0.9637560
v 1.4635265 1.4075786 -0.9614239
v 1.4446906 1.4076549 -0.9925699
v 1.4635265 1.4075786 -0.9614239
v 1.4655323 1.4119975 -0.9583244
v 1.4989447 1.4118060 -0.8973234
v 1.4985675 1.4073746 -0.8975632
v 1.5920028 1.4069936 -0.6768883
v 1.5920701 1.4114264 -0.6768035
v 0.5783197 1.4610809 -0.7602999
v 0.5751105 1.4619287 -0.7555267
v 0.0280049 1.4556754 -0.5861165
v 0.0286479 1.4548932 -0.5900716
v -0.5037930 1.4103003 -0.4310393
v -0.5018950 1.4100549 -0.4353442
v 0.5751105 1.4619287 -0.7555267
v 0.5719468 1.4611039 -0.7583172
v -0.0390462 1.4540081 -0.5655748
v -0.0428318 1.4530587 -0.5681980
v -0.0368173 1.4532704 -0.5700120
v -0.0390462 1.4540081 -0.5655748
v 1.4446906 1.4076549 -0.9925699
v 1.4322386 1.4113656 -0.9996832
v -0.5088879 1.4146283 -0.2773018
v -0.4469383 1.4180041 -0.0216906
v -0.4452714 1.4218264 -0.0222313
v -0.5072459 1.4184549 -0.2777924
v -0.5233760 1.4158370 -0.3592959
v -0.5254629 1.4119833 -0.3617277
v -0.5582223 1.3882747 -0.4147631
v -0.5610884 1.3823436 -0.4147725
v -0.5488135 1.3932461 -0.4060526
v -0.5469610 1.3979176 -0.4078331
v -0.5254629 1.4119833 -0.3617277
v -0.5248769 1.4150437 -0.3652903
v -0.5342532 1.4077511 -0.3959719
v -0.5346322 1.4041608 -0.3932093
v -0.4775056 1.4279172 -0.3719644
v -0.3004748 1.4506770 -0.4202791
v -0.3016181 1.4535921 -0.4234088
v -0.4786557 1.4308414 -0.3751007
v -0.0691086 1.4703105 -0.4864633
v 0.2374584 1.4794934 -0.5803754
v 0.2363717 1.4823782 -0.5835587
v -0.0702687 1.4731957 -0.4896195
v 0.4612301 1.4814776 -0.6504383
v 0.4601855 1.4843615 -0.6536367
v 0.6150219 1.4808926 -0.6985394
v 0.7939743 1.4785067 -0.7546150
v 0.7929863 1.4813881 -0.7578335
v 0.6140492 1.4837751 -0.7017616
v 1.0585471 1.4739781 -0.8416579
v 1.0594514 1.4711009 -0.8384108
v 1.3026033 1.4557236 -0.9165189
v 1.3033370 1.4528630 -0.9132095
v 1.4358731 1.4263472 -0.9471504
v 1.4635265 1.4075786 -0.9614239
v 1.4623805 1.4120288 -0.9637560
v 1.4354738 1.4290422 -0.9506323
v 1.3847456 1.4398685 -0.9342318
v 1.3840609 1.4427024 -0.9375898
v -0.3004748 1.4506770 -0.4202791
v -0.4775056 1.4279172 -0.3719644
v -0.4775660 1.4310822 -0.3689229
v -0.2999806 1.4539803 -0.4173727
v -0.0691086 1.4703105 -0.4864633
v -0.0683841 1.4736664 -0.4836590
v 0.4612301 1.4814776 -0.6504383
v 0.2374584 1.4794934 -0.5803754
v 0.2383033 1.4828566 -0.5776154
v 0.4621171 1.4848423 -0.6476938
v 0.7939743 1.4785067 -0.7546150
v 0.6150219 1.4808926 -0.6985394
v 0.6158879 1.4842580 -0.6957900
v 0.7949176 1.4818728 -0.7518912
v 1.0604788 1.4744652 -0.8357157
v 1.0594514 1.4711009 -0.8384108
v 1.3046382 1.4562019 -0.9106020
v 1.3033370 1.4528630 -0.9132095
v 1.4358731 1.4263472 -0.9471504
v 1.3847456 1.4398685 -0.9342318
v 1.3864233 1.4431440 -0.9317562
v 1.4381850 1.4294317 -0.9449403
v -0.5254629 1.4119833 -0.3617277
v -0.5233760 1.4158370 -0.3592959
v -0.5254629 1.4119833 -0.3617277
v -0.5248769 1.4150437 -0.3652903
v 1.4635265 1.4075786 -0.9614239
v 1.4655323 1.4119975 -0.9583244
v -0.6556620 0.3488354 -0.5109643
v -0.9171767 0.3475452 -0.4308152
v -0.9180909 0.3502612 -0.4341659
v -0.6568221 0.3515324 -0.5142450
v -0.3138062 0.3505131 -0.6234038
v -0.3148822 0.3532102 -0.6267132
v -0.0659307 0.3517275 -0.7036718
v -0.0640018 0.3544397 -0.7079402
v 0.1643420 0.3555577 -0.7808657
v 0.1653162 0.3528643 -0.7775270
v 0.3485026 0.3537824 -0.8423873
v 0.3472877 0.3564625 -0.8456527
v -0.9902774 0.3471229 -0.4269483
v -1.0306444 0.3470937 -0.4445764
v -1.0310529 0.3497702 -0.4480935
v -0.9952874 0.3499216 -0.4304658
v -0.9740291 0.3472841 -0.4284060
v -0.9716312 0.3500207 -0.4319523
v -0.9740291 0.3472841 -0.4284060
v -0.9171767 0.3475452 -0.4308152
v -0.9173014 0.3440469 -0.4335017
v -0.9865350 0.3437298 -0.4299958
v 0.4405409 0.3543969 -0.9191031
v 0.4225519 0.3541222 -0.8864940
v 0.4204252 0.3568545 -0.8892174
v 0.4386430 0.3569617 -0.9221700
v 0.3889934 0.3539323 -0.8603546
v 0.3872741 0.3566720 -0.8634028
v -1.0829473 0.3464181 -0.4300486
v 0.4847195 0.3540997 -0.9360020
v -0.0699680 0.3544105 -0.7060215
v -0.0659307 0.3517275 -0.7036718
v -0.9865802 0.3500858 -0.4315289
v 0.4405409 0.3543969 -0.9191031
v 0.4847195 0.3540997 -0.9360020
v 0.4386736 0.3507885 -0.9207478
v 0.4225519 0.3541222 -0.8864940
v 0.4037607 0.3505402 -0.8752006
v 0.1653162 0.3528643 -0.7775270
v 0.3485026 0.3537824 -0.8423873
v 0.3472040 0.3502498 -0.8446898
v 0.1643902 0.3493444 -0.7800143
v 0.3889934 0.3539323 -0.8603546
v -0.6556620 0.3488354 -0.5109643
v -0.3138062 0.3505131 -0.6234038
v -0.3146263 0.3469987 -0.6259254
v -0.6563918 0.3453210 -0.5135155
v -0.0659307 0.3517275 -0.7036718
v -0.0667470 0.3482135 -0.7061948
v -1.0306444 0.3470937 -0.4445764
v -0.9902774 0.3471229 -0.4269483
v -1.0298293 0.3435792 -0.4471394
v -1.0829473 0.3464181 -0.4300486
v 0.6787204 0.9896576 -0.9534996
v 0.6721769 1.0344758 -0.9429242
v 0.6743399 1.0351678 -0.9467943
v 0.6808050 0.9904474 -0.9573299
v 0.6791717 0.9297426 -0.9715460
v 0.6811412 0.9312808 -0.9752161
v 0.6639504 1.0847067 -0.9271226
v 0.6661571 1.0855581 -0.9309637
v 0.6022150 1.3539970 -0.8120343
v 0.5839807 1.4278640 -0.7733666
v 0.5863125 1.4290871 -0.7771086
v 0.6045314 1.3551833 -0.8157893
v 0.6759197 0.8969201 -0.9870714
v 0.6778322 0.8988548 -0.9906057
v 0.6721910 0.8682616 -1.0093556
v 0.6702659 0.8659672 -1.0060186
v 0.6573060 0.8077765 -1.0459119
v 0.6592120 0.8093994 -1.0495923
v 0.6592120 0.8093994 -1.0495923
v 0.6538451 0.7515955 -1.0532725
v 0.6573060 0.8077765 -1.0459119
v 0.6721769 1.0344758 -0.9429242
v 0.6787204 0.9896576 -0.9534996
v 0.6747638 0.9902512 -0.9554880
v 0.6682413 1.0348670 -0.9449619
v 0.6791717 0.9297426 -0.9715460
v 0.6751990 0.9305533 -0.9733300
v 0.6759197 0.8969201 -0.9870714
v 0.6710095 0.8970889 -0.9893121
v 0.6702659 0.8659672 -1.0060186
v 0.6573060 0.8077765 -1.0459119
v 0.6532465 0.8083493 -1.0476918
v 0.6662321 0.8670088 -1.0075498
v 0.6573060 0.8077765 -1.0459119
v 0.6538451 0.7515955 -1.0532725
v 0.6532465 0.8083493 -1.0476918
v 0.6367591 1.2102873 -0.8783570
v 0.6390239 1.2112906 -0.8821675
v 0.5751105 1.4619287 -0.7555267
v 0.5783197 1.4610809 -0.7602999
v 0.6639504 1.0847067 -0.9271226
v 0.6599659 1.0855261 -0.9290539
v 0.6367591 1.2102873 -0.8783570
v 0.6327333 1.2112698 -0.8802217
v 0.6022150 1.3539970 -0.8120343
v 0.5981807 1.3551846 -0.8138190
v 0.5839807 1.4278640 -0.7733666
v 0.5800677 1.4286063 -0.7753902
v 0.5751105 1.4619287 -0.7555267
v 0.5719468 1.4611039 -0.7583172
v -0.0733520 0.8479675 -0.7306109
v -0.0722707 0.9167918 -0.7269528
v -0.0702331 0.9170828 -0.7308714
v -0.0713186 0.8480713 -0.7345409
v -0.0721976 0.5720832 -0.7248707
v -0.0736309 0.7603089 -0.7309146
v -0.0715998 0.7602875 -0.7348477
v -0.0701662 0.5718871 -0.7287984
v -0.0699191 0.9813934 -0.7194080
v -0.0678738 0.9829564 -0.7231110
v -0.0659307 0.3517275 -0.7036718
v -0.0640018 0.3544397 -0.7079402
v -0.0699191 0.9813934 -0.7194080
v -0.0722707 0.9167918 -0.7269528
v -0.0762032 0.9170640 -0.7289659
v -0.0737292 0.9830387 -0.7212252
v -0.0733520 0.8479675 -0.7306109
v -0.0772884 0.8480579 -0.7326330
v -0.0736309 0.7603089 -0.7309146
v -0.0721976 0.5720832 -0.7248707
v -0.0761340 0.5718871 -0.7268849
v -0.0775683 0.7602840 -0.7329363
v -0.0659307 0.3517275 -0.7036718
v -0.0699680 0.3544105 -0.7060215
v -0.0650112 1.0374719 -0.7141723
v -0.0670656 1.0367995 -0.7103105
v -0.0433998 1.3487533 -0.6111834
v -0.0393254 1.4159277 -0.5823617
v -0.0372220 1.4168426 -0.5861946
v -0.0412838 1.3499826 -0.6148778
v -0.0544817 1.2073574 -0.6622778
v -0.0523924 1.2083613 -0.6660506
v -0.0638855 1.0831760 -0.6988684
v -0.0618181 1.0840039 -0.7026934
v -0.0638855 1.0831760 -0.6988684
v -0.0670656 1.0367995 -0.7103105
v -0.0709885 1.0373134 -0.7122919
v -0.0677897 1.0839932 -0.7007910
v -0.0544817 1.2073574 -0.6622778
v -0.0583710 1.2083075 -0.6641697
v -0.0433998 1.3487533 -0.6111834
v -0.0472742 1.3498564 -0.6130294
v -0.0393254 1.4159277 -0.5823617
v -0.0432292 1.4166252 -0.5843832
v -0.0390462 1.4540081 -0.5655748
v -0.0428318 1.4530587 -0.5681980
v -0.0390462 1.4540081 -0.5655748
v -0.0368173 1.4532704 -0.5700120
v -1.0089114 0.9026544 -0.4234130
v -0.9944482 0.9709896 -0.4164184
v -0.9923934 0.9716361 -0.4203486
v -1.0068030 0.9031936 -0.4273160
v -1.0201482 0.8318674 -0.4280774
v -1.0176611 0.8324052 -0.4320181
v -0.9748194 1.0433946 -0.4039980
v -0.9644260 1.0714311 -0.3927761
v -0.9632823 1.0730072 -0.3967830
v -0.9728139 1.0456218 -0.4074910
v -1.0261263 0.7426156 -0.4405303
v -1.0291350 0.7415242 -0.4373605
v -1.0154812 0.5620482 -0.4443278
v -1.0124258 0.5623142 -0.4475127
v -0.9740291 0.3472841 -0.4284060
v -0.9716312 0.3500207 -0.4319523
v -0.9875548 0.9981616 -0.4127538
v -0.9855696 0.9986682 -0.4166790
v -0.9644260 1.0714311 -0.3927761
v -0.9748194 1.0433946 -0.4039980
v -0.9795708 1.0428698 -0.4059099
v -0.9685766 1.0729824 -0.3931666
v -0.9433984 1.1084810 -0.3808539
v -0.9358145 1.1131035 -0.3788678
v -0.9875548 0.9981616 -0.4127538
v -0.9915221 0.9990116 -0.4145789
v -0.9944482 0.9709896 -0.4164184
v -1.0089114 0.9026544 -0.4234130
v -1.0128963 0.9029130 -0.4254355
v -0.9984507 0.9714908 -0.4183330
v -1.0234950 0.8337683 -0.4300882
v -1.0201482 0.8318674 -0.4280774
v -1.0291350 0.7415242 -0.4373605
v -1.0324555 0.7410228 -0.4404221
v -1.0154812 0.5620482 -0.4443278
v -1.0186881 0.5616731 -0.4474010
v -0.9740291 0.3472841 -0.4284060
v -0.9780037 0.3499932 -0.4316098
v 0.5886343 0.8943170 -0.9607644
v 0.6024927 0.9282549 -0.9486265
v 0.6751990 0.9305533 -0.9733300
v 0.5172957 0.8569349 -0.9394694
v 0.4498185 0.8648982 -0.9057821
v 0.4719352 0.8569349 -0.9150225
v 0.5472403 0.9505882 -0.9246249
v 0.5249741 0.9585515 -0.9158442
v -0.0762032 0.9170640 -0.7289659
v -0.0772884 0.8480579 -0.7326330
v -0.1608115 0.8455438 -0.7057278
v -0.1577121 0.9252551 -0.7016587
v -0.3064514 0.8680887 -0.6576243
v -0.2992179 0.8441989 -0.6611305
v -0.2234772 0.9821348 -0.6731493
v -0.2213233 1.0105318 -0.6689317
v -0.2745160 0.9378522 -0.6624173
v -0.2262618 0.9378522 -0.6779612
v -0.1975657 0.8680887 -0.6927214
v -0.1969212 0.9059991 -0.6907381
v -0.2282378 0.8362356 -0.6840405
v -0.2054889 0.8441989 -0.6913359
v -0.2764897 0.8362356 -0.6684904
v -0.2038231 0.9298889 -0.6862108
v -0.3058153 0.9059991 -0.6556667
v -0.2975556 0.9298889 -0.6560167
v -0.2213233 1.0105318 -0.6689317
v -0.1528765 1.0150581 -0.6868584
v -0.1523069 1.0117072 -0.6909567
v -0.2262618 0.9378522 -0.6779612
v -0.2403344 0.8870515 -0.6392541
v -0.2745160 0.9378522 -0.6624173
v -0.2975556 0.9298889 -0.6560167
v -0.3058153 0.9059991 -0.6556667
v -0.3064514 0.8680887 -0.6576243
v -0.2992179 0.8441989 -0.6611305
v -0.2764897 0.8362356 -0.6684904
v -0.2282378 0.8362356 -0.6840405
v -0.2054889 0.8441989 -0.6913359
v -0.1975657 0.8680887 -0.6927214
v -0.1969212 0.9059991 -0.6907381
v -0.2038231 0.9298889 -0.6862108
v 0.4532882 0.9505882 -0.8951060
v 0.5108831 0.9076967 -0.8773044
v 0.4444264 0.9266983 -0.8966093
v 0.4433531 0.8887880 -0.8999114
v 0.4498185 0.8648982 -0.9057821
v 0.4719352 0.8569349 -0.9150225
v 0.5172957 0.8569349 -0.9394694
v 0.5395363 0.8648982 -0.9483281
v 0.5492587 0.8887880 -0.9441778
v 0.5532505 0.9266983 -0.9318955
v 0.5472403 0.9505882 -0.9246249
v 0.5249741 0.9585515 -0.9158442
v 0.4766094 0.9585515 -0.9006412
v 0.4766094 0.9585515 -0.9006412
v 0.4129553 0.9254146 -0.8862001
v 0.4444264 0.9266983 -0.8966093
v 0.4532882 0.9505882 -0.8951060
v 0.4433531 0.8887880 -0.8999114
v 0.5395363 0.8648982 -0.9483281
v 0.5689121 0.8568333 -0.9673354
v 0.6012247 0.8746873 -0.9753844
v 0.5532505 0.9266983 -0.9318955
v 0.5492587 0.8887880 -0.9441778
v 0.6710095 0.8970889 -0.9893121
v -0.9780037 0.3499932 -0.4316098
v -0.9740291 0.3472841 -0.4284060
v -1.3982789 1.0148206 -0.1079609
v -1.4024474 1.0286301 -0.0608741
v -1.1034670 1.0480522 -0.1793247
v -1.1036690 1.0452467 -0.2279782
v -1.6904286 0.9742396 0.0110538
v -1.7121654 0.9964963 0.0618306
v -1.7705513 0.9614044 0.0436939
v -1.7965863 0.9856070 0.0952768
v -1.8447349 0.9339453 0.0739144
v -1.8747797 0.9585555 0.1262553
v -1.8803466 0.9027443 0.0884219
v -1.9270661 0.9029140 0.1469705
v -1.8279649 0.9327838 -0.1037794
v -1.8607307 0.8977446 -0.0946116
v -1.8600870 0.8988051 -0.0913638
v -1.8308030 0.9298130 -0.0986433
v -1.8308030 0.9298130 -0.0986433
v -1.8600870 0.8988051 -0.0913638
v -1.8613745 0.9027651 -0.0902036
v -1.8339269 0.9320435 -0.0966608
v -1.8904462 0.8984753 -0.0327451
v -1.8903219 0.9025830 -0.0339636
v -1.7713335 0.9560685 -0.1212110
v -1.7732009 0.9568901 -0.1245118
v -1.7062822 0.9696375 -0.1502664
v -1.7050291 0.9685287 -0.1468256
v -1.7729760 0.9589252 -0.1186463
v -1.7054885 0.9714831 -0.1445254
v -1.7050291 0.9685287 -0.1468256
v -1.7713335 0.9560685 -0.1212110
v -1.4264054 1.0058202 -0.2415826
v -1.4251436 1.0050087 -0.2382090
v -1.4251661 1.0080383 -0.2362108
v -1.4251436 1.0050087 -0.2382090
v -1.0980669 1.0331667 -0.3483462
v -1.0996252 1.0325285 -0.3443284
v -1.1006231 1.0354751 -0.3422591
v -1.0996252 1.0325285 -0.3443284
v -1.0383013 1.0442752 -0.3660031
v -1.0427995 1.0419572 -0.3606333
v -1.8777276 0.9026500 0.4074175
v -1.9270661 0.9029140 0.1469705
v -1.9269124 0.8987177 0.1487218
v -1.8774457 0.8984555 0.4074890
v -1.8803466 0.9027443 0.0884219
v -1.8805639 0.8986590 0.0903819
v -0.9882899 1.0729155 -0.3792111
v -0.9904851 1.0707525 -0.3749559
v -0.9358145 1.1131035 -0.3788678
v -0.9433984 1.1084810 -0.3808539
v -1.9270661 0.9029140 0.1469705
v -1.8803466 0.9027443 0.0884219
v -1.8805639 0.8986590 0.0903819
v -1.9269124 0.8987177 0.1487218
v -1.9505082 0.4532493 0.4399093
v -1.9312645 0.3697539 0.4456047
v -1.9802098 0.4524323 0.3176533
v -1.9759331 0.3697407 0.2539648
v -1.9851567 0.4410088 0.2945119
v -1.8666836 0.6693588 -0.1356692
v -1.9113281 0.6694298 -0.1038375
v -1.9130643 0.6736115 -0.1056005
v -1.8671151 0.6735919 -0.1384499
v -1.8285493 0.6693212 -0.1832549
v -1.8456743 0.6691888 -0.1578218
v -1.8463288 0.6735294 -0.1602376
v -1.8294421 0.6734504 -0.1853619
v -1.8023540 0.6700108 -0.2364996
v -1.8025357 0.6734938 -0.2395068
v -1.7416770 0.6705068 -0.2632856
v -0.9267224 0.3266123 -0.4668163
v -0.9054014 0.2454291 -0.4213681
v -1.0112542 0.2455052 -0.4302131
v -1.0298293 0.3435792 -0.4471394
v -0.6666463 0.3269800 -0.5465696
v -0.4798798 0.2481075 -0.5564587
v -0.3252659 0.3274656 -0.6586619
v -0.0774004 0.3278177 -0.7387953
v 0.0519725 0.2487320 -0.7287270
v 0.1532976 0.3281450 -0.8123537
v 0.3358169 0.3284064 -0.8765767
v 0.3478443 0.2486798 -0.8280764
v 0.4386736 0.3507885 -0.9207478
v 0.4419971 0.2483146 -0.8962501
v 1.1430644 1.0427188 -1.0874298
v 0.8635637 1.0429966 -1.0034279
v 0.8642147 1.0455157 -0.9998160
v 1.1439017 1.0451056 -1.0839083
v 1.4420475 1.0422740 -1.1739793
v 1.4426717 1.0446287 -1.1703868
v 0.8208252 1.0581648 -0.9868210
v 0.8007920 1.0864146 -0.9720586
v 0.8053652 1.0855618 -0.9703090
v 0.8265459 1.0581468 -0.9852388
v 1.5296833 1.0421516 -1.1938160
v 1.5299296 1.0444147 -1.1901669
v 1.5793076 1.0420866 -1.1957683
v 1.5785112 1.0441910 -1.1922141
v 1.4248249 1.4061433 -1.0070950
v 1.3819557 1.4065206 -1.0083201
v 1.3774138 1.4089906 -1.0040080
v 1.4228275 1.4080807 -1.0029758
v 1.6061745 1.0420398 -1.1817881
v 1.6039889 1.0441355 -1.1789826
v 1.6312881 1.0420076 -1.1409418
v 1.6301857 1.0442141 -1.1361271
v 0.6530545 1.3860459 -0.8169720
v 0.6585005 1.3856307 -0.8152733
v 0.6733110 1.3538501 -0.8340631
v 0.6689983 1.3550206 -0.8357731
v 1.8030391 1.0419214 -0.7760854
v 1.6822710 1.0419706 -1.0515285
v 1.6793762 1.0442270 -1.0496648
v 1.7999454 1.0442264 -0.7747063
v 1.6822710 1.0419706 -1.0515285
v 1.6345064 1.0420043 -1.1355005
v 1.6301857 1.0442141 -1.1361271
v 1.6793762 1.0442270 -1.0496648
v 1.5299296 1.0444147 -1.1901669
v 1.5318513 1.0481844 -1.1921651
v 1.5782228 1.0480347 -1.1940325
v 1.5785112 1.0441910 -1.1922141
v 1.6050981 1.0479536 -1.1801050
v 1.6039889 1.0441355 -1.1789826
v 1.6301773 1.0479486 -1.1393416
v 1.6301857 1.0442141 -1.1361271
v 1.0522680 1.4181254 -0.9235952
v 1.2989321 1.4145277 -0.9921736
v 1.3006709 1.4102751 -0.9911183
v 1.0537337 1.4139867 -0.9223394
v 1.3758984 1.4133209 -1.0049235
v 1.4219707 1.4125284 -1.0036203
v 1.4228275 1.4080807 -1.0029758
v 1.3774138 1.4089906 -1.0040080
v 0.7858225 1.4219750 -0.8414349
v 0.7872327 1.4178444 -0.8401573
v 0.6772990 1.4233461 -0.8076682
v 0.6798281 1.4193993 -0.8066477
v 0.7381964 1.2115419 -0.9126579
v 0.7425355 1.2105461 -0.9108866
v 1.4322386 1.4113656 -0.9996832
v 1.4446906 1.4076549 -0.9925699
v 1.3819557 1.4065206 -1.0083201
v 1.4177464 1.3323827 -1.0567216
v 1.4145372 1.3311564 -1.0537291
v 1.3774138 1.4089906 -1.0040080
v 1.5116185 1.3287281 -1.0156206
v 1.4654229 1.4059341 -0.9668217
v 1.4635265 1.4075786 -0.9614239
v 1.5111052 1.3269200 -1.0116074
v 1.4727081 1.2043401 -1.1256687
v 1.5188325 1.0880153 -1.1769532
v 1.5158979 1.0869763 -1.1738859
v 1.4697039 1.2031331 -1.1226232
v 1.6170238 1.0876787 -1.1253252
v 1.5706997 1.2039353 -1.0783823
v 1.5700900 1.2023188 -1.0743281
v 1.6162863 1.0862649 -1.1212099
v 1.5318513 1.0481844 -1.1921651
v 1.5299296 1.0444147 -1.1901669
v 1.6301773 1.0479486 -1.1393416
v 1.6301857 1.0442141 -1.1361271
v 1.2798521 0.6307506 -1.1985732
v 1.3014046 0.6742060 -1.1684917
v 1.4766960 0.6307506 -1.2377753
v 1.5171571 0.4993646 -1.2419602
v 1.5519770 0.6307506 -1.2518672
v 1.6070742 0.6307506 -1.2534965
v 1.6069135 0.4993646 -1.2427487
v 1.6367142 0.6307506 -1.2383044
v 1.6406280 0.4993646 -1.2189097
v 1.6943427 0.4993646 -1.1426063
v 1.6913914 0.5982484 -1.1473896
v 1.2070038 0.6307505 -1.1997551
v 1.2432727 0.6738916 -1.1792924
v 1.2730550 0.6741384 -1.1708514
v 1.1293858 0.6767742 -1.1894320
v 1.1926569 0.6736470 -1.2023565
v 1.1926569 0.6736470 -1.2023565
v 1.8500410 0.5977010 -0.8038940
v 1.8193276 0.4993646 -0.8912303
v 1.6854496 0.6307506 -1.1575843
v 1.6913914 0.5982484 -1.1473896
v 1.6226841 0.5985083 -1.1210156
v 1.6559908 0.5978992 -1.0587808
v 1.7765585 0.5979055 -0.7733375
v 1.8378575 0.5979081 -0.6007182
v 1.9144505 0.5974249 -0.6256118
v 1.8500410 0.5977010 -0.8038940
v 1.7793156 0.6029832 -0.7743752
v 1.6586714 0.6029838 -1.0599824
v 1.7383182 0.6767617 -0.9035012
v 1.7912274 0.6767617 -0.7782467
v 1.6705833 0.6767617 -1.0638537
v 1.6269528 0.6029843 -1.1194645
v 1.6239073 0.6767617 -1.1513851
v 1.6559908 0.5978992 -1.0587808
v 1.7765585 0.5979055 -0.7733375
v 1.8500410 0.5977010 -0.8038940
v 1.6913914 0.5982484 -1.1473896
v 1.6913914 0.5982484 -1.1473896
v 1.6193869 0.6762077 -1.1535057
v 1.6226841 0.5985083 -1.1210156
v 1.3518390 0.6798950 -1.1753052
v 1.4654015 0.6798951 -1.2030951
v 1.4662339 0.6758265 -1.2002076
v 1.3531747 0.6757776 -1.1725669
v 1.3017610 0.6798880 -1.1665021
v 1.3028290 0.6757302 -1.1637678
v 1.4662193 0.6741755 -1.2050769
v 1.3529842 0.6742459 -1.1774761
v 1.3531747 0.6757776 -1.1725669
v 1.4662339 0.6758265 -1.2002076
v 1.5281762 0.6742490 -1.2168954
v 1.4832667 0.6758151 -1.2034826
v 1.5271198 0.6757859 -1.2119147
v 1.5732518 0.6745191 -1.2168920
v 1.5708107 0.6756047 -1.2121920
v 1.6322849 0.9763178 -1.1475910
v 1.6333199 0.9798537 -1.1513952
v 1.6312881 1.0420076 -1.1409418
v 1.6301857 1.0442141 -1.1361271
v 1.5981481 0.6747315 -1.2014263
v 1.5943560 0.6754991 -1.1976802
v 1.6246333 0.6746685 -1.1554746
v 1.6193869 0.6762077 -1.1535057
v 1.6345064 1.0420043 -1.1355005
v 1.6365146 0.9794425 -1.1460144
v 1.6322849 0.9763178 -1.1475910
v 1.6301857 1.0442141 -1.1361271
v 1.6355400 0.9071397 -1.1534425
v 1.6350871 0.8459490 -1.1563105
v 1.6308398 0.8460359 -1.1574846
v 1.6313194 0.9101995 -1.1544560
v 1.6322849 0.9763178 -1.1475910
v 1.6364855 0.9731865 -1.1467811
v 1.6356088 0.9134039 -1.1529713
v 1.6313194 0.9101995 -1.1544560
v 1.6239073 0.6767617 -1.1513851
v 1.6193869 0.6762077 -1.1535057
v 1.2422277 0.6798195 -1.1777163
v 1.2715709 0.6798635 -1.1689369
v 1.2721523 0.6756702 -1.1662797
v 1.2424610 0.6759169 -1.1751249
v 1.1897981 0.6798097 -1.2022576
v 1.1912941 0.6766206 -1.1994315
v 1.1293858 0.6767742 -1.1894320
v 1.3014046 0.6742060 -1.1684917
v 1.3028290 0.6757302 -1.1637678
v 1.2730550 0.6741384 -1.1708514
v 1.2721523 0.6756702 -1.1662797
v 1.1926569 0.6736470 -1.2023565
v 1.1293858 0.6767742 -1.1894320
v 1.1912941 0.6766206 -1.1994315
v 1.2432727 0.6738916 -1.1792924
v 1.2424610 0.6759169 -1.1751249
v 1.6586714 0.6029838 -1.0599824
v 1.7793156 0.6029832 -0.7743752
v 1.7765585 0.5979055 -0.7733375
v 1.6559908 0.5978992 -1.0587808
v 1.6269528 0.6029843 -1.1194645
v 1.6226841 0.5985083 -1.1210156
v 1.4832667 0.6758151 -1.2034826
v 1.4799312 0.6798951 -1.2058901
v 1.5074117 0.9619269 -1.2024564
v 1.5074117 0.9619269 -1.2024564
v 1.5313296 0.9780144 -1.2057352
v 1.5317289 0.9740421 -1.2032168
v 1.5124256 0.9616394 -1.2003796
v 1.5809867 0.9789395 -1.2074421
v 1.5802967 0.9753649 -1.2049088
v 1.4945941 0.9096749 -1.2059939
v 1.4995467 0.9411250 -1.2037177
v 1.5031858 0.9397055 -1.2014613
v 1.4983304 0.9094640 -1.2036081
v 1.4896697 0.8459765 -1.2086112
v 1.4933823 0.8458944 -1.2061970
v 1.4799312 0.6798951 -1.2058901
v 1.4832667 0.6758151 -1.2034826
v 1.6079486 0.9795365 -1.1930640
v 1.6058180 0.9760688 -1.1912739
v 1.6333199 0.9798537 -1.1513952
v 1.6322849 0.9763178 -1.1475910
v 1.7031785 0.9102092 -1.0152092
v 1.7064711 0.9071397 -1.0155680
v 1.6842034 0.9071398 -1.0667473
v 1.6814134 0.9102055 -1.0652301
v 1.8047336 0.9102257 -0.7818093
v 1.8076230 0.9134057 -0.7828522
v 1.6842478 0.9134049 -1.0663520
v 1.7031785 0.9102092 -1.0152092
v 1.6814134 0.9102055 -1.0652301
v 1.6355400 0.9071397 -1.1534425
v 1.6313194 0.9101995 -1.1544560
v 1.6356088 0.9134039 -1.1529713
v 1.6313194 0.9101995 -1.1544560
v 1.6847787 0.9794447 -1.0605160
v 1.8070454 0.9794471 -0.7804272
v 1.8042409 0.9762019 -0.7794405
v 1.6820162 0.9761703 -1.0594947
v 1.8680981 0.9794476 -0.6105467
v 1.8652668 0.9762110 -0.6096264
v 1.8042409 0.9762019 -0.7794405
v 1.8070454 0.9794471 -0.7804272
v 1.8071747 0.9731850 -0.7807091
v 1.6847894 0.9731858 -1.0611632
v 1.6820162 0.9761703 -1.0594947
v 1.8042409 0.9762019 -0.7794405
v 1.6365146 0.9794425 -1.1460144
v 1.6847787 0.9794447 -1.0605160
v 1.6820162 0.9761703 -1.0594947
v 1.6322849 0.9763178 -1.1475910
v 1.6364855 0.9731865 -1.1467811
v 1.6322849 0.9763178 -1.1475910
v 1.7064711 0.9071397 -1.0155680
v 1.7154951 0.8459492 -0.9964545
v 1.7395315 0.6903339 -0.9037496
v 1.7925325 0.6900706 -0.7786992
v 1.7912274 0.6767617 -0.7782467
v 1.7383182 0.6767617 -0.9035012
v 1.7011704 0.7340975 -0.9303131
v 1.7062057 0.7117414 -0.9129758
v 1.7214629 0.7225743 -0.9539433
v 1.6886634 0.8989839 -0.9842935
v 1.6705833 0.6767617 -1.0638537
v 1.7269396 0.6975499 -0.9352473
v 1.7183126 0.7052948 -0.8829712
v 1.8047336 0.9102257 -0.7818093
v 1.7855006 0.8989839 -0.7651133
v 1.6886634 0.8989839 -0.9842935
v 1.7031785 0.9102092 -1.0152092
v 1.7064711 0.9071397 -1.0155680
v 1.6886634 0.8989839 -0.9842935
v 1.7154951 0.8459492 -0.9964545
v 1.7011704 0.7340975 -0.9303131
v 1.7214629 0.7225743 -0.9539433
v 1.7062057 0.7117414 -0.9129758
v 1.7269396 0.6975499 -0.9352473
v 1.7183126 0.7052948 -0.8829712
v 1.7395315 0.6903339 -0.9037496
v 1.7695794 0.7050595 -0.7632565
v 1.7925325 0.6900706 -0.7786992
v 1.7031785 0.9102092 -1.0152092
v 1.6886634 0.8989839 -0.9842935
v 1.7064711 0.9071397 -1.0155680
v -0.7685785 1.1768528 -0.4441526
v -0.7830042 1.0787571 -0.4754245
v -0.8763465 1.0724897 -0.4394106
v -0.7896081 1.0078327 -0.4862973
v -0.9152562 1.0044781 -0.4435223
v 0.4029777 0.9237756 -0.9206644
v 0.4972985 0.9237756 -0.9513197
v 0.4965033 0.9017344 -0.9537667
v 0.4021821 0.9017344 -0.9231113
v 0.4054407 0.8898344 -0.8804551
v 0.3985747 0.8924831 -0.9020817
v 0.5007074 0.8930998 -0.9408311
v 0.6204768 0.8966168 -0.9479609
v 0.6121233 0.8997714 -0.9736626
v 0.6129185 0.9218126 -0.9712155
v 0.6212720 0.9186579 -0.9455141
v 0.6145641 0.9257799 -0.9440108
v 0.6074029 0.9284285 -0.9655417
v 0.5020044 0.9290451 -0.9368405
v 0.4004272 0.9186579 -0.8737368
v 0.3920741 0.9218126 -0.8994383
v 0.3912789 0.8997714 -0.9018851
v 0.3996320 0.8966168 -0.8761837
v 0.5916193 0.9237756 -0.9819753
v 0.5908241 0.9017344 -0.9844222
v 0.4984013 0.8939707 -0.9479269
v 0.5899650 0.8939707 -0.9776861
v 0.6061062 0.8924831 -0.9695321
v 0.4996983 0.9299160 -0.9439363
v 0.4081346 0.9299160 -0.9141768
v 0.3998714 0.9284285 -0.8980915
v 0.4984013 0.8939707 -0.9479269
v 0.4068375 0.8939707 -0.9181675
v 0.5912620 0.9299160 -0.9736957
v 0.6132670 0.8898344 -0.9480013
v 0.6061062 0.8924831 -0.9695321
v 0.3985747 0.8924831 -0.9020817
v 0.4054407 0.8898344 -0.8804551
v 0.4067373 0.9257799 -0.8764646
v 0.5899650 0.8939707 -0.9776861
v 0.4068375 0.8939707 -0.9181675
v 0.6132670 0.8898344 -0.9480013
v -0.3457355 0.9035653 -0.6793099
v -0.2514147 0.9035653 -0.7099651
v -0.2522100 0.8815241 -0.7124122
v -0.3465311 0.8815241 -0.6817568
v -0.3432726 0.8696242 -0.6391007
v -0.3501385 0.8722728 -0.6607274
v -0.2480059 0.8728895 -0.6994765
v -0.1282365 0.8764065 -0.7066064
v -0.1365899 0.8795611 -0.7323080
v -0.1357947 0.9016023 -0.7298612
v -0.1274413 0.8984476 -0.7041595
v -0.1341492 0.9055696 -0.7026563
v -0.1413104 0.9082182 -0.7241871
v -0.2467088 0.9088348 -0.6954859
v -0.3482861 0.8984476 -0.6323822
v -0.3566391 0.9016023 -0.6580837
v -0.3574347 0.8795611 -0.6605308
v -0.3490813 0.8764065 -0.6348291
v -0.1570940 0.9035653 -0.7406208
v -0.1578892 0.8815241 -0.7430676
v -0.2503120 0.8737605 -0.7065723
v -0.1587483 0.8737605 -0.7363316
v -0.1426071 0.8722728 -0.7281776
v -0.2490149 0.9097058 -0.7025817
v -0.3405786 0.9097058 -0.6728225
v -0.3488418 0.9082182 -0.6567369
v -0.2503120 0.8737605 -0.7065723
v -0.3418757 0.8737605 -0.6768129
v -0.1574512 0.9097058 -0.7323411
v -0.1354463 0.8696242 -0.7066467
v -0.1426071 0.8722728 -0.7281776
v -0.3501385 0.8722728 -0.6607274
v -0.3432726 0.8696242 -0.6391007
v -0.3419759 0.9055696 -0.6351101
v -0.1587483 0.8737605 -0.7363316
v -0.3418757 0.8737605 -0.6768129
v -0.1354463 0.8696242 -0.7066467
v -0.9218608 0.9968038 -0.4349315
v -0.9152562 1.0044781 -0.4435223
v -0.7896081 1.0078327 -0.4862973
v -0.7823723 1.0005994 -0.4827519
v -0.7823723 1.0005994 -0.4827519
v -0.7896081 1.0078327 -0.4862973
v -0.7830042 1.0787571 -0.4754245
v -0.7752394 1.0767450 -0.4709656
v -0.7685785 1.1768528 -0.4441526
v -0.7587945 1.1888613 -0.4353281
v -0.7587945 1.1888613 -0.4353281
v -0.7685785 1.1768528 -0.4441526
v -0.8763465 1.0724897 -0.4394106
v -0.8778769 1.0737150 -0.4303171
v -0.9152562 1.0044781 -0.4435223
v -0.9218608 0.9968038 -0.4349315
v -0.0667585 1.5155855 -0.4784988
v -0.1707638 1.5067350 -0.4487302
v -0.1653269 1.5080439 -0.4298532
v -0.0607122 1.5170828 -0.4604975
v 0.5485588 1.5264899 -0.6690650
v 0.2400483 1.5248170 -0.5724947
v 0.2458650 1.5262080 -0.5553754
v 0.5538373 1.5278386 -0.6524057
v 0.6629529 1.5256266 -0.7048717
v 0.6680463 1.5269609 -0.6883876
v 0.9348085 1.5214500 -0.7727547
v 0.9294994 1.5201455 -0.7887014
v 1.2911153 1.5008508 -0.8848378
v 1.2856531 1.4997580 -0.8991265
v 1.3286716 1.4946437 -0.9112446
v 1.3337849 1.4956671 -0.8978692
v -0.0575218 1.4768626 -0.4493061
v -0.0593096 1.4994000 -0.4555772
v -0.1653269 1.5080439 -0.4298532
v -0.2895663 1.4567921 -0.3813324
v -0.1653269 1.5080439 -0.4298532
v -0.1707638 1.5067350 -0.4487302
v -0.2999806 1.4544632 -0.4173727
v -0.2895663 1.4567921 -0.3813324
v -0.1707638 1.5067350 -0.4487302
v -0.0674734 1.4973681 -0.4807674
v -0.0683841 1.4741493 -0.4836590
v -0.2999806 1.4544632 -0.4173727
v 1.3046382 1.4566848 -0.9106020
v 1.2849371 1.4814987 -0.9013919
v 1.3286716 1.4946437 -0.9112446
v 1.3864233 1.4436270 -0.9317562
v 1.3864233 1.4436270 -0.9317562
v 1.3286716 1.4946437 -0.9112446
v 1.3337849 1.4956671 -0.8978692
v 1.3970530 1.4456747 -0.9046089
v 1.3337849 1.4956671 -0.8978692
v 1.2925787 1.4831977 -0.8799387
v 1.3150201 1.4591454 -0.8801343
v 1.3970530 1.4456747 -0.9046089
v 0.6695120 1.5093001 -0.6834885
v 0.5552996 1.5101768 -0.6475052
v 0.5571635 1.4876661 -0.6412599
v 0.6713801 1.4867908 -0.6772444
v 0.5477750 1.5082505 -0.6713110
v 0.6621657 1.5073860 -0.7071163
v 0.6611624 1.4841377 -0.7099772
v 0.5467763 1.4850035 -0.6741735
v -0.1653269 1.5080439 -0.4298532
v -0.0593096 1.4994000 -0.4555772
v -0.0607122 1.5170828 -0.4604975
v -0.0674734 1.4973681 -0.4807674
v -0.1707638 1.5067350 -0.4487302
v -0.0667585 1.5155855 -0.4784988
v -0.0674734 1.4973681 -0.4807674
v -0.0667585 1.5155855 -0.4784988
v 0.2400483 1.5248170 -0.5724947
v 0.2392814 1.5065812 -0.5747459
v 0.2392814 1.5065812 -0.5747459
v 0.2400483 1.5248170 -0.5724947
v 0.5485588 1.5264899 -0.6690650
v 0.5477750 1.5082505 -0.6713110
v 0.9287072 1.5019027 -0.7909446
v 0.9294994 1.5201455 -0.7887014
v 1.2856531 1.4997580 -0.8991265
v 1.2849371 1.4814987 -0.9013919
v 1.3286716 1.4946437 -0.9112446
v 1.2849371 1.4814987 -0.9013919
v 1.2856531 1.4997580 -0.8991265
v 1.2925787 1.4831977 -0.8799387
v 1.3337849 1.4956671 -0.8978692
v 1.2911153 1.5008508 -0.8848378
v 0.9362815 1.5037909 -0.7678583
v 1.2925787 1.4831977 -0.8799387
v 1.2911153 1.5008508 -0.8848378
v 0.9348085 1.5214500 -0.7727547
v 0.9362815 1.5037909 -0.7678583
v 0.9348085 1.5214500 -0.7727547
v 0.6680463 1.5269609 -0.6883876
v 0.6695120 1.5093001 -0.6834885
v 0.2473128 1.5085425 -0.5504702
v 0.2458650 1.5262080 -0.5553754
v -0.0607122 1.5170828 -0.4604975
v -0.0593096 1.4994000 -0.4555772
v 0.6621657 1.5073860 -0.7071163
v 0.6629529 1.5256266 -0.7048717
v 0.9294994 1.5201455 -0.7887014
v 0.9287072 1.5019027 -0.7909446
v 0.6680463 1.5269609 -0.6883876
v 0.5538373 1.5278386 -0.6524057
v 0.5485588 1.5264899 -0.6690650
v 0.6629529 1.5256266 -0.7048717
v 0.2473128 1.5085425 -0.5504702
v 0.5552996 1.5101768 -0.6475052
v 0.5538373 1.5278386 -0.6524057
v 0.2458650 1.5262080 -0.5553754
v -0.0593096 1.4994000 -0.4555772
v -0.0575218 1.4768626 -0.4493061
v -0.0683841 1.4741493 -0.4836590
v -0.0674734 1.4973681 -0.4807674
v 0.2473128 1.5085425 -0.5504702
v -0.0593096 1.4994000 -0.4555772
v -0.0674734 1.4973681 -0.4807674
v 0.2392814 1.5065812 -0.5747459
v 0.5552996 1.5101768 -0.6475052
v 0.5477750 1.5082505 -0.6713110
v 0.5571635 1.4876661 -0.6412599
v 0.5552996 1.5101768 -0.6475052
v 0.5477750 1.5082505 -0.6713110
v 0.5467763 1.4850035 -0.6741735
v 1.2925787 1.4831977 -0.8799387
v 1.2849371 1.4814987 -0.9013919
v 1.3046382 1.4566848 -0.9106020
v 1.3150201 1.4591454 -0.8801343
v 0.9287072 1.5019027 -0.7909446
v 1.2849371 1.4814987 -0.9013919
v 1.2925787 1.4831977 -0.8799387
v 0.9362815 1.5037909 -0.7678583
v 0.6621657 1.5073860 -0.7071163
v 0.6695120 1.5093001 -0.6834885
v 0.6611624 1.4841377 -0.7099772
v 0.6621657 1.5073860 -0.7071163
v 0.6695120 1.5093001 -0.6834885
v 0.6713801 1.4867908 -0.6772444
v -0.6734839 0.6489156 -0.5363679
v -0.6776715 0.6211167 -0.5492527
v -0.9521240 0.6211167 -0.4654829
v -0.9568008 0.6489156 -0.4498045
v -0.9489282 0.5701183 -0.4495926
v -0.9521240 0.6211167 -0.4654829
v -0.6776715 0.6211167 -0.5492527
v -0.6727105 0.5701183 -0.5339884
v -0.0736171 0.6489156 -0.7317899
v 0.1762080 0.6489156 -0.8113844
v 0.1720108 0.6211167 -0.8242978
v -0.0660394 0.6211167 -0.7483549
v -0.0660394 0.6211167 -0.7483549
v 0.1720108 0.6211167 -0.8242978
v 0.1769229 0.5701182 -0.8091848
v -0.0727806 0.5701183 -0.7292165
v 0.3531565 0.6211167 -0.8890292
v 0.3685770 0.6489156 -0.8798530
v 0.3726916 0.6211167 -0.8805243
v 0.3587804 0.5701182 -0.8739768
v -0.3226053 0.6489156 -0.6515357
v -0.0736171 0.6489156 -0.7317899
v -0.0900915 0.6211167 -0.7406406
v -0.3267684 0.6211167 -0.6643458
v -0.3267684 0.6211167 -0.6643458
v -0.0900915 0.6211167 -0.7406406
v -0.3217611 0.5701182 -0.6489381
v -0.0660394 0.6211167 -0.7483549
v -0.0727806 0.5701183 -0.7292165
v -0.0736171 0.6489156 -0.7317899
v -0.0727806 0.5701183 -0.7292165
v -0.0900915 0.6211167 -0.7406406
v -0.0736171 0.6489156 -0.7317899
v 0.3531565 0.6211167 -0.8890292
v 0.3685770 0.6489156 -0.8798530
v 0.3587804 0.5701182 -0.8739768
v 0.3531565 0.6211167 -0.8890292
v -0.9568008 0.6489156 -0.4498045
v -0.9521240 0.6211167 -0.4654829
v -0.9606362 0.6211167 -0.4477277
v -0.9489282 0.5701183 -0.4495926
v -0.7856649 1.0380742 -0.7062587
v -0.8515684 1.0350279 -0.6845668
v -0.8622582 1.0500729 -0.6790410
v -0.7871015 1.1406887 -0.6822433
v -0.8312270 1.1416886 -0.6675522
v -0.8446497 1.1519739 -0.5434230
v -0.7958620 1.1531037 -0.5373081
v -0.7962426 1.0151178 -0.5308368
v -0.8503720 1.0237249 -0.6669709
v -0.7863136 1.0253486 -0.6953845
v -0.8522680 1.1294551 -0.6681536
v -0.8682184 1.0506419 -0.6698816
v -0.8823246 1.0431498 -0.5381148
v -0.8644679 1.1400252 -0.5401189
v -0.8032791 1.0426980 -0.5147453
v -0.8030603 1.0121765 -0.5120609
v -0.8001529 1.0133562 -0.5212474
v -0.7966763 1.0215362 -0.5236805
v -0.8001529 1.0133562 -0.5212474
v -0.8030603 1.0121765 -0.5120609
v -0.8594105 1.0121765 -0.5074623
v -0.8618646 1.0139881 -0.5197909
v -0.8597172 1.0461641 -0.5112245
v -0.8773640 1.0456780 -0.5272791
v -0.8571992 1.1407835 -0.5322677
v -0.8032791 1.0426980 -0.5147453
v -0.7966637 1.1416725 -0.5240980
v -0.7973954 1.0403504 -0.4570900
v -0.7985953 1.0073456 -0.4717920
v -0.7985953 1.0073456 -0.4717920
v -0.8790787 1.0088555 -0.4514812
v -0.8883647 1.0403504 -0.4272162
v -0.8597172 1.0461641 -0.5112245
v -0.8883647 1.0403504 -0.4272162
v -0.7973954 1.0403504 -0.4570900
v -0.8032791 1.0426980 -0.5147453
v -0.8779813 1.0371509 -0.5314166
v -0.8628706 1.0155500 -0.5315876
v -0.8582194 1.0351359 -0.6755220
v -0.7861996 1.1266565 -0.6973410
v -0.8463335 1.1285619 -0.6771943
v -0.8443755 1.0243236 -0.6760175
v -0.8518488 1.1511386 -0.5514062
v -0.8372139 1.1425213 -0.6585221
v -0.7966637 1.1416725 -0.5240980
v -0.7962426 1.0151178 -0.5308368
v -0.7980028 1.1228892 -0.6877293
v -0.7987900 1.1330570 -0.6767452
v -0.7978889 1.0330285 -0.6894756
v -0.7974341 1.0404548 -0.6958466
v -0.7861996 1.1266565 -0.6973410
v -0.7864123 1.1249457 -0.6937786
v -0.7858997 1.0391552 -0.7023204
v -0.7856649 1.0380742 -0.7062587
v -0.7864257 1.0288360 -0.6935024
v -0.7863136 1.0253486 -0.6953845
v -0.7961592 1.0188243 -0.5322099
v -0.7962426 1.0151178 -0.5308368
v -0.7964480 1.0230937 -0.5274501
v -0.7966763 1.0215362 -0.5236805
v -0.7964357 1.1400647 -0.5278540
v -0.7966637 1.1416725 -0.5240980
v -0.7957840 1.1493608 -0.5385962
v -0.7958620 1.1531037 -0.5373081
v -0.7872018 1.1372231 -0.6805683
v -0.7871015 1.1406887 -0.6822433
v -0.7864123 1.1249457 -0.6937786
v -0.7980028 1.1228892 -0.6877293
v -0.7974341 1.0404548 -0.6958466
v -0.7858997 1.0391552 -0.7023204
v -0.7978889 1.0330285 -0.6894756
v -0.7864257 1.0288360 -0.6935024
v -0.8094412 1.0241229 -0.5305076
v -0.7961592 1.0188243 -0.5322099
v -0.7964480 1.0230937 -0.5274501
v -0.8094947 1.1381320 -0.5299528
v -0.7964357 1.1400647 -0.5278540
v -0.8089172 1.1448611 -0.5377631
v -0.7957840 1.1493608 -0.5385962
v -0.7987900 1.1330570 -0.6767452
v -0.7872018 1.1372231 -0.6805683
v -0.8094947 1.1381320 -0.5299528
v -0.8094412 1.0241229 -0.5305076
v -0.8089172 1.1448611 -0.5377631
v -1.2583999 0.2238735 -0.1116553
v -1.4740618 0.2238736 -0.0415626
v -1.4623863 0.1835733 -0.1464620
v -1.3295169 0.1835733 -0.1896461
v -1.4623863 0.1835733 -0.1464620
v -1.5037825 0.2238736 -0.1330077
v -1.2881206 0.2238735 -0.2031006
v -1.3295169 0.1835733 -0.1896461
v -1.5037825 0.3202449 -0.1330077
v -1.2881206 0.3202450 -0.2031006
v -1.2881206 0.2238735 -0.2031006
v -1.2583999 0.2238735 -0.1116553
v -1.3295169 0.1835733 -0.1896461
v -1.4740618 0.2238736 -0.0415626
v -1.5037825 0.2238736 -0.1330077
v -1.4623863 0.1835733 -0.1464620
v -1.4740618 0.2238736 -0.0415626
v -1.2583999 0.2238735 -0.1116553
v 1.0108021 0.2286008 -0.8514922
v 0.8202874 0.2286009 -0.7895728
v 0.8270026 0.1760275 -0.8933131
v 0.9443783 0.1760276 -0.9314619
v 0.8270026 0.1760275 -0.8933131
v 0.7904331 0.2286009 -0.8814278
v 0.9809478 0.2286008 -0.9433472
v 0.9443783 0.1760276 -0.9314619
v 0.7904331 0.3543213 -0.8814278
v 0.9809478 0.3543214 -0.9433472
v 0.9809478 0.2286008 -0.9433472
v 1.0108021 0.2286008 -0.8514922
v 0.9443783 0.1760276 -0.9314619
v 0.8202874 0.2286009 -0.7895728
v 0.7904331 0.2286009 -0.8814278
v 0.8270026 0.1760275 -0.8933131
v 0.9730228 0.2286009 -0.3196360
v 0.8202874 0.2286009 -0.7895728
v -1.8062368 0.3470663 -0.1917721
v -1.7147095 0.4190422 0.0538652
v -1.7312159 0.2622762 0.0592300
v -1.8024011 0.2622762 -0.1597928
v -1.7416770 0.6705068 -0.2632856
v -1.6341664 0.6700071 0.0276877
v -1.7743258 0.5977611 -0.2479545
v -1.6736310 0.7224344 -0.2901386
v -1.7306475 0.6893259 -0.2681824
v -1.4644912 0.7536063 -0.3628945
v -1.3658860 0.7536063 -0.0595069
v -1.2696450 0.7375344 -0.4258516
v -1.1182190 0.7028223 -0.1400018
v -1.1682839 0.6609498 -0.4518505
v -1.2094534 0.7099826 -0.4429623
v -1.1237373 0.5318683 -0.4525072
v -1.0162004 0.4391432 -0.1731591
v -1.0829473 0.3464181 -0.4300486
v 0.6538451 0.7515955 -1.0532725
v 0.6898959 0.7168882 -0.7276618
v 0.5816345 0.7236430 -1.0263345
v 0.5404203 0.6754259 -1.0073038
v 0.5777138 0.4470169 -0.6912011
v 0.4979461 0.5399341 -0.9779552
v 0.4847195 0.3540997 -0.9360020
v 0.8341757 0.7715652 -1.1123022
v 0.9334602 0.7715652 -0.8068232
v 1.0163522 0.7582947 -1.1665614
v 1.1773094 0.7199332 -0.8860773
v 1.1083195 0.7075283 -1.1871641
v 1.0719225 0.7371358 -1.1803598
v 1.1452167 0.6307505 -1.1861746
v 1.2515217 0.5650575 -0.9101971
v 1.1293858 0.6767742 -1.1894320
v 1.2198658 0.3180271 -1.1176736
v 1.2838798 0.3180271 -0.9207140
v 1.1823286 0.4993646 -1.1741919
v 0.4882630 0.2483486 -0.9099647
v 0.5611171 0.2483486 -0.6858071
v 0.4419971 0.2483146 -0.8962501
v 0.5611171 0.2483486 -0.6858071
v 0.4882630 0.2483486 -0.9099647
v 0.3478443 0.2486798 -0.8280764
v -0.1526061 0.2484198 -0.4538382
v 0.0519725 0.2487320 -0.7287270
v -0.4798798 0.2481075 -0.5564587
v -0.9888124 0.2437774 -0.1820605
v -0.9054014 0.2454291 -0.4213681
v -1.0112542 0.2455052 -0.4302131
v -1.0634734 0.2437774 -0.4117780
v -0.9888124 0.2437774 -0.1820605
v -1.0634734 0.2437774 -0.4117780
v -1.7940583 0.4910180 -0.2262489
v 1.2515217 0.5650575 -0.9101971
v 0.5777138 0.4470169 -0.6912011
v 0.6898959 0.7168882 -0.7276618
v 1.1773094 0.7199332 -0.8860773
v 1.2838798 0.3180271 -0.9207140
v 0.5611171 0.2483486 -0.6858071
v -1.1182190 0.7028223 -0.1400018
v -1.0162004 0.4391432 -0.1731591
v -1.7147095 0.4190422 0.0538652
v -1.6341664 0.6700071 0.0276877
v -1.7312159 0.2622762 0.0592300
v -0.9888124 0.2437774 -0.1820605
v -1.3658860 0.7536063 -0.0595069
v 0.9334602 0.7715652 -0.8068232
v 1.3223756 0.3281044 -1.1451436
v 1.4843606 0.3439962 -1.1815922
v 1.2838798 0.3180271 -0.9207140
v 1.2198658 0.3180271 -1.1176736
v 1.5753808 0.3521910 -1.1736968
v 1.6375588 0.3551477 -1.0805593
v -1.9839140 0.2667831 -0.0346416
v -1.8692517 0.2637819 -0.1370934
v -1.8024011 0.2622762 -0.1597928
v -1.7312159 0.2622762 0.0592300
v -1.9867135 0.2686220 0.2356833
v -2.0024110 0.2675991 0.0322288
v 1.7619385 0.3587633 -0.8500159
v 1.8566552 0.3592514 -0.6068277
v 1.1900139 0.3581043 -0.7292964
v 1.7113633 0.3079790 -0.9970138
v 1.7145052 0.3239500 -1.0063103
v 1.1874591 0.3743191 -0.7357031
v 1.7115071 0.3328822 -1.0217156
v 1.1809401 0.3834020 -0.7493227
v 1.1809401 0.3834020 -0.7493227
v 1.7115071 0.3328822 -1.0217156
v 1.7035144 0.3313640 -1.0373457
v 1.1729470 0.3818840 -0.7649529
v 1.6935800 0.3199755 -1.0472305
v 1.1665332 0.3703446 -0.7766232
v 1.6854985 0.3030666 -1.0475943
v 1.1641483 0.3531916 -0.7798762
v 1.6823567 0.2870959 -1.0382982
v 1.1667042 0.3369771 -0.7734698
v 1.6853540 0.2781634 -1.0228921
v 1.1732228 0.3278940 -0.7598501
v 1.6933475 0.2796815 -1.0072621
v 1.1812163 0.3294121 -0.7442201
v 1.7032826 0.2910702 -0.9973779
v 1.1876293 0.3409514 -0.7325494
v 1.7113633 0.3079790 -0.9970138
v 1.7097683 0.3076762 -1.0001331
v 1.7125223 0.3216771 -1.0082830
v 1.7145052 0.3239500 -1.0063103
v 1.7098938 0.3295075 -1.0217880
v 1.7115071 0.3328822 -1.0217156
v 1.7028871 0.3281767 -1.0354902
v 1.7035144 0.3313640 -1.0373457
v 1.6941775 0.3181928 -1.0441558
v 1.6935800 0.3199755 -1.0472305
v 1.6870928 0.3033695 -1.0444746
v 1.6854985 0.3030666 -1.0475943
v 1.6843388 0.2893685 -1.0363248
v 1.6823567 0.2870959 -1.0382982
v 1.6869673 0.2815380 -1.0228198
v 1.6853540 0.2781634 -1.0228921
v 1.6939748 0.2828689 -1.0091177
v 1.6933475 0.2796815 -1.0072621
v 1.6933475 0.2796815 -1.0072621
v 1.6939748 0.2828689 -1.0091177
v 1.7026844 0.2928528 -1.0004521
v 1.7032826 0.2910702 -0.9973779
v 1.7097683 0.3076762 -1.0001331
v 1.2216192 0.3537408 -0.7771765
v 1.7125223 0.3216771 -1.0082830
v 1.7098938 0.3295075 -1.0217880
v 1.7028871 0.3281767 -1.0354902
v 1.6941775 0.3181928 -1.0441558
v 1.6870928 0.3033695 -1.0444746
v 1.6843388 0.2893685 -1.0363248
v 1.6869673 0.2815380 -1.0228198
v 1.6939748 0.2828689 -1.0091177
v 1.6939748 0.2828689 -1.0091177
v 1.7026844 0.2928528 -1.0004521
v -1.8904462 0.8984753 -0.0327451
v -1.8600870 0.8988051 -0.0913638
v -1.8607307 0.8977446 -0.0946116
v -1.8945917 0.8976870 -0.0327476
v -1.8805639 0.8986590 0.0903819
v -1.8904462 0.8984753 -0.0327451
v -1.8945917 0.8976870 -0.0327476
v -1.8850139 0.8976128 0.0870509
v -1.9524016 0.7777976 0.0785264
v -1.9889133 0.6850171 0.0941097
v -1.9843007 0.6898568 0.1275222
v -1.9482897 0.7865616 0.1128438
v -2.0007693 0.6734909 0.0052733
v -1.9915858 0.6740236 0.1129158
v -1.9969049 0.6853127 0.0057745
v -1.9768595 0.6735752 -0.0526454
v -1.9746521 0.6857540 -0.0512689
v -1.9194261 0.6859113 -0.0983542
v -1.9130643 0.6736115 -0.1056005
v -1.8590646 0.7808623 -0.1254942
v -1.8747395 0.7777976 -0.1140178
v -1.9270176 0.7927077 -0.0713993
v -1.8674073 0.7927077 -0.1168371
v -1.9302623 0.7777976 -0.0733904
v -1.8206399 0.8835165 -0.1262464
v -1.8216394 0.8545764 -0.1345463
v -1.7988419 0.8977528 -0.1371519
v -1.8648480 0.8835165 -0.0977898
v -1.8607307 0.8977446 -0.0946116
v -1.9020360 0.8835165 -0.0341200
v -1.8945917 0.8976870 -0.0327476
v -1.8940608 0.8835165 0.0550966
v -1.8850139 0.8976128 0.0870509
v -1.9145293 0.8485512 0.0633294
v -1.9456087 0.7927077 0.0757856
v -1.9136916 0.8517572 0.0987369
v -1.9611031 0.7777976 -0.0127449
v -1.9554076 0.7927077 -0.0118238
v -1.8747395 0.7777976 -0.1140178
v -1.8787745 0.7651243 -0.1014660
v -1.9276751 0.7651243 -0.0613840
v -1.9302623 0.7777976 -0.0733904
v -1.9549287 0.7651243 -0.0095646
v -1.9611031 0.7777976 -0.0127449
v -1.9477121 0.7651243 0.0731827
v -1.9524016 0.7777976 0.0785264
v -1.9524016 0.7777976 0.0785264
v -1.9477121 0.7651243 0.0731827
v -1.9767547 0.6912684 0.0856496
v -1.9889133 0.6850171 0.0941097
v -1.9889133 0.6850171 0.0941097
v -1.9767547 0.6912684 0.0856496
v -1.9843550 0.6917529 0.0098989
v -1.9969049 0.6853127 0.0057745
v -1.9634861 0.6925001 -0.0464513
v -1.9746521 0.6857540 -0.0512689
v -1.9141246 0.6927616 -0.0896555
v -1.9194261 0.6859113 -0.0983542
v -1.9194261 0.6859113 -0.0983542
v -1.9141246 0.6927616 -0.0896555
v -1.8787745 0.7651243 -0.1014660
v -1.8747395 0.7777976 -0.1140178
v -1.9270176 0.7927077 -0.0713993
v -1.9159526 0.7984650 -0.0658826
v -1.8627285 0.7976230 -0.1075880
v -1.8674073 0.7927077 -0.1168371
v -1.8674073 0.7927077 -0.1168371
v -1.8627285 0.7976230 -0.1075880
v -1.8260030 0.8701135 -0.1150380
v -1.8206399 0.8835165 -0.1262464
v -1.8206399 0.8835165 -0.1262464
v -1.8260030 0.8701135 -0.1150380
v -1.8709608 0.8701135 -0.0757280
v -1.8648480 0.8835165 -0.0977898
v -1.8982347 0.8701135 -0.0309717
v -1.9020360 0.8835165 -0.0341200
v -1.8891197 0.8701136 0.0495362
v -1.8940608 0.8835165 0.0550966
v -1.8940608 0.8835165 0.0550966
v -1.8891197 0.8701136 0.0495362
v -1.9145293 0.8485512 0.0633294
v -1.9329039 0.7967538 0.0670351
v -1.9456087 0.7927077 0.0757856
v -1.9456087 0.7927077 0.0757856
v -1.9329039 0.7967538 0.0670351
v -1.9424886 0.7985804 -0.0070903
v -1.9554076 0.7927077 -0.0118238
v -1.9843007 0.6898568 0.1275222
v -1.9815383 0.6877268 0.1313302
v -1.9452159 0.7854633 0.1168305
v -1.9482897 0.7865616 0.1128438
v -1.9843007 0.6898568 0.1275222
v -1.9915858 0.6740236 0.1129158
v -1.9900646 0.6690923 0.1138739
v -1.9815383 0.6877268 0.1313302
v -1.9136916 0.8517572 0.0987369
v -1.9482897 0.7865616 0.1128438
v -1.9452159 0.7854633 0.1168305
v -1.9107394 0.8504082 0.1027667
v -1.8850139 0.8976128 0.0870509
v -1.9136916 0.8517572 0.0987369
v -1.9107394 0.8504082 0.1027667
v -1.8805639 0.8986590 0.0903819
v -1.9915858 0.6740236 0.1129158
v -2.0007693 0.6734909 0.0052733
v -1.9989605 0.6691320 0.0055672
v -1.9900646 0.6690923 0.1138739
v -2.0007693 0.6734909 0.0052733
v -1.9768595 0.6735752 -0.0526454
v -1.9750273 0.6693152 -0.0513510
v -1.9989605 0.6691320 0.0055672
v -1.9768595 0.6735752 -0.0526454
v -1.9130643 0.6736115 -0.1056005
v -1.9113281 0.6694298 -0.1038375
v -1.9750273 0.6693152 -0.0513510
v 1.6308398 0.8460359 -1.1574846
v 1.6231584 0.8520953 -1.1717443
v 1.6234674 0.9050485 -1.1691990
v 1.6313194 0.9101995 -1.1544560
v 1.4983304 0.9094640 -1.2036081
v 1.5135593 0.9030700 -1.2088105
v 1.5096295 0.8512024 -1.2105820
v 1.4933823 0.8458944 -1.2061970
v 1.4832667 0.6758151 -1.2034826
v 1.5002658 0.6922466 -1.2076205
v 1.5271343 0.6922355 -1.2123142
v 1.5271198 0.6757859 -1.2119147
v 1.5711434 0.6920425 -1.2128994
v 1.5708107 0.6756047 -1.2121920
v 1.5951378 0.6919140 -1.1985122
v 1.5943560 0.6754991 -1.1976802
v 1.6126112 0.6923759 -1.1683374
v 1.6193869 0.6762077 -1.1535057
v 1.5043050 0.7600979 -1.2086697
v 1.5048780 0.7717176 -1.2093506
v 1.5302677 0.9044754 -1.2140542
v 1.5299992 0.9160182 -1.2128222
v 1.5796052 0.9160258 -1.2146438
v 1.5798316 0.9044696 -1.2157175
v 1.6064476 0.9160648 -1.2005484
v 1.6069380 0.9044647 -1.2010304
v 1.6233137 0.9166598 -1.1681972
v 1.6242477 0.9598410 -1.1638868
v 1.6322849 0.9763178 -1.1475910
v 1.6069785 0.9596790 -1.1924065
v 1.6058180 0.9760688 -1.1912739
v 1.5811811 0.9590733 -1.2071412
v 1.5802967 0.9753649 -1.2049088
v 1.5362485 0.9580800 -1.2069896
v 1.5317289 0.9740421 -1.2032168
v 1.5249479 0.9508607 -1.2054561
v 1.5124256 0.9616394 -1.2003796
v 1.5184247 0.9356376 -1.2065449
v 1.5031858 0.9397055 -1.2014613
v 1.5150082 0.9147714 -1.2082216
v 1.5791469 0.8517522 -1.2185561
v 1.5791148 0.8401458 -1.2185553
v 1.5295945 0.8401411 -1.2169534
v 1.5294851 0.8517486 -1.2167434
v 1.5089287 0.8395731 -1.2103879
v 1.5282803 0.7719964 -1.2147460
v 1.5283583 0.7603815 -1.2144811
v 1.5752110 0.7718975 -1.2159847
v 1.5750113 0.7602912 -1.2154742
v 1.6008363 0.7718296 -1.2015003
v 1.6002916 0.7602387 -1.2009191
v 1.6180994 0.7722251 -1.1702638
v 1.6171668 0.7606471 -1.1699096
v 1.6226558 0.8404962 -1.1718378
v 1.6061554 0.8517566 -1.2041003
v 1.6059986 0.8401528 -1.2039177
v -1.0146944 1.0754090 -0.3097619
v -0.9904851 1.0707525 -0.3749559
v -1.0756197 0.9838605 -0.3499665
v -1.0835138 0.9895680 -0.2941394
v -1.0396531 1.0034664 0.1358497
v -0.9695929 1.0872114 0.1151634
v -1.0172408 1.0806645 -0.2007278
v -1.0868856 0.9957567 -0.1836898
v -1.0756197 0.9838605 -0.3499665
v -1.0996252 1.0325283 -0.3443284
v -1.1039211 1.0411377 -0.2887413
v -1.0835138 0.9895680 -0.2941394
v -1.0396531 1.0034664 0.1358497
v -1.0531202 1.0563033 0.1398457
v -1.1034670 1.0480522 -0.1793247
v -1.0868856 0.9957567 -0.1836898
v -1.1036690 1.0452466 -0.2279782
v -1.0756197 0.9838605 -0.3499665
v -1.0427995 1.0419572 -0.3606333
v -1.0996252 1.0325283 -0.3443284
v -0.9904851 1.0707525 -0.3749559
v -1.1006231 1.0354751 -0.3422591
v 1.8249810 0.9319373 -0.7878749
v 1.8071747 0.9731850 -0.7807091
v 1.8631998 1.0419124 -0.6089548
v 1.8030391 1.0419214 -0.7760854
v 1.7999454 1.0442264 -0.7747063
v 1.8599883 1.0442315 -0.6079109
v -1.2881206 0.3202450 -0.2031006
v -1.5037825 0.3202449 -0.1330077
v 0.9809478 0.3543214 -0.9433472
v 0.7904331 0.3543213 -0.8814278
v -0.9213368 1.1101563 0.1621738
v -0.8520749 1.1120207 0.3801560
v -0.8537051 1.1102248 0.3806711
v -0.9229670 1.1083606 0.1626888
v -0.8623798 1.1136086 0.3839394
v -0.8555782 1.1210998 0.3817904
v -0.9248405 1.1192353 0.1638083
v -0.9316418 1.1117442 0.1659571
v -0.8537051 1.1102248 0.3806711
v -0.8623798 1.1136086 0.3839394
v -0.9316418 1.1117442 0.1659571
v -0.9229670 1.1083606 0.1626888
v -0.7264853 1.1016891 0.6535109
v -0.7248551 1.1034847 0.6529959
v -0.7283588 1.1125639 0.6546303
v -0.7351601 1.1050728 0.6567792
v -0.8339416 1.1121062 0.4268301
v -0.8374449 1.1211857 0.4284645
v -0.7283588 1.1125639 0.6546303
v -0.7248551 1.1034847 0.6529959
v -0.9213368 1.1101563 0.1621738
v -0.9229670 1.1083606 0.1626888
v -0.9316418 1.1117442 0.1659571
v -0.9248405 1.1192353 0.1638083
v -0.7248551 1.1034847 0.6529959
v -0.7264853 1.1016891 0.6535109
v -0.8355718 1.1103106 0.4273452
v -0.8339416 1.1121062 0.4268301
v -0.7351601 1.1050728 0.6567792
v -0.7283588 1.1125639 0.6546303
v -0.8374449 1.1211857 0.4284645
v -0.8442462 1.1136943 0.4306134
v -0.7264853 1.1016891 0.6535109
v -0.7351601 1.1050728 0.6567792
v -0.8442462 1.1136943 0.4306134
v -0.8355718 1.1103106 0.4273452
v -0.9213368 1.1101563 0.1621738
v -0.9248405 1.1192353 0.1638083
v -0.8555782 1.1210998 0.3817904
v -0.8520749 1.1120207 0.3801560
v -0.8707257 1.1221501 0.3872993
v -0.8525928 1.1222356 0.4339735
v -0.8457915 1.1297270 0.4318246
v -0.8639244 1.1296413 0.3851504
v -0.8555782 1.1210998 0.3817904
v -0.8623798 1.1136086 0.3839394
v -0.8707257 1.1221501 0.3872993
v -0.8639244 1.1296413 0.3851504
v -0.8525928 1.1222356 0.4339735
v -0.8707257 1.1221501 0.3872993
v -0.7662368 1.0095548 0.8046116
v -0.7458950 1.0319601 0.7981845
v -0.7542412 1.0405014 0.8015447
v -0.7745830 1.0180961 0.8079716
v -0.8374449 1.1211857 0.4284645
v -0.8555782 1.1210998 0.3817904
v -0.8639244 1.1296413 0.3851504
v -0.8457915 1.1297270 0.4318246
v -0.8442462 1.1136943 0.4306134
v -0.8374449 1.1211857 0.4284645
v -0.7458950 1.0319601 0.7981845
v -0.7662368 1.0095548 0.8046116
v -0.8374449 1.1211857 0.4284645
v -0.8457915 1.1297270 0.4318246
v -0.7542412 1.0405014 0.8015447
v -0.7458950 1.0319601 0.7981845
v -0.8457915 1.1297270 0.4318246
v -0.8525928 1.1222356 0.4339735
v -0.7745830 1.0180961 0.8079716
v -0.7542412 1.0405014 0.8015447
v -0.8525928 1.1222356 0.4339735
v -0.8442462 1.1136943 0.4306134
v -0.7662368 1.0095548 0.8046116
v -0.7745830 1.0180961 0.8079716
v -1.0113609 1.0800976 -0.2927601
v -1.0124989 1.0858146 -0.2002422
v -1.0141647 1.0843280 -0.1998962
v -1.0130130 1.0786102 -0.2923485
v -1.0208191 1.0824619 -0.2900705
v -1.0220358 1.0881820 -0.1978892
v -1.0150865 1.0943832 -0.1993316
v -1.0139268 1.0886663 -0.2917874
v -1.0141647 1.0843280 -0.1998962
v -1.0220358 1.0881820 -0.1978892
v -1.0208191 1.0824619 -0.2900705
v -1.0130130 1.0786102 -0.2923485
v -0.9544837 1.0888027 0.1545224
v -0.9528316 1.0902899 0.1541107
v -0.9553971 1.0988590 0.1550835
v -0.9622894 1.0926543 0.1568006
v -0.9873046 1.0893131 -0.0200080
v -0.9899263 1.0978818 -0.0191927
v -0.9553971 1.0988590 0.1550835
v -0.9528316 1.0902899 0.1541107
v -1.0113609 1.0800976 -0.2927601
v -1.0130130 1.0786102 -0.2923485
v -1.0208191 1.0824619 -0.2900705
v -1.0139268 1.0886663 -0.2917874
v -0.9528316 1.0902899 0.1541107
v -0.9544837 1.0888027 0.1545224
v -0.9889911 1.0878279 -0.0197628
v -0.9873046 1.0893131 -0.0200080
v -0.9622894 1.0926543 0.1568006
v -0.9553971 1.0988590 0.1550835
v -0.9899263 1.0978818 -0.0191927
v -0.9969620 1.0916854 -0.0181695
v -0.9544837 1.0888027 0.1545224
v -0.9622894 1.0926543 0.1568006
v -0.9969620 1.0916854 -0.0181695
v -0.9889911 1.0878279 -0.0197628
v -0.9943002 1.0889159 -0.0653865
v -1.0124989 1.0858146 -0.2002422
v -1.0150865 1.0943832 -0.1993316
v -0.9969219 1.0974843 -0.0645712
v -0.9943002 1.0889159 -0.0653865
v -0.9959866 1.0874305 -0.0651411
v -1.0112175 1.0998040 -0.0618973
v -1.0042219 1.1002013 -0.0165188
v -0.9971858 1.1063978 -0.0175420
v -1.0041814 1.1060004 -0.0629205
v -0.9959866 1.0874305 -0.0651411
v -1.0039580 1.0912880 -0.0635480
v -0.9969219 1.0974843 -0.0645712
v -1.0039580 1.0912880 -0.0635480
v -1.0112175 1.0998040 -0.0618973
v -1.0041814 1.1060004 -0.0629205
v -1.0042219 1.1002013 -0.0165188
v -1.0112175 1.0998040 -0.0618973
v -1.0016194 1.0107084 0.3317796
v -0.9774820 1.0293380 0.3353006
v -0.9845904 1.0378502 0.3375286
v -1.0087274 1.0192206 0.3340075
v -0.9899263 1.0978818 -0.0191927
v -0.9969219 1.0974843 -0.0645712
v -1.0041814 1.1060004 -0.0629205
v -0.9971858 1.1063978 -0.0175420
v -0.9969620 1.0916854 -0.0181695
v -0.9899263 1.0978818 -0.0191927
v -0.9774820 1.0293380 0.3353006
v -1.0016194 1.0107084 0.3317796
v -0.9845904 1.0378502 0.3375286
v -0.9774820 1.0293380 0.3353006
v -0.9971858 1.1063978 -0.0175420
v -1.0042219 1.1002013 -0.0165188
v -1.0087274 1.0192206 0.3340075
v -0.9845904 1.0378502 0.3375286
v -1.0042219 1.1002013 -0.0165188
v -0.9969620 1.0916854 -0.0181695
v -1.0016194 1.0107084 0.3317796
v -1.0087274 1.0192206 0.3340075
v -1.0039580 1.0912880 -0.0635480
v -0.9969219 1.0974843 -0.0645712
v -1.0113609 1.0800976 -0.2927601
v -1.0139268 1.0886663 -0.2917874
v 1.9318811 1.1383407 -0.1857612
v 1.8827005 1.1368210 -0.4209977
v 1.8775513 1.1457938 -0.4189962
v 1.9278373 1.1469864 -0.1841828
v 1.9207212 1.1442353 -0.1809346
v 1.9247635 1.1355900 -0.1825125
v 1.9318811 1.1383407 -0.1857612
v 1.9278373 1.1469864 -0.1841828
v 1.9247635 1.1355900 -0.1825125
v 1.8755829 1.1340703 -0.4177489
v 1.8827005 1.1368210 -0.4209977
v 1.9318811 1.1383407 -0.1857612
v 1.8635525 1.0210085 -0.6324163
v 1.8612766 1.0307749 -0.6353642
v 1.8696411 1.0314908 -0.6390179
v 1.8719178 1.0217243 -0.6360703
v 1.8704329 1.1430430 -0.4157475
v 1.9207212 1.1442353 -0.1809346
v 1.9278373 1.1469864 -0.1841828
v 1.8775513 1.1457938 -0.4189962
v 1.8755829 1.1340703 -0.4177489
v 1.8704329 1.1430430 -0.4157475
v 1.8713876 1.0493291 -0.5904279
v 1.8769523 1.0311741 -0.5873824
v 1.8797522 1.0500448 -0.5940817
v 1.8713876 1.0493291 -0.5904279
v 1.8853168 1.0318898 -0.5910363
v 1.8797522 1.0500448 -0.5940817
v 1.8769523 1.0311741 -0.5873824
v 1.8853168 1.0318898 -0.5910363
v 1.8612766 1.0307749 -0.6353642
v 1.8624019 1.0374772 -0.6318303
v 1.8707664 1.0381929 -0.6354843
v 1.8696411 1.0314908 -0.6390179
v 1.8719178 1.0217243 -0.6360703
v 1.8766424 1.0174666 -0.6297177
v 1.8682787 1.0167506 -0.6260641
v 1.8635525 1.0210085 -0.6324163
v 1.8624019 1.0374772 -0.6318303
v 1.8612766 1.0307749 -0.6353642
v 1.8635525 1.0210085 -0.6324163
v 1.8682787 1.0167506 -0.6260641
v 1.8719178 1.0217243 -0.6360703
v 1.8696411 1.0314908 -0.6390179
v 1.8707664 1.0381929 -0.6354843
v 1.8766424 1.0174666 -0.6297177
v 1.8707664 1.0381929 -0.6354843
v 1.8624019 1.0374772 -0.6318303
v 1.8682787 1.0167506 -0.6260641
v 1.8766424 1.0174666 -0.6297177
v -0.3001401 1.3148971 0.7142163
v -0.2389838 1.3182753 0.6643663
v -0.3934400 1.1866833 0.7599707
v -0.4578132 1.1845054 0.8091113
v -0.2120151 1.3823436 0.6592580
v -0.1351735 1.3899608 0.5920171
v -0.5362468 1.1131035 0.8505234
v -0.4515145 1.0356759 0.8212776
v -0.5827709 1.0707525 0.8795013
v 0.2964111 1.0359842 0.6293314
v 0.3460316 1.0170796 0.5407745
v 0.2781600 1.0150581 0.6393568
v 0.2917331 1.0830188 0.6183159
v 0.3221799 1.2071583 0.4927824
v 0.2775817 1.2065618 0.5836384
v 0.2891176 1.4152969 0.4189783
v 0.2587014 1.3469771 0.5356140
v 0.2514836 1.3942161 0.5167902
v 0.2288169 1.4126464 0.5160412
v 0.9908592 1.0528761 0.3937648
v 1.0995992 1.0401969 0.2831047
v 0.9587845 1.0348782 0.4085333
v 1.0029700 1.0842531 0.3798751
v 1.0260008 1.2103149 0.2550566
v 0.9622993 1.2100835 0.3528364
v 0.9017175 1.4226092 0.2104196
v 0.8943084 1.3540142 0.3199860
v 0.8475479 1.4132140 0.3092818
v 0.8257427 1.4258190 0.3110161
v 1.8151124 1.3269200 -0.0762381
v 1.6463678 1.4082845 -0.0708991
v 1.7471204 1.4075786 -0.0888597
v 1.7948536 1.2027260 -0.0357139
v 1.8997004 1.2023188 -0.0601803
v 1.8815408 1.0443144 -0.0187697
v 1.9646324 1.0862650 -0.0494167
v 1.9846465 1.0442142 -0.0455215
v 1.0995992 1.0401969 0.2831047
v 1.2458569 1.0581468 0.3048990
v 1.2848981 1.0455157 0.2945447
v 1.2199462 1.0855618 0.3052748
v 1.0260008 1.2103149 0.2550566
v 1.1341862 1.2105461 0.2941457
v 0.9017175 1.4226092 0.2104196
v 1.0330228 1.3538501 0.2727004
v 1.0099958 1.3856307 0.2662083
v 0.9017175 1.4226092 0.2104196
v 1.0221766 1.4193993 0.2466919
v 1.0099958 1.3856307 0.2662083
v 0.4362149 1.0390967 0.5825120
v 0.4583870 1.0191010 0.5790607
v 0.4301189 1.0832542 0.5724267
v 0.4112620 1.2077550 0.5387951
v 0.3869547 1.3496973 0.4918018
v 0.3777578 1.3982657 0.4730082
v 0.3939025 1.4179475 0.4587837
v -0.2072120 1.3932461 0.6449877
v -0.1351735 1.3899608 0.5920171
v -0.2120151 1.3823436 0.6592580
v -0.2032914 1.4041608 0.6262611
v -0.2389838 1.3182753 0.6643663
v -0.2086181 1.3216536 0.6958078
v -0.3598579 1.1888613 0.7921216
v -0.3934400 1.1866833 0.7599707
v -0.1617800 1.3513688 0.6686566
v -0.4515145 1.0356759 0.8212776
v -0.3522086 1.0767450 0.8306177
v -0.3510492 1.0005994 0.8443454
v -0.0978463 1.3757608 0.6390646
v 1.6463678 1.4082845 -0.0708991
v 1.7617603 1.3311564 0.0146096
v 1.7024992 1.4089906 -0.0037851
v 1.7948536 1.2027260 -0.0357139
v 1.8468899 1.2031332 0.0379057
v 1.8815408 1.0443144 -0.0187697
v 1.9143962 1.0869763 0.0522149
v 1.9353182 1.0444148 0.0571352
v 1.5000646 1.0448671 -0.4909313
v 0.8587901 1.0375060 -0.2825088
v 1.2848981 1.0455157 0.2945447
v 1.5605818 1.0451056 0.1981344
v 1.8531048 1.0446288 0.0924353
v 0.1146928 1.0113844 0.6936040
v -0.2245776 1.0086134 0.0695992
v -0.1320925 1.0058425 0.7740214
v 0.4661101 1.0241047 -0.1548830
v 0.1530081 1.0170796 -0.0531210
v 0.4583870 1.0191010 0.5790607
v 0.6803426 1.0241047 0.5042687
v 1.8815408 1.0443144 -0.0187697
v 1.9353182 1.0444148 0.0571352
v 0.2781600 1.0150581 0.6393568
v 0.9587845 1.0348782 0.4085333
v 0.9173381 1.0294327 0.4235608
v -0.5667108 1.0005994 0.1807967
v -0.3510492 1.0005994 0.8443454
v -0.4515145 1.0356759 0.8212776
v -0.7866280 1.0707525 0.2522726
v -0.6304716 1.0707525 0.7327355
v 0.3460316 1.0170796 0.5407745
v 1.0995992 1.0401969 0.2831047
v 1.9094810 1.0442264 -0.4376868
v 1.9736044 1.0442270 -0.1443824
v 1.9846465 1.0442142 -0.0455215
v -0.8540222 1.0872114 0.4707516
v -0.9209199 1.0872114 0.2959191
v -0.7068465 1.0806645 0.7542950
v -0.5827709 1.0707525 0.8795013
v -0.6406828 1.0754090 0.8409977
v 1.6328418 1.4102751 0.0309068
v 1.2159819 1.4517867 -0.3986008
v 1.6463678 1.4082845 -0.0708991
v 1.7024992 1.4089906 -0.0037851
v -0.1112909 1.4128719 0.5553921
v -0.3145341 1.4277120 0.0988361
v -0.1154250 1.4405545 0.0341231
v 0.0607084 1.4028033 0.5760506
v 0.1067020 1.4519835 -0.0380709
v 0.1896521 1.4110380 0.5297753
v 0.3944965 1.4597976 -0.1316078
v 0.7205967 1.4610910 -0.2375943
v 0.7956887 1.4255317 0.3212295
v 0.5670650 1.4220466 0.3993511
v 1.1287592 1.4178444 0.2106531
v 1.3926535 1.4139867 0.1204499
v 0.1067020 1.4519837 -0.0380709
v 0.2288169 1.4126464 0.5160412
v 1.0221766 1.4193993 0.2466919
v 0.3939025 1.4179475 0.4587837
v 0.8257427 1.4258190 0.3110161
v 0.2891176 1.4152969 0.4189783
v 0.9017175 1.4226092 0.2104196
v 1.6837627 1.4069936 -0.3945597
v 1.6418015 1.4069033 -0.5369973
v 1.7379212 1.4073746 -0.1611191
v 1.7471204 1.4075786 -0.0888597
v 1.6463678 1.4082845 -0.0708991
v 1.7379212 1.4073746 -0.1611191
v -0.3507781 1.4180041 0.2741757
v -0.2506107 1.4146283 0.5173656
v -0.2143828 1.4119833 0.5954041
v -0.1112909 1.4128719 0.5553921
v 0.0607084 1.4028033 0.5760506
v -0.2506107 1.4146283 0.5173656
v 1.8599883 1.0442315 -0.6079109
v -0.4036161 1.4180022 0.1277889
v -0.6646856 1.3148971 -0.4074183
v -0.8480211 1.1845054 -0.3914815
v -0.7670577 1.1866833 -0.3895771
v -0.5859070 1.3182753 -0.4030492
v -0.5610884 1.3823436 -0.4147725
v -0.4593975 1.3899608 -0.4055568
v -0.9358145 1.1131035 -0.3788678
v -0.9904851 1.0707525 -0.3749559
v -0.8500786 1.0356759 -0.4050261
v -0.1322187 1.0359842 -0.6894787
v -0.1528765 1.0150581 -0.6868584
v -0.0400154 1.0170796 -0.6470164
v -0.1295267 1.0830188 -0.6778178
v -0.0310940 1.2071583 -0.5941716
v -0.1205864 1.2065618 -0.6414464
v -0.0144475 1.4152969 -0.5150322
v -0.1076242 1.3469771 -0.5914987
v -0.1023962 1.3942161 -0.5720284
v -0.1202911 1.4126464 -0.5580963
v 0.5680277 1.0528761 -0.9072054
v 0.5333990 1.0348782 -0.9002945
v 0.7210488 1.0401969 -0.8816209
v 0.5859900 1.0842531 -0.9030898
v 0.6780036 1.2103149 -0.8156623
v 0.5689878 1.2100835 -0.8573068
v 0.6037117 1.4226092 -0.7064859
v 0.5333019 1.3540142 -0.7907601
v 0.5017700 1.4132140 -0.7546098
v 0.4831115 1.4258190 -0.7431929
v 1.5111052 1.3269200 -1.0116074
v 1.4635265 1.4075786 -0.9614239
v 1.3714667 1.4082845 -0.9167178
v 1.4708927 1.2027260 -1.0324778
v 1.5700900 1.2023188 -1.0743281
v 1.5310542 1.0443144 -1.0971492
v 1.6162863 1.0862649 -1.1212099
v 1.6301857 1.0442141 -1.1361271
v 0.7210488 1.0401969 -0.8816209
v 0.8642147 1.0455157 -0.9998160
v 0.8265459 1.0581468 -0.9852388
v 0.8053652 1.0855618 -0.9703090
v 0.7425355 1.2105461 -0.9108866
v 0.6780036 1.2103149 -0.8156623
v 0.6733110 1.3538501 -0.8340631
v 0.6037117 1.4226092 -0.7064859
v 0.6585005 1.3856307 -0.8152733
v 0.6037117 1.4226092 -0.7064859
v 0.6585005 1.3856307 -0.8152733
v 0.6798281 1.4193993 -0.8066477
v 0.0283618 1.0191010 -0.7440430
v 0.0083971 1.0390967 -0.7337992
v 0.0093954 1.0832542 -0.7220570
v 0.0139147 1.2077550 -0.6837655
v 0.0218803 1.3496973 -0.6314610
v 0.0254899 1.3982657 -0.6108514
v 0.0469123 1.4179475 -0.6088368
v -0.5488135 1.3932461 -0.4060526
v -0.5610884 1.3823436 -0.4147725
v -0.4593975 1.3899608 -0.4055568
v -0.5346322 1.4041608 -0.3932093
v -0.7587945 1.1888613 -0.4353281
v -0.5798291 1.3216536 -0.4463354
v -0.5859070 1.3182753 -0.4030492
v -0.7670577 1.1866833 -0.3895771
v -0.5259781 1.3513688 -0.4519092
v -0.8500786 1.0356759 -0.4050261
v -0.7823723 1.0005994 -0.4827519
v -0.7752394 1.0767450 -0.4709656
v -0.4568631 1.3757608 -0.4655597
v 1.3714667 1.4082845 -0.9167178
v 1.3774138 1.4089906 -1.0040080
v 1.4145372 1.3311564 -1.0537291
v 1.4697039 1.2031331 -1.1226232
v 1.4708927 1.2027260 -1.0324778
v 1.5158979 1.0869763 -1.1738859
v 1.5310542 1.0443144 -1.0971492
v 1.5299296 1.0444147 -1.1901669
v 0.8642147 1.0455157 -0.9998160
v 1.1439017 1.0451056 -1.0839083
v 1.4426717 1.0446287 -1.1703868
v -0.3170012 1.0113844 -0.6346338
v -0.5639093 1.0058425 -0.5545947
v 0.0283618 1.0191010 -0.7440430
v 0.2518772 1.0241047 -0.8140346
v 1.5310542 1.0443144 -1.0971492
v 1.5299296 1.0444147 -1.1901669
v -0.1528765 1.0150581 -0.6868584
v 0.5333990 1.0348782 -0.9002945
v 0.4910373 1.0294327 -0.8880833
v -0.7823723 1.0005994 -0.4827519
v -0.8500786 1.0356759 -0.4050261
v -0.9427844 1.0707525 -0.2281901
v -0.0400154 1.0170796 -0.6470164
v 0.7210488 1.0401969 -0.8816209
v 1.7999454 1.0442264 -0.7747063
v 1.6793762 1.0442270 -1.0496648
v 1.6301857 1.0442141 -1.1361271
v -0.9695929 1.0872114 0.1151634
v -1.0172408 1.0806645 -0.2007278
v -0.9904851 1.0707525 -0.3749559
v -1.0146944 1.0754090 -0.3097619
v 1.3006709 1.4102751 -0.9911183
v 1.3774138 1.4089906 -1.0040080
v 1.3714667 1.4082845 -0.9167178
v -0.4185456 1.4128719 -0.3899712
v -0.2915579 1.4028033 -0.5078044
v -0.1600469 1.4110380 -0.5461801
v 0.4527955 1.4255317 -0.7337853
v 0.2219284 1.4220466 -0.6625666
v 0.7872327 1.4178444 -0.8401573
v 1.0537337 1.4139867 -0.9223394
v -0.1202911 1.4126464 -0.5580963
v 0.6798281 1.4193993 -0.8066477
v 0.0469123 1.4179475 -0.6088368
v 0.4831115 1.4258190 -0.7431929
v -0.0144475 1.4152969 -0.5150322
v 0.1067020 1.4519835 -0.0380709
v 0.6037117 1.4226092 -0.7064859
v 1.5920028 1.4069936 -0.6768883
v 1.4985675 1.4073746 -0.8975632
v 1.4635265 1.4075786 -0.9614239
v 1.4985675 1.4073746 -0.8975632
v 1.3714667 1.4082845 -0.9167178
v -0.4469383 1.4180041 -0.0216906
v -0.5088879 1.4146283 -0.2773018
v -0.5254629 1.4119833 -0.3617277
v -0.4185456 1.4128719 -0.3899712
v -0.2915579 1.4028033 -0.5078044
v -0.5088879 1.4146283 -0.2773018
v -0.6179186 0.9681679 0.4097114
v -0.6225549 1.0264779 0.4459944
v -0.5002174 1.0869631 0.3549237
v -0.4939662 1.0083438 0.3060036
v -0.6049747 1.0625154 0.5313252
v -0.4765137 1.1355525 0.4699753
v -0.5718933 1.0625154 0.6331107
v -0.4319102 1.1355525 0.6072128
v -0.5359461 1.0264779 0.7124722
v -0.3834426 1.0869631 0.7142161
v -0.5108643 0.9681679 0.7390965
v -0.3496252 1.0083438 0.7501135
v -0.4939662 1.0083438 0.3060036
v -0.5002174 1.0869631 0.3549237
v -0.4217957 1.0083438 0.5280585
v -0.4765137 1.1355525 0.4699753
v -0.4319102 1.1355525 0.6072128
v -0.3834426 1.0869631 0.7142161
v -0.3496252 1.0083438 0.7501135
v -0.6225549 1.0264779 0.4459944
v -0.6179186 0.9681679 0.4097114
v -0.5643917 0.9681679 0.5744039
v -0.5108643 0.9681679 0.7390965
v -0.5359461 1.0264779 0.7124722
v -0.5718933 1.0625154 0.6331107
v -0.6049747 1.0625154 0.5313252
v -0.3896712 1.1502360 0.5187422
v -0.3734566 1.1382979 0.5134722
v -0.3865837 1.1306203 0.4614997
v -0.4041658 1.1417590 0.4613570
v -0.3734566 1.1382979 0.5134722
v -0.3913963 1.1295015 0.5193030
v -0.4045238 1.1218239 0.4673303
v -0.3865837 1.1306203 0.4614997
v -0.3913963 1.1295015 0.5193030
v -0.3896712 1.1502360 0.5187422
v -0.4041658 1.1417590 0.4613570
v -0.4045238 1.1218239 0.4673303
v -0.3916166 1.1083392 0.4124012
v -0.4097228 1.1171576 0.4071455
v -0.4095568 1.0995430 0.4182320
v -0.3916166 1.1083392 0.4124012
v -0.4097228 1.1171576 0.4071455
v -0.4095568 1.0995430 0.4182320
v -0.3880621 1.0736355 0.3709832
v -0.4057979 1.0788399 0.3614140
v -0.4060022 1.0648393 0.3768140
v -0.3880621 1.0736355 0.3709832
v -0.4057979 1.0788399 0.3614140
v -0.4060022 1.0648393 0.3768140
v -0.3762684 1.0299066 0.3412998
v -0.3927760 1.0305566 0.3286393
v -0.3942085 1.0211104 0.3471306
v -0.3762684 1.0299066 0.3412998
v -0.3927760 1.0305566 0.3286393
v -0.3942085 1.0211104 0.3471306
v -0.3573900 0.9814327 0.3262567
v -0.3719316 0.9770345 0.3120296
v -0.3753297 0.9726365 0.3320874
v -0.3573900 0.9814327 0.3262567
v -0.3719316 0.9770345 0.3120296
v -0.3753297 0.9726365 0.3320874
v -0.2537905 0.9770345 0.6755266
v -0.2503923 0.9814327 0.6554687
v -0.2745075 1.0299068 0.6543991
v -0.2804176 1.0305568 0.6743456
v -0.2503923 0.9814327 0.6554687
v -0.2683324 0.9726365 0.6612994
v -0.2924476 1.0211104 0.6602297
v -0.2745075 1.0299068 0.6543991
v -0.2683324 0.9726365 0.6612994
v -0.2537905 0.9770345 0.6755266
v -0.2804176 1.0305568 0.6743456
v -0.2924476 1.0211104 0.6602297
v -0.3014992 1.0736357 0.6373213
v -0.3102198 1.0788399 0.6554894
v -0.3194393 1.0648395 0.6431520
v -0.3014992 1.0736357 0.6373213
v -0.3102198 1.0788399 0.6554894
v -0.3194393 1.0648395 0.6431520
v -0.3287249 1.1083392 0.6059071
v -0.3402811 1.1171576 0.6208035
v -0.3466646 1.0995430 0.6117379
v -0.3287249 1.1083392 0.6059071
v -0.3402811 1.1171576 0.6208035
v -0.3466646 1.0995430 0.6117379
v -0.3535198 1.1306203 0.5632316
v -0.3676583 1.1417591 0.5736837
v -0.3714596 1.1218241 0.5690623
v -0.3535198 1.1306203 0.5632316
v -0.3676583 1.1417591 0.5736837
v -0.3714596 1.1218241 0.5690623
v 0.2847574 1.1986829 0.5088645
v 0.1564613 1.1986829 0.1141219
v 0.0939754 0.9699312 0.0523583
v 0.2705234 0.9699312 0.5955631
v 0.1943187 0.9513270 0.0197454
v 0.2568046 1.1800786 0.0815092
v 0.3851007 1.1800786 0.4762516
v 0.3708667 0.9513269 0.5629503
v 0.0939754 0.9699312 0.0523583
v 0.1564613 1.1986829 0.1141219
v 0.2568046 1.1800786 0.0815092
v 0.1943187 0.9513270 0.0197454
v 0.1952007 1.2358478 0.2121145
v 0.2584822 1.2358477 0.4068206
v 0.3588259 1.2172435 0.3742078
v 0.2955444 1.2172435 0.1795017
v 0.2847574 1.1986829 0.5088645
v 0.2705234 0.9699312 0.5955631
v 0.3708667 0.9513269 0.5629503
v 0.3851007 1.1800786 0.4762516
v 0.1564613 1.1986829 0.1141219
v 0.1952007 1.2358478 0.2121145
v 0.2955444 1.2172435 0.1795017
v 0.2568046 1.1800786 0.0815092
v 0.2584822 1.2358477 0.4068206
v 0.2847574 1.1986829 0.5088645
v 0.3851007 1.1800786 0.4762516
v 0.3588259 1.2172435 0.3742078
v 0.2584822 1.2358477 0.4068206
v 0.1952007 1.2358478 0.2121145
v 0.2955444 1.2172435 0.1795017
v 0.3588259 1.2172435 0.3742078
v 0.9590955 0.9557169 0.2879804
v 0.9663955 1.1863229 0.1788901
v 0.6745675 1.1863229 -0.7190067
v 0.6045261 0.9557169 -0.8029604
v 0.9663955 1.1863229 0.1788901
v 0.9590955 0.9557169 0.2879804
v 1.0602523 0.9369618 0.2551031
v 1.0675520 1.1675677 0.1460128
v 0.9553523 1.2237891 0.1235381
v 0.9663955 1.1863229 0.1788901
v 1.0675520 1.1675677 0.1460128
v 1.0565092 1.2050338 0.0906607
v 0.9553523 1.2237891 0.1235381
v 0.6981771 1.2237891 -0.6677388
v 0.9553523 1.2237891 0.1235381
v 1.0565092 1.2050338 0.0906607
v 0.7993340 1.2050340 -0.7006164
v 0.6981771 1.2237891 -0.6677388
v 1.0675520 1.1675677 0.1460128
v 0.7757244 1.1675679 -0.7518841
v 0.7993340 1.2050340 -0.7006164
v 1.0565092 1.2050338 0.0906607
v 0.0432419 0.9699312 -0.1037385
v 0.0526981 1.1986829 -0.2051378
v -0.0660428 1.1986829 -0.5704791
v -0.1333065 0.9699314 -0.6469433
v 0.0343005 1.1800786 -0.6030918
v 0.1530410 1.1800786 -0.2377507
v 0.1435851 0.9513270 -0.1363515
v -0.0329633 0.9513271 -0.6795562
v 0.0432419 0.9699312 -0.1037385
v 0.1435851 0.9513270 -0.1363515
v 0.1530410 1.1800786 -0.2377507
v 0.0526981 1.1986829 -0.2051378
v 0.0288441 1.2358478 -0.2997321
v 0.1291874 1.2172435 -0.3323450
v 0.0706187 1.2172435 -0.5125486
v -0.0297242 1.2358478 -0.4799359
v -0.0660428 1.1986829 -0.5704791
v 0.0343005 1.1800786 -0.6030918
v -0.0329633 0.9513271 -0.6795562
v -0.1333065 0.9699314 -0.6469433
v 0.0526981 1.1986829 -0.2051378
v 0.1530410 1.1800786 -0.2377507
v 0.1291874 1.2172435 -0.3323450
v 0.0288441 1.2358478 -0.2997321
v -0.0297242 1.2358478 -0.4799359
v 0.0706187 1.2172435 -0.5125486
v 0.0343005 1.1800786 -0.6030918
v -0.0660428 1.1986829 -0.5704791
v 0.0288441 1.2358478 -0.2997321
v -0.0297242 1.2358478 -0.4799359
v 0.0706187 1.2172435 -0.5125486
v 0.1291874 1.2172435 -0.3323450
v 0.7056829 0.9369618 -0.8358374
v 1.0602523 0.9369618 0.2551031
v 0.6745675 1.1863229 -0.7190067
v 0.7757244 1.1675679 -0.7518841
v 0.7056829 0.9369618 -0.8358374
v 0.6045261 0.9557169 -0.8029604
v 0.6981771 1.2237891 -0.6677388
v 0.7993340 1.2050340 -0.7006164
v 0.7757244 1.1675679 -0.7518841
v 0.6745675 1.1863229 -0.7190067
v -0.3141500 1.3197921 0.2017760
v -0.3181870 1.3815497 0.1893545
v -0.3704260 1.3815497 0.0286262
v -0.3744630 1.3197921 0.0162046
v -0.2958393 1.3197921 0.1958249
v -0.3561522 1.3197921 0.0102534
v -0.3521149 1.3815497 0.0226750
v -0.2998762 1.3815497 0.1834033
v -0.3141500 1.3197921 0.2017760
v -0.3744630 1.3197921 0.0162046
v -0.3561522 1.3197921 0.0102534
v -0.2958393 1.3197921 0.1958249
v -0.3744630 1.3197921 0.0162046
v -0.3704260 1.3815497 0.0286262
v -0.3521149 1.3815497 0.0226750
v -0.3561522 1.3197921 0.0102534
v -0.3704260 1.3815497 0.0286262
v -0.3181870 1.3815497 0.1893545
v -0.2998762 1.3815497 0.1834033
v -0.3521149 1.3815497 0.0226750
v -0.3181870 1.3815497 0.1893545
v -0.3141500 1.3197921 0.2017760
v -0.2958393 1.3197921 0.1958249
v -0.2998762 1.3815497 0.1834033
v -0.3498019 1.3808840 0.1235373
v -0.3504598 1.4172768 0.1237512
v -0.3579622 1.4172768 0.1006677
v -0.3573043 1.3808840 0.1004539
v -0.3314912 1.3689729 0.1175861
v -0.3389936 1.3689729 0.0945026
v -0.3493425 1.4172768 0.0978661
v -0.3418401 1.4172768 0.1209496
v -0.3498019 1.3808840 0.1235373
v -0.3573043 1.3808840 0.1004539
v -0.3389936 1.3689729 0.0945026
v -0.3314912 1.3689729 0.1175861
v -0.3573043 1.3808840 0.1004539
v -0.3579622 1.4172768 0.1006677
v -0.3493425 1.4172768 0.0978661
v -0.3389936 1.3689729 0.0945026
v -0.3579622 1.4172768 0.1006677
v -0.3504598 1.4172768 0.1237512
v -0.3418401 1.4172768 0.1209496
v -0.3493425 1.4172768 0.0978661
v -0.3504598 1.4172768 0.1237512
v -0.3498019 1.3808840 0.1235373
v -0.3314912 1.3689729 0.1175861
v -0.3418401 1.4172768 0.1209496
v -1.6069196 0.3541610 1.2075459
v -1.5582065 0.3541342 1.2206666
v -1.5549831 0.4317665 1.2371804
v -1.6122372 0.4309387 1.2217557
v -1.4794164 0.3539813 1.2256572
v -1.4647283 0.4325984 1.2441377
v -1.5518171 0.5983264 1.2458206
v -1.6110231 0.5984856 1.2304943
v -1.6115521 0.5254561 1.2266854
v -1.5549831 0.4317665 1.2371804
v -1.4647283 0.4325984 1.2441377
v -1.4458580 0.5980925 1.2506644
v -1.6563917 0.3540654 1.1636622
v -1.6537046 0.3941503 1.1779322
v -1.6259697 0.6678302 1.1672342
v -1.6699437 0.5986918 1.1843834
v -1.6110231 0.5984856 1.2304943
v -1.5719417 0.6677840 1.2004759
v -1.7794540 0.8727511 0.7746553
v -1.7641440 0.8977762 0.7694981
v -1.8324883 0.8977761 0.5921903
v -1.8477008 0.8729757 0.5971346
v -1.6514826 0.8976067 1.0090305
v -1.6775448 0.8722885 0.9922736
v -1.7476459 0.2686221 0.9712479
v -1.6407286 0.2675992 1.1450549
v -1.6677933 0.3403707 1.1667144
v -1.7830824 0.3405996 0.9936790
v -1.4087094 0.3470664 1.2279388
v -1.3874962 0.4325984 1.2432024
v -1.3477822 0.5979182 1.2534965
v -1.4044284 0.6679441 1.2108567
v -1.4458580 0.5980925 1.2506644
v -1.4087094 0.3470664 1.2279388
v -1.4334657 0.2637819 1.2037354
v -1.3660432 0.2622762 1.1827945
v -1.3503449 0.3470664 1.2109181
v -1.3223347 0.6674166 1.2481346
v -1.3477822 0.5979182 1.2534965
v -1.2915008 0.5977612 1.2376040
v -1.2560769 0.6705069 1.2308107
v -1.4329768 0.6678857 1.2056665
v -1.4896384 0.6678148 1.2060498
v -1.5518171 0.5983264 1.2458206
v -1.7636972 0.5986918 1.0568073
v -1.7128360 0.5986918 1.1260173
v -1.6834158 0.6684048 1.0729215
v -1.6514826 0.8976067 1.0090305
v -1.6125141 0.8527340 1.0352676
v -1.5831119 0.8976106 1.0280151
v -1.7205919 0.7617385 1.0264584
v -1.7699645 0.6176788 1.0394451
v -1.6874745 0.6861023 1.0541255
v -1.6488648 0.7873190 1.0442430
v -1.7641440 0.8977762 0.7694981
v -1.7602654 0.8984555 0.7680301
v -1.8285466 0.8984560 0.5909091
v -1.8324883 0.8977761 0.5921903
v -1.6514826 0.8976067 1.0090305
v -1.6481449 0.8987177 1.0064344
v -1.5831119 0.8976106 1.0280151
v -1.5763535 0.8986590 1.0263770
v -1.3874962 0.4325984 1.2432024
v -1.3477822 0.5979182 1.2534965
v -1.3202237 0.4910181 1.2316472
v -1.3874962 0.4325984 1.2432024
v -1.3223347 0.6674166 1.2481346
v -1.3752129 0.6677230 1.2210605
v -1.7699645 0.6176788 1.0394451
v -1.6874745 0.6861023 1.0541255
v -1.7636972 0.5986918 1.0568073
v -1.7699645 0.6176788 1.0394451
v -1.7875294 0.6145179 1.0024229
v -1.7753888 0.5255800 1.0328775
v -1.5683034 0.3400507 1.2207623
v -1.6182853 0.3401291 1.2089587
v -1.5864516 0.2667831 1.1882726
v -1.4334657 0.2637819 1.2037354
v -1.4866009 0.3401227 1.2238021
v -1.8691561 0.3406142 0.7981816
v -1.9352356 0.3406137 0.6255846
v -1.8951972 0.2694070 0.6125715
v -1.4087094 0.3470664 1.2279388
v -1.4866009 0.3401227 1.2238021
v -1.4087094 0.3470664 1.2279388
v -1.4794164 0.3539813 1.2256572
v -1.5683034 0.3400507 1.2207623
v -1.5582065 0.3541342 1.2206666
v -1.6069196 0.3541610 1.2075459
v -1.6182853 0.3401291 1.2089587
v -1.6563917 0.3540654 1.1636622
v -1.6677933 0.3403707 1.1667144
v -1.8691561 0.3406142 0.7981816
v -1.8530700 0.3539643 0.7931501
v -1.9184461 0.3539744 0.6201277
v -1.9352356 0.3406137 0.6255846
v -1.7830824 0.3405996 0.9936790
v -1.7686430 0.3539461 0.9898484
v -1.6851099 0.3540349 1.1191946
v -1.7686430 0.3539461 0.9898484
v -1.7905060 0.4310470 1.0019366
v -1.8108422 0.4310470 0.9576389
v -1.7905060 0.4310470 1.0019366
v -1.8168023 0.4523681 0.9468763
v -1.8108422 0.4310470 0.9576389
v -1.9492245 0.4709009 0.6301312
v -1.8823807 0.4692724 0.8043130
v -1.8835627 0.5256266 0.8054338
v -1.9507239 0.5256616 0.6306185
v -1.8275116 0.5256012 0.9305341
v -1.8286300 0.4681442 0.9225752
v -1.6699437 0.5986918 1.1843834
v -1.6717369 0.5257053 1.1794618
v -1.7090897 0.5256601 1.1266376
v -1.7128360 0.5986918 1.1260173
v -1.6670558 0.3663220 1.1530101
v -1.7097388 0.3663220 1.0869395
v -1.7098257 0.3540086 1.0809238
v -1.6851099 0.3540349 1.1191946
v -1.6857996 0.3561361 1.1191306
v -1.7098257 0.3540086 1.0809238
v -1.7319607 0.4980072 1.0941619
v -1.7098834 0.5081931 1.1269581
v -1.6654111 0.4701789 1.1817370
v -1.6122372 0.4309387 1.2217557
v -1.6859671 0.4980072 1.1591567
v -1.6544141 0.4310126 1.1885487
v -1.6544141 0.4310126 1.1885487
v -1.7330313 0.3941504 1.0652485
v -1.7506141 0.4310470 1.0605677
v -1.7468339 0.4701789 1.0697347
v -1.7506141 0.4310470 1.0605677
v -1.8155703 0.6094716 0.9433201
v -1.8780738 0.6076956 0.8023457
v -1.9498648 0.6076956 0.6303392
v -1.7098834 0.5081931 1.1269581
v -1.7319607 0.4980072 1.0941619
v -1.6613076 0.4773667 1.0836931
v -1.6532307 0.4843687 1.1085449
v -1.6544141 0.4310126 1.1885487
v -1.6654111 0.4701789 1.1817370
v -1.6392403 0.4582371 1.1515897
v -1.6371419 0.4313136 1.1580471
v -1.7506141 0.4310470 1.0605677
v -1.7330313 0.3941504 1.0652485
v -1.6672207 0.4059739 1.0655002
v -1.6693210 0.4313373 1.0590369
v -1.6670558 0.3663220 1.1530101
v -1.6537046 0.3941503 1.1779322
v -1.6392403 0.4059739 1.1515897
v -1.6451534 0.3868443 1.1333970
v -1.6859671 0.4980072 1.1591567
v -1.6451534 0.4773667 1.1333970
v -1.7097388 0.3663220 1.0869395
v -1.6857996 0.3561361 1.1191306
v -1.6532307 0.3798424 1.1085449
v -1.6613076 0.3868443 1.0836931
v -1.7468339 0.4701789 1.0697347
v -1.6672207 0.4582370 1.0655002
v -1.9184461 0.3539744 0.6201277
v -1.8530700 0.3539643 0.7931501
v -1.8262092 0.3697539 0.7688389
v -1.8849412 0.3697612 0.6092382
v -1.7686430 0.3539461 0.9898484
v -1.7496736 0.3697407 0.9501216
v -1.7686430 0.3539461 0.9898484
v -1.8108422 0.4310470 0.9576389
v -1.7809730 0.4410088 0.9227450
v -1.7496736 0.3697407 0.9501216
v -1.8168023 0.4523681 0.9468763
v -1.8823807 0.4692724 0.8043130
v -1.9492245 0.4709009 0.6301312
v -1.9005312 0.4544285 0.6143052
v -1.8384274 0.4532493 0.7847598
v -1.8286300 0.4681442 0.9225752
v -1.7905768 0.4524323 0.9011171
v -1.6222625 0.6691321 1.1645932
v -1.6259697 0.6678302 1.1672342
v -1.5719417 0.6677840 1.2004759
v -1.5694390 0.6693152 1.1965645
v -1.2560769 0.6705069 1.2308107
v -1.3209076 0.6700108 1.2448163
v -1.3223347 0.6674166 1.2481346
v -1.4870538 0.6694298 1.2015717
v -1.4896384 0.6678148 1.2060498
v -1.4329768 0.6678857 1.2056665
v -1.4322252 0.6693588 1.2010733
v -1.3752129 0.6677230 1.2210605
v -1.3734014 0.6693212 1.2171464
v -1.4022065 0.6691889 1.2066413
v -1.4044284 0.6679441 1.2108567
v -1.5831119 0.8976106 1.0280151
v -1.6125141 0.8527340 1.0352676
v -1.6080446 0.8504082 1.0340997
v -1.5763535 0.8986590 1.0263770
v -1.6488648 0.7873190 1.0442430
v -1.6442013 0.7854634 1.0429928
v -1.6874745 0.6861023 1.0541255
v -1.6821080 0.6877268 1.0526184
v -1.6821080 0.6877268 1.0526184
v -1.6874745 0.6861023 1.0541255
v -1.6834158 0.6684048 1.0729215
v -1.6787420 0.6690924 1.0717519
v -1.7699645 0.6176788 1.0394451
v -1.7205919 0.7617385 1.0264584
v -1.7340182 0.7618008 0.9997695
v -1.7875294 0.6145179 1.0024229
v -1.8780738 0.6076956 0.8023457
v -1.8155703 0.6094716 0.9433201
v -1.7587867 0.6164385 0.9248648
v -1.8212902 0.6146625 0.7838903
v -1.9498648 0.6076956 0.6303392
v -1.8780738 0.6076956 0.8023457
v -1.8212902 0.6146625 0.7838903
v -1.8930816 0.6146625 0.6118838
v -1.6775448 0.8722885 0.9922736
v -1.7794540 0.8727511 0.7746553
v -1.7226701 0.8727511 0.7561999
v -1.6207616 0.8722885 0.9738182
v -1.7794540 0.8727511 0.7746553
v -1.8477008 0.8729757 0.5971346
v -1.7909176 0.8729757 0.5786792
v -1.7226701 0.8727511 0.7561999
v -1.8155703 0.6094716 0.9433201
v -1.7875294 0.6145179 1.0024229
v -1.7307458 0.6214847 0.9839676
v -1.7587867 0.6164385 0.9248648
v -1.7875294 0.6145179 1.0024229
v -1.7340182 0.7618008 0.9997695
v -1.6207616 0.8722885 0.9738182
v -1.7307458 0.6214847 0.9839676
v -1.7340182 0.7618008 0.9997695
v -1.6775448 0.8722885 0.9922736
v -1.6207616 0.8722885 0.9738182
v -1.8717946 0.8121455 0.6049653
v -1.7033350 0.8133782 0.9948059
v -1.6930132 0.8345414 0.9935527
v -1.8619360 0.8343259 0.6017612
v -1.9234488 0.6797483 0.6217537
v -1.7589053 0.6847604 1.0000948
v -1.7513639 0.7053873 0.9996920
v -1.9163810 0.7014432 0.6194565
v -1.9012702 0.7458261 0.6145452
v -1.7347610 0.7489466 0.9986214
v -1.7244502 0.7700862 0.9973695
v -1.8914124 0.7680055 0.6113414
v -1.8865324 0.7789858 0.6097552
v -1.7190478 0.7811628 0.9967136
v -1.7087317 0.8023134 0.9954611
v -1.8766746 0.8011658 0.6065513
v -1.6772939 0.8667703 0.9916440
v -1.8471982 0.8674862 0.5969713
v -1.8570568 0.8453053 0.6001753
v -1.6876230 0.8455930 0.9928981
v -1.9450548 0.6134286 0.6287758
v -1.7824636 0.6203268 1.0013532
v -1.7749287 0.6409346 1.0009507
v -1.9379873 0.6351228 0.6264787
v -1.9342518 0.6465884 0.6252647
v -1.7706840 0.6525438 1.0007240
v -1.7631464 0.6731607 1.0003214
v -1.9271840 0.6682830 0.6229675
v -1.7395809 0.7376145 0.9990626
v -1.9055780 0.7346034 0.6159454
v -1.9126458 0.7129082 0.6182425
v -1.7471265 0.7169764 0.9994658
v -1.8717946 0.8121455 0.6049653
v -1.8211953 0.8092182 0.5885200
v -1.6548532 0.8106145 0.9733521
v -1.7033350 0.8133782 0.9948059
v -1.6930132 0.8345414 0.9935527
v -1.6393585 0.8429425 0.9709269
v -1.8064640 0.8423752 0.5837322
v -1.8619360 0.8343259 0.6017612
v -1.9234488 0.6797483 0.6217537
v -1.8710143 0.6798788 0.6047117
v -1.7081641 0.6848219 0.9791235
v -1.7589053 0.6847604 1.0000948
v -1.7513639 0.7053873 0.9996920
v -1.6964978 0.7170955 0.9782101
v -1.8602193 0.7130353 0.6012034
v -1.9163810 0.7014432 0.6194565
v -1.9012702 0.7458261 0.6145452
v -1.8499977 0.7445310 0.5978811
v -1.6853589 0.7476771 0.9776068
v -1.7347610 0.7489466 0.9986214
v -1.7244502 0.7700862 0.9973695
v -1.6703863 0.7783053 0.9757065
v -1.8359255 0.7760616 0.5933074
v -1.8914124 0.7680055 0.6113414
v -1.8865324 0.7789858 0.6097552
v -1.8359255 0.7760616 0.5933074
v -1.6703863 0.7783053 0.9757065
v -1.7190478 0.7811628 0.9967136
v -1.7087317 0.8023134 0.9954611
v -1.6548532 0.8106145 0.9733521
v -1.8211953 0.8092182 0.5885200
v -1.8766746 0.8011658 0.6065513
v -1.6772939 0.8667703 0.9916440
v -1.6237654 0.8752228 0.9687415
v -1.7917323 0.8755335 0.5789441
v -1.8471982 0.8674862 0.5969713
v -1.8570568 0.8453053 0.6001753
v -1.8064640 0.8423752 0.5837322
v -1.6393585 0.8429425 0.9709269
v -1.6876230 0.8455930 0.9928981
v -1.9450548 0.6134286 0.6287758
v -1.8926020 0.6135645 0.6117281
v -1.7315801 0.6203121 0.9807553
v -1.7824636 0.6203268 1.0013532
v -1.7749287 0.6409346 1.0009507
v -1.7198457 0.6525548 0.9800063
v -1.8818081 0.6467224 0.6082199
v -1.9379873 0.6351228 0.6264787
v -1.9342518 0.6465884 0.6252647
v -1.8818081 0.6467224 0.6082199
v -1.7198457 0.6525548 0.9800063
v -1.7706840 0.6525438 1.0007240
v -1.7631464 0.6731607 1.0003214
v -1.7081641 0.6848219 0.9791235
v -1.8710143 0.6798788 0.6047117
v -1.9271840 0.6682830 0.6229675
v -1.7395809 0.7376145 0.9990626
v -1.6853589 0.7476771 0.9776068
v -1.8499977 0.7445310 0.5978811
v -1.9055780 0.7346034 0.6159454
v -1.9126458 0.7129082 0.6182425
v -1.8602193 0.7130353 0.6012034
v -1.6964978 0.7170955 0.9782101
v -1.7471265 0.7169764 0.9994658
v -2.0118022 0.3541610 -0.0381987
v -2.0244582 0.4309387 -0.0465668
v -1.9872127 0.4317665 -0.0927050
v -1.9801115 0.3541341 -0.0774516
v -1.9193105 0.3539813 -0.1278110
v -1.9182938 0.4325983 -0.1513957
v -1.9897315 0.5983263 -0.1015555
v -1.9872127 0.4317665 -0.0927050
v -2.0268020 0.5254560 -0.0509574
v -2.0286134 0.5984855 -0.0543496
v -1.9068670 0.5980925 -0.1677695
v -1.9182938 0.4325983 -0.1513957
v -2.0260211 0.3540653 0.0263855
v -2.0322370 0.3941503 0.0132624
v -2.0035124 0.6678302 0.0056104
v -1.9793515 0.6677840 -0.0530438
v -2.0286134 0.5984855 -0.0543496
v -2.0491660 0.5986917 0.0175912
v -1.8968630 0.8727511 0.4134109
v -1.8814463 0.8977762 0.4085817
v -1.9311390 0.8976067 0.1485838
v -1.9423693 0.8722885 0.1774611
v -1.9867139 0.2686220 0.2356832
v -2.0285667 0.3405995 0.2383722
v -2.0370387 0.3403707 0.0306198
v -2.0024110 0.2675991 0.0322286
v -1.8634557 0.3470663 -0.1712269
v -1.8552698 0.4325983 -0.1960456
v -1.8291965 0.5979181 -0.2277211
v -1.9068670 0.5980925 -0.1677695
v -1.8499499 0.6679441 -0.1599257
v -1.8634557 0.3470663 -0.1712269
v -1.8062368 0.3470663 -0.1917723
v -1.8024011 0.2622762 -0.1597930
v -1.8692521 0.2637819 -0.1370934
v -1.8054592 0.6674166 -0.2383451
v -1.7416770 0.6705068 -0.2632858
v -1.7743258 0.5977611 -0.2479547
v -1.8291965 0.5979181 -0.2277211
v -1.9897315 0.5983263 -0.1015555
v -1.9160516 0.6678147 -0.1059405
v -1.8699919 0.6678856 -0.1389430
v -2.0500000 0.5986917 0.1759095
v -1.9945330 0.6684048 0.1156753
v -2.0495477 0.5986917 0.0900219
v -1.9311390 0.8976067 0.1485838
v -1.8869937 0.8976106 0.0930301
v -1.9150418 0.8527340 0.1044493
v -1.9972885 0.7617385 0.1751167
v -1.9497233 0.7873189 0.1185606
v -1.9867655 0.6861023 0.1332659
v -2.0448622 0.6176787 0.1936389
v -1.8814463 0.8977762 0.4085817
v -1.8774457 0.8984555 0.4074889
v -1.9311390 0.8976067 0.1485838
v -1.9269124 0.8987177 0.1487216
v -1.8805639 0.8986590 0.0903817
v -1.8869937 0.8976106 0.0930301
v -1.8552698 0.4325983 -0.1960456
v -1.8291965 0.5979181 -0.2277211
v -1.7940583 0.4910180 -0.2262491
v -1.8552698 0.4325983 -0.1960456
v -1.8323162 0.6677230 -0.1853560
v -1.8054592 0.6674166 -0.2383451
v -2.0448622 0.6176787 0.1936389
v -1.9867655 0.6861023 0.1332659
v -2.0500000 0.5986917 0.1759095
v -2.0453889 0.5255800 0.2021405
v -2.0373048 0.6145178 0.2339136
v -2.0448622 0.6176787 0.1936389
v -1.9883349 0.3400507 -0.0715930
v -1.9839140 0.2667831 -0.0346418
v -2.0218268 0.3401290 -0.0326595
v -1.8692521 0.2637819 -0.1370934
v -1.9240318 0.3401227 -0.1220863
v -1.9832565 0.3406142 0.4471182
v -1.8634557 0.3470663 -0.1712269
v -1.9240318 0.3401227 -0.1220863
v -1.9193105 0.3539813 -0.1278110
v -1.8634557 0.3470663 -0.1712269
v -1.9883349 0.3400507 -0.0715930
v -2.0218268 0.3401290 -0.0326595
v -2.0118022 0.3541610 -0.0381987
v -1.9801115 0.3541341 -0.0774516
v -2.0370387 0.3403707 0.0306198
v -2.0260211 0.3540653 0.0263855
v -1.9832565 0.3406142 0.4471182
v -1.9672859 0.3539643 0.4417306
v -2.0285667 0.3405995 0.2383722
v -2.0146342 0.3539461 0.2329815
v -2.0231080 0.3540348 0.0792400
v -2.0146342 0.3539461 0.2329815
v -2.0298333 0.4310470 0.2838460
v -2.0394267 0.4310470 0.2360570
v -2.0394267 0.4310470 0.2360570
v -2.0298333 0.4310470 0.2838460
v -2.0283271 0.4523681 0.2960563
v -1.9991735 0.5256266 0.4497216
v -1.9975588 0.4692724 0.4499336
v -2.0273821 0.5256011 0.3155719
v -2.0236076 0.4681441 0.3226675
v -2.0491660 0.5986917 0.0175912
v -2.0477232 0.5257052 0.0226268
v -2.0495477 0.5986917 0.0900219
v -2.0468820 0.5256601 0.0873177
v -2.0283846 0.3663220 0.0412715
v -2.0240675 0.3663220 0.1198117
v -2.0236284 0.3561361 0.0796974
v -2.0231080 0.3540348 0.0792400
v -2.0206009 0.3540086 0.1247289
v -2.0206009 0.3540086 0.1247289
v -2.0462893 0.4980072 0.1270341
v -2.0477123 0.5081931 0.0875250
v -2.0439435 0.4701789 0.0170671
v -2.0244582 0.4309387 -0.0465668
v -2.0472961 0.4980072 0.0474179
v -2.0390524 0.4310126 0.0050916
v -2.0390524 0.4310126 0.0050916
v -2.0301564 0.3941503 0.1510519
v -2.0416276 0.4310470 0.1651757
v -2.0439591 0.4701788 0.1555379
v -2.0416276 0.4310470 0.1651757
v -2.0252395 0.6094716 0.2982086
v -1.9929181 0.6076955 0.4489925
v -2.0477123 0.5081931 0.0875250
v -1.9910595 0.4843686 0.0691123
v -1.9829818 0.4773666 0.0939642
v -2.0462893 0.4980072 0.1270341
v -2.0390524 0.4310126 0.0050916
v -2.0071481 0.4313135 0.0196102
v -2.0050493 0.4582370 0.0260674
v -2.0439435 0.4701789 0.0170671
v -2.0416276 0.4310470 0.1651757
v -1.9749684 0.4313372 0.1186203
v -1.9770691 0.4059739 0.1121570
v -2.0301564 0.3941503 0.1510519
v -2.0283846 0.3663220 0.0412715
v -1.9991364 0.3868442 0.0442604
v -2.0050493 0.4059739 0.0260674
v -2.0322370 0.3941503 0.0132624
v -2.0472961 0.4980072 0.0474179
v -1.9991364 0.4773666 0.0442604
v -2.0240675 0.3663220 0.1198117
v -1.9829818 0.3868443 0.0939642
v -1.9910595 0.3798424 0.0691123
v -2.0236284 0.3561361 0.0796974
v -1.9770691 0.4582370 0.1121570
v -2.0439591 0.4701788 0.1555379
v -1.9312645 0.3697539 0.4456046
v -1.9672859 0.3539643 0.4417306
v -1.9759335 0.3697407 0.2539647
v -2.0146342 0.3539461 0.2329815
v -2.0146342 0.3539461 0.2329815
v -1.9759335 0.3697407 0.2539647
v -1.9851567 0.4410088 0.2945117
v -2.0298333 0.4310470 0.2838460
v -2.0283271 0.4523681 0.2960563
v -1.9975588 0.4692724 0.4499336
v -1.9505082 0.4532493 0.4399092
v -1.9802098 0.4524323 0.3176532
v -2.0236076 0.4681441 0.3226675
v -1.9989605 0.6691320 0.0055670
v -1.9750273 0.6693152 -0.0513512
v -1.9793515 0.6677840 -0.0530438
v -2.0035124 0.6678302 0.0056104
v -1.7416770 0.6705068 -0.2632858
v -1.8054592 0.6674166 -0.2383451
v -1.8023544 0.6700108 -0.2364997
v -1.9113281 0.6694298 -0.1038377
v -1.8666836 0.6693588 -0.1356694
v -1.8699919 0.6678856 -0.1389430
v -1.9160516 0.6678147 -0.1059405
v -1.8323162 0.6677230 -0.1853560
v -1.8499499 0.6679441 -0.1599257
v -1.8456743 0.6691888 -0.1578220
v -1.8285493 0.6693212 -0.1832551
v -1.9107394 0.8504082 0.1027665
v -1.9150418 0.8527340 0.1044493
v -1.8869937 0.8976106 0.0930301
v -1.8805639 0.8986590 0.0903817
v -1.9452159 0.7854633 0.1168303
v -1.9497233 0.7873189 0.1185606
v -1.9815383 0.6877268 0.1313300
v -1.9867655 0.6861023 0.1332659
v -1.9815383 0.6877268 0.1313300
v -1.9900650 0.6690923 0.1138737
v -1.9945330 0.6684048 0.1156753
v -1.9867655 0.6861023 0.1332659
v -1.9924585 0.7618007 0.2045994
v -1.9972885 0.7617385 0.1751167
v -2.0448622 0.6176787 0.1936389
v -2.0373048 0.6145178 0.2339136
v -1.9929181 0.6076955 0.4489925
v -1.9361345 0.6146624 0.4305371
v -1.9684559 0.6164385 0.2797532
v -2.0252395 0.6094716 0.2982086
v -1.9498648 0.6076956 0.6303392
v -1.8930816 0.6146625 0.6118838
v -1.9361345 0.6146624 0.4305371
v -1.9929181 0.6076955 0.4489925
v -1.9423693 0.8722885 0.1774611
v -1.8855853 0.8722885 0.1590058
v -1.8400791 0.8727511 0.3949556
v -1.8968630 0.8727511 0.4134109
v -1.8968630 0.8727511 0.4134109
v -1.8400791 0.8727511 0.3949556
v -1.7909176 0.8729757 0.5786792
v -1.8477008 0.8729757 0.5971346
v -2.0252395 0.6094716 0.2982086
v -1.9684559 0.6164385 0.2797532
v -1.9805212 0.6214847 0.2154581
v -2.0373048 0.6145178 0.2339136
v -2.0373048 0.6145178 0.2339136
v -1.9805212 0.6214847 0.2154581
v -1.8855853 0.8722885 0.1590058
v -1.9924585 0.7618007 0.2045994
v -1.9924585 0.7618007 0.2045994
v -1.8855853 0.8722885 0.1590058
v -1.9423693 0.8722885 0.1774611
v -1.9556337 0.8345414 0.1855206
v -1.9647200 0.8133782 0.1905754
v -2.0064441 0.7053872 0.2148599
v -2.0127814 0.6847603 0.2189679
v -1.9833077 0.7700862 0.2009156
v -1.9923845 0.7489466 0.2059648
v -1.9694711 0.8023133 0.1932183
v -1.9785521 0.7811628 0.1982700
v -1.9417959 0.8667703 0.1778229
v -1.9508884 0.8455930 0.1828810
v -2.0262462 0.6409345 0.2276961
v -2.0325776 0.6203268 0.2318003
v -2.0163452 0.6731607 0.2212781
v -2.0226794 0.6525438 0.2253840
v -2.0028836 0.7169764 0.2125519
v -1.9965427 0.7376145 0.2084417
v -1.9128891 0.8106145 0.1794263
v -1.9647200 0.8133782 0.1905754
v -1.9556337 0.8345414 0.1855206
v -1.8989293 0.8429425 0.1722782
v -1.9594067 0.6848219 0.2061004
v -2.0127814 0.6847603 0.2189679
v -2.0064441 0.7053872 0.2148599
v -1.9494326 0.7170955 0.1999804
v -1.9400670 0.7476771 0.1939193
v -1.9923845 0.7489466 0.2059648
v -1.9833077 0.7700862 0.2009156
v -1.9268382 0.7783052 0.1866539
v -1.9268382 0.7783052 0.1866539
v -1.9785521 0.7811628 0.1982700
v -1.9694711 0.8023133 0.1932183
v -1.9128891 0.8106145 0.1794263
v -1.9417959 0.8667703 0.1778229
v -1.8850311 0.8752228 0.1648785
v -1.8989293 0.8429425 0.1722782
v -1.9508884 0.8455930 0.1828810
v -2.0325776 0.6203268 0.2318003
v -1.9793075 0.6203120 0.2185470
v -2.0262462 0.6409345 0.2276961
v -1.9693747 0.6525547 0.2122541
v -1.9693747 0.6525547 0.2122541
v -2.0226794 0.6525438 0.2253840
v -2.0163452 0.6731607 0.2212781
v -1.9594067 0.6848219 0.2061004
v -1.9400670 0.7476771 0.1939193
v -1.9965427 0.7376145 0.2084417
v -1.9494326 0.7170955 0.1999804
v -2.0028836 0.7169764 0.2125519
v 1.9847429 0.9731858 -0.1382635
v 2.0040431 0.9319370 -0.1408347
v 1.8693328 0.9134059 -0.6109480
v 1.8865095 0.9319374 -0.6165306
v 1.6847894 0.9731858 -1.0611632
v 1.7019132 0.9319370 -1.0704304
v 1.9960060 0.9731866 -0.0406069
v 1.9989360 0.9134040 -0.0350841
v 1.6364855 0.9731865 -1.1467811
v 1.6356088 0.9134039 -1.1529713
v -0.9245708 0.3202450 0.9154705
v -0.5325113 1.1147764 0.8548836
v 1.9696937 0.5985084 -0.0533352
v 1.9861275 0.6762077 -0.0251148
v 1.1556124 0.3543213 0.2421560
v 1.3461267 0.3543215 0.1802360
v 1.6854496 0.6307506 -1.1575843
v 1.6246333 0.6746685 -1.1554746
v 1.0108021 0.2286008 -0.8514922
v 1.4028288 0.3186196 0.3539629
v 1.4823907 0.2650554 0.3198848
v 1.4782712 0.2755894 0.2937096
v 1.4057886 0.3260410 0.3254594
v 1.3667696 0.4097343 0.3656827
v 1.4494588 0.4576029 0.3305882
v 1.4346790 0.4664836 0.3078776
v 1.3580891 0.4235123 0.3409623
v 1.2736961 0.4224553 0.3959327
v 1.2744076 0.5238879 0.3874820
v 1.2556588 0.5222347 0.3660613
v 1.2539598 0.4288117 0.3748054
v 1.1975308 0.3366401 0.3931456
v 1.2166827 0.3440616 0.4144629
v 1.1322882 0.3976257 0.4336725
v 1.1202317 0.3870917 0.4100769
v 1.2452303 0.2391688 0.3776427
v 1.2527419 0.2529469 0.4027432
v 1.1652205 0.2050784 0.4229692
v 1.1638239 0.1961976 0.3959089
v 1.3458153 0.2402259 0.3724932
v 1.3402714 0.1387932 0.3660754
v 1.3428441 0.1404464 0.3377253
v 1.3493588 0.2338693 0.3437995
v 1.4028288 0.3440616 0.3539629
v 1.4028288 0.3186196 0.3539629
v 1.4057886 0.3260410 0.3254594
v 1.4085816 0.3345753 0.3260348
v 1.3458153 0.4224553 0.3724932
v 1.3667696 0.4097343 0.3656827
v 1.3580891 0.4235123 0.3409623
v 1.3526744 0.4299262 0.3442053
v 1.2527419 0.4097343 0.4027432
v 1.2736961 0.4224553 0.3959327
v 1.2539598 0.4288117 0.3748054
v 1.2461881 0.4266913 0.3788147
v 1.2166827 0.3186196 0.4144629
v 1.2166827 0.3440616 0.4144629
v 1.1975308 0.3366401 0.3931456
v 1.1956095 0.3281058 0.3952534
v 1.2736961 0.2402259 0.3959327
v 1.2527419 0.2529469 0.4027432
v 1.2452303 0.2391688 0.3776427
v 1.2515163 0.2327550 0.3770829
v 1.3667696 0.2529469 0.3656826
v 1.3458153 0.2402259 0.3724932
v 1.3493588 0.2338693 0.3437995
v 1.3580026 0.2359897 0.3424736
v 1.4346790 0.1961975 0.3078777
v 1.4494588 0.2050784 0.3305882
v 1.3667696 0.2529469 0.3656826
v 1.3580026 0.2359897 0.3424736
v 1.4782712 0.3870919 0.2937096
v 1.4823907 0.3976258 0.3198848
v 1.4028288 0.3440616 0.3539629
v 1.4085816 0.3345753 0.3260348
v 1.3428433 0.5222347 0.3377253
v 1.3402714 0.5238879 0.3660754
v 1.3458153 0.4224553 0.3724932
v 1.3526744 0.4299262 0.3442053
v 1.1652205 0.4576027 0.4229692
v 1.2527419 0.4097343 0.4027432
v 1.2461881 0.4266913 0.3788147
v 1.1638239 0.4664835 0.3959089
v 1.1322882 0.2650554 0.4336725
v 1.2166827 0.3186196 0.4144629
v 1.1956095 0.3281058 0.3952534
v 1.1202317 0.2755894 0.4100770
v 1.2744076 0.1387932 0.3874820
v 1.2736961 0.2402259 0.3959327
v 1.2515163 0.2327550 0.3770829
v 1.2556588 0.1404464 0.3660614
v -1.2679701 0.2755893 -0.3688424
v -1.2800265 0.2650553 -0.3924378
v -1.3644206 0.3186194 -0.3732282
v -1.3452691 0.3260409 -0.3519109
v -1.3115623 0.4664835 -0.3546743
v -1.3129588 0.4576027 -0.3817344
v -1.4004802 0.4097342 -0.3615085
v -1.3929687 0.4235122 -0.3364079
v -1.4905820 0.5222346 -0.2964906
v -1.4880101 0.5238878 -0.3248407
v -1.4935537 0.4224551 -0.3312585
v -1.4970976 0.4288116 -0.3025649
v -1.5535265 0.3366400 -0.2842247
v -1.6260095 0.3870916 -0.2524749
v -1.6301291 0.3976256 -0.2786501
v -1.5505675 0.3440615 -0.3127282
v -1.5058270 0.2391688 -0.2997277
v -1.5824173 0.1961975 -0.2666430
v -1.5971972 0.2050783 -0.2893535
v -1.5145079 0.2529468 -0.3244481
v -1.4033976 0.1404463 -0.3248267
v -1.4221459 0.1387931 -0.3462472
v -1.4214348 0.2402257 -0.3546980
v -1.4016981 0.2338692 -0.3335707
v -1.3452691 0.3260409 -0.3519109
v -1.3644206 0.3186194 -0.3732282
v -1.3644206 0.3440615 -0.3732282
v -1.3433478 0.3345752 -0.3540187
v -1.3929687 0.4235122 -0.3364079
v -1.4004802 0.4097342 -0.3615085
v -1.4214348 0.4224552 -0.3546980
v -1.3992551 0.4299261 -0.3358481
v -1.4970976 0.4288116 -0.3025649
v -1.4935537 0.4224551 -0.3312585
v -1.5145079 0.4097341 -0.3244481
v -1.5057413 0.4266912 -0.3012388
v -1.5535265 0.3366400 -0.2842247
v -1.5505675 0.3440615 -0.3127282
v -1.5505675 0.3186195 -0.3127282
v -1.5563200 0.3281057 -0.2848002
v -1.5058270 0.2391688 -0.2997277
v -1.5145079 0.2529468 -0.3244481
v -1.4935537 0.2402258 -0.3312585
v -1.5004131 0.2327549 -0.3029706
v -1.4016981 0.2338692 -0.3335707
v -1.4214348 0.2402257 -0.3546980
v -1.4004802 0.2529468 -0.3615085
v -1.3939268 0.2359896 -0.3375799
v -1.3115623 0.1961974 -0.3546743
v -1.3939268 0.2359896 -0.3375799
v -1.4004802 0.2529468 -0.3615085
v -1.3129588 0.2050783 -0.3817344
v -1.2679701 0.3870917 -0.3688422
v -1.3433478 0.3345752 -0.3540187
v -1.3644206 0.3440615 -0.3732282
v -1.2800265 0.3976257 -0.3924378
v -1.4033976 0.5222346 -0.3248265
v -1.3992551 0.4299261 -0.3358481
v -1.4214348 0.4224552 -0.3546980
v -1.4221459 0.5238878 -0.3462472
v -1.5057413 0.4266912 -0.3012388
v -1.5145079 0.4097341 -0.3244481
v -1.5971972 0.4576026 -0.2893535
v -1.5824173 0.4664834 -0.2666430
v -1.5563200 0.3281057 -0.2848002
v -1.5505675 0.3186195 -0.3127282
v -1.6301291 0.2650553 -0.2786501
v -1.6260095 0.2755893 -0.2524749
v -1.5004131 0.2327549 -0.3029706
v -1.4935537 0.2402258 -0.3312585
v -1.4880101 0.1387931 -0.3248407
v -1.4905820 0.1404463 -0.2964906
v 1.0211293 0.2755894 -1.1128281
v 1.0090728 0.2650554 -1.1364235
v 0.9246787 0.3186195 -1.1172139
v 0.9438302 0.3260410 -1.0958967
v 0.9775370 0.4664836 -1.0986600
v 0.9761405 0.4576028 -1.1257201
v 0.8886191 0.4097343 -1.1054942
v 0.8961307 0.4235123 -1.0803937
v 0.7985173 0.5222347 -1.0404763
v 0.8010893 0.5238879 -1.0688264
v 0.7955457 0.4224552 -1.0752442
v 0.7920018 0.4288117 -1.0465506
v 0.7355728 0.3366401 -1.0282104
v 0.6630898 0.3870917 -0.9964607
v 0.6589703 0.3976257 -1.0226359
v 0.7385318 0.3440616 -1.0567139
v 0.7832723 0.2391688 -1.0437134
v 0.7066820 0.1961976 -1.0106287
v 0.6919021 0.2050784 -1.0333392
v 0.7745914 0.2529469 -1.0684338
v 0.8857018 0.1404464 -1.0688124
v 0.8669534 0.1387932 -1.0902329
v 0.8676645 0.2402258 -1.0986838
v 0.8874012 0.2338693 -1.0775564
v 0.9438302 0.3260410 -1.0958967
v 0.9246787 0.3186195 -1.1172139
v 0.9246787 0.3440616 -1.1172139
v 0.9457515 0.3345753 -1.0980044
v 0.8961307 0.4235123 -1.0803937
v 0.8886191 0.4097343 -1.1054942
v 0.8676645 0.4224553 -1.0986838
v 0.8898443 0.4299262 -1.0798339
v 0.7920018 0.4288117 -1.0465506
v 0.7955457 0.4224552 -1.0752442
v 0.7745914 0.4097342 -1.0684338
v 0.7833580 0.4266913 -1.0452245
v 0.7355728 0.3366401 -1.0282104
v 0.7385318 0.3440616 -1.0567139
v 0.7385318 0.3186196 -1.0567139
v 0.7327794 0.3281058 -1.0287859
v 0.7832723 0.2391688 -1.0437134
v 0.7745914 0.2529469 -1.0684338
v 0.7955457 0.2402259 -1.0752442
v 0.7886862 0.2327550 -1.0469563
v 0.8874012 0.2338693 -1.0775564
v 0.8676645 0.2402258 -1.0986838
v 0.8886191 0.2529469 -1.1054942
v 0.8951725 0.2359897 -1.0815656
v 0.9775370 0.1961975 -1.0986600
v 0.8951725 0.2359897 -1.0815656
v 0.8886191 0.2529469 -1.1054942
v 0.9761405 0.2050784 -1.1257201
v 1.0211293 0.3870918 -1.1128279
v 0.9457515 0.3345753 -1.0980044
v 0.9246787 0.3440616 -1.1172139
v 1.0090728 0.3976258 -1.1364235
v 0.8857018 0.5222347 -1.0688123
v 0.8898443 0.4299262 -1.0798339
v 0.8676645 0.4224553 -1.0986838
v 0.8669534 0.5238879 -1.0902329
v 0.7833580 0.4266913 -1.0452245
v 0.7745914 0.4097342 -1.0684338
v 0.6919021 0.4576027 -1.0333392
v 0.7066820 0.4664835 -1.0106287
v 0.7327794 0.3281058 -1.0287859
v 0.7385318 0.3186196 -1.0567139
v 0.6589703 0.2650554 -1.0226359
v 0.6630898 0.2755894 -0.9964607
v 0.7886862 0.2327550 -1.0469563
v 0.7955457 0.2402259 -1.0752442
v 0.8010893 0.1387932 -1.0688264
v 0.7985173 0.1404464 -1.0404763
vt 0.7105818 0.5980308
vt 0.7984934 0.5501425
vt 0.8101778 0.5714499
vt 0.7400371 0.6098791
vt 0.6676382 0.6978871
vt 0.7532159 0.7503239
vt 0.7404083 0.7712897
vt 0.6714221 0.7291111
vt 0.5589858 0.7098461
vt 0.5561522 0.8099306
vt 0.5316557 0.8092684
vt 0.5338657 0.7286462
vt 0.4657641 0.6095617
vt 0.4945256 0.6218907
vt 0.4066684 0.6693210
vt 0.3950318 0.6478337
vt 0.5346899 0.4913416
vt 0.5383664 0.5223255
vt 0.4535746 0.4700703
vt 0.4663413 0.4492983
vt 0.6463182 0.5109962
vt 0.6490194 0.4114037
vt 0.6731973 0.4119964
vt 0.6712177 0.4915698
vt 0.7099727 0.6287246
vt 0.7105818 0.5980308
vt 0.7400371 0.6098791
vt 0.7386992 0.6175352
vt 0.6399982 0.7116762
vt 0.6676382 0.6978871
vt 0.6714221 0.7291111
vt 0.6640807 0.7317295
vt 0.5333081 0.6928136
vt 0.5589858 0.7098461
vt 0.5338657 0.7286462
vt 0.5279599 0.7236000
vt 0.4964359 0.5912091
vt 0.4945256 0.6218907
vt 0.4657641 0.6095617
vt 0.4671718 0.6019433
vt 0.5658189 0.5086876
vt 0.5383664 0.5223255
vt 0.5346899 0.4913416
vt 0.5419714 0.4887575
vt 0.6724315 0.5268262
vt 0.6463182 0.5109962
vt 0.6712177 0.4915698
vt 0.6771303 0.4965411
vt 0.7464175 0.4566282
vt 0.7586011 0.4778861
vt 0.6724315 0.5268262
vt 0.6771303 0.4965411
vt 0.8084462 0.6577369
vt 0.7960807 0.6790817
vt 0.7099727 0.6287246
vt 0.7386992 0.6175352
vt 0.6636714 0.8118117
vt 0.6391326 0.8116326
vt 0.6399982 0.7116762
vt 0.6640807 0.7317295
vt 0.4465395 0.7418093
vt 0.5333081 0.6928136
vt 0.5279599 0.7236000
vt 0.4585937 0.7630910
vt 0.4108287 0.5406751
vt 0.4964359 0.5912091
vt 0.4671718 0.6019433
vt 0.3984527 0.5617051
vt 0.5668347 0.4096197
vt 0.5658189 0.5086876
vt 0.5419714 0.4887575
vt 0.5425180 0.4093989
vt 0.0147622 0.7743524
vt 0.0345987 0.8009796
vt 0.0194855 0.8014845
vt 0.0004893 0.7768879
vt 0.0310026 0.8189955
vt 0.0612560 0.8203261
vt 0.0617970 0.8350787
vt 0.0372425 0.8295605
vt 0.0623706 0.8426987
vt 0.0435246 0.8401681
vt 0.0274242 0.8404988
vt 0.0180467 0.8322339
vt 0.1370486 0.8430822
vt 0.1374760 0.8507744
vt 0.1363369 0.8301815
vt 0.2321776 0.8467033
vt 0.2375031 0.8556738
vt 0.2131644 0.8278632
vt 0.3437753 0.8317453
vt 0.3153866 0.8481960
vt 0.2587197 0.8470540
vt 0.2558382 0.8291401
vt 0.3732315 0.8492005
vt 0.2537423 0.8107035
vt 0.3445829 0.8140596
vt 0.2606588 0.7896492
vt 0.3459602 0.7918252
vt 0.3471561 0.7436285
vt 0.2723292 0.7429147
vt 0.2796834 0.6867440
vt 0.3494685 0.6870149
vt 0.4409514 0.8498232
vt 0.4404779 0.8326965
vt 0.4405566 0.8144170
vt 0.4412225 0.7916822
vt 0.5893083 0.8145012
vt 0.5958021 0.8326719
vt 0.5113187 0.8321370
vt 0.5110987 0.8143193
vt 0.4415455 0.7435641
vt 0.5748869 0.7432497
vt 0.5816508 0.7916456
vt 0.5109830 0.7917206
vt 0.5102111 0.7433823
vt 0.4417298 0.6873527
vt 0.5975993 0.8495572
vt 0.5115545 0.8491057
vt 0.6620629 0.8614125
vt 0.5972720 0.8597445
vt 0.6428767 0.8508351
vt 0.6388441 0.7898871
vt 0.6526316 0.8111607
vt 0.6402538 0.8122758
vt 0.6272073 0.7425078
vt 0.5713225 0.6876415
vt 0.5099016 0.6874394
vt 0.6209345 0.6876638
vt 0.7181950 0.8359275
vt 0.7667893 0.8395529
vt 0.7669082 0.8534241
vt 0.7167197 0.8516748
vt 0.8405862 0.8650737
vt 0.7653955 0.8653404
vt 0.8414119 0.8530105
vt 0.8419548 0.8367081
vt 0.9207426 0.8646142
vt 0.8788567 0.8267716
vt 0.9245439 0.8300123
vt 0.9228507 0.8431492
vt 0.8639041 0.8389431
vt 0.8624292 0.8239552
vt 0.8743930 0.8106191
vt 0.8893810 0.8126925
vt 0.9264808 0.8138875
vt 0.8995638 0.7713138
vt 0.9293683 0.7713345
vt 0.8869286 0.7712871
vt 0.1780531 0.3230347
vt 0.2123520 0.3230347
vt 0.2085395 0.3582591
vt 0.1879924 0.3583614
vt 0.2085395 0.3582591
vt 0.2380318 0.3584644
vt 0.2340984 0.3719245
vt 0.2051015 0.3720287
vt 0.2123520 0.3230347
vt 0.1780531 0.3230347
vt 0.1973911 0.2784928
vt 0.2424944 0.2831141
vt 0.2484143 0.3230347
vt 0.7141491 0.8632166
vt 0.7532945 0.8692701
vt 0.7468668 0.8766841
vt 0.7107025 0.8763857
vt 0.7388874 0.4311074
vt 0.7366163 0.4412627
vt 0.7251450 0.4329356
vt 0.7267281 0.4205824
vt 0.0426431 0.8463105
vt 0.0612205 0.8491029
vt 0.7367650 0.4593389
vt 0.7375346 0.4782377
vt 0.7248574 0.4755539
vt 0.7248846 0.4538125
vt 0.1368500 0.8579085
vt 0.7243773 0.5529547
vt 0.7371737 0.5541887
vt 0.2253509 0.8664495
vt 0.7237211 0.6368881
vt 0.7365810 0.6416264
vt 0.2414530 0.8693577
vt 0.2594641 0.8663765
vt 0.2622774 0.8668962
vt 0.2694514 0.8742015
vt 0.2637931 0.8747783
vt 0.4303380 0.9677788
vt 0.4324153 0.9752560
vt 0.3868516 0.9681063
vt 0.3821202 0.9614741
vt 0.4311047 0.9852172
vt 0.3840161 0.9780202
vt 0.4793878 0.9736797
vt 0.4804938 0.9813955
vt 0.5062883 0.9835511
vt 0.5758782 0.9852381
vt 0.5758072 0.9949315
vt 0.4930003 0.9925648
vt 0.5232719 0.9766089
vt 0.5765830 0.9778217
vt 0.6374424 0.9784276
vt 0.6363385 0.9859434
vt 0.6364515 0.9956384
vt 0.6854401 0.9863125
vt 0.6709400 0.9866124
vt 0.6724592 0.9791956
vt 0.6864753 0.9790492
vt 0.7270563 0.9783376
vt 0.7262664 0.9860749
vt 0.7269290 0.9957702
vt 0.6784518 0.9962507
vt 0.7978628 0.9822313
vt 0.7986231 0.9749093
vt 0.7987815 0.9917167
vt 0.8632103 0.9753326
vt 0.8641723 0.9683701
vt 0.8648849 0.9843981
vt 0.9438143 0.8637079
vt 0.9458194 0.8474303
vt 0.9588504 0.8491255
vt 0.9561160 0.8650823
vt 0.9373396 0.8382622
vt 0.9363833 0.8301847
vt 0.9355107 0.8138583
vt 0.9330738 0.7713146
vt 0.2559844 0.3587828
vt 0.2499289 0.3726645
vt 0.2675346 0.3584427
vt 0.2617537 0.3732668
vt 0.2704023 0.2833205
vt 0.2697514 0.3230347
vt 0.8843148 0.9710736
vt 0.8850227 0.9642539
vt 0.9018884 0.9379858
vt 0.9141830 0.9388407
vt 0.8997200 0.9604943
vt 0.8889616 0.9584560
vt 0.8975034 0.9681696
vt 0.8978952 0.9635692
vt 0.9665552 0.8516684
vt 0.9630952 0.8674157
vt 0.9779049 0.8571352
vt 0.9738682 0.8728237
vt 0.2729936 0.3580149
vt 0.2699549 0.3740797
vt 0.2942192 0.3597378
vt 0.2835948 0.3752379
vt 0.3030978 0.2833205
vt 0.3006226 0.3230347
vt 0.2788284 0.3230347
vt 0.9044424 0.9643539
vt 0.9208904 0.9413013
vt 0.9062114 0.9634591
vt 0.9278255 0.9484710
vt 0.9113281 0.9693503
vt 0.9012926 0.9757769
vt 0.9092267 0.9712529
vt 0.8871394 0.9794931
vt 0.6964887 0.9568095
vt 0.6851426 0.9484018
vt 0.7025071 0.9486848
vt 0.3040102 0.9043751
vt 0.3472958 0.9394093
vt 0.3392707 0.9406990
vt 0.2926188 0.9056619
vt 0.3668807 0.9556963
vt 0.3700560 0.9527687
vt 0.9393941 0.8745917
vt 0.9510723 0.8762201
vt 0.9342170 0.9057930
vt 0.9220744 0.9040772
vt 0.9412718 0.9085798
vt 0.9581304 0.8789107
vt 0.9678786 0.8858553
vt 0.9500023 0.9158000
vt 0.6146532 0.4081959
vt 0.6154271 0.3878058
vt 0.6827155 0.3979912
vt 0.6818448 0.4176012
vt 0.5668112 0.4057742
vt 0.5665790 0.3853431
vt 0.6147155 0.4308496
vt 0.6838416 0.4393567
vt 0.6861070 0.4621683
vt 0.6151327 0.4541821
vt 0.5670394 0.4520717
vt 0.5669290 0.4285382
vt 0.6152922 0.5430269
vt 0.6918896 0.5471681
vt 0.5671154 0.5419480
vt 0.6153058 0.6166309
vt 0.6965171 0.6291589
vt 0.5671412 0.6145856
vt 0.8296828 0.6939065
vt 0.8678975 0.6949725
vt 0.8676381 0.7477409
vt 0.8285682 0.7452798
vt 0.7627543 0.7402248
vt 0.7650713 0.6918306
vt 0.8307632 0.6305942
vt 0.8682297 0.6308445
vt 0.7672426 0.6299030
vt 0.8317953 0.5485589
vt 0.7692587 0.5481629
vt 0.7699853 0.4884304
vt 0.8322572 0.4887754
vt 0.8325272 0.4483539
vt 0.7703321 0.4476439
vt 0.7710468 0.3995249
vt 0.8329244 0.3998120
vt 0.8335077 0.3288609
vt 0.7719718 0.3286344
vt 0.7729579 0.2632849
vt 0.8339337 0.2629966
vt 0.0203245 0.7443581
vt 0.0040965 0.7464254
vt 0.0032614 0.6740494
vt 0.0192991 0.6733330
vt 0.0025228 0.6241224
vt 0.0199551 0.6241224
vt 0.0430710 0.5584223
vt 0.0382946 0.5584605
vt 0.0385625 0.4817717
vt 0.0432786 0.4812779
vt 0.3822955 0.2694235
vt 0.3482525 0.2264501
vt 0.3813550 0.2191799
vt 0.3705114 0.3230347
vt 0.3725007 0.2833205
vt 0.4415286 0.2833205
vt 0.4415281 0.3230347
vt 0.8337794 0.2392387
vt 0.7735342 0.2407905
vt 0.7737327 0.2259540
vt 0.8334586 0.2229435
vt 0.8703641 0.2226493
vt 0.8702787 0.2392115
vt 0.8701556 0.2630622
vt 0.8279972 0.7593522
vt 0.7614537 0.7531815
vt 0.8675741 0.7610285
vt 0.6961547 0.4248805
vt 0.6966275 0.4116246
vt 0.6972617 0.4472626
vt 0.6987797 0.4699636
vt 0.7038103 0.5511443
vt 0.7084690 0.6325951
vt 0.7420851 0.7380581
vt 0.7447724 0.6910329
vt 0.7471420 0.6296036
vt 0.7505826 0.4883716
vt 0.7498523 0.5480439
vt 0.7516477 0.3994138
vt 0.7506945 0.4472639
vt 0.7526870 0.3285207
vt 0.7540323 0.2634045
vt 0.0198738 0.7685433
vt 0.0055538 0.7707518
vt 0.2717027 0.2686357
vt 0.2712361 0.2526545
vt 0.2969462 0.2533477
vt 0.2975146 0.2695566
vt 0.0426852 0.4566057
vt 0.2722804 0.2084075
vt 0.2976393 0.2208136
vt 0.7562469 0.2276773
vt 0.7553752 0.2416701
vt 0.7405710 0.7503920
vt 0.9442626 0.8647071
vt 0.9558385 0.8663329
vt 0.9629086 0.8688986
vt 0.9730883 0.8754019
vt 0.4408837 0.9593428
vt 0.4287599 0.9662020
vt 0.3956850 0.9511945
vt 0.4759052 0.9629135
vt 0.4785874 0.9713882
vt 0.6377025 0.9767069
vt 0.5768037 0.9761612
vt 0.5784562 0.9669201
vt 0.6403745 0.9678806
vt 0.7276176 0.9763405
vt 0.7015496 0.9667302
vt 0.7303024 0.9659780
vt 0.7988663 0.9731519
vt 0.8018644 0.9638377
vt 0.8673788 0.9611800
vt 0.8646944 0.9667256
vt 0.3794134 0.9634999
vt 0.3674803 0.9579546
vt 0.3715397 0.9748545
vt 0.7722253 0.2154157
vt 0.8327079 0.2091812
vt 0.7550058 0.2189495
vt 0.0298081 0.7707317
vt 0.0465334 0.7920018
vt 0.0411080 0.7972944
vt 0.0223361 0.7727691
vt 0.0556486 0.7797500
vt 0.0742102 0.7904234
vt 0.0680841 0.8047698
vt 0.0633302 0.8121284
vt 0.1368264 0.8001910
vt 0.1362637 0.8163972
vt 0.1361476 0.8234591
vt 0.1944373 0.7958326
vt 0.1993497 0.8109629
vt 0.2038742 0.8200495
vt 0.2211905 0.8005474
vt 0.2130500 0.7874995
vt 0.2262800 0.7729654
vt 0.2372046 0.7825227
vt 0.2524772 0.7874461
vt 0.2301019 0.8088151
vt 0.2508565 0.8111271
vt 0.2560707 0.7411865
vt 0.2506192 0.7391771
vt 0.2390490 0.7351680
vt 0.2506159 0.6840000
vt 0.2603720 0.6851020
vt 0.2662445 0.6865958
vt 0.2798927 0.6848780
vt 0.2625871 0.6842480
vt 0.2790428 0.6752309
vt 0.6801644 0.8022332
vt 0.6894093 0.7895926
vt 0.7089325 0.7974807
vt 0.7018636 0.8138876
vt 0.6643117 0.7839350
vt 0.6660846 0.8072240
vt 0.6524521 0.7875347
vt 0.6752556 0.7758048
vt 0.6509257 0.7397979
vt 0.6618004 0.7368935
vt 0.6394697 0.7415777
vt 0.6421662 0.6864718
vt 0.6513713 0.6852623
vt 0.6317969 0.6872792
vt 0.7657078 0.8041451
vt 0.7661985 0.8231841
vt 0.7185588 0.8174372
vt 0.7189274 0.7991054
vt 0.7665406 0.8314213
vt 0.7185493 0.8267065
vt 0.8188186 0.7999058
vt 0.8267346 0.8182201
vt 0.8335992 0.8275461
vt 0.8459428 0.8108718
vt 0.8359779 0.7935863
vt 0.8477510 0.7845218
vt 0.8588467 0.7994161
vt 0.8532639 0.8186986
vt 0.8659344 0.8061473
vt 0.1693740 0.3583313
vt 0.8723908 0.7698371
vt 0.8797088 0.7708259
vt 0.8580831 0.7674966
vt 0.0808447 0.7770295
vt 0.0742102 0.7904234
vt 0.0556486 0.7797500
vt 0.0649191 0.7685877
vt 0.1371768 0.7854559
vt 0.1368264 0.8001910
vt 0.1890190 0.7816956
vt 0.1944373 0.7958326
vt 0.2151707 0.7632760
vt 0.2262800 0.7729654
vt 0.2130500 0.7874995
vt 0.2045434 0.7750530
vt 0.2259873 0.7302359
vt 0.2390490 0.7351680
vt 0.2369672 0.6819216
vt 0.2506159 0.6840000
vt 0.7178238 0.7844418
vt 0.7089325 0.7974807
vt 0.6894093 0.7895926
vt 0.6983357 0.7776224
vt 0.6866525 0.7661034
vt 0.6752556 0.7758048
vt 0.6618004 0.7368935
vt 0.6738887 0.7314522
vt 0.6513713 0.6852623
vt 0.6632386 0.6832151
vt 0.7659283 0.7896992
vt 0.7657078 0.8041451
vt 0.7189274 0.7991054
vt 0.8140042 0.7864656
vt 0.8188186 0.7999058
vt 0.8371478 0.7741690
vt 0.8477510 0.7845218
vt 0.8359779 0.7935863
vt 0.8280802 0.7813584
vt 0.1693740 0.3583313
vt 0.1533643 0.3572157
vt 0.1637811 0.3230347
vt 0.1780531 0.3230347
vt 0.8423825 0.7664732
vt 0.8580831 0.7674966
vt 0.1697302 0.2760803
vt 0.1637811 0.3230347
vt 0.3698507 0.9614774
vt 0.3720017 0.9663138
vt 0.0445882 0.7661838
vt 0.0445882 0.7661838
vt 0.0611821 0.7639115
vt 0.6581951 0.9788623
vt 0.8692143 0.4485418
vt 0.8690300 0.4889831
vt 0.6495305 0.9678795
vt 0.6561120 0.9768857
vt 0.7112427 0.8629831
vt 0.6930032 0.8509216
vt 0.7138029 0.8515126
vt 0.7171536 0.7989144
vt 0.7161356 0.8172452
vt 0.7171536 0.7989144
vt 0.4865955 0.9639384
vt 0.4908362 0.9732635
vt 0.4931219 0.9751098
vt 0.5069028 0.9762306
vt 0.5078722 0.7434577
vt 0.5084897 0.7917520
vt 0.4852729 0.7915702
vt 0.5077305 0.6875306
vt 0.4867528 0.8496034
vt 0.5087801 0.8491367
vt 0.4868060 0.8570023
vt 0.5303906 0.8631132
vt 0.5115324 0.8629712
vt 0.3742605 0.8553125
vt 0.3151475 0.8539337
vt 0.4412728 0.8567781
vt 0.3160465 0.9044366
vt 0.3610581 0.9392122
vt 0.2863649 0.8741500
vt 0.2756961 0.8530347
vt 0.2599483 0.8542599
vt 0.2552133 0.8760591
vt 0.2613626 0.8750877
vt 0.2665060 0.8855286
vt 0.2572721 0.8546288
vt 0.2530361 0.8291920
vt 0.2559231 0.8472261
vt 0.2503374 0.7868338
vt 0.2437740 0.7852181
vt 0.2523070 0.7400961
vt 0.2623194 0.6859719
vt 0.2644587 0.6862476
vt 0.2539852 0.7406262
vt 0.6505101 0.6818916
vt 0.6495448 0.6551088
vt 0.6619819 0.6550939
vt 0.6632386 0.6832151
vt 0.6366542 0.6851963
vt 0.6212679 0.6755785
vt 0.6505101 0.6818916
vt 0.5710452 0.6856611
vt 0.5711189 0.6753844
vt 0.6205774 0.6859083
vt 0.4418665 0.6853350
vt 0.3495911 0.6849965
vt 0.3494619 0.6750748
vt 0.4418295 0.6752948
vt 0.5087844 0.6855134
vt 0.5087751 0.6753761
vt 0.2516184 0.6806597
vt 0.2403265 0.6546569
vt 0.2544602 0.6550882
vt 0.2516184 0.6806597
vt 0.8986054 0.9622606
vt 0.8856660 0.9624528
vt 0.8872691 0.9598508
vt 0.8987969 0.9624038
vt 0.7001458 0.9098209
vt 0.7268172 0.9103028
vt 0.6774047 0.9689838
vt 0.6899632 0.9689819
vt 0.6873365 0.9779296
vt 0.6740792 0.9778006
vt 0.7080794 0.8761259
vt 0.6888168 0.8759744
vt 0.6842323 0.8671504
vt 0.6975766 0.9095956
vt 0.6810427 0.9095048
vt 0.6835781 0.9487001
vt 0.6672102 0.9485213
vt 0.3770824 0.9453129
vt 0.5252314 0.9603492
vt 0.5090268 0.9650059
vt 0.5100787 0.9465554
vt 0.5259596 0.9467801
vt 0.5111547 0.9081026
vt 0.5279208 0.9082067
vt 0.5115319 0.8750328
vt 0.5296469 0.8750675
vt 0.5090802 0.8629464
vt 0.5091923 0.8750297
vt 0.4931064 0.8749962
vt 0.4931579 0.8622731
vt 0.5089045 0.9080561
vt 0.4927443 0.9078437
vt 0.5079399 0.9464531
vt 0.4923509 0.9459469
vt 0.5070022 0.9648436
vt 0.4926377 0.9590832
vt 0.5310507 0.9658686
vt 0.5256527 0.9749490
vt 0.3834382 0.9602727
vt 0.5363265 0.8576688
vt 0.6752403 0.9687231
vt 0.6553717 0.9640217
vt 0.6717563 0.9775509
vt 0.5057612 0.9748000
vt 0.5080572 0.9749874
vt 0.6749960 0.8509843
vt 0.6742550 0.8628542
vt 0.5973278 0.8608621
vt 0.5972720 0.8597445
vt 0.6620629 0.8614125
vt 0.6618817 0.8627048
vt 0.4403546 0.9581099
vt 0.4408837 0.9593428
vt 0.3956850 0.9511945
vt 0.3964403 0.9503447
vt 0.4756806 0.9616406
vt 0.4759052 0.9629135
vt 0.6406088 0.9667549
vt 0.6403745 0.9678806
vt 0.5784562 0.9669201
vt 0.5786088 0.9658141
vt 0.6487449 0.9668616
vt 0.6495305 0.9678795
vt 0.6736184 0.8641117
vt 0.6742550 0.8628542
vt 0.6842323 0.8671504
vt 0.6832121 0.8680295
vt 0.4860652 0.9628962
vt 0.4865955 0.9639384
vt 0.4677859 0.8571818
vt 0.4859696 0.8584563
vt 0.4413276 0.8578559
vt 0.4412728 0.8567781
vt 0.3742605 0.8553125
vt 0.3744174 0.8564394
vt 0.3151925 0.8550496
vt 0.3151475 0.8539337
vt 0.3628007 0.9389724
vt 0.3610581 0.9392122
vt 0.3160465 0.9044366
vt 0.3174639 0.9041868
vt 0.2863649 0.8741500
vt 0.2877494 0.8739341
vt 0.2756961 0.8530347
vt 0.2773002 0.8539323
vt 0.6888168 0.8759744
vt 0.6877292 0.8759890
vt 0.6810427 0.9095048
vt 0.6799040 0.9093955
vt 0.6672102 0.9485213
vt 0.6661430 0.9484348
vt 0.3778856 0.9443717
vt 0.3770824 0.9453129
vt 0.2773002 0.8539323
vt 0.2756961 0.8530347
vt 0.5262647 0.9600217
vt 0.5252314 0.9603492
vt 0.5259596 0.9467801
vt 0.5270904 0.9467880
vt 0.5279208 0.9082067
vt 0.5290526 0.9082290
vt 0.5296469 0.8750675
vt 0.5307797 0.8750923
vt 0.5303906 0.8631132
vt 0.5312777 0.8636515
vt 0.4920309 0.8628663
vt 0.4931579 0.8622731
vt 0.4931064 0.8749962
vt 0.4919692 0.8750135
vt 0.4927443 0.9078437
vt 0.4916049 0.9078339
vt 0.4923509 0.9459469
vt 0.4912077 0.9459090
vt 0.4926377 0.9590832
vt 0.4917279 0.9586743
vt 0.5310507 0.9658686
vt 0.5316914 0.9647834
vt 0.5371485 0.8589214
vt 0.5363265 0.8576688
vt 0.6553717 0.9640217
vt 0.6541241 0.9635286
vt 0.4859696 0.8584563
vt 0.4868060 0.8570023
vt 0.9015990 0.9626710
vt 0.4298492 0.9669671
vt 0.4303380 0.9677788
vt 0.3821202 0.9614741
vt 0.3827303 0.9608754
vt 0.4790524 0.9725400
vt 0.4793878 0.9736797
vt 0.5766655 0.9770010
vt 0.5765830 0.9778217
vt 0.5232719 0.9766089
vt 0.5251220 0.9757988
vt 0.6374987 0.9775361
vt 0.6374424 0.9784276
vt 0.6867872 0.9784752
vt 0.6864753 0.9790492
vt 0.6724592 0.9791956
vt 0.6726320 0.9783818
vt 0.7272301 0.9772664
vt 0.7270563 0.9783376
vt 0.7986620 0.9740362
vt 0.7986231 0.9749093
vt 0.8642784 0.9676098
vt 0.8641723 0.9683701
vt 0.8851672 0.9633905
vt 0.8850227 0.9642539
vt 0.8980151 0.9628400
vt 0.8978952 0.9635692
vt 0.9051290 0.9634489
vt 0.9044424 0.9643539
vt 0.9051290 0.9634489
vt 0.9062114 0.9634591
vt 0.9113281 0.9693503
vt 0.9107509 0.9711530
vt 0.2913929 0.9059207
vt 0.2926188 0.9056619
vt 0.3392707 0.9406990
vt 0.3379839 0.9410026
vt 0.3668807 0.9556963
vt 0.3661724 0.9567473
vt 0.2681537 0.8873632
vt 0.2695883 0.8867835
vt 0.4298492 0.9669671
vt 0.4287599 0.9662020
vt 0.4785874 0.9713882
vt 0.4790524 0.9725400
vt 0.5766655 0.9770010
vt 0.5768037 0.9761612
vt 0.6377025 0.9767069
vt 0.6374987 0.9775361
vt 0.6867872 0.9784752
vt 0.6873365 0.9779296
vt 0.7276176 0.9763405
vt 0.7272301 0.9772664
vt 0.7986620 0.9740362
vt 0.7988663 0.9731519
vt 0.8646944 0.9667256
vt 0.8642784 0.9676098
vt 0.3661724 0.9567473
vt 0.3674803 0.9579546
vt 0.6567424 0.9778596
vt 0.6581951 0.9788623
vt 0.6561120 0.9768857
vt 0.6567424 0.9778596
vt 0.4908362 0.9732635
vt 0.4915107 0.9741277
vt 0.5069028 0.9762306
vt 0.4931219 0.9751098
vt 0.4915107 0.9741277
vt 0.5068765 0.9755621
vt 0.8851672 0.9633905
vt 0.8856660 0.9624528
vt 0.8986054 0.9622606
vt 0.8980151 0.9628400
vt 0.9044424 0.9643539
vt 0.9051290 0.9634489
vt 0.9107509 0.9711530
vt 0.9092267 0.9712529
vt 0.7537679 0.2183890
vt 0.7719889 0.2143194
vt 0.7722253 0.2154157
vt 0.7550058 0.2189495
vt 0.8326305 0.2080092
vt 0.8327079 0.2091812
vt 0.6726320 0.9783818
vt 0.6740792 0.9778006
vt 0.5251220 0.9757988
vt 0.5256527 0.9749490
vt 0.3834382 0.9602727
vt 0.3827303 0.9608754
vt 0.6726320 0.9783818
vt 0.6717563 0.9775509
vt 0.5068765 0.9755621
vt 0.5057612 0.9748000
vt 0.5068765 0.9755621
vt 0.5080572 0.9749874
vt 0.9051290 0.9634489
vt 0.9015990 0.9626710
vt 0.7613598 0.7542419
vt 0.7614537 0.7531815
vt 0.8279972 0.7593522
vt 0.8279594 0.7604744
vt 0.8675741 0.7610285
vt 0.8675698 0.7621619
vt 0.7395906 0.7511022
vt 0.7405710 0.7503920
vt 0.3674803 0.9579546
vt 0.3698507 0.9614774
vt 0.3684986 0.9613348
vt 0.3661724 0.9567473
vt 0.3706997 0.9755378
vt 0.3708592 0.9666834
vt 0.3720017 0.9663138
vt 0.3715397 0.9748545
vt 0.3837681 0.9790946
vt 0.3840161 0.9780202
vt 0.4311047 0.9852172
vt 0.4310189 0.9863337
vt 0.4929915 0.9936680
vt 0.4930003 0.9925648
vt 0.5758072 0.9949315
vt 0.5757828 0.9960446
vt 0.6364515 0.9956384
vt 0.6365009 0.9967585
vt 0.6784721 0.9973432
vt 0.6784518 0.9962507
vt 0.7269290 0.9957702
vt 0.7269896 0.9969169
vt 0.7987815 0.9917167
vt 0.7989660 0.9928235
vt 0.8648849 0.9843981
vt 0.8650914 0.9854735
vt 0.9017714 0.9766712
vt 0.9012926 0.9757769
vt 0.9092267 0.9712529
vt 0.9107509 0.9711530
vt 0.8874484 0.9805449
vt 0.8871394 0.9794931
vt 0.7436807 0.6909556
vt 0.7447724 0.6910329
vt 0.7420851 0.7380581
vt 0.7409940 0.7379322
vt 0.7459456 0.6295699
vt 0.7471420 0.6296036
vt 0.7495924 0.4883499
vt 0.7505826 0.4883716
vt 0.7498523 0.5480439
vt 0.7489141 0.5480384
vt 0.7505718 0.3994143
vt 0.7516477 0.3994138
vt 0.7506945 0.4472639
vt 0.7495146 0.4472396
vt 0.7516127 0.3285179
vt 0.7526870 0.3285207
vt 0.7529510 0.2634153
vt 0.7540323 0.2634045
vt 0.7551487 0.2277591
vt 0.7562469 0.2276773
vt 0.7553752 0.2416701
vt 0.7542855 0.2416992
vt 0.7405710 0.7503920
vt 0.7395906 0.7511022
vt 0.3706997 0.9755378
vt 0.3715397 0.9748545
vt 0.7537679 0.2183890
vt 0.7550058 0.2189495
vt 0.3496552 0.6860154
vt 0.3494685 0.6870149
vt 0.2796834 0.6867440
vt 0.2798167 0.6857468
vt 0.4418548 0.6863515
vt 0.4417298 0.6873527
vt 0.5087805 0.6865691
vt 0.5710683 0.6866938
vt 0.5713225 0.6876415
vt 0.5099016 0.6874394
vt 0.6206914 0.6868472
vt 0.6209345 0.6876638
vt 0.2617822 0.6848252
vt 0.2603720 0.6851020
vt 0.2506159 0.6840000
vt 0.2509361 0.6823615
vt 0.2655476 0.6855314
vt 0.2662445 0.6865958
vt 0.2655476 0.6855314
vt 0.2625871 0.6842480
vt 0.2798927 0.6848780
vt 0.2798167 0.6857468
vt 0.6510919 0.6836072
vt 0.6513713 0.6852623
vt 0.6421662 0.6864718
vt 0.6420477 0.6857733
vt 0.6316493 0.6865587
vt 0.6317969 0.6872792
vt 0.2369672 0.6819216
vt 0.6632386 0.6832151
vt 0.5087805 0.6865691
vt 0.5077305 0.6875306
vt 0.2623194 0.6859719
vt 0.6510919 0.6836072
vt 0.6505101 0.6818916
vt 0.6632386 0.6832151
vt 0.6420477 0.6857733
vt 0.6366542 0.6851963
vt 0.5710683 0.6866938
vt 0.5710452 0.6856611
vt 0.6205774 0.6859083
vt 0.6206914 0.6868472
vt 0.6316493 0.6865587
vt 0.3496552 0.6860154
vt 0.3495911 0.6849965
vt 0.4418665 0.6853350
vt 0.4418548 0.6863515
vt 0.5087844 0.6855134
vt 0.5087805 0.6865691
vt 0.2509361 0.6823615
vt 0.2516184 0.6806597
vt 0.2617822 0.6848252
vt 0.2369672 0.6819216
vt 0.7152725 0.8515955
vt 0.7167197 0.8516748
vt 0.7141491 0.8632166
vt 0.7127023 0.8631133
vt 0.7168074 0.8357846
vt 0.7181950 0.8359275
vt 0.7107025 0.8763857
vt 0.7094055 0.8762499
vt 0.6843513 0.9485861
vt 0.6851426 0.9484018
vt 0.6774047 0.9689838
vt 0.6763049 0.9689108
vt 0.7172394 0.8266231
vt 0.7173427 0.8173686
vt 0.7185588 0.8174372
vt 0.7185493 0.8267065
vt 0.7180453 0.7990062
vt 0.7189274 0.7991054
vt 0.7189274 0.7991054
vt 0.7180453 0.7990062
vt 0.7178238 0.7844418
vt 0.7127023 0.8631133
vt 0.7112427 0.8629831
vt 0.7138029 0.8515126
vt 0.7152725 0.8515955
vt 0.7154101 0.8356470
vt 0.7168074 0.8357846
vt 0.7172394 0.8266231
vt 0.7157388 0.8261589
vt 0.7173427 0.8173686
vt 0.7161356 0.8172452
vt 0.7171536 0.7989144
vt 0.7180453 0.7990062
vt 0.7180453 0.7990062
vt 0.7171536 0.7989144
vt 0.7178238 0.7844418
vt 0.6988595 0.9097404
vt 0.7001458 0.9098209
vt 0.6740792 0.9778006
vt 0.6726320 0.9783818
vt 0.7094055 0.8762499
vt 0.7080794 0.8761259
vt 0.6988595 0.9097404
vt 0.6975766 0.9095956
vt 0.6843513 0.9485861
vt 0.6835781 0.9487001
vt 0.6763049 0.9689108
vt 0.6752403 0.9687231
vt 0.6726320 0.9783818
vt 0.6717563 0.9775509
vt 0.5098758 0.8143331
vt 0.5110987 0.8143193
vt 0.5113187 0.8321370
vt 0.5100644 0.8320866
vt 0.5089479 0.7434398
vt 0.5102111 0.7433823
vt 0.5109830 0.7917206
vt 0.5098541 0.7917676
vt 0.5115545 0.8491057
vt 0.5101622 0.8487293
vt 0.5087805 0.6865691
vt 0.5099016 0.6874394
vt 0.5101622 0.8487293
vt 0.5087801 0.8491367
vt 0.5088134 0.8321714
vt 0.5100644 0.8320866
vt 0.5087059 0.8143375
vt 0.5098758 0.8143331
vt 0.5098541 0.7917676
vt 0.5084897 0.7917520
vt 0.5078722 0.7434577
vt 0.5089479 0.7434398
vt 0.5077305 0.6875306
vt 0.5087805 0.6865691
vt 0.5115324 0.8629712
vt 0.5103045 0.8629717
vt 0.5090089 0.9465132
vt 0.5100787 0.9465554
vt 0.5090268 0.9650059
vt 0.5080071 0.9650677
vt 0.5100279 0.9080864
vt 0.5111547 0.9081026
vt 0.5103610 0.8750305
vt 0.5115319 0.8750328
vt 0.5103610 0.8750305
vt 0.5091923 0.8750297
vt 0.5090802 0.8629464
vt 0.5103045 0.8629717
vt 0.5100279 0.9080864
vt 0.5089045 0.9080561
vt 0.5090089 0.9465132
vt 0.5079399 0.9464531
vt 0.5080071 0.9650677
vt 0.5070022 0.9648436
vt 0.5068765 0.9755621
vt 0.5057612 0.9748000
vt 0.5080572 0.9749874
vt 0.5068765 0.9755621
vt 0.2544330 0.8291697
vt 0.2558382 0.8291401
vt 0.2587197 0.8470540
vt 0.2573076 0.8471339
vt 0.2522171 0.8107039
vt 0.2537423 0.8107035
vt 0.2609156 0.8667035
vt 0.2622774 0.8668962
vt 0.2637931 0.8747783
vt 0.2625747 0.8749220
vt 0.2513912 0.7871457
vt 0.2524772 0.7874461
vt 0.2550533 0.7409438
vt 0.2560707 0.7411865
vt 0.2655476 0.6855314
vt 0.2662445 0.6865958
vt 0.2586060 0.8544567
vt 0.2599483 0.8542599
vt 0.2625747 0.8749220
vt 0.2613626 0.8750877
vt 0.2594641 0.8663765
vt 0.2609156 0.8667035
vt 0.2681537 0.8873632
vt 0.2665060 0.8855286
vt 0.2572721 0.8546288
vt 0.2586060 0.8544567
vt 0.2573076 0.8471339
vt 0.2559231 0.8472261
vt 0.2530361 0.8291920
vt 0.2544330 0.8291697
vt 0.2508565 0.8111271
vt 0.2522171 0.8107039
vt 0.2503374 0.7868338
vt 0.2513912 0.7871457
vt 0.2539852 0.7406262
vt 0.2550533 0.7409438
vt 0.2644587 0.6862476
vt 0.2655476 0.6855314
vt 0.6934534 0.8251898
vt 0.7154101 0.8356470
vt 0.6955701 0.8351108
vt 0.6730650 0.8143103
vt 0.6588057 0.8151219
vt 0.6518276 0.8177419
vt 0.6725555 0.8446614
vt 0.6795653 0.8417782
vt 0.5088134 0.8321714
vt 0.4868267 0.8345320
vt 0.4863105 0.8135850
vt 0.5087059 0.8143375
vt 0.4444633 0.8196318
vt 0.4469255 0.8129737
vt 0.4676009 0.8499856
vt 0.4677859 0.8571818
vt 0.4536982 0.8391411
vt 0.4674764 0.8390450
vt 0.4768460 0.8193896
vt 0.4768820 0.8296962
vt 0.4675916 0.8104322
vt 0.4743825 0.8128102
vt 0.4537631 0.8104891
vt 0.4743143 0.8363464
vt 0.4444609 0.8299659
vt 0.4469965 0.8366054
vt 0.4677859 0.8571818
vt 0.4868060 0.8570023
vt 0.4859696 0.8584563
vt 0.4674764 0.8390450
vt 0.4536982 0.8391411
vt 0.4606732 0.8252356
vt 0.4469965 0.8366054
vt 0.4444609 0.8299659
vt 0.4444633 0.8196318
vt 0.4469255 0.8129737
vt 0.4537631 0.8104891
vt 0.4675916 0.8104322
vt 0.4743825 0.8128102
vt 0.4768460 0.8193896
vt 0.4768820 0.8296962
vt 0.4743143 0.8363464
vt 0.6518083 0.8422766
vt 0.6492258 0.8352362
vt 0.6655567 0.8314245
vt 0.6492880 0.8246062
vt 0.6518276 0.8177419
vt 0.6588057 0.8151219
vt 0.6730650 0.8143103
vt 0.6802967 0.8166857
vt 0.6829434 0.8236523
vt 0.6824120 0.8346498
vt 0.6795653 0.8417782
vt 0.6725555 0.8446614
vt 0.6586276 0.8448934
vt 0.6586276 0.8448934
vt 0.6413937 0.8346618
vt 0.6492258 0.8352362
vt 0.6518083 0.8422766
vt 0.6492880 0.8246062
vt 0.6802967 0.8166857
vt 0.6890870 0.8146256
vt 0.6976591 0.8194841
vt 0.6824120 0.8346498
vt 0.6829434 0.8236523
vt 0.7157388 0.8261589
vt 0.2644587 0.6862476
vt 0.2655476 0.6855314
vt 0.7038103 0.5511443
vt 0.7084690 0.6325951
vt 0.6965171 0.6291589
vt 0.6918896 0.5471681
vt 0.6987797 0.4699636
vt 0.6861070 0.4621683
vt 0.6972617 0.4472626
vt 0.6838416 0.4393567
vt 0.6961547 0.4248805
vt 0.6818448 0.4176012
vt 0.6966275 0.4116246
vt 0.6827155 0.3979912
vt 0.0274242 0.8404988
vt 0.0258079 0.8407133
vt 0.0176044 0.8330287
vt 0.0180467 0.8322339
vt 0.7375594 0.4418112
vt 0.7366163 0.4412627
vt 0.7388874 0.4311074
vt 0.7398425 0.4307461
vt 0.7269312 0.4195386
vt 0.7267281 0.4205824
vt 0.0424734 0.8472561
vt 0.0426431 0.8463105
vt 0.0612205 0.8491029
vt 0.0610181 0.8500636
vt 0.7367650 0.4593389
vt 0.7377316 0.4596711
vt 0.7385060 0.4783393
vt 0.7375346 0.4782377
vt 0.1368500 0.8579085
vt 0.1367434 0.8588488
vt 0.7381126 0.5542019
vt 0.7371737 0.5541887
vt 0.2253509 0.8664495
vt 0.2245088 0.8672174
vt 0.7374917 0.6418905
vt 0.7365810 0.6416264
vt 0.2414530 0.8693577
vt 0.2396360 0.8698699
vt 0.6154271 0.3878058
vt 0.6155094 0.3867561
vt 0.6826705 0.3969876
vt 0.6827155 0.3979912
vt 0.5665790 0.3853431
vt 0.5665449 0.3842981
vt 0.6966275 0.4116246
vt 0.6966585 0.4103827
vt 0.2552133 0.8760591
vt 0.2539275 0.8764246
vt 0.2681537 0.8873632
vt 0.2665060 0.8855286
vt 0.6827155 0.3979912
vt 0.6826705 0.3969876
vt 0.6966585 0.4103827
vt 0.6966275 0.4116246
vt 0.0773936 0.9794722
vt 0.0774482 0.9752836
vt 0.0857087 0.9753308
vt 0.0862057 0.9794722
vt 0.0923168 0.9794222
vt 0.0952667 0.9752937
vt 0.0934707 0.9788767
vt 0.0141323 0.7731990
vt 0.0147622 0.7743524
vt 0.0004893 0.7768879
vt 0.0003453 0.7756495
vt 0.0292042 0.7696873
vt 0.0298081 0.7707317
vt 0.0223361 0.7727691
vt 0.0216830 0.7716524
vt 0.0439535 0.7652678
vt 0.0445882 0.7661838
vt 0.0611821 0.7639115
vt 0.2544602 0.6550882
vt 0.2811177 0.6509702
vt 0.2790428 0.6752309
vt 0.2516184 0.6806597
vt 0.3958929 0.6514983
vt 0.3494619 0.6750748
vt 0.4418295 0.6752948
vt 0.5396758 0.6516328
vt 0.5087751 0.6753761
vt 0.5711189 0.6753844
vt 0.6200081 0.6516728
vt 0.6212679 0.6755785
vt 0.6495448 0.6551088
vt 0.6505101 0.6818916
vt 0.8405862 0.8650737
vt 0.8405476 0.8661886
vt 0.7653728 0.8665220
vt 0.7653955 0.8653404
vt 0.9207426 0.8646142
vt 0.9206014 0.8657259
vt 0.7532945 0.8692701
vt 0.7548135 0.8697902
vt 0.7481294 0.8769296
vt 0.7468668 0.8766841
vt 0.9438143 0.8637079
vt 0.9436885 0.8641011
vt 0.9561160 0.8650823
vt 0.9560722 0.8657231
vt 0.8997200 0.9604943
vt 0.8991483 0.9616288
vt 0.8876417 0.9590975
vt 0.8889616 0.9584560
vt 0.9630952 0.8674157
vt 0.9630871 0.8681767
vt 0.9738682 0.8728237
vt 0.9743651 0.8746095
vt 0.7037585 0.9488471
vt 0.6977809 0.9569278
vt 0.6964887 0.9568095
vt 0.7025071 0.9486848
vt 0.0192991 0.6733330
vt 0.0204809 0.6732920
vt 0.0214910 0.7442539
vt 0.0203245 0.7443581
vt 0.0203245 0.7443581
vt 0.0214910 0.7442539
vt 0.0208650 0.7695003
vt 0.0198738 0.7685433
vt 0.9436885 0.8641011
vt 0.9560722 0.8657231
vt 0.9558385 0.8663329
vt 0.9442626 0.8647071
vt 0.9630871 0.8681767
vt 0.9629086 0.8688986
vt 0.9743651 0.8746095
vt 0.9730883 0.8754019
vt 0.8018644 0.9638377
vt 0.8020714 0.9627031
vt 0.8677579 0.9600983
vt 0.8673788 0.9611800
vt 0.8872691 0.9598508
vt 0.8876417 0.9590975
vt 0.8991483 0.9616288
vt 0.8987969 0.9624038
vt 0.7303024 0.9659780
vt 0.7305244 0.9648652
vt 0.7015496 0.9667302
vt 0.7022362 0.9659042
vt 0.7268172 0.9103028
vt 0.7280479 0.9104739
vt 0.9051290 0.9634489
vt 0.9015990 0.9626710
vt 0.8889616 0.9584560
vt 0.8876417 0.9590975
vt 0.9007629 0.9377719
vt 0.9018884 0.9379858
vt 0.9278255 0.9484710
vt 0.9286318 0.9492396
vt 0.9107509 0.9711530
vt 0.9113281 0.9693503
vt 0.9220744 0.9040772
vt 0.9209295 0.9038118
vt 0.9383593 0.8743869
vt 0.9393941 0.8745917
vt 0.9678786 0.8858553
vt 0.9688194 0.8864340
vt 0.9508966 0.9164770
vt 0.9500023 0.9158000
vt 0.9436885 0.8641011
vt 0.9442626 0.8647071
vt 0.9730883 0.8754019
vt 0.9743651 0.8746095
vt 0.1923855 0.3721867
vt 0.1879924 0.3583614
vt 0.2484143 0.3230347
vt 0.2380318 0.3584644
vt 0.2559844 0.3587828
vt 0.2697514 0.3230347
vt 0.2675346 0.3584427
vt 0.2788284 0.3230347
vt 0.2729936 0.3580149
vt 0.3006226 0.3230347
vt 0.3002726 0.3486199
vt 0.1784021 0.3702639
vt 0.1693740 0.3583313
vt 0.1856906 0.3715199
vt 0.1646824 0.3689856
vt 0.1485472 0.3684907
vt 0.1646824 0.3689856
vt 0.3705114 0.3230347
vt 0.3948950 0.3486199
vt 0.4415281 0.3230347
vt 0.4415272 0.3486199
vt 0.2942192 0.3597378
vt 0.3002726 0.3486199
vt 0.3191839 0.3662809
vt 0.3037039 0.3734287
vt 0.4415272 0.3486199
vt 0.4415264 0.3662809
vt 0.3960691 0.3662809
vt 0.3948950 0.3486199
vt 0.3436894 0.2087133
vt 0.2982156 0.1891667
vt 0.3790547 0.1892314
vt 0.3792388 0.2084321
vt 0.2981562 0.2085702
vt 0.2722804 0.2084075
vt 0.2805805 0.1891551
vt 0.3948950 0.3486199
vt 0.3960691 0.3662809
vt 0.3191839 0.3662809
vt 0.3002726 0.3486199
vt 0.3002726 0.3486199
vt 0.2835948 0.3752379
vt 0.2942192 0.3597378
vt 0.8995638 0.7713138
vt 0.8998876 0.7700309
vt 0.9295052 0.7700547
vt 0.9293683 0.7713345
vt 0.8869286 0.7712871
vt 0.8872824 0.7700472
vt 0.2340984 0.3719245
vt 0.2340129 0.3732009
vt 0.2049963 0.3733071
vt 0.2051015 0.3720287
vt 0.2499289 0.3726645
vt 0.2497646 0.3739347
vt 0.2382944 0.3732993
vt 0.2617537 0.3732668
vt 0.2615723 0.3745243
vt 0.9738682 0.8728237
vt 0.9779049 0.8571352
vt 0.9789494 0.8566802
vt 0.9743651 0.8746095
vt 0.2699549 0.3740797
vt 0.2696292 0.3753100
vt 0.2835948 0.3752379
vt 0.2831399 0.3761257
vt 0.0198738 0.7685433
vt 0.0208650 0.7695003
vt 0.0045987 0.7719510
vt 0.0055538 0.7707518
vt 0.2701082 0.2526419
vt 0.2712361 0.2526545
vt 0.2717027 0.2686357
vt 0.2708043 0.2695656
vt 0.0276088 0.4569666
vt 0.0437234 0.4554560
vt 0.0426852 0.4566057
vt 0.0287132 0.4579794
vt 0.2710373 0.2081734
vt 0.2722804 0.2084075
vt 0.8723908 0.7698371
vt 0.8727220 0.7687197
vt 0.8800591 0.7696223
vt 0.8797088 0.7708259
vt 0.8580831 0.7674966
vt 0.8585096 0.7665075
vt 0.8423825 0.7664732
vt 0.1926470 0.3735187
vt 0.1923855 0.3721867
vt 0.1854892 0.3727963
vt 0.1856906 0.3715199
vt 0.1646824 0.3689856
vt 0.1642808 0.3700318
vt 0.1485472 0.3684907
vt 0.1783050 0.3714560
vt 0.1784021 0.3702639
vt 0.2982156 0.1891667
vt 0.2982656 0.1876334
vt 0.3790545 0.1877640
vt 0.3790547 0.1892314
vt 0.4269761 0.1877957
vt 0.4269831 0.1892334
vt 0.2797126 0.1878544
vt 0.2805805 0.1891551
vt 0.9339746 0.7701346
vt 0.9330738 0.7713146
vt 0.9392436 0.8436080
vt 0.9392436 0.8436080
vt 0.9406973 0.8434461
vt 0.9461229 0.8462261
vt 0.9458194 0.8474303
vt 0.9590455 0.8480870
vt 0.9588504 0.8491255
vt 0.9363833 0.8301847
vt 0.9375201 0.8301671
vt 0.9384382 0.8379155
vt 0.9373396 0.8382622
vt 0.9355107 0.8138583
vt 0.9366477 0.8138301
vt 0.9330738 0.7713146
vt 0.9339746 0.7701346
vt 0.9667831 0.8505982
vt 0.9665552 0.8516684
vt 0.9789494 0.8566802
vt 0.9779049 0.8571352
vt 0.3127832 0.2726306
vt 0.2976558 0.2707910
vt 0.2975146 0.2695566
vt 0.3119771 0.2703684
vt 0.0442006 0.5584018
vt 0.0440481 0.6067063
vt 0.0428703 0.6067082
vt 0.0430710 0.5584223
vt 0.0432786 0.4812779
vt 0.0444874 0.4812167
vt 0.0443698 0.4956806
vt 0.2708043 0.2695656
vt 0.2717027 0.2686357
vt 0.0426852 0.4566057
vt 0.0437234 0.4554560
vt 0.0040965 0.7464254
vt 0.0028899 0.7465571
vt 0.0020145 0.6741009
vt 0.0032614 0.6740494
vt 0.0020145 0.6741009
vt 0.0012959 0.6241224
vt 0.0025228 0.6241224
vt 0.0032614 0.6740494
vt 0.0276632 0.5585458
vt 0.0264257 0.5585601
vt 0.0268176 0.4829266
vt 0.0280653 0.4828708
vt 0.0055538 0.7707518
vt 0.0045987 0.7719510
vt 0.0028899 0.7465571
vt 0.0040965 0.7464254
vt 0.0276088 0.4569666
vt 0.0287132 0.4579794
vt 0.3119771 0.2703684
vt 0.3168334 0.2536246
vt 0.3438525 0.2119893
vt 0.3436894 0.2087133
vt 0.3792388 0.2084321
vt 0.3794171 0.2115292
vt 0.4269850 0.2084159
vt 0.4270095 0.2114314
vt 0.3352911 0.2260332
vt 0.3397374 0.2209639
vt 0.3286309 0.2213163
vt 0.3208126 0.2680814
vt 0.3344654 0.2144231
vt 0.2981562 0.2085702
vt 0.3476223 0.2193463
vt 0.3797857 0.2760685
vt 0.3127832 0.2726306
vt 0.3208126 0.2680814
vt 0.3822955 0.2694235
vt 0.3119771 0.2703684
vt 0.3168334 0.2536246
vt 0.3208126 0.2680814
vt 0.3286309 0.2213163
vt 0.3352911 0.2260332
vt 0.3344654 0.2144231
vt 0.3397374 0.2209639
vt 0.3438525 0.2119893
vt 0.3476223 0.2193463
vt 0.3794171 0.2115292
vt 0.3813550 0.2191799
vt 0.4270095 0.2114314
vt 0.4269995 0.2191940
vt 0.3127832 0.2726306
vt 0.3119771 0.2703684
vt 0.3208126 0.2680814
vt 0.3263414 0.9061776
vt 0.2995992 0.8771861
vt 0.3259020 0.8788753
vt 0.2904019 0.8588681
vt 0.3251770 0.8600495
vt 0.6394703 0.8752480
vt 0.6393139 0.8811228
vt 0.6201405 0.8795598
vt 0.6200013 0.8764537
vt 0.6086848 0.8677229
vt 0.6394979 0.8712327
vt 0.6164808 0.8730496
vt 0.6723654 0.8719015
vt 0.6739704 0.8843654
vt 0.6633073 0.8808498
vt 0.6634618 0.8758243
vt 0.6705869 0.8887827
vt 0.6392769 0.8851404
vt 0.6624893 0.8834592
vt 0.6064630 0.8842620
vt 0.6052955 0.8719015
vt 0.6155738 0.8754063
vt 0.6153767 0.8804790
vt 0.6587200 0.8768021
vt 0.6589096 0.8799698
vt 0.6624538 0.8734093
vt 0.6585950 0.8749998
vt 0.6394852 0.8729645
vt 0.6163658 0.8829108
vt 0.6202497 0.8813495
vt 0.6392936 0.8834077
vt 0.6201847 0.8746733
vt 0.6394852 0.8729645
vt 0.6586633 0.8817151
vt 0.6692162 0.8683477
vt 0.6624538 0.8734093
vt 0.6164808 0.8730496
vt 0.6086848 0.8677229
vt 0.6095511 0.8878784
vt 0.6585950 0.8749998
vt 0.6201847 0.8746733
vt 0.6692162 0.8683477
vt 0.6392857 0.9003254
vt 0.6391295 0.9062002
vt 0.6199559 0.9046371
vt 0.6198170 0.9015310
vt 0.6085003 0.8928003
vt 0.6393135 0.8963101
vt 0.6162962 0.8981270
vt 0.6721808 0.8969790
vt 0.6737858 0.9094428
vt 0.6631228 0.9059272
vt 0.6632772 0.9009016
vt 0.6704023 0.9138601
vt 0.6390923 0.9102178
vt 0.6623049 0.9085366
vt 0.6062784 0.9093394
vt 0.6051112 0.8969790
vt 0.6153892 0.9004837
vt 0.6151923 0.9055563
vt 0.6585356 0.9018795
vt 0.6587252 0.9050471
vt 0.6622692 0.8984867
vt 0.6584104 0.9000771
vt 0.6393006 0.8980419
vt 0.6161814 0.9079881
vt 0.6200652 0.9064269
vt 0.6391091 0.9084850
vt 0.6200001 0.8997506
vt 0.6393006 0.8980419
vt 0.6584787 0.9067924
vt 0.6690319 0.8934251
vt 0.6622692 0.8984867
vt 0.6162962 0.8981270
vt 0.6085003 0.8928003
vt 0.6093668 0.9129558
vt 0.6584104 0.9000771
vt 0.6200001 0.8997506
vt 0.6690319 0.8934251
vt 0.2876337 0.8569916
vt 0.3270385 0.8580825
vt 0.3251770 0.8600495
vt 0.2904019 0.8588681
vt 0.3270385 0.8580825
vt 0.3282685 0.8788048
vt 0.3259020 0.8788753
vt 0.3251770 0.8600495
vt 0.3280027 0.9104505
vt 0.3263414 0.9061776
vt 0.3280027 0.9104505
vt 0.2976489 0.8785593
vt 0.2995992 0.8771861
vt 0.3263414 0.9061776
vt 0.2876337 0.8569916
vt 0.2904019 0.8588681
vt 0.2276256 0.8922517
vt 0.2282580 0.8893769
vt 0.2439270 0.8941697
vt 0.2431139 0.8967139
vt 0.1337951 0.8740601
vt 0.1342634 0.8715572
vt 0.1814124 0.8807772
vt 0.1808661 0.8834993
vt 0.0752617 0.8619179
vt 0.1163356 0.8688455
vt 0.1159726 0.8714321
vt 0.0750605 0.8644249
vt 0.0204132 0.8563548
vt 0.0204548 0.8539947
vt 0.0137473 0.8558769
vt 0.0137654 0.8538556
vt 0.2319591 0.8845560
vt 0.2651846 0.8950433
vt 0.2439270 0.8941697
vt 0.2292096 0.8865205
vt 0.2628279 0.9043398
vt 0.2431139 0.8967139
vt 0.2439270 0.8941697
vt 0.2644729 0.8990434
vt 0.2266574 0.8987365
vt 0.2271640 0.8950704
vt 0.2431139 0.8967139
vt 0.2612633 0.9073511
vt 0.0159147 0.8620757
vt 0.0033269 0.8612960
vt 0.0137473 0.8558769
vt 0.0198591 0.8590798
vt 0.0019595 0.8562881
vt 0.0019128 0.8519762
vt 0.0137654 0.8538556
vt 0.0137473 0.8558769
vt 0.0160742 0.8482166
vt 0.0203406 0.8511016
vt 0.0137654 0.8538556
vt 0.0035435 0.8478984
vt 0.1336869 0.8662081
vt 0.1349595 0.8689113
vt 0.1165041 0.8660499
vt 0.1185489 0.8638409
vt 0.1151867 0.8776130
vt 0.1155867 0.8741595
vt 0.1332899 0.8766961
vt 0.1326973 0.8800951
vt 0.2439270 0.8941697
vt 0.2282580 0.8893769
vt 0.2292096 0.8865205
vt 0.2271640 0.8950704
vt 0.2276256 0.8922517
vt 0.2431139 0.8967139
vt 0.1808661 0.8834993
vt 0.2276256 0.8922517
vt 0.2271640 0.8950704
vt 0.1803690 0.8862643
vt 0.1337951 0.8740601
vt 0.1808661 0.8834993
vt 0.1803690 0.8862643
vt 0.1332899 0.8766961
vt 0.0204132 0.8563548
vt 0.0750605 0.8644249
vt 0.0745953 0.8671066
vt 0.0198591 0.8590798
vt 0.0137473 0.8558769
vt 0.0204132 0.8563548
vt 0.0198591 0.8590798
vt 0.0203406 0.8511016
vt 0.0204548 0.8539947
vt 0.0137654 0.8538556
vt 0.0753536 0.8592241
vt 0.0752617 0.8619179
vt 0.0204548 0.8539947
vt 0.0203406 0.8511016
vt 0.1163356 0.8688455
vt 0.0752617 0.8619179
vt 0.0753536 0.8592241
vt 0.1165041 0.8660499
vt 0.2282580 0.8893769
vt 0.1814124 0.8807772
vt 0.1820947 0.8781783
vt 0.2292096 0.8865205
vt 0.0750605 0.8644249
vt 0.1159726 0.8714321
vt 0.1155867 0.8741595
vt 0.0745953 0.8671066
vt 0.1342634 0.8715572
vt 0.1163356 0.8688455
vt 0.1159726 0.8714321
vt 0.1337951 0.8740601
vt 0.1820947 0.8781783
vt 0.1814124 0.8807772
vt 0.1342634 0.8715572
vt 0.1349595 0.8689113
vt 0.2307953 0.8803690
vt 0.2319591 0.8845560
vt 0.2292096 0.8865205
vt 0.2286638 0.8823851
vt 0.2286638 0.8823851
vt 0.2292096 0.8865205
vt 0.1820947 0.8781783
vt 0.1829117 0.8745212
vt 0.1349595 0.8689113
vt 0.1371068 0.8655916
vt 0.1371068 0.8655916
vt 0.1349595 0.8689113
vt 0.1336869 0.8662081
vt 0.1360795 0.8629004
vt 0.0203406 0.8511016
vt 0.0160742 0.8482166
vt 0.0186863 0.8446623
vt 0.0217358 0.8479656
vt 0.0203406 0.8511016
vt 0.0217358 0.8479656
vt 0.0757978 0.8557021
vt 0.0753536 0.8592241
vt 0.1155280 0.8622645
vt 0.1165041 0.8660499
vt 0.1165041 0.8660499
vt 0.1155280 0.8622645
vt 0.1172977 0.8600050
vt 0.1185489 0.8638409
vt 0.0165128 0.4686467
vt 0.0164734 0.3947861
vt 0.0244035 0.3947687
vt 0.0241477 0.4715485
vt 0.0028757 0.4695248
vt 0.0027217 0.3947451
vt 0.0164734 0.3947861
vt 0.0165128 0.4686467
vt 0.0165094 0.1634871
vt 0.0243853 0.1635255
vt 0.0239837 0.2315573
vt 0.0165880 0.2277312
vt 0.0028273 0.1635369
vt 0.0165094 0.1634871
vt 0.0165880 0.2277312
vt 0.0030397 0.2315127
vt 0.0165667 0.1140264
vt 0.0164547 0.1088106
vt 0.0241875 0.1105379
vt 0.0029293 0.1134919
vt 0.0165634 0.2355084
vt 0.0239837 0.2315573
vt 0.0243848 0.2994124
vt 0.0164876 0.2994062
vt 0.0165634 0.2355084
vt 0.0164876 0.2994062
vt 0.0027481 0.2994010
vt 0.0165880 0.2277312
vt 0.0239837 0.2315573
vt 0.0030397 0.2315127
vt 0.0030397 0.2315127
vt 0.0239837 0.2315573
vt 0.0165634 0.2355084
vt 0.0165667 0.1140264
vt 0.0241875 0.1105379
vt 0.0029293 0.1134919
vt 0.0165667 0.1140264
vt 0.0241477 0.4715485
vt 0.0164219 0.4734299
vt 0.0165128 0.4686467
vt 0.0028757 0.4695248
vt 0.0471881 0.9444934
vt 0.0389262 0.9294909
vt 0.0409233 0.9318554
vt 0.0153388 0.9425555
vt 0.0040483 0.9098093
vt 0.0138041 0.9092833
vt 0.0201841 0.9348451
vt 0.0556989 0.9017813
vt 0.0427373 0.9287984
vt 0.0417551 0.8994375
vt 0.0236222 0.9325682
vt 0.0168866 0.9070248
vt 0.0357979 0.9003947
vt 0.0391621 0.9280388
vt 0.0143706 0.8850653
vt 0.0150308 0.8834257
vt 0.0201556 0.8855455
vt 0.0164814 0.8866806
vt 0.0545193 0.8999586
vt 0.0419649 0.8963124
vt 0.0420774 0.8930699
vt 0.0537343 0.8985541
vt 0.0345769 0.8977413
vt 0.0321851 0.8919865
vt 0.0165476 0.9068604
vt 0.0057187 0.9031385
vt 0.0201556 0.8855455
vt 0.0148463 0.8748273
vt 0.0218760 0.8743999
vt 0.0447389 0.8807700
vt 0.0579916 0.8915600
vt 0.0415188 0.8743458
vt 0.0321851 0.8919865
vt 0.0201556 0.8855455
vt 0.0218760 0.8743999
vt 0.0415188 0.8743458
vt 0.0364343 0.8989756
vt 0.0411054 0.9299110
vt 0.0231316 0.9467912
vt 0.0240208 0.9340499
vt 0.0529752 0.9387005
vt 0.0431409 0.9309499
vt 0.0196457 0.9327008
vt 0.0149168 0.9102567
vt 0.0057187 0.9031385
vt 0.0131910 0.8865660
vt 0.0931520 0.9206466
vt 0.0908165 0.9010547
vt 0.0929547 0.9030619
vt 0.0944138 0.9192039
vt 0.0990952 0.9335535
vt 0.1012801 0.9542635
vt 0.1004781 0.9540241
vt 0.0983413 0.9339154
vt 0.0984402 0.9573054
vt 0.0981367 0.9565910
vt 0.0599921 0.9581822
vt 0.0603264 0.9575034
vt 0.0580571 0.9564113
vt 0.0587677 0.9561048
vt 0.0581170 0.9282897
vt 0.0588074 0.9286090
vt 0.0616727 0.9256833
vt 0.0619145 0.9264171
vt 0.0952966 0.9302459
vt 0.0949620 0.9309715
vt 0.0983413 0.9339154
vt 0.1004781 0.9540241
vt 0.0976863 0.9532822
vt 0.0956476 0.9350466
vt 0.0981367 0.9565910
vt 0.0966169 0.9542942
vt 0.0603264 0.9575034
vt 0.0609407 0.9548776
vt 0.0587677 0.9561048
vt 0.0588074 0.9286090
vt 0.0610731 0.9299948
vt 0.0619145 0.9264171
vt 0.0620948 0.9293450
vt 0.0949620 0.9309715
vt 0.0933523 0.9333299
vt 0.0619513 0.9221315
vt 0.0620268 0.8998227
vt 0.0635700 0.8985182
vt 0.0624943 0.9871364
vt 0.0646647 0.9883609
vt 0.0647391 0.9917728
vt 0.0625093 0.9930244
vt 0.0656256 0.9872764
vt 0.0657465 0.9928143
vt 0.0647391 0.9917728
vt 0.0646647 0.9883609
vt 0.0679791 0.9872251
vt 0.0681000 0.9927629
vt 0.0644965 0.9869558
vt 0.0646647 0.9883609
vt 0.0624943 0.9871364
vt 0.0625093 0.9930244
vt 0.0647391 0.9917728
vt 0.0645628 0.9932193
vt 0.0625093 0.9930244
vt 0.0516757 0.9930244
vt 0.0516853 0.9871380
vt 0.0624943 0.9871364
vt 0.0624943 0.9871364
vt 0.0646647 0.9883609
vt 0.0647391 0.9917728
vt 0.0625093 0.9930244
vt 0.0656256 0.9872764
vt 0.0657465 0.9928143
vt 0.0647391 0.9917728
vt 0.0646647 0.9883609
vt 0.0679791 0.9872251
vt 0.0644965 0.9869558
vt 0.0646647 0.9883609
vt 0.0624943 0.9871364
vt 0.0625093 0.9930244
vt 0.0647391 0.9917728
vt 0.0645628 0.9932193
vt 0.0624943 0.9871364
vt 0.0625093 0.9930244
vt 0.0516853 0.9871380
vt 0.0390090 0.9735836
vt 0.0394039 0.9765694
vt 0.0326472 0.9801504
vt 0.0310516 0.9759558
vt 0.0327342 0.9641252
vt 0.0347628 0.9658445
vt 0.0281030 0.9705880
vt 0.0302994 0.9624782
vt 0.0321868 0.9637088
vt 0.0231707 0.9614007
vt 0.0231598 0.9691617
vt 0.0168016 0.9622885
vt 0.0185909 0.9704328
vt 0.0131645 0.9644341
vt 0.0148688 0.9633024
vt 0.0099010 0.9675112
vt 0.0148252 0.9753682
vt 0.0070902 0.9732226
vt 0.0627593 0.9621076
vt 0.0651710 0.9632039
vt 0.0617300 0.9705386
vt 0.0669615 0.9642973
vt 0.0705621 0.9674678
vt 0.0657842 0.9755073
vt 0.0734914 0.9732592
vt 0.0567356 0.9617010
vt 0.0572266 0.9696280
vt 0.0506567 0.9628182
vt 0.0529266 0.9708231
vt 0.0478962 0.9648406
vt 0.0490451 0.9639032
vt 0.0460394 0.9667726
vt 0.0470491 0.9656228
vt 0.0508960 0.9740807
vt 0.0421669 0.9770851
vt 0.0436425 0.9707153
vt 0.0482695 0.9803668
vt 0.0309386 0.9810233
vt 0.0321571 0.9809915
vt 0.0309386 0.9869772
vt 0.0744907 0.9765685
vt 0.0680497 0.9803668
vt 0.0349514 0.9818941
vt 0.0428351 0.9819707
vt 0.0498964 0.9869773
vt 0.0569575 0.9819565
vt 0.0682353 0.9818794
vt 0.0721080 0.9869773
vt 0.0707093 0.9808403
vt 0.0061146 0.9763914
vt 0.0126638 0.9801504
vt 0.0721084 0.9808756
vt 0.0370935 0.9687384
vt 0.0508960 0.9740807
vt 0.0529266 0.9708231
vt 0.0617300 0.9705386
vt 0.0657842 0.9755073
vt 0.0680497 0.9803668
vt 0.0482695 0.9803668
vt 0.0310516 0.9759558
vt 0.0148252 0.9753682
vt 0.0185909 0.9704328
vt 0.0281030 0.9705880
vt 0.0326472 0.9801504
vt 0.0126638 0.9801504
vt 0.0231598 0.9691617
vt 0.0572266 0.9696280
vt 0.0116602 0.9869770
vt 0.0047757 0.9822749
vt 0.0089711 0.9818859
vt 0.0116603 0.9817454
vt 0.0018705 0.9858983
vt 0.0026407 0.9831752
vt 0.0918332 0.9811594
vt 0.0936169 0.9811828
vt 0.0971723 0.9827487
vt 0.0918333 0.9869771
vt 0.0981391 0.9842108
vt 0.0993509 0.9892213
vt 0.0498963 0.9989905
vt 0.0309384 0.9989904
vt 0.0721080 0.9989905
vt 0.0116600 0.9989901
vt 0.0918334 0.9989904
vt 0.0013305 0.9925125
vt 0.1002809 0.9989903
vt 0.1798671 0.9335782
vt 0.1837395 0.9335808
vt 0.1837392 0.9984060
vt 0.1798671 0.9970103
vt 0.1875904 0.9335817
vt 0.1875897 0.9992678
vt 0.1487308 0.9335323
vt 0.1525815 0.9335337
vt 0.1525808 0.9992198
vt 0.1487298 0.9992183
vt 0.1564534 0.9335379
vt 0.1564532 0.9983631
vt 0.1603442 0.9335442
vt 0.1603442 0.9969764
vt 0.1642490 0.9335517
vt 0.1642478 0.9955910
vt 0.1681619 0.9335598
vt 0.1681586 0.9947383
vt 0.1720739 0.9335675
vt 0.1720698 0.9947458
vt 0.1759775 0.9335738
vt 0.1759754 0.9956130
vt 0.1920408 0.9892152
vt 0.1911820 0.9846148
vt 0.1920818 0.9845778
vt 0.1928501 0.9890153
vt 0.1911848 0.9799557
vt 0.1921534 0.9801322
vt 0.1924230 0.9755973
vt 0.1932851 0.9759567
vt 0.1948091 0.9717538
vt 0.1955372 0.9722410
vt 0.1978265 0.9683486
vt 0.1984051 0.9688959
vt 0.2010988 0.9651121
vt 0.2016859 0.9657840
vt 0.2045558 0.9618562
vt 0.2051660 0.9626753
vt 0.2083423 0.9591876
vt 0.2086340 0.9600275
vt 0.1957264 0.9984139
vt 0.1934612 0.9939268
vt 0.1943521 0.9935135
vt 0.1964262 0.9976430
vt 0.1928501 0.9890153
vt 0.1920818 0.9845778
vt 0.2586462 0.9970189
vt 0.1921534 0.9801322
vt 0.1932851 0.9759567
vt 0.1955372 0.9722410
vt 0.1984051 0.9688959
vt 0.2016859 0.9657840
vt 0.2051660 0.9626753
vt 0.2086340 0.9600275
vt 0.1964262 0.9976430
vt 0.1943521 0.9935135
vt 0.5614297 0.9555494
vt 0.5615065 0.9545296
vt 0.5792575 0.9606773
vt 0.5780334 0.9609299
vt 0.5615065 0.9545296
vt 0.5614297 0.9555494
vt 0.5319905 0.9420659
vt 0.5332124 0.9412530
vt 0.5355535 0.8809551
vt 0.5444560 0.8810167
vt 0.5422902 0.9073345
vt 0.5330353 0.9078156
vt 0.5681841 0.8779329
vt 0.5674725 0.8809681
vt 0.5401502 0.8774959
vt 0.5832779 0.8842344
vt 0.5818067 0.8870111
vt 0.5953419 0.9000728
vt 0.5991056 0.8986683
vt 0.6012497 0.9301121
vt 0.5970881 0.9270771
vt 0.5969865 0.9314388
vt 0.5798011 0.9223744
vt 0.5813165 0.9187882
vt 0.5982337 0.9514208
vt 0.5937519 0.9580770
vt 0.5989888 0.9633765
vt 0.5792575 0.9606773
vt 0.5803499 0.9570022
vt 0.5615065 0.9545296
vt 0.5628445 0.9507568
vt 0.5332124 0.9412530
vt 0.5423851 0.9397996
vt 0.5419474 0.9115807
vt 0.5421085 0.9286227
vt 0.5330572 0.9272955
vt 0.5655239 0.9120495
vt 0.5643597 0.9159146
vt 0.5970881 0.9270771
vt 0.5813165 0.9187882
vt 0.5812402 0.9143041
vt 0.5952892 0.9228784
vt 0.5655239 0.9120495
vt 0.5661805 0.9085340
vt 0.5422902 0.9073345
vt 0.5448406 0.9046780
vt 0.5422902 0.9073345
vt 0.5444560 0.8810167
vt 0.5466733 0.8844249
vt 0.5448406 0.9046780
vt 0.5444560 0.8810167
vt 0.5674725 0.8809681
vt 0.5661278 0.8844931
vt 0.5466733 0.8844249
vt 0.5818067 0.8870111
vt 0.5805094 0.8903514
vt 0.5953419 0.9000728
vt 0.5928414 0.9021049
vt 0.5953419 0.9000728
vt 0.5970881 0.9270771
vt 0.5952892 0.9228784
vt 0.5928414 0.9021049
vt 0.5798011 0.9223744
vt 0.5969865 0.9314388
vt 0.5946884 0.9332391
vt 0.5789096 0.9256847
vt 0.5969865 0.9314388
vt 0.5937519 0.9580770
vt 0.5915968 0.9539570
vt 0.5946884 0.9332391
vt 0.5937519 0.9580770
vt 0.5803499 0.9570022
vt 0.5763683 0.9515716
vt 0.5915968 0.9539570
vt 0.5628445 0.9507568
vt 0.5637317 0.9472010
vt 0.5423851 0.9397996
vt 0.5457132 0.9372205
vt 0.5423851 0.9397996
vt 0.5421085 0.9286227
vt 0.5457132 0.9372205
vt 0.5419474 0.9115807
vt 0.5439224 0.9149675
vt 0.5419474 0.9115807
vt 0.5643597 0.9159146
vt 0.5627301 0.9193108
vt 0.5439224 0.9149675
vt 0.5317104 0.9076390
vt 0.5343554 0.8803673
vt 0.5355535 0.8809551
vt 0.5330353 0.9078156
vt 0.5355535 0.8809551
vt 0.5343554 0.8803673
vt 0.5400033 0.8761454
vt 0.5401502 0.8774959
vt 0.5330572 0.9272955
vt 0.5317104 0.9270587
vt 0.5317104 0.9076390
vt 0.5330353 0.9078156
vt 0.5332124 0.9412530
vt 0.5319905 0.9420659
vt 0.5317104 0.9270587
vt 0.5330572 0.9272955
vt 0.5401502 0.8774959
vt 0.5400033 0.8761454
vt 0.5684972 0.8768400
vt 0.5681841 0.8779329
vt 0.5681841 0.8779329
vt 0.5684972 0.8768400
vt 0.5838120 0.8831892
vt 0.5832779 0.8842344
vt 0.5832779 0.8842344
vt 0.5838120 0.8831892
vt 0.5999286 0.8976868
vt 0.5991056 0.8986683
vt 0.1426379 0.9686109
vt 0.1427972 0.9831355
vt 0.1390853 0.9818048
vt 0.1389599 0.9698958
vt 0.1059170 0.9823229
vt 0.1049939 0.9678897
vt 0.1087834 0.9691253
vt 0.1095354 0.9808291
vt 0.1039191 0.9292668
vt 0.1140932 0.9296110
vt 0.1139671 0.9333674
vt 0.1077615 0.9331384
vt 0.1241012 0.9299426
vt 0.1240246 0.9337062
vt 0.1304385 0.9300395
vt 0.1304088 0.9337934
vt 0.1419967 0.9301165
vt 0.1383350 0.9338189
vt 0.1081766 0.9485379
vt 0.1082466 0.9511670
vt 0.1134256 0.9810425
vt 0.1243757 0.9809612
vt 0.1243468 0.9835261
vt 0.1133670 0.9836150
vt 0.1311725 0.9811935
vt 0.1310492 0.9837614
vt 0.1391178 0.9843950
vt 0.1432626 0.9982663
vt 0.1394098 0.9942228
vt 0.1316245 0.9973624
vt 0.1318530 0.9936048
vt 0.1249820 0.9969492
vt 0.1250900 0.9931787
vt 0.1138131 0.9969085
vt 0.1148140 0.9931436
vt 0.1092172 0.9942440
vt 0.1121609 0.9916109
vt 0.1070275 0.9892384
vt 0.1106461 0.9881681
vt 0.1098670 0.9834410
vt 0.1242330 0.9695579
vt 0.1133641 0.9693154
vt 0.1134471 0.9667662
vt 0.1242847 0.9670191
vt 0.1086675 0.9665439
vt 0.1137374 0.9488200
vt 0.1136296 0.9514210
vt 0.1241614 0.9491996
vt 0.1241032 0.9517946
vt 0.1306836 0.9493040
vt 0.1306702 0.9519044
vt 0.1386064 0.9492799
vt 0.1386653 0.9518954
vt 0.1389213 0.9673314
vt 0.1309306 0.9697168
vt 0.1309790 0.9671726
vt 0.1544805 0.7655333
vt 0.1702366 0.7638861
vt 0.1680582 0.7694292
vt 0.1554435 0.7786286
vt 0.1774709 0.6983364
vt 0.1600228 0.6981797
vt 0.1607969 0.6687990
vt 0.1782501 0.6687990
vt 0.1733991 0.7485099
vt 0.1559868 0.7482671
vt 0.1680582 0.7694292
vt 0.1702366 0.7638861
vt 0.1778436 0.7654146
vt 0.1733197 0.7729223
vt 0.1774709 0.6983364
vt 0.1782501 0.6687990
vt 0.1868856 0.6687990
vt 0.1860335 0.6985174
vt 0.1819211 0.7489368
vt 0.1733991 0.7485099
vt 0.1804384 0.7564347
vt 0.1680582 0.7694292
vt 0.1733197 0.7729223
vt 0.1643285 0.7755070
vt 0.1554435 0.7786286
vt 0.1738870 0.7727989
vt 0.8687418 0.5487728
vt 0.8694512 0.3999739
vt 0.8698152 0.3289880
vt 0.0276632 0.5585458
vt 0.0382946 0.5584605
vt 0.0379118 0.6067163
vt 0.0268751 0.6067345
vt 0.8704390 0.2081243
vt 0.8704452 0.2069411
vt 0.8704390 0.2081243
vt 0.0204809 0.6732920
vt 0.0192991 0.6733330
vt 0.0199551 0.6241224
vt 0.0210906 0.6241224
vt 0.4269831 0.1892334
vt 0.4269850 0.2084159
vt 0.0268751 0.6067345
vt 0.0257026 0.6067364
vt 0.4269995 0.2191940
vt 0.4269997 0.2699601
vt 0.4269828 0.2768250
vt 0.4269997 0.2699601
vt 0.0516888 0.9846383
vt 0.0516853 0.9871380
vt 0.0516757 0.9930244
vt 0.0644370 0.9955839
vt 0.0516727 0.9955541
vt 0.0516888 0.9846383
vt 0.0516853 0.9871380
vt 0.0516757 0.9930244
vt 0.0644370 0.9955839
vt 0.0516727 0.9955541
vt 0.0147622 0.7743524
vt 0.0004893 0.7768879
vt 0.0194855 0.8014845
vt 0.0345987 0.8009796
vt 0.0310026 0.8189955
vt 0.0612560 0.8203261
vt 0.0372425 0.8295605
vt 0.0617970 0.8350787
vt 0.0435246 0.8401681
vt 0.0623706 0.8426987
vt 0.0274242 0.8404988
vt 0.0180467 0.8322339
vt 0.1374760 0.8507744
vt 0.1370486 0.8430822
vt 0.1363369 0.8301815
vt 0.2375031 0.8556738
vt 0.2321776 0.8467033
vt 0.2131644 0.8278632
vt 0.3437753 0.8317453
vt 0.2558382 0.8291401
vt 0.2587197 0.8470540
vt 0.3153866 0.8481960
vt 0.3732315 0.8492005
vt 0.3445829 0.8140596
vt 0.2537423 0.8107035
vt 0.2606588 0.7896492
vt 0.3459602 0.7918252
vt 0.3471561 0.7436285
vt 0.2723292 0.7429147
vt 0.2796834 0.6867440
vt 0.3494685 0.6870149
vt 0.4409514 0.8498232
vt 0.4404779 0.8326965
vt 0.4405566 0.8144170
vt 0.4412225 0.7916822
vt 0.5893083 0.8145012
vt 0.5110987 0.8143193
vt 0.5113187 0.8321370
vt 0.5958021 0.8326719
vt 0.4415455 0.7435641
vt 0.5748869 0.7432497
vt 0.5102111 0.7433823
vt 0.5109830 0.7917206
vt 0.5816508 0.7916456
vt 0.4417298 0.6873527
vt 0.5115545 0.8491057
vt 0.5975993 0.8495572
vt 0.6620629 0.8614125
vt 0.6428767 0.8508351
vt 0.5972720 0.8597445
vt 0.6388441 0.7898871
vt 0.6402538 0.8122758
vt 0.6526316 0.8111607
vt 0.6272073 0.7425078
vt 0.5713225 0.6876415
vt 0.5099016 0.6874394
vt 0.6209345 0.6876638
vt 0.7181950 0.8359275
vt 0.7167197 0.8516748
vt 0.7669082 0.8534241
vt 0.7667893 0.8395529
vt 0.7653955 0.8653404
vt 0.8405862 0.8650737
vt 0.8414119 0.8530105
vt 0.8419548 0.8367081
vt 0.9207426 0.8646142
vt 0.8788567 0.8267716
vt 0.8639041 0.8389431
vt 0.9228507 0.8431492
vt 0.9245439 0.8300123
vt 0.8624292 0.8239552
vt 0.8893810 0.8126925
vt 0.8743930 0.8106191
vt 0.9264808 0.8138875
vt 0.8995638 0.7713138
vt 0.9293683 0.7713345
vt 0.8869286 0.7712871
vt 0.7049991 0.3230347
vt 0.6950566 0.3583671
vt 0.6745111 0.3582645
vt 0.6706993 0.3230347
vt 0.6489498 0.3719294
vt 0.6450176 0.3584697
vt 0.6745111 0.3582645
vt 0.6779463 0.3720340
vt 0.6706993 0.3230347
vt 0.6856624 0.2784989
vt 0.7049991 0.3230347
vt 0.6346387 0.3230347
vt 0.6405599 0.2831189
vt 0.7141491 0.8632166
vt 0.7107025 0.8763857
vt 0.7468668 0.8766841
vt 0.7532945 0.8692701
vt 0.3948577 0.4338330
vt 0.4067846 0.4229885
vt 0.4087342 0.4351122
vt 0.3974300 0.4438266
vt 0.0426431 0.8463105
vt 0.0612205 0.8491029
vt 0.3976866 0.4617146
vt 0.4094001 0.4558367
vt 0.4096042 0.4775210
vt 0.3970090 0.4804498
vt 0.1368500 0.8579085
vt 0.4101885 0.5548533
vt 0.3974622 0.5563194
vt 0.2253509 0.8664495
vt 0.4108754 0.6387609
vt 0.3980945 0.6437294
vt 0.2414530 0.8693577
vt 0.2594641 0.8663765
vt 0.2622774 0.8668962
vt 0.2637931 0.8747783
vt 0.2694514 0.8742015
vt 0.4303380 0.9677788
vt 0.3821202 0.9614741
vt 0.3868516 0.9681063
vt 0.4324153 0.9752560
vt 0.3840161 0.9780202
vt 0.4311047 0.9852172
vt 0.4793878 0.9736797
vt 0.4804938 0.9813955
vt 0.5062883 0.9835511
vt 0.4930003 0.9925648
vt 0.5758072 0.9949315
vt 0.5758782 0.9852381
vt 0.5765830 0.9778217
vt 0.5232719 0.9766089
vt 0.6363385 0.9859434
vt 0.6374424 0.9784276
vt 0.6364515 0.9956384
vt 0.6854401 0.9863125
vt 0.6864753 0.9790492
vt 0.6724592 0.9791956
vt 0.6709400 0.9866124
vt 0.7262664 0.9860749
vt 0.7270563 0.9783376
vt 0.6784518 0.9962507
vt 0.7269290 0.9957702
vt 0.7978628 0.9822313
vt 0.7986231 0.9749093
vt 0.7987815 0.9917167
vt 0.8632103 0.9753326
vt 0.8641723 0.9683701
vt 0.8648849 0.9843981
vt 0.9438143 0.8637079
vt 0.9458194 0.8474303
vt 0.9561160 0.8650823
vt 0.9588504 0.8491255
vt 0.9373396 0.8382622
vt 0.9363833 0.8301847
vt 0.9355107 0.8138583
vt 0.9330738 0.7713146
vt 0.6331202 0.3726692
vt 0.6270646 0.3587873
vt 0.6212952 0.3732709
vt 0.6155154 0.3584464
vt 0.6133036 0.3230347
vt 0.6126522 0.2833205
vt 0.8843148 0.9710736
vt 0.8850227 0.9642539
vt 0.9018884 0.9379858
vt 0.8889616 0.9584560
vt 0.8997200 0.9604943
vt 0.9141830 0.9388407
vt 0.8975034 0.9681696
vt 0.8978952 0.9635692
vt 0.9665552 0.8516684
vt 0.9630952 0.8674157
vt 0.9738682 0.8728237
vt 0.9779049 0.8571352
vt 0.6130964 0.3740837
vt 0.6100578 0.3580187
vt 0.5994563 0.3752414
vt 0.5888330 0.3597405
vt 0.6042265 0.3230347
vt 0.5824320 0.3230347
vt 0.5799577 0.2833205
vt 0.9044424 0.9643539
vt 0.9062114 0.9634591
vt 0.9208904 0.9413013
vt 0.9113281 0.9693503
vt 0.9278255 0.9484710
vt 0.9012926 0.9757769
vt 0.9092267 0.9712529
vt 0.8871394 0.9794931
vt 0.6964887 0.9568095
vt 0.7025071 0.9486848
vt 0.6851426 0.9484018
vt 0.3040102 0.9043751
vt 0.2926188 0.9056619
vt 0.3392707 0.9406990
vt 0.3472958 0.9394093
vt 0.3668807 0.9556963
vt 0.3700560 0.9527687
vt 0.9393941 0.8745917
vt 0.9220744 0.9040772
vt 0.9342170 0.9057930
vt 0.9510723 0.8762201
vt 0.9412718 0.9085798
vt 0.9581304 0.8789107
vt 0.9500023 0.9158000
vt 0.9678786 0.8858553
vt 0.5189573 0.4087909
vt 0.4517380 0.4187412
vt 0.4504343 0.3993527
vt 0.5177435 0.3884710
vt 0.5191563 0.4313923
vt 0.5189801 0.4547107
vt 0.4481343 0.4631943
vt 0.4500614 0.4403647
vt 0.5189770 0.5435594
vt 0.4425004 0.5482199
vt 0.5190126 0.6171658
vt 0.4378942 0.6302088
vt 0.9061116 0.6943077
vt 0.9067298 0.7456874
vt 0.9707279 0.6929008
vt 0.9725934 0.7413062
vt 0.9056801 0.6309711
vt 0.9690928 0.6309642
vt 0.9057169 0.5489323
vt 0.9058129 0.4891664
vt 0.9681060 0.4894595
vt 0.9684083 0.5491990
vt 0.9058934 0.4487357
vt 0.9059724 0.4001846
vt 0.9678383 0.4005272
vt 0.9680417 0.4486575
vt 0.9061198 0.3292314
vt 0.9676536 0.3296363
vt 0.9673437 0.2642824
vt 0.9063747 0.2633681
vt 0.0032614 0.5741954
vt 0.0040965 0.5018194
vt 0.0203245 0.5038868
vt 0.0192991 0.5749119
vt 0.0432310 0.6549928
vt 0.0436940 0.7321362
vt 0.0389763 0.7316580
vt 0.0384544 0.6549703
vt 0.4717538 0.2696873
vt 0.4726221 0.2194802
vt 0.5057198 0.2264725
vt 0.5105554 0.2833205
vt 0.5125439 0.3230347
vt 0.9067743 0.2396142
vt 0.9072635 0.2233233
vt 0.9669542 0.2269468
vt 0.9669996 0.2417843
vt 0.9737728 0.7542738
vt 0.9071667 0.7597634
vt 0.4376448 0.4266123
vt 0.4367550 0.4133595
vt 0.4368947 0.4489895
vt 0.4356507 0.4715884
vt 0.4306954 0.5526782
vt 0.4260438 0.6341062
vt 0.9910301 0.6922950
vt 0.9932890 0.7393400
vt 0.9889804 0.6308865
vt 0.9875337 0.4895598
vt 0.9881018 0.5492772
vt 0.9872304 0.4006186
vt 0.9875791 0.4484612
vt 0.9869388 0.3297207
vt 0.9862670 0.2645966
vt 0.0055538 0.4774930
vt 0.0198738 0.4797015
vt 0.5823337 0.2684200
vt 0.5565307 0.2693740
vt 0.5570809 0.2531691
vt 0.5828037 0.2524376
vt 0.0431823 0.7568104
vt 0.5563352 0.2206395
vt 0.5816781 0.2081908
vt 0.9844212 0.2288496
vt 0.9851483 0.2428505
vt 0.9946843 0.7516870
vt 0.2695883 0.8867835
vt 0.9558385 0.8663329
vt 0.9442626 0.8647071
vt 0.9629086 0.8688986
vt 0.9730883 0.8754019
vt 0.4408837 0.9593428
vt 0.3956850 0.9511945
vt 0.4287599 0.9662020
vt 0.4759052 0.9629135
vt 0.4785874 0.9713882
vt 0.6377025 0.9767069
vt 0.6403745 0.9678806
vt 0.5784562 0.9669201
vt 0.5768037 0.9761612
vt 0.7276176 0.9763405
vt 0.6899632 0.9689819
vt 0.6873365 0.9779296
vt 0.7988663 0.9731519
vt 0.8018644 0.9638377
vt 0.7303024 0.9659780
vt 0.8673788 0.9611800
vt 0.8646944 0.9667256
vt 0.3674803 0.9579546
vt 0.3794134 0.9634999
vt 0.3715397 0.9748545
vt 0.9081559 0.2095699
vt 0.9685702 0.2164249
vt 0.9857524 0.2201352
vt 0.0298081 0.7707317
vt 0.0223361 0.7727691
vt 0.0411080 0.7972944
vt 0.0465334 0.7920018
vt 0.0680841 0.8047698
vt 0.0742102 0.7904234
vt 0.0556486 0.7797500
vt 0.0633302 0.8121284
vt 0.1368264 0.8001910
vt 0.1362637 0.8163972
vt 0.1361476 0.8234591
vt 0.1944373 0.7958326
vt 0.1993497 0.8109629
vt 0.2038742 0.8200495
vt 0.2211905 0.8005474
vt 0.2372046 0.7825227
vt 0.2262800 0.7729654
vt 0.2130500 0.7874995
vt 0.2524772 0.7874461
vt 0.2301019 0.8088151
vt 0.2508565 0.8111271
vt 0.2560707 0.7411865
vt 0.2506192 0.7391771
vt 0.2390490 0.7351680
vt 0.2603720 0.6851020
vt 0.2506159 0.6840000
vt 0.2662445 0.6865958
vt 0.2798927 0.6848780
vt 0.2790428 0.6752309
vt 0.2625871 0.6842480
vt 0.6801644 0.8022332
vt 0.7018636 0.8138876
vt 0.7089325 0.7974807
vt 0.6894093 0.7895926
vt 0.6643117 0.7839350
vt 0.6524521 0.7875347
vt 0.6660846 0.8072240
vt 0.6752556 0.7758048
vt 0.6509257 0.7397979
vt 0.6618004 0.7368935
vt 0.6394697 0.7415777
vt 0.6513713 0.6852623
vt 0.6421662 0.6864718
vt 0.6317969 0.6872792
vt 0.7657078 0.8041451
vt 0.7189274 0.7991054
vt 0.7185588 0.8174372
vt 0.7661985 0.8231841
vt 0.7665406 0.8314213
vt 0.7185493 0.8267065
vt 0.8188186 0.7999058
vt 0.8267346 0.8182201
vt 0.8335992 0.8275461
vt 0.8459428 0.8108718
vt 0.8588467 0.7994161
vt 0.8477510 0.7845218
vt 0.8359779 0.7935863
vt 0.8532639 0.8186986
vt 0.8659344 0.8061473
vt 0.7136750 0.3583375
vt 0.8797088 0.7708259
vt 0.8723908 0.7698371
vt 0.8580831 0.7674966
vt 0.0808447 0.7770295
vt 0.0649191 0.7685877
vt 0.0556486 0.7797500
vt 0.0742102 0.7904234
vt 0.1371768 0.7854559
vt 0.1368264 0.8001910
vt 0.1890190 0.7816956
vt 0.1944373 0.7958326
vt 0.2151707 0.7632760
vt 0.2045434 0.7750530
vt 0.2130500 0.7874995
vt 0.2262800 0.7729654
vt 0.2390490 0.7351680
vt 0.2259873 0.7302359
vt 0.2506159 0.6840000
vt 0.2369672 0.6819216
vt 0.7178238 0.7844418
vt 0.6983357 0.7776224
vt 0.6894093 0.7895926
vt 0.7089325 0.7974807
vt 0.6866525 0.7661034
vt 0.6752556 0.7758048
vt 0.6738887 0.7314522
vt 0.6618004 0.7368935
vt 0.6632386 0.6832151
vt 0.6513713 0.6852623
vt 0.7659283 0.7896992
vt 0.7189274 0.7991054
vt 0.7657078 0.8041451
vt 0.8140042 0.7864656
vt 0.8188186 0.7999058
vt 0.8371478 0.7741690
vt 0.8280802 0.7813584
vt 0.8359779 0.7935863
vt 0.8477510 0.7845218
vt 0.7192711 0.3230347
vt 0.7296833 0.3572238
vt 0.7136750 0.3583375
vt 0.7049991 0.3230347
vt 0.8423825 0.7664732
vt 0.8580831 0.7674966
vt 0.7133223 0.2760865
vt 0.7192711 0.3230347
vt 0.3698507 0.9614774
vt 0.3720017 0.9663138
vt 0.0445882 0.7661838
vt 0.0611821 0.7639115
vt 0.0445882 0.7661838
vt 0.6581951 0.9788623
vt 0.6561120 0.9768857
vt 0.6495305 0.9678795
vt 0.7112427 0.8629831
vt 0.7138029 0.8515126
vt 0.6930032 0.8509216
vt 0.7161356 0.8172452
vt 0.7171536 0.7989144
vt 0.7171536 0.7989144
vt 0.4908362 0.9732635
vt 0.4865955 0.9639384
vt 0.5069028 0.9762306
vt 0.4931219 0.9751098
vt 0.5078722 0.7434577
vt 0.4852729 0.7915702
vt 0.5084897 0.7917520
vt 0.5077305 0.6875306
vt 0.4867528 0.8496034
vt 0.4868060 0.8570023
vt 0.5087801 0.8491367
vt 0.5115324 0.8629712
vt 0.5303906 0.8631132
vt 0.3151475 0.8539337
vt 0.3742605 0.8553125
vt 0.4412728 0.8567781
vt 0.3610581 0.9392122
vt 0.3160465 0.9044366
vt 0.2863649 0.8741500
vt 0.2756961 0.8530347
vt 0.2599483 0.8542599
vt 0.2552133 0.8760591
vt 0.2613626 0.8750877
vt 0.2665060 0.8855286
vt 0.2572721 0.8546288
vt 0.2559231 0.8472261
vt 0.2530361 0.8291920
vt 0.2503374 0.7868338
vt 0.2437740 0.7852181
vt 0.2523070 0.7400961
vt 0.2623194 0.6859719
vt 0.2539852 0.7406262
vt 0.2644587 0.6862476
vt 0.6505101 0.6818916
vt 0.6632386 0.6832151
vt 0.6619819 0.6550939
vt 0.6495448 0.6551088
vt 0.6366542 0.6851963
vt 0.6505101 0.6818916
vt 0.6212679 0.6755785
vt 0.5710452 0.6856611
vt 0.6205774 0.6859083
vt 0.5711189 0.6753844
vt 0.3494619 0.6750748
vt 0.3495911 0.6849965
vt 0.4418665 0.6853350
vt 0.4418295 0.6752948
vt 0.5087844 0.6855134
vt 0.5087751 0.6753761
vt 0.2516184 0.6806597
vt 0.2516184 0.6806597
vt 0.2544602 0.6550882
vt 0.2403265 0.6546569
vt 0.8986054 0.9622606
vt 0.8987969 0.9624038
vt 0.8872691 0.9598508
vt 0.8856660 0.9624528
vt 0.7268172 0.9103028
vt 0.7001458 0.9098209
vt 0.6774047 0.9689838
vt 0.6740792 0.9778006
vt 0.7080794 0.8761259
vt 0.6842323 0.8671504
vt 0.6888168 0.8759744
vt 0.6810427 0.9095048
vt 0.6975766 0.9095956
vt 0.6672102 0.9485213
vt 0.6835781 0.9487001
vt 0.3770824 0.9453129
vt 0.5252314 0.9603492
vt 0.5259596 0.9467801
vt 0.5100787 0.9465554
vt 0.5090268 0.9650059
vt 0.5279208 0.9082067
vt 0.5111547 0.9081026
vt 0.5296469 0.8750675
vt 0.5115319 0.8750328
vt 0.5090802 0.8629464
vt 0.4931579 0.8622731
vt 0.4931064 0.8749962
vt 0.5091923 0.8750297
vt 0.4927443 0.9078437
vt 0.5089045 0.9080561
vt 0.4923509 0.9459469
vt 0.5079399 0.9464531
vt 0.4926377 0.9590832
vt 0.5070022 0.9648436
vt 0.5310507 0.9658686
vt 0.5256527 0.9749490
vt 0.3834382 0.9602727
vt 0.7015496 0.9667302
vt 0.5363265 0.8576688
vt 0.6553717 0.9640217
vt 0.6752403 0.9687231
vt 0.6717563 0.9775509
vt 0.5057612 0.9748000
vt 0.5080572 0.9749874
vt 0.6749960 0.8509843
vt 0.6742550 0.8628542
vt 0.5973278 0.8608621
vt 0.6618817 0.8627048
vt 0.6620629 0.8614125
vt 0.5972720 0.8597445
vt 0.4403546 0.9581099
vt 0.3964403 0.9503447
vt 0.3956850 0.9511945
vt 0.4408837 0.9593428
vt 0.4756806 0.9616406
vt 0.4759052 0.9629135
vt 0.6406088 0.9667549
vt 0.5786088 0.9658141
vt 0.5784562 0.9669201
vt 0.6403745 0.9678806
vt 0.6487449 0.9668616
vt 0.6495305 0.9678795
vt 0.6736184 0.8641117
vt 0.6832121 0.8680295
vt 0.6842323 0.8671504
vt 0.6742550 0.8628542
vt 0.4860652 0.9628962
vt 0.4865955 0.9639384
vt 0.4677859 0.8571818
vt 0.4412728 0.8567781
vt 0.4413276 0.8578559
vt 0.4859696 0.8584563
vt 0.3151925 0.8550496
vt 0.3744174 0.8564394
vt 0.3742605 0.8553125
vt 0.3151475 0.8539337
vt 0.3628007 0.9389724
vt 0.3174639 0.9041868
vt 0.3160465 0.9044366
vt 0.3610581 0.9392122
vt 0.2877494 0.8739341
vt 0.2863649 0.8741500
vt 0.2773002 0.8539323
vt 0.2756961 0.8530347
vt 0.6877292 0.8759890
vt 0.6888168 0.8759744
vt 0.6799040 0.9093955
vt 0.6810427 0.9095048
vt 0.6661430 0.9484348
vt 0.6672102 0.9485213
vt 0.3778856 0.9443717
vt 0.3770824 0.9453129
vt 0.2773002 0.8539323
vt 0.2756961 0.8530347
vt 0.5262647 0.9600217
vt 0.5270904 0.9467880
vt 0.5259596 0.9467801
vt 0.5252314 0.9603492
vt 0.5290526 0.9082290
vt 0.5279208 0.9082067
vt 0.5307797 0.8750923
vt 0.5296469 0.8750675
vt 0.5312777 0.8636515
vt 0.5303906 0.8631132
vt 0.4920309 0.8628663
vt 0.4919692 0.8750135
vt 0.4931064 0.8749962
vt 0.4931579 0.8622731
vt 0.4916049 0.9078339
vt 0.4927443 0.9078437
vt 0.4912077 0.9459090
vt 0.4923509 0.9459469
vt 0.4917279 0.9586743
vt 0.4926377 0.9590832
vt 0.5316914 0.9647834
vt 0.5310507 0.9658686
vt 0.5371485 0.8589214
vt 0.5363265 0.8576688
vt 0.6541241 0.9635286
vt 0.6553717 0.9640217
vt 0.4859696 0.8584563
vt 0.4868060 0.8570023
vt 0.9015990 0.9626710
vt 0.4298492 0.9669671
vt 0.3827303 0.9608754
vt 0.3821202 0.9614741
vt 0.4303380 0.9677788
vt 0.4790524 0.9725400
vt 0.4793878 0.9736797
vt 0.5766655 0.9770010
vt 0.5251220 0.9757988
vt 0.5232719 0.9766089
vt 0.5765830 0.9778217
vt 0.6374987 0.9775361
vt 0.6374424 0.9784276
vt 0.6867872 0.9784752
vt 0.6726320 0.9783818
vt 0.6724592 0.9791956
vt 0.6864753 0.9790492
vt 0.7272301 0.9772664
vt 0.7270563 0.9783376
vt 0.7986231 0.9749093
vt 0.7986620 0.9740362
vt 0.8641723 0.9683701
vt 0.8642784 0.9676098
vt 0.8851672 0.9633905
vt 0.8850227 0.9642539
vt 0.8980151 0.9628400
vt 0.8978952 0.9635692
vt 0.9044424 0.9643539
vt 0.9051290 0.9634489
vt 0.9051290 0.9634489
vt 0.9107509 0.9711530
vt 0.9113281 0.9693503
vt 0.9062114 0.9634591
vt 0.2913929 0.9059207
vt 0.3379839 0.9410026
vt 0.3392707 0.9406990
vt 0.2926188 0.9056619
vt 0.3661724 0.9567473
vt 0.3668807 0.9556963
vt 0.2681537 0.8873632
vt 0.2695883 0.8867835
vt 0.4298492 0.9669671
vt 0.4790524 0.9725400
vt 0.4785874 0.9713882
vt 0.4287599 0.9662020
vt 0.5766655 0.9770010
vt 0.6374987 0.9775361
vt 0.6377025 0.9767069
vt 0.5768037 0.9761612
vt 0.6867872 0.9784752
vt 0.7272301 0.9772664
vt 0.7276176 0.9763405
vt 0.6873365 0.9779296
vt 0.7986620 0.9740362
vt 0.7988663 0.9731519
vt 0.8646944 0.9667256
vt 0.8642784 0.9676098
vt 0.3661724 0.9567473
vt 0.3674803 0.9579546
vt 0.6567424 0.9778596
vt 0.6581951 0.9788623
vt 0.6567424 0.9778596
vt 0.6561120 0.9768857
vt 0.4915107 0.9741277
vt 0.4908362 0.9732635
vt 0.5069028 0.9762306
vt 0.5068765 0.9755621
vt 0.4915107 0.9741277
vt 0.4931219 0.9751098
vt 0.8851672 0.9633905
vt 0.8980151 0.9628400
vt 0.8986054 0.9622606
vt 0.8856660 0.9624528
vt 0.9044424 0.9643539
vt 0.9092267 0.9712529
vt 0.9107509 0.9711530
vt 0.9051290 0.9634489
vt 0.9869960 0.2195870
vt 0.9857524 0.2201352
vt 0.9685702 0.2164249
vt 0.9688179 0.2153308
vt 0.9082453 0.2083990
vt 0.9081559 0.2095699
vt 0.6740792 0.9778006
vt 0.6726320 0.9783818
vt 0.5251220 0.9757988
vt 0.5256527 0.9749490
vt 0.3827303 0.9608754
vt 0.3834382 0.9602727
vt 0.6726320 0.9783818
vt 0.6717563 0.9775509
vt 0.5068765 0.9755621
vt 0.5057612 0.9748000
vt 0.5080572 0.9749874
vt 0.5068765 0.9755621
vt 0.9051290 0.9634489
vt 0.9015990 0.9626710
vt 0.9738578 0.7553353
vt 0.9071952 0.7608857
vt 0.9071667 0.7597634
vt 0.9737728 0.7542738
vt 0.9946843 0.7516870
vt 0.9956588 0.7524073
vt 0.3674803 0.9579546
vt 0.3661724 0.9567473
vt 0.3684986 0.9613348
vt 0.3698507 0.9614774
vt 0.3706997 0.9755378
vt 0.3715397 0.9748545
vt 0.3720017 0.9663138
vt 0.3708592 0.9666834
vt 0.3837681 0.9790946
vt 0.4310189 0.9863337
vt 0.4311047 0.9852172
vt 0.3840161 0.9780202
vt 0.4929915 0.9936680
vt 0.5757828 0.9960446
vt 0.5758072 0.9949315
vt 0.4930003 0.9925648
vt 0.6365009 0.9967585
vt 0.6364515 0.9956384
vt 0.6784721 0.9973432
vt 0.7269896 0.9969169
vt 0.7269290 0.9957702
vt 0.6784518 0.9962507
vt 0.7987815 0.9917167
vt 0.7989660 0.9928235
vt 0.8648849 0.9843981
vt 0.8650914 0.9854735
vt 0.9017714 0.9766712
vt 0.9107509 0.9711530
vt 0.9092267 0.9712529
vt 0.9012926 0.9757769
vt 0.8874484 0.9805449
vt 0.8871394 0.9794931
vt 0.9921238 0.6922349
vt 0.9943833 0.7392265
vt 0.9932890 0.7393400
vt 0.9910301 0.6922950
vt 0.9900554 0.6308584
vt 0.9889804 0.6308865
vt 0.9885377 0.4895574
vt 0.9892009 0.5492687
vt 0.9881018 0.5492772
vt 0.9875337 0.4895598
vt 0.9883059 0.4006269
vt 0.9886987 0.4484486
vt 0.9875791 0.4484612
vt 0.9872304 0.4006186
vt 0.9869388 0.3297207
vt 0.9880130 0.3297290
vt 0.9862670 0.2645966
vt 0.9873481 0.2646183
vt 0.9855184 0.2289426
vt 0.9862376 0.2428905
vt 0.9851483 0.2428505
vt 0.9844212 0.2288496
vt 0.9956588 0.7524073
vt 0.9946843 0.7516870
vt 0.3706997 0.9755378
vt 0.3715397 0.9748545
vt 0.9869960 0.2195870
vt 0.9857524 0.2201352
vt 0.3496552 0.6860154
vt 0.2798167 0.6857468
vt 0.2796834 0.6867440
vt 0.3494685 0.6870149
vt 0.4418548 0.6863515
vt 0.4417298 0.6873527
vt 0.5087805 0.6865691
vt 0.5099016 0.6874394
vt 0.5713225 0.6876415
vt 0.5710683 0.6866938
vt 0.6206914 0.6868472
vt 0.6209345 0.6876638
vt 0.2617822 0.6848252
vt 0.2509361 0.6823615
vt 0.2506159 0.6840000
vt 0.2603720 0.6851020
vt 0.2655476 0.6855314
vt 0.2662445 0.6865958
vt 0.2655476 0.6855314
vt 0.2798167 0.6857468
vt 0.2798927 0.6848780
vt 0.2625871 0.6842480
vt 0.6510919 0.6836072
vt 0.6420477 0.6857733
vt 0.6421662 0.6864718
vt 0.6513713 0.6852623
vt 0.6316493 0.6865587
vt 0.6317969 0.6872792
vt 0.2369672 0.6819216
vt 0.6632386 0.6832151
vt 0.5077305 0.6875306
vt 0.5087805 0.6865691
vt 0.2623194 0.6859719
vt 0.6510919 0.6836072
vt 0.6632386 0.6832151
vt 0.6505101 0.6818916
vt 0.6420477 0.6857733
vt 0.6366542 0.6851963
vt 0.5710683 0.6866938
vt 0.6206914 0.6868472
vt 0.6205774 0.6859083
vt 0.5710452 0.6856611
vt 0.6316493 0.6865587
vt 0.3496552 0.6860154
vt 0.4418548 0.6863515
vt 0.4418665 0.6853350
vt 0.3495911 0.6849965
vt 0.5087805 0.6865691
vt 0.5087844 0.6855134
vt 0.2509361 0.6823615
vt 0.2617822 0.6848252
vt 0.2516184 0.6806597
vt 0.2369672 0.6819216
vt 0.7152725 0.8515955
vt 0.7127023 0.8631133
vt 0.7141491 0.8632166
vt 0.7167197 0.8516748
vt 0.7168074 0.8357846
vt 0.7181950 0.8359275
vt 0.7094055 0.8762499
vt 0.7107025 0.8763857
vt 0.6843513 0.9485861
vt 0.6763049 0.9689108
vt 0.6774047 0.9689838
vt 0.6851426 0.9484018
vt 0.7172394 0.8266231
vt 0.7185493 0.8267065
vt 0.7185588 0.8174372
vt 0.7173427 0.8173686
vt 0.7180453 0.7990062
vt 0.7189274 0.7991054
vt 0.7189274 0.7991054
vt 0.7178238 0.7844418
vt 0.7180453 0.7990062
vt 0.7127023 0.8631133
vt 0.7152725 0.8515955
vt 0.7138029 0.8515126
vt 0.7112427 0.8629831
vt 0.7168074 0.8357846
vt 0.7154101 0.8356470
vt 0.7172394 0.8266231
vt 0.7157388 0.8261589
vt 0.7173427 0.8173686
vt 0.7180453 0.7990062
vt 0.7171536 0.7989144
vt 0.7161356 0.8172452
vt 0.7180453 0.7990062
vt 0.7178238 0.7844418
vt 0.7171536 0.7989144
vt 0.6988595 0.9097404
vt 0.7001458 0.9098209
vt 0.6726320 0.9783818
vt 0.6740792 0.9778006
vt 0.7094055 0.8762499
vt 0.7080794 0.8761259
vt 0.6988595 0.9097404
vt 0.6975766 0.9095956
vt 0.6843513 0.9485861
vt 0.6835781 0.9487001
vt 0.6763049 0.9689108
vt 0.6752403 0.9687231
vt 0.6726320 0.9783818
vt 0.6717563 0.9775509
vt 0.5098758 0.8143331
vt 0.5100644 0.8320866
vt 0.5113187 0.8321370
vt 0.5110987 0.8143193
vt 0.5089479 0.7434398
vt 0.5098541 0.7917676
vt 0.5109830 0.7917206
vt 0.5102111 0.7433823
vt 0.5101622 0.8487293
vt 0.5115545 0.8491057
vt 0.5087805 0.6865691
vt 0.5099016 0.6874394
vt 0.5101622 0.8487293
vt 0.5100644 0.8320866
vt 0.5088134 0.8321714
vt 0.5087801 0.8491367
vt 0.5098758 0.8143331
vt 0.5087059 0.8143375
vt 0.5098541 0.7917676
vt 0.5089479 0.7434398
vt 0.5078722 0.7434577
vt 0.5084897 0.7917520
vt 0.5087805 0.6865691
vt 0.5077305 0.6875306
vt 0.5115324 0.8629712
vt 0.5103045 0.8629717
vt 0.5090089 0.9465132
vt 0.5080071 0.9650677
vt 0.5090268 0.9650059
vt 0.5100787 0.9465554
vt 0.5100279 0.9080864
vt 0.5111547 0.9081026
vt 0.5103610 0.8750305
vt 0.5115319 0.8750328
vt 0.5103610 0.8750305
vt 0.5103045 0.8629717
vt 0.5090802 0.8629464
vt 0.5091923 0.8750297
vt 0.5100279 0.9080864
vt 0.5089045 0.9080561
vt 0.5090089 0.9465132
vt 0.5079399 0.9464531
vt 0.5080071 0.9650677
vt 0.5070022 0.9648436
vt 0.5068765 0.9755621
vt 0.5057612 0.9748000
vt 0.5068765 0.9755621
vt 0.5080572 0.9749874
vt 0.2544330 0.8291697
vt 0.2573076 0.8471339
vt 0.2587197 0.8470540
vt 0.2558382 0.8291401
vt 0.2522171 0.8107039
vt 0.2537423 0.8107035
vt 0.2609156 0.8667035
vt 0.2625747 0.8749220
vt 0.2637931 0.8747783
vt 0.2622774 0.8668962
vt 0.2524772 0.7874461
vt 0.2513912 0.7871457
vt 0.2550533 0.7409438
vt 0.2560707 0.7411865
vt 0.2655476 0.6855314
vt 0.2662445 0.6865958
vt 0.2586060 0.8544567
vt 0.2599483 0.8542599
vt 0.2625747 0.8749220
vt 0.2609156 0.8667035
vt 0.2594641 0.8663765
vt 0.2613626 0.8750877
vt 0.2665060 0.8855286
vt 0.2681537 0.8873632
vt 0.2586060 0.8544567
vt 0.2572721 0.8546288
vt 0.2573076 0.8471339
vt 0.2544330 0.8291697
vt 0.2530361 0.8291920
vt 0.2559231 0.8472261
vt 0.2508565 0.8111271
vt 0.2522171 0.8107039
vt 0.2513912 0.7871457
vt 0.2503374 0.7868338
vt 0.2550533 0.7409438
vt 0.2539852 0.7406262
vt 0.2655476 0.6855314
vt 0.2644587 0.6862476
vt 0.6934534 0.8251898
vt 0.6955701 0.8351108
vt 0.7154101 0.8356470
vt 0.6730650 0.8143103
vt 0.6518276 0.8177419
vt 0.6588057 0.8151219
vt 0.6795653 0.8417782
vt 0.6725555 0.8446614
vt 0.5088134 0.8321714
vt 0.5087059 0.8143375
vt 0.4863105 0.8135850
vt 0.4868267 0.8345320
vt 0.4444633 0.8196318
vt 0.4469255 0.8129737
vt 0.4676009 0.8499856
vt 0.4677859 0.8571818
vt 0.4536982 0.8391411
vt 0.4674764 0.8390450
vt 0.4768460 0.8193896
vt 0.4768820 0.8296962
vt 0.4675916 0.8104322
vt 0.4743825 0.8128102
vt 0.4537631 0.8104891
vt 0.4743143 0.8363464
vt 0.4444609 0.8299659
vt 0.4469965 0.8366054
vt 0.4677859 0.8571818
vt 0.4859696 0.8584563
vt 0.4868060 0.8570023
vt 0.4674764 0.8390450
vt 0.4606732 0.8252356
vt 0.4536982 0.8391411
vt 0.4469965 0.8366054
vt 0.4444609 0.8299659
vt 0.4444633 0.8196318
vt 0.4469255 0.8129737
vt 0.4537631 0.8104891
vt 0.4675916 0.8104322
vt 0.4743825 0.8128102
vt 0.4768460 0.8193896
vt 0.4768820 0.8296962
vt 0.4743143 0.8363464
vt 0.6518083 0.8422766
vt 0.6655567 0.8314245
vt 0.6492258 0.8352362
vt 0.6492880 0.8246062
vt 0.6518276 0.8177419
vt 0.6588057 0.8151219
vt 0.6730650 0.8143103
vt 0.6802967 0.8166857
vt 0.6829434 0.8236523
vt 0.6824120 0.8346498
vt 0.6795653 0.8417782
vt 0.6725555 0.8446614
vt 0.6586276 0.8448934
vt 0.6586276 0.8448934
vt 0.6413937 0.8346618
vt 0.6492258 0.8352362
vt 0.6518083 0.8422766
vt 0.6492880 0.8246062
vt 0.6802967 0.8166857
vt 0.6890870 0.8146256
vt 0.6976591 0.8194841
vt 0.6824120 0.8346498
vt 0.6829434 0.8236523
vt 0.7157388 0.8261589
vt 0.2644587 0.6862476
vt 0.2655476 0.6855314
vt 0.4306954 0.5526782
vt 0.4425004 0.5482199
vt 0.4378942 0.6302088
vt 0.4260438 0.6341062
vt 0.4356507 0.4715884
vt 0.4481343 0.4631943
vt 0.4368947 0.4489895
vt 0.4500614 0.4403647
vt 0.4376448 0.4266123
vt 0.4517380 0.4187412
vt 0.4367550 0.4133595
vt 0.4504343 0.3993527
vt 0.0274242 0.8404988
vt 0.0180467 0.8322339
vt 0.0176044 0.8330287
vt 0.0258079 0.8407133
vt 0.3964907 0.4444110
vt 0.3938764 0.4335004
vt 0.3948577 0.4338330
vt 0.3974300 0.4438266
vt 0.4065576 0.4219953
vt 0.4067846 0.4229885
vt 0.0424734 0.8472561
vt 0.0426431 0.8463105
vt 0.0612205 0.8491029
vt 0.0610181 0.8500636
vt 0.3976866 0.4617146
vt 0.3970090 0.4804498
vt 0.3960770 0.4806461
vt 0.3967100 0.4621212
vt 0.1368500 0.8579085
vt 0.1367434 0.8588488
vt 0.3974622 0.5563194
vt 0.3965555 0.5564149
vt 0.2253509 0.8664495
vt 0.2245088 0.8672174
vt 0.3980945 0.6437294
vt 0.3972243 0.6440734
vt 0.2414530 0.8693577
vt 0.2396360 0.8698699
vt 0.5177435 0.3884710
vt 0.4504343 0.3993527
vt 0.4504591 0.3984059
vt 0.5175849 0.3874439
vt 0.4367550 0.4133595
vt 0.4366747 0.4121321
vt 0.2552133 0.8760591
vt 0.2539275 0.8764246
vt 0.2681537 0.8873632
vt 0.2665060 0.8855286
vt 0.4504343 0.3993527
vt 0.4367550 0.4133595
vt 0.4366747 0.4121321
vt 0.4504591 0.3984059
vt 0.0862057 0.9794722
vt 0.0857087 0.9753308
vt 0.0923168 0.9794222
vt 0.0952667 0.9752937
vt 0.0934707 0.9788767
vt 0.0141323 0.7731990
vt 0.0003453 0.7756495
vt 0.0004893 0.7768879
vt 0.0147622 0.7743524
vt 0.0292042 0.7696873
vt 0.0216830 0.7716524
vt 0.0223361 0.7727691
vt 0.0298081 0.7707317
vt 0.0439535 0.7652678
vt 0.0445882 0.7661838
vt 0.0611821 0.7639115
vt 0.2790428 0.6752309
vt 0.2811177 0.6509702
vt 0.2544602 0.6550882
vt 0.2516184 0.6806597
vt 0.3494619 0.6750748
vt 0.3958929 0.6514983
vt 0.4418295 0.6752948
vt 0.5087751 0.6753761
vt 0.5396758 0.6516328
vt 0.5711189 0.6753844
vt 0.6212679 0.6755785
vt 0.6200081 0.6516728
vt 0.6505101 0.6818916
vt 0.6495448 0.6551088
vt 0.8405862 0.8650737
vt 0.7653955 0.8653404
vt 0.7653728 0.8665220
vt 0.8405476 0.8661886
vt 0.9207426 0.8646142
vt 0.9206014 0.8657259
vt 0.7532945 0.8692701
vt 0.7468668 0.8766841
vt 0.7481294 0.8769296
vt 0.7548135 0.8697902
vt 0.9438143 0.8637079
vt 0.9436885 0.8641011
vt 0.9561160 0.8650823
vt 0.9560722 0.8657231
vt 0.8997200 0.9604943
vt 0.8889616 0.9584560
vt 0.8876417 0.9590975
vt 0.8991483 0.9616288
vt 0.9630952 0.8674157
vt 0.9630871 0.8681767
vt 0.9738682 0.8728237
vt 0.9743651 0.8746095
vt 0.6964887 0.9568095
vt 0.6977809 0.9569278
vt 0.7037585 0.9488471
vt 0.7025071 0.9486848
vt 0.0192991 0.5749119
vt 0.0203245 0.5038868
vt 0.0214910 0.5039909
vt 0.0204809 0.5749529
vt 0.0203245 0.5038868
vt 0.0198738 0.4797015
vt 0.0208650 0.4787445
vt 0.0214910 0.5039909
vt 0.9436885 0.8641011
vt 0.9442626 0.8647071
vt 0.9558385 0.8663329
vt 0.9560722 0.8657231
vt 0.9629086 0.8688986
vt 0.9630871 0.8681767
vt 0.9730883 0.8754019
vt 0.9743651 0.8746095
vt 0.8018644 0.9638377
vt 0.8673788 0.9611800
vt 0.8677579 0.9600983
vt 0.8020714 0.9627031
vt 0.8872691 0.9598508
vt 0.8987969 0.9624038
vt 0.8991483 0.9616288
vt 0.8876417 0.9590975
vt 0.7303024 0.9659780
vt 0.7305244 0.9648652
vt 0.7015496 0.9667302
vt 0.7022362 0.9659042
vt 0.7268172 0.9103028
vt 0.7280479 0.9104739
vt 0.9015990 0.9626710
vt 0.9051290 0.9634489
vt 0.8889616 0.9584560
vt 0.9018884 0.9379858
vt 0.9007629 0.9377719
vt 0.8876417 0.9590975
vt 0.9278255 0.9484710
vt 0.9113281 0.9693503
vt 0.9107509 0.9711530
vt 0.9286318 0.9492396
vt 0.9220744 0.9040772
vt 0.9393941 0.8745917
vt 0.9383593 0.8743869
vt 0.9209295 0.9038118
vt 0.9678786 0.8858553
vt 0.9500023 0.9158000
vt 0.9508966 0.9164770
vt 0.9688194 0.8864340
vt 0.9442626 0.8647071
vt 0.9436885 0.8641011
vt 0.9730883 0.8754019
vt 0.9743651 0.8746095
vt 0.6950566 0.3583671
vt 0.6906630 0.3721922
vt 0.6450176 0.3584697
vt 0.6346387 0.3230347
vt 0.6270646 0.3587873
vt 0.6155154 0.3584464
vt 0.6133036 0.3230347
vt 0.6100578 0.3580187
vt 0.6042265 0.3230347
vt 0.5824320 0.3230347
vt 0.5827808 0.3486199
vt 0.7136750 0.3583375
vt 0.7046444 0.3702698
vt 0.6973562 0.3715257
vt 0.7344984 0.3684994
vt 0.7183632 0.3689927
vt 0.7183632 0.3689927
vt 0.4881590 0.3486199
vt 0.5125439 0.3230347
vt 0.5888330 0.3597405
vt 0.5827808 0.3486199
vt 0.5793479 0.3734311
vt 0.5638691 0.3662809
vt 0.4869843 0.3662809
vt 0.4415264 0.3662809
vt 0.4415272 0.3486199
vt 0.4881590 0.3486199
vt 0.4748945 0.1892968
vt 0.5557131 0.1889838
vt 0.5102784 0.2086528
vt 0.4747340 0.2085894
vt 0.5558009 0.2083965
vt 0.5733504 0.1889499
vt 0.5816781 0.2081908
vt 0.5638691 0.3662809
vt 0.4869843 0.3662809
vt 0.4881590 0.3486199
vt 0.5827808 0.3486199
vt 0.5827808 0.3486199
vt 0.5999113 0.3761294
vt 0.5793479 0.3734311
vt 0.8995638 0.7713138
vt 0.9293683 0.7713345
vt 0.9295052 0.7700547
vt 0.8998876 0.7700309
vt 0.8869286 0.7712871
vt 0.8872824 0.7700472
vt 0.6489498 0.3719294
vt 0.6779463 0.3720340
vt 0.6780514 0.3733124
vt 0.6490354 0.3732057
vt 0.6331202 0.3726692
vt 0.6447532 0.3733040
vt 0.6332831 0.3739392
vt 0.6212952 0.3732709
vt 0.6214766 0.3745283
vt 0.9789494 0.8566802
vt 0.9779049 0.8571352
vt 0.9738682 0.8728237
vt 0.9743651 0.8746095
vt 0.6130964 0.3740837
vt 0.6134221 0.3753141
vt 0.5994563 0.3752414
vt 0.5999113 0.3761294
vt 0.0198738 0.4797015
vt 0.0055538 0.4774930
vt 0.0045987 0.4762938
vt 0.0208650 0.4787445
vt 0.5823337 0.2684200
vt 0.5828037 0.2524376
vt 0.5839424 0.2524245
vt 0.5832271 0.2693489
vt 0.0281047 0.7564995
vt 0.0292058 0.7554829
vt 0.0431823 0.7568104
vt 0.0442244 0.7579567
vt 0.5816781 0.2081908
vt 0.5829212 0.2079551
vt 0.8723908 0.7698371
vt 0.8797088 0.7708259
vt 0.8800591 0.7696223
vt 0.8727220 0.7687197
vt 0.8580831 0.7674966
vt 0.8585096 0.7665075
vt 0.8423825 0.7664732
vt 0.6906630 0.3721922
vt 0.6904005 0.3735243
vt 0.6973562 0.3715257
vt 0.6975572 0.3728022
vt 0.7183632 0.3689927
vt 0.7344984 0.3684994
vt 0.7187654 0.3700388
vt 0.7046444 0.3702698
vt 0.7047419 0.3714619
vt 0.5557131 0.1889838
vt 0.4748945 0.1892968
vt 0.4748890 0.1878055
vt 0.5556671 0.1874494
vt 0.5733504 0.1889499
vt 0.5742170 0.1876480
vt 0.9339746 0.7701346
vt 0.9330738 0.7713146
vt 0.9392436 0.8436080
vt 0.9392436 0.8436080
vt 0.9458194 0.8474303
vt 0.9461229 0.8462261
vt 0.9406973 0.8434461
vt 0.9588504 0.8491255
vt 0.9590455 0.8480870
vt 0.9363833 0.8301847
vt 0.9373396 0.8382622
vt 0.9384382 0.8379155
vt 0.9375201 0.8301671
vt 0.9355107 0.8138583
vt 0.9366477 0.8138301
vt 0.9330738 0.7713146
vt 0.9339746 0.7701346
vt 0.9665552 0.8516684
vt 0.9667831 0.8505982
vt 0.9779049 0.8571352
vt 0.9789494 0.8566802
vt 0.5412750 0.2724816
vt 0.5420780 0.2702193
vt 0.5565307 0.2693740
vt 0.5563897 0.2706073
vt 0.0443606 0.6550099
vt 0.0432310 0.6549928
vt 0.0436940 0.7321362
vt 0.0447375 0.7177302
vt 0.0449030 0.7321936
vt 0.5823337 0.2684200
vt 0.5832271 0.2693489
vt 0.0431823 0.7568104
vt 0.0442244 0.7579567
vt 0.0040965 0.5018194
vt 0.0032614 0.5741954
vt 0.0020145 0.5741439
vt 0.0028899 0.5016878
vt 0.0025228 0.6241224
vt 0.0012959 0.6241224
vt 0.0020145 0.5741439
vt 0.0032614 0.5741954
vt 0.0278227 0.6549203
vt 0.0284755 0.7305939
vt 0.0272276 0.7305424
vt 0.0265852 0.6549103
vt 0.0055538 0.4774930
vt 0.0040965 0.5018194
vt 0.0028899 0.5016878
vt 0.0045987 0.4762938
vt 0.0292058 0.7554829
vt 0.0281047 0.7564995
vt 0.5420780 0.2702193
vt 0.5371880 0.2534920
vt 0.5101101 0.2119282
vt 0.4745719 0.2118463
vt 0.4747340 0.2085894
vt 0.5102784 0.2086528
vt 0.5186715 0.2259736
vt 0.5142278 0.2209093
vt 0.5253343 0.2212143
vt 0.5332386 0.2679788
vt 0.5558009 0.2083965
vt 0.5194966 0.2143384
vt 0.5063533 0.2193231
vt 0.4742407 0.2764490
vt 0.4717538 0.2696873
vt 0.5332386 0.2679788
vt 0.5412750 0.2724816
vt 0.5420780 0.2702193
vt 0.5332386 0.2679788
vt 0.5371880 0.2534920
vt 0.5186715 0.2259736
vt 0.5253343 0.2212143
vt 0.5142278 0.2209093
vt 0.5194966 0.2143384
vt 0.5063533 0.2193231
vt 0.5101101 0.2119282
vt 0.4726221 0.2194802
vt 0.4745719 0.2118463
vt 0.5412750 0.2724816
vt 0.5332386 0.2679788
vt 0.5420780 0.2702193
vt 0.3263414 0.9061776
vt 0.3259020 0.8788753
vt 0.2995992 0.8771861
vt 0.3251770 0.8600495
vt 0.2904019 0.8588681
vt 0.6201405 0.8795598
vt 0.6393139 0.8811228
vt 0.6394703 0.8752480
vt 0.6200013 0.8764537
vt 0.6086848 0.8677229
vt 0.6164808 0.8730496
vt 0.6394979 0.8712327
vt 0.6723654 0.8719015
vt 0.6634618 0.8758243
vt 0.6633073 0.8808498
vt 0.6739704 0.8843654
vt 0.6705869 0.8887827
vt 0.6624893 0.8834592
vt 0.6392769 0.8851404
vt 0.6064630 0.8842620
vt 0.6153767 0.8804790
vt 0.6155738 0.8754063
vt 0.6052955 0.8719015
vt 0.6589096 0.8799698
vt 0.6587200 0.8768021
vt 0.6394852 0.8729645
vt 0.6585950 0.8749998
vt 0.6624538 0.8734093
vt 0.6392936 0.8834077
vt 0.6202497 0.8813495
vt 0.6163658 0.8829108
vt 0.6394852 0.8729645
vt 0.6201847 0.8746733
vt 0.6586633 0.8817151
vt 0.6692162 0.8683477
vt 0.6624538 0.8734093
vt 0.6164808 0.8730496
vt 0.6086848 0.8677229
vt 0.6095511 0.8878784
vt 0.6585950 0.8749998
vt 0.6201847 0.8746733
vt 0.6692162 0.8683477
vt 0.6199559 0.9046371
vt 0.6391295 0.9062002
vt 0.6392857 0.9003254
vt 0.6198170 0.9015310
vt 0.6085003 0.8928003
vt 0.6162962 0.8981270
vt 0.6393135 0.8963101
vt 0.6721808 0.8969790
vt 0.6632772 0.9009016
vt 0.6631228 0.9059272
vt 0.6737858 0.9094428
vt 0.6704023 0.9138601
vt 0.6623049 0.9085366
vt 0.6390923 0.9102178
vt 0.6062784 0.9093394
vt 0.6151923 0.9055563
vt 0.6153892 0.9004837
vt 0.6051112 0.8969790
vt 0.6587252 0.9050471
vt 0.6585356 0.9018795
vt 0.6393006 0.8980419
vt 0.6584104 0.9000771
vt 0.6622692 0.8984867
vt 0.6391091 0.9084850
vt 0.6200652 0.9064269
vt 0.6161814 0.9079881
vt 0.6393006 0.8980419
vt 0.6200001 0.8997506
vt 0.6584787 0.9067924
vt 0.6690319 0.8934251
vt 0.6622692 0.8984867
vt 0.6162962 0.8981270
vt 0.6085003 0.8928003
vt 0.6093668 0.9129558
vt 0.6584104 0.9000771
vt 0.6200001 0.8997506
vt 0.6690319 0.8934251
vt 0.2876337 0.8569916
vt 0.2904019 0.8588681
vt 0.3251770 0.8600495
vt 0.3270385 0.8580825
vt 0.3270385 0.8580825
vt 0.3251770 0.8600495
vt 0.3259020 0.8788753
vt 0.3282685 0.8788048
vt 0.3263414 0.9061776
vt 0.3280027 0.9104505
vt 0.3280027 0.9104505
vt 0.3263414 0.9061776
vt 0.2995992 0.8771861
vt 0.2976489 0.8785593
vt 0.2904019 0.8588681
vt 0.2876337 0.8569916
vt 0.2276256 0.8922517
vt 0.2431139 0.8967139
vt 0.2439270 0.8941697
vt 0.2282580 0.8893769
vt 0.1337951 0.8740601
vt 0.1808661 0.8834993
vt 0.1814124 0.8807772
vt 0.1342634 0.8715572
vt 0.1159726 0.8714321
vt 0.1163356 0.8688455
vt 0.0752617 0.8619179
vt 0.0750605 0.8644249
vt 0.0204548 0.8539947
vt 0.0204132 0.8563548
vt 0.0137473 0.8558769
vt 0.0137654 0.8538556
vt 0.2319591 0.8845560
vt 0.2292096 0.8865205
vt 0.2439270 0.8941697
vt 0.2651846 0.8950433
vt 0.2439270 0.8941697
vt 0.2431139 0.8967139
vt 0.2628279 0.9043398
vt 0.2644729 0.8990434
vt 0.2431139 0.8967139
vt 0.2271640 0.8950704
vt 0.2266574 0.8987365
vt 0.2612633 0.9073511
vt 0.0159147 0.8620757
vt 0.0198591 0.8590798
vt 0.0137473 0.8558769
vt 0.0033269 0.8612960
vt 0.0019595 0.8562881
vt 0.0137473 0.8558769
vt 0.0137654 0.8538556
vt 0.0019128 0.8519762
vt 0.0137654 0.8538556
vt 0.0203406 0.8511016
vt 0.0160742 0.8482166
vt 0.0035435 0.8478984
vt 0.1165041 0.8660499
vt 0.1349595 0.8689113
vt 0.1336869 0.8662081
vt 0.1185489 0.8638409
vt 0.1332899 0.8766961
vt 0.1155867 0.8741595
vt 0.1151867 0.8776130
vt 0.1326973 0.8800951
vt 0.2439270 0.8941697
vt 0.2292096 0.8865205
vt 0.2282580 0.8893769
vt 0.2271640 0.8950704
vt 0.2431139 0.8967139
vt 0.2276256 0.8922517
vt 0.2271640 0.8950704
vt 0.2276256 0.8922517
vt 0.1808661 0.8834993
vt 0.1803690 0.8862643
vt 0.1803690 0.8862643
vt 0.1808661 0.8834993
vt 0.1337951 0.8740601
vt 0.1332899 0.8766961
vt 0.0745953 0.8671066
vt 0.0750605 0.8644249
vt 0.0204132 0.8563548
vt 0.0198591 0.8590798
vt 0.0137473 0.8558769
vt 0.0198591 0.8590798
vt 0.0204132 0.8563548
vt 0.0203406 0.8511016
vt 0.0137654 0.8538556
vt 0.0204548 0.8539947
vt 0.0753536 0.8592241
vt 0.0203406 0.8511016
vt 0.0204548 0.8539947
vt 0.0752617 0.8619179
vt 0.0753536 0.8592241
vt 0.0752617 0.8619179
vt 0.1163356 0.8688455
vt 0.1165041 0.8660499
vt 0.1820947 0.8781783
vt 0.1814124 0.8807772
vt 0.2282580 0.8893769
vt 0.2292096 0.8865205
vt 0.1155867 0.8741595
vt 0.1159726 0.8714321
vt 0.0750605 0.8644249
vt 0.0745953 0.8671066
vt 0.1163356 0.8688455
vt 0.1342634 0.8715572
vt 0.1337951 0.8740601
vt 0.1159726 0.8714321
vt 0.1820947 0.8781783
vt 0.1349595 0.8689113
vt 0.1342634 0.8715572
vt 0.1814124 0.8807772
vt 0.2292096 0.8865205
vt 0.2319591 0.8845560
vt 0.2307953 0.8803690
vt 0.2286638 0.8823851
vt 0.1820947 0.8781783
vt 0.2292096 0.8865205
vt 0.2286638 0.8823851
vt 0.1829117 0.8745212
vt 0.1349595 0.8689113
vt 0.1371068 0.8655916
vt 0.1336869 0.8662081
vt 0.1349595 0.8689113
vt 0.1371068 0.8655916
vt 0.1360795 0.8629004
vt 0.0203406 0.8511016
vt 0.0217358 0.8479656
vt 0.0186863 0.8446623
vt 0.0160742 0.8482166
vt 0.0757978 0.8557021
vt 0.0217358 0.8479656
vt 0.0203406 0.8511016
vt 0.0753536 0.8592241
vt 0.1155280 0.8622645
vt 0.1165041 0.8660499
vt 0.1172977 0.8600050
vt 0.1155280 0.8622645
vt 0.1165041 0.8660499
vt 0.1185489 0.8638409
vt 0.0244035 0.3947687
vt 0.0164734 0.3947861
vt 0.0165128 0.4686467
vt 0.0241477 0.4715485
vt 0.0028757 0.4695248
vt 0.0165128 0.4686467
vt 0.0164734 0.3947861
vt 0.0027217 0.3947451
vt 0.0239837 0.2315573
vt 0.0243853 0.1635255
vt 0.0165094 0.1634871
vt 0.0165880 0.2277312
vt 0.0165880 0.2277312
vt 0.0165094 0.1634871
vt 0.0028273 0.1635369
vt 0.0030397 0.2315127
vt 0.0165667 0.1140264
vt 0.0241875 0.1105379
vt 0.0164547 0.1088106
vt 0.0029293 0.1134919
vt 0.0243848 0.2994124
vt 0.0239837 0.2315573
vt 0.0165634 0.2355084
vt 0.0164876 0.2994062
vt 0.0164876 0.2994062
vt 0.0165634 0.2355084
vt 0.0027481 0.2994010
vt 0.0165880 0.2277312
vt 0.0030397 0.2315127
vt 0.0239837 0.2315573
vt 0.0030397 0.2315127
vt 0.0165634 0.2355084
vt 0.0239837 0.2315573
vt 0.0165667 0.1140264
vt 0.0241875 0.1105379
vt 0.0029293 0.1134919
vt 0.0165667 0.1140264
vt 0.0241477 0.4715485
vt 0.0165128 0.4686467
vt 0.0164219 0.4734299
vt 0.0028757 0.4695248
vt 0.0471881 0.9444934
vt 0.0409233 0.9318554
vt 0.0389262 0.9294909
vt 0.0153388 0.9425555
vt 0.0201841 0.9348451
vt 0.0138041 0.9092833
vt 0.0040483 0.9098093
vt 0.0556989 0.9017813
vt 0.0427373 0.9287984
vt 0.0529752 0.9387005
vt 0.0236222 0.9325682
vt 0.0391621 0.9280388
vt 0.0357979 0.9003947
vt 0.0168866 0.9070248
vt 0.0201556 0.8855455
vt 0.0150308 0.8834257
vt 0.0143706 0.8850653
vt 0.0164814 0.8866806
vt 0.0545193 0.8999586
vt 0.0537343 0.8985541
vt 0.0420774 0.8930699
vt 0.0419649 0.8963124
vt 0.0321851 0.8919865
vt 0.0345769 0.8977413
vt 0.0165476 0.9068604
vt 0.0201556 0.8855455
vt 0.0057187 0.9031385
vt 0.0218760 0.8743999
vt 0.0148463 0.8748273
vt 0.0579916 0.8915600
vt 0.0447389 0.8807700
vt 0.0415188 0.8743458
vt 0.0321851 0.8919865
vt 0.0415188 0.8743458
vt 0.0218760 0.8743999
vt 0.0201556 0.8855455
vt 0.0364343 0.8989756
vt 0.0417551 0.8994375
vt 0.0411054 0.9299110
vt 0.0231316 0.9467912
vt 0.0240208 0.9340499
vt 0.0431409 0.9309499
vt 0.0149168 0.9102567
vt 0.0196457 0.9327008
vt 0.0057187 0.9031385
vt 0.0131910 0.8865660
vt 0.0929547 0.9030619
vt 0.0908165 0.9010547
vt 0.0931520 0.9206466
vt 0.0944138 0.9192039
vt 0.0990952 0.9335535
vt 0.0983413 0.9339154
vt 0.1004781 0.9540241
vt 0.1012801 0.9542635
vt 0.0981367 0.9565910
vt 0.0984402 0.9573054
vt 0.0603264 0.9575034
vt 0.0599921 0.9581822
vt 0.0587677 0.9561048
vt 0.0580571 0.9564113
vt 0.0588074 0.9286090
vt 0.0581170 0.9282897
vt 0.0619145 0.9264171
vt 0.0616727 0.9256833
vt 0.0949620 0.9309715
vt 0.0952966 0.9302459
vt 0.0983413 0.9339154
vt 0.0956476 0.9350466
vt 0.0976863 0.9532822
vt 0.1004781 0.9540241
vt 0.0966169 0.9542942
vt 0.0981367 0.9565910
vt 0.0609407 0.9548776
vt 0.0603264 0.9575034
vt 0.0587677 0.9561048
vt 0.0610731 0.9299948
vt 0.0588074 0.9286090
vt 0.0620948 0.9293450
vt 0.0619145 0.9264171
vt 0.0933523 0.9333299
vt 0.0949620 0.9309715
vt 0.0620268 0.8998227
vt 0.0619513 0.9221315
vt 0.0635700 0.8985182
vt 0.0624943 0.9871364
vt 0.0625093 0.9930244
vt 0.0647391 0.9917728
vt 0.0646647 0.9883609
vt 0.0647391 0.9917728
vt 0.0657465 0.9928143
vt 0.0656256 0.9872764
vt 0.0646647 0.9883609
vt 0.0681000 0.9927629
vt 0.0679791 0.9872251
vt 0.0644965 0.9869558
vt 0.0624943 0.9871364
vt 0.0646647 0.9883609
vt 0.0625093 0.9930244
vt 0.0645628 0.9932193
vt 0.0647391 0.9917728
vt 0.0625093 0.9930244
vt 0.0624943 0.9871364
vt 0.0624943 0.9871364
vt 0.0625093 0.9930244
vt 0.0647391 0.9917728
vt 0.0646647 0.9883609
vt 0.0647391 0.9917728
vt 0.0657465 0.9928143
vt 0.0656256 0.9872764
vt 0.0646647 0.9883609
vt 0.0681000 0.9927629
vt 0.0679791 0.9872251
vt 0.0644965 0.9869558
vt 0.0624943 0.9871364
vt 0.0646647 0.9883609
vt 0.0625093 0.9930244
vt 0.0645628 0.9932193
vt 0.0647391 0.9917728
vt 0.0516757 0.9930244
vt 0.0625093 0.9930244
vt 0.0390090 0.9735836
vt 0.0310516 0.9759558
vt 0.0326472 0.9801504
vt 0.0394039 0.9765694
vt 0.0327342 0.9641252
vt 0.0281030 0.9705880
vt 0.0347628 0.9658445
vt 0.0302994 0.9624782
vt 0.0321868 0.9637088
vt 0.0231707 0.9614007
vt 0.0231598 0.9691617
vt 0.0168016 0.9622885
vt 0.0185909 0.9704328
vt 0.0131645 0.9644341
vt 0.0148688 0.9633024
vt 0.0099010 0.9675112
vt 0.0148252 0.9753682
vt 0.0070902 0.9732226
vt 0.0627593 0.9621076
vt 0.0617300 0.9705386
vt 0.0651710 0.9632039
vt 0.0669615 0.9642973
vt 0.0657842 0.9755073
vt 0.0705621 0.9674678
vt 0.0734914 0.9732592
vt 0.0567356 0.9617010
vt 0.0572266 0.9696280
vt 0.0506567 0.9628182
vt 0.0529266 0.9708231
vt 0.0478962 0.9648406
vt 0.0490451 0.9639032
vt 0.0460394 0.9667726
vt 0.0508960 0.9740807
vt 0.0470491 0.9656228
vt 0.0421669 0.9770851
vt 0.0482695 0.9803668
vt 0.0436425 0.9707153
vt 0.0309386 0.9810233
vt 0.0309386 0.9869772
vt 0.0321571 0.9809915
vt 0.0680497 0.9803668
vt 0.0744907 0.9765685
vt 0.0349514 0.9818941
vt 0.0498964 0.9869773
vt 0.0428351 0.9819707
vt 0.0569575 0.9819565
vt 0.0721080 0.9869773
vt 0.0682353 0.9818794
vt 0.0707093 0.9808403
vt 0.0061146 0.9763914
vt 0.0126638 0.9801504
vt 0.0721084 0.9808756
vt 0.0370935 0.9687384
vt 0.0508960 0.9740807
vt 0.0657842 0.9755073
vt 0.0617300 0.9705386
vt 0.0529266 0.9708231
vt 0.0482695 0.9803668
vt 0.0680497 0.9803668
vt 0.0185909 0.9704328
vt 0.0148252 0.9753682
vt 0.0310516 0.9759558
vt 0.0281030 0.9705880
vt 0.0326472 0.9801504
vt 0.0126638 0.9801504
vt 0.0231598 0.9691617
vt 0.0572266 0.9696280
vt 0.0089711 0.9818859
vt 0.0047757 0.9822749
vt 0.0116602 0.9869770
vt 0.0116603 0.9817454
vt 0.0026407 0.9831752
vt 0.0018705 0.9858983
vt 0.0971723 0.9827487
vt 0.0936169 0.9811828
vt 0.0918332 0.9811594
vt 0.0918333 0.9869771
vt 0.0993509 0.9892213
vt 0.0981391 0.9842108
vt 0.0013365 0.9924384
vt 0.0008017 0.9989898
vt 0.1798671 0.9335782
vt 0.1798671 0.9970103
vt 0.1837392 0.9984060
vt 0.1837395 0.9335808
vt 0.1875897 0.9992678
vt 0.1875904 0.9335817
vt 0.1487308 0.9335323
vt 0.1487298 0.9992183
vt 0.1525808 0.9992198
vt 0.1525815 0.9335337
vt 0.1564532 0.9983631
vt 0.1564534 0.9335379
vt 0.1603442 0.9969764
vt 0.1603442 0.9335442
vt 0.1642478 0.9955910
vt 0.1642490 0.9335517
vt 0.1681586 0.9947383
vt 0.1681619 0.9335598
vt 0.1720698 0.9947458
vt 0.1720739 0.9335675
vt 0.1759754 0.9956130
vt 0.1759775 0.9335738
vt 0.1920408 0.9892152
vt 0.1928501 0.9890153
vt 0.1920818 0.9845778
vt 0.1911820 0.9846148
vt 0.1921534 0.9801322
vt 0.1911848 0.9799557
vt 0.1932851 0.9759567
vt 0.1924230 0.9755973
vt 0.1955372 0.9722410
vt 0.1948091 0.9717538
vt 0.1984051 0.9688959
vt 0.1978265 0.9683486
vt 0.2016859 0.9657840
vt 0.2010988 0.9651121
vt 0.2051660 0.9626753
vt 0.2045558 0.9618562
vt 0.2086340 0.9600275
vt 0.2083423 0.9591876
vt 0.1957264 0.9984139
vt 0.1964262 0.9976430
vt 0.1943521 0.9935135
vt 0.1934612 0.9939268
vt 0.1928501 0.9890153
vt 0.2586462 0.9970189
vt 0.1920818 0.9845778
vt 0.1921534 0.9801322
vt 0.1932851 0.9759567
vt 0.1955372 0.9722410
vt 0.1984051 0.9688959
vt 0.2016859 0.9657840
vt 0.2051660 0.9626753
vt 0.2086340 0.9600275
vt 0.1964262 0.9976430
vt 0.1943521 0.9935135
vt 0.5614297 0.9555494
vt 0.5780334 0.9609299
vt 0.5792575 0.9606773
vt 0.5615065 0.9545296
vt 0.5319905 0.9420659
vt 0.5614297 0.9555494
vt 0.5615065 0.9545296
vt 0.5332124 0.9412530
vt 0.5422902 0.9073345
vt 0.5444560 0.8810167
vt 0.5355535 0.8809551
vt 0.5330353 0.9078156
vt 0.5681841 0.8779329
vt 0.5401502 0.8774959
vt 0.5674725 0.8809681
vt 0.5832779 0.8842344
vt 0.5818067 0.8870111
vt 0.5953419 0.9000728
vt 0.5991056 0.8986683
vt 0.6012497 0.9301121
vt 0.5970881 0.9270771
vt 0.5798011 0.9223744
vt 0.5969865 0.9314388
vt 0.5813165 0.9187882
vt 0.5937519 0.9580770
vt 0.5982337 0.9514208
vt 0.5989888 0.9633765
vt 0.5803499 0.9570022
vt 0.5792575 0.9606773
vt 0.5628445 0.9507568
vt 0.5615065 0.9545296
vt 0.5423851 0.9397996
vt 0.5332124 0.9412530
vt 0.5421085 0.9286227
vt 0.5419474 0.9115807
vt 0.5330572 0.9272955
vt 0.5655239 0.9120495
vt 0.5643597 0.9159146
vt 0.5970881 0.9270771
vt 0.5952892 0.9228784
vt 0.5812402 0.9143041
vt 0.5813165 0.9187882
vt 0.5661805 0.9085340
vt 0.5655239 0.9120495
vt 0.5448406 0.9046780
vt 0.5422902 0.9073345
vt 0.5422902 0.9073345
vt 0.5448406 0.9046780
vt 0.5466733 0.8844249
vt 0.5444560 0.8810167
vt 0.5444560 0.8810167
vt 0.5466733 0.8844249
vt 0.5661278 0.8844931
vt 0.5674725 0.8809681
vt 0.5805094 0.8903514
vt 0.5818067 0.8870111
vt 0.5928414 0.9021049
vt 0.5953419 0.9000728
vt 0.5953419 0.9000728
vt 0.5928414 0.9021049
vt 0.5952892 0.9228784
vt 0.5970881 0.9270771
vt 0.5798011 0.9223744
vt 0.5789096 0.9256847
vt 0.5946884 0.9332391
vt 0.5969865 0.9314388
vt 0.5969865 0.9314388
vt 0.5946884 0.9332391
vt 0.5915968 0.9539570
vt 0.5937519 0.9580770
vt 0.5937519 0.9580770
vt 0.5915968 0.9539570
vt 0.5763683 0.9515716
vt 0.5803499 0.9570022
vt 0.5637317 0.9472010
vt 0.5628445 0.9507568
vt 0.5457132 0.9372205
vt 0.5423851 0.9397996
vt 0.5423851 0.9397996
vt 0.5457132 0.9372205
vt 0.5421085 0.9286227
vt 0.5439224 0.9149675
vt 0.5419474 0.9115807
vt 0.5419474 0.9115807
vt 0.5439224 0.9149675
vt 0.5627301 0.9193108
vt 0.5643597 0.9159146
vt 0.5355535 0.8809551
vt 0.5343554 0.8803673
vt 0.5317104 0.9076390
vt 0.5330353 0.9078156
vt 0.5355535 0.8809551
vt 0.5401502 0.8774959
vt 0.5400033 0.8761454
vt 0.5343554 0.8803673
vt 0.5330572 0.9272955
vt 0.5330353 0.9078156
vt 0.5317104 0.9076390
vt 0.5317104 0.9270587
vt 0.5332124 0.9412530
vt 0.5330572 0.9272955
vt 0.5317104 0.9270587
vt 0.5319905 0.9420659
vt 0.5401502 0.8774959
vt 0.5681841 0.8779329
vt 0.5684972 0.8768400
vt 0.5400033 0.8761454
vt 0.5681841 0.8779329
vt 0.5832779 0.8842344
vt 0.5838120 0.8831892
vt 0.5684972 0.8768400
vt 0.5832779 0.8842344
vt 0.5991056 0.8986683
vt 0.5999286 0.8976868
vt 0.5838120 0.8831892
vt 0.1426379 0.9686109
vt 0.1389599 0.9698958
vt 0.1390853 0.9818048
vt 0.1427972 0.9831355
vt 0.1059170 0.9823229
vt 0.1095354 0.9808291
vt 0.1087834 0.9691253
vt 0.1049939 0.9678897
vt 0.1039191 0.9292668
vt 0.1077615 0.9331384
vt 0.1139671 0.9333674
vt 0.1140932 0.9296110
vt 0.1240246 0.9337062
vt 0.1241012 0.9299426
vt 0.1304088 0.9337934
vt 0.1304385 0.9300395
vt 0.1383350 0.9338189
vt 0.1419967 0.9301165
vt 0.1081766 0.9485379
vt 0.1082466 0.9511670
vt 0.1134256 0.9810425
vt 0.1133670 0.9836150
vt 0.1243468 0.9835261
vt 0.1243757 0.9809612
vt 0.1310492 0.9837614
vt 0.1311725 0.9811935
vt 0.1391178 0.9843950
vt 0.1394098 0.9942228
vt 0.1432626 0.9982663
vt 0.1318530 0.9936048
vt 0.1316245 0.9973624
vt 0.1250900 0.9931787
vt 0.1249820 0.9969492
vt 0.1148140 0.9931436
vt 0.1138131 0.9969085
vt 0.1121609 0.9916109
vt 0.1092172 0.9942440
vt 0.1106461 0.9881681
vt 0.1070275 0.9892384
vt 0.1098670 0.9834410
vt 0.1242330 0.9695579
vt 0.1242847 0.9670191
vt 0.1134471 0.9667662
vt 0.1133641 0.9693154
vt 0.1086675 0.9665439
vt 0.1136296 0.9514210
vt 0.1137374 0.9488200
vt 0.1241032 0.9517946
vt 0.1241614 0.9491996
vt 0.1306702 0.9519044
vt 0.1306836 0.9493040
vt 0.1386653 0.9518954
vt 0.1386064 0.9492799
vt 0.1389213 0.9673314
vt 0.1309306 0.9697168
vt 0.1309790 0.9671726
vt 0.1544805 0.5720646
vt 0.1554436 0.5589695
vt 0.1680582 0.5681691
vt 0.1702366 0.5737119
vt 0.1774709 0.6392616
vt 0.1600229 0.6394182
vt 0.1559869 0.5893310
vt 0.1733991 0.5890884
vt 0.1680582 0.5681691
vt 0.1733197 0.5646757
vt 0.1778437 0.5721834
vt 0.1702366 0.5737119
vt 0.1774709 0.6392616
vt 0.1860335 0.6390807
vt 0.1819211 0.5886612
vt 0.1733991 0.5890884
vt 0.1804384 0.5811633
vt 0.1680582 0.5681691
vt 0.1643286 0.5620911
vt 0.1733197 0.5646757
vt 0.1554436 0.5589695
vt 0.1738871 0.5647992
vt 0.0384544 0.6549703
vt 0.0278227 0.6549203
vt 0.0199551 0.6241224
vt 0.0192991 0.5749119
vt 0.0204809 0.5749529
vt 0.0210906 0.6241224
vt 0.0643927 0.9846668
vt 0.0644370 0.9955839
vt 0.0643927 0.9846668
vt 0.0644370 0.9955839
vt 0.3771822 0.9218876
vt 0.4249248 0.9233370
vt 0.4249115 0.9238574
vt 0.3771857 0.9224021
vt 0.4250791 0.9191245
vt 0.4250138 0.9212810
vt 0.3773276 0.9198364
vt 0.3773617 0.9176774
vt 0.4249115 0.9238574
vt 0.4249459 0.9259235
vt 0.3772331 0.9244605
vt 0.3771857 0.9224021
vt 0.4878463 0.9223003
vt 0.4883306 0.9221225
vt 0.4897456 0.9236191
vt 0.4877163 0.9243536
vt 0.4354177 0.9230160
vt 0.4353544 0.9209580
vt 0.4877580 0.9197350
vt 0.4878642 0.9217886
vt 0.3767069 0.9222061
vt 0.3771857 0.9224021
vt 0.3772331 0.9244605
vt 0.3752341 0.9236463
vt 0.4878642 0.9217886
vt 0.4878463 0.9223003
vt 0.4353944 0.9235332
vt 0.4354177 0.9230160
vt 0.4875579 0.9175865
vt 0.4877580 0.9197350
vt 0.4353544 0.9209580
vt 0.4351327 0.9188090
vt 0.4878463 0.9223003
vt 0.4877163 0.9243536
vt 0.4353565 0.9255845
vt 0.4353944 0.9235332
vt 0.3771822 0.9218876
vt 0.3773276 0.9198364
vt 0.4250138 0.9212810
vt 0.4249248 0.9233370
vt 0.4250571 0.9285250
vt 0.4355011 0.9281542
vt 0.4356861 0.9302977
vt 0.4252433 0.9306795
vt 0.4226664 0.9309037
vt 0.4224786 0.9287528
vt 0.4250571 0.9285250
vt 0.4252433 0.9306795
vt 0.4355011 0.9281542
vt 0.4250571 0.9285250
vt 0.4692911 0.8710968
vt 0.4757141 0.8719389
vt 0.4753784 0.8745065
vt 0.4689976 0.8736677
vt 0.4357587 0.9328836
vt 0.4253149 0.9332691
vt 0.4252433 0.9306795
vt 0.4356861 0.9302977
vt 0.3867102 0.8675023
vt 0.3862518 0.8653939
vt 0.4678991 0.8647888
vt 0.4692911 0.8710968
vt 0.3856950 0.8747285
vt 0.3857870 0.8721405
vt 0.4670744 0.8798245
vt 0.4669823 0.8824104
vt 0.3857870 0.8721405
vt 0.3864373 0.8700792
vt 0.4689976 0.8736677
vt 0.4670744 0.8798245
vt 0.3864373 0.8700792
vt 0.3867102 0.8675023
vt 0.4692911 0.8710968
vt 0.4689976 0.8736677
vt 0.4754513 0.8887388
vt 0.4560689 0.8891114
vt 0.4560289 0.8886293
vt 0.4753910 0.8882893
vt 0.4749736 0.8925332
vt 0.4557565 0.8929543
vt 0.4558739 0.8909885
vt 0.4752036 0.8905823
vt 0.4560289 0.8886293
vt 0.4556527 0.8867910
vt 0.4748448 0.8865078
vt 0.4753910 0.8882893
vt 0.3791605 0.8937797
vt 0.3791656 0.8933079
vt 0.3808956 0.8925794
vt 0.3808758 0.8945471
vt 0.4180053 0.8897185
vt 0.4179554 0.8915970
vt 0.3808956 0.8925794
vt 0.3809598 0.8907049
vt 0.4768257 0.8915278
vt 0.4767698 0.8919963
vt 0.4749736 0.8925332
vt 0.4752036 0.8905823
vt 0.3809598 0.8907049
vt 0.3809299 0.8902373
vt 0.4180064 0.8892450
vt 0.4180053 0.8897185
vt 0.3808758 0.8945471
vt 0.3808956 0.8925794
vt 0.4179554 0.8915970
vt 0.4180940 0.8935615
vt 0.3809299 0.8902373
vt 0.3807199 0.8883722
vt 0.4179167 0.8873678
vt 0.4180064 0.8892450
vt 0.4276133 0.8896123
vt 0.4560689 0.8891114
vt 0.4558739 0.8909885
vt 0.4275012 0.8914843
vt 0.4276133 0.8896123
vt 0.4276060 0.8891444
vt 0.4273430 0.8849266
vt 0.4177604 0.8850089
vt 0.4177216 0.8830397
vt 0.4273070 0.8829601
vt 0.4276060 0.8891444
vt 0.4274741 0.8872756
vt 0.4296699 0.8829216
vt 0.4297023 0.8848898
vt 0.4273430 0.8849266
vt 0.4273070 0.8829601
vt 0.4177604 0.8850089
vt 0.4273430 0.8849266
vt 0.4746500 0.9091191
vt 0.4682389 0.9089051
vt 0.4683705 0.9065490
vt 0.4747636 0.9067611
vt 0.3929104 0.9058633
vt 0.3834003 0.9067136
vt 0.3833161 0.9043546
vt 0.3928964 0.9035029
vt 0.3932298 0.9078014
vt 0.3929104 0.9058633
vt 0.4682389 0.9089051
vt 0.4678303 0.9152986
vt 0.4683705 0.9065490
vt 0.4682389 0.9089051
vt 0.3928964 0.9035029
vt 0.3933829 0.9015893
vt 0.4684624 0.9001475
vt 0.4683705 0.9065490
vt 0.3933829 0.9015893
vt 0.3933830 0.8992267
vt 0.4683459 0.8977907
vt 0.4684624 0.9001475
vt 0.4275158 0.8934492
vt 0.4275012 0.8914843
vt 0.4754513 0.8887388
vt 0.4752036 0.8905823
vt 0.3824647 0.9367939
vt 0.4321022 0.9446980
vt 0.4313296 0.9466963
vt 0.3819748 0.9387534
vt 0.3802581 0.9385512
vt 0.3807456 0.9365917
vt 0.3824647 0.9367939
vt 0.3819748 0.9387534
vt 0.3823940 0.9350690
vt 0.4318525 0.9429658
vt 0.4321022 0.9446980
vt 0.3824647 0.9367939
vt 0.4830032 0.9371213
vt 0.4852056 0.9371781
vt 0.4853504 0.9390836
vt 0.4832058 0.9395216
vt 0.4309643 0.9483558
vt 0.3813573 0.9403749
vt 0.3819748 0.9387534
vt 0.4313296 0.9466963
vt 0.4318525 0.9429658
vt 0.4304405 0.9413876
vt 0.4716292 0.9345430
vt 0.4728436 0.9382459
vt 0.4728535 0.9438316
vt 0.4724862 0.9456809
vt 0.4734009 0.9399537
vt 0.4728535 0.9438316
vt 0.4728436 0.9382459
vt 0.4734009 0.9399537
vt 0.4833205 0.9459518
vt 0.4817787 0.9455522
vt 0.4822396 0.9436663
vt 0.4837800 0.9440970
vt 0.4832058 0.9395216
vt 0.4817668 0.9392959
vt 0.4815010 0.9378484
vt 0.4830032 0.9371213
vt 0.4813018 0.9333842
vt 0.4827181 0.9345283
vt 0.4830032 0.9371213
vt 0.4815010 0.9378484
vt 0.4832058 0.9395216
vt 0.4834705 0.9422435
vt 0.4822396 0.9436663
vt 0.4817668 0.9392959
vt 0.4822396 0.9436663
vt 0.4817787 0.9455522
vt 0.4815010 0.9378484
vt 0.4817668 0.9392959
vt 0.0315548 0.9531580
vt 0.0321747 0.9530258
vt 0.0310165 0.9543256
vt 0.0304891 0.9545677
vt 0.0323369 0.9524698
vt 0.0332666 0.9523325
vt 0.0300950 0.9552820
vt 0.0309921 0.9556316
vt 0.0298141 0.9557254
vt 0.0366614 0.9553530
vt 0.0373113 0.9557705
vt 0.0365634 0.9554313
vt 0.0367296 0.9551130
vt 0.0372931 0.9543110
vt 0.0367157 0.9544202
vt 0.0373496 0.9526441
vt 0.0367157 0.9535403
vt 0.0366514 0.9531878
vt 0.0364971 0.9530295
vt 0.0420988 0.9555637
vt 0.0431124 0.9559150
vt 0.0418522 0.9556275
vt 0.0422679 0.9554270
vt 0.0429015 0.9546880
vt 0.0422671 0.9547113
vt 0.0426564 0.9531369
vt 0.0421693 0.9538729
vt 0.0419379 0.9535297
vt 0.0417796 0.9534547
vt 0.0499621 0.9545619
vt 0.0489940 0.9538641
vt 0.0497676 0.9539518
vt 0.0496452 0.9551095
vt 0.0500527 0.9553779
vt 0.0490850 0.9560962
vt 0.0499554 0.9561595
vt 0.0499647 0.9565536
vt 0.0431124 0.9559150
vt 0.0440716 0.9555886
vt 0.0443188 0.9556203
vt 0.0438921 0.9554904
vt 0.0429015 0.9546880
vt 0.0434696 0.9548448
vt 0.0426564 0.9531369
vt 0.0432398 0.9540210
vt 0.0432267 0.9538274
vt 0.0426564 0.9531369
vt 0.0433950 0.9536816
vt 0.0432267 0.9538274
vt 0.0379529 0.9553754
vt 0.0380590 0.9554694
vt 0.0378748 0.9551432
vt 0.0378590 0.9544466
vt 0.0378730 0.9535838
vt 0.0379301 0.9532524
vt 0.0380608 0.9531455
vt 0.0324447 0.9523389
vt 0.0332666 0.9523325
vt 0.0323369 0.9524698
vt 0.0325702 0.9521845
vt 0.0321747 0.9530258
vt 0.0324417 0.9532408
vt 0.0313303 0.9544045
vt 0.0310165 0.9543256
vt 0.0328645 0.9530241
vt 0.0309921 0.9556316
vt 0.0315002 0.9550577
vt 0.0317306 0.9553996
vt 0.0334450 0.9528617
vt 0.0489940 0.9538641
vt 0.0491562 0.9547605
vt 0.0488946 0.9544400
vt 0.0496452 0.9551095
vt 0.0493386 0.9552023
vt 0.0490850 0.9560962
vt 0.0489993 0.9555371
vt 0.0488648 0.9555216
vt 0.0477054 0.9603523
vt 0.0428354 0.9605438
vt 0.0443188 0.9556203
vt 0.0463679 0.9556057
vt 0.0485414 0.9555743
vt 0.0353114 0.9554263
vt 0.0343376 0.9606271
vt 0.0334097 0.9554169
vt 0.0397906 0.9606071
vt 0.0373251 0.9606162
vt 0.0380590 0.9554694
vt 0.0397636 0.9555262
vt 0.0490850 0.9560962
vt 0.0488648 0.9555216
vt 0.0365634 0.9554313
vt 0.0418522 0.9556275
vt 0.0415599 0.9555712
vt 0.0316241 0.9606001
vt 0.0317306 0.9553996
vt 0.0309921 0.9556316
vt 0.0298636 0.9605806
vt 0.0298988 0.9568645
vt 0.0373113 0.9557705
vt 0.0431124 0.9559150
vt 0.0496161 0.9593357
vt 0.0498568 0.9572940
vt 0.0499647 0.9565536
vt 0.0289059 0.9591985
vt 0.0288010 0.9605693
vt 0.0293049 0.9569061
vt 0.0298141 0.9557254
vt 0.0295266 0.9561469
vt 0.0484747 0.9544033
vt 0.0471632 0.9498069
vt 0.0489940 0.9538641
vt 0.0488946 0.9544400
vt 0.0336350 0.9520636
vt 0.0339376 0.9477297
vt 0.0356919 0.9480211
vt 0.0349349 0.9528630
vt 0.0376713 0.9483299
vt 0.0361224 0.9529958
vt 0.0401963 0.9486746
vt 0.0430075 0.9490892
vt 0.0415378 0.9534714
vt 0.0395752 0.9532747
vt 0.0442673 0.9538182
vt 0.0464650 0.9541459
vt 0.0376713 0.9483298
vt 0.0364971 0.9530295
vt 0.0433950 0.9536816
vt 0.0380608 0.9531455
vt 0.0417796 0.9534547
vt 0.0373496 0.9526441
vt 0.0426564 0.9531369
vt 0.0501519 0.9514644
vt 0.0503798 0.9504088
vt 0.0499234 0.9533600
vt 0.0497676 0.9539518
vt 0.0489940 0.9538641
vt 0.0499234 0.9533600
vt 0.0329570 0.9489108
vt 0.0327197 0.9511667
vt 0.0326530 0.9519101
vt 0.0336350 0.9520636
vt 0.0349349 0.9528630
vt 0.0327197 0.9511667
vt 0.0497071 0.9602620
vt 0.0331050 0.9475847
vt 0.0315548 0.9531580
vt 0.0304891 0.9545677
vt 0.0310165 0.9543256
vt 0.0321747 0.9530258
vt 0.0323369 0.9524698
vt 0.0332666 0.9523325
vt 0.0300950 0.9552820
vt 0.0298141 0.9557254
vt 0.0309921 0.9556316
vt 0.0366614 0.9553530
vt 0.0365634 0.9554313
vt 0.0373113 0.9557705
vt 0.0367296 0.9551130
vt 0.0372931 0.9543110
vt 0.0367157 0.9544202
vt 0.0373496 0.9526441
vt 0.0367157 0.9535403
vt 0.0366514 0.9531878
vt 0.0364971 0.9530295
vt 0.0420988 0.9555637
vt 0.0418522 0.9556275
vt 0.0431124 0.9559150
vt 0.0422679 0.9554270
vt 0.0429015 0.9546880
vt 0.0422671 0.9547113
vt 0.0426564 0.9531369
vt 0.0421693 0.9538729
vt 0.0419379 0.9535297
vt 0.0417796 0.9534547
vt 0.0499621 0.9545619
vt 0.0497676 0.9539518
vt 0.0489940 0.9538641
vt 0.0496452 0.9551095
vt 0.0500527 0.9553779
vt 0.0490850 0.9560962
vt 0.0499554 0.9561595
vt 0.0499647 0.9565536
vt 0.0431124 0.9559150
vt 0.0443188 0.9556203
vt 0.0440716 0.9555886
vt 0.0438921 0.9554904
vt 0.0434696 0.9548448
vt 0.0429015 0.9546880
vt 0.0432398 0.9540210
vt 0.0426564 0.9531369
vt 0.0432267 0.9538274
vt 0.0426564 0.9531369
vt 0.0432267 0.9538274
vt 0.0433950 0.9536816
vt 0.0380590 0.9554694
vt 0.0379529 0.9553754
vt 0.0378748 0.9551432
vt 0.0378590 0.9544466
vt 0.0378730 0.9535838
vt 0.0379301 0.9532524
vt 0.0380608 0.9531455
vt 0.0324447 0.9523389
vt 0.0323369 0.9524698
vt 0.0332666 0.9523325
vt 0.0325702 0.9521845
vt 0.0313303 0.9544045
vt 0.0324417 0.9532408
vt 0.0321747 0.9530258
vt 0.0310165 0.9543256
vt 0.0328645 0.9530241
vt 0.0309921 0.9556316
vt 0.0317306 0.9553996
vt 0.0315002 0.9550577
vt 0.0334450 0.9528617
vt 0.0489940 0.9538641
vt 0.0488946 0.9544400
vt 0.0491562 0.9547605
vt 0.0493386 0.9552023
vt 0.0496452 0.9551095
vt 0.0489993 0.9555371
vt 0.0490850 0.9560962
vt 0.0488648 0.9555216
vt 0.0443188 0.9556203
vt 0.0463679 0.9556057
vt 0.0485414 0.9555743
vt 0.0353114 0.9554263
vt 0.0334097 0.9554169
vt 0.0380590 0.9554694
vt 0.0397636 0.9555262
vt 0.0490850 0.9560962
vt 0.0488648 0.9555216
vt 0.0365634 0.9554313
vt 0.0418522 0.9556275
vt 0.0415599 0.9555712
vt 0.0317306 0.9553996
vt 0.0309921 0.9556316
vt 0.0298988 0.9568645
vt 0.0373113 0.9557705
vt 0.0431124 0.9559150
vt 0.0496161 0.9593357
vt 0.0498568 0.9572940
vt 0.0499647 0.9565536
vt 0.0289059 0.9591985
vt 0.0293049 0.9569061
vt 0.0298141 0.9557254
vt 0.0295266 0.9561469
vt 0.0484747 0.9544033
vt 0.0488946 0.9544400
vt 0.0489940 0.9538641
vt 0.0336350 0.9520636
vt 0.0349349 0.9528630
vt 0.0361224 0.9529958
vt 0.0415378 0.9534714
vt 0.0395752 0.9532747
vt 0.0442673 0.9538182
vt 0.0464650 0.9541459
vt 0.0364971 0.9530295
vt 0.0433950 0.9536816
vt 0.0380608 0.9531455
vt 0.0417796 0.9534547
vt 0.0373496 0.9526441
vt 0.0376713 0.9483298
vt 0.0426564 0.9531369
vt 0.0501519 0.9514644
vt 0.0499234 0.9533600
vt 0.0497676 0.9539518
vt 0.0499234 0.9533600
vt 0.0489940 0.9538641
vt 0.0329570 0.9489108
vt 0.0327197 0.9511667
vt 0.0326530 0.9519101
vt 0.0336350 0.9520636
vt 0.0349349 0.9528630
vt 0.0327197 0.9511667
vt 0.0049095 0.9613108
vt 0.0043759 0.9611527
vt 0.0046788 0.9597892
vt 0.0053983 0.9600024
vt 0.0038255 0.9610700
vt 0.0039367 0.9596776
vt 0.0032690 0.9610643
vt 0.0031863 0.9596699
vt 0.0027170 0.9611357
vt 0.0024421 0.9597662
vt 0.0021802 0.9612828
vt 0.0017184 0.9599646
vt 0.0047875 0.9585316
vt 0.0045483 0.9592428
vt 0.0035734 0.9585190
vt 0.0039367 0.9596776
vt 0.0031863 0.9596699
vt 0.0025838 0.9592226
vt 0.0023592 0.9585066
vt 0.0042724 0.9614018
vt 0.0044390 0.9619328
vt 0.0035384 0.9619235
vt 0.0026379 0.9619144
vt 0.0028153 0.9613867
vt 0.0032690 0.9610643
vt 0.0038255 0.9610700
vt 0.0060366 0.9480816
vt 0.0060311 0.9479016
vt 0.0065332 0.9478992
vt 0.0065369 0.9480791
vt 0.0060311 0.9479016
vt 0.0060311 0.9477147
vt 0.0065296 0.9477122
vt 0.0065332 0.9478992
vt 0.0060311 0.9477147
vt 0.0060257 0.9475348
vt 0.0065260 0.9475323
vt 0.0065296 0.9477122
vt 0.0070335 0.9478967
vt 0.0070371 0.9480766
vt 0.0070299 0.9477098
vt 0.0070335 0.9478967
vt 0.0070263 0.9475298
vt 0.0070299 0.9477098
vt 0.0075332 0.9478947
vt 0.0075370 0.9480739
vt 0.0075298 0.9477079
vt 0.0075332 0.9478947
vt 0.0075268 0.9475278
vt 0.0075298 0.9477079
vt 0.0080288 0.9478949
vt 0.0080343 0.9480697
vt 0.0080269 0.9477093
vt 0.0080288 0.9478949
vt 0.0080285 0.9475285
vt 0.0080269 0.9477093
vt 0.0084899 0.9478908
vt 0.0085156 0.9480517
vt 0.0084940 0.9477255
vt 0.0084899 0.9478908
vt 0.0085267 0.9475551
vt 0.0084940 0.9477255
vt 0.0035355 0.9480613
vt 0.0035681 0.9478908
vt 0.0040353 0.9479070
vt 0.0040337 0.9480878
vt 0.0035681 0.9478908
vt 0.0035722 0.9477255
vt 0.0040334 0.9477215
vt 0.0040353 0.9479070
vt 0.0035722 0.9477255
vt 0.0035465 0.9475646
vt 0.0040278 0.9475466
vt 0.0040334 0.9477215
vt 0.0045324 0.9479085
vt 0.0045355 0.9480885
vt 0.0045291 0.9477216
vt 0.0045324 0.9479085
vt 0.0045253 0.9475424
vt 0.0045291 0.9477216
vt 0.0050324 0.9479066
vt 0.0050360 0.9480865
vt 0.0050288 0.9477196
vt 0.0050324 0.9479066
vt 0.0050252 0.9475398
vt 0.0050288 0.9477196
vt 0.0055327 0.9479041
vt 0.0055363 0.9480840
vt 0.0055291 0.9477171
vt 0.0055327 0.9479041
vt 0.0055254 0.9475372
vt 0.0055291 0.9477171
vt 0.0022630 0.9556271
vt 0.0043517 0.9556448
vt 0.0052892 0.9576519
vt 0.0013117 0.9576772
vt 0.0061913 0.9572178
vt 0.0052636 0.9552315
vt 0.0065896 0.9536668
vt 0.0086856 0.9542298
vt 0.0052892 0.9576519
vt 0.0043517 0.9556448
vt 0.0052636 0.9552315
vt 0.0061913 0.9572178
vt 0.0038124 0.9552928
vt 0.0027920 0.9552923
vt 0.0027934 0.9543592
vt 0.0038086 0.9543562
vt 0.0068653 0.9527253
vt 0.0089188 0.9532769
vt 0.0086856 0.9542298
vt 0.0065896 0.9536668
vt 0.0044241 0.9552909
vt 0.0038124 0.9552928
vt 0.0038086 0.9543562
vt 0.0044203 0.9543531
vt 0.0027920 0.9552923
vt 0.0022731 0.9553481
vt 0.0022745 0.9544175
vt 0.0027934 0.9543592
vt 0.0027920 0.9552923
vt 0.0038124 0.9552928
vt 0.0053409 0.9546165
vt 0.0059867 0.9538468
vt 0.0158530 0.9586272
vt 0.0138675 0.9577030
vt 0.0138675 0.9489114
vt 0.0158530 0.9479872
vt 0.0138675 0.9577030
vt 0.0158530 0.9586272
vt 0.0154152 0.9595151
vt 0.0134699 0.9586096
vt 0.0135183 0.9571728
vt 0.0135763 0.9576936
vt 0.0126420 0.9576936
vt 0.0125839 0.9571728
vt 0.0135183 0.9571728
vt 0.0135201 0.9494417
vt 0.0135183 0.9571728
vt 0.0125839 0.9571728
vt 0.0125821 0.9494417
vt 0.0135201 0.9494417
vt 0.0122548 0.9576936
vt 0.0122548 0.9489208
vt 0.0125821 0.9494417
vt 0.0125839 0.9571728
vt 0.0049413 0.9489464
vt 0.0058788 0.9509535
vt 0.0079675 0.9509711
vt 0.0089188 0.9489211
vt 0.0036410 0.9529315
vt 0.0049670 0.9513668
vt 0.0040392 0.9493804
vt 0.0015449 0.9523685
vt 0.0049413 0.9489464
vt 0.0040392 0.9493804
vt 0.0049670 0.9513668
vt 0.0058788 0.9509535
vt 0.0064181 0.9513055
vt 0.0064219 0.9522421
vt 0.0074371 0.9522390
vt 0.0074385 0.9513060
vt 0.0033653 0.9538730
vt 0.0036410 0.9529315
vt 0.0015449 0.9523685
vt 0.0013117 0.9533213
vt 0.0058064 0.9513073
vt 0.0058102 0.9522452
vt 0.0064219 0.9522421
vt 0.0064181 0.9513055
vt 0.0074385 0.9513060
vt 0.0074371 0.9522390
vt 0.0079560 0.9521809
vt 0.0079575 0.9512502
vt 0.0064181 0.9513055
vt 0.0074385 0.9513060
vt 0.0042438 0.9527515
vt 0.0048897 0.9519817
vt 0.0102291 0.9479778
vt 0.0102291 0.9586366
vt 0.0138675 0.9489114
vt 0.0134699 0.9480050
vt 0.0154152 0.9470993
vt 0.0158530 0.9479872
vt 0.0135201 0.9494417
vt 0.0125821 0.9494417
vt 0.0125803 0.9488276
vt 0.0135219 0.9488276
vt 0.0079743 0.9579130
vt 0.0078598 0.9584545
vt 0.0063780 0.9584545
vt 0.0062635 0.9579130
vt 0.0079740 0.9591633
vt 0.0062638 0.9591633
vt 0.0063777 0.9586233
vt 0.0078601 0.9586233
vt 0.0079743 0.9593337
vt 0.0062635 0.9593337
vt 0.0062638 0.9591633
vt 0.0079740 0.9591633
vt 0.0060972 0.9591266
vt 0.0062104 0.9585910
vt 0.0063777 0.9586233
vt 0.0062638 0.9591633
vt 0.0063780 0.9584545
vt 0.0078598 0.9584545
vt 0.0078601 0.9586233
vt 0.0063777 0.9586233
vt 0.0080274 0.9585910
vt 0.0081407 0.9591266
vt 0.0079740 0.9591633
vt 0.0078601 0.9586233
vt 0.0089940 0.9482315
vt 0.0090588 0.9485470
vt 0.0088477 0.9485909
vt 0.0087827 0.9482743
vt 0.0091395 0.9480933
vt 0.0093536 0.9480933
vt 0.0093536 0.9485276
vt 0.0091395 0.9485276
vt 0.0091395 0.9479213
vt 0.0093536 0.9479213
vt 0.0093536 0.9480933
vt 0.0091395 0.9480933
vt 0.0094963 0.9482318
vt 0.0094316 0.9485465
vt 0.0093536 0.9485276
vt 0.0093536 0.9480933
vt 0.0093536 0.9486086
vt 0.0091395 0.9486086
vt 0.0091395 0.9485276
vt 0.0093536 0.9485276
vt 0.0090588 0.9485470
vt 0.0089940 0.9482315
vt 0.0091395 0.9480933
vt 0.0091395 0.9485276
vt 0.8994537 0.0405267
vt 0.9125113 0.0404598
vt 0.9147109 0.0599494
vt 0.9004670 0.0598998
vt 0.9323216 0.0405450
vt 0.9365865 0.0604979
vt 0.9157927 0.1010355
vt 0.9017517 0.1007008
vt 0.9014003 0.0831710
vt 0.9147109 0.0599494
vt 0.9365865 0.0604979
vt 0.9413661 0.1017096
vt 0.8823479 0.0397663
vt 0.8857796 0.0500097
vt 0.8903857 0.1206324
vt 0.8842272 0.1009816
vt 0.9017517 0.1007008
vt 0.9071013 0.1206371
vt 0.3747781 0.1140184
vt 0.3765336 0.1206677
vt 0.3308306 0.1233774
vt 0.3308306 0.1164768
vt 0.4386532 0.1078784
vt 0.4322997 0.1020392
vt 0.8285406 0.0126065
vt 0.8822466 0.0160744
vt 0.8806989 0.0358225
vt 0.8283448 0.0330579
vt 0.9496869 0.0390318
vt 0.9557757 0.0605232
vt 0.9654019 0.1018425
vt 0.9503769 0.1219583
vt 0.9413661 0.1017096
vt 0.9496869 0.0390318
vt 0.9428268 0.0174647
vt 0.9604250 0.0154523
vt 0.9646119 0.0377598
vt 0.9723060 0.1189346
vt 0.9654019 0.1018425
vt 0.9798582 0.1016113
vt 0.9890513 0.1197352
vt 0.9428654 0.1227028
vt 0.9283086 0.1223476
vt 0.9157927 0.1010355
vt 0.8453964 0.1023376
vt 0.8667116 0.1015203
vt 0.8624641 0.1236820
vt 0.4386532 0.1078784
vt 0.4542250 0.1033742
vt 0.4535055 0.1161497
vt 0.4455349 0.0716690
vt 0.4482914 0.0350858
vt 0.4604791 0.0591301
vt 0.4575012 0.0852754
vt 0.3765336 0.1206677
vt 0.3766405 0.1215951
vt 0.3308306 0.1243044
vt 0.3308306 0.1233774
vt 0.4386532 0.1078784
vt 0.4385841 0.1090139
vt 0.4535055 0.1161497
vt 0.4544947 0.1173995
vt 0.9557757 0.0605232
vt 0.9654019 0.1018425
vt 0.9733657 0.0742800
vt 0.9557757 0.0605232
vt 0.9723060 0.1189346
vt 0.9579679 0.1208814
vt 0.8409284 0.1071297
vt 0.8580114 0.1282979
vt 0.8453964 0.1023376
vt 0.8409284 0.1071297
vt 0.8301097 0.1059543
vt 0.8379349 0.0837825
vt 0.9096488 0.0370262
vt 0.8969811 0.0368491
vt 0.9028648 0.0173884
vt 0.9428268 0.0174647
vt 0.9300570 0.0370745
vt 0.7746327 0.0306581
vt 0.7287037 0.0282290
vt 0.7287037 0.0076979
vt 0.9496869 0.0390318
vt 0.9300570 0.0370745
vt 0.9496869 0.0390318
vt 0.9323216 0.0405450
vt 0.9096488 0.0370262
vt 0.9125113 0.0404598
vt 0.8994537 0.0405267
vt 0.8969811 0.0368491
vt 0.8823479 0.0397663
vt 0.8806989 0.0358225
vt 0.7746327 0.0306581
vt 0.7748247 0.0361476
vt 0.7287037 0.0336387
vt 0.7287037 0.0282290
vt 0.8283448 0.0330579
vt 0.8289283 0.0384654
vt 0.8684253 0.0395379
vt 0.8289283 0.0384654
vt 0.8290498 0.0596444
vt 0.8178235 0.0601091
vt 0.8290498 0.0596444
vt 0.8141153 0.0652090
vt 0.8178235 0.0601091
vt 0.7287037 0.0704590
vt 0.7745947 0.0701115
vt 0.7750967 0.0838874
vt 0.7287037 0.0839362
vt 0.8092014 0.0835395
vt 0.8069351 0.0691135
vt 0.8842272 0.1009816
vt 0.8827515 0.0834442
vt 0.8666257 0.0834720
vt 0.8667116 0.1015203
vt 0.8787280 0.0423362
vt 0.8577296 0.0418584
vt 0.8564808 0.0388787
vt 0.8684253 0.0395379
vt 0.8684743 0.0395436
vt 0.8564808 0.0388787
vt 0.8561844 0.0768354
vt 0.8664468 0.0794938
vt 0.8845302 0.0698601
vt 0.9004670 0.0598998
vt 0.8768414 0.0771179
vt 0.8877941 0.0597989
vt 0.8877941 0.0597989
vt 0.8495100 0.0491797
vt 0.8456951 0.0592749
vt 0.8486653 0.0696051
vt 0.8456951 0.0592749
vt 0.8134583 0.1044178
vt 0.7750371 0.1041706
vt 0.7287037 0.1041734
vt 0.8664468 0.0794938
vt 0.8561844 0.0768354
vt 0.8679754 0.0631412
vt 0.8708593 0.0647114
vt 0.8877941 0.0597989
vt 0.8845302 0.0698601
vt 0.8777599 0.0627404
vt 0.8797176 0.0583278
vt 0.8456951 0.0592749
vt 0.8495100 0.0491797
vt 0.8651531 0.0539365
vt 0.8650869 0.0571958
vt 0.8787280 0.0423362
vt 0.8857796 0.0500097
vt 0.8789576 0.0535400
vt 0.8752169 0.0500584
vt 0.8768414 0.0771179
vt 0.8743707 0.0647921
vt 0.8577296 0.0418584
vt 0.8684743 0.0395436
vt 0.8704954 0.0491756
vt 0.8668187 0.0508231
vt 0.8486653 0.0696051
vt 0.8660653 0.0605587
vt 0.7287037 0.0336387
vt 0.7748247 0.0361476
vt 0.7714485 0.0453299
vt 0.7287037 0.0433446
vt 0.8289283 0.0384654
vt 0.8195965 0.0418147
vt 0.8289283 0.0384654
vt 0.8178235 0.0601091
vt 0.8079768 0.0558467
vt 0.8195965 0.0418147
vt 0.8141153 0.0652090
vt 0.7745947 0.0701115
vt 0.7287037 0.0704590
vt 0.7287037 0.0572101
vt 0.7738672 0.0576905
vt 0.8069351 0.0691135
vt 0.8039935 0.0579577
vt 0.8908420 0.1218048
vt 0.8903857 0.1206324
vt 0.9071013 0.1206371
vt 0.9073005 0.1218444
vt 0.9890513 0.1197352
vt 0.9726723 0.1199587
vt 0.9723060 0.1189346
vt 0.9286949 0.1235516
vt 0.9283086 0.1223476
vt 0.9428654 0.1227028
vt 0.9428847 0.1238959
vt 0.9579679 0.1208814
vt 0.9581391 0.1220333
vt 0.9506546 0.1231440
vt 0.9503769 0.1219583
vt 0.4535055 0.1161497
vt 0.4542250 0.1033742
vt 0.4555195 0.1034377
vt 0.4544947 0.1173995
vt 0.4575012 0.0852754
vt 0.4587186 0.0855649
vt 0.4604791 0.0591301
vt 0.4614781 0.0604279
vt 0.8587974 0.1295230
vt 0.8580114 0.1282979
vt 0.8624641 0.1236820
vt 0.8634515 0.1246798
vt 0.4482914 0.0350858
vt 0.4455349 0.0716690
vt 0.4403273 0.0698486
vt 0.4371290 0.0308381
vt 0.3772125 0.0183774
vt 0.4176106 0.0211484
vt 0.4152361 0.0349579
vt 0.3777823 0.0326603
vt 0.3308306 0.0171377
vt 0.3772125 0.0183774
vt 0.3777823 0.0326603
vt 0.3308306 0.0314143
vt 0.4322997 0.1020392
vt 0.3747781 0.1140184
vt 0.3741674 0.1000692
vt 0.4244944 0.0990675
vt 0.3747781 0.1140184
vt 0.3308306 0.1164768
vt 0.3308306 0.1023035
vt 0.3741674 0.1000692
vt 0.4176106 0.0211484
vt 0.4371290 0.0308381
vt 0.4276763 0.0398523
vt 0.4152361 0.0349579
vt 0.4371290 0.0308381
vt 0.4403273 0.0698486
vt 0.4244944 0.0990675
vt 0.4276763 0.0398523
vt 0.4403273 0.0698486
vt 0.4322997 0.1020392
vt 0.4244944 0.0990675
vt 0.1111736 0.1695750
vt 0.1840847 0.1682932
vt 0.1848185 0.1723964
vt 0.1111732 0.1740141
vt 0.1111730 0.0701283
vt 0.1822270 0.0725660
vt 0.1827635 0.0764472
vt 0.1111730 0.0743070
vt 0.1111732 0.1199943
vt 0.1824982 0.1206826
vt 0.1831678 0.1248074
vt 0.1111732 0.1244446
vt 0.1111732 0.1447970
vt 0.1831416 0.1445240
vt 0.1838419 0.1486358
vt 0.1111732 0.1492416
vt 0.1860726 0.1962142
vt 0.1111736 0.1987590
vt 0.1111736 0.1943260
vt 0.1853325 0.1920638
vt 0.1111728 0.0197760
vt 0.1830270 0.0237086
vt 0.1835173 0.0276250
vt 0.1111728 0.0239695
vt 0.1111728 0.0449666
vt 0.1825039 0.0481916
vt 0.1830141 0.0520875
vt 0.1111728 0.0491523
vt 0.1827798 0.1007223
vt 0.1111732 0.0994339
vt 0.1111730 0.0952617
vt 0.1822167 0.0968538
vt 0.1111736 0.1695750
vt 0.1111736 0.1598786
vt 0.1847096 0.1589741
vt 0.1840847 0.1682932
vt 0.1848185 0.1723964
vt 0.1858254 0.1827123
vt 0.1111736 0.1846326
vt 0.1111732 0.1740141
vt 0.1111730 0.0701283
vt 0.1111728 0.0601013
vt 0.1833595 0.0628290
vt 0.1822270 0.0725660
vt 0.1827635 0.0764472
vt 0.1832319 0.0871422
vt 0.1111730 0.0852362
vt 0.1111730 0.0743070
vt 0.1111732 0.1199943
vt 0.1111732 0.1101818
vt 0.1833801 0.1112113
vt 0.1824982 0.1206826
vt 0.1831678 0.1248074
vt 0.1839029 0.1351879
vt 0.1111732 0.1350998
vt 0.1111732 0.1244446
vt 0.1111732 0.1447970
vt 0.1111732 0.1350998
vt 0.1839029 0.1351879
vt 0.1831416 0.1445240
vt 0.1838419 0.1486358
vt 0.1847096 0.1589741
vt 0.1111736 0.1598786
vt 0.1111732 0.1492416
vt 0.1860726 0.1962142
vt 0.1870155 0.2066217
vt 0.1111736 0.2093571
vt 0.1111736 0.1987590
vt 0.1111736 0.1943260
vt 0.1111736 0.1846326
vt 0.1858254 0.1827123
vt 0.1853325 0.1920638
vt 0.1111728 0.0197760
vt 0.1111726 0.0097467
vt 0.1843190 0.0138570
vt 0.1830270 0.0237086
vt 0.1835173 0.0276250
vt 0.1837477 0.0384239
vt 0.1111728 0.0349380
vt 0.1111728 0.0239695
vt 0.1111728 0.0449666
vt 0.1111728 0.0349380
vt 0.1837477 0.0384239
vt 0.1825039 0.0481916
vt 0.1830141 0.0520875
vt 0.1833595 0.0628290
vt 0.1111728 0.0601013
vt 0.1111728 0.0491523
vt 0.1827798 0.1007223
vt 0.1833801 0.1112113
vt 0.1111732 0.1101818
vt 0.1111732 0.0994339
vt 0.1111730 0.0952617
vt 0.1111730 0.0852362
vt 0.1832319 0.0871422
vt 0.1822167 0.0968538
vt 0.5579541 0.0405268
vt 0.5569409 0.0598999
vt 0.5426970 0.0599495
vt 0.5448965 0.0404599
vt 0.5250863 0.0405451
vt 0.5208216 0.0604980
vt 0.5416154 0.1010357
vt 0.5426970 0.0599495
vt 0.5560077 0.0831711
vt 0.5556563 0.1007009
vt 0.5160421 0.1017097
vt 0.5208216 0.0604980
vt 0.5750600 0.0397664
vt 0.5716281 0.0500098
vt 0.5670221 0.1206325
vt 0.5503064 0.1206373
vt 0.5556563 0.1007009
vt 0.5731807 0.1009817
vt 0.2868837 0.1140185
vt 0.2851281 0.1206679
vt 0.2230093 0.1078782
vt 0.2293628 0.1020391
vt 0.6288670 0.0126067
vt 0.6290629 0.0330581
vt 0.5767088 0.0358226
vt 0.5751612 0.0160746
vt 0.5077211 0.0390319
vt 0.5016325 0.0605233
vt 0.4920065 0.1018427
vt 0.5160421 0.1017097
vt 0.5070315 0.1219585
vt 0.5077211 0.0390319
vt 0.4927961 0.0377599
vt 0.4969829 0.0154525
vt 0.5145810 0.0174648
vt 0.4851026 0.1189347
vt 0.4683574 0.1197353
vt 0.4775503 0.1016115
vt 0.4920065 0.1018427
vt 0.5416154 0.1010357
vt 0.5290992 0.1223477
vt 0.5145426 0.1227029
vt 0.6120115 0.1023377
vt 0.5949438 0.1236821
vt 0.5906963 0.1015204
vt 0.2230093 0.1078782
vt 0.2081575 0.1161497
vt 0.2074378 0.1033742
vt 0.2161283 0.0716689
vt 0.2041618 0.0852754
vt 0.2011836 0.0591301
vt 0.2133701 0.0350858
vt 0.2851281 0.1206679
vt 0.2850212 0.1215953
vt 0.2230093 0.1078782
vt 0.2230784 0.1090136
vt 0.2071682 0.1173996
vt 0.2081575 0.1161497
vt 0.5016325 0.0605233
vt 0.4920065 0.1018427
vt 0.4840428 0.0742803
vt 0.5016325 0.0605233
vt 0.4994409 0.1208816
vt 0.4851026 0.1189347
vt 0.6164795 0.1071298
vt 0.5993964 0.1282981
vt 0.6120115 0.1023377
vt 0.6194730 0.0837825
vt 0.6272982 0.1059543
vt 0.6164795 0.1071298
vt 0.5477591 0.0370263
vt 0.5545430 0.0173886
vt 0.5604268 0.0368492
vt 0.5145810 0.0174648
vt 0.5273508 0.0370746
vt 0.6827748 0.0306581
vt 0.5077211 0.0390319
vt 0.5273508 0.0370746
vt 0.5250863 0.0405451
vt 0.5077211 0.0390319
vt 0.5477591 0.0370263
vt 0.5604268 0.0368492
vt 0.5579541 0.0405268
vt 0.5448965 0.0404599
vt 0.5767088 0.0358226
vt 0.5750600 0.0397664
vt 0.6827748 0.0306581
vt 0.6825827 0.0361476
vt 0.6290629 0.0330581
vt 0.6284794 0.0384655
vt 0.5889825 0.0395380
vt 0.6284794 0.0384655
vt 0.6395844 0.0601091
vt 0.6283579 0.0596445
vt 0.6283579 0.0596445
vt 0.6395844 0.0601091
vt 0.6432924 0.0652089
vt 0.6823109 0.0838872
vt 0.6828129 0.0701113
vt 0.6482064 0.0835393
vt 0.6504725 0.0691133
vt 0.5731807 0.1009817
vt 0.5746564 0.0834442
vt 0.5906963 0.1015204
vt 0.5907822 0.0834720
vt 0.5786798 0.0423364
vt 0.5996781 0.0418586
vt 0.5889335 0.0395438
vt 0.5889825 0.0395380
vt 0.6009269 0.0388789
vt 0.6009269 0.0388789
vt 0.6012235 0.0768355
vt 0.5909611 0.0794937
vt 0.5728776 0.0698600
vt 0.5569409 0.0598999
vt 0.5805666 0.0771178
vt 0.5696136 0.0597990
vt 0.5696136 0.0597990
vt 0.6078976 0.0491799
vt 0.6117127 0.0592751
vt 0.6087425 0.0696052
vt 0.6117127 0.0592751
vt 0.6439493 0.1044176
vt 0.6823704 0.1041704
vt 0.5909611 0.0794937
vt 0.5865486 0.0647113
vt 0.5894326 0.0631413
vt 0.6012235 0.0768355
vt 0.5696136 0.0597990
vt 0.5776901 0.0583277
vt 0.5796479 0.0627402
vt 0.5728776 0.0698600
vt 0.6117127 0.0592751
vt 0.5923209 0.0571960
vt 0.5922546 0.0539367
vt 0.6078976 0.0491799
vt 0.5786798 0.0423364
vt 0.5821908 0.0500585
vt 0.5784500 0.0535401
vt 0.5716281 0.0500098
vt 0.5805666 0.0771178
vt 0.5830372 0.0647919
vt 0.5996781 0.0418586
vt 0.5905889 0.0508233
vt 0.5869123 0.0491758
vt 0.5889335 0.0395438
vt 0.5913425 0.0605589
vt 0.6087425 0.0696052
vt 0.6859590 0.0453300
vt 0.6825827 0.0361476
vt 0.6378110 0.0418147
vt 0.6284794 0.0384655
vt 0.6284794 0.0384655
vt 0.6378110 0.0418147
vt 0.6494310 0.0558465
vt 0.6395844 0.0601091
vt 0.6432924 0.0652089
vt 0.6828129 0.0701113
vt 0.6835403 0.0576903
vt 0.6534142 0.0579574
vt 0.6504725 0.0691133
vt 0.5665659 0.1218049
vt 0.5501072 0.1218446
vt 0.5503064 0.1206373
vt 0.5670221 0.1206325
vt 0.4683574 0.1197353
vt 0.4851026 0.1189347
vt 0.4847363 0.1199589
vt 0.5287129 0.1235518
vt 0.5145233 0.1238961
vt 0.5145426 0.1227029
vt 0.5290992 0.1223477
vt 0.4994409 0.1208816
vt 0.5070315 0.1219585
vt 0.5067537 0.1231442
vt 0.4992695 0.1220334
vt 0.2061433 0.1034377
vt 0.2074378 0.1033742
vt 0.2081575 0.1161497
vt 0.2071682 0.1173996
vt 0.2029442 0.0855649
vt 0.2041618 0.0852754
vt 0.2001852 0.0604279
vt 0.2011836 0.0591301
vt 0.5986102 0.1295232
vt 0.5939563 0.1246799
vt 0.5949438 0.1236821
vt 0.5993964 0.1282981
vt 0.2213356 0.0698485
vt 0.2161283 0.0716689
vt 0.2133701 0.0350858
vt 0.2245330 0.0308380
vt 0.2844489 0.0183772
vt 0.2838790 0.0326600
vt 0.2464256 0.0349576
vt 0.2440510 0.0211481
vt 0.3308306 0.0171377
vt 0.3308306 0.0314143
vt 0.2838790 0.0326600
vt 0.2844489 0.0183772
vt 0.2293628 0.1020391
vt 0.2371684 0.0990674
vt 0.2874944 0.1000693
vt 0.2868837 0.1140185
vt 0.2868837 0.1140185
vt 0.2874944 0.1000693
vt 0.3308306 0.1023035
vt 0.3308306 0.1164768
vt 0.2440510 0.0211481
vt 0.2464256 0.0349576
vt 0.2339857 0.0398521
vt 0.2245330 0.0308380
vt 0.2245330 0.0308380
vt 0.2339857 0.0398521
vt 0.2371684 0.0990674
vt 0.2213356 0.0698485
vt 0.2213356 0.0698485
vt 0.2371684 0.0990674
vt 0.2293628 0.1020391
vt 0.0375285 0.1723972
vt 0.0382621 0.1682940
vt 0.0395823 0.0764480
vt 0.0401188 0.0725668
vt 0.0391788 0.1248081
vt 0.0398482 0.1206834
vt 0.0385047 0.1486366
vt 0.0392050 0.1445248
vt 0.0362746 0.1962150
vt 0.0370147 0.1920646
vt 0.0388281 0.0276258
vt 0.0393183 0.0237094
vt 0.0393315 0.0520883
vt 0.0398417 0.0481923
vt 0.0401293 0.0968546
vt 0.0395664 0.1007230
vt 0.0376372 0.1589748
vt 0.0382621 0.1682940
vt 0.0375285 0.1723972
vt 0.0365218 0.1827131
vt 0.0389863 0.0628298
vt 0.0401188 0.0725668
vt 0.0395823 0.0764480
vt 0.0391141 0.0871430
vt 0.0389663 0.1112121
vt 0.0398482 0.1206834
vt 0.0391788 0.1248081
vt 0.0384437 0.1351886
vt 0.0384437 0.1351886
vt 0.0392050 0.1445248
vt 0.0385047 0.1486366
vt 0.0376372 0.1589748
vt 0.0362746 0.1962150
vt 0.0353319 0.2066225
vt 0.0365218 0.1827131
vt 0.0370147 0.1920646
vt 0.0393183 0.0237094
vt 0.0380264 0.0138577
vt 0.0388281 0.0276258
vt 0.0385978 0.0384246
vt 0.0385978 0.0384246
vt 0.0398417 0.0481923
vt 0.0393315 0.0520883
vt 0.0389863 0.0628298
vt 0.0389663 0.1112121
vt 0.0395664 0.1007230
vt 0.0391141 0.0871430
vt 0.0401293 0.0968546
vt 0.0280653 0.4828708
vt 0.0385625 0.4817717
vt 0.0428703 0.6067082
vt 0.0379118 0.6067163
vt 0.0284755 0.7305939
vt 0.0389763 0.7316580
vt 0.0287132 0.4579794
vt 0.0426852 0.4566057
vt 0.0292058 0.7554829
vt 0.0431823 0.7568104
vt 0.0643927 0.9846668
vt 0.2695883 0.8867835
vt 0.3037039 0.3734287
vt 0.2831399 0.3761257
vt 0.0681000 0.9927629
vt 0.0643927 0.9846668
vt 0.5888330 0.3597405
vt 0.5994563 0.3752414
vt 0.0624943 0.9871364
vt 0.7105818 0.5980308
vt 0.7984934 0.5501425
vt 0.8101778 0.5714499
vt 0.7400371 0.6098791
vt 0.6676382 0.6978871
vt 0.7532159 0.7503239
vt 0.7404083 0.7712897
vt 0.6714221 0.7291111
vt 0.5589858 0.7098461
vt 0.5561522 0.8099306
vt 0.5316557 0.8092684
vt 0.5338657 0.7286462
vt 0.4657641 0.6095617
vt 0.4945256 0.6218907
vt 0.4066684 0.6693210
vt 0.3950318 0.6478337
vt 0.5346899 0.4913416
vt 0.5383664 0.5223255
vt 0.4535746 0.4700703
vt 0.4663413 0.4492983
vt 0.6463182 0.5109962
vt 0.6490194 0.4114037
vt 0.6731973 0.4119964
vt 0.6712177 0.4915698
vt 0.7099727 0.6287246
vt 0.7105818 0.5980308
vt 0.7400371 0.6098791
vt 0.7386992 0.6175352
vt 0.6399982 0.7116762
vt 0.6676382 0.6978871
vt 0.6714221 0.7291111
vt 0.6640807 0.7317295
vt 0.5333081 0.6928136
vt 0.5589858 0.7098461
vt 0.5338657 0.7286462
vt 0.5279599 0.7236000
vt 0.4964359 0.5912091
vt 0.4945256 0.6218907
vt 0.4657641 0.6095617
vt 0.4671718 0.6019433
vt 0.5658189 0.5086876
vt 0.5383664 0.5223255
vt 0.5346899 0.4913416
vt 0.5419714 0.4887575
vt 0.6724315 0.5268262
vt 0.6463182 0.5109962
vt 0.6712177 0.4915698
vt 0.6771303 0.4965411
vt 0.7464175 0.4566282
vt 0.7586011 0.4778861
vt 0.6724315 0.5268262
vt 0.6771303 0.4965411
vt 0.8084462 0.6577369
vt 0.7960807 0.6790817
vt 0.7099727 0.6287246
vt 0.7386992 0.6175352
vt 0.6636714 0.8118117
vt 0.6391326 0.8116326
vt 0.6399982 0.7116762
vt 0.6640807 0.7317295
vt 0.4465395 0.7418093
vt 0.5333081 0.6928136
vt 0.5279599 0.7236000
vt 0.4585937 0.7630910
vt 0.4108287 0.5406751
vt 0.4964359 0.5912091
vt 0.4671718 0.6019433
vt 0.3984527 0.5617051
vt 0.5668347 0.4096197
vt 0.5658189 0.5086876
vt 0.5419714 0.4887575
vt 0.5425180 0.4093989
vt 0.8101778 0.5714499
vt 0.7984934 0.5501425
vt 0.7105818 0.5980308
vt 0.7400371 0.6098791
vt 0.7404083 0.7712897
vt 0.7532159 0.7503239
vt 0.6676382 0.6978871
vt 0.6714221 0.7291111
vt 0.5316557 0.8092684
vt 0.5561522 0.8099306
vt 0.5589858 0.7098461
vt 0.5338657 0.7286462
vt 0.4657641 0.6095617
vt 0.3950318 0.6478337
vt 0.4066684 0.6693210
vt 0.4945256 0.6218907
vt 0.5346899 0.4913416
vt 0.4663413 0.4492983
vt 0.4535746 0.4700703
vt 0.5383664 0.5223255
vt 0.6731973 0.4119964
vt 0.6490194 0.4114037
vt 0.6463182 0.5109962
vt 0.6712177 0.4915698
vt 0.7400371 0.6098791
vt 0.7105818 0.5980308
vt 0.7099727 0.6287246
vt 0.7386992 0.6175352
vt 0.6714221 0.7291111
vt 0.6676382 0.6978871
vt 0.6399982 0.7116762
vt 0.6640807 0.7317295
vt 0.5338657 0.7286462
vt 0.5589858 0.7098461
vt 0.5333081 0.6928136
vt 0.5279599 0.7236000
vt 0.4657641 0.6095617
vt 0.4945256 0.6218907
vt 0.4964359 0.5912091
vt 0.4671718 0.6019433
vt 0.5346899 0.4913416
vt 0.5383664 0.5223255
vt 0.5658189 0.5086876
vt 0.5419714 0.4887575
vt 0.6712177 0.4915698
vt 0.6463182 0.5109962
vt 0.6724315 0.5268262
vt 0.6771303 0.4965411
vt 0.7464175 0.4566282
vt 0.6771303 0.4965411
vt 0.6724315 0.5268262
vt 0.7586011 0.4778861
vt 0.8084462 0.6577369
vt 0.7386992 0.6175352
vt 0.7099727 0.6287246
vt 0.7960807 0.6790817
vt 0.6636714 0.8118117
vt 0.6640807 0.7317295
vt 0.6399982 0.7116762
vt 0.6391326 0.8116326
vt 0.5279599 0.7236000
vt 0.5333081 0.6928136
vt 0.4465395 0.7418093
vt 0.4585937 0.7630910
vt 0.4671718 0.6019433
vt 0.4964359 0.5912091
vt 0.4108287 0.5406751
vt 0.3984527 0.5617051
vt 0.5419714 0.4887575
vt 0.5658189 0.5086876
vt 0.5668347 0.4096197
vt 0.5425180 0.4093989
vt 0.8101778 0.5714499
vt 0.7984934 0.5501425
vt 0.7105818 0.5980308
vt 0.7400371 0.6098791
vt 0.7404083 0.7712897
vt 0.7532159 0.7503239
vt 0.6676382 0.6978871
vt 0.6714221 0.7291111
vt 0.5316557 0.8092684
vt 0.5561522 0.8099306
vt 0.5589858 0.7098461
vt 0.5338657 0.7286462
vt 0.4657641 0.6095617
vt 0.3950318 0.6478337
vt 0.4066684 0.6693210
vt 0.4945256 0.6218907
vt 0.5346899 0.4913416
vt 0.4663413 0.4492983
vt 0.4535746 0.4700703
vt 0.5383664 0.5223255
vt 0.6731973 0.4119964
vt 0.6490194 0.4114037
vt 0.6463182 0.5109962
vt 0.6712177 0.4915698
vt 0.7400371 0.6098791
vt 0.7105818 0.5980308
vt 0.7099727 0.6287246
vt 0.7386992 0.6175352
vt 0.6714221 0.7291111
vt 0.6676382 0.6978871
vt 0.6399982 0.7116762
vt 0.6640807 0.7317295
vt 0.5338657 0.7286462
vt 0.5589858 0.7098461
vt 0.5333081 0.6928136
vt 0.5279599 0.7236000
vt 0.4657641 0.6095617
vt 0.4945256 0.6218907
vt 0.4964359 0.5912091
vt 0.4671718 0.6019433
vt 0.5346899 0.4913416
vt 0.5383664 0.5223255
vt 0.5658189 0.5086876
vt 0.5419714 0.4887575
vt 0.6712177 0.4915698
vt 0.6463182 0.5109962
vt 0.6724315 0.5268262
vt 0.6771303 0.4965411
vt 0.7464175 0.4566282
vt 0.6771303 0.4965411
vt 0.6724315 0.5268262
vt 0.7586011 0.4778861
vt 0.8084462 0.6577369
vt 0.7386992 0.6175352
vt 0.7099727 0.6287246
vt 0.7960807 0.6790817
vt 0.6636714 0.8118117
vt 0.6640807 0.7317295
vt 0.6399982 0.7116762
vt 0.6391326 0.8116326
vt 0.5279599 0.7236000
vt 0.5333081 0.6928136
vt 0.4465395 0.7418093
vt 0.4585937 0.7630910
vt 0.4671718 0.6019433
vt 0.4964359 0.5912091
vt 0.4108287 0.5406751
vt 0.3984527 0.5617051
vt 0.5419714 0.4887575
vt 0.5658189 0.5086876
vt 0.5668347 0.4096197
vt 0.5425180 0.4093989
f 2073/2073 2074/2074 2075/2075
f 2075/2075 2076/2076 2073/2073
f 2077/2077 2078/2078 2079/2079
f 2079/2079 2080/2080 2077/2077
f 2081/2081 2082/2082 2083/2083
f 2083/2083 2084/2084 2081/2081
f 2085/2085 2086/2086 2087/2087
f 2087/2087 2088/2088 2085/2085
f 2089/2089 2090/2090 2091/2091
f 2091/2091 2092/2092 2089/2089
f 2093/2093 2094/2094 2095/2095
f 2095/2095 2096/2096 2093/2093
f 2097/2097 2098/2098 2099/2099
f 2099/2099 2100/2100 2097/2097
f 2101/2101 2102/2102 2103/2103
f 2103/2103 2104/2104 2101/2101
f 2105/2105 2106/2106 2107/2107
f 2107/2107 2108/2108 2105/2105
f 2109/2109 2110/2110 2111/2111
f 2111/2111 2112/2112 2109/2109
f 2113/2113 2114/2114 2115/2115
f 2115/2115 2116/2116 2113/2113
f 2117/2117 2118/2118 2119/2119
f 2119/2119 2120/2120 2117/2117
f 2121/2121 2122/2122 2123/2123
f 2123/2123 2124/2124 2121/2121
f 2125/2125 2126/2126 2127/2127
f 2127/2127 2128/2128 2125/2125
f 2129/2129 2130/2130 2131/2131
f 2131/2131 2132/2132 2129/2129
f 2133/2133 2134/2134 2135/2135
f 2135/2135 2136/2136 2133/2133
f 2137/2137 2138/2138 2139/2139
f 2139/2139 2140/2140 2137/2137
f 2141/2141 2142/2142 2143/2143
f 2143/2143 2144/2144 2141/2141
f 2145/2145 2146/2146 2147/2147
f 2147/2147 2148/2148 2145/2145
f 2146/2146 2145/2145 2471/2471
f 2149/2149 2147/2147 2146/2146
f 2146/2146 2150/2150 2149/2149
f 2471/2471 2470/2470 2146/2146
f 2150/2150 2146/2146 2470/2470
f 2470/2470 2471/2471 2468/2468
f 2468/2468 2469/2469 2470/2470
f 2475/2475 2470/2470 2469/2469
f 2470/2470 2475/2475 2150/2150
f 2469/2469 2468/2468 2576/2576
f 2469/2469 2472/2472 2473/2473
f 2473/2473 2474/2474 2469/2469
f 2469/2469 2474/2474 2475/2475
f 2576/2576 2472/2472 2469/2469
f 2475/2475 2478/2478 2159/2159
f 2159/2159 2150/2150 2475/2475
f 2478/2478 2475/2475 2474/2474
f 2476/2476 2477/2477 2474/2474
f 2474/2474 2473/2473 2476/2476
f 2474/2474 2477/2477 2478/2478
f 2159/2159 2478/2478 2481/2481
f 2480/2480 2481/2481 2478/2478
f 2478/2478 2477/2477 2480/2480
f 2479/2479 2480/2480 2477/2477
f 2477/2477 2476/2476 2479/2479
f 2482/2482 2480/2480 2479/2479
f 2481/2481 2480/2480 2482/2482
f 2481/2481 2162/2162 2159/2159
f 2162/2162 2481/2481 2487/2487
f 2482/2482 2487/2487 2481/2481
f 2482/2482 2483/2483 2484/2484
f 2484/2484 2485/2485 2482/2482
f 2479/2479 2483/2483 2482/2482
f 2487/2487 2482/2482 2485/2485
f 2487/2487 2488/2488 2162/2162
f 2617/2617 2488/2488 2487/2487
f 2487/2487 2618/2618 2617/2617
f 2485/2485 2618/2618 2487/2487
f 2490/2490 2485/2485 2484/2484
f 2618/2618 2485/2485 2490/2490
f 2484/2484 2491/2491 2490/2490
f 2490/2490 2491/2491 2492/2492
f 2492/2492 2493/2493 2490/2490
f 2490/2490 2619/2619 2618/2618
f 2619/2619 2490/2490 2493/2493
f 2618/2618 2619/2619 2622/2622
f 2622/2622 2617/2617 2618/2618
f 2622/2622 2619/2619 2620/2620
f 2493/2493 2620/2620 2619/2619
f 2620/2620 2621/2621 2622/2622
f 2615/2615 2162/2162 2488/2488
f 2160/2160 2162/2162 2615/2615
f 2615/2615 2616/2616 2160/2160
f 2159/2159 2162/2162 2160/2160
f 2158/2158 2157/2157 2160/2160
f 2160/2160 2161/2161 2158/2158
f 2160/2160 2157/2157 2159/2159
f 2161/2161 2160/2160 2616/2616
f 2616/2616 2614/2614 2161/2161
f 2158/2158 2161/2161 2252/2252
f 2255/2255 2252/2252 2161/2161
f 2161/2161 2256/2256 2255/2255
f 2256/2256 2161/2161 2614/2614
f 2252/2252 2249/2249 2158/2158
f 2158/2158 2249/2249 2244/2244
f 2244/2244 2243/2243 2154/2154
f 2154/2154 2153/2153 2244/2244
f 2244/2244 2153/2153 2158/2158
f 2155/2155 2154/2154 2243/2243
f 2153/2153 2154/2154 2152/2152
f 2152/2152 2154/2154 2155/2155
f 2152/2152 2151/2151 2153/2153
f 2153/2153 2151/2151 2157/2157
f 2157/2157 2158/2158 2153/2153
f 2150/2150 2151/2151 2152/2152
f 2152/2152 2149/2149 2150/2150
f 2155/2155 2156/2156 2152/2152
f 2157/2157 2151/2151 2150/2150
f 2150/2150 2159/2159 2157/2157
f 2611/2611 2255/2255 2256/2256
f 2256/2256 2612/2612 2611/2611
f 2611/2611 2612/2612 2613/2613
f 2163/2163 2164/2164 2165/2165
f 2165/2165 2166/2166 2163/2163
f 2164/2164 2163/2163 2167/2167
f 2163/2163 2166/2166 2168/2168
f 2168/2168 2169/2169 2163/2163
f 2176/2176 2167/2167 2163/2163
f 2163/2163 2177/2177 2176/2176
f 2178/2178 2177/2177 2163/2163
f 2163/2163 2169/2169 2178/2178
f 2609/2609 2165/2165 2164/2164
f 2165/2165 2609/2609 2610/2610
f 2609/2609 2608/2608 2257/2257
f 2257/2257 2610/2610 2609/2609
f 2164/2164 2604/2604 2609/2609
f 2335/2335 2258/2258 2608/2608
f 2608/2608 2606/2606 2335/2335
f 2258/2258 2257/2257 2608/2608
f 2257/2257 2258/2258 2259/2259
f 2335/2335 2259/2259 2258/2258
f 2335/2335 7711/7711 2259/2259
f 2335/2335 2338/2338 7711/7711
f 2335/2335 2336/2336 2337/2337
f 2337/2337 2338/2338 2335/2335
f 2336/2336 2335/2335 2606/2606
f 2606/2606 2607/2607 2336/2336
f 2339/2339 2337/2337 2336/2336
f 2336/2336 2340/2340 2339/2339
f 2340/2340 2336/2336 2607/2607
f 2607/2607 2660/2660 2340/2340
f 2339/2339 2340/2340 2681/2681
f 2340/2340 2660/2660 2448/2448
f 2448/2448 2681/2681 2340/2340
f 2681/2681 2448/2448 2447/2447
f 2446/2446 2447/2447 2448/2448
f 2449/2449 2450/2450 2447/2447
f 2447/2447 2446/2446 2449/2449
f 2450/2450 2449/2449 2590/2590
f 2590/2590 2591/2591 2450/2450
f 2591/2591 2590/2590 2677/2677
f 2678/2678 2677/2677 2590/2590
f 2677/2677 2686/2686 2591/2591
f 2675/2675 2677/2677 2678/2678
f 2678/2678 2676/2676 2675/2675
f 2674/2674 2673/2673 2675/2675
f 2675/2675 2676/2676 2674/2674
f 2673/2673 2674/2674 2671/2671
f 2671/2671 2670/2670 2673/2673
f 2669/2669 2670/2670 2671/2671
f 2671/2671 2672/2672 2669/2669
f 2669/2669 2672/2672 2599/2599
f 2672/2672 2600/2600 2599/2599
f 2598/2598 2599/2599 2600/2600
f 3129/3129 3128/3128 2599/2599
f 2599/2599 2598/2598 3129/3129
f 2598/2598 2600/2600 3135/3135
f 3143/3143 2598/2598 3134/3134
f 3135/3135 3134/3134 2598/2598
f 3143/3143 3129/3129 2598/2598
f 3134/3134 3135/3135 2605/2605
f 2605/2605 2176/2176 3134/3134
f 3136/3136 3137/3137 3134/3134
f 3134/3134 2176/2176 3136/3136
f 3134/3134 3137/3137 3143/3143
f 3129/3129 3143/3143 3139/3139
f 3129/3129 3139/3139 3138/3138
f 3138/3138 3130/3130 3129/3129
f 3138/3138 3141/3141 3130/3130
f 3130/3130 3141/3141 3140/3140
f 3140/3140 2596/2596 3130/3130
f 2179/2179 2596/2596 3140/3140
f 3140/3140 3142/3142 2179/2179
f 2594/2594 2595/2595 2596/2596
f 3130/3130 2596/2596 2595/2595
f 2594/2594 2596/2596 2179/2179
f 2171/2171 2179/2179 2178/2178
f 2184/2184 2179/2179 2171/2171
f 2179/2179 2184/2184 2594/2594
f 2178/2178 2179/2179 3142/3142
f 3142/3142 3133/3133 2178/2178
f 2178/2178 2169/2169 2171/2171
f 3132/3132 2178/2178 3133/3133
f 2177/2177 2178/2178 3132/3132
f 2170/2170 2171/2171 2169/2169
f 2169/2169 2168/2168 2170/2170
f 2172/2172 2171/2171 2170/2170
f 2170/2170 2173/2173 2172/2172
f 2486/2486 2170/2170 2168/2168
f 2173/2173 2170/2170 2486/2486
f 2174/2174 2175/2175 2172/2172
f 2172/2172 2173/2173 2174/2174
f 2171/2171 2172/2172 2184/2184
f 2184/2184 2172/2172 2175/2175
f 2486/2486 2489/2489 2173/2173
f 2173/2173 2489/2489 2494/2494
f 2494/2494 2174/2174 2173/2173
f 2175/2175 2189/2189 2184/2184
f 2184/2184 2189/2189 2597/2597
f 2597/2597 2594/2594 2184/2184
f 3132/3132 3144/3144 2177/2177
f 3144/3144 3145/3145 2177/2177
f 2176/2176 2177/2177 3145/3145
f 2176/2176 3145/3145 3136/3136
f 2603/2603 2167/2167 2176/2176
f 2176/2176 2605/2605 2603/2603
f 2167/2167 2603/2603 2604/2604
f 2604/2604 2164/2164 2167/2167
f 2595/2595 3131/3131 3130/3130
f 3130/3130 3131/3131 3128/3128
f 3128/3128 3129/3129 3130/3130
f 2180/2180 2181/2181 2182/2182
f 2182/2182 2183/2183 2180/2180
f 2186/2186 2180/2180 2183/2183
f 2181/2181 2180/2180 2197/2197
f 2180/2180 2186/2186 2195/2195
f 2195/2195 2197/2197 2180/2180
f 2191/2191 2182/2182 2181/2181
f 2181/2181 2190/2190 2191/2191
f 2191/2191 2601/2601 2602/2602
f 2682/2682 2191/2191 2190/2190
f 2601/2601 2191/2191 2682/2682
f 2602/2602 2601/2601 2668/2668
f 2668/2668 2667/2667 2602/2602
f 2667/2667 2668/2668 2666/2666
f 2666/2666 2665/2665 2667/2667
f 2665/2665 2666/2666 2664/2664
f 2664/2664 2663/2663 2665/2665
f 2663/2663 2664/2664 2661/2661
f 2661/2661 2662/2662 2663/2663
f 2679/2679 2662/2662 2661/2661
f 2662/2662 2679/2679 2680/2680
f 2680/2680 2687/2687 2662/2662
f 2679/2679 2453/2453 2452/2452
f 2452/2452 2680/2680 2679/2679
f 2451/2451 2452/2452 2453/2453
f 2453/2453 2454/2454 2451/2451
f 2451/2451 2454/2454 2582/2582
f 2582/2582 2583/2583 2451/2451
f 2684/2684 2583/2583 2582/2582
f 2583/2583 2684/2684 2683/2683
f 2683/2683 2685/2685 2583/2583
f 2683/2683 2684/2684 2659/2659
f 2659/2659 2658/2658 2683/2683
f 2658/2658 2659/2659 2657/2657
f 2657/2657 2656/2656 2658/2658
f 2656/2656 2657/2657 2654/2654
f 2654/2654 2653/2653 2656/2656
f 2653/2653 2654/2654 2655/2655
f 2655/2655 2584/2584 2653/2653
f 2655/2655 2585/2585 2584/2584
f 2655/2655 2689/2689 2688/2688
f 2688/2688 2585/2585 2655/2655
f 2584/2584 2585/2585 2586/2586
f 3121/3121 2586/2586 2585/2585
f 3120/3120 3121/3121 3122/3122
f 2585/2585 3122/3122 3121/3121
f 3185/3185 3121/3121 3120/3120
f 3183/3183 3122/3122 2585/2585
f 3122/3122 3183/3183 3120/3120
f 2585/2585 3127/3127 3183/3183
f 3120/3120 3183/3183 3184/3184
f 2688/2688 3126/3126 3127/3127
f 2585/2585 2688/2688 3127/3127
f 3175/3175 3126/3126 2688/2688
f 2688/2688 2194/2194 3175/3175
f 2194/2194 3178/3178 3175/3175
f 2190/2190 2194/2194 2192/2192
f 3176/3176 2194/2194 2190/2190
f 2194/2194 2688/2688 2192/2192
f 3177/3177 3178/3178 2194/2194
f 2194/2194 3176/3176 3177/3177
f 2192/2192 2193/2193 2190/2190
f 2190/2190 2193/2193 2682/2682
f 2190/2190 2181/2181 3176/3176
f 2688/2688 2689/2689 2192/2192
f 2197/2197 3176/3176 2181/2181
f 3176/3176 2197/2197 3179/3179
f 3179/3179 3177/3177 3176/3176
f 2195/2195 2196/2196 2197/2197
f 3125/3125 2197/2197 2196/2196
f 3125/3125 3179/3179 2197/2197
f 2196/2196 3124/3124 3125/3125
f 2504/2504 2503/2503 2196/2196
f 2196/2196 2195/2195 2504/2504
f 3124/3124 2196/2196 2503/2503
f 2503/2503 3123/3123 3124/3124
f 2502/2502 2498/2498 2503/2503
f 2503/2503 2504/2504 2502/2502
f 2498/2498 3123/3123 2503/2503
f 2504/2504 2508/2508 2506/2506
f 2506/2506 2502/2502 2504/2504
f 2508/2508 2504/2504 2195/2195
f 2498/2498 2502/2502 2505/2505
f 2505/2505 2502/2502 2506/2506
f 2506/2506 2507/2507 2505/2505
f 2506/2506 2509/2509 2510/2510
f 2510/2510 2507/2507 2506/2506
f 2509/2509 2506/2506 2508/2508
f 2511/2511 2508/2508 2198/2198
f 2195/2195 2198/2198 2508/2508
f 2508/2508 2511/2511 2509/2509
f 2198/2198 2201/2201 2511/2511
f 2185/2185 2198/2198 2195/2195
f 2201/2201 2198/2198 2185/2185
f 2195/2195 2186/2186 2185/2185
f 2185/2185 2186/2186 2187/2187
f 2187/2187 2188/2188 2185/2185
f 2199/2199 2185/2185 2188/2188
f 2185/2185 2199/2199 2201/2201
f 2183/2183 2187/2187 2186/2186
f 2188/2188 2200/2200 2199/2199
f 2505/2505 2499/2499 2498/2498
f 2498/2498 2499/2499 2500/2500
f 2500/2500 2501/2501 2498/2498
f 2498/2498 3180/3180 3123/3123
f 2498/2498 2501/2501 3181/3181
f 3181/3181 3180/3180 2498/2498
f 2501/2501 2500/2500 2587/2587
f 2587/2587 2588/2588 2501/2501
f 2501/2501 3182/3182 3181/3181
f 3185/3185 3182/3182 2501/2501
f 2501/2501 2588/2588 3185/3185
f 3180/3180 3181/3181 3120/3120
f 3182/3182 3120/3120 3181/3181
f 3120/3120 3184/3184 3180/3180
f 3120/3120 3182/3182 3185/3185
f 2202/2202 2203/2203 2204/2204
f 2204/2204 2205/2205 2202/2202
f 2516/2516 2203/2203 2202/2202
f 2202/2202 2517/2517 2516/2516
f 2206/2206 2207/2207 2204/2204
f 2204/2204 2208/2208 2206/2206
f 2208/2208 2204/2204 2203/2203
f 2205/2205 2204/2204 2207/2207
f 2235/2235 2205/2205 2207/2207
f 2236/2236 2235/2235 2207/2207
f 2235/2235 2236/2236 2237/2237
f 2237/2237 2238/2238 2235/2235
f 2238/2238 2237/2237 2648/2648
f 2648/2648 2647/2647 2238/2238
f 2647/2647 2648/2648 2334/2334
f 2334/2334 2333/2333 2647/2647
f 2332/2332 2333/2333 2334/2334
f 2650/2650 2649/2649 2333/2333
f 2333/2333 2332/2332 2650/2650
f 2650/2650 2332/2332 2456/2456
f 2649/2649 2650/2650 2651/2651
f 2455/2455 2651/2651 2650/2650
f 2455/2455 2650/2650 2456/2456
f 2651/2651 2652/2652 2649/2649
f 2455/2455 2456/2456 2457/2457
f 2458/2458 2455/2455 2457/2457
f 2457/2457 2459/2459 2458/2458
f 2458/2458 2459/2459 2460/2460
f 2460/2460 2461/2461 2458/2458
f 2644/2644 2461/2461 2460/2460
f 2460/2460 2645/2645 2644/2644
f 2643/2643 2644/2644 2645/2645
f 2645/2645 2646/2646 2643/2643
f 2643/2643 2646/2646 2766/2766
f 2203/2203 2209/2209 2208/2208
f 2520/2520 2209/2209 2203/2203
f 2203/2203 2516/2516 2520/2520
f 2206/2206 2208/2208 2210/2210
f 2208/2208 2209/2209 2214/2214
f 2210/2210 2208/2208 2214/2214
f 2291/2291 2210/2210 2292/2292
f 2214/2214 2213/2213 2210/2210
f 2210/2210 2213/2213 3460/3460
f 2210/2210 3460/3460 2292/2292
f 2213/2213 2214/2214 2211/2211
f 2211/2211 2214/2214 2209/2209
f 2211/2211 2212/2212 2213/2213
f 2295/2295 2213/2213 2212/2212
f 3460/3460 2213/2213 2295/2295
f 2218/2218 2212/2212 2211/2211
f 2212/2212 2296/2296 2295/2295
f 2296/2296 2212/2212 2218/2218
f 2218/2218 2297/2297 2296/2296
f 2298/2298 2297/2297 2218/2218
f 2211/2211 2217/2217 2218/2218
f 2218/2218 2217/2217 2219/2219
f 2219/2219 2220/2220 2218/2218
f 2218/2218 2220/2220 2298/2298
f 2216/2216 2217/2217 2211/2211
f 2217/2217 2216/2216 2221/2221
f 2221/2221 2219/2219 2217/2217
f 2211/2211 2215/2215 2216/2216
f 2526/2526 2216/2216 2215/2215
f 2529/2529 2221/2221 2216/2216
f 2216/2216 2526/2526 2529/2529
f 2209/2209 2215/2215 2211/2211
f 2215/2215 2525/2525 2526/2526
f 2525/2525 2215/2215 2209/2209
f 2524/2524 2526/2526 2525/2525
f 2529/2529 2526/2526 2524/2524
f 2524/2524 2528/2528 2529/2529
f 2523/2523 2524/2524 2521/2521
f 2525/2525 2521/2521 2524/2524
f 2528/2528 2524/2524 2523/2523
f 2521/2521 2525/2525 2520/2520
f 2209/2209 2520/2520 2525/2525
f 2521/2521 2522/2522 2523/2523
f 2520/2520 2519/2519 2521/2521
f 2521/2521 2519/2519 2518/2518
f 2518/2518 2522/2522 2521/2521
f 2523/2523 2530/2530 2528/2528
f 2518/2518 2519/2519 2513/2513
f 2513/2513 2512/2512 2518/2518
f 2519/2519 2520/2520 2516/2516
f 2516/2516 2513/2513 2519/2519
f 2512/2512 2513/2513 2514/2514
f 2513/2513 2516/2516 2517/2517
f 2517/2517 2514/2514 2513/2513
f 2514/2514 2515/2515 2512/2512
f 2291/2291 2292/2292 2293/2293
f 2293/2293 2294/2294 2291/2291
f 2294/2294 2293/2293 2313/2313
f 2313/2313 2314/2314 2294/2294
f 2314/2314 2313/2313 2315/2315
f 2315/2315 2316/2316 2314/2314
f 2222/2222 2223/2223 2224/2224
f 2224/2224 2225/2225 2222/2222
f 2222/2222 2225/2225 2527/2527
f 2223/2223 3356/3356 3357/3357
f 3357/3357 2224/2224 2223/2223
f 3357/3357 3356/3356 3358/3358
f 3356/3356 3359/3359 3360/3360
f 3360/3360 3358/3358 3356/3356
f 3359/3359 3361/3361 3362/3362
f 3362/3362 3360/3360 3359/3359
f 3363/3363 3364/3364 3361/3361
f 3362/3362 3361/3361 3364/3364
f 3364/3364 3375/3375 3362/3362
f 3364/3364 3363/3363 3371/3371
f 3371/3371 3372/3372 3364/3364
f 3371/3371 3373/3373 3374/3374
f 3374/3374 3372/3372 3371/3371
f 3374/3374 3373/3373 5503/5503
f 5503/5503 5502/5502 3374/3374
f 5495/5495 5502/5502 5503/5503
f 5503/5503 5494/5494 5495/5495
f 5494/5494 5493/5493 5495/5495
f 5495/5495 5493/5493 5492/5492
f 5492/5492 5504/5504 5495/5495
f 5492/5492 5493/5493 5491/5491
f 5491/5491 5490/5490 5492/5492
f 5490/5490 5491/5491 5488/5488
f 5488/5488 5489/5489 5490/5490
f 5487/5487 5488/5488 4380/4380
f 5487/5487 5489/5489 5488/5488
f 4380/4380 4379/4379 5487/5487
f 4379/4379 4380/4380 4377/4377
f 4377/4377 4378/4378 4379/4379
f 4377/4377 4667/4667 4378/4378
f 2226/2226 2227/2227 2228/2228
f 2228/2228 2229/2229 2226/2226
f 2226/2226 2229/2229 3354/3354
f 3354/3354 3355/3355 2226/2226
f 2227/2227 2299/2299 2300/2300
f 2300/2300 2228/2228 2227/2227
f 2299/2299 2301/2301 2302/2302
f 2302/2302 2300/2300 2299/2299
f 2301/2301 2317/2317 2318/2318
f 2318/2318 2302/2302 2301/2301
f 2317/2317 2319/2319 2320/2320
f 2320/2320 2318/2318 2317/2317
f 3355/3355 3365/3365 3366/3366
f 3355/3355 3354/3354 3367/3367
f 3355/3355 3367/3367 3365/3365
f 3370/3370 3366/3366 3365/3365
f 2230/2230 2231/2231 2232/2232
f 2230/2230 2232/2232 2233/2233
f 2233/2233 2234/2234 2230/2230
f 2572/2572 2232/2232 2231/2231
f 2231/2231 2573/2573 2572/2572
f 2234/2234 2233/2233 2303/2303
f 2303/2303 2304/2304 2234/2234
f 2303/2303 2321/2321 2322/2322
f 2322/2322 2323/2323 2303/2303
f 2323/2323 2304/2304 2303/2303
f 2322/2322 2321/2321 2402/2402
f 2402/2402 2401/2401 2322/2322
f 2401/2401 2402/2402 2403/2403
f 2403/2403 2404/2404 2401/2401
f 4546/4546 2404/2404 2403/2403
f 2403/2403 4545/4545 4546/4546
f 4477/4477 4546/4546 4545/4545
f 4545/4545 4478/4478 4477/4477
f 4459/4459 4476/4476 4477/4477
f 4477/4477 4478/4478 4459/4459
f 4388/4388 4458/4458 4459/4459
f 4459/4459 4389/4389 4388/4388
f 4476/4476 4459/4459 4458/4458
f 4385/4385 4388/4388 4389/4389
f 4389/4389 4386/4386 4385/4385
f 4385/4385 4386/4386 4387/4387
f 4387/4387 4386/4386 4712/4712
f 4712/4712 4713/4713 4387/4387
f 2239/2239 2240/2240 2241/2241
f 2241/2241 2242/2242 2239/2239
f 2240/2240 2245/2245 2248/2248
f 2248/2248 2241/2241 2240/2240
f 2242/2242 2241/2241 2415/2415
f 2241/2241 2248/2248 2417/2417
f 2417/2417 2415/2415 2241/2241
f 2415/2415 2416/2416 2242/2242
f 2417/2417 2248/2248 2247/2247
f 2247/2247 2418/2418 2417/2417
f 2247/2247 2248/2248 2245/2245
f 2245/2245 2246/2246 2247/2247
f 2250/2250 2247/2247 2246/2246
f 2247/2247 2250/2250 2419/2419
f 2419/2419 2418/2418 2247/2247
f 2246/2246 2251/2251 2250/2250
f 2253/2253 2250/2250 2251/2251
f 2250/2250 2253/2253 2420/2420
f 2420/2420 2419/2419 2250/2250
f 2251/2251 2254/2254 2253/2253
f 2260/2260 2261/2261 2262/2262
f 2262/2262 2263/2263 2260/2260
f 2261/2261 2260/2260 2266/2266
f 2262/2262 2261/2261 2264/2264
f 2266/2266 2267/2267 2261/2261
f 2264/2264 2261/2261 2267/2267
f 2264/2264 2265/2265 2262/2262
f 2262/2262 2462/2462 2263/2263
f 2462/2462 2262/2262 2265/2265
f 2263/2263 2462/2462 2463/2463
f 2265/2265 2464/2464 2462/2462
f 2462/2462 2574/2574 2463/2463
f 2462/2462 2464/2464 2575/2575
f 2462/2462 2575/2575 2574/2574
f 2267/2267 2271/2271 2264/2264
f 2270/2270 2271/2271 2268/2268
f 2267/2267 2268/2268 2271/2271
f 2268/2268 2269/2269 2270/2270
f 2276/2276 2270/2270 2269/2269
f 2269/2269 2268/2268 2272/2272
f 2268/2268 2592/2592 2593/2593
f 2268/2268 2593/2593 2272/2272
f 2592/2592 2268/2268 2267/2267
f 2272/2272 2273/2273 2269/2269
f 2275/2275 2269/2269 2273/2273
f 2269/2269 2275/2275 2276/2276
f 2284/2284 2276/2276 2275/2275
f 2273/2273 2274/2274 2275/2275
f 2275/2275 2274/2274 2579/2579
f 2579/2579 2278/2278 2275/2275
f 2275/2275 2278/2278 2284/2284
f 2283/2283 2284/2284 2277/2277
f 2277/2277 2284/2284 2278/2278
f 2277/2277 2278/2278 2279/2279
f 2279/2279 2278/2278 2579/2579
f 2279/2279 2280/2280 2277/2277
f 2282/2282 2277/2277 2280/2280
f 2277/2277 2282/2282 2283/2283
f 2283/2283 2282/2282 2285/2285
f 2285/2285 2287/2287 2283/2283
f 2280/2280 2281/2281 2282/2282
f 2285/2285 2282/2282 2281/2281
f 2281/2281 2286/2286 2285/2285
f 2288/2288 2285/2285 2286/2286
f 2290/2290 2287/2287 2285/2285
f 2285/2285 2288/2288 2290/2290
f 2286/2286 2289/2289 2288/2288
f 2305/2305 2288/2288 2289/2289
f 2290/2290 2288/2288 2305/2305
f 2305/2305 2331/2331 2290/2290
f 2289/2289 2306/2306 2305/2305
f 2311/2311 2305/2305 2306/2306
f 2331/2331 2305/2305 2311/2311
f 2311/2311 2329/2329 2331/2331
f 2306/2306 2312/2312 2311/2311
f 2324/2324 2311/2311 2312/2312
f 2329/2329 2311/2311 2324/2324
f 2324/2324 2330/2330 2329/2329
f 2267/2267 2266/2266 2592/2592
f 2307/2307 2308/2308 2309/2309
f 2309/2309 2310/2310 2307/2307
f 2308/2308 2307/2307 2344/2344
f 2309/2309 2308/2308 2325/2325
f 2344/2344 2343/2343 2308/2308
f 2325/2325 2308/2308 2343/2343
f 2325/2325 2326/2326 2309/2309
f 2326/2326 2325/2325 2327/2327
f 2343/2343 2345/2345 2325/2325
f 2325/2325 2345/2345 2348/2348
f 2348/2348 2327/2327 2325/2325
f 2341/2341 2342/2342 2343/2343
f 2343/2343 2344/2344 2341/2341
f 2345/2345 2343/2343 2342/2342
f 2342/2342 2346/2346 2345/2345
f 2345/2345 2346/2346 2347/2347
f 2347/2347 2348/2348 2345/2345
f 2342/2342 2341/2341 2442/2442
f 2442/2442 2443/2443 2342/2342
f 2346/2346 2342/2342 2443/2443
f 2443/2443 2444/2444 2346/2346
f 2346/2346 2444/2444 2445/2445
f 2445/2445 2347/2347 2346/2346
f 2327/2327 2328/2328 2326/2326
f 2349/2349 2350/2350 2351/2351
f 2351/2351 2352/2352 2349/2349
f 2350/2350 2349/2349 2353/2353
f 2353/2353 2349/2349 2355/2355
f 2355/2355 2349/2349 2352/2352
f 2353/2353 2354/2354 2350/2350
f 4507/4507 2354/2354 2353/2353
f 2355/2355 2360/2360 2353/2353
f 2353/2353 4504/4504 4507/4507
f 4508/4508 4504/4504 2353/2353
f 2353/2353 2360/2360 4508/4508
f 4506/4506 4507/4507 4504/4504
f 4504/4504 4505/4505 4506/4506
f 4505/4505 4504/4504 4508/4508
f 4508/4508 4511/4511 4505/4505
f 4508/4508 4509/4509 4510/4510
f 4510/4510 4511/4511 4508/4508
f 4508/4508 2360/2360 2359/2359
f 2359/2359 4509/4509 4508/4508
f 2359/2359 2360/2360 2355/2355
f 2355/2355 2358/2358 2359/2359
f 2363/2363 2359/2359 2358/2358
f 4509/4509 2359/2359 2363/2363
f 4510/4510 4509/4509 4512/4512
f 2363/2363 4512/4512 4509/4509
f 4512/4512 4513/4513 4510/4510
f 4513/4513 4512/4512 4514/4514
f 2366/2366 4514/4514 4512/4512
f 4512/4512 2363/2363 2366/2366
f 2358/2358 2361/2361 2363/2363
f 2366/2366 2363/2363 2361/2361
f 2357/2357 2358/2358 2355/2355
f 2361/2361 2358/2358 2357/2357
f 2357/2357 2362/2362 2361/2361
f 2364/2364 2361/2361 2362/2362
f 2361/2361 2364/2364 2366/2366
f 2355/2355 2356/2356 2357/2357
f 2352/2352 2356/2356 2355/2355
f 2362/2362 2365/2365 2364/2364
f 4514/4514 4515/4515 4513/4513
f 2367/2367 2368/2368 2369/2369
f 2369/2369 2370/2370 2367/2367
f 2367/2367 2370/2370 2371/2371
f 2371/2371 2372/2372 2367/2367
f 2368/2368 2367/2367 2373/2373
f 2373/2373 2367/2367 2372/2372
f 2370/2370 2412/2412 2413/2413
f 2413/2413 2371/2371 2370/2370
f 2412/2412 2370/2370 2369/2369
f 2372/2372 2371/2371 2421/2421
f 2371/2371 2413/2413 2441/2441
f 2441/2441 2421/2421 2371/2371
f 2421/2421 2422/2422 2372/2372
f 2372/2372 2422/2422 2423/2423
f 2372/2372 2375/2375 2373/2373
f 2423/2423 2375/2375 2372/2372
f 2377/2377 2375/2375 2423/2423
f 2423/2423 2425/2425 2377/2377
f 2376/2376 2373/2373 2375/2375
f 2375/2375 2377/2377 2376/2376
f 2376/2376 2377/2377 2378/2378
f 2424/2424 2378/2378 2377/2377
f 2377/2377 2425/2425 2424/2424
f 2378/2378 2379/2379 2376/2376
f 2381/2381 2378/2378 2424/2424
f 2380/2380 2379/2379 2378/2378
f 2378/2378 2381/2381 2380/2380
f 2424/2424 2427/2427 2381/2381
f 2380/2380 2381/2381 2382/2382
f 2426/2426 2382/2382 2381/2381
f 2381/2381 2427/2427 2426/2426
f 2382/2382 2383/2383 2380/2380
f 2379/2379 2380/2380 2580/2580
f 2380/2380 2383/2383 4269/4269
f 4269/4269 2580/2580 2380/2380
f 2384/2384 2383/2383 2382/2382
f 2382/2382 2385/2385 2384/2384
f 2385/2385 2382/2382 2426/2426
f 2426/2426 2428/2428 2385/2385
f 2384/2384 2385/2385 2386/2386
f 2386/2386 2385/2385 2428/2428
f 2386/2386 2387/2387 2384/2384
f 2383/2383 2384/2384 4270/4270
f 2384/2384 2387/2387 2411/2411
f 2411/2411 4270/4270 2384/2384
f 4270/4270 4269/4269 2383/2383
f 4270/4270 4530/4530 4527/4527
f 4527/4527 4269/4269 4270/4270
f 4530/4530 4270/4270 2411/2411
f 2410/2410 2411/2411 2387/2387
f 4533/4533 2411/2411 2410/2410
f 2411/2411 4533/4533 4530/4530
f 4530/4530 4531/4531 4528/4528
f 4528/4528 4527/4527 4530/4530
f 4532/4532 4531/4531 4530/4530
f 4530/4530 4533/4533 4532/4532
f 4526/4526 4527/4527 4528/4528
f 4269/4269 4527/4527 4526/4526
f 4528/4528 4529/4529 4526/4526
f 4529/4529 4528/4528 4564/4564
f 4564/4564 4528/4528 4531/4531
f 4531/4531 4566/4566 4564/4564
f 4566/4566 4531/4531 4532/4532
f 4564/4564 4565/4565 4529/4529
f 4529/4529 4565/4565 4562/4562
f 4562/4562 4524/4524 4529/4529
f 4526/4526 4529/4529 4524/4524
f 4562/4562 4563/4563 4525/4525
f 4525/4525 4524/4524 4562/4562
f 4522/4522 4523/4523 4524/4524
f 4524/4524 4525/4525 4522/4522
f 4524/4524 4523/4523 4526/4526
f 4522/4522 4525/4525 4521/4521
f 4525/4525 4563/4563 4561/4561
f 4561/4561 4521/4521 4525/4525
f 4520/4520 4521/4521 4518/4518
f 4521/4521 4520/4520 4522/4522
f 4518/4518 4521/4521 4561/4561
f 4561/4561 4559/4559 4518/4518
f 4516/4516 4518/4518 4519/4519
f 4518/4518 4516/4516 4520/4520
f 4518/4518 4559/4559 4560/4560
f 4560/4560 4519/4519 4518/4518
f 4520/4520 4516/4516 2368/2368
f 2368/2368 2374/2374 4520/4520
f 4522/4522 4520/4520 2374/2374
f 4516/4516 4517/4517 2369/2369
f 2369/2369 2368/2368 4516/4516
f 4519/4519 4517/4517 4516/4516
f 4517/4517 4519/4519 4551/4551
f 4519/4519 4560/4560 4579/4579
f 4579/4579 4551/4551 4519/4519
f 4551/4551 4552/4552 4517/4517
f 2369/2369 4517/4517 4552/4552
f 2369/2369 2414/2414 2412/2412
f 4552/4552 2414/2414 2369/2369
f 2373/2373 2374/2374 2368/2368
f 2374/2374 2373/2373 2376/2376
f 2376/2376 4268/4268 2374/2374
f 2376/2376 2379/2379 2581/2581
f 2581/2581 4268/4268 2376/2376
f 2374/2374 4268/4268 4522/4522
f 4522/4522 4268/4268 2581/2581
f 2580/2580 2581/2581 2379/2379
f 4523/4523 2581/2581 2580/2580
f 2581/2581 4523/4523 4522/4522
f 2580/2580 4526/4526 4523/4523
f 4526/4526 2580/2580 4269/4269
f 4550/4550 4532/4532 4533/4533
f 4532/4532 4567/4567 4566/4566
f 4578/4578 4567/4567 4532/4532
f 4532/4532 4550/4550 4578/4578
f 2410/2410 4547/4547 4533/4533
f 4533/4533 4547/4547 4550/4550
f 2408/2408 2409/2409 2410/2410
f 2410/2410 2405/2405 2408/2408
f 2387/2387 2405/2405 2410/2410
f 2410/2410 2409/2409 4548/4548
f 4548/4548 4547/4547 2410/2410
f 4547/4547 4548/4548 4549/4549
f 4549/4549 4550/4550 4547/4547
f 4549/4549 4548/4548 4605/4605
f 4275/4275 4605/4605 4548/4548
f 4548/4548 2409/2409 4275/4275
f 4275/4275 2409/2409 2408/2408
f 2408/2408 2466/2466 4275/4275
f 2407/2407 2465/2465 2466/2466
f 2466/2466 2408/2408 2407/2407
f 2405/2405 2406/2406 2407/2407
f 2407/2407 2408/2408 2405/2405
f 2439/2439 2407/2407 2406/2406
f 2465/2465 2407/2407 2439/2439
f 2439/2439 2467/2467 2465/2465
f 2406/2406 2440/2440 2439/2439
f 2387/2387 2386/2386 2406/2406
f 2406/2406 2405/2405 2387/2387
f 2440/2440 2406/2406 2386/2386
f 2386/2386 2429/2429 2440/2440
f 2428/2428 2429/2429 2386/2386
f 4605/4605 4606/4606 4549/4549
f 4606/4606 4607/4607 4577/4577
f 4577/4577 4549/4549 4606/4606
f 4550/4550 4549/4549 4577/4577
f 4577/4577 4578/4578 4550/4550
f 2388/2388 2389/2389 2390/2390
f 2390/2390 2391/2391 2388/2388
f 2389/2389 2388/2388 2430/2430
f 2430/2430 2431/2431 2389/2389
f 2392/2392 2393/2393 2391/2391
f 2391/2391 2390/2390 2392/2392
f 4537/4537 2393/2393 2392/2392
f 2392/2392 4534/4534 4537/4537
f 4536/4536 4537/4537 4534/4534
f 4534/4534 4535/4535 4536/4536
f 4569/4569 4536/4536 4535/4535
f 4535/4535 4568/4568 4569/4569
f 2394/2394 2395/2395 2396/2396
f 2396/2396 2397/2397 2394/2394
f 2394/2394 7702/7702 7703/7703
f 7703/7703 2395/2395 2394/2394
f 2397/2397 2396/2396 2436/2436
f 4541/4541 7703/7703 7702/7702
f 7702/7702 4538/4538 4541/4541
f 4540/4540 4541/4541 4538/4538
f 4538/4538 4539/4539 4540/4540
f 4539/4539 4574/4574 4540/4540
f 2398/2398 2399/2399 2400/2400
f 2398/2398 3523/3523 3520/3520
f 3520/3520 2399/2399 2398/2398
f 2398/2398 2400/2400 4286/4286
f 4286/4286 4287/4287 2398/2398
f 3520/3520 3521/3521 2399/2399
f 3526/3526 2400/2400 2399/2399
f 3521/3521 3526/3526 2399/2399
f 4542/4542 4287/4287 4286/4286
f 4286/4286 4543/4543 4542/4542
f 4542/4542 4543/4543 4544/4544
f 4542/4542 4544/4544 5643/5643
f 5643/5643 5646/5646 4542/4542
f 5649/5649 4544/4544 4543/4543
f 5643/5643 4544/4544 5644/5644
f 5644/5644 4544/4544 5649/5649
f 2432/2432 2433/2433 2434/2434
f 2434/2434 2435/2435 2432/2432
f 2433/2433 2437/2437 2438/2438
f 2438/2438 2434/2434 2433/2433
f 3512/3512 2435/2435 2434/2434
f 2434/2434 3513/3513 3512/3512
f 3513/3513 2434/2434 2438/2438
f 2438/2438 3522/3522 3513/3513
f 2437/2437 3525/3525 2438/2438
f 3522/3522 2438/2438 3525/3525
f 3525/3525 3524/3524 3522/3522
f 3524/3524 3525/3525 3515/3515
f 3515/3515 3514/3514 3524/3524
f 3514/3514 3515/3515 3516/3516
f 3516/3516 3517/3517 3514/3514
f 3516/3516 3518/3518 3519/3519
f 3519/3519 3517/3517 3516/3516
f 3519/3519 3518/3518 5641/5641
f 5641/5641 5640/5640 3519/3519
f 5639/5639 5640/5640 5641/5641
f 5641/5641 5642/5642 5639/5639
f 5648/5648 5639/5639 5642/5642
f 5642/5642 5647/5647 5648/5648
f 5645/5645 5648/5648 5647/5647
f 4576/4576 4575/4575 5647/5647
f 5647/5647 4575/4575 5645/5645
f 5638/5638 5645/5645 4575/4575
f 4575/4575 4576/4576 4573/4573
f 4573/4573 4572/4572 4575/4575
f 4575/4575 4572/4572 5638/5638
f 5637/5637 5638/5638 4572/4572
f 4570/4570 4571/4571 4572/4572
f 4572/4572 4573/4573 4570/4570
f 4572/4572 4571/4571 5637/5637
f 2495/2495 2496/2496 2497/2497
f 2634/2634 2495/2495 2497/2497
f 2497/2497 2496/2496 2639/2639
f 2497/2497 2635/2635 2634/2634
f 2633/2633 2634/2634 2635/2635
f 2635/2635 2636/2636 2633/2633
f 2637/2637 2633/2633 2636/2636
f 2636/2636 2638/2638 2637/2637
f 2630/2630 2637/2637 2638/2638
f 2638/2638 2631/2631 2630/2630
f 2630/2630 2631/2631 2628/2628
f 2628/2628 2632/2632 2630/2630
f 2627/2627 2628/2628 2629/2629
f 2627/2627 2632/2632 2628/2628
f 2531/2531 2532/2532 2533/2533
f 2533/2533 2534/2534 2531/2531
f 2532/2532 2531/2531 2535/2535
f 2535/2535 2536/2536 2532/2532
f 2536/2536 2535/2535 2537/2537
f 2537/2537 2538/2538 2536/2536
f 2537/2537 2542/2542 2541/2541
f 2541/2541 2538/2538 2537/2537
f 2541/2541 2542/2542 2539/2539
f 2539/2539 2540/2540 2541/2541
f 2539/2539 2543/2543 2544/2544
f 2544/2544 2540/2540 2539/2539
f 2544/2544 2543/2543 2545/2545
f 2545/2545 2546/2546 2544/2544
f 2545/2545 2640/2640 2641/2641
f 2641/2641 2642/2642 2545/2545
f 2578/2578 2534/2534 2533/2533
f 2533/2533 2577/2577 2578/2578
f 2547/2547 2548/2548 2549/2549
f 2549/2549 2550/2550 2547/2547
f 2559/2559 2547/2547 2557/2557
f 2589/2589 2548/2548 2547/2547
f 2551/2551 2550/2550 2549/2549
f 2549/2549 2552/2552 2551/2551
f 2551/2551 2552/2552 2553/2553
f 2553/2553 2554/2554 2551/2551
f 2554/2554 2553/2553 2555/2555
f 2555/2555 2556/2556 2554/2554
f 2557/2557 2558/2558 2559/2559
f 2558/2558 2557/2557 2560/2560
f 2560/2560 2561/2561 2558/2558
f 2560/2560 2565/2565 2564/2564
f 2564/2564 2561/2561 2560/2560
f 2564/2564 2565/2565 2562/2562
f 2562/2562 2563/2563 2564/2564
f 2563/2563 2562/2562 2570/2570
f 2570/2570 2571/2571 2563/2563
f 2566/2566 2567/2567 2568/2568
f 2568/2568 2569/2569 2566/2566
f 2567/2567 2566/2566 3368/3368
f 3368/3368 3369/3369 2567/2567
f 2623/2623 2624/2624 2625/2625
f 2625/2625 2626/2626 2623/2623
f 2690/2690 2691/2691 2692/2692
f 2692/2692 2693/2693 2690/2690
f 2691/2691 2690/2690 2760/2760
f 2760/2760 2761/2761 2691/2691
f 2760/2760 2747/2747 2746/2746
f 2746/2746 2761/2761 2760/2760
f 2746/2746 2747/2747 2745/2745
f 2745/2745 2744/2744 2746/2746
f 2744/2744 2745/2745 2743/2743
f 2743/2743 2742/2742 2744/2744
f 2742/2742 2743/2743 2741/2741
f 2741/2741 2740/2740 2742/2742
f 2740/2740 2741/2741 2738/2738
f 2738/2738 2739/2739 2740/2740
f 2739/2739 2738/2738 2759/2759
f 2759/2759 2758/2758 2739/2739
f 2758/2758 2759/2759 2703/2703
f 2703/2703 2702/2702 2758/2758
f 2702/2702 2703/2703 2700/2700
f 2700/2700 2701/2701 2702/2702
f 2701/2701 2700/2700 2704/2704
f 2704/2704 2705/2705 2701/2701
f 2704/2704 2763/2763 2762/2762
f 2762/2762 2705/2705 2704/2704
f 2762/2762 2763/2763 2733/2733
f 2733/2733 2732/2732 2762/2762
f 2732/2732 2733/2733 2731/2731
f 2731/2731 2730/2730 2732/2732
f 2730/2730 2731/2731 2729/2729
f 2729/2729 2728/2728 2730/2730
f 2728/2728 2729/2729 2709/2709
f 2709/2709 2708/2708 2728/2728
f 2708/2708 2709/2709 2706/2706
f 2706/2706 2707/2707 2708/2708
f 2707/2707 2706/2706 2693/2693
f 2693/2693 2692/2692 2707/2707
f 2694/2694 2695/2695 2696/2696
f 2696/2696 2697/2697 2694/2694
f 2695/2695 2694/2694 2698/2698
f 2698/2698 2699/2699 2695/2695
f 2699/2699 2698/2698 2710/2710
f 2710/2710 2711/2711 2699/2699
f 2710/2710 2757/2757 2756/2756
f 2756/2756 2711/2711 2710/2710
f 2756/2756 2757/2757 2755/2755
f 2755/2755 2754/2754 2756/2756
f 2754/2754 2755/2755 2753/2753
f 2753/2753 2752/2752 2754/2754
f 2752/2752 2753/2753 2751/2751
f 2751/2751 2750/2750 2752/2752
f 2750/2750 2751/2751 2748/2748
f 2748/2748 2749/2749 2750/2750
f 2749/2749 2748/2748 2764/2764
f 2764/2764 2765/2765 2749/2749
f 2697/2697 2696/2696 2735/2735
f 2735/2735 2734/2734 2697/2697
f 2734/2734 2735/2735 2721/2721
f 2721/2721 2720/2720 2734/2734
f 2720/2720 2721/2721 2722/2722
f 2722/2722 2723/2723 2720/2720
f 2723/2723 2722/2722 2724/2724
f 2724/2724 2725/2725 2723/2723
f 2725/2725 2724/2724 2726/2726
f 2726/2726 2727/2727 2725/2725
f 2712/2712 2713/2713 2714/2714
f 2714/2714 2715/2715 2712/2712
f 2715/2715 2714/2714 2717/2717
f 2717/2717 2716/2716 2715/2715
f 2716/2716 2717/2717 2718/2718
f 2718/2718 2719/2719 2716/2716
f 2719/2719 2718/2718 2736/2736
f 2736/2736 2737/2737 2719/2719
f 2767/2767 2768/2768 2769/2769
f 2769/2769 2770/2770 2767/2767
f 2768/2768 2767/2767 2771/2771
f 2771/2771 2772/2772 2768/2768
f 2772/2772 2771/2771 2833/2833
f 2833/2833 2832/2832 2772/2772
f 2831/2831 2832/2832 2833/2833
f 2833/2833 2834/2834 2831/2831
f 2776/2776 2775/2775 2831/2831
f 2831/2831 2834/2834 2776/2776
f 2775/2775 2776/2776 2773/2773
f 2773/2773 2774/2774 2775/2775
f 2774/2774 2773/2773 2777/2777
f 2777/2777 2778/2778 2774/2774
f 2778/2778 2777/2777 2825/2825
f 2825/2825 2826/2826 2778/2778
f 2781/2781 2826/2826 2825/2825
f 2825/2825 2782/2782 2781/2781
f 2779/2779 2780/2780 2781/2781
f 2781/2781 2782/2782 2779/2779
f 2780/2780 2779/2779 2783/2783
f 2783/2783 2784/2784 2780/2780
f 2784/2784 2783/2783 2785/2785
f 2785/2785 2786/2786 2784/2784
f 2786/2786 2785/2785 2787/2787
f 2787/2787 2788/2788 2786/2786
f 2788/2788 2787/2787 2789/2789
f 2789/2789 2790/2790 2788/2788
f 2790/2790 2789/2789 2791/2791
f 2791/2791 2792/2792 2790/2790
f 2791/2791 2793/2793 2794/2794
f 2794/2794 2792/2792 2791/2791
f 2823/2823 2770/2770 2769/2769
f 2769/2769 2824/2824 2823/2823
f 2795/2795 2796/2796 2797/2797
f 2797/2797 2798/2798 2795/2795
f 2796/2796 2795/2795 3291/3291
f 3291/3291 3290/3290 2796/2796
f 3290/3290 3291/3291 3292/3292
f 3292/3292 3293/3293 3290/3290
f 2799/2799 2800/2800 2801/2801
f 2801/2801 2802/2802 2799/2799
f 2800/2800 2799/2799 2805/2805
f 2805/2805 2806/2806 2800/2800
f 2806/2806 2805/2805 3091/3091
f 3091/3091 3090/3090 2806/2806
f 3090/3090 3091/3091 3088/3088
f 3088/3088 3089/3089 3090/3090
f 3089/3089 3088/3088 3098/3098
f 3098/3098 3099/3099 3089/3089
f 3099/3099 3098/3098 3085/3085
f 3085/3085 3084/3084 3099/3099
f 3084/3084 3085/3085 3082/3082
f 3082/3082 3083/3083 3084/3084
f 3083/3083 3082/3082 3086/3086
f 3086/3086 3087/3087 3083/3083
f 3087/3087 3086/3086 3092/3092
f 3092/3092 3093/3093 3087/3087
f 3093/3093 3092/3092 3094/3094
f 3094/3094 3095/3095 3093/3093
f 3095/3095 3094/3094 3096/3096
f 3096/3096 3097/3097 3095/3095
f 2802/2802 2801/2801 2803/2803
f 2803/2803 2804/2804 2802/2802
f 2803/2803 2853/2853 2854/2854
f 2854/2854 2804/2804 2803/2803
f 2854/2854 2853/2853 2808/2808
f 2808/2808 2807/2807 2854/2854
f 2807/2807 2808/2808 2809/2809
f 2809/2809 2810/2810 2807/2807
f 2810/2810 2809/2809 2829/2829
f 2829/2829 2830/2830 2810/2810
f 2857/2857 2830/2830 2829/2829
f 2829/2829 2858/2858 2857/2857
f 2811/2811 2812/2812 2813/2813
f 2813/2813 2814/2814 2811/2811
f 2812/2812 2811/2811 2851/2851
f 2851/2851 2852/2852 2812/2812
f 2852/2852 2851/2851 2859/2859
f 2859/2859 2860/2860 2852/2852
f 2814/2814 2813/2813 2827/2827
f 2827/2827 2828/2828 2814/2814
f 2855/2855 2828/2828 2827/2827
f 2827/2827 2856/2856 2855/2855
f 2815/2815 2816/2816 2817/2817
f 2817/2817 2818/2818 2815/2815
f 2816/2816 2815/2815 2849/2849
f 2849/2849 2850/2850 2816/2816
f 2819/2819 2818/2818 2817/2817
f 2817/2817 2820/2820 2819/2819
f 2821/2821 2822/2822 2819/2819
f 2819/2819 2820/2820 2821/2821
f 2822/2822 2821/2821 2836/2836
f 2836/2836 2835/2835 2822/2822
f 2835/2835 2836/2836 2837/2837
f 2837/2837 2838/2838 2835/2835
f 2861/2861 2838/2838 2837/2837
f 2837/2837 2862/2862 2861/2861
f 2839/2839 2840/2840 2841/2841
f 2841/2841 2842/2842 2839/2839
f 2843/2843 2844/2844 2845/2845
f 2845/2845 2846/2846 2843/2843
f 2845/2845 2844/2844 2847/2847
f 2847/2847 2848/2848 2845/2845
f 2848/2848 2847/2847 4276/4276
f 4276/4276 4277/4277 2848/2848
f 4276/4276 4984/4984 4985/4985
f 4985/4985 4277/4277 4276/4276
f 4984/4984 4983/4983 4982/4982
f 4982/4982 4985/4985 4984/4984
f 4982/4982 4983/4983 4980/4980
f 4980/4980 4981/4981 4982/4982
f 2863/2863 2864/2864 2865/2865
f 2865/2865 2866/2866 2863/2863
f 2864/2864 2863/2863 2869/2869
f 2869/2869 2870/2870 2864/2864
f 2866/2866 2865/2865 2867/2867
f 2867/2867 2868/2868 2866/2866
f 5001/5001 2868/2868 2867/2867
f 2867/2867 5002/5002 5001/5001
f 5000/5000 5001/5001 5002/5002
f 5002/5002 5003/5003 5000/5000
f 5005/5005 5000/5000 5003/5003
f 5003/5003 5004/5004 5005/5005
f 2871/2871 2872/2872 2873/2873
f 2873/2873 2874/2874 2871/2871
f 2872/2872 2877/2877 2876/2876
f 2876/2876 2873/2873 2872/2872
f 2875/2875 2876/2876 2877/2877
f 2877/2877 2878/2878 2875/2875
f 2879/2879 2880/2880 2881/2881
f 2881/2881 2882/2882 2879/2879
f 2880/2880 2879/2879 2927/2927
f 2927/2927 2928/2928 2880/2880
f 2882/2882 2881/2881 2884/2884
f 2884/2884 2883/2883 2882/2882
f 2883/2883 2884/2884 2885/2885
f 2885/2885 2886/2886 2883/2883
f 2886/2886 2885/2885 2887/2887
f 2887/2887 2888/2888 2886/2886
f 2888/2888 2887/2887 2890/2890
f 2890/2890 2889/2889 2888/2888
f 2889/2889 2890/2890 2891/2891
f 2891/2891 2892/2892 2889/2889
f 2892/2892 2891/2891 2893/2893
f 2893/2893 2894/2894 2892/2892
f 2894/2894 2893/2893 2895/2895
f 2895/2895 2896/2896 2894/2894
f 2896/2896 2895/2895 2902/2902
f 2902/2902 2901/2901 2896/2896
f 2901/2901 2902/2902 2898/2898
f 2898/2898 2897/2897 2901/2901
f 2897/2897 2898/2898 2899/2899
f 2899/2899 2900/2900 2897/2897
f 2903/2903 2904/2904 2905/2905
f 2905/2905 2906/2906 2903/2903
f 2904/2904 2903/2903 2907/2907
f 2907/2907 2908/2908 2904/2904
f 2908/2908 2907/2907 2912/2912
f 2912/2912 2911/2911 2908/2908
f 2911/2911 2912/2912 2909/2909
f 2909/2909 2910/2910 2911/2911
f 2910/2910 2909/2909 2916/2916
f 2916/2916 2915/2915 2910/2910
f 2915/2915 2916/2916 2913/2913
f 2913/2913 2914/2914 2915/2915
f 2914/2914 2913/2913 2917/2917
f 2917/2917 2918/2918 2914/2914
f 2917/2917 2919/2919 2920/2920
f 2920/2920 2918/2918 2917/2917
f 2920/2920 2919/2919 2924/2924
f 2924/2924 2923/2923 2920/2920
f 2923/2923 2924/2924 2921/2921
f 2921/2921 2922/2922 2923/2923
f 2922/2922 2921/2921 2929/2929
f 2929/2929 2930/2930 2922/2922
f 2906/2906 2905/2905 2925/2925
f 2925/2925 2926/2926 2906/2906
f 2931/2931 2932/2932 2933/2933
f 2933/2933 2934/2934 2931/2931
f 2932/2932 2931/2931 2935/2935
f 2935/2935 2936/2936 2932/2932
f 2936/2936 2935/2935 2961/2961
f 2961/2961 2962/2962 2936/2936
f 2947/2947 2934/2934 2933/2933
f 2933/2933 2948/2948 2947/2947
f 2937/2937 2938/2938 2939/2939
f 2939/2939 2940/2940 2937/2937
f 2939/2939 2938/2938 2941/2941
f 2941/2941 2942/2942 2939/2939
f 2942/2942 2941/2941 2957/2957
f 2957/2957 2958/2958 2942/2942
f 2957/2957 2956/2956 2955/2955
f 2955/2955 2958/2958 2957/2957
f 2955/2955 2956/2956 2953/2953
f 2953/2953 2954/2954 2955/2955
f 2954/2954 2953/2953 2960/2960
f 2943/2943 2944/2944 2945/2945
f 2945/2945 2946/2946 2943/2943
f 2963/2963 2944/2944 2943/2943
f 3186/3186 2963/2963 2943/2943
f 2943/2943 3187/3187 3186/3186
f 2959/2959 2946/2946 2945/2945
f 2949/2949 2950/2950 2951/2951
f 2951/2951 2952/2952 2949/2949
f 2949/2949 2982/2982 2950/2950
f 2980/2980 2981/2981 2950/2950
f 2950/2950 2982/2982 2980/2980
f 2980/2980 2983/2983 2981/2981
f 2952/2952 2951/2951 2975/2975
f 2975/2975 2974/2974 2952/2952
f 2974/2974 2975/2975 2976/2976
f 2976/2976 2977/2977 2974/2974
f 2977/2977 2976/2976 2978/2978
f 2978/2978 2979/2979 2977/2977
f 2979/2979 2978/2978 2970/2970
f 2970/2970 2969/2969 2979/2979
f 2969/2969 2970/2970 2971/2971
f 2971/2971 2972/2972 2969/2969
f 2972/2972 2971/2971 2968/2968
f 2968/2968 2973/2973 2972/2972
f 2967/2967 2968/2968 2965/2965
f 2973/2973 2968/2968 2967/2967
f 2965/2965 2964/2964 2967/2967
f 2964/2964 2965/2965 2966/2966
f 2984/2984 2985/2985 2986/2986
f 2986/2986 2987/2987 2984/2984
f 2985/2985 2984/2984 2988/2988
f 2988/2988 2989/2989 2985/2985
f 2989/2989 2988/2988 2996/2996
f 2996/2996 2999/2999 2989/2989
f 2996/2996 2997/2997 2998/2998
f 2998/2998 2999/2999 2996/2996
f 2998/2998 2997/2997 3000/3000
f 3000/3000 3001/3001 2998/2998
f 2987/2987 2986/2986 2990/2990
f 2990/2990 2991/2991 2987/2987
f 2991/2991 2990/2990 3021/3021
f 3021/3021 3020/3020 2991/2991
f 3020/3020 3021/3021 2993/2993
f 2993/2993 2992/2992 3020/3020
f 2992/2992 2993/2993 2994/2994
f 2994/2994 2995/2995 2992/2992
f 2995/2995 2994/2994 3022/3022
f 3022/3022 3023/3023 2995/2995
f 3002/3002 3003/3003 3004/3004
f 3005/3005 3006/3006 3007/3007
f 3007/3007 3008/3008 3005/3005
f 3006/3006 3005/3005 3024/3024
f 3024/3024 3025/3025 3006/3006
f 3025/3025 3024/3024 3026/3026
f 3026/3026 3027/3027 3025/3025
f 3027/3027 3026/3026 3028/3028
f 3028/3028 3029/3029 3027/3027
f 3029/3029 3028/3028 3030/3030
f 3030/3030 3031/3031 3029/3029
f 3031/3031 3030/3030 3032/3032
f 3032/3032 3033/3033 3031/3031
f 3008/3008 3007/3007 3009/3009
f 3009/3009 3010/3010 3008/3008
f 3011/3011 3010/3010 3009/3009
f 3009/3009 3012/3012 3011/3011
f 3013/3013 3011/3011 3012/3012
f 3012/3012 3014/3014 3013/3013
f 3013/3013 3014/3014 3015/3015
f 3015/3015 3016/3016 3013/3013
f 3017/3017 3018/3018 3019/3019
f 3034/3034 3035/3035 3036/3036
f 3036/3036 3037/3037 3034/3034
f 3035/3035 3034/3034 3041/3041
f 3041/3041 3040/3040 3035/3035
f 3040/3040 3041/3041 3038/3038
f 3038/3038 3039/3039 3040/3040
f 3039/3039 3038/3038 3044/3044
f 3044/3044 3045/3045 3039/3039
f 3037/3037 3036/3036 3042/3042
f 3042/3042 3043/3043 3037/3037
f 3043/3043 3042/3042 3058/3058
f 3058/3058 3059/3059 3043/3043
f 3059/3059 3058/3058 3067/3067
f 3067/3067 3066/3066 3059/3059
f 3066/3066 3067/3067 3065/3065
f 3065/3065 3064/3064 3066/3066
f 3064/3064 3065/3065 3061/3061
f 3061/3061 3060/3060 3064/3064
f 3060/3060 3061/3061 3062/3062
f 3062/3062 3063/3063 3060/3060
f 3063/3063 3062/3062 3080/3080
f 3080/3080 3081/3081 3063/3063
f 3046/3046 3047/3047 3048/3048
f 3048/3048 3049/3049 3046/3046
f 3070/3070 3047/3047 3046/3046
f 3046/3046 3071/3071 3070/3070
f 3049/3049 3048/3048 3050/3050
f 3050/3050 3051/3051 3049/3049
f 3051/3051 3050/3050 3053/3053
f 3053/3053 3052/3052 3051/3051
f 3052/3052 3053/3053 3054/3054
f 3054/3054 3055/3055 3052/3052
f 3055/3055 3054/3054 3056/3056
f 3056/3056 3057/3057 3055/3055
f 3068/3068 3069/3069 3070/3070
f 3070/3070 3071/3071 3068/3068
f 3069/3069 3068/3068 3072/3072
f 3072/3072 3073/3073 3069/3069
f 3073/3073 3072/3072 3074/3074
f 3074/3074 3075/3075 3073/3073
f 3075/3075 3074/3074 3076/3076
f 3076/3076 3077/3077 3075/3075
f 3077/3077 3076/3076 3078/3078
f 3078/3078 3079/3079 3077/3077
f 3100/3100 3101/3101 3102/3102
f 3102/3102 3103/3103 3100/3100
f 3101/3101 3100/3100 3104/3104
f 3104/3104 3105/3105 3101/3101
f 3107/3107 3103/3103 3102/3102
f 3102/3102 3106/3106 3107/3107
f 3107/3107 3106/3106 3109/3109
f 3109/3109 3108/3108 3107/3107
f 3108/3108 3109/3109 3110/3110
f 3110/3110 3111/3111 3108/3108
f 3111/3111 3110/3110 3112/3112
f 3112/3112 3113/3113 3111/3111
f 3113/3113 3112/3112 3114/3114
f 3114/3114 3115/3115 3113/3113
f 3115/3115 3114/3114 3116/3116
f 3116/3116 3117/3117 3115/3115
f 3117/3117 3116/3116 3118/3118
f 3118/3118 3119/3119 3117/3117
f 3146/3146 3147/3147 3148/3148
f 3149/3149 3150/3150 3151/3151
f 3161/3161 3149/3149 3151/3151
f 3150/3150 3152/3152 3151/3151
f 3152/3152 3153/3153 3151/3151
f 3153/3153 3154/3154 3151/3151
f 3154/3154 3155/3155 3151/3151
f 3155/3155 3156/3156 3151/3151
f 3156/3156 3157/3157 3151/3151
f 3157/3157 3158/3158 3151/3151
f 3158/3158 3159/3159 3151/3151
f 3159/3159 3160/3160 3151/3151
f 3160/3160 3161/3161 3151/3151
f 3162/3162 3163/3163 3164/3164
f 3174/3174 3162/3162 3164/3164
f 3163/3163 3165/3165 3164/3164
f 3165/3165 3166/3166 3164/3164
f 3166/3166 3167/3167 3164/3164
f 3167/3167 3168/3168 3164/3164
f 3168/3168 3169/3169 3164/3164
f 3169/3169 3170/3170 3164/3164
f 3170/3170 3171/3171 3164/3164
f 3171/3171 3172/3172 3164/3164
f 3172/3172 3173/3173 3164/3164
f 3173/3173 3174/3174 3164/3164
f 3188/3188 3189/3189 3190/3190
f 3190/3190 3191/3191 3188/3188
f 3192/3192 3188/3188 3191/3191
f 3191/3191 3193/3193 3192/3192
f 3194/3194 3192/3192 3193/3193
f 3193/3193 3195/3195 3194/3194
f 3196/3196 3194/3194 3195/3195
f 3195/3195 3197/3197 3196/3196
f 3198/3198 3196/3196 3197/3197
f 3197/3197 3199/3199 3198/3198
f 3200/3200 3201/3201 3202/3202
f 3202/3202 3203/3203 3200/3200
f 3210/3210 3201/3201 3200/3200
f 3200/3200 3211/3211 3210/3210
f 3212/3212 3213/3213 3210/3210
f 3210/3210 3211/3211 3212/3212
f 3213/3213 3212/3212 3218/3218
f 3218/3218 3219/3219 3213/3213
f 3219/3219 3218/3218 3222/3222
f 3222/3222 3223/3223 3219/3219
f 3223/3223 3222/3222 3226/3226
f 3226/3226 3227/3227 3223/3223
f 3227/3227 3226/3226 3236/3236
f 3236/3236 3237/3237 3227/3227
f 3238/3238 3237/3237 3236/3236
f 3236/3236 3239/3239 3238/3238
f 3204/3204 3205/3205 3206/3206
f 3206/3206 3207/3207 3204/3204
f 3205/3205 3204/3204 3215/3215
f 3215/3215 3214/3214 3205/3205
f 3214/3214 3215/3215 3216/3216
f 3216/3216 3217/3217 3214/3214
f 3217/3217 3216/3216 3220/3220
f 3220/3220 3221/3221 3217/3217
f 3221/3221 3220/3220 3224/3224
f 3224/3224 3225/3225 3221/3221
f 3208/3208 3207/3207 3206/3206
f 3206/3206 3209/3209 3208/3208
f 3234/3234 3235/3235 3208/3208
f 3208/3208 3209/3209 3234/3234
f 3228/3228 3229/3229 3230/3230
f 3230/3230 3231/3231 3228/3228
f 3229/3229 3228/3228 3232/3232
f 3232/3232 3233/3233 3229/3229
f 3232/3232 5363/5363 5366/5366
f 5366/5366 3233/3233 3232/3232
f 5363/5363 5364/5364 5365/5365
f 5365/5365 5366/5366 5363/5363
f 3240/3240 3241/3241 3242/3242
f 3242/3242 3243/3243 3240/3240
f 3244/3244 3245/3245 3246/3246
f 3246/3246 3247/3247 3244/3244
f 3244/3244 5377/5377 5378/5378
f 5378/5378 3245/3245 3244/3244
f 3248/3248 3247/3247 3246/3246
f 3246/3246 3249/3249 3248/3248
f 3250/3250 3248/3248 3249/3249
f 5379/5379 5380/5380 5378/5378
f 5378/5378 5377/5377 5379/5379
f 5381/5381 5380/5380 5379/5379
f 3251/3251 3252/3252 3253/3253
f 3253/3253 3254/3254 3251/3251
f 3252/3252 3251/3251 3258/3258
f 3258/3258 3257/3257 3252/3252
f 3257/3257 3258/3258 3255/3255
f 3255/3255 3256/3256 3257/3257
f 3256/3256 3255/3255 3259/3259
f 3259/3259 3260/3260 3256/3256
f 3260/3260 3259/3259 3261/3261
f 3262/3262 3263/3263 3264/3264
f 3264/3264 3265/3265 3262/3262
f 3263/3263 3266/3266 3267/3267
f 3267/3267 3264/3264 3263/3263
f 3267/3267 3266/3266 3268/3268
f 3266/3266 3269/3269 3270/3270
f 3270/3270 3268/3268 3266/3266
f 3270/3270 3269/3269 3271/3271
f 3271/3271 3269/3269 3272/3272
f 3272/3272 3273/3273 3271/3271
f 3273/3273 3272/3272 3274/3274
f 3274/3274 3275/3275 3273/3273
f 3276/3276 3277/3277 3278/3278
f 3278/3278 3279/3279 3276/3276
f 3277/3277 3276/3276 3280/3280
f 3280/3280 3281/3281 3277/3277
f 3281/3281 3280/3280 3286/3286
f 3286/3286 3287/3287 3281/3281
f 3287/3287 3286/3286 3288/3288
f 3288/3288 3289/3289 3287/3287
f 3289/3289 3288/3288 3294/3294
f 3294/3294 3295/3295 3289/3289
f 3295/3295 3294/3294 3296/3296
f 3296/3296 3297/3297 3295/3295
f 3279/3279 3278/3278 3283/3283
f 3283/3283 3282/3282 3279/3279
f 3282/3282 3283/3283 3284/3284
f 3284/3284 3285/3285 3282/3282
f 3285/3285 3284/3284 3331/3331
f 3331/3331 3330/3330 3285/3285
f 3330/3330 3331/3331 3298/3298
f 3298/3298 3301/3301 3330/3330
f 3298/3298 3299/3299 3300/3300
f 3300/3300 3301/3301 3298/3298
f 3299/3299 3329/3329 3328/3328
f 3328/3328 3300/3300 3299/3299
f 3328/3328 3329/3329 3327/3327
f 3327/3327 3326/3326 3328/3328
f 3326/3326 3327/3327 3319/3319
f 3319/3319 3318/3318 3326/3326
f 3318/3318 3319/3319 3320/3320
f 3320/3320 3321/3321 3318/3318
f 3321/3321 3320/3320 3323/3323
f 3323/3323 3322/3322 3321/3321
f 3322/3322 3323/3323 3324/3324
f 3324/3324 3325/3325 3322/3322
f 3325/3325 3324/3324 3332/3332
f 3332/3332 3333/3333 3325/3325
f 3302/3302 3303/3303 3304/3304
f 3304/3304 3305/3305 3302/3302
f 3306/3306 3307/3307 3308/3308
f 3308/3308 3309/3309 3306/3306
f 3310/3310 3311/3311 3312/3312
f 3312/3312 3313/3313 3310/3310
f 3312/3312 3311/3311 3314/3314
f 3314/3314 3315/3315 3312/3312
f 3315/3315 3314/3314 3316/3316
f 3316/3316 3317/3317 3315/3315
f 3334/3334 3335/3335 3336/3336
f 3336/3336 3337/3337 3334/3334
f 3337/3337 3336/3336 3343/3343
f 3343/3343 3342/3342 3337/3337
f 3342/3342 3343/3343 3344/3344
f 3344/3344 3345/3345 3342/3342
f 3345/3345 3344/3344 3350/3350
f 3350/3350 3351/3351 3345/3345
f 3338/3338 3339/3339 3340/3340
f 3340/3340 3341/3341 3338/3338
f 3339/3339 3338/3338 3349/3349
f 3349/3349 3348/3348 3339/3339
f 3348/3348 3349/3349 3346/3346
f 3346/3346 3347/3347 3348/3348
f 3347/3347 3346/3346 3352/3352
f 3352/3352 3353/3353 3347/3347
f 3376/3376 3377/3377 3378/3378
f 3379/3379 3380/3380 3381/3381
f 3381/3381 3382/3382 3379/3379
f 3383/3383 3384/3384 3385/3385
f 3385/3385 3386/3386 3383/3383
f 3383/3383 3387/3387 3384/3384
f 3389/3389 3384/3384 3387/3387
f 3387/3387 3388/3388 3389/3389
f 3386/3386 3385/3385 4282/4282
f 4282/4282 4283/4283 3386/3386
f 4282/4282 5512/5512 5515/5515
f 5515/5515 4283/4283 4282/4282
f 5512/5512 5513/5513 5514/5514
f 5514/5514 5515/5515 5512/5512
f 5516/5516 5513/5513 5517/5517
f 5514/5514 5513/5513 5516/5516
f 5517/5517 5518/5518 5516/5516
f 3390/3390 3391/3391 3392/3392
f 3392/3392 3393/3393 3390/3390
f 3394/3394 3395/3395 3396/3396
f 3394/3394 7712/7712 7713/7713
f 3394/3394 7713/7713 3395/3395
f 3397/3397 3398/3398 3399/3399
f 3399/3399 3400/3400 3397/3397
f 3398/3398 3397/3397 3401/3401
f 3401/3401 3402/3402 3398/3398
f 3402/3402 3401/3401 3437/3437
f 3437/3437 3436/3436 3402/3402
f 3436/3436 3437/3437 3434/3434
f 3434/3434 3435/3435 3436/3436
f 3435/3435 3434/3434 3438/3438
f 3438/3438 3439/3439 3435/3435
f 3440/3440 3439/3439 3438/3438
f 3400/3400 3399/3399 3458/3458
f 3458/3458 3459/3459 3400/3400
f 3403/3403 3404/3404 3405/3405
f 3405/3405 3406/3406 3403/3403
f 3409/3409 3403/3403 3407/3407
f 3409/3409 3404/3404 3403/3403
f 3406/3406 3405/3405 3441/3441
f 3441/3441 3442/3442 3406/3406
f 3442/3442 3441/3441 3443/3443
f 3443/3443 3444/3444 3442/3442
f 3443/3443 3448/3448 3449/3449
f 3449/3449 3444/3444 3443/3443
f 3448/3448 3446/3446 3445/3445
f 3445/3445 3449/3449 3448/3448
f 3445/3445 3446/3446 3447/3447
f 3407/3407 3408/3408 3409/3409
f 3410/3410 3411/3411 3408/3408
f 3408/3408 3407/3407 3410/3410
f 3411/3411 3410/3410 3416/3416
f 3416/3416 3417/3417 3411/3411
f 3417/3417 3416/3416 3418/3418
f 3418/3418 3419/3419 3417/3417
f 3412/3412 3413/3413 3414/3414
f 3414/3414 3415/3415 3412/3412
f 3420/3420 3421/3421 3422/3422
f 3422/3422 3423/3423 3420/3420
f 3424/3424 3425/3425 3426/3426
f 3426/3426 3427/3427 3424/3424
f 3425/3425 3424/3424 3432/3432
f 3432/3432 3433/3433 3425/3425
f 3432/3432 3456/3456 3457/3457
f 3457/3457 3433/3433 3432/3432
f 3457/3457 3456/3456 3451/3451
f 3451/3451 3450/3450 3457/3457
f 3450/3450 3451/3451 3452/3452
f 3452/3452 3453/3453 3450/3450
f 3452/3452 3454/3454 3455/3455
f 3455/3455 3453/3453 3452/3452
f 3455/3455 3454/3454 5581/5581
f 5581/5581 5580/5580 3455/3455
f 5579/5579 5580/5580 5581/5581
f 5581/5581 5582/5582 5579/5579
f 5583/5583 5579/5579 5582/5582
f 5582/5582 5584/5584 5583/5583
f 5583/5583 5584/5584 5562/5562
f 5562/5562 5561/5561 5583/5583
f 5554/5554 5561/5561 5562/5562
f 5562/5562 5555/5555 5554/5554
f 5553/5553 5554/5554 5555/5555
f 5555/5555 5556/5556 5553/5553
f 3428/3428 3429/3429 3430/3430
f 3430/3430 3431/3431 3428/3428
f 3461/3461 3462/3462 3463/3463
f 3463/3463 3464/3464 3461/3461
f 3469/3469 3462/3462 3461/3461
f 3461/3461 3470/3470 3469/3469
f 3464/3464 3463/3463 3465/3465
f 3465/3465 3466/3466 3464/3464
f 3466/3466 3465/3465 3475/3475
f 3475/3475 3476/3476 3466/3466
f 3476/3476 3475/3475 3477/3477
f 3477/3477 3478/3478 3476/3476
f 3467/3467 3468/3468 3469/3469
f 3469/3469 3470/3470 3467/3467
f 3468/3468 3467/3467 3471/3471
f 3471/3471 3472/3472 3468/3468
f 3472/3472 3471/3471 3473/3473
f 3473/3473 3474/3474 3472/3472
f 3479/3479 3480/3480 3481/3481
f 3481/3481 3482/3482 3479/3479
f 3481/3481 3480/3480 3490/3490
f 3490/3490 3491/3491 3481/3481
f 3483/3483 3484/3484 3485/3485
f 3485/3485 3486/3486 3483/3483
f 3489/3489 3483/3483 3486/3486
f 3485/3485 3484/3484 5610/5610
f 5610/5610 5611/5611 3485/3485
f 5611/5611 5610/5610 5613/5613
f 5613/5613 5612/5612 5611/5611
f 5612/5612 5613/5613 5614/5614
f 5617/5617 5612/5612 5614/5614
f 5614/5614 5618/5618 5617/5617
f 3486/3486 3487/3487 3489/3489
f 3487/3487 3488/3488 3489/3489
f 3488/3488 3487/3487 3492/3492
f 3492/3492 3493/3493 3488/3488
f 3494/3494 3495/3495 3496/3496
f 3496/3496 3497/3497 3494/3494
f 3498/3498 3499/3499 3500/3500
f 3500/3500 3501/3501 3498/3498
f 3502/3502 3503/3503 3504/3504
f 3504/3504 3505/3505 3502/3502
f 3503/3503 3502/3502 4284/4284
f 4284/4284 4285/4285 3503/3503
f 4284/4284 5627/5627 5630/5630
f 5630/5630 4285/4285 4284/4284
f 5627/5627 5628/5628 5629/5629
f 5629/5629 5630/5630 5627/5627
f 5628/5628 5635/5635 5636/5636
f 5636/5636 5629/5629 5628/5628
f 3505/3505 3504/3504 3510/3510
f 3510/3510 3511/3511 3505/3505
f 3506/3506 3507/3507 3508/3508
f 3508/3508 3509/3509 3506/3506
f 3527/3527 3528/3528 3529/3529
f 3529/3529 3530/3530 3527/3527
f 4288/4288 3527/3527 3530/3530
f 3530/3530 4289/4289 4288/4288
f 4288/4288 4289/4289 5651/5651
f 5651/5651 5650/5650 4288/4288
f 5650/5650 5651/5651 5652/5652
f 5652/5652 5653/5653 5650/5650
f 3531/3531 3532/3532 3533/3533
f 3532/3532 3534/3534 3535/3535
f 3535/3535 3533/3533 3532/3532
f 3534/3534 3536/3536 3537/3537
f 3537/3537 3535/3535 3534/3534
f 3536/3536 3538/3538 3539/3539
f 3539/3539 3537/3537 3536/3536
f 3538/3538 3540/3540 3541/3541
f 3541/3541 3539/3539 3538/3538
f 3541/3541 3540/3540 3542/3542
f 3542/3542 3543/3543 3541/3541
f 5663/5663 3543/3543 3542/3542
f 3542/3542 5664/5664 5663/5663
f 5662/5662 5661/5661 5663/5663
f 5663/5663 5664/5664 5662/5662
f 5661/5661 5662/5662 5660/5660
f 5660/5660 5659/5659 5661/5661
f 5659/5659 5660/5660 5658/5658
f 5658/5658 5657/5657 5659/5659
f 5657/5657 5658/5658 5656/5656
f 5656/5656 5655/5655 5657/5657
f 5654/5654 5655/5655 5656/5656
f 3544/3544 3545/3545 3546/3546
f 3547/3547 3548/3548 3549/3549
f 3548/3548 3550/3550 3551/3551
f 3551/3551 3549/3549 3548/3548
f 3552/3552 3553/3553 3554/3554
f 3554/3554 3555/3555 3552/3552
f 3553/3553 3552/3552 3570/3570
f 3579/3579 3552/3552 3555/3555
f 3552/3552 3579/3579 3586/3586
f 3586/3586 3570/3570 3552/3552
f 3568/3568 3555/3555 3554/3554
f 3555/3555 3578/3578 3579/3579
f 3578/3578 3555/3555 3568/3568
f 3566/3566 3567/3567 3568/3568
f 3568/3568 3569/3569 3566/3566
f 3554/3554 3569/3569 3568/3568
f 3583/3583 3568/3568 3567/3567
f 3568/3568 3583/3583 3578/3578
f 3585/3585 3566/3566 3569/3569
f 3569/3569 3575/3575 3585/3585
f 3575/3575 3569/3569 3554/3554
f 3564/3564 3585/3585 3575/3575
f 3564/3564 3575/3575 3576/3576
f 3554/3554 3576/3576 3575/3575
f 3576/3576 3554/3554 3553/3553
f 3576/3576 3577/3577 3564/3564
f 3553/3553 3577/3577 3576/3576
f 3563/3563 3564/3564 3565/3565
f 3565/3565 3564/3564 3577/3577
f 3571/3571 3580/3580 3577/3577
f 3577/3577 3553/3553 3571/3571
f 3577/3577 3580/3580 3565/3565
f 3570/3570 3571/3571 3553/3553
f 3561/3561 3571/3571 3570/3570
f 3580/3580 3571/3571 3561/3561
f 3561/3561 3565/3565 3580/3580
f 3560/3560 3563/3563 3565/3565
f 3565/3565 3561/3561 3560/3560
f 3559/3559 3560/3560 3561/3561
f 3561/3561 3562/3562 3559/3559
f 3570/3570 3562/3562 3561/3561
f 3570/3570 3586/3586 3582/3582
f 3582/3582 3562/3562 3570/3570
f 3581/3581 3559/3559 3562/3562
f 3562/3562 3582/3582 3581/3581
f 3567/3567 3584/3584 3583/3583
f 3556/3556 3557/3557 3558/3558
f 3557/3557 3572/3572 3573/3573
f 3573/3573 3574/3574 3557/3557
f 3558/3558 3557/3557 3574/3574
f 3557/3557 3588/3588 3572/3572
f 3574/3574 3587/3587 3558/3558
f 3589/3589 3590/3590 3591/3591
f 3591/3591 3592/3592 3589/3589
f 3590/3590 3589/3589 3607/3607
f 3616/3616 3589/3589 3592/3592
f 3589/3589 3616/3616 3623/3623
f 3623/3623 3607/3607 3589/3589
f 3605/3605 3592/3592 3591/3591
f 3592/3592 3615/3615 3616/3616
f 3615/3615 3592/3592 3605/3605
f 3603/3603 3604/3604 3605/3605
f 3605/3605 3606/3606 3603/3603
f 3591/3591 3606/3606 3605/3605
f 3620/3620 3605/3605 3604/3604
f 3605/3605 3620/3620 3615/3615
f 3622/3622 3603/3603 3606/3606
f 3606/3606 3612/3612 3622/3622
f 3612/3612 3606/3606 3591/3591
f 3601/3601 3622/3622 3612/3612
f 3601/3601 3612/3612 3613/3613
f 3591/3591 3613/3613 3612/3612
f 3613/3613 3591/3591 3590/3590
f 3613/3613 3614/3614 3601/3601
f 3590/3590 3614/3614 3613/3613
f 3600/3600 3601/3601 3602/3602
f 3602/3602 3601/3601 3614/3614
f 3608/3608 3617/3617 3614/3614
f 3614/3614 3590/3590 3608/3608
f 3614/3614 3617/3617 3602/3602
f 3607/3607 3608/3608 3590/3590
f 3598/3598 3608/3608 3607/3607
f 3617/3617 3608/3608 3598/3598
f 3598/3598 3602/3602 3617/3617
f 3597/3597 3600/3600 3602/3602
f 3602/3602 3598/3598 3597/3597
f 3596/3596 3597/3597 3598/3598
f 3598/3598 3599/3599 3596/3596
f 3607/3607 3599/3599 3598/3598
f 3607/3607 3623/3623 3619/3619
f 3619/3619 3599/3599 3607/3607
f 3618/3618 3596/3596 3599/3599
f 3599/3599 3619/3619 3618/3618
f 3604/3604 3621/3621 3620/3620
f 3593/3593 3594/3594 3595/3595
f 3594/3594 3609/3609 3610/3610
f 3610/3610 3611/3611 3594/3594
f 3595/3595 3594/3594 3611/3611
f 3594/3594 3625/3625 3609/3609
f 3611/3611 3624/3624 3595/3595
f 3626/3626 3627/3627 3628/3628
f 3628/3628 3629/3629 3626/3626
f 3630/3630 3631/3631 3632/3632
f 3632/3632 3633/3633 3630/3630
f 3631/3631 3634/3634 3635/3635
f 3635/3635 3632/3632 3631/3631
f 3636/3636 3637/3637 3638/3638
f 3638/3638 3639/3639 3636/3636
f 3637/3637 3640/3640 3641/3641
f 3641/3641 3638/3638 3637/3637
f 3642/3642 3643/3643 3644/3644
f 3644/3644 3645/3645 3642/3642
f 3648/3648 3643/3643 3642/3642
f 3642/3642 3649/3649 3648/3648
f 3646/3646 3647/3647 3648/3648
f 3648/3648 3649/3649 3646/3646
f 3651/3651 3647/3647 3646/3646
f 3646/3646 3652/3652 3651/3651
f 3650/3650 3651/3651 3652/3652
f 3652/3652 3653/3653 3650/3650
f 3655/3655 3650/3650 3653/3653
f 3653/3653 3654/3654 3655/3655
f 3656/3656 3657/3657 3655/3655
f 3655/3655 3654/3654 3656/3656
f 3658/3658 3659/3659 3660/3660
f 3660/3660 3661/3661 3658/3658
f 3662/3662 3663/3663 3664/3664
f 3664/3664 3665/3665 3662/3662
f 3666/3666 3667/3667 3668/3668
f 3668/3668 3669/3669 3666/3666
f 3670/3670 3671/3671 3672/3672
f 3672/3672 3673/3673 3670/3670
f 3674/3674 3675/3675 3676/3676
f 3676/3676 3677/3677 3674/3674
f 3678/3678 3679/3679 3680/3680
f 3680/3680 3681/3681 3678/3678
f 3682/3682 3683/3683 3684/3684
f 3684/3684 3685/3685 3682/3682
f 3684/3684 3683/3683 3730/3730
f 3730/3730 3731/3731 3684/3684
f 3686/3686 3687/3687 3688/3688
f 3688/3688 3689/3689 3686/3686
f 3688/3688 3687/3687 3732/3732
f 3732/3732 3733/3733 3688/3688
f 3690/3690 3691/3691 3692/3692
f 3693/3693 3694/3694 3695/3695
f 3696/3696 3697/3697 3698/3698
f 3698/3698 3699/3699 3696/3696
f 3700/3700 3701/3701 3702/3702
f 3702/3702 3703/3703 3700/3700
f 3704/3704 3705/3705 3706/3706
f 3706/3706 3707/3707 3704/3704
f 3708/3708 3709/3709 3710/3710
f 3711/3711 3712/3712 3713/3713
f 3714/3714 3715/3715 3716/3716
f 3716/3716 3717/3717 3714/3714
f 3718/3718 3719/3719 3720/3720
f 3720/3720 3721/3721 3718/3718
f 3722/3722 3723/3723 3724/3724
f 3724/3724 3725/3725 3722/3722
f 3726/3726 3727/3727 3728/3728
f 3728/3728 3729/3729 3726/3726
f 3734/3734 3735/3735 3736/3736
f 3736/3736 3737/3737 3734/3734
f 3738/3738 3739/3739 3740/3740
f 3740/3740 3741/3741 3738/3738
f 3742/3742 3743/3743 3744/3744
f 3744/3744 3745/3745 3742/3742
f 3745/3745 3744/3744 3746/3746
f 3746/3746 3747/3747 3745/3745
f 3748/3748 3749/3749 3750/3750
f 3750/3750 3751/3751 3748/3748
f 3752/3752 3753/3753 3754/3754
f 3754/3754 3755/3755 3752/3752
f 3756/3756 3757/3757 3758/3758
f 3758/3758 3759/3759 3756/3756
f 3759/3759 3758/3758 3760/3760
f 3760/3760 3761/3761 3759/3759
f 3762/3762 3763/3763 3764/3764
f 3764/3764 3765/3765 3762/3762
f 3766/3766 3767/3767 3768/3768
f 3768/3768 3769/3769 3766/3766
f 3768/3768 3767/3767 3789/3789
f 3789/3789 3788/3788 3768/3768
f 3788/3788 3789/3789 3786/3786
f 3786/3786 3787/3787 3788/3788
f 3770/3770 3771/3771 3772/3772
f 3772/3772 3773/3773 3770/3770
f 3772/3772 3771/3771 3792/3792
f 3792/3792 3791/3791 3772/3772
f 3791/3791 3792/3792 3781/3781
f 3781/3781 3790/3790 3791/3791
f 3780/3780 3781/3781 3778/3778
f 3778/3778 3779/3779 3780/3780
f 3779/3779 3778/3778 3801/3801
f 3801/3801 3802/3802 3779/3779
f 3774/3774 3775/3775 3776/3776
f 3776/3776 3777/3777 3774/3774
f 3775/3775 3774/3774 3799/3799
f 3799/3799 3800/3800 3775/3775
f 3782/3782 3783/3783 3784/3784
f 3785/3785 3783/3783 3782/3782
f 3793/3793 3794/3794 3795/3795
f 3796/3796 3797/3797 3798/3798
f 3803/3803 3804/3804 3805/3805
f 3805/3805 3804/3804 3806/3806
f 3807/3807 3808/3808 3809/3809
f 3847/3847 3807/3807 3809/3809
f 3807/3807 3845/3845 3846/3846
f 3846/3846 3808/3808 3807/3807
f 3820/3820 3808/3808 3846/3846
f 3844/3844 3809/3809 3808/3808
f 3808/3808 3820/3820 3844/3844
f 3809/3809 3848/3848 3847/3847
f 3809/3809 3844/3844 3815/3815
f 3815/3815 3848/3848 3809/3809
f 3847/3847 3848/3848 3815/3815
f 3814/3814 3847/3847 3815/3815
f 3814/3814 3815/3815 3816/3816
f 3816/3816 3815/3815 3844/3844
f 3844/3844 3843/3843 3816/3816
f 3843/3843 3844/3844 3820/3820
f 3816/3816 3843/3843 3826/3826
f 3825/3825 3814/3814 3816/3816
f 3816/3816 3826/3826 3825/3825
f 3826/3826 3843/3843 3829/3829
f 3820/3820 3819/3819 3843/3843
f 3819/3819 3829/3829 3843/3843
f 3825/3825 3826/3826 3827/3827
f 3829/3829 3827/3827 3826/3826
f 3827/3827 3828/3828 3825/3825
f 3827/3827 3829/3829 3830/3830
f 3828/3828 3827/3827 3836/3836
f 3827/3827 3830/3830 3838/3838
f 3838/3838 3836/3836 3827/3827
f 3836/3836 3837/3837 3828/3828
f 3833/3833 3830/3830 3831/3831
f 3829/3829 3831/3831 3830/3830
f 3831/3831 3832/3832 3833/3833
f 3831/3831 3812/3812 3811/3811
f 3811/3811 3832/3832 3831/3831
f 3818/3818 3831/3831 3829/3829
f 3831/3831 3818/3818 3850/3850
f 3850/3850 3812/3812 3831/3831
f 3810/3810 3811/3811 3812/3812
f 3812/3812 3813/3813 3810/3810
f 3813/3813 3812/3812 3850/3850
f 3849/3849 3850/3850 3818/3818
f 3850/3850 3849/3849 3813/3813
f 3817/3817 3818/3818 3819/3819
f 3818/3818 3817/3817 3849/3849
f 3829/3829 3819/3819 3818/3818
f 3813/3813 3849/3849 3817/3817
f 3845/3845 3810/3810 3813/3813
f 3813/3813 3846/3846 3845/3845
f 3817/3817 3846/3846 3813/3813
f 3819/3819 3820/3820 3817/3817
f 3846/3846 3817/3817 3820/3820
f 3821/3821 3822/3822 3823/3823
f 3823/3823 3824/3824 3821/3821
f 3852/3852 3821/3821 3824/3824
f 3823/3823 3822/3822 3834/3834
f 3834/3834 3835/3835 3823/3823
f 3823/3823 3851/3851 3824/3824
f 3839/3839 3840/3840 3841/3841
f 3841/3841 3842/3842 3839/3839
f 3853/3853 3854/3854 3855/3855
f 3855/3855 3856/3856 3853/3853
f 3854/3854 3853/3853 3888/3888
f 3888/3888 3889/3889 3854/3854
f 3889/3889 3890/3890 3854/3854
f 3857/3857 3858/3858 3859/3859
f 3859/3859 3860/3860 3857/3857
f 3871/3871 3857/3857 3860/3860
f 3858/3858 3861/3861 3862/3862
f 3862/3862 3859/3859 3858/3858
f 3861/3861 3863/3863 3864/3864
f 3864/3864 3862/3862 3861/3861
f 3863/3863 3865/3865 3866/3866
f 3866/3866 3864/3864 3863/3863
f 3865/3865 3867/3867 3868/3868
f 3868/3868 3866/3866 3865/3865
f 3867/3867 3869/3869 3870/3870
f 3870/3870 3868/3868 3867/3867
f 3869/3869 3871/3871 3872/3872
f 3872/3872 3870/3870 3869/3869
f 3860/3860 3872/3872 3871/3871
f 3873/3873 3874/3874 3875/3875
f 3875/3875 3876/3876 3873/3873
f 3886/3886 3873/3873 3876/3876
f 3874/3874 3877/3877 3878/3878
f 3878/3878 3875/3875 3874/3874
f 3877/3877 3879/3879 3880/3880
f 3880/3880 3878/3878 3877/3877
f 3879/3879 3881/3881 3880/3880
f 3883/3883 3880/3880 3881/3881
f 3881/3881 3882/3882 3883/3883
f 3885/3885 3883/3883 3882/3882
f 3882/3882 3884/3884 3885/3885
f 3887/3887 3885/3885 3884/3884
f 3884/3884 3886/3886 3887/3887
f 3876/3876 3887/3887 3886/3886
f 3891/3891 3892/3892 3893/3893
f 3893/3893 3894/3894 3891/3891
f 3895/3895 3896/3896 3897/3897
f 3897/3897 3898/3898 3895/3895
f 3896/3896 3895/3895 3899/3899
f 3899/3899 3900/3900 3896/3896
f 3901/3901 3902/3902 3903/3903
f 4290/4290 7710/7710 3901/3901
f 4290/4290 3901/3901 3903/3903
f 4290/4290 3903/3903 4291/4291
f 4290/4290 6022/6022 6384/6384
f 4290/4290 4291/4291 6023/6023
f 4290/4290 6023/6023 6022/6022
f 6022/6022 6023/6023 6024/6024
f 3904/3904 3905/3905 3906/3906
f 3904/3904 3906/3906 4293/4293
f 4292/4292 3904/3904 4293/4293
f 4292/4292 4293/4293 4294/4294
f 4292/4292 6385/6385 6025/6025
f 4292/4292 4294/4294 6385/6385
f 6385/6385 6026/6026 6025/6025
f 6025/6025 6026/6026 6027/6027
f 3907/3907 3908/3908 3909/3909
f 3909/3909 3910/3910 3907/3907
f 3909/3909 3908/3908 6028/6028
f 6028/6028 6029/6029 3909/3909
f 3911/3911 3912/3912 3913/3913
f 3913/3913 3914/3914 3911/3911
f 3915/3915 3916/3916 3917/3917
f 3917/3917 3918/3918 3915/3915
f 3915/3915 3919/3919 3916/3916
f 3919/3919 7714/7714 3916/3916
f 3920/3920 3921/3921 3922/3922
f 4295/4295 7715/7715 3920/3920
f 4295/4295 3920/3920 3922/3922
f 4295/4295 3922/3922 4296/4296
f 4295/4295 6040/6040 6386/6386
f 4295/4295 4296/4296 6041/6041
f 4295/4295 6041/6041 6040/6040
f 6040/6040 6041/6041 6042/6042
f 3923/3923 3924/3924 3925/3925
f 3923/3923 3925/3925 4298/4298
f 4297/4297 3923/3923 4298/4298
f 4297/4297 4298/4298 4299/4299
f 4297/4297 6387/6387 6043/6043
f 4297/4297 4299/4299 6387/6387
f 6387/6387 6044/6044 6043/6043
f 6043/6043 6044/6044 6045/6045
f 3926/3926 3927/3927 3928/3928
f 3927/3927 6046/6046 3928/3928
f 3928/3928 6046/6046 6047/6047
f 6047/6047 7718/7718 3928/3928
f 3929/3929 3930/3930 3931/3931
f 3931/3931 3932/3932 3929/3929
f 3981/3981 3929/3929 3932/3932
f 3934/3934 3981/3981 3932/3932
f 3932/3932 3935/3935 3934/3934
f 3933/3933 3934/3934 3935/3935
f 3936/3936 3937/3937 3935/3935
f 3938/3938 3936/3936 3935/3935
f 3935/3935 3939/3939 3938/3938
f 3937/3937 3933/3933 3935/3935
f 3940/3940 3938/3938 3939/3939
f 3939/3939 3941/3941 3940/3940
f 3943/3943 3940/3940 3941/3941
f 3942/3942 3943/3943 3941/3941
f 3944/3944 3942/3942 3941/3941
f 3941/3941 3945/3945 3944/3944
f 3946/3946 3944/3944 3945/3945
f 3978/3978 3946/3946 3945/3945
f 3945/3945 3979/3979 3978/3978
f 3947/3947 3948/3948 3949/3949
f 3954/3954 3947/3947 3949/3949
f 3948/3948 3950/3950 3949/3949
f 3952/3952 3949/3949 3950/3950
f 3949/3949 3955/3955 3954/3954
f 3956/3956 3954/3954 3955/3955
f 3955/3955 3957/3957 3956/3956
f 3959/3959 3956/3956 3957/3957
f 3958/3958 3959/3959 3957/3957
f 3960/3960 3961/3961 3957/3957
f 3957/3957 3962/3962 3960/3960
f 3961/3961 3958/3958 3957/3957
f 3964/3964 3960/3960 3962/3962
f 3963/3963 3964/3964 3962/3962
f 3962/3962 3965/3965 3963/3963
f 3950/3950 3951/3951 3952/3952
f 3951/3951 3953/3953 3952/3952
f 3970/3970 3952/3952 3953/3953
f 3953/3953 3969/3969 3970/3970
f 3966/3966 3967/3967 3968/3968
f 3967/3967 3971/3971 3968/3968
f 3973/3973 3968/3968 3971/3971
f 4009/4009 3968/3968 3973/3973
f 3968/3968 4009/4009 4011/4011
f 4011/4011 3996/3996 3968/3968
f 3971/3971 3972/3972 3973/3973
f 3972/3972 3974/3974 3973/3973
f 3974/3974 3975/3975 3976/3976
f 3976/3976 3973/3973 3974/3974
f 3975/3975 3977/3977 3976/3976
f 3977/3977 3980/3980 3976/3976
f 3973/3973 3976/3976 4010/4010
f 3976/3976 4005/4005 4012/4012
f 4012/4012 4010/4010 3976/3976
f 4010/4010 4008/4008 3973/3973
f 6091/6091 4008/4008 4010/4010
f 4010/4010 6094/6094 6091/6091
f 6094/6094 4010/4010 4012/4012
f 4014/4014 4012/4012 4005/4005
f 4012/4012 6124/6124 6094/6094
f 6124/6124 4012/4012 4014/4014
f 6093/6093 6091/6091 6094/6094
f 6094/6094 6095/6095 6093/6093
f 6095/6095 6094/6094 6096/6096
f 6096/6096 6094/6094 6099/6099
f 6092/6092 6091/6091 6093/6093
f 6091/6091 6092/6092 6090/6090
f 6087/6087 6086/6086 6090/6090
f 6090/6090 6086/6086 6091/6091
f 6085/6085 6086/6086 6087/6087
f 6091/6091 6086/6086 4009/4009
f 4011/4011 4009/4009 6086/6086
f 6086/6086 6117/6117 4011/4011
f 4009/4009 4008/4008 6091/6091
f 3973/3973 4008/4008 4009/4009
f 3996/3996 4011/4011 4013/4013
f 6127/6127 6128/6128 4011/4011
f 6127/6127 4011/4011 6117/6117
f 4011/4011 6128/6128 4013/4013
f 3996/3996 3997/3997 3998/3998
f 3998/3998 3999/3999 3996/3996
f 3997/3997 3996/3996 4000/4000
f 4013/4013 4000/4000 3996/3996
f 4000/4000 4001/4001 3997/3997
f 6115/6115 6116/6116 6117/6117
f 6117/6117 6118/6118 6115/6115
f 6120/6120 6117/6117 6116/6116
f 6117/6117 6120/6120 6127/6127
f 6116/6116 6119/6119 6120/6120
f 4005/4005 4007/4007 4014/4014
f 4014/4014 6125/6125 6124/6124
f 4004/4004 4005/4005 4002/4002
f 4007/4007 4005/4005 4004/4004
f 4004/4004 4006/4006 4007/4007
f 4002/4002 4003/4003 4004/4004
f 6123/6123 6124/6124 6121/6121
f 6121/6121 6124/6124 6125/6125
f 6125/6125 6126/6126 6121/6121
f 6121/6121 6122/6122 6123/6123
f 3982/3982 3983/3983 3984/3984
f 3984/3984 3985/3985 3982/3982
f 3987/3987 3982/3982 3985/3985
f 3984/3984 3983/3983 3995/3995
f 3985/3985 3986/3986 3987/3987
f 3988/3988 3989/3989 3990/3990
f 3990/3990 3991/3991 3988/3988
f 3989/3989 3988/3988 3992/3992
f 3992/3992 3993/3993 3989/3989
f 3991/3991 3990/3990 3994/3994
f 4015/4015 4016/4016 4017/4017
f 4017/4017 4018/4018 4015/4015
f 4035/4035 4015/4015 4018/4018
f 4016/4016 4019/4019 4020/4020
f 4020/4020 4017/4017 4016/4016
f 4018/4018 4036/4036 4035/4035
f 4033/4033 4035/4035 4036/4036
f 4036/4036 4034/4034 4033/4033
f 4031/4031 4033/4033 4034/4034
f 4034/4034 4032/4032 4031/4031
f 4029/4029 4031/4031 4032/4032
f 4032/4032 4030/4030 4029/4029
f 4027/4027 4029/4029 4030/4030
f 4030/4030 4028/4028 4027/4027
f 4025/4025 4027/4027 4028/4028
f 4028/4028 4026/4026 4025/4025
f 4022/4022 4025/4025 4026/4026
f 4026/4026 4023/4023 4022/4022
f 4021/4021 4022/4022 4023/4023
f 4023/4023 4024/4024 4021/4021
f 4037/4037 4038/4038 4039/4039
f 4039/4039 4040/4040 4037/4037
f 4056/4056 4037/4037 4040/4040
f 4038/4038 4041/4041 4042/4042
f 4042/4042 4039/4039 4038/4038
f 4041/4041 4043/4043 4044/4044
f 4044/4044 4042/4042 4041/4041
f 4043/4043 4045/4045 4046/4046
f 4046/4046 4044/4044 4043/4043
f 4045/4045 4047/4047 4048/4048
f 4048/4048 4046/4046 4045/4045
f 4047/4047 4049/4049 4050/4050
f 4050/4050 4048/4048 4047/4047
f 4049/4049 4051/4051 4052/4052
f 4052/4052 4050/4050 4049/4049
f 4051/4051 4053/4053 4054/4054
f 4054/4054 4052/4052 4051/4051
f 4040/4040 4057/4057 4056/4056
f 4055/4055 4056/4056 4057/4057
f 4057/4057 4058/4058 4055/4055
f 4059/4059 4060/4060 4061/4061
f 4070/4070 4059/4059 4061/4061
f 4060/4060 4062/4062 4061/4061
f 4062/4062 4063/4063 4061/4061
f 4063/4063 4064/4064 4061/4061
f 4064/4064 4065/4065 4061/4061
f 4065/4065 4066/4066 4061/4061
f 4066/4066 4067/4067 4061/4061
f 4067/4067 4068/4068 4061/4061
f 4069/4069 4070/4070 4061/4061
f 4071/4071 4072/4072 4073/4073
f 4073/4073 4074/4074 4071/4071
f 4075/4075 4076/4076 4077/4077
f 4077/4077 4078/4078 4075/4075
f 4079/4079 4080/4080 4081/4081
f 4081/4081 4082/4082 4079/4079
f 4079/4079 4085/4085 4080/4080
f 4083/4083 4084/4084 4080/4080
f 4080/4080 4085/4085 4083/4083
f 4084/4084 4083/4083 4086/4086
f 4086/4086 4087/4087 4084/4084
f 4088/4088 4087/4087 4086/4086
f 4086/4086 4089/4089 4088/4088
f 4090/4090 4091/4091 4088/4088
f 4088/4088 4089/4089 4090/4090
f 4090/4090 4095/4095 4096/4096
f 4096/4096 4092/4092 4090/4090
f 4091/4091 4090/4090 4092/4092
f 4091/4091 4092/4092 4093/4093
f 4093/4093 4094/4094 4091/4091
f 4107/4107 4094/4094 4093/4093
f 4093/4093 4108/4108 4107/4107
f 4107/4107 4108/4108 4104/4104
f 4104/4104 4081/4081 4107/4107
f 4082/4082 4104/4104 4105/4105
f 4082/4082 4081/4081 4104/4104
f 4105/4105 4106/4106 4082/4082
f 4102/4102 4106/4106 4105/4105
f 4105/4105 4103/4103 4102/4102
f 4100/4100 4102/4102 4103/4103
f 4103/4103 4101/4101 4100/4100
f 4098/4098 4100/4100 4101/4101
f 4101/4101 4099/4099 4098/4098
f 4097/4097 4098/4098 4099/4099
f 4099/4099 4096/4096 4097/4097
f 4095/4095 4097/4097 4096/4096
f 4109/4109 4110/4110 4111/4111
f 4111/4111 4112/4112 4109/4109
f 4110/4110 4113/4113 4114/4114
f 4114/4114 4111/4111 4110/4110
f 4113/4113 4115/4115 4116/4116
f 4116/4116 4114/4114 4113/4113
f 4117/4117 4118/4118 4119/4119
f 4119/4119 4120/4120 4117/4117
f 4121/4121 4122/4122 4123/4123
f 4123/4123 4124/4124 4121/4121
f 4122/4122 4125/4125 4126/4126
f 4126/4126 4123/4123 4122/4122
f 4125/4125 4127/4127 4128/4128
f 4128/4128 4126/4126 4125/4125
f 4129/4129 4130/4130 4131/4131
f 4131/4131 4132/4132 4129/4129
f 4133/4133 4134/4134 4135/4135
f 4135/4135 4136/4136 4133/4133
f 4155/4155 4133/4133 4136/4136
f 4136/4136 4156/4156 4155/4155
f 4154/4154 4155/4155 4156/4156
f 4156/4156 4157/4157 4154/4154
f 4137/4137 4138/4138 4139/4139
f 4139/4139 4140/4140 4137/4137
f 4141/4141 4142/4142 4143/4143
f 4143/4143 4144/4144 4141/4141
f 4142/4142 4145/4145 4146/4146
f 4146/4146 4143/4143 4142/4142
f 4145/4145 4147/4147 4148/4148
f 4148/4148 4146/4146 4145/4145
f 4149/4149 4150/4150 4151/4151
f 4150/4150 4152/4152 4153/4153
f 4153/4153 4151/4151 4150/4150
f 4158/4158 4159/4159 4160/4160
f 4160/4160 4161/4161 4158/4158
f 4162/4162 4163/4163 4164/4164
f 4164/4164 4165/4165 4162/4162
f 4166/4166 4167/4167 4168/4168
f 4168/4168 4169/4169 4166/4166
f 4170/4170 4171/4171 4172/4172
f 4172/4172 4173/4173 4170/4170
f 4174/4174 4175/4175 4176/4176
f 4176/4176 4177/4177 4174/4174
f 4178/4178 4179/4179 4180/4180
f 4180/4180 4181/4181 4178/4178
f 4182/4182 4183/4183 4184/4184
f 4184/4184 4185/4185 4182/4182
f 4186/4186 4187/4187 4188/4188
f 4188/4188 4189/4189 4186/4186
f 4202/4202 4186/4186 4238/4238
f 4186/4186 4189/4189 4239/4239
f 4186/4186 4239/4239 4238/4238
f 4187/4187 4213/4213 4214/4214
f 4214/4214 4212/4212 4187/4187
f 4188/4188 4187/4187 4212/4212
f 4188/4188 4212/4212 4211/4211
f 4211/4211 4210/4210 4188/4188
f 4207/4207 4210/4210 4211/4211
f 4211/4211 4208/4208 4207/4207
f 4206/4206 4207/4207 4208/4208
f 4208/4208 4209/4209 4206/4206
f 4206/4206 4209/4209 4225/4225
f 4225/4225 4193/4193 4206/4206
f 4190/4190 4225/4225 4224/4224
f 4190/4190 4193/4193 4225/4225
f 4192/4192 4193/4193 4190/4190
f 4190/4190 4191/4191 4192/4192
f 4224/4224 4223/4223 4190/4190
f 4221/4221 4223/4223 4224/4224
f 4224/4224 4222/4222 4221/4221
f 4219/4219 4221/4221 4222/4222
f 4222/4222 4220/4220 4219/4219
f 4217/4217 4219/4219 4220/4220
f 4220/4220 4218/4218 4217/4217
f 4215/4215 4217/4217 4218/4218
f 4218/4218 4216/4216 4215/4215
f 4213/4213 4215/4215 4216/4216
f 4216/4216 4214/4214 4213/4213
f 4192/4192 4230/4230 4228/4228
f 4228/4228 4227/4227 4192/4192
f 4192/4192 4191/4191 4230/4230
f 4205/4205 4230/4230 4191/4191
f 4191/4191 4194/4194 4204/4204
f 4204/4204 4205/4205 4191/4191
f 4232/4232 4205/4205 4204/4204
f 4204/4204 4231/4231 4232/4232
f 4194/4194 4197/4197 4204/4204
f 4194/4194 4195/4195 4196/4196
f 4196/4196 4197/4197 4194/4194
f 4195/4195 4198/4198 4199/4199
f 4199/4199 4196/4196 4195/4195
f 4198/4198 4200/4200 4201/4201
f 4201/4201 4199/4199 4198/4198
f 4200/4200 4202/4202 4203/4203
f 4203/4203 4201/4201 4200/4200
f 4238/4238 4237/4237 4202/4202
f 4237/4237 4203/4203 4202/4202
f 4235/4235 4237/4237 4238/4238
f 4238/4238 4236/4236 4235/4235
f 4233/4233 4235/4235 4236/4236
f 4236/4236 4234/4234 4233/4233
f 4231/4231 4233/4233 4234/4234
f 4234/4234 4232/4232 4231/4231
f 4226/4226 4227/4227 4228/4228
f 4228/4228 4229/4229 4226/4226
f 4240/4240 4226/4226 4229/4229
f 4229/4229 4241/4241 4240/4240
f 4240/4240 4241/4241 4239/4239
f 4239/4239 4189/4189 4240/4240
f 4242/4242 4243/4243 4244/4244
f 4244/4244 4245/4245 4242/4242
f 4250/4250 4243/4243 4242/4242
f 4242/4242 4251/4251 4250/4250
f 4250/4250 4251/4251 4247/4247
f 4247/4247 4246/4246 4250/4250
f 4246/4246 4247/4247 4248/4248
f 4248/4248 4249/4249 4246/4246
f 6360/6360 4249/4249 4248/4248
f 4248/4248 6361/6361 6360/6360
f 6363/6363 6360/6360 6361/6361
f 6361/6361 6362/6362 6363/6363
f 6363/6363 6362/6362 6356/6356
f 6356/6356 6359/6359 6363/6363
f 6356/6356 6357/6357 6358/6358
f 6358/6358 6359/6359 6356/6356
f 4252/4252 4253/4253 4254/4254
f 4254/4254 4255/4255 4252/4252
f 4253/4253 4261/4261 4262/4262
f 4262/4262 4254/4254 4253/4253
f 4255/4255 4254/4254 4267/4267
f 4261/4261 4260/4260 4262/4262
f 4260/4260 4261/4261 4256/4256
f 4256/4256 4259/4259 4260/4260
f 4256/4256 4257/4257 4258/4258
f 4258/4258 4259/4259 4256/4256
f 4258/4258 4257/4257 6368/6368
f 6368/6368 6369/6369 4258/4258
f 6370/6370 6369/6369 6368/6368
f 6368/6368 6371/6371 6370/6370
f 6371/6371 6372/6372 6370/6370
f 6372/6372 6371/6371 6367/6367
f 6367/6367 6366/6366 6372/6372
f 6366/6366 6367/6367 6364/6364
f 6364/6364 6365/6365 6366/6366
f 6365/6365 6377/6377 6366/6366
f 4263/4263 4264/4264 4265/4265
f 4263/4263 4265/4265 4266/4266
f 4271/4271 4272/4272 4273/4273
f 4273/4273 4274/4274 4271/4271
f 4272/4272 4271/4271 7700/7700
f 7700/7700 7701/7701 4272/4272
f 7701/7701 7700/7700 7706/7706
f 7706/7706 7707/7707 7701/7701
f 6379/6379 4274/4274 4273/4273
f 4273/4273 6378/6378 6379/6379
f 7704/7704 6379/6379 6378/6378
f 6378/6378 7705/7705 7704/7704
f 7708/7708 7704/7704 7705/7705
f 7705/7705 7709/7709 7708/7708
f 4278/4278 4279/4279 4280/4280
f 4280/4280 4281/4281 4278/4278
f 4300/4300 4301/4301 4302/4302
f 4302/4302 4303/4303 4300/4300
f 4609/4609 4300/4300 4303/4303
f 4303/4303 4302/4302 4304/4304
f 4304/4304 4305/4305 4303/4303
f 4303/4303 4610/4610 4609/4609
f 4610/4610 4303/4303 4305/4305
f 4608/4608 4609/4609 4610/4610
f 4610/4610 4611/4611 4608/4608
f 4611/4611 4610/4610 4615/4615
f 4305/4305 4615/4615 4610/4610
f 4716/4716 4608/4608 4611/4611
f 4611/4611 4612/4612 4613/4613
f 4613/4613 4614/4614 4611/4611
f 4615/4615 4612/4612 4611/4611
f 4611/4611 4614/4614 4716/4716
f 4615/4615 4305/4305 4314/4314
f 4314/4314 4618/4618 4615/4615
f 4612/4612 4615/4615 4618/4618
f 4616/4616 4613/4613 4612/4612
f 4612/4612 4617/4617 4616/4616
f 4618/4618 4617/4617 4612/4612
f 4621/4621 4618/4618 4314/4314
f 4620/4620 4617/4617 4618/4618
f 4618/4618 4621/4621 4620/4620
f 4619/4619 4616/4616 4617/4617
f 4617/4617 4620/4620 4619/4619
f 4619/4619 4620/4620 4622/4622
f 4622/4622 4620/4620 4621/4621
f 4314/4314 4317/4317 4621/4621
f 4627/4627 4621/4621 4317/4317
f 4621/4621 4627/4627 4622/4622
f 4622/4622 4623/4623 4624/4624
f 4624/4624 4625/4625 4622/4622
f 4622/4622 4625/4625 4619/4619
f 4623/4623 4622/4622 4627/4627
f 4317/4317 4628/4628 4627/4627
f 4755/4755 4756/4756 4627/4627
f 4627/4627 4628/4628 4755/4755
f 4627/4627 4756/4756 4623/4623
f 4624/4624 4623/4623 4630/4630
f 4630/4630 4623/4623 4756/4756
f 4630/4630 4631/4631 4624/4624
f 4630/4630 4632/4632 4633/4633
f 4633/4633 4631/4631 4630/4630
f 4756/4756 4757/4757 4630/4630
f 4632/4632 4630/4630 4757/4757
f 4756/4756 4755/4755 4759/4759
f 4759/4759 4757/4757 4756/4756
f 4758/4758 4757/4757 4759/4759
f 4757/4757 4758/4758 4632/4632
f 4759/4759 4760/4760 4758/4758
f 4754/4754 4628/4628 4317/4317
f 4316/4316 4753/4753 4754/4754
f 4754/4754 4317/4317 4316/4316
f 4316/4316 4317/4317 4314/4314
f 4312/4312 4315/4315 4316/4316
f 4316/4316 4313/4313 4312/4312
f 4314/4314 4313/4313 4316/4316
f 4753/4753 4316/4316 4315/4315
f 4315/4315 4752/4752 4753/4753
f 4407/4407 4315/4315 4312/4312
f 4410/4410 4411/4411 4315/4315
f 4315/4315 4407/4407 4410/4410
f 4411/4411 4752/4752 4315/4315
f 4312/4312 4404/4404 4407/4407
f 4399/4399 4404/4404 4312/4312
f 4399/4399 4309/4309 4308/4308
f 4308/4308 4398/4398 4399/4399
f 4312/4312 4309/4309 4399/4399
f 4306/4306 4308/4308 4309/4309
f 4309/4309 4307/4307 4306/4306
f 4309/4309 4312/4312 4313/4313
f 4313/4313 4307/4307 4309/4309
f 4310/4310 4308/4308 4306/4306
f 4310/4310 4398/4398 4308/4308
f 4305/4305 4304/4304 4306/4306
f 4306/4306 4307/4307 4305/4305
f 4306/4306 4311/4311 4310/4310
f 4305/4305 4307/4307 4313/4313
f 4313/4313 4314/4314 4305/4305
f 4749/4749 4750/4750 4411/4411
f 4411/4411 4410/4410 4749/4749
f 4749/4749 4751/4751 4750/4750
f 4318/4318 4319/4319 4320/4320
f 4320/4320 4321/4321 4318/4318
f 4321/4321 4322/4322 4318/4318
f 4318/4318 4323/4323 4324/4324
f 4324/4324 4319/4319 4318/4318
f 4331/4331 4332/4332 4318/4318
f 4318/4318 4322/4322 4331/4331
f 4333/4333 4323/4323 4318/4318
f 4318/4318 4332/4332 4333/4333
f 4321/4321 4320/4320 4747/4747
f 4320/4320 4748/4748 4747/4747
f 4747/4747 4748/4748 4412/4412
f 4412/4412 4746/4746 4747/4747
f 4747/4747 4741/4741 4321/4321
f 4412/4412 4413/4413 4414/4414
f 4414/4414 4746/4746 4412/4412
f 4490/4490 4745/4745 4746/4746
f 4746/4746 4414/4414 4490/4490
f 4490/4490 4414/4414 4413/4413
f 4490/4490 4413/4413 4580/4580
f 4490/4490 4491/4491 4492/4492
f 4492/4492 4493/4493 4490/4490
f 4490/4490 4580/4580 4491/4491
f 4745/4745 4490/4490 4493/4493
f 4493/4493 4744/4744 4745/4745
f 4494/4494 4495/4495 4493/4493
f 4493/4493 4492/4492 4494/4494
f 4744/4744 4493/4493 4495/4495
f 4495/4495 4796/4796 4744/4744
f 4494/4494 4817/4817 4495/4495
f 4495/4495 4817/4817 4586/4586
f 4586/4586 4796/4796 4495/4495
f 4817/4817 4587/4587 4586/4586
f 4585/4585 4586/4586 4587/4587
f 4588/4588 4585/4585 4587/4587
f 4587/4587 4589/4589 4588/4588
f 4729/4729 4588/4588 4589/4589
f 4589/4589 4728/4728 4729/4729
f 4814/4814 4729/4729 4728/4728
f 4813/4813 4729/4729 4814/4814
f 4728/4728 4823/4823 4814/4814
f 4813/4813 4814/4814 4812/4812
f 4812/4812 4811/4811 4813/4813
f 4809/4809 4811/4811 4812/4812
f 4812/4812 4810/4810 4809/4809
f 4807/4807 4809/4809 4810/4810
f 4810/4810 4808/4808 4807/4807
f 4805/4805 4806/4806 4807/4807
f 4807/4807 4808/4808 4805/4805
f 4805/4805 4738/4738 4806/4806
f 4806/4806 4738/4738 4737/4737
f 4736/4736 4737/4737 4738/4738
f 5266/5266 4736/4736 4738/4738
f 4738/4738 5263/5263 5266/5266
f 5270/5270 4737/4737 4736/4736
f 5269/5269 4736/4736 5278/5278
f 4736/4736 5269/5269 5270/5270
f 5278/5278 4736/4736 5266/5266
f 4743/4743 5270/5270 5269/5269
f 5269/5269 4331/4331 4743/4743
f 5271/5271 4331/4331 5269/5269
f 5269/5269 5272/5272 5271/5271
f 5278/5278 5272/5272 5269/5269
f 5266/5266 5274/5274 5278/5278
f 5273/5273 5274/5274 5266/5266
f 5266/5266 5265/5265 5273/5273
f 5273/5273 5265/5265 5276/5276
f 5275/5275 5276/5276 5265/5265
f 5265/5265 4733/4733 5275/5275
f 4334/4334 5277/5277 5275/5275
f 5275/5275 4733/4733 4334/4334
f 4732/4732 4733/4733 4734/4734
f 4734/4734 4733/4733 5265/5265
f 4334/4334 4733/4733 4732/4732
f 4333/4333 4334/4334 4326/4326
f 4326/4326 4334/4334 4339/4339
f 4732/4732 4339/4339 4334/4334
f 5277/5277 4334/4334 4333/4333
f 4333/4333 5268/5268 5277/5277
f 4326/4326 4323/4323 4333/4333
f 5267/5267 5268/5268 4333/4333
f 5267/5267 4333/4333 4332/4332
f 4323/4323 4326/4326 4325/4325
f 4325/4325 4326/4326 4327/4327
f 4339/4339 4327/4327 4326/4326
f 4325/4325 4324/4324 4323/4323
f 4327/4327 4328/4328 4325/4325
f 4626/4626 4324/4324 4325/4325
f 4626/4626 4325/4325 4328/4328
f 4329/4329 4328/4328 4327/4327
f 4327/4327 4330/4330 4329/4329
f 4330/4330 4327/4327 4339/4339
f 4328/4328 4629/4629 4626/4626
f 4328/4328 4329/4329 4634/4634
f 4634/4634 4629/4629 4328/4328
f 4339/4339 4344/4344 4330/4330
f 4339/4339 4732/4732 4735/4735
f 4735/4735 4344/4344 4339/4339
f 5279/5279 4332/4332 5280/5280
f 4332/4332 5279/5279 5267/5267
f 4331/4331 5280/5280 4332/4332
f 4331/4331 5271/5271 5280/5280
f 4742/4742 4743/4743 4331/4331
f 4331/4331 4322/4322 4742/4742
f 4741/4741 4742/4742 4322/4322
f 4322/4322 4321/4321 4741/4741
f 5263/5263 5264/5264 5265/5265
f 5265/5265 5266/5266 5263/5263
f 5265/5265 5264/5264 4734/4734
f 4335/4335 4336/4336 4337/4337
f 4337/4337 4338/4338 4335/4335
f 4336/4336 4335/4335 4343/4343
f 4351/4351 4335/4335 4338/4338
f 4335/4335 4351/4351 4350/4350
f 4350/4350 4343/4343 4335/4335
f 4343/4343 4342/4342 4336/4336
f 4342/4342 4343/4343 4340/4340
f 4340/4340 4343/4343 4350/4350
f 4340/4340 4341/4341 4342/4342
f 4350/4350 4353/4353 4340/4340
f 4341/4341 4340/4340 4354/4354
f 4356/4356 4354/4354 4340/4340
f 4340/4340 4353/4353 4356/4356
f 4354/4354 4355/4355 4341/4341
f 4651/4651 4356/4356 4353/4353
f 4353/4353 4648/4648 4651/4651
f 4648/4648 4353/4353 4350/4350
f 4650/4650 4651/4651 4648/4648
f 4646/4646 4648/4648 4643/4643
f 4350/4350 4643/4643 4648/4648
f 4648/4648 4646/4646 4650/4650
f 4649/4649 4650/4650 4646/4646
f 4646/4646 4642/4642 4645/4645
f 4645/4645 4647/4647 4646/4646
f 4643/4643 4642/4642 4646/4646
f 4646/4646 4647/4647 4649/4649
f 4642/4642 4643/4643 4644/4644
f 4643/4643 4350/4350 4352/4352
f 4352/4352 4644/4644 4643/4643
f 4350/4350 4351/4351 4352/4352
f 4352/4352 4351/4351 5259/5259
f 5259/5259 5260/5260 4352/4352
f 4644/4644 4352/4352 5260/5260
f 4644/4644 4638/4638 4642/4642
f 4638/4638 4644/4644 5258/5258
f 5260/5260 5258/5258 4644/4644
f 4645/4645 4642/4642 4638/4638
f 4638/4638 4641/4641 4645/4645
f 4640/4640 4641/4641 4638/4638
f 4638/4638 4639/4639 4640/4640
f 4638/4638 5258/5258 5315/5315
f 4638/4638 5316/5316 4639/4639
f 5316/5316 4638/4638 5315/5315
f 4726/4726 4640/4640 4639/4639
f 4639/4639 4725/4725 4726/4726
f 4639/4639 5316/5316 5317/5317
f 5320/5320 4725/4725 4639/4639
f 4639/4639 5317/5317 5320/5320
f 5255/5255 5316/5316 5315/5315
f 5317/5317 5316/5316 5255/5255
f 5315/5315 5319/5319 5255/5255
f 5255/5255 5256/5256 5257/5257
f 5256/5256 5255/5255 5318/5318
f 5255/5255 5319/5319 5318/5318
f 5320/5320 5317/5317 5255/5255
f 5255/5255 5257/5257 5320/5320
f 5257/5257 5256/5256 4724/4724
f 4724/4724 5256/5256 5318/5318
f 4724/4724 4723/4723 5257/5257
f 4722/4722 4723/4723 4724/4724
f 4790/4790 4722/4722 4724/4724
f 4790/4790 4724/4724 4825/4825
f 4724/4724 5261/5261 4825/4825
f 5318/5318 5261/5261 4724/4724
f 4789/4789 4722/4722 4790/4790
f 4790/4790 4791/4791 4789/4789
f 4825/4825 4826/4826 4790/4790
f 4793/4793 4789/4789 4791/4791
f 4791/4791 4792/4792 4793/4793
f 4795/4795 4793/4793 4792/4792
f 4792/4792 4794/4794 4795/4795
f 4821/4821 4795/4795 4794/4794
f 4794/4794 4820/4820 4821/4821
f 4720/4720 4822/4822 4821/4821
f 4821/4821 4820/4820 4720/4720
f 4820/4820 4721/4721 4720/4720
f 4590/4590 4720/4720 4721/4721
f 4721/4721 4591/4591 4590/4590
f 4590/4590 4591/4591 4592/4592
f 4592/4592 4593/4593 4590/4590
f 4593/4593 4592/4592 4815/4815
f 4815/4815 4816/4816 4593/4593
f 4815/4815 4797/4797 4800/4800
f 4816/4816 4815/4815 4800/4800
f 4800/4800 4824/4824 4816/4816
f 4799/4799 4800/4800 4797/4797
f 4797/4797 4798/4798 4799/4799
f 4802/4802 4799/4799 4798/4798
f 4798/4798 4801/4801 4802/4802
f 4804/4804 4802/4802 4801/4801
f 4801/4801 4803/4803 4804/4804
f 4739/4739 4804/4804 4803/4803
f 4803/4803 4740/4740 4739/4739
f 4345/4345 4739/4739 4740/4740
f 4740/4740 4819/4819 4345/4345
f 4338/4338 4337/4337 4345/4345
f 4345/4345 4346/4346 4338/4338
f 4346/4346 4345/4345 4819/4819
f 4819/4819 4349/4349 4346/4346
f 4347/4347 4348/4348 4346/4346
f 4346/4346 4349/4349 4347/4347
f 5311/5311 4338/4338 4346/4346
f 4346/4346 4348/4348 5311/5311
f 4338/4338 5311/5311 4351/4351
f 5312/5312 5311/5311 4348/4348
f 5311/5311 5312/5312 5314/5314
f 5314/5314 4351/4351 5311/5311
f 5259/5259 4351/4351 5314/5314
f 4348/4348 5313/5313 5312/5312
f 4348/4348 5310/5310 5313/5313
f 5310/5310 4348/4348 4825/4825
f 4348/4348 4347/4347 4825/4825
f 4825/4825 4347/4347 4826/4826
f 4825/4825 5261/5261 5262/5262
f 4825/4825 5262/5262 5310/5310
f 4357/4357 4358/4358 4359/4359
f 4359/4359 4360/4360 4357/4357
f 4656/4656 4657/4657 4357/4357
f 4357/4357 4360/4360 4656/4656
f 4361/4361 4359/4359 4358/4358
f 4361/4361 4358/4358 4390/4390
f 4359/4359 4361/4361 4362/4362
f 4362/4362 4363/4363 4359/4359
f 4360/4360 4359/4359 4363/4363
f 4393/4393 4361/4361 4390/4390
f 4390/4390 4391/4391 4392/4392
f 4392/4392 4393/4393 4390/4390
f 4785/4785 4392/4392 4391/4391
f 4391/4391 4786/4786 4785/4785
f 4488/4488 4785/4785 4786/4786
f 4786/4786 4489/4489 4488/4488
f 4487/4487 4488/4488 4489/4489
f 4595/4595 4487/4487 4489/4489
f 4489/4489 4787/4787 4595/4595
f 4595/4595 4818/4818 4487/4487
f 4594/4594 4595/4595 4596/4596
f 4596/4596 4595/4595 4787/4787
f 4594/4594 4818/4818 4595/4595
f 4787/4787 4788/4788 4596/4596
f 4594/4594 4599/4599 4818/4818
f 4599/4599 4594/4594 4597/4597
f 4597/4597 4598/4598 4599/4599
f 4600/4600 4598/4598 4597/4597
f 4597/4597 4601/4601 4600/4600
f 4784/4784 4783/4783 4600/4600
f 4600/4600 4601/4601 4784/4784
f 4783/4783 4784/4784 4781/4781
f 4781/4781 4782/4782 4783/4783
f 4781/4781 4903/4903 4782/4782
f 4363/4363 4364/4364 4360/4360
f 4362/4362 4365/4365 4363/4363
f 4363/4363 4367/4367 4364/4364
f 4367/4367 4363/4363 4365/4365
f 4660/4660 4656/4656 4360/4360
f 4360/4360 4364/4364 4660/4660
f 4660/4660 4665/4665 4661/4661
f 4661/4661 4659/4659 4660/4660
f 4656/4656 4660/4660 4659/4659
f 4665/4665 4660/4660 4364/4364
f 4657/4657 4656/4656 4655/4655
f 4659/4659 4655/4655 4656/4656
f 4655/4655 4659/4659 4658/4658
f 4658/4658 4659/4659 4661/4661
f 4654/4654 4655/4655 4652/4652
f 4658/4658 4652/4652 4655/4655
f 4655/4655 4654/4654 4657/4657
f 4661/4661 4664/4664 4658/4658
f 4663/4663 4664/4664 4661/4661
f 4661/4661 4662/4662 4663/4663
f 4669/4669 4670/4670 4663/4663
f 4663/4663 4662/4662 4669/4669
f 4665/4665 4666/4666 4662/4662
f 4662/4662 4661/4661 4665/4665
f 4662/4662 4666/4666 4668/4668
f 4668/4668 4669/4669 4662/4662
f 4666/4666 4665/4665 4370/4370
f 4364/4364 4370/4370 4665/4665
f 4370/4370 4372/4372 4666/4666
f 4668/4668 4666/4666 4372/4372
f 4372/4372 4376/4376 4668/4668
f 4366/4366 4371/4371 4372/4372
f 4372/4372 4370/4370 4366/4366
f 4376/4376 4372/4372 4371/4371
f 4366/4366 4370/4370 4364/4364
f 4364/4364 4367/4367 4366/4366
f 4366/4366 4367/4367 4368/4368
f 4368/4368 4369/4369 4366/4366
f 4366/4366 4369/4369 4373/4373
f 4373/4373 4371/4371 4366/4366
f 4374/4374 4371/4371 4373/4373
f 4371/4371 4374/4374 4376/4376
f 4373/4373 4375/4375 4374/4374
f 4451/4451 4452/4452 4373/4373
f 4373/4373 4369/4369 4451/4451
f 4453/4453 4375/4375 4373/4373
f 4373/4373 4452/4452 4453/4453
f 4450/4450 4451/4451 4369/4369
f 4369/4369 4368/4368 4450/4450
f 5587/5587 4450/4450 4368/4368
f 5587/5587 4368/4368 4365/4365
f 4447/4447 5587/5587 4365/4365
f 4446/4446 4447/4447 4365/4365
f 4365/4365 4368/4368 4367/4367
f 4449/4449 4447/4447 4446/4446
f 4446/4446 4448/4448 4449/4449
f 4468/4468 4449/4449 4448/4448
f 4448/4448 4469/4469 4468/4468
f 4471/4471 4468/4468 4469/4469
f 4469/4469 4470/4470 4471/4471
f 4652/4652 4653/4653 4654/4654
f 4381/4381 4382/4382 4383/4383
f 4383/4383 4384/4384 4381/4381
f 4382/4382 4381/4381 4454/4454
f 4454/4454 4455/4455 4382/4382
f 4455/4455 4454/4454 4456/4456
f 4456/4456 4457/4457 4455/4455
f 4457/4457 4456/4456 4472/4472
f 4472/4472 4473/4473 4457/4457
f 4473/4473 4472/4472 4474/4474
f 4474/4474 4475/4475 4473/4473
f 5486/5486 4384/4384 4383/4383
f 4383/4383 5485/5485 5486/5486
f 5485/5485 5498/5498 5486/5486
f 5485/5485 5496/5496 5497/5497
f 5485/5485 5497/5497 5498/5498
f 5501/5501 5497/5497 5496/5496
f 4394/4394 4395/4395 4396/4396
f 4396/4396 4397/4397 4394/4394
f 4553/4553 4396/4396 4395/4395
f 4395/4395 4554/4554 4553/4553
f 4397/4397 4396/4396 4401/4401
f 4396/4396 4553/4553 4555/4555
f 4555/4555 4401/4401 4396/4396
f 4401/4401 4400/4400 4397/4397
f 4400/4400 4401/4401 4402/4402
f 4402/4402 4401/4401 4555/4555
f 4555/4555 4556/4556 4402/4402
f 4402/4402 4403/4403 4400/4400
f 4403/4403 4402/4402 4405/4405
f 4402/4402 4556/4556 4557/4557
f 4557/4557 4405/4405 4402/4402
f 4405/4405 4406/4406 4403/4403
f 4406/4406 4405/4405 4408/4408
f 4405/4405 4557/4557 4558/4558
f 4558/4558 4408/4408 4405/4405
f 4408/4408 4409/4409 4406/4406
f 4415/4415 4416/4416 4417/4417
f 4417/4417 4418/4418 4415/4415
f 4421/4421 4415/4415 4418/4418
f 4416/4416 4602/4602 4603/4603
f 4417/4417 4416/4416 4603/4603
f 4417/4417 4419/4419 4420/4420
f 4420/4420 4418/4418 4417/4417
f 4419/4419 4417/4417 4603/4603
f 4418/4418 4422/4422 4421/4421
f 4422/4422 4418/4418 4420/4420
f 4731/4731 4421/4421 4422/4422
f 4420/4420 4424/4424 4422/4422
f 4422/4422 4424/4424 4423/4423
f 4422/4422 4423/4423 4731/4731
f 4423/4423 4730/4730 4731/4731
f 4423/4423 4424/4424 4425/4425
f 4425/4425 4426/4426 4423/4423
f 4428/4428 4423/4423 4426/4426
f 4423/4423 4428/4428 4730/4730
f 4426/4426 4425/4425 4431/4431
f 4426/4426 4427/4427 4428/4428
f 4427/4427 4426/4426 4429/4429
f 4431/4431 4429/4429 4426/4426
f 4429/4429 4431/4431 4438/4438
f 4429/4429 4430/4430 4427/4427
f 4429/4429 4435/4435 4719/4719
f 4719/4719 4430/4430 4429/4429
f 4438/4438 4435/4435 4429/4429
f 4432/4432 4438/4438 4439/4439
f 4432/4432 4435/4435 4438/4438
f 4434/4434 4435/4435 4432/4432
f 4434/4434 4719/4719 4435/4435
f 4432/4432 4433/4433 4434/4434
f 4433/4433 4432/4432 4436/4436
f 4439/4439 4436/4436 4432/4432
f 4439/4439 4442/4442 4440/4440
f 4440/4440 4436/4436 4439/4439
f 4436/4436 4437/4437 4433/4433
f 4437/4437 4436/4436 4440/4440
f 4440/4440 4441/4441 4437/4437
f 4441/4441 4440/4440 4443/4443
f 4445/4445 4443/4443 4440/4440
f 4440/4440 4442/4442 4445/4445
f 4443/4443 4444/4444 4441/4441
f 4444/4444 4443/4443 4460/4460
f 4460/4460 4443/4443 4445/4445
f 4445/4445 4486/4486 4460/4460
f 4460/4460 4461/4461 4444/4444
f 4461/4461 4460/4460 4466/4466
f 4466/4466 4460/4460 4486/4486
f 4486/4486 4484/4484 4466/4466
f 4466/4466 4467/4467 4461/4461
f 4479/4479 4467/4467 4466/4466
f 4479/4479 4466/4466 4484/4484
f 4484/4484 4485/4485 4479/4479
f 4603/4603 4604/4604 4419/4419
f 4603/4603 4602/4602 4714/4714
f 4603/4603 4715/4715 4604/4604
f 4603/4603 4714/4714 4715/4715
f 4462/4462 4463/4463 4464/4464
f 4464/4464 4465/4465 4462/4462
f 4497/4497 4462/4462 4465/4465
f 4464/4464 4480/4480 4481/4481
f 4481/4481 4465/4465 4464/4464
f 4465/4465 4498/4498 4497/4497
f 4498/4498 4465/4465 4481/4481
f 4496/4496 4497/4497 4498/4498
f 4498/4498 4499/4499 4496/4496
f 4499/4499 4498/4498 4500/4500
f 4481/4481 4500/4500 4498/4498
f 4483/4483 4481/4481 4480/4480
f 4481/4481 4483/4483 4502/4502
f 4502/4502 4500/4500 4481/4481
f 4480/4480 4482/4482 4483/4483
f 4500/4500 4501/4501 4499/4499
f 4500/4500 4502/4502 4503/4503
f 4503/4503 4501/4501 4500/4500
f 4501/4501 4583/4583 4581/4581
f 4581/4581 4499/4499 4501/4501
f 4584/4584 4583/4583 4501/4501
f 4501/4501 4503/4503 4584/4584
f 4499/4499 4581/4581 4582/4582
f 4582/4582 4496/4496 4499/4499
f 4635/4635 4636/4636 4637/4637
f 4636/4636 4635/4635 4772/4772
f 4772/4772 4771/4771 4636/4636
f 4636/4636 4777/4777 4637/4637
f 4771/4771 4772/4772 4773/4773
f 4773/4773 4774/4774 4771/4771
f 4774/4774 4773/4773 4775/4775
f 4775/4775 4776/4776 4774/4774
f 4776/4776 4775/4775 4768/4768
f 4768/4768 4770/4770 4776/4776
f 4768/4768 4769/4769 4767/4767
f 4767/4767 4770/4770 4768/4768
f 4765/4765 4767/4767 4769/4769
f 4765/4765 4766/4766 4767/4767
f 4671/4671 4672/4672 4673/4673
f 4673/4673 4674/4674 4671/4671
f 4675/4675 4671/4671 4674/4674
f 4673/4673 4672/4672 4717/4717
f 4717/4717 4718/4718 4673/4673
f 4674/4674 4676/4676 4675/4675
f 4677/4677 4675/4675 4676/4676
f 4676/4676 4678/4678 4677/4677
f 4677/4677 4678/4678 4681/4681
f 4681/4681 4680/4680 4677/4677
f 4679/4679 4680/4680 4681/4681
f 4681/4681 4682/4682 4679/4679
f 4679/4679 4682/4682 4683/4683
f 4683/4683 4684/4684 4679/4679
f 4683/4683 4685/4685 4686/4686
f 4686/4686 4684/4684 4683/4683
f 4686/4686 4778/4778 4779/4779
f 4779/4779 4780/4780 4686/4686
f 4687/4687 4688/4688 4689/4689
f 4689/4689 4690/4690 4687/4687
f 4697/4697 4687/4687 4698/4698
f 4727/4727 4687/4687 4690/4690
f 4689/4689 4688/4688 4691/4691
f 4691/4691 4692/4692 4689/4689
f 4691/4691 4693/4693 4694/4694
f 4694/4694 4692/4692 4691/4691
f 4693/4693 4695/4695 4696/4696
f 4696/4696 4694/4694 4693/4693
f 4698/4698 4699/4699 4697/4697
f 4700/4700 4697/4697 4699/4699
f 4699/4699 4701/4701 4700/4700
f 4700/4700 4701/4701 4704/4704
f 4704/4704 4703/4703 4700/4700
f 4702/4702 4703/4703 4704/4704
f 4704/4704 4705/4705 4702/4702
f 4710/4710 4702/4702 4705/4705
f 4705/4705 4711/4711 4710/4710
f 4706/4706 4707/4707 4708/4708
f 4708/4708 4709/4709 4706/4706
f 4707/4707 5499/5499 5500/5500
f 5500/5500 4708/4708 4707/4707
f 4761/4761 4762/4762 4763/4763
f 4763/4763 4764/4764 4761/4761
f 4827/4827 4828/4828 4829/4829
f 4829/4829 4830/4830 4827/4827
f 4897/4897 4827/4827 4830/4830
f 4828/4828 4843/4843 4846/4846
f 4846/4846 4829/4829 4828/4828
f 4843/4843 4844/4844 4845/4845
f 4845/4845 4846/4846 4843/4843
f 4844/4844 4865/4865 4866/4866
f 4866/4866 4845/4845 4844/4844
f 4865/4865 4867/4867 4868/4868
f 4868/4868 4866/4866 4865/4865
f 4867/4867 4869/4869 4870/4870
f 4870/4870 4868/4868 4867/4867
f 4869/4869 4899/4899 4900/4900
f 4900/4900 4870/4870 4869/4869
f 4900/4900 4899/4899 4841/4841
f 4841/4841 4842/4842 4900/4900
f 4841/4841 4837/4837 4840/4840
f 4840/4840 4842/4842 4841/4841
f 4837/4837 4838/4838 4839/4839
f 4839/4839 4840/4840 4837/4837
f 4838/4838 4895/4895 4896/4896
f 4896/4896 4839/4839 4838/4838
f 4895/4895 4875/4875 4878/4878
f 4878/4878 4896/4896 4895/4895
f 4875/4875 4876/4876 4877/4877
f 4877/4877 4878/4878 4875/4875
f 4876/4876 4879/4879 4880/4880
f 4880/4880 4877/4877 4876/4876
f 4879/4879 4881/4881 4882/4882
f 4882/4882 4880/4880 4879/4879
f 4881/4881 4883/4883 4884/4884
f 4884/4884 4882/4882 4881/4881
f 4884/4884 4883/4883 4897/4897
f 4897/4897 4898/4898 4884/4884
f 4830/4830 4898/4898 4897/4897
f 4831/4831 4832/4832 4833/4833
f 4833/4833 4834/4834 4831/4831
f 4835/4835 4831/4831 4834/4834
f 4832/4832 4871/4871 4872/4872
f 4872/4872 4833/4833 4832/4832
f 4871/4871 4857/4857 4860/4860
f 4860/4860 4872/4872 4871/4871
f 4857/4857 4858/4858 4859/4859
f 4859/4859 4860/4860 4857/4857
f 4858/4858 4861/4861 4862/4862
f 4862/4862 4859/4859 4858/4858
f 4861/4861 4863/4863 4864/4864
f 4864/4864 4862/4862 4861/4861
f 4834/4834 4836/4836 4835/4835
f 4847/4847 4835/4835 4836/4836
f 4836/4836 4848/4848 4847/4847
f 4847/4847 4848/4848 4894/4894
f 4894/4894 4893/4893 4847/4847
f 4891/4891 4893/4893 4894/4894
f 4894/4894 4892/4892 4891/4891
f 4889/4889 4891/4891 4892/4892
f 4892/4892 4890/4890 4889/4889
f 4886/4886 4889/4889 4890/4890
f 4890/4890 4887/4887 4886/4886
f 4885/4885 4886/4886 4887/4887
f 4887/4887 4888/4888 4885/4885
f 4901/4901 4885/4885 4888/4888
f 4888/4888 4902/4902 4901/4901
f 4849/4849 4850/4850 4851/4851
f 4851/4851 4852/4852 4849/4849
f 4854/4854 4851/4851 4850/4850
f 4850/4850 4855/4855 4854/4854
f 4853/4853 4854/4854 4855/4855
f 4855/4855 4856/4856 4853/4853
f 4873/4873 4853/4853 4856/4856
f 4856/4856 4874/4874 4873/4873
f 4904/4904 4905/4905 4906/4906
f 4906/4906 4907/4907 4904/4904
f 4908/4908 4904/4904 4907/4907
f 4906/4906 4905/4905 4960/4960
f 4960/4960 4961/4961 4906/4906
f 4907/4907 4909/4909 4908/4908
f 4970/4970 4908/4908 4909/4909
f 4909/4909 4971/4971 4970/4970
f 4968/4968 4969/4969 4970/4970
f 4970/4970 4971/4971 4968/4968
f 4911/4911 4969/4969 4968/4968
f 4968/4968 4912/4912 4911/4911
f 4910/4910 4911/4911 4912/4912
f 4912/4912 4913/4913 4910/4910
f 4914/4914 4910/4910 4913/4913
f 4913/4913 4915/4915 4914/4914
f 4962/4962 4914/4914 4915/4915
f 4915/4915 4963/4963 4962/4962
f 4918/4918 4917/4917 4962/4962
f 4962/4962 4963/4963 4918/4918
f 4916/4916 4917/4917 4918/4918
f 4918/4918 4919/4919 4916/4916
f 4920/4920 4916/4916 4919/4919
f 4919/4919 4921/4921 4920/4920
f 4923/4923 4920/4920 4921/4921
f 4921/4921 4922/4922 4923/4923
f 4925/4925 4923/4923 4922/4922
f 4922/4922 4924/4924 4925/4925
f 4926/4926 4925/4925 4924/4924
f 4924/4924 4927/4927 4926/4926
f 4928/4928 4926/4926 4927/4927
f 4927/4927 4929/4929 4928/4928
f 4928/4928 4929/4929 4930/4930
f 4930/4930 4931/4931 4928/4928
f 4932/4932 4933/4933 4934/4934
f 4934/4934 4935/4935 4932/4932
f 5424/5424 4932/4932 4935/4935
f 4935/4935 5421/5421 5424/5424
f 5423/5423 5424/5424 5421/5421
f 5421/5421 5422/5422 5423/5423
f 4936/4936 4937/4937 4938/4938
f 4938/4938 4939/4939 4936/4936
f 4942/4942 4936/4936 4939/4939
f 4937/4937 4940/4940 4941/4941
f 4941/4941 4938/4938 4937/4937
f 4941/4941 4940/4940 4990/4990
f 4990/4990 4991/4991 4941/4941
f 4947/4947 4991/4991 4990/4990
f 4990/4990 4944/4944 4947/4947
f 4946/4946 4947/4947 4944/4944
f 4944/4944 4945/4945 4946/4946
f 4967/4967 4946/4946 4945/4945
f 4945/4945 4966/4966 4967/4967
f 4994/4994 4995/4995 4967/4967
f 4967/4967 4966/4966 4994/4994
f 4939/4939 4943/4943 4942/4942
f 5224/5224 4942/4942 4943/4943
f 4943/4943 5225/5225 5224/5224
f 5223/5223 5224/5224 5225/5225
f 5225/5225 5226/5226 5223/5223
f 5233/5233 5223/5223 5226/5226
f 5226/5226 5234/5234 5233/5233
f 5218/5218 5233/5233 5234/5234
f 5234/5234 5219/5219 5218/5218
f 5217/5217 5218/5218 5219/5219
f 5219/5219 5220/5220 5217/5217
f 5221/5221 5217/5217 5220/5220
f 5220/5220 5222/5222 5221/5221
f 5228/5228 5221/5221 5222/5222
f 5222/5222 5227/5227 5228/5228
f 5229/5229 5228/5228 5227/5227
f 5227/5227 5230/5230 5229/5229
f 5231/5231 5229/5229 5230/5230
f 5230/5230 5232/5232 5231/5231
f 4948/4948 4949/4949 4950/4950
f 4950/4950 4951/4951 4948/4948
f 4988/4988 4948/4948 4951/4951
f 4949/4949 4964/4964 4965/4965
f 4965/4965 4950/4950 4949/4949
f 4965/4965 4964/4964 4992/4992
f 4992/4992 4993/4993 4965/4965
f 4951/4951 4989/4989 4988/4988
f 4997/4997 4988/4988 4989/4989
f 4989/4989 4996/4996 4997/4997
f 4952/4952 4953/4953 4954/4954
f 4954/4954 4955/4955 4952/4952
f 4987/4987 4952/4952 4955/4955
f 4954/4954 4953/4953 4956/4956
f 4956/4956 4957/4957 4954/4954
f 4958/4958 4957/4957 4956/4956
f 4956/4956 4959/4959 4958/4958
f 4975/4975 4958/4958 4959/4959
f 4959/4959 4972/4972 4975/4975
f 4974/4974 4975/4975 4972/4972
f 4972/4972 4973/4973 4974/4974
f 4998/4998 4999/4999 4974/4974
f 4974/4974 4973/4973 4998/4998
f 4955/4955 4986/4986 4987/4987
f 4976/4976 4977/4977 4978/4978
f 4978/4978 4979/4979 4976/4976
f 5006/5006 5007/5007 5008/5008
f 5008/5008 5009/5009 5006/5006
f 5009/5009 5008/5008 5013/5013
f 5013/5013 5012/5012 5009/5009
f 5012/5012 5013/5013 5010/5010
f 5010/5010 5011/5011 5012/5012
f 5014/5014 5015/5015 5016/5016
f 5016/5016 5017/5017 5014/5014
f 5062/5062 5014/5014 5017/5017
f 5015/5015 5018/5018 5021/5021
f 5021/5021 5016/5016 5015/5015
f 5018/5018 5019/5019 5020/5020
f 5020/5020 5021/5021 5018/5018
f 5019/5019 5022/5022 5023/5023
f 5023/5023 5020/5020 5019/5019
f 5022/5022 5024/5024 5027/5027
f 5027/5027 5023/5023 5022/5022
f 5024/5024 5025/5025 5026/5026
f 5026/5026 5027/5027 5024/5024
f 5028/5028 5026/5026 5025/5025
f 5025/5025 5029/5029 5028/5028
f 5030/5030 5028/5028 5029/5029
f 5029/5029 5031/5031 5030/5030
f 5037/5037 5030/5030 5031/5031
f 5031/5031 5036/5036 5037/5037
f 5035/5035 5037/5037 5036/5036
f 5036/5036 5032/5032 5035/5035
f 5034/5034 5035/5035 5032/5032
f 5032/5032 5033/5033 5034/5034
f 5017/5017 5063/5063 5062/5062
f 5038/5038 5039/5039 5040/5040
f 5040/5040 5041/5041 5038/5038
f 5042/5042 5038/5038 5041/5041
f 5039/5039 5060/5060 5061/5061
f 5061/5061 5040/5040 5039/5039
f 5041/5041 5043/5043 5042/5042
f 5045/5045 5042/5042 5043/5043
f 5043/5043 5046/5046 5045/5045
f 5044/5044 5045/5045 5046/5046
f 5046/5046 5047/5047 5044/5044
f 5049/5049 5044/5044 5047/5047
f 5047/5047 5050/5050 5049/5049
f 5048/5048 5049/5049 5050/5050
f 5050/5050 5051/5051 5048/5048
f 5053/5053 5048/5048 5051/5051
f 5051/5051 5052/5052 5053/5053
f 5053/5053 5052/5052 5054/5054
f 5054/5054 5055/5055 5053/5053
f 5057/5057 5055/5055 5054/5054
f 5054/5054 5058/5058 5057/5057
f 5056/5056 5057/5057 5058/5058
f 5058/5058 5059/5059 5056/5056
f 5064/5064 5056/5056 5059/5059
f 5059/5059 5065/5065 5064/5064
f 5066/5066 5067/5067 5068/5068
f 5068/5068 5069/5069 5066/5066
f 5070/5070 5066/5066 5069/5069
f 5068/5068 5067/5067 5082/5082
f 5082/5082 5083/5083 5068/5068
f 5069/5069 5071/5071 5070/5070
f 5097/5097 5070/5070 5071/5071
f 5071/5071 5096/5096 5097/5097
f 5072/5072 5073/5073 5074/5074
f 5074/5074 5075/5075 5072/5072
f 5076/5076 5075/5075 5074/5074
f 5074/5074 5077/5077 5076/5076
f 5092/5092 5076/5076 5077/5077
f 5077/5077 5093/5093 5092/5092
f 5092/5092 5093/5093 5090/5090
f 5090/5090 5089/5089 5092/5092
f 5088/5088 5089/5089 5090/5090
f 5090/5090 5091/5091 5088/5088
f 5091/5091 5095/5095 5088/5088
f 5078/5078 5079/5079 5080/5080
f 5080/5080 5081/5081 5078/5078
f 5098/5098 5078/5078 5081/5081
f 5321/5321 5322/5322 5078/5078
f 5078/5078 5098/5098 5321/5321
f 5094/5094 5080/5080 5079/5079
f 5084/5084 5085/5085 5086/5086
f 5086/5086 5087/5087 5084/5084
f 5084/5084 5087/5087 5116/5116
f 5085/5085 5109/5109 5112/5112
f 5112/5112 5086/5086 5085/5085
f 5109/5109 5110/5110 5111/5111
f 5111/5111 5112/5112 5109/5109
f 5110/5110 5113/5113 5114/5114
f 5114/5114 5111/5111 5110/5110
f 5113/5113 5104/5104 5107/5107
f 5107/5107 5114/5114 5113/5113
f 5104/5104 5105/5105 5106/5106
f 5106/5106 5107/5107 5104/5104
f 5103/5103 5106/5106 5105/5105
f 5105/5105 5108/5108 5103/5103
f 5101/5101 5103/5103 5102/5102
f 5108/5108 5102/5102 5103/5103
f 5099/5099 5100/5100 5101/5101
f 5102/5102 5099/5099 5101/5101
f 5115/5115 5116/5116 5087/5087
f 5087/5087 5117/5117 5115/5115
f 5115/5115 5117/5117 5118/5118
f 5119/5119 5120/5120 5121/5121
f 5121/5121 5122/5122 5119/5119
f 5123/5123 5119/5119 5122/5122
f 5120/5120 5125/5125 5126/5126
f 5126/5126 5121/5121 5120/5120
f 5125/5125 5155/5155 5156/5156
f 5156/5156 5126/5126 5125/5125
f 5155/5155 5127/5127 5130/5130
f 5130/5130 5156/5156 5155/5155
f 5127/5127 5128/5128 5129/5129
f 5129/5129 5130/5130 5127/5127
f 5128/5128 5157/5157 5158/5158
f 5158/5158 5129/5129 5128/5128
f 5122/5122 5124/5124 5123/5123
f 5131/5131 5123/5123 5124/5124
f 5124/5124 5132/5132 5131/5131
f 5131/5131 5132/5132 5133/5133
f 5133/5133 5134/5134 5131/5131
f 5135/5135 5134/5134 5133/5133
f 5133/5133 5136/5136 5135/5135
f 5137/5137 5138/5138 5139/5139
f 5140/5140 5141/5141 5142/5142
f 5142/5142 5143/5143 5140/5140
f 5159/5159 5140/5140 5143/5143
f 5141/5141 5144/5144 5145/5145
f 5145/5145 5142/5142 5141/5141
f 5145/5145 5144/5144 5146/5146
f 5146/5146 5147/5147 5145/5145
f 5147/5147 5146/5146 5148/5148
f 5148/5148 5151/5151 5147/5147
f 5148/5148 5149/5149 5150/5150
f 5150/5150 5151/5151 5148/5148
f 5143/5143 5160/5160 5159/5159
f 5161/5161 5159/5159 5160/5160
f 5160/5160 5162/5162 5161/5161
f 5163/5163 5161/5161 5162/5162
f 5162/5162 5164/5164 5163/5163
f 5165/5165 5163/5163 5164/5164
f 5164/5164 5166/5166 5165/5165
f 5167/5167 5165/5165 5166/5166
f 5166/5166 5168/5168 5167/5167
f 5152/5152 5153/5153 5154/5154
f 5169/5169 5170/5170 5171/5171
f 5171/5171 5172/5172 5169/5169
f 5174/5174 5169/5169 5172/5172
f 5170/5170 5177/5177 5178/5178
f 5178/5178 5171/5171 5170/5170
f 5193/5193 5178/5178 5177/5177
f 5177/5177 5194/5194 5193/5193
f 5202/5202 5193/5193 5194/5194
f 5194/5194 5201/5201 5202/5202
f 5200/5200 5202/5202 5201/5201
f 5201/5201 5199/5199 5200/5200
f 5198/5198 5200/5200 5199/5199
f 5199/5199 5195/5195 5198/5198
f 5197/5197 5198/5198 5195/5195
f 5195/5195 5196/5196 5197/5197
f 5216/5216 5197/5197 5196/5196
f 5196/5196 5215/5215 5216/5216
f 5172/5172 5175/5175 5174/5174
f 5173/5173 5174/5174 5175/5175
f 5175/5175 5176/5176 5173/5173
f 5179/5179 5173/5173 5176/5176
f 5176/5176 5180/5180 5179/5179
f 5181/5181 5182/5182 5183/5183
f 5183/5183 5184/5184 5181/5181
f 5205/5205 5204/5204 5181/5181
f 5181/5181 5184/5184 5205/5205
f 5182/5182 5185/5185 5186/5186
f 5186/5186 5183/5183 5182/5182
f 5185/5185 5187/5187 5190/5190
f 5190/5190 5186/5186 5185/5185
f 5187/5187 5188/5188 5189/5189
f 5189/5189 5190/5190 5187/5187
f 5188/5188 5191/5191 5192/5192
f 5192/5192 5189/5189 5188/5188
f 5203/5203 5204/5204 5205/5205
f 5205/5205 5206/5206 5203/5203
f 5207/5207 5203/5203 5206/5206
f 5206/5206 5208/5208 5207/5207
f 5209/5209 5207/5207 5208/5208
f 5208/5208 5210/5210 5209/5209
f 5211/5211 5209/5209 5210/5210
f 5210/5210 5212/5212 5211/5211
f 5213/5213 5211/5211 5212/5212
f 5212/5212 5214/5214 5213/5213
f 5235/5235 5236/5236 5237/5237
f 5237/5237 5238/5238 5235/5235
f 5240/5240 5235/5235 5238/5238
f 5237/5237 5236/5236 5241/5241
f 5241/5241 5242/5242 5237/5237
f 5241/5241 5243/5243 5246/5246
f 5246/5246 5242/5242 5241/5241
f 5243/5243 5244/5244 5245/5245
f 5245/5245 5246/5246 5243/5243
f 5247/5247 5245/5245 5244/5244
f 5244/5244 5248/5248 5247/5247
f 5250/5250 5247/5247 5248/5248
f 5248/5248 5249/5249 5250/5250
f 5252/5252 5250/5250 5249/5249
f 5249/5249 5251/5251 5252/5252
f 5254/5254 5252/5252 5251/5251
f 5251/5251 5253/5253 5254/5254
f 5238/5238 5239/5239 5240/5240
f 5281/5281 5282/5282 5283/5283
f 5284/5284 5285/5285 5286/5286
f 5296/5296 5285/5285 5284/5284
f 5286/5286 5285/5285 5287/5287
f 5287/5287 5285/5285 5288/5288
f 5288/5288 5285/5285 5289/5289
f 5289/5289 5285/5285 5290/5290
f 5290/5290 5285/5285 5291/5291
f 5291/5291 5285/5285 5292/5292
f 5292/5292 5285/5285 5293/5293
f 5293/5293 5285/5285 5294/5294
f 5294/5294 5285/5285 5295/5295
f 5295/5295 5285/5285 5296/5296
f 5297/5297 5298/5298 5299/5299
f 5309/5309 5298/5298 5297/5297
f 5299/5299 5298/5298 5300/5300
f 5300/5300 5298/5298 5301/5301
f 5301/5301 5298/5298 5302/5302
f 5302/5302 5298/5298 5303/5303
f 5303/5303 5298/5298 5304/5304
f 5304/5304 5298/5298 5305/5305
f 5305/5305 5298/5298 5306/5306
f 5306/5306 5298/5298 5307/5307
f 5307/5307 5298/5298 5308/5308
f 5308/5308 5298/5298 5309/5309
f 5323/5323 5324/5324 5325/5325
f 5325/5325 5326/5326 5323/5323
f 5324/5324 5323/5323 5327/5327
f 5327/5327 5328/5328 5324/5324
f 5328/5328 5327/5327 5329/5329
f 5329/5329 5330/5330 5328/5328
f 5330/5330 5329/5329 5331/5331
f 5331/5331 5332/5332 5330/5330
f 5332/5332 5331/5331 5333/5333
f 5333/5333 5334/5334 5332/5332
f 5335/5335 5336/5336 5337/5337
f 5337/5337 5338/5338 5335/5335
f 5345/5345 5346/5346 5335/5335
f 5335/5335 5338/5338 5345/5345
f 5347/5347 5346/5346 5345/5345
f 5345/5345 5348/5348 5347/5347
f 5353/5353 5347/5347 5348/5348
f 5348/5348 5354/5354 5353/5353
f 5357/5357 5353/5353 5354/5354
f 5354/5354 5358/5358 5357/5357
f 5361/5361 5357/5357 5358/5358
f 5358/5358 5362/5362 5361/5361
f 5369/5369 5361/5361 5362/5362
f 5362/5362 5370/5370 5369/5369
f 5371/5371 5372/5372 5369/5369
f 5369/5369 5370/5370 5371/5371
f 5339/5339 5340/5340 5341/5341
f 5341/5341 5342/5342 5339/5339
f 5352/5352 5339/5339 5342/5342
f 5341/5341 5340/5340 5343/5343
f 5343/5343 5344/5344 5341/5341
f 5367/5367 5344/5344 5343/5343
f 5343/5343 5368/5368 5367/5367
f 5342/5342 5349/5349 5352/5352
f 5351/5351 5352/5352 5349/5349
f 5349/5349 5350/5350 5351/5351
f 5356/5356 5351/5351 5350/5350
f 5350/5350 5355/5355 5356/5356
f 5360/5360 5356/5356 5355/5355
f 5355/5355 5359/5359 5360/5360
f 5373/5373 5374/5374 5375/5375
f 5375/5375 5376/5376 5373/5373
f 5382/5382 5383/5383 5384/5384
f 5384/5384 5385/5385 5382/5382
f 5387/5387 5382/5382 5385/5385
f 5385/5385 5388/5388 5387/5387
f 5386/5386 5387/5387 5388/5388
f 5388/5388 5389/5389 5386/5386
f 5390/5390 5386/5386 5389/5389
f 5389/5389 5391/5391 5390/5390
f 5391/5391 5392/5392 5390/5390
f 5393/5393 5394/5394 5395/5395
f 5395/5395 5396/5396 5393/5393
f 5394/5394 5393/5393 5397/5397
f 5397/5397 5398/5398 5394/5394
f 5397/5397 5399/5399 5398/5398
f 5400/5400 5401/5401 5398/5398
f 5398/5398 5399/5399 5400/5400
f 5400/5400 5402/5402 5401/5401
f 5404/5404 5401/5401 5402/5402
f 5402/5402 5403/5403 5404/5404
f 5406/5406 5404/5404 5403/5403
f 5403/5403 5405/5405 5406/5406
f 5407/5407 5408/5408 5409/5409
f 5409/5409 5410/5410 5407/5407
f 5411/5411 5407/5407 5410/5410
f 5408/5408 5413/5413 5416/5416
f 5416/5416 5409/5409 5408/5408
f 5413/5413 5414/5414 5415/5415
f 5415/5415 5416/5416 5413/5413
f 5414/5414 5461/5461 5462/5462
f 5462/5462 5415/5415 5414/5414
f 5461/5461 5432/5432 5431/5431
f 5431/5431 5462/5462 5461/5461
f 5431/5431 5432/5432 5429/5429
f 5429/5429 5430/5430 5431/5431
f 5430/5430 5429/5429 5459/5459
f 5459/5459 5460/5460 5430/5430
f 5459/5459 5457/5457 5458/5458
f 5458/5458 5460/5460 5459/5459
f 5457/5457 5449/5449 5452/5452
f 5452/5452 5458/5458 5457/5457
f 5449/5449 5450/5450 5451/5451
f 5451/5451 5452/5452 5449/5449
f 5450/5450 5453/5453 5456/5456
f 5456/5456 5451/5451 5450/5450
f 5453/5453 5454/5454 5455/5455
f 5455/5455 5456/5456 5453/5453
f 5454/5454 5463/5463 5464/5464
f 5464/5464 5455/5455 5454/5454
f 5410/5410 5412/5412 5411/5411
f 5417/5417 5411/5411 5412/5412
f 5412/5412 5418/5418 5417/5417
f 5419/5419 5417/5417 5418/5418
f 5418/5418 5420/5420 5419/5419
f 5425/5425 5419/5419 5420/5420
f 5420/5420 5426/5426 5425/5425
f 5427/5427 5425/5425 5426/5426
f 5426/5426 5428/5428 5427/5427
f 5433/5433 5434/5434 5435/5435
f 5435/5435 5436/5436 5433/5433
f 5437/5437 5438/5438 5439/5439
f 5439/5439 5440/5440 5437/5437
f 5441/5441 5442/5442 5443/5443
f 5443/5443 5444/5444 5441/5441
f 5443/5443 5445/5445 5446/5446
f 5446/5446 5444/5444 5443/5443
f 5445/5445 5447/5447 5448/5448
f 5448/5448 5446/5446 5445/5445
f 5465/5465 5466/5466 5467/5467
f 5467/5467 5468/5468 5465/5465
f 5466/5466 5473/5473 5476/5476
f 5476/5476 5467/5467 5466/5466
f 5473/5473 5474/5474 5475/5475
f 5475/5475 5476/5476 5473/5473
f 5474/5474 5481/5481 5482/5482
f 5482/5482 5475/5475 5474/5474
f 5469/5469 5470/5470 5471/5471
f 5471/5471 5472/5472 5469/5469
f 5478/5478 5469/5469 5472/5472
f 5472/5472 5479/5479 5478/5478
f 5477/5477 5478/5478 5479/5479
f 5479/5479 5480/5480 5477/5477
f 5483/5483 5477/5477 5480/5480
f 5480/5480 5484/5484 5483/5483
f 5505/5505 5506/5506 5507/5507
f 5508/5508 5509/5509 5510/5510
f 5510/5510 5511/5511 5508/5508
f 5519/5519 5520/5520 5521/5521
f 5521/5521 5522/5522 5519/5519
f 5523/5523 5524/5524 5525/5525
f 5523/5523 7716/7716 7717/7717
f 5523/5523 7717/7717 5524/5524
f 5526/5526 5527/5527 5528/5528
f 5528/5528 5529/5529 5526/5526
f 5530/5530 5526/5526 5529/5529
f 5585/5585 5528/5528 5527/5527
f 5527/5527 5586/5586 5585/5585
f 5529/5529 5531/5531 5530/5530
f 5564/5564 5530/5530 5531/5531
f 5531/5531 5565/5565 5564/5564
f 5563/5563 5564/5564 5565/5565
f 5565/5565 5566/5566 5563/5563
f 5567/5567 5563/5563 5566/5566
f 5566/5566 5568/5568 5567/5567
f 5569/5569 5567/5567 5568/5568
f 5532/5532 5533/5533 5534/5534
f 5534/5534 5535/5535 5532/5532
f 5536/5536 5532/5532 5537/5537
f 5537/5537 5532/5532 5535/5535
f 5533/5533 5570/5570 5571/5571
f 5571/5571 5534/5534 5533/5533
f 5570/5570 5572/5572 5573/5573
f 5573/5573 5571/5571 5570/5570
f 5573/5573 5572/5572 5577/5577
f 5577/5577 5578/5578 5573/5573
f 5578/5578 5577/5577 5574/5574
f 5574/5574 5576/5576 5578/5578
f 5574/5574 5575/5575 5576/5576
f 5537/5537 5538/5538 5536/5536
f 5539/5539 5536/5536 5538/5538
f 5538/5538 5540/5540 5539/5539
f 5545/5545 5539/5539 5540/5540
f 5540/5540 5546/5546 5545/5545
f 5547/5547 5545/5545 5546/5546
f 5546/5546 5548/5548 5547/5547
f 5541/5541 5542/5542 5543/5543
f 5543/5543 5544/5544 5541/5541
f 5549/5549 5550/5550 5551/5551
f 5551/5551 5552/5552 5549/5549
f 5557/5557 5558/5558 5559/5559
f 5559/5559 5560/5560 5557/5557
f 5588/5588 5589/5589 5590/5590
f 5590/5590 5591/5591 5588/5588
f 5588/5588 5591/5591 5596/5596
f 5596/5596 5595/5595 5588/5588
f 5589/5589 5592/5592 5593/5593
f 5593/5593 5590/5590 5589/5589
f 5592/5592 5602/5602 5603/5603
f 5603/5603 5593/5593 5592/5592
f 5602/5602 5604/5604 5605/5605
f 5605/5605 5603/5603 5602/5602
f 5594/5594 5595/5595 5596/5596
f 5596/5596 5597/5597 5594/5594
f 5598/5598 5594/5594 5597/5597
f 5597/5597 5599/5599 5598/5598
f 5600/5600 5598/5598 5599/5599
f 5599/5599 5601/5601 5600/5600
f 5606/5606 5607/5607 5608/5608
f 5608/5608 5609/5609 5606/5606
f 5608/5608 5615/5615 5616/5616
f 5616/5616 5609/5609 5608/5608
f 5619/5619 5620/5620 5621/5621
f 5621/5621 5622/5622 5619/5619
f 5623/5623 5624/5624 5625/5625
f 5625/5625 5626/5626 5623/5623
f 5631/5631 5632/5632 5633/5633
f 5633/5633 5634/5634 5631/5631
f 5665/5665 5666/5666 5667/5667
f 5668/5668 5669/5669 5670/5670
f 5670/5670 5669/5669 5671/5671
f 5671/5671 5672/5672 5670/5670
f 5673/5673 5674/5674 5675/5675
f 5675/5675 5676/5676 5673/5673
f 5673/5673 5676/5676 5689/5689
f 5689/5689 5688/5688 5673/5673
f 5674/5674 5673/5673 5697/5697
f 5673/5673 5688/5688 5698/5698
f 5698/5698 5697/5697 5673/5673
f 5676/5676 5675/5675 5699/5699
f 5699/5699 5700/5700 5676/5676
f 5689/5689 5676/5676 5700/5700
f 5707/5707 5699/5699 5675/5675
f 5675/5675 5692/5692 5707/5707
f 5703/5703 5707/5707 5692/5692
f 5674/5674 5691/5691 5692/5692
f 5692/5692 5675/5675 5674/5674
f 5692/5692 5691/5691 5682/5682
f 5682/5682 5681/5681 5692/5692
f 5692/5692 5681/5681 5703/5703
f 5702/5702 5703/5703 5681/5681
f 5680/5680 5681/5681 5682/5682
f 5681/5681 5680/5680 5702/5702
f 5682/5682 5683/5683 5680/5680
f 5683/5683 5682/5682 5685/5685
f 5682/5682 5691/5691 5701/5701
f 5701/5701 5685/5685 5682/5682
f 5685/5685 5684/5684 5683/5683
f 5684/5684 5685/5685 5686/5686
f 5685/5685 5701/5701 5696/5696
f 5696/5696 5686/5686 5685/5685
f 5696/5696 5701/5701 5691/5691
f 5686/5686 5696/5696 5697/5697
f 5691/5691 5674/5674 5696/5696
f 5697/5697 5696/5696 5674/5674
f 5697/5697 5698/5698 5686/5686
f 5686/5686 5698/5698 5706/5706
f 5706/5706 5698/5698 5688/5688
f 5688/5688 5687/5687 5706/5706
f 5687/5687 5688/5688 5689/5689
f 5689/5689 5690/5690 5687/5687
f 5690/5690 5689/5689 5704/5704
f 5700/5700 5704/5704 5689/5689
f 5704/5704 5705/5705 5690/5690
f 5677/5677 5678/5678 5679/5679
f 5678/5678 5708/5708 5693/5693
f 5693/5693 5679/5679 5678/5678
f 5679/5679 5693/5693 5694/5694
f 5694/5694 5695/5695 5679/5679
f 5679/5679 5695/5695 5709/5709
f 5710/5710 5711/5711 5712/5712
f 5712/5712 5713/5713 5710/5710
f 5710/5710 5713/5713 5726/5726
f 5726/5726 5725/5725 5710/5710
f 5711/5711 5710/5710 5734/5734
f 5710/5710 5725/5725 5735/5735
f 5735/5735 5734/5734 5710/5710
f 5713/5713 5712/5712 5736/5736
f 5736/5736 5737/5737 5713/5713
f 5726/5726 5713/5713 5737/5737
f 5744/5744 5736/5736 5712/5712
f 5712/5712 5729/5729 5744/5744
f 5740/5740 5744/5744 5729/5729
f 5711/5711 5728/5728 5729/5729
f 5729/5729 5712/5712 5711/5711
f 5729/5729 5728/5728 5719/5719
f 5719/5719 5718/5718 5729/5729
f 5729/5729 5718/5718 5740/5740
f 5739/5739 5740/5740 5718/5718
f 5717/5717 5718/5718 5719/5719
f 5718/5718 5717/5717 5739/5739
f 5719/5719 5720/5720 5717/5717
f 5720/5720 5719/5719 5722/5722
f 5719/5719 5728/5728 5738/5738
f 5738/5738 5722/5722 5719/5719
f 5722/5722 5721/5721 5720/5720
f 5721/5721 5722/5722 5723/5723
f 5722/5722 5738/5738 5733/5733
f 5733/5733 5723/5723 5722/5722
f 5733/5733 5738/5738 5728/5728
f 5723/5723 5733/5733 5734/5734
f 5728/5728 5711/5711 5733/5733
f 5734/5734 5733/5733 5711/5711
f 5734/5734 5735/5735 5723/5723
f 5723/5723 5735/5735 5743/5743
f 5743/5743 5735/5735 5725/5725
f 5725/5725 5724/5724 5743/5743
f 5724/5724 5725/5725 5726/5726
f 5726/5726 5727/5727 5724/5724
f 5727/5727 5726/5726 5741/5741
f 5737/5737 5741/5741 5726/5726
f 5741/5741 5742/5742 5727/5727
f 5714/5714 5715/5715 5716/5716
f 5715/5715 5745/5745 5730/5730
f 5730/5730 5716/5716 5715/5715
f 5716/5716 5730/5730 5731/5731
f 5731/5731 5732/5732 5716/5716
f 5716/5716 5732/5732 5746/5746
f 5747/5747 5748/5748 5749/5749
f 5749/5749 5750/5750 5747/5747
f 5751/5751 5752/5752 5753/5753
f 5753/5753 5754/5754 5751/5751
f 5754/5754 5753/5753 5755/5755
f 5755/5755 5756/5756 5754/5754
f 5757/5757 5758/5758 5759/5759
f 5759/5759 5760/5760 5757/5757
f 5760/5760 5759/5759 5761/5761
f 5761/5761 5762/5762 5760/5760
f 5763/5763 5764/5764 5765/5765
f 5765/5765 5766/5766 5763/5763
f 5769/5769 5768/5768 5763/5763
f 5763/5763 5766/5766 5769/5769
f 5767/5767 5768/5768 5769/5769
f 5769/5769 5770/5770 5767/5767
f 5772/5772 5771/5771 5767/5767
f 5767/5767 5770/5770 5772/5772
f 5771/5771 5772/5772 5773/5773
f 5773/5773 5774/5774 5771/5771
f 5774/5774 5773/5773 5775/5775
f 5775/5775 5776/5776 5774/5774
f 5777/5777 5776/5776 5775/5775
f 5775/5775 5778/5778 5777/5777
f 5779/5779 5780/5780 5781/5781
f 5781/5781 5782/5782 5779/5779
f 5783/5783 5784/5784 5785/5785
f 5785/5785 5786/5786 5783/5783
f 5787/5787 5788/5788 5789/5789
f 5789/5789 5790/5790 5787/5787
f 5791/5791 5792/5792 5793/5793
f 5793/5793 5794/5794 5791/5791
f 5795/5795 5796/5796 5797/5797
f 5797/5797 5798/5798 5795/5795
f 5799/5799 5800/5800 5801/5801
f 5801/5801 5802/5802 5799/5799
f 5803/5803 5804/5804 5805/5805
f 5805/5805 5806/5806 5803/5803
f 5803/5803 5851/5851 5852/5852
f 5852/5852 5804/5804 5803/5803
f 5807/5807 5808/5808 5809/5809
f 5809/5809 5810/5810 5807/5807
f 5807/5807 5853/5853 5854/5854
f 5854/5854 5808/5808 5807/5807
f 5811/5811 5812/5812 5813/5813
f 5814/5814 5815/5815 5816/5816
f 5817/5817 5818/5818 5819/5819
f 5819/5819 5820/5820 5817/5817
f 5821/5821 5822/5822 5823/5823
f 5823/5823 5824/5824 5821/5821
f 5825/5825 5826/5826 5827/5827
f 5827/5827 5828/5828 5825/5825
f 5829/5829 5830/5830 5831/5831
f 5832/5832 5833/5833 5834/5834
f 5835/5835 5836/5836 5837/5837
f 5837/5837 5838/5838 5835/5835
f 5839/5839 5840/5840 5841/5841
f 5841/5841 5842/5842 5839/5839
f 5843/5843 5844/5844 5845/5845
f 5845/5845 5846/5846 5843/5843
f 5847/5847 5848/5848 5849/5849
f 5849/5849 5850/5850 5847/5847
f 5855/5855 5856/5856 5857/5857
f 5857/5857 5858/5858 5855/5855
f 5859/5859 5860/5860 5861/5861
f 5861/5861 5862/5862 5859/5859
f 5863/5863 5864/5864 5865/5865
f 5865/5865 5866/5866 5863/5863
f 5867/5867 5863/5863 5866/5866
f 5866/5866 5868/5868 5867/5867
f 5869/5869 5870/5870 5871/5871
f 5871/5871 5872/5872 5869/5869
f 5873/5873 5874/5874 5875/5875
f 5875/5875 5876/5876 5873/5873
f 5877/5877 5878/5878 5879/5879
f 5879/5879 5880/5880 5877/5877
f 5881/5881 5877/5877 5880/5880
f 5880/5880 5882/5882 5881/5881
f 5883/5883 5884/5884 5885/5885
f 5885/5885 5886/5886 5883/5883
f 5887/5887 5888/5888 5889/5889
f 5889/5889 5890/5890 5887/5887
f 5887/5887 5907/5907 5910/5910
f 5910/5910 5888/5888 5887/5887
f 5907/5907 5908/5908 5909/5909
f 5909/5909 5910/5910 5907/5907
f 5891/5891 5892/5892 5893/5893
f 5893/5893 5894/5894 5891/5891
f 5893/5893 5911/5911 5913/5913
f 5913/5913 5894/5894 5893/5893
f 5911/5911 5912/5912 5902/5902
f 5902/5902 5913/5913 5911/5911
f 5901/5901 5902/5902 5899/5899
f 5899/5899 5900/5900 5901/5901
f 5922/5922 5901/5901 5900/5900
f 5900/5900 5923/5923 5922/5922
f 5895/5895 5896/5896 5897/5897
f 5897/5897 5898/5898 5895/5895
f 5920/5920 5897/5897 5896/5896
f 5896/5896 5921/5921 5920/5920
f 5903/5903 5904/5904 5905/5905
f 5906/5906 5903/5903 5905/5905
f 5914/5914 5915/5915 5916/5916
f 5917/5917 5918/5918 5919/5919
f 5924/5924 5925/5925 5926/5926
f 5925/5925 5927/5927 5926/5926
f 5928/5928 5929/5929 5930/5930
f 5929/5929 5928/5928 5937/5937
f 5928/5928 5930/5930 5968/5968
f 5968/5968 5967/5967 5928/5928
f 5968/5968 5930/5930 5939/5939
f 5966/5966 5939/5939 5930/5930
f 5930/5930 5929/5929 5966/5966
f 5967/5967 5968/5968 5932/5932
f 5939/5939 5938/5938 5968/5968
f 5932/5932 5968/5968 5938/5938
f 5932/5932 5931/5931 5967/5967
f 5931/5931 5932/5932 5933/5933
f 5938/5938 5971/5971 5932/5932
f 5932/5932 5971/5971 5970/5970
f 5970/5970 5933/5933 5932/5932
f 5938/5938 5939/5939 5940/5940
f 5940/5940 5941/5941 5938/5938
f 5971/5971 5938/5938 5941/5941
f 5941/5941 5970/5970 5971/5971
f 5952/5952 5933/5933 5970/5970
f 5970/5970 5941/5941 5952/5952
f 5933/5933 5934/5934 5931/5931
f 5934/5934 5933/5933 5952/5952
f 5952/5952 5950/5950 5953/5953
f 5953/5953 5954/5954 5952/5952
f 5951/5951 5950/5950 5952/5952
f 5952/5952 5954/5954 5934/5934
f 5951/5951 5952/5952 5941/5941
f 5941/5941 5940/5940 5951/5951
f 5964/5964 5940/5940 5939/5939
f 5940/5940 5964/5964 5951/5951
f 5948/5948 5950/5950 5951/5951
f 5949/5949 5948/5948 5951/5951
f 5951/5951 5964/5964 5949/5949
f 5959/5959 5950/5950 5948/5948
f 5946/5946 5947/5947 5948/5948
f 5948/5948 5949/5949 5946/5946
f 5958/5958 5948/5948 5947/5947
f 5948/5948 5958/5958 5959/5959
f 5965/5965 5949/5949 5964/5964
f 5946/5946 5949/5949 5965/5965
f 5965/5965 5935/5935 5946/5946
f 5965/5965 5964/5964 5966/5966
f 5966/5966 5936/5936 5965/5965
f 5935/5935 5965/5965 5936/5936
f 5935/5935 5936/5936 5937/5937
f 5929/5929 5969/5969 5936/5936
f 5936/5936 5966/5966 5929/5929
f 5936/5936 5969/5969 5937/5937
f 5939/5939 5966/5966 5964/5964
f 5937/5937 5969/5969 5929/5929
f 5947/5947 5957/5957 5958/5958
f 5942/5942 5943/5943 5944/5944
f 5944/5944 5945/5945 5942/5942
f 5942/5942 5955/5955 5956/5956
f 5956/5956 5943/5943 5942/5942
f 5942/5942 5945/5945 5972/5972
f 5973/5973 5945/5945 5944/5944
f 5960/5960 5961/5961 5962/5962
f 5962/5962 5963/5963 5960/5960
f 5974/5974 5975/5975 5976/5976
f 5976/5976 5977/5977 5974/5974
f 5975/5975 6009/6009 6010/6010
f 6010/6010 5976/5976 5975/5975
f 6009/6009 5975/5975 6011/6011
f 5978/5978 5979/5979 5980/5980
f 5980/5980 5981/5981 5978/5978
f 5979/5979 5978/5978 5993/5993
f 5993/5993 5992/5992 5979/5979
f 5992/5992 5993/5993 5991/5991
f 5991/5991 5990/5990 5992/5992
f 5990/5990 5991/5991 5989/5989
f 5989/5989 5988/5988 5990/5990
f 5988/5988 5989/5989 5987/5987
f 5987/5987 5986/5986 5988/5988
f 5986/5986 5987/5987 5985/5985
f 5985/5985 5984/5984 5986/5986
f 5984/5984 5985/5985 5983/5983
f 5983/5983 5982/5982 5984/5984
f 5982/5982 5983/5983 5981/5981
f 5981/5981 5980/5980 5982/5982
f 5994/5994 5995/5995 5996/5996
f 5996/5996 5997/5997 5994/5994
f 5995/5995 5994/5994 6008/6008
f 6008/6008 6007/6007 5995/5995
f 6007/6007 6008/6008 6006/6006
f 6006/6006 6005/6005 6007/6007
f 6005/6005 6006/6006 6004/6004
f 6004/6004 6003/6003 6005/6005
f 6003/6003 6004/6004 6002/6002
f 6002/6002 6000/6000 6003/6003
f 6001/6001 6000/6000 6002/6002
f 5999/5999 5998/5998 6000/6000
f 6000/6000 6001/6001 5999/5999
f 5998/5998 5999/5999 5997/5997
f 5997/5997 5996/5996 5998/5998
f 6012/6012 6013/6013 6014/6014
f 6014/6014 6015/6015 6012/6012
f 6016/6016 6017/6017 6018/6018
f 6018/6018 6019/6019 6016/6016
f 6017/6017 6020/6020 6021/6021
f 6021/6021 6018/6018 6017/6017
f 6030/6030 6031/6031 6032/6032
f 6032/6032 6033/6033 6030/6030
f 6034/6034 6035/6035 6036/6036
f 6036/6036 6037/6037 6034/6034
f 6035/6035 6038/6038 6039/6039
f 6039/6039 6036/6036 6035/6035
f 6048/6048 6049/6049 6050/6050
f 6050/6050 6051/6051 6048/6048
f 6100/6100 6049/6049 6048/6048
f 6054/6054 6053/6053 6049/6049
f 6049/6049 6100/6100 6054/6054
f 6052/6052 6053/6053 6054/6054
f 6055/6055 6053/6053 6056/6056
f 6057/6057 6058/6058 6053/6053
f 6053/6053 6055/6055 6057/6057
f 6056/6056 6053/6053 6052/6052
f 6058/6058 6057/6057 6059/6059
f 6059/6059 6060/6060 6058/6058
f 6062/6062 6060/6060 6059/6059
f 6061/6061 6060/6060 6062/6062
f 6063/6063 6064/6064 6060/6060
f 6060/6060 6061/6061 6063/6063
f 6065/6065 6064/6064 6063/6063
f 6097/6097 6098/6098 6064/6064
f 6064/6064 6065/6065 6097/6097
f 6066/6066 6067/6067 6068/6068
f 6067/6067 6066/6066 6073/6073
f 6068/6068 6067/6067 6069/6069
f 6069/6069 6067/6067 6070/6070
f 6073/6073 6074/6074 6067/6067
f 6074/6074 6073/6073 6075/6075
f 6075/6075 6076/6076 6074/6074
f 6078/6078 6076/6076 6075/6075
f 6077/6077 6076/6076 6078/6078
f 6079/6079 6080/6080 6076/6076
f 6076/6076 6081/6081 6079/6079
f 6081/6081 6076/6076 6077/6077
f 6084/6084 6080/6080 6079/6079
f 6082/6082 6083/6083 6080/6080
f 6080/6080 6084/6084 6082/6082
f 6070/6070 6071/6071 6069/6069
f 6071/6071 6070/6070 6072/6072
f 6072/6072 6070/6070 6088/6088
f 6088/6088 6089/6089 6072/6072
f 6101/6101 6102/6102 6103/6103
f 6103/6103 6104/6104 6101/6101
f 6102/6102 6101/6101 6105/6105
f 6105/6105 6106/6106 6102/6102
f 6103/6103 6114/6114 6104/6104
f 6107/6107 6108/6108 6109/6109
f 6109/6109 6110/6110 6107/6107
f 6110/6110 6113/6113 6107/6107
f 6111/6111 6109/6109 6108/6108
f 6108/6108 6112/6112 6111/6111
f 6129/6129 6130/6130 6131/6131
f 6131/6131 6132/6132 6129/6129
f 6130/6130 6129/6129 6150/6150
f 6150/6150 6149/6149 6130/6130
f 6149/6149 6150/6150 6148/6148
f 6148/6148 6147/6147 6149/6149
f 6147/6147 6148/6148 6146/6146
f 6146/6146 6145/6145 6147/6147
f 6145/6145 6146/6146 6144/6144
f 6144/6144 6143/6143 6145/6145
f 6143/6143 6144/6144 6142/6142
f 6142/6142 6141/6141 6143/6143
f 6141/6141 6142/6142 6140/6140
f 6140/6140 6139/6139 6141/6141
f 6139/6139 6140/6140 6138/6138
f 6138/6138 6137/6137 6139/6139
f 6137/6137 6138/6138 6135/6135
f 6135/6135 6136/6136 6137/6137
f 6132/6132 6131/6131 6133/6133
f 6133/6133 6134/6134 6132/6132
f 6151/6151 6152/6152 6153/6153
f 6153/6153 6154/6154 6151/6151
f 6152/6152 6151/6151 6172/6172
f 6172/6172 6171/6171 6152/6152
f 6171/6171 6172/6172 6169/6169
f 6169/6169 6170/6170 6171/6171
f 6154/6154 6153/6153 6155/6155
f 6155/6155 6156/6156 6154/6154
f 6156/6156 6155/6155 6157/6157
f 6157/6157 6158/6158 6156/6156
f 6158/6158 6157/6157 6159/6159
f 6159/6159 6160/6160 6158/6158
f 6160/6160 6159/6159 6161/6161
f 6161/6161 6162/6162 6160/6160
f 6162/6162 6161/6161 6163/6163
f 6163/6163 6164/6164 6162/6162
f 6164/6164 6163/6163 6165/6165
f 6165/6165 6166/6166 6164/6164
f 6166/6166 6165/6165 6167/6167
f 6167/6167 6168/6168 6166/6166
f 6173/6173 6174/6174 6175/6175
f 6184/6184 6174/6174 6173/6173
f 6175/6175 6174/6174 6176/6176
f 6176/6176 6174/6174 6177/6177
f 6177/6177 6174/6174 6178/6178
f 6178/6178 6174/6174 6179/6179
f 6179/6179 6174/6174 6180/6180
f 6180/6180 6174/6174 6181/6181
f 6181/6181 6174/6174 6182/6182
f 6183/6183 6174/6174 6184/6184
f 6185/6185 6186/6186 6187/6187
f 6187/6187 6188/6188 6185/6185
f 6189/6189 6190/6190 6191/6191
f 6191/6191 6192/6192 6189/6189
f 6193/6193 6194/6194 6195/6195
f 6195/6195 6196/6196 6193/6193
f 6196/6196 6219/6219 6193/6193
f 6221/6221 6193/6193 6219/6219
f 6197/6197 6198/6198 6194/6194
f 6194/6194 6199/6199 6197/6197
f 6195/6195 6194/6194 6198/6198
f 6200/6200 6197/6197 6199/6199
f 6199/6199 6201/6201 6200/6200
f 6200/6200 6201/6201 6202/6202
f 6202/6202 6203/6203 6200/6200
f 6204/6204 6203/6203 6202/6202
f 6202/6202 6205/6205 6204/6204
f 6204/6204 6207/6207 6209/6209
f 6209/6209 6210/6210 6204/6204
f 6205/6205 6207/6207 6204/6204
f 6206/6206 6207/6207 6205/6205
f 6205/6205 6208/6208 6206/6206
f 6221/6221 6222/6222 6206/6206
f 6206/6206 6208/6208 6221/6221
f 6219/6219 6222/6222 6221/6221
f 6218/6218 6219/6219 6196/6196
f 6196/6196 6220/6220 6218/6218
f 6217/6217 6216/6216 6218/6218
f 6218/6218 6220/6220 6217/6217
f 6216/6216 6217/6217 6215/6215
f 6215/6215 6214/6214 6216/6216
f 6214/6214 6215/6215 6213/6213
f 6213/6213 6212/6212 6214/6214
f 6212/6212 6213/6213 6211/6211
f 6211/6211 6209/6209 6212/6212
f 6210/6210 6209/6209 6211/6211
f 6223/6223 6224/6224 6225/6225
f 6225/6225 6226/6226 6223/6223
f 6226/6226 6225/6225 6227/6227
f 6227/6227 6228/6228 6226/6226
f 6228/6228 6227/6227 6229/6229
f 6229/6229 6230/6230 6228/6228
f 6231/6231 6232/6232 6233/6233
f 6233/6233 6234/6234 6231/6231
f 6235/6235 6236/6236 6237/6237
f 6237/6237 6238/6238 6235/6235
f 6238/6238 6237/6237 6239/6239
f 6239/6239 6240/6240 6238/6238
f 6240/6240 6239/6239 6241/6241
f 6241/6241 6242/6242 6240/6240
f 6243/6243 6244/6244 6245/6245
f 6245/6245 6246/6246 6243/6243
f 6247/6247 6248/6248 6249/6249
f 6249/6249 6250/6250 6247/6247
f 6248/6248 6247/6247 6271/6271
f 6271/6271 6270/6270 6248/6248
f 6270/6270 6271/6271 6268/6268
f 6268/6268 6269/6269 6270/6270
f 6251/6251 6252/6252 6253/6253
f 6253/6253 6254/6254 6251/6251
f 6255/6255 6256/6256 6257/6257
f 6257/6257 6258/6258 6255/6255
f 6258/6258 6257/6257 6259/6259
f 6259/6259 6260/6260 6258/6258
f 6260/6260 6259/6259 6261/6261
f 6261/6261 6262/6262 6260/6260
f 6263/6263 6264/6264 6265/6265
f 6265/6265 6264/6264 6266/6266
f 6266/6266 6267/6267 6265/6265
f 6272/6272 6273/6273 6274/6274
f 6274/6274 6275/6275 6272/6272
f 6276/6276 6277/6277 6278/6278
f 6278/6278 6279/6279 6276/6276
f 6280/6280 6281/6281 6282/6282
f 6282/6282 6283/6283 6280/6280
f 6284/6284 6285/6285 6286/6286
f 6286/6286 6287/6287 6284/6284
f 6288/6288 6289/6289 6290/6290
f 6290/6290 6291/6291 6288/6288
f 6292/6292 6293/6293 6294/6294
f 6294/6294 6295/6295 6292/6292
f 6296/6296 6297/6297 6298/6298
f 6298/6298 6299/6299 6296/6296
f 6300/6300 6301/6301 6302/6302
f 6302/6302 6303/6303 6300/6300
f 6351/6351 6300/6300 6317/6317
f 6300/6300 6353/6353 6301/6301
f 6300/6300 6351/6351 6353/6353
f 6354/6354 6301/6301 6353/6353
f 6353/6353 6355/6355 6354/6354
f 6354/6354 6355/6355 6341/6341
f 6341/6341 6340/6340 6354/6354
f 6340/6340 6341/6341 6342/6342
f 6342/6342 6343/6343 6340/6340
f 6342/6342 6344/6344 6306/6306
f 6306/6306 6343/6343 6342/6342
f 6306/6306 6344/6344 6307/6307
f 6319/6319 6307/6307 6344/6344
f 6304/6304 6305/6305 6306/6306
f 6306/6306 6307/6307 6304/6304
f 6318/6318 6308/6308 6307/6307
f 6307/6307 6319/6319 6318/6318
f 6318/6318 6319/6319 6345/6345
f 6345/6345 6346/6346 6318/6318
f 6308/6308 6318/6318 6309/6309
f 6308/6308 6309/6309 6310/6310
f 6310/6310 6311/6311 6308/6308
f 6311/6311 6310/6310 6312/6312
f 6312/6312 6313/6313 6311/6311
f 6313/6313 6312/6312 6314/6314
f 6314/6314 6315/6315 6313/6313
f 6315/6315 6314/6314 6316/6316
f 6316/6316 6317/6317 6315/6315
f 6352/6352 6317/6317 6316/6316
f 6317/6317 6352/6352 6351/6351
f 6351/6351 6352/6352 6350/6350
f 6350/6350 6349/6349 6351/6351
f 6349/6349 6350/6350 6348/6348
f 6348/6348 6347/6347 6349/6349
f 6347/6347 6348/6348 6346/6346
f 6346/6346 6345/6345 6347/6347
f 6337/6337 6339/6339 6304/6304
f 6304/6304 6338/6338 6337/6337
f 6304/6304 6339/6339 6305/6305
f 6336/6336 6335/6335 6337/6337
f 6337/6337 6338/6338 6336/6336
f 6335/6335 6336/6336 6334/6334
f 6334/6334 6333/6333 6335/6335
f 6333/6333 6334/6334 6332/6332
f 6332/6332 6331/6331 6333/6333
f 6331/6331 6332/6332 6330/6330
f 6330/6330 6329/6329 6331/6331
f 6329/6329 6330/6330 6328/6328
f 6328/6328 6327/6327 6329/6329
f 6327/6327 6328/6328 6303/6303
f 6303/6303 6326/6326 6327/6327
f 6302/6302 6326/6326 6303/6303
f 6324/6324 6326/6326 6302/6302
f 6302/6302 6325/6325 6324/6324
f 6323/6323 6322/6322 6324/6324
f 6324/6324 6325/6325 6323/6323
f 6322/6322 6323/6323 6320/6320
f 6320/6320 6321/6321 6322/6322
f 6339/6339 6321/6321 6320/6320
f 6320/6320 6305/6305 6339/6339
f 6373/6373 6374/6374 6375/6375
f 6373/6373 6376/6376 6374/6374
f 6380/6380 6381/6381 6382/6382
f 6382/6382 6383/6383 6380/6380
f 6388/6388 6389/6389 6390/6390
f 6390/6390 6391/6391 6388/6388
f 6389/6389 6415/6415 6414/6414
f 6414/6414 6390/6390 6389/6389
f 6414/6414 6415/6415 6412/6412
f 6412/6412 6413/6413 6414/6414
f 6392/6392 6393/6393 6394/6394
f 6394/6394 6395/6395 6392/6392
f 6396/6396 6397/6397 6398/6398
f 6398/6398 6399/6399 6396/6396
f 6396/6396 6423/6423 6422/6422
f 6422/6422 6397/6397 6396/6396
f 6397/6397 6422/6422 6436/6436
f 6436/6436 6437/6437 6397/6397
f 6420/6420 6421/6421 6422/6422
f 6422/6422 6423/6423 6420/6420
f 6400/6400 6401/6401 6402/6402
f 6402/6402 6403/6403 6400/6400
f 6404/6404 6405/6405 6406/6406
f 6406/6406 6407/6407 6404/6404
f 6404/6404 6427/6427 6426/6426
f 6426/6426 6405/6405 6404/6404
f 6426/6426 6427/6427 6424/6424
f 6424/6424 6425/6425 6426/6426
f 6408/6408 6409/6409 6410/6410
f 6410/6410 6411/6411 6408/6408
f 6416/6416 6417/6417 6418/6418
f 6418/6418 6419/6419 6416/6416
f 6428/6428 6429/6429 6430/6430
f 6430/6430 6431/6431 6428/6428
f 6432/6432 6433/6433 6434/6434
f 6434/6434 6435/6435 6432/6432
f 6438/6438 6439/6439 6440/6440
f 6440/6440 6441/6441 6438/6438
f 6442/6442 6443/6443 6444/6444
f 6444/6444 6445/6445 6442/6442
f 6446/6446 6447/6447 6448/6448
f 6448/6448 6449/6449 6446/6446
f 6450/6450 6451/6451 6452/6452
f 6452/6452 6453/6453 6450/6450
f 6454/6454 6455/6455 6456/6456
f 6456/6456 6457/6457 6454/6454
f 6458/6458 6459/6459 6460/6460
f 6460/6460 6461/6461 6458/6458
f 6462/6462 6463/6463 6464/6464
f 6464/6464 6465/6465 6462/6462
f 6464/6464 6463/6463 6502/6502
f 6502/6502 6503/6503 6464/6464
f 6502/6502 6489/6489 6488/6488
f 6488/6488 6503/6503 6502/6502
f 6488/6488 6489/6489 6486/6486
f 6486/6486 6487/6487 6488/6488
f 6466/6466 6467/6467 6468/6468
f 6468/6468 6469/6469 6466/6466
f 6468/6468 6467/6467 6538/6538
f 6538/6538 6539/6539 6468/6468
f 6470/6470 6471/6471 6472/6472
f 6472/6472 6473/6473 6470/6470
f 6471/6471 6470/6470 6508/6508
f 6508/6508 6509/6509 6471/6471
f 6508/6508 6497/6497 6496/6496
f 6496/6496 6509/6509 6508/6508
f 6509/6509 6496/6496 6514/6514
f 6514/6514 6515/6515 6509/6509
f 6494/6494 6495/6495 6496/6496
f 6496/6496 6497/6497 6494/6494
f 6474/6474 6475/6475 6476/6476
f 6476/6476 6477/6477 6474/6474
f 6478/6478 6479/6479 6480/6480
f 6480/6480 6481/6481 6478/6478
f 6478/6478 6498/6498 6501/6501
f 6501/6501 6479/6479 6478/6478
f 6498/6498 6499/6499 6500/6500
f 6500/6500 6501/6501 6498/6498
f 6499/6499 6540/6540 6541/6541
f 6541/6541 6500/6500 6499/6499
f 6482/6482 6483/6483 6484/6484
f 6484/6484 6485/6485 6482/6482
f 6490/6490 6491/6491 6492/6492
f 6492/6492 6493/6493 6490/6490
f 6504/6504 6505/6505 6506/6506
f 6506/6506 6507/6507 6504/6504
f 6510/6510 6511/6511 6512/6512
f 6512/6512 6513/6513 6510/6510
f 6516/6516 6517/6517 6518/6518
f 6518/6518 6519/6519 6516/6516
f 6520/6520 6521/6521 6522/6522
f 6522/6522 6523/6523 6520/6520
f 6520/6520 6523/6523 6528/6528
f 6528/6528 6529/6529 6520/6520
f 6524/6524 6525/6525 6526/6526
f 6526/6526 6527/6527 6524/6524
f 6530/6530 6531/6531 6532/6532
f 6532/6532 6533/6533 6530/6530
f 6534/6534 6535/6535 6536/6536
f 6536/6536 6537/6537 6534/6534
f 6542/6542 6543/6543 6544/6544
f 6544/6544 6545/6545 6542/6542
f 6543/6543 6568/6568 6569/6569
f 6569/6569 6544/6544 6543/6543
f 6568/6568 6587/6587 6586/6586
f 6586/6586 6569/6569 6568/6568
f 6586/6586 6587/6587 6584/6584
f 6584/6584 6585/6585 6586/6586
f 6546/6546 6547/6547 6548/6548
f 6548/6548 6549/6549 6546/6546
f 6550/6550 6551/6551 6552/6552
f 6552/6552 6553/6553 6550/6550
f 6552/6552 6551/6551 6570/6570
f 6570/6570 6571/6571 6552/6552
f 6571/6571 6570/6570 6590/6590
f 6590/6590 6591/6591 6571/6571
f 6554/6554 6555/6555 6556/6556
f 6556/6556 6557/6557 6554/6554
f 6558/6558 6559/6559 6560/6560
f 6560/6560 6561/6561 6558/6558
f 6567/6567 6558/6558 6561/6561
f 6561/6561 6566/6566 6567/6567
f 6589/6589 6567/6567 6566/6566
f 6566/6566 6588/6588 6589/6589
f 6562/6562 6563/6563 6564/6564
f 6564/6564 6565/6565 6562/6562
f 6565/6565 6564/6564 6580/6580
f 6580/6580 6583/6583 6565/6565
f 6580/6580 6581/6581 6582/6582
f 6582/6582 6583/6583 6580/6580
f 6572/6572 6573/6573 6574/6574
f 6574/6574 6575/6575 6572/6572
f 6576/6576 6577/6577 6578/6578
f 6578/6578 6579/6579 6576/6576
f 6592/6592 6593/6593 6594/6594
f 6594/6594 6595/6595 6592/6592
f 6593/6593 6592/6592 6596/6596
f 6596/6596 6597/6597 6593/6593
f 6595/6595 6594/6594 6599/6599
f 6599/6599 6598/6598 6595/6595
f 6598/6598 6599/6599 6600/6600
f 6601/6601 6602/6602 6603/6603
f 6604/6604 6602/6602 6601/6601
f 6605/6605 6602/6602 6604/6604
f 6604/6604 6606/6606 6605/6605
f 6607/6607 6605/6605 6606/6606
f 6602/6602 6605/6605 6644/6644
f 6605/6605 6607/6607 6645/6645
f 6645/6645 6644/6644 6605/6605
f 6606/6606 6608/6608 6607/6607
f 6609/6609 6607/6607 6608/6608
f 6610/6610 6607/6607 6609/6609
f 6607/6607 6646/6646 6645/6645
f 6607/6607 6647/6647 6646/6646
f 6644/6644 6643/6643 6602/6602
f 6602/6602 6643/6643 6641/6641
f 6602/6602 6641/6641 6642/6642
f 6611/6611 6612/6612 6613/6613
f 6614/6614 6612/6612 6611/6611
f 6615/6615 6612/6612 6614/6614
f 6614/6614 6616/6616 6615/6615
f 6617/6617 6615/6615 6616/6616
f 6616/6616 6618/6618 6617/6617
f 6619/6619 6617/6617 6618/6618
f 6620/6620 6617/6617 6619/6619
f 6621/6621 6622/6622 6623/6623
f 6624/6624 6622/6622 6621/6621
f 6621/6621 6625/6625 6624/6624
f 6626/6626 6624/6624 6625/6625
f 6625/6625 6627/6627 6626/6626
f 6628/6628 6626/6626 6627/6627
f 6629/6629 6630/6630 6631/6631
f 6629/6629 6632/6632 6630/6630
f 6629/6629 6633/6633 6634/6634
f 6634/6634 6632/6632 6629/6629
f 6633/6633 6635/6635 6636/6636
f 6636/6636 6634/6634 6633/6633
f 6635/6635 6637/6637 6636/6636
f 6638/6638 6639/6639 6640/6640
f 6648/6648 6649/6649 6650/6650
f 6651/6651 6649/6649 6648/6648
f 6649/6649 6651/6651 6732/6732
f 6732/6732 6733/6733 6649/6649
f 6735/6735 6733/6733 6732/6732
f 6733/6733 6660/6660 6649/6649
f 6733/6733 6734/6734 6660/6660
f 6649/6649 6660/6660 6656/6656
f 6649/6649 6656/6656 6653/6653
f 6653/6653 6652/6652 6649/6649
f 6652/6652 6653/6653 6654/6654
f 6654/6654 6655/6655 6652/6652
f 6655/6655 6654/6654 6658/6658
f 6658/6658 6657/6657 6655/6655
f 6657/6657 6658/6658 6659/6659
f 6661/6661 6662/6662 6663/6663
f 6661/6661 6664/6664 6665/6665
f 6665/6665 6662/6662 6661/6661
f 6664/6664 6666/6666 6667/6667
f 6667/6667 6665/6665 6664/6664
f 6666/6666 6668/6668 6667/6667
f 6669/6669 6670/6670 6671/6671
f 6671/6671 6672/6672 6669/6669
f 6673/6673 6669/6669 6672/6672
f 6681/6681 6669/6669 6673/6673
f 6693/6693 6669/6669 6681/6681
f 6669/6669 6693/6693 6736/6736
f 6815/6815 6670/6670 6669/6669
f 6669/6669 6816/6816 6815/6815
f 6817/6817 6816/6816 6669/6669
f 6817/6817 6669/6669 6822/6822
f 6822/6822 6669/6669 6832/6832
f 6669/6669 6736/6736 6832/6832
f 6673/6673 6682/6682 6681/6681
f 6681/6681 6694/6694 6693/6693
f 6694/6694 6681/6681 6695/6695
f 6832/6832 6833/6833 6822/6822
f 6822/6822 6823/6823 6817/6817
f 6833/6833 6834/6834 6822/6822
f 6815/6815 6831/6831 6670/6670
f 6831/6831 6825/6825 6670/6670
f 6825/6825 6826/6826 6670/6670
f 6826/6826 6821/6821 6677/6677
f 6677/6677 6670/6670 6826/6826
f 6677/6677 6821/6821 6820/6820
f 6677/6677 6678/6678 6679/6679
f 6679/6679 6680/6680 6677/6677
f 6685/6685 6670/6670 6677/6677
f 6677/6677 6680/6680 6685/6685
f 6820/6820 6678/6678 6677/6677
f 6820/6820 6830/6830 6678/6678
f 6830/6830 6824/6824 6678/6678
f 6824/6824 6818/6818 6675/6675
f 6675/6675 6678/6678 6824/6824
f 6818/6818 6819/6819 6675/6675
f 6674/6674 6675/6675 6676/6676
f 6683/6683 6678/6678 6675/6675
f 6675/6675 6674/6674 6683/6683
f 6676/6676 6675/6675 6686/6686
f 6686/6686 6675/6675 6819/6819
f 6819/6819 6827/6827 6686/6686
f 6686/6686 6687/6687 6676/6676
f 6688/6688 6686/6686 6689/6689
f 6687/6687 6686/6686 6688/6688
f 6689/6689 6686/6686 6828/6828
f 6827/6827 6828/6828 6686/6686
f 6689/6689 6690/6690 6688/6688
f 6688/6688 6690/6690 6699/6699
f 6698/6698 6690/6690 6689/6689
f 6690/6690 6698/6698 6700/6700
f 6700/6700 6699/6699 6690/6690
f 6689/6689 6696/6696 6698/6698
f 6696/6696 6689/6689 6697/6697
f 6835/6835 6697/6697 6689/6689
f 6836/6836 6835/6835 6689/6689
f 6689/6689 6829/6829 6836/6836
f 6838/6838 6836/6836 6829/6829
f 6828/6828 6829/6829 6689/6689
f 6828/6828 6837/6837 6829/6829
f 6829/6829 6837/6837 6838/6838
f 6691/6691 6678/6678 6683/6683
f 6679/6679 6678/6678 6691/6691
f 6684/6684 6670/6670 6685/6685
f 6692/6692 6670/6670 6684/6684
f 6671/6671 6670/6670 6692/6692
f 6701/6701 6702/6702 6703/6703
f 6703/6703 6704/6704 6701/6701
f 6716/6716 6702/6702 6701/6701
f 6703/6703 6702/6702 6724/6724
f 6724/6724 6726/6726 6703/6703
f 6724/6724 6702/6702 6725/6725
f 6856/6856 6725/6725 6702/6702
f 6856/6856 6702/6702 6841/6841
f 6841/6841 6857/6857 6856/6856
f 6839/6839 6840/6840 6841/6841
f 6841/6841 6702/6702 6839/6839
f 6848/6848 6839/6839 6702/6702
f 6847/6847 6848/6848 6702/6702
f 6715/6715 6702/6702 6716/6716
f 6712/6712 6702/6702 6715/6715
f 6847/6847 6702/6702 6712/6712
f 6712/6712 6850/6850 6847/6847
f 6855/6855 6850/6850 6712/6712
f 6852/6852 6855/6855 6712/6712
f 6845/6845 6852/6852 6712/6712
f 6845/6845 6712/6712 6711/6711
f 6711/6711 6846/6846 6845/6845
f 6851/6851 6846/6846 6711/6711
f 6711/6711 6717/6717 6851/6851
f 6853/6853 6851/6851 6717/6717
f 6717/6717 6854/6854 6853/6853
f 6853/6853 6854/6854 6717/6717
f 6717/6717 6849/6849 6853/6853
f 6844/6844 6849/6849 6717/6717
f 6844/6844 6717/6717 6707/6707
f 6707/6707 6843/6843 6844/6844
f 6842/6842 6843/6843 6707/6707
f 6707/6707 6706/6706 6842/6842
f 6861/6861 6862/6862 6842/6842
f 6842/6842 6706/6706 6861/6861
f 6705/6705 6706/6706 6707/6707
f 6730/6730 6706/6706 6705/6705
f 6706/6706 6730/6730 6737/6737
f 6706/6706 6737/6737 6861/6861
f 6707/6707 6708/6708 6705/6705
f 6705/6705 6731/6731 6730/6730
f 6710/6710 6708/6708 6707/6707
f 6707/6707 6709/6709 6710/6710
f 6718/6718 6710/6710 6709/6709
f 6709/6709 6717/6717 6718/6718
f 6718/6718 6717/6717 6722/6722
f 6720/6720 6717/6717 6711/6711
f 6722/6722 6717/6717 6720/6720
f 6711/6711 6714/6714 6720/6720
f 6711/6711 6712/6712 6713/6713
f 6713/6713 6714/6714 6711/6711
f 6715/6715 6719/6719 6712/6712
f 6713/6713 6712/6712 6721/6721
f 6723/6723 6712/6712 6719/6719
f 6721/6721 6712/6712 6723/6723
f 6727/6727 6728/6728 6729/6729
f 6738/6738 6739/6739 6740/6740
f 6740/6740 6741/6741 6738/6738
f 6742/6742 6738/6738 6741/6741
f 6739/6739 6744/6744 6746/6746
f 6746/6746 6740/6740 6739/6739
f 6744/6744 6745/6745 6746/6746
f 6741/6741 6743/6743 6742/6742
f 6747/6747 6748/6748 6749/6749
f 6750/6750 6747/6747 6749/6749
f 6750/6750 6749/6749 6751/6751
f 6749/6749 6787/6787 6788/6788
f 6749/6749 6788/6788 6789/6789
f 6749/6749 6789/6789 6790/6790
f 6790/6790 6751/6751 6749/6749
f 6751/6751 6752/6752 6750/6750
f 6752/6752 6751/6751 6753/6753
f 6751/6751 6790/6790 6791/6791
f 6791/6791 6753/6753 6751/6751
f 6753/6753 6754/6754 6752/6752
f 6755/6755 6754/6754 6753/6753
f 6756/6756 6755/6755 6753/6753
f 6753/6753 6791/6791 6792/6792
f 6753/6753 6792/6792 6793/6793
f 6757/6757 6758/6758 6759/6759
f 6760/6760 6757/6757 6759/6759
f 6760/6760 6759/6759 6761/6761
f 6761/6761 6762/6762 6760/6760
f 6762/6762 6761/6761 6763/6763
f 6763/6763 6764/6764 6762/6762
f 6765/6765 6764/6764 6763/6763
f 6766/6766 6765/6765 6763/6763
f 6767/6767 6768/6768 6769/6769
f 6767/6767 6769/6769 6770/6770
f 6770/6770 6771/6771 6767/6767
f 6771/6771 6770/6770 6772/6772
f 6772/6772 6773/6773 6771/6771
f 6774/6774 6773/6773 6772/6772
f 6775/6775 6776/6776 6777/6777
f 6775/6775 6777/6777 6778/6778
f 6775/6775 6778/6778 6779/6779
f 6779/6779 6780/6780 6775/6775
f 6780/6780 6779/6779 6781/6781
f 6781/6781 6782/6782 6780/6780
f 6782/6782 6781/6781 6783/6783
f 6784/6784 6785/6785 6786/6786
f 6794/6794 6795/6795 6796/6796
f 6797/6797 6794/6794 6796/6796
f 6863/6863 6797/6797 6796/6796
f 6796/6796 6864/6864 6863/6863
f 6866/6866 6863/6863 6864/6864
f 6864/6864 6796/6796 6806/6806
f 6864/6864 6806/6806 6865/6865
f 6796/6796 6802/6802 6806/6806
f 6799/6799 6802/6802 6796/6796
f 6796/6796 6800/6800 6799/6799
f 6798/6798 6799/6799 6800/6800
f 6800/6800 6801/6801 6798/6798
f 6805/6805 6798/6798 6801/6801
f 6801/6801 6803/6803 6805/6805
f 6803/6803 6804/6804 6805/6805
f 6807/6807 6808/6808 6809/6809
f 6807/6807 6809/6809 6810/6810
f 6810/6810 6811/6811 6807/6807
f 6811/6811 6810/6810 6812/6812
f 6812/6812 6813/6813 6811/6811
f 6813/6813 6812/6812 6814/6814
f 6858/6858 6859/6859 6860/6860
f 6867/6867 6868/6868 6869/6869
f 6869/6869 6870/6870 6867/6867
f 6868/6868 6871/6871 6872/6872
f 6872/6872 6869/6869 6868/6868
f 6871/6871 6873/6873 6874/6874
f 6874/6874 6872/6872 6871/6871
f 6873/6873 6875/6875 6876/6876
f 6876/6876 6874/6874 6873/6873
f 6875/6875 6877/6877 6878/6878
f 6878/6878 6876/6876 6875/6875
f 6879/6879 6880/6880 6881/6881
f 6880/6880 6882/6882 6881/6881
f 6882/6882 6883/6883 6881/6881
f 6883/6883 6884/6884 6881/6881
f 6884/6884 6885/6885 6881/6881
f 6886/6886 6887/6887 6888/6888
f 6892/6892 6886/6886 6888/6888
f 6889/6889 6890/6890 6888/6888
f 6890/6890 6891/6891 6888/6888
f 6891/6891 6892/6892 6888/6888
f 6893/6893 6894/6894 6895/6895
f 6895/6895 6896/6896 6893/6893
f 6894/6894 6893/6893 6954/6954
f 6954/6954 6953/6953 6894/6894
f 6953/6953 6954/6954 6948/6948
f 6948/6948 6947/6947 6953/6953
f 6947/6947 6948/6948 6942/6942
f 6942/6942 6941/6941 6947/6947
f 6941/6941 6942/6942 6932/6932
f 6932/6932 6931/6931 6941/6941
f 6931/6931 6932/6932 6929/6929
f 6929/6929 6930/6930 6931/6931
f 6896/6896 6895/6895 6905/6905
f 6905/6905 6906/6906 6896/6896
f 6906/6906 6905/6905 6911/6911
f 6911/6911 6912/6912 6906/6906
f 6912/6912 6911/6911 6917/6917
f 6917/6917 6918/6918 6912/6912
f 6918/6918 6917/6917 6923/6923
f 6923/6923 6924/6924 6918/6918
f 6897/6897 6898/6898 6899/6899
f 6899/6899 6900/6900 6897/6897
f 6898/6898 6897/6897 6956/6956
f 6956/6956 6955/6955 6898/6898
f 6955/6955 6956/6956 6950/6950
f 6950/6950 6949/6949 6955/6955
f 6949/6949 6950/6950 6944/6944
f 6944/6944 6943/6943 6949/6949
f 6943/6943 6944/6944 6936/6936
f 6936/6936 6935/6935 6943/6943
f 6935/6935 6936/6936 6933/6933
f 6933/6933 6934/6934 6935/6935
f 6900/6900 6899/6899 6907/6907
f 6907/6907 6908/6908 6900/6900
f 6908/6908 6907/6907 6913/6913
f 6913/6913 6914/6914 6908/6908
f 6914/6914 6913/6913 6919/6919
f 6919/6919 6920/6920 6914/6914
f 6920/6920 6919/6919 6925/6925
f 6925/6925 6926/6926 6920/6920
f 6901/6901 6902/6902 6903/6903
f 6903/6903 6904/6904 6901/6901
f 6902/6902 6901/6901 6958/6958
f 6958/6958 6957/6957 6902/6902
f 6957/6957 6958/6958 6952/6952
f 6952/6952 6951/6951 6957/6957
f 6951/6951 6952/6952 6946/6946
f 6946/6946 6945/6945 6951/6951
f 6945/6945 6946/6946 6940/6940
f 6940/6940 6939/6939 6945/6945
f 6939/6939 6940/6940 6937/6937
f 6937/6937 6938/6938 6939/6939
f 6904/6904 6903/6903 6909/6909
f 6909/6909 6910/6910 6904/6904
f 6910/6910 6909/6909 6915/6915
f 6915/6915 6916/6916 6910/6910
f 6916/6916 6915/6915 6921/6921
f 6921/6921 6922/6922 6916/6916
f 6922/6922 6921/6921 6927/6927
f 6927/6927 6928/6928 6922/6922
f 6959/6959 6960/6960 6961/6961
f 6961/6961 6962/6962 6959/6959
f 6960/6960 6959/6959 6987/6987
f 6987/6987 6988/6988 6960/6960
f 6963/6963 6964/6964 6965/6965
f 6965/6965 6966/6966 6963/6963
f 6965/6965 6964/6964 6989/6989
f 6989/6989 6990/6990 6965/6965
f 6967/6967 6968/6968 6969/6969
f 6969/6969 6970/6970 6967/6967
f 6971/6971 6972/6972 6973/6973
f 6973/6973 6974/6974 6971/6971
f 6975/6975 6976/6976 6977/6977
f 6977/6977 6978/6978 6975/6975
f 6979/6979 6980/6980 6981/6981
f 6981/6981 6982/6982 6979/6979
f 6983/6983 6984/6984 6985/6985
f 6985/6985 6986/6986 6983/6983
f 6991/6991 6992/6992 6993/6993
f 6993/6993 6994/6994 6991/6991
f 6993/6993 6992/6992 7003/7003
f 7003/7003 7004/7004 6993/6993
f 6995/6995 6996/6996 6997/6997
f 6997/6997 6998/6998 6995/6995
f 6999/6999 7000/7000 7001/7001
f 7001/7001 7002/7002 6999/6999
f 7005/7005 7006/7006 7007/7007
f 7007/7007 7008/7008 7005/7005
f 7009/7009 7010/7010 7011/7011
f 7011/7011 7012/7012 7009/7009
f 7045/7045 7010/7010 7009/7009
f 7009/7009 7046/7046 7045/7045
f 7013/7013 7014/7014 7015/7015
f 7015/7015 7016/7016 7013/7013
f 7014/7014 7041/7041 7042/7042
f 7042/7042 7015/7015 7014/7014
f 7017/7017 7018/7018 7019/7019
f 7019/7019 7020/7020 7017/7017
f 7017/7017 7043/7043 7044/7044
f 7044/7044 7018/7018 7017/7017
f 7021/7021 7022/7022 7023/7023
f 7023/7023 7024/7024 7021/7021
f 7025/7025 7026/7026 7027/7027
f 7027/7027 7028/7028 7025/7025
f 7029/7029 7030/7030 7031/7031
f 7031/7031 7032/7032 7029/7029
f 7033/7033 7034/7034 7035/7035
f 7035/7035 7036/7036 7033/7033
f 7037/7037 7038/7038 7039/7039
f 7039/7039 7040/7040 7037/7037
f 7047/7047 7048/7048 7049/7049
f 7049/7049 7050/7050 7047/7047
f 7051/7051 7052/7052 7053/7053
f 7053/7053 7054/7054 7051/7051
f 7055/7055 7056/7056 7057/7057
f 7057/7057 7058/7058 7055/7055
f 7059/7059 7060/7060 7061/7061
f 7061/7061 7062/7062 7059/7059
f 7063/7063 7064/7064 7065/7065
f 7065/7065 7066/7066 7063/7063
f 7067/7067 7068/7068 7069/7069
f 7069/7069 7070/7070 7067/7067
f 7071/7071 7072/7072 7073/7073
f 7073/7073 7074/7074 7071/7071
f 7075/7075 7076/7076 7077/7077
f 7077/7077 7078/7078 7075/7075
f 7079/7079 7080/7080 7081/7081
f 7081/7081 7082/7082 7079/7079
f 7083/7083 7084/7084 7085/7085
f 7085/7085 7086/7086 7083/7083
f 7087/7087 7088/7088 7089/7089
f 7089/7089 7090/7090 7087/7087
f 7091/7091 7092/7092 7093/7093
f 7093/7093 7094/7094 7091/7091
f 7095/7095 7096/7096 7097/7097
f 7097/7097 7098/7098 7095/7095
f 7099/7099 7100/7100 7101/7101
f 7101/7101 7102/7102 7099/7099
f 7103/7103 7104/7104 7105/7105
f 7105/7105 7106/7106 7103/7103
f 7115/7115 7103/7103 7116/7116
f 7116/7116 7103/7103 7106/7106
f 7105/7105 7104/7104 7107/7107
f 7107/7107 7108/7108 7105/7105
f 7108/7108 7107/7107 7131/7131
f 7131/7131 7132/7132 7108/7108
f 7106/7106 7230/7230 7116/7116
f 7218/7218 7115/7115 7116/7116
f 7222/7222 7221/7221 7115/7115
f 7115/7115 7218/7218 7222/7222
f 7221/7221 7222/7222 7219/7219
f 7219/7219 7220/7220 7221/7221
f 7220/7220 7219/7219 7231/7231
f 7231/7231 7202/7202 7220/7220
f 7231/7231 7232/7232 7203/7203
f 7203/7203 7202/7202 7231/7231
f 7202/7202 7203/7203 7204/7204
f 7109/7109 7110/7110 7111/7111
f 7111/7111 7112/7112 7109/7109
f 7109/7109 7112/7112 7113/7113
f 7113/7113 7114/7114 7109/7109
f 7111/7111 7110/7110 7214/7214
f 7214/7214 7215/7215 7111/7111
f 7215/7215 7214/7214 7217/7217
f 7215/7215 7226/7226 7111/7111
f 7228/7228 7226/7226 7215/7215
f 7228/7228 7215/7215 7216/7216
f 7217/7217 7216/7216 7215/7215
f 7216/7216 7217/7217 7173/7173
f 7173/7173 7176/7176 7216/7216
f 7224/7224 7225/7225 7216/7216
f 7216/7216 7176/7176 7224/7224
f 7216/7216 7225/7225 7228/7228
f 7173/7173 7174/7174 7175/7175
f 7175/7175 7176/7176 7173/7173
f 7175/7175 7235/7235 7212/7212
f 7212/7212 7176/7176 7175/7175
f 7235/7235 7236/7236 7210/7210
f 7210/7210 7212/7212 7235/7235
f 7212/7212 7213/7213 7206/7206
f 7206/7206 7176/7176 7212/7212
f 7209/7209 7213/7213 7212/7212
f 7212/7212 7210/7210 7209/7209
f 7208/7208 7209/7209 7210/7210
f 7210/7210 7211/7211 7208/7208
f 7211/7211 7210/7210 7236/7236
f 7236/7236 7237/7237 7211/7211
f 7208/7208 7211/7211 7530/7530
f 7556/7556 7530/7530 7211/7211
f 7211/7211 7237/7237 7556/7556
f 7530/7530 7531/7531 7208/7208
f 7531/7531 7530/7530 7532/7532
f 7555/7555 7532/7532 7530/7530
f 7530/7530 7556/7556 7555/7555
f 7532/7532 7533/7533 7531/7531
f 7532/7532 7500/7500 7529/7529
f 7529/7529 7533/7533 7532/7532
f 7501/7501 7500/7500 7532/7532
f 7532/7532 7555/7555 7501/7501
f 7527/7527 7528/7528 7529/7529
f 7529/7529 7500/7500 7527/7527
f 7554/7554 7527/7527 7500/7500
f 7500/7500 7553/7553 7554/7554
f 7500/7500 7544/7544 7553/7553
f 7544/7544 7500/7500 7537/7537
f 7537/7537 7545/7545 7544/7544
f 7499/7499 7536/7536 7537/7537
f 7537/7537 7500/7500 7499/7499
f 7548/7548 7545/7545 7537/7537
f 7537/7537 7535/7535 7548/7548
f 7535/7535 7537/7537 7536/7536
f 7499/7499 7500/7500 7501/7501
f 7501/7501 7502/7502 7499/7499
f 7536/7536 7534/7534 7535/7535
f 7441/7441 7535/7535 7534/7534
f 7535/7535 7441/7441 7546/7546
f 7548/7548 7535/7535 7546/7546
f 7534/7534 7442/7442 7441/7441
f 7439/7439 7440/7440 7441/7441
f 7441/7441 7442/7442 7439/7439
f 7441/7441 7440/7440 7547/7547
f 7546/7546 7441/7441 7547/7547
f 7547/7547 7549/7549 7546/7546
f 7444/7444 7440/7440 7439/7439
f 7439/7439 7443/7443 7444/7444
f 7491/7491 7444/7444 7443/7443
f 7443/7443 7492/7492 7491/7491
f 7205/7205 7176/7176 7206/7206
f 7176/7176 7233/7233 7224/7224
f 7176/7176 7205/7205 7234/7234
f 7234/7234 7233/7233 7176/7176
f 7206/7206 7207/7207 7205/7205
f 7226/7226 7229/7229 7227/7227
f 7227/7227 7111/7111 7226/7226
f 7111/7111 7227/7227 7112/7112
f 7165/7165 7166/7166 7114/7114
f 7114/7114 7113/7113 7165/7165
f 7117/7117 7118/7118 7119/7119
f 7119/7119 7120/7120 7117/7117
f 7148/7148 7118/7118 7117/7117
f 7117/7117 7149/7149 7148/7148
f 7120/7120 7119/7119 7146/7146
f 7146/7146 7145/7145 7120/7120
f 7145/7145 7146/7146 7135/7135
f 7135/7135 7144/7144 7145/7145
f 7133/7133 7134/7134 7135/7135
f 7144/7144 7135/7135 7134/7134
f 7133/7133 7169/7169 7170/7170
f 7133/7133 7170/7170 7134/7134
f 7147/7147 7148/7148 7149/7149
f 7171/7171 7147/7147 7149/7149
f 7149/7149 7172/7172 7171/7171
f 7121/7121 7122/7122 7123/7123
f 7123/7123 7124/7124 7121/7121
f 7125/7125 7122/7122 7121/7121
f 7121/7121 7126/7126 7125/7125
f 7451/7451 7124/7124 7123/7123
f 7123/7123 7452/7452 7451/7451
f 7451/7451 7452/7452 7453/7453
f 7453/7453 7454/7454 7451/7451
f 7454/7454 7453/7453 7622/7622
f 7622/7622 7621/7621 7454/7454
f 7621/7621 7622/7622 7623/7623
f 7623/7623 7624/7624 7621/7621
f 7307/7307 7125/7125 7126/7126
f 7126/7126 7308/7308 7307/7307
f 7306/7306 7307/7307 7308/7308
f 7308/7308 7309/7309 7306/7306
f 7127/7127 7128/7128 7129/7129
f 7129/7129 7130/7130 7127/7127
f 7184/7184 7127/7127 7130/7130
f 7178/7178 7129/7129 7128/7128
f 7128/7128 7179/7179 7178/7178
f 7177/7177 7178/7178 7179/7179
f 7177/7177 7179/7179 7180/7180
f 7180/7180 7181/7181 7177/7177
f 7185/7185 7181/7181 7180/7180
f 7130/7130 7182/7182 7184/7184
f 7182/7182 7183/7183 7184/7184
f 7508/7508 7184/7184 7183/7183
f 7184/7184 7508/7508 7456/7456
f 7455/7455 7456/7456 7457/7457
f 7456/7456 7455/7455 7184/7184
f 7457/7457 7458/7458 7455/7455
f 7458/7458 7457/7457 7505/7505
f 7505/7505 7504/7504 7458/7458
f 7503/7503 7504/7504 7505/7505
f 7506/7506 7504/7504 7503/7503
f 7503/7503 7507/7507 7506/7506
f 7509/7509 7506/7506 7507/7507
f 7136/7136 7137/7137 7138/7138
f 7138/7138 7139/7139 7136/7136
f 7168/7168 7136/7136 7139/7139
f 7139/7139 7167/7167 7168/7168
f 7141/7141 7168/7168 7167/7167
f 7167/7167 7142/7142 7141/7141
f 7140/7140 7141/7141 7142/7142
f 7142/7142 7143/7143 7140/7140
f 7150/7150 7151/7151 7152/7152
f 7150/7150 7153/7153 7156/7156
f 7156/7156 7151/7151 7150/7150
f 7153/7153 7154/7154 7155/7155
f 7155/7155 7156/7156 7153/7153
f 7157/7157 7158/7158 7159/7159
f 7159/7159 7160/7160 7157/7157
f 7158/7158 7157/7157 7161/7161
f 7161/7161 7162/7162 7158/7158
f 7161/7161 7163/7163 7164/7164
f 7164/7164 7162/7162 7161/7161
f 7485/7485 7160/7160 7159/7159
f 7159/7159 7486/7486 7485/7485
f 7487/7487 7485/7485 7486/7486
f 7486/7486 7488/7488 7487/7487
f 7487/7487 7488/7488 7489/7489
f 7489/7489 7490/7490 7487/7487
f 7186/7186 7187/7187 7188/7188
f 7186/7186 7188/7188 7190/7190
f 7190/7190 7189/7189 7186/7186
f 7189/7189 7190/7190 7191/7191
f 7191/7191 7192/7192 7189/7189
f 7192/7192 7191/7191 7193/7193
f 7193/7193 7194/7194 7192/7192
f 7194/7194 7193/7193 7201/7201
f 7199/7199 7194/7194 7201/7201
f 7201/7201 7223/7223 7199/7199
f 7199/7199 7200/7200 7196/7196
f 7196/7196 7195/7195 7199/7199
f 7223/7223 7200/7200 7199/7199
f 7195/7195 7196/7196 7197/7197
f 7197/7197 7198/7198 7195/7195
f 7519/7519 7198/7198 7197/7197
f 7197/7197 7520/7520 7519/7519
f 7521/7521 7519/7519 7520/7520
f 7520/7520 7522/7522 7521/7521
f 7523/7523 7517/7517 7521/7521
f 7521/7521 7543/7543 7523/7523
f 7543/7543 7521/7521 7522/7522
f 7517/7517 7523/7523 7518/7518
f 7514/7514 7517/7517 7518/7518
f 7518/7518 7515/7515 7514/7514
f 7513/7513 7514/7514 7515/7515
f 7515/7515 7516/7516 7513/7513
f 7510/7510 7513/7513 7516/7516
f 7516/7516 7511/7511 7510/7510
f 7510/7510 7511/7511 7512/7512
f 7238/7238 7239/7239 7240/7240
f 7240/7240 7241/7241 7238/7238
f 7254/7254 7238/7238 7241/7241
f 7239/7239 7260/7260 7261/7261
f 7261/7261 7240/7240 7239/7239
f 7260/7260 7246/7246 7249/7249
f 7249/7249 7261/7261 7260/7260
f 7246/7246 7247/7247 7248/7248
f 7248/7248 7249/7249 7246/7246
f 7247/7247 7256/7256 7259/7259
f 7259/7259 7248/7248 7247/7247
f 7256/7256 7257/7257 7258/7258
f 7258/7258 7259/7259 7256/7256
f 7257/7257 7250/7250 7253/7253
f 7253/7253 7258/7258 7257/7257
f 7250/7250 7251/7251 7252/7252
f 7252/7252 7253/7253 7250/7250
f 7251/7251 7242/7242 7245/7245
f 7245/7245 7252/7252 7251/7251
f 7242/7242 7243/7243 7244/7244
f 7244/7244 7245/7245 7242/7242
f 7243/7243 7254/7254 7255/7255
f 7255/7255 7244/7244 7243/7243
f 7241/7241 7255/7255 7254/7254
f 7262/7262 7263/7263 7264/7264
f 7264/7264 7265/7265 7262/7262
f 7262/7262 7265/7265 7581/7581
f 7581/7581 7582/7582 7262/7262
f 7263/7263 7266/7266 7267/7267
f 7267/7267 7264/7264 7263/7263
f 7582/7582 7581/7581 7583/7583
f 7583/7583 7584/7584 7582/7582
f 7268/7268 7269/7269 7270/7270
f 7270/7270 7271/7271 7268/7268
f 7269/7269 7272/7272 7270/7270
f 7278/7278 7270/7270 7272/7272
f 7272/7272 7277/7277 7278/7278
f 7276/7276 7278/7278 7277/7277
f 7277/7277 7273/7273 7276/7276
f 7275/7275 7276/7276 7273/7273
f 7273/7273 7274/7274 7275/7275
f 7590/7590 7591/7591 7275/7275
f 7275/7275 7274/7274 7590/7590
f 7591/7591 7590/7590 7593/7593
f 7593/7593 7592/7592 7591/7591
f 7592/7592 7593/7593 7589/7589
f 7589/7589 7587/7587 7592/7592
f 7588/7588 7587/7587 7589/7589
f 7585/7585 7586/7586 7587/7587
f 7587/7587 7588/7588 7585/7585
f 7279/7279 7280/7280 7281/7281
f 7281/7281 7282/7282 7279/7279
f 7280/7280 7279/7279 7305/7305
f 7305/7305 7304/7304 7280/7280
f 7304/7304 7305/7305 7302/7302
f 7302/7302 7303/7303 7304/7304
f 7282/7282 7281/7281 7287/7287
f 7287/7287 7286/7286 7282/7282
f 7286/7286 7287/7287 7288/7288
f 7288/7288 7289/7289 7286/7286
f 7288/7288 7293/7293 7292/7292
f 7292/7292 7289/7289 7288/7288
f 7292/7292 7293/7293 7290/7290
f 7290/7290 7291/7291 7292/7292
f 7290/7290 7285/7285 7284/7284
f 7284/7284 7291/7291 7290/7290
f 7283/7283 7284/7284 7285/7285
f 7294/7294 7295/7295 7296/7296
f 7296/7296 7297/7297 7294/7294
f 7296/7296 7295/7295 7298/7298
f 7298/7298 7299/7299 7296/7296
f 7299/7299 7298/7298 7300/7300
f 7300/7300 7301/7301 7299/7299
f 7310/7310 7311/7311 7312/7312
f 7312/7312 7313/7313 7310/7310
f 7314/7314 7315/7315 7316/7316
f 7316/7316 7317/7317 7314/7314
f 7318/7318 7319/7319 7320/7320
f 7320/7320 7321/7321 7318/7318
f 7322/7322 7323/7323 7324/7324
f 7324/7324 7325/7325 7322/7322
f 7326/7326 7327/7327 7328/7328
f 7328/7328 7329/7329 7326/7326
f 7330/7330 7331/7331 7332/7332
f 7332/7332 7333/7333 7330/7330
f 7334/7334 7335/7335 7336/7336
f 7337/7337 7338/7338 7339/7339
f 7339/7339 7340/7340 7337/7337
f 7652/7652 7653/7653 7337/7337
f 7337/7337 7340/7340 7652/7652
f 7341/7341 7342/7342 7343/7343
f 7343/7343 7344/7344 7341/7341
f 7654/7654 7655/7655 7341/7341
f 7341/7341 7344/7344 7654/7654
f 7345/7345 7346/7346 7347/7347
f 7347/7347 7348/7348 7345/7345
f 7656/7656 7657/7657 7345/7345
f 7345/7345 7348/7348 7656/7656
f 7349/7349 7350/7350 7351/7351
f 7351/7351 7352/7352 7349/7349
f 7658/7658 7659/7659 7349/7349
f 7349/7349 7352/7352 7658/7658
f 7353/7353 7354/7354 7355/7355
f 7355/7355 7356/7356 7353/7353
f 7355/7355 7354/7354 7660/7660
f 7660/7660 7661/7661 7355/7355
f 7357/7357 7358/7358 7359/7359
f 7359/7359 7360/7360 7357/7357
f 7662/7662 7663/7663 7357/7357
f 7357/7357 7360/7360 7662/7662
f 7361/7361 7362/7362 7363/7363
f 7363/7363 7364/7364 7361/7361
f 7664/7664 7665/7665 7361/7361
f 7361/7361 7364/7364 7664/7664
f 7365/7365 7366/7366 7367/7367
f 7367/7367 7368/7368 7365/7365
f 7666/7666 7367/7367 7366/7366
f 7366/7366 7667/7667 7666/7666
f 7369/7369 7370/7370 7371/7371
f 7371/7371 7372/7372 7369/7369
f 7668/7668 7370/7370 7369/7369
f 7369/7369 7669/7669 7668/7668
f 7373/7373 7374/7374 7375/7375
f 7375/7375 7376/7376 7373/7373
f 7670/7670 7376/7376 7375/7375
f 7375/7375 7671/7671 7670/7670
f 7377/7377 7378/7378 7379/7379
f 7379/7379 7380/7380 7377/7377
f 7672/7672 7378/7378 7377/7377
f 7377/7377 7673/7673 7672/7672
f 7381/7381 7382/7382 7383/7383
f 7383/7383 7384/7384 7381/7381
f 7674/7674 7384/7384 7383/7383
f 7383/7383 7675/7675 7674/7674
f 7385/7385 7386/7386 7387/7387
f 7387/7387 7388/7388 7385/7385
f 7676/7676 7386/7386 7385/7385
f 7385/7385 7677/7677 7676/7676
f 7389/7389 7390/7390 7391/7391
f 7391/7391 7392/7392 7389/7389
f 7678/7678 7392/7392 7391/7391
f 7391/7391 7679/7679 7678/7678
f 7393/7393 7394/7394 7395/7395
f 7395/7395 7396/7396 7393/7393
f 7680/7680 7394/7394 7393/7393
f 7393/7393 7681/7681 7680/7680
f 7397/7397 7398/7398 7399/7399
f 7399/7399 7400/7400 7397/7397
f 7682/7682 7400/7400 7399/7399
f 7399/7399 7683/7683 7682/7682
f 7401/7401 7402/7402 7403/7403
f 7403/7403 7404/7404 7401/7401
f 7684/7684 7404/7404 7403/7403
f 7403/7403 7685/7685 7684/7684
f 7405/7405 7406/7406 7407/7407
f 7407/7407 7408/7408 7405/7405
f 7686/7686 7406/7406 7405/7405
f 7405/7405 7687/7687 7686/7686
f 7409/7409 7410/7410 7411/7411
f 7411/7411 7412/7412 7409/7409
f 7410/7410 7409/7409 7688/7688
f 7688/7688 7689/7689 7410/7410
f 7413/7413 7414/7414 7415/7415
f 7415/7415 7416/7416 7413/7413
f 7690/7690 7416/7416 7415/7415
f 7415/7415 7691/7691 7690/7690
f 7417/7417 7418/7418 7419/7419
f 7419/7419 7420/7420 7417/7417
f 7692/7692 7418/7418 7417/7417
f 7417/7417 7693/7693 7692/7692
f 7421/7421 7422/7422 7423/7423
f 7423/7423 7424/7424 7421/7421
f 7694/7694 7424/7424 7423/7423
f 7423/7423 7695/7695 7694/7694
f 7425/7425 7426/7426 7427/7427
f 7427/7427 7428/7428 7425/7425
f 7428/7428 7427/7427 7696/7696
f 7696/7696 7697/7697 7428/7428
f 7429/7429 7430/7430 7431/7431
f 7431/7431 7432/7432 7429/7429
f 7698/7698 7430/7430 7429/7429
f 7429/7429 7699/7699 7698/7698
f 7433/7433 7434/7434 7435/7435
f 7435/7435 7436/7436 7433/7433
f 7445/7445 7446/7446 7433/7433
f 7434/7434 7433/7433 7446/7446
f 7446/7446 7550/7550 7434/7434
f 7538/7538 7446/7446 7445/7445
f 7540/7540 7538/7538 7445/7445
f 7445/7445 7541/7541 7540/7540
f 7539/7539 7540/7540 7541/7541
f 7541/7541 7542/7542 7539/7539
f 7551/7551 7539/7539 7542/7542
f 7542/7542 7524/7524 7551/7551
f 7551/7551 7524/7524 7526/7526
f 7526/7526 7552/7552 7551/7551
f 7524/7524 7525/7525 7526/7526
f 7437/7437 7436/7436 7435/7435
f 7435/7435 7438/7438 7437/7437
f 7459/7459 7437/7437 7438/7438
f 7438/7438 7460/7460 7459/7459
f 7447/7447 7448/7448 7449/7449
f 7449/7449 7450/7450 7447/7447
f 7477/7477 7476/7476 7447/7447
f 7447/7447 7450/7450 7477/7477
f 7472/7472 7449/7449 7448/7448
f 7448/7448 7473/7473 7472/7472
f 7462/7462 7472/7472 7473/7473
f 7473/7473 7474/7474 7462/7462
f 7461/7461 7462/7462 7463/7463
f 7474/7474 7463/7463 7462/7462
f 7461/7461 7495/7495 7496/7496
f 7461/7461 7463/7463 7495/7495
f 7475/7475 7476/7476 7477/7477
f 7476/7476 7475/7475 7497/7497
f 7497/7497 7498/7498 7476/7476
f 7464/7464 7465/7465 7466/7466
f 7466/7466 7467/7467 7464/7464
f 7465/7465 7464/7464 7494/7494
f 7494/7494 7493/7493 7465/7465
f 7493/7493 7494/7494 7471/7471
f 7471/7471 7470/7470 7493/7493
f 7470/7470 7471/7471 7468/7468
f 7468/7468 7469/7469 7470/7470
f 7478/7478 7479/7479 7480/7480
f 7478/7478 7480/7480 7482/7482
f 7482/7482 7481/7481 7478/7478
f 7481/7481 7482/7482 7483/7483
f 7483/7483 7484/7484 7481/7481
f 7557/7557 7558/7558 7559/7559
f 7559/7559 7560/7560 7557/7557
f 7558/7558 7557/7557 7573/7573
f 7573/7573 7574/7574 7558/7558
f 7574/7574 7573/7573 7564/7564
f 7564/7564 7563/7563 7574/7574
f 7563/7563 7564/7564 7561/7561
f 7561/7561 7562/7562 7563/7563
f 7562/7562 7561/7561 7572/7572
f 7572/7572 7571/7571 7562/7562
f 7571/7571 7572/7572 7569/7569
f 7569/7569 7570/7570 7571/7571
f 7570/7570 7569/7569 7578/7578
f 7578/7578 7577/7577 7570/7570
f 7577/7577 7578/7578 7575/7575
f 7575/7575 7576/7576 7577/7577
f 7576/7576 7575/7575 7568/7568
f 7568/7568 7567/7567 7576/7576
f 7567/7567 7568/7568 7565/7565
f 7565/7565 7566/7566 7567/7567
f 7566/7566 7565/7565 7580/7580
f 7580/7580 7579/7579 7566/7566
f 7579/7579 7580/7580 7560/7560
f 7560/7560 7559/7559 7579/7579
f 7594/7594 7595/7595 7596/7596
f 7596/7596 7597/7597 7594/7594
f 7618/7618 7594/7594 7597/7597
f 7595/7595 7601/7601 7604/7604
f 7604/7604 7596/7596 7595/7595
f 7601/7601 7602/7602 7603/7603
f 7603/7603 7604/7604 7601/7601
f 7603/7603 7602/7602 7607/7607
f 7607/7607 7606/7606 7603/7603
f 7605/7605 7606/7606 7607/7607
f 7607/7607 7608/7608 7605/7605
f 7605/7605 7608/7608 7600/7600
f 7600/7600 7599/7599 7605/7605
f 7598/7598 7599/7599 7600/7600
f 7597/7597 7619/7619 7618/7618
f 7617/7617 7618/7618 7619/7619
f 7619/7619 7620/7620 7617/7617
f 7609/7609 7610/7610 7611/7611
f 7611/7611 7612/7612 7609/7609
f 7609/7609 7613/7613 7614/7614
f 7614/7614 7610/7610 7609/7609
f 7613/7613 7615/7615 7616/7616
f 7616/7616 7614/7614 7613/7613
f 7625/7625 7626/7626 7627/7627
f 7627/7627 7628/7628 7625/7625
f 7629/7629 7630/7630 7631/7631
f 7631/7631 7632/7632 7629/7629
f 7633/7633 7634/7634 7635/7635
f 7635/7635 7636/7636 7633/7633
f 7637/7637 7638/7638 7639/7639
f 7639/7639 7640/7640 7637/7637
f 7641/7641 7642/7642 7643/7643
f 7643/7643 7644/7644 7641/7641
f 7645/7645 7646/7646 7647/7647
f 7647/7647 7648/7648 7645/7645
f 7649/7649 7650/7650 7651/7651
f 7719/7719 7720/7720 7721/7721
f 7721/7721 7722/7722 7719/7719
f 7723/7723 7724/7724 7725/7725
f 7725/7725 7726/7726 7723/7723
f 7727/7727 7728/7728 7729/7729
f 7729/7729 7730/7730 7727/7727
f 7731/7731 7732/7732 7733/7733
f 7733/7733 7734/7734 7731/7731
f 7735/7735 7736/7736 7737/7737
f 7737/7737 7738/7738 7735/7735
f 7739/7739 7740/7740 7741/7741
f 7741/7741 7742/7742 7739/7739
f 7743/7743 7744/7744 7745/7745
f 7745/7745 7746/7746 7743/7743
f 7747/7747 7748/7748 7749/7749
f 7749/7749 7750/7750 7747/7747
f 7751/7751 7752/7752 7753/7753
f 7753/7753 7754/7754 7751/7751
f 7755/7755 7756/7756 7757/7757
f 7757/7757 7758/7758 7755/7755
f 7759/7759 7760/7760 7761/7761
f 7761/7761 7762/7762 7759/7759
f 7763/7763 7764/7764 7765/7765
f 7765/7765 7766/7766 7763/7763
f 7767/7767 7768/7768 7769/7769
f 7769/7769 7770/7770 7767/7767
f 7771/7771 7772/7772 7773/7773
f 7773/7773 7774/7774 7771/7771
f 7775/7775 7776/7776 7777/7777
f 7777/7777 7778/7778 7775/7775
f 7779/7779 7780/7780 7781/7781
f 7781/7781 7782/7782 7779/7779
f 7783/7783 7784/7784 7785/7785
f 7785/7785 7786/7786 7783/7783
f 7787/7787 7788/7788 7789/7789
f 7789/7789 7790/7790 7787/7787
f 7791/7791 7792/7792 7793/7793
f 7793/7793 7794/7794 7791/7791
f 7795/7795 7796/7796 7797/7797
f 7797/7797 7798/7798 7795/7795
f 7799/7799 7800/7800 7801/7801
f 7801/7801 7802/7802 7799/7799
f 7803/7803 7804/7804 7805/7805
f 7805/7805 7806/7806 7803/7803
f 7807/7807 7808/7808 7809/7809
f 7809/7809 7810/7810 7807/7807
f 7811/7811 7812/7812 7813/7813
f 7813/7813 7814/7814 7811/7811
f 7815/7815 7816/7816 7817/7817
f 7817/7817 7818/7818 7815/7815
f 7819/7819 7820/7820 7821/7821
f 7821/7821 7822/7822 7819/7819
f 7823/7823 7824/7824 7825/7825
f 7825/7825 7826/7826 7823/7823
f 7827/7827 7828/7828 7829/7829
f 7829/7829 7830/7830 7827/7827
f 7831/7831 7832/7832 7833/7833
f 7833/7833 7834/7834 7831/7831
f 7835/7835 7836/7836 7837/7837
f 7837/7837 7838/7838 7835/7835
f 7839/7839 7840/7840 7841/7841
f 7841/7841 7842/7842 7839/7839
f 7843/7843 7844/7844 7845/7845
f 7845/7845 7846/7846 7843/7843
f 7847/7847 7848/7848 7849/7849
f 7849/7849 7850/7850 7847/7847
f 7851/7851 7852/7852 7853/7853
f 7853/7853 7854/7854 7851/7851
f 7855/7855 7856/7856 7857/7857
f 7857/7857 7858/7858 7855/7855
f 7859/7859 7860/7860 7861/7861
f 7861/7861 7862/7862 7859/7859
f 7863/7863 7864/7864 7865/7865
f 7865/7865 7866/7866 7863/7863
f 7867/7867 7868/7868 7869/7869
f 7869/7869 7870/7870 7867/7867
f 7871/7871 7872/7872 7873/7873
f 7873/7873 7874/7874 7871/7871
f 7875/7875 7876/7876 7877/7877
f 7877/7877 7878/7878 7875/7875
f 7879/7879 7880/7880 7881/7881
f 7881/7881 7882/7882 7879/7879
f 7883/7883 7884/7884 7885/7885
f 7885/7885 7886/7886 7883/7883
f 7887/7887 7888/7888 7889/7889
f 7889/7889 7890/7890 7887/7887
f 7891/7891 7892/7892 7893/7893
f 7893/7893 7894/7894 7891/7891
f 7895/7895 7896/7896 7897/7897
f 7897/7897 7898/7898 7895/7895
f 7899/7899 7900/7900 7901/7901
f 7901/7901 7902/7902 7899/7899
f 7903/7903 7904/7904 7905/7905
f 7905/7905 7906/7906 7903/7903
f 7907/7907 7908/7908 7909/7909
f 7909/7909 7910/7910 7907/7907
f 7911/7911 7912/7912 7913/7913
f 7913/7913 7914/7914 7911/7911
f 7915/7915 7916/7916 7917/7917
f 7917/7917 7918/7918 7915/7915
f 7919/7919 7920/7920 7921/7921
f 7921/7921 7922/7922 7919/7919
f 7923/7923 7924/7924 7925/7925
f 7925/7925 7926/7926 7923/7923
f 7927/7927 7928/7928 7929/7929
f 7929/7929 7930/7930 7927/7927
f 7931/7931 7932/7932 7933/7933
f 7933/7933 7934/7934 7931/7931
o suv-body
usemtl glass-34
v -0.3522086 1.0767450 0.8306177
v -0.3510492 1.0005994 0.8443454
v -0.1320925 1.0058425 0.7740214
v 0.0070939 1.0824345 0.7147948
v 0.1146928 1.0113844 0.6936040
v 0.6684727 1.0843662 0.4960815
v 0.4362149 1.0390967 0.5825120
v 0.4583870 1.0191010 0.5790607
v 0.6803426 1.0241047 0.5042687
v 0.4301189 1.0832542 0.5724267
v 1.2754824 1.0868256 0.2891968
v 1.2458569 1.0581468 0.3048990
v 1.2848981 1.0455157 0.2945447
v 1.5605818 1.0451056 0.1981344
v 1.5458799 1.0876528 0.1945420
v 1.8531048 1.0446288 0.0924353
v 1.8338389 1.0882040 0.0901346
v 1.6840940 1.3381668 0.0508415
v 1.7617603 1.3311564 0.0146096
v 1.7024992 1.4089906 -0.0037851
v 1.6328418 1.4102751 0.0309068
v -0.1342945 1.3279840 0.6761376
v -0.2476884 1.1942697 0.7624295
v 0.0527509 1.2037928 0.6619703
v 0.1029493 1.3421844 0.5926567
v 0.0607084 1.4028033 0.5760506
v -0.0978463 1.3757608 0.6390646
v 0.1896521 1.4110380 0.5297753
v 0.5900090 1.3538308 0.4259229
v 0.6331433 1.2100395 0.4673936
v 0.8908652 1.2108150 0.3804151
v 0.8286172 1.3552126 0.3452651
v 0.7956887 1.4255317 0.3212295
v 0.5670650 1.4220466 0.3993511
v 0.3869547 1.3496973 0.4918018
v 0.4112620 1.2077550 0.5387951
v 1.1596279 1.3541102 0.2326284
v 1.0330228 1.3538501 0.2727004
v 1.1341862 1.2105461 0.2941457
v 1.2226833 1.2116483 0.2668585
v 1.4914882 1.2099221 0.1739897
v 1.4260306 1.3493526 0.1419863
v 1.3926535 1.4139867 0.1204499
v 1.1287592 1.4178444 0.2106531
v 1.7671903 1.2055023 0.0752227
v 1.9143962 1.0869763 0.0522149
v 1.8468899 1.2031332 0.0379057
v 1.7503785 1.3329863 -0.4093604
v 1.8070225 1.3306638 -0.1584391
v 1.8929439 1.2041762 -0.1524880
v 1.8345466 1.2044665 -0.4258363
v 1.7887351 1.2044666 -0.5847529
v 1.7077655 1.3329863 -0.5584368
v 1.6418015 1.4069035 -0.5369973
v 1.6837627 1.4069936 -0.3945597
v 1.7379212 1.4073746 -0.1611191
v 1.9568745 1.0876788 -0.1471327
v 1.9736044 1.0442270 -0.1443824
v 1.9094810 1.0442264 -0.4376868
v 1.8942972 1.0876788 -0.4357735
v 1.8151124 1.3269200 -0.0762381
v 1.8997004 1.2023188 -0.0601803
v 1.7471204 1.4075786 -0.0888597
v 1.9646324 1.0862650 -0.0494167
v 1.9846465 1.0442142 -0.0455215
v -0.3598579 1.1888613 0.7921216
v 0.9429558 1.0848204 0.4035598
v 1.2199462 1.0855618 0.3052748
v 1.9353182 1.0444148 0.0571352
v 1.8456988 1.0876788 -0.6032668
v 0.9908592 1.0528761 0.3937648
v 1.0029700 1.0842531 0.3798751
v 0.9587845 1.0348782 0.4085333
v 0.2288169 1.4126464 0.5160412
v 0.2775817 1.2065618 0.5836384
v 0.2587014 1.3469771 0.5356140
v 0.2964111 1.0359842 0.6293314
v 0.2917331 1.0830188 0.6183159
v 0.2781600 1.0150581 0.6393568
v 0.9173381 1.0294327 0.4235608
v -0.1617800 1.3513688 0.6686566
v -0.2086181 1.3216536 0.6958078
v 0.3777578 1.3982657 0.4730082
v 1.0221766 1.4193993 0.2466919
v 0.9622993 1.2100835 0.3528364
v 0.8943084 1.3540142 0.3199860
v 0.8257427 1.4258190 0.3110161
v 0.8475479 1.4132140 0.3092818
v 1.0099958 1.3856307 0.2662083
v -0.2589064 1.3843891 0.6222195
v -0.3493234 1.3169052 0.6766630
v -0.3001401 1.3148971 0.7142163
v -0.2120151 1.3823436 0.6592580
v -0.4578132 1.1845054 0.8091113
v -0.5119965 1.1871779 0.7706356
v -0.7076819 1.1916949 0.4143710
v -0.7719874 1.1916948 0.2475142
v -0.9209199 1.0872114 0.2959191
v -0.8540222 1.0872114 0.4707516
v -0.7068465 1.0806645 0.7542950
v -0.5714534 1.1891891 0.6866073
v -0.3507781 1.4180041 0.2741757
v -0.4036180 1.4180022 0.1277896
v -0.4630229 1.3894469 0.1470969
v -0.4047269 1.3894469 0.2954637
v -0.2988354 1.3866412 0.5430976
v -0.2506107 1.4146283 0.5173656
v -0.6406828 1.0754090 0.8409977
v -0.2143828 1.4119833 0.5954041
v -0.5362468 1.1131035 0.8505234
v -0.2032914 1.4041608 0.6262611
v -0.5150703 1.3197286 0.3390694
v -0.5756422 1.3197286 0.1836996
v -0.3971117 1.3181625 0.5958334
v -0.2072120 1.3932461 0.6449877
v -0.5827709 1.0707525 0.8795013
v 1.8599883 1.0442315 -0.6079109
v -0.7752394 1.0767450 -0.4709656
v -0.4164984 1.0824345 -0.5885160
v -0.5639093 1.0058425 -0.5545947
v -0.7823723 1.0005994 -0.4827519
v -0.3170012 1.0113844 -0.6346338
v 0.2470890 1.0843662 -0.8004334
v 0.2518772 1.0241047 -0.8140346
v 0.0283618 1.0191010 -0.7440430
v 0.0083971 1.0390967 -0.7337992
v 0.0093954 1.0832542 -0.7220570
v 0.8597421 1.0868256 -0.9899543
v 0.8642147 1.0455157 -0.9998160
v 0.8265459 1.0581468 -0.9852388
v 1.1341211 1.0876528 -1.0723586
v 1.1439017 1.0451056 -1.0839083
v 1.4284396 1.0882039 -1.1571987
v 1.4426717 1.0446287 -1.1703868
v 1.3304097 1.3381668 -1.0373759
v 1.3006709 1.4102751 -0.9911183
v 1.3774138 1.4089906 -1.0040080
v 1.4145372 1.3311564 -1.0537291
v -0.5081428 1.3279840 -0.4741201
v -0.2671516 1.3421844 -0.5460716
v -0.3485091 1.2037928 -0.5726280
v -0.6506019 1.1942697 -0.4772565
v -0.4568631 1.3757608 -0.4655597
v -0.2915579 1.4028033 -0.5078044
v -0.1600469 1.4110380 -0.5461801
v 0.2248660 1.3538308 -0.6975503
v 0.4653011 1.3552126 -0.7725876
v 0.4949890 1.2108150 -0.8376179
v 0.2353764 1.2100395 -0.7564563
v 0.2219284 1.4220466 -0.6625666
v 0.0139147 1.2077550 -0.6837655
v 0.0218803 1.3496973 -0.6314610
v 0.7425355 1.2105461 -0.9108866
v 0.6733110 1.3538501 -0.8340631
v 0.7992831 1.3541102 -0.8760819
v 0.8301651 1.2116483 -0.9408430
v 1.1022055 1.2099221 -1.0237556
v 1.0680714 1.3493526 -0.9593836
v 0.7872327 1.4178444 -0.8401573
v 1.0537337 1.4139867 -0.9223394
v 1.3832936 1.2055022 -1.1059522
v 1.4697039 1.2031331 -1.1226232
v 1.5158979 1.0869763 -1.1738859
v 1.6545908 1.3329863 -0.7040801
v 1.7323619 1.2044665 -0.7402365
v 1.6188935 1.2041762 -0.9956865
v 1.5528897 1.3306638 -0.9403574
v 1.5920028 1.4069936 -0.6768883
v 1.4985675 1.4073746 -0.8975632
v 1.7999454 1.0442264 -0.7747063
v 1.6793762 1.0442270 -1.0496648
v 1.6674605 1.0876788 -1.0376043
v 1.7865380 1.0876788 -0.7673270
v 1.5700900 1.2023188 -1.0743281
v 1.5111052 1.3269200 -1.0116074
v 1.4635265 1.4075786 -0.9614239
v 1.6301857 1.0442141 -1.1361271
v 1.6162863 1.0862649 -1.1212099
v -0.7587945 1.1888613 -0.4353281
v 0.5235190 1.0848204 -0.8869653
v 0.8053652 1.0855618 -0.9703090
v 1.5299296 1.0444147 -1.1901669
v 0.5859900 1.0842531 -0.9030898
v 0.5680277 1.0528761 -0.9072054
v 0.5333990 1.0348782 -0.9002945
v -0.1023962 1.3942161 -0.5720284
v -0.1076242 1.3469771 -0.5914987
v -0.1205864 1.2065618 -0.6414464
v -0.1295267 1.0830188 -0.6778178
v -0.1322187 1.0359842 -0.6894787
v -0.1528765 1.0150581 -0.6868584
v 0.4910373 1.0294327 -0.8880833
v -0.5259781 1.3513688 -0.4519092
v -0.5798291 1.3216536 -0.4463354
v 0.0469123 1.4179475 -0.6088368
v 0.6798281 1.4193993 -0.8066477
v 0.5333019 1.3540142 -0.7907601
v 0.5689878 1.2100835 -0.8573068
v 0.4831115 1.4258190 -0.7431929
v 0.4527955 1.4255317 -0.7337853
v 0.6585005 1.3856307 -0.8152733
v -0.5772441 1.3843891 -0.3572428
v -0.5610884 1.3823436 -0.4147725
v -0.6646856 1.3148971 -0.4074183
v -0.6823924 1.3169052 -0.3481251
v -0.8480211 1.1845054 -0.3914815
v -0.8692301 1.1871779 -0.3285022
v -0.8180681 1.1916949 0.0747341
v -0.9695929 1.0872114 0.1151634
v -0.8679238 1.1891891 -0.2255743
v -1.0172408 1.0806645 -0.2007278
v -0.4469383 1.4180041 -0.0216906
v -0.5030946 1.3894469 -0.0071930
v -0.5088879 1.4146283 -0.2773018
v -0.5630257 1.3866412 -0.2697646
v -1.0146944 1.0754090 -0.3097619
v -0.5254629 1.4119833 -0.3617277
v -0.9358145 1.1131035 -0.3788678
v -0.5346322 1.4041608 -0.3932093
v -0.6179898 1.3197286 0.0224067
v -0.6735279 1.3181625 -0.2546449
v -0.5488135 1.3932461 -0.4060526
v -0.9904851 1.0707525 -0.3749559
v 0.2514836 1.3942161 0.5167902
v 0.3939025 1.4179475 0.4587837
v -0.1202911 1.4126464 -0.5580963
v 0.0254899 1.3982657 -0.6108514
v 0.5017700 1.4132140 -0.7546098
vt 0.8461893 0.8839781
vt 0.8459042 0.8795511
vt 0.8590911 0.8795266
vt 0.8678244 0.8837778
vt 0.8739699 0.8794984
vt 0.8243759 0.8821403
vt 0.8101152 0.8798620
vt 0.8113535 0.8786637
vt 0.8247860 0.8786127
vt 0.8100317 0.8824815
vt 0.7690986 0.8811688
vt 0.7671989 0.8794972
vt 0.7695120 0.8787550
vt 0.7862599 0.8787915
vt 0.7855199 0.8812730
vt 0.8040751 0.8789167
vt 0.8030532 0.8814513
vt 0.7956513 0.8965656
vt 0.8005756 0.8964095
vt 0.7977322 0.9013650
vt 0.7932680 0.9011804
vt 0.8611482 0.8987359
vt 0.8532646 0.8907999
vt 0.8714111 0.8909535
vt 0.8755644 0.8993065
vt 0.8736432 0.9031989
vt 0.8638456 0.9017429
vt 0.8815082 0.9035453
vt 0.8217843 0.8985226
vt 0.8231609 0.8897035
vt 0.8387406 0.8893802
vt 0.8362129 0.8982572
vt 0.8349755 0.9027485
vt 0.8211239 0.9028701
vt 0.8095444 0.8986375
vt 0.8098014 0.8899531
vt 0.7638386 0.8973579
vt 0.7562192 0.8973998
vt 0.7613233 0.8886330
vt 0.7666367 0.8886492
vt 0.7829369 0.8885917
vt 0.7799733 0.8971104
vt 0.7785652 0.9012267
vt 0.7625650 0.9014162
vt 0.7997034 0.8884565
vt 0.8081544 0.8815560
vt 0.8047498 0.8885226
vt 0.7798050 0.9154119
vt 0.7945173 0.9148514
vt 0.7963307 0.9234192
vt 0.7803624 0.9242477
vt 0.7709277 0.9243979
vt 0.7709468 0.9155607
vt 0.7709597 0.9097511
vt 0.7795022 0.9096507
vt 0.7932504 0.9090762
vt 0.7977884 0.9308886
vt 0.7982958 0.9335074
vt 0.7810901 0.9343984
vt 0.7808960 0.9317662
vt 0.7992323 0.9144697
vt 0.8015969 0.9228560
vt 0.7974113 0.9086441
vt 0.8033703 0.9303188
vt 0.8039773 0.9329321
vt 0.8466070 0.8907847
vt 0.8409689 0.8817787
vt 0.7657817 0.8811349
vt 0.8092087 0.8790306
vt 0.7709115 0.9319238
vt 0.8437093 0.8798584
vt 0.8446653 0.8817136
vt 0.8416737 0.8788471
vt 0.8838905 0.9035961
vt 0.8850649 0.8908872
vt 0.8850792 0.8994746
vt 0.8850530 0.8806936
vt 0.8850558 0.8834779
vt 0.8838528 0.8794987
vt 0.8391402 0.8785858
vt 0.8598045 0.9003612
vt 0.8567341 0.8985984
vt 0.8094581 0.9016690
vt 0.7561067 0.9014944
vt 0.8431295 0.8892986
vt 0.8402470 0.8981621
vt 0.8367966 0.9027199
vt 0.8379934 0.9019055
vt 0.7550858 0.8993825
vt 0.8765114 0.9431309
vt 0.8778866 0.9360959
vt 0.8810228 0.9377486
vt 0.8795550 0.9447021
vt 0.8835419 0.9250590
vt 0.8802021 0.9232308
vt 0.8571895 0.9196720
vt 0.8469589 0.9191906
vt 0.8469589 0.9084114
vt 0.8576906 0.9088854
vt 0.8758610 0.9112319
vt 0.8744872 0.9218118
vt 0.8558653 0.9451911
vt 0.8469589 0.9448447
vt 0.8469589 0.9408974
vt 0.8560570 0.9414975
vt 0.8714655 0.9425554
vt 0.8709415 0.9460332
vt 0.8819287 0.9128103
vt 0.8758743 0.9464392
vt 0.8846186 0.9186134
vt 0.8778089 0.9462587
vt 0.8565076 0.9336123
vt 0.8469589 0.9330577
vt 0.8725999 0.9351453
vt 0.8788036 0.9454679
vt 0.8854397 0.9147264
vt 0.7709058 0.9345610
vt 0.8461893 0.8839781
vt 0.8678244 0.8837778
vt 0.8590911 0.8795266
vt 0.8459042 0.8795511
vt 0.8739699 0.8794984
vt 0.8243759 0.8821403
vt 0.8247860 0.8786127
vt 0.8113535 0.8786637
vt 0.8101152 0.8798620
vt 0.8100317 0.8824815
vt 0.7690986 0.8811688
vt 0.7695120 0.8787550
vt 0.7671989 0.8794972
vt 0.7855199 0.8812730
vt 0.7862599 0.8787915
vt 0.8030532 0.8814513
vt 0.8040751 0.8789167
vt 0.7956513 0.8965656
vt 0.7932680 0.9011804
vt 0.7977322 0.9013650
vt 0.8005756 0.8964095
vt 0.8611482 0.8987359
vt 0.8755644 0.8993065
vt 0.8714111 0.8909535
vt 0.8532646 0.8907999
vt 0.8638456 0.9017429
vt 0.8736432 0.9031989
vt 0.8815082 0.9035453
vt 0.8217843 0.8985226
vt 0.8362129 0.8982572
vt 0.8387406 0.8893802
vt 0.8231609 0.8897035
vt 0.8211239 0.9028701
vt 0.8098014 0.8899531
vt 0.8095444 0.8986375
vt 0.7613233 0.8886330
vt 0.7562192 0.8973998
vt 0.7638386 0.8973579
vt 0.7666367 0.8886492
vt 0.7829369 0.8885917
vt 0.7799733 0.8971104
vt 0.7625650 0.9014162
vt 0.7785652 0.9012267
vt 0.7997034 0.8884565
vt 0.8047498 0.8885226
vt 0.8081544 0.8815560
vt 0.7620896 0.9153735
vt 0.7614940 0.9242069
vt 0.7455295 0.9233095
vt 0.7473796 0.9147498
vt 0.7624171 0.9096138
vt 0.7486714 0.9089801
vt 0.7607225 0.9343545
vt 0.7435210 0.9333894
vt 0.7440398 0.9307727
vt 0.7609280 0.9317231
vt 0.7402657 0.9227237
vt 0.7426665 0.9143476
vt 0.7445124 0.9085302
vt 0.7378419 0.9327895
vt 0.7384599 0.9301788
vt 0.8466070 0.8907847
vt 0.8409689 0.8817787
vt 0.7657817 0.8811349
vt 0.8092087 0.8790306
vt 0.8446653 0.8817136
vt 0.8437093 0.8798584
vt 0.8416737 0.8788471
vt 0.8850873 0.9024217
vt 0.8850792 0.8994746
vt 0.8850649 0.8908872
vt 0.8850558 0.8834779
vt 0.8850530 0.8806936
vt 0.8838528 0.8794987
vt 0.8391402 0.8785858
vt 0.8598045 0.9003612
vt 0.8567341 0.8985984
vt 0.8106235 0.9028680
vt 0.7561067 0.9014944
vt 0.8402470 0.8981621
vt 0.8431295 0.8892986
vt 0.8367966 0.9027199
vt 0.8349755 0.9027485
vt 0.7550858 0.8993825
vt 0.8174065 0.9431309
vt 0.8143623 0.9447021
vt 0.8128951 0.9377486
vt 0.8160308 0.9360959
vt 0.8103755 0.9250593
vt 0.8137153 0.9232308
vt 0.8367279 0.9196720
vt 0.8362268 0.9088854
vt 0.8194302 0.9218118
vt 0.8180564 0.9112319
vt 0.8380526 0.9451911
vt 0.8378604 0.9414975
vt 0.8229759 0.9460332
vt 0.8224519 0.9425554
vt 0.8119887 0.9128103
vt 0.8180435 0.9464392
vt 0.8092993 0.9186134
vt 0.8161090 0.9462587
vt 0.8374093 0.9336123
vt 0.8213180 0.9351453
vt 0.8151143 0.9454679
vt 0.8084777 0.9147264
vt 0.8850873 0.9024217
vt 0.8106235 0.9028680
vt 0.8838905 0.9035961
vt 0.8094581 0.9016690
vt 0.8379934 0.9019055
f 7935/7935 7936/7936 7937/7937
f 7937/7937 7938/7938 7935/7935
f 7957/7957 7935/7935 7938/7938
f 7957/7957 8000/8000 7935/7935
f 7937/7937 7939/7939 7938/7938
f 7938/7938 7939/7939 8013/8013
f 8013/8013 8011/8011 7938/7938
f 7938/7938 8011/8011 8012/8012
f 7938/7938 8012/8012 8009/8009
f 7938/7938 7958/7958 7957/7957
f 8009/8009 7958/7958 7938/7938
f 7956/7956 7957/7957 7958/7958
f 8000/8000 7957/7957 7956/7956
f 7956/7956 8016/8016 8000/8000
f 7958/7958 7959/7959 7956/7956
f 7961/7961 7956/7956 7959/7959
f 7956/7956 7961/7961 8015/8015
f 7956/7956 8015/8015 8016/8016
f 7958/7958 8009/8009 8010/8010
f 8010/8010 7959/7959 7958/7958
f 7959/7959 8010/8010 8158/8158
f 7959/7959 8158/8158 8008/8008
f 7959/7959 7960/7960 7961/7961
f 7962/7962 7960/7960 7959/7959
f 7959/7959 8008/8008 7962/7962
f 7940/7940 7941/7941 7942/7942
f 7942/7942 7943/7943 7940/7940
f 7940/7940 7944/7944 7941/7941
f 7964/7964 7940/7940 8001/8001
f 7944/7944 7940/7940 7964/7964
f 7940/7940 7943/7943 8014/8014
f 8014/8014 8001/8001 7940/7940
f 7964/7964 7970/7970 7944/7944
f 7963/7963 7964/7964 7965/7965
f 7970/7970 7964/7964 7963/7963
f 8001/8001 7965/7965 7964/7964
f 7963/7963 7969/7969 7970/7970
f 7963/7963 8017/8017 7969/7969
f 7965/7965 7966/7966 7963/7963
f 7968/7968 7963/7963 7966/7966
f 7963/7963 7968/7968 8159/8159
f 7963/7963 8159/8159 8017/8017
f 7965/7965 8019/8019 8020/8020
f 8020/8020 7966/7966 7965/7965
f 8019/8019 7965/7965 8001/8001
f 7966/7966 7967/7967 7968/7968
f 8021/8021 7967/7967 7966/7966
f 8021/8021 7966/7966 8020/8020
f 8021/8021 8020/8020 8022/8022
f 8001/8001 8005/8005 8006/8006
f 8001/8001 8007/8007 8005/8005
f 8001/8001 8014/8014 8007/8007
f 8001/8001 8006/8006 8019/8019
f 7945/7945 7946/7946 7947/7947
f 7945/7945 7947/7947 7948/7948
f 7948/7948 7949/7949 7945/7945
f 8002/8002 7945/7945 7974/7974
f 7974/7974 7945/7945 7949/7949
f 7945/7945 8002/8002 7946/7946
f 7949/7949 7948/7948 7950/7950
f 7950/7950 7951/7951 7949/7949
f 7949/7949 7975/7975 7974/7974
f 7975/7975 7949/7949 7951/7951
f 7973/7973 7974/7974 7971/7971
f 7971/7971 7974/7974 7975/7975
f 7974/7974 7973/7973 8002/8002
f 7975/7975 7976/7976 7971/7971
f 7952/7952 7976/7976 7975/7975
f 7975/7975 7979/7979 7952/7952
f 7951/7951 7979/7979 7975/7975
f 7976/7976 7977/7977 7978/7978
f 7978/7978 7971/7971 7976/7976
f 7977/7977 7976/7976 7952/7952
f 7952/7952 7953/7953 7954/7954
f 7954/7954 7955/7955 7952/7952
f 7952/7952 7955/7955 7977/7977
f 7953/7953 7952/7952 7979/7979
f 7981/7981 7979/7979 7951/7951
f 7979/7979 7981/7981 7953/7953
f 7951/7951 7980/7980 7981/7981
f 7951/7951 7950/7950 8003/8003
f 8003/8003 7980/7980 7951/7951
f 7971/7971 7972/7972 7973/7973
f 7971/7971 7978/7978 8018/8018
f 8023/8023 7972/7972 7971/7971
f 7971/7971 8018/8018 8023/8023
f 7982/7982 7983/7983 7984/7984
f 7984/7984 7985/7985 7982/7982
f 7982/7982 7985/7985 7986/7986
f 7986/7986 7987/7987 7982/7982
f 7989/7989 7982/7982 7987/7987
f 7982/7982 7989/7989 7990/7990
f 7990/7990 7983/7983 7982/7982
f 8004/8004 7986/7986 7985/7985
f 8098/8098 7987/7987 7986/7986
f 7986/7986 8099/8099 8098/8098
f 8099/8099 7986/7986 8004/8004
f 7987/7987 7988/7988 7989/7989
f 8102/8102 7988/7988 7987/7987
f 7987/7987 8098/8098 8102/8102
f 8098/8098 8099/8099 8100/8100
f 8100/8100 8101/8101 8098/8098
f 8098/8098 8101/8101 8103/8103
f 8103/8103 8102/8102 8098/8098
f 8004/8004 8107/8107 8099/8099
f 8099/8099 8107/8107 8106/8106
f 8106/8106 8100/8100 8099/8099
f 8101/8101 8100/8100 8108/8108
f 8100/8100 8106/8106 8112/8112
f 8112/8112 8108/8108 8100/8100
f 8108/8108 8109/8109 8101/8101
f 8101/8101 8109/8109 8110/8110
f 8110/8110 8103/8103 8101/8101
f 8111/8111 8112/8112 8106/8106
f 8104/8104 8105/8105 8106/8106
f 8106/8106 8107/8107 8104/8104
f 8106/8106 8105/8105 8111/8111
f 8051/8051 8104/8104 8107/8107
f 8107/8107 8004/8004 8051/8051
f 7994/7994 7993/7993 8051/8051
f 8051/8051 8004/8004 7994/7994
f 7985/7985 7994/7994 8004/8004
f 7993/7993 7994/7994 7991/7991
f 7991/7991 7994/7994 7985/7985
f 7991/7991 7992/7992 7993/7993
f 7991/7991 7998/7998 7999/7999
f 7999/7999 7992/7992 7991/7991
f 7985/7985 7984/7984 7991/7991
f 7998/7998 7991/7991 7984/7984
f 7984/7984 7996/7996 7998/7998
f 7996/7996 7984/7984 7983/7983
f 7983/7983 7995/7995 7996/7996
f 7983/7983 7990/7990 7997/7997
f 7997/7997 7995/7995 7983/7983
f 8024/8024 8025/8025 8026/8026
f 8026/8026 8027/8027 8024/8024
f 8040/8040 8024/8024 8043/8043
f 8024/8024 8045/8045 8043/8043
f 8048/8048 8025/8025 8024/8024
f 8024/8024 8040/8040 8048/8048
f 8024/8024 8027/8027 8049/8049
f 8024/8024 8049/8049 8045/8045
f 8028/8028 8026/8026 8025/8025
f 8025/8025 8029/8029 8028/8028
f 8029/8029 8044/8044 8028/8028
f 8042/8042 8029/8029 8035/8035
f 8048/8048 8035/8035 8029/8029
f 8029/8029 8025/8025 8048/8048
f 8044/8044 8029/8029 8042/8042
f 8035/8035 8048/8048 8046/8046
f 8046/8046 8048/8048 8040/8040
f 8034/8034 8035/8035 8030/8030
f 8035/8035 8034/8034 8042/8042
f 8046/8046 8030/8030 8035/8035
f 8042/8042 8050/8050 8044/8044
f 8030/8030 8031/8031 8032/8032
f 8032/8032 8033/8033 8030/8030
f 8030/8030 8033/8033 8034/8034
f 8031/8031 8030/8030 8046/8046
f 8046/8046 8047/8047 8031/8031
f 8032/8032 8031/8031 8142/8142
f 8154/8154 8142/8142 8031/8031
f 8031/8031 8047/8047 8154/8154
f 8142/8142 8143/8143 8032/8032
f 8142/8142 8144/8144 8145/8145
f 8145/8145 8143/8143 8142/8142
f 8144/8144 8142/8142 8154/8154
f 8144/8144 8141/8141 8150/8150
f 8150/8150 8145/8145 8144/8144
f 8154/8154 8155/8155 8144/8144
f 8141/8141 8144/8144 8155/8155
f 8140/8140 8141/8141 8139/8139
f 8141/8141 8140/8140 8152/8152
f 8155/8155 8139/8139 8141/8141
f 8150/8150 8141/8141 8152/8152
f 8152/8152 8157/8157 8150/8150
f 8138/8138 8139/8139 8136/8136
f 8139/8139 8138/8138 8140/8140
f 8136/8136 8139/8139 8155/8155
f 8149/8149 8155/8155 8154/8154
f 8155/8155 8149/8149 8136/8136
f 8146/8146 8148/8148 8149/8149
f 8149/8149 8147/8147 8146/8146
f 8151/8151 8136/8136 8149/8149
f 8149/8149 8148/8148 8151/8151
f 8154/8154 8147/8147 8149/8149
f 8154/8154 8047/8047 8038/8038
f 8038/8038 8147/8147 8154/8154
f 8146/8146 8147/8147 8038/8038
f 8038/8038 8037/8037 8146/8146
f 8036/8036 8037/8037 8038/8038
f 8038/8038 8039/8039 8036/8036
f 8046/8046 8039/8039 8038/8038
f 8038/8038 8047/8047 8046/8046
f 8036/8036 8039/8039 8040/8040
f 8040/8040 8041/8041 8036/8036
f 8040/8040 8039/8039 8046/8046
f 8043/8043 8041/8041 8040/8040
f 8136/8136 8151/8151 8153/8153
f 8136/8136 8137/8137 8138/8138
f 8136/8136 8156/8156 8137/8137
f 8136/8136 8153/8153 8156/8156
f 8052/8052 8053/8053 8054/8054
f 8054/8054 8055/8055 8052/8052
f 8053/8053 8052/8052 8076/8076
f 8076/8076 8052/8052 8113/8113
f 8054/8054 8053/8053 8056/8056
f 8125/8125 8056/8056 8053/8053
f 8053/8053 8124/8124 8125/8125
f 8053/8053 8123/8123 8124/8124
f 8122/8122 8123/8123 8053/8053
f 8121/8121 8122/8122 8075/8075
f 8053/8053 8075/8075 8122/8122
f 8074/8074 8120/8120 8121/8121
f 8075/8075 8074/8074 8121/8121
f 8073/8073 8074/8074 8075/8075
f 8075/8075 8076/8076 8073/8073
f 8076/8076 8075/8075 8053/8053
f 8074/8074 8073/8073 8077/8077
f 8073/8073 8127/8127 8077/8077
f 8073/8073 8076/8076 8113/8113
f 8113/8113 8128/8128 8073/8073
f 8073/8073 8128/8128 8127/8127
f 8077/8077 8078/8078 8074/8074
f 8079/8079 8074/8074 8078/8078
f 8074/8074 8079/8079 8160/8160
f 8074/8074 8160/8160 8120/8120
f 8057/8057 8058/8058 8059/8059
f 8059/8059 8060/8060 8057/8057
f 8057/8057 8060/8060 8061/8061
f 8114/8114 8057/8057 8083/8083
f 8083/8083 8057/8057 8061/8061
f 8057/8057 8114/8114 8126/8126
f 8126/8126 8058/8058 8057/8057
f 8061/8061 8085/8085 8083/8083
f 8082/8082 8083/8083 8080/8080
f 8080/8080 8083/8083 8085/8085
f 8083/8083 8082/8082 8114/8114
f 8085/8085 8086/8086 8080/8080
f 8080/8080 8081/8081 8082/8082
f 8081/8081 8080/8080 8084/8084
f 8080/8080 8129/8129 8084/8084
f 8080/8080 8086/8086 8161/8161
f 8080/8080 8161/8161 8129/8129
f 8082/8082 8081/8081 8131/8131
f 8133/8133 8081/8081 8134/8134
f 8084/8084 8134/8134 8081/8081
f 8133/8133 8131/8131 8081/8081
f 8131/8131 8132/8132 8082/8082
f 8133/8133 8162/8162 8131/8131
f 8114/8114 8082/8082 8132/8132
f 8132/8132 8117/8117 8114/8114
f 8114/8114 8117/8117 8118/8118
f 8114/8114 8118/8118 8119/8119
f 8114/8114 8119/8119 8126/8126
f 8062/8062 8063/8063 8064/8064
f 8062/8062 8065/8065 8066/8066
f 8066/8066 8063/8063 8062/8062
f 8090/8090 8062/8062 8115/8115
f 8065/8065 8062/8062 8090/8090
f 8062/8062 8064/8064 8115/8115
f 8065/8065 8067/8067 8068/8068
f 8068/8068 8066/8066 8065/8065
f 8090/8090 8091/8091 8065/8065
f 8067/8067 8065/8065 8091/8091
f 8089/8089 8090/8090 8087/8087
f 8091/8091 8090/8090 8089/8089
f 8115/8115 8087/8087 8090/8090
f 8089/8089 8092/8092 8091/8091
f 8069/8069 8095/8095 8091/8091
f 8091/8091 8092/8092 8069/8069
f 8091/8091 8095/8095 8067/8067
f 8093/8093 8094/8094 8092/8092
f 8092/8092 8089/8089 8093/8093
f 8069/8069 8092/8092 8094/8094
f 8069/8069 8070/8070 8071/8071
f 8071/8071 8072/8072 8069/8069
f 8094/8094 8070/8070 8069/8069
f 8095/8095 8069/8069 8072/8072
f 8067/8067 8095/8095 8096/8096
f 8072/8072 8096/8096 8095/8095
f 8096/8096 8097/8097 8067/8067
f 8067/8067 8097/8097 8116/8116
f 8116/8116 8068/8068 8067/8067
f 8089/8089 8130/8130 8093/8093
f 8087/8087 8088/8088 8089/8089
f 8089/8089 8088/8088 8135/8135
f 8135/8135 8130/8130 8089/8089
o suv-body
usemtl optics-35
v -1.5252363 0.7651244 1.1768411
v -1.5629839 0.6925001 1.1858158
v -1.4976541 0.6927616 1.1917438
v -1.4621143 0.7651244 1.1805143
v -1.5777481 0.7651244 1.1509463
v -1.6129945 0.6917529 1.1525023
v -1.5629839 0.6925001 1.1858158
v -1.5252363 0.7651244 1.1768411
v -1.5193014 0.8701136 1.1349312
v -1.5691399 0.7985804 1.1416313
v -1.5131091 0.7984651 1.1735882
v -1.4709260 0.8701136 1.1551007
v -1.6532307 0.4843687 1.1085449
v -1.6613076 0.4773667 1.0836931
v -1.6698182 0.4319755 1.1139357
v -1.6371419 0.4313136 1.1580471
v -1.6392403 0.4582371 1.1515897
v -1.6693210 0.4313373 1.0590369
v -1.6672207 0.4059739 1.0655002
v -1.6451534 0.3868443 1.1333970
v -1.6392403 0.4059739 1.1515897
v -1.6451534 0.4773667 1.1333970
v -1.6613076 0.3868443 1.0836931
v -1.6532307 0.3798424 1.1085449
v -1.6672207 0.4582370 1.0655002
v -1.4709260 0.8701136 1.1551007
v -1.5131091 0.7984651 1.1735882
v -1.4455359 0.7976231 1.1760327
v -1.4114481 0.8701136 1.1604676
v -1.6205596 0.7651244 1.0797679
v -1.6513817 0.6912684 1.0867577
v -1.5592606 0.8701136 1.0644479
v -1.6049662 0.7967539 1.0760346
v 1.9569832 0.9049766 0.0777966
v 1.9579310 0.8522498 0.0804319
v 2.0006488 0.8522534 0.0572528
v 1.9995335 0.9049708 0.0545541
v 1.9563941 0.9175373 0.0771475
v 1.9988763 0.9175448 0.0534064
v 1.9957406 0.9605924 0.0464112
v 1.9503200 0.9580801 0.0670282
v 1.9580917 0.8395509 0.0806046
v 1.9557309 0.7714061 0.0795917
v 1.9959012 0.7713072 0.0575538
v 2.0005700 0.8395555 0.0573383
v 2.0123029 0.9175838 0.0262233
v 2.0079454 0.9611981 0.0193249
v 2.0128262 0.9049660 0.0267368
v 2.0139981 0.8522578 0.0296803
v 1.9999022 0.8520954 -0.0125785
v 1.9986552 0.9050486 -0.0148192
v 1.9979422 0.9166599 -0.0155392
v 1.9961636 0.9598411 -0.0195752
v 2.0081145 0.7712394 0.0307718
v 2.0137113 0.8395626 0.0296922
v 1.9893673 0.6923760 -0.0091337
v 1.9939765 0.7606471 -0.0105401
v 2.0073564 0.7596558 0.0305880
v 2.0017719 0.6913312 0.0316709
v 1.9533984 0.6916526 0.0782642
v 1.9556620 0.7597986 0.0792979
v 1.9254688 0.7600980 0.0871675
v 1.9215841 0.6922467 0.0886935
v 1.9330378 0.9030701 0.0818406
v 1.9308996 0.8512025 0.0855842
v 1.9356411 0.9356377 0.0771473
v 1.9338632 0.9147715 0.0805124
v 1.9402778 0.9508608 0.0724314
v 1.9908208 0.6914596 0.0574159
v 1.9954636 0.7597083 0.0572247
v 1.9949388 0.7722251 -0.0108018
v 1.9995503 0.8404963 -0.0122073
v 1.9302187 0.8395732 0.0858391
v 1.9263317 0.7717176 0.0873815
v 1.9505839 0.8517487 0.0788948
v 1.9918214 0.8517523 0.0511638
v 2.0006488 0.8522534 0.0572528
v 1.9579310 0.8522498 0.0804319
v 2.0051700 0.8517567 0.0235913
v 2.0139981 0.8522578 0.0296803
v 1.9999022 0.8520954 -0.0125785
v 1.9986552 0.9050486 -0.0148192
v 2.0039988 0.9044647 0.0206477
v 2.0128262 0.9049660 0.0267368
v 1.9907068 0.9044697 0.0484650
v 1.9995335 0.9049708 0.0545541
v 1.9496353 0.9044755 0.0762593
v 1.9569832 0.9049766 0.0777966
v 1.9330378 0.9030701 0.0818406
v 1.9308996 0.8512025 0.0855842
v 1.9486943 0.9160183 0.0754205
v 1.9898929 0.9160259 0.0477295
v 1.9988763 0.9175448 0.0534064
v 1.9563941 0.9175373 0.0771475
v 2.0033187 0.9160649 0.0205462
v 2.0123029 0.9175838 0.0262233
v 1.9979422 0.9166599 -0.0155392
v 1.9961636 0.9598411 -0.0195752
v 1.9989612 0.9596791 0.0136478
v 2.0079454 0.9611981 0.0193249
v 1.9867564 0.9590734 0.0407341
v 1.9957406 0.9605924 0.0464112
v 1.9503200 0.9580801 0.0670282
v 1.9338632 0.9147715 0.0805124
v 1.9917954 0.8401459 0.0511819
v 1.9507958 0.8401412 0.0790000
v 1.9580917 0.8395509 0.0806046
v 2.0005700 0.8395555 0.0573383
v 1.9302187 0.8395732 0.0858391
v 1.9263317 0.7717176 0.0873815
v 1.9484350 0.7719964 0.0779873
v 1.9557309 0.7714061 0.0795917
v 1.9871266 0.7718975 0.0513977
v 1.9959012 0.7713072 0.0575538
v 1.9993391 0.7718297 0.0246154
v 2.0081145 0.7712394 0.0307718
v 1.9949388 0.7722251 -0.0108018
v 1.9995503 0.8404963 -0.0122073
v 2.0049359 0.8401529 0.0235358
v 2.0137113 0.8395626 0.0296922
v 1.9215841 0.6922467 0.0886935
v 1.9460780 0.6922355 0.0766935
v 1.9533984 0.6916526 0.0782642
v 1.9820217 0.6920425 0.0512934
v 1.9908208 0.6914596 0.0574159
v 1.9929728 0.6919141 0.0255482
v 2.0017719 0.6913312 0.0316709
v 1.9893673 0.6923760 -0.0091337
v 1.9939765 0.7606471 -0.0105401
v 1.9985565 0.7602387 0.0244655
v 2.0073564 0.7596558 0.0305880
v 1.9866646 0.7602912 0.0511022
v 1.9954636 0.7597083 0.0572247
v 1.9483417 0.7603815 0.0777272
v 1.9556620 0.7597986 0.0792979
v 1.9254688 0.7600980 0.0871675
v -1.9276751 0.7651243 -0.0613840
v -1.8787745 0.7651243 -0.1014660
v -1.9141246 0.6927616 -0.0896555
v -1.9634865 0.6925001 -0.0464513
v -1.9549287 0.7651243 -0.0095646
v -1.9276751 0.7651243 -0.0613840
v -1.9634865 0.6925001 -0.0464513
v -1.9843550 0.6917530 0.0098989
v -1.8982347 0.8701136 -0.0309717
v -1.8709608 0.8701136 -0.0757280
v -1.9159526 0.7984650 -0.0658826
v -1.9424890 0.7985804 -0.0070902
v -1.9910595 0.4843686 0.0691125
v -2.0076469 0.4319755 0.0745042
v -1.9829822 0.4773667 0.0939644
v -2.0071481 0.4313136 0.0196104
v -2.0050495 0.4582371 0.0260678
v -1.9749684 0.4313373 0.1186206
v -1.9770691 0.4059739 0.1121572
v -1.9991366 0.3868443 0.0442606
v -2.0050495 0.4059739 0.0260678
v -1.9991366 0.4773667 0.0442606
v -1.9829822 0.3868443 0.0939644
v -1.9910595 0.3798424 0.0691125
v -1.9770691 0.4582370 0.1121572
v -1.8627285 0.7976231 -0.1075878
v -1.9159526 0.7984650 -0.0658826
v -1.8709608 0.8701136 -0.0757280
v -1.8260030 0.8701136 -0.1150380
v -1.9477121 0.7651243 0.0731827
v -1.9767547 0.6912684 0.0856496
v -1.8891197 0.8701136 0.0495364
v -1.9329039 0.7967539 0.0670351
v 1.5353076 0.9049766 -1.2196179
v 1.5833919 0.9049709 -1.2258330
v 1.5827072 0.8522535 -1.2286715
v 1.5345250 0.8522499 -1.2223071
v 1.5352127 0.9175372 -1.2187467
v 1.5362485 0.9580802 -1.2069898
v 1.5851109 0.9605924 -1.2170157
v 1.5835350 0.9175448 -1.2245183
v 1.5786894 0.7713072 -1.2261240
v 1.5332383 0.7714061 -1.2203335
v 1.5345533 0.8395509 -1.2225408
v 1.5825933 0.8395556 -1.2286947
v 1.6103774 0.9175838 -1.2104229
v 1.6109084 0.9611981 -1.2022808
v 1.6104983 0.9049659 -1.2111460
v 1.6097157 0.8522579 -1.2142158
v 1.6234674 0.9050486 -1.1691991
v 1.6231584 0.8520953 -1.1717445
v 1.6242477 0.9598411 -1.1638870
v 1.6233137 0.9166598 -1.1681974
v 1.6043148 0.7712394 -1.2116397
v 1.6094770 0.8395626 -1.2140571
v 1.6126112 0.6923760 -1.1683376
v 1.5986560 0.6913311 -1.2086384
v 1.6038091 0.7596558 -1.2110452
v 1.6171668 0.7606471 -1.1699100
v 1.5321321 0.6916526 -1.2178884
v 1.5002658 0.6922467 -1.2076207
v 1.5043050 0.7600979 -1.2086701
v 1.5333553 0.7597986 -1.2200553
v 1.5096295 0.8512024 -1.2105822
v 1.5135593 0.9030701 -1.2088109
v 1.5150082 0.9147716 -1.2082218
v 1.5184247 0.9356378 -1.2065453
v 1.5249479 0.9508608 -1.2054563
v 1.5785296 0.7597083 -1.2256004
v 1.5746609 0.6914596 -1.2230256
v 1.6180994 0.7722251 -1.1702640
v 1.6226558 0.8404962 -1.1718380
v 1.5048780 0.7717176 -1.2093508
v 1.5089287 0.8395732 -1.2103883
v 1.5294844 0.8517486 -1.2167436
v 1.5345250 0.8522499 -1.2223071
v 1.5827072 0.8522535 -1.2286715
v 1.5791461 0.8517522 -1.2185562
v 1.6097157 0.8522579 -1.2142158
v 1.6061546 0.8517566 -1.2041005
v 1.6231584 0.8520953 -1.1717445
v 1.6234674 0.9050486 -1.1691991
v 1.6104983 0.9049659 -1.2111460
v 1.6069380 0.9044648 -1.2010308
v 1.5833919 0.9049709 -1.2258330
v 1.5798316 0.9044696 -1.2157177
v 1.5353076 0.9049766 -1.2196179
v 1.5302677 0.9044755 -1.2140546
v 1.5135593 0.9030701 -1.2088109
v 1.5096295 0.8512024 -1.2105822
v 1.5299992 0.9160183 -1.2128225
v 1.5352127 0.9175372 -1.2187467
v 1.5835350 0.9175448 -1.2245183
v 1.5796052 0.9160258 -1.2146440
v 1.6103774 0.9175838 -1.2104229
v 1.6064476 0.9160648 -1.2005488
v 1.6233137 0.9166598 -1.1681974
v 1.6242477 0.9598411 -1.1638870
v 1.6109084 0.9611981 -1.2022808
v 1.6069785 0.9596792 -1.1924067
v 1.5851109 0.9605924 -1.2170157
v 1.5811811 0.9590735 -1.2071416
v 1.5362485 0.9580802 -1.2069898
v 1.5150082 0.9147716 -1.2082218
v 1.5791148 0.8401458 -1.2185555
v 1.5825933 0.8395556 -1.2286947
v 1.5345533 0.8395509 -1.2225408
v 1.5295945 0.8401412 -1.2169536
v 1.5089287 0.8395732 -1.2103883
v 1.5048780 0.7717176 -1.2093508
v 1.5332383 0.7714061 -1.2203335
v 1.5282803 0.7719964 -1.2147463
v 1.5786894 0.7713072 -1.2261240
v 1.5752110 0.7718975 -1.2159849
v 1.6043148 0.7712394 -1.2116397
v 1.6008363 0.7718297 -1.2015007
v 1.6180994 0.7722251 -1.1702640
v 1.6226558 0.8404962 -1.1718380
v 1.6094770 0.8395626 -1.2140571
v 1.6059986 0.8401529 -1.2039179
v 1.5002658 0.6922467 -1.2076207
v 1.5321321 0.6916526 -1.2178884
v 1.5271343 0.6922355 -1.2123144
v 1.5746609 0.6914596 -1.2230256
v 1.5711434 0.6920425 -1.2128996
v 1.5986560 0.6913311 -1.2086384
v 1.5951378 0.6919141 -1.1985124
v 1.6126112 0.6923760 -1.1683376
v 1.6171668 0.7606471 -1.1699100
v 1.6038091 0.7596558 -1.2110452
v 1.6002916 0.7602387 -1.2009193
v 1.5785296 0.7597083 -1.2256004
v 1.5750113 0.7602913 -1.2154744
v 1.5333553 0.7597986 -1.2200553
v 1.5283575 0.7603815 -1.2144813
v 1.5043050 0.7600979 -1.2086701
vt 0.7767496 0.6502997
vt 0.6756505 0.4577289
vt 0.8487959 0.4577289
vt 0.9365442 0.6502997
vt 0.2384818 0.9910597
vt 0.1859231 0.7867991
vt 0.3389362 0.7867991
vt 0.3737084 0.9910597
vt 0.2384818 0.9910597
vt 0.1859231 0.7867991
vt 0.3389362 0.7867991
vt 0.3737084 0.9910597
vt 0.5108620 0.6299828
vt 0.5664358 0.6448764
vt 0.5108632 0.7413722
vt 0.4001514 0.7427972
vt 0.4146106 0.6855638
vt 0.6215852 0.7427473
vt 0.6071047 0.7966818
vt 0.4552971 0.8373584
vt 0.4146194 0.7966816
vt 0.4552881 0.6448764
vt 0.5664268 0.8373584
vt 0.5108620 0.8522466
vt 0.6071135 0.6855636
vt 0.7767496 0.6502997
vt 0.6756505 0.4577289
vt 0.8487959 0.4577289
vt 0.9365442 0.6502997
vt 0.0676053 0.9872949
vt 0.0127974 0.7867991
vt 0.0676053 0.9872949
vt 0.0127974 0.7867991
vt 0.7115555 0.6484815
vt 0.7115555 0.4520522
vt 0.7932870 0.4520522
vt 0.7932870 0.6484815
vt 0.6914358 0.6763755
vt 0.8149356 0.6759801
vt 0.8149356 0.8482235
vt 0.6914358 0.8482235
vt 0.7095222 0.4466947
vt 0.7095222 0.2490208
vt 0.8010709 0.2490208
vt 0.8010709 0.4466947
vt 0.8903250 0.6605575
vt 0.8903250 0.8482235
vt 0.8890641 0.6484815
vt 0.8890641 0.4520522
vt 0.9970072 0.4520522
vt 0.9970072 0.6484815
vt 0.9967162 0.6605575
vt 0.9967162 0.8482235
vt 0.9037788 0.2490208
vt 0.9037788 0.4466947
vt 0.9962242 0.6608282
vt 0.9962242 0.8480815
vt 0.8905963 0.8480815
vt 0.8905963 0.6608282
vt 0.7114091 0.6608282
vt 0.7114091 0.8480815
vt 0.6317736 0.8480815
vt 0.6317736 0.6608282
vt 0.6323215 0.6484815
vt 0.6323215 0.4520522
vt 0.6447154 0.7605658
vt 0.6307242 0.6605575
vt 0.6642472 0.8251643
vt 0.8202403 0.6605834
vt 0.8202403 0.8480815
vt 0.9951334 0.2490208
vt 0.9951334 0.4466948
vt 0.6332200 0.4466947
vt 0.6332200 0.2490208
vt 0.6154569 0.6615827
vt 0.6139567 0.6313185
vt 0.6203907 0.6307080
vt 0.6183494 0.6577327
vt 0.6153904 0.6126186
vt 0.6206884 0.6158310
vt 0.6146540 0.5867221
vt 0.6198373 0.5880063
vt 0.6179966 0.6112615
vt 0.6128035 0.6142035
vt 0.6195941 0.6300946
vt 0.6130219 0.6295323
vt 0.6184781 0.6609154
vt 0.6154725 0.6568797
vt 0.6192521 0.6740194
vt 0.6145284 0.6759951
vt 0.6157523 0.6707078
vt 0.6147128 0.6318655
vt 0.6228300 0.6308777
vt 0.6200624 0.6657023
vt 0.6168134 0.6090768
vt 0.6233284 0.6127892
vt 0.6171796 0.5777912
vt 0.6188459 0.5852904
vt 0.6183978 0.6126024
vt 0.6115783 0.6159132
vt 0.6197641 0.6357397
vt 0.6113523 0.6346637
vt 0.6194955 0.6762210
vt 0.6141273 0.6847693
vt 0.6173186 0.6350299
vt 0.6189646 0.6817161
vt 0.6149949 0.6763707
vt 0.6077757 0.6340562
vt 0.6155424 0.7018155
vt 0.6150898 0.7016454
vt 0.6142266 0.6792547
vt 0.6190025 0.6745180
vt 0.6201452 0.6354510
vt 0.6297685 0.6352984
vt 0.6201850 0.6067731
vt 0.6292444 0.6100903
vt 0.6138486 0.5740395
vt 0.6275945 0.5725275
vt 0.6189061 0.6051918
vt 0.6096953 0.6079847
vt 0.6150094 0.6787540
vt 0.6133674 0.6608940
vt 0.6168092 0.6576978
vt 0.6190194 0.6325041
vt 0.6258618 0.6323770
vt 0.6170880 0.6138479
vt 0.6237794 0.6152703
vt 0.6087673 0.5927109
vt 0.6222780 0.5938127
vt 0.6140226 0.6153213
vt 0.6073701 0.6168573
vt 0.6123687 0.6348655
vt 0.6055368 0.6346735
vt 0.6178917 0.6650890
vt 0.6147245 0.6617014
vt 0.6153182 0.6812906
vt 0.7767496 0.6502997
vt 0.9365442 0.6502997
vt 0.8487959 0.4577289
vt 0.6756505 0.4577289
vt 0.2384818 0.9910597
vt 0.3737084 0.9910597
vt 0.3389362 0.7867991
vt 0.1859231 0.7867991
vt 0.2384818 0.9910597
vt 0.3737084 0.9910597
vt 0.3389362 0.7867991
vt 0.1859231 0.7867991
vt 0.5108620 0.6299828
vt 0.5108632 0.7413722
vt 0.5664358 0.6448764
vt 0.4001514 0.7427972
vt 0.4146106 0.6855638
vt 0.6215852 0.7427473
vt 0.6071047 0.7966818
vt 0.4552971 0.8373584
vt 0.4146194 0.7966816
vt 0.4552881 0.6448764
vt 0.5664268 0.8373584
vt 0.5108620 0.8522466
vt 0.6071135 0.6855636
vt 0.8487959 0.4577289
vt 0.6756505 0.4577289
vt 0.7767496 0.6502997
vt 0.9365442 0.6502997
vt 0.0676053 0.9872949
vt 0.0127974 0.7867991
vt 0.0676053 0.9872949
vt 0.0127974 0.7867991
vt 0.7115555 0.6484815
vt 0.7932870 0.6484815
vt 0.7932870 0.4520522
vt 0.7115555 0.4520522
vt 0.6914358 0.6763755
vt 0.6914358 0.8482235
vt 0.8149356 0.8482235
vt 0.8149356 0.6759801
vt 0.8010709 0.2490208
vt 0.7095222 0.2490208
vt 0.7095222 0.4466947
vt 0.8010709 0.4466947
vt 0.8903250 0.6605575
vt 0.8903250 0.8482235
vt 0.8890641 0.6484815
vt 0.8890641 0.4520522
vt 0.9970072 0.6484815
vt 0.9970072 0.4520522
vt 0.9967162 0.8482235
vt 0.9967162 0.6605575
vt 0.9037788 0.2490208
vt 0.9037788 0.4466947
vt 0.9962242 0.6608282
vt 0.8905963 0.6608282
vt 0.8905963 0.8480815
vt 0.9962242 0.8480815
vt 0.7114091 0.6608282
vt 0.6317736 0.6608282
vt 0.6317736 0.8480815
vt 0.7114091 0.8480815
vt 0.6323215 0.4520522
vt 0.6323215 0.6484815
vt 0.6307242 0.6605575
vt 0.6447154 0.7605658
vt 0.6642472 0.8251643
vt 0.8202403 0.8480815
vt 0.8202403 0.6605834
vt 0.9951334 0.2490208
vt 0.9951334 0.4466948
vt 0.6332200 0.2490208
vt 0.6332200 0.4466947
vt 0.6154569 0.6615827
vt 0.6183494 0.6577327
vt 0.6203907 0.6307080
vt 0.6139567 0.6313185
vt 0.6206884 0.6158310
vt 0.6153904 0.6126186
vt 0.6146540 0.5867221
vt 0.6198373 0.5880063
vt 0.6128035 0.6142035
vt 0.6179966 0.6112615
vt 0.6130219 0.6295323
vt 0.6195941 0.6300946
vt 0.6154725 0.6568797
vt 0.6184781 0.6609154
vt 0.6192521 0.6740194
vt 0.6145284 0.6759951
vt 0.6157523 0.6707078
vt 0.6200624 0.6657023
vt 0.6228300 0.6308777
vt 0.6147128 0.6318655
vt 0.6233284 0.6127892
vt 0.6168134 0.6090768
vt 0.6171796 0.5777912
vt 0.6188459 0.5852904
vt 0.6115783 0.6159132
vt 0.6183978 0.6126024
vt 0.6113523 0.6346637
vt 0.6197641 0.6357397
vt 0.6194955 0.6762210
vt 0.6141273 0.6847693
vt 0.6173186 0.6350299
vt 0.6077757 0.6340562
vt 0.6149949 0.6763707
vt 0.6189646 0.6817161
vt 0.6155424 0.7018155
vt 0.6150898 0.7016454
vt 0.6190025 0.6745180
vt 0.6142266 0.6792547
vt 0.6297685 0.6352984
vt 0.6201452 0.6354510
vt 0.6292444 0.6100903
vt 0.6201850 0.6067731
vt 0.6138486 0.5740395
vt 0.6275945 0.5725275
vt 0.6096953 0.6079847
vt 0.6189061 0.6051918
vt 0.6150094 0.6787540
vt 0.6168092 0.6576978
vt 0.6133674 0.6608940
vt 0.6258618 0.6323770
vt 0.6190194 0.6325041
vt 0.6237794 0.6152703
vt 0.6170880 0.6138479
vt 0.6087673 0.5927109
vt 0.6222780 0.5938127
vt 0.6073701 0.6168573
vt 0.6140226 0.6153213
vt 0.6055368 0.6346735
vt 0.6123687 0.6348655
vt 0.6147245 0.6617014
vt 0.6178917 0.6650890
vt 0.6153182 0.6812906
f 8163/8163 8164/8164 8165/8165
f 8165/8165 8166/8166 8163/8163
f 8167/8167 8168/8168 8169/8169
f 8169/8169 8170/8170 8167/8167
f 8168/8168 8167/8167 8192/8192
f 8192/8192 8193/8193 8168/8168
f 8171/8171 8172/8172 8173/8173
f 8173/8173 8174/8174 8171/8171
f 8172/8172 8171/8171 8194/8194
f 8194/8194 8195/8195 8172/8172
f 8175/8175 8176/8176 8177/8177
f 8184/8184 8175/8175 8177/8177
f 8176/8176 8187/8187 8177/8177
f 8187/8187 8180/8180 8177/8177
f 8180/8180 8181/8181 8177/8177
f 8181/8181 8185/8185 8177/8177
f 8185/8185 8186/8186 8177/8177
f 8186/8186 8182/8182 8177/8177
f 8182/8182 8183/8183 8177/8177
f 8183/8183 8178/8178 8177/8177
f 8178/8178 8179/8179 8177/8177
f 8179/8179 8184/8184 8177/8177
f 8188/8188 8189/8189 8190/8190
f 8190/8190 8191/8191 8188/8188
f 8196/8196 8197/8197 8198/8198
f 8198/8198 8199/8199 8196/8196
f 8196/8196 8226/8226 8227/8227
f 8227/8227 8197/8197 8196/8196
f 8210/8210 8199/8199 8198/8198
f 8198/8198 8211/8211 8210/8210
f 8213/8213 8210/8210 8211/8211
f 8211/8211 8212/8212 8213/8213
f 8200/8200 8201/8201 8202/8202
f 8202/8202 8203/8203 8200/8200
f 8200/8200 8228/8228 8229/8229
f 8228/8228 8200/8200 8203/8203
f 8202/8202 8201/8201 8208/8208
f 8208/8208 8209/8209 8202/8202
f 8208/8208 8214/8214 8215/8215
f 8215/8215 8209/8209 8208/8208
f 8203/8203 8230/8230 8228/8228
f 8204/8204 8205/8205 8206/8206
f 8206/8206 8207/8207 8204/8204
f 8205/8205 8204/8204 8235/8235
f 8235/8235 8236/8236 8205/8205
f 8207/8207 8206/8206 8216/8216
f 8216/8216 8217/8217 8207/8207
f 8217/8217 8216/8216 8233/8233
f 8233/8233 8234/8234 8217/8217
f 8218/8218 8219/8219 8220/8220
f 8220/8220 8221/8221 8218/8218
f 8221/8221 8220/8220 8232/8232
f 8232/8232 8231/8231 8221/8221
f 8231/8231 8232/8232 8223/8223
f 8223/8223 8222/8222 8231/8231
f 8222/8222 8223/8223 8224/8224
f 8224/8224 8225/8225 8222/8222
f 8237/8237 8238/8238 8239/8239
f 8239/8239 8240/8240 8237/8237
f 8252/8252 8237/8237 8240/8240
f 8238/8238 8241/8241 8242/8242
f 8242/8242 8239/8239 8238/8238
f 8241/8241 8243/8243 8242/8242
f 8244/8244 8245/8245 8246/8246
f 8245/8245 8247/8247 8248/8248
f 8248/8248 8246/8246 8245/8245
f 8247/8247 8249/8249 8250/8250
f 8250/8250 8248/8248 8247/8247
f 8249/8249 8251/8251 8250/8250
f 8253/8253 8254/8254 8255/8255
f 8255/8255 8256/8256 8253/8253
f 8266/8266 8253/8253 8256/8256
f 8254/8254 8257/8257 8258/8258
f 8258/8258 8255/8255 8254/8254
f 8257/8257 8259/8259 8258/8258
f 8260/8260 8261/8261 8262/8262
f 8261/8261 8263/8263 8264/8264
f 8264/8264 8262/8262 8261/8261
f 8263/8263 8265/8265 8264/8264
f 8267/8267 8268/8268 8269/8269
f 8269/8269 8270/8270 8267/8267
f 8281/8281 8267/8267 8270/8270
f 8268/8268 8271/8271 8269/8269
f 8270/8270 8282/8282 8281/8281
f 8280/8280 8281/8281 8282/8282
f 8272/8272 8273/8273 8274/8274
f 8273/8273 8275/8275 8276/8276
f 8276/8276 8274/8274 8273/8273
f 8275/8275 8277/8277 8278/8278
f 8278/8278 8276/8276 8275/8275
f 8277/8277 8279/8279 8278/8278
f 8283/8283 8284/8284 8285/8285
f 8284/8284 8286/8286 8287/8287
f 8287/8287 8285/8285 8284/8284
f 8286/8286 8288/8288 8289/8289
f 8289/8289 8287/8287 8286/8286
f 8288/8288 8290/8290 8289/8289
f 8291/8291 8292/8292 8293/8293
f 8292/8292 8294/8294 8295/8295
f 8295/8295 8293/8293 8292/8292
f 8294/8294 8296/8296 8297/8297
f 8297/8297 8295/8295 8294/8294
f 8296/8296 8298/8298 8297/8297
f 8299/8299 8300/8300 8301/8301
f 8301/8301 8302/8302 8299/8299
f 8303/8303 8304/8304 8305/8305
f 8305/8305 8306/8306 8303/8303
f 8328/8328 8303/8303 8306/8306
f 8306/8306 8329/8329 8328/8328
f 8307/8307 8308/8308 8309/8309
f 8309/8309 8310/8310 8307/8307
f 8330/8330 8307/8307 8310/8310
f 8310/8310 8331/8331 8330/8330
f 8311/8311 8312/8312 8313/8313
f 8320/8320 8312/8312 8311/8311
f 8313/8313 8312/8312 8323/8323
f 8323/8323 8312/8312 8316/8316
f 8316/8316 8312/8312 8317/8317
f 8317/8317 8312/8312 8321/8321
f 8321/8321 8312/8312 8322/8322
f 8322/8322 8312/8312 8318/8318
f 8318/8318 8312/8312 8319/8319
f 8319/8319 8312/8312 8314/8314
f 8314/8314 8312/8312 8315/8315
f 8315/8315 8312/8312 8320/8320
f 8324/8324 8325/8325 8326/8326
f 8326/8326 8327/8327 8324/8324
f 8332/8332 8333/8333 8334/8334
f 8334/8334 8335/8335 8332/8332
f 8362/8362 8363/8363 8332/8332
f 8332/8332 8335/8335 8362/8362
f 8334/8334 8333/8333 8346/8346
f 8346/8346 8347/8347 8334/8334
f 8347/8347 8346/8346 8348/8348
f 8348/8348 8349/8349 8347/8347
f 8336/8336 8337/8337 8338/8338
f 8338/8338 8339/8339 8336/8336
f 8336/8336 8364/8364 8365/8365
f 8337/8337 8336/8336 8365/8365
f 8365/8365 8366/8366 8337/8337
f 8344/8344 8339/8339 8338/8338
f 8338/8338 8345/8345 8344/8344
f 8344/8344 8345/8345 8350/8350
f 8350/8350 8351/8351 8344/8344
f 8340/8340 8341/8341 8342/8342
f 8342/8342 8343/8343 8340/8340
f 8352/8352 8340/8340 8343/8343
f 8341/8341 8371/8371 8372/8372
f 8372/8372 8342/8342 8341/8341
f 8343/8343 8353/8353 8352/8352
f 8369/8369 8352/8352 8353/8353
f 8353/8353 8370/8370 8369/8369
f 8354/8354 8355/8355 8356/8356
f 8356/8356 8357/8357 8354/8354
f 8367/8367 8356/8356 8355/8355
f 8355/8355 8368/8368 8367/8367
f 8361/8361 8367/8367 8368/8368
f 8368/8368 8358/8358 8361/8361
f 8360/8360 8361/8361 8358/8358
f 8358/8358 8359/8359 8360/8360
f 8373/8373 8374/8374 8375/8375
f 8375/8375 8376/8376 8373/8373
f 8388/8388 8374/8374 8373/8373
f 8376/8376 8375/8375 8377/8377
f 8377/8377 8378/8378 8376/8376
f 8378/8378 8377/8377 8379/8379
f 8380/8380 8381/8381 8382/8382
f 8382/8382 8381/8381 8383/8383
f 8383/8383 8384/8384 8382/8382
f 8384/8384 8383/8383 8385/8385
f 8385/8385 8386/8386 8384/8384
f 8386/8386 8385/8385 8387/8387
f 8389/8389 8390/8390 8391/8391
f 8391/8391 8392/8392 8389/8389
f 8402/8402 8390/8390 8389/8389
f 8392/8392 8391/8391 8393/8393
f 8393/8393 8394/8394 8392/8392
f 8394/8394 8393/8393 8395/8395
f 8396/8396 8397/8397 8398/8398
f 8398/8398 8397/8397 8399/8399
f 8399/8399 8400/8400 8398/8398
f 8400/8400 8399/8399 8401/8401
f 8403/8403 8404/8404 8405/8405
f 8405/8405 8406/8406 8403/8403
f 8404/8404 8403/8403 8418/8418
f 8418/8418 8417/8417 8404/8404
f 8416/8416 8417/8417 8418/8418
f 8406/8406 8405/8405 8407/8407
f 8408/8408 8409/8409 8410/8410
f 8410/8410 8409/8409 8411/8411
f 8411/8411 8412/8412 8410/8410
f 8412/8412 8411/8411 8413/8413
f 8413/8413 8414/8414 8412/8412
f 8414/8414 8413/8413 8415/8415
f 8419/8419 8420/8420 8421/8421
f 8421/8421 8420/8420 8422/8422
f 8422/8422 8423/8423 8421/8421
f 8423/8423 8422/8422 8424/8424
f 8424/8424 8425/8425 8423/8423
f 8425/8425 8424/8424 8426/8426
f 8427/8427 8428/8428 8429/8429
f 8429/8429 8428/8428 8430/8430
f 8430/8430 8431/8431 8429/8429
f 8431/8431 8430/8430 8432/8432
f 8432/8432 8433/8433 8431/8431
f 8433/8433 8432/8432 8434/8434
