mtllib wagon.mtl
o wagon-body
usemtl body-36
v -1.1203018 0.8581851 -1.2670954
v -0.9740382 0.8580710 -1.3722756
v -1.0854910 0.8234972 -1.5293279
v -1.2295099 0.8234485 -1.4243633
v -1.4199404 0.8229853 -1.2804367
v -1.3179436 0.8569965 -1.1247849
v -1.6138294 0.8024960 -1.1082925
v -1.5290639 0.8345945 -0.9706574
v -1.3911261 0.8403217 -1.0715226
v -1.4640540 0.8041917 -1.2466360
v -1.3820336 0.8695497 -0.7404240
v -1.2574598 0.8901072 -0.5519168
v -1.1829633 0.8933611 -0.6145572
v -1.2770004 0.8742386 -0.8174584
v -0.9645642 0.8883136 -1.0425567
v -1.1661035 0.8868817 -0.8987929
v -1.0458948 0.9024041 -0.7199785
v -0.8444383 0.9038885 -0.8692797
v -0.6928200 0.9039531 -0.9759993
v -0.8152644 0.8883116 -1.1485409
v 0.0010873 1.3445535 0.4131266
v -0.2175743 1.3424597 0.1054936
v -0.4569692 1.3236278 0.2966070
v -0.2536417 1.3249424 0.5838659
v 0.1953784 1.3511409 0.2755972
v -0.0255499 1.3489942 -0.0357224
v 0.2755417 0.5825835 1.7325544
v 0.4875347 0.5825957 1.9361326
v 0.4976490 0.6192602 1.9430436
v 0.2590894 0.6187407 1.7169671
v -0.2656555 0.3713116 0.9766462
v -0.2757757 0.5651488 0.9893897
v -0.5534691 0.5643595 0.6089898
v -0.5422195 0.3713115 0.5980073
v -0.5327767 0.2747546 0.5898059
v -0.2560484 0.2747037 0.9685145
v -0.0613659 1.3247734 0.8547651
v 0.1890138 1.3444236 0.6779652
v 0.1349631 1.3224835 1.1308478
v 0.3837916 1.3410970 0.9531275
v 0.3830850 1.3510176 0.5401023
v 0.5775642 1.3476395 0.8141506
v -1.1741675 0.5670349 -0.2740260
v -1.1567911 0.3713115 -0.2776604
v -0.8069290 0.3713116 0.2242719
v -0.8186920 0.5642458 0.2341773
v -1.1407527 0.2739555 -0.2784110
v -0.7972332 0.2747629 0.2166117
v -1.6656920 0.7716242 -1.1783816
v -1.6742510 0.7565726 -1.1911460
v -1.6739193 0.7634014 -1.1456310
v -1.5282029 0.7643012 -1.3940254
v -1.5393275 0.7444659 -1.4303787
v -1.5668603 0.7469009 -1.3830016
v -1.6476293 0.7733508 -1.0686519
v -1.6391943 0.7903915 -1.0770282
v -1.6186894 0.8013412 -1.1019641
v -1.5844533 0.7673238 -1.3086761
v -0.5842274 1.2929761 0.1472244
v -0.8446588 1.1218734 -0.0902581
v -0.8546286 1.1243179 -0.0575963
v -0.5980432 1.2896070 0.1651849
v -0.5541308 1.2936795 0.2423516
v -0.5240185 1.3191481 0.2134427
v -0.6036479 1.2782312 0.1882064
v -0.4899383 1.2958654 0.3346451
v -0.4642691 1.3212566 0.2987899
v -0.2828963 1.3386066 0.0143282
v -0.5161387 1.3217136 0.2113455
v -0.3401935 1.3024251 -0.0580957
v -0.5732998 1.2972683 0.1475727
v -1.4271816 0.7851858 -1.4747291
v -1.5015550 0.7855226 -1.4100189
v -1.1855770 0.7849003 -1.6703635
v -1.3262978 0.7847290 -1.5625043
v -1.3575982 0.7641912 -1.6069159
v -1.2182079 0.7642145 -1.7163450
v -1.5629503 0.8199465 -0.9427898
v -1.5350817 0.8330071 -0.9660160
v -1.5849224 0.7842681 -0.9236373
v -1.4678166 0.7311257 -0.6842283
v -1.4108792 0.7211992 -0.5947360
v -1.4044678 0.7886972 -0.6120408
v -1.4880849 0.7752044 -0.7404780
v -1.3388243 0.6892249 -0.4876733
v -1.3024613 0.7979175 -0.4610326
v -1.4369074 0.8166668 -0.6894487
v -1.2962177 0.8434079 -0.4824485
v -1.2828199 0.8778484 -0.5142514
v -1.4161147 0.8543685 -0.7117698
v -1.2630964 0.8885622 -0.5467085
v -1.3879669 0.8679580 -0.7356782
v -0.0909488 1.3450077 -0.1278787
v -0.1456478 1.3027667 -0.2049566
v -1.1349082 0.9109990 -0.3613641
v -1.1398241 0.9165555 -0.3171143
v -1.1286359 0.9063888 -0.2705475
v -0.8519686 1.1184826 -0.0235166
v -0.3034393 1.2961742 0.5993543
v -0.2603476 1.3225651 0.5868973
v 0.2163115 0.8781143 1.6062796
v 0.1061047 0.8111582 1.5057282
v 0.2147259 0.8111582 1.6356605
v -0.1024641 1.2962346 0.8816109
v -0.0673474 1.3223910 0.8588127
v 0.0759257 1.2956863 1.1304364
v 0.1296042 1.3201282 1.1357922
v -1.1412212 0.9085559 -0.3693487
v -1.1819794 0.8985265 -0.4284640
v -1.1916647 0.8939975 -0.3839625
v -1.1465657 0.9133500 -0.3244423
v -1.1557050 0.8743455 -0.2827433
v -1.1929283 0.8660117 -0.3347735
v -1.1794051 0.8090182 -0.2794010
v -0.1364686 0.3713116 1.1732695
v -0.1335364 0.4961321 1.2137382
v -0.1448184 0.5275965 1.1759444
v -0.1607305 0.3713116 1.1183250
v -1.1805225 0.3713115 -0.3120158
v -1.2170638 0.5689005 -0.3351126
v -1.2546458 0.5230706 -0.3757111
v -1.2132781 0.3713116 -0.3547584
v -1.1609834 0.3713115 -0.2837777
v -1.1784310 0.5672165 -0.2800937
v -1.3315755 0.5965637 -0.4456991
v -1.2913922 0.6121888 -0.4168668
v -1.3755012 0.6548862 -0.5090940
v -1.4019131 0.6270243 -0.5093235
v -1.3623744 0.5738726 -0.4524451
v -1.3238896 0.4963634 -0.4138297
v -1.2914855 0.5121780 -0.4018568
v -1.4260694 0.6911512 -0.5868272
v -1.4791343 0.7037707 -0.6701121
v -1.4947172 0.6726771 -0.6524564
v -1.4469488 0.6607047 -0.5779480
v -1.5305493 0.6911562 -0.7501596
v -1.5217896 0.7185080 -0.7682089
v -1.5793509 0.6839635 -0.8626051
v -1.5774529 0.6549134 -0.8238552
v -1.5864225 0.6270242 -0.7963695
v -1.5424539 0.6607046 -0.7269879
v -1.2447032 0.3713116 -0.3817896
v -1.2757635 0.3713115 -0.4008946
v 0.2244180 0.6036863 1.7026924
v 0.2180843 0.6925984 1.6549575
v 0.1750979 0.6629371 1.6441622
v 0.1453735 0.6346386 1.6432689
v 0.1912651 0.5805285 1.6962251
v -0.0660064 0.6935765 1.2864882
v -0.0582757 0.6629022 1.3431698
v -0.0447808 0.7086222 1.3314612
v -0.0006141 0.6995158 1.4194680
v -0.0671575 0.6346387 1.3683216
v -0.0169633 0.6689465 1.4351594
v 0.0380592 0.6811420 1.5065397
v 0.0614473 0.7121508 1.4996040
v 0.0816273 0.7484220 1.4975334
v 0.0120794 0.7366704 1.4079849
v 0.1443156 0.7361011 1.5779492
v 0.1203963 0.6995249 1.5754838
v 0.0932919 0.6689465 1.5777707
v 0.1951342 0.7084498 1.6389301
v -0.1283473 0.3713116 1.2094112
v -0.1312003 0.4820534 1.2513536
v -1.6169832 0.5966475 -0.8880817
v -1.6227211 0.5726790 -0.8553420
v -1.6213011 0.6107197 -0.9282230
v -0.1040241 0.6035922 1.2788049
v -0.1141967 0.6184729 1.2338429
v -0.1079036 0.5804969 1.3107179
v -0.1187628 0.6181560 1.2252266
v -0.0708007 0.6934293 1.2791798
v -0.2724914 0.6908135 0.9929562
v -0.1489692 0.5272768 1.1683047
v -0.5522093 0.6908047 0.6100595
v -1.1769159 0.6898136 -0.2811686
v -1.2405666 0.6880598 -0.3734720
v -1.6264482 0.5774858 -0.9238742
v -1.6492760 0.6466257 -1.0225861
v -1.6703395 0.5774690 -1.0895371
v -1.5375637 0.6541945 -1.4921205
v -1.5263790 0.5775495 -1.5210351
v -1.5331746 0.5775496 -1.5090796
v -1.5447176 0.6543570 -1.4798032
v -0.5580336 0.7564182 0.6152124
v -0.2789881 0.7572196 0.9970856
v -0.2767725 0.8117188 0.9944922
v -0.5525409 0.8117188 0.6121736
v -1.1831978 0.7076133 -0.2676179
v -0.8284163 0.7086894 0.2422393
v -0.8141667 0.8117188 0.2424905
v -1.1752078 0.8093954 -0.2732398
v -0.0660064 0.6935765 1.2864882
v -0.0447808 0.7086222 1.3314612
v -0.0726031 0.7086442 1.2903569
v 0.0220109 0.8117188 1.3951343
v -0.0453311 0.8786079 1.2699122
v -0.0576235 0.8117188 1.2797270
v 0.0727480 0.8781143 1.4265331
v -1.5942812 0.7310242 -0.9248846
v -1.1151358 0.9015825 -0.4966601
v -1.1769740 0.8997430 -0.4346675
v -0.9898118 0.9060535 -0.6369257
v -0.8002644 0.9064547 -0.8057211
v -0.6527254 0.9062405 -0.9195005
v 0.2354222 0.5825434 1.7128895
v -1.2535676 0.7052591 -0.3700518
v -1.1873971 0.7074728 -0.2737304
v -0.0708007 0.6934293 1.2791798
v -0.0768478 0.7086465 1.2842766
v -0.2829531 0.7086900 1.0008084
v -0.2724914 0.6908135 0.9929562
v -0.5627741 0.7086891 0.6178346
v -0.5522093 0.6908047 0.6100595
v -1.2405666 0.6880598 -0.3734720
v -1.2535676 0.7052591 -0.3700518
v -1.3388243 0.6892249 -0.4876733
v -1.1769159 0.6898136 -0.2811686
v -1.1873971 0.7074728 -0.2737304
v -1.1339761 0.9013948 -0.2739877
v -0.2636552 0.8767647 0.9822550
v -0.5395605 0.8762569 0.6039648
v 0.5234982 0.6908624 1.9522223
v -0.0726031 0.7086442 1.2903569
v -1.6698112 0.7549374 -1.1953398
v -1.6742510 0.7565726 -1.1911460
v -1.6656920 0.7716242 -1.1783816
v -1.6624290 0.7681300 -1.1839364
v -1.6624290 0.7681300 -1.1839364
v -1.6642464 0.7716115 -1.1876047
v -1.6732908 0.7563139 -1.1998576
v -1.6698112 0.7549374 -1.1953398
v -1.6186894 0.8013412 -1.1019641
v -1.6152431 0.7973279 -1.1059337
v -1.6152431 0.7973279 -1.1059337
v -1.6138294 0.8024960 -1.1082925
v -0.5842274 1.2929761 0.1472244
v -0.5772292 1.2905781 0.1477081
v -0.8408884 1.1173480 -0.0930279
v -0.8446588 1.1218734 -0.0902581
v -0.5240185 1.3191481 0.2134427
v -0.5174413 1.3162627 0.2137479
v -0.4642691 1.3212566 0.2987899
v -0.4586714 1.3181128 0.2980354
v -0.4586714 1.3181128 0.2980354
v -0.4569692 1.3236278 0.2966070
v -0.5161387 1.3217136 0.2113455
v -0.5174413 1.3162627 0.2137479
v -0.5732998 1.2972683 0.1475727
v -0.5772292 1.2905781 0.1477081
v -1.5308582 0.8290351 -0.9684170
v -1.5290639 0.8345945 -0.9706574
v -1.5350817 0.8330071 -0.9660160
v -1.5308582 0.8290351 -0.9684170
v -1.3838464 0.8639439 -0.7382246
v -1.3879669 0.8679580 -0.7356782
v -1.2630964 0.8885622 -0.5467085
v -1.2594074 0.8844749 -0.5498566
v -1.2594074 0.8844749 -0.5498566
v -1.2574598 0.8901072 -0.5519168
v -1.3820336 0.8695497 -0.7404240
v -1.3838464 0.8639439 -0.7382246
v -1.1348200 0.9047391 -0.3685298
v -1.1349082 0.9109990 -0.3613641
v -0.2603476 1.3225651 0.5868973
v -0.2555031 1.3194125 0.5850139
v -0.2555031 1.3194125 0.5850139
v -0.2536417 1.3249424 0.5838659
v -0.0631709 1.3192425 0.8559876
v -0.0613659 1.3247734 0.8547651
v -0.0673474 1.3223910 0.8588127
v -0.0631709 1.3192425 0.8559876
v 0.1296042 1.3201282 1.1357922
v 0.1330588 1.3169760 1.1320067
v 0.1330588 1.3169760 1.1320067
v 0.1349631 1.3224835 1.1308478
v -1.1348200 0.9047391 -0.3685298
v -1.1787897 0.8941471 -0.4322412
v -1.1819794 0.8985265 -0.4284640
v -1.1412212 0.9085559 -0.3693487
v -1.1787897 0.8941471 -0.4322412
v -1.1769740 0.8997430 -0.4346675
v -1.5600637 0.6945378 -1.4435615
v -1.5737898 0.7085309 -1.4163935
v -1.5684960 0.7192737 -1.4229866
v -1.5461162 0.7185119 -1.4619751
v -1.6509175 0.7446688 -1.0516570
v -0.1650715 0.3713116 1.1119452
v -0.1645308 0.2743790 1.0902859
v -0.5573429 1.2889075 0.2469090
v -0.5542875 1.2896693 0.2438806
v -0.6024824 1.2745339 0.1905248
v -0.6050532 1.2740582 0.1941283
v -0.8486872 1.1175645 -0.0133891
v -0.8494648 1.1158149 -0.0199997
v -0.6024824 1.2745339 0.1905248
v -0.5542875 1.2896693 0.2438806
v -0.5541308 1.2936795 0.2423516
v -0.6036479 1.2782312 0.1882064
v -0.8494648 1.1158149 -0.0199997
v -0.8519686 1.1184826 -0.0235166
v -1.1286359 0.9063888 -0.2705475
v -1.1284479 0.9017837 -0.2701818
v -1.1284479 0.9017837 -0.2701818
v -1.1299573 0.9006677 -0.2660628
v -0.3051542 1.2919959 0.5990156
v -0.3034393 1.2961742 0.5993543
v -0.4899383 1.2958654 0.3346451
v -0.4921038 1.2917144 0.3334260
v -0.1034102 1.2920885 0.8821046
v -0.1024641 1.2962346 0.8816109
v 0.0738987 1.2918105 1.1292200
v 0.0759257 1.2956863 1.1304364
v -1.1794051 0.8090182 -0.2794010
v -1.1726232 0.8085980 -0.2795682
v -1.1508224 0.8738785 -0.2807903
v -1.1557050 0.8743455 -0.2827433
v -0.1439224 0.5276124 1.1704571
v -0.1602668 0.3713116 1.1133018
v -1.1609834 0.3713115 -0.2837777
v -1.1563766 0.3713115 -0.2824446
v -1.1738272 0.5671984 -0.2787872
v -1.1784310 0.5672165 -0.2800937
v -0.1134910 0.6181378 1.2279589
v -0.0658223 0.6940234 1.2811855
v -0.1187628 0.6181560 1.2252266
v -0.1134910 0.6181378 1.2279589
v -0.0658223 0.6940234 1.2811855
v -0.0708007 0.6934293 1.2791798
v -0.1489692 0.5272768 1.1683047
v -0.1439224 0.5276124 1.1704571
v -1.1724465 0.6907538 -0.2797719
v -1.1769159 0.6898136 -0.2811686
v -0.0768478 0.7086465 1.2842766
v -0.0722387 0.7091766 1.2855944
v -0.0697767 0.7576643 1.2792599
v -1.1873971 0.7074728 -0.2737304
v -1.1828928 0.7082974 -0.2723351
v -0.0722387 0.7091766 1.2855944
v -0.0658223 0.6940234 1.2811855
v -0.0660064 0.6935765 1.2864882
v -0.0726031 0.7086442 1.2903569
v -0.0722387 0.7091766 1.2855944
v -0.0768478 0.7086465 1.2842766
v -1.1284479 0.9017837 -0.2701818
v -1.1339761 0.9013948 -0.2739877
v -0.0576235 0.8117188 1.2797270
v -0.0573297 0.8111191 1.2749459
v -1.1831978 0.7076133 -0.2676179
v -1.1828928 0.7082974 -0.2723351
v -1.1724465 0.6907538 -0.2797719
v -1.1727057 0.6899297 -0.2750635
v -1.1752078 0.8093954 -0.2732398
v -1.1726232 0.8085980 -0.2795682
v -1.1828928 0.7082974 -0.2723351
v -1.1831978 0.7076133 -0.2676179
v -1.1738272 0.5671984 -0.2787872
v -1.1741675 0.5670349 -0.2740260
v -1.1567911 0.3713115 -0.2776604
v -1.1563766 0.3713115 -0.2824446
v -1.1395910 0.2697447 -0.2831312
v -1.1407527 0.2739555 -0.2784110
v -1.1508224 0.8738785 -0.2807903
v -1.1511350 0.8749170 -0.2761066
v -0.1069183 1.2912134 0.8843981
v 0.0685847 1.2909101 1.1289557
v 0.0738987 1.2918105 1.1292200
v -0.1034102 1.2920885 0.8821046
v -0.3051542 1.2919959 0.5990156
v -0.3070065 1.2911754 0.6034258
v -0.4978334 1.2908835 0.3325188
v -0.3121118 1.2911709 0.5962201
v -0.3051542 1.2919959 0.5990156
v -0.4921038 1.2917144 0.3334260
v -0.0450999 0.8764828 1.2662404
v -0.0500334 0.8766685 1.2648002
v -0.0619789 0.8117188 1.2737273
v -0.0573297 0.8111191 1.2749459
v -0.1650715 0.3713116 1.1119452
v -0.1602668 0.3713116 1.1133018
v -0.1597670 0.2701772 1.0905349
v -0.1645308 0.2743790 1.0902859
v -0.0453311 0.8786079 1.2699122
v -0.0450999 0.8764828 1.2662404
v -1.1349082 0.9109990 -0.3613641
v -1.1348200 0.9047391 -0.3685298
v -1.1415399 0.9121984 -0.3205141
v -1.1398241 0.9165555 -0.3171143
v -1.1465657 0.9133500 -0.3244423
v -1.1415399 0.9121984 -0.3205141
v -1.1339761 0.9013948 -0.2739877
v -1.1284479 0.9017837 -0.2701818
v 0.0588852 1.2735989 1.1337190
v 0.0685847 1.2909101 1.1289557
v -0.1069183 1.2912134 0.8843981
v -0.1157179 1.2738692 0.8895171
v -0.3070065 1.2911754 0.6034258
v -0.2982420 1.2742333 0.6331254
v -0.3467453 1.2743543 0.5645227
v -0.3121118 1.2911709 0.5962201
v -0.4978334 1.2908835 0.3325188
v -0.5126551 1.2747706 0.3280576
v -0.8486872 1.1175645 -0.0133891
v -1.1299573 0.9006677 -0.2660628
v -1.0732027 0.9242025 -0.1989455
v -0.8296035 1.1164917 0.0238313
v -0.4968971 0.9079745 0.6500854
v -0.2580352 0.9101182 0.9768400
v -0.1867199 0.8767301 1.0840132
v -1.1511350 0.8749170 -0.2761066
v -0.7869164 0.8757214 0.2543315
v -0.7729641 0.9053077 0.2616878
v -1.0770106 0.9021187 -0.1884098
v -0.6050532 1.2740582 0.1941283
v -0.6056394 1.2578386 0.2079192
v -0.5573429 1.2889075 0.2469090
v -0.5603378 1.2728679 0.2598593
v -0.5573708 0.6908046 0.6028938
v -0.5679359 0.7086891 0.6106690
v -0.6245967 0.7086891 0.5305270
v -0.8177978 0.6908028 0.2345608
v -0.5586303 0.5643499 0.6018228
v -0.5573708 0.6908046 0.6028938
v -0.5473833 0.3713115 0.5908430
v -0.5379423 0.2747553 0.5826429
v -0.6816573 0.8759493 0.4031677
v -1.1831978 0.7076133 -0.2676179
v -1.1727057 0.6899297 -0.2750635
v -0.8177978 0.6908028 0.2345608
v -0.8284163 0.7086894 0.2422393
v -1.1727057 0.6899297 -0.2750635
v -0.5317906 0.9077543 0.6013975
v -0.5370779 0.9077012 0.5940629
v -0.5785840 0.9074810 0.5360565
v -0.5447196 0.8762459 0.5967966
v -0.3197759 1.2742871 0.6026683
v -0.3252116 1.2743007 0.5949798
v 0.0630751 1.2730328 1.1399599
v -0.0466816 0.9127112 1.2561339
v -0.0514575 0.9120560 1.2501276
v -0.0500334 0.8766685 1.2648002
v 0.0683387 1.2723215 1.1478004
v 0.0946315 1.2717554 1.1851880
v -0.1330149 0.9113333 1.1418433
v -0.1270082 0.9126900 1.1381567
v -0.2523965 0.9114712 0.9726666
v -0.2580352 0.9101182 0.9768400
v 0.0588852 1.2735989 1.1337190
v -0.1157179 1.2738692 0.8895171
v -0.1128650 1.2678287 0.8873912
v 0.0599788 1.2675623 1.1291420
v -0.2982420 1.2742333 0.6331254
v -0.2936600 1.2681970 0.6334515
v -0.4968971 0.9079745 0.6500854
v -0.4879713 0.9093585 0.6503884
v -0.3467453 1.2743543 0.5645227
v -0.5126551 1.2747706 0.3280576
v -0.5097482 1.2686796 0.3261463
v -0.3470403 1.2682605 0.5580158
v -0.5603378 1.2728679 0.2598593
v -0.5571119 1.2667988 0.2584292
v -0.6056394 1.2578386 0.2079192
v -0.6016933 1.2520425 0.2072793
v -0.8296035 1.1164917 0.0238313
v -0.8250995 1.1107908 0.0233442
v -0.9283212 1.0290062 -0.0710172
v -0.7729641 0.9053077 0.2616878
v -0.7671340 0.9065455 0.2576668
v -0.9824979 0.9042873 -0.0611467
v -0.6389560 0.9066688 0.4508125
v -0.5412236 0.3713115 0.5918395
v -0.5422195 0.3713115 0.5980073
v -0.5534691 0.5643595 0.6089898
v -0.5524999 0.5644857 0.6028494
v -0.5327767 0.2747546 0.5898059
v -0.5309068 0.2715148 0.5829512
v -0.5522093 0.6908047 0.6100595
v -0.5514050 0.6921346 0.6040384
v -0.5580336 0.7564182 0.6152124
v -0.5525409 0.8117188 0.6121736
v -0.5538591 0.8109626 0.6076580
v -0.5572397 0.7558152 0.6091844
v -0.5627741 0.7086891 0.6178346
v -0.5619247 0.7098260 0.6117809
v -0.5395605 0.8762569 0.6039648
v -0.5386867 0.8752087 0.5978967
v -0.5447196 0.8762459 0.5967966
v -0.5577030 0.8117188 0.6050075
v -0.5538591 0.8109626 0.6076580
v -0.5386867 0.8752087 0.5978967
v -0.5631981 0.7563904 0.6080481
v -0.5572397 0.7558152 0.6091844
v -0.5619247 0.7098260 0.6117809
v -0.5679359 0.7086891 0.6106690
v -0.5573708 0.6908046 0.6028938
v -0.5514050 0.6921346 0.6040384
v -0.5586303 0.5643499 0.6018228
v -0.5524999 0.5644857 0.6028494
v -0.5473833 0.3713115 0.5908430
v -0.5412236 0.3713115 0.5918395
v -0.5379423 0.2747553 0.5826429
v -0.5309068 0.2715148 0.5829512
v -0.5317906 0.9077543 0.6013975
v -0.5310065 0.9064172 0.5952745
v -0.5310065 0.9064172 0.5952745
v -0.5370779 0.9077012 0.5940629
v -0.3070065 1.2911754 0.6034258
v -0.3051542 1.2919959 0.5990156
v -0.3193945 1.2720423 0.5966281
v -0.3197759 1.2742871 0.6026683
v -0.3121118 1.2911709 0.5962201
v -0.3252116 1.2743007 0.5949798
v -0.3193945 1.2720423 0.5966281
v -0.3051542 1.2919959 0.5990156
v 0.0685847 1.2909101 1.1289557
v 0.0630751 1.2730328 1.1399599
v 0.0687618 1.2704398 1.1416086
v 0.0738987 1.2918105 1.1292200
v -0.0404733 0.9118563 1.2571361
v -0.0466816 0.9127112 1.2561339
v -0.0393840 0.9132106 1.2638977
v -0.0404733 0.9118563 1.2571361
v 0.0759257 1.2956863 1.1304364
v 0.0738987 1.2918105 1.1292200
v 0.0687618 1.2704398 1.1416086
v 0.0683387 1.2723215 1.1478004
v -1.0626989 0.9034463 -0.1798719
v -1.0589087 0.9255388 -0.1903959
v -0.0619789 0.8117188 1.2737273
v -0.1053567 0.8420790 1.2048042
v -0.1051891 0.8116626 1.2166504
v -0.5577030 0.8117188 0.6050075
v -0.5991342 0.8457937 0.5323503
v -0.6007359 0.8117188 0.5441795
v -0.0697767 0.7576643 1.2792599
v -0.1130613 0.7894659 1.2103476
v -0.1273969 0.7803398 1.1931952
v -0.1274945 0.7575421 1.2014188
v -0.5631981 0.7563904 0.6080481
v -0.6077004 0.7907576 0.5384292
v -0.6221863 0.7810460 0.5198510
v -0.6230169 0.7559381 0.5235516
v -0.1051891 0.8116626 1.2166504
v -0.1053567 0.8420790 1.2048042
v -0.1059614 0.8075930 1.1474943
v -0.1170484 0.8512490 1.1858515
v -0.1455341 0.8520472 1.1478757
v -0.1608580 0.8434361 1.1308896
v -0.1731379 0.8119572 1.1267763
v -0.1691491 0.7891456 1.1363064
v -0.1560294 0.7800222 1.1553239
v -0.1273969 0.7803398 1.1931952
v -0.1130613 0.7894659 1.2103476
v -0.6007359 0.8117188 0.5441795
v -0.5991342 0.8457937 0.5323503
v -0.5990589 0.8094008 0.4743882
v -0.6108771 0.8552865 0.5118251
v -0.6382699 0.8552711 0.4730739
v -0.6536970 0.8457630 0.4551631
v -0.6654065 0.8117188 0.4527659
v -0.6622945 0.7907337 0.4612642
v -0.6495948 0.7810340 0.4811107
v -0.6221863 0.7810460 0.5198510
v -0.6077004 0.7907576 0.5384292
v -0.1981094 0.8118985 1.0938071
v -0.2031945 0.7573819 1.0993258
v -0.6953851 0.8117188 0.4103908
v -0.7012468 0.7553468 0.4130487
v -0.6245967 0.7086891 0.5305270
v -0.5679359 0.7086891 0.6106690
v -0.5679359 0.7086891 0.6106690
v -0.5619247 0.7098260 0.6117809
v -0.5619247 0.7098260 0.6117809
v -0.5627741 0.7086891 0.6178346
v -0.5627741 0.7086891 0.6178346
v -0.2829531 0.7086900 1.0008084
v -0.0768478 0.7086465 1.2842766
v -0.1437061 0.8767107 1.1409051
v -0.1330149 0.9113333 1.1418433
v -0.6385690 0.8760426 0.4640941
v -0.6389560 0.9066688 0.4508125
v -0.6536970 0.8457630 0.4551631
v -0.6382699 0.8552711 0.4730739
v -0.6654065 0.8117188 0.4527659
v -0.6622945 0.7907337 0.4612642
v -0.1691491 0.7891456 1.1363064
v -0.1731379 0.8119572 1.1267763
v -0.1608580 0.8434361 1.1308896
v -0.1455341 0.8520472 1.1478757
v -0.1560294 0.7800222 1.1553239
v -0.1623387 0.7574684 1.1544262
v -0.1074347 0.8766944 1.1888790
v -0.1170484 0.8512490 1.1858515
v -0.0514575 0.9120560 1.2501276
v -0.0492485 0.9133760 1.2414291
v -0.6495948 0.7810340 0.4811107
v -0.6590632 0.7556656 0.4726350
v -0.6766155 0.7086892 0.4569498
v -0.6766155 0.7086892 0.4569498
v -0.6053399 0.8761146 0.5110797
v -0.6108771 0.8552865 0.5118251
v -0.5970545 0.9070944 0.5099469
v -0.5970545 0.9070944 0.5099469
v -0.5785840 0.9074810 0.5360565
v -0.5745541 0.9087142 0.5295552
v -0.3401935 1.3024251 -0.0580957
v -0.3416170 1.2953613 -0.0600082
v -0.5772292 1.2905781 0.1477081
v -0.5732998 1.2972683 0.1475727
v -0.1456478 1.3027667 -0.2049566
v -0.1470536 1.2957157 -0.2069375
v -1.1652312 0.8972471 -0.6276899
v -1.2509781 0.8830571 -0.8365434
v -1.3649746 0.8550225 -1.0904291
v -1.4376005 0.8227316 -1.2645416
v -1.4565298 0.7643409 -1.5194974
v -1.5282029 0.7643012 -1.3940254
v -1.5015550 0.7855226 -1.4100189
v -1.5235744 0.7644424 -1.4602550
v -1.5393275 0.7444659 -1.4303787
v -1.5246280 0.6539018 -1.5378745
v -1.5147687 0.5775252 -1.5686708
v -1.5263790 0.5775495 -1.5210351
v -1.5375637 0.6541945 -1.4921205
v -1.1151358 0.9015825 -0.4966601
v -1.1652312 0.8972471 -0.6276899
v -1.1829633 0.8933611 -0.6145572
v -1.2509781 0.8830571 -0.8365434
v -1.2770004 0.8742386 -0.8174584
v -1.3649746 0.8550225 -1.0904291
v -1.3911261 0.8403217 -1.0715226
v -1.4376005 0.8227316 -1.2645416
v -1.4640540 0.8041917 -1.2466360
v -1.5326883 0.7404630 -1.4909537
v -1.5287093 0.6977320 -1.5141163
v -1.5417181 0.6854393 -1.4774758
v -1.5461162 0.7185119 -1.4619751
v -1.6850609 0.7270854 -1.2082823
v -1.6781247 0.7282448 -1.1401571
v -1.6618408 0.7467570 -1.0859571
v -1.6805048 0.7222999 -1.2139699
v -1.6850609 0.7270854 -1.2082823
v -1.6846521 0.7265036 -1.2166595
v -1.6805048 0.7222999 -1.2139699
v -1.0626989 0.9034463 -0.1798719
v -1.0770106 0.9021187 -0.1884098
v -1.0732027 0.9242025 -0.1989455
v -1.0589087 0.9255388 -0.1903959
v -1.5409014 0.5546854 -1.5756375
v -1.7029713 0.5546898 -1.2519061
v -1.5197852 0.5704169 -1.5200525
v -1.6607530 0.5583611 -0.9609553
v -1.6227211 0.5726790 -0.8553420
v -1.6213666 0.5699003 -0.9270484
v -1.6654487 0.5708792 -1.0964890
v -1.6994470 0.5546855 -1.1211810
v -1.6811332 0.5714534 -1.2303077
v -1.4206170 0.5546854 -1.6959602
v -1.5086649 0.5702441 -1.5669089
v -1.4012616 0.5699637 -1.6699636
v -1.7099623 0.4672970 -1.1232973
v -1.7085315 0.4001354 -1.1376238
v -1.6767161 0.3790016 -1.0042230
v -1.6730775 0.4836654 -0.9783224
v -1.6590995 0.3795212 -0.9344056
v -1.6499249 0.4840065 -0.9072228
v -1.6994470 0.5546855 -1.1211810
v -1.7092392 0.4982581 -1.1349794
v -1.6607530 0.5583611 -0.9609553
v -1.5409014 0.5546854 -1.5756375
v -1.5506936 0.4982581 -1.5894358
v -1.7127641 0.4982581 -1.2657058
v -1.7029713 0.5546898 -1.2519061
v -1.2859778 0.5546854 -1.8118418
v -1.2957697 0.4982581 -1.8256404
v -1.4304094 0.4982581 -1.7097588
v -1.4206170 0.5546854 -1.6959602
v -1.6227211 0.5726790 -0.8553420
v -1.6647932 0.6580187 -1.0651624
v -1.6654487 0.5708792 -1.0964890
v -1.6213666 0.5699003 -0.9270484
v -1.6264482 0.5774858 -0.9238742
v -1.6703395 0.5774690 -1.0895371
v -1.2703121 0.5774532 -1.7897667
v -1.2672215 0.5698627 -1.7854120
v -1.4012616 0.5699637 -1.6699636
v -1.4050427 0.5774874 -1.6740107
v -1.6227211 0.5726790 -0.8553420
v -1.5086649 0.5702441 -1.5669089
v -1.5147687 0.5775252 -1.5686708
v -1.5059280 0.5775221 -1.5771582
v -1.5197852 0.5704169 -1.5200525
v -1.5263790 0.5775495 -1.5210351
v -1.7220552 0.3605309 -1.1566274
v -1.6847603 0.3651043 -1.0029778
v -1.6767161 0.3790016 -1.0042230
v -1.7115675 0.3794126 -1.1573344
v -1.5504038 0.3796566 -1.5980878
v -1.5578614 0.3606557 -1.6014096
v -1.6514204 0.3795963 -1.4025111
v -1.3023631 0.3606704 -1.8349312
v -1.4369572 0.3606672 -1.7199456
v -1.4311456 0.3796502 -1.7154464
v -1.2982454 0.3796392 -1.8291287
v -1.6590995 0.3795212 -0.9344056
v -1.7229862 0.3605947 -1.2837285
v -1.7129328 0.3795596 -1.2834172
v -1.7115675 0.3794126 -1.1573344
v -1.7099623 0.4672970 -1.1232973
v -1.7013426 0.4683749 -1.1258520
v -1.6999248 0.4068913 -1.1401219
v -1.7085315 0.4001354 -1.1376238
v -1.5506936 0.4982581 -1.5894358
v -1.5434785 0.4953453 -1.5864144
v -1.7044016 0.4956272 -1.2647458
v -1.7127641 0.4982581 -1.2657058
v -1.2957697 0.4982581 -1.8256404
v -1.2914355 0.4951277 -1.8195327
v -1.4252925 0.4951277 -1.7042867
v -1.4304094 0.4982581 -1.7097588
v -1.7005561 0.4961901 -1.1367374
v -1.7092392 0.4982581 -1.1349794
v -1.7052752 0.3841666 -1.2824394
v -1.6443673 0.3845106 -1.3997910
v -1.6514204 0.3795963 -1.4025111
v -1.7129328 0.3795596 -1.2834172
v -1.5441736 0.3847093 -1.5941693
v -1.5504038 0.3796566 -1.5980878
v -1.4259896 0.3849516 -1.7102673
v -1.2940135 0.3849876 -1.8231656
v -1.2982454 0.3796392 -1.8291287
v -1.4311456 0.3796502 -1.7154464
v -1.7115675 0.3794126 -1.1573344
v -1.7030050 0.3857367 -1.1590049
v -1.7092392 0.4982581 -1.1349794
v -1.7005561 0.4961901 -1.1367374
v -1.6607781 0.7066377 -1.0665747
v -1.6606538 0.6842723 -1.0615124
v -1.6666146 0.7285531 -1.0991468
v -1.6630350 0.7227624 -1.0820645
v -1.5417181 0.6854393 -1.4774758
v -1.5516289 0.6798939 -1.4617109
v -1.6071599 0.7191867 -1.3559673
v -1.6846521 0.7265036 -1.2166595
v -1.6732908 0.7563139 -1.1998576
v -1.5958836 0.7494678 -1.3330590
v -1.6642464 0.7716115 -1.1876047
v -1.5890323 0.7199727 -1.3872098
v -1.5900699 0.7160640 -1.3863513
v -1.5286527 0.5704739 -1.5041287
v -1.5331746 0.5775496 -1.5090796
v -1.5331746 0.5775496 -1.5090796
v -1.5286527 0.5704739 -1.5041287
v -1.5430947 0.6540246 -1.4740120
v -1.5447176 0.6543570 -1.4798032
v -1.5600637 0.6945378 -1.4435615
v -1.5579053 0.6913166 -1.4393528
v -1.5715620 0.7049660 -1.4123873
v -1.5737898 0.7085309 -1.4163935
v -1.6850609 0.7270854 -1.2082823
v -1.6805048 0.7222999 -1.2139699
v -1.6743187 0.7241219 -1.1403169
v -1.6781247 0.7282448 -1.1401571
v -1.6647932 0.6580187 -1.0651624
v -1.6618717 0.6587198 -1.0697655
v -1.6654487 0.5708792 -1.0964890
v -1.6703395 0.5774690 -1.0895371
v -1.6607781 0.7066377 -1.0665747
v -1.6578407 0.7056585 -1.0704752
v -1.6576219 0.6842383 -1.0658316
v -1.6606538 0.6842723 -1.0615124
v -1.6627403 0.7247245 -1.1005544
v -1.6666146 0.7285531 -1.0991468
v -1.6598939 0.7194776 -1.0850868
v -1.6630350 0.7227624 -1.0820645
v -1.5486027 0.6745226 -1.4595245
v -1.5516289 0.6798939 -1.4617109
v -1.6036084 0.7150249 -1.3544005
v -1.6805048 0.7222999 -1.2139699
v -1.6846521 0.7265036 -1.2166595
v -1.6071599 0.7191867 -1.3559673
v -1.5872714 0.7120614 -1.3834405
v -1.5900699 0.7160640 -1.3863513
v -1.5147687 0.5775252 -1.5686708
v -1.5246280 0.6539018 -1.5378745
v -1.5148715 0.6538778 -1.5471016
v -1.5059280 0.5775221 -1.5771582
v -1.5287093 0.6977320 -1.5141163
v -1.5326883 0.7404630 -1.4909537
v -1.5109739 0.7229825 -1.5167464
v -1.5152481 0.7018254 -1.5245916
v -1.4856142 0.7554028 -1.5084305
v -1.4910761 0.7643932 -1.4889711
v -1.4750521 0.5775115 -1.6067998
v -1.5007820 0.7421500 -1.5111781
v -1.5235744 0.7644424 -1.4602550
v -0.5327767 0.2747546 0.5898059
v -0.5309068 0.2715148 0.5829512
v -0.2526460 0.2713320 0.9659498
v -0.2560484 0.2747037 0.9685145
v -1.1407527 0.2739555 -0.2784110
v -1.1395910 0.2697447 -0.2831312
v -0.7937727 0.2713885 0.2141427
v -0.7972332 0.2747629 0.2166117
v -0.1597670 0.2701772 1.0905349
v -0.1645308 0.2743790 1.0902859
v -0.5309068 0.2715148 0.5829512
v -0.5379423 0.2747553 0.5826429
v 0.2422112 0.5628449 1.7457611
v 0.2374941 0.5791497 1.7117893
v 0.1912651 0.5805285 1.6962251
v 0.2777142 0.5790789 1.7315361
v 0.5327754 0.5628450 2.0119419
v 0.2422112 0.5628449 1.7457611
v 0.2697675 0.4726722 1.7845915
v 0.5340236 0.4737330 2.0110564
v 0.1912651 0.5805285 1.6962251
v 0.2235294 0.4723339 1.7433701
v 0.1912651 0.5805285 1.6962251
v 0.2374941 0.5791497 1.7117893
v 0.2354222 0.5825434 1.7128895
v 0.2777142 0.5790789 1.7315361
v 0.2755417 0.5825835 1.7325544
v 0.5237116 0.7084338 1.9588381
v 0.1951342 0.7084498 1.6389301
v 0.2180843 0.6925984 1.6549575
v 0.5234982 0.6908624 1.9522223
v 0.5555758 0.5791558 1.9957612
v 0.4921073 0.5791382 1.9354077
v 0.5327754 0.5628450 2.0119419
v 0.2933777 0.3876914 1.7982306
v 0.5498481 0.3877551 1.9998257
v 0.2537414 0.3799520 1.7559029
v 0.2933777 0.3876914 1.7982306
v 0.3033632 0.3722474 1.7910911
v 0.5596334 0.3721913 1.9928821
v 0.5498481 0.3877551 1.9998257
v 0.2537414 0.3799520 1.7559029
v -1.3623744 0.5738726 -0.4524451
v -1.4019131 0.6270243 -0.5093235
v -1.4053420 0.6140340 -0.5160886
v -1.3676279 0.5633348 -0.4618350
v -1.3238896 0.4963634 -0.4138297
v -1.3309190 0.4894021 -0.4250011
v -1.4469488 0.6607047 -0.5779480
v -1.4947172 0.6726771 -0.6524564
v -1.4938641 0.6575802 -0.6526170
v -1.4482997 0.6461602 -0.5815467
v -1.5424539 0.6607046 -0.7269879
v -1.5864225 0.6270242 -0.7963695
v -1.5813379 0.6140339 -0.7898895
v -1.5393981 0.6461601 -0.7237096
v -1.2757635 0.3713115 -0.4008946
v -1.2850134 0.3701205 -0.4126634
v 0.1912651 0.5805285 1.6962251
v 0.1453735 0.6346386 1.6432689
v 0.1414744 0.6210654 1.6369309
v 0.1852484 0.5694519 1.6874430
v -0.0169633 0.6689465 1.4351594
v -0.0671575 0.6346387 1.3683216
v -0.0612497 0.6210655 1.3746701
v -0.0133719 0.6537903 1.4384237
v 0.0380592 0.6811420 1.5065397
v 0.0391119 0.6654230 1.5065101
v 0.0932919 0.6689465 1.5777707
v 0.0917960 0.6537902 1.5744546
v -0.1312003 0.4820534 1.2513536
v -0.1283473 0.3713116 1.2094112
v -0.1196161 0.3698890 1.2230920
v -0.1212627 0.4765075 1.2636064
v -1.6227211 0.5726790 -0.8553420
v -1.6159614 0.5621963 -0.8461410
v -0.1079036 0.5804969 1.3107179
v -0.1001158 0.5694219 1.3197247
v -1.6499249 0.4840065 -0.9072228
v -1.6590995 0.3795212 -0.9344056
v -1.6504317 0.3779514 -0.9212328
v -1.6416805 0.4776154 -0.8953043
v -1.6227211 0.5726790 -0.8553420
v -1.6159614 0.5621963 -0.8461410
v 0.2235294 0.4723339 1.7433701
v 0.1912651 0.5805285 1.6962251
v 0.1852484 0.5694519 1.6874430
v 0.2160242 0.4662499 1.7324124
v 0.2537414 0.3799520 1.7559029
v 0.2448421 0.3781307 1.7443671
v 0.5684965 0.8111582 1.9865925
v 0.5777549 0.8781143 1.9800220
v 0.5064930 0.8781143 1.9077674
v -1.3676279 0.5633348 -0.4618350
v -1.4053420 0.6140340 -0.5160886
v -1.1490758 0.6300971 -0.7459201
v -1.0733575 0.5263685 -0.6392222
v -1.3309190 0.4894021 -0.4250011
v -1.4482997 0.6461602 -0.5815467
v -1.4938641 0.6575802 -0.6526170
v -1.2449226 0.6518701 -0.8809818
v -1.5393981 0.6461601 -0.7237096
v -1.5813379 0.6140339 -0.7898895
v -1.3435954 0.5743372 -1.0200253
v -1.2449226 0.6518701 -0.8809818
v -1.4938641 0.6575802 -0.6526170
v -1.2850134 0.3701205 -0.4126634
v -1.0373195 0.3701205 -0.5884398
v -1.2562168 0.2670994 -0.4200049
v -1.0318631 0.1826613 -0.5792179
v 0.1852484 0.5694519 1.6874430
v 0.1414744 0.6210654 1.6369309
v 0.3847355 0.6374278 1.4154348
v 0.4620655 0.5178509 1.5244040
v -0.0133719 0.6537903 1.4384237
v -0.0612497 0.6210655 1.3746701
v 0.1966457 0.5952437 1.1503904
v 0.2871028 0.6596066 1.2778567
v 0.0391119 0.6654230 1.5065101
v 0.0917960 0.6537902 1.5744546
v 0.0391119 0.6654230 1.5065101
v 0.2871028 0.6596066 1.2778567
v -0.1196161 0.3698890 1.2230920
v -0.1057720 0.2652319 1.1961731
v 0.1162403 0.1849590 1.0386210
v 0.1344011 0.4234356 1.0626787
v -0.1212627 0.4765075 1.2636064
v -1.6159614 0.5621963 -0.8461410
v -0.1001158 0.5694219 1.3197247
v -1.6504317 0.3779514 -0.9212328
v -1.6312087 0.2307028 -0.9507247
v -1.4072189 0.2307028 -1.1096796
v -1.3921538 0.4277834 -1.0884513
v -1.6416805 0.4776154 -0.8953043
v -1.2395076 0.1826612 -0.4318624
v -0.0890632 0.1849589 1.1843151
v 0.2160242 0.4662499 1.7324124
v 0.2775348 0.2315786 1.7360403
v 0.2448421 0.3781307 1.7443671
v 0.4931256 0.3781307 1.5681723
v 0.5001454 0.2315786 1.5780642
v -1.5373806 0.2716725 -1.5770567
v -1.5387215 0.3031272 -1.5966999
v -1.2035318 0.2639452 -1.2589690
v -1.4217713 0.3031272 -1.7099739
v -1.2920393 0.3031272 -1.8203836
v -0.9974263 0.2718089 -1.4052326
v -1.2035318 0.2639452 -1.2589690
v -1.6873737 0.2498997 -1.1809411
v -1.6863260 0.2586784 -1.2984215
v -1.4072189 0.2307028 -1.1096796
v -1.5387215 0.3031272 -1.5966999
v -1.5373806 0.2716725 -1.5770567
v -1.6578807 0.2377522 -1.0402549
v -1.6312087 0.2307028 -0.9507247
v -1.6387061 0.2310718 -0.9649850
v -0.2380738 0.1858257 0.9556961
v -0.5162183 0.1860646 0.5725564
v -0.3655077 0.1860647 0.4656044
v -0.0345175 0.1854922 0.9320159
v -0.7792541 0.1858836 0.2038159
v -1.1265960 0.1850327 -0.2970463
v -0.9990197 0.1847651 -0.4271026
v -0.6276405 0.1858837 0.0962226
v -0.0986534 0.1849200 1.1699011
v -0.1425219 0.1854334 1.0828739
v -1.1643812 0.1844972 -0.3492750
v -1.2277275 0.1839527 -0.4205595
v -1.0318631 0.1826613 -0.5792179
v -1.2395076 0.1826612 -0.4318624
v -0.0890632 0.1849589 1.1843151
v 0.1162403 0.1849590 1.0386210
v 1.2079512 0.2860658 1.7024543
v 0.9876193 0.2860658 1.8480474
v 0.5652356 0.2225747 1.5382198
v 0.9151715 0.2251580 1.2898867
v 0.7797854 0.2860657 1.9542616
v 0.7206222 0.2860658 1.9844966
v 0.5001454 0.2315786 1.5780642
v 0.8102068 0.3323505 1.9546560
v 0.7797854 0.2860657 1.9542616
v 0.5652356 0.2225747 1.5382198
v 0.8785409 0.3328623 1.9199101
v 0.8102068 0.3323505 1.9546560
v 0.5652356 0.2225747 1.5382198
v 0.8984993 0.2860658 1.8935924
v 0.8984993 0.2860658 1.8935924
v 0.8785409 0.3328623 1.9199101
v 0.5652356 0.2225747 1.5382198
v 0.5908045 0.2742477 1.9747127
v 0.3297187 0.2398159 1.7849015
v 0.2775348 0.2315786 1.7360403
v 0.1966457 0.5952437 1.1503904
v 0.4620655 0.5178509 1.5244040
v 0.3847355 0.6374278 1.4154348
v 0.2871028 0.6596066 1.2778567
v 0.4931256 0.3781307 1.5681723
v 0.1344011 0.4234356 1.0626787
v 0.1162403 0.1849590 1.0386210
v 0.5001454 0.2315786 1.5780642
v -1.2449226 0.6518701 -0.8809818
v -1.3435954 0.5743372 -1.0200253
v -1.0733575 0.5263685 -0.6392222
v -1.1490758 0.6300971 -0.7459201
v -1.3921538 0.4277834 -1.0884513
v -1.0373195 0.3701205 -0.5884398
v -1.4072189 0.2307028 -1.1096796
v -1.0318631 0.1826613 -0.5792179
v -0.2301134 0.1859742 0.0918189
v 0.2827087 0.1852255 0.8136908
v -0.7735941 0.1837132 -0.6747879
v -0.0342833 0.1859741 -0.0471524
v 0.4785906 0.1852255 0.6746830
v -0.5777120 0.1837132 -0.8137962
v -1.4285271 0.4317451 -1.7107418
v -1.4280490 0.4229281 -1.7106528
v -1.5470635 0.4225262 -1.5930015
v -1.5477327 0.4312824 -1.5927311
v -1.6472487 0.4225890 -1.3965745
v -1.6488618 0.4319303 -1.3940276
v -1.7013426 0.4683749 -1.1258520
v -1.7005561 0.4961901 -1.1367374
v -1.7044016 0.4956272 -1.2647458
v -1.7128035 0.4704952 -1.2698482
v -1.6659136 0.4700916 -1.3628630
v -1.5506224 0.4690993 -1.5915628
v -1.5434785 0.4953453 -1.5864144
v -1.4252925 0.4951277 -1.7042867
v -1.4305866 0.4697216 -1.7111271
v -1.2914355 0.4951277 -1.8195327
v -1.2963527 0.4703295 -1.8264617
v -1.6554357 0.4700014 -1.3836473
v -1.6517042 0.4955349 -1.3700822
v -1.7128035 0.4704952 -1.2698482
v -1.6659136 0.4700916 -1.3628630
v -1.6776847 0.4679748 -1.2199121
v -1.7013426 0.4683749 -1.1258520
v -1.6573106 0.4568837 -1.3790342
v -1.6443673 0.3845106 -1.3997910
v -1.6590020 0.3895428 -1.2579071
v -1.6717555 0.4548902 -1.2374551
v -1.6590020 0.3895428 -1.2579071
v -1.6443673 0.3845106 -1.3997910
v -1.7052752 0.3841666 -1.2824394
v -1.7030050 0.3857367 -1.1590049
v -1.6659136 0.4700916 -1.3628630
v -1.6776847 0.4679748 -1.2199121
v -1.6554357 0.4700014 -1.3836473
v -1.6406748 0.3845179 -1.4069544
v -1.6517042 0.4955349 -1.3700822
v -1.6554357 0.4700014 -1.3836473
v -1.4305866 0.4697216 -1.7111271
v -1.2963527 0.4703295 -1.8264617
v -1.2959963 0.4573310 -1.8259597
v -1.4298878 0.4568361 -1.7109965
v -1.4294463 0.4486991 -1.7109140
v -1.2957730 0.4491906 -1.8256449
v -1.2955283 0.4402624 -1.8253001
v -1.4289683 0.4398820 -1.7108246
v -1.4266883 0.3978371 -1.7103979
v -1.4259896 0.3849516 -1.7102673
v -1.5441736 0.3847093 -1.5941693
v -1.5451531 0.3975264 -1.5937738
v -1.4276078 0.4147911 -1.7105701
v -1.4271296 0.4059741 -1.7104806
v -1.5457737 0.4056482 -1.5935228
v -1.5464429 0.4144044 -1.5932522
v -1.5496428 0.4562821 -1.5919588
v -1.5506224 0.4690993 -1.5915628
v -1.5483530 0.4394041 -1.5924801
v -1.5490224 0.4481604 -1.5922095
v -1.6406748 0.3845179 -1.4069544
v -1.6429574 0.3977369 -1.4033500
v -1.6442968 0.4054922 -1.4012359
v -1.6459096 0.4148336 -1.3986890
v -1.6531531 0.4567824 -1.3872516
v -1.6554357 0.4700014 -1.3836473
v -1.6502009 0.4396857 -1.3919131
v -1.6518140 0.4490270 -1.3893662
v -1.4271296 0.4059741 -1.7104806
v -1.2945927 0.4061258 -1.8239819
v -1.2810059 0.4020556 -1.8048361
v -1.4134339 0.4019056 -1.6914509
v -1.4280490 0.4229281 -1.7106528
v -1.2950605 0.4231940 -1.8246410
v -1.2814737 0.4191238 -1.8054953
v -1.4143532 0.4188596 -1.6916233
v -1.5457737 0.4056482 -1.5935228
v -1.5319882 0.4015873 -1.5746598
v -1.5470635 0.4225262 -1.5930015
v -1.5332782 0.4184653 -1.5741385
v -1.4294463 0.4486991 -1.7109140
v -1.5490224 0.4481604 -1.5922095
v -1.5358575 0.4522212 -1.5730958
v -1.4161922 0.4527676 -1.6919670
v -1.4285271 0.4317451 -1.7107418
v -1.5477327 0.4312824 -1.5927311
v -1.5345677 0.4353432 -1.5736174
v -1.4152727 0.4358136 -1.6917948
v -1.6442968 0.4054922 -1.4012359
v -1.6301518 0.4016146 -1.3833046
v -1.6472487 0.4225890 -1.3965745
v -1.6331040 0.4187113 -1.3786432
v -1.6518140 0.4490270 -1.3893662
v -1.6390086 0.4529047 -1.3693203
v -1.6488618 0.4319303 -1.3940276
v -1.6360564 0.4358079 -1.3739822
v -1.4298878 0.4568361 -1.7109965
v -1.2959963 0.4573310 -1.8259597
v -1.2824095 0.4532608 -1.8068142
v -1.4161922 0.4527676 -1.6919670
v -1.4289683 0.4398820 -1.7108246
v -1.2955283 0.4402624 -1.8253001
v -1.2819417 0.4361922 -1.8061546
v -1.4152727 0.4358136 -1.6917948
v -1.4266883 0.3978371 -1.7103979
v -1.5451531 0.3975264 -1.5937738
v -1.5319882 0.4015873 -1.5746598
v -1.4134339 0.4019056 -1.6914509
v -1.4276078 0.4147911 -1.7105701
v -1.5464429 0.4144044 -1.5932522
v -1.5332782 0.4184653 -1.5741385
v -1.4143532 0.4188596 -1.6916233
v -1.5496428 0.4562821 -1.5919588
v -1.5358575 0.4522212 -1.5730958
v -1.5483530 0.4394041 -1.5924801
v -1.5345677 0.4353432 -1.5736174
v -1.6429574 0.3977369 -1.4033500
v -1.6301518 0.4016146 -1.3833046
v -1.6459096 0.4148336 -1.3986890
v -1.6331040 0.4187113 -1.3786432
v -1.6531531 0.4567824 -1.3872516
v -1.6390086 0.4529047 -1.3693203
v -1.6502009 0.4396857 -1.3919131
v -1.6360564 0.4358079 -1.3739822
v -1.6406748 0.3845179 -1.4069544
v -1.6554357 0.4700014 -1.3836473
v -1.6419608 0.4700014 -1.3646594
v -1.6271996 0.3845179 -1.3879661
v -1.3633247 0.5957763 -1.6173504
v -1.3569667 0.6497591 -1.6072909
v -1.2205545 0.6496903 -1.7196515
v -1.2290554 0.5956237 -1.7316303
v -1.4595107 0.7016544 -1.4860485
v -1.4564044 0.7162964 -1.4803888
v -1.4318602 0.7138677 -1.5015740
v -1.4380508 0.6499588 -1.5306079
v -1.4334904 0.5958829 -1.5505244
v -1.4527835 0.5958965 -1.5320489
v -1.4595774 0.6568758 -1.5076246
v -1.4501457 0.7304958 -1.4770404
v -1.4428168 0.7410361 -1.4768266
v -1.4259970 0.7462689 -1.4832713
v -1.3307035 0.7463619 -1.5677284
v -1.3410860 0.7138980 -1.5840534
v -1.4565298 0.7643409 -1.5194974
v -1.3575982 0.7641912 -1.6069159
v -1.3613338 0.7634688 -1.6112928
v -1.4597249 0.7635870 -1.5243195
v -1.2182079 0.7642145 -1.7163450
v -1.2214448 0.7635112 -1.7209060
v -1.2703121 0.5774532 -1.7897667
v -1.4050427 0.5774874 -1.6740107
v -1.4065672 0.5821487 -1.6757839
v -1.2714645 0.5821115 -1.7913906
v -1.4750521 0.5775115 -1.6067998
v -1.4766009 0.5821852 -1.6086301
v -1.5059280 0.5775221 -1.5771582
v -1.5057480 0.5821958 -1.5806511
v -1.5148715 0.6538778 -1.5471016
v -1.5143741 0.6562607 -1.5514369
v -1.5152481 0.7018254 -1.5245916
v -1.5146867 0.7037368 -1.5290689
v -1.5109739 0.7229825 -1.5167464
v -1.5106907 0.7240484 -1.5216024
v -1.5007820 0.7421500 -1.5111781
v -1.5010918 0.7425364 -1.5163828
v -1.4856142 0.7554028 -1.5084305
v -1.4869804 0.7551999 -1.5139409
v -1.4597249 0.7635870 -1.5243195
v -1.3613338 0.7634688 -1.6112928
v -1.3671755 0.7563065 -1.6183087
v -1.4637120 0.7563110 -1.5328557
v -1.2214448 0.7635112 -1.7209060
v -1.2267819 0.7564742 -1.7284267
v -1.2714645 0.5821115 -1.7913906
v -1.4065672 0.5821487 -1.6757839
v -1.4048283 0.5934571 -1.6738631
v -1.2698021 0.5933511 -1.7890484
v -1.4766009 0.5821852 -1.6086301
v -1.4749422 0.5935361 -1.6069069
v -1.5057480 0.5821958 -1.5806511
v -1.4981620 0.5935469 -1.5846342
v -1.5143741 0.6562607 -1.5514369
v -1.5056958 0.6597512 -1.5583065
v -1.5146867 0.7037368 -1.5290689
v -1.5057859 0.7056085 -1.5364213
v -1.5106907 0.7240484 -1.5216024
v -1.5027316 0.7230142 -1.5302378
v -1.5010918 0.7425364 -1.5163828
v -1.4951822 0.7391792 -1.5262246
v -1.4869804 0.7551999 -1.5139409
v -1.4846943 0.7498167 -1.5248398
v -1.4637120 0.7563110 -1.5328557
v -1.3671755 0.7563065 -1.6183087
v -1.3307035 0.7463619 -1.5677284
v -1.4259970 0.7462689 -1.4832713
v -1.1907289 0.7466187 -1.6776229
v -1.4048283 0.5934571 -1.6738631
v -1.4749422 0.5935361 -1.6069069
v -1.4334904 0.5958829 -1.5505244
v -1.3633247 0.5957763 -1.6173504
v -1.4981620 0.5935469 -1.5846342
v -1.4527835 0.5958965 -1.5320489
v -1.4981620 0.5935469 -1.5846342
v -1.5056958 0.6597512 -1.5583065
v -1.4595774 0.6568758 -1.5076246
v -1.4527835 0.5958965 -1.5320489
v -1.5057859 0.7056085 -1.5364213
v -1.4595107 0.7016544 -1.4860485
v -1.5027316 0.7230142 -1.5302378
v -1.4564044 0.7162964 -1.4803888
v -1.4951822 0.7391792 -1.5262246
v -1.4501457 0.7304958 -1.4770404
v -1.4846943 0.7498167 -1.5248398
v -1.4428168 0.7410361 -1.4768266
v -1.4846943 0.7498167 -1.5248398
v -1.4428168 0.7410361 -1.4768266
v -1.0643006 0.9274391 -0.1843160
v -1.0676971 0.9076687 -0.1748944
v -0.9890586 0.9084929 -0.0584836
v -0.9370245 1.0282840 -0.0679632
v -1.0589087 0.9255388 -0.1903959
v -1.0626989 0.9034463 -0.1798719
v -1.0676971 0.9076687 -0.1748944
v -1.0643006 0.9274391 -0.1843160
v -1.0626989 0.9034463 -0.1798719
v -0.9824979 0.9042873 -0.0611467
v -0.9890586 0.9084929 -0.0584836
v -1.0676971 0.9076687 -0.1748944
v -0.9824979 0.9042873 -0.0611467
v -0.9283212 1.0290062 -0.0710172
v -0.9370245 1.0282840 -0.0679632
v -0.9890586 0.9084929 -0.0584836
v -0.9283212 1.0290062 -0.0710172
v -1.0589087 0.9255388 -0.1903959
v -1.0643006 0.9274391 -0.1843160
v -0.9370245 1.0282840 -0.0679632
v -0.1157118 0.2660954 1.1821936
v -0.1364686 0.3713116 1.1732695
v -0.1607305 0.3713116 1.1183250
v -0.1581057 0.2655182 1.0939334
v -1.1805225 0.3713115 -0.3120158
v -1.2132781 0.3713116 -0.3547584
v -1.1756157 0.2688395 -0.3299876
v -1.1423496 0.2654854 -0.2858666
v -1.1609834 0.3713115 -0.2837777
v -1.2447032 0.3713116 -0.3817896
v -1.2757635 0.3713115 -0.4008946
v -1.2452452 0.2682345 -0.4081282
v -1.2138760 0.2682346 -0.3760868
v -0.1283473 0.3713116 1.2094112
v -0.1607305 0.3713116 1.1183250
v -0.1602668 0.3713116 1.1133018
v -0.1597670 0.2701772 1.0905349
v -0.1581057 0.2655182 1.0939334
v -1.1423496 0.2654854 -0.2858666
v -1.1395910 0.2697447 -0.2831312
v -1.1563766 0.3713115 -0.2824446
v -1.1609834 0.3713115 -0.2837777
v -1.7220552 0.3605309 -1.1566274
v -1.6873737 0.2498997 -1.1809411
v -1.6578807 0.2377522 -1.0402549
v -1.6847603 0.3651043 -1.0029778
v -1.3023631 0.3606704 -1.8349312
v -1.2920393 0.3031272 -1.8203836
v -1.4217713 0.3031272 -1.7099739
v -1.4369572 0.3606672 -1.7199456
v -1.6387061 0.2310718 -0.9649850
v -1.6590995 0.3795212 -0.9344056
v -1.5387215 0.3031272 -1.5966999
v -1.5578614 0.3606557 -1.6014096
v -1.5373806 0.2716725 -1.5770567
v -1.5585651 0.2889764 -1.5494203
v -1.6863260 0.2586784 -1.2984215
v -1.6934586 0.2889763 -1.2955629
v -1.6939471 0.2889763 -1.2110494
v -1.4954175 0.3014847 -1.4150082
v -1.6580723 0.3014845 -1.1845136
v -1.6623445 0.3213040 -1.1844453
v -1.4974687 0.3215320 -1.4238304
v -1.5655568 0.3324417 -1.5661004
v -1.7112053 0.3320201 -1.2884500
v -1.7229862 0.3605947 -1.2837285
v -1.7109904 0.3319477 -1.2051947
v -1.7112053 0.3320201 -1.2884500
v -1.5655568 0.3324417 -1.5661004
v -1.4974687 0.3215320 -1.4238304
v -1.6623445 0.3213040 -1.1844453
v -1.5655568 0.3324417 -1.5661004
v -1.5585651 0.2889764 -1.5494203
v -1.4954175 0.3014847 -1.4150082
v -1.4974687 0.3215320 -1.4238304
v -1.5585651 0.2889764 -1.5494203
v -1.6934586 0.2889763 -1.2955629
v -1.6580723 0.3014845 -1.1845136
v -1.4954175 0.3014847 -1.4150082
v -1.6939471 0.2889763 -1.2110494
v -1.6939471 0.2889763 -1.2110494
v -1.7109904 0.3319477 -1.2051947
v -1.6623445 0.3213040 -1.1844453
v -1.6580723 0.3014845 -1.1845136
v -1.7109904 0.3319477 -1.2051947
v -0.5162183 0.1860646 0.5725564
v -0.2380738 0.1858257 0.9556961
v -0.2537320 0.2660716 0.9668083
v -0.5318313 0.2662121 0.5836364
v -1.1265960 0.1850327 -0.2970463
v -0.7792541 0.1858836 0.2038159
v -0.7949125 0.2661297 0.2149281
v -0.1425219 0.1854334 1.0828739
v -0.0986534 0.1849200 1.1699011
v -1.1643812 0.1844972 -0.3492750
v -1.2277275 0.1839527 -0.4205595
v -0.2537320 0.2660716 0.9668083
v -0.2526460 0.2713320 0.9659498
v -0.5309068 0.2715148 0.5829512
v -0.5318313 0.2662121 0.5836364
v -0.7949125 0.2661297 0.2149281
v -0.7937727 0.2713885 0.2141427
v 0.3297187 0.2398159 1.7849015
v 0.5908045 0.2742477 1.9747127
v 0.5596334 0.3721913 1.9928821
v 0.3033632 0.3722474 1.7910911
v 0.2775348 0.2315786 1.7360403
v 0.2537414 0.3799520 1.7559029
v -1.2452452 0.2682345 -0.4081282
v -1.2757635 0.3713115 -0.4008946
v -1.2850134 0.3701205 -0.4126634
v -1.2562168 0.2670994 -0.4200049
v -0.1283473 0.3713116 1.2094112
v -0.1157118 0.2660954 1.1821936
v -0.1057720 0.2652319 1.1961731
v -0.1196161 0.3698890 1.2230920
v -1.6590995 0.3795212 -0.9344056
v -1.6387061 0.2310718 -0.9649850
v -1.6312087 0.2307028 -0.9507247
v -1.6504317 0.3779514 -0.9212328
v -1.2277275 0.1839527 -0.4205595
v -1.2395076 0.1826612 -0.4318624
v -0.0986534 0.1849200 1.1699011
v -0.0890632 0.1849589 1.1843151
v 0.2537414 0.3799520 1.7559029
v 0.2448421 0.3781307 1.7443671
v 0.2775348 0.2315786 1.7360403
v -1.2672215 0.5698627 -1.7854120
v -1.2859778 0.5546854 -1.8118418
v -1.2953054 0.4321221 -1.8249858
v -1.2950605 0.4231940 -1.8246410
v -1.2943694 0.3979855 -1.8236671
v -1.2940135 0.3849876 -1.8231656
v -1.2948374 0.4150537 -1.8243267
v -1.2945927 0.4061258 -1.8239819
v -1.2824095 0.4532608 -1.8068142
v -1.2957730 0.4491906 -1.8256449
v -1.2819417 0.4361922 -1.8061546
v -1.2953054 0.4321221 -1.8249858
v -1.2810059 0.4020556 -1.8048361
v -1.2943694 0.3979855 -1.8236671
v -1.2814737 0.4191238 -1.8054953
v -1.2948374 0.4150537 -1.8243267
v -1.1907289 0.7466187 -1.6776229
v -1.2033093 0.7119911 -1.6953507
v -1.2698021 0.5933511 -1.7890484
v -1.2290554 0.5956237 -1.7316303
v 0.5440987 1.3353416 1.1790224
v 0.7378709 1.3418840 1.0400450
v 0.2899322 1.3167281 1.3492210
v 0.7044054 1.3185631 1.4049173
v 0.7345020 1.3131134 1.4466386
v 0.9279724 1.3197120 1.3079251
v 0.8981775 1.3251058 1.2659400
v 0.4449009 1.2999497 1.5675941
v 0.4753628 1.2937375 1.6098905
v 0.7612006 1.2963634 1.4849496
v 0.7784911 1.2681335 1.5125525
v 0.9738235 1.2741817 1.3725355
v 0.9549732 1.3029060 1.3459727
v 0.5016961 1.2777499 1.6476264
v 0.5191707 1.2510399 1.6723424
v 0.6458099 0.4737330 2.0484732
v 0.6457141 0.5628450 2.0500000
v 0.5684965 0.8111582 1.9865925
v 0.5672740 0.7885920 1.9874597
v 0.6495384 0.7880128 2.0069892
v 0.6499746 0.8111582 2.0052129
v 0.5777549 0.8781143 1.9800220
v 0.6491775 0.8781143 1.9949545
v 0.6457141 0.5628450 2.0500000
v 0.6474695 0.5791558 2.0220972
v 0.6470285 0.3877551 2.0291065
v 0.6477821 0.3721913 2.0171319
v 0.6470285 0.3877551 2.0291065
v 0.7471123 0.4737330 2.0356631
v 0.7476500 0.5628450 2.0370954
v 0.7291928 0.7877821 1.9979833
v 0.7286468 0.8111582 1.9965292
v 0.7246532 0.8781143 1.9858959
v 0.7476500 0.5628450 2.0370954
v 0.7378199 0.5791558 2.0109227
v 0.7402893 0.3877551 2.0174976
v 0.7360702 0.3721913 2.0062656
v 0.7402893 0.3877551 2.0174976
v 1.0212137 0.4737330 1.8953866
v 1.0220979 0.5628450 1.8966326
v 0.7331097 0.6902400 1.9974487
v 0.7575549 0.6977562 1.9507386
v 0.7404169 0.7084320 2.0044049
v 0.9967872 0.8111582 1.8609664
v 0.7354799 0.8111582 1.9944412
v 0.7360258 0.7877661 1.9958953
v 0.9977110 0.7871007 1.8622677
v 0.9902271 0.8781143 1.8517223
v 0.7315093 0.8781143 1.9838031
v 0.7378199 0.5791558 2.0109227
v 0.7368351 0.6188061 2.0073758
v 1.0220979 0.5628450 1.8966326
v 1.0059420 0.5791558 1.8738670
v 1.0100004 0.3877551 1.8795855
v 1.0030673 0.3721913 1.8698160
v 1.0100004 0.3877551 1.8795855
v 1.2415455 0.4737329 1.7497934
v 1.2424297 0.5628449 1.7510394
v 1.0032684 0.7084320 1.8700990
v 0.9798790 0.6977562 1.8371403
v 1.2002109 0.6977562 1.6915471
v 1.2236003 0.7084320 1.7245063
v 1.2180655 0.7864964 1.7167072
v 1.2171191 0.8111582 1.7153732
v 1.2105590 0.8781143 1.7061292
v 0.9798790 0.6977562 1.8371403
v 1.0059420 0.5791558 1.8738670
v 1.2262739 0.5791557 1.7282739
v 1.2002109 0.6977562 1.6915471
v 1.2424297 0.5628449 1.7510394
v 1.2262739 0.5791557 1.7282739
v 1.2303323 0.3877551 1.7339924
v 1.2233992 0.3721913 1.7242228
v 1.2303323 0.3877551 1.7339924
v 0.5700233 0.9124389 1.9581868
v 0.5143739 0.9124389 1.8985412
v -0.0141356 0.9141436 1.3004133
v -0.0393840 0.9132106 1.2638977
v 0.2238890 0.9124389 1.6009024
v 0.0803255 0.9124389 1.4211559
v 0.6427676 0.9124389 1.9791769
v 0.5700233 0.9124389 1.9581868
v 0.7154462 0.9125758 1.9700500
v 0.9809796 0.9091723 1.8386910
v 0.7231869 0.9093749 1.9694474
v 1.2009105 0.9092787 1.6925328
v 0.2845729 1.3143730 1.3541654
v 0.2880279 1.3112206 1.3503795
v 0.2880279 1.3112206 1.3503795
v 0.2899322 1.3167281 1.3492210
v 0.2472858 1.2899940 1.3690143
v 0.2845729 1.3143730 1.3541654
v 0.4395420 1.2975944 1.5725381
v 0.4692982 1.2920930 1.6144479
v 0.4727532 1.2889406 1.6106619
v 0.4429971 1.2944422 1.5687526
v 0.4429971 1.2944422 1.5687526
v 0.4727532 1.2889406 1.6106619
v 0.4753628 1.2937375 1.6098905
v 0.4449009 1.2999497 1.5675941
v 0.4395420 1.2975944 1.5725381
v 0.4186873 1.2710092 1.6091068
v 0.4692982 1.2920930 1.6144479
v 0.4997923 1.2722426 1.6487849
v 0.4963373 1.2753948 1.6525708
v 0.5173300 1.2454355 1.6735910
v 0.5016961 1.2777499 1.6476264
v 0.4997923 1.2722426 1.6487849
v 0.5173300 1.2454355 1.6735910
v 0.5191707 1.2510399 1.6723424
v 0.4609954 1.2513393 1.6684006
v 0.5690629 1.0735434 1.8374581
v 0.6157873 1.0928109 1.8215242
v 0.4963373 1.2753948 1.6525708
v 0.4407166 1.2270219 1.6728705
v 0.3987995 1.2464707 1.6137926
v 0.7154462 0.9125758 1.9700500
v 0.7177671 0.9095972 1.9654095
v 0.6192423 1.0896587 1.8177388
v 0.6157873 1.0928109 1.8215242
v 0.6187843 0.9699562 1.9296583
v 0.7286468 0.8111582 1.9965292
v 0.7291928 0.7877821 1.9979833
v 0.7313052 0.7848274 1.9926357
v 0.7307052 0.8105368 1.9910384
v 0.7268170 0.8761321 1.9807412
v 0.7246532 0.8781143 1.9858959
v 0.7404169 0.7084320 2.0044049
v 0.7356305 0.7082490 2.0009716
v 0.7331097 0.6902400 1.9974487
v 0.7354799 0.8111582 1.9944412
v 0.7307052 0.8105368 1.9910384
v 0.7313052 0.7848274 1.9926357
v 0.7360258 0.7877661 1.9958953
v 0.7315093 0.8781143 1.9838031
v 0.7268170 0.8761321 1.9807412
v 0.7177671 0.9095972 1.9654095
v 0.7231869 0.9093749 1.9694474
v 0.5076336 1.0695818 1.8212587
v 0.5455899 0.9775414 1.9004559
v 0.5237360 0.8111582 1.9421911
v 0.5455899 0.9775414 1.9004559
v 0.2282248 1.2660000 1.3734398
v 0.2238890 0.9124389 1.6009024
v 0.5143739 0.9124389 1.8985412
v 0.5180614 0.9143972 1.8921166
v 0.2296327 0.9143500 1.5963472
v 0.5143739 0.9124389 1.8985412
v 0.5455899 0.9775414 1.9004559
v 0.5471702 0.9751840 1.8939355
v 0.5180614 0.9143972 1.8921166
v 0.5455899 0.9775414 1.9004559
v 0.5076336 1.0695818 1.8212587
v 0.5098618 1.0656423 1.8161075
v 0.5471702 0.9751840 1.8939355
v 0.4407166 1.2270219 1.6728705
v 0.4432452 1.2223484 1.6684328
v 0.3987995 1.2464707 1.6137926
v 0.4020799 1.2414484 1.6104247
v 0.2282248 1.2660000 1.3734398
v 0.2317116 1.2609681 1.3704392
v 0.0946315 1.2717554 1.1851880
v 0.1005211 1.2666298 1.1855520
v 0.0803255 0.9124389 1.4211559
v 0.0862055 0.9143016 1.4165738
v -0.0061597 0.9160624 1.2978529
v -0.0141356 0.9141436 1.3004133
v 0.4963373 1.2753948 1.6525708
v 0.7784911 1.2681335 1.5125525
v 0.7781445 1.2617524 1.5118738
v 0.9734326 1.2677776 1.3718559
v 0.9738235 1.2741817 1.3725355
v 0.5191707 1.2510399 1.6723424
v 0.5173300 1.2454355 1.6735910
v 0.9809796 0.9091723 1.8386910
v 0.9777984 0.9092507 1.8336691
v 0.7177671 0.9095972 1.9654095
v 0.7231869 0.9093749 1.9694474
v 1.2009105 0.9092787 1.6925328
v 1.1974389 0.9093276 1.6876410
v 0.7575549 0.6977562 1.9507386
v 0.7378199 0.5791558 2.0109227
v 0.7404169 0.7084320 2.0044049
v 0.7575549 0.6977562 1.9507386
v 0.5237116 0.7084338 1.9588381
v 0.7313052 0.7848274 1.9926357
v 0.7356305 0.7082490 2.0009716
v 0.7404169 0.7084320 2.0044049
v 0.7361634 0.7818800 1.9962614
v 0.7404169 0.7084320 2.0044049
v 1.0032684 0.7084320 1.8700990
v 0.9979365 0.7812144 1.8625855
v 0.7361634 0.7818800 1.9962614
v 1.2236003 0.7084320 1.7245063
v 1.2182915 0.7806103 1.7170254
v 0.7360258 0.7877661 1.9958953
v 0.7313052 0.7848274 1.9926357
v 0.9956670 0.7838819 1.8588670
v 0.9977110 0.7871007 1.8622677
v 1.2157699 0.7832774 1.7134720
v 1.2180655 0.7864964 1.7167072
v 0.9979365 0.7812144 1.8625855
v 0.9956670 0.7838819 1.8588670
v 0.7313052 0.7848274 1.9926357
v 0.7361634 0.7818800 1.9962614
v 1.2182915 0.7806103 1.7170254
v 1.2157699 0.7832774 1.7134720
v 0.4921073 0.5791382 1.9354077
v 0.4875347 0.5825957 1.9361326
v 0.5522483 0.7785913 1.9750048
v 0.5672740 0.7885920 1.9874597
v 0.4875347 0.5825957 1.9361326
v 0.4921073 0.5791382 1.9354077
v 0.5027772 0.6188223 1.9421894
v 0.4976490 0.6192602 1.9430436
v 0.5286103 0.6906571 1.9513829
v 0.5234982 0.6908624 1.9522223
v 0.5288462 0.7084072 1.9579761
v 0.5237116 0.7084338 1.9588381
v 0.5672740 0.7885920 1.9874597
v 0.5691129 0.7851610 1.9839367
v 0.6497321 0.7847816 2.0030614
v 0.6495384 0.7880128 2.0069892
v 0.7313052 0.7848274 1.9926357
v 0.7291928 0.7877821 1.9979833
v 0.5473648 0.7604959 1.9650046
v 0.5404639 0.7608570 1.9666729
v 0.5522483 0.7785913 1.9750048
v 0.5575327 0.7764010 1.9733661
v 1.2233992 0.3721913 1.7242228
v 1.0030673 0.3721913 1.8698160
v 0.9876193 0.2860658 1.8480474
v 1.2079512 0.2860658 1.7024543
v 0.6477821 0.3721913 2.0171319
v 0.7360702 0.3721913 2.0062656
v 0.7206222 0.2860658 1.9844966
v 0.8984993 0.2860658 1.8935924
v 0.8785409 0.3328623 1.9199101
v 0.5404639 0.7608570 1.9666729
v -0.8264685 0.8581851 -1.4756150
v -0.9388657 0.8234485 -1.6306198
v -0.6268886 0.8569965 -1.6151941
v -0.7401406 0.8229853 -1.7628582
v -0.5136384 0.8024960 -1.8890460
v -0.6936715 0.8041917 -1.7933397
v -0.5524523 0.8403217 -1.6666897
v -0.4117036 0.8345945 -1.7635947
v -0.1898288 0.8933611 -1.3193372
v -0.1061064 0.8901072 -1.3689773
v -0.2429187 0.8695497 -1.5487995
v -0.3503092 0.8742386 -1.4750869
v -0.6659333 0.8883136 -1.2544808
v -0.5420290 0.9038885 -1.0838852
v -0.3345906 0.9024041 -1.2247573
v -0.4636944 0.8868817 -1.3972593
v 0.3893395 1.3445535 0.1376025
v 0.6346011 1.3249424 -0.0464776
v 0.4305735 1.3236278 -0.3332397
v 0.1711426 1.3424597 -0.1703601
v 1.6695472 0.6192601 1.1114032
v 1.6663629 0.5825957 1.0995748
v 1.5441849 0.5825835 0.8322590
v 1.5349030 0.6187407 0.8115832
v 1.0093256 0.3713116 0.0718527
v 0.7432193 0.3713115 -0.3142074
v 0.7572998 0.5643595 -0.3212006
v 1.0246961 0.5651487 0.0665069
v 0.7323609 0.2747545 -0.3080017
v 0.9984781 0.2747037 0.0782364
v 0.8268355 1.3247734 0.2244513
v 0.5772886 1.3444236 0.4024249
v 0.7727208 1.3410970 0.6771232
v 1.0226238 1.3224835 0.5009171
v 0.1287061 0.5670348 -1.1986133
v 0.4910611 0.5642457 -0.6952922
v 0.4778278 0.3713115 -0.6874587
v 0.1195391 0.3713115 -1.1834109
v 0.4673965 0.2747629 -0.6808355
v 0.1135354 0.2739554 -1.1685197
v -0.5626759 0.7716241 -1.9611394
v -0.5290454 0.7634013 -1.9580934
v -0.5718990 0.7565726 -1.9734328
v -0.8116196 0.7643012 -1.9025505
v -0.7884515 0.7469009 -1.9354012
v -0.8422621 0.7444659 -1.9250531
v -0.4650617 0.7733508 -1.9078639
v -0.4757529 0.7903915 -1.9026671
v -0.5060604 0.8013412 -1.8915441
v -0.7124853 0.7673238 -1.9274702
v 0.3315786 1.2929761 -0.5026794
v 0.3530933 1.2896070 -0.5097915
v 0.2275103 1.1243179 -0.8255388
v 0.1933884 1.1218734 -0.8269110
v 0.4114363 1.2936795 -0.4428654
v 0.3766743 1.2782312 -0.5074815
v 0.3742071 1.3191481 -0.4239854
v 0.4350439 1.3212566 -0.3394097
v 0.4773629 1.2958654 -0.3518027
v 0.3696262 1.3217136 -0.4172395
v 0.1066532 1.3386066 -0.2621167
v 0.3282999 1.2972683 -0.4922499
v 0.0572056 1.3024251 -0.3401110
v -0.8355140 0.7855226 -1.8826768
v -0.9211492 0.7851858 -1.8338363
v -1.0373086 0.7847290 -1.7675863
v -1.0688965 0.7641912 -1.8117937
v -0.4053360 0.8330071 -1.7677426
v -0.3742119 0.8199465 -1.7863809
v -0.3488790 0.7842681 -1.8007984
v -0.1615538 0.7311257 -1.6112210
v -0.2079586 0.7752044 -1.6489229
v -0.1143273 0.7886972 -1.5275921
v -0.0958758 0.7211992 -1.5279313
v -0.0054614 0.7979174 -1.3814513
v -0.0186037 0.6892249 -1.4245709
v -0.1766857 0.8166668 -1.5837681
v -0.2046196 0.8543685 -1.5715102
v -0.0621809 0.8778483 -1.3804809
v -0.0277376 0.8434078 -1.3826285
v -0.0993295 0.8885622 -1.3725786
v -0.2364801 0.8679580 -1.5528336
v 0.0766959 0.9165555 -1.1804204
v 0.0333037 0.9109990 -1.1903884
v 0.1169578 0.9063888 -1.1544862
v 0.2588012 1.1184826 -0.8117770
v 0.6656612 1.2961742 -0.0883704
v 0.6396765 1.3225651 -0.0518073
v 1.4445438 0.8781143 0.7346616
v 1.4728011 0.8111582 0.7428647
v 1.3860128 0.8111582 0.5974383
v 0.8326302 1.3223910 0.2201412
v 0.8657439 1.2962346 0.1945196
v 1.0290602 1.3201282 0.4974912
v 1.0417258 1.2956863 0.4450539
v 0.0278508 0.9085559 -1.1989838
v 0.0720044 0.9133500 -1.1892034
v 0.0307094 0.8939975 -1.2514237
v -0.0144939 0.8985265 -1.2569724
v 0.1143826 0.8743454 -1.1840639
v 0.1253616 0.8090181 -1.2053318
v 0.0775579 0.8660116 -1.2363771
v 1.1522761 0.3713116 0.2587087
v 1.1084216 0.3713116 0.2176679
v 1.1575575 0.5275964 0.2517102
v 1.1895075 0.4961320 0.2748367
v 0.0949441 0.3713114 -1.2171541
v 0.0654122 0.3713115 -1.2621837
v 0.0592910 0.5230705 -1.3081493
v 0.0852059 0.5689005 -1.2592715
v 0.1243864 0.5672164 -1.2046409
v 0.1151484 0.3713115 -1.1893875
v 0.0186237 0.5965637 -1.4038716
v -0.0267149 0.6548862 -1.4662634
v 0.0325736 0.6121887 -1.3564223
v 0.0224240 0.5738726 -1.4351707
v -0.0182123 0.6270242 -1.4912698
v 0.0467730 0.5121779 -1.3515549
v 0.0461691 0.4963633 -1.3860953
v -0.0833961 0.6911512 -1.5396586
v -0.1444928 0.7037706 -1.6172438
v -0.0681214 0.6607046 -1.5564362
v -0.1226824 0.6726770 -1.6261243
v -0.2030784 0.6911562 -1.6922026
v -0.2571572 0.6549134 -1.7608059
v -0.2931082 0.6839635 -1.7753904
v -0.2230076 0.7185080 -1.6898927
v -0.1772756 0.6607046 -1.6957900
v -0.2282515 0.6270242 -1.7601988
v 0.0502707 0.3713115 -1.3007707
v 0.0424908 0.3713115 -1.3363973
v 1.5328746 0.6036863 0.7741429
v 1.4939083 0.6629371 0.7082651
v 1.4899073 0.6925984 0.7524057
v 1.5377150 0.5805285 0.7407136
v 1.5028785 0.6346386 0.6799121
v 1.2358854 0.6935765 0.3625980
v 1.2713287 0.7086221 0.3974801
v 1.2868367 0.6629022 0.3886078
v 1.3398208 0.6995158 0.4682248
v 1.3600295 0.6689465 0.4579729
v 1.3135101 0.6346387 0.3885273
v 1.4092429 0.6811420 0.5334757
v 1.3949752 0.7121508 0.5532629
v 1.3247912 0.7366704 0.4764157
v 1.3863585 0.7484220 0.5716278
v 1.4415703 0.7361011 0.6573494
v 1.4471395 0.6995249 0.6339574
v 1.4582465 0.6689465 0.6091273
v 1.4823551 0.7084498 0.7254506
v 1.2242433 0.4820533 0.2894601
v 1.1837102 0.3713116 0.2783061
v -0.3047326 0.5966475 -1.8193235
v -0.2719343 0.5726790 -1.8139311
v -0.3411975 0.6107197 -1.8366514
v 1.2411833 0.6035922 0.3241750
v 1.2021008 0.6184728 0.2997294
v 1.2725882 0.5804969 0.3310490
v 1.1954750 0.6181560 0.2925747
v 1.0269783 0.6908134 0.0707848
v 1.2305691 0.6934293 0.3556596
v 1.1517162 0.5272767 0.2452699
v 0.7578941 0.6908047 -0.3196581
v 0.0567563 0.6880598 -1.2941201
v 0.1228713 0.6898136 -1.2035656
v -0.3353939 0.5774858 -1.8400742
v -0.4772786 0.5774690 -1.9361957
v -0.4210347 0.6466257 -1.8942102
v -0.9011243 0.6541945 -1.9437711
v -0.8871363 0.6543569 -1.9464577
v -0.9185817 0.5775496 -1.9452269
v -0.9321106 0.5775495 -1.9427593
v 1.0298417 0.8117188 0.0672505
v 1.0330207 0.7572196 0.0660154
v 0.7646805 0.7564182 -0.3234549
v 0.7599990 0.8117188 -0.3192733
v 0.1377364 0.7076132 -1.2050218
v 0.1297919 0.8093953 -1.1993356
v 0.4974144 0.8117188 -0.6882763
v 0.5018816 0.7086893 -0.7018100
v 1.2358854 0.6935765 0.3625980
v 1.2417144 0.7086441 0.3576483
v 1.2713287 0.7086221 0.3974801
v 1.3093820 0.8117188 0.4815482
v 1.2134124 0.8786079 0.3766415
v 1.3222705 0.8781143 0.5398067
v 1.2267353 0.8117188 0.3682786
v -0.3469669 0.7310242 -1.8100442
v -0.1009343 0.9015825 -1.2163905
v -0.0220026 0.8997430 -1.2542962
v -0.4966174 0.9064547 -1.0212052
v -0.2747095 0.9060534 -1.1443998
v 1.5388669 0.5825434 0.7878964
v 0.0642767 0.7052590 -1.3052632
v 0.1333527 0.7074727 -1.2110037
v 1.2305691 0.6934293 0.3556596
v 1.0269783 0.6908134 0.0707848
v 1.0378436 0.7086900 0.0635016
v 1.2373765 0.7086465 0.3516338
v 0.7578941 0.6908047 -0.3196581
v 0.7687211 0.7086891 -0.3270641
v 0.0567563 0.6880598 -1.2941201
v -0.0186037 0.6892249 -1.4245709
v 0.0642767 0.7052590 -1.3052632
v 0.1333527 0.7074727 -1.2110037
v 0.1228713 0.6898136 -1.2035656
v 0.1154737 0.9013947 -1.1606627
v 1.0139596 0.8767647 0.0755925
v 0.7479652 0.8762569 -0.3097310
v 1.6696773 0.6908623 1.1388332
v -0.5773237 0.7549374 -1.9706262
v -0.5689967 0.7681300 -1.9598932
v -0.5626759 0.7716241 -1.9611394
v -0.5718990 0.7565726 -1.9734328
v -0.5689967 0.7681300 -1.9598932
v -0.5773237 0.7549374 -1.9706262
v -0.5804393 0.7563138 -1.9754023
v -0.5718594 0.7716114 -1.9628197
v -0.5109450 0.7973279 -1.8896015
v -0.5060604 0.8013412 -1.8915441
v -0.5109450 0.7973279 -1.8896015
v -0.5136384 0.8024960 -1.8890460
v 0.3315786 1.2929761 -0.5026794
v 0.1933884 1.1218734 -0.8269110
v 0.1895293 1.1173480 -0.8242662
v 0.3297248 1.2905781 -0.4959139
v 0.3723238 1.3162627 -0.4176761
v 0.3742071 1.3191481 -0.4239854
v 0.4324839 1.3181128 -0.3343751
v 0.4350439 1.3212566 -0.3394097
v 0.4324839 1.3181128 -0.3343751
v 0.3723238 1.3162627 -0.4176761
v 0.3696262 1.3217136 -0.4172395
v 0.4305735 1.3236278 -0.3332397
v 0.3297248 1.2905781 -0.4959139
v 0.3282999 1.2972683 -0.4922499
v -0.4089970 0.8290351 -1.7645488
v -0.4117036 0.8345945 -1.7635947
v -0.4089970 0.8290351 -1.7645488
v -0.4053360 0.8330071 -1.7677426
v -0.2402443 0.8639439 -1.5497843
v -0.1035190 0.8844748 -1.3701353
v -0.0993295 0.8885622 -1.3725786
v -0.2364801 0.8679580 -1.5528336
v -0.1035190 0.8844748 -1.3701353
v -0.2402443 0.8639439 -1.5497843
v -0.2429187 0.8695497 -1.5487995
v -0.1061064 0.8901072 -1.3689773
v 0.0333037 0.9109990 -1.1903884
v 0.0265108 0.9047390 -1.1926710
v 0.6396765 1.3225651 -0.0518073
v 0.6362994 1.3194125 -0.0478559
v 0.6346011 1.3249424 -0.0464776
v 0.6362994 1.3194125 -0.0478559
v 0.8285848 1.3192425 0.2231513
v 0.8268355 1.3247734 0.2244513
v 0.8285848 1.3192425 0.2231513
v 0.8326302 1.3223910 0.2201412
v 1.0290602 1.3201282 0.4974912
v 1.0243461 1.3169760 0.4995026
v 1.0226238 1.3224835 0.5009171
v 1.0243461 1.3169760 0.4995026
v 0.0265108 0.9047390 -1.1926710
v 0.0278508 0.9085559 -1.1989838
v -0.0144939 0.8985265 -1.2569724
v -0.0191126 0.8941470 -1.2552092
v -0.0191126 0.8941470 -1.2552092
v -0.0220026 0.8997430 -1.2542962
v -0.8256548 0.7192736 -1.9501456
v -0.8176837 0.7085308 -1.9529659
v -0.8478598 0.6945377 -1.9489784
v -0.8698456 0.7185119 -1.9418920
v -0.4479341 0.7446688 -1.9053570
v 1.1038329 0.3713116 0.2114644
v 1.0832093 0.2743789 0.2048242
v 0.4167987 1.2889075 -0.4443930
v 0.3827280 1.2740582 -0.5068532
v 0.3784776 1.2745339 -0.5056159
v 0.4129313 1.2896693 -0.4425084
v 0.2672777 1.1175645 -0.8053362
v 0.2612941 1.1158149 -0.8082523
v 0.3784776 1.2745339 -0.5056159
v 0.3766743 1.2782312 -0.5074815
v 0.4114363 1.2936795 -0.4428654
v 0.4129313 1.2896693 -0.4425084
v 0.2612941 1.1158149 -0.8082523
v 0.1172412 0.9017836 -1.1541880
v 0.1169578 0.9063888 -1.1544862
v 0.2588012 1.1184826 -0.8117770
v 0.1172412 0.9017836 -1.1541880
v 0.1216275 0.9006676 -1.1542529
v 0.6659076 1.2919959 -0.0901009
v 0.4769275 1.2917144 -0.3542490
v 0.4773629 1.2958654 -0.3518027
v 0.6656612 1.2961742 -0.0883704
v 0.8657439 1.2962346 0.1945196
v 0.8665219 1.2920885 0.1937900
v 1.0417258 1.2956863 0.4450539
v 1.0412469 1.2918105 0.4427395
v 0.1253616 0.8090181 -1.2053318
v 0.1143826 0.8743454 -1.1840639
v 0.1146143 0.8738784 -1.1788104
v 0.1229649 0.8085979 -1.1989855
v 1.1035273 0.3713116 0.2164476
v 1.1520820 0.5276123 0.2507446
v 0.1151484 0.3713115 -1.1893875
v 0.1243864 0.5672164 -1.2046409
v 0.1240995 0.5671984 -1.1998641
v 0.1148859 0.3713115 -1.1845994
v 1.1963139 0.6181378 0.2984529
v 1.2308186 0.6940234 0.3610211
v 1.1954750 0.6181560 0.2925747
v 1.2305691 0.6934293 0.3556596
v 1.2308186 0.6940234 0.3610211
v 1.1963139 0.6181378 0.2984529
v 1.1517162 0.5272767 0.2452699
v 1.1520820 0.5276123 0.2507446
v 0.1228713 0.6898136 -1.2035656
v 0.1227142 0.6907538 -1.1988858
v 1.2373765 0.7086465 0.3516338
v 1.2303066 0.7576642 0.3566527
v 1.2370987 0.7091765 0.3564197
v 0.1333527 0.7074727 -1.2110037
v 0.1331829 0.7082974 -1.2062914
v 1.2370987 0.7091765 0.3564197
v 1.2417144 0.7086441 0.3576483
v 1.2358854 0.6935765 0.3625980
v 1.2308186 0.6940234 0.3610211
v 1.2373765 0.7086465 0.3516338
v 1.2370987 0.7091765 0.3564197
v 0.1172412 0.9017836 -1.1541880
v 0.1154737 0.9013947 -1.1606627
v 1.2267353 0.8117188 0.3682786
v 1.2221249 0.8111191 0.3669777
v 0.1377364 0.7076132 -1.2050218
v 0.1272446 0.6899296 -1.1975758
v 0.1227142 0.6907538 -1.1988858
v 0.1331829 0.7082974 -1.2062914
v 0.1297919 0.8093953 -1.1993356
v 0.1377364 0.7076132 -1.2050218
v 0.1331829 0.7082974 -1.2062914
v 0.1229649 0.8085979 -1.1989855
v 0.1287061 0.5670348 -1.1986133
v 0.1240995 0.5671984 -1.1998641
v 0.1195391 0.3713115 -1.1834109
v 0.1135354 0.2739554 -1.1685197
v 0.1086964 0.2697447 -1.1689812
v 0.1148859 0.3713115 -1.1845994
v 0.1146143 0.8738784 -1.1788104
v 0.1191385 0.8749169 -1.1775587
v 0.8698450 1.2912134 0.1912357
v 0.8665219 1.2920885 0.1937900
v 1.0412469 1.2918105 0.4427395
v 1.0427515 1.2909101 0.4376358
v 0.6659076 1.2919959 -0.0901009
v 0.6706822 1.2911754 -0.0903931
v 0.4779623 1.2908835 -0.3599571
v 0.4769275 1.2917144 -0.3542490
v 0.6659076 1.2919959 -0.0901009
v 0.6655658 1.2911709 -0.0975909
v 1.2098703 0.8764828 0.3756480
v 1.2221249 0.8111191 0.3669777
v 1.2225097 0.8117188 0.3621870
v 1.2101398 0.8766684 0.3705155
v 1.1038329 0.3713116 0.2114644
v 1.1035273 0.3713116 0.2164476
v 1.0818719 0.2701771 0.2094030
v 1.0832093 0.2743789 0.2048242
v 1.2134124 0.8786079 0.3766415
v 1.2098703 0.8764828 0.3756480
v 0.0333037 0.9109990 -1.1903884
v 0.0766959 0.9165555 -1.1804204
v 0.0740528 0.9121984 -1.1831623
v 0.0265108 0.9047390 -1.1926710
v 0.0720044 0.9133500 -1.1892034
v 0.0740528 0.9121984 -1.1831623
v 0.1154737 0.9013947 -1.1606627
v 0.1172412 0.9017836 -1.1541880
v 1.0504500 1.2735989 0.4300531
v 0.8775823 1.2738692 0.1846195
v 0.8698450 1.2912134 0.1912357
v 1.0427515 1.2909101 0.4376358
v 0.6958227 1.2742333 -0.0723155
v 0.6706822 1.2911754 -0.0903931
v 0.6470794 1.2743543 -0.1407476
v 0.4786446 1.2747706 -0.3754207
v 0.4779623 1.2908835 -0.3599571
v 0.6655658 1.2911709 -0.0975909
v 0.2672777 1.1175645 -0.8053362
v 0.2961109 1.1164917 -0.7750345
v 0.1662448 0.9242025 -1.0785224
v 0.1216275 0.9006676 -1.1542529
v 0.7774153 0.9079744 -0.2542331
v 1.0069934 0.9101182 0.0791098
v 1.0846138 0.8767300 0.1818084
v 0.1191385 0.8749169 -1.1775587
v 0.1774471 0.9021187 -1.0786387
v 0.5019330 0.9053077 -0.6430465
v 0.4995951 0.8757214 -0.6586446
v 0.3827280 1.2740582 -0.5068532
v 0.3959396 1.2578386 -0.5028536
v 0.4300119 1.2728679 -0.4429446
v 0.4167987 1.2889075 -0.4443930
v 0.7528338 0.6908046 -0.3268960
v 0.7067180 0.7086891 -0.4142437
v 0.7636613 0.7086891 -0.3343020
v 0.4911282 0.6908028 -0.6943217
v 0.7528338 0.6908046 -0.3268960
v 0.7522387 0.5643499 -0.3284385
v 0.7381612 0.3713115 -0.3214470
v 0.7273042 0.2747553 -0.3152423
v 0.6053369 0.8759493 -0.5101507
v 0.1377364 0.7076132 -1.2050218
v 0.5018816 0.7086893 -0.7018100
v 0.4911282 0.6908028 -0.6943217
v 0.1272446 0.6899296 -1.1975758
v 0.1272446 0.6899296 -1.1975758
v 0.7429764 0.9077543 -0.3032441
v 0.7377986 0.9077011 -0.3106561
v 0.7429019 0.8762459 -0.3169672
v 0.6967474 0.9074810 -0.3689852
v 0.6741825 1.2742871 -0.1026968
v 0.6687196 1.2743007 -0.1103662
v 1.0549577 1.2730328 0.4360685
v 1.2008526 0.9127111 0.3708180
v 1.2101398 0.8766684 0.3705155
v 1.1967597 0.9120559 0.3643272
v 1.0606209 1.2723215 0.4436251
v 1.0872321 1.2717553 0.4807863
v 1.0011922 0.9114712 0.0830542
v 1.1160087 0.9126900 0.2560468
v 1.1214716 0.9113333 0.2515940
v 1.0069934 0.9101182 0.0791098
v 1.0504500 1.2735989 0.4300531
v 1.0457685 1.2675622 0.4295737
v 0.8746340 1.2678287 0.1866104
v 0.8775823 1.2738692 0.1846195
v 0.6946184 1.2681970 -0.0678826
v 0.6958227 1.2742333 -0.0723155
v 0.7774153 0.9079744 -0.2542331
v 0.7747544 0.9093585 -0.2457079
v 0.6470794 1.2743543 -0.1407476
v 0.6410349 1.2682605 -0.1431738
v 0.4758804 1.2686796 -0.3733075
v 0.4786446 1.2747706 -0.3754207
v 0.4275965 1.2667988 -0.4403716
v 0.4300119 1.2728679 -0.4429446
v 0.3940322 1.2520425 -0.4993402
v 0.3959396 1.2578386 -0.5028536
v 0.2941639 1.1107908 -0.7709438
v 0.2961109 1.1164917 -0.7750345
v 0.2391702 1.0290062 -0.8995304
v 0.5019330 0.9053077 -0.6430465
v 0.2663730 0.9042872 -0.9474112
v 0.4962128 0.9065455 -0.6388700
v 0.6362132 0.9066688 -0.4541147
v 0.7370685 0.3713115 -0.3153036
v 0.7511843 0.5644857 -0.3223130
v 0.7572998 0.5643595 -0.3212006
v 0.7432193 0.3713115 -0.3142074
v 0.7323609 0.2747545 -0.3080017
v 0.7252723 0.2715148 -0.3084998
v 0.7519448 0.6921346 -0.3208867
v 0.7578941 0.6908047 -0.3196581
v 0.7646805 0.7564182 -0.3234549
v 0.7587287 0.7558152 -0.3246957
v 0.7561718 0.8109626 -0.3220087
v 0.7599990 0.8117188 -0.3192733
v 0.7627262 0.7098260 -0.3282605
v 0.7687211 0.7086891 -0.3270641
v 0.7419485 0.8752087 -0.3109091
v 0.7479652 0.8762569 -0.3097310
v 0.7429019 0.8762459 -0.3169672
v 0.7419485 0.8752087 -0.3109091
v 0.7561718 0.8109626 -0.3220087
v 0.7549388 0.8117188 -0.3265116
v 0.7587287 0.7558152 -0.3246957
v 0.7596229 0.7563903 -0.3306950
v 0.7627262 0.7098260 -0.3282605
v 0.7519448 0.6921346 -0.3208867
v 0.7528338 0.6908046 -0.3268960
v 0.7636613 0.7086891 -0.3343020
v 0.7511843 0.5644857 -0.3223130
v 0.7522387 0.5643499 -0.3284385
v 0.7370685 0.3713115 -0.3153036
v 0.7381612 0.3713115 -0.3214470
v 0.7252723 0.2715148 -0.3084998
v 0.7273042 0.2747553 -0.3152423
v 0.7369379 0.9064171 -0.3045254
v 0.7429764 0.9077543 -0.3032441
v 0.7377986 0.9077011 -0.3106561
v 0.7369379 0.9064171 -0.3045254
v 0.6706822 1.2911754 -0.0903931
v 0.6741825 1.2742871 -0.1026968
v 0.6683552 1.2720423 -0.1043308
v 0.6659076 1.2919959 -0.0901009
v 0.6655658 1.2911709 -0.0975909
v 0.6659076 1.2919959 -0.0901009
v 0.6683552 1.2720423 -0.1043308
v 0.6687196 1.2743007 -0.1103662
v 1.0427515 1.2909101 0.4376358
v 1.0412469 1.2918105 0.4427395
v 1.0546364 1.2704398 0.4419803
v 1.0549577 1.2730328 0.4360685
v 1.2008526 0.9127111 0.3708180
v 1.1997489 0.9118562 0.3770093
v 1.1997489 0.9118562 0.3770093
v 1.2057722 0.9132105 0.3802698
v 1.0417258 1.2956863 0.4450539
v 1.0606209 1.2723215 0.4436251
v 1.0546364 1.2704398 0.4419803
v 1.0412469 1.2918105 0.4427395
v 0.1695966 0.9255388 -1.0622076
v 0.1807816 0.9034463 -1.0623108
v 1.2225097 0.8117188 0.3621870
v 1.1828982 0.8116625 0.3025562
v 1.1717717 0.8420790 0.2984869
v 0.7000331 0.8457937 -0.3896070
v 0.7549388 0.8117188 -0.3265116
v 0.7117278 0.8117188 -0.3872138
v 1.1680898 0.7803398 0.2738501
v 1.1795481 0.7894658 0.2930444
v 1.2303066 0.7576642 0.3566527
v 1.1758841 0.7575420 0.2764728
v 0.7596229 0.7563903 -0.3306950
v 0.6996121 0.7559381 -0.4150553
v 0.6958444 0.7810460 -0.4154928
v 0.7085997 0.7907576 -0.3956860
v 1.1828982 0.8116625 0.3025562
v 1.1178746 0.8075930 0.2789966
v 1.1717717 0.8420790 0.2984869
v 1.1577412 0.8512489 0.2811938
v 1.1312990 0.8520472 0.2417678
v 1.1203240 0.8434361 0.2216954
v 1.1204955 0.8119572 0.2087464
v 1.1281740 0.7891455 0.2156578
v 1.1417943 0.7800222 0.2343201
v 1.1680898 0.7803398 0.2738501
v 1.1795481 0.7894658 0.2930444
v 0.7117278 0.8117188 -0.3872138
v 0.6452958 0.8094008 -0.4086711
v 0.7000331 0.8457937 -0.3896070
v 0.6845354 0.8552865 -0.4074673
v 0.6570001 0.8552711 -0.4461175
v 0.6451865 0.8457630 -0.4665926
v 0.6467899 0.8117188 -0.4784371
v 0.6537840 0.7907337 -0.4726938
v 0.6683251 0.7810340 -0.4541543
v 0.6958444 0.7810460 -0.4154928
v 0.7085997 0.7907576 -0.3956860
v 1.0976189 0.8118984 0.1742905
v 1.1045068 0.7573818 0.1713126
v 0.6166872 0.8117188 -0.5207243
v 0.6211314 0.7553468 -0.5253801
v 0.7067180 0.7086891 -0.4142437
v 0.7636613 0.7086891 -0.3343020
v 0.7627262 0.7098260 -0.3282605
v 0.7636613 0.7086891 -0.3343020
v 0.7687211 0.7086891 -0.3270641
v 0.7627262 0.7098260 -0.3282605
v 1.0378436 0.7086900 0.0635016
v 0.7687211 0.7086891 -0.3270641
v 1.2373765 0.7086465 0.3516338
v 1.1214716 0.9113333 0.2515940
v 1.1241151 0.8767106 0.2411927
v 0.6362132 0.9066688 -0.4541147
v 0.6486224 0.8760426 -0.4493645
v 0.6570001 0.8552711 -0.4461175
v 0.6451865 0.8457630 -0.4665926
v 0.6467899 0.8117188 -0.4784371
v 0.6537840 0.7907337 -0.4726938
v 1.1281740 0.7891455 0.2156578
v 1.1204955 0.8119572 0.2087464
v 1.1203240 0.8434361 0.2216954
v 1.1312990 0.8520472 0.2417678
v 1.1430299 0.7574683 0.2280683
v 1.1417943 0.7800222 0.2343201
v 1.1574256 0.8766943 0.2912681
v 1.1577412 0.8512489 0.2811938
v 1.1878196 0.9133759 0.3635405
v 1.1967597 0.9120559 0.3643272
v 0.6634504 0.7556656 -0.4658900
v 0.6683251 0.7810340 -0.4541543
v 0.6544397 0.7086892 -0.4876368
v 0.6544397 0.7086892 -0.4876368
v 0.6820038 0.8761146 -0.4024868
v 0.6845354 0.8552865 -0.4074673
v 0.6781992 0.9070944 -0.3950399
v 0.6781992 0.9070944 -0.3950399
v 0.6892800 0.9087142 -0.3673277
v 0.6967474 0.9074810 -0.3689852
v 0.0572056 1.3024251 -0.3401110
v 0.3282999 1.2972683 -0.4922499
v 0.3297248 1.2905781 -0.4959139
v 0.0558703 1.2953613 -0.3420863
v -0.2080795 0.8972471 -1.3069350
v -0.3769153 0.8830571 -1.4568243
v -0.5789323 0.8550225 -1.6482459
v -0.7193066 0.8227316 -1.7742808
v -0.9537185 0.7643409 -1.8763188
v -0.8116196 0.7643012 -1.9025505
v -0.8422621 0.7444659 -1.9250531
v -0.8756640 0.7644424 -1.9200462
v -0.8355140 0.7855226 -1.8826768
v -0.9321106 0.5775495 -1.9427593
v -0.9809082 0.5775251 -1.9475261
v -0.9485838 0.6539018 -1.9466656
v -0.9011243 0.6541945 -1.9437711
v -0.1009343 0.9015825 -1.2163905
v -0.1898288 0.8933611 -1.3193372
v -0.2080795 0.8972471 -1.3069350
v -0.3503092 0.8742386 -1.4750869
v -0.3769153 0.8830571 -1.4568243
v -0.5524523 0.8403217 -1.6666897
v -0.5789323 0.8550225 -1.6482459
v -0.6936715 0.8041917 -1.7933397
v -0.7193066 0.8227316 -1.7742808
v -0.8859295 0.6854393 -1.9428581
v -0.9248102 0.6977320 -1.9426746
v -0.9016328 0.7404629 -1.9387840
v -0.8698456 0.7185119 -1.9418920
v -0.5224904 0.7282447 -1.9602558
v -0.5845061 0.7270854 -1.9892937
v -0.4767048 0.7467570 -1.9269917
v -0.5845061 0.7270854 -1.9892937
v -0.5913789 0.7222999 -1.9868707
v -0.5913789 0.7222999 -1.9868707
v -0.5925485 0.7265036 -1.9916734
v 0.1774471 0.9021187 -1.0786387
v 0.1807816 0.9034463 -1.0623108
v 0.1695966 0.9255388 -1.0622076
v 0.1662448 0.9242025 -1.0785224
v -0.9788568 0.5546853 -1.9744935
v -0.9333598 0.5704169 -1.9362108
v -0.6197711 0.5546898 -2.0206017
v -0.3590704 0.5583611 -1.8846973
v -0.3400677 0.5699003 -1.8363253
v -0.2719343 0.5726790 -1.8139311
v -0.4854549 0.5708792 -1.9338740
v -0.4975389 0.5546854 -1.9741182
v -0.6065931 0.5714533 -1.9928578
v -1.1321439 0.5546854 -1.9006758
v -1.1139947 0.5699637 -1.8738233
v -0.9812604 0.5702441 -1.9411830
v -0.3946424 0.3790016 -1.9140497
v -0.5100606 0.4001354 -1.9881217
v -0.4960647 0.4672969 -1.9847426
v -0.3713951 0.4836654 -1.9020644
v -0.3345554 0.3795212 -1.8743716
v -0.3119254 0.4840065 -1.8567375
v -0.4975389 0.5546854 -1.9741182
v -0.3590704 0.5583611 -1.8846973
v -0.5073310 0.4982580 -1.9879166
v -0.9788568 0.5546853 -1.9744935
v -0.6197711 0.5546898 -2.0206017
v -0.6295641 0.4982580 -2.0344012
v -0.9886490 0.4982580 -1.9882919
v -1.1321439 0.5546854 -1.9006758
v -1.1419363 0.4982581 -1.9144746
v -0.2719343 0.5726790 -1.8139311
v -0.4561013 0.6580187 -1.9229135
v -0.4854549 0.5708792 -1.9338740
v -0.4772786 0.5774690 -1.9361957
v -0.3353939 0.5774858 -1.8400742
v -0.3400677 0.5699003 -1.8363253
v -1.1165666 0.5774874 -1.8787285
v -1.1139947 0.5699637 -1.8738233
v -0.2719343 0.5726790 -1.8139311
v -0.9812604 0.5702441 -1.9411830
v -0.9918384 0.5775221 -1.9419832
v -0.9809082 0.5775251 -1.9475261
v -0.9321106 0.5775495 -1.9427593
v -0.9333598 0.5704169 -1.9362108
v -0.5235342 0.3605309 -2.0071607
v -0.5276638 0.3794125 -1.9974946
v -0.3946424 0.3790016 -1.9140497
v -0.3908114 0.3651043 -1.9212317
v -0.9969117 0.3796566 -1.9908749
v -0.7789508 0.3795963 -2.0216611
v -0.9975852 0.3606556 -1.9990107
v -1.1470616 0.3796502 -1.9170472
v -1.1493899 0.3606672 -1.9240184
v -0.3345554 0.3795212 -1.8743716
v -0.6432017 0.3605946 -2.0500000
v -0.6462270 0.3795595 -2.0404074
v -0.5276638 0.3794125 -1.9974946
v -0.4960647 0.4672969 -1.9847426
v -0.5100606 0.4001354 -1.9881217
v -0.5152601 0.4068913 -1.9808222
v -0.5013222 0.4683748 -1.9774494
v -0.9886490 0.4982580 -1.9882919
v -0.6295641 0.4982580 -2.0344012
v -0.6314188 0.4956272 -2.0261907
v -0.9881790 0.4953452 -1.9804841
v -1.1419363 0.4982581 -1.9144746
v -1.1384599 0.4951277 -1.9078382
v -0.5073310 0.4982580 -1.9879166
v -0.5118571 0.4961901 -1.9803006
v -0.7789508 0.3795963 -2.0216611
v -0.7787118 0.3845105 -2.0141052
v -0.6478318 0.3841666 -2.0328565
v -0.6462270 0.3795595 -2.0404074
v -0.9969117 0.3796566 -1.9908749
v -0.9952697 0.3847092 -1.9837003
v -1.1438751 0.3849516 -1.9104706
v -1.1470616 0.3796502 -1.9170472
v -0.5276638 0.3794125 -1.9974946
v -0.5320675 0.3857367 -1.9899637
v -0.5073310 0.4982580 -1.9879166
v -0.5118571 0.4961901 -1.9803006
v -0.4540226 0.6842723 -1.9178012
v -0.4587600 0.7066377 -1.9195897
v -0.4875791 0.7285531 -1.9358520
v -0.4726366 0.7227624 -1.9268337
v -0.8677764 0.6798938 -1.9470084
v -0.8859295 0.6854393 -1.9428581
v -0.7496287 0.7191866 -1.9645165
v -0.7317275 0.7494678 -1.9463094
v -0.5804393 0.7563138 -1.9754023
v -0.5925485 0.7265036 -1.9916734
v -0.5718594 0.7716114 -1.9628197
v -0.7851042 0.7199726 -1.9577194
v -0.7839512 0.7160640 -1.9584153
v -0.9154011 0.5704738 -1.9393240
v -0.9185817 0.5775496 -1.9452269
v -0.9185817 0.5775496 -1.9452269
v -0.8871363 0.6543569 -1.9464577
v -0.8822056 0.6540245 -1.9430140
v -0.9154011 0.5704738 -1.9393240
v -0.8478598 0.6945377 -1.9489784
v -0.8176837 0.7085308 -1.9529659
v -0.8146377 0.7049659 -1.9495407
v -0.8446000 0.6913166 -1.9455517
v -0.5845061 0.7270854 -1.9892937
v -0.5224904 0.7282447 -1.9602558
v -0.5238977 0.7241218 -1.9567161
v -0.5913789 0.7222999 -1.9868707
v -0.4561013 0.6580187 -1.9229135
v -0.4772786 0.5774690 -1.9361957
v -0.4854549 0.5708792 -1.9338740
v -0.4614109 0.6587198 -1.9216753
v -0.4587600 0.7066377 -1.9195897
v -0.4540226 0.6842723 -1.9178012
v -0.4591005 0.6842383 -1.9163652
v -0.4634114 0.7056585 -1.9181047
v -0.4875791 0.7285531 -1.9358520
v -0.4901865 0.7247245 -1.9326595
v -0.4765261 0.7194776 -1.9248663
v -0.4726366 0.7227624 -1.9268337
v -0.8667117 0.6745226 -1.9434302
v -0.8677764 0.6798938 -1.9470084
v -0.5925485 0.7265036 -1.9916734
v -0.5913789 0.7222999 -1.9868707
v -0.7493222 0.7150248 -1.9606468
v -0.7496287 0.7191866 -1.9645165
v -0.7839512 0.7160640 -1.9584153
v -0.7821272 0.7120613 -1.9548129
v -0.9605145 0.6538778 -1.9405023
v -0.9485838 0.6539018 -1.9466656
v -0.9809082 0.5775251 -1.9475261
v -0.9918384 0.5775221 -1.9419832
v -0.9248102 0.6977320 -1.9426746
v -0.9391419 0.7018254 -1.9334264
v -0.9331480 0.7229825 -1.9268019
v -0.9016328 0.7404629 -1.9387840
v -0.9336705 0.7554028 -1.9001190
v -0.9134990 0.7643932 -1.8988503
v -1.0300112 0.5775115 -1.9226242
v -0.9312566 0.7421500 -1.9153434
v -0.8756640 0.7644424 -1.9200462
v 0.7323609 0.2747545 -0.3080017
v 0.9984781 0.2747037 0.0782364
v 0.9949343 0.2713319 0.0806013
v 0.7252723 0.2715148 -0.3084998
v 0.1135354 0.2739554 -1.1685197
v 0.4673965 0.2747629 -0.6808355
v 0.4639232 0.2713885 -0.6783844
v 0.1086964 0.2697447 -1.1689812
v 1.0832093 0.2743789 0.2048242
v 1.0818719 0.2701771 0.2094030
v 0.7273042 0.2747553 -0.3152423
v 0.7252723 0.2715148 -0.3084998
v 1.5676549 0.5628449 0.8051573
v 1.5377150 0.5805285 0.7407136
v 1.5371446 0.5791497 0.7894890
v 1.5425066 0.5790789 0.8339731
v 1.7229862 0.5628449 1.1673059
v 1.7217380 0.4737329 1.1681915
v 1.5952107 0.4726722 0.8439877
v 1.5676549 0.5628449 0.8051573
v 1.5715648 0.4723339 0.7867331
v 1.5377150 0.5805285 0.7407136
v 1.5377150 0.5805285 0.7407136
v 1.5388669 0.5825434 0.7878964
v 1.5371446 0.5791497 0.7894890
v 1.5441849 0.5825835 0.8322590
v 1.5425066 0.5790789 0.8339731
v 1.6758521 0.7084337 1.1412190
v 1.6696773 0.6908623 1.1388332
v 1.4899073 0.6925984 0.7524057
v 1.4823551 0.7084498 0.7254506
v 1.7001854 0.5791557 1.1834866
v 1.7229862 0.5628449 1.1673059
v 1.6641687 0.5791382 1.1036515
v 1.7059130 0.3877551 1.1794221
v 1.6002905 0.3876914 0.8707769
v 1.5734208 0.3799520 0.8193888
v 1.6002905 0.3876914 0.8707769
v 1.7059130 0.3877551 1.1794221
v 1.6961282 0.3721913 1.1863657
v 1.5902550 0.3722474 0.8778454
v 1.5734208 0.3799520 0.8193888
v 0.0224240 0.5738726 -1.4351707
v 0.0152949 0.5633348 -1.4432293
v -0.0234663 0.6140339 -1.4967401
v -0.0182123 0.6270242 -1.4912698
v 0.0461691 0.4963633 -1.3860953
v 0.0379447 0.4894020 -1.3964182
v -0.0681214 0.6607046 -1.5564362
v -0.0710723 0.6461601 -1.5588995
v -0.1231156 0.6575801 -1.6253720
v -0.1226824 0.6726770 -1.6261243
v -0.1772756 0.6607046 -1.6957900
v -0.1751898 0.6461601 -1.6918231
v -0.2238137 0.6140339 -1.7532598
v -0.2282515 0.6270242 -1.7601988
v 0.0424908 0.3713115 -1.3363973
v 0.0344361 0.3701204 -1.3490133
v 1.5377150 0.5805285 0.7407136
v 1.5314118 0.5694519 0.7321347
v 1.4981827 0.6210654 0.6741392
v 1.5028785 0.6346386 0.6799121
v 1.3600295 0.6689465 0.4579729
v 1.3619251 0.6537902 0.4624406
v 1.3175520 0.6210654 0.3961997
v 1.3135101 0.6346387 0.3885273
v 1.4092429 0.6811420 0.5334757
v 1.4088676 0.6654229 0.5344596
v 1.4582465 0.6689465 0.6091273
v 1.4556099 0.6537902 0.6066205
v 1.2242433 0.4820533 0.2894601
v 1.2325283 0.4765074 0.3028858
v 1.1937418 0.3698890 0.2910644
v 1.1837102 0.3713116 0.2783061
v -0.2654809 0.5621963 -1.8045129
v -0.2719343 0.5726790 -1.8139311
v 1.2725882 0.5804969 0.3310490
v 1.2785183 0.5694219 0.3413732
v -0.3119254 0.4840065 -1.8567375
v -0.3033971 0.4776154 -1.8450205
v -0.3249828 0.3779514 -1.8618410
v -0.3345554 0.3795212 -1.8743716
v -0.2719343 0.5726790 -1.8139311
v -0.2654809 0.5621963 -1.8045129
v 1.5715648 0.4723339 0.7867331
v 1.5637000 0.4662499 0.7760311
v 1.5314118 0.5694519 0.7321347
v 1.5377150 0.5805285 0.7407136
v 1.5734208 0.3799520 0.8193888
v 1.5654702 0.3781306 0.8071804
v 1.6872651 0.8111582 1.1926554
v 1.6333289 0.8781143 1.1081053
v 1.6780067 0.8781143 1.1992259
v 0.0152949 0.5633348 -1.4432293
v -0.2492961 0.5263684 -1.2240198
v -0.3250142 0.6300971 -1.3307172
v -0.0234663 0.6140339 -1.4967401
v 0.0379447 0.4894020 -1.3964182
v -0.0710723 0.6461601 -1.5588995
v -0.4208610 0.6518701 -1.4657789
v -0.1231156 0.6575801 -1.6253720
v -0.1751898 0.6461601 -1.6918231
v -0.4208610 0.6518701 -1.4657789
v -0.5195338 0.5743372 -1.6048226
v -0.2238137 0.6140339 -1.7532598
v -0.1231156 0.6575801 -1.6253720
v 0.0344361 0.3701204 -1.3490133
v -0.2132581 0.3701204 -1.1732373
v 0.0179990 0.2670994 -1.3242551
v -0.2063548 0.1826613 -1.1650420
v 1.5314118 0.5694519 0.7321347
v 1.2861267 0.5178509 0.9396069
v 1.2087962 0.6374278 0.8306377
v 1.4981827 0.6210654 0.6741392
v 1.3619251 0.6537902 0.4624406
v 1.1111639 0.6596066 0.6930601
v 1.0207069 0.5952437 0.5655932
v 1.3175520 0.6210654 0.3961997
v 1.4088676 0.6654229 0.5344596
v 1.4556099 0.6537902 0.6066205
v 1.1111639 0.6596066 0.6930601
v 1.4088676 0.6654229 0.5344596
v 1.1937418 0.3698890 0.2910644
v 0.9584622 0.4234356 0.4778816
v 0.9417486 0.1849590 0.4527973
v 1.1637614 0.2652319 0.2952456
v 1.2325283 0.4765074 0.3028858
v -0.2654809 0.5621963 -1.8045129
v 1.2785183 0.5694219 0.3413732
v -0.3249828 0.3779514 -1.8618410
v -0.5680922 0.4277834 -1.6732484
v -0.5831573 0.2307028 -1.6944771
v -0.3591673 0.2307027 -1.8534320
v -0.3033971 0.4776154 -1.8450205
v 0.0012902 0.1826612 -1.3123975
v 1.1470522 0.1849588 0.3071031
v 1.5637000 0.4662499 0.7760311
v 1.5468175 0.2315786 0.8352909
v 1.3242065 0.2315786 0.9932671
v 1.3171867 0.3781306 0.9833752
v 1.5654702 0.3781306 0.8071804
v -0.9813592 0.2716725 -1.9716388
v -0.7913206 0.2639452 -1.5514957
v -0.9994581 0.3031272 -1.9793896
v -1.1449908 0.3031272 -1.9063921
v -0.7913206 0.2639452 -1.5514957
v -0.5579343 0.2498997 -1.9824506
v -0.5831573 0.2307028 -1.6944771
v -0.6691741 0.2586784 -2.0202460
v -0.9994581 0.3031272 -1.9793896
v -0.9813592 0.2716725 -1.9716388
v -0.4348723 0.2377522 -1.9081658
v -0.3701530 0.2310717 -1.8652166
v -0.3591673 0.2307027 -1.8534320
v 0.9804450 0.1858257 0.0909717
v 0.8908909 0.1854922 0.2752973
v 0.5599011 0.1860647 -0.1911142
v 0.7106115 0.1860645 -0.2980663
v 0.4493821 0.1858835 -0.6680890
v 0.2977683 0.1858836 -0.5604960
v -0.0736105 0.1847650 -1.0838216
v 0.0912714 0.1850327 -1.1613088
v 1.1366126 0.1849199 0.2932917
v 1.0689468 0.1854334 0.2231521
v 0.0544454 0.1844971 -1.2142180
v -0.2063548 0.1826613 -1.1650420
v 0.0080701 0.1839526 -1.2975464
v 0.0012902 0.1826612 -1.3123975
v 1.1470522 0.1849588 0.3071031
v 0.9417486 0.1849590 0.4527973
v 1.2651073 0.2225747 1.0415540
v 1.4181208 0.2860658 1.5425412
v 1.5869928 0.2860657 1.3814243
v 1.3242065 0.2315786 0.9932671
v 1.6350647 0.2860657 1.3355606
v 1.5773225 0.3323505 1.4102706
v 1.2651073 0.2225747 1.0415540
v 1.5869928 0.2860657 1.3814243
v 1.5219653 0.3328622 1.4633025
v 1.2651073 0.2225747 1.0415540
v 1.5773225 0.3323505 1.4102706
v 1.4905338 0.2860657 1.4734539
v 1.4905338 0.2860657 1.4734539
v 1.2651073 0.2225747 1.0415540
v 1.5219653 0.3328622 1.4633025
v 1.5757112 0.2398159 0.9006798
v 1.6686869 0.2742477 1.2097908
v 1.5468175 0.2315786 0.8352909
v 1.2087962 0.6374278 0.8306377
v 1.2861267 0.5178509 0.9396069
v 1.0207069 0.5952437 0.5655932
v 1.1111639 0.6596066 0.6930601
v 1.3171867 0.3781306 0.9833752
v 0.9584622 0.4234356 0.4778816
v 0.9417486 0.1849590 0.4527973
v 1.3242065 0.2315786 0.9932671
v -0.4208610 0.6518701 -1.4657789
v -0.3250142 0.6300971 -1.3307172
v -0.2492961 0.5263684 -1.2240198
v -0.5195338 0.5743372 -1.6048226
v -0.2132581 0.3701204 -1.1732373
v -0.5680922 0.4277834 -1.6732484
v -0.2063548 0.1826613 -1.1650420
v -0.5831573 0.2307028 -1.6944771
v 0.6744725 0.1852255 0.5356747
v 0.1623740 0.1859741 -0.1867105
v -0.3818299 0.1837132 -0.9528040
v -0.0334561 0.1859741 -0.0477393
v -1.1434855 0.4317451 -1.9130225
v -0.9927370 0.4312823 -1.9865851
v -0.9932133 0.4225261 -1.9860426
v -1.1435591 0.4229281 -1.9125418
v -0.7717878 0.4319302 -2.0164453
v -0.7747243 0.4225890 -2.0157635
v -0.5013222 0.4683748 -1.9774494
v -0.6334613 0.4704952 -2.0358059
v -0.6314188 0.4956272 -2.0261907
v -0.5118571 0.4961901 -1.9803006
v -0.7367409 0.4700916 -2.0222524
v -0.9906804 0.4690992 -1.9889271
v -1.1431692 0.4697216 -1.9150937
v -1.1384599 0.4951277 -1.9078382
v -0.9881790 0.4953452 -1.9804841
v -0.7598192 0.4700014 -2.0192238
v -0.7482466 0.4955349 -2.0112231
v -0.6334613 0.4704952 -2.0358059
v -0.5013222 0.4683748 -1.9774494
v -0.5979189 0.4679748 -1.9861706
v -0.7367409 0.4700916 -2.0222524
v -0.7548457 0.4568836 -2.0194706
v -0.6164358 0.4548902 -1.9863654
v -0.6399515 0.3895428 -1.9810788
v -0.7787118 0.3845105 -2.0141052
v -0.6399515 0.3895428 -1.9810788
v -0.5320675 0.3857367 -1.9899637
v -0.6478318 0.3841666 -2.0328565
v -0.7787118 0.3845105 -2.0141052
v -0.7367409 0.4700916 -2.0222524
v -0.5979189 0.4679748 -1.9861706
v -0.7598192 0.4700014 -2.0192238
v -0.7866929 0.3845178 -2.0129850
v -0.7482466 0.4955349 -2.0112231
v -0.7598192 0.4700014 -2.0192238
v -1.1431692 0.4697216 -1.9150937
v -1.1432767 0.4568361 -1.9143910
v -1.1433442 0.4486991 -1.9139472
v -1.1434178 0.4398820 -1.9134663
v -1.1437678 0.3978371 -1.9111733
v -0.9945729 0.3975264 -1.9844944
v -0.9952697 0.3847092 -1.9837003
v -1.1438751 0.3849516 -1.9104706
v -1.1436268 0.4147911 -1.9120980
v -0.9936548 0.4144044 -1.9855395
v -0.9941310 0.4056481 -1.9849973
v -1.1437001 0.4059741 -1.9116171
v -0.9913774 0.4562821 -1.9881332
v -0.9906804 0.4690992 -1.9889271
v -0.9922951 0.4394041 -1.9870879
v -0.9918190 0.4481603 -1.9876304
v -0.7825369 0.3977368 -2.0139494
v -0.7866929 0.3845178 -2.0129850
v -0.7771624 0.4148336 -2.0151973
v -0.7800991 0.4054922 -2.0145158
v -0.7639752 0.4567824 -2.0182590
v -0.7598192 0.4700014 -2.0192238
v -0.7693498 0.4396857 -2.0170113
v -0.7664130 0.4490270 -2.0176930
v -1.1437001 0.4059741 -1.9116171
v -1.1302590 0.4019056 -1.8924070
v -1.1435591 0.4229281 -1.9125418
v -1.1301179 0.4188596 -1.8933317
v -0.9941310 0.4056481 -1.9849973
v -0.9808769 0.4015873 -1.9657575
v -0.9932133 0.4225261 -1.9860426
v -0.9799591 0.4184652 -1.9668028
v -1.1433442 0.4486991 -1.9139472
v -1.1298354 0.4527676 -1.8951809
v -0.9781230 0.4522212 -1.9688934
v -0.9918190 0.4481603 -1.9876304
v -1.1434855 0.4317451 -1.9130225
v -1.1299764 0.4358136 -1.8942559
v -0.9790409 0.4353432 -1.9678481
v -0.9927370 0.4312823 -1.9865851
v -0.7800991 0.4054922 -2.0145158
v -0.7678430 0.4016145 -1.9952442
v -0.7747243 0.4225890 -2.0157635
v -0.7624682 0.4187113 -1.9964920
v -0.7517189 0.4529047 -1.9989877
v -0.7664130 0.4490270 -2.0176930
v -0.7570939 0.4358079 -1.9977399
v -0.7717878 0.4319302 -2.0164453
v -1.1432767 0.4568361 -1.9143910
v -1.1298354 0.4527676 -1.8951809
v -1.1434178 0.4398820 -1.9134663
v -1.1299764 0.4358136 -1.8942559
v -1.1437678 0.3978371 -1.9111733
v -1.1302590 0.4019056 -1.8924070
v -0.9808769 0.4015873 -1.9657575
v -0.9945729 0.3975264 -1.9844944
v -1.1436268 0.4147911 -1.9120980
v -1.1301179 0.4188596 -1.8933317
v -0.9799591 0.4184652 -1.9668028
v -0.9936548 0.4144044 -1.9855395
v -0.9913774 0.4562821 -1.9881332
v -0.9781230 0.4522212 -1.9688934
v -0.9922951 0.4394041 -1.9870879
v -0.9790409 0.4353432 -1.9678481
v -0.7678430 0.4016145 -1.9952442
v -0.7825369 0.3977368 -2.0139494
v -0.7624682 0.4187113 -1.9964920
v -0.7771624 0.4148336 -2.0151973
v -0.7639752 0.4567824 -2.0182590
v -0.7517189 0.4529047 -1.9989877
v -0.7693498 0.4396857 -2.0170113
v -0.7570939 0.4358079 -1.9977399
v -0.7866929 0.3845178 -2.0129850
v -0.7732177 0.3845179 -1.9939967
v -0.7463443 0.4700014 -2.0002354
v -0.7598192 0.4700014 -2.0192238
v -1.0768558 0.5957763 -1.8206439
v -1.0694592 0.6497591 -1.8113215
v -0.9211608 0.7016544 -1.8680900
v -0.9449446 0.7138677 -1.8471151
v -0.9168441 0.7162964 -1.8632892
v -0.9668033 0.5958965 -1.8769259
v -0.9906120 0.5958829 -1.8648141
v -0.9703067 0.6499588 -1.8625437
v -0.9415053 0.6568758 -1.8752756
v -0.9296037 0.7462689 -1.8355381
v -0.9179674 0.7410361 -1.8492873
v -0.9157494 0.7304958 -1.8562758
v -1.0527674 0.7138980 -1.7886596
v -1.0407852 0.7463619 -1.7734698
v -0.9537185 0.7643409 -1.8763188
v -0.9572153 0.7635870 -1.8809264
v -1.0717947 0.7634688 -1.8167649
v -1.0688965 0.7641912 -1.8117937
v -1.1177371 0.5821487 -1.8807527
v -1.1165666 0.5774874 -1.8787285
v -1.0312279 0.5821852 -1.9246900
v -1.0300112 0.5775115 -1.9226242
v -0.9951951 0.5821957 -1.9429663
v -0.9918384 0.5775221 -1.9419832
v -0.9647710 0.6562606 -1.9414641
v -0.9605145 0.6538778 -1.9405023
v -0.9435536 0.7037368 -1.9343746
v -0.9391419 0.7018254 -1.9334264
v -0.9378251 0.7240484 -1.9281378
v -0.9331480 0.7229825 -1.9268019
v -0.9360671 0.7425364 -1.9173539
v -0.9312566 0.7421500 -1.9153434
v -0.9384207 0.7551999 -1.9032275
v -0.9336705 0.7554028 -1.9001190
v -0.9572153 0.7635870 -1.8809264
v -0.9639567 0.7563110 -1.8875083
v -1.0764886 0.7563065 -1.8245953
v -1.0717947 0.7634688 -1.8167649
v -1.1164980 0.5934571 -1.8784775
v -1.1177371 0.5821487 -1.8807527
v -1.0301486 0.5935361 -1.9225556
v -1.0312279 0.5821852 -1.9246900
v -1.0014591 0.5935469 -1.9371207
v -0.9951951 0.5821957 -1.9429663
v -0.9741205 0.6597512 -1.9355403
v -0.9647710 0.6562606 -1.9414641
v -0.9534325 0.7056085 -1.9284001
v -0.9435536 0.7037368 -1.9343746
v -0.9486039 0.7230142 -1.9234757
v -0.9378251 0.7240484 -1.9281378
v -0.9473082 0.7391792 -1.9150249
v -0.9360671 0.7425364 -1.9173539
v -0.9494633 0.7498167 -1.9046679
v -0.9384207 0.7551999 -1.9032275
v -0.9639567 0.7563110 -1.8875083
v -0.9296037 0.7462689 -1.8355381
v -1.0407852 0.7463619 -1.7734698
v -1.0764886 0.7563065 -1.8245953
v -1.2133466 0.7528005 -1.7094945
v -1.2267819 0.7564742 -1.7284267
v -1.1164980 0.5934571 -1.8784775
v -1.0768558 0.5957763 -1.8206439
v -0.9906120 0.5958829 -1.8648141
v -1.0301486 0.5935361 -1.9225556
v -0.9668033 0.5958965 -1.8769259
v -1.0014591 0.5935469 -1.9371207
v -1.0014591 0.5935469 -1.9371207
v -0.9668033 0.5958965 -1.8769259
v -0.9415053 0.6568758 -1.8752756
v -0.9741205 0.6597512 -1.9355403
v -0.9211608 0.7016544 -1.8680900
v -0.9534325 0.7056085 -1.9284001
v -0.9168441 0.7162964 -1.8632892
v -0.9486039 0.7230142 -1.9234757
v -0.9157494 0.7304958 -1.8562758
v -0.9473082 0.7391792 -1.9150249
v -0.9179674 0.7410361 -1.8492873
v -0.9494633 0.7498167 -1.9046679
v -0.9494633 0.7498167 -1.9046679
v -0.9179674 0.7410361 -1.8492873
v 0.2710531 0.9084928 -0.9527248
v 0.1871300 0.9076687 -1.0653858
v 0.1771154 0.9274391 -1.0652900
v 0.2449266 1.0282840 -0.9067374
v 0.1695966 0.9255388 -1.0622076
v 0.1771154 0.9274391 -1.0652900
v 0.1871300 0.9076687 -1.0653858
v 0.1807816 0.9034463 -1.0623108
v 0.1807816 0.9034463 -1.0623108
v 0.1871300 0.9076687 -1.0653858
v 0.2710531 0.9084928 -0.9527248
v 0.2663730 0.9042872 -0.9474112
v 0.2663730 0.9042872 -0.9474112
v 0.2710531 0.9084928 -0.9527248
v 0.2449266 1.0282840 -0.9067374
v 0.2391702 1.0290062 -0.8995304
v 0.2391702 1.0290062 -0.8995304
v 0.2449266 1.0282840 -0.9067374
v 0.1771154 0.9274391 -1.0652900
v 0.1695966 0.9255388 -1.0622076
v 1.1538469 0.2660954 0.2812478
v 1.0845311 0.2655181 0.2120931
v 1.1084216 0.3713116 0.2176679
v 1.1522761 0.3713116 0.2587087
v 0.0949441 0.3713114 -1.2171541
v 0.0763602 0.2688394 -1.2184550
v 0.0654122 0.3713115 -1.2621837
v 0.1151484 0.3713115 -1.1893875
v 0.1070250 0.2654853 -1.1724885
v 0.0502707 0.3713115 -1.3007707
v 0.0454769 0.2682345 -1.2697895
v 0.0255878 0.2682345 -1.3099778
v 0.0424908 0.3713115 -1.3363973
v 1.1837102 0.3713116 0.2783061
v 1.1084216 0.3713116 0.2176679
v 1.0845311 0.2655181 0.2120931
v 1.0818719 0.2701771 0.2094030
v 1.1035273 0.3713116 0.2164476
v 0.1070250 0.2654853 -1.1724885
v 0.1151484 0.3713115 -1.1893875
v 0.1148859 0.3713115 -1.1845994
v 0.1086964 0.2697447 -1.1689812
v -0.5235342 0.3605309 -2.0071607
v -0.3908114 0.3651043 -1.9212317
v -0.4348723 0.2377522 -1.9081658
v -0.5579343 0.2498997 -1.9824506
v -1.1493899 0.3606672 -1.9240184
v -1.1449908 0.3031272 -1.9063921
v -0.3345554 0.3795212 -1.8743716
v -0.3701530 0.2310717 -1.8652166
v -0.9975852 0.3606556 -1.9990107
v -0.9994581 0.3031272 -1.9793896
v -0.9813592 0.2716725 -1.9716388
v -0.9482784 0.2889764 -1.9825118
v -0.6641206 0.2889763 -2.0260350
v -0.6691741 0.2586784 -2.0202460
v -0.5841843 0.2889763 -1.9985952
v -0.8422497 0.3014847 -1.8785304
v -0.8498997 0.3215320 -1.8833788
v -0.5695048 0.3213039 -1.9599816
v -0.5709800 0.3014844 -1.9559714
v -0.9617150 0.3324417 -1.9946182
v -0.6432017 0.3605946 -2.0500000
v -0.6515478 0.3320201 -2.0404383
v -0.5730314 0.3319477 -2.0127501
v -0.6515478 0.3320201 -2.0404383
v -0.5695048 0.3213039 -1.9599816
v -0.8498997 0.3215320 -1.8833788
v -0.9617150 0.3324417 -1.9946182
v -0.9617150 0.3324417 -1.9946182
v -0.8498997 0.3215320 -1.8833788
v -0.8422497 0.3014847 -1.8785304
v -0.9482784 0.2889764 -1.9825118
v -0.9482784 0.2889764 -1.9825118
v -0.8422497 0.3014847 -1.8785304
v -0.5709800 0.3014844 -1.9559714
v -0.6641206 0.2889763 -2.0260350
v -0.5841843 0.2889763 -1.9985952
v -0.5841843 0.2889763 -1.9985952
v -0.5709800 0.3014844 -1.9559714
v -0.5695048 0.3213039 -1.9599816
v -0.5730314 0.3319477 -2.0127501
v -0.5730314 0.3319477 -2.0127501
v 0.9961032 0.2660716 0.0798599
v 0.9804450 0.1858257 0.0909717
v 0.7106115 0.1860645 -0.2980663
v 0.7262245 0.2662120 -0.3091459
v 0.4650408 0.2661297 -0.6792007
v 0.4493821 0.1858835 -0.6680890
v 0.0912714 0.1850327 -1.1613088
v 1.1366126 0.1849199 0.2932917
v 1.0689468 0.1854334 0.2231521
v 0.0544454 0.1844971 -1.2142180
v 0.0080701 0.1839526 -1.2975464
v 0.9961032 0.2660716 0.0798599
v 0.7262245 0.2662120 -0.3091459
v 0.7252723 0.2715148 -0.3084998
v 0.9949343 0.2713319 0.0806013
v 0.4650408 0.2661297 -0.6792007
v 0.4639232 0.2713885 -0.6783844
v 1.6961282 0.3721913 1.1863657
v 1.6686869 0.2742477 1.2097908
v 1.5757112 0.2398159 0.9006798
v 1.5902550 0.3722474 0.8778454
v 1.5468175 0.2315786 0.8352909
v 1.5734208 0.3799520 0.8193888
v 0.0255878 0.2682345 -1.3099778
v 0.0179990 0.2670994 -1.3242551
v 0.0344361 0.3701204 -1.3490133
v 0.0424908 0.3713115 -1.3363973
v 1.1837102 0.3713116 0.2783061
v 1.1937418 0.3698890 0.2910644
v 1.1637614 0.2652319 0.2952456
v 1.1538469 0.2660954 0.2812478
v -0.3345554 0.3795212 -1.8743716
v -0.3249828 0.3779514 -1.8618410
v -0.3591673 0.2307027 -1.8534320
v -0.3701530 0.2310717 -1.8652166
v 0.0080701 0.1839526 -1.2975464
v 0.0012902 0.1826612 -1.3123975
v 1.1470522 0.1849588 0.3071031
v 1.1366126 0.1849199 0.2932917
v 1.5734208 0.3799520 0.8193888
v 1.5468175 0.2315786 0.8352909
v 1.5654702 0.3781306 0.8071804
v 0.9330274 1.3353415 0.9030181
v 1.1775925 1.3167280 0.7192902
v 1.1227803 1.3131132 1.1710958
v 1.0933341 1.3185630 1.1289130
v 1.3624305 1.2937374 0.9803808
v 1.3325616 1.2999496 0.9376634
v 1.1704765 1.2681335 1.2343792
v 1.1501294 1.2963634 1.2089453
v 1.4069185 1.2510398 1.0423503
v 1.3893568 1.2777498 1.0176957
v 1.7216257 0.5628449 1.2864769
v 1.7201520 0.4737329 1.2860633
v 1.6872651 0.8111582 1.1926554
v 1.6779427 0.8111582 1.2757130
v 1.6797634 0.7880127 1.2758871
v 1.6884876 0.7885919 1.1917881
v 1.6780067 0.8781143 1.1992259
v 1.6685227 0.8781143 1.2715736
v 1.6947072 0.5791557 1.2789225
v 1.7216257 0.5628449 1.2864769
v 1.7014693 0.3877551 1.2808198
v 1.7014693 0.3877551 1.2808198
v 1.6899173 0.3721913 1.2775781
v 1.6757920 0.5628449 1.3784377
v 1.6746174 0.4737329 1.3774568
v 1.6437737 0.8111582 1.3471073
v 1.6449657 0.7877820 1.3481029
v 1.6350547 0.8781143 1.3398271
v 1.6543317 0.5791557 1.3605177
v 1.6757920 0.5628449 1.3784377
v 1.6597228 0.3877551 1.3650194
v 1.6597228 0.3877551 1.3650194
v 1.6505131 0.3721913 1.3573287
v 1.4525989 0.5628449 1.5911264
v 1.4517151 0.4737329 1.5898803
v 1.6431681 0.6902399 1.3516233
v 1.6473223 0.7084320 1.3608177
v 1.5910064 0.6977562 1.3592778
v 1.6407392 0.7877660 1.3538632
v 1.6395467 0.8111582 1.3528680
v 1.4272887 0.8111582 1.5554601
v 1.4282121 0.7871006 1.5567614
v 1.6308155 0.8781143 1.3456083
v 1.4207282 0.8781143 1.5462161
v 1.6543317 0.5791557 1.3605177
v 1.6513089 0.6188061 1.3584171
v 1.4364435 0.5791557 1.5683608
v 1.4525989 0.5628449 1.5911264
v 1.4405019 0.3877551 1.5740793
v 1.4405019 0.3877551 1.5740793
v 1.4335688 0.3721913 1.5643097
v 1.4337695 0.7084320 1.5645927
v 1.4103801 0.6977562 1.5316340
v 1.4103801 0.6977562 1.5316340
v 1.4364435 0.5791557 1.5683608
v 1.6220182 0.9124388 1.1124986
v 1.6599483 0.9124389 1.1847191
v 1.2057722 0.9132105 0.3802698
v 1.2319048 0.9141434 0.4161576
v 1.3146930 0.9124388 0.5451839
v 1.4369664 0.9124388 0.7400388
v 1.6599483 0.9124389 1.1847191
v 1.6557462 0.9124389 1.2603142
v 1.6231371 0.9125758 1.3259051
v 1.6200125 0.9093749 1.3330133
v 1.4114811 0.9091723 1.5331848
v 1.1793148 1.3112205 0.7178757
v 1.1840289 1.3143729 0.7158644
v 1.1775925 1.3167280 0.7192902
v 1.1793148 1.3112205 0.7178757
v 1.1840289 1.3143729 0.7158644
v 1.2103553 1.2899939 0.6855696
v 1.3640205 1.2889405 0.9781722
v 1.3687341 1.2920928 0.9761608
v 1.3389980 1.2975943 0.9342371
v 1.3342839 1.2944421 0.9362485
v 1.3624305 1.2937374 0.9803808
v 1.3640205 1.2889405 0.9781722
v 1.3342839 1.2944421 0.9362485
v 1.3325616 1.2999496 0.9376634
v 1.3389980 1.2975943 0.9342371
v 1.3687341 1.2920928 0.9761608
v 1.3804010 1.2710091 0.9266243
v 1.3910791 1.2722425 1.0162812
v 1.4087044 1.2454353 1.0410246
v 1.3957932 1.2753947 1.0142698
v 1.3893568 1.2777498 1.0176957
v 1.4069185 1.2510398 1.0423503
v 1.4087044 1.2454353 1.0410246
v 1.3910791 1.2722425 1.0162812
v 1.5158393 1.0928109 1.1828005
v 1.5463055 1.0735432 1.1439557
v 1.4224035 1.2513392 0.9861349
v 1.3957932 1.2753947 1.0142698
v 1.4333171 1.2270218 0.9684692
v 1.3913904 1.2464706 0.9093983
v 1.5111256 1.0896587 1.1848119
v 1.6179906 0.9095972 1.3265642
v 1.6231371 0.9125758 1.3259051
v 1.5158393 1.0928109 1.1828005
v 1.6169214 0.9699562 1.2213284
v 1.6392207 0.7848273 1.3483311
v 1.6449657 0.7877820 1.3481029
v 1.6437737 0.8111582 1.3471073
v 1.6379111 0.8105367 1.3472374
v 1.6350547 0.8781143 1.3398271
v 1.6294746 0.8761320 1.3401680
v 1.6473223 0.7084320 1.3608177
v 1.6431681 0.6902399 1.3516233
v 1.6456614 0.7082490 1.3551658
v 1.6395467 0.8111582 1.3528680
v 1.6407392 0.7877660 1.3538632
v 1.6392207 0.7848273 1.3483311
v 1.6379111 0.8105367 1.3472374
v 1.6308155 0.8781143 1.3456083
v 1.6294746 0.8761320 1.3401680
v 1.6179906 0.9095972 1.3265642
v 1.6200125 0.9093749 1.3330133
v 1.6135203 0.9775413 1.1425965
v 1.5512939 1.0695817 1.0806226
v 1.6601303 0.8111582 1.1357465
v 1.6135203 0.9775413 1.1425965
v 1.2208253 1.2659999 0.6690385
v 1.4369664 0.9124388 0.7400388
v 1.4307703 0.9143499 0.7439570
v 1.6147367 0.9143970 1.1138586
v 1.6220182 0.9124388 1.1124986
v 1.6220182 0.9124388 1.1124986
v 1.6147367 0.9143970 1.1138586
v 1.6068436 0.9751839 1.1419356
v 1.6135203 0.9775413 1.1425965
v 1.6135203 0.9775413 1.1425965
v 1.6068436 0.9751839 1.1419356
v 1.5456960 1.0656422 1.0810253
v 1.5512939 1.0695817 1.0806226
v 1.4282935 1.2223483 0.9693909
v 1.4333171 1.2270218 0.9684692
v 1.3871278 1.2414483 0.9113827
v 1.3913904 1.2464706 0.9093983
v 1.2168422 1.2609680 0.6713389
v 1.2208253 1.2659999 0.6690385
v 1.0856317 1.2666297 0.4864661
v 1.0872321 1.2717553 0.4807863
v 1.3146930 0.9124388 0.5451839
v 1.3084264 0.9143015 0.5492219
v 1.2268555 0.9160623 0.4228409
v 1.2319048 0.9141434 0.4161576
v 1.3957932 1.2753947 1.0142698
v 1.1704765 1.2681335 1.2343792
v 0.9738235 1.2741817 1.3725355
v 0.9733111 1.2677776 1.3719421
v 1.1699501 1.2617524 1.2338281
v 1.4069185 1.2510398 1.0423503
v 1.4087044 1.2454353 1.0410246
v 1.4114811 0.9091723 1.5331848
v 1.6200125 0.9093749 1.3330133
v 1.6179906 0.9095972 1.3265642
v 1.4077905 0.9092507 1.5285242
v 1.5910064 0.6977562 1.3592778
v 1.6543317 0.5791557 1.3605177
v 1.6473223 0.7084320 1.3608177
v 1.5910064 0.6977562 1.3592778
v 1.6758521 0.7084337 1.1412190
v 1.6392207 0.7848273 1.3483311
v 1.6410392 0.7818800 1.3541140
v 1.6473223 0.7084320 1.3608177
v 1.6456614 0.7082490 1.3551658
v 1.4284380 0.7812144 1.5570792
v 1.4337695 0.7084320 1.5645927
v 1.6473223 0.7084320 1.3608177
v 1.6410392 0.7818800 1.3541140
v 1.6407392 0.7877660 1.3538632
v 1.4282121 0.7871006 1.5567614
v 1.4256770 0.7838818 1.5537095
v 1.6392207 0.7848273 1.3483311
v 1.4284380 0.7812144 1.5570792
v 1.6410392 0.7818800 1.3541140
v 1.6392207 0.7848273 1.3483311
v 1.4256770 0.7838818 1.5537095
v 1.6641687 0.5791382 1.1036515
v 1.6663629 0.5825957 1.0995748
v 1.6816912 0.7785912 1.1734929
v 1.6884876 0.7885919 1.1917881
v 1.6663629 0.5825957 1.0995748
v 1.6695472 0.6192601 1.1114032
v 1.6670482 0.6188222 1.1159619
v 1.6641687 0.5791382 1.1036515
v 1.6696773 0.6908623 1.1388332
v 1.6671975 0.6906570 1.1433814
v 1.6758521 0.7084337 1.1412190
v 1.6733435 0.7084071 1.1457816
v 1.6884876 0.7885919 1.1917881
v 1.6797634 0.7880127 1.2758871
v 1.6759918 0.7847816 1.2747735
v 1.6845545 0.7851610 1.1923606
v 1.6449657 0.7877820 1.3481029
v 1.6392207 0.7848273 1.3483311
v 1.6777167 0.7608569 1.1596183
v 1.6738642 0.7604958 1.1655819
v 1.6816912 0.7785912 1.1734929
v 1.6783998 0.7764009 1.1779401
v 1.4181208 0.2860658 1.5425412
v 1.4335688 0.3721913 1.5643097
v 1.6899173 0.3721913 1.2775781
v 1.6505131 0.3721913 1.3573287
v 1.6350647 0.2860657 1.3355606
v 1.4905338 0.2860657 1.4734539
v 1.5219653 0.3328622 1.4633025
v 1.6777167 0.7608569 1.1596183
v -0.3995095 1.1172207 0.6454832
v -0.2982420 1.2742333 0.6331254
v -0.3197759 1.2742871 0.6026683
v -0.4264996 1.1170464 0.6076105
v -0.4968969 0.9079745 0.6500858
v -0.5317904 0.9077543 0.6013975
v -0.3467453 1.2743543 0.5645227
v -0.4602194 1.1168291 0.5602944
v -0.4318703 1.1170032 0.6000823
v -0.3252116 1.2743007 0.5949798
v -0.5785840 0.9074810 0.5360565
v -0.5370779 0.9077012 0.5940629
v -0.0466816 0.9127112 1.2561339
v 0.0020721 1.0928720 1.2023936
v -0.0024108 1.0928275 1.1962697
v -0.0514575 0.9120560 1.2501276
v 0.0946315 1.2717555 1.1851880
v 0.0683387 1.2723216 1.1478004
v 0.0083527 1.0927661 1.2101957
v 0.0341231 1.0929496 1.2471471
v -0.0024108 1.0928275 1.1962697
v -0.0007599 1.0904692 1.1896322
v -0.0492485 0.9133760 1.2414291
v -0.0514575 0.9120560 1.2501276
v -0.2982420 1.2742333 0.6331254
v -0.3995095 1.1172207 0.6454832
v -0.3931062 1.1136349 0.6456443
v -0.2936600 1.2681970 0.6334515
v -0.4968969 0.9079745 0.6500858
v -0.4879713 0.9093585 0.6503884
v -0.4602194 1.1168291 0.5602944
v -0.3467453 1.2743543 0.5645227
v -0.3470403 1.2682605 0.5580158
v -0.4574422 1.1153158 0.5536356
v -0.5785840 0.9074810 0.5360565
v -0.5745541 0.9087142 0.5295552
v -0.0061597 0.9160624 1.2978529
v 0.0410558 1.0913460 1.2460491
v 0.0341231 1.0929496 1.2471471
v -0.0141356 0.9141437 1.3004133
v -0.4259419 1.1151133 0.6015385
v -0.4264996 1.1170464 0.6076105
v -0.3197759 1.2742871 0.6026683
v -0.3193945 1.2720423 0.5966281
v -0.5310065 0.9064172 0.5952745
v -0.5317904 0.9077543 0.6013975
v -0.3193945 1.2720423 0.5966281
v -0.3252116 1.2743007 0.5949798
v -0.4318703 1.1170032 0.6000823
v -0.4259419 1.1151133 0.6015385
v -0.5370779 0.9077012 0.5940629
v -0.5310065 0.9064172 0.5952745
v 0.0687618 1.2704399 1.1416086
v 0.0630751 1.2730329 1.1399599
v 0.0020721 1.0928720 1.2023936
v 0.0080192 1.0911481 1.2037188
v -0.0393840 0.9132106 1.2638977
v 0.0083527 1.0927661 1.2101957
v 0.0080192 1.0911481 1.2037188
v -0.0404733 0.9118563 1.2571361
v 0.0630751 1.2730329 1.1399599
v 0.0588852 1.2735990 1.1337190
v -0.0393840 0.9132106 1.2638977
v -0.0141356 0.9141437 1.3004133
v 0.0588852 1.2735990 1.1337190
v 0.0599788 1.2675623 1.1291420
v 0.1005211 1.2666298 1.1855520
v 0.0946315 1.2717555 1.1851880
v -0.0466816 0.9127112 1.2561339
v -0.0404733 0.9118563 1.2571361
v 0.0683387 1.2723216 1.1478004
v 0.0687618 1.2704399 1.1416086
v 0.7409201 1.1172207 -0.1638253
v 0.7140809 1.1170464 -0.2018054
v 0.6741825 1.2742871 -0.1026968
v 0.6958227 1.2742333 -0.0723155
v 0.7774153 0.9079744 -0.2542331
v 0.7429764 0.9077543 -0.3032441
v 0.6470794 1.2743543 -0.1407476
v 0.6687200 1.2743007 -0.1103658
v 0.7087477 1.1170032 -0.2093603
v 0.6805497 1.1168291 -0.2492552
v 0.7377990 0.9077011 -0.3106561
v 0.6967474 0.9074810 -0.3689852
v 1.1297296 1.0928274 0.3928435
v 1.1340301 1.0928719 0.3990966
v 1.2008526 0.9127111 0.3708180
v 1.1967597 0.9120559 0.3643272
v 1.0872321 1.2717554 0.4807868
v 1.1656931 1.0929495 0.4441257
v 1.1393215 1.0927660 0.4076010
v 1.0606209 1.2723216 0.4436251
v 1.1878196 0.9133759 0.3635405
v 1.1229187 1.0904691 0.3922109
v 1.1297296 1.0928274 0.3928435
v 1.1967597 0.9120559 0.3643272
v 0.6958227 1.2742333 -0.0723155
v 0.6946184 1.2681970 -0.0678826
v 0.7389580 1.1136349 -0.1577280
v 0.7409201 1.1172207 -0.1638253
v 0.7747544 0.9093585 -0.2457079
v 0.7774153 0.9079744 -0.2542331
v 0.6805497 1.1168291 -0.2492552
v 0.6733475 1.1153158 -0.2488320
v 0.6410349 1.2682605 -0.1431738
v 0.6470794 1.2743543 -0.1407476
v 0.6967474 0.9074810 -0.3689852
v 0.6892800 0.9087142 -0.3673277
v 1.1656931 1.0929495 0.4441257
v 1.1623678 1.0913459 0.4503070
v 1.2268555 0.9160623 0.4228409
v 1.2319048 0.9141436 0.4161576
v 0.7081656 1.1151133 -0.2032835
v 0.6683552 1.2720423 -0.1043308
v 0.6741825 1.2742871 -0.1026968
v 0.7140809 1.1170464 -0.2018054
v 0.7369379 0.9064171 -0.3045254
v 0.7429764 0.9077543 -0.3032441
v 0.6683552 1.2720423 -0.1043308
v 0.7081656 1.1151133 -0.2032835
v 0.7087477 1.1170032 -0.2093603
v 0.6687200 1.2743007 -0.1103658
v 0.7369379 0.9064171 -0.3045254
v 0.7377990 0.9077011 -0.3106561
v 1.0546364 1.2704399 0.4419798
v 1.1333178 1.0911480 0.4051481
v 1.1340301 1.0928719 0.3990966
v 1.0549577 1.2730329 0.4360685
v 1.1333178 1.0911480 0.4051481
v 1.1393215 1.0927660 0.4076010
v 1.2057722 0.9132105 0.3802698
v 1.1997489 0.9118562 0.3770093
v 1.0504500 1.2735990 0.4300531
v 1.0549577 1.2730329 0.4360685
v 1.2319048 0.9141436 0.4161576
v 1.2057722 0.9132105 0.3802698
v 1.0457685 1.2675622 0.4295737
v 1.0504500 1.2735990 0.4300531
v 1.0872321 1.2717554 0.4807868
v 1.0856317 1.2666297 0.4864661
v 1.1997489 0.9118562 0.3770093
v 1.2008526 0.9127111 0.3708180
v 1.0546364 1.2704399 0.4419798
v 1.0606209 1.2723216 0.4436251
v 0.6319776 0.2864354 1.5568729
v 0.6247436 0.3137363 1.5620067
v 0.9052226 0.3137362 1.9572412
v 0.9064294 0.2864354 1.9436143
v 0.6058044 0.3306091 1.5754468
v 0.8900079 0.3306091 1.9759296
v 0.6058044 0.3306091 1.5754468
v 0.5823941 0.3306091 1.5920598
v 0.8665981 0.3306091 1.9925430
v 0.8900079 0.3306091 1.9759296
v 0.5634550 0.3137363 1.6054999
v 0.8439339 0.3137362 2.0007344
v 0.5562210 0.2864354 1.6106337
v 0.8306732 0.2864354 1.9973755
v 0.5634550 0.2591346 1.6054999
v 0.8318805 0.2591345 1.9837491
v 0.5823941 0.2422618 1.5920598
v 0.8470947 0.2422616 1.9650603
v 0.6058044 0.2422618 1.5754468
v 0.8705046 0.2422616 1.9484468
v 0.6247436 0.2591346 1.5620067
v 0.8931687 0.2591345 1.9402559
v 0.9064294 0.2864354 1.9436143
v 0.9052226 0.3137362 1.9572412
v 0.9006991 0.3103689 1.9588755
v 0.9017575 0.2864354 1.9469300
v 0.8900079 0.3306091 1.9759296
v 0.8873614 0.3251606 1.9752591
v 0.8665981 0.3306091 1.9925430
v 0.8668388 0.3251606 1.9898233
v 0.8439339 0.3137362 2.0007344
v 0.8469702 0.3103689 1.9970046
v 0.8306732 0.2864354 1.9973755
v 0.8353451 0.2864354 1.9940598
v 0.8318805 0.2591345 1.9837491
v 0.8364035 0.2625018 1.9821143
v 0.8470947 0.2422616 1.9650603
v 0.8497412 0.2477101 1.9657308
v 0.8705046 0.2422616 1.9484468
v 0.8702638 0.2477101 1.9511666
v 0.8705046 0.2422616 1.9484468
v 0.8931687 0.2591345 1.9402559
v 0.8901320 0.2625019 1.9439853
v 0.8702638 0.2477101 1.9511666
v 0.9017575 0.2864354 1.9469300
v 0.9006991 0.3103689 1.9588755
v 0.6412168 0.2864354 1.6501485
v 0.8873614 0.3251606 1.9752591
v 0.8668388 0.3251606 1.9898233
v 0.8469702 0.3103689 1.9970046
v 0.8353451 0.2864354 1.9940598
v 0.8364035 0.2625018 1.9821143
v 0.8497412 0.2477101 1.9657308
v 0.8702638 0.2477101 1.9511666
v 0.8702638 0.2477101 1.9511666
v 0.8901320 0.2625019 1.9439853
v 1.2606810 0.2864354 1.1107118
v 1.5351333 0.2864354 1.4974537
v 1.5483944 0.3137362 1.5008125
v 1.2679154 0.3137362 1.1055780
v 1.5710581 0.3306091 1.4926212
v 1.2868546 0.3306091 1.0921379
v 1.2868546 0.3306091 1.0921379
v 1.5710581 0.3306091 1.4926212
v 1.5944680 0.3306091 1.4760077
v 1.3102645 0.3306091 1.0755249
v 1.6096826 0.3137362 1.4573194
v 1.3292036 0.3137362 1.0620849
v 1.6108899 0.2864354 1.4436925
v 1.3364376 0.2864354 1.0569511
v 1.5976287 0.2591345 1.4403337
v 1.3292036 0.2591346 1.0620849
v 1.5749650 0.2422616 1.4485250
v 1.3102645 0.2422617 1.0755249
v 1.5515551 0.2422616 1.4651380
v 1.2868542 0.2422617 1.0921379
v 1.5363405 0.2591345 1.4838268
v 1.2679154 0.2591346 1.1055780
v 1.5351333 0.2864354 1.4974537
v 1.5398051 0.2864354 1.4941380
v 1.5514306 0.3103689 1.4970828
v 1.5483944 0.3137362 1.5008125
v 1.5712988 0.3251606 1.4899015
v 1.5710581 0.3306091 1.4926212
v 1.5918214 0.3251606 1.4753377
v 1.5944680 0.3306091 1.4760077
v 1.6051592 0.3103689 1.4589537
v 1.6096826 0.3137362 1.4573194
v 1.6062175 0.2864354 1.4470082
v 1.6108899 0.2864354 1.4436925
v 1.5945925 0.2625018 1.4440634
v 1.5976287 0.2591345 1.4403337
v 1.5747243 0.2477101 1.4512443
v 1.5749650 0.2422616 1.4485250
v 1.5542013 0.2477101 1.4658085
v 1.5515551 0.2422616 1.4651380
v 1.5515551 0.2422616 1.4651380
v 1.5542013 0.2477101 1.4658085
v 1.5408635 0.2625018 1.4821925
v 1.5363405 0.2591345 1.4838268
v 1.5398051 0.2864354 1.4941380
v 1.3456769 0.2864354 1.1502267
v 1.5514306 0.3103689 1.4970828
v 1.5712988 0.3251606 1.4899015
v 1.5918214 0.3251606 1.4753377
v 1.6051592 0.3103689 1.4589537
v 1.6062175 0.2864354 1.4470082
v 1.5945925 0.2625018 1.4440634
v 1.5747243 0.2477101 1.4512443
v 1.5542013 0.2477101 1.4658085
v 1.5542013 0.2477101 1.4658085
v 1.5408635 0.2625018 1.4821925
v -0.1892990 0.8032959 1.1325753
v -0.1859776 0.8273873 1.1301717
v -0.1144906 0.8272133 1.2272162
v -0.1178120 0.8031218 1.2296194
v -0.2013453 0.8058424 1.1414532
v -0.1298580 0.8056683 1.2384982
v -0.1265367 0.8297598 1.2360941
v -0.1980239 0.8299339 1.1390500
v -0.1892990 0.8032959 1.1325753
v -0.1178120 0.8031218 1.2296194
v -0.1298580 0.8056683 1.2384982
v -0.2013453 0.8058424 1.1414532
v -0.1144906 0.8272133 1.2272162
v -0.1859776 0.8273873 1.1301717
v -0.1980239 0.8299339 1.1390500
v -0.1265367 0.8297598 1.2360941
v -0.0903032 0.8279314 1.2678390
v -0.0936241 0.8038399 1.2702427
v -0.0903032 0.8279314 1.2678390
v -0.0936241 0.8038399 1.2702427
v -0.2209233 0.8041498 1.0974328
v -0.2176019 0.8282413 1.0950296
v -0.2209233 0.8041498 1.0974328
v -0.2176019 0.8282413 1.0950296
v -0.1178120 0.8031218 1.2296194
v -0.1144906 0.8272133 1.2272162
v -0.0984501 0.8238224 1.2153944
v -0.1017715 0.7997309 1.2177976
v -0.0705442 0.8237545 1.2532766
v -0.0984501 0.8238224 1.2153944
v -0.0903032 0.8279314 1.2678390
v -0.0936241 0.8038399 1.2702427
v -0.0738656 0.7996630 1.2556802
v -0.0705442 0.8237545 1.2532766
v -0.1017715 0.7997309 1.2177976
v -0.0738656 0.7996630 1.2556802
v -0.1859776 0.8273873 1.1301717
v -0.1892990 0.8032959 1.1325753
v -0.1732589 0.7999050 1.1207530
v -0.1699375 0.8239965 1.1183494
v -0.2011648 0.7999729 1.0828708
v -0.1732589 0.7999050 1.1207530
v -0.2209233 0.8041498 1.0974328
v -0.2176019 0.8282413 1.0950296
v -0.1978432 0.8240644 1.0804672
v -0.2011648 0.7999729 1.0828708
v -0.1699375 0.8239965 1.1183494
v -0.1978432 0.8240644 1.0804672
v -0.6792092 0.8069081 0.4569028
v -0.6774723 0.8312529 0.4556702
v -0.6077163 0.8312530 0.5539665
v -0.6094532 0.8069082 0.5551990
v -0.6915413 0.8082311 0.4656544
v -0.6217853 0.8082311 0.5639502
v -0.6200482 0.8325760 0.5627177
v -0.6898042 0.8325759 0.4644215
v -0.6792092 0.8069081 0.4569028
v -0.6094532 0.8069082 0.5551990
v -0.6217853 0.8082311 0.5639502
v -0.6915413 0.8082311 0.4656544
v -0.6077163 0.8312530 0.5539665
v -0.6774723 0.8312529 0.4556702
v -0.6898042 0.8325759 0.4644215
v -0.6200482 0.8325760 0.5627177
v -0.5842925 0.8316613 0.5950390
v -0.5860294 0.8073165 0.5962715
v -0.5842925 0.8316613 0.5950390
v -0.5860294 0.8073165 0.5962715
v -0.7102460 0.8073164 0.4212331
v -0.7085091 0.8316613 0.4200001
v -0.7102460 0.8073164 0.4212331
v -0.7085091 0.8316613 0.4200001
v -0.6094532 0.8069082 0.5551990
v -0.6077163 0.8312530 0.5539665
v -0.5912951 0.8294913 0.5423131
v -0.5930322 0.8051464 0.5435456
v -0.5640649 0.8294913 0.5806842
v -0.5912951 0.8294913 0.5423131
v -0.5842925 0.8316613 0.5950390
v -0.5860294 0.8073165 0.5962715
v -0.5658020 0.8051465 0.5819167
v -0.5640649 0.8294913 0.5806842
v -0.5930322 0.8051464 0.5435456
v -0.5658020 0.8051465 0.5819167
v -0.6774723 0.8312529 0.4556702
v -0.6792092 0.8069081 0.4569028
v -0.6627882 0.8051464 0.4452494
v -0.6610511 0.8294913 0.4440169
v -0.6900184 0.8051464 0.4068783
v -0.6627882 0.8051464 0.4452494
v -0.7102460 0.8073164 0.4212331
v -0.7085091 0.8316613 0.4200001
v -0.6882813 0.8294913 0.4056458
v -0.6900184 0.8051464 0.4068783
v -0.6610511 0.8294913 0.4440169
v -0.6882813 0.8294913 0.4056458
v -1.5028816 0.5950807 -1.5674121
v -1.2627377 0.5951351 -1.7790942
v -1.2473014 0.5951351 -1.7573422
v -1.4874454 0.5950807 -1.5456601
v -1.5027741 0.6780682 -1.5399460
v -1.2482013 0.6780819 -1.7586104
v -1.2327651 0.6780819 -1.7368584
v -1.4873378 0.6780682 -1.5181939
v -1.4983451 0.7193877 -1.5201048
v -1.2365920 0.7193797 -1.7422510
v -1.2211557 0.7193797 -1.7204992
v -1.4829089 0.7193877 -1.4983532
v -1.5041111 0.6366108 -1.5554749
v -1.2567453 0.6366453 -1.7706504
v -1.2413091 0.6366453 -1.7488983
v -1.4886746 0.6366108 -1.5337229
v -1.4942344 0.7402174 -1.5074566
v -1.2288577 0.7402095 -1.7313528
v -1.2134215 0.7402095 -1.7096007
v -1.4787982 0.7402174 -1.4857046
v -1.5036221 0.6574405 -1.5479301
v -1.2526338 0.6574751 -1.7648566
v -1.2371975 0.6574751 -1.7431045
v -1.4881859 0.6574405 -1.5261785
v -1.5007827 0.6988979 -1.5302835
v -1.2425869 0.6989117 -1.7506988
v -1.2271507 0.6989117 -1.7289470
v -1.4853465 0.6988979 -1.5085319
v -1.5036581 0.6159104 -1.5616501
v -1.2598917 0.6159650 -1.7750839
v -1.2444555 0.6159650 -1.7533321
v -1.4882218 0.6159104 -1.5398981
v -1.4929629 0.7466607 -1.5035440
v -1.4885629 0.7516379 -1.4957057
v -1.2211938 0.7516458 -1.7205532
v -1.2264563 0.7466768 -1.7279687
v -1.5035098 0.6622257 -1.5461969
v -1.4999618 0.6677766 -1.5393704
v -1.2471896 0.6677420 -1.7571848
v -1.2517101 0.6621546 -1.7635548
v -1.5002659 0.7043014 -1.5277772
v -1.4963383 0.7096383 -1.5204861
v -1.2362815 0.7096245 -1.7418141
v -1.2411417 0.7042730 -1.7486624
v -1.5038215 0.6202997 -1.5604359
v -1.5006162 0.6259876 -1.5540469
v -1.2551123 0.6259330 -1.7683488
v -1.2593151 0.6201875 -1.7742713
v -1.4970734 0.7258309 -1.5161926
v -1.4926736 0.7308082 -1.5083543
v -1.2289280 0.7308159 -1.7314516
v -1.2341905 0.7258471 -1.7388671
v -1.5039985 0.6413959 -1.5537418
v -1.5004507 0.6469467 -1.5469153
v -1.2513011 0.6469122 -1.7629786
v -1.2558215 0.6413249 -1.7693486
v -1.5022573 0.6834716 -1.5374392
v -1.4983297 0.6888086 -1.5301481
v -1.2418960 0.6887947 -1.7497255
v -1.2467562 0.6834432 -1.7565738
v -1.5030453 0.5994699 -1.5661979
v -1.4998397 0.6051577 -1.5598087
v -1.2579583 0.6051033 -1.7723592
v -1.2621608 0.5993578 -1.7782814
v -1.1127330 0.9294805 0.1225498
v -1.1598980 0.9422405 0.0520267
v -1.1542823 0.9262412 0.0635255
v -1.0965795 1.0148766 0.1041618
v -1.0138469 1.0280795 -0.0275554
v -1.0553864 1.0268777 -0.0476944
v -1.1226958 1.0159401 0.0667485
v -1.0094928 0.9050686 -0.0325120
v -1.1420960 0.9142215 0.0492691
v -1.0668566 0.9055283 -0.0741915
v -1.1410333 1.0029310 0.0539105
v -1.0702015 1.0141714 -0.0630893
v -1.0875995 0.9348779 -0.0809657
v -1.1591723 0.9428453 0.0404287
v -1.0046803 0.9118941 -0.0379898
v -1.0041252 0.9079991 -0.0444714
v -1.0034267 0.9124954 -0.0529027
v -1.0060759 0.9499848 -0.0498869
v -1.0041252 0.9079991 -0.0444714
v -1.0571167 0.9077511 -0.0844125
v -1.0485954 0.9124954 -0.0925829
v -1.0034267 0.9124954 -0.0529027
v -1.0764908 0.9375666 -0.0870643
v -1.0512445 0.9499848 -0.0895672
v -1.0590169 1.0149779 -0.0651769
v -1.0049637 1.0159231 -0.0376672
v -1.0060759 0.9499848 -0.0498869
v -0.9784802 0.9079074 -0.0813001
v -0.9681273 0.9430054 -0.0930845
v -1.0236486 0.9079074 -0.1209803
v -0.9784802 0.9079074 -0.0813001
v -1.0132961 0.9430054 -0.1327647
v -1.0512445 0.9499848 -0.0895672
v -1.0060759 0.9499848 -0.0498869
v -0.9681273 0.9430054 -0.0930845
v -1.0132961 0.9430054 -0.1327647
v -1.0796428 0.9284989 -0.0839257
v -1.1542187 0.9263560 0.0515870
v -1.1067350 0.9999548 0.1157220
v -1.1417055 1.0019809 0.0653911
v -1.1054185 0.9159481 0.1142235
v -1.1427195 0.9148583 0.0607941
v -1.1220748 1.0168257 0.0552441
v -1.0665954 1.0259890 -0.0454506
v -1.0049637 1.0159231 -0.0376672
v -1.0094928 0.9050686 -0.0325120
v -1.1089443 0.9241148 0.1055036
v -1.1004124 1.0067615 0.0957911
v -1.1077716 0.9959484 0.1041688
v -1.1132132 0.9320124 0.1103627
v -1.1067350 0.9999548 0.1157220
v -1.1127330 0.9294805 0.1225498
v -1.1100842 0.9306303 0.1195345
v -1.1043388 0.9981355 0.1129945
v -1.1054185 0.9159481 0.1142235
v -1.1041524 0.9196568 0.1127820
v -1.0094928 0.9050686 -0.0325120
v -1.0104162 0.9090102 -0.0314606
v -1.0046803 0.9118941 -0.0379898
v -1.0072152 0.9135504 -0.0351042
v -1.0049637 1.0159231 -0.0376672
v -1.0074897 1.0142133 -0.0347920
v -1.0138469 1.0280795 -0.0275554
v -1.0147132 1.0240989 -0.0265693
v -1.0965795 1.0148766 0.1041618
v -1.0954530 1.0111914 0.1028793
v -1.1043388 0.9981355 0.1129945
v -1.1100842 0.9306303 0.1195345
v -1.1132132 0.9320124 0.1103627
v -1.1077716 0.9959484 0.1041688
v -1.1041524 0.9196568 0.1127820
v -1.1089443 0.9241148 0.1055036
v -1.0104162 0.9090102 -0.0314606
v -1.0172081 0.9146448 -0.0364629
v -1.0072152 0.9135504 -0.0351042
v -1.0074897 1.0142133 -0.0347920
v -1.0168393 1.0121580 -0.0368826
v -1.0147132 1.0240989 -0.0265693
v -1.0220683 1.0193139 -0.0309303
v -1.0954530 1.0111914 0.1028793
v -1.1004124 1.0067615 0.0957911
v -1.0172081 0.9146448 -0.0364629
v -1.0168393 1.0121580 -0.0368826
v -1.0220683 1.0193139 -0.0309303
v -1.4942344 0.7402174 -1.5074566
v -1.2288577 0.7402095 -1.7313528
v -1.5036221 0.6574405 -1.5479301
v -1.5035098 0.6622257 -1.5461969
v -1.2517101 0.6621546 -1.7635548
v -1.2526338 0.6574751 -1.7648566
v -1.5007827 0.6988979 -1.5302835
v -1.5002659 0.7043014 -1.5277772
v -1.2411417 0.7042730 -1.7486624
v -1.2425869 0.6989117 -1.7506988
v -1.5036581 0.6159104 -1.5616501
v -1.5038215 0.6202997 -1.5604359
v -1.2593151 0.6201875 -1.7742713
v -1.2598917 0.6159650 -1.7750839
v -1.4983451 0.7193877 -1.5201048
v -1.2365920 0.7193797 -1.7422510
v -1.5041111 0.6366108 -1.5554749
v -1.5039985 0.6413959 -1.5537418
v -1.2558215 0.6413249 -1.7693486
v -1.2567453 0.6366453 -1.7706504
v -1.5027741 0.6780682 -1.5399460
v -1.5022573 0.6834716 -1.5374392
v -1.2467562 0.6834432 -1.7565738
v -1.2482013 0.6780819 -1.7586104
v -1.5028816 0.5950807 -1.5674121
v -1.5030453 0.5994699 -1.5661979
v -1.2621608 0.5993578 -1.7782814
v -1.2627377 0.5951351 -1.7790942
v -1.4765443 0.7516379 -1.4787697
v -1.2091752 0.7516458 -1.7036171
v -1.4999618 0.6677766 -1.5393704
v -1.4879432 0.6677766 -1.5224344
v -1.2351709 0.6677420 -1.7402488
v -1.2471896 0.6677420 -1.7571848
v -1.4963383 0.7096383 -1.5204861
v -1.4843197 0.7096383 -1.5035501
v -1.2242629 0.7096245 -1.7248776
v -1.2362815 0.7096245 -1.7418141
v -1.5006162 0.6259876 -1.5540469
v -1.4885973 0.6259876 -1.5371109
v -1.2430937 0.6259330 -1.7514128
v -1.2551123 0.6259330 -1.7683488
v -1.4806550 0.7308082 -1.4914183
v -1.2169094 0.7308159 -1.7145158
v -1.5004507 0.6469467 -1.5469153
v -1.4884319 0.6469467 -1.5299792
v -1.2392825 0.6469122 -1.7460426
v -1.2513011 0.6469122 -1.7629786
v -1.4983297 0.6888086 -1.5301481
v -1.4863108 0.6888086 -1.5132117
v -1.2298774 0.6887947 -1.7327895
v -1.2418960 0.6887947 -1.7497255
v -1.4998397 0.6051577 -1.5598087
v -1.4878209 0.6051577 -1.5428725
v -1.2459396 0.6051033 -1.7554231
v -1.2579583 0.6051033 -1.7723592
v 1.1313047 0.8032958 0.1954060
v 1.1993075 0.8031218 0.2949226
v 1.1959426 0.8272133 0.2972644
v 1.1279393 0.8273873 0.1977474
v 1.1436620 0.8058423 0.1869661
v 1.1402967 0.8299338 0.1893079
v 1.2082995 0.8297597 0.2888249
v 1.2116648 0.8056682 0.2864831
v 1.1313047 0.8032958 0.1954060
v 1.1436620 0.8058423 0.1869661
v 1.2116648 0.8056682 0.2864831
v 1.1993075 0.8031218 0.2949226
v 1.1959426 0.8272133 0.2972644
v 1.2082995 0.8297597 0.2888249
v 1.1402967 0.8299338 0.1893079
v 1.1279393 0.8273873 0.1977474
v 1.2263026 0.8279313 0.3335070
v 1.2263026 0.8279313 0.3335070
v 1.2296679 0.8038398 0.3311652
v 1.2296679 0.8038398 0.3311652
v 1.1085727 0.8041498 0.1539534
v 1.1085727 0.8041498 0.1539534
v 1.1052073 0.8282412 0.1562948
v 1.1052073 0.8282412 0.1562948
v 1.1993075 0.8031218 0.2949226
v 1.1828525 0.7997308 0.3061610
v 1.1794876 0.8238223 0.3085028
v 1.1959426 0.8272133 0.2972644
v 1.1794876 0.8238223 0.3085028
v 1.2060334 0.8237544 0.3473507
v 1.2263026 0.8279313 0.3335070
v 1.2060334 0.8237544 0.3473507
v 1.2093983 0.7996629 0.3450084
v 1.2296679 0.8038398 0.3311652
v 1.2093983 0.7996629 0.3450084
v 1.1828525 0.7997308 0.3061610
v 1.1279393 0.8273873 0.1977474
v 1.1114844 0.8239964 0.2089859
v 1.1148497 0.7999049 0.2066441
v 1.1313047 0.8032958 0.1954060
v 1.1148497 0.7999049 0.2066441
v 1.0883039 0.7999728 0.1677966
v 1.1085727 0.8041498 0.1539534
v 1.0883039 0.7999728 0.1677966
v 1.0849386 0.8240643 0.1701380
v 1.1052073 0.8282412 0.1562948
v 1.0849386 0.8240643 0.1701380
v 1.1114844 0.8239964 0.2089859
v 0.6552516 0.8069081 -0.4901000
v 0.7250076 0.8069081 -0.3918038
v 0.7232705 0.8312529 -0.3905713
v 0.6535145 0.8312529 -0.4888675
v 0.6675833 0.8082311 -0.4988517
v 0.6658466 0.8325759 -0.4976188
v 0.7356026 0.8325759 -0.3993226
v 0.7373393 0.8082311 -0.4005555
v 0.6552516 0.8069081 -0.4901000
v 0.6675833 0.8082311 -0.4988517
v 0.7373393 0.8082311 -0.4005555
v 0.7250076 0.8069081 -0.3918038
v 0.7232705 0.8312529 -0.3905713
v 0.7356026 0.8325759 -0.3993226
v 0.6658466 0.8325759 -0.4976188
v 0.6535145 0.8312529 -0.4888675
v 0.7543071 0.8316613 -0.3549016
v 0.7543071 0.8316613 -0.3549016
v 0.7560442 0.8073165 -0.3561341
v 0.7560442 0.8073165 -0.3561341
v 0.6318278 0.8073164 -0.5311726
v 0.6318278 0.8073164 -0.5311726
v 0.6300907 0.8316613 -0.5299401
v 0.6300907 0.8316613 -0.5299401
v 0.7250076 0.8069081 -0.3918038
v 0.7085862 0.8051464 -0.3801505
v 0.7068495 0.8294913 -0.3789180
v 0.7232705 0.8312529 -0.3905713
v 0.7068495 0.8294913 -0.3789180
v 0.7340797 0.8294913 -0.3405468
v 0.7543071 0.8316613 -0.3549016
v 0.7340797 0.8294913 -0.3405468
v 0.7358164 0.8051464 -0.3417794
v 0.7560442 0.8073165 -0.3561341
v 0.7358164 0.8051464 -0.3417794
v 0.7085862 0.8051464 -0.3801505
v 0.6535145 0.8312529 -0.4888675
v 0.6370931 0.8294913 -0.4772142
v 0.6388302 0.8051464 -0.4784467
v 0.6552516 0.8069081 -0.4901000
v 0.6388302 0.8051464 -0.4784467
v 0.6116000 0.8051464 -0.5168178
v 0.6318278 0.8073164 -0.5311726
v 0.6116000 0.8051464 -0.5168178
v 0.6098629 0.8294913 -0.5155853
v 0.6300907 0.8316613 -0.5299401
v 0.6098629 0.8294913 -0.5155853
v 0.6370931 0.8294913 -0.4772142
v -0.9836438 0.5950807 -1.9358906
v -0.9682076 0.5950807 -1.9141385
v -0.9577530 0.6780682 -1.9267212
v -0.9423168 0.6780682 -1.9049693
v -0.9404867 0.7193877 -1.9159903
v -0.9250505 0.7193877 -1.8942385
v -0.9719702 0.6366108 -1.9331099
v -0.9565340 0.6366108 -1.9113579
v -0.9299046 0.7402174 -1.9079346
v -0.9144681 0.7402174 -1.8861826
v -0.9650098 0.6574405 -1.9301577
v -0.9495736 0.6574405 -1.9084059
v -0.9492902 0.6988979 -1.9216518
v -0.9338540 0.6988979 -1.8998998
v -0.9779486 0.6159104 -1.9347212
v -0.9625124 0.6159104 -1.9129691
v -0.9266311 0.7466607 -1.9054426
v -0.9206849 0.7516379 -1.8987016
v -0.9634110 0.6622257 -1.9294794
v -0.9581383 0.6677766 -1.9238767
v -0.9470947 0.7043014 -1.9203366
v -0.9415090 0.7096383 -1.9142219
v -0.9767485 0.6202997 -1.9344748
v -0.9717760 0.6259876 -1.9293396
v -0.9372135 0.7258309 -1.9134985
v -0.9312673 0.7308082 -1.9067576
v -0.9703711 0.6413959 -1.9324316
v -0.9650989 0.6469467 -1.9268289
v -0.9555577 0.6834716 -1.9254059
v -0.9499718 0.6888086 -1.9192915
v -0.9824437 0.5994699 -1.9356439
v -0.9774710 0.6051577 -1.9305090
v 0.4827661 0.9294805 -1.0096994
v 0.4407680 0.9262412 -1.0684050
v 0.4317677 0.9422405 -1.0775024
v 0.4600763 1.0148766 -1.0005219
v 0.4333825 1.0159401 -1.0375256
v 0.3031346 1.0268777 -1.0117717
v 0.3084308 1.0280795 -0.9659123
v 0.3023148 0.9050685 -0.9634386
v 0.4232878 0.9142215 -1.0616086
v 0.4724916 0.9159481 -1.0055439
v 0.4273179 1.0029310 -1.0590730
v 0.4205807 0.9428453 -1.0806461
v 0.2823634 0.9348779 -1.0531625
v 0.2934935 1.0141714 -1.0308389
v 0.2955554 0.9118941 -0.9607050
v 0.2847858 0.9499848 -0.9659498
v 0.2810648 0.9124954 -0.9644447
v 0.2892539 0.9079990 -0.9623206
v 0.2892539 0.9079990 -0.9623206
v 0.2810648 0.9124954 -0.9644447
v 0.2585208 0.9124954 -1.0201808
v 0.2690466 0.9077510 -1.0255270
v 0.2622423 0.9499848 -1.0216858
v 0.2729391 0.9375666 -1.0446904
v 0.2878307 1.0149779 -1.0209701
v 0.2847858 0.9499848 -0.9659498
v 0.2959537 1.0159231 -0.9608656
v 0.2314822 0.9430054 -0.9443898
v 0.2460237 0.9079073 -0.9502719
v 0.2460237 0.9079073 -0.9502719
v 0.2234802 0.9079073 -1.0060075
v 0.2089382 0.9430054 -1.0001258
v 0.2622423 0.9499848 -1.0216858
v 0.2089382 0.9430054 -1.0001258
v 0.2314822 0.9430054 -0.9443898
v 0.2847858 0.9499848 -0.9659498
v 0.2769427 0.9284989 -1.0466295
v 0.2819098 0.9055282 -1.0313465
v 0.4294773 0.9263560 -1.0722863
v 0.4743410 0.9999548 -1.0062918
v 0.4383766 1.0019809 -1.0559175
v 0.4343725 0.9148583 -1.0583921
v 0.3089532 1.0259890 -1.0216114
v 0.4223178 1.0168257 -1.0407373
v 0.2959537 1.0159231 -0.9608656
v 0.3023148 0.9050685 -0.9634386
v 0.4637774 0.9959484 -1.0110847
v 0.4534405 1.0067615 -1.0069035
v 0.4654243 0.9241148 -1.0117508
v 0.4714210 0.9320124 -1.0141758
v 0.4743410 0.9999548 -1.0062918
v 0.4709752 0.9981355 -1.0049304
v 0.4790451 0.9306303 -1.0081948
v 0.4827661 0.9294805 -1.0096994
v 0.4707131 0.9196568 -1.0048246
v 0.4724916 0.9159481 -1.0055439
v 0.3036122 0.9090101 -0.9639637
v 0.3023148 0.9050685 -0.9634386
v 0.2991158 0.9135504 -0.9621447
v 0.2955554 0.9118941 -0.9607050
v 0.2995011 1.0142133 -0.9623010
v 0.2959537 1.0159231 -0.9608656
v 0.3096481 1.0240989 -0.9664047
v 0.3084308 1.0280795 -0.9659123
v 0.4584938 1.0111914 -0.9998820
v 0.4600763 1.0148766 -1.0005219
v 0.4709752 0.9981355 -1.0049304
v 0.4637774 0.9959484 -1.0110847
v 0.4714210 0.9320124 -1.0141758
v 0.4790451 0.9306303 -1.0081948
v 0.4654243 0.9241148 -1.0117508
v 0.4707131 0.9196568 -1.0048246
v 0.3011328 0.9146448 -0.9720261
v 0.3036122 0.9090101 -0.9639637
v 0.2991158 0.9135504 -0.9621447
v 0.3006147 1.0121580 -0.9718167
v 0.2995011 1.0142133 -0.9623010
v 0.3079593 1.0193139 -0.9747872
v 0.3096481 1.0240989 -0.9664047
v 0.4534405 1.0067615 -1.0069035
v 0.4584938 1.0111914 -0.9998820
v 0.3006147 1.0121580 -0.9718167
v 0.3011328 0.9146448 -0.9720261
v 0.3079593 1.0193139 -0.9747872
v -0.9299046 0.7402174 -1.9079346
v -0.9634110 0.6622257 -1.9294794
v -0.9650098 0.6574405 -1.9301577
v -0.9470947 0.7043014 -1.9203366
v -0.9492902 0.6988979 -1.9216518
v -0.9767485 0.6202997 -1.9344748
v -0.9779486 0.6159104 -1.9347212
v -0.9404867 0.7193877 -1.9159903
v -0.9703711 0.6413959 -1.9324316
v -0.9719702 0.6366108 -1.9331099
v -0.9555577 0.6834716 -1.9254059
v -0.9577530 0.6780682 -1.9267212
v -0.9824437 0.5994699 -1.9356439
v -0.9836438 0.5950807 -1.9358906
v -0.9086663 0.7516379 -1.8817658
v -0.9461197 0.6677766 -1.9069407
v -0.9581383 0.6677766 -1.9238767
v -0.9294903 0.7096383 -1.8972858
v -0.9415090 0.7096383 -1.9142219
v -0.9597570 0.6259876 -1.9124034
v -0.9717760 0.6259876 -1.9293396
v -0.9192486 0.7308082 -1.8898218
v -0.9530800 0.6469467 -1.9098929
v -0.9650989 0.6469467 -1.9268289
v -0.9379531 0.6888086 -1.9023552
v -0.9499718 0.6888086 -1.9192915
v -0.9654524 0.6051577 -1.9135728
v -0.9774710 0.6051577 -1.9305090
v -1.1760452 0.8718091 -0.4321585
v -1.1336779 0.9101324 -0.3717101
v -0.8578462 0.9107195 -0.6672304
v -0.8931822 0.8774627 -0.7194727
v -0.6181596 0.9092477 -0.8707921
v -0.6512128 0.8770449 -0.9173690
v -1.1348200 0.9047391 -0.3685298
v -1.1336779 0.9101324 -0.3717101
v -1.1769743 0.8997430 -0.4346675
v -1.1787899 0.8941471 -0.4322412
v -0.8002644 0.9064547 -0.8057211
v -0.9898118 0.9060535 -0.6369257
v -0.8931822 0.8774627 -0.7194727
v -1.1151358 0.9015825 -0.4966601
v -1.1769743 0.8997430 -0.4346675
v -1.1336779 0.9101324 -0.3717101
v -1.1760452 0.8718091 -0.4321585
v -1.1769743 0.8997430 -0.4346675
v -1.1760452 0.8718091 -0.4321585
v -0.6527257 0.9062405 -0.9195005
v -0.6512128 0.8770449 -0.9173690
v -0.3468818 0.9107196 -1.0298375
v 0.0231315 0.9101324 -1.1926427
v -0.0199407 0.8718091 -1.2525909
v -0.3845291 0.8774628 -1.0804393
v 0.0265103 0.9047390 -1.1926710
v -0.0191126 0.8941470 -1.2552087
v -0.0220026 0.8997430 -1.2542958
v 0.0231315 0.9101324 -1.1926427
v -0.4966176 0.9064547 -1.0212047
v -0.3845291 0.8774628 -1.0804393
v -0.2747098 0.9060535 -1.1443998
v -0.1009347 0.9015826 -1.2163905
v -0.0220026 0.8997430 -1.2542958
v -0.0199407 0.8718091 -1.2525909
v 0.0231315 0.9101324 -1.1926427
v -0.0199407 0.8718091 -1.2525909
v -0.0220026 0.8997430 -1.2542958
v -0.6423320 0.8026759 -0.5418002
v -0.6712567 0.8700372 -0.5434059
v -0.5473868 0.9399114 -0.4266228
v -0.5083877 0.8490882 -0.4244574
v -0.6712567 0.8700372 -0.5434059
v -0.7260908 0.9116687 -0.5181714
v -0.6213195 0.9960431 -0.3925992
v -0.5473868 0.9399114 -0.4266228
v -0.7260908 0.9116687 -0.5181714
v -0.7858896 0.9116687 -0.4757352
v -0.7019465 0.9960431 -0.3353821
v -0.6213195 0.9960431 -0.3925992
v -0.7858896 0.9116687 -0.4757352
v -0.8278120 0.8700372 -0.4323061
v -0.7584705 0.9399114 -0.2768267
v -0.7019465 0.9960431 -0.3353821
v -0.8278120 0.8700372 -0.4323061
v -0.8358451 0.8026759 -0.4044729
v -0.7693014 0.8490882 -0.2392993
v -0.7584705 0.9399114 -0.2768267
v -0.5083877 0.8490882 -0.4244574
v -0.5473868 0.9399114 -0.4266228
v -0.6388446 0.8490882 -0.3318783
v -0.6213195 0.9960431 -0.3925992
v -0.7019465 0.9960431 -0.3353821
v -0.7584705 0.9399114 -0.2768267
v -0.7693014 0.8490882 -0.2392993
v -0.6712567 0.8700372 -0.5434059
v -0.6423320 0.8026759 -0.5418002
v -0.7390886 0.8026759 -0.4731366
v -0.8358451 0.8026759 -0.4044729
v -0.8278120 0.8700372 -0.4323061
v -0.7858896 0.9116687 -0.4757352
v -0.7260908 0.9116687 -0.5181714
v -0.5951820 1.0280766 -0.2682170
v -0.5837831 1.0142853 -0.2521543
v -0.5310008 1.0054159 -0.2845400
v -0.5369028 1.0182836 -0.3039755
v -0.5837831 1.0142853 -0.2521543
v -0.5963949 1.0041236 -0.2699258
v -0.5436124 0.9952542 -0.3023115
v -0.5310008 1.0054159 -0.2845400
v -0.5963949 1.0041236 -0.2699258
v -0.5951820 1.0280766 -0.2682170
v -0.5369028 1.0182836 -0.3039755
v -0.5436124 0.9952542 -0.3023115
v -0.4785982 0.9796762 -0.3070100
v -0.4790429 0.9898634 -0.3287851
v -0.4912100 0.9695145 -0.3247815
v -0.4785982 0.9796762 -0.3070100
v -0.4790429 0.9898634 -0.3287851
v -0.4912100 0.9695145 -0.3247815
v -0.4317046 0.9395857 -0.3173642
v -0.4272657 0.9455978 -0.3402181
v -0.4443164 0.9294240 -0.3351362
v -0.4317046 0.9395857 -0.3173642
v -0.4272657 0.9455978 -0.3402181
v -0.4443164 0.9294240 -0.3351362
v -0.3949106 0.8890687 -0.3145901
v -0.3866398 0.8898197 -0.3371549
v -0.4075222 0.8789070 -0.3323616
v -0.3949106 0.8890687 -0.3145901
v -0.3866398 0.8898197 -0.3371549
v -0.4075222 0.8789070 -0.3323616
v -0.3718176 0.8330702 -0.2989584
v -0.3611419 0.8279894 -0.3198954
v -0.3844292 0.8229086 -0.3167299
v -0.3718176 0.8330702 -0.2989584
v -0.3611419 0.8279894 -0.3198954
v -0.3844292 0.8229086 -0.3167299
v -0.7212280 0.8279895 -0.0643592
v -0.6979405 0.8330703 -0.0675248
v -0.7050719 0.8890688 -0.0944833
v -0.7291022 0.8898198 -0.0941259
v -0.6979405 0.8330703 -0.0675248
v -0.7105523 0.8229086 -0.0852963
v -0.7176835 0.8789071 -0.1122552
v -0.7050719 0.8890688 -0.0944833
v -0.7105523 0.8229086 -0.0852963
v -0.7212280 0.8279895 -0.0643592
v -0.7291022 0.8898198 -0.0941259
v -0.7176835 0.8789071 -0.1122552
v -0.6955436 0.9395858 -0.1301304
v -0.7185817 0.9455979 -0.1334853
v -0.7081552 0.9294241 -0.1479023
v -0.6955436 0.9395858 -0.1301304
v -0.7185817 0.9455979 -0.1334853
v -0.7081552 0.9294241 -0.1479023
v -0.6702884 0.9796762 -0.1709765
v -0.6906960 0.9898635 -0.1785849
v -0.6829000 0.9695145 -0.1887480
v -0.6702884 0.9796762 -0.1709765
v -0.6906960 0.9898635 -0.1785849
v -0.6829000 0.9695145 -0.1887480
v -0.6317782 1.0054159 -0.2130230
v -0.6481755 1.0182837 -0.2250103
v -0.6443900 0.9952544 -0.2307945
v -0.6317782 1.0054159 -0.2130230
v -0.6481755 1.0182837 -0.2250103
v -0.6443900 0.9952544 -0.2307945
v -0.3032254 1.0710518 0.3765971
v -0.0845316 1.0710518 0.2214007
v -0.0111708 0.8067915 0.1122030
v -0.4305198 0.8067915 0.4097948
v 0.0593698 0.7852994 0.2116050
v -0.0139910 1.0495597 0.3208027
v -0.2326846 1.0495597 0.4759991
v -0.3599788 0.7852994 0.5091968
v -0.0111708 0.8067915 0.1122030
v -0.0845316 1.0710518 0.2214007
v -0.0139910 1.0495597 0.3208027
v 0.0593698 0.7852994 0.2116050
v -0.1355622 1.1139856 0.2668974
v -0.2434324 1.1139855 0.3434477
v -0.1728915 1.0924933 0.4428497
v -0.0650212 1.0924933 0.3662994
v -0.3032254 1.0710518 0.3765971
v -0.4305198 0.8067915 0.4097948
v -0.3599788 0.7852994 0.5091968
v -0.2326846 1.0495597 0.4759991
v -0.0845316 1.0710518 0.2214007
v -0.1355622 1.1139856 0.2668974
v -0.0650212 1.0924933 0.3662994
v -0.0139910 1.0495597 0.3208027
v -0.2434324 1.1139855 0.3434477
v -0.3032254 1.0710518 0.3765971
v -0.2326846 1.0495597 0.4759991
v -0.1728915 1.0924933 0.4428497
v -0.2434324 1.1139855 0.3434477
v -0.1355622 1.1139856 0.2668974
v -0.0650212 1.0924933 0.3662994
v -0.1728915 1.0924933 0.4428497
v -0.0213400 0.7356284 1.1715168
v 0.1059545 0.9998886 1.1383195
v 1.0392529 0.9998886 0.4760017
v 1.1126137 0.7356284 0.3668040
v 0.1059545 0.9998886 1.1383195
v -0.0213400 0.7356284 1.1715168
v 0.0492010 0.7141363 1.2709188
v 0.1764950 0.9783966 1.2377211
v 0.1657472 1.0428224 1.1051701
v 0.1059545 0.9998886 1.1383195
v 0.1764950 0.9783966 1.2377211
v 0.2362881 1.0213302 1.2045717
v 0.1657472 1.0428224 1.1051701
v 0.9882223 1.0428224 0.5214984
v 0.1657472 1.0428224 1.1051701
v 0.2362881 1.0213302 1.2045717
v 1.0587633 1.0213302 0.6209004
v 0.9882223 1.0428224 0.5214984
v 0.1764950 0.9783966 1.2377211
v 1.1097934 0.9783966 0.5754033
v 1.0587633 1.0213302 0.6209004
v 0.2362881 1.0213302 1.2045717
v 0.1093342 0.8067916 0.0266860
v 0.2366286 1.0710518 -0.0065113
v 0.4553222 1.0710518 -0.1617081
v 0.5286830 0.8067916 -0.2709058
v 0.5258631 1.0495597 -0.0623061
v 0.3071695 1.0495597 0.0928903
v 0.1798751 0.7852994 0.1260880
v 0.5992239 0.7852995 -0.1715038
v 0.1093342 0.8067916 0.0266860
v 0.1798751 0.7852994 0.1260880
v 0.3071695 1.0495597 0.0928903
v 0.2366286 1.0710518 -0.0065113
v 0.2964217 1.1139856 -0.0396607
v 0.3669623 1.0924933 0.0597409
v 0.4748325 1.0924934 -0.0168094
v 0.4042920 1.1139856 -0.1162114
v 0.4553222 1.0710518 -0.1617081
v 0.5258631 1.0495597 -0.0623061
v 0.5992239 0.7852995 -0.1715038
v 0.5286830 0.8067916 -0.2709058
v 0.2366286 1.0710518 -0.0065113
v 0.3071695 1.0495597 0.0928903
v 0.3669623 1.0924933 0.0597409
v 0.2964217 1.1139856 -0.0396607
v 0.4042920 1.1139856 -0.1162114
v 0.4748325 1.0924934 -0.0168094
v 0.5258631 1.0495597 -0.0623061
v 0.4553222 1.0710518 -0.1617081
v 0.2964217 1.1139856 -0.0396607
v 0.4042920 1.1139856 -0.1162114
v 0.4748325 1.0924934 -0.0168094
v 0.3669623 1.0924933 0.0597409
v 1.1831547 0.7141363 0.4662056
v 0.0492010 0.7141363 1.2709188
v 1.0392529 0.9998886 0.4760017
v 1.1097934 0.9783966 0.5754033
v 1.1831547 0.7141363 0.4662056
v 1.1126137 0.7356284 0.3668040
v 0.9882223 1.0428224 0.5214984
v 1.0587633 1.0213302 0.6209004
v 1.1097934 0.9783966 0.5754033
v 1.0392529 0.9998886 0.4760017
v -0.2233496 1.1869888 -0.1187931
v -0.2110447 1.2583327 -0.1275256
v -0.0518245 1.2583327 -0.2405166
v -0.0395194 1.1869888 -0.2492487
v -0.2104772 1.1869888 -0.1006541
v -0.0266470 1.1869888 -0.2311097
v -0.0389521 1.2583327 -0.2223776
v -0.1981723 1.2583327 -0.1093866
v -0.2233496 1.1869888 -0.1187931
v -0.0395194 1.1869888 -0.2492487
v -0.0266470 1.1869888 -0.2311097
v -0.2104772 1.1869888 -0.1006541
v -0.0395194 1.1869888 -0.2492487
v -0.0518245 1.2583327 -0.2405166
v -0.0389521 1.2583327 -0.2223776
v -0.0266470 1.1869888 -0.2311097
v -0.0518245 1.2583327 -0.2405166
v -0.2110447 1.2583327 -0.1275256
v -0.1981723 1.2583327 -0.1093866
v -0.0389521 1.2583327 -0.2223776
v -0.2110447 1.2583327 -0.1275256
v -0.2233496 1.1869888 -0.1187931
v -0.2104772 1.1869888 -0.1006541
v -0.1981723 1.2583327 -0.1093866
v -0.1493684 1.2575635 -0.1850670
v -0.1498307 1.2996055 -0.1857188
v -0.1269642 1.2996055 -0.2019465
v -0.1265014 1.2575635 -0.2012948
v -0.1364960 1.2438036 -0.1669281
v -0.1136290 1.2438036 -0.1831558
v -0.1209044 1.2996055 -0.1934077
v -0.1437714 1.2996055 -0.1771800
v -0.1493684 1.2575635 -0.1850670
v -0.1265014 1.2575635 -0.2012948
v -0.1136290 1.2438036 -0.1831558
v -0.1364960 1.2438036 -0.1669281
v -0.1265014 1.2575635 -0.2012948
v -0.1269642 1.2996055 -0.2019465
v -0.1209044 1.2996055 -0.1934077
v -0.1136290 1.2438036 -0.1831558
v -0.1269642 1.2996055 -0.2019465
v -0.1498307 1.2996055 -0.1857188
v -0.1437714 1.2996055 -0.1771800
v -0.1209044 1.2996055 -0.1934077
v -0.1498307 1.2996055 -0.1857188
v -0.1493684 1.2575635 -0.1850670
v -0.1364960 1.2438036 -0.1669281
v -0.1437714 1.2996055 -0.1771800
v -0.4581166 0.9291214 -0.9075337
v -0.6898706 0.9460376 -0.7446040
v -0.6911882 0.9444235 -0.7464882
v -0.4594342 0.9275073 -0.9094179
v -0.6971000 0.9502450 -0.7539830
v -0.6916029 0.9569786 -0.7461221
v -0.4598489 0.9400625 -0.9090518
v -0.4653460 0.9333290 -0.9169127
v -0.6911882 0.9444235 -0.7464882
v -0.6971000 0.9502450 -0.7539830
v -0.4653460 0.9333290 -0.9169127
v -0.4594342 0.9275073 -0.9094179
v -0.9579533 0.9227107 -0.5374109
v -0.9566359 0.9243247 -0.5355267
v -0.9583682 0.9352657 -0.5370448
v -0.9638651 0.9285323 -0.5449061
v -0.7352809 0.9466102 -0.7107175
v -0.7370132 0.9575512 -0.7122361
v -0.9583682 0.9352657 -0.5370448
v -0.9566359 0.9243247 -0.5355267
v -0.4581166 0.9291214 -0.9075337
v -0.4594342 0.9275073 -0.9094179
v -0.4653460 0.9333290 -0.9169127
v -0.4598489 0.9400625 -0.9090518
v -0.9566359 0.9243247 -0.5355267
v -0.9579533 0.9227107 -0.5374109
v -0.7365985 0.9449961 -0.7126022
v -0.7352809 0.9466102 -0.7107175
v -0.9638651 0.9285323 -0.5449061
v -0.9583682 0.9352657 -0.5370448
v -0.7370132 0.9575512 -0.7122361
v -0.7425103 0.9508176 -0.7200970
v -0.9579533 0.9227107 -0.5374109
v -0.9638651 0.9285323 -0.5449061
v -0.7425103 0.9508176 -0.7200970
v -0.7365985 0.9449961 -0.7126022
v -0.4581166 0.9291214 -0.9075337
v -0.4598489 0.9400625 -0.9090518
v -0.6916029 0.9569786 -0.7461221
v -0.6898706 0.9460376 -0.7446040
v -0.7023389 0.9617332 -0.7601599
v -0.7477492 0.9623058 -0.7262739
v -0.7422519 0.9690393 -0.7184130
v -0.6968418 0.9684667 -0.7522990
v -0.6916029 0.9569786 -0.7461221
v -0.6971000 0.9502450 -0.7539830
v -0.7023389 0.9617332 -0.7601599
v -0.6968418 0.9684667 -0.7522990
v -0.7477492 0.9623058 -0.7262739
v -0.7023389 0.9617332 -0.7601599
v -1.1390938 0.8508142 -0.5315117
v -1.1226525 0.8709531 -0.5080009
v -1.1278915 0.8824412 -0.5141778
v -1.1443325 0.8623023 -0.5376887
v -0.7370132 0.9575512 -0.7122361
v -0.6916029 0.9569786 -0.7461221
v -0.6968418 0.9684667 -0.7522990
v -0.7422519 0.9690393 -0.7184130
v -0.7425103 0.9508176 -0.7200970
v -0.7370132 0.9575512 -0.7122361
v -1.1226525 0.8709531 -0.5080009
v -1.1390938 0.8508142 -0.5315117
v -0.7370132 0.9575512 -0.7122361
v -0.7422519 0.9690393 -0.7184130
v -1.1278915 0.8824412 -0.5141778
v -1.1226525 0.8709531 -0.5080009
v -0.7422519 0.9690393 -0.7184130
v -0.7477492 0.9623058 -0.7262739
v -1.1443325 0.8623023 -0.5376887
v -1.1278915 0.8824412 -0.5141778
v -0.7477492 0.9623058 -0.7262739
v -0.7425103 0.9508176 -0.7200970
v -1.1390938 0.8508142 -0.5315117
v -1.1443325 0.8623023 -0.5376887
v -0.0221406 0.9135091 -1.1601255
v -0.2774160 0.9247224 -1.0363445
v -0.2784780 0.9231092 -1.0383841
v -0.0232024 0.9118958 -1.1621656
v -0.2831545 0.9289421 -1.0466983
v -0.2787238 0.9356726 -1.0381878
v -0.0234484 0.9244591 -1.1619693
v -0.0278787 0.9177287 -1.1704793
v -0.2784780 0.9231092 -1.0383841
v -0.2831545 0.9289421 -1.0466983
v -0.0278787 0.9177287 -1.1704793
v -0.0232024 0.9118958 -1.1621656
v -0.5233731 0.9175280 -0.8900957
v -0.5223110 0.9191412 -0.8880556
v -0.5236191 0.9300913 -0.8898993
v -0.5280495 0.9233607 -0.8984094
v -0.3271930 0.9263842 -1.0093224
v -0.3285010 0.9373343 -1.0111661
v -0.5236191 0.9300913 -0.8898993
v -0.5223110 0.9191412 -0.8880556
v -0.0221406 0.9135091 -1.1601255
v -0.0232024 0.9118958 -1.1621656
v -0.0278787 0.9177287 -1.1704793
v -0.0234484 0.9244591 -1.1619693
v -0.5223110 0.9191412 -0.8880556
v -0.5233731 0.9175280 -0.8900957
v -0.3282550 0.9247710 -1.0113625
v -0.3271930 0.9263842 -1.0093224
v -0.5280495 0.9233607 -0.8984094
v -0.5236191 0.9300913 -0.8898993
v -0.3285010 0.9373343 -1.0111661
v -0.3329315 0.9306040 -1.0196762
v -0.5233731 0.9175280 -0.8900957
v -0.5280495 0.9233607 -0.8984094
v -0.3329315 0.9306040 -1.0196762
v -0.3282550 0.9247710 -1.0113625
v -0.0221406 0.9135091 -1.1601255
v -0.0234484 0.9244591 -1.1619693
v -0.2787238 0.9356726 -1.0381878
v -0.2774160 0.9247224 -1.0363445
v -0.2872558 0.9404439 -1.0536593
v -0.3370328 0.9421058 -1.0266376
v -0.3326021 0.9488362 -1.0181271
v -0.2828251 0.9471744 -1.0451492
v -0.2787238 0.9356726 -1.0381878
v -0.2831545 0.9289421 -1.0466983
v -0.2872558 0.9404439 -1.0536593
v -0.2828251 0.9471744 -1.0451492
v -0.3370328 0.9421058 -1.0266376
v -0.2872558 0.9404439 -1.0536593
v -0.7539558 0.8470526 -0.8891057
v -0.7407044 0.8671823 -0.8636526
v -0.7448058 0.8786843 -0.8706141
v -0.7580569 0.8585545 -0.8960671
v -0.3285010 0.9373343 -1.0111661
v -0.2787238 0.9356726 -1.0381878
v -0.2828251 0.9471744 -1.0451492
v -0.3326021 0.9488362 -1.0181271
v -0.3329315 0.9306040 -1.0196762
v -0.3285010 0.9373343 -1.0111661
v -0.7407044 0.8671823 -0.8636526
v -0.7539558 0.8470526 -0.8891057
v -0.7448058 0.8786843 -0.8706141
v -0.7407044 0.8671823 -0.8636526
v -0.3326021 0.9488362 -1.0181271
v -0.3370328 0.9421058 -1.0266376
v -0.7580569 0.8585545 -0.8960671
v -0.7448058 0.8786843 -0.8706141
v -0.3370328 0.9421058 -1.0266376
v -0.3329315 0.9306040 -1.0196762
v -0.7539558 0.8470526 -0.8891057
v -0.7580569 0.8585545 -0.8960671
v -0.8250997 1.1107908 0.0233442
v -0.7779386 1.1165262 -0.0759373
v -0.5356497 1.2728038 0.1352615
v -0.6016933 1.2520425 0.2072793
v -0.9283212 1.0290062 -0.0710172
v -0.9759812 0.9695693 -0.2604074
v -0.9824979 0.9042873 -0.0611463
v -1.0030697 0.9072098 -0.2554722
v -0.9759812 0.9695693 -0.2604074
v -0.9283212 1.0290062 -0.0710172
v -0.4574422 1.1153158 0.5536356
v -0.3668517 1.1144753 0.5596201
v -0.4702133 0.9090364 0.5536534
v -0.5745541 0.9087142 0.5295552
v -0.3470403 1.2682605 0.5580158
v -0.2626071 1.2682287 0.5547562
v 0.0321727 1.0917695 1.1860601
v 0.0919467 1.2661802 1.1268690
v 0.1005211 1.2666299 1.1855520
v 0.0410558 1.0913460 1.2460491
v -0.0163381 0.9147192 1.2381595
v -0.0061597 0.9160624 1.2978529
v 0.5887156 1.0801386 1.7687796
v 0.6614664 0.9150590 1.8789830
v 0.5471707 0.9751839 1.8939351
v 0.5098618 1.0656423 1.8161079
v 0.4862094 1.2362949 1.6346139
v 0.4432452 1.2223484 1.6684328
v -0.2936600 1.2681969 0.6334515
v -0.0876418 1.2676418 0.4448715
v -0.1128650 1.2678287 0.8873912
v -0.5097482 1.2686796 0.3261463
v -0.3906133 1.2674915 0.0152425
v -0.3470403 1.2682605 0.5580158
v -0.5571119 1.2667988 0.2584292
v 0.4020799 1.2414485 1.6104247
v -0.2626071 1.2682287 0.5547562
v 0.1804777 1.2676419 0.2545997
v 0.7833040 1.2671087 1.1040664
v 0.5159508 1.2671087 1.2937945
v -0.1237678 1.2674916 -0.1741251
v -0.5772292 1.2905780 0.1477081
v -0.3416170 1.2953613 -0.0600082
v -0.3906133 1.2674915 0.0152425
v 0.9734326 1.2677776 1.3718559
v 0.7781445 1.2617524 1.5118734
v -0.1470536 1.2957156 -0.2069375
v -0.1237678 1.2674916 -0.1741251
v 0.5173300 1.2454355 1.6735910
v -0.1270077 0.9126900 1.1381567
v 0.5902441 0.9286046 0.8320183
v -0.2523965 0.9114712 0.9726666
v -0.1670467 0.9062467 -0.2351111
v -0.4879713 0.9093585 0.6503884
v -0.5745541 0.9087142 0.5295552
v -0.7671340 0.9065455 0.2576673
v 0.5180614 0.9143972 1.8921166
v 0.2296327 0.9143500 1.5963472
v -0.0492485 0.9133759 1.2414291
v -0.9824979 0.9042873 -0.0611463
v -0.6181594 0.9092477 -0.8707921
v -0.8578462 0.9107195 -0.6672300
v -0.4702133 0.9090364 0.5536534
v -0.0061597 0.9160624 1.2978529
v -0.0163381 0.9147192 1.2381595
v 0.7177671 0.9095973 1.9654095
v 0.9777984 0.9092506 1.8336696
v 0.6614664 0.9150590 1.8789830
v -1.0030697 0.9072098 -0.2554722
v -0.3668517 1.1144753 0.5596201
v -0.3931062 1.1136349 0.6456443
v -0.4879713 0.9093585 0.6503884
v -0.4702133 0.9090364 0.5536534
v -0.2626071 1.2682287 0.5547562
v -0.2936600 1.2681969 0.6334515
v -0.7779386 1.1165262 -0.0759373
v -0.8408881 1.1173480 -0.0930279
v -0.5772292 1.2905780 0.1477081
v -0.5356497 1.2728038 0.1352615
v -0.9759812 0.9695693 -0.2604074
v -1.1348198 0.9047391 -0.3685298
v -1.0030697 0.9072098 -0.2554722
v -1.1348198 0.9047391 -0.3685298
v -0.9759812 0.9695693 -0.2604074
v 0.6192423 1.0896587 1.8177388
v 0.7177671 0.9095973 1.9654095
v 0.6614664 0.9150590 1.8789830
v 0.5887156 1.0801386 1.7687796
v 0.5173300 1.2454355 1.6735910
v 0.4862094 1.2362949 1.6346139
v -0.0007595 1.0904693 1.1896322
v 0.0599788 1.2675622 1.1291420
v 0.0919467 1.2661802 1.1268690
v 0.0321727 1.0917695 1.1860601
v -0.0492485 0.9133759 1.2414291
v -0.0163381 0.9147192 1.2381595
v 1.1974389 0.9093276 1.6876410
v -0.5356497 1.2728038 0.1352615
v -1.1348198 0.9047391 -0.3685298
v 0.6614664 0.9150590 1.8789830
v 0.5180614 0.9143972 1.8921166
v 0.5471707 0.9751839 1.8939351
v 0.2317116 1.2609681 1.3704392
v 0.0919467 1.2661802 1.1268690
v 0.0599788 1.2675622 1.1291420
v 0.1005211 1.2666299 1.1855520
v 0.0862055 0.9143016 1.4165738
v 0.2941644 1.1107908 -0.7709438
v 0.3940327 1.2520425 -0.4993402
v 0.3042491 1.2728038 -0.4607744
v 0.1848796 1.1165262 -0.7592034
v 0.2391702 1.0290062 -0.8995304
v 0.0761325 0.9695693 -1.0070428
v 0.0761325 0.9695693 -1.0070428
v 0.0897341 0.9072097 -1.0309834
v 0.2663734 0.9042872 -0.9474112
v 0.2391702 1.0290062 -0.8995304
v 0.6733475 1.1153158 -0.2488320
v 0.6892800 0.9087142 -0.3673277
v 0.6775805 0.9090364 -0.2608811
v 0.6490891 1.1144753 -0.1613450
v 0.6410349 1.2682605 -0.1431738
v 0.6100836 1.2682287 -0.0645508
v 1.0856317 1.2666298 0.4864661
v 1.0330694 1.2661802 0.4589990
v 1.1086754 1.0917694 0.4221177
v 1.1623683 1.0913459 0.4503070
v 1.1738684 0.9147191 0.3935266
v 1.2268555 0.9160623 0.4228409
v 1.6068436 0.9751838 1.1419356
v 1.5549967 0.9150590 1.2448876
v 1.4749896 1.0801384 1.1398337
v 1.5456960 1.0656422 1.0810253
v 1.3821864 1.2362948 0.9987818
v 1.4282935 1.2223483 0.9693909
v 0.6946184 1.2681969 -0.0678822
v 0.8746340 1.2678287 0.1866108
v 0.4485971 1.2676418 0.0643283
v 0.4758809 1.2686796 -0.3733075
v 0.6410349 1.2682605 -0.1431738
v 0.1430778 1.2674915 -0.3634926
v 0.4275965 1.2667988 -0.4403716
v 1.3871278 1.2414484 0.9113827
v 0.6100836 1.2682287 -0.0645508
v 1.0506572 1.2671086 0.9143388
v 0.3297248 1.2905780 -0.4959139
v 0.1430778 1.2674915 -0.3634926
v 0.0558703 1.2953613 -0.3420863
v 1.1699501 1.2617524 1.2338281
v 0.9733111 1.2677776 1.3719421
v 1.4087044 1.2454353 1.0410246
v 1.1160087 0.9126900 0.2560468
v 1.0011922 0.9114712 0.0830546
v 0.7747544 0.9093585 -0.2457079
v 0.6892800 0.9087142 -0.3673277
v 0.4962132 0.9065455 -0.6388700
v 1.6147367 0.9143970 1.1138586
v 1.4307703 0.9143499 0.7439570
v 1.1878196 0.9133758 0.3635405
v 0.2663734 0.9042872 -0.9474112
v -0.3468814 0.9107195 -1.0298375
v 0.6775805 0.9090364 -0.2608811
v 1.2268555 0.9160623 0.4228409
v 1.1738684 0.9147191 0.3935266
v 1.6179906 0.9095973 1.3265642
v 1.5549967 0.9150590 1.2448876
v 1.4077905 0.9092506 1.5285242
v 0.0897341 0.9072097 -1.0309834
v 0.6490891 1.1144753 -0.1613450
v 0.6775805 0.9090364 -0.2608811
v 0.7747544 0.9093585 -0.2457079
v 0.7389580 1.1136349 -0.1577280
v 0.6100836 1.2682287 -0.0645508
v 0.6946184 1.2681969 -0.0678822
v 0.1848796 1.1165262 -0.7592034
v 0.3042491 1.2728038 -0.4607744
v 0.3297248 1.2905780 -0.4959139
v 0.1895289 1.1173480 -0.8242662
v 0.0761325 0.9695693 -1.0070428
v 0.0265108 0.9047390 -1.1926710
v 0.0897341 0.9072097 -1.0309834
v 0.0761325 0.9695693 -1.0070428
v 0.0265108 0.9047390 -1.1926710
v 1.5549967 0.9150590 1.2448876
v 1.6179906 0.9095973 1.3265642
v 1.5111256 1.0896587 1.1848119
v 1.4749896 1.0801384 1.1398337
v 1.4087044 1.2454353 1.0410246
v 1.3821864 1.2362948 0.9987818
v 1.0330694 1.2661802 0.4589990
v 1.0457685 1.2675622 0.4295737
v 1.1229187 1.0904692 0.3922109
v 1.1086754 1.0917694 0.4221177
v 1.1878196 0.9133758 0.3635405
v 1.1738684 0.9147191 0.3935266
v 0.3042491 1.2728038 -0.4607744
v 0.0265108 0.9047390 -1.1926710
v 1.5549967 0.9150590 1.2448876
v 1.6068436 0.9751838 1.1419356
v 1.6147367 0.9143970 1.1138586
v 1.2168422 1.2609680 0.6713389
v 1.0330694 1.2661802 0.4589990
v 1.0457685 1.2675622 0.4295737
v 1.0856317 1.2666298 0.4864661
v 1.3084264 0.9143015 0.5492219
v 0.8489027 0.9874317 1.8518185
v 0.9802634 0.9765439 1.7782496
v 0.9734631 0.9875614 1.7685519
v 0.8431934 0.9984495 1.8436585
v 0.8349859 0.9936671 1.8332982
v 0.8406948 0.9826496 1.8414582
v 0.8489027 0.9874317 1.8518185
v 0.8431934 0.9984495 1.8436585
v 0.8406948 0.9826496 1.8414582
v 0.9720560 0.9717616 1.7678889
v 0.9802634 0.9765439 1.7782496
v 0.8489027 0.9874317 1.8518185
v 1.2263557 0.8954804 1.6743102
v 1.2277053 0.9094382 1.6665077
v 1.2359132 0.9142201 1.6768684
v 1.2345640 0.9002626 1.6846710
v 0.9652552 0.9827794 1.7581911
v 0.8349859 0.9936671 1.8332982
v 0.8431934 0.9984495 1.8436585
v 0.9734631 0.9875614 1.7685519
v 0.9720560 0.9717616 1.7678889
v 0.9652552 0.9827794 1.7581911
v 1.1607835 0.9348895 1.6926860
v 1.1623426 0.9097814 1.7081423
v 1.1689914 0.9396715 1.7030468
v 1.1607835 0.9348895 1.6926860
v 1.1705505 0.9145637 1.7185026
v 1.1689914 0.9396715 1.7030468
v 1.1623426 0.9097814 1.7081423
v 1.1705505 0.9145637 1.7185026
v 1.2277053 0.9094382 1.6665077
v 1.2213830 0.9193259 1.6672491
v 1.2295909 0.9241079 1.6776099
v 1.2359132 0.9142201 1.6768684
v 1.2345640 0.9002626 1.6846710
v 1.2278207 0.8949568 1.6954806
v 1.2196128 0.8901747 1.6851203
v 1.2263557 0.8954804 1.6743102
v 1.2213830 0.9193259 1.6672491
v 1.2277053 0.9094382 1.6665077
v 1.2263557 0.8954804 1.6743102
v 1.2196128 0.8901747 1.6851203
v 1.2345640 0.9002626 1.6846710
v 1.2359132 0.9142201 1.6768684
v 1.2295909 0.9241079 1.6776099
v 1.2278207 0.8949568 1.6954806
v 1.2295909 0.9241079 1.6776099
v 1.2213830 0.9193259 1.6672491
v 1.2196128 0.8901747 1.6851203
v 1.2278207 0.8949568 1.6954806
v -0.3899013 1.3245861 0.3456628
v -0.3583911 1.3649238 0.3900650
v -0.3608374 1.3846165 0.3866178
v -0.4315218 1.3241279 0.2870138
v -0.4315218 1.3241279 0.2870138
v -0.3608374 1.3846165 0.3866178
v -0.3448291 1.3846165 0.3752574
v -0.4155135 1.3241279 0.2756534
v -0.4155135 1.3241279 0.2756534
v -0.3448291 1.3846165 0.3752574
v -0.3423828 1.3649238 0.3787046
v -0.3738928 1.3245861 0.3343024
v -0.3738928 1.3245861 0.3343024
v -0.3423828 1.3649238 0.3787046
v -0.3583911 1.3649238 0.3900650
v -0.3899013 1.3245861 0.3456628
v 0.2140585 1.3602289 1.1967273
v 0.2141943 1.3791126 1.1969184
v 0.2141943 1.3791126 1.1969184
v 0.2302026 1.3791126 1.1855581
v 0.2302026 1.3791126 1.1855581
v 0.2300672 1.3602289 1.1853670
v 0.2300672 1.3602289 1.1853670
v 0.2140585 1.3602289 1.1967273
v 0.2485118 1.3017903 1.2452759
v 0.4930080 1.2941149 1.5898059
v 0.4552512 1.3642480 1.5366015
v 0.4552512 1.3642480 1.5366015
v 0.4930080 1.2941149 1.5898059
v 0.5090163 1.2941149 1.5784455
v 0.4712595 1.3642480 1.5252412
v 0.4712595 1.3642480 1.5252412
v 0.5090163 1.2941149 1.5784455
v 0.2645201 1.3017903 1.2339156
v 0.2645201 1.3017903 1.2339156
v 0.2485118 1.3017903 1.2452759
v 0.4552512 1.3642480 1.5366015
v 0.4712595 1.3642480 1.5252412
v 0.4547370 1.3245863 -0.2537368
v 0.4131168 1.3241280 -0.3123863
v 0.4838010 1.3846166 -0.2127818
v 0.4862473 1.3649238 -0.2093346
v 0.4131168 1.3241280 -0.3123863
v 0.3971085 1.3241280 -0.3010259
v 0.4677927 1.3846166 -0.2014214
v 0.4838010 1.3846166 -0.2127818
v 0.3971085 1.3241280 -0.3010259
v 0.4387292 1.3245863 -0.2423769
v 0.4702394 1.3649238 -0.1979742
v 0.4677927 1.3846166 -0.2014214
v 0.4387292 1.3245863 -0.2423769
v 0.4547370 1.3245863 -0.2537368
v 0.4862473 1.3649238 -0.2093346
v 0.4702394 1.3649238 -0.1979742
v 1.0588329 1.3791125 0.5975184
v 1.0586971 1.3602287 0.5973273
v 1.0428246 1.3791125 0.6088788
v 1.0588329 1.3791125 0.5975184
v 1.0426888 1.3602287 0.6086876
v 1.0428246 1.3791125 0.6088788
v 1.0586971 1.3602287 0.5973273
v 1.0426888 1.3602287 0.6086876
v 1.2998898 1.3642479 0.9372015
v 1.3376466 1.2941149 0.9904063
v 1.0931504 1.3017902 0.6458763
v 1.2998898 1.3642479 0.9372015
v 1.2838815 1.3642479 0.9485618
v 1.3216383 1.2941149 1.0017662
v 1.3376466 1.2941149 0.9904063
v 1.2838815 1.3642479 0.9485618
v 1.0771421 1.3017902 0.6572367
v 1.3216383 1.2941149 1.0017662
v 1.0931504 1.3017902 0.6458763
v 1.0771421 1.3017902 0.6572367
v 1.2838815 1.3642479 0.9485618
v 1.2998898 1.3642479 0.9372015
v -1.1401687 0.1953610 -0.7101868
v -1.2549355 0.1440212 -0.6967380
v -1.3579397 0.1440211 -0.8418853
v -1.3073565 0.1953610 -0.9457777
v -1.2228436 0.1953610 -0.6515160
v -1.3900316 0.1953610 -0.8871073
v -1.3579397 0.1440211 -0.8418853
v -1.2549355 0.1440212 -0.6967380
v -1.2228436 0.3181318 -0.6515160
v -1.2228436 0.1953610 -0.6515160
v -1.2549355 0.1440212 -0.6967380
v -1.1401687 0.1953610 -0.7101868
v -1.3073565 0.1953610 -0.9457777
v -1.3579397 0.1440211 -0.8418853
v -1.3900316 0.1953610 -0.8871073
v -0.2942256 0.1953610 -1.3105124
v -0.4614133 0.1953610 -1.5461037
v -0.3466465 0.1440211 -1.5595525
v -0.2436421 0.1440212 -1.4144052
v -0.3466465 0.1440211 -1.5595525
v -0.3787384 0.1953610 -1.6047745
v -0.2115504 0.1953610 -1.3691832
v -0.2436421 0.1440212 -1.4144052
v -0.2942256 0.1953610 -1.3105124
v -1.2228436 0.3181318 -0.6515160
v -0.4614133 0.1953610 -1.5461037
v -0.3787384 0.3181317 -1.6047745
v -0.3787384 0.1953610 -1.6047745
v -0.3787384 0.3181317 -1.6047745
v -0.2115504 0.3181318 -1.3691832
v -0.2115504 0.1953610 -1.3691832
v -0.2436421 0.1440212 -1.4144052
v -0.3466465 0.1440211 -1.5595525
v -1.1401687 0.1953610 -0.7101868
v -1.3073565 0.1953610 -0.9457777
v -0.2942256 0.1953610 -1.3105124
v 0.3825051 0.1953611 1.4354733
v 0.2677379 0.1440213 1.4489221
v 0.1647336 0.1440212 1.3037747
v 0.2153167 0.1953611 1.1998824
v 0.2998298 0.1953611 1.4941441
v 0.1326418 0.1953611 1.2585527
v 0.1647336 0.1440212 1.3037747
v 0.2677379 0.1440213 1.4489221
v 0.2998298 0.3181319 1.4941441
v 0.2998298 0.1953611 1.4941441
v 0.2677379 0.1440213 1.4489221
v 0.3825051 0.1953611 1.4354733
v 0.2153167 0.1953611 1.1998824
v 0.1647336 0.1440212 1.3037747
v 0.1326418 0.1953611 1.2585527
v 1.2284481 0.1953611 0.8351477
v 1.0612601 0.1953611 0.5995568
v 1.1760273 0.1440212 0.5861080
v 1.2790311 0.1440213 0.7312553
v 1.1760273 0.1440212 0.5861080
v 1.1439354 0.1953611 0.5408860
v 1.3111234 0.1953610 0.7764773
v 1.2790311 0.1440213 0.7312553
v 1.2284481 0.1953611 0.8351477
v 0.2998298 0.3181319 1.4941441
v 1.0612601 0.1953611 0.5995568
v 1.1439354 0.3181318 0.5408860
v 1.1439354 0.1953611 0.5408860
v 1.1439354 0.3181318 0.5408860
v 1.3111234 0.3181319 0.7764773
v 1.3111234 0.1953610 0.7764773
v 1.2790311 0.1440213 0.7312553
v 1.1760273 0.1440212 0.5861080
v 0.3825051 0.1953611 1.4354733
v 0.2153167 0.1953611 1.1998824
v 1.2284481 0.1953611 0.8351477
v -1.5286527 0.5704739 -1.5041287
v 0.7797854 0.2860657 1.9542616
v 0.8102068 0.3323505 1.9546560
v 1.2417144 0.7086441 0.3576483
v -0.9154011 0.5704738 -1.9393240
v 1.5773225 0.3323505 1.4102706
v 1.5869928 0.2860657 1.3814243
v -1.3900316 0.3181318 -0.8871073
v -0.2115504 0.3181318 -1.3691832
v -1.3900316 0.3181318 -0.8871073
v -0.4614133 0.1953610 -1.5461037
v 0.1326418 0.3181318 1.2585527
v 1.3111234 0.3181319 0.7764773
v 0.1326418 0.3181318 1.2585527
v 1.0612601 0.1953611 0.5995568
vt 0.1672328 0.4794023
vt 0.1669232 0.5220252
vt 0.1205105 0.5220252
vt 0.1211592 0.4797204
vt 0.1233241 0.4234208
vt 0.1677116 0.4220803
vt 0.1298509 0.3628304
vt 0.1677016 0.3602809
vt 0.1672433 0.4001344
vt 0.1228616 0.4092547
vt 0.2318391 0.3564992
vt 0.2851622 0.3538139
vt 0.2838096 0.3768260
vt 0.2318253 0.3872109
vt 0.2323097 0.4785698
vt 0.2320305 0.4199471
vt 0.2831388 0.4179666
vt 0.2825936 0.4777460
vt 0.2829163 0.5220252
vt 0.2323739 0.5220252
vt 0.4669304 0.5054701
vt 0.3783032 0.5059106
vt 0.3813215 0.4343700
vt 0.4639804 0.4322316
vt 0.4672541 0.5620540
vt 0.3772787 0.5622480
vt 0.8694402 0.8108739
vt 0.9396896 0.8112239
vt 0.9424418 0.8201603
vt 0.8638502 0.8195896
vt 0.6420630 0.7594742
vt 0.6436074 0.8058660
vt 0.5309395 0.8055452
vt 0.5300881 0.7594379
vt 0.5296791 0.7363188
vt 0.6414176 0.7361585
vt 0.5439975 0.4318858
vt 0.5440326 0.5052074
vt 0.5978872 0.4333888
vt 0.5973884 0.5052457
vt 0.5441249 0.5618882
vt 0.5972442 0.5617737
vt 0.2693132 0.8061806
vt 0.2712769 0.7595024
vt 0.4173328 0.7594579
vt 0.4175397 0.8054937
vt 0.2742219 0.7362078
vt 0.4174852 0.7361946
vt 0.0176427 0.8574128
vt 0.0135287 0.8535143
vt 0.0240189 0.8536030
vt 0.0837558 0.4160686
vt 0.0733020 0.4180328
vt 0.0797259 0.4060326
vt 0.0432554 0.8556048
vt 0.0428094 0.8594036
vt 0.0393272 0.8656414
vt 0.0941421 0.3934928
vt 0.4333470 0.9853194
vt 0.3489255 0.9448645
vt 0.3551946 0.9410192
vt 0.4355638 0.9812977
vt 0.4574898 0.9819054
vt 0.4554529 0.9919194
vt 0.4397050 0.9779196
vt 0.4845630 0.9827513
vt 0.4813802 0.9927357
vt 0.3518577 0.5057372
vt 0.3571440 0.4366386
vt 0.3278992 0.5038755
vt 0.3382619 0.4371578
vt 0.0834009 0.4479574
vt 0.0860201 0.4248411
vt 0.0782629 0.5220252
vt 0.0799101 0.4796707
vt 0.0659925 0.4795690
vt 0.0638860 0.5220252
vt 0.0798819 0.8668531
vt 0.0779912 0.8744965
vt 0.0808730 0.8574560
vt 0.1438513 0.8467235
vt 0.1696802 0.8437625
vt 0.1672247 0.8595319
vt 0.1299880 0.8569497
vt 0.2012887 0.8360413
vt 0.2113887 0.8614218
vt 0.1473247 0.8661961
vt 0.2078050 0.8717054
vt 0.2030493 0.8811086
vt 0.1455731 0.8756157
vt 0.1987163 0.8883269
vt 0.1439176 0.8834100
vt 0.3504625 0.5623058
vt 0.3255033 0.5623596
vt 0.2544106 0.8944584
vt 0.2638273 0.8908987
vt 0.2743577 0.8885180
vt 0.3621694 0.9395303
vt 0.5628909 0.9834647
vt 0.5663070 0.9932231
vt 0.8356724 0.8826350
vt 0.8002740 0.8661666
vt 0.8413600 0.8663678
vt 0.6470111 0.9833621
vt 0.6473686 0.9952541
vt 0.7214032 0.9833678
vt 0.7300394 0.9946987
vt 0.2510113 0.8926789
vt 0.2335224 0.8915793
vt 0.2415815 0.8853343
vt 0.2603743 0.8885336
vt 0.2672777 0.8802022
vt 0.2514312 0.8771292
vt 0.2643521 0.8642044
vt 0.6999513 0.7594920
vt 0.7088944 0.7894120
vt 0.6995088 0.7968963
vt 0.6858525 0.7595706
vt 0.2582285 0.7599342
vt 0.2484246 0.8069381
vt 0.2350281 0.7960265
vt 0.2455718 0.7598668
vt 0.2669022 0.7598305
vt 0.2650377 0.8064322
vt 0.2102650 0.8137149
vt 0.2218833 0.8174359
vt 0.1915793 0.8276936
vt 0.1872399 0.8200712
vt 0.2037033 0.8076541
vt 0.2165996 0.7895316
vt 0.2243926 0.7933809
vt 0.1690210 0.8363087
vt 0.1451117 0.8395735
vt 0.1465320 0.8308578
vt 0.1676312 0.8279456
vt 0.1221662 0.8365234
vt 0.1197033 0.8435847
vt 0.0931310 0.8348430
vt 0.1012017 0.8277186
vt 0.1061153 0.8201309
vt 0.1255096 0.8280628
vt 0.2357053 0.7596049
vt 0.2266946 0.7594368
vt 0.8553708 0.8154637
vt 0.8460942 0.8375666
vt 0.8370401 0.8296703
vt 0.8318865 0.8219603
vt 0.8483052 0.8091504
vt 0.7321145 0.8372657
vt 0.7451476 0.8294588
vt 0.7445465 0.8409428
vt 0.7682877 0.8384619
vt 0.7493693 0.8218300
vt 0.7693112 0.8299557
vt 0.7907673 0.8329297
vt 0.7928069 0.8416053
vt 0.7952692 0.8506280
vt 0.7677152 0.8477824
vt 0.8200758 0.8478910
vt 0.8160157 0.8386911
vt 0.8121544 0.8301132
vt 0.8392859 0.8412308
vt 0.7090665 0.7594060
vt 0.7175555 0.7860422
vt 0.0831612 0.8138174
vt 0.0900176 0.8072522
vt 0.0741050 0.8175901
vt 0.7258398 0.8152526
vt 0.7150595 0.8188979
vt 0.7325377 0.8092216
vt 0.7115190 0.8186920
vt 0.7286277 0.8368185
vt 0.6448429 0.8358035
vt 0.6961910 0.7968925
vt 0.5313712 0.8357587
vt 0.2647795 0.8355899
vt 0.2376533 0.8352911
vt 0.0742809 0.8096516
vt 0.0512417 0.8260220
vt 0.0341195 0.8096654
vt 0.0448908 0.4206546
vt 0.0245376 0.4212513
vt 0.0261477 0.4181859
vt 0.0462062 0.4172054
vt 0.5317286 0.8525395
vt 0.6443887 0.8527104
vt 0.6441031 0.8657703
vt 0.5317731 0.8658379
vt 0.2690383 0.8407466
vt 0.4174927 0.8409536
vt 0.4190657 0.8656639
vt 0.2690392 0.8648306
vt 0.7321145 0.8372657
vt 0.7445465 0.8409428
vt 0.7325374 0.8409923
vt 0.7664801 0.8661376
vt 0.7324743 0.8821355
vt 0.7327179 0.8658543
vt 0.7797786 0.8823614
vt 0.0788996 0.8458298
vt 0.3159499 0.3730268
vt 0.3188790 0.3523362
vt 0.3070272 0.4170119
vt 0.3010997 0.4774247
vt 0.2995057 0.5220252
vt 0.8591521 0.8105360
vt 0.2362375 0.8399905
vt 0.2646293 0.8406206
vt 0.7286277 0.8368185
vt 0.7292583 0.8408336
vt 0.6450917 0.8409737
vt 0.6448429 0.8358035
vt 0.5316251 0.8411223
vt 0.5313712 0.8357587
vt 0.2376533 0.8352911
vt 0.2362375 0.8399905
vt 0.2012887 0.8360413
vt 0.2647795 0.8355899
vt 0.2646293 0.8406206
vt 0.2721566 0.8862886
vt 0.6437453 0.8818133
vt 0.5321565 0.8816378
vt 0.9478189 0.8376125
vt 0.7325374 0.8409923
vt 0.0122991 0.8539819
vt 0.0135287 0.8535143
vt 0.0176427 0.8574128
vt 0.0162673 0.8577900
vt 0.1075581 0.3628583
vt 0.1071218 0.3639726
vt 0.1024959 0.3633793
vt 0.1031892 0.3622074
vt 0.0393272 0.8656414
vt 0.0384817 0.8665346
vt 0.1297490 0.3614759
vt 0.1298509 0.3628304
vt 0.4333470 0.9853194
vt 0.4337746 0.9866797
vt 0.3480048 0.9456055
vt 0.3489255 0.9448645
vt 0.4554529 0.9919194
vt 0.4561730 0.9930804
vt 0.4813802 0.9927357
vt 0.4819452 0.9938251
vt 0.3812689 0.4329490
vt 0.3813215 0.4343700
vt 0.3571440 0.4366386
vt 0.3571163 0.4352087
vt 0.3382619 0.4371578
vt 0.3369241 0.4358262
vt 0.1676180 0.3588280
vt 0.1677016 0.3602809
vt 0.0779912 0.8744965
vt 0.0777430 0.8754791
vt 0.1437100 0.8843593
vt 0.1439176 0.8834100
vt 0.1987163 0.8883269
vt 0.1983553 0.8893348
vt 0.2851330 0.3523254
vt 0.2851622 0.3538139
vt 0.2318391 0.3564992
vt 0.2318151 0.3550220
vt 0.2518624 0.8940448
vt 0.2544106 0.8944584
vt 0.5663070 0.9932231
vt 0.5666037 0.9942772
vt 0.4639227 0.4307944
vt 0.4639804 0.4322316
vt 0.5440085 0.4304599
vt 0.5439975 0.4318858
vt 0.6473686 0.9952541
vt 0.6474016 0.9966782
vt 0.7300394 0.9946987
vt 0.7298129 0.9961175
vt 0.5979285 0.4319751
vt 0.5978872 0.4333888
vt 0.2518624 0.8940448
vt 0.2328901 0.8925208
vt 0.2335224 0.8915793
vt 0.2510113 0.8926789
vt 0.3189534 0.3508272
vt 0.3188790 0.3523362
vt 0.0599499 0.4119395
vt 0.0666029 0.4065513
vt 0.0681093 0.4096484
vt 0.0630781 0.4198588
vt 0.0459960 0.8489643
vt 0.6827428 0.7594482
vt 0.6779533 0.7362418
vt 0.4576456 0.9812954
vt 0.4575794 0.9815874
vt 0.4400235 0.9777206
vt 0.4403460 0.9774400
vt 0.3645172 0.9396122
vt 0.3631400 0.9392719
vt 0.4400235 0.9777206
vt 0.4575794 0.9815874
vt 0.4574898 0.9819054
vt 0.4397050 0.9779196
vt 0.3631400 0.9392719
vt 0.3621694 0.9395303
vt 0.2743577 0.8885180
vt 0.2745658 0.8875941
vt 0.2745658 0.8875941
vt 0.2758068 0.8874268
vt 0.5624271 0.9826275
vt 0.5628909 0.9834647
vt 0.4845630 0.9827513
vt 0.4842147 0.9821357
vt 0.6470609 0.9825743
vt 0.6470111 0.9833621
vt 0.7208165 0.9825556
vt 0.7214032 0.9833678
vt 0.2643521 0.8642044
vt 0.2666013 0.8647394
vt 0.2693067 0.8806621
vt 0.2672777 0.8802022
vt 0.6978972 0.7969282
vt 0.6844786 0.7593242
vt 0.2669022 0.7598305
vt 0.2692088 0.7595013
vt 0.2670390 0.8062752
vt 0.2650377 0.8064322
vt 0.7133917 0.8188084
vt 0.7304397 0.8369853
vt 0.7115190 0.8186920
vt 0.7133917 0.8188084
vt 0.7304397 0.8369853
vt 0.7286277 0.8368185
vt 0.6961910 0.7968925
vt 0.6978972 0.7969282
vt 0.2667510 0.8355606
vt 0.2647795 0.8355899
vt 0.7292583 0.8408336
vt 0.7309766 0.8410794
vt 0.7302007 0.8524368
vt 0.2646293 0.8406206
vt 0.2667223 0.8407298
vt 0.7309766 0.8410794
vt 0.7304397 0.8369853
vt 0.7321145 0.8372657
vt 0.7325374 0.8409923
vt 0.7309766 0.8410794
vt 0.7292583 0.8408336
vt 0.2745658 0.8875941
vt 0.2721566 0.8862886
vt 0.7327179 0.8658543
vt 0.7318524 0.8658489
vt 0.2690383 0.8407466
vt 0.2667223 0.8407298
vt 0.2667510 0.8355606
vt 0.2691129 0.8354754
vt 0.2690392 0.8648306
vt 0.2666013 0.8647394
vt 0.2667223 0.8407298
vt 0.2690383 0.8407466
vt 0.2670390 0.8062752
vt 0.2693132 0.8061806
vt 0.2712769 0.7595024
vt 0.2692088 0.7595013
vt 0.2734268 0.7350037
vt 0.2742219 0.7362078
vt 0.2693067 0.8806621
vt 0.2715201 0.8808824
vt 0.6472606 0.9819841
vt 0.7199914 0.9818804
vt 0.7208165 0.9825556
vt 0.6470609 0.9825743
vt 0.5624271 0.9826275
vt 0.5640689 0.9822841
vt 0.4835689 0.9815730
vt 0.5598519 0.9821737
vt 0.5624271 0.9826275
vt 0.4842147 0.9821357
vt 0.7316886 0.8818870
vt 0.7302862 0.8820806
vt 0.7307101 0.8658648
vt 0.7318524 0.8658489
vt 0.6827428 0.7594482
vt 0.6844786 0.7593242
vt 0.6787080 0.7350231
vt 0.6779533 0.7362418
vt 0.7324743 0.8821355
vt 0.7316886 0.8818870
vt 0.2544106 0.8944584
vt 0.2518624 0.8940448
vt 0.2623046 0.8896504
vt 0.2638273 0.8908987
vt 0.2603743 0.8885336
vt 0.2623046 0.8896504
vt 0.2721566 0.8862886
vt 0.2745658 0.8875941
vt 0.7196840 0.9771687
vt 0.7199914 0.9818804
vt 0.6472606 0.9819841
vt 0.6472661 0.9774631
vt 0.5640689 0.9822841
vt 0.5714187 0.9779487
vt 0.5485848 0.9779255
vt 0.5598519 0.9821737
vt 0.4835689 0.9815730
vt 0.4797841 0.9780006
vt 0.3645172 0.9396122
vt 0.2758068 0.8874268
vt 0.2966138 0.8932232
vt 0.3742680 0.9395157
vt 0.5421323 0.8893782
vt 0.6439479 0.8899245
vt 0.6745493 0.8819364
vt 0.2715201 0.8808824
vt 0.4250280 0.8814017
vt 0.4288422 0.8888790
vt 0.2988876 0.8877044
vt 0.4403460 0.9774400
vt 0.4427574 0.9738210
vt 0.4576456 0.9812954
vt 0.4595801 0.9773627
vt 0.5261958 0.8359999
vt 0.5270697 0.8411449
vt 0.5030289 0.8411022
vt 0.4178197 0.8353638
vt 0.5255812 0.8055270
vt 0.5261958 0.8359999
vt 0.5248631 0.7594352
vt 0.5244780 0.7363297
vt 0.4691217 0.8817689
vt 0.2690383 0.8407466
vt 0.2691129 0.8354754
vt 0.4178197 0.8353638
vt 0.4174927 0.8409536
vt 0.2691129 0.8354754
vt 0.5323979 0.8893597
vt 0.5284183 0.8895063
vt 0.5189435 0.8894290
vt 0.5278954 0.8819435
vt 0.5621188 0.9776203
vt 0.5580474 0.9778036
vt 0.7212390 0.9768047
vt 0.7295752 0.8908367
vt 0.7235034 0.8908967
vt 0.7302862 0.8820806
vt 0.7239513 0.9765601
vt 0.7349681 0.9762489
vt 0.6937109 0.8901482
vt 0.6937994 0.8917881
vt 0.6440302 0.8915766
vt 0.6439479 0.8899245
vt 0.7196840 0.9771687
vt 0.6472661 0.9774631
vt 0.6473362 0.9758800
vt 0.7190827 0.9756568
vt 0.5714187 0.9779487
vt 0.5723501 0.9764218
vt 0.5421323 0.8893782
vt 0.5438771 0.8910666
vt 0.5485848 0.9779255
vt 0.4797841 0.9780006
vt 0.4797085 0.9764875
vt 0.5469755 0.9764024
vt 0.4595801 0.9773627
vt 0.4597627 0.9759065
vt 0.4427574 0.9738210
vt 0.4433795 0.9724557
vt 0.3742680 0.9395157
vt 0.3750814 0.9381643
vt 0.3420114 0.9186278
vt 0.4288422 0.8888790
vt 0.4295918 0.8910248
vt 0.3374536 0.8895124
vt 0.4848597 0.8892754
vt 0.5274987 0.7593089
vt 0.5300881 0.7594379
vt 0.5309395 0.8055452
vt 0.5283495 0.8055016
vt 0.5296791 0.7363188
vt 0.5270517 0.7351176
vt 0.5313712 0.8357587
vt 0.5287269 0.8358146
vt 0.5317286 0.8525395
vt 0.5317731 0.8658379
vt 0.5299734 0.8657349
vt 0.5296560 0.8524501
vt 0.5316251 0.8411223
vt 0.5292860 0.8411696
vt 0.5321565 0.8816378
vt 0.5299563 0.8816926
vt 0.5278954 0.8819435
vt 0.5284126 0.8658357
vt 0.5299734 0.8657349
vt 0.5299563 0.8816926
vt 0.5276951 0.8522952
vt 0.5296560 0.8524501
vt 0.5292860 0.8411696
vt 0.5270697 0.8411449
vt 0.5261958 0.8359999
vt 0.5287269 0.8358146
vt 0.5255812 0.8055270
vt 0.5283495 0.8055016
vt 0.5248631 0.7594352
vt 0.5274987 0.7593089
vt 0.5244780 0.7363297
vt 0.5270517 0.7351176
vt 0.5323979 0.8893597
vt 0.5303328 0.8893528
vt 0.5303328 0.8893528
vt 0.5284183 0.8895063
vt 0.5640689 0.9822841
vt 0.5624271 0.9826275
vt 0.5601112 0.9776113
vt 0.5621188 0.9776203
vt 0.5598519 0.9821737
vt 0.5580474 0.9778036
vt 0.5601112 0.9776113
vt 0.5624271 0.9826275
vt 0.7199914 0.9818804
vt 0.7212390 0.9768047
vt 0.7225804 0.9766701
vt 0.7208165 0.9825556
vt 0.7312738 0.8907921
vt 0.7295752 0.8908367
vt 0.7323777 0.8908693
vt 0.7312738 0.8907921
vt 0.7214032 0.9833678
vt 0.7208165 0.9825556
vt 0.7225804 0.9766701
vt 0.7239513 0.9765601
vt 0.3028203 0.8890557
vt 0.3004015 0.8940526
vt 0.7307101 0.8658648
vt 0.7115551 0.8739994
vt 0.7142174 0.8658234
vt 0.5284126 0.8658357
vt 0.5084406 0.8748600
vt 0.5109819 0.8658018
vt 0.7302007 0.8524368
vt 0.7115492 0.8597056
vt 0.7054256 0.8568380
vt 0.7065745 0.8521784
vt 0.5276951 0.8522952
vt 0.5084833 0.8599921
vt 0.5019943 0.8569887
vt 0.5022623 0.8518692
vt 0.7142174 0.8658234
vt 0.7115551 0.8739994
vt 0.6993370 0.8665751
vt 0.7055455 0.8768602
vt 0.6932616 0.8770377
vt 0.6870308 0.8742784
vt 0.6840755 0.8658585
vt 0.6868023 0.8596079
vt 0.6930868 0.8567336
vt 0.7054256 0.8568380
vt 0.7115492 0.8597056
vt 0.5109819 0.8658018
vt 0.5084406 0.8748600
vt 0.4958849 0.8671083
vt 0.5019743 0.8777921
vt 0.4896088 0.8778183
vt 0.4831713 0.8748327
vt 0.4806760 0.8657605
vt 0.4831700 0.8599793
vt 0.4896083 0.8569952
vt 0.5019943 0.8569887
vt 0.5084833 0.8599921
vt 0.6745030 0.8658605
vt 0.6750588 0.8524680
vt 0.4684508 0.8657497
vt 0.4685288 0.8519354
vt 0.5030289 0.8411022
vt 0.5270697 0.8411449
vt 0.5270697 0.8411449
vt 0.5292860 0.8411696
vt 0.5292860 0.8411696
vt 0.5316251 0.8411223
vt 0.5316251 0.8411223
vt 0.6450917 0.8409737
vt 0.7292583 0.8408336
vt 0.6922497 0.8821109
vt 0.6937109 0.8901482
vt 0.4877197 0.8821121
vt 0.4848597 0.8892754
vt 0.4831713 0.8748327
vt 0.4896088 0.8778183
vt 0.4806760 0.8657605
vt 0.4831700 0.8599793
vt 0.6868023 0.8596079
vt 0.6840755 0.8658585
vt 0.6870308 0.8742784
vt 0.6932616 0.8770377
vt 0.6930868 0.8567336
vt 0.6919808 0.8521475
vt 0.7072241 0.8822875
vt 0.7055455 0.8768602
vt 0.7235034 0.8908967
vt 0.7217443 0.8924465
vt 0.4896083 0.8569952
vt 0.4865850 0.8517681
vt 0.4808210 0.8408808
vt 0.4808210 0.8408808
vt 0.5022094 0.8821079
vt 0.5019743 0.8777921
vt 0.5027989 0.8892746
vt 0.5027989 0.8892746
vt 0.5189435 0.8894290
vt 0.5175263 0.8907086
vt 0.3278992 0.5038755
vt 0.3261066 0.5037100
vt 0.3369241 0.4358262
vt 0.3382619 0.4371578
vt 0.3255033 0.5623596
vt 0.3237090 0.5623635
vt 0.2838814 0.3821291
vt 0.2320460 0.3950705
vt 0.1678160 0.4084122
vt 0.1240061 0.4178428
vt 0.0696425 0.4480540
vt 0.0837558 0.4160686
vt 0.0860201 0.4248411
vt 0.0726630 0.4272369
vt 0.0733020 0.4180328
vt 0.0406364 0.4315840
vt 0.0212936 0.4324502
vt 0.0245376 0.4212513
vt 0.0448908 0.4206546
vt 0.3159499 0.3730268
vt 0.2838814 0.3821291
vt 0.2838096 0.3768260
vt 0.2320460 0.3950705
vt 0.2318253 0.3872109
vt 0.1678160 0.4084122
vt 0.1672433 0.4001344
vt 0.1240061 0.4178428
vt 0.1228616 0.4092547
vt 0.0640097 0.4289159
vt 0.0528147 0.4301992
vt 0.0537402 0.4199816
vt 0.0630781 0.4198588
vt 0.0084391 0.8453322
vt 0.0243132 0.8454080
vt 0.0377484 0.8497410
vt 0.0067796 0.8444759
vt 0.0084391 0.8453322
vt 0.0949138 0.3634048
vt 0.0940783 0.3619844
vt 0.3028203 0.8890557
vt 0.2988876 0.8877044
vt 0.2966138 0.8932232
vt 0.3004015 0.8940526
vt 0.7613822 0.3330826
vt 0.8648062 0.3302668
vt 0.7727627 0.3464295
vt 0.9491122 0.3312824
vt 0.9805681 0.3378828
vt 0.9604954 0.3410309
vt 0.9099419 0.3400511
vt 0.9021366 0.3302415
vt 0.8694023 0.3387296
vt 0.7124801 0.3338294
vt 0.7576703 0.3427654
vt 0.7135598 0.3439846
vt 0.9027918 0.3045692
vt 0.9003763 0.2849602
vt 0.9396525 0.2791407
vt 0.9448841 0.3096152
vt 0.9601973 0.2809446
vt 0.9660597 0.3112718
vt 0.9021366 0.3302415
vt 0.8986747 0.3138403
vt 0.9491122 0.3312824
vt 0.7613822 0.3330826
vt 0.7594227 0.3164427
vt 0.8616292 0.3139155
vt 0.8648062 0.3302668
vt 0.6615983 0.3333113
vt 0.6615983 0.3165459
vt 0.7116787 0.3170294
vt 0.7124801 0.3338294
vt 0.9805681 0.3378828
vt 0.0404124 0.8286435
vt 0.0322207 0.8079448
vt 0.0735470 0.8074665
vt 0.0742809 0.8096516
vt 0.0341195 0.8096654
vt 0.0081570 0.5220252
vt 0.0055123 0.5220252
vt 0.0084155 0.4710750
vt 0.0109753 0.4714510
vt 0.0900176 0.8072522
vt 0.0188682 0.4321499
vt 0.0212936 0.4324502
vt 0.0203320 0.4351920
vt 0.0220510 0.4206194
vt 0.0245376 0.4212513
vt 0.8952760 0.2726616
vt 0.9399166 0.2743608
vt 0.9396525 0.2791407
vt 0.8952518 0.2787507
vt 0.7587611 0.2774230
vt 0.7592053 0.2715801
vt 0.8214241 0.2780834
vt 0.6615983 0.2713487
vt 0.7115965 0.2719286
vt 0.7112675 0.2777143
vt 0.6615983 0.2771214
vt 0.9601973 0.2809446
vt 0.8601517 0.2725207
vt 0.8594937 0.2785234
vt 0.8952518 0.2787507
vt 0.9027918 0.3045692
vt 0.9002772 0.3046599
vt 0.8984653 0.2873978
vt 0.9003763 0.2849602
vt 0.7594227 0.3164427
vt 0.7588958 0.3141808
vt 0.8614002 0.3115372
vt 0.8616292 0.3139155
vt 0.6615983 0.3165459
vt 0.6615983 0.3142395
vt 0.7116172 0.3146928
vt 0.7116787 0.3170294
vt 0.8974586 0.3118970
vt 0.8986747 0.3138403
vt 0.8591797 0.2809698
vt 0.8212031 0.2806378
vt 0.8214241 0.2780834
vt 0.8594937 0.2785234
vt 0.7586599 0.2799227
vt 0.7587611 0.2774230
vt 0.7112141 0.2802811
vt 0.6615983 0.2796986
vt 0.6615983 0.2771214
vt 0.7112675 0.2777143
vt 0.8952518 0.2787507
vt 0.8942580 0.2814262
vt 0.8986747 0.3138403
vt 0.8974586 0.3118970
vt 0.0411166 0.8403255
vt 0.0418189 0.8349394
vt 0.0340899 0.8458437
vt 0.0378527 0.8443639
vt 0.0537402 0.4199816
vt 0.0542622 0.4150235
vt 0.0765327 0.3926362
vt 0.0949138 0.3634048
vt 0.1024959 0.3633793
vt 0.0866011 0.3937158
vt 0.1071218 0.3639726
vt 0.0728574 0.4005015
vt 0.0721383 0.3997948
vt 0.0244203 0.4163539
vt 0.0261477 0.4181859
vt 0.0261477 0.4181859
vt 0.0244203 0.4163539
vt 0.0465124 0.4156704
vt 0.0462062 0.4172054
vt 0.0599499 0.4119395
vt 0.0593287 0.4106257
vt 0.0658206 0.4053191
vt 0.0666029 0.4065513
vt 0.0084391 0.8453322
vt 0.0067796 0.8444759
vt 0.0242952 0.8441678
vt 0.0243132 0.8454080
vt 0.0404124 0.8286435
vt 0.0391696 0.8289211
vt 0.0322207 0.8079448
vt 0.0341195 0.8096654
vt 0.0411166 0.8403255
vt 0.0399636 0.8400215
vt 0.0405483 0.8350207
vt 0.0418189 0.8349394
vt 0.0338006 0.8446335
vt 0.0340899 0.8458437
vt 0.0370408 0.8434018
vt 0.0378527 0.8443639
vt 0.0529476 0.4139449
vt 0.0542622 0.4150235
vt 0.0753644 0.3920795
vt 0.0940783 0.3619844
vt 0.0949138 0.3634048
vt 0.0765327 0.3926362
vt 0.0710986 0.3988741
vt 0.0721383 0.3997948
vt 0.0212936 0.4324502
vt 0.0406364 0.4315840
vt 0.0396586 0.4347582
vt 0.0203320 0.4351920
vt 0.0528147 0.4301992
vt 0.0640097 0.4289159
vt 0.0583084 0.4355065
vt 0.0527220 0.4345292
vt 0.0672974 0.4406588
vt 0.0712296 0.4371522
vt 0.0175485 0.4463117
vt 0.0634362 0.4375519
vt 0.0726630 0.4272369
vt 0.5296791 0.7363188
vt 0.5270517 0.7351176
vt 0.6411743 0.7347656
vt 0.6414176 0.7361585
vt 0.2742219 0.7362078
vt 0.2734268 0.7350037
vt 0.4176881 0.7348001
vt 0.4174852 0.7361946
vt 0.6787080 0.7350231
vt 0.6779533 0.7362418
vt 0.5270517 0.7351176
vt 0.5244780 0.7363297
vt 0.9792644 0.3634585
vt 0.9860770 0.3553514
vt 0.9991725 0.3588239
vt 0.9739552 0.3533043
vt 0.8753260 0.3686164
vt 0.9792644 0.3634585
vt 0.9665821 0.3893278
vt 0.8755936 0.3909405
vt 0.9991725 0.3588239
vt 0.9836163 0.3891398
vt 0.8483052 0.8091504
vt 0.8595559 0.8096467
vt 0.8591521 0.8105360
vt 0.8696949 0.8099194
vt 0.8694402 0.8108739
vt 0.9491411 0.8418952
vt 0.8392859 0.8412308
vt 0.8460942 0.8375666
vt 0.9478189 0.8376125
vt 0.8719638 0.3612255
vt 0.8945681 0.3587728
vt 0.8753260 0.3686164
vt 0.9595590 0.4126123
vt 0.8733528 0.4134328
vt 0.9753974 0.4149625
vt 0.9595590 0.4126123
vt 0.9587879 0.4179310
vt 0.8718776 0.4184995
vt 0.8733528 0.4134328
vt 0.9753974 0.4149625
vt 0.2037033 0.8076541
vt 0.1872399 0.8200712
vt 0.1854599 0.8171346
vt 0.2012646 0.8052529
vt 0.2165996 0.7895316
vt 0.2136348 0.7878283
vt 0.1676312 0.8279456
vt 0.1465320 0.8308578
vt 0.1465776 0.8274226
vt 0.1667402 0.8246986
vt 0.1255096 0.8280628
vt 0.1061153 0.8201309
vt 0.1079637 0.8171606
vt 0.1264881 0.8247525
vt 0.2266946 0.7594368
vt 0.2229032 0.7589293
vt 0.8483052 0.8091504
vt 0.8318865 0.8219603
vt 0.8302476 0.8188638
vt 0.8460300 0.8066142
vt 0.7693112 0.8299557
vt 0.7493693 0.8218300
vt 0.7513506 0.8188074
vt 0.7704118 0.8265447
vt 0.7907673 0.8329297
vt 0.7909197 0.8293477
vt 0.8121544 0.8301132
vt 0.8113596 0.8266218
vt 0.7175555 0.7860422
vt 0.7090665 0.7594060
vt 0.7131559 0.7588966
vt 0.7211510 0.7846438
vt 0.0900176 0.8072522
vt 0.0923820 0.8048787
vt 0.7325377 0.8092216
vt 0.7352103 0.8067037
vt 0.9660597 0.3112718
vt 0.9601973 0.2809446
vt 0.9647599 0.2808247
vt 0.9702990 0.3097786
vt 0.9805681 0.3378828
vt 0.9839834 0.3351803
vt 0.9836163 0.3891398
vt 0.9991725 0.3588239
vt 1.0021946 0.3619012
vt 0.9872887 0.3908371
vt 0.9753974 0.4149625
vt 0.9794522 0.4155217
vt 0.9588468 0.8688502
vt 0.9563966 0.8845583
vt 0.9335846 0.8817265
vt 0.0421025 0.9364378
vt 0.0423323 0.9344445
vt 0.0506337 0.9343479
vt 0.0502060 0.9383475
vt 0.0420907 0.9386153
vt 0.0426270 0.9324272
vt 0.0429582 0.9304016
vt 0.0510977 0.9303505
vt 0.0718139 0.9332324
vt 0.0719342 0.9352690
vt 0.0642482 0.9375892
vt 0.0637709 0.9331023
vt 0.0716815 0.9311842
vt 0.0425330 0.9416769
vt 0.0498162 0.9423809
vt 0.0429579 0.9442249
vt 0.0493616 0.9468814
vt 0.0415920 0.9533854
vt 0.0417145 0.9513547
vt 0.0496497 0.9514376
vt 0.0490755 0.9557192
vt 0.0709267 0.9499990
vt 0.0711971 0.9520577
vt 0.0631487 0.9539030
vt 0.0627194 0.9498535
vt 0.0706165 0.9479323
vt 0.0419035 0.9492849
vt 0.0421202 0.9472060
vt 0.0502459 0.9473819
vt 0.0709215 0.9594768
vt 0.0704927 0.9620663
vt 0.0641155 0.9645332
vt 0.0636044 0.9587649
vt 0.0712825 0.9567526
vt 0.0720328 0.9372895
vt 0.0714014 0.9540911
vt 0.0721206 0.9422154
vt 0.0716440 0.9458315
vt 0.0650524 0.9464101
vt 0.0646336 0.9416394
vt 0.0720881 0.9397257
vt 0.0432555 0.9462969
vt 0.0701598 0.9640341
vt 0.0412277 0.9561733
vt 0.0416886 0.9620295
vt 0.0413593 0.9584215
vt 0.0486413 0.9592988
vt 0.0482176 0.9628160
vt 0.2602183 0.9743532
vt 0.2615259 0.9761207
vt 0.2333722 0.9803317
vt 0.2628496 0.9856663
vt 0.2636183 0.9957559
vt 0.2333253 0.9954003
vt 0.2333722 0.9803317
vt 0.2457224 0.9538110
vt 0.2514571 0.9578109
vt 0.2327704 0.9651194
vt 0.2615259 0.9761207
vt 0.2602183 0.9743532
vt 0.2378167 0.9505251
vt 0.2325226 0.9488207
vt 0.2334724 0.9489332
vt 0.0923714 0.9513009
vt 0.1204764 0.9509312
vt 0.1205031 0.9619033
vt 0.0865499 0.9619807
vt 0.1473688 0.9507971
vt 0.1835571 0.9510921
vt 0.1855008 0.9617313
vt 0.1473977 0.9618357
vt 0.0772147 0.9507276
vt 0.0829345 0.9515802
vt 0.1873837 0.9510464
vt 0.1930085 0.9504130
vt 0.1940028 0.9653409
vt 0.1939628 0.9502286
vt 0.0761879 0.9506992
vt 0.0762229 0.9656371
vt 0.0058974 0.9967991
vt 0.0057148 0.9865687
vt 0.0360219 0.9701475
vt 0.0364819 0.9958990
vt 0.0077283 0.9649679
vt 0.0087664 0.9617556
vt 0.0363994 0.9655328
vt 0.0050772 0.9676389
vt 0.0077283 0.9649679
vt 0.0360219 0.9701475
vt 0.0038742 0.9720640
vt 0.0050772 0.9676389
vt 0.0360219 0.9701475
vt 0.0060169 0.9751066
vt 0.0060169 0.9751066
vt 0.0038742 0.9720640
vt 0.0360219 0.9701475
vt 0.0141684 0.9551796
vt 0.0328832 0.9498492
vt 0.0371457 0.9491869
vt 0.0611694 0.9545320
vt 0.0500589 0.9559832
vt 0.0533831 0.9532245
vt 0.0574644 0.9528422
vt 0.0486413 0.9592988
vt 0.0636044 0.9587649
vt 0.0641155 0.9645332
vt 0.0482176 0.9628160
vt 0.0587469 0.9359778
vt 0.0627687 0.9380237
vt 0.0514796 0.9386860
vt 0.0547379 0.9363272
vt 0.0646336 0.9416394
vt 0.0498162 0.9423809
vt 0.0650524 0.9464101
vt 0.0493616 0.9468814
vt 0.1339987 0.9812701
vt 0.0814101 0.9814041
vt 0.1898160 0.9811370
vt 0.1340341 0.9955281
vt 0.0814580 0.9956875
vt 0.1898395 0.9954194
vt 0.9291744 0.5276448
vt 0.9270313 0.5277056
vt 0.9271659 0.4895710
vt 0.9292198 0.4894365
vt 0.9273320 0.4369735
vt 0.9296849 0.4362310
vt 0.9966031 0.7870761
vt 0.9957923 0.7953465
vt 0.9645011 0.8034287
vt 0.9630741 0.7973402
vt 0.9389303 0.7967374
vt 0.9550200 0.4883126
vt 0.9615049 0.4880916
vt 0.9628497 0.5266773
vt 0.9565256 0.5270320
vt 0.9638183 0.5696266
vt 0.9574465 0.5696266
vt 0.9534740 0.4330436
vt 0.9598968 0.4303609
vt 0.9630741 0.7973402
vt 0.9389303 0.7967374
vt 0.9712692 0.7863611
vt 0.9966031 0.7870761
vt 0.9340234 0.7943772
vt 0.9249921 0.7789124
vt 0.9573436 0.7711388
vt 0.9664602 0.7845467
vt 0.9573436 0.7711388
vt 0.9249921 0.7789124
vt 0.9501920 0.7611640
vt 0.9787754 0.7577868
vt 0.9389303 0.7967374
vt 0.9712692 0.7863611
vt 0.9334400 0.7975234
vt 0.9231668 0.7792866
vt 0.9363406 0.8034287
vt 0.9334400 0.7975234
vt 0.9565256 0.5270320
vt 0.9574465 0.5696266
vt 0.9542891 0.5696266
vt 0.9534128 0.5272061
vt 0.9423542 0.5274457
vt 0.9427598 0.5696266
vt 0.9406040 0.5696266
vt 0.9402101 0.5275358
vt 0.9027599 0.5275570
vt 0.8996785 0.5275639
vt 0.9011779 0.4895116
vt 0.9042031 0.4894287
vt 0.9159853 0.5276824
vt 0.9138370 0.5277148
vt 0.9146699 0.4896602
vt 0.9167297 0.4895627
vt 0.9520403 0.4886180
vt 0.9550200 0.4883126
vt 0.9396241 0.4892277
vt 0.9416733 0.4890584
vt 0.9032054 0.4392370
vt 0.9065759 0.4383122
vt 0.9157790 0.4380759
vt 0.9181477 0.4373771
vt 0.9503055 0.4341706
vt 0.9534740 0.4330436
vt 0.9388440 0.4356672
vt 0.9411790 0.4348840
vt 0.9138370 0.5277148
vt 0.9133271 0.5696266
vt 0.9074924 0.5696266
vt 0.9082788 0.5269524
vt 0.9270313 0.5277056
vt 0.9269799 0.5696266
vt 0.9211937 0.5696266
vt 0.9214796 0.5270082
vt 0.9146699 0.4896602
vt 0.9094527 0.4877843
vt 0.9271659 0.4895710
vt 0.9219326 0.4878005
vt 0.9423542 0.5274457
vt 0.9416733 0.4890584
vt 0.9467812 0.4870640
vt 0.9478282 0.5266298
vt 0.9291744 0.5276448
vt 0.9292198 0.4894365
vt 0.9343758 0.4875611
vt 0.9346511 0.5269002
vt 0.9157790 0.4380759
vt 0.9112360 0.4358601
vt 0.9273320 0.4369735
vt 0.9227531 0.4348322
vt 0.9411790 0.4348840
vt 0.9456677 0.4321746
vt 0.9296849 0.4362310
vt 0.9342338 0.4336001
vt 0.9534128 0.5272061
vt 0.9542891 0.5696266
vt 0.9484766 0.5696266
vt 0.9478282 0.5266298
vt 0.9402101 0.5275358
vt 0.9406040 0.5696266
vt 0.9348247 0.5696266
vt 0.9346511 0.5269002
vt 0.9027599 0.5275570
vt 0.9042031 0.4894287
vt 0.9094527 0.4877843
vt 0.9082788 0.5269524
vt 0.9159853 0.5276824
vt 0.9167297 0.4895627
vt 0.9219326 0.4878005
vt 0.9214796 0.5270082
vt 0.9520403 0.4886180
vt 0.9467812 0.4870640
vt 0.9396241 0.4892277
vt 0.9343758 0.4875611
vt 0.9065759 0.4383122
vt 0.9112360 0.4358601
vt 0.9181477 0.4373771
vt 0.9227531 0.4348322
vt 0.9503055 0.4341706
vt 0.9456677 0.4321746
vt 0.9388440 0.4356672
vt 0.9342338 0.4336001
vt 0.9231668 0.7792866
vt 0.9334400 0.7975234
vt 0.9290552 0.8007190
vt 0.9187818 0.7824819
vt 0.2190272 0.9634474
vt 0.2188813 0.9601644
vt 0.2293822 0.9599457
vt 0.2295159 0.9632763
vt 0.2094883 0.9568837
vt 0.2093934 0.9559355
vt 0.2113302 0.9560370
vt 0.2122438 0.9601400
vt 0.2132534 0.9634357
vt 0.2116609 0.9634306
vt 0.2103712 0.9597113
vt 0.2095307 0.9550001
vt 0.2098327 0.9542978
vt 0.2108524 0.9538425
vt 0.2184372 0.9537739
vt 0.2186331 0.9560126
vt 0.8136487 0.0157501
vt 0.8244753 0.0515437
vt 0.8229021 0.0518684
vt 0.8120528 0.0164380
vt 0.8314474 0.0996748
vt 0.8299208 0.0996748
vt 0.7398922 0.0996748
vt 0.7440391 0.0529503
vt 0.7454057 0.0531865
vt 0.7412320 0.0996748
vt 0.7500111 0.0273690
vt 0.7514403 0.0277813
vt 0.7532672 0.0153898
vt 0.7545223 0.0163728
vt 0.7737224 0.0065765
vt 0.7742894 0.0077750
vt 0.7869524 0.0024117
vt 0.7872561 0.0038472
vt 0.7944998 0.0014892
vt 0.7941898 0.0033548
vt 0.8018754 0.0039674
vt 0.8009018 0.0054266
vt 0.8076654 0.0072993
vt 0.8062810 0.0084896
vt 0.8120528 0.0164380
vt 0.8229021 0.0518684
vt 0.8199769 0.0525231
vt 0.8089284 0.0179613
vt 0.8299208 0.0996748
vt 0.8267900 0.0996748
vt 0.7412320 0.0996748
vt 0.7454057 0.0531865
vt 0.7484476 0.0536755
vt 0.7442692 0.0996748
vt 0.7514403 0.0277813
vt 0.7543616 0.0285944
vt 0.7545223 0.0163728
vt 0.7575750 0.0189047
vt 0.7742894 0.0077750
vt 0.7752403 0.0103430
vt 0.7872561 0.0038472
vt 0.7876506 0.0071473
vt 0.7941898 0.0033548
vt 0.7934611 0.0071531
vt 0.8009018 0.0054266
vt 0.7990854 0.0088842
vt 0.8062810 0.0084896
vt 0.8034934 0.0118437
vt 0.8089284 0.0179613
vt 0.8199769 0.0525231
vt 0.8052968 0.0549933
vt 0.7953194 0.0286634
vt 0.8105133 0.0996748
vt 0.7484476 0.0536755
vt 0.7543616 0.0285944
vt 0.7709653 0.0330526
vt 0.7658111 0.0546943
vt 0.7575750 0.0189047
vt 0.7728125 0.0287998
vt 0.7575750 0.0189047
vt 0.7752403 0.0103430
vt 0.7833233 0.0222986
vt 0.7728125 0.0287998
vt 0.7876506 0.0071473
vt 0.7918242 0.0213105
vt 0.7934611 0.0071531
vt 0.7932839 0.0221745
vt 0.7990854 0.0088842
vt 0.7944853 0.0238723
vt 0.8034934 0.0118437
vt 0.7947743 0.0255717
vt 0.8034934 0.0118437
vt 0.7947743 0.0255717
vt 0.3258952 0.9012767
vt 0.3277843 0.8953647
vt 0.3616225 0.8963315
vt 0.3623789 0.9237991
vt 0.3230498 0.9023706
vt 0.3252654 0.8927195
vt 0.3277843 0.8953647
vt 0.3258952 0.9012767
vt 0.3252654 0.8927195
vt 0.3638833 0.8943339
vt 0.3616225 0.8963315
vt 0.3277843 0.8953647
vt 0.3638833 0.8943339
vt 0.3641789 0.9269789
vt 0.3623789 0.9237991
vt 0.3616225 0.8963315
vt 0.3641789 0.9269789
vt 0.3230498 0.9023706
vt 0.3258952 0.9012767
vt 0.3623789 0.9237991
vt 0.7044200 0.7307341
vt 0.6997496 0.7564495
vt 0.6854377 0.7560681
vt 0.6809528 0.7300738
vt 0.2587111 0.7565090
vt 0.2456411 0.7565831
vt 0.2558214 0.7313736
vt 0.2692368 0.7305042
vt 0.2670529 0.7565161
vt 0.2358814 0.7569160
vt 0.2277488 0.7573878
vt 0.2305676 0.7316238
vt 0.2413159 0.7313862
vt 0.7080703 0.7569097
vt 0.6854377 0.7560681
vt 0.6845034 0.7559616
vt 0.6800452 0.7311760
vt 0.6809528 0.7300738
vt 0.2692368 0.7305042
vt 0.2701657 0.7315071
vt 0.2679606 0.7564180
vt 0.2670529 0.7565161
vt 0.8888201 0.2491058
vt 0.8788389 0.2246957
vt 0.9095963 0.2145067
vt 0.9232591 0.2415305
vt 0.7046511 0.2648842
vt 0.7046511 0.2513980
vt 0.7428102 0.2503937
vt 0.7442265 0.2638263
vt 0.9260697 0.2088444
vt 0.9398172 0.2401809
vt 0.7793704 0.2491440
vt 0.7819674 0.2624711
vt 0.7825499 0.2413537
vt 0.7907195 0.2446094
vt 0.8528325 0.2305451
vt 0.8547070 0.2372762
vt 0.8735244 0.2345343
vt 0.2046930 0.9607827
vt 0.1977506 0.9607679
vt 0.1976897 0.9602727
vt 0.2048428 0.9602625
vt 0.7890713 0.2551478
vt 0.8589124 0.2499751
vt 0.8616654 0.2564081
vt 0.8767586 0.2447574
vt 0.1991122 0.9578145
vt 0.2067716 0.9568835
vt 0.2048428 0.9602625
vt 0.1976897 0.9602727
vt 0.2086540 0.9594786
vt 0.2083561 0.9605983
vt 0.2046930 0.9607827
vt 0.2048428 0.9602625
vt 0.2064936 0.9639780
vt 0.1994765 0.9630794
vt 0.1977506 0.9607679
vt 0.2046930 0.9607827
vt 0.1977576 0.9619083
vt 0.1966390 0.9610227
vt 0.1964162 0.9598978
vt 0.1976897 0.9602727
vt 0.1977506 0.9607679
vt 0.1974218 0.9589723
vt 0.5273050 0.7107443
vt 0.6423049 0.7104359
vt 0.6423303 0.7303795
vt 0.5273305 0.7306625
vt 0.2692110 0.7105069
vt 0.4172765 0.7108180
vt 0.4173021 0.7307618
vt 0.6809273 0.7101718
vt 0.7043549 0.7105070
vt 0.2535528 0.7104087
vt 0.2305389 0.7106341
vt 0.6423303 0.7303795
vt 0.6423112 0.7316006
vt 0.5273232 0.7319015
vt 0.5273305 0.7306625
vt 0.4173021 0.7307618
vt 0.4173049 0.7319825
vt 0.4645979 0.1523393
vt 0.5368198 0.1892016
vt 0.5240734 0.2119452
vt 0.4483308 0.1819256
vt 0.4486790 0.1440631
vt 0.4336490 0.1778258
vt 0.2305676 0.7316238
vt 0.2277488 0.7573878
vt 0.2241179 0.7571276
vt 0.2266750 0.7314211
vt 0.7080703 0.7569097
vt 0.7044200 0.7307341
vt 0.7085868 0.7305226
vt 0.7120092 0.7565904
vt 0.9398172 0.2401809
vt 0.9260697 0.2088444
vt 0.9294959 0.2077136
vt 0.9430590 0.2387726
vt 0.2305389 0.7106341
vt 0.2266477 0.7104261
vt 0.7043549 0.7105070
vt 0.7085595 0.7105303
vt 0.4336490 0.1778258
vt 0.4308527 0.1755920
vt 0.4486790 0.1440631
vt 0.6615983 0.3434576
vt 0.6615983 0.3333113
vt 0.9291328 0.5696266
vt 0.9269799 0.5696266
vt 0.9017308 0.5696266
vt 0.8985871 0.5696266
vt 0.9154878 0.5696266
vt 0.9133271 0.5696266
vt 0.9484766 0.5696266
vt 0.9427598 0.5696266
vt 0.9348247 0.5696266
vt 0.9291328 0.5696266
vt 0.9074924 0.5696266
vt 0.9017308 0.5696266
vt 0.9211937 0.5696266
vt 0.9154878 0.5696266
vt 0.2290209 0.9534048
vt 0.2291651 0.9558357
vt 0.7442692 0.0996748
vt 0.7623908 0.0996748
vt 0.6627018 0.5055580
vt 0.6623805 0.5616332
vt 0.6608769 0.4334557
vt 0.7278898 0.5055301
vt 0.7398763 0.5056576
vt 0.7394233 0.5614672
vt 0.7275319 0.5614928
vt 0.7239431 0.4334181
vt 0.7361518 0.4335500
vt 0.7512776 0.5055014
vt 0.7612066 0.5048313
vt 0.7601696 0.5614224
vt 0.7505859 0.5614431
vt 0.7473685 0.4334465
vt 0.7566385 0.4332385
vt 0.8466210 0.3912344
vt 0.8464876 0.3696164
vt 0.9588468 0.8688502
vt 0.9601001 0.8635108
vt 0.9789668 0.8706244
vt 0.9773140 0.8757208
vt 0.9563966 0.8845583
vt 0.9716738 0.8903297
vt 0.8464876 0.3696164
vt 0.8467437 0.3616668
vt 0.8468556 0.4134480
vt 0.8469654 0.4185964
vt 0.8468556 0.4134480
vt 0.8215095 0.3912404
vt 0.8216914 0.3687981
vt 0.9958562 0.8788662
vt 0.9939591 0.8838983
vt 0.9871190 0.8984628
vt 0.8216914 0.3687981
vt 0.8225458 0.3602917
vt 0.8224553 0.4139481
vt 0.8227762 0.4192433
vt 0.8224553 0.4139481
vt 0.7409434 0.3909586
vt 0.7412598 0.3664580
vt 0.8462940 0.4346978
vt 0.8466601 0.4499820
vt 0.8385348 0.4361290
vt 0.8012093 0.5260485
vt 0.8010369 0.4367251
vt 0.8078201 0.4366836
vt 0.8079937 0.5259744
vt 0.7809231 0.5259286
vt 0.7806919 0.4375148
vt 0.8828418 0.4335616
vt 0.8700274 0.4332700
vt 0.7412598 0.3664580
vt 0.7420325 0.3575343
vt 0.7412681 0.4150286
vt 0.7415642 0.4204547
vt 0.7412681 0.4150286
vt 0.6680103 0.3906400
vt 0.6680103 0.3653752
vt 0.8374774 0.5262526
vt 0.8490542 0.5254782
vt 0.8488299 0.6060869
vt 0.8372836 0.6060748
vt 0.8079929 0.6060516
vt 0.8010178 0.6060443
vt 0.7807254 0.6060230
vt 0.8490542 0.5254782
vt 0.8872558 0.5258296
vt 0.8868645 0.6061268
vt 0.8488299 0.6060869
vt 0.6680103 0.3653752
vt 0.6680102 0.3561685
vt 0.6680103 0.4156086
vt 0.6680103 0.4210784
vt 0.6680103 0.4156086
vt 0.9507599 0.8920336
vt 0.9325854 0.8901166
vt 0.7424682 0.8909472
vt 0.7323777 0.8908693
vt 0.8356315 0.8909883
vt 0.7797377 0.8907148
vt 0.9669672 0.8975179
vt 0.9507599 0.8920336
vt 0.9814926 0.9062095
vt 0.7705031 0.5256701
vt 0.7702233 0.4377621
vt 0.7702334 0.6060119
vt 0.7952249 0.9927008
vt 0.7950988 0.9941099
vt 0.6608905 0.4320225
vt 0.6608769 0.4334557
vt 0.7926034 0.9816885
vt 0.7952249 0.9927008
vt 0.8581840 0.9868493
vt 0.8704492 0.9848896
vt 0.8707102 0.9862100
vt 0.8581781 0.9882461
vt 0.7240261 0.4319908
vt 0.7362127 0.4322243
vt 0.7361518 0.4335500
vt 0.7239431 0.4334181
vt 0.8581840 0.9868493
vt 0.8614998 0.9757450
vt 0.8704492 0.9848896
vt 0.8823307 0.9822132
vt 0.8817670 0.9810583
vt 0.8905292 0.9764813
vt 0.7473685 0.4334465
vt 0.7479698 0.4321928
vt 0.7576442 0.4324108
vt 0.7566385 0.4332385
vt 0.8783292 0.9711426
vt 0.9275271 0.9324105
vt 0.9342717 0.9427633
vt 0.8817670 0.9810583
vt 0.8762344 0.9641494
vt 0.8594692 0.9685061
vt 0.9814926 0.9062095
vt 0.9825780 0.9068902
vt 0.9353401 0.9436418
vt 0.9342717 0.9427633
vt 0.9537126 0.9101808
vt 0.9939591 0.8838983
vt 0.9958562 0.8788662
vt 0.9970483 0.8783292
vt 0.9951569 0.8844895
vt 0.9882461 0.8990806
vt 0.9871190 0.8984628
vt 0.8385348 0.4361290
vt 0.8394522 0.4342391
vt 0.8462940 0.4346978
vt 0.8010369 0.4367251
vt 0.8010392 0.4348448
vt 0.8086931 0.4353447
vt 0.8078201 0.4366836
vt 0.7806919 0.4375148
vt 0.7807068 0.4356724
vt 0.7688545 0.4365336
vt 0.7702233 0.4377621
vt 0.9137366 0.9267719
vt 0.9356381 0.9066224
vt 0.9441922 0.8660946
vt 0.9356381 0.9066224
vt 0.7908837 0.9743813
vt 0.8356315 0.8909883
vt 0.9325854 0.8901166
vt 0.9318296 0.8912843
vt 0.8355342 0.8914530
vt 0.9325854 0.8901166
vt 0.9356381 0.9066224
vt 0.9341790 0.9062459
vt 0.9318296 0.8912843
vt 0.9356381 0.9066224
vt 0.9137366 0.9267719
vt 0.9126373 0.9255770
vt 0.9341790 0.9062459
vt 0.8762344 0.9641494
vt 0.8755469 0.9627681
vt 0.8594692 0.9685061
vt 0.8592179 0.9668177
vt 0.7908837 0.9743813
vt 0.7908053 0.9727157
vt 0.7349681 0.9762489
vt 0.7359279 0.9745650
vt 0.7797377 0.8907148
vt 0.7796544 0.8911677
vt 0.7430810 0.8914171
vt 0.7424682 0.8909472
vt 0.8817670 0.9810583
vt 0.7612066 0.5048313
vt 0.7626712 0.5047737
vt 0.7613599 0.5613923
vt 0.7601696 0.5614224
vt 0.7566385 0.4332385
vt 0.7576442 0.4324108
vt 0.7705031 0.5256701
vt 0.7687543 0.5256505
vt 0.7688545 0.4365336
vt 0.7702233 0.4377621
vt 0.7702334 0.6060119
vt 0.7685153 0.6060101
vt 0.8466601 0.4499820
vt 0.8828418 0.4335616
vt 0.8385348 0.4361290
vt 0.8466601 0.4499820
vt 0.9491411 0.8418952
vt 0.8121204 0.4353447
vt 0.8356333 0.4342391
vt 0.8347158 0.4361290
vt 0.8130733 0.4364497
vt 0.8347158 0.4361290
vt 0.8336585 0.5262526
vt 0.8126369 0.5258313
vt 0.8130733 0.4364497
vt 0.8334647 0.6060748
vt 0.8125989 0.6060528
vt 0.8078201 0.4366836
vt 0.8086931 0.4353447
vt 0.8087454 0.5258770
vt 0.8079937 0.5259744
vt 0.8087429 0.6060524
vt 0.8079929 0.6060516
vt 0.8126369 0.5258313
vt 0.8121727 0.5258770
vt 0.8121204 0.4353447
vt 0.8130733 0.4364497
vt 0.8125989 0.6060528
vt 0.8121702 0.6060524
vt 0.9406961 0.8099829
vt 0.9396896 0.8112239
vt 0.9557817 0.8598396
vt 0.9601001 0.8635108
vt 0.9396896 0.8112239
vt 0.9406961 0.8099829
vt 0.9434473 0.8200564
vt 0.9424418 0.8201603
vt 0.9487744 0.8375150
vt 0.9478189 0.8376125
vt 0.9499947 0.8419417
vt 0.9491411 0.8418952
vt 0.9601001 0.8635108
vt 0.9605755 0.8622986
vt 0.9792995 0.8695235
vt 0.9789668 0.8706244
vt 0.9970483 0.8783292
vt 0.9958562 0.8788662
vt 0.9540589 0.8539935
vt 0.9529930 0.8546724
vt 0.9557817 0.8598396
vt 0.9570593 0.8589751
vt 0.7088574 0.2242824
vt 0.6429287 0.2242824
vt 0.6429287 0.2017602
vt 0.7088574 0.2017602
vt 0.5461024 0.2179621
vt 0.5681012 0.2210850
vt 0.5681010 0.1985627
vt 0.6179523 0.2006929
vt 0.6100063 0.2125908
vt 0.9529930 0.8546724
vt 0.1672328 0.5646480
vt 0.1211592 0.5643300
vt 0.1677116 0.6219701
vt 0.1233241 0.6206295
vt 0.1298509 0.6812199
vt 0.1228616 0.6347957
vt 0.1672433 0.6439160
vt 0.1677016 0.6837695
vt 0.2838096 0.6672244
vt 0.2851622 0.6902364
vt 0.2318391 0.6875511
vt 0.2318253 0.6568395
vt 0.2323097 0.5654806
vt 0.2825936 0.5663043
vt 0.2831388 0.6260837
vt 0.2320305 0.6241033
vt 0.4671744 0.6186388
vt 0.4645403 0.6918893
vt 0.3818730 0.6901073
vt 0.3785462 0.6185804
vt 0.9424418 0.8201603
vt 0.9396896 0.8112239
vt 0.8694402 0.8108739
vt 0.8638502 0.8195896
vt 0.6420630 0.7594742
vt 0.5300881 0.7594379
vt 0.5309395 0.8055452
vt 0.6436074 0.8058660
vt 0.5296791 0.7363188
vt 0.6414176 0.7361585
vt 0.5445581 0.6918901
vt 0.5442770 0.6185690
vt 0.5976322 0.6183005
vt 0.5984408 0.6901546
vt 0.2693132 0.8061806
vt 0.4175397 0.8054937
vt 0.4173328 0.7594579
vt 0.2712769 0.7595024
vt 0.4174852 0.7361946
vt 0.2742219 0.7362078
vt 0.0176427 0.8574128
vt 0.0240189 0.8536030
vt 0.0135287 0.8535143
vt 0.0837558 0.6279818
vt 0.0797259 0.6380178
vt 0.0733020 0.6260176
vt 0.0432554 0.8556048
vt 0.0428094 0.8594036
vt 0.0393272 0.8656414
vt 0.0941421 0.6505575
vt 0.4333470 0.9853194
vt 0.4355638 0.9812977
vt 0.3551946 0.9410192
vt 0.3489255 0.9448645
vt 0.4574898 0.9819054
vt 0.4397050 0.9779196
vt 0.4554529 0.9919194
vt 0.4813802 0.9927357
vt 0.4845630 0.9827513
vt 0.3576859 0.6879430
vt 0.3521017 0.6188679
vt 0.3388017 0.6875052
vt 0.3281513 0.6208329
vt 0.0860201 0.6192093
vt 0.0834009 0.5960929
vt 0.0799101 0.5643797
vt 0.0659925 0.5644814
vt 0.0779912 0.8744965
vt 0.0798819 0.8668531
vt 0.0808730 0.8574560
vt 0.1438513 0.8467235
vt 0.1299880 0.8569497
vt 0.1672247 0.8595319
vt 0.1696802 0.8437625
vt 0.2113887 0.8614218
vt 0.2012887 0.8360413
vt 0.1473247 0.8661961
vt 0.1455731 0.8756157
vt 0.2030493 0.8811086
vt 0.2078050 0.8717054
vt 0.1987163 0.8883269
vt 0.1439176 0.8834100
vt 0.2638273 0.8908987
vt 0.2544106 0.8944584
vt 0.2743577 0.8885180
vt 0.3621694 0.9395303
vt 0.5628909 0.9834647
vt 0.5663070 0.9932231
vt 0.8356724 0.8826350
vt 0.8413600 0.8663678
vt 0.8002740 0.8661666
vt 0.6473686 0.9952541
vt 0.6470111 0.9833621
vt 0.7300394 0.9946987
vt 0.7214032 0.9833678
vt 0.2510113 0.8926789
vt 0.2603743 0.8885336
vt 0.2415815 0.8853343
vt 0.2335224 0.8915793
vt 0.2672777 0.8802022
vt 0.2643521 0.8642044
vt 0.2514312 0.8771292
vt 0.6999513 0.7594920
vt 0.6858525 0.7595706
vt 0.6995088 0.7968963
vt 0.7088944 0.7894120
vt 0.2582285 0.7599342
vt 0.2455718 0.7598668
vt 0.2350281 0.7960265
vt 0.2484246 0.8069381
vt 0.2650377 0.8064322
vt 0.2669022 0.7598305
vt 0.2102650 0.8137149
vt 0.1915793 0.8276936
vt 0.2218833 0.8174359
vt 0.2037033 0.8076541
vt 0.1872399 0.8200712
vt 0.2243926 0.7933809
vt 0.2165996 0.7895316
vt 0.1690210 0.8363087
vt 0.1451117 0.8395735
vt 0.1676312 0.8279456
vt 0.1465320 0.8308578
vt 0.1221662 0.8365234
vt 0.1012017 0.8277186
vt 0.0931310 0.8348430
vt 0.1197033 0.8435847
vt 0.1255096 0.8280628
vt 0.1061153 0.8201309
vt 0.2357053 0.7596049
vt 0.2266946 0.7594368
vt 0.8553708 0.8154637
vt 0.8370401 0.8296703
vt 0.8460942 0.8375666
vt 0.8483052 0.8091504
vt 0.8318865 0.8219603
vt 0.7321145 0.8372657
vt 0.7445465 0.8409428
vt 0.7451476 0.8294588
vt 0.7682877 0.8384619
vt 0.7693112 0.8299557
vt 0.7493693 0.8218300
vt 0.7907673 0.8329297
vt 0.7928069 0.8416053
vt 0.7677152 0.8477824
vt 0.7952692 0.8506280
vt 0.8200758 0.8478910
vt 0.8160157 0.8386911
vt 0.8121544 0.8301132
vt 0.8392859 0.8412308
vt 0.7175555 0.7860422
vt 0.7090665 0.7594060
vt 0.0831612 0.8138174
vt 0.0900176 0.8072522
vt 0.0741050 0.8175901
vt 0.7258398 0.8152526
vt 0.7150595 0.8188979
vt 0.7325377 0.8092216
vt 0.7115190 0.8186920
vt 0.6448429 0.8358035
vt 0.7286277 0.8368185
vt 0.6961910 0.7968925
vt 0.5313712 0.8357587
vt 0.2376533 0.8352911
vt 0.2647795 0.8355899
vt 0.0742809 0.8096516
vt 0.0341195 0.8096654
vt 0.0512417 0.8260220
vt 0.0448908 0.6233958
vt 0.0462062 0.6268450
vt 0.0261477 0.6258645
vt 0.0245376 0.6227990
vt 0.6441031 0.8657703
vt 0.6443887 0.8527104
vt 0.5317286 0.8525395
vt 0.5317731 0.8658379
vt 0.2690383 0.8407466
vt 0.2690392 0.8648306
vt 0.4190657 0.8656639
vt 0.4174927 0.8409536
vt 0.7321145 0.8372657
vt 0.7325374 0.8409923
vt 0.7445465 0.8409428
vt 0.7664801 0.8661376
vt 0.7324743 0.8821355
vt 0.7797786 0.8823614
vt 0.7327179 0.8658543
vt 0.0788996 0.8458298
vt 0.3159499 0.6710236
vt 0.3188790 0.6917142
vt 0.3010997 0.5666257
vt 0.3070272 0.6270385
vt 0.8591521 0.8105360
vt 0.2362375 0.8399905
vt 0.2646293 0.8406206
vt 0.7286277 0.8368185
vt 0.6448429 0.8358035
vt 0.6450917 0.8409737
vt 0.7292583 0.8408336
vt 0.5313712 0.8357587
vt 0.5316251 0.8411223
vt 0.2376533 0.8352911
vt 0.2012887 0.8360413
vt 0.2362375 0.8399905
vt 0.2646293 0.8406206
vt 0.2647795 0.8355899
vt 0.2721566 0.8862886
vt 0.6437453 0.8818133
vt 0.5321565 0.8816378
vt 0.9478189 0.8376125
vt 0.0122991 0.8539819
vt 0.0162673 0.8577900
vt 0.0176427 0.8574128
vt 0.0135287 0.8535143
vt 0.1075581 0.6811920
vt 0.1031892 0.6818429
vt 0.1024958 0.6806711
vt 0.1071218 0.6800778
vt 0.0384817 0.8665346
vt 0.0393272 0.8656414
vt 0.1297490 0.6825745
vt 0.1298509 0.6812199
vt 0.4333470 0.9853194
vt 0.3489255 0.9448645
vt 0.3480048 0.9456055
vt 0.4337746 0.9866797
vt 0.4561730 0.9930804
vt 0.4554529 0.9919194
vt 0.4819452 0.9938251
vt 0.4813802 0.9927357
vt 0.3818264 0.6915286
vt 0.3576643 0.6893730
vt 0.3576859 0.6879430
vt 0.3818730 0.6901073
vt 0.3374697 0.6888427
vt 0.3388017 0.6875052
vt 0.1676180 0.6852224
vt 0.1677016 0.6837695
vt 0.0777430 0.8754791
vt 0.0779912 0.8744965
vt 0.1437100 0.8843593
vt 0.1983553 0.8893348
vt 0.1987163 0.8883269
vt 0.1439176 0.8834100
vt 0.2851330 0.6917250
vt 0.2318151 0.6890284
vt 0.2318391 0.6875511
vt 0.2851622 0.6902364
vt 0.2544106 0.8944584
vt 0.2518624 0.8940448
vt 0.5663070 0.9932231
vt 0.5666037 0.9942772
vt 0.4645403 0.6918893
vt 0.4644888 0.6933267
vt 0.5445753 0.6933159
vt 0.5445581 0.6918901
vt 0.6474016 0.9966782
vt 0.6473686 0.9952541
vt 0.7300394 0.9946987
vt 0.7298129 0.9961175
vt 0.5984408 0.6901546
vt 0.5984883 0.6915681
vt 0.2518624 0.8940448
vt 0.2510113 0.8926789
vt 0.2335224 0.8915793
vt 0.2328901 0.8925208
vt 0.3189534 0.6932231
vt 0.3188790 0.6917142
vt 0.0681093 0.6344019
vt 0.0666029 0.6374991
vt 0.0599499 0.6321108
vt 0.0630781 0.6241915
vt 0.0459960 0.8489643
vt 0.6827428 0.7594482
vt 0.6779533 0.7362418
vt 0.4576456 0.9812954
vt 0.4403460 0.9774400
vt 0.4400235 0.9777206
vt 0.4575794 0.9815874
vt 0.3645172 0.9396122
vt 0.3631400 0.9392719
vt 0.4400235 0.9777206
vt 0.4397050 0.9779196
vt 0.4574898 0.9819054
vt 0.4575794 0.9815874
vt 0.3631400 0.9392719
vt 0.2745658 0.8875941
vt 0.2743577 0.8885180
vt 0.3621694 0.9395303
vt 0.2745658 0.8875941
vt 0.2758068 0.8874268
vt 0.5624271 0.9826275
vt 0.4842147 0.9821357
vt 0.4845630 0.9827513
vt 0.5628909 0.9834647
vt 0.6470111 0.9833621
vt 0.6470609 0.9825743
vt 0.7214032 0.9833678
vt 0.7208165 0.9825556
vt 0.2643521 0.8642044
vt 0.2672777 0.8802022
vt 0.2693067 0.8806621
vt 0.2666013 0.8647394
vt 0.6844786 0.7593242
vt 0.6978972 0.7969282
vt 0.2669022 0.7598305
vt 0.2650377 0.8064322
vt 0.2670390 0.8062752
vt 0.2692088 0.7595013
vt 0.7133917 0.8188084
vt 0.7304397 0.8369853
vt 0.7115190 0.8186920
vt 0.7286277 0.8368185
vt 0.7304397 0.8369853
vt 0.7133917 0.8188084
vt 0.6961910 0.7968925
vt 0.6978972 0.7969282
vt 0.2647795 0.8355899
vt 0.2667510 0.8355606
vt 0.7292583 0.8408336
vt 0.7302007 0.8524368
vt 0.7309766 0.8410794
vt 0.2646293 0.8406206
vt 0.2667223 0.8407298
vt 0.7309766 0.8410794
vt 0.7325374 0.8409923
vt 0.7321145 0.8372657
vt 0.7304397 0.8369853
vt 0.7292583 0.8408336
vt 0.7309766 0.8410794
vt 0.2745658 0.8875941
vt 0.2721566 0.8862886
vt 0.7327179 0.8658543
vt 0.7318524 0.8658489
vt 0.2690383 0.8407466
vt 0.2691129 0.8354754
vt 0.2667510 0.8355606
vt 0.2667223 0.8407298
vt 0.2690392 0.8648306
vt 0.2690383 0.8407466
vt 0.2667223 0.8407298
vt 0.2666013 0.8647394
vt 0.2693132 0.8061806
vt 0.2670390 0.8062752
vt 0.2712769 0.7595024
vt 0.2742219 0.7362078
vt 0.2734268 0.7350037
vt 0.2692088 0.7595013
vt 0.2693067 0.8806621
vt 0.2715201 0.8808824
vt 0.6472606 0.9819841
vt 0.6470609 0.9825743
vt 0.7208165 0.9825556
vt 0.7199914 0.9818804
vt 0.5624271 0.9826275
vt 0.5640689 0.9822841
vt 0.4835689 0.9815730
vt 0.4842147 0.9821357
vt 0.5624271 0.9826275
vt 0.5598519 0.9821737
vt 0.7316886 0.8818870
vt 0.7318524 0.8658489
vt 0.7307101 0.8658648
vt 0.7302862 0.8820806
vt 0.6827428 0.7594482
vt 0.6844786 0.7593242
vt 0.6787080 0.7350231
vt 0.6779533 0.7362418
vt 0.7324743 0.8821355
vt 0.7316886 0.8818870
vt 0.2544106 0.8944584
vt 0.2638273 0.8908987
vt 0.2623046 0.8896504
vt 0.2518624 0.8940448
vt 0.2603743 0.8885336
vt 0.2623046 0.8896504
vt 0.2721566 0.8862886
vt 0.2745658 0.8875941
vt 0.7196840 0.9771687
vt 0.6472661 0.9774631
vt 0.6472606 0.9819841
vt 0.7199914 0.9818804
vt 0.5714187 0.9779487
vt 0.5640689 0.9822841
vt 0.5485848 0.9779255
vt 0.4797841 0.9780006
vt 0.4835689 0.9815730
vt 0.5598519 0.9821737
vt 0.3645172 0.9396122
vt 0.3742680 0.9395157
vt 0.2966138 0.8932232
vt 0.2758068 0.8874268
vt 0.5421323 0.8893782
vt 0.6439479 0.8899245
vt 0.6745493 0.8819364
vt 0.2715201 0.8808824
vt 0.2988876 0.8877044
vt 0.4288422 0.8888790
vt 0.4250280 0.8814017
vt 0.4403460 0.9774400
vt 0.4427574 0.9738210
vt 0.4595801 0.9773627
vt 0.4576456 0.9812954
vt 0.5261958 0.8359999
vt 0.5030289 0.8411022
vt 0.5270697 0.8411449
vt 0.4178197 0.8353638
vt 0.5261958 0.8359999
vt 0.5255812 0.8055270
vt 0.5248631 0.7594352
vt 0.5244780 0.7363297
vt 0.4691217 0.8817689
vt 0.2690383 0.8407466
vt 0.4174927 0.8409536
vt 0.4178197 0.8353638
vt 0.2691129 0.8354754
vt 0.2691129 0.8354754
vt 0.5323979 0.8893597
vt 0.5284183 0.8895063
vt 0.5278954 0.8819435
vt 0.5189435 0.8894290
vt 0.5621188 0.9776203
vt 0.5580474 0.9778036
vt 0.7212390 0.9768047
vt 0.7295752 0.8908367
vt 0.7302862 0.8820806
vt 0.7235034 0.8908967
vt 0.7239513 0.9765601
vt 0.7349681 0.9762489
vt 0.6440302 0.8915766
vt 0.6937994 0.8917881
vt 0.6937109 0.8901482
vt 0.6439479 0.8899245
vt 0.7196840 0.9771687
vt 0.7190827 0.9756568
vt 0.6473362 0.9758800
vt 0.6472661 0.9774631
vt 0.5723501 0.9764218
vt 0.5714187 0.9779487
vt 0.5421323 0.8893782
vt 0.5438771 0.8910666
vt 0.5485848 0.9779255
vt 0.5469755 0.9764024
vt 0.4797085 0.9764875
vt 0.4797841 0.9780006
vt 0.4597627 0.9759065
vt 0.4595801 0.9773627
vt 0.4433795 0.9724557
vt 0.4427574 0.9738210
vt 0.3750814 0.9381643
vt 0.3742680 0.9395157
vt 0.3420114 0.9186278
vt 0.4288422 0.8888790
vt 0.3374536 0.8895124
vt 0.4295918 0.8910248
vt 0.4848597 0.8892754
vt 0.5274987 0.7593089
vt 0.5283495 0.8055016
vt 0.5309395 0.8055452
vt 0.5300881 0.7594379
vt 0.5296791 0.7363188
vt 0.5270517 0.7351176
vt 0.5287269 0.8358146
vt 0.5313712 0.8357587
vt 0.5317286 0.8525395
vt 0.5296560 0.8524501
vt 0.5299734 0.8657349
vt 0.5317731 0.8658379
vt 0.5292860 0.8411696
vt 0.5316251 0.8411223
vt 0.5299563 0.8816926
vt 0.5321565 0.8816378
vt 0.5278954 0.8819435
vt 0.5299563 0.8816926
vt 0.5299734 0.8657349
vt 0.5284126 0.8658357
vt 0.5296560 0.8524501
vt 0.5276951 0.8522952
vt 0.5292860 0.8411696
vt 0.5287269 0.8358146
vt 0.5261958 0.8359999
vt 0.5270697 0.8411449
vt 0.5283495 0.8055016
vt 0.5255812 0.8055270
vt 0.5274987 0.7593089
vt 0.5248631 0.7594352
vt 0.5270517 0.7351176
vt 0.5244780 0.7363297
vt 0.5303328 0.8893528
vt 0.5323979 0.8893597
vt 0.5284183 0.8895063
vt 0.5303328 0.8893528
vt 0.5640689 0.9822841
vt 0.5621188 0.9776203
vt 0.5601112 0.9776113
vt 0.5624271 0.9826275
vt 0.5598519 0.9821737
vt 0.5624271 0.9826275
vt 0.5601112 0.9776113
vt 0.5580474 0.9778036
vt 0.7199914 0.9818804
vt 0.7208165 0.9825556
vt 0.7225804 0.9766701
vt 0.7212390 0.9768047
vt 0.7295752 0.8908367
vt 0.7312738 0.8907921
vt 0.7312738 0.8907921
vt 0.7323777 0.8908693
vt 0.7214032 0.9833678
vt 0.7239513 0.9765601
vt 0.7225804 0.9766701
vt 0.7208165 0.9825556
vt 0.3004015 0.8940526
vt 0.3028203 0.8890557
vt 0.7307101 0.8658648
vt 0.7142174 0.8658234
vt 0.7115551 0.8739994
vt 0.5084406 0.8748600
vt 0.5284126 0.8658357
vt 0.5109819 0.8658018
vt 0.7054256 0.8568380
vt 0.7115492 0.8597056
vt 0.7302007 0.8524368
vt 0.7065745 0.8521784
vt 0.5276951 0.8522952
vt 0.5022623 0.8518692
vt 0.5019943 0.8569887
vt 0.5084833 0.8599921
vt 0.7142174 0.8658234
vt 0.6993370 0.8665751
vt 0.7115551 0.8739994
vt 0.7055455 0.8768602
vt 0.6932616 0.8770377
vt 0.6870308 0.8742784
vt 0.6840755 0.8658585
vt 0.6868023 0.8596079
vt 0.6930868 0.8567336
vt 0.7054256 0.8568380
vt 0.7115492 0.8597056
vt 0.5109819 0.8658018
vt 0.4958849 0.8671083
vt 0.5084406 0.8748600
vt 0.5019743 0.8777921
vt 0.4896088 0.8778183
vt 0.4831713 0.8748327
vt 0.4806760 0.8657605
vt 0.4831700 0.8599793
vt 0.4896083 0.8569952
vt 0.5019943 0.8569887
vt 0.5084833 0.8599921
vt 0.6745030 0.8658605
vt 0.6750588 0.8524680
vt 0.4684508 0.8657497
vt 0.4685288 0.8519354
vt 0.5030289 0.8411022
vt 0.5270697 0.8411449
vt 0.5292860 0.8411696
vt 0.5270697 0.8411449
vt 0.5316251 0.8411223
vt 0.5292860 0.8411696
vt 0.6450917 0.8409737
vt 0.5316251 0.8411223
vt 0.7292583 0.8408336
vt 0.6937109 0.8901482
vt 0.6922497 0.8821109
vt 0.4848597 0.8892754
vt 0.4877197 0.8821121
vt 0.4896088 0.8778183
vt 0.4831713 0.8748327
vt 0.4806760 0.8657605
vt 0.4831700 0.8599793
vt 0.6868023 0.8596079
vt 0.6840755 0.8658585
vt 0.6870308 0.8742784
vt 0.6932616 0.8770377
vt 0.6919808 0.8521475
vt 0.6930868 0.8567336
vt 0.7072241 0.8822875
vt 0.7055455 0.8768602
vt 0.7217443 0.8924465
vt 0.7235034 0.8908967
vt 0.4865850 0.8517681
vt 0.4896083 0.8569952
vt 0.4808210 0.8408808
vt 0.4808210 0.8408808
vt 0.5022094 0.8821079
vt 0.5019743 0.8777921
vt 0.5027989 0.8892746
vt 0.5027989 0.8892746
vt 0.5175263 0.8907086
vt 0.5189435 0.8894290
vt 0.3281513 0.6208329
vt 0.3388017 0.6875052
vt 0.3374697 0.6888427
vt 0.3263596 0.6210061
vt 0.2838814 0.6619213
vt 0.2320460 0.6489799
vt 0.1678160 0.6356381
vt 0.1240061 0.6262076
vt 0.0696425 0.5959964
vt 0.0837558 0.6279818
vt 0.0733020 0.6260176
vt 0.0726630 0.6168134
vt 0.0860201 0.6192093
vt 0.0245376 0.6227990
vt 0.0212936 0.6116002
vt 0.0406364 0.6124663
vt 0.0448908 0.6233958
vt 0.3159499 0.6710236
vt 0.2838096 0.6672244
vt 0.2838814 0.6619213
vt 0.2318253 0.6568395
vt 0.2320460 0.6489799
vt 0.1672433 0.6439160
vt 0.1678160 0.6356381
vt 0.1228616 0.6347957
vt 0.1240061 0.6262076
vt 0.0537402 0.6240687
vt 0.0528147 0.6138512
vt 0.0640097 0.6151345
vt 0.0630781 0.6241915
vt 0.0243132 0.8454080
vt 0.0084391 0.8453322
vt 0.0377484 0.8497410
vt 0.0084391 0.8453322
vt 0.0067796 0.8444759
vt 0.0940782 0.6820660
vt 0.0949138 0.6806456
vt 0.2988876 0.8877044
vt 0.3028203 0.8890557
vt 0.3004015 0.8940526
vt 0.2966138 0.8932232
vt 0.5618135 0.3330824
vt 0.5504332 0.3464293
vt 0.4583892 0.3302673
vt 0.3740829 0.3312825
vt 0.3626997 0.3410309
vt 0.3426268 0.3378825
vt 0.4132535 0.3400514
vt 0.4210587 0.3302418
vt 0.4537931 0.3387301
vt 0.6107161 0.3338296
vt 0.6096365 0.3439847
vt 0.5655256 0.3427652
vt 0.3835434 0.2791408
vt 0.4228196 0.2849604
vt 0.4204037 0.3045695
vt 0.3783112 0.3096154
vt 0.3629985 0.2809444
vt 0.3571354 0.3112716
vt 0.4210587 0.3302418
vt 0.3740829 0.3312825
vt 0.4245206 0.3138407
vt 0.5618135 0.3330824
vt 0.4583892 0.3302673
vt 0.4615662 0.3139160
vt 0.5637731 0.3164425
vt 0.6107161 0.3338296
vt 0.6115177 0.3170297
vt 0.3426268 0.3378825
vt 0.0404124 0.8286435
vt 0.0322207 0.8079448
vt 0.0341195 0.8096654
vt 0.0742809 0.8096516
vt 0.0735470 0.8074665
vt 0.0109753 0.5725994
vt 0.0084155 0.5729754
vt 0.0900176 0.8072522
vt 0.0188682 0.6119004
vt 0.0203321 0.6088583
vt 0.0212936 0.6116002
vt 0.0245376 0.6227990
vt 0.0220511 0.6234310
vt 0.4279202 0.2726609
vt 0.4279441 0.2787505
vt 0.3835434 0.2791408
vt 0.3832794 0.2743607
vt 0.5644352 0.2774227
vt 0.5017722 0.2780817
vt 0.5639910 0.2715800
vt 0.6119291 0.2777127
vt 0.6116000 0.2719271
vt 0.3629985 0.2809444
vt 0.4630445 0.2725190
vt 0.4637024 0.2785216
vt 0.4279441 0.2787505
vt 0.4204037 0.3045695
vt 0.4228196 0.2849604
vt 0.4247307 0.2873980
vt 0.4229183 0.3046603
vt 0.5637731 0.3164425
vt 0.4615662 0.3139160
vt 0.4617953 0.3115377
vt 0.5642999 0.3141806
vt 0.6115177 0.3170297
vt 0.6115789 0.3146932
vt 0.4245206 0.3138407
vt 0.4257368 0.3118974
vt 0.5017722 0.2780817
vt 0.5019931 0.2806360
vt 0.4640165 0.2809680
vt 0.4637024 0.2785216
vt 0.5644352 0.2774227
vt 0.5645365 0.2799222
vt 0.6119826 0.2802796
vt 0.6119291 0.2777127
vt 0.4279441 0.2787505
vt 0.4289381 0.2814262
vt 0.4245206 0.3138407
vt 0.4257368 0.3118974
vt 0.0418189 0.8349394
vt 0.0411166 0.8403255
vt 0.0340899 0.8458437
vt 0.0378527 0.8443639
vt 0.0542622 0.6290269
vt 0.0537402 0.6240687
vt 0.0765327 0.6514142
vt 0.0866011 0.6503346
vt 0.1024958 0.6806711
vt 0.0949138 0.6806456
vt 0.1071218 0.6800778
vt 0.0728574 0.6435488
vt 0.0721382 0.6442555
vt 0.0244203 0.6276965
vt 0.0261477 0.6258645
vt 0.0261477 0.6258645
vt 0.0462062 0.6268450
vt 0.0465124 0.6283799
vt 0.0244203 0.6276965
vt 0.0599499 0.6321108
vt 0.0666029 0.6374991
vt 0.0658206 0.6387312
vt 0.0593287 0.6334246
vt 0.0084391 0.8453322
vt 0.0243132 0.8454080
vt 0.0242952 0.8441678
vt 0.0067796 0.8444759
vt 0.0404124 0.8286435
vt 0.0341195 0.8096654
vt 0.0322207 0.8079448
vt 0.0391696 0.8289211
vt 0.0411166 0.8403255
vt 0.0418189 0.8349394
vt 0.0405483 0.8350207
vt 0.0399636 0.8400215
vt 0.0340899 0.8458437
vt 0.0338006 0.8446335
vt 0.0370408 0.8434018
vt 0.0378527 0.8443639
vt 0.0529476 0.6301055
vt 0.0542622 0.6290269
vt 0.0949138 0.6806456
vt 0.0940782 0.6820660
vt 0.0753644 0.6519709
vt 0.0765327 0.6514142
vt 0.0721382 0.6442555
vt 0.0710986 0.6451763
vt 0.0396586 0.6092921
vt 0.0406364 0.6124663
vt 0.0212936 0.6116002
vt 0.0203321 0.6088583
vt 0.0528147 0.6138512
vt 0.0527221 0.6095212
vt 0.0583084 0.6085439
vt 0.0640097 0.6151345
vt 0.0672974 0.6033915
vt 0.0712296 0.6068982
vt 0.0175485 0.5977386
vt 0.0634362 0.6064985
vt 0.0726630 0.6168134
vt 0.5296791 0.7363188
vt 0.6414176 0.7361585
vt 0.6411743 0.7347656
vt 0.5270517 0.7351176
vt 0.2742219 0.7362078
vt 0.4174852 0.7361946
vt 0.4176881 0.7348001
vt 0.2734268 0.7350037
vt 0.6779533 0.7362418
vt 0.6787080 0.7350231
vt 0.5244780 0.7363297
vt 0.5270517 0.7351176
vt 0.3567560 0.3634588
vt 0.3368480 0.3588243
vt 0.3499436 0.3553518
vt 0.3620653 0.3533046
vt 0.4606945 0.3686167
vt 0.4604270 0.3909407
vt 0.3694384 0.3893282
vt 0.3567560 0.3634588
vt 0.3524042 0.3891402
vt 0.3368480 0.3588243
vt 0.8483052 0.8091504
vt 0.8591521 0.8105360
vt 0.8595559 0.8096467
vt 0.8694402 0.8108739
vt 0.8696949 0.8099194
vt 0.9491411 0.8418952
vt 0.9478189 0.8376125
vt 0.8460942 0.8375666
vt 0.8392859 0.8412308
vt 0.4640567 0.3612257
vt 0.4606945 0.3686167
vt 0.4414524 0.3587731
vt 0.4626678 0.4134331
vt 0.3764616 0.4126126
vt 0.3606231 0.4149629
vt 0.3764616 0.4126126
vt 0.4626678 0.4134331
vt 0.4641429 0.4184998
vt 0.3772327 0.4179313
vt 0.3606231 0.4149629
vt 0.2037033 0.8076541
vt 0.2012646 0.8052529
vt 0.1854599 0.8171346
vt 0.1872399 0.8200712
vt 0.2165996 0.7895316
vt 0.2136348 0.7878283
vt 0.1676312 0.8279456
vt 0.1667402 0.8246986
vt 0.1465776 0.8274226
vt 0.1465320 0.8308578
vt 0.1255096 0.8280628
vt 0.1264881 0.8247525
vt 0.1079637 0.8171606
vt 0.1061153 0.8201309
vt 0.2266946 0.7594368
vt 0.2229032 0.7589293
vt 0.8483052 0.8091504
vt 0.8460300 0.8066142
vt 0.8302476 0.8188638
vt 0.8318865 0.8219603
vt 0.7693112 0.8299557
vt 0.7704118 0.8265447
vt 0.7513506 0.8188074
vt 0.7493693 0.8218300
vt 0.7907673 0.8329297
vt 0.7909197 0.8293477
vt 0.8121544 0.8301132
vt 0.8113596 0.8266218
vt 0.7175555 0.7860422
vt 0.7211510 0.7846438
vt 0.7131559 0.7588966
vt 0.7090665 0.7594060
vt 0.0923820 0.8048787
vt 0.0900176 0.8072522
vt 0.7325377 0.8092216
vt 0.7352103 0.8067037
vt 0.3571354 0.3112716
vt 0.3528959 0.3097782
vt 0.3584359 0.2808244
vt 0.3629985 0.2809444
vt 0.3426268 0.3378825
vt 0.3392116 0.3351798
vt 0.3524042 0.3891402
vt 0.3487319 0.3908375
vt 0.3338258 0.3619016
vt 0.3368480 0.3588243
vt 0.3606231 0.4149629
vt 0.3565684 0.4155220
vt 0.9588468 0.8688502
vt 0.9335846 0.8817265
vt 0.9563966 0.8845583
vt 0.0421025 0.9364378
vt 0.0502060 0.9383475
vt 0.0506337 0.9343479
vt 0.0423323 0.9344445
vt 0.0420907 0.9386153
vt 0.0426270 0.9324272
vt 0.0510977 0.9303505
vt 0.0429582 0.9304016
vt 0.0718139 0.9332324
vt 0.0637709 0.9331023
vt 0.0642482 0.9375892
vt 0.0719342 0.9352690
vt 0.0716815 0.9311842
vt 0.0425330 0.9416769
vt 0.0498162 0.9423809
vt 0.0429579 0.9442249
vt 0.0493616 0.9468814
vt 0.0415920 0.9533854
vt 0.0490755 0.9557192
vt 0.0496497 0.9514376
vt 0.0417145 0.9513547
vt 0.0709267 0.9499990
vt 0.0627194 0.9498535
vt 0.0631487 0.9539030
vt 0.0711971 0.9520577
vt 0.0706165 0.9479323
vt 0.0419035 0.9492849
vt 0.0502459 0.9473819
vt 0.0421202 0.9472060
vt 0.0709215 0.9594768
vt 0.0636044 0.9587649
vt 0.0641155 0.9645332
vt 0.0704927 0.9620663
vt 0.0712825 0.9567526
vt 0.0720328 0.9372895
vt 0.0714014 0.9540911
vt 0.0721206 0.9422154
vt 0.0646336 0.9416394
vt 0.0650524 0.9464101
vt 0.0716440 0.9458315
vt 0.0720881 0.9397257
vt 0.0432555 0.9462969
vt 0.0701598 0.9640341
vt 0.0412277 0.9561733
vt 0.0416886 0.9620295
vt 0.0482176 0.9628160
vt 0.0486413 0.9592988
vt 0.0413593 0.9584215
vt 0.2602183 0.9743532
vt 0.2333722 0.9803317
vt 0.2615259 0.9761207
vt 0.2628496 0.9856663
vt 0.2333722 0.9803317
vt 0.2457224 0.9538110
vt 0.2327704 0.9651194
vt 0.2514571 0.9578109
vt 0.2615259 0.9761207
vt 0.2602183 0.9743532
vt 0.2378167 0.9505251
vt 0.2334724 0.9489332
vt 0.2325226 0.9488207
vt 0.0923714 0.9513009
vt 0.0865499 0.9619807
vt 0.1205031 0.9619033
vt 0.1204764 0.9509312
vt 0.1473688 0.9507971
vt 0.1473977 0.9618357
vt 0.1855008 0.9617313
vt 0.1835571 0.9510921
vt 0.0772147 0.9507276
vt 0.0829345 0.9515802
vt 0.1873837 0.9510464
vt 0.1940028 0.9653409
vt 0.1930085 0.9504130
vt 0.1939628 0.9502286
vt 0.0761879 0.9506992
vt 0.0762229 0.9656371
vt 0.0360219 0.9701475
vt 0.0057148 0.9865687
vt 0.0077283 0.9649679
vt 0.0363994 0.9655328
vt 0.0087664 0.9617556
vt 0.0050772 0.9676389
vt 0.0360219 0.9701475
vt 0.0077283 0.9649679
vt 0.0038742 0.9720640
vt 0.0360219 0.9701475
vt 0.0050772 0.9676389
vt 0.0060169 0.9751066
vt 0.0060169 0.9751066
vt 0.0360219 0.9701475
vt 0.0038742 0.9720640
vt 0.0328832 0.9498492
vt 0.0141684 0.9551796
vt 0.0371457 0.9491869
vt 0.0533831 0.9532245
vt 0.0500589 0.9559832
vt 0.0611694 0.9545320
vt 0.0574644 0.9528422
vt 0.0486413 0.9592988
vt 0.0636044 0.9587649
vt 0.0641155 0.9645332
vt 0.0482176 0.9628160
vt 0.0587469 0.9359778
vt 0.0547379 0.9363272
vt 0.0514796 0.9386860
vt 0.0627687 0.9380237
vt 0.0498162 0.9423809
vt 0.0646336 0.9416394
vt 0.0493616 0.9468814
vt 0.0650524 0.9464101
vt 0.0814101 0.9814041
vt 0.1339987 0.9812701
vt 0.1898160 0.9811370
vt 0.1340341 0.9955281
vt 0.9291744 0.6116084
vt 0.9292198 0.6498166
vt 0.9271659 0.6496822
vt 0.9270313 0.6115476
vt 0.9296849 0.7030221
vt 0.9273320 0.7022797
vt 0.9044681 0.7395698
vt 0.9379971 0.7498338
vt 0.9365702 0.7559224
vt 0.9052789 0.7478401
vt 0.9621410 0.7492310
vt 0.9550200 0.6509405
vt 0.9565256 0.6122211
vt 0.9628497 0.6125759
vt 0.9615049 0.6511616
vt 0.9534740 0.7062095
vt 0.9598968 0.7088922
vt 0.9379971 0.7498338
vt 0.9044681 0.7395698
vt 0.9298019 0.7388548
vt 0.9621410 0.7492310
vt 0.9670479 0.7468709
vt 0.9346111 0.7370403
vt 0.9437277 0.7236325
vt 0.9760792 0.7314060
vt 0.9437277 0.7236325
vt 0.9222958 0.7102804
vt 0.9508793 0.7136577
vt 0.9760792 0.7314060
vt 0.9621410 0.7492310
vt 0.9298019 0.7388548
vt 0.9676313 0.7500170
vt 0.9779046 0.7317802
vt 0.9647307 0.7559224
vt 0.9676313 0.7500170
vt 0.9565256 0.6122211
vt 0.9534128 0.6120471
vt 0.9423542 0.6118075
vt 0.9402101 0.6117173
vt 0.9027599 0.6116961
vt 0.9042031 0.6498245
vt 0.9011779 0.6497415
vt 0.8996785 0.6116892
vt 0.9159853 0.6115707
vt 0.9167297 0.6496905
vt 0.9146699 0.6495930
vt 0.9138370 0.6115383
vt 0.9520403 0.6506351
vt 0.9550200 0.6509405
vt 0.9396241 0.6500255
vt 0.9416733 0.6501948
vt 0.9065759 0.7009410
vt 0.9032054 0.7000161
vt 0.9181477 0.7018760
vt 0.9157790 0.7011772
vt 0.9503055 0.7050825
vt 0.9534740 0.7062095
vt 0.9388440 0.7035860
vt 0.9411790 0.7043692
vt 0.9138370 0.6115383
vt 0.9082788 0.6123008
vt 0.9270313 0.6115476
vt 0.9214796 0.6122450
vt 0.9146699 0.6495930
vt 0.9094527 0.6514689
vt 0.9271659 0.6496822
vt 0.9219326 0.6514527
vt 0.9423542 0.6118075
vt 0.9478282 0.6126233
vt 0.9467812 0.6521891
vt 0.9416733 0.6501948
vt 0.9291744 0.6116084
vt 0.9346511 0.6123530
vt 0.9343758 0.6516920
vt 0.9292198 0.6498166
vt 0.9157790 0.7011772
vt 0.9112360 0.7033931
vt 0.9273320 0.7022797
vt 0.9227531 0.7044209
vt 0.9456677 0.7070786
vt 0.9411790 0.7043692
vt 0.9342338 0.7056531
vt 0.9296849 0.7030221
vt 0.9534128 0.6120471
vt 0.9478282 0.6126233
vt 0.9402101 0.6117173
vt 0.9346511 0.6123530
vt 0.9027599 0.6116961
vt 0.9082788 0.6123008
vt 0.9094527 0.6514689
vt 0.9042031 0.6498245
vt 0.9159853 0.6115707
vt 0.9214796 0.6122450
vt 0.9219326 0.6514527
vt 0.9167297 0.6496905
vt 0.9520403 0.6506351
vt 0.9467812 0.6521891
vt 0.9396241 0.6500255
vt 0.9343758 0.6516920
vt 0.9112360 0.7033931
vt 0.9065759 0.7009410
vt 0.9227531 0.7044209
vt 0.9181477 0.7018760
vt 0.9503055 0.7050825
vt 0.9456677 0.7070786
vt 0.9388440 0.7035860
vt 0.9342338 0.7056531
vt 0.9779046 0.7317802
vt 0.9822896 0.7349756
vt 0.9720161 0.7532127
vt 0.9676313 0.7500170
vt 0.2190272 0.9634474
vt 0.2188813 0.9601644
vt 0.2094883 0.9568837
vt 0.2113302 0.9560370
vt 0.2093934 0.9559355
vt 0.2116609 0.9634306
vt 0.2132534 0.9634357
vt 0.2122438 0.9601400
vt 0.2103712 0.9597113
vt 0.2108524 0.9538425
vt 0.2098327 0.9542978
vt 0.2095307 0.9550001
vt 0.2186331 0.9560126
vt 0.2184372 0.9537739
vt 0.8136487 0.1835997
vt 0.8120528 0.1829117
vt 0.8229021 0.1474813
vt 0.8244753 0.1478060
vt 0.7454057 0.1461632
vt 0.7440391 0.1463995
vt 0.7514403 0.1715685
vt 0.7500111 0.1719807
vt 0.7545223 0.1829770
vt 0.7532672 0.1839600
vt 0.7742894 0.1915748
vt 0.7737224 0.1927731
vt 0.7872561 0.1955026
vt 0.7869524 0.1969380
vt 0.7941898 0.1959949
vt 0.7944998 0.1978606
vt 0.8009018 0.1939231
vt 0.8018754 0.1953822
vt 0.8062810 0.1908602
vt 0.8076654 0.1920504
vt 0.8120528 0.1829117
vt 0.8089284 0.1813885
vt 0.8199769 0.1468266
vt 0.8229021 0.1474813
vt 0.7484476 0.1456741
vt 0.7454057 0.1461632
vt 0.7543616 0.1707553
vt 0.7514403 0.1715685
vt 0.7575750 0.1804449
vt 0.7545223 0.1829770
vt 0.7752403 0.1890068
vt 0.7742894 0.1915748
vt 0.7876506 0.1922025
vt 0.7872561 0.1955026
vt 0.7934611 0.1921967
vt 0.7941898 0.1959949
vt 0.7990854 0.1904655
vt 0.8009018 0.1939231
vt 0.8034934 0.1875060
vt 0.8062810 0.1908602
vt 0.8089284 0.1813885
vt 0.7953194 0.1706863
vt 0.8052968 0.1443565
vt 0.8199769 0.1468266
vt 0.8206235 0.0996748
vt 0.8267900 0.0996748
vt 0.7484476 0.1456741
vt 0.7658111 0.1446555
vt 0.7709653 0.1662972
vt 0.7543616 0.1707553
vt 0.7728125 0.1705500
vt 0.7575750 0.1804449
vt 0.7575750 0.1804449
vt 0.7728125 0.1705500
vt 0.7833233 0.1770511
vt 0.7752403 0.1890068
vt 0.7918242 0.1780393
vt 0.7876506 0.1922025
vt 0.7932839 0.1771753
vt 0.7934611 0.1921967
vt 0.7944853 0.1754775
vt 0.7990854 0.1904655
vt 0.7947743 0.1737780
vt 0.8034934 0.1875060
vt 0.8034934 0.1875060
vt 0.7947743 0.1737780
vt 0.3616225 0.8963315
vt 0.3277843 0.8953647
vt 0.3258952 0.9012767
vt 0.3623789 0.9237991
vt 0.3230498 0.9023706
vt 0.3258952 0.9012767
vt 0.3277843 0.8953647
vt 0.3252654 0.8927195
vt 0.3252654 0.8927195
vt 0.3277843 0.8953647
vt 0.3616225 0.8963315
vt 0.3638833 0.8943339
vt 0.3638833 0.8943339
vt 0.3616225 0.8963315
vt 0.3623789 0.9237991
vt 0.3641789 0.9269789
vt 0.3641789 0.9269789
vt 0.3623789 0.9237991
vt 0.3258952 0.9012767
vt 0.3230498 0.9023706
vt 0.7044200 0.7307341
vt 0.6809528 0.7300738
vt 0.6854377 0.7560681
vt 0.6997496 0.7564495
vt 0.2587111 0.7565090
vt 0.2558214 0.7313736
vt 0.2456411 0.7565831
vt 0.2670529 0.7565161
vt 0.2692368 0.7305042
vt 0.2358814 0.7569160
vt 0.2413159 0.7313862
vt 0.2305676 0.7316238
vt 0.2277488 0.7573878
vt 0.7080703 0.7569097
vt 0.6854377 0.7560681
vt 0.6809528 0.7300738
vt 0.6800452 0.7311760
vt 0.6845034 0.7559616
vt 0.2692368 0.7305042
vt 0.2670529 0.7565161
vt 0.2679606 0.7564180
vt 0.2701657 0.7315071
vt 0.5204820 0.2491063
vt 0.4860432 0.2415311
vt 0.4997059 0.2145073
vt 0.5304632 0.2246962
vt 0.6650757 0.2638264
vt 0.6664919 0.2503938
vt 0.4694850 0.2401816
vt 0.4832324 0.2088450
vt 0.6273348 0.2624713
vt 0.6299317 0.2491442
vt 0.6267524 0.2413539
vt 0.6185827 0.2446096
vt 0.5545951 0.2372766
vt 0.5564696 0.2305454
vt 0.5357777 0.2345347
vt 0.2046930 0.9607827
vt 0.2048428 0.9602625
vt 0.1976897 0.9602727
vt 0.1977506 0.9607679
vt 0.6202309 0.2551481
vt 0.5476369 0.2564085
vt 0.5503899 0.2499755
vt 0.5325437 0.2447578
vt 0.1991122 0.9578145
vt 0.1976897 0.9602727
vt 0.2048428 0.9602625
vt 0.2067716 0.9568835
vt 0.2086540 0.9594786
vt 0.2048428 0.9602625
vt 0.2046930 0.9607827
vt 0.2083561 0.9605983
vt 0.2064936 0.9639780
vt 0.2046930 0.9607827
vt 0.1977506 0.9607679
vt 0.1994765 0.9630794
vt 0.1977576 0.9619083
vt 0.1966390 0.9610227
vt 0.1977506 0.9607679
vt 0.1976897 0.9602727
vt 0.1964162 0.9598978
vt 0.1974218 0.9589723
vt 0.6423303 0.7303795
vt 0.6423049 0.7104359
vt 0.5273050 0.7107443
vt 0.5273305 0.7306625
vt 0.4173021 0.7307618
vt 0.4172765 0.7108180
vt 0.2692110 0.7105069
vt 0.7043549 0.7105070
vt 0.6809273 0.7101718
vt 0.2535528 0.7104087
vt 0.2305389 0.7106341
vt 0.6423303 0.7303795
vt 0.5273305 0.7306625
vt 0.5273232 0.7319015
vt 0.6423112 0.7316006
vt 0.4173021 0.7307618
vt 0.4173049 0.7319825
vt 0.8936414 0.2119452
vt 0.8808950 0.1892016
vt 0.9531170 0.1523393
vt 0.9693841 0.1819256
vt 0.9690359 0.1440631
vt 0.9840659 0.1778258
vt 0.2305676 0.7316238
vt 0.2266750 0.7314211
vt 0.2241179 0.7571276
vt 0.2277488 0.7573878
vt 0.7080703 0.7569097
vt 0.7120092 0.7565904
vt 0.7085868 0.7305226
vt 0.7044200 0.7307341
vt 0.4694850 0.2401816
vt 0.4662432 0.2387733
vt 0.4798063 0.2077143
vt 0.4832324 0.2088450
vt 0.2305389 0.7106341
vt 0.2266477 0.7104261
vt 0.7085595 0.7105303
vt 0.7043549 0.7105070
vt 0.9840659 0.1778258
vt 0.9690359 0.1440631
vt 0.9868622 0.1755920
vt 0.6629437 0.6177067
vt 0.6614296 0.6898161
vt 0.7401170 0.6172743
vt 0.7281312 0.6174535
vt 0.7367035 0.6893972
vt 0.7244954 0.6895818
vt 0.7614506 0.6180086
vt 0.7515188 0.6173813
vt 0.7571913 0.6896204
vt 0.7479205 0.6894524
vt 0.4895329 0.3696166
vt 0.4893995 0.3912345
vt 0.9588468 0.8688502
vt 0.9773140 0.8757208
vt 0.9789668 0.8706244
vt 0.9601001 0.8635108
vt 0.9563966 0.8845583
vt 0.9716738 0.8903297
vt 0.4892768 0.3616671
vt 0.4895329 0.3696166
vt 0.4891650 0.4134482
vt 0.4891650 0.4134482
vt 0.4890552 0.4185967
vt 0.5143292 0.3687983
vt 0.5145110 0.3912406
vt 0.9939591 0.8838983
vt 0.9958562 0.8788662
vt 0.9871190 0.8984628
vt 0.5134747 0.3602919
vt 0.5143292 0.3687983
vt 0.5135653 0.4139482
vt 0.5135653 0.4139482
vt 0.5132444 0.4192435
vt 0.5947607 0.3664581
vt 0.5950771 0.3909587
vt 0.8459340 0.7774703
vt 0.8381779 0.7760227
vt 0.8463323 0.7621869
vt 0.8074644 0.7754189
vt 0.8006813 0.7753631
vt 0.8010412 0.6860403
vt 0.8078254 0.6861287
vt 0.7803380 0.7745307
vt 0.7807549 0.6861176
vt 0.8824794 0.7786832
vt 0.8696644 0.7789479
vt 0.5939880 0.3575344
vt 0.5947607 0.3664581
vt 0.5947524 0.4150287
vt 0.5947524 0.4150287
vt 0.5944565 0.4204548
vt 0.8373098 0.6858971
vt 0.8488849 0.6866959
vt 0.8488849 0.6866959
vt 0.8870872 0.6864247
vt 0.9325854 0.8901166
vt 0.9507599 0.8920336
vt 0.7323777 0.8908693
vt 0.7424682 0.8909472
vt 0.7797377 0.8907148
vt 0.8356315 0.8909883
vt 0.9507599 0.8920336
vt 0.9669672 0.8975179
vt 0.9814926 0.9062095
vt 0.7698700 0.7742615
vt 0.7703344 0.6863543
vt 0.7950988 0.9941099
vt 0.7952249 0.9927008
vt 0.6614296 0.6898161
vt 0.6614494 0.6912493
vt 0.7952249 0.9927008
vt 0.7926034 0.9816885
vt 0.8707102 0.9862100
vt 0.8704492 0.9848896
vt 0.8581840 0.9868493
vt 0.8581781 0.9882461
vt 0.7367035 0.6893972
vt 0.7367700 0.6907226
vt 0.7245846 0.6910086
vt 0.7244954 0.6895818
vt 0.8581840 0.9868493
vt 0.8704492 0.9848896
vt 0.8614998 0.9757450
vt 0.8823307 0.9822132
vt 0.8905292 0.9764813
vt 0.8817670 0.9810583
vt 0.7479205 0.6894524
vt 0.7571913 0.6896204
vt 0.7582005 0.6904438
vt 0.7485272 0.6907034
vt 0.9342717 0.9427633
vt 0.9275271 0.9324105
vt 0.8783292 0.9711426
vt 0.8817670 0.9810583
vt 0.8762344 0.9641494
vt 0.8594692 0.9685061
vt 0.9353401 0.9436418
vt 0.9825780 0.9068902
vt 0.9814926 0.9062095
vt 0.9342717 0.9427633
vt 0.9537126 0.9101808
vt 0.9970483 0.8783292
vt 0.9958562 0.8788662
vt 0.9939591 0.8838983
vt 0.9951569 0.8844895
vt 0.9871190 0.8984628
vt 0.9882461 0.8990806
vt 0.8381779 0.7760227
vt 0.8459340 0.7774703
vt 0.8390913 0.7779146
vt 0.8006813 0.7753631
vt 0.8074644 0.7754189
vt 0.8083346 0.7767596
vt 0.8006796 0.7772434
vt 0.7803380 0.7745307
vt 0.7803490 0.7763731
vt 0.7684985 0.7754870
vt 0.7698700 0.7742615
vt 0.9356381 0.9066224
vt 0.9137366 0.9267719
vt 0.9441922 0.8660946
vt 0.9356381 0.9066224
vt 0.7908837 0.9743813
vt 0.8356315 0.8909883
vt 0.8355342 0.8914530
vt 0.9318296 0.8912843
vt 0.9325854 0.8901166
vt 0.9325854 0.8901166
vt 0.9318296 0.8912843
vt 0.9341790 0.9062459
vt 0.9356381 0.9066224
vt 0.9356381 0.9066224
vt 0.9341790 0.9062459
vt 0.9126373 0.9255770
vt 0.9137366 0.9267719
vt 0.8755469 0.9627681
vt 0.8762344 0.9641494
vt 0.8592179 0.9668177
vt 0.8594692 0.9685061
vt 0.7908053 0.9727157
vt 0.7908837 0.9743813
vt 0.7359279 0.9745650
vt 0.7349681 0.9762489
vt 0.7797377 0.8907148
vt 0.7796544 0.8911677
vt 0.7430810 0.8914171
vt 0.7424682 0.8909472
vt 0.8817670 0.9810583
vt 0.7614506 0.6180086
vt 0.7601696 0.5614224
vt 0.7613600 0.5614474
vt 0.7629154 0.6180598
vt 0.7571913 0.6896204
vt 0.7582005 0.6904438
vt 0.7703344 0.6863543
vt 0.7698700 0.7742615
vt 0.7684985 0.7754870
vt 0.7685855 0.6863701
vt 0.8463323 0.7621869
vt 0.8824794 0.7786832
vt 0.8381779 0.7760227
vt 0.8463323 0.7621869
vt 0.9491411 0.8418952
vt 0.8117619 0.7767596
vt 0.8127171 0.7756566
vt 0.8343589 0.7760227
vt 0.8352724 0.7779146
vt 0.8124684 0.6862743
vt 0.8334908 0.6858971
vt 0.8343589 0.7760227
vt 0.8127171 0.7756566
vt 0.8074644 0.7754189
vt 0.8078254 0.6861287
vt 0.8085770 0.6862276
vt 0.8083346 0.7767596
vt 0.8124684 0.6862743
vt 0.8127171 0.7756566
vt 0.8117619 0.7767596
vt 0.8120043 0.6862276
vt 0.9406961 0.8099829
vt 0.9396896 0.8112239
vt 0.9557817 0.8598396
vt 0.9601001 0.8635108
vt 0.9396896 0.8112239
vt 0.9424418 0.8201603
vt 0.9434473 0.8200564
vt 0.9406961 0.8099829
vt 0.9478189 0.8376125
vt 0.9487744 0.8375150
vt 0.9491411 0.8418952
vt 0.9499947 0.8419417
vt 0.9601001 0.8635108
vt 0.9789668 0.8706244
vt 0.9792995 0.8695235
vt 0.9605755 0.8622986
vt 0.9958562 0.8788662
vt 0.9970483 0.8783292
vt 0.9529930 0.8546724
vt 0.9540589 0.8539935
vt 0.9557817 0.8598396
vt 0.9570593 0.8589751
vt 0.7747861 0.2017602
vt 0.7747859 0.2242824
vt 0.8716123 0.2179621
vt 0.8496135 0.2210850
vt 0.8496136 0.1985627
vt 0.7997624 0.2006929
vt 0.8077084 0.2125908
vt 0.9529930 0.8546724
vt 0.5541725 0.9375550
vt 0.5663912 0.9757285
vt 0.5586203 0.9757174
vt 0.5463853 0.9374856
vt 0.5401576 0.8901170
vt 0.5323461 0.8900259
vt 0.5484197 0.9758536
vt 0.5362056 0.9375538
vt 0.5439922 0.9376231
vt 0.5561961 0.9758735
vt 0.5221865 0.8900713
vt 0.5299928 0.8901536
vt 0.7278776 0.8923678
vt 0.7250888 0.9317856
vt 0.7235478 0.9317977
vt 0.7263215 0.8922418
vt 0.7349721 0.9719753
vt 0.7256981 0.9723385
vt 0.7277426 0.9318146
vt 0.7369179 0.9316254
vt 0.7235478 0.9317977
vt 0.7220808 0.9317617
vt 0.7246304 0.8929884
vt 0.7263215 0.8922418
vt 0.5663912 0.9757285
vt 0.5541725 0.9375550
vt 0.5556189 0.9371408
vt 0.5676593 0.9747669
vt 0.5401576 0.8901170
vt 0.5419060 0.8907692
vt 0.5362056 0.9375538
vt 0.5484197 0.9758536
vt 0.5466714 0.9752834
vt 0.5347675 0.9380211
vt 0.5221865 0.8900713
vt 0.5209063 0.8910704
vt 0.7410111 0.8935340
vt 0.7383600 0.9318699
vt 0.7369179 0.9316254
vt 0.7395821 0.8925332
vt 0.5451872 0.9375542
vt 0.5463853 0.9374856
vt 0.5586203 0.9757174
vt 0.5574281 0.9757658
vt 0.5311557 0.8901699
vt 0.5323461 0.8900259
vt 0.5574281 0.9757658
vt 0.5561961 0.9758735
vt 0.5439922 0.9376231
vt 0.5451872 0.9375542
vt 0.5299928 0.8901536
vt 0.5311557 0.8901699
vt 0.7243925 0.9723160
vt 0.7230758 0.9724669
vt 0.7250888 0.9317856
vt 0.7263750 0.9317998
vt 0.7305492 0.8925462
vt 0.7277426 0.9318146
vt 0.7263750 0.9317998
vt 0.7291444 0.8925474
vt 0.7230758 0.9724669
vt 0.7215431 0.9726165
vt 0.7305492 0.8925462
vt 0.7395821 0.8925332
vt 0.7215431 0.9726165
vt 0.7202158 0.9717909
vt 0.7364717 0.9714633
vt 0.7349721 0.9719753
vt 0.7278776 0.8923678
vt 0.7291444 0.8925474
vt 0.7256981 0.9723385
vt 0.7243925 0.9723160
vt 0.5541725 0.9375550
vt 0.5463853 0.9374856
vt 0.5586203 0.9757174
vt 0.5663912 0.9757285
vt 0.5401576 0.8901170
vt 0.5323461 0.8900259
vt 0.5484197 0.9758536
vt 0.5561961 0.9758735
vt 0.5439922 0.9376231
vt 0.5362056 0.9375538
vt 0.5299928 0.8901536
vt 0.5221865 0.8900713
vt 0.7235478 0.9317977
vt 0.7250888 0.9317856
vt 0.7278776 0.8923678
vt 0.7263215 0.8922418
vt 0.7349721 0.9719753
vt 0.7369179 0.9316254
vt 0.7277426 0.9318146
vt 0.7256981 0.9723385
vt 0.7246304 0.8929884
vt 0.7220808 0.9317617
vt 0.7235478 0.9317977
vt 0.7263215 0.8922418
vt 0.5663912 0.9757285
vt 0.5676593 0.9747669
vt 0.5556189 0.9371408
vt 0.5541725 0.9375550
vt 0.5419060 0.8907692
vt 0.5401576 0.8901170
vt 0.5362056 0.9375538
vt 0.5347675 0.9380211
vt 0.5466714 0.9752834
vt 0.5484197 0.9758536
vt 0.5221865 0.8900713
vt 0.5209063 0.8910704
vt 0.7369179 0.9316254
vt 0.7383600 0.9318699
vt 0.7410111 0.8935340
vt 0.7395821 0.8925332
vt 0.5451872 0.9375542
vt 0.5574281 0.9757658
vt 0.5586203 0.9757174
vt 0.5463853 0.9374856
vt 0.5311557 0.8901699
vt 0.5323461 0.8900259
vt 0.5574281 0.9757658
vt 0.5451872 0.9375542
vt 0.5439922 0.9376231
vt 0.5561961 0.9758735
vt 0.5311557 0.8901699
vt 0.5299928 0.8901536
vt 0.7243925 0.9723160
vt 0.7263750 0.9317998
vt 0.7250888 0.9317856
vt 0.7230758 0.9724669
vt 0.7263750 0.9317998
vt 0.7277426 0.9318146
vt 0.7305492 0.8925462
vt 0.7291444 0.8925474
vt 0.7215431 0.9726165
vt 0.7230758 0.9724669
vt 0.7395821 0.8925332
vt 0.7305492 0.8925462
vt 0.7202158 0.9717909
vt 0.7215431 0.9726165
vt 0.7349721 0.9719753
vt 0.7364717 0.9714633
vt 0.7291444 0.8925474
vt 0.7278776 0.8923678
vt 0.7243925 0.9723160
vt 0.7256981 0.9723385
vt 0.7533205 0.7000081
vt 0.7571929 0.7000107
vt 0.7571926 0.7648358
vt 0.7533205 0.7634402
vt 0.7610438 0.7000115
vt 0.7610431 0.7656976
vt 0.7221842 0.6999621
vt 0.7260349 0.6999636
vt 0.7260342 0.7656497
vt 0.7221832 0.7656481
vt 0.7299068 0.6999678
vt 0.7299066 0.7647929
vt 0.7337976 0.6999741
vt 0.7337976 0.7634063
vt 0.7377024 0.6999816
vt 0.7377012 0.7620209
vt 0.7416153 0.6999897
vt 0.7416120 0.7611681
vt 0.7455273 0.6999973
vt 0.7455232 0.7611756
vt 0.7494309 0.7000036
vt 0.7494287 0.7620429
vt 0.8066471 0.7922794
vt 0.8078700 0.7967966
vt 0.8069760 0.7969053
vt 0.8058562 0.7925432
vt 0.8082387 0.8014411
vt 0.8072592 0.8013424
vt 0.8073521 0.8058844
vt 0.8064641 0.8055948
vt 0.8052801 0.8099059
vt 0.8045155 0.8094783
vt 0.8025439 0.8135408
vt 0.8019235 0.8130414
vt 0.7995402 0.8170281
vt 0.7989013 0.8164052
vt 0.7963538 0.8205492
vt 0.7956803 0.8197814
vt 0.7927922 0.8235114
vt 0.7924345 0.8226974
vt 0.8022395 0.7834036
vt 0.8048553 0.7876959
vt 0.8040003 0.7881789
vt 0.8016034 0.7842280
vt 0.8058562 0.7925432
vt 0.8069760 0.7969053
vt 0.7396314 0.7898123
vt 0.8072592 0.8013424
vt 0.8064641 0.8055948
vt 0.8045155 0.8094783
vt 0.8019235 0.8130414
vt 0.7989013 0.8164052
vt 0.7956803 0.8197814
vt 0.7924345 0.8226974
vt 0.8016034 0.7842280
vt 0.8040003 0.7881789
vt 0.7533205 0.7000081
vt 0.7533205 0.7634402
vt 0.7571926 0.7648358
vt 0.7571929 0.7000107
vt 0.7610431 0.7656976
vt 0.7610438 0.7000115
vt 0.7221842 0.6999621
vt 0.7221832 0.7656481
vt 0.7260342 0.7656497
vt 0.7260349 0.6999636
vt 0.7299066 0.7647929
vt 0.7299068 0.6999678
vt 0.7337976 0.7634063
vt 0.7337976 0.6999741
vt 0.7377012 0.7620209
vt 0.7377024 0.6999816
vt 0.7416120 0.7611681
vt 0.7416153 0.6999897
vt 0.7455232 0.7611756
vt 0.7455273 0.6999973
vt 0.7494287 0.7620429
vt 0.7494309 0.7000036
vt 0.8066471 0.7922794
vt 0.8058562 0.7925432
vt 0.8069760 0.7969053
vt 0.8078700 0.7967966
vt 0.8072592 0.8013424
vt 0.8082387 0.8014411
vt 0.8064641 0.8055948
vt 0.8073521 0.8058844
vt 0.8045155 0.8094783
vt 0.8052801 0.8099059
vt 0.8019235 0.8130414
vt 0.8025439 0.8135408
vt 0.7989013 0.8164052
vt 0.7995402 0.8170281
vt 0.7956803 0.8197814
vt 0.7963538 0.8205492
vt 0.7924345 0.8226974
vt 0.7927922 0.8235114
vt 0.8022395 0.7834036
vt 0.8016034 0.7842280
vt 0.8040003 0.7881789
vt 0.8048553 0.7876959
vt 0.8058562 0.7925432
vt 0.7396314 0.7898123
vt 0.8069760 0.7969053
vt 0.8072592 0.8013424
vt 0.8064641 0.8055948
vt 0.8045155 0.8094783
vt 0.8019235 0.8130414
vt 0.7989013 0.8164052
vt 0.7956803 0.8197814
vt 0.7924345 0.8226974
vt 0.8016034 0.7842280
vt 0.8040003 0.7881789
vt 0.1840512 0.7625619
vt 0.1840927 0.7567801
vt 0.2126099 0.7569843
vt 0.2125686 0.7627661
vt 0.1376692 0.7377520
vt 0.1661870 0.7377520
vt 0.1661873 0.7435341
vt 0.1376690 0.7435341
vt 0.1376690 0.7341606
vt 0.1661873 0.7341606
vt 0.1661870 0.7377520
vt 0.1376692 0.7377520
vt 0.1661873 0.7471254
vt 0.1376690 0.7471254
vt 0.1376690 0.7435341
vt 0.1661873 0.7435341
vt 0.1773195 0.7460170
vt 0.1775931 0.7377520
vt 0.1775931 0.7435341
vt 0.1773194 0.7352690
vt 0.1265367 0.7352692
vt 0.1262631 0.7435340
vt 0.1262631 0.7377519
vt 0.1265367 0.7460170
vt 0.2125686 0.7627661
vt 0.2126099 0.7569843
vt 0.2173921 0.7570184
vt 0.2173507 0.7628004
vt 0.1773195 0.7519078
vt 0.1661873 0.7519078
vt 0.1775931 0.7435341
vt 0.1775931 0.7377520
vt 0.1834840 0.7377520
vt 0.1834840 0.7435341
vt 0.1661870 0.7293783
vt 0.1773194 0.7293783
vt 0.1840927 0.7567801
vt 0.1840512 0.7625619
vt 0.1792691 0.7625276
vt 0.1793104 0.7567458
vt 0.1265367 0.7293783
vt 0.1376690 0.7293783
vt 0.1262631 0.7377519
vt 0.1262631 0.7435340
vt 0.1203721 0.7435340
vt 0.1203721 0.7377519
vt 0.1376692 0.7519078
vt 0.1265367 0.7519079
vt 0.1852976 0.7523285
vt 0.1852976 0.7465464
vt 0.2138156 0.7465464
vt 0.2138156 0.7523285
vt 0.1530543 0.7167284
vt 0.1815723 0.7167284
vt 0.1815723 0.7225104
vt 0.1530543 0.7225104
vt 0.1530543 0.7131369
vt 0.1815723 0.7131370
vt 0.1815723 0.7167284
vt 0.1530543 0.7167284
vt 0.1815723 0.7261018
vt 0.1530543 0.7261019
vt 0.1530543 0.7225104
vt 0.1815723 0.7225104
vt 0.1927047 0.7249932
vt 0.1929781 0.7167283
vt 0.1929783 0.7225104
vt 0.1927046 0.7142454
vt 0.1419221 0.7142454
vt 0.1416484 0.7225104
vt 0.1416484 0.7167284
vt 0.1419219 0.7249935
vt 0.2138156 0.7523285
vt 0.2138156 0.7465464
vt 0.2185980 0.7465464
vt 0.2185980 0.7523284
vt 0.1927047 0.7308841
vt 0.1815724 0.7308841
vt 0.1929783 0.7225104
vt 0.1929781 0.7167283
vt 0.1988690 0.7167283
vt 0.1988691 0.7225104
vt 0.1815723 0.7083547
vt 0.1927046 0.7083547
vt 0.1852976 0.7465464
vt 0.1852976 0.7523285
vt 0.1805154 0.7523284
vt 0.1805154 0.7465464
vt 0.1419221 0.7083547
vt 0.1530543 0.7083547
vt 0.1416484 0.7167284
vt 0.1416484 0.7225104
vt 0.1357576 0.7225104
vt 0.1357576 0.7167284
vt 0.1530543 0.7308843
vt 0.1419219 0.7308843
vt 0.9776318 0.0108895
vt 0.9070414 0.0093218
vt 0.9070402 0.0035057
vt 0.9782550 0.0050050
vt 0.9851565 0.0782194
vt 0.9111407 0.0763774
vt 0.9111401 0.0705500
vt 0.9857345 0.0723321
vt 0.9885982 0.1130891
vt 0.9128765 0.1110739
vt 0.9128761 0.1052419
vt 0.9891585 0.1072009
vt 0.9820136 0.0445936
vt 0.9097104 0.0428772
vt 0.9097095 0.0370556
vt 0.9826142 0.0387071
vt 0.9903313 0.1303957
vt 0.9137406 0.1284231
vt 0.9137399 0.1225874
vt 0.9908731 0.1245065
vt 0.9829755 0.0611769
vt 0.9098063 0.0594904
vt 0.9098053 0.0536646
vt 0.9835570 0.0552901
vt 0.9868637 0.0955248
vt 0.9119805 0.0937148
vt 0.9119797 0.0878836
vt 0.9874231 0.0896367
vt 0.9793092 0.0274736
vt 0.9078544 0.0259302
vt 0.9078541 0.0201091
vt 0.9799135 0.0215880
vt 0.9907104 0.1321013
vt 0.9909416 0.1343786
vt 0.9137406 0.1323322
vt 0.9137406 0.1300758
vt 0.9832777 0.0623373
vt 0.9835305 0.0644453
vt 0.9098068 0.0626141
vt 0.9098063 0.0605304
vt 0.9871936 0.0968702
vt 0.9874395 0.0990536
vt 0.9119809 0.0971373
vt 0.9119805 0.0949725
vt 0.9795945 0.0285228
vt 0.9798502 0.0305535
vt 0.9078553 0.0288379
vt 0.9078548 0.0268323
vt 0.9889811 0.1147972
vt 0.9892133 0.1170751
vt 0.9128771 0.1149795
vt 0.9128771 0.1127238
vt 0.9823191 0.0457561
vt 0.9825724 0.0478643
vt 0.9097110 0.0459970
vt 0.9097104 0.0439149
vt 0.9854897 0.0795677
vt 0.9857363 0.0817515
vt 0.9111410 0.0797954
vt 0.9111408 0.0776325
vt 0.9779202 0.0119407
vt 0.9781764 0.0139725
vt 0.9070423 0.0122237
vt 0.9070414 0.0102212
vt 0.1959776 0.7799383
vt 0.1789109 0.7873207
vt 0.1803919 0.7841591
vt 0.1915178 0.8070626
vt 0.1555035 0.8187090
vt 0.1568342 0.8076878
vt 0.1814149 0.8018666
vt 0.1520841 0.7600410
vt 0.1776653 0.7810698
vt 0.1501577 0.7778760
vt 0.1795542 0.7973770
vt 0.1552709 0.8027931
vt 0.1514012 0.7854880
vt 0.1769726 0.7875728
vt 0.1103894 0.8129046
vt 0.1093665 0.8109030
vt 0.1108645 0.8084896
vt 0.1261572 0.8100499
vt 0.1484396 0.7604157
vt 0.1467102 0.7776121
vt 0.1432201 0.7775934
vt 0.1460475 0.7613963
vt 0.1484234 0.7859225
vt 0.1418164 0.7900042
vt 0.1532908 0.8044409
vt 0.1505888 0.8188078
vt 0.1261572 0.8100499
vt 0.1073903 0.7978469
vt 0.1149843 0.7909510
vt 0.1336448 0.7737033
vt 0.1373793 0.7594705
vt 0.1270602 0.7798708
vt 0.1418164 0.7900042
vt 0.1261572 0.8100499
vt 0.1149843 0.7909510
vt 0.1270602 0.7798708
vt 0.1499014 0.7837854
vt 0.1784044 0.7843053
vt 0.1950699 0.8018733
vt 0.1815243 0.7972603
vt 0.1934659 0.7757008
vt 0.1799605 0.7815312
vt 0.1791064 0.8013816
vt 0.1581541 0.8056810
vt 0.1505888 0.8188078
vt 0.1079903 0.8146397
vt 0.0959912 0.7989476
vt 0.0939479 0.7788728
vt 0.0964750 0.7816659
vt 0.0976567 0.7972487
vt 0.1174155 0.7514179
vt 0.1184972 0.7692436
vt 0.1175056 0.7688987
vt 0.1164939 0.7518528
vt 0.1154366 0.7726601
vt 0.1149851 0.7717240
vt 0.0741575 0.7729639
vt 0.0745670 0.7720218
vt 0.0722404 0.7711501
vt 0.0731415 0.7707359
vt 0.0719057 0.7463932
vt 0.0728479 0.7468337
vt 0.0756602 0.7431076
vt 0.0760035 0.7441399
vt 0.1134549 0.7474344
vt 0.1130144 0.7482908
vt 0.1164939 0.7518528
vt 0.1175056 0.7688987
vt 0.1153155 0.7680261
vt 0.1141731 0.7529632
vt 0.1149851 0.7717240
vt 0.1137054 0.7696683
vt 0.0745670 0.7720218
vt 0.0754213 0.7696683
vt 0.0731415 0.7707359
vt 0.0728479 0.7468337
vt 0.0750208 0.7481012
vt 0.0760035 0.7441399
vt 0.0766760 0.7464932
vt 0.1130144 0.7482908
vt 0.1117303 0.7502634
vt 0.0563860 0.7989476
vt 0.0559714 0.7766361
vt 0.0576838 0.7749726
vt 0.9903313 0.1303957
vt 0.9137406 0.1284231
vt 0.9829755 0.0611769
vt 0.9832777 0.0623373
vt 0.9098063 0.0605304
vt 0.9098063 0.0594904
vt 0.9868637 0.0955248
vt 0.9871936 0.0968702
vt 0.9119805 0.0949725
vt 0.9119805 0.0937148
vt 0.9793092 0.0274736
vt 0.9795945 0.0285228
vt 0.9078548 0.0268323
vt 0.9078544 0.0259302
vt 0.9885982 0.1130891
vt 0.9128765 0.1110739
vt 0.9820136 0.0445936
vt 0.9823191 0.0457561
vt 0.9097104 0.0439149
vt 0.9097104 0.0428772
vt 0.9851565 0.0782194
vt 0.9854897 0.0795677
vt 0.9111408 0.0776325
vt 0.9111407 0.0763774
vt 0.9776318 0.0108895
vt 0.9779202 0.0119407
vt 0.9070414 0.0102212
vt 0.9070414 0.0093218
vt 0.9911324 0.1389747
vt 0.9137412 0.1369047
vt 0.9835305 0.0644453
vt 0.9837730 0.0690405
vt 0.9098072 0.0671804
vt 0.9098068 0.0626141
vt 0.9874395 0.0990536
vt 0.9876566 0.1036493
vt 0.9119812 0.1017067
vt 0.9119809 0.0971373
vt 0.9798502 0.0305535
vt 0.9801203 0.0351474
vt 0.9078560 0.0334002
vt 0.9078553 0.0288379
vt 0.9894106 0.1216710
vt 0.9128777 0.1195512
vt 0.9825724 0.0478643
vt 0.9828229 0.0524590
vt 0.9097114 0.0505621
vt 0.9097110 0.0459970
vt 0.9857363 0.0817515
vt 0.9859610 0.0863470
vt 0.9111416 0.0843638
vt 0.9111410 0.0797954
vt 0.9781764 0.0139725
vt 0.9784554 0.0185660
vt 0.9070430 0.0167848
vt 0.9070423 0.0122237
vt 0.1840512 0.7625619
vt 0.2125686 0.7627661
vt 0.2126099 0.7569843
vt 0.1840927 0.7567801
vt 0.1376692 0.7377520
vt 0.1376690 0.7435341
vt 0.1661873 0.7435341
vt 0.1661870 0.7377520
vt 0.1376690 0.7341606
vt 0.1376692 0.7377520
vt 0.1661870 0.7377520
vt 0.1661873 0.7341606
vt 0.1661873 0.7471254
vt 0.1661873 0.7435341
vt 0.1376690 0.7435341
vt 0.1376690 0.7471254
vt 0.1773195 0.7460170
vt 0.1775931 0.7435341
vt 0.1775931 0.7377520
vt 0.1773194 0.7352690
vt 0.1265367 0.7352692
vt 0.1262631 0.7377519
vt 0.1262631 0.7435340
vt 0.1265367 0.7460170
vt 0.2125686 0.7627661
vt 0.2173507 0.7628004
vt 0.2173921 0.7570184
vt 0.2126099 0.7569843
vt 0.1661873 0.7519078
vt 0.1773195 0.7519078
vt 0.1775931 0.7435341
vt 0.1834840 0.7435341
vt 0.1834840 0.7377520
vt 0.1775931 0.7377520
vt 0.1773194 0.7293783
vt 0.1661870 0.7293783
vt 0.1840927 0.7567801
vt 0.1793104 0.7567458
vt 0.1792691 0.7625276
vt 0.1840512 0.7625619
vt 0.1376690 0.7293783
vt 0.1265367 0.7293783
vt 0.1262631 0.7377519
vt 0.1203721 0.7377519
vt 0.1203721 0.7435340
vt 0.1262631 0.7435340
vt 0.1265367 0.7519079
vt 0.1376692 0.7519078
vt 0.1852976 0.7523285
vt 0.2138156 0.7523285
vt 0.2138156 0.7465464
vt 0.1852976 0.7465464
vt 0.1530543 0.7167284
vt 0.1530543 0.7225104
vt 0.1815723 0.7225104
vt 0.1815723 0.7167284
vt 0.1530543 0.7131369
vt 0.1530543 0.7167284
vt 0.1815723 0.7167284
vt 0.1815723 0.7131370
vt 0.1815723 0.7261018
vt 0.1815723 0.7225104
vt 0.1530543 0.7225104
vt 0.1530543 0.7261019
vt 0.1927047 0.7249932
vt 0.1929783 0.7225104
vt 0.1929781 0.7167283
vt 0.1927046 0.7142454
vt 0.1419221 0.7142454
vt 0.1416484 0.7167284
vt 0.1416484 0.7225104
vt 0.1419219 0.7249935
vt 0.2138156 0.7523285
vt 0.2185980 0.7523284
vt 0.2185980 0.7465464
vt 0.2138156 0.7465464
vt 0.1815724 0.7308841
vt 0.1927047 0.7308841
vt 0.1929783 0.7225104
vt 0.1988691 0.7225104
vt 0.1988690 0.7167283
vt 0.1929781 0.7167283
vt 0.1927046 0.7083547
vt 0.1815723 0.7083547
vt 0.1852976 0.7465464
vt 0.1805154 0.7465464
vt 0.1805154 0.7523284
vt 0.1852976 0.7523285
vt 0.1530543 0.7083547
vt 0.1419221 0.7083547
vt 0.1416484 0.7167284
vt 0.1357576 0.7167284
vt 0.1357576 0.7225104
vt 0.1416484 0.7225104
vt 0.1419219 0.7308843
vt 0.1530543 0.7308843
vt 0.8364516 0.0109154
vt 0.8358260 0.0050309
vt 0.8371251 0.0782366
vt 0.8365461 0.0723495
vt 0.8371555 0.1131032
vt 0.8365939 0.1072152
vt 0.8374074 0.0446144
vt 0.8368052 0.0387287
vt 0.8371505 0.1304088
vt 0.8366075 0.1245198
vt 0.8366375 0.0611963
vt 0.8360544 0.0553095
vt 0.8370975 0.0955406
vt 0.8365370 0.0896524
vt 0.8364007 0.0274975
vt 0.8357944 0.0216119
vt 0.8367715 0.1321143
vt 0.8365402 0.1343915
vt 0.8363357 0.0623569
vt 0.8360834 0.0644646
vt 0.8367680 0.0968864
vt 0.8365227 0.0990696
vt 0.8361158 0.0285468
vt 0.8358608 0.0305774
vt 0.8367733 0.1148114
vt 0.8365417 0.1170896
vt 0.8371023 0.0457770
vt 0.8368497 0.0478852
vt 0.8367926 0.0795854
vt 0.8365464 0.0817695
vt 0.8361636 0.0119666
vt 0.8359085 0.0139979
vt 0.1959776 0.7799383
vt 0.1803919 0.7841591
vt 0.1789109 0.7873207
vt 0.1915178 0.8070626
vt 0.1814149 0.8018666
vt 0.1568342 0.8076878
vt 0.1555035 0.8187090
vt 0.1520841 0.7600410
vt 0.1776653 0.7810698
vt 0.1934659 0.7757008
vt 0.1795542 0.7973770
vt 0.1769726 0.7875728
vt 0.1514012 0.7854880
vt 0.1552709 0.8027931
vt 0.1103894 0.8129046
vt 0.1261572 0.8100499
vt 0.1108645 0.8084896
vt 0.1093665 0.8109030
vt 0.1484396 0.7604157
vt 0.1460475 0.7613963
vt 0.1432201 0.7775934
vt 0.1467102 0.7776121
vt 0.1418164 0.7900042
vt 0.1484234 0.7859225
vt 0.1532908 0.8044409
vt 0.1261572 0.8100499
vt 0.1505888 0.8188078
vt 0.1149843 0.7909510
vt 0.1073903 0.7978469
vt 0.1373793 0.7594705
vt 0.1336448 0.7737033
vt 0.1270602 0.7798708
vt 0.1418164 0.7900042
vt 0.1270602 0.7798708
vt 0.1149843 0.7909510
vt 0.1261572 0.8100499
vt 0.1499014 0.7837854
vt 0.1501577 0.7778760
vt 0.1784044 0.7843053
vt 0.1950699 0.8018733
vt 0.1815243 0.7972603
vt 0.1799605 0.7815312
vt 0.1581541 0.8056810
vt 0.1791064 0.8013816
vt 0.1505888 0.8188078
vt 0.1079903 0.8146397
vt 0.0964750 0.7816659
vt 0.0939479 0.7788728
vt 0.0959912 0.7989476
vt 0.0976567 0.7972487
vt 0.1174155 0.7514179
vt 0.1164939 0.7518528
vt 0.1175056 0.7688987
vt 0.1184972 0.7692436
vt 0.1149851 0.7717240
vt 0.1154366 0.7726601
vt 0.0745670 0.7720218
vt 0.0741575 0.7729639
vt 0.0731415 0.7707359
vt 0.0722404 0.7711501
vt 0.0728479 0.7468337
vt 0.0719057 0.7463932
vt 0.0760035 0.7441399
vt 0.0756602 0.7431076
vt 0.1130144 0.7482908
vt 0.1134549 0.7474344
vt 0.1164939 0.7518528
vt 0.1141731 0.7529632
vt 0.1153155 0.7680261
vt 0.1175056 0.7688987
vt 0.1137054 0.7696683
vt 0.1149851 0.7717240
vt 0.0754213 0.7696683
vt 0.0745670 0.7720218
vt 0.0731415 0.7707359
vt 0.0750208 0.7481012
vt 0.0728479 0.7468337
vt 0.0766760 0.7464932
vt 0.0760035 0.7441399
vt 0.1117303 0.7502634
vt 0.1130144 0.7482908
vt 0.0559714 0.7766361
vt 0.0563860 0.7989476
vt 0.0576838 0.7749726
vt 0.8371505 0.1304088
vt 0.8363357 0.0623569
vt 0.8366375 0.0611963
vt 0.8367680 0.0968864
vt 0.8370975 0.0955406
vt 0.8361158 0.0285468
vt 0.8364007 0.0274975
vt 0.8371555 0.1131032
vt 0.8371023 0.0457770
vt 0.8374074 0.0446144
vt 0.8367926 0.0795854
vt 0.8371251 0.0782366
vt 0.8361636 0.0119666
vt 0.8364516 0.0109154
vt 0.8363503 0.1389878
vt 0.8358423 0.0690598
vt 0.8360834 0.0644646
vt 0.8363063 0.1036654
vt 0.8365227 0.0990696
vt 0.8355923 0.0351717
vt 0.8358608 0.0305774
vt 0.8363451 0.1216856
vt 0.8366003 0.0524799
vt 0.8368497 0.0478852
vt 0.8363229 0.0863649
vt 0.8365464 0.0817695
vt 0.8356311 0.0185922
vt 0.8359085 0.0139979
vt 0.9784301 0.4338877
vt 0.9890050 0.4338658
vt 0.9842402 0.5104668
vt 0.9752607 0.5106883
vt 0.9827154 0.5711017
vt 0.9746962 0.5710536
vt 0.9897265 0.4333310
vt 0.9890050 0.4338658
vt 0.9759979 0.4340200
vt 0.9765525 0.4334621
vt 0.9712268 0.5350112
vt 0.9718440 0.4861901
vt 0.9752607 0.5106883
vt 0.9754454 0.4507186
vt 0.9759979 0.4340200
vt 0.9890050 0.4338658
vt 0.9784301 0.4338877
vt 0.9759979 0.4340200
vt 0.9784301 0.4338877
vt 0.9721615 0.5710511
vt 0.9746962 0.5710536
vt 0.9837500 0.6317818
vt 0.9878954 0.7085199
vt 0.9773210 0.7083739
vt 0.9747728 0.6314547
vt 0.9886128 0.7090582
vt 0.9754398 0.7087965
vt 0.9748903 0.7082372
vt 0.9878954 0.7085199
vt 0.9709355 0.6071042
vt 0.9747728 0.6314547
vt 0.9711580 0.6559724
vt 0.9744728 0.6915139
vt 0.9748903 0.7082372
vt 0.9773210 0.7083739
vt 0.9878954 0.7085199
vt 0.9773210 0.7083739
vt 0.9748903 0.7082372
vt 0.0216692 0.9373837
vt 0.0211356 0.9372256
vt 0.0214385 0.9358621
vt 0.0221580 0.9360752
vt 0.0211356 0.9372256
vt 0.0205852 0.9371428
vt 0.0206964 0.9357505
vt 0.0214385 0.9358621
vt 0.0205852 0.9371428
vt 0.0200286 0.9371371
vt 0.0199460 0.9357427
vt 0.0206964 0.9357505
vt 0.0200286 0.9371371
vt 0.0194767 0.9372085
vt 0.0192018 0.9358391
vt 0.0199460 0.9357427
vt 0.0194767 0.9372085
vt 0.0189399 0.9373556
vt 0.0184780 0.9360374
vt 0.0192018 0.9358391
vt 0.0215472 0.9346044
vt 0.0213080 0.9353156
vt 0.0203331 0.9345919
vt 0.0206964 0.9357505
vt 0.0199460 0.9357427
vt 0.0193435 0.9352955
vt 0.0191189 0.9345795
vt 0.0210321 0.9374746
vt 0.0211986 0.9380057
vt 0.0202981 0.9379964
vt 0.0193976 0.9379872
vt 0.0195750 0.9374596
vt 0.0200286 0.9371371
vt 0.0205852 0.9371428
vt 0.0133707 0.9334279
vt 0.0133651 0.9332479
vt 0.0138673 0.9332455
vt 0.0138709 0.9334254
vt 0.0133651 0.9332479
vt 0.0133651 0.9330610
vt 0.0138637 0.9330585
vt 0.0138673 0.9332455
vt 0.0133651 0.9330610
vt 0.0133598 0.9328811
vt 0.0138601 0.9328786
vt 0.0138637 0.9330585
vt 0.0143675 0.9332430
vt 0.0143712 0.9334229
vt 0.0143639 0.9330561
vt 0.0143675 0.9332430
vt 0.0143604 0.9328761
vt 0.0143639 0.9330561
vt 0.0148672 0.9332410
vt 0.0148710 0.9334202
vt 0.0148639 0.9330542
vt 0.0148672 0.9332410
vt 0.0148609 0.9328741
vt 0.0148639 0.9330542
vt 0.0153629 0.9332412
vt 0.0153684 0.9334160
vt 0.0153609 0.9330556
vt 0.0153629 0.9332412
vt 0.0153625 0.9328748
vt 0.0153609 0.9330556
vt 0.0158240 0.9332371
vt 0.0158497 0.9333980
vt 0.0158281 0.9330719
vt 0.0158240 0.9332371
vt 0.0158607 0.9329014
vt 0.0158281 0.9330719
vt 0.0108695 0.9334077
vt 0.0109022 0.9332371
vt 0.0113694 0.9332533
vt 0.0113678 0.9334341
vt 0.0109022 0.9332371
vt 0.0109063 0.9330719
vt 0.0113674 0.9330678
vt 0.0113694 0.9332533
vt 0.0109063 0.9330719
vt 0.0108806 0.9329109
vt 0.0113619 0.9328929
vt 0.0113674 0.9330678
vt 0.0118665 0.9332548
vt 0.0118695 0.9334348
vt 0.0118631 0.9330679
vt 0.0118665 0.9332548
vt 0.0118593 0.9328887
vt 0.0118631 0.9330679
vt 0.0123665 0.9332529
vt 0.0123700 0.9334328
vt 0.0123629 0.9330659
vt 0.0123665 0.9332529
vt 0.0123593 0.9328861
vt 0.0123629 0.9330659
vt 0.0128667 0.9332504
vt 0.0128703 0.9334303
vt 0.0128631 0.9330634
vt 0.0128667 0.9332504
vt 0.0128595 0.9328835
vt 0.0128631 0.9330634
vt 0.0118208 0.9412855
vt 0.0139096 0.9413033
vt 0.0148470 0.9433103
vt 0.0108695 0.9433357
vt 0.0157492 0.9428762
vt 0.0148214 0.9408900
vt 0.0161474 0.9393252
vt 0.0182434 0.9398882
vt 0.0148470 0.9433103
vt 0.0139096 0.9413033
vt 0.0148214 0.9408900
vt 0.0157492 0.9428762
vt 0.0133702 0.9409512
vt 0.0123498 0.9409508
vt 0.0123512 0.9400176
vt 0.0133664 0.9400146
vt 0.0164231 0.9383837
vt 0.0184767 0.9389353
vt 0.0182434 0.9398882
vt 0.0161474 0.9393252
vt 0.0139819 0.9409493
vt 0.0133702 0.9409512
vt 0.0133664 0.9400146
vt 0.0139782 0.9400115
vt 0.0123498 0.9409508
vt 0.0118309 0.9410065
vt 0.0118323 0.9400759
vt 0.0123512 0.9400176
vt 0.0123498 0.9409508
vt 0.0133702 0.9409512
vt 0.0148987 0.9402750
vt 0.0155446 0.9395052
vt 0.0291869 0.9443641
vt 0.0272014 0.9434398
vt 0.0272014 0.9346483
vt 0.0291869 0.9337240
vt 0.0272014 0.9434398
vt 0.0291869 0.9443641
vt 0.0287491 0.9452519
vt 0.0268038 0.9443464
vt 0.0268522 0.9429096
vt 0.0269102 0.9434304
vt 0.0259759 0.9434304
vt 0.0259179 0.9429096
vt 0.0268522 0.9429096
vt 0.0268540 0.9351785
vt 0.0268522 0.9429096
vt 0.0259179 0.9429096
vt 0.0259161 0.9351785
vt 0.0268540 0.9351785
vt 0.0255887 0.9434304
vt 0.0255887 0.9346577
vt 0.0259161 0.9351785
vt 0.0259179 0.9429096
vt 0.0144992 0.9346048
vt 0.0154366 0.9366119
vt 0.0175254 0.9366295
vt 0.0184767 0.9345795
vt 0.0131988 0.9385899
vt 0.0145248 0.9370252
vt 0.0135970 0.9350388
vt 0.0111028 0.9380269
vt 0.0144992 0.9346048
vt 0.0135970 0.9350388
vt 0.0145248 0.9370252
vt 0.0154366 0.9366119
vt 0.0159760 0.9369639
vt 0.0159798 0.9379005
vt 0.0169950 0.9378974
vt 0.0169964 0.9369644
vt 0.0129231 0.9395314
vt 0.0131988 0.9385899
vt 0.0111028 0.9380269
vt 0.0108695 0.9389797
vt 0.0153643 0.9369657
vt 0.0153680 0.9379036
vt 0.0159798 0.9379005
vt 0.0159760 0.9369639
vt 0.0169964 0.9369644
vt 0.0169950 0.9378974
vt 0.0175139 0.9378393
vt 0.0175153 0.9369086
vt 0.0159760 0.9369639
vt 0.0169964 0.9369644
vt 0.0138016 0.9384099
vt 0.0144475 0.9376401
vt 0.0235630 0.9337146
vt 0.0235630 0.9443735
vt 0.0272014 0.9346483
vt 0.0268038 0.9337418
vt 0.0287491 0.9328362
vt 0.0291869 0.9337240
vt 0.0268540 0.9351785
vt 0.0259161 0.9351785
vt 0.0259142 0.9345645
vt 0.0268558 0.9345645
vt 0.0170757 0.9433686
vt 0.0169612 0.9439100
vt 0.0154794 0.9439100
vt 0.0153649 0.9433686
vt 0.0170754 0.9446188
vt 0.0153652 0.9446188
vt 0.0154791 0.9440788
vt 0.0169615 0.9440788
vt 0.0170757 0.9447892
vt 0.0153649 0.9447892
vt 0.0153652 0.9446188
vt 0.0170754 0.9446188
vt 0.0151985 0.9445821
vt 0.0153118 0.9440465
vt 0.0154791 0.9440788
vt 0.0153652 0.9446188
vt 0.0154794 0.9439100
vt 0.0169612 0.9439100
vt 0.0169615 0.9440788
vt 0.0154791 0.9440788
vt 0.0171288 0.9440465
vt 0.0172421 0.9445821
vt 0.0170754 0.9446188
vt 0.0169615 0.9440788
vt 0.0163280 0.9335778
vt 0.0163929 0.9338933
vt 0.0161818 0.9339372
vt 0.0161168 0.9336206
vt 0.0164736 0.9334396
vt 0.0166877 0.9334396
vt 0.0166877 0.9338739
vt 0.0164736 0.9338739
vt 0.0164736 0.9332676
vt 0.0166877 0.9332676
vt 0.0166877 0.9334396
vt 0.0164736 0.9334396
vt 0.0168303 0.9335781
vt 0.0167657 0.9338928
vt 0.0166877 0.9338739
vt 0.0166877 0.9334396
vt 0.0166877 0.9339550
vt 0.0164736 0.9339550
vt 0.0164736 0.9338739
vt 0.0166877 0.9338739
vt 0.0163929 0.9338933
vt 0.0163280 0.9335778
vt 0.0164736 0.9334396
vt 0.0164736 0.9338739
vt 0.4158677 0.9470957
vt 0.4659465 0.9488407
vt 0.4659371 0.9493290
vt 0.4158600 0.9475888
vt 0.4662777 0.9451830
vt 0.4661736 0.9468812
vt 0.4160752 0.9451417
vt 0.4160807 0.9434402
vt 0.4659371 0.9493290
vt 0.4659956 0.9512954
vt 0.4159512 0.9495653
vt 0.4158600 0.9475888
vt 0.5259542 0.9476926
vt 0.5264176 0.9475001
vt 0.5278634 0.9488800
vt 0.5259306 0.9496970
vt 0.4759920 0.9488515
vt 0.4759197 0.9468812
vt 0.5259160 0.9451928
vt 0.5259700 0.9471604
vt 0.4153942 0.9474096
vt 0.4158600 0.9475888
vt 0.4159512 0.9495653
vt 0.4140086 0.9488260
vt 0.5259700 0.9471604
vt 0.5259542 0.9476926
vt 0.4759778 0.9493369
vt 0.4759920 0.9488515
vt 0.5259026 0.9431164
vt 0.5259160 0.9451928
vt 0.4759197 0.9468812
vt 0.4757802 0.9448091
vt 0.5259542 0.9476926
vt 0.5259306 0.9496970
vt 0.4760029 0.9512968
vt 0.4759778 0.9493369
vt 0.4158677 0.9470957
vt 0.4160752 0.9451417
vt 0.4661736 0.9468812
vt 0.4659465 0.9488407
vt 0.4661189 0.9532807
vt 0.4761659 0.9533300
vt 0.4762278 0.9550322
vt 0.4661639 0.9550787
vt 0.4639001 0.9551882
vt 0.4638492 0.9532943
vt 0.4661189 0.9532807
vt 0.4661639 0.9550787
vt 0.4761659 0.9533300
vt 0.4661189 0.9532807
vt 0.5071166 0.9043311
vt 0.5126809 0.9054564
vt 0.5122076 0.9076803
vt 0.5066666 0.9064448
vt 0.4760957 0.9570736
vt 0.4660257 0.9571202
vt 0.4661639 0.9550787
vt 0.4762278 0.9550322
vt 0.4283693 0.9009849
vt 0.4282657 0.8992858
vt 0.5063663 0.8992858
vt 0.5071166 0.9043311
vt 0.4276859 0.9067031
vt 0.4276379 0.9046677
vt 0.5055581 0.9114122
vt 0.5057164 0.9134572
vt 0.4276379 0.9046677
vt 0.4279427 0.9029886
vt 0.5066666 0.9064448
vt 0.5055581 0.9114122
vt 0.4279427 0.9029886
vt 0.4283693 0.9009849
vt 0.5071166 0.9043311
vt 0.5066666 0.9064448
vt 0.5205190 0.9185820
vt 0.4710295 0.9192441
vt 0.4710281 0.9187581
vt 0.5205129 0.9180940
vt 0.4709733 0.9232309
vt 0.4709523 0.9211887
vt 0.5204162 0.9205229
vt 0.5204487 0.9225729
vt 0.4710281 0.9187581
vt 0.4709230 0.9168156
vt 0.5203518 0.9161534
vt 0.5205129 0.9180940
vt 0.4194045 0.9239689
vt 0.4193718 0.9234768
vt 0.4211254 0.9225707
vt 0.4212609 0.9246160
vt 0.4611212 0.9195293
vt 0.4611456 0.9214798
vt 0.4211254 0.9225707
vt 0.4210573 0.9206294
vt 0.5222383 0.9212825
vt 0.5222462 0.9217758
vt 0.5204487 0.9225729
vt 0.5204162 0.9205229
vt 0.4210573 0.9206294
vt 0.4210629 0.9201442
vt 0.4611255 0.9190329
vt 0.4611212 0.9195293
vt 0.4212609 0.9246160
vt 0.4211254 0.9225707
vt 0.4611456 0.9214798
vt 0.4613011 0.9235170
vt 0.4210629 0.9201442
vt 0.4211007 0.9181987
vt 0.4610681 0.9170834
vt 0.4611255 0.9190329
vt 0.5205190 0.9185820
vt 0.5204162 0.9205229
vt 0.4709523 0.9211887
vt 0.4710295 0.9192441
vt 0.4709772 0.9148321
vt 0.4610263 0.9150549
vt 0.4609297 0.9133638
vt 0.4709201 0.9130450
vt 0.4731878 0.9129376
vt 0.4732478 0.9148197
vt 0.4709772 0.9148321
vt 0.4709201 0.9130450
vt 0.4610263 0.9150549
vt 0.4709772 0.9148321
vt 0.5166481 0.9353085
vt 0.5110351 0.9359320
vt 0.5107632 0.9337845
vt 0.5163621 0.9330504
vt 0.4338707 0.9325548
vt 0.4239372 0.9346187
vt 0.4234525 0.9325979
vt 0.4333829 0.9305210
vt 0.4339141 0.9342465
vt 0.4338707 0.9325548
vt 0.5110351 0.9359320
vt 0.5116181 0.9409367
vt 0.5107632 0.9337845
vt 0.5110351 0.9359320
vt 0.4333829 0.9305210
vt 0.4337564 0.9288239
vt 0.5116103 0.9288239
vt 0.5107632 0.9337845
vt 0.4337564 0.9288239
vt 0.4345879 0.9268084
vt 0.5118350 0.9268084
vt 0.5116103 0.9288239
vt 0.0234399 0.9265953
vt 0.0239563 0.9269772
vt 0.0222357 0.9283483
vt 0.0220337 0.9277865
vt 0.0241771 0.9260095
vt 0.0252652 0.9256421
vt 0.0241540 0.9253850
vt 0.0252488 0.9250647
vt 0.0252652 0.9256421
vt 0.0241771 0.9260095
vt 0.0197333 0.9265610
vt 0.0192858 0.9266906
vt 0.0195619 0.9252713
vt 0.0198904 0.9253676
vt 0.0193843 0.9275085
vt 0.0189693 0.9277785
vt 0.0147573 0.9261887
vt 0.0150288 0.9272614
vt 0.0147243 0.9271712
vt 0.0144154 0.9261506
vt 0.0146806 0.9250643
vt 0.0143755 0.9251361
vt 0.0102574 0.9257358
vt 0.0095472 0.9245858
vt 0.0101345 0.9249130
vt 0.0106379 0.9253640
vt 0.0112183 0.9267777
vt 0.0113447 0.9264610
vt 0.0186418 0.9274348
vt 0.0187346 0.9290195
vt 0.0168611 0.9272591
vt 0.0210937 0.9277307
vt 0.0218196 0.9295015
vt 0.0193843 0.9275085
vt 0.0216916 0.9278178
vt 0.0117136 0.9265914
vt 0.0189693 0.9277785
vt 0.0184685 0.9309155
vt 0.0124302 0.9302254
vt 0.0126077 0.9283333
vt 0.0215092 0.9313896
vt 0.0224946 0.9283457
vt 0.0219118 0.9300373
vt 0.0218196 0.9295015
vt 0.0105171 0.9300272
vt 0.0106452 0.9286242
vt 0.0218036 0.9314346
vt 0.0215092 0.9313896
vt 0.0109236 0.9268128
vt 0.0155367 0.9252021
vt 0.0145543 0.9207935
vt 0.0167357 0.9252700
vt 0.0221885 0.9208770
vt 0.0192157 0.9253365
vt 0.0198904 0.9253676
vt 0.0219451 0.9253848
vt 0.0101399 0.9249338
vt 0.0123545 0.9251622
vt 0.0148054 0.9251281
vt 0.0241540 0.9253850
vt 0.0267113 0.9209070
vt 0.0264878 0.9227339
vt 0.0195619 0.9252713
vt 0.0143755 0.9251361
vt 0.0146806 0.9250643
vt 0.0089577 0.9246002
vt 0.0086179 0.9229456
vt 0.0095472 0.9245858
vt 0.0252488 0.9250647
vt 0.0192858 0.9266906
vt 0.0188665 0.9264786
vt 0.0192157 0.9253365
vt 0.0195619 0.9252713
vt 0.0189693 0.9277785
vt 0.0186418 0.9274348
vt 0.0239563 0.9269772
vt 0.0243381 0.9269568
vt 0.0224946 0.9283457
vt 0.0222357 0.9283483
vt 0.0252652 0.9256421
vt 0.0262753 0.9250910
vt 0.0252488 0.9250647
vt 0.0262753 0.9250910
vt 0.0252652 0.9256421
vt 0.0099248 0.9257568
vt 0.0089577 0.9246002
vt 0.0095472 0.9245858
vt 0.0102574 0.9257358
vt 0.0109236 0.9268128
vt 0.0112183 0.9267777
vt 0.0149162 0.9261020
vt 0.0151626 0.9271573
vt 0.0150288 0.9272614
vt 0.0147573 0.9261887
vt 0.0148054 0.9251281
vt 0.0146806 0.9250643
vt 0.0084763 0.9214150
vt 0.0222357 0.9283483
vt 0.0262753 0.9250910
vt 0.0095472 0.9245858
vt 0.0101399 0.9249338
vt 0.0101345 0.9249130
vt 0.0134260 0.9268470
vt 0.0150288 0.9272614
vt 0.0151626 0.9271573
vt 0.0147243 0.9271712
vt 0.0135903 0.9251606
vt 0.0234399 0.9265953
vt 0.0220337 0.9277865
vt 0.0222357 0.9283483
vt 0.0239563 0.9269772
vt 0.0241771 0.9260095
vt 0.0252652 0.9256421
vt 0.0252652 0.9256421
vt 0.0252488 0.9250647
vt 0.0241540 0.9253850
vt 0.0241771 0.9260095
vt 0.0197333 0.9265610
vt 0.0198904 0.9253676
vt 0.0195619 0.9252713
vt 0.0192858 0.9266906
vt 0.0193843 0.9275085
vt 0.0189693 0.9277785
vt 0.0147243 0.9271712
vt 0.0150288 0.9272614
vt 0.0147573 0.9261887
vt 0.0144154 0.9261506
vt 0.0146806 0.9250643
vt 0.0143755 0.9251361
vt 0.0101345 0.9249130
vt 0.0095472 0.9245858
vt 0.0102574 0.9257358
vt 0.0106379 0.9253640
vt 0.0112183 0.9267777
vt 0.0113447 0.9264610
vt 0.0186418 0.9274348
vt 0.0168611 0.9272591
vt 0.0187346 0.9290195
vt 0.0210937 0.9277307
vt 0.0193843 0.9275085
vt 0.0218196 0.9295015
vt 0.0216916 0.9278178
vt 0.0117136 0.9265914
vt 0.0189693 0.9277785
vt 0.0126077 0.9283333
vt 0.0224946 0.9283457
vt 0.0218196 0.9295015
vt 0.0219118 0.9300373
vt 0.0106452 0.9286242
vt 0.0105171 0.9300272
vt 0.0109236 0.9268128
vt 0.0155367 0.9252021
vt 0.0167357 0.9252700
vt 0.0192157 0.9253365
vt 0.0198904 0.9253676
vt 0.0219451 0.9253848
vt 0.0101399 0.9249338
vt 0.0123545 0.9251622
vt 0.0148054 0.9251281
vt 0.0241540 0.9253850
vt 0.0264878 0.9227339
vt 0.0195619 0.9252713
vt 0.0143755 0.9251361
vt 0.0146806 0.9250643
vt 0.0089577 0.9246002
vt 0.0095472 0.9245858
vt 0.0086179 0.9229456
vt 0.0252488 0.9250647
vt 0.0192858 0.9266906
vt 0.0195619 0.9252713
vt 0.0192157 0.9253365
vt 0.0188665 0.9264786
vt 0.0189693 0.9277785
vt 0.0186418 0.9274348
vt 0.0239563 0.9269772
vt 0.0222357 0.9283483
vt 0.0224946 0.9283457
vt 0.0243381 0.9269568
vt 0.0252652 0.9256421
vt 0.0262753 0.9250910
vt 0.0252488 0.9250647
vt 0.0252652 0.9256421
vt 0.0262753 0.9250910
vt 0.0095472 0.9245858
vt 0.0089577 0.9246002
vt 0.0099248 0.9257568
vt 0.0102574 0.9257358
vt 0.0109236 0.9268128
vt 0.0112183 0.9267777
vt 0.0150288 0.9272614
vt 0.0151626 0.9271573
vt 0.0149162 0.9261020
vt 0.0147573 0.9261887
vt 0.0148054 0.9251281
vt 0.0146806 0.9250643
vt 0.0222357 0.9283483
vt 0.0262753 0.9250910
vt 0.0095472 0.9245858
vt 0.0101345 0.9249130
vt 0.0101399 0.9249338
vt 0.0134260 0.9268470
vt 0.0150288 0.9272614
vt 0.0151626 0.9271573
vt 0.0147243 0.9271712
vt 0.0135903 0.9251606
vt 0.4452980 0.9659344
vt 0.4551763 0.9676722
vt 0.4549849 0.9693676
vt 0.4450398 0.9677172
vt 0.4427859 0.9674442
vt 0.4430545 0.9655656
vt 0.4452980 0.9659344
vt 0.4450398 0.9677172
vt 0.4455105 0.9639533
vt 0.4553922 0.9656380
vt 0.4551763 0.9676722
vt 0.4452980 0.9659344
vt 0.5356205 0.9622746
vt 0.5382839 0.9625749
vt 0.5380099 0.9648021
vt 0.5353529 0.9644490
vt 0.4548604 0.9713760
vt 0.4445594 0.9697099
vt 0.4450398 0.9677172
vt 0.4549849 0.9693676
vt 0.4553922 0.9656380
vt 0.4551411 0.9639528
vt 0.4932584 0.9606180
vt 0.4939561 0.9639077
vt 0.4933020 0.9693336
vt 0.4935814 0.9713569
vt 0.4936990 0.9659956
vt 0.4933020 0.9693336
vt 0.4939561 0.9639077
vt 0.4936990 0.9659956
vt 0.5352006 0.9710690
vt 0.5319529 0.9713215
vt 0.5316191 0.9692981
vt 0.5348939 0.9690456
vt 0.5353529 0.9644490
vt 0.5322559 0.9643216
vt 0.5325197 0.9621790
vt 0.5356205 0.9622746
vt 0.5313756 0.9572832
vt 0.5332578 0.9584553
vt 0.5356205 0.9622746
vt 0.5325197 0.9621790
vt 0.5353529 0.9644490
vt 0.5333734 0.9679651
vt 0.5316191 0.9692981
vt 0.5322559 0.9643216
vt 0.5316191 0.9692981
vt 0.5319529 0.9713215
vt 0.5325197 0.9621790
vt 0.5322559 0.9643216
vt 0.2808920 0.9454432
vt 0.2698170 0.9399960
vt 0.2704059 0.9366785
vt 0.2943323 0.9422953
vt 0.2943323 0.9422953
vt 0.2704059 0.9366785
vt 0.2710817 0.9333017
vt 0.2951719 0.9385041
vt 0.2951719 0.9385041
vt 0.2710817 0.9333017
vt 0.2718978 0.9300451
vt 0.2840437 0.9298825
vt 0.2840437 0.9298825
vt 0.2718978 0.9300451
vt 0.2721869 0.9267398
vt 0.2840024 0.9267297
vt 0.0988480 0.9087646
vt 0.0992363 0.9055328
vt 0.0992363 0.9055328
vt 0.0996167 0.9020362
vt 0.0996167 0.9020362
vt 0.0998775 0.8988737
vt 0.0998775 0.8988737
vt 0.1014238 0.8954604
vt 0.0868598 0.9184370
vt 0.0121556 0.9051771
vt 0.0402512 0.9036124
vt 0.0402512 0.9036124
vt 0.0121556 0.9051771
vt 0.0126220 0.8973422
vt 0.0402409 0.9006760
vt 0.0402409 0.9006760
vt 0.0126220 0.8973422
vt 0.0862069 0.8891479
vt 0.0862069 0.8891479
vt 0.0884126 0.8860864
vt 0.0402512 0.9036124
vt 0.0402409 0.9006760
vt 0.2808920 0.9454432
vt 0.2943323 0.9422953
vt 0.2704059 0.9366785
vt 0.2698170 0.9399960
vt 0.2943323 0.9422953
vt 0.2951719 0.9385041
vt 0.2710817 0.9333017
vt 0.2704059 0.9366785
vt 0.2951719 0.9385041
vt 0.2840437 0.9298825
vt 0.2718978 0.9300451
vt 0.2710817 0.9333017
vt 0.2840437 0.9298825
vt 0.2840024 0.9267297
vt 0.2721869 0.9267398
vt 0.2718978 0.9300451
vt 0.0992363 0.9055328
vt 0.0988480 0.9087646
vt 0.0996167 0.9020362
vt 0.0992363 0.9055328
vt 0.0998775 0.8988737
vt 0.0996167 0.9020362
vt 0.1014238 0.8954604
vt 0.0998775 0.8988737
vt 0.0402512 0.9036124
vt 0.0121556 0.9051771
vt 0.0868598 0.9184370
vt 0.0402512 0.9036124
vt 0.0402409 0.9006760
vt 0.0126220 0.8973422
vt 0.0121556 0.9051771
vt 0.0402409 0.9006760
vt 0.0862069 0.8891479
vt 0.0126220 0.8973422
vt 0.0884126 0.8860864
vt 0.0862069 0.8891479
vt 0.0402409 0.9006760
vt 0.0402512 0.9036124
vt 0.0933618 0.9647626
vt 0.0995991 0.9682817
vt 0.0998131 0.9780869
vt 0.0934050 0.9816839
vt 0.1023608 0.9651651
vt 0.1027082 0.9810800
vt 0.0998131 0.9780869
vt 0.0995991 0.9682817
vt 0.1091243 0.9650174
vt 0.0991158 0.9642437
vt 0.0995991 0.9682817
vt 0.0933618 0.9647626
vt 0.0934050 0.9816839
vt 0.0998131 0.9780869
vt 0.0993062 0.9822440
vt 0.0312353 0.9647722
vt 0.0311368 0.9816839
vt 0.0247625 0.9780843
vt 0.0249577 0.9682753
vt 0.0247625 0.9780843
vt 0.0218722 0.9810841
vt 0.0221891 0.9651629
vt 0.0249577 0.9682753
vt 0.0312353 0.9647722
vt 0.0988175 0.9576654
vt 0.0311368 0.9816839
vt 0.0255796 0.9888681
vt 0.0252703 0.9822086
vt 0.0151060 0.9809495
vt 0.0154229 0.9650282
vt 0.0254477 0.9642099
vt 0.0249577 0.9682753
vt 0.0247625 0.9780843
vt 0.0933618 0.9647626
vt 0.0934050 0.9816839
vt 0.0312353 0.9647722
vt 0.0933618 0.9647626
vt 0.0995991 0.9682817
vt 0.0998131 0.9780869
vt 0.0934050 0.9816839
vt 0.1023608 0.9651651
vt 0.1027082 0.9810800
vt 0.0998131 0.9780869
vt 0.0995991 0.9682817
vt 0.1091243 0.9650174
vt 0.0991158 0.9642437
vt 0.0995991 0.9682817
vt 0.0933618 0.9647626
vt 0.0934050 0.9816839
vt 0.0998131 0.9780869
vt 0.0993062 0.9822440
vt 0.0312353 0.9647722
vt 0.0311368 0.9816839
vt 0.0247625 0.9780843
vt 0.0249577 0.9682753
vt 0.0247625 0.9780843
vt 0.0218722 0.9810841
vt 0.0221891 0.9651629
vt 0.0249577 0.9682753
vt 0.0312353 0.9647722
vt 0.0988175 0.9576654
vt 0.0311368 0.9816839
vt 0.0255796 0.9888681
vt 0.0252703 0.9822086
vt 0.0151060 0.9809495
vt 0.0154229 0.9650282
vt 0.0254477 0.9642099
vt 0.0249577 0.9682753
vt 0.0247625 0.9780843
vt 0.0933618 0.9647626
vt 0.0934050 0.9816839
vt 0.0312353 0.9647722
vt 0.7788590 0.3457799
vt 0.5846819 0.1992712
vt 0.5908810 0.2116398
vt 0.7325374 0.8409923
vt 0.5443368 0.3457798
vt 0.8268337 0.2116398
vt 0.8330327 0.1992712
vt 0.1094717 0.9809324
vt 0.0257995 0.9575021
vt 0.0989449 0.9890394
vt 0.0311368 0.9816839
vt 0.1094717 0.9809324
vt 0.0257995 0.9575021
vt 0.0989449 0.9890394
vt 0.0311368 0.9816839
f 1/1 2/2 3/3
f 3/3 4/4 1/1
f 1/1 4/4 5/5
f 5/5 6/6 1/1
f 15/15 1/1 6/6
f 2/2 1/1 15/15
f 73/73 5/5 4/4
f 6/6 5/5 615/615
f 615/615 5/5 73/73
f 6/6 16/16 15/15
f 16/16 6/6 614/614
f 615/615 614/614 6/6
f 15/15 16/16 17/17
f 17/17 16/16 613/613
f 614/614 613/613 16/16
f 17/17 18/18 15/15
f 18/18 17/17 203/203
f 203/203 17/17 612/612
f 613/613 612/612 17/17
f 15/15 18/18 19/19
f 203/203 204/204 18/18
f 18/18 204/204 205/205
f 205/205 19/19 18/18
f 612/612 201/201 203/203
f 201/201 13/13 12/12
f 12/12 202/202 201/201
f 11/11 12/12 13/13
f 13/13 14/14 11/11
f 8/8 11/11 14/14
f 14/14 9/9 8/8
f 7/7 8/8 9/9
f 9/9 10/10 7/7
f 747/747 7/7 10/10
f 52/52 58/58 10/10
f 10/10 58/58 747/747
f 745/745 747/747 58/58
f 58/58 746/746 745/745
f 746/746 58/58 52/52
f 52/52 53/53 54/54
f 52/52 54/54 746/746
f 745/745 746/746 743/743
f 743/743 746/746 54/54
f 743/743 744/744 745/745
f 743/743 748/748 749/749
f 54/54 748/748 743/743
f 285/285 748/748 54/54
f 54/54 53/53 285/285
f 53/53 286/286 285/285
f 283/283 284/284 285/285
f 285/285 286/286 283/283
f 748/748 285/285 284/284
f 284/284 749/749 748/748
f 742/742 283/283 286/286
f 286/286 741/741 742/742
f 181/181 184/184 742/742
f 742/742 741/741 181/181
f 181/181 182/182 183/183
f 183/183 184/184 181/181
f 19/19 20/20 15/15
f 1623/1623 20/20 19/19
f 19/19 1624/1624 1623/1623
f 1624/1624 19/19 205/205
f 15/15 20/20 2/2
f 2/2 20/20 1623/1623
f 3/3 2/2 1611/1611
f 1623/1623 1611/1611 2/2
f 4/4 3/3 74/74
f 1611/1611 1612/1612 3/3
f 74/74 3/3 1612/1612
f 1611/1611 1613/1613 1614/1614
f 1614/1614 1612/1612 1611/1611
f 1613/1613 1611/1611 1623/1623
f 1612/1612 1614/1614 1674/1674
f 1674/1674 1675/1675 1612/1612
f 1612/1612 1676/1676 74/74
f 1612/1612 1675/1675 1676/1676
f 2209/2209 1614/1614 1613/1613
f 2209/2209 1674/1674 1614/1614
f 1623/1623 1626/1626 1613/1613
f 2208/2208 1613/1613 1626/1626
f 1613/1613 2208/2208 2209/2209
f 1623/1623 1624/1624 1625/1625
f 1625/1625 1626/1626 1623/1623
f 2207/2207 1626/1626 1625/1625
f 1626/1626 2207/2207 2208/2208
f 1802/1802 1625/1625 1624/1624
f 2206/2206 1625/1625 1802/1802
f 1625/1625 2206/2206 2207/2207
f 1624/1624 1801/1801 1802/1802
f 205/205 1801/1801 1624/1624
f 1802/1802 1799/1799 2206/2206
f 1620/1620 1619/1619 1799/1799
f 1799/1799 1800/1800 1620/1620
f 1619/1619 1620/1620 1621/1621
f 1621/1621 1622/1622 1619/1619
f 1622/1622 1621/1621 1618/1618
f 1618/1618 1617/1617 1622/1622
f 1617/1617 1618/1618 1615/1615
f 1615/1615 1616/1616 1617/1617
f 1616/1616 1615/1615 2331/2331
f 1654/1654 1616/1616 1660/1660
f 2331/2331 1660/1660 1616/1616
f 1660/1660 2331/2331 2329/2329
f 2329/2329 2328/2328 1660/1660
f 1654/1654 1660/1660 2328/2328
f 1654/1654 1655/1655 1656/1656
f 2328/2328 1655/1655 1654/1654
f 2327/2327 2328/2328 2329/2329
f 1655/1655 2328/2328 2327/2327
f 2329/2329 2330/2330 2327/2327
f 2327/2327 2333/2333 2332/2332
f 2327/2327 2332/2332 1655/1655
f 1879/1879 1656/1656 1655/1655
f 1655/1655 2332/2332 1879/1879
f 1656/1656 1879/1879 1882/1882
f 1879/1879 1880/1880 1881/1881
f 1881/1881 1882/1882 1879/1879
f 1880/1880 1879/1879 2332/2332
f 2332/2332 2333/2333 1880/1880
f 1882/1882 1881/1881 2325/2325
f 2325/2325 2326/2326 1882/1882
f 2325/2325 1780/1780 1779/1779
f 1779/1779 2326/2326 2325/2325
f 1779/1779 1780/1780 1781/1781
f 1781/1781 1782/1782 1779/1779
f 1675/1675 1674/1674 2377/2377
f 2377/2377 1674/1674 2380/2380
f 1676/1676 1675/1675 2210/2210
f 2377/2377 2210/2210 1675/1675
f 2376/2376 2210/2210 2377/2377
f 2376/2376 2377/2377 2380/2380
f 2376/2376 2380/2380 2375/2375
f 2376/2376 2375/2375 2379/2379
f 2374/2374 2375/2375 2372/2372
f 2375/2375 2374/2374 2379/2379
f 2372/2372 2373/2373 2374/2374
f 2373/2373 2372/2372 2369/2369
f 2369/2369 2368/2368 2373/2373
f 2368/2368 2369/2369 2370/2370
f 2370/2370 2371/2371 2368/2368
f 2210/2210 1677/1677 1676/1676
f 1677/1677 77/77 74/74
f 74/74 1676/1676 1677/1677
f 74/74 77/77 76/76
f 74/74 75/75 4/4
f 76/76 75/75 74/74
f 75/75 76/76 616/616
f 616/616 72/72 75/75
f 4/4 75/75 72/72
f 4/4 72/72 73/73
f 793/793 73/73 72/72
f 72/72 616/616 793/793
f 792/792 793/793 616/616
f 792/792 796/796 793/793
f 793/793 796/796 73/73
f 792/792 795/795 789/789
f 792/792 789/789 796/796
f 789/789 795/795 790/790
f 788/788 789/789 790/790
f 790/790 791/791 788/788
f 785/785 788/788 791/791
f 791/791 786/786 785/785
f 784/784 785/785 786/786
f 786/786 787/787 784/784
f 21/21 22/22 23/23
f 23/23 24/24 21/21
f 21/21 25/25 26/26
f 26/26 22/22 21/21
f 37/37 38/38 21/21
f 21/21 24/24 37/37
f 41/41 25/25 21/21
f 21/21 38/38 41/41
f 23/23 22/22 68/68
f 68/68 69/69 23/23
f 68/68 70/70 71/71
f 71/71 69/69 68/68
f 93/93 68/68 22/22
f 68/68 93/93 94/94
f 94/94 70/70 68/68
f 22/22 26/26 93/93
f 1630/1630 1671/1671 93/93
f 93/93 26/26 1630/1630
f 94/94 93/93 1671/1671
f 1671/1671 1673/1673 94/94
f 1629/1629 1670/1670 1671/1671
f 1671/1671 1630/1630 1629/1629
f 1672/1672 1673/1673 1671/1671
f 1671/1671 1670/1670 1672/1672
f 1629/1629 1630/1630 1627/1627
f 1627/1627 1630/1630 26/26
f 26/26 25/25 1627/1627
f 1627/1627 1628/1628 1629/1629
f 1641/1641 1628/1628 1627/1627
f 1627/1627 1642/1642 1641/1641
f 41/41 1642/1642 1627/1627
f 1627/1627 25/25 41/41
f 1641/1641 1642/1642 1643/1643
f 1643/1643 1644/1644 1641/1641
f 1643/1643 1642/1642 41/41
f 41/41 38/38 40/40
f 40/40 42/42 41/41
f 41/41 42/42 1643/1643
f 40/40 38/38 37/37
f 37/37 39/39 40/40
f 40/40 1372/1372 1373/1373
f 1373/1373 42/42 40/40
f 40/40 39/39 1374/1374
f 1374/1374 1372/1372 40/40
f 1643/1643 42/42 1373/1373
f 1378/1378 1373/1373 1372/1372
f 1373/1373 2905/2905 1643/1643
f 2905/2905 1373/1373 1378/1378
f 1372/1372 1375/1375 1378/1378
f 1379/1379 1375/1375 1372/1372
f 1372/1372 1374/1374 1379/1379
f 1377/1377 1378/1378 1375/1375
f 2908/2908 1378/1378 1377/1377
f 1378/1378 2908/2908 2905/2905
f 1643/1643 2905/2905 2906/2906
f 2905/2905 2908/2908 2910/2910
f 2910/2910 2906/2906 2905/2905
f 1377/1377 2907/2907 2908/2908
f 2908/2908 2907/2907 2909/2909
f 2909/2909 2910/2910 2908/2908
f 2912/2912 2907/2907 1377/1377
f 2907/2907 2912/2912 2914/2914
f 2914/2914 2909/2909 2907/2907
f 1383/1383 2911/2911 2912/2912
f 2912/2912 1384/1384 1383/1383
f 2914/2914 2912/2912 2911/2911
f 1377/1377 1384/1384 2912/2912
f 2911/2911 2913/2913 2914/2914
f 1383/1383 1384/1384 1381/1381
f 1381/1381 1384/1384 1377/1377
f 1381/1381 1382/1382 1383/1383
f 1382/1382 1381/1381 1385/1385
f 1377/1377 1376/1376 1381/1381
f 1385/1385 1381/1381 1376/1376
f 1375/1375 1376/1376 1377/1377
f 1380/1380 1376/1376 1375/1375
f 1376/1376 1380/1380 1385/1385
f 1385/1385 1386/1386 1382/1382
f 1375/1375 1379/1379 1380/1380
f 2906/2906 1644/1644 1643/1643
f 27/27 28/28 29/29
f 29/29 30/30 27/27
f 206/206 27/27 30/30
f 30/30 29/29 223/223
f 144/144 30/30 145/145
f 30/30 144/144 206/206
f 223/223 145/145 30/30
f 206/206 144/144 148/148
f 145/145 146/146 144/144
f 144/144 146/146 147/147
f 147/147 148/148 144/144
f 145/145 162/162 146/146
f 147/147 146/146 160/160
f 160/160 146/146 162/162
f 160/160 161/161 147/147
f 156/156 160/160 159/159
f 155/155 161/161 160/160
f 160/160 156/156 155/155
f 162/162 159/159 160/160
f 159/159 162/162 103/103
f 103/103 162/162 1556/1556
f 159/159 157/157 156/156
f 102/102 157/157 159/159
f 159/159 103/103 102/102
f 101/101 102/102 103/103
f 889/889 101/101 103/103
f 103/103 1512/1512 889/889
f 1556/1556 1512/1512 103/103
f 1556/1556 1610/1610 1512/1512
f 887/887 1512/1512 1581/1581
f 1512/1512 887/887 889/889
f 1610/1610 1581/1581 1512/1512
f 887/887 888/888 889/889
f 1581/1581 1582/1582 887/887
f 889/889 888/888 1446/1446
f 1446/1446 1447/1447 889/889
f 1446/1446 1513/1513 1447/1447
f 889/889 1447/1447 1450/1450
f 199/199 101/101 1450/1450
f 1450/1450 1451/1451 199/199
f 1450/1450 101/101 889/889
f 196/196 199/199 197/197
f 199/199 196/196 102/102
f 102/102 101/101 199/199
f 197/197 199/199 1451/1451
f 1451/1451 1448/1448 197/197
f 197/197 198/198 196/196
f 197/197 1448/1448 1449/1449
f 151/151 198/198 224/224
f 151/151 196/196 198/198
f 149/149 150/150 151/151
f 152/152 158/158 151/151
f 151/151 150/150 152/152
f 151/151 158/158 196/196
f 168/168 150/150 149/149
f 149/149 169/169 168/168
f 149/149 325/325 324/324
f 324/324 169/169 149/149
f 152/152 150/150 153/153
f 153/153 150/150 168/168
f 153/153 154/154 152/152
f 168/168 170/170 153/153
f 152/152 154/154 155/155
f 155/155 156/156 152/152
f 156/156 157/157 158/158
f 158/158 152/152 156/156
f 157/157 102/102 196/196
f 196/196 158/158 157/157
f 164/164 170/170 168/168
f 115/115 163/163 164/164
f 164/164 116/116 115/115
f 168/168 116/116 164/164
f 168/168 169/169 117/117
f 117/117 116/116 168/168
f 115/115 116/116 117/117
f 117/117 118/118 115/115
f 117/117 318/318 319/319
f 319/319 118/118 117/117
f 318/318 117/117 169/169
f 169/169 324/324 318/318
f 31/31 32/32 33/33
f 33/33 34/34 31/31
f 31/31 34/34 35/35
f 35/35 36/36 31/31
f 32/32 31/31 288/288
f 289/289 288/288 31/31
f 31/31 36/36 289/289
f 175/175 33/33 32/32
f 32/32 173/173 175/175
f 171/171 172/172 173/173
f 173/173 32/32 171/171
f 174/174 171/171 32/32
f 288/288 174/174 32/32
f 43/43 44/44 45/45
f 45/45 46/46 43/43
f 431/431 43/43 46/46
f 45/45 44/44 47/47
f 47/47 48/48 45/45
f 46/46 45/45 424/424
f 424/424 45/45 48/48
f 421/421 46/46 422/422
f 424/424 422/422 46/46
f 46/46 421/421 431/431
f 48/48 425/425 424/424
f 422/422 423/423 421/421
f 49/49 50/50 51/51
f 57/57 49/49 51/51
f 50/50 638/638 639/639
f 639/639 51/51 50/50
f 55/55 56/56 51/51
f 51/51 56/56 57/57
f 51/51 640/640 55/55
f 640/640 51/51 639/639
f 79/79 57/57 56/56
f 56/56 78/78 79/79
f 56/56 55/55 80/80
f 80/80 78/78 56/56
f 287/287 80/80 55/55
f 640/640 287/287 55/55
f 639/639 739/739 640/640
f 740/740 287/287 640/640
f 640/640 739/739 740/740
f 737/737 287/287 740/740
f 200/200 287/287 179/179
f 287/287 737/737 738/738
f 738/738 179/179 287/287
f 200/200 80/80 287/287
f 78/78 80/80 87/87
f 87/87 80/80 200/200
f 137/137 84/84 200/200
f 200/200 138/138 137/137
f 138/138 200/200 179/179
f 200/200 84/84 87/87
f 136/136 137/137 138/138
f 81/81 137/137 136/136
f 137/137 81/81 84/84
f 83/83 84/84 81/81
f 84/84 83/83 87/87
f 81/81 82/82 83/83
f 132/132 82/82 81/81
f 81/81 133/133 132/132
f 136/136 133/133 81/81
f 86/86 83/83 82/82
f 88/88 87/87 83/83
f 83/83 86/86 88/88
f 82/82 85/85 86/86
f 85/85 82/82 132/132
f 85/85 207/207 86/86
f 114/114 86/86 207/207
f 113/113 88/88 86/86
f 86/86 114/114 113/113
f 87/87 88/88 89/89
f 88/88 113/113 110/110
f 110/110 89/89 88/88
f 112/112 113/113 114/114
f 113/113 112/112 220/220
f 113/113 220/220 111/111
f 111/111 110/110 113/113
f 207/207 208/208 114/114
f 108/108 109/109 110/110
f 110/110 111/111 108/108
f 89/89 110/110 109/109
f 109/109 91/91 89/89
f 91/91 92/92 90/90
f 90/90 89/89 91/91
f 78/78 90/90 92/92
f 92/92 79/79 78/78
f 89/89 90/90 87/87
f 87/87 90/90 78/78
f 125/125 126/126 85/85
f 85/85 127/127 125/125
f 132/132 127/127 85/85
f 85/85 126/126 177/177
f 121/121 126/126 125/125
f 120/120 126/126 121/121
f 126/126 120/120 177/177
f 176/176 177/177 120/120
f 119/119 120/120 121/121
f 124/124 120/120 119/119
f 120/120 124/124 176/176
f 121/121 122/122 119/119
f 119/119 123/123 124/124
f 142/142 122/122 121/121
f 125/125 131/131 121/121
f 121/121 131/131 142/142
f 142/142 131/131 130/130
f 130/130 143/143 142/142
f 130/130 131/131 125/125
f 125/125 127/127 128/128
f 128/128 129/129 125/125
f 125/125 129/129 130/130
f 128/128 127/127 132/132
f 132/132 135/135 128/128
f 132/132 133/133 134/134
f 134/134 135/135 132/132
f 134/134 133/133 136/136
f 136/136 141/141 134/134
f 138/138 139/139 136/136
f 136/136 139/139 140/140
f 140/140 141/141 136/136
f 165/165 139/139 138/138
f 138/138 167/167 165/165
f 179/179 167/167 138/138
f 140/140 139/139 165/165
f 165/165 166/166 140/140
f 165/165 167/167 178/178
f 166/166 165/165 178/178
f 178/178 167/167 179/179
f 179/179 180/180 178/178
f 179/179 679/679 180/180
f 179/179 738/738 679/679
f 59/59 60/60 61/61
f 61/61 62/62 59/59
f 64/64 59/59 62/62
f 60/60 95/95 96/96
f 96/96 61/61 60/60
f 61/61 96/96 97/97
f 97/97 98/98 61/61
f 62/62 61/61 98/98
f 63/63 64/64 62/62
f 62/62 65/65 63/63
f 98/98 65/65 62/62
f 67/67 64/64 63/63
f 63/63 66/66 67/67
f 99/99 100/100 67/67
f 67/67 66/66 99/99
f 100/100 99/99 104/104
f 104/104 105/105 100/100
f 104/104 106/106 107/107
f 107/107 105/105 104/104
f 442/442 443/443 106/106
f 107/107 106/106 1462/1462
f 106/106 443/443 1514/1514
f 1514/1514 1462/1462 106/106
f 1462/1462 1463/1463 107/107
f 1487/1487 1473/1473 1462/1462
f 1462/1462 1514/1514 1487/1487
f 1472/1472 1463/1463 1462/1462
f 1462/1462 1473/1473 1472/1472
f 1473/1473 1487/1487 1486/1486
f 1472/1472 1473/1473 1474/1474
f 1486/1486 1482/1482 1473/1473
f 1474/1474 1473/1473 1482/1482
f 1482/1482 1486/1486 1510/1510
f 1482/1482 1483/1483 1484/1484
f 1484/1484 1485/1485 1482/1482
f 1482/1482 1485/1485 1474/1474
f 1510/1510 1483/1483 1482/1482
f 1483/1483 1510/1510 1511/1511
f 1483/1483 1492/1492 1454/1454
f 1454/1454 1484/1484 1483/1483
f 1511/1511 1492/1492 1483/1483
f 1492/1492 1511/1511 1453/1453
f 1453/1453 1452/1452 1492/1492
f 1492/1492 1452/1452 1454/1454
f 1394/1394 1404/1404 1454/1454
f 1454/1454 1452/1452 1394/1394
f 1393/1393 1394/1394 1452/1452
f 1452/1452 1453/1453 1393/1393
f 1392/1392 1394/1394 1393/1393
f 1404/1404 1394/1394 1392/1392
f 1392/1392 1403/1403 1404/1404
f 1391/1391 1392/1392 1389/1389
f 1393/1393 1389/1389 1392/1392
f 1403/1403 1392/1392 1391/1391
f 1391/1391 1402/1402 1403/1403
f 1389/1389 1390/1390 1391/1391
f 185/185 186/186 187/187
f 187/187 188/188 185/185
f 186/186 185/185 575/575
f 565/565 187/187 186/186
f 186/186 566/566 565/565
f 575/575 576/576 186/186
f 186/186 576/576 566/566
f 188/188 187/187 221/221
f 409/409 221/221 187/187
f 187/187 565/565 409/409
f 221/221 222/222 188/188
f 407/407 222/222 221/221
f 221/221 408/408 407/407
f 221/221 409/409 408/408
f 407/407 432/432 222/222
f 579/579 408/408 409/409
f 409/409 578/578 579/579
f 592/592 440/440 579/579
f 579/579 578/578 592/592
f 578/578 409/409 588/588
f 588/588 589/589 578/578
f 593/593 592/592 578/578
f 578/578 589/589 593/593
f 530/530 441/441 592/592
f 592/592 593/593 530/530
f 592/592 441/441 440/440
f 439/439 440/440 441/441
f 529/529 441/441 530/530
f 530/530 531/531 529/529
f 535/535 529/529 531/531
f 531/531 536/536 535/535
f 535/535 536/536 537/537
f 537/537 538/538 535/535
f 577/577 535/535 538/538
f 537/537 590/590 591/591
f 591/591 538/538 537/537
f 577/577 538/538 591/591
f 591/591 576/576 577/577
f 586/586 566/566 591/591
f 591/591 590/590 586/586
f 591/591 566/566 576/576
f 586/586 587/587 565/565
f 565/565 566/566 586/586
f 409/409 565/565 587/587
f 587/587 588/588 409/409
f 189/189 190/190 191/191
f 191/191 192/192 189/189
f 191/191 190/190 568/568
f 568/568 190/190 598/598
f 410/410 192/192 191/191
f 191/191 411/411 410/410
f 411/411 191/191 567/567
f 568/568 567/567 191/191
f 567/567 568/568 585/585
f 585/585 568/568 597/597
f 598/598 597/597 568/568
f 597/597 598/598 569/569
f 596/596 597/597 542/542
f 569/569 542/542 597/597
f 597/597 596/596 585/585
f 585/585 584/584 567/567
f 567/567 426/426 411/411
f 426/426 567/567 584/584
f 584/584 582/582 426/426
f 411/411 426/426 412/412
f 426/426 580/580 581/581
f 581/581 412/412 426/426
f 580/580 426/426 582/582
f 582/582 583/583 580/580
f 600/600 580/580 583/583
f 580/580 600/600 602/602
f 602/602 581/581 580/580
f 583/583 601/601 600/600
f 533/533 435/435 600/600
f 600/600 601/601 533/533
f 600/600 435/435 434/434
f 434/434 602/602 600/600
f 532/532 435/435 533/533
f 533/533 534/534 532/532
f 433/433 434/434 435/435
f 539/539 532/532 534/534
f 534/534 540/540 539/539
f 539/539 540/540 541/541
f 541/541 542/542 539/539
f 569/569 570/570 539/539
f 539/539 542/542 569/569
f 542/542 541/541 596/596
f 410/410 411/411 412/412
f 412/412 413/413 410/410
f 413/413 404/404 410/410
f 404/404 413/413 405/405
f 405/405 413/413 527/527
f 403/403 404/404 405/405
f 405/405 406/406 403/403
f 527/527 528/528 405/405
f 414/414 403/403 406/406
f 406/406 415/415 414/414
f 416/416 414/414 415/415
f 415/415 417/417 416/416
f 401/401 416/416 417/417
f 417/417 402/402 401/401
f 399/399 400/400 401/401
f 401/401 402/402 399/399
f 399/399 437/437 400/400
f 193/193 194/194 195/195
f 209/209 210/210 211/211
f 211/211 212/212 209/209
f 212/212 211/211 213/213
f 213/213 214/214 212/212
f 215/215 216/216 217/217
f 215/215 218/218 219/219
f 219/219 216/216 215/215
f 225/225 226/226 227/227
f 227/227 228/228 225/225
f 225/225 641/641 642/642
f 642/642 226/226 225/225
f 228/228 227/227 233/233
f 233/233 234/234 228/228
f 234/234 233/233 253/253
f 253/253 254/254 234/234
f 254/254 253/253 256/256
f 256/256 255/255 254/254
f 255/255 256/256 257/257
f 257/257 258/258 255/255
f 258/258 257/257 279/279
f 279/279 278/278 258/258
f 277/277 278/278 279/279
f 279/279 280/280 277/277
f 389/389 390/390 277/277
f 277/277 280/280 389/389
f 390/390 389/389 391/391
f 391/391 392/392 390/390
f 229/229 230/230 231/231
f 231/231 232/232 229/229
f 230/230 229/229 235/235
f 235/235 236/236 230/230
f 236/236 235/235 251/251
f 251/251 252/252 236/236
f 252/252 251/251 262/262
f 262/262 261/261 252/252
f 261/261 262/262 259/259
f 259/259 260/260 261/261
f 260/260 259/259 281/281
f 281/281 282/282 260/260
f 644/644 232/232 231/231
f 231/231 643/643 644/644
f 237/237 238/238 239/239
f 239/239 240/240 237/237
f 238/238 237/237 241/241
f 241/241 242/242 238/238
f 242/242 241/241 243/243
f 243/243 244/244 242/242
f 244/244 243/243 265/265
f 265/265 266/266 244/244
f 266/266 265/265 271/271
f 271/271 272/272 266/266
f 272/272 271/271 273/273
f 273/273 274/274 272/272
f 273/273 1458/1458 1459/1459
f 1459/1459 274/274 273/273
f 1458/1458 1464/1464 1467/1467
f 1467/1467 1459/1459 1458/1458
f 1464/1464 1465/1465 1466/1466
f 1466/1466 1467/1467 1464/1464
f 1465/1465 1476/1476 1475/1475
f 1475/1475 1466/1466 1465/1465
f 1475/1475 1476/1476 1477/1477
f 1491/1491 1490/1490 1477/1477
f 1477/1477 1539/1539 1491/1491
f 1490/1490 1491/1491 1488/1488
f 1488/1488 1489/1489 1490/1490
f 1489/1489 1488/1488 1498/1498
f 1498/1498 1497/1497 1489/1489
f 1497/1497 1498/1498 1493/1493
f 1493/1493 1496/1496 1497/1497
f 1493/1493 1494/1494 1495/1495
f 1495/1495 1496/1496 1493/1493
f 240/240 239/239 263/263
f 263/263 264/264 240/240
f 245/245 246/246 247/247
f 247/247 248/248 245/245
f 246/246 245/245 267/267
f 267/267 268/268 246/246
f 268/268 267/267 269/269
f 269/269 270/270 268/268
f 270/270 269/269 275/275
f 275/275 276/276 270/270
f 275/275 1460/1460 1461/1461
f 1461/1461 276/276 275/275
f 1461/1461 1460/1460 1468/1468
f 1468/1468 1471/1471 1461/1461
f 1468/1468 1469/1469 1470/1470
f 1470/1470 1471/1471 1468/1468
f 1469/1469 1479/1479 1478/1478
f 1478/1478 1470/1470 1469/1469
f 1478/1478 1479/1479 1480/1480
f 1480/1480 1481/1481 1478/1478
f 250/250 248/248 247/247
f 247/247 249/249 250/250
f 290/290 291/291 292/292
f 292/292 293/293 290/290
f 291/291 290/290 371/371
f 371/371 374/374 291/291
f 371/371 372/372 373/373
f 373/373 374/374 371/371
f 294/294 293/293 292/292
f 292/292 295/295 294/294
f 304/304 305/305 294/294
f 294/294 295/295 304/304
f 305/305 304/304 363/363
f 363/363 364/364 305/305
f 363/363 354/354 353/353
f 353/353 364/364 363/363
f 353/353 354/354 355/355
f 355/355 356/356 353/353
f 296/296 297/297 298/298
f 298/298 299/299 296/296
f 296/296 299/299 301/301
f 301/301 300/300 296/296
f 298/298 297/297 309/309
f 309/309 308/308 298/298
f 308/308 309/309 306/306
f 306/306 307/307 308/308
f 307/307 306/306 310/310
f 310/310 311/311 307/307
f 311/311 310/310 312/312
f 312/312 313/313 311/311
f 300/300 301/301 302/302
f 302/302 303/303 300/300
f 303/303 302/302 388/388
f 388/388 387/387 303/303
f 387/387 388/388 385/385
f 385/385 386/386 387/387
f 314/314 315/315 316/316
f 316/316 317/317 314/314
f 315/315 314/314 337/337
f 337/337 338/338 315/315
f 338/338 337/337 333/333
f 333/333 332/332 338/338
f 332/332 333/333 323/323
f 323/323 322/322 332/332
f 322/322 323/323 320/320
f 320/320 321/321 322/322
f 345/345 346/346 317/317
f 317/317 316/316 345/345
f 326/326 327/327 328/328
f 328/328 329/329 326/326
f 327/327 326/326 330/330
f 330/330 331/331 327/327
f 331/331 330/330 379/379
f 379/379 380/380 331/331
f 381/381 380/380 379/379
f 379/379 382/382 381/381
f 329/329 328/328 343/343
f 343/343 344/344 329/329
f 334/334 335/335 336/336
f 336/336 335/335 378/378
f 378/378 377/377 336/336
f 377/377 378/378 375/375
f 375/375 376/376 377/377
f 376/376 375/375 519/519
f 519/519 520/520 376/376
f 339/339 340/340 341/341
f 341/341 342/342 339/339
f 347/347 348/348 339/339
f 339/339 342/342 347/347
f 348/348 347/347 383/383
f 383/383 384/384 348/348
f 383/383 521/521 522/522
f 522/522 384/384 383/383
f 349/349 350/350 351/351
f 351/351 352/352 349/349
f 352/352 351/351 357/357
f 357/357 358/358 352/352
f 358/358 357/357 360/360
f 360/360 359/359 358/358
f 359/359 360/360 361/361
f 361/361 362/362 359/359
f 365/365 366/366 367/367
f 367/367 368/368 365/365
f 369/369 370/370 365/365
f 365/365 368/368 369/369
f 393/393 394/394 395/395
f 395/395 396/396 393/393
f 393/393 438/438 394/394
f 395/395 397/397 398/398
f 398/398 396/396 395/395
f 436/436 398/398 397/397
f 418/418 419/419 420/420
f 599/599 429/429 418/418
f 418/418 420/420 599/599
f 599/599 430/430 429/429
f 427/427 428/428 429/429
f 429/429 430/430 427/427
f 444/444 445/445 446/446
f 446/446 447/447 444/444
f 444/444 594/594 595/595
f 595/595 445/445 444/444
f 454/454 447/447 446/446
f 446/446 455/455 454/454
f 448/448 449/449 450/450
f 450/450 451/451 448/448
f 449/449 452/452 453/453
f 453/453 450/450 449/449
f 456/456 457/457 458/458
f 458/458 459/459 456/456
f 457/457 460/460 461/461
f 461/461 458/458 457/457
f 460/460 462/462 463/463
f 463/463 461/461 460/460
f 462/462 464/464 465/465
f 465/465 463/463 462/462
f 464/464 466/466 465/465
f 464/464 647/647 648/648
f 648/648 466/466 464/464
f 467/467 468/468 469/469
f 467/467 470/470 468/468
f 645/645 646/646 467/467
f 467/467 469/469 645/645
f 605/605 468/468 470/470
f 470/470 603/603 605/605
f 603/603 604/604 605/605
f 471/471 472/472 473/473
f 473/473 474/474 471/471
f 475/475 472/472 471/471
f 471/471 476/476 475/475
f 474/474 473/473 477/477
f 477/477 478/478 474/474
f 478/478 477/477 483/483
f 483/483 484/484 478/478
f 479/479 480/480 481/481
f 481/481 482/482 479/479
f 573/573 574/574 479/479
f 479/479 482/482 573/573
f 481/481 480/480 485/485
f 485/485 486/486 481/481
f 485/485 503/503 504/504
f 504/504 486/486 485/485
f 487/487 488/488 489/489
f 489/489 490/490 487/487
f 487/487 490/490 505/505
f 505/505 506/506 487/487
f 488/488 491/491 492/492
f 492/492 489/489 488/488
f 491/491 571/571 572/572
f 572/572 492/492 491/491
f 493/493 494/494 495/495
f 495/495 496/496 493/493
f 496/496 495/495 497/497
f 497/497 498/498 496/496
f 498/498 497/497 499/499
f 499/499 500/500 498/498
f 499/499 501/501 502/502
f 502/502 500/500 499/499
f 507/507 508/508 509/509
f 509/509 510/510 507/507
f 511/511 512/512 513/513
f 513/513 514/514 511/511
f 515/515 516/516 517/517
f 517/517 518/518 515/515
f 523/523 524/524 525/525
f 525/525 526/526 523/523
f 543/543 544/544 545/545
f 553/553 543/543 545/545
f 544/544 546/546 545/545
f 546/546 547/547 545/545
f 547/547 548/548 545/545
f 548/548 549/549 545/545
f 549/549 550/550 545/545
f 550/550 551/551 545/545
f 551/551 552/552 545/545
f 552/552 553/553 545/545
f 554/554 555/555 556/556
f 564/564 554/554 556/556
f 555/555 557/557 556/556
f 557/557 558/558 556/556
f 558/558 559/559 556/556
f 559/559 560/560 556/556
f 560/560 561/561 556/556
f 561/561 562/562 556/556
f 562/562 563/563 556/556
f 563/563 564/564 556/556
f 606/606 607/607 608/608
f 608/608 609/609 606/606
f 607/607 606/606 610/610
f 610/610 611/611 607/607
f 610/610 2202/2202 2205/2205
f 2205/2205 611/611 610/610
f 2202/2202 2203/2203 2204/2204
f 2204/2204 2205/2205 2202/2202
f 617/617 618/618 619/619
f 619/619 620/620 617/617
f 618/618 617/617 633/633
f 633/633 632/632 618/618
f 632/632 633/633 631/631
f 631/631 630/630 632/632
f 630/630 631/631 629/629
f 629/629 628/628 630/630
f 628/628 629/629 627/627
f 627/627 626/626 628/628
f 625/625 626/626 627/627
f 637/637 620/620 619/619
f 636/636 637/637 634/634
f 619/619 634/634 637/637
f 634/634 635/635 636/636
f 624/624 636/636 635/635
f 635/635 621/621 624/624
f 623/623 624/624 621/621
f 621/621 622/622 623/623
f 649/649 650/650 651/651
f 658/658 649/649 659/659
f 649/649 651/651 659/659
f 650/650 656/656 655/655
f 655/655 657/657 650/650
f 650/650 657/657 4741/4741
f 650/650 4741/4741 651/651
f 655/655 656/656 652/652
f 652/652 654/654 655/655
f 652/652 653/653 654/654
f 659/659 660/660 658/658
f 658/658 660/660 1352/1352
f 1352/1352 1353/1353 658/658
f 1352/1352 2253/2253 2252/2252
f 2252/2252 1353/1353 1352/1352
f 2252/2252 2253/2253 2254/2254
f 2254/2254 2243/2243 2252/2252
f 2243/2243 2254/2254 2244/2244
f 2243/2243 2244/2244 2245/2245
f 2244/2244 4745/4745 2245/2245
f 2245/2245 2251/2251 2249/2249
f 2249/2249 2250/2250 2245/2245
f 4745/4745 2251/2251 2245/2245
f 2249/2249 2247/2247 2246/2246
f 2246/2246 2250/2250 2249/2249
f 2246/2246 2247/2247 2248/2248
f 661/661 662/662 663/663
f 663/663 664/664 661/661
f 661/661 664/664 668/668
f 708/708 663/663 662/662
f 664/664 663/663 665/665
f 665/665 666/666 664/664
f 667/667 668/668 664/664
f 664/664 669/669 667/667
f 669/669 664/664 666/666
f 673/673 672/672 668/668
f 668/668 667/667 673/673
f 672/672 673/673 670/670
f 670/670 671/671 672/672
f 671/671 670/670 677/677
f 677/677 676/676 671/671
f 676/676 677/677 674/674
f 674/674 675/675 676/676
f 674/674 2268/2268 2269/2269
f 2269/2269 675/675 674/674
f 2268/2268 2264/2264 2267/2267
f 2267/2267 2269/2269 2268/2268
f 2264/2264 2265/2265 2266/2266
f 2266/2266 2267/2267 2264/2264
f 2265/2265 2261/2261 2263/2263
f 2263/2263 2266/2266 2265/2265
f 2261/2261 2262/2262 2258/2258
f 2258/2258 2263/2263 2261/2261
f 2257/2257 2263/2263 2258/2258
f 2257/2257 2258/2258 2255/2255
f 2259/2259 2255/2255 2258/2258
f 2258/2258 2260/2260 2259/2259
f 2260/2260 2258/2258 2262/2262
f 2262/2262 2270/2270 2260/2260
f 2255/2255 2256/2256 2257/2257
f 2296/2296 2256/2256 2255/2255
f 666/666 678/678 669/669
f 680/680 681/681 682/682
f 682/682 683/683 680/680
f 682/682 681/681 688/688
f 684/684 685/685 686/686
f 686/686 687/687 684/684
f 684/684 2276/2276 2277/2277
f 2277/2277 685/685 684/684
f 794/794 687/687 686/686
f 686/686 689/689 794/794
f 691/691 794/794 689/689
f 689/689 690/690 691/691
f 690/690 689/689 692/692
f 692/692 693/693 690/690
f 693/693 692/692 750/750
f 750/750 751/751 693/693
f 2378/2378 2279/2279 2277/2277
f 2277/2277 2276/2276 2378/2378
f 2280/2280 2279/2279 2378/2378
f 2279/2279 2280/2280 2281/2281
f 2283/2283 2279/2279 2281/2281
f 2281/2281 2282/2282 2283/2283
f 2334/2334 2283/2283 2282/2282
f 2282/2282 2335/2335 2334/2334
f 694/694 695/695 696/696
f 696/696 697/697 694/694
f 706/706 694/694 697/697
f 696/696 695/695 705/705
f 697/697 707/707 706/706
f 699/699 706/706 707/707
f 699/699 707/707 700/700
f 698/698 699/699 700/700
f 702/702 699/699 698/698
f 698/698 703/703 702/702
f 701/701 702/702 703/703
f 703/703 704/704 701/701
f 2291/2291 2292/2292 701/701
f 701/701 704/704 2291/2291
f 2292/2292 2291/2291 2288/2288
f 2288/2288 2290/2290 2292/2292
f 2288/2288 2289/2289 2290/2290
f 2295/2295 2294/2294 2290/2290
f 2289/2289 2295/2295 2290/2290
f 2294/2294 2295/2295 2285/2285
f 2285/2285 2284/2284 2294/2294
f 2284/2284 2285/2285 2286/2286
f 2286/2286 2287/2287 2284/2284
f 2286/2286 2293/2293 2287/2287
f 709/709 710/710 711/711
f 711/711 712/712 709/709
f 710/710 709/709 735/735
f 735/735 736/736 710/710
f 712/712 711/711 734/734
f 734/734 733/733 712/712
f 733/733 734/734 723/723
f 723/723 726/726 733/733
f 723/723 724/724 725/725
f 725/725 726/726 723/723
f 725/725 724/724 727/727
f 727/727 728/728 725/725
f 728/728 727/727 729/729
f 729/729 732/732 728/728
f 729/729 730/730 731/731
f 731/731 732/732 729/729
f 731/731 730/730 2315/2315
f 2315/2315 2316/2316 731/731
f 2313/2313 2316/2316 2315/2315
f 2315/2315 2314/2314 2313/2313
f 2309/2309 2313/2313 2314/2314
f 2314/2314 2310/2310 2309/2309
f 2309/2309 2310/2310 2311/2311
f 2311/2311 2312/2312 2309/2309
f 2317/2317 2312/2312 2311/2311
f 2311/2311 2318/2318 2317/2317
f 2298/2298 2317/2317 2318/2318
f 2318/2318 2299/2299 2298/2298
f 2297/2297 2298/2298 2299/2299
f 2299/2299 2300/2300 2297/2297
f 2319/2319 2297/2297 2300/2300
f 2300/2300 2320/2320 2319/2319
f 713/713 714/714 715/715
f 715/715 716/716 713/713
f 714/714 713/713 720/720
f 720/720 719/719 714/714
f 719/719 720/720 717/717
f 717/717 718/718 719/719
f 717/717 2305/2305 2306/2306
f 2306/2306 718/718 717/717
f 2305/2305 2301/2301 2304/2304
f 2304/2304 2306/2306 2305/2305
f 2301/2301 2302/2302 2303/2303
f 2303/2303 2304/2304 2301/2301
f 2302/2302 2307/2307 2308/2308
f 2308/2308 2303/2303 2302/2302
f 716/716 715/715 721/721
f 721/721 722/722 716/716
f 752/752 753/753 754/754
f 754/754 755/755 752/752
f 755/755 754/754 776/776
f 776/776 777/777 755/755
f 776/776 757/757 756/756
f 756/756 777/777 776/776
f 756/756 757/757 758/758
f 758/758 759/759 756/756
f 759/759 758/758 782/782
f 782/782 783/783 759/759
f 783/783 782/782 778/778
f 778/778 781/781 783/783
f 778/778 779/779 780/780
f 780/780 781/781 778/778
f 760/760 761/761 762/762
f 762/762 763/763 760/760
f 763/763 762/762 772/772
f 772/772 773/773 763/763
f 773/773 772/772 774/774
f 774/774 775/775 773/773
f 774/774 769/769 768/768
f 768/768 775/775 774/774
f 768/768 769/769 770/770
f 770/770 771/771 768/768
f 770/770 765/765 764/764
f 764/764 771/771 770/770
f 764/764 765/765 766/766
f 766/766 767/767 764/764
f 797/797 798/798 799/799
f 799/799 800/800 797/797
f 800/800 799/799 805/805
f 805/805 806/806 800/800
f 801/801 802/802 803/803
f 803/803 804/804 801/801
f 804/804 803/803 807/807
f 807/807 808/808 804/804
f 809/809 810/810 811/811
f 809/809 812/812 810/810
f 812/812 809/809 830/830
f 830/830 829/829 812/812
f 828/828 829/829 830/830
f 828/828 830/830 1395/1395
f 1395/1395 1396/1396 828/828
f 1396/1396 1395/1395 1405/1405
f 1405/1405 1406/1406 1396/1396
f 1406/1406 1405/1405 1423/1423
f 1423/1423 1424/1424 1406/1406
f 1424/1424 1423/1423 1441/1441
f 1441/1441 1442/1442 1424/1424
f 2951/2951 1442/1442 1441/1441
f 1441/1441 2952/2952 2951/2951
f 2933/2933 2951/2951 2952/2952
f 2952/2952 2934/2934 2933/2933
f 2923/2923 2933/2933 2934/2934
f 2934/2934 2924/2924 2923/2923
f 2412/2412 2923/2923 2924/2924
f 2924/2924 2413/2413 2412/2412
f 2412/2412 2413/2413 2414/2414
f 2413/2413 2393/2393 2396/2396
f 2396/2396 2414/2414 2413/2413
f 2393/2393 2394/2394 2395/2395
f 2393/2393 2395/2395 2396/2396
f 813/813 814/814 815/815
f 815/815 816/816 813/813
f 813/813 816/816 1387/1387
f 1387/1387 1388/1388 813/813
f 814/814 817/817 818/818
f 818/818 815/815 814/814
f 815/815 831/831 832/832
f 832/832 816/816 815/815
f 831/831 815/815 818/818
f 816/816 832/832 1397/1397
f 1397/1397 1387/1387 816/816
f 1387/1387 1397/1397 1407/1407
f 1388/1388 1387/1387 1400/1400
f 1407/1407 1400/1400 1387/1387
f 1400/1400 1401/1401 1388/1388
f 1401/1401 1400/1400 1410/1410
f 1400/1400 1407/1407 1425/1425
f 1425/1425 1410/1410 1400/1400
f 1410/1410 1411/1411 1401/1401
f 1411/1411 1410/1410 1428/1428
f 1410/1410 1425/1425 1443/1443
f 1443/1443 1428/1428 1410/1410
f 1428/1428 1429/1429 1411/1411
f 2938/2938 1429/1429 1428/1428
f 1428/1428 2939/2939 2938/2938
f 2939/2939 1428/1428 1443/1443
f 1443/1443 2953/2953 2939/2939
f 2928/2928 2938/2938 2939/2939
f 2939/2939 2929/2929 2928/2928
f 2929/2929 2939/2939 2953/2953
f 2953/2953 2935/2935 2929/2929
f 2915/2915 2928/2928 2929/2929
f 2929/2929 2916/2916 2915/2915
f 2916/2916 2929/2929 2935/2935
f 2935/2935 2925/2925 2916/2916
f 2397/2397 2915/2915 2916/2916
f 2916/2916 2398/2398 2397/2397
f 2398/2398 2916/2916 2925/2925
f 2925/2925 2415/2415 2398/2398
f 2397/2397 2398/2398 2399/2399
f 2399/2399 2398/2398 2415/2415
f 2399/2399 2400/2400 2397/2397
f 2400/2400 2399/2399 2401/2401
f 2415/2415 2416/2416 2399/2399
f 2401/2401 2399/2399 2416/2416
f 2401/2401 2402/2402 2400/2400
f 2416/2416 2417/2417 2401/2401
f 818/818 833/833 831/831
f 819/819 820/820 821/821
f 821/821 820/820 822/822
f 822/822 823/823 821/821
f 823/823 822/822 1579/1579
f 1579/1579 1580/1580 823/823
f 824/824 825/825 826/826
f 826/826 827/827 824/824
f 834/834 835/835 836/836
f 836/836 837/837 834/834
f 838/838 835/835 834/834
f 837/837 836/836 1398/1398
f 1398/1398 1399/1399 837/837
f 1399/1399 1398/1398 1408/1408
f 1408/1408 1409/1409 1399/1399
f 1409/1409 1408/1408 1426/1426
f 1426/1426 1427/1427 1409/1409
f 1427/1427 1426/1426 1444/1444
f 1444/1444 1445/1445 1427/1427
f 2954/2954 1445/1445 1444/1444
f 1444/1444 2955/2955 2954/2954
f 2936/2936 2954/2954 2955/2955
f 2955/2955 2937/2937 2936/2936
f 2926/2926 2936/2936 2937/2937
f 2937/2937 2927/2927 2926/2926
f 2419/2419 2926/2926 2927/2927
f 2927/2927 2420/2420 2419/2419
f 2418/2418 2419/2419 2420/2420
f 2420/2420 2421/2421 2418/2418
f 2422/2422 2418/2418 2421/2421
f 839/839 840/840 841/841
f 841/841 842/842 839/839
f 843/843 839/839 842/842
f 840/840 845/845 848/848
f 848/848 841/841 840/840
f 845/845 846/846 847/847
f 847/847 848/848 845/845
f 846/846 849/849 852/852
f 852/852 847/847 846/846
f 849/849 850/850 851/851
f 851/851 852/852 849/849
f 850/850 871/871 872/872
f 872/872 851/851 850/850
f 842/842 844/844 843/843
f 853/853 843/843 844/844
f 844/844 854/854 853/853
f 855/855 856/856 857/857
f 857/857 858/858 855/855
f 856/856 865/865 866/866
f 866/866 857/857 856/856
f 865/865 863/863 864/864
f 864/864 866/866 865/865
f 863/863 859/859 862/862
f 862/862 864/864 863/863
f 859/859 860/860 861/861
f 861/861 862/862 859/859
f 860/860 873/873 874/874
f 874/874 861/861 860/860
f 873/873 867/867 870/870
f 870/870 874/874 873/873
f 867/867 868/868 869/869
f 869/869 870/870 867/867
f 875/875 876/876 877/877
f 877/877 878/878 875/875
f 879/879 875/875 878/878
f 878/878 880/880 879/879
f 881/881 882/882 883/883
f 883/883 884/884 881/881
f 885/885 881/881 884/884
f 884/884 886/886 885/885
f 890/890 891/891 892/892
f 892/892 893/893 890/890
f 894/894 890/890 893/893
f 891/891 895/895 892/892
f 897/897 892/892 895/895
f 895/895 896/896 897/897
f 903/903 894/894 893/893
f 893/893 904/904 903/903
f 905/905 903/903 904/904
f 904/904 906/906 905/905
f 931/931 905/905 906/906
f 898/898 899/899 900/900
f 900/900 901/901 898/898
f 902/902 898/898 901/901
f 899/899 924/924 900/900
f 929/929 900/900 924/924
f 924/924 930/930 929/929
f 928/928 929/929 926/926
f 930/930 926/926 929/929
f 926/926 927/927 928/928
f 907/907 908/908 909/909
f 909/909 910/910 907/907
f 933/933 907/907 910/910
f 908/908 916/916 909/909
f 918/918 909/909 916/916
f 916/916 917/917 918/918
f 935/935 933/933 910/910
f 910/910 936/936 935/935
f 934/934 935/935 936/936
f 936/936 937/937 934/934
f 911/911 912/912 913/913
f 913/913 914/914 911/911
f 915/915 911/911 914/914
f 912/912 925/925 913/913
f 922/922 913/913 925/925
f 925/925 923/923 922/922
f 921/921 922/922 919/919
f 923/923 919/919 922/922
f 919/919 920/920 921/921
f 920/920 932/932 921/921
f 938/938 939/939 940/940
f 941/941 942/942 943/943
f 943/943 944/944 941/941
f 948/948 941/941 944/944
f 943/943 942/942 2525/2525
f 2525/2525 2526/2526 943/943
f 2530/2530 2526/2526 2525/2525
f 2529/2529 2528/2528 2526/2526
f 2526/2526 2531/2531 2529/2529
f 2546/2546 2587/2587 2526/2526
f 2526/2526 2528/2528 2546/2546
f 943/943 2526/2526 2587/2587
f 2527/2527 2528/2528 2529/2529
f 2527/2527 2532/2532 2528/2528
f 2528/2528 2533/2533 2534/2534
f 2528/2528 2532/2532 2533/2533
f 2540/2540 2586/2586 2587/2587
f 2587/2587 2541/2541 2540/2540
f 2541/2541 2587/2587 2546/2546
f 1010/1010 2587/2587 2586/2586
f 2587/2587 1010/1010 943/943
f 2539/2539 2540/2540 2541/2541
f 2541/2541 2542/2542 2539/2539
f 2542/2542 2541/2541 2545/2545
f 2545/2545 2541/2541 2546/2546
f 2540/2540 2539/2539 2538/2538
f 2537/2537 2538/2538 2535/2535
f 2538/2538 2537/2537 2540/2540
f 2535/2535 2536/2536 2537/2537
f 2586/2586 2537/2537 2536/2536
f 2537/2537 2586/2586 2540/2540
f 2544/2544 2536/2536 2535/2535
f 2543/2543 2536/2536 2544/2544
f 2549/2549 2550/2550 2536/2536
f 2536/2536 2543/2543 2549/2549
f 2536/2536 2585/2585 2586/2586
f 2550/2550 2585/2585 2536/2536
f 2585/2585 2550/2550 2554/2554
f 2554/2554 2551/2551 2585/2585
f 2585/2585 1009/1009 2588/2588
f 2588/2588 2586/2586 2585/2585
f 1009/1009 2585/2585 2551/2551
f 2586/2586 2588/2588 1010/1010
f 1005/1005 1007/1007 1010/1010
f 1010/1010 1008/1008 1005/1005
f 943/943 1010/1010 1007/1007
f 1006/1006 1005/1005 1008/1008
f 1008/1008 1009/1009 1006/1006
f 1005/1005 1006/1006 956/956
f 968/968 956/956 1006/1006
f 975/975 968/968 1006/1006
f 1006/1006 971/971 975/975
f 971/971 1006/1006 1009/1009
f 956/956 968/968 967/967
f 967/967 961/961 956/956
f 961/961 962/962 956/956
f 962/962 953/953 956/956
f 955/955 956/956 953/953
f 956/956 955/955 1005/1005
f 953/953 954/954 955/955
f 960/960 955/955 954/954
f 955/955 960/960 1005/1005
f 1007/1007 1005/1005 960/960
f 959/959 960/960 957/957
f 954/954 957/957 960/960
f 960/960 959/959 1007/1007
f 959/959 965/965 1007/1007
f 944/944 1007/1007 965/965
f 1007/1007 944/944 943/943
f 957/957 958/958 959/959
f 958/958 963/963 959/959
f 965/965 959/959 963/963
f 963/963 964/964 965/965
f 964/964 966/966 965/965
f 965/965 947/947 944/944
f 946/946 949/949 944/944
f 944/944 947/947 946/946
f 945/945 946/946 947/947
f 945/945 947/947 950/950
f 947/947 951/951 952/952
f 947/947 952/952 950/950
f 1009/1009 972/972 971/971
f 2551/2551 972/972 1009/1009
f 971/971 972/972 969/969
f 969/969 972/972 2551/2551
f 969/969 970/970 971/971
f 975/975 971/971 973/973
f 970/970 982/982 971/971
f 2551/2551 2552/2552 969/969
f 2553/2553 2551/2551 2554/2554
f 2552/2552 2551/2551 2562/2562
f 2554/2554 2555/2555 2553/2553
f 2554/2554 2566/2566 2567/2567
f 2567/2567 2555/2555 2554/2554
f 2566/2566 2554/2554 2568/2568
f 973/973 974/974 975/975
f 975/975 974/974 986/986
f 986/986 987/987 975/975
f 987/987 988/988 975/975
f 2546/2546 2547/2547 2545/2545
f 2547/2547 2546/2546 2548/2548
f 976/976 977/977 978/978
f 979/979 980/980 981/981
f 983/983 984/984 985/985
f 989/989 990/990 991/991
f 991/991 992/992 989/989
f 993/993 990/990 989/989
f 989/989 994/994 993/993
f 993/993 994/994 995/995
f 995/995 996/996 993/993
f 997/997 998/998 999/999
f 999/999 1000/1000 997/997
f 999/999 998/998 1001/1001
f 1001/1001 1002/1002 999/999
f 1001/1001 1003/1003 1004/1004
f 1004/1004 1002/1002 1001/1001
f 1011/1011 1012/1012 1013/1013
f 1013/1013 1014/1014 1011/1011
f 1012/1012 1011/1011 1354/1354
f 1354/1354 1355/1355 1012/1012
f 1354/1354 2589/2589 2592/2592
f 2592/2592 1355/1355 1354/1354
f 2589/2589 2590/2590 2591/2591
f 2591/2591 2592/2592 2589/2589
f 2590/2590 2593/2593 2594/2594
f 2594/2594 2591/2591 2590/2590
f 1014/1014 1013/1013 1015/1015
f 1015/1015 1016/1016 1014/1014
f 1017/1017 1018/1018 1019/1019
f 1019/1019 1020/1020 1017/1017
f 1020/1020 1019/1019 1021/1021
f 1021/1021 1019/1019 1046/1046
f 1046/1046 1047/1047 1021/1021
f 1022/1022 1023/1023 1024/1024
f 1024/1024 1025/1025 1022/1022
f 1023/1023 1022/1022 1028/1028
f 1028/1028 1029/1029 1023/1023
f 1027/1027 1025/1025 1024/1024
f 1024/1024 1026/1026 1027/1027
f 1027/1027 1026/1026 2602/2602
f 2602/2602 2601/2601 1027/1027
f 2600/2600 2601/2601 2602/2602
f 2602/2602 2603/2603 2600/2600
f 2604/2604 2600/2600 2603/2603
f 2603/2603 2605/2605 2604/2604
f 1030/1030 1031/1031 1032/1032
f 1032/1032 1033/1033 1030/1030
f 1034/1034 1035/1035 1036/1036
f 1036/1036 1037/1037 1034/1034
f 1042/1042 1034/1034 1037/1037
f 1035/1035 1034/1034 1044/1044
f 1044/1044 1034/1034 1042/1042
f 1044/1044 1045/1045 1035/1035
f 1037/1037 1043/1043 1042/1042
f 1038/1038 1039/1039 1040/1040
f 1040/1040 1041/1041 1038/1038
f 1048/1048 1049/1049 1050/1050
f 1050/1050 1051/1051 1048/1048
f 1064/1064 1065/1065 1048/1048
f 1048/1048 1051/1051 1064/1064
f 1050/1050 1049/1049 2624/2624
f 2624/2624 2625/2625 1050/1050
f 2636/2636 2625/2625 2624/2624
f 2624/2624 2637/2637 2636/2636
f 2644/2644 2636/2636 2637/2637
f 2637/2637 2645/2645 2644/2644
f 1065/1065 1064/1064 1072/1072
f 1072/1072 1073/1073 1065/1065
f 1052/1052 1053/1053 1054/1054
f 1054/1054 1055/1055 1052/1052
f 1066/1066 1067/1067 1052/1052
f 1052/1052 1055/1055 1066/1066
f 1054/1054 1053/1053 2626/2626
f 2626/2626 2627/2627 1054/1054
f 2638/2638 2627/2627 2626/2626
f 2626/2626 2639/2639 2638/2638
f 2646/2646 2638/2638 2639/2639
f 2639/2639 2647/2647 2646/2646
f 1067/1067 1066/1066 1074/1074
f 1074/1074 1075/1075 1067/1067
f 1056/1056 1057/1057 1058/1058
f 1058/1058 1059/1059 1056/1056
f 1057/1057 1056/1056 1356/1356
f 1356/1356 1357/1357 1057/1057
f 1356/1356 2628/2628 2631/2631
f 2631/2631 1357/1357 1356/1356
f 2628/2628 2629/2629 2630/2630
f 2630/2630 2631/2631 2628/2628
f 2629/2629 2640/2640 2641/2641
f 2641/2641 2630/2630 2629/2629
f 1059/1059 1058/1058 1068/1068
f 1068/1068 1069/1069 1059/1059
f 1060/1060 1061/1061 1062/1062
f 1062/1062 1063/1063 1060/1060
f 1061/1061 1060/1060 1358/1358
f 1358/1358 1359/1359 1061/1061
f 1358/1358 2632/2632 2635/2635
f 2635/2635 1359/1359 1358/1358
f 2632/2632 2633/2633 2634/2634
f 2634/2634 2635/2635 2632/2632
f 2633/2633 2642/2642 2643/2643
f 2643/2643 2634/2634 2633/2633
f 1063/1063 1062/1062 1070/1070
f 1070/1070 1071/1071 1063/1063
f 1076/1076 1077/1077 1078/1078
f 1078/1078 1079/1079 1076/1076
f 1084/1084 1076/1076 1079/1079
f 1078/1078 1077/1077 2648/2648
f 2648/2648 2649/2649 1078/1078
f 2649/2649 2648/2648 2652/2652
f 2652/2652 2653/2653 2649/2649
f 2653/2653 2652/2652 2664/2664
f 2664/2664 2665/2665 2653/2653
f 1079/1079 1085/1085 1084/1084
f 1096/1096 1084/1084 1085/1085
f 1085/1085 1097/1097 1096/1096
f 1080/1080 1081/1081 1082/1082
f 1082/1082 1083/1083 1080/1080
f 1086/1086 1080/1080 1083/1083
f 1082/1082 1081/1081 2650/2650
f 2650/2650 2651/2651 1082/1082
f 2651/2651 2650/2650 2654/2654
f 2654/2654 2655/2655 2651/2651
f 2655/2655 2654/2654 2666/2666
f 2666/2666 2667/2667 2655/2655
f 1083/1083 1087/1087 1086/1086
f 1098/1098 1086/1086 1087/1087
f 1087/1087 1099/1099 1098/1098
f 1088/1088 1089/1089 1090/1090
f 1090/1090 1091/1091 1088/1088
f 1088/1088 1091/1091 1360/1360
f 1360/1360 1361/1361 1088/1088
f 1089/1089 1100/1100 1101/1101
f 1101/1101 1090/1090 1089/1089
f 2656/2656 1361/1361 1360/1360
f 1360/1360 2657/2657 2656/2656
f 2656/2656 2657/2657 2658/2658
f 2658/2658 2659/2659 2656/2656
f 2659/2659 2658/2658 2668/2668
f 2668/2668 2669/2669 2659/2659
f 1092/1092 1093/1093 1094/1094
f 1094/1094 1095/1095 1092/1092
f 1092/1092 1095/1095 1362/1362
f 1362/1362 1363/1363 1092/1092
f 1093/1093 1102/1102 1103/1103
f 1103/1103 1094/1094 1093/1093
f 2660/2660 1363/1363 1362/1362
f 1362/1362 2661/2661 2660/2660
f 2660/2660 2661/2661 2662/2662
f 2662/2662 2663/2663 2660/2660
f 2663/2663 2662/2662 2670/2670
f 2670/2670 2671/2671 2663/2663
f 1104/1104 1105/1105 1106/1106
f 1106/1106 1107/1107 1104/1104
f 1120/1120 1104/1104 1107/1107
f 1106/1106 1105/1105 2672/2672
f 2672/2672 2673/2673 1106/1106
f 2673/2673 2672/2672 2684/2684
f 2684/2684 2685/2685 2673/2673
f 2685/2685 2684/2684 2692/2692
f 2692/2692 2693/2693 2685/2685
f 1107/1107 1121/1121 1120/1120
f 1128/1128 1120/1120 1121/1121
f 1121/1121 1129/1129 1128/1128
f 1108/1108 1109/1109 1110/1110
f 1110/1110 1111/1111 1108/1108
f 1122/1122 1108/1108 1111/1111
f 1110/1110 1109/1109 2674/2674
f 2674/2674 2675/2675 1110/1110
f 2675/2675 2674/2674 2686/2686
f 2686/2686 2687/2687 2675/2675
f 2687/2687 2686/2686 2694/2694
f 2694/2694 2695/2695 2687/2687
f 1111/1111 1123/1123 1122/1122
f 1130/1130 1122/1122 1123/1123
f 1123/1123 1131/1131 1130/1130
f 1112/1112 1113/1113 1114/1114
f 1114/1114 1115/1115 1112/1112
f 1112/1112 1115/1115 1364/1364
f 1364/1364 1365/1365 1112/1112
f 1113/1113 1124/1124 1125/1125
f 1125/1125 1114/1114 1113/1113
f 2676/2676 1365/1365 1364/1364
f 1364/1364 2677/2677 2676/2676
f 2676/2676 2677/2677 2678/2678
f 2678/2678 2679/2679 2676/2676
f 2679/2679 2678/2678 2688/2688
f 2688/2688 2689/2689 2679/2679
f 1116/1116 1117/1117 1118/1118
f 1118/1118 1119/1119 1116/1116
f 1116/1116 1119/1119 1366/1366
f 1366/1366 1367/1367 1116/1116
f 1117/1117 1126/1126 1127/1127
f 1127/1127 1118/1118 1117/1117
f 2680/2680 1367/1367 1366/1366
f 1366/1366 2681/2681 2680/2680
f 2680/2680 2681/2681 2682/2682
f 2682/2682 2683/2683 2680/2680
f 2683/2683 2682/2682 2690/2690
f 2690/2690 2691/2691 2683/2683
f 1132/1132 1133/1133 1134/1134
f 1134/1134 1135/1135 1132/1132
f 1136/1136 1137/1137 1138/1138
f 1138/1138 1139/1139 1136/1136
f 1137/1137 1136/1136 1144/1144
f 1144/1144 1143/1143 1137/1137
f 1151/1151 1137/1137 1143/1143
f 1137/1137 1151/1151 1369/1369
f 1369/1369 1138/1138 1137/1137
f 2700/2700 1139/1139 1138/1138
f 1138/1138 2701/2701 2700/2700
f 2701/2701 1138/1138 1369/1369
f 1368/1368 1369/1369 1151/1151
f 2712/2712 1369/1369 1368/1368
f 1369/1369 2712/2712 2701/2701
f 1150/1150 1151/1151 1142/1142
f 1143/1143 1142/1142 1151/1151
f 1151/1151 1150/1150 1368/1368
f 1368/1368 2713/2713 2712/2712
f 2703/2703 2712/2712 2713/2713
f 2712/2712 2703/2703 2707/2707
f 2707/2707 2701/2701 2712/2712
f 2706/2706 2700/2700 2701/2701
f 2701/2701 2707/2707 2706/2706
f 2705/2705 2706/2706 2707/2707
f 2707/2707 2708/2708 2705/2705
f 2702/2702 2708/2708 2707/2707
f 2707/2707 2703/2703 2702/2702
f 2702/2702 2703/2703 2704/2704
f 2704/2704 2703/2703 2711/2711
f 2711/2711 2703/2703 2709/2709
f 2713/2713 2709/2709 2703/2703
f 2709/2709 2710/2710 2711/2711
f 1142/1142 1149/1149 1150/1150
f 1147/1147 1148/1148 1149/1149
f 1149/1149 1142/1142 1147/1147
f 1141/1141 1147/1147 1142/1142
f 1140/1140 1141/1141 1142/1142
f 1140/1140 1142/1142 1143/1143
f 1143/1143 1146/1146 1140/1140
f 1143/1143 1144/1144 1145/1145
f 1145/1145 1146/1146 1143/1143
f 1152/1152 1153/1153 1154/1154
f 1154/1154 1155/1155 1152/1152
f 1174/1174 1152/1152 1155/1155
f 1153/1153 1156/1156 1157/1157
f 1157/1157 1154/1154 1153/1153
f 1157/1157 1156/1156 2717/2717
f 2717/2717 2716/2716 1157/1157
f 2716/2716 2717/2717 2714/2714
f 2714/2714 2715/2715 2716/2716
f 2715/2715 2714/2714 2733/2733
f 2733/2733 2732/2732 2715/2715
f 2732/2732 2733/2733 2731/2731
f 2731/2731 2730/2730 2732/2732
f 2730/2730 2731/2731 2729/2729
f 2729/2729 2728/2728 2730/2730
f 2728/2728 2729/2729 2727/2727
f 2727/2727 2726/2726 2728/2728
f 2726/2726 2727/2727 2725/2725
f 2725/2725 2724/2724 2726/2726
f 2724/2724 2725/2725 2723/2723
f 2723/2723 2722/2722 2724/2724
f 2722/2722 2723/2723 2721/2721
f 2721/2721 2720/2720 2722/2722
f 2720/2720 2721/2721 2719/2719
f 2719/2719 2718/2718 2720/2720
f 2718/2718 2719/2719 1158/1158
f 1158/1158 1161/1161 2718/2718
f 1158/1158 1159/1159 1160/1160
f 1160/1160 1161/1161 1158/1158
f 1159/1159 1162/1162 1163/1163
f 1163/1163 1160/1160 1159/1159
f 1162/1162 1164/1164 1165/1165
f 1165/1165 1163/1163 1162/1162
f 1164/1164 1166/1166 1167/1167
f 1167/1167 1165/1165 1164/1164
f 1166/1166 1168/1168 1169/1169
f 1169/1169 1167/1167 1166/1166
f 1168/1168 1170/1170 1171/1171
f 1171/1171 1169/1169 1168/1168
f 1170/1170 1172/1172 1173/1173
f 1173/1173 1171/1171 1170/1170
f 1172/1172 1174/1174 1175/1175
f 1175/1175 1173/1173 1172/1172
f 1155/1155 1175/1175 1174/1174
f 1176/1176 1177/1177 1178/1178
f 1178/1178 1179/1179 1176/1176
f 1198/1198 1176/1176 1179/1179
f 1177/1177 1180/1180 1181/1181
f 1181/1181 1178/1178 1177/1177
f 1181/1181 1180/1180 2737/2737
f 2737/2737 2736/2736 1181/1181
f 2736/2736 2737/2737 2734/2734
f 2734/2734 2735/2735 2736/2736
f 2735/2735 2734/2734 2753/2753
f 2753/2753 2752/2752 2735/2735
f 2752/2752 2753/2753 2751/2751
f 2751/2751 2750/2750 2752/2752
f 2750/2750 2751/2751 2749/2749
f 2749/2749 2748/2748 2750/2750
f 2748/2748 2749/2749 2747/2747
f 2747/2747 2746/2746 2748/2748
f 2746/2746 2747/2747 2745/2745
f 2745/2745 2744/2744 2746/2746
f 2744/2744 2745/2745 2743/2743
f 2743/2743 2742/2742 2744/2744
f 2742/2742 2743/2743 2741/2741
f 2741/2741 2740/2740 2742/2742
f 2740/2740 2741/2741 2739/2739
f 2739/2739 2738/2738 2740/2740
f 2738/2738 2739/2739 1182/1182
f 1182/1182 1185/1185 2738/2738
f 1182/1182 1183/1183 1184/1184
f 1184/1184 1185/1185 1182/1182
f 1183/1183 1186/1186 1187/1187
f 1187/1187 1184/1184 1183/1183
f 1186/1186 1188/1188 1189/1189
f 1189/1189 1187/1187 1186/1186
f 1188/1188 1190/1190 1191/1191
f 1191/1191 1189/1189 1188/1188
f 1190/1190 1192/1192 1193/1193
f 1193/1193 1191/1191 1190/1190
f 1192/1192 1194/1194 1195/1195
f 1195/1195 1193/1193 1192/1192
f 1194/1194 1196/1196 1197/1197
f 1197/1197 1195/1195 1194/1194
f 1196/1196 1198/1198 1199/1199
f 1199/1199 1197/1197 1196/1196
f 1179/1179 1199/1199 1198/1198
f 1200/1200 1201/1201 1202/1202
f 1202/1202 1203/1203 1200/1200
f 1223/1223 1200/1200 1203/1203
f 1201/1201 1204/1204 1202/1202
f 1201/1201 2759/2759 2758/2758
f 1201/1201 2758/2758 1204/1204
f 2757/2757 2756/2756 1204/1204
f 2757/2757 1204/1204 2758/2758
f 2757/2757 2758/2758 2759/2759
f 2756/2756 2757/2757 2754/2754
f 2754/2754 2755/2755 2756/2756
f 2755/2755 2754/2754 2778/2778
f 2778/2778 2779/2779 2755/2755
f 1203/1203 1224/1224 1223/1223
f 1205/1205 1206/1206 1207/1207
f 1207/1207 1208/1208 1205/1205
f 1370/1370 1205/1205 1208/1208
f 1206/1206 1209/1209 1210/1210
f 1210/1210 1207/1207 1206/1206
f 1208/1208 1371/1371 1370/1370
f 1370/1370 1371/1371 2761/2761
f 2761/2761 2760/2760 1370/1370
f 2760/2760 2761/2761 2762/2762
f 2762/2762 2763/2763 2760/2760
f 2763/2763 2762/2762 2764/2764
f 2764/2764 2765/2765 2763/2763
f 1211/1211 1212/1212 1213/1213
f 1213/1213 1214/1214 1211/1211
f 1212/1212 1215/1215 1216/1216
f 1216/1216 1213/1213 1212/1212
f 1215/1215 1217/1217 1218/1218
f 1218/1218 1216/1216 1215/1215
f 1217/1217 1219/1219 1220/1220
f 1220/1220 1218/1218 1217/1217
f 1219/1219 1221/1221 1222/1222
f 1222/1222 1220/1220 1219/1219
f 1225/1225 1226/1226 1227/1227
f 1227/1227 1228/1228 1225/1225
f 1229/1229 1230/1230 1231/1231
f 1231/1231 1232/1232 1229/1229
f 1233/1233 1234/1234 1235/1235
f 1235/1235 1236/1236 1233/1233
f 1237/1237 1238/1238 1239/1239
f 1239/1239 1240/1240 1237/1237
f 1241/1241 1242/1242 1243/1243
f 1243/1243 1244/1244 1241/1241
f 1245/1245 1246/1246 1247/1247
f 1247/1247 1248/1248 1245/1245
f 1246/1246 1245/1245 1258/1258
f 1245/1245 1248/1248 1317/1317
f 1317/1317 1318/1318 1245/1245
f 1311/1311 1317/1317 1248/1248
f 1248/1248 1312/1312 1311/1311
f 1310/1310 1311/1311 1312/1312
f 1312/1312 1313/1313 1310/1310
f 1315/1315 1310/1310 1313/1313
f 1313/1313 1316/1316 1315/1315
f 1314/1314 1315/1315 1316/1316
f 1316/1316 1252/1252 1314/1314
f 1319/1319 1314/1314 1252/1252
f 1251/1251 1252/1252 1253/1253
f 1252/1252 1251/1251 1319/1319
f 1320/1320 1319/1319 1257/1257
f 1251/1251 1257/1257 1319/1319
f 1249/1249 1250/1250 1251/1251
f 1253/1253 1249/1249 1251/1251
f 1254/1254 1257/1257 1251/1251
f 1251/1251 1250/1250 1254/1254
f 1256/1256 1257/1257 1254/1254
f 1257/1257 1256/1256 1320/1320
f 1254/1254 1255/1255 1256/1256
f 1259/1259 1260/1260 1261/1261
f 1261/1261 1262/1262 1259/1259
f 1262/1262 1261/1261 1322/1322
f 1322/1322 1321/1321 1262/1262
f 1321/1321 1322/1322 1323/1323
f 1323/1323 1324/1324 1321/1321
f 1324/1324 1323/1323 1326/1326
f 1326/1326 1325/1325 1324/1324
f 1325/1325 1326/1326 1264/1264
f 1264/1264 1263/1263 1325/1325
f 1263/1263 1264/1264 1265/1265
f 1265/1265 1266/1266 1263/1263
f 1267/1267 1268/1268 1269/1269
f 1269/1269 1270/1270 1267/1267
f 1268/1268 1267/1267 1291/1291
f 1291/1291 1267/1267 1290/1290
f 1281/1281 1268/1268 1283/1283
f 1291/1291 1283/1283 1268/1268
f 1290/1290 1289/1289 1291/1291
f 1288/1288 1289/1289 1290/1290
f 1290/1290 1278/1278 1288/1288
f 1280/1280 1288/1288 1278/1278
f 1277/1277 1278/1278 1274/1274
f 1278/1278 1277/1277 1279/1279
f 1278/1278 1279/1279 1280/1280
f 1280/1280 1279/1279 1281/1281
f 1281/1281 1282/1282 1280/1280
f 1283/1283 1282/1282 1281/1281
f 1274/1274 1273/1273 1277/1277
f 1273/1273 1274/1274 1271/1271
f 1271/1271 1272/1272 1273/1273
f 1271/1271 2826/2826 2827/2827
f 2827/2827 1272/1272 1271/1271
f 2826/2826 2830/2830 2831/2831
f 2831/2831 2827/2827 2826/2826
f 2830/2830 2832/2832 2831/2831
f 2841/2841 2830/2830 2842/2842
f 2833/2833 2832/2832 2830/2830
f 2830/2830 2841/2841 2833/2833
f 2835/2835 2832/2832 2833/2833
f 2833/2833 2834/2834 2835/2835
f 2836/2836 2825/2825 2835/2835
f 2835/2835 2834/2834 2836/2836
f 2825/2825 2836/2836 2844/2844
f 2824/2824 2825/2825 2822/2822
f 2844/2844 2822/2822 2825/2825
f 2844/2844 2843/2843 2842/2842
f 2842/2842 2822/2822 2844/2844
f 2842/2842 2843/2843 2841/2841
f 2822/2822 2823/2823 2824/2824
f 2829/2829 2824/2824 2823/2823
f 2823/2823 2828/2828 2829/2829
f 1270/1270 1269/1269 1275/1275
f 1275/1275 1276/1276 1270/1270
f 1284/1284 1285/1285 1286/1286
f 1286/1286 1287/1287 1284/1284
f 1292/1292 1293/1293 1294/1294
f 1294/1294 1295/1295 1292/1292
f 1309/1309 1292/1292 1295/1295
f 1296/1296 1297/1297 1298/1298
f 1298/1298 1299/1299 1296/1296
f 1300/1300 1301/1301 1302/1302
f 1302/1302 1303/1303 1300/1300
f 1301/1301 1304/1304 1302/1302
f 1305/1305 1306/1306 1307/1307
f 1307/1307 1308/1308 1305/1305
f 1327/1327 1328/1328 1329/1329
f 1329/1329 1330/1330 1327/1327
f 1331/1331 1327/1327 1330/1330
f 1605/1605 1329/1329 1328/1328
f 1605/1605 1328/1328 1607/1607
f 1606/1606 1605/1605 1607/1607
f 1607/1607 4742/4742 4743/4743
f 1606/1606 1607/1607 4743/4743
f 1602/1602 1606/1606 4743/4743
f 1602/1602 4743/4743 1609/1609
f 1601/1601 1602/1602 1603/1603
f 1603/1603 1602/1602 1609/1609
f 1608/1608 1603/1603 1609/1609
f 1603/1603 1604/1604 1601/1601
f 1601/1601 1604/1604 3106/3106
f 3106/3106 3107/3107 1601/1601
f 3111/3111 3112/3112 3106/3106
f 3112/3112 3107/3107 3106/3106
f 4746/4746 3109/3109 3107/3107
f 3112/3112 4746/4746 3107/3107
f 4746/4746 4747/4747 3110/3110
f 4746/4746 3110/3110 3109/3109
f 3109/3109 3110/3110 3108/3108
f 3108/3108 3110/3110 2881/2881
f 3108/3108 2881/2881 2880/2880
f 2880/2880 2881/2881 2882/2882
f 2882/2882 2883/2883 2880/2880
f 2883/2883 2882/2882 2884/2884
f 2884/2884 2885/2885 2883/2883
f 1330/1330 1332/1332 1331/1331
f 1333/1333 1334/1334 1335/1335
f 1335/1335 1336/1336 1333/1333
f 1345/1345 1333/1333 1336/1336
f 1336/1336 1346/1346 1345/1345
f 1337/1337 1338/1338 1339/1339
f 1339/1339 1340/1340 1337/1337
f 1338/1338 1347/1347 1348/1348
f 1348/1348 1339/1339 1338/1338
f 1341/1341 1342/1342 1343/1343
f 1343/1343 1344/1344 1341/1341
f 1349/1349 1350/1350 1351/1351
f 1412/1412 1413/1413 1414/1414
f 1421/1421 1413/1413 1412/1412
f 1412/1412 1422/1422 1421/1421
f 1415/1415 1416/1416 1417/1417
f 1417/1417 1418/1418 1415/1415
f 1415/1415 1419/1419 1420/1420
f 1420/1420 1416/1416 1415/1415
f 1435/1435 1415/1415 1418/1418
f 1419/1419 1415/1415 1435/1435
f 1418/1418 1434/1434 1435/1435
f 1435/1435 1436/1436 1419/1419
f 1435/1435 1434/1434 2946/2946
f 2946/2946 2945/2945 1435/1435
f 2948/2948 1436/1436 1435/1435
f 1435/1435 2945/2945 2948/2948
f 1420/1420 1419/1419 1455/1455
f 1455/1455 1419/1419 1436/1436
f 1455/1455 1456/1456 1420/1420
f 1436/1436 1457/1457 1455/1455
f 2970/2970 1457/1457 1436/1436
f 1436/1436 2948/2948 2970/2970
f 2947/2947 2948/2948 2945/2945
f 2970/2970 2948/2948 2947/2947
f 2947/2947 2969/2969 2970/2970
f 2945/2945 2944/2944 2947/2947
f 2943/2943 2944/2944 2945/2945
f 2945/2945 2946/2946 2943/2943
f 1430/1430 1431/1431 1432/1432
f 1432/1432 1433/1433 1430/1430
f 1431/1431 1430/1430 1554/1554
f 1554/1554 1555/1555 1431/1431
f 2956/2956 1433/1433 1432/1432
f 1432/1432 2957/2957 2956/2956
f 3065/3065 2956/2956 2957/2957
f 2957/2957 3066/3066 3065/3065
f 1437/1437 1438/1438 1439/1439
f 1439/1439 1440/1440 1437/1437
f 1438/1438 1437/1437 1552/1552
f 1552/1552 1553/1553 1438/1438
f 2958/2958 1440/1440 1439/1439
f 1439/1439 2959/2959 2958/2958
f 3063/3063 2958/2958 2959/2959
f 2959/2959 3064/3064 3063/3063
f 1499/1499 1500/1500 1501/1501
f 1502/1502 1503/1503 1504/1504
f 1504/1504 1505/1505 1502/1502
f 1503/1503 1502/1502 1506/1506
f 1506/1506 1507/1507 1503/1503
f 1508/1508 1507/1507 1506/1506
f 1506/1506 1509/1509 1508/1508
f 1515/1515 1516/1516 1517/1517
f 1517/1517 1518/1518 1515/1515
f 1535/1535 1515/1515 1518/1518
f 1518/1518 1536/1536 1535/1535
f 1535/1535 1536/1536 1537/1537
f 1537/1537 1538/1538 1535/1535
f 1519/1519 1520/1520 1521/1521
f 1521/1521 1522/1522 1519/1519
f 1523/1523 1524/1524 1525/1525
f 1525/1525 1526/1526 1523/1523
f 1524/1524 1527/1527 1528/1528
f 1528/1528 1525/1525 1524/1524
f 1527/1527 1529/1529 1530/1530
f 1530/1530 1528/1528 1527/1527
f 1529/1529 1531/1531 1532/1532
f 1532/1532 1530/1530 1529/1529
f 1531/1531 1533/1533 1534/1534
f 1534/1534 1532/1532 1531/1531
f 1540/1540 1541/1541 1542/1542
f 1542/1542 1543/1543 1540/1540
f 1541/1541 1540/1540 1544/1544
f 1544/1544 1545/1545 1541/1541
f 1546/1546 1547/1547 1548/1548
f 1548/1548 1549/1549 1546/1546
f 1547/1547 1546/1546 1550/1550
f 1550/1550 1551/1551 1547/1547
f 1550/1550 3059/3059 3062/3062
f 3062/3062 1551/1551 1550/1550
f 3059/3059 3060/3060 3061/3061
f 3061/3061 3062/3062 3059/3059
f 1557/1557 1558/1558 1559/1559
f 1559/1559 1560/1560 1557/1557
f 1561/1561 1562/1562 1563/1563
f 1563/1563 1564/1564 1561/1561
f 1562/1562 1565/1565 1566/1566
f 1566/1566 1563/1563 1562/1562
f 1566/1566 1565/1565 3073/3073
f 3073/3073 3072/3072 1566/1566
f 3072/3072 3073/3073 3074/3074
f 3074/3074 3075/3075 3072/3072
f 1567/1567 1568/1568 1569/1569
f 1569/1569 1570/1570 1567/1567
f 1570/1570 1569/1569 1571/1571
f 1571/1571 1572/1572 1570/1570
f 3077/3077 1572/1572 1571/1571
f 1571/1571 3078/3078 3077/3077
f 3076/3076 3077/3077 3078/3078
f 3078/3078 3079/3079 3076/3076
f 1573/1573 1574/1574 1575/1575
f 1575/1575 1576/1576 1573/1573
f 1574/1574 1573/1573 1577/1577
f 1577/1577 1578/1578 1574/1574
f 1577/1577 3080/3080 3083/3083
f 3083/3083 1578/1578 1577/1577
f 3080/3080 3081/3081 3082/3082
f 3082/3082 3083/3083 3080/3080
f 1583/1583 1584/1584 1585/1585
f 1585/1585 1586/1586 1583/1583
f 1586/1586 1585/1585 1587/1587
f 1587/1587 1588/1588 1586/1586
f 1588/1588 1587/1587 1589/1589
f 1589/1589 1590/1590 1588/1588
f 1590/1590 1589/1589 1597/1597
f 1597/1597 1598/1598 1590/1590
f 1598/1598 1597/1597 1600/1600
f 1600/1600 1599/1599 1598/1598
f 1599/1599 1600/1600 1592/1592
f 1592/1592 1591/1591 1599/1599
f 1591/1591 1592/1592 1593/1593
f 1593/1593 1594/1594 1591/1591
f 1594/1594 1593/1593 1595/1595
f 1595/1595 1596/1596 1594/1594
f 1631/1631 1632/1632 1633/1633
f 1633/1633 1634/1634 1631/1631
f 1820/1820 1631/1631 1634/1634
f 1634/1634 1633/1633 1803/1803
f 1744/1744 1634/1634 1742/1742
f 1803/1803 1742/1742 1634/1634
f 1634/1634 1744/1744 1820/1820
f 1803/1803 1745/1745 1742/1742
f 1742/1742 1743/1743 1744/1744
f 1742/1742 1745/1745 1746/1746
f 1746/1746 1743/1743 1742/1742
f 1744/1744 1743/1743 1760/1760
f 1758/1758 1743/1743 1746/1746
f 1760/1760 1743/1743 1758/1758
f 1746/1746 1759/1759 1758/1758
f 1757/1757 1758/1758 1754/1754
f 1753/1753 1754/1754 1758/1758
f 1758/1758 1759/1759 1753/1753
f 1758/1758 1757/1757 1760/1760
f 1757/1757 1700/1700 1760/1760
f 3067/3067 1760/1760 1700/1700
f 1754/1754 1756/1756 1757/1757
f 1701/1701 1700/1700 1757/1757
f 1757/1757 1756/1756 1701/1701
f 1750/1750 1754/1754 1753/1753
f 1754/1754 1750/1750 1755/1755
f 1755/1755 1756/1756 1754/1754
f 1753/1753 1751/1751 1750/1750
f 1750/1750 1751/1751 1752/1752
f 1752/1752 1749/1749 1750/1750
f 1750/1750 1749/1749 1748/1748
f 1748/1748 1755/1755 1750/1750
f 1756/1756 1755/1755 1794/1794
f 1748/1748 1794/1794 1755/1755
f 1794/1794 1701/1701 1756/1756
f 1795/1795 1796/1796 1794/1794
f 1794/1794 1797/1797 1795/1795
f 1701/1701 1794/1794 1796/1796
f 1748/1748 1797/1797 1794/1794
f 1747/1747 1748/1748 1749/1749
f 1748/1748 4744/4744 1797/1797
f 1766/1766 1749/1749 1752/1752
f 1747/1747 1749/1749 1766/1766
f 1752/1752 1768/1768 1766/1766
f 1766/1766 1716/1716 1715/1715
f 1715/1715 1767/1767 1766/1766
f 1766/1766 1768/1768 1761/1761
f 1761/1761 1716/1716 1766/1766
f 1766/1766 1767/1767 1747/1747
f 1747/1747 1767/1767 1920/1920
f 1920/1920 1921/1921 1747/1747
f 1767/1767 1715/1715 1915/1915
f 1915/1915 1920/1920 1767/1767
f 1914/1914 1915/1915 1715/1715
f 1715/1715 1714/1714 1914/1914
f 1713/1713 1714/1714 1715/1715
f 1715/1715 1716/1716 1713/1713
f 1713/1713 1716/1716 1761/1761
f 1761/1761 1762/1762 1713/1713
f 1796/1796 1699/1699 1701/1701
f 1796/1796 2964/2964 2965/2965
f 2965/2965 1699/1699 1796/1796
f 2964/2964 1796/1796 1795/1795
f 1699/1699 1700/1700 1701/1701
f 2472/2472 1699/1699 2965/2965
f 1700/1700 1699/1699 2472/2472
f 2965/2965 2960/2960 2472/2472
f 2471/2471 2472/2472 2473/2473
f 2472/2472 2960/2960 2961/2961
f 2961/2961 2473/2473 2472/2472
f 2472/2472 3025/3025 1700/1700
f 3025/3025 2472/2472 2471/2471
f 1700/1700 3025/3025 3067/3067
f 3086/3086 3025/3025 2471/2471
f 3067/3067 3025/3025 3113/3113
f 3113/3113 3025/3025 3086/3086
f 2471/2471 3087/3087 3086/3086
f 2961/2961 2960/2960 3026/3026
f 1795/1795 2962/2962 2963/2963
f 1795/1795 2963/2963 2964/2964
f 1635/1635 1636/1636 1637/1637
f 1637/1637 1638/1638 1635/1635
f 1639/1639 1636/1636 1635/1635
f 1635/1635 1640/1640 1639/1639
f 1884/1884 1635/1635 1638/1638
f 1885/1885 1640/1640 1635/1635
f 1635/1635 1884/1884 1885/1885
f 1638/1638 1637/1637 1773/1773
f 1773/1773 1770/1770 1638/1638
f 1769/1769 1638/1638 1770/1770
f 1770/1770 1771/1771 1769/1769
f 1772/1772 1638/1638 1769/1769
f 1638/1638 1772/1772 1884/1884
f 1645/1645 1646/1646 1647/1647
f 1647/1647 1648/1648 1645/1645
f 1646/1646 1645/1645 2027/2027
f 2019/2019 1646/1646 2017/2017
f 1646/1646 2019/2019 2020/2020
f 2020/2020 1647/1647 1646/1646
f 2027/2027 2017/2017 1646/1646
f 1647/1647 1649/1649 1650/1650
f 1650/1650 1648/1648 1647/1647
f 1649/1649 1647/1647 2020/2020
f 2020/2020 2021/2021 1649/1649
f 2017/2017 2018/2018 2019/2019
f 1651/1651 1652/1652 1653/1653
f 1652/1652 1651/1651 1659/1659
f 1653/1653 1652/1652 2232/2232
f 2232/2232 2233/2233 1653/1653
f 2234/2234 2323/2323 2232/2232
f 2232/2232 1652/1652 2234/2234
f 1652/1652 1657/1657 2234/2234
f 2324/2324 2323/2323 2234/2234
f 2234/2234 1883/1883 2324/2324
f 2234/2234 1657/1657 1883/1883
f 1657/1657 1652/1652 1658/1658
f 1680/1680 1657/1657 1658/1658
f 1883/1883 1657/1657 1680/1680
f 1659/1659 1658/1658 1652/1652
f 1658/1658 1659/1659 1678/1678
f 1678/1678 1679/1679 1658/1658
f 1658/1658 1679/1679 1680/1680
f 1687/1687 1680/1680 1679/1679
f 1798/1798 1680/1680 1687/1687
f 1798/1798 1883/1883 1680/1680
f 1679/1679 1688/1688 1687/1687
f 1679/1679 1678/1678 1692/1692
f 1692/1692 1688/1688 1679/1679
f 1687/1687 1688/1688 1689/1689
f 1691/1691 1689/1689 1688/1688
f 1688/1688 1692/1692 1691/1691
f 1689/1689 1690/1690 1687/1687
f 1690/1690 1689/1689 1708/1708
f 1709/1709 1708/1708 1689/1689
f 1689/1689 1691/1691 1709/1709
f 1708/1708 1712/1712 1690/1690
f 1690/1690 1685/1685 1683/1683
f 1683/1683 1687/1687 1690/1690
f 1685/1685 1690/1690 1712/1712
f 1706/1706 1707/1707 1708/1708
f 1708/1708 1709/1709 1706/1706
f 1712/1712 1708/1708 1707/1707
f 1707/1707 1817/1817 1712/1712
f 1710/1710 1711/1711 1712/1712
f 1712/1712 1817/1817 1710/1710
f 1712/1712 1711/1711 1685/1685
f 1804/1804 1685/1685 1711/1711
f 1711/1711 1805/1805 1804/1804
f 1686/1686 1685/1685 1804/1804
f 1685/1685 1686/1686 1684/1684
f 1723/1723 1724/1724 1686/1686
f 1686/1686 1725/1725 1723/1723
f 1686/1686 1724/1724 1730/1730
f 1730/1730 1684/1684 1686/1686
f 1686/1686 1774/1774 1725/1725
f 1683/1683 1684/1684 1681/1681
f 1684/1684 1683/1683 1685/1685
f 1681/1681 1684/1684 1730/1730
f 1681/1681 1682/1682 1683/1683
f 1682/1682 1687/1687 1683/1683
f 1730/1730 1731/1731 1681/1681
f 1734/1734 1737/1737 1681/1681
f 1681/1681 1731/1731 1734/1734
f 1737/1737 1682/1682 1681/1681
f 1798/1798 1682/1682 1737/1737
f 1687/1687 1682/1682 1798/1798
f 1736/1736 1737/1737 1734/1734
f 1737/1737 1736/1736 1798/1798
f 1778/1778 1798/1798 1736/1736
f 1798/1798 1778/1778 1883/1883
f 1734/1734 1735/1735 1736/1736
f 1763/1763 1765/1765 1736/1736
f 1736/1736 1735/1735 1763/1763
f 1736/1736 1765/1765 1778/1778
f 1739/1739 1735/1735 1734/1734
f 1763/1763 1735/1735 1739/1739
f 1739/1739 1764/1764 1763/1763
f 1763/1763 1776/1776 1765/1765
f 1764/1764 1776/1776 1763/1763
f 1778/1778 1765/1765 1776/1776
f 1776/1776 1777/1777 1778/1778
f 1778/1778 1777/1777 2271/2271
f 1778/1778 2271/2271 2321/2321
f 1883/1883 1778/1778 2321/2321
f 2321/2321 2322/2322 1883/1883
f 2322/2322 2324/2324 1883/1883
f 1734/1734 1738/1738 1739/1739
f 1734/1734 1731/1731 1733/1733
f 1733/1733 1738/1738 1734/1734
f 1733/1733 1731/1731 1730/1730
f 1730/1730 1732/1732 1733/1733
f 1730/1730 1724/1724 1727/1727
f 1727/1727 1732/1732 1730/1730
f 1727/1727 1724/1724 1723/1723
f 1723/1723 1726/1726 1727/1727
f 1723/1723 1728/1728 1729/1729
f 1729/1729 1726/1726 1723/1723
f 1723/1723 1725/1725 1719/1719
f 1719/1719 1728/1728 1723/1723
f 1740/1740 1728/1728 1719/1719
f 1729/1729 1728/1728 1740/1740
f 1740/1740 1741/1741 1729/1729
f 1719/1719 1718/1718 1740/1740
f 1717/1717 1718/1718 1719/1719
f 1719/1719 1720/1720 1717/1717
f 1720/1720 1719/1719 1725/1725
f 1725/1725 1774/1774 1720/1720
f 1717/1717 1720/1720 1721/1721
f 1720/1720 1774/1774 1775/1775
f 1775/1775 1721/1721 1720/1720
f 1721/1721 1722/1722 1717/1717
f 1661/1661 1662/1662 1663/1663
f 1663/1663 1664/1664 1661/1661
f 1667/1667 1662/1662 1661/1661
f 1665/1665 1666/1666 1662/1662
f 1662/1662 1667/1667 1665/1665
f 1696/1696 1663/1663 1662/1662
f 1662/1662 1666/1666 1696/1696
f 1664/1664 1663/1663 1693/1693
f 1695/1695 1693/1693 1663/1663
f 1663/1663 1696/1696 1695/1695
f 1693/1693 1694/1694 1664/1664
f 1668/1668 1669/1669 1665/1665
f 1665/1665 1667/1667 1668/1668
f 1697/1697 1669/1669 1668/1668
f 1668/1668 1698/1698 1697/1697
f 1703/1703 1697/1697 1698/1698
f 1698/1698 1702/1702 1703/1703
f 1703/1703 1702/1702 1704/1704
f 1704/1704 1705/1705 1703/1703
f 1704/1704 2975/2975 2976/2976
f 2976/2976 1705/1705 1704/1704
f 2038/2038 1705/1705 2039/2039
f 1705/1705 2976/2976 3027/3027
f 3027/3027 2039/2039 1705/1705
f 2976/2976 2987/2987 3000/3000
f 3000/3000 3027/3027 2976/2976
f 2976/2976 2975/2975 2985/2985
f 2985/2985 2987/2987 2976/2976
f 2985/2985 2986/2986 2987/2987
f 2987/2987 2997/2997 2999/2999
f 2999/2999 3000/3000 2987/2987
f 2997/2997 2987/2987 2986/2986
f 2986/2986 2998/2998 2997/2997
f 2995/2995 2996/2996 2997/2997
f 2997/2997 2998/2998 2995/2995
f 2997/2997 2996/2996 3024/3024
f 3024/3024 2999/2999 2997/2997
f 2996/2996 2995/2995 2968/2968
f 2968/2968 3005/3005 2996/2996
f 3023/3023 3024/3024 2996/2996
f 2996/2996 3005/3005 3023/3023
f 2922/2922 2967/2967 2968/2968
f 2968/2968 2932/2932 2922/2922
f 3005/3005 2968/2968 2967/2967
f 3005/3005 2967/2967 2966/2966
f 2966/2966 3023/3023 3005/3005
f 2921/2921 2966/2966 2967/2967
f 2967/2967 2922/2922 2921/2921
f 2921/2921 2922/2922 2918/2918
f 2918/2918 2922/2922 2932/2932
f 2932/2932 2930/2930 2918/2918
f 2917/2917 2918/2918 2919/2919
f 2918/2918 2917/2917 2921/2921
f 2919/2919 2918/2918 2930/2930
f 2930/2930 2931/2931 2919/2919
f 2919/2919 2920/2920 2917/2917
f 1783/1783 1784/1784 1785/1785
f 1785/1785 1786/1786 1783/1783
f 1818/1818 1783/1783 1786/1786
f 2005/2005 2161/2161 1783/1783
f 1783/1783 1818/1818 2005/2005
f 1784/1784 1783/1783 2161/2161
f 2172/2172 1785/1785 1784/1784
f 1784/1784 2171/2171 2172/2172
f 2161/2161 2162/2162 1784/1784
f 1784/1784 2162/2162 2171/2171
f 2182/2182 2162/2162 2161/2161
f 2161/2161 2183/2183 2182/2182
f 2183/2183 2161/2161 2005/2005
f 2186/2186 2162/2162 2182/2182
f 2186/2186 2171/2171 2162/2162
f 2173/2173 2171/2171 2186/2186
f 2131/2131 2134/2134 2186/2186
f 2186/2186 2187/2187 2131/2131
f 2186/2186 2134/2134 2173/2173
f 2182/2182 2187/2187 2186/2186
f 2173/2173 2134/2134 2133/2133
f 2133/2133 2134/2134 2131/2131
f 2131/2131 2132/2132 2133/2133
f 2133/2133 2132/2132 2126/2126
f 2126/2126 2125/2125 2133/2133
f 2125/2125 2126/2126 2127/2127
f 2127/2127 2036/2036 2125/2125
f 2188/2188 2036/2036 2127/2127
f 2127/2127 2189/2189 2188/2188
f 2035/2035 2036/2036 2037/2037
f 2188/2188 2037/2037 2036/2036
f 2175/2175 2188/2188 2189/2189
f 2174/2174 2037/2037 2188/2188
f 2188/2188 2175/2175 2174/2174
f 2189/2189 2185/2185 2175/2175
f 2174/2174 2175/2175 2005/2005
f 2175/2175 2185/2185 2184/2184
f 2184/2184 2005/2005 2175/2175
f 2005/2005 2004/2004 2174/2174
f 1818/1818 2004/2004 2005/2005
f 2005/2005 2184/2184 2183/2183
f 2003/2003 2004/2004 1818/1818
f 1786/1786 1819/1819 1818/1818
f 1818/1818 1819/1819 2003/2003
f 2003/2003 1819/1819 2028/2028
f 1787/1787 1788/1788 1789/1789
f 1789/1789 1790/1790 1787/1787
f 1789/1789 1788/1788 2006/2006
f 2006/2006 2009/2009 1789/1789
f 2163/2163 1789/1789 2009/2009
f 2164/2164 1790/1790 1789/1789
f 1789/1789 2163/2163 2164/2164
f 2194/2194 1790/1790 2164/2164
f 2181/2181 2164/2164 2163/2163
f 2192/2192 2164/2164 2181/2181
f 2164/2164 2192/2192 2194/2194
f 2009/2009 2022/2022 2163/2163
f 2180/2180 2163/2163 2022/2022
f 2163/2163 2180/2180 2181/2181
f 2008/2008 2009/2009 2006/2006
f 2009/2009 2008/2008 2022/2022
f 2022/2022 2008/2008 2176/2176
f 2176/2176 2177/2177 2022/2022
f 2179/2179 2022/2022 2177/2177
f 2022/2022 2179/2179 2180/2180
f 2006/2006 2007/2007 2008/2008
f 2007/2007 2006/2006 2002/2002
f 2002/2002 2001/2001 2007/2007
f 2124/2124 2007/2007 2001/2001
f 2001/2001 2002/2002 1999/1999
f 1999/1999 2000/2000 2001/2001
f 2001/2001 2123/2123 2124/2124
f 2000/2000 1999/1999 2010/2010
f 2010/2010 2011/2011 2000/2000
f 2011/2011 2010/2010 2013/2013
f 2013/2013 2012/2012 2011/2011
f 2012/2012 2013/2013 1997/1997
f 1997/1997 1996/1996 2012/2012
f 1995/1995 1996/1996 1997/1997
f 1997/1997 1998/1998 1995/1995
f 1995/1995 1998/1998 2033/2033
f 2177/2177 2178/2178 2179/2179
f 2178/2178 2177/2177 2196/2196
f 2177/2177 2176/2176 2198/2198
f 2198/2198 2196/2196 2177/2177
f 2196/2196 2197/2197 2178/2178
f 2196/2196 2030/2030 2128/2128
f 2128/2128 2197/2197 2196/2196
f 2196/2196 2198/2198 2031/2031
f 2031/2031 2030/2030 2196/2196
f 2029/2029 2030/2030 2031/2031
f 2128/2128 2030/2030 2129/2129
f 2129/2129 2130/2130 2128/2128
f 2130/2130 2129/2129 2135/2135
f 2135/2135 2138/2138 2130/2130
f 2135/2135 2136/2136 2137/2137
f 2137/2137 2138/2138 2135/2135
f 2165/2165 2136/2136 2135/2135
f 2135/2135 2166/2166 2165/2165
f 2136/2136 2192/2192 2193/2193
f 2193/2193 2137/2137 2136/2136
f 2192/2192 2136/2136 2165/2165
f 2165/2165 2194/2194 2192/2192
f 2181/2181 2193/2193 2192/2192
f 1791/1791 1792/1792 1793/1793
f 1806/1806 1807/1807 1808/1808
f 1808/1808 1809/1809 1806/1806
f 1807/1807 1810/1810 1811/1811
f 1811/1811 1808/1808 1807/1807
f 1812/1812 1813/1813 1814/1814
f 1812/1812 1814/1814 1815/1815
f 1815/1815 1816/1816 1812/1812
f 1821/1821 1822/1822 1823/1823
f 1823/1823 1824/1824 1821/1821
f 1821/1821 1824/1824 2235/2235
f 2235/2235 2236/2236 1821/1821
f 1822/1822 1829/1829 1830/1830
f 1830/1830 1823/1823 1822/1822
f 1829/1829 1849/1849 1850/1850
f 1850/1850 1830/1830 1829/1829
f 1849/1849 1851/1851 1854/1854
f 1854/1854 1850/1850 1849/1849
f 1851/1851 1852/1852 1853/1853
f 1853/1853 1854/1854 1851/1851
f 1852/1852 1876/1876 1875/1875
f 1875/1875 1853/1853 1852/1852
f 1875/1875 1876/1876 1873/1873
f 1873/1873 1874/1874 1875/1875
f 1985/1985 1874/1874 1873/1873
f 1873/1873 1986/1986 1985/1985
f 1987/1987 1985/1985 1986/1986
f 1986/1986 1988/1988 1987/1987
f 1825/1825 1826/1826 1827/1827
f 1827/1827 1828/1828 1825/1825
f 1831/1831 1825/1825 1828/1828
f 1827/1827 1826/1826 2237/2237
f 2237/2237 2238/2238 1827/1827
f 1828/1828 1832/1832 1831/1831
f 1847/1847 1831/1831 1832/1832
f 1832/1832 1848/1848 1847/1847
f 1856/1856 1847/1847 1848/1848
f 1848/1848 1857/1857 1856/1856
f 1855/1855 1856/1856 1857/1857
f 1857/1857 1858/1858 1855/1855
f 1877/1877 1855/1855 1858/1858
f 1858/1858 1878/1878 1877/1877
f 1833/1833 1834/1834 1835/1835
f 1835/1835 1836/1836 1833/1833
f 1838/1838 1833/1833 1836/1836
f 1834/1834 1859/1859 1860/1860
f 1860/1860 1835/1835 1834/1834
f 1836/1836 1837/1837 1838/1838
f 1840/1840 1838/1838 1837/1837
f 1837/1837 1839/1839 1840/1840
f 1861/1861 1840/1840 1839/1839
f 1839/1839 1862/1862 1861/1861
f 1868/1868 1861/1861 1862/1862
f 1862/1862 1867/1867 1868/1868
f 1869/1869 1868/1868 1867/1867
f 1867/1867 1870/1870 1869/1869
f 2971/2971 2972/2972 1869/1869
f 1869/1869 1870/1870 2971/2971
f 2972/2972 2971/2971 2980/2980
f 2980/2980 2979/2979 2972/2972
f 2979/2979 2980/2980 2977/2977
f 2977/2977 2978/2978 2979/2979
f 2978/2978 2977/2977 2988/2988
f 2988/2988 2990/2990 2978/2978
f 2988/2988 2989/2989 2990/2990
f 2989/2989 3001/3001 3004/3004
f 3004/3004 3052/3052 2989/2989
f 3001/3001 3002/3002 3003/3003
f 3003/3003 3004/3004 3001/3001
f 3010/3010 3003/3003 3002/3002
f 3002/3002 3011/3011 3010/3010
f 3008/3008 3010/3010 3011/3011
f 3011/3011 3009/3009 3008/3008
f 3006/3006 3007/3007 3008/3008
f 3008/3008 3009/3009 3006/3006
f 1841/1841 1842/1842 1843/1843
f 1843/1843 1844/1844 1841/1841
f 1864/1864 1841/1841 1844/1844
f 1843/1843 1842/1842 1845/1845
f 1845/1845 1846/1846 1843/1843
f 1844/1844 1863/1863 1864/1864
f 1865/1865 1864/1864 1863/1863
f 1863/1863 1866/1866 1865/1865
f 1872/1872 1865/1865 1866/1866
f 1866/1866 1871/1871 1872/1872
f 2973/2973 2974/2974 1872/1872
f 1872/1872 1871/1871 2973/2973
f 2973/2973 2984/2984 2983/2983
f 2983/2983 2974/2974 2973/2973
f 2983/2983 2984/2984 2981/2981
f 2981/2981 2982/2982 2983/2983
f 2982/2982 2981/2981 2991/2991
f 2991/2991 2994/2994 2982/2982
f 2991/2991 2992/2992 2993/2993
f 2993/2993 2994/2994 2991/2991
f 1886/1886 1887/1887 1888/1888
f 1888/1888 1889/1889 1886/1886
f 1967/1967 1886/1886 1889/1889
f 1888/1888 1887/1887 1890/1890
f 1890/1890 1891/1891 1888/1888
f 1900/1900 1891/1891 1890/1890
f 1890/1890 1901/1901 1900/1900
f 1959/1959 1900/1900 1901/1901
f 1901/1901 1960/1960 1959/1959
f 1959/1959 1960/1960 1949/1949
f 1949/1949 1952/1952 1959/1959
f 1949/1949 1950/1950 1951/1951
f 1951/1951 1952/1952 1949/1949
f 1889/1889 1968/1968 1967/1967
f 1967/1967 1968/1968 1969/1969
f 1969/1969 1970/1970 1967/1967
f 1892/1892 1893/1893 1894/1894
f 1894/1894 1895/1895 1892/1892
f 1892/1892 1896/1896 1899/1899
f 1899/1899 1893/1893 1892/1892
f 1894/1894 1904/1904 1903/1903
f 1903/1903 1895/1895 1894/1894
f 1902/1902 1903/1903 1904/1904
f 1904/1904 1905/1905 1902/1902
f 1907/1907 1902/1902 1905/1905
f 1905/1905 1906/1906 1907/1907
f 1909/1909 1907/1907 1906/1906
f 1906/1906 1908/1908 1909/1909
f 1898/1898 1899/1899 1896/1896
f 1896/1896 1897/1897 1898/1898
f 1982/1982 1898/1898 1897/1897
f 1897/1897 1983/1983 1982/1982
f 1981/1981 1982/1982 1983/1983
f 1983/1983 1984/1984 1981/1981
f 1910/1910 1911/1911 1912/1912
f 1912/1912 1913/1913 1910/1910
f 1933/1933 1910/1910 1913/1913
f 1941/1941 1912/1912 1911/1911
f 1911/1911 1942/1942 1941/1941
f 1913/1913 1934/1934 1933/1933
f 1928/1928 1933/1933 1934/1934
f 1934/1934 1929/1929 1928/1928
f 1917/1917 1928/1928 1929/1929
f 1929/1929 1918/1918 1917/1917
f 1916/1916 1917/1917 1918/1918
f 1918/1918 1919/1919 1916/1916
f 1922/1922 1923/1923 1924/1924
f 1924/1924 1925/1925 1922/1922
f 1926/1926 1922/1922 1925/1925
f 1923/1923 1939/1939 1940/1940
f 1940/1940 1924/1924 1923/1923
f 1925/1925 1927/1927 1926/1926
f 1975/1975 1926/1926 1927/1927
f 1927/1927 1976/1976 1975/1975
f 1977/1977 1978/1978 1975/1975
f 1975/1975 1976/1976 1977/1977
f 1930/1930 1931/1931 1932/1932
f 1931/1931 1973/1973 1972/1972
f 1972/1972 1932/1932 1931/1931
f 1971/1971 1972/1972 1973/1973
f 1973/1973 1974/1974 1971/1971
f 2116/2116 1971/1971 1974/1974
f 1974/1974 2115/2115 2116/2116
f 1935/1935 1936/1936 1937/1937
f 1937/1937 1938/1938 1935/1935
f 1943/1943 1936/1936 1935/1935
f 1935/1935 1944/1944 1943/1943
f 1979/1979 1943/1943 1944/1944
f 1944/1944 1980/1980 1979/1979
f 1979/1979 1980/1980 2117/2117
f 2117/2117 2118/2118 1979/1979
f 1945/1945 1946/1946 1947/1947
f 1947/1947 1948/1948 1945/1945
f 1946/1946 1953/1953 1954/1954
f 1954/1954 1947/1947 1946/1946
f 1953/1953 1955/1955 1958/1958
f 1958/1958 1954/1954 1953/1953
f 1955/1955 1956/1956 1957/1957
f 1957/1957 1958/1958 1955/1955
f 1961/1961 1962/1962 1963/1963
f 1963/1963 1964/1964 1961/1961
f 1965/1965 1962/1962 1961/1961
f 1961/1961 1966/1966 1965/1965
f 1989/1989 1990/1990 1991/1991
f 1991/1991 1992/1992 1989/1989
f 1989/1989 1992/1992 2034/2034
f 1991/1991 1990/1990 1993/1993
f 1993/1993 1994/1994 1991/1991
f 2032/2032 1994/1994 1993/1993
f 2014/2014 2015/2015 2016/2016
f 2014/2014 2025/2025 2195/2195
f 2195/2195 2015/2015 2014/2014
f 2023/2023 2024/2024 2025/2025
f 2025/2025 2026/2026 2023/2023
f 2195/2195 2025/2025 2024/2024
f 2040/2040 2041/2041 2042/2042
f 2042/2042 2043/2043 2040/2040
f 2050/2050 2051/2051 2040/2040
f 2040/2040 2043/2043 2050/2050
f 2042/2042 2041/2041 2190/2190
f 2190/2190 2191/2191 2042/2042
f 2044/2044 2045/2045 2046/2046
f 2046/2046 2047/2047 2044/2044
f 2047/2047 2046/2046 2048/2048
f 2048/2048 2049/2049 2047/2047
f 2052/2052 2053/2053 2054/2054
f 2054/2054 2055/2055 2052/2052
f 2055/2055 2054/2054 2056/2056
f 2056/2056 2057/2057 2055/2055
f 2057/2057 2056/2056 2058/2058
f 2058/2058 2059/2059 2057/2057
f 2059/2059 2058/2058 2060/2060
f 2060/2060 2061/2061 2059/2059
f 2061/2061 2060/2060 2062/2062
f 2061/2061 2062/2062 2241/2241
f 2241/2241 2242/2242 2061/2061
f 2063/2063 2064/2064 2065/2065
f 2063/2063 2065/2065 2066/2066
f 2063/2063 2239/2239 2240/2240
f 2240/2240 2064/2064 2063/2063
f 2066/2066 2065/2065 2200/2200
f 2200/2200 2199/2199 2066/2066
f 2199/2199 2200/2200 2201/2201
f 2067/2067 2068/2068 2069/2069
f 2069/2069 2070/2070 2067/2067
f 2071/2071 2072/2072 2067/2067
f 2067/2067 2070/2070 2071/2071
f 2068/2068 2073/2073 2074/2074
f 2074/2074 2069/2069 2068/2068
f 2073/2073 2079/2079 2080/2080
f 2080/2080 2074/2074 2073/2073
f 2075/2075 2076/2076 2077/2077
f 2077/2077 2078/2078 2075/2075
f 2075/2075 2169/2169 2170/2170
f 2170/2170 2076/2076 2075/2075
f 2077/2077 2081/2081 2082/2082
f 2082/2082 2078/2078 2077/2077
f 2082/2082 2081/2081 2099/2099
f 2099/2099 2100/2100 2082/2082
f 2083/2083 2084/2084 2085/2085
f 2085/2085 2086/2086 2083/2083
f 2083/2083 2101/2101 2102/2102
f 2102/2102 2084/2084 2083/2083
f 2086/2086 2085/2085 2087/2087
f 2087/2087 2088/2088 2086/2086
f 2088/2088 2087/2087 2167/2167
f 2167/2167 2168/2168 2088/2088
f 2089/2089 2090/2090 2091/2091
f 2091/2091 2092/2092 2089/2089
f 2090/2090 2093/2093 2094/2094
f 2094/2094 2091/2091 2090/2090
f 2093/2093 2095/2095 2096/2096
f 2096/2096 2094/2094 2093/2093
f 2096/2096 2095/2095 2097/2097
f 2097/2097 2098/2098 2096/2096
f 2103/2103 2104/2104 2105/2105
f 2105/2105 2106/2106 2103/2103
f 2107/2107 2108/2108 2109/2109
f 2109/2109 2110/2110 2107/2107
f 2111/2111 2112/2112 2113/2113
f 2113/2113 2114/2114 2111/2111
f 2119/2119 2120/2120 2121/2121
f 2121/2121 2122/2122 2119/2119
f 2139/2139 2140/2140 2141/2141
f 2149/2149 2140/2140 2139/2139
f 2141/2141 2140/2140 2142/2142
f 2142/2142 2140/2140 2143/2143
f 2143/2143 2140/2140 2144/2144
f 2144/2144 2140/2140 2145/2145
f 2145/2145 2140/2140 2146/2146
f 2146/2146 2140/2140 2147/2147
f 2147/2147 2140/2140 2148/2148
f 2148/2148 2140/2140 2149/2149
f 2150/2150 2151/2151 2152/2152
f 2160/2160 2151/2151 2150/2150
f 2152/2152 2151/2151 2153/2153
f 2153/2153 2151/2151 2154/2154
f 2154/2154 2151/2151 2155/2155
f 2155/2155 2151/2151 2156/2156
f 2156/2156 2151/2151 2157/2157
f 2157/2157 2151/2151 2158/2158
f 2158/2158 2151/2151 2159/2159
f 2159/2159 2151/2151 2160/2160
f 2211/2211 2212/2212 2213/2213
f 2213/2213 2214/2214 2211/2211
f 2226/2226 2211/2211 2214/2214
f 2213/2213 2212/2212 2231/2231
f 2231/2231 2230/2230 2213/2213
f 2230/2230 2231/2231 2228/2228
f 2228/2228 2229/2229 2230/2230
f 2229/2229 2228/2228 2218/2218
f 2218/2218 2217/2217 2229/2229
f 2217/2217 2218/2218 2215/2215
f 2215/2215 2216/2216 2217/2217
f 2214/2214 2227/2227 2226/2226
f 2224/2224 2226/2226 2227/2227
f 2227/2227 2225/2225 2224/2224
f 2222/2222 2224/2224 2225/2225
f 2225/2225 2223/2223 2222/2222
f 2220/2220 2222/2222 2223/2223
f 2223/2223 2221/2221 2220/2220
f 2219/2219 2220/2220 2221/2221
f 2272/2272 2273/2273 2274/2274
f 2274/2274 2275/2275 2272/2272
f 2274/2274 2278/2278 2275/2275
f 2336/2336 2337/2337 2338/2338
f 2338/2338 2339/2339 2336/2336
f 2337/2337 2361/2361 2360/2360
f 2360/2360 2338/2338 2337/2337
f 2360/2360 2361/2361 2340/2340
f 2340/2340 2343/2343 2360/2360
f 2340/2340 2341/2341 2342/2342
f 2342/2342 2343/2343 2340/2340
f 2341/2341 2366/2366 2367/2367
f 2367/2367 2342/2342 2341/2341
f 2366/2366 2365/2365 2364/2364
f 2364/2364 2367/2367 2366/2366
f 2364/2364 2365/2365 2362/2362
f 2362/2362 2363/2363 2364/2364
f 2344/2344 2345/2345 2346/2346
f 2346/2346 2347/2347 2344/2344
f 2345/2345 2356/2356 2357/2357
f 2357/2357 2346/2346 2345/2345
f 2356/2356 2359/2359 2358/2358
f 2358/2358 2357/2357 2356/2356
f 2358/2358 2359/2359 2352/2352
f 2352/2352 2355/2355 2358/2358
f 2352/2352 2353/2353 2354/2354
f 2354/2354 2355/2355 2352/2352
f 2354/2354 2353/2353 2348/2348
f 2348/2348 2351/2351 2354/2354
f 2348/2348 2349/2349 2350/2350
f 2350/2350 2351/2351 2348/2348
f 2381/2381 2382/2382 2383/2383
f 2383/2383 2384/2384 2381/2381
f 2382/2382 2389/2389 2390/2390
f 2390/2390 2383/2383 2382/2382
f 2385/2385 2386/2386 2387/2387
f 2387/2387 2388/2388 2385/2385
f 2386/2386 2391/2391 2392/2392
f 2392/2392 2387/2387 2386/2386
f 2403/2403 2404/2404 2405/2405
f 2404/2404 2406/2406 2407/2407
f 2407/2407 2405/2405 2404/2404
f 3084/3084 2407/2407 2406/2406
f 2406/2406 3085/3085 3084/3084
f 2408/2408 2409/2409 2410/2410
f 2410/2410 2411/2411 2408/2408
f 2423/2423 2424/2424 2425/2425
f 2425/2425 2426/2426 2423/2423
f 2424/2424 2423/2423 2427/2427
f 2427/2427 2428/2428 2424/2424
f 2428/2428 2427/2427 2437/2437
f 2437/2437 2438/2438 2428/2428
f 2426/2426 2425/2425 2430/2430
f 2430/2430 2429/2429 2426/2426
f 2429/2429 2430/2430 2431/2431
f 2431/2431 2432/2432 2429/2429
f 2432/2432 2431/2431 2434/2434
f 2434/2434 2433/2433 2432/2432
f 2433/2433 2434/2434 2435/2435
f 2435/2435 2436/2436 2433/2433
f 2436/2436 2435/2435 2455/2455
f 2455/2455 2456/2456 2436/2436
f 2439/2439 2440/2440 2441/2441
f 2441/2441 2442/2442 2439/2439
f 2442/2442 2441/2441 2450/2450
f 2450/2450 2449/2449 2442/2442
f 2449/2449 2450/2450 2448/2448
f 2448/2448 2447/2447 2449/2449
f 2447/2447 2448/2448 2444/2444
f 2444/2444 2443/2443 2447/2447
f 2443/2443 2444/2444 2445/2445
f 2445/2445 2446/2446 2443/2443
f 2446/2446 2445/2445 2458/2458
f 2458/2458 2457/2457 2446/2446
f 2457/2457 2458/2458 2452/2452
f 2452/2452 2451/2451 2457/2457
f 2451/2451 2452/2452 2453/2453
f 2453/2453 2454/2454 2451/2451
f 2459/2459 2460/2460 2461/2461
f 2461/2461 2462/2462 2459/2459
f 2460/2460 2459/2459 2463/2463
f 2463/2463 2464/2464 2460/2460
f 2465/2465 2466/2466 2467/2467
f 2467/2467 2468/2468 2465/2465
f 2466/2466 2465/2465 2469/2469
f 2469/2469 2470/2470 2466/2466
f 2474/2474 2475/2475 2476/2476
f 2476/2476 2477/2477 2474/2474
f 2478/2478 2475/2475 2474/2474
f 2487/2487 2488/2488 2475/2475
f 2475/2475 2478/2478 2487/2487
f 2488/2488 2487/2487 2489/2489
f 2489/2489 2490/2490 2488/2488
f 2515/2515 2490/2490 2489/2489
f 2477/2477 2476/2476 2479/2479
f 2479/2479 2476/2476 2480/2480
f 2480/2480 2481/2481 2479/2479
f 2482/2482 2483/2483 2484/2484
f 2484/2484 2485/2485 2482/2482
f 2486/2486 2483/2483 2482/2482
f 2485/2485 2484/2484 2508/2508
f 2508/2508 2484/2484 2511/2511
f 2511/2511 2514/2514 2508/2508
f 2510/2510 2511/2511 2512/2512
f 2514/2514 2511/2511 2510/2510
f 2512/2512 2513/2513 2510/2510
f 2491/2491 2492/2492 2493/2493
f 2493/2493 2494/2494 2491/2491
f 2517/2517 2492/2492 2491/2491
f 2521/2521 2520/2520 2492/2492
f 2492/2492 2517/2517 2521/2521
f 2520/2520 2521/2521 2518/2518
f 2518/2518 2519/2519 2520/2520
f 2494/2494 2493/2493 2500/2500
f 2500/2500 2493/2493 2501/2501
f 2501/2501 2502/2502 2500/2500
f 2495/2495 2496/2496 2497/2497
f 2497/2497 2498/2498 2495/2495
f 2499/2499 2496/2496 2495/2495
f 2509/2509 2497/2497 2504/2504
f 2498/2498 2497/2497 2509/2509
f 2504/2504 2507/2507 2509/2509
f 2503/2503 2504/2504 2505/2505
f 2507/2507 2504/2504 2503/2503
f 2505/2505 2506/2506 2503/2503
f 2506/2506 2505/2505 2516/2516
f 2522/2522 2523/2523 2524/2524
f 2556/2556 2557/2557 2558/2558
f 2559/2559 2560/2560 2561/2561
f 2563/2563 2564/2564 2565/2565
f 2569/2569 2570/2570 2571/2571
f 2571/2571 2572/2572 2569/2569
f 2571/2571 2570/2570 2573/2573
f 2573/2573 2574/2574 2571/2571
f 2575/2575 2574/2574 2573/2573
f 2573/2573 2576/2576 2575/2575
f 2577/2577 2578/2578 2579/2579
f 2579/2579 2580/2580 2577/2577
f 2579/2579 2581/2581 2582/2582
f 2582/2582 2580/2580 2579/2579
f 2582/2582 2581/2581 2583/2583
f 2583/2583 2584/2584 2582/2582
f 2595/2595 2596/2596 2597/2597
f 2597/2597 2598/2598 2595/2595
f 2596/2596 2599/2599 2597/2597
f 2622/2622 2597/2597 2599/2599
f 2599/2599 2623/2623 2622/2622
f 2606/2606 2607/2607 2608/2608
f 2608/2608 2609/2609 2606/2606
f 2610/2610 2611/2611 2612/2612
f 2612/2612 2613/2613 2610/2610
f 2611/2611 2610/2610 2618/2618
f 2620/2620 2610/2610 2613/2613
f 2620/2620 2618/2618 2610/2610
f 2618/2618 2619/2619 2611/2611
f 2613/2613 2621/2621 2620/2620
f 2614/2614 2615/2615 2616/2616
f 2616/2616 2617/2617 2614/2614
f 2696/2696 2697/2697 2698/2698
f 2698/2698 2699/2699 2696/2696
f 2766/2766 2767/2767 2768/2768
f 2768/2768 2769/2769 2766/2766
f 2769/2769 2768/2768 2770/2770
f 2770/2770 2771/2771 2769/2769
f 2771/2771 2770/2770 2772/2772
f 2772/2772 2773/2773 2771/2771
f 2773/2773 2772/2772 2774/2774
f 2774/2774 2775/2775 2773/2773
f 2775/2775 2774/2774 2776/2776
f 2776/2776 2777/2777 2775/2775
f 2780/2780 2781/2781 2782/2782
f 2782/2782 2783/2783 2780/2780
f 2784/2784 2785/2785 2786/2786
f 2786/2786 2787/2787 2784/2784
f 2788/2788 2789/2789 2790/2790
f 2790/2790 2791/2791 2788/2788
f 2792/2792 2793/2793 2794/2794
f 2794/2794 2795/2795 2792/2792
f 2796/2796 2797/2797 2798/2798
f 2798/2798 2799/2799 2796/2796
f 2800/2800 2801/2801 2802/2802
f 2802/2802 2803/2803 2800/2800
f 2803/2803 2813/2813 2800/2800
f 2800/2800 2870/2870 2871/2871
f 2871/2871 2801/2801 2800/2800
f 2801/2801 2871/2871 2864/2864
f 2864/2864 2863/2863 2801/2801
f 2863/2863 2864/2864 2865/2865
f 2865/2865 2866/2866 2863/2863
f 2866/2866 2865/2865 2868/2868
f 2868/2868 2867/2867 2866/2866
f 2867/2867 2868/2868 2869/2869
f 2869/2869 2808/2808 2867/2867
f 2808/2808 2869/2869 2872/2872
f 2807/2807 2808/2808 2805/2805
f 2872/2872 2805/2805 2808/2808
f 2810/2810 2872/2872 2873/2873
f 2805/2805 2872/2872 2810/2810
f 2804/2804 2805/2805 2806/2806
f 2805/2805 2804/2804 2807/2807
f 2809/2809 2806/2806 2805/2805
f 2805/2805 2810/2810 2809/2809
f 2809/2809 2810/2810 2811/2811
f 2873/2873 2811/2811 2810/2810
f 2811/2811 2812/2812 2809/2809
f 2814/2814 2815/2815 2816/2816
f 2816/2816 2817/2817 2814/2814
f 2815/2815 2874/2874 2877/2877
f 2877/2877 2816/2816 2815/2815
f 2874/2874 2875/2875 2876/2876
f 2876/2876 2877/2877 2874/2874
f 2875/2875 2878/2878 2879/2879
f 2879/2879 2876/2876 2875/2875
f 2878/2878 2818/2818 2821/2821
f 2821/2821 2879/2879 2878/2878
f 2818/2818 2819/2819 2820/2820
f 2820/2820 2821/2821 2818/2818
f 2837/2837 2838/2838 2839/2839
f 2839/2839 2840/2840 2837/2837
f 2845/2845 2846/2846 2847/2847
f 2847/2847 2848/2848 2845/2845
f 2862/2862 2846/2846 2845/2845
f 2849/2849 2850/2850 2851/2851
f 2851/2851 2852/2852 2849/2849
f 2853/2853 2854/2854 2855/2855
f 2855/2855 2856/2856 2853/2853
f 2856/2856 2855/2855 2857/2857
f 2858/2858 2859/2859 2860/2860
f 2860/2860 2861/2861 2858/2858
f 2886/2886 2887/2887 2888/2888
f 2888/2888 2889/2889 2886/2886
f 2887/2887 2886/2886 2898/2898
f 2898/2898 2899/2899 2887/2887
f 2890/2890 2891/2891 2892/2892
f 2892/2892 2893/2893 2890/2890
f 2893/2893 2892/2892 2900/2900
f 2900/2900 2901/2901 2893/2893
f 2894/2894 2895/2895 2896/2896
f 2896/2896 2897/2897 2894/2894
f 2902/2902 2903/2903 2904/2904
f 2940/2940 2941/2941 2942/2942
f 2940/2940 2942/2942 2949/2949
f 2949/2949 2950/2950 2940/2940
f 3012/3012 3013/3013 3014/3014
f 3015/3015 3016/3016 3017/3017
f 3017/3017 3018/3018 3015/3015
f 3019/3019 3015/3015 3018/3018
f 3018/3018 3020/3020 3019/3019
f 3021/3021 3022/3022 3019/3019
f 3019/3019 3020/3020 3021/3021
f 3028/3028 3029/3029 3030/3030
f 3030/3030 3031/3031 3028/3028
f 3029/3029 3028/3028 3048/3048
f 3048/3048 3049/3049 3029/3029
f 3050/3050 3049/3049 3048/3048
f 3048/3048 3051/3051 3050/3050
f 3032/3032 3033/3033 3034/3034
f 3034/3034 3035/3035 3032/3032
f 3036/3036 3037/3037 3038/3038
f 3038/3038 3039/3039 3036/3036
f 3039/3039 3038/3038 3040/3040
f 3040/3040 3041/3041 3039/3039
f 3041/3041 3040/3040 3042/3042
f 3042/3042 3043/3043 3041/3041
f 3043/3043 3042/3042 3044/3044
f 3044/3044 3045/3045 3043/3043
f 3045/3045 3044/3044 3046/3046
f 3046/3046 3047/3047 3045/3045
f 3053/3053 3054/3054 3055/3055
f 3055/3055 3056/3056 3053/3053
f 3057/3057 3053/3053 3056/3056
f 3056/3056 3058/3058 3057/3057
f 3068/3068 3069/3069 3070/3070
f 3070/3070 3071/3071 3068/3068
f 3088/3088 3089/3089 3090/3090
f 3090/3090 3091/3091 3088/3088
f 3089/3089 3092/3092 3093/3093
f 3093/3093 3090/3090 3089/3089
f 3092/3092 3094/3094 3095/3095
f 3095/3095 3093/3093 3092/3092
f 3094/3094 3102/3102 3103/3103
f 3103/3103 3095/3095 3094/3094
f 3102/3102 3104/3104 3105/3105
f 3105/3105 3103/3103 3102/3102
f 3104/3104 3096/3096 3099/3099
f 3099/3099 3105/3105 3104/3104
f 3096/3096 3097/3097 3098/3098
f 3098/3098 3099/3099 3096/3096
f 3097/3097 3100/3100 3101/3101
f 3101/3101 3098/3098 3097/3097
f 3114/3114 3115/3115 3116/3116
f 3116/3116 3117/3117 3114/3114
f 3118/3118 3114/3114 3117/3117
f 3117/3117 3119/3119 3118/3118
f 3120/3120 3121/3121 3122/3122
f 3122/3122 3123/3123 3120/3120
f 3121/3121 3124/3124 3125/3125
f 3125/3125 3122/3122 3121/3121
f 3126/3126 3127/3127 3128/3128
f 3128/3128 3129/3129 3126/3126
f 3128/3128 3127/3127 3174/3174
f 3174/3174 3175/3175 3128/3128
f 3130/3130 3131/3131 3132/3132
f 3132/3132 3133/3133 3130/3130
f 3133/3133 3132/3132 3176/3176
f 3176/3176 3177/3177 3133/3133
f 3134/3134 3135/3135 3136/3136
f 3136/3136 3137/3137 3134/3134
f 3134/3134 3178/3178 3179/3179
f 3179/3179 3135/3135 3134/3134
f 3138/3138 3139/3139 3140/3140
f 3140/3140 3141/3141 3138/3138
f 3139/3139 3142/3142 3143/3143
f 3143/3143 3140/3140 3139/3139
f 3144/3144 3145/3145 3146/3146
f 3146/3146 3147/3147 3144/3144
f 3148/3148 3144/3144 3147/3147
f 3147/3147 3149/3149 3148/3148
f 3150/3150 3151/3151 3152/3152
f 3152/3152 3153/3153 3150/3150
f 3152/3152 3151/3151 3180/3180
f 3180/3180 3181/3181 3152/3152
f 3154/3154 3155/3155 3156/3156
f 3156/3156 3157/3157 3154/3154
f 3155/3155 3154/3154 3158/3158
f 3158/3158 3159/3159 3155/3155
f 3160/3160 3161/3161 3162/3162
f 3162/3162 3163/3163 3160/3160
f 3163/3163 3162/3162 3164/3164
f 3164/3164 3165/3165 3163/3163
f 3166/3166 3167/3167 3168/3168
f 3168/3168 3169/3169 3166/3166
f 3169/3169 3168/3168 3182/3182
f 3182/3182 3183/3183 3169/3169
f 3170/3170 3171/3171 3172/3172
f 3172/3172 3173/3173 3170/3170
f 3172/3172 3171/3171 3184/3184
f 3184/3184 3185/3185 3172/3172
f 3186/3186 3187/3187 3188/3188
f 3188/3188 3189/3189 3186/3186
f 3187/3187 3186/3186 3190/3190
f 3190/3190 3191/3191 3187/3187
f 3192/3192 3193/3193 3194/3194
f 3194/3194 3195/3195 3192/3192
f 3195/3195 3194/3194 3196/3196
f 3196/3196 3197/3197 3195/3195
f 3198/3198 3199/3199 3200/3200
f 3200/3200 3201/3201 3198/3198
f 3198/3198 3246/3246 3247/3247
f 3247/3247 3199/3199 3198/3198
f 3202/3202 3203/3203 3204/3204
f 3204/3204 3205/3205 3202/3202
f 3203/3203 3248/3248 3249/3249
f 3249/3249 3204/3204 3203/3203
f 3206/3206 3207/3207 3208/3208
f 3208/3208 3209/3209 3206/3206
f 3208/3208 3207/3207 3250/3250
f 3250/3250 3251/3251 3208/3208
f 3210/3210 3211/3211 3212/3212
f 3212/3212 3213/3213 3210/3210
f 3213/3213 3212/3212 3214/3214
f 3214/3214 3215/3215 3213/3213
f 3216/3216 3217/3217 3218/3218
f 3218/3218 3219/3219 3216/3216
f 3217/3217 3216/3216 3220/3220
f 3220/3220 3221/3221 3217/3217
f 3222/3222 3223/3223 3224/3224
f 3224/3224 3225/3225 3222/3222
f 3222/3222 3252/3252 3253/3253
f 3253/3253 3223/3223 3222/3222
f 3226/3226 3227/3227 3228/3228
f 3228/3228 3229/3229 3226/3226
f 3230/3230 3226/3226 3229/3229
f 3229/3229 3231/3231 3230/3230
f 3232/3232 3233/3233 3234/3234
f 3234/3234 3235/3235 3232/3232
f 3233/3233 3236/3236 3237/3237
f 3237/3237 3234/3234 3233/3233
f 3238/3238 3239/3239 3240/3240
f 3240/3240 3241/3241 3238/3238
f 3239/3239 3254/3254 3255/3255
f 3255/3255 3240/3240 3239/3239
f 3242/3242 3243/3243 3244/3244
f 3244/3244 3245/3245 3242/3242
f 3242/3242 3256/3256 3257/3257
f 3257/3257 3243/3243 3242/3242
f 3258/3258 3259/3259 3260/3260
f 3260/3260 3261/3261 3258/3258
f 3278/3278 3258/3258 3261/3261
f 3259/3259 3262/3262 3263/3263
f 3263/3263 3260/3260 3259/3259
f 3261/3261 3279/3279 3278/3278
f 3276/3276 3278/3278 3279/3279
f 3279/3279 3277/3277 3276/3276
f 3274/3274 3276/3276 3277/3277
f 3277/3277 3275/3275 3274/3274
f 3272/3272 3274/3274 3275/3275
f 3275/3275 3273/3273 3272/3272
f 3270/3270 3272/3272 3273/3273
f 3273/3273 3271/3271 3270/3270
f 3268/3268 3270/3270 3271/3271
f 3271/3271 3269/3269 3268/3268
f 3265/3265 3268/3268 3269/3269
f 3269/3269 3266/3266 3265/3265
f 3264/3264 3265/3265 3266/3266
f 3266/3266 3267/3267 3264/3264
f 3280/3280 3281/3281 3282/3282
f 3282/3282 3283/3283 3280/3280
f 3299/3299 3280/3280 3283/3283
f 3281/3281 3284/3284 3285/3285
f 3285/3285 3282/3282 3281/3281
f 3284/3284 3286/3286 3287/3287
f 3287/3287 3285/3285 3284/3284
f 3286/3286 3288/3288 3289/3289
f 3289/3289 3287/3287 3286/3286
f 3288/3288 3290/3290 3291/3291
f 3291/3291 3289/3289 3288/3288
f 3290/3290 3292/3292 3293/3293
f 3293/3293 3291/3291 3290/3290
f 3292/3292 3294/3294 3295/3295
f 3295/3295 3293/3293 3292/3292
f 3294/3294 3296/3296 3297/3297
f 3297/3297 3295/3295 3294/3294
f 3283/3283 3300/3300 3299/3299
f 3298/3298 3299/3299 3300/3300
f 3300/3300 3301/3301 3298/3298
f 3302/3302 3303/3303 3304/3304
f 3313/3313 3302/3302 3304/3304
f 3303/3303 3305/3305 3304/3304
f 3305/3305 3306/3306 3304/3304
f 3306/3306 3307/3307 3304/3304
f 3307/3307 3308/3308 3304/3304
f 3308/3308 3309/3309 3304/3304
f 3309/3309 3310/3310 3304/3304
f 3310/3310 3311/3311 3304/3304
f 3312/3312 3313/3313 3304/3304
f 3314/3314 3315/3315 3316/3316
f 3316/3316 3317/3317 3314/3314
f 3315/3315 3314/3314 3335/3335
f 3335/3335 3334/3334 3315/3315
f 3334/3334 3335/3335 3333/3333
f 3333/3333 3332/3332 3334/3334
f 3332/3332 3333/3333 3331/3331
f 3331/3331 3330/3330 3332/3332
f 3330/3330 3331/3331 3329/3329
f 3329/3329 3328/3328 3330/3330
f 3328/3328 3329/3329 3327/3327
f 3327/3327 3326/3326 3328/3328
f 3326/3326 3327/3327 3325/3325
f 3325/3325 3324/3324 3326/3326
f 3324/3324 3325/3325 3323/3323
f 3323/3323 3322/3322 3324/3324
f 3322/3322 3323/3323 3320/3320
f 3320/3320 3321/3321 3322/3322
f 3317/3317 3316/3316 3318/3318
f 3318/3318 3319/3319 3317/3317
f 3336/3336 3337/3337 3338/3338
f 3338/3338 3339/3339 3336/3336
f 3337/3337 3336/3336 3357/3357
f 3357/3357 3356/3356 3337/3337
f 3356/3356 3357/3357 3354/3354
f 3354/3354 3355/3355 3356/3356
f 3339/3339 3338/3338 3340/3340
f 3340/3340 3341/3341 3339/3339
f 3341/3341 3340/3340 3342/3342
f 3342/3342 3343/3343 3341/3341
f 3343/3343 3342/3342 3344/3344
f 3344/3344 3345/3345 3343/3343
f 3345/3345 3344/3344 3346/3346
f 3346/3346 3347/3347 3345/3345
f 3347/3347 3346/3346 3348/3348
f 3348/3348 3349/3349 3347/3347
f 3349/3349 3348/3348 3350/3350
f 3350/3350 3351/3351 3349/3349
f 3351/3351 3350/3350 3352/3352
f 3352/3352 3353/3353 3351/3351
f 3358/3358 3359/3359 3360/3360
f 3369/3369 3359/3359 3358/3358
f 3360/3360 3359/3359 3361/3361
f 3361/3361 3359/3359 3362/3362
f 3362/3362 3359/3359 3363/3363
f 3363/3363 3359/3359 3364/3364
f 3364/3364 3359/3359 3365/3365
f 3365/3365 3359/3359 3366/3366
f 3366/3366 3359/3359 3367/3367
f 3368/3368 3359/3359 3369/3369
f 3370/3370 3371/3371 3372/3372
f 3372/3372 3373/3373 3370/3370
f 3374/3374 3375/3375 3376/3376
f 3376/3376 3377/3377 3374/3374
f 3374/3374 3377/3377 3391/3391
f 3391/3391 3392/3392 3374/3374
f 3376/3376 3375/3375 3387/3387
f 3387/3387 3388/3388 3376/3376
f 3378/3378 3379/3379 3380/3380
f 3380/3380 3381/3381 3378/3378
f 3378/3378 3381/3381 3390/3390
f 3378/3378 3390/3390 3410/3410
f 3410/3410 3411/3411 3378/3378
f 3380/3380 3379/3379 3389/3389
f 3389/3389 3379/3379 3404/3404
f 3404/3404 3405/3405 3389/3389
f 3382/3382 3383/3383 3384/3384
f 3384/3384 3385/3385 3382/3382
f 3382/3382 3385/3385 3386/3386
f 3382/3382 3386/3386 3398/3398
f 3398/3398 3399/3399 3382/3382
f 3384/3384 3383/3383 3393/3393
f 3393/3393 3383/3383 3416/3416
f 3416/3416 3417/3417 3393/3393
f 3394/3394 3395/3395 3396/3396
f 3396/3396 3397/3397 3394/3394
f 3400/3400 3401/3401 3402/3402
f 3402/3402 3403/3403 3400/3400
f 3406/3406 3407/3407 3408/3408
f 3408/3408 3409/3409 3406/3406
f 3412/3412 3413/3413 3414/3414
f 3414/3414 3415/3415 3412/3412
f 3418/3418 3419/3419 3420/3420
f 3420/3420 3421/3421 3418/3418
f 3422/3422 3423/3423 3424/3424
f 3424/3424 3425/3425 3422/3422
f 3422/3422 3425/3425 3439/3439
f 3439/3439 3440/3440 3422/3422
f 3424/3424 3423/3423 3435/3435
f 3435/3435 3436/3436 3424/3424
f 3426/3426 3427/3427 3428/3428
f 3428/3428 3429/3429 3426/3426
f 3426/3426 3429/3429 3438/3438
f 3426/3426 3438/3438 3458/3458
f 3458/3458 3459/3459 3426/3426
f 3428/3428 3427/3427 3437/3437
f 3437/3437 3427/3427 3452/3452
f 3452/3452 3453/3453 3437/3437
f 3430/3430 3431/3431 3432/3432
f 3432/3432 3433/3433 3430/3430
f 3430/3430 3433/3433 3434/3434
f 3430/3430 3434/3434 3446/3446
f 3446/3446 3447/3447 3430/3430
f 3432/3432 3431/3431 3441/3441
f 3441/3441 3431/3431 3464/3464
f 3464/3464 3465/3465 3441/3441
f 3442/3442 3443/3443 3444/3444
f 3444/3444 3445/3445 3442/3442
f 3448/3448 3449/3449 3450/3450
f 3450/3450 3451/3451 3448/3448
f 3454/3454 3455/3455 3456/3456
f 3456/3456 3457/3457 3454/3454
f 3460/3460 3461/3461 3462/3462
f 3462/3462 3463/3463 3460/3460
f 3466/3466 3467/3467 3468/3468
f 3468/3468 3469/3469 3466/3466
f 3468/3468 3467/3467 3766/3766
f 3766/3766 3767/3767 3468/3468
f 3470/3470 3471/3471 3472/3472
f 3472/3472 3473/3473 3470/3470
f 3472/3472 3471/3471 3768/3768
f 3768/3768 3769/3769 3472/3472
f 3474/3474 3475/3475 3476/3476
f 3476/3476 3477/3477 3474/3474
f 3476/3476 3475/3475 3770/3770
f 3770/3770 3771/3771 3476/3476
f 3478/3478 3479/3479 3480/3480
f 3480/3480 3481/3481 3478/3478
f 3480/3480 3479/3479 3772/3772
f 3772/3772 3773/3773 3480/3480
f 3482/3482 3483/3483 3484/3484
f 3484/3484 3485/3485 3482/3482
f 3484/3484 3483/3483 3774/3774
f 3774/3774 3775/3775 3484/3484
f 3486/3486 3487/3487 3488/3488
f 3488/3488 3489/3489 3486/3486
f 3488/3488 3487/3487 3776/3776
f 3776/3776 3777/3777 3488/3488
f 3490/3490 3491/3491 3492/3492
f 3492/3492 3493/3493 3490/3490
f 3492/3492 3491/3491 3778/3778
f 3778/3778 3779/3779 3492/3492
f 3494/3494 3495/3495 3496/3496
f 3496/3496 3497/3497 3494/3494
f 3496/3496 3495/3495 3780/3780
f 3780/3780 3781/3781 3496/3496
f 3498/3498 3499/3499 3500/3500
f 3500/3500 3501/3501 3498/3498
f 3614/3614 3498/3498 3501/3501
f 3499/3499 3642/3642 3643/3643
f 3643/3643 3500/3500 3499/3499
f 3782/3782 3501/3501 3500/3500
f 3500/3500 3783/3783 3782/3782
f 3783/3783 3500/3500 3643/3643
f 3501/3501 3615/3615 3614/3614
f 3501/3501 3782/3782 3882/3882
f 3882/3882 3615/3615 3501/3501
f 3643/3643 3896/3896 3783/3783
f 3502/3502 3503/3503 3504/3504
f 3504/3504 3505/3505 3502/3502
f 3784/3784 3505/3505 3504/3504
f 3504/3504 3785/3785 3784/3784
f 3506/3506 3507/3507 3508/3508
f 3508/3508 3509/3509 3506/3506
f 3786/3786 3509/3509 3508/3508
f 3508/3508 3787/3787 3786/3786
f 3510/3510 3511/3511 3512/3512
f 3512/3512 3513/3513 3510/3510
f 3788/3788 3513/3513 3512/3512
f 3512/3512 3789/3789 3788/3788
f 3514/3514 3515/3515 3516/3516
f 3516/3516 3517/3517 3514/3514
f 3628/3628 3514/3514 3517/3517
f 3515/3515 3656/3656 3657/3657
f 3657/3657 3516/3516 3515/3515
f 3790/3790 3517/3517 3516/3516
f 3516/3516 3791/3791 3790/3790
f 3791/3791 3516/3516 3657/3657
f 3517/3517 3629/3629 3628/3628
f 3517/3517 3790/3790 3889/3889
f 3889/3889 3629/3629 3517/3517
f 3657/3657 3903/3903 3791/3791
f 3518/3518 3519/3519 3520/3520
f 3520/3520 3521/3521 3518/3518
f 3792/3792 3521/3521 3520/3520
f 3520/3520 3793/3793 3792/3792
f 3522/3522 3523/3523 3524/3524
f 3524/3524 3525/3525 3522/3522
f 3794/3794 3525/3525 3524/3524
f 3524/3524 3795/3795 3794/3794
f 3526/3526 3527/3527 3528/3528
f 3528/3528 3529/3529 3526/3526
f 3796/3796 3529/3529 3528/3528
f 3528/3528 3797/3797 3796/3796
f 3530/3530 3531/3531 3532/3532
f 3570/3570 3530/3530 3532/3532
f 3530/3530 3568/3568 3569/3569
f 3569/3569 3531/3531 3530/3530
f 3543/3543 3531/3531 3569/3569
f 3567/3567 3532/3532 3531/3531
f 3531/3531 3543/3543 3567/3567
f 3532/3532 3571/3571 3570/3570
f 3532/3532 3567/3567 3538/3538
f 3538/3538 3571/3571 3532/3532
f 3570/3570 3571/3571 3538/3538
f 3537/3537 3570/3570 3538/3538
f 3537/3537 3538/3538 3539/3539
f 3539/3539 3538/3538 3567/3567
f 3567/3567 3566/3566 3539/3539
f 3566/3566 3567/3567 3543/3543
f 3539/3539 3566/3566 3549/3549
f 3548/3548 3537/3537 3539/3539
f 3539/3539 3549/3549 3548/3548
f 3549/3549 3566/3566 3552/3552
f 3543/3543 3542/3542 3566/3566
f 3542/3542 3552/3552 3566/3566
f 3548/3548 3549/3549 3550/3550
f 3552/3552 3550/3550 3549/3549
f 3550/3550 3551/3551 3548/3548
f 3550/3550 3552/3552 3553/3553
f 3551/3551 3550/3550 3559/3559
f 3550/3550 3553/3553 3561/3561
f 3561/3561 3559/3559 3550/3550
f 3559/3559 3560/3560 3551/3551
f 3556/3556 3553/3553 3554/3554
f 3552/3552 3554/3554 3553/3553
f 3554/3554 3555/3555 3556/3556
f 3554/3554 3535/3535 3534/3534
f 3534/3534 3555/3555 3554/3554
f 3541/3541 3554/3554 3552/3552
f 3554/3554 3541/3541 3573/3573
f 3573/3573 3535/3535 3554/3554
f 3533/3533 3534/3534 3535/3535
f 3535/3535 3536/3536 3533/3533
f 3536/3536 3535/3535 3573/3573
f 3572/3572 3573/3573 3541/3541
f 3573/3573 3572/3572 3536/3536
f 3540/3540 3541/3541 3542/3542
f 3541/3541 3540/3540 3572/3572
f 3552/3552 3542/3542 3541/3541
f 3536/3536 3572/3572 3540/3540
f 3568/3568 3533/3533 3536/3536
f 3536/3536 3569/3569 3568/3568
f 3540/3540 3569/3569 3536/3536
f 3542/3542 3543/3543 3540/3540
f 3569/3569 3540/3540 3543/3543
f 3544/3544 3545/3545 3546/3546
f 3546/3546 3547/3547 3544/3544
f 3547/3547 3574/3574 3544/3544
f 3575/3575 3545/3545 3544/3544
f 3547/3547 3546/3546 3557/3557
f 3557/3557 3558/3558 3547/3547
f 3562/3562 3563/3563 3564/3564
f 3564/3564 3565/3565 3562/3562
f 3576/3576 3577/3577 3578/3578
f 3578/3578 3579/3579 3576/3576
f 3577/3577 3576/3576 3611/3611
f 3611/3611 3612/3612 3577/3577
f 3612/3612 3613/3613 3577/3577
f 3580/3580 3581/3581 3582/3582
f 3582/3582 3583/3583 3580/3580
f 3594/3594 3580/3580 3583/3583
f 3581/3581 3584/3584 3585/3585
f 3585/3585 3582/3582 3581/3581
f 3584/3584 3586/3586 3587/3587
f 3587/3587 3585/3585 3584/3584
f 3586/3586 3588/3588 3589/3589
f 3589/3589 3587/3587 3586/3586
f 3588/3588 3590/3590 3591/3591
f 3591/3591 3589/3589 3588/3588
f 3590/3590 3592/3592 3593/3593
f 3593/3593 3591/3591 3590/3590
f 3592/3592 3594/3594 3595/3595
f 3595/3595 3593/3593 3592/3592
f 3583/3583 3595/3595 3594/3594
f 3596/3596 3597/3597 3598/3598
f 3598/3598 3599/3599 3596/3596
f 3609/3609 3596/3596 3599/3599
f 3597/3597 3600/3600 3601/3601
f 3601/3601 3598/3598 3597/3597
f 3600/3600 3602/3602 3603/3603
f 3603/3603 3601/3601 3600/3600
f 3602/3602 3604/3604 3603/3603
f 3606/3606 3603/3603 3604/3604
f 3604/3604 3605/3605 3606/3606
f 3608/3608 3606/3606 3605/3605
f 3605/3605 3607/3607 3608/3608
f 3610/3610 3608/3608 3607/3607
f 3607/3607 3609/3609 3610/3610
f 3599/3599 3610/3610 3609/3609
f 3616/3616 3617/3617 3618/3618
f 3618/3618 3619/3619 3616/3616
f 3618/3618 3883/3883 3884/3884
f 3884/3884 3619/3619 3618/3618
f 3620/3620 3621/3621 3622/3622
f 3622/3622 3623/3623 3620/3620
f 3622/3622 3885/3885 3886/3886
f 3886/3886 3623/3623 3622/3622
f 3624/3624 3625/3625 3626/3626
f 3626/3626 3627/3627 3624/3624
f 3626/3626 3887/3887 3888/3888
f 3888/3888 3627/3627 3626/3626
f 3630/3630 3631/3631 3632/3632
f 3632/3632 3633/3633 3630/3630
f 3632/3632 3890/3890 3891/3891
f 3891/3891 3633/3633 3632/3632
f 3634/3634 3635/3635 3636/3636
f 3636/3636 3637/3637 3634/3634
f 3636/3636 3892/3892 3893/3893
f 3893/3893 3637/3637 3636/3636
f 3638/3638 3639/3639 3640/3640
f 3640/3640 3641/3641 3638/3638
f 3640/3640 3894/3894 3895/3895
f 3895/3895 3641/3641 3640/3640
f 3644/3644 3645/3645 3646/3646
f 3646/3646 3647/3647 3644/3644
f 3646/3646 3897/3897 3898/3898
f 3898/3898 3647/3647 3646/3646
f 3648/3648 3649/3649 3650/3650
f 3650/3650 3651/3651 3648/3648
f 3650/3650 3899/3899 3900/3900
f 3900/3900 3651/3651 3650/3650
f 3652/3652 3653/3653 3654/3654
f 3654/3654 3655/3655 3652/3652
f 3654/3654 3901/3901 3902/3902
f 3902/3902 3655/3655 3654/3654
f 3658/3658 3659/3659 3660/3660
f 3660/3660 3661/3661 3658/3658
f 3660/3660 3904/3904 3905/3905
f 3905/3905 3661/3661 3660/3660
f 3662/3662 3663/3663 3664/3664
f 3664/3664 3665/3665 3662/3662
f 3664/3664 3906/3906 3907/3907
f 3907/3907 3665/3665 3664/3664
f 3666/3666 3667/3667 3668/3668
f 3668/3668 3669/3669 3666/3666
f 3668/3668 3908/3908 3909/3909
f 3909/3909 3669/3669 3668/3668
f 3670/3670 3671/3671 3672/3672
f 3672/3672 3673/3673 3670/3670
f 3674/3674 3675/3675 3676/3676
f 3676/3676 3677/3677 3674/3674
f 3674/3674 3691/3691 3692/3692
f 3692/3692 3675/3675 3674/3674
f 3676/3676 3687/3687 3688/3688
f 3688/3688 3677/3677 3676/3676
f 3678/3678 3679/3679 3680/3680
f 3680/3680 3681/3681 3678/3678
f 3678/3678 3690/3690 3679/3679
f 3678/3678 3710/3710 3711/3711
f 3711/3711 3690/3690 3678/3678
f 3680/3680 3689/3689 3681/3681
f 3705/3705 3681/3681 3689/3689
f 3689/3689 3704/3704 3705/3705
f 3682/3682 3683/3683 3684/3684
f 3684/3684 3685/3685 3682/3682
f 3682/3682 3686/3686 3683/3683
f 3682/3682 3698/3698 3699/3699
f 3699/3699 3686/3686 3682/3682
f 3684/3684 3693/3693 3685/3685
f 3717/3717 3685/3685 3693/3693
f 3693/3693 3716/3716 3717/3717
f 3694/3694 3695/3695 3696/3696
f 3696/3696 3697/3697 3694/3694
f 3700/3700 3701/3701 3702/3702
f 3702/3702 3703/3703 3700/3700
f 3706/3706 3707/3707 3708/3708
f 3708/3708 3709/3709 3706/3706
f 3712/3712 3713/3713 3714/3714
f 3714/3714 3715/3715 3712/3712
f 3718/3718 3719/3719 3720/3720
f 3720/3720 3721/3721 3718/3718
f 3722/3722 3723/3723 3724/3724
f 3724/3724 3725/3725 3722/3722
f 3722/3722 3739/3739 3740/3740
f 3740/3740 3723/3723 3722/3722
f 3724/3724 3735/3735 3736/3736
f 3736/3736 3725/3725 3724/3724
f 3726/3726 3727/3727 3728/3728
f 3728/3728 3729/3729 3726/3726
f 3726/3726 3738/3738 3727/3727
f 3726/3726 3758/3758 3759/3759
f 3759/3759 3738/3738 3726/3726
f 3728/3728 3737/3737 3729/3729
f 3753/3753 3729/3729 3737/3737
f 3737/3737 3752/3752 3753/3753
f 3730/3730 3731/3731 3732/3732
f 3732/3732 3733/3733 3730/3730
f 3730/3730 3734/3734 3731/3731
f 3730/3730 3746/3746 3747/3747
f 3747/3747 3734/3734 3730/3730
f 3732/3732 3741/3741 3733/3733
f 3765/3765 3733/3733 3741/3741
f 3741/3741 3764/3764 3765/3765
f 3742/3742 3743/3743 3744/3744
f 3744/3744 3745/3745 3742/3742
f 3748/3748 3749/3749 3750/3750
f 3750/3750 3751/3751 3748/3748
f 3754/3754 3755/3755 3756/3756
f 3756/3756 3757/3757 3754/3754
f 3760/3760 3761/3761 3762/3762
f 3762/3762 3763/3763 3760/3760
f 3798/3798 3799/3799 3800/3800
f 3799/3799 3798/3798 3807/3807
f 3798/3798 3800/3800 3838/3838
f 3838/3838 3837/3837 3798/3798
f 3838/3838 3800/3800 3809/3809
f 3836/3836 3809/3809 3800/3800
f 3800/3800 3799/3799 3836/3836
f 3837/3837 3838/3838 3802/3802
f 3809/3809 3808/3808 3838/3838
f 3802/3802 3838/3838 3808/3808
f 3802/3802 3801/3801 3837/3837
f 3801/3801 3802/3802 3803/3803
f 3808/3808 3841/3841 3802/3802
f 3802/3802 3841/3841 3840/3840
f 3840/3840 3803/3803 3802/3802
f 3808/3808 3809/3809 3810/3810
f 3810/3810 3811/3811 3808/3808
f 3841/3841 3808/3808 3811/3811
f 3811/3811 3840/3840 3841/3841
f 3822/3822 3803/3803 3840/3840
f 3840/3840 3811/3811 3822/3822
f 3803/3803 3804/3804 3801/3801
f 3804/3804 3803/3803 3822/3822
f 3822/3822 3820/3820 3823/3823
f 3823/3823 3824/3824 3822/3822
f 3821/3821 3820/3820 3822/3822
f 3822/3822 3824/3824 3804/3804
f 3821/3821 3822/3822 3811/3811
f 3811/3811 3810/3810 3821/3821
f 3834/3834 3810/3810 3809/3809
f 3810/3810 3834/3834 3821/3821
f 3818/3818 3820/3820 3821/3821
f 3819/3819 3818/3818 3821/3821
f 3821/3821 3834/3834 3819/3819
f 3829/3829 3820/3820 3818/3818
f 3816/3816 3817/3817 3818/3818
f 3818/3818 3819/3819 3816/3816
f 3828/3828 3818/3818 3817/3817
f 3818/3818 3828/3828 3829/3829
f 3835/3835 3819/3819 3834/3834
f 3816/3816 3819/3819 3835/3835
f 3835/3835 3805/3805 3816/3816
f 3835/3835 3834/3834 3836/3836
f 3836/3836 3806/3806 3835/3835
f 3805/3805 3835/3835 3806/3806
f 3805/3805 3806/3806 3807/3807
f 3799/3799 3839/3839 3806/3806
f 3806/3806 3836/3836 3799/3799
f 3806/3806 3839/3839 3807/3807
f 3809/3809 3836/3836 3834/3834
f 3807/3807 3839/3839 3799/3799
f 3817/3817 3827/3827 3828/3828
f 3812/3812 3813/3813 3814/3814
f 3814/3814 3815/3815 3812/3812
f 3813/3813 3812/3812 3842/3842
f 3843/3843 3812/3812 3815/3815
f 3813/3813 3825/3825 3826/3826
f 3826/3826 3814/3814 3813/3813
f 3830/3830 3831/3831 3832/3832
f 3832/3832 3833/3833 3830/3830
f 3844/3844 3845/3845 3846/3846
f 3846/3846 3847/3847 3844/3844
f 3845/3845 3879/3879 3880/3880
f 3880/3880 3846/3846 3845/3845
f 3879/3879 3845/3845 3881/3881
f 3848/3848 3849/3849 3850/3850
f 3850/3850 3851/3851 3848/3848
f 3849/3849 3848/3848 3863/3863
f 3863/3863 3862/3862 3849/3849
f 3862/3862 3863/3863 3861/3861
f 3861/3861 3860/3860 3862/3862
f 3860/3860 3861/3861 3859/3859
f 3859/3859 3858/3858 3860/3860
f 3858/3858 3859/3859 3857/3857
f 3857/3857 3856/3856 3858/3858
f 3856/3856 3857/3857 3855/3855
f 3855/3855 3854/3854 3856/3856
f 3854/3854 3855/3855 3853/3853
f 3853/3853 3852/3852 3854/3854
f 3852/3852 3853/3853 3851/3851
f 3851/3851 3850/3850 3852/3852
f 3864/3864 3865/3865 3866/3866
f 3866/3866 3867/3867 3864/3864
f 3865/3865 3864/3864 3878/3878
f 3878/3878 3877/3877 3865/3865
f 3877/3877 3878/3878 3876/3876
f 3876/3876 3875/3875 3877/3877
f 3875/3875 3876/3876 3874/3874
f 3874/3874 3873/3873 3875/3875
f 3873/3873 3874/3874 3872/3872
f 3872/3872 3870/3870 3873/3873
f 3871/3871 3870/3870 3872/3872
f 3869/3869 3868/3868 3870/3870
f 3870/3870 3871/3871 3869/3869
f 3868/3868 3869/3869 3867/3867
f 3867/3867 3866/3866 3868/3868
f 3910/3910 3911/3911 3912/3912
f 3912/3912 3913/3913 3910/3910
f 3913/3913 3912/3912 3914/3914
f 3914/3914 3915/3915 3913/3913
f 3934/3934 3915/3915 3914/3914
f 3914/3914 3931/3931 3934/3934
f 3933/3933 3934/3934 3931/3931
f 3931/3931 3932/3932 3933/3933
f 3916/3916 3917/3917 3918/3918
f 3918/3918 3919/3919 3916/3916
f 3920/3920 3921/3921 3922/3922
f 3929/3929 3920/3920 3922/3922
f 3921/3921 3923/3923 3922/3922
f 3928/3928 3922/3922 3923/3923
f 3922/3922 3930/3930 3929/3929
f 3929/3929 3930/3930 3940/3940
f 3940/3940 3939/3939 3929/3929
f 3939/3939 3940/3940 3941/3941
f 3941/3941 3940/3940 3942/3942
f 3942/3942 3940/3940 3946/3946
f 3946/3946 3947/3947 3942/3942
f 3923/3923 3927/3927 3928/3928
f 3924/3924 3925/3925 3926/3926
f 3935/3935 3936/3936 3937/3937
f 3937/3937 3938/3938 3935/3935
f 3943/3943 3944/3944 3945/3945
f 3948/3948 3949/3949 3950/3950
f 3950/3950 3951/3951 3948/3948
f 3952/3952 3953/3953 3954/3954
f 3954/3954 3955/3955 3952/3952
f 3956/3956 3957/3957 3958/3958
f 3958/3958 3959/3959 3956/3956
f 3960/3960 3961/3961 3962/3962
f 3962/3962 3963/3963 3960/3960
f 3964/3964 3965/3965 3966/3966
f 3966/3966 3967/3967 3964/3964
f 3968/3968 3969/3969 3970/3970
f 3969/3969 3971/3971 3970/3970
f 3971/3971 3972/3972 3970/3970
f 3972/3972 3973/3973 3970/3970
f 3973/3973 3974/3974 3970/3970
f 3975/3975 3976/3976 3977/3977
f 3981/3981 3975/3975 3977/3977
f 3978/3978 3979/3979 3977/3977
f 3979/3979 3980/3980 3977/3977
f 3980/3980 3981/3981 3977/3977
f 3982/3982 3983/3983 3984/3984
f 3984/3984 3985/3985 3982/3982
f 3983/3983 3982/3982 4043/4043
f 4043/4043 4042/4042 3983/3983
f 4042/4042 4043/4043 4037/4037
f 4037/4037 4036/4036 4042/4042
f 4036/4036 4037/4037 4031/4031
f 4031/4031 4030/4030 4036/4036
f 4030/4030 4031/4031 4021/4021
f 4021/4021 4020/4020 4030/4030
f 4020/4020 4021/4021 4018/4018
f 4018/4018 4019/4019 4020/4020
f 3985/3985 3984/3984 3994/3994
f 3994/3994 3995/3995 3985/3985
f 3995/3995 3994/3994 4000/4000
f 4000/4000 4001/4001 3995/3995
f 4001/4001 4000/4000 4006/4006
f 4006/4006 4007/4007 4001/4001
f 4007/4007 4006/4006 4012/4012
f 4012/4012 4013/4013 4007/4007
f 3986/3986 3987/3987 3988/3988
f 3988/3988 3989/3989 3986/3986
f 3987/3987 3986/3986 4045/4045
f 4045/4045 4044/4044 3987/3987
f 4044/4044 4045/4045 4039/4039
f 4039/4039 4038/4038 4044/4044
f 4038/4038 4039/4039 4033/4033
f 4033/4033 4032/4032 4038/4038
f 4032/4032 4033/4033 4025/4025
f 4025/4025 4024/4024 4032/4032
f 4024/4024 4025/4025 4022/4022
f 4022/4022 4023/4023 4024/4024
f 3989/3989 3988/3988 3996/3996
f 3996/3996 3997/3997 3989/3989
f 3997/3997 3996/3996 4002/4002
f 4002/4002 4003/4003 3997/3997
f 4003/4003 4002/4002 4008/4008
f 4008/4008 4009/4009 4003/4003
f 4009/4009 4008/4008 4014/4014
f 4014/4014 4015/4015 4009/4009
f 3990/3990 3991/3991 3992/3992
f 3992/3992 3993/3993 3990/3990
f 3991/3991 3990/3990 4047/4047
f 4047/4047 4046/4046 3991/3991
f 4046/4046 4047/4047 4041/4041
f 4041/4041 4040/4040 4046/4046
f 4040/4040 4041/4041 4035/4035
f 4035/4035 4034/4034 4040/4040
f 4034/4034 4035/4035 4029/4029
f 4029/4029 4028/4028 4034/4034
f 4028/4028 4029/4029 4026/4026
f 4026/4026 4027/4027 4028/4028
f 3993/3993 3992/3992 3998/3998
f 3998/3998 3999/3999 3993/3993
f 3999/3999 3998/3998 4004/4004
f 4004/4004 4005/4005 3999/3999
f 4005/4005 4004/4004 4010/4010
f 4010/4010 4011/4011 4005/4005
f 4011/4011 4010/4010 4016/4016
f 4016/4016 4017/4017 4011/4011
f 4048/4048 4049/4049 4050/4050
f 4050/4050 4051/4051 4048/4048
f 4049/4049 4048/4048 4076/4076
f 4076/4076 4077/4077 4049/4049
f 4052/4052 4053/4053 4054/4054
f 4054/4054 4055/4055 4052/4052
f 4054/4054 4053/4053 4078/4078
f 4078/4078 4079/4079 4054/4054
f 4056/4056 4057/4057 4058/4058
f 4058/4058 4059/4059 4056/4056
f 4060/4060 4061/4061 4062/4062
f 4062/4062 4063/4063 4060/4060
f 4064/4064 4065/4065 4066/4066
f 4066/4066 4067/4067 4064/4064
f 4068/4068 4069/4069 4070/4070
f 4070/4070 4071/4071 4068/4068
f 4072/4072 4073/4073 4074/4074
f 4074/4074 4075/4075 4072/4072
f 4080/4080 4081/4081 4082/4082
f 4082/4082 4083/4083 4080/4080
f 4082/4082 4081/4081 4092/4092
f 4092/4092 4093/4093 4082/4082
f 4084/4084 4085/4085 4086/4086
f 4086/4086 4087/4087 4084/4084
f 4088/4088 4089/4089 4090/4090
f 4090/4090 4091/4091 4088/4088
f 4094/4094 4095/4095 4096/4096
f 4096/4096 4097/4097 4094/4094
f 4098/4098 4099/4099 4100/4100
f 4100/4100 4101/4101 4098/4098
f 4134/4134 4099/4099 4098/4098
f 4098/4098 4135/4135 4134/4134
f 4102/4102 4103/4103 4104/4104
f 4104/4104 4105/4105 4102/4102
f 4103/4103 4130/4130 4131/4131
f 4131/4131 4104/4104 4103/4103
f 4106/4106 4107/4107 4108/4108
f 4108/4108 4109/4109 4106/4106
f 4106/4106 4132/4132 4133/4133
f 4133/4133 4107/4107 4106/4106
f 4110/4110 4111/4111 4112/4112
f 4112/4112 4113/4113 4110/4110
f 4114/4114 4115/4115 4116/4116
f 4116/4116 4117/4117 4114/4114
f 4118/4118 4119/4119 4120/4120
f 4120/4120 4121/4121 4118/4118
f 4122/4122 4123/4123 4124/4124
f 4124/4124 4125/4125 4122/4122
f 4126/4126 4127/4127 4128/4128
f 4128/4128 4129/4129 4126/4126
f 4136/4136 4137/4137 4138/4138
f 4138/4138 4139/4139 4136/4136
f 4140/4140 4141/4141 4142/4142
f 4142/4142 4143/4143 4140/4140
f 4144/4144 4145/4145 4146/4146
f 4146/4146 4147/4147 4144/4144
f 4148/4148 4149/4149 4150/4150
f 4150/4150 4151/4151 4148/4148
f 4152/4152 4153/4153 4154/4154
f 4154/4154 4155/4155 4152/4152
f 4156/4156 4157/4157 4158/4158
f 4158/4158 4159/4159 4156/4156
f 4160/4160 4161/4161 4162/4162
f 4162/4162 4163/4163 4160/4160
f 4164/4164 4165/4165 4166/4166
f 4166/4166 4167/4167 4164/4164
f 4168/4168 4169/4169 4170/4170
f 4170/4170 4171/4171 4168/4168
f 4172/4172 4173/4173 4174/4174
f 4174/4174 4175/4175 4172/4172
f 4176/4176 4177/4177 4178/4178
f 4178/4178 4179/4179 4176/4176
f 4180/4180 4181/4181 4182/4182
f 4182/4182 4183/4183 4180/4180
f 4184/4184 4185/4185 4186/4186
f 4186/4186 4187/4187 4184/4184
f 4188/4188 4189/4189 4190/4190
f 4190/4190 4191/4191 4188/4188
f 4192/4192 4193/4193 4194/4194
f 4194/4194 4195/4195 4192/4192
f 4193/4193 4219/4219 4218/4218
f 4218/4218 4194/4194 4193/4193
f 4218/4218 4219/4219 4216/4216
f 4216/4216 4217/4217 4218/4218
f 4196/4196 4197/4197 4198/4198
f 4198/4198 4199/4199 4196/4196
f 4200/4200 4201/4201 4202/4202
f 4202/4202 4203/4203 4200/4200
f 4200/4200 4227/4227 4226/4226
f 4226/4226 4201/4201 4200/4200
f 4201/4201 4226/4226 4240/4240
f 4240/4240 4241/4241 4201/4201
f 4224/4224 4225/4225 4226/4226
f 4226/4226 4227/4227 4224/4224
f 4204/4204 4205/4205 4206/4206
f 4206/4206 4207/4207 4204/4204
f 4208/4208 4209/4209 4210/4210
f 4210/4210 4211/4211 4208/4208
f 4208/4208 4231/4231 4230/4230
f 4230/4230 4209/4209 4208/4208
f 4230/4230 4231/4231 4228/4228
f 4228/4228 4229/4229 4230/4230
f 4212/4212 4213/4213 4214/4214
f 4214/4214 4215/4215 4212/4212
f 4220/4220 4221/4221 4222/4222
f 4222/4222 4223/4223 4220/4220
f 4232/4232 4233/4233 4234/4234
f 4234/4234 4235/4235 4232/4232
f 4236/4236 4237/4237 4238/4238
f 4238/4238 4239/4239 4236/4236
f 4242/4242 4243/4243 4244/4244
f 4244/4244 4245/4245 4242/4242
f 4246/4246 4247/4247 4248/4248
f 4248/4248 4249/4249 4246/4246
f 4250/4250 4251/4251 4252/4252
f 4252/4252 4253/4253 4250/4250
f 4254/4254 4255/4255 4256/4256
f 4256/4256 4257/4257 4254/4254
f 4258/4258 4259/4259 4260/4260
f 4260/4260 4261/4261 4258/4258
f 4262/4262 4263/4263 4264/4264
f 4264/4264 4265/4265 4262/4262
f 4266/4266 4267/4267 4268/4268
f 4268/4268 4269/4269 4266/4266
f 4267/4267 4293/4293 4292/4292
f 4292/4292 4268/4268 4267/4267
f 4292/4292 4293/4293 4290/4290
f 4290/4290 4291/4291 4292/4292
f 4270/4270 4271/4271 4272/4272
f 4272/4272 4273/4273 4270/4270
f 4274/4274 4275/4275 4276/4276
f 4276/4276 4277/4277 4274/4274
f 4274/4274 4301/4301 4300/4300
f 4300/4300 4275/4275 4274/4274
f 4275/4275 4300/4300 4314/4314
f 4314/4314 4315/4315 4275/4275
f 4298/4298 4299/4299 4300/4300
f 4300/4300 4301/4301 4298/4298
f 4278/4278 4279/4279 4280/4280
f 4280/4280 4281/4281 4278/4278
f 4282/4282 4283/4283 4284/4284
f 4284/4284 4285/4285 4282/4282
f 4282/4282 4305/4305 4304/4304
f 4304/4304 4283/4283 4282/4282
f 4304/4304 4305/4305 4302/4302
f 4302/4302 4303/4303 4304/4304
f 4286/4286 4287/4287 4288/4288
f 4288/4288 4289/4289 4286/4286
f 4294/4294 4295/4295 4296/4296
f 4296/4296 4297/4297 4294/4294
f 4306/4306 4307/4307 4308/4308
f 4308/4308 4309/4309 4306/4306
f 4310/4310 4311/4311 4312/4312
f 4312/4312 4313/4313 4310/4310
f 4316/4316 4317/4317 4318/4318
f 4318/4318 4319/4319 4316/4316
f 4320/4320 4321/4321 4322/4322
f 4322/4322 4323/4323 4320/4320
f 4320/4320 4323/4323 4328/4328
f 4328/4328 4329/4329 4320/4320
f 4324/4324 4325/4325 4326/4326
f 4326/4326 4327/4327 4324/4324
f 4330/4330 4331/4331 4332/4332
f 4332/4332 4333/4333 4330/4330
f 4334/4334 4335/4335 4336/4336
f 4336/4336 4337/4337 4334/4334
f 4338/4338 4339/4339 4340/4340
f 4340/4340 4341/4341 4338/4338
f 4339/4339 4338/4338 4342/4342
f 4342/4342 4343/4343 4339/4339
f 4341/4341 4340/4340 4372/4372
f 4340/4340 4370/4370 4372/4372
f 4370/4370 4369/4369 4372/4372
f 4369/4369 4370/4370 4367/4367
f 4370/4370 4378/4378 4375/4375
f 4375/4375 4367/4367 4370/4370
f 4367/4367 4371/4371 4369/4369
f 4371/4371 4367/4367 4374/4374
f 4367/4367 4366/4366 4374/4374
f 4366/4366 4367/4367 4368/4368
f 4441/4441 4442/4442 4368/4368
f 4367/4367 4441/4441 4368/4368
f 4367/4367 4377/4377 4441/4441
f 4443/4443 4441/4441 4377/4377
f 4377/4377 4440/4440 4443/4443
f 4373/4373 4440/4440 4377/4377
f 4373/4373 4364/4364 4365/4365
f 4377/4377 4364/4364 4373/4373
f 4364/4364 4360/4360 4363/4363
f 4363/4363 4365/4365 4364/4364
f 4377/4377 4386/4386 4364/4364
f 4360/4360 4361/4361 4362/4362
f 4362/4362 4363/4363 4360/4360
f 4377/4377 4383/4383 4386/4386
f 4376/4376 4382/4382 4383/4383
f 4383/4383 4377/4377 4376/4376
f 4376/4376 4377/4377 4367/4367
f 4367/4367 4375/4375 4376/4376
f 4376/4376 4375/4375 4475/4475
f 4478/4478 4475/4475 4375/4375
f 4375/4375 4378/4378 4478/4478
f 4475/4475 4478/4478 4476/4476
f 4447/4447 4479/4479 4478/4478
f 4478/4478 4479/4479 4476/4476
f 4476/4476 4477/4477 4475/4475
f 4477/4477 4481/4481 4475/4475
f 4475/4475 4481/4481 4473/4473
f 4473/4473 4474/4474 4475/4475
f 4539/4539 4474/4474 4540/4540
f 4475/4475 4474/4474 4539/4539
f 4475/4475 4539/4539 4482/4482
f 4482/4482 4539/4539 4541/4541
f 4541/4541 4538/4538 4482/4482
f 4482/4482 4538/4538 4480/4480
f 4480/4480 4472/4472 4471/4471
f 4480/4480 4471/4471 4482/4482
f 4471/4471 4472/4472 4470/4470
f 4470/4470 4469/4469 4471/4471
f 4482/4482 4471/4471 4488/4488
f 4469/4469 4470/4470 4467/4467
f 4467/4467 4468/4468 4469/4469
f 4482/4482 4488/4488 4486/4486
f 4486/4486 4487/4487 4376/4376
f 4376/4376 4482/4482 4486/4486
f 4475/4475 4482/4482 4376/4376
f 4446/4446 4479/4479 4447/4447
f 4445/4445 4446/4446 4447/4447
f 4447/4447 4448/4448 4445/4445
f 4449/4449 4445/4445 4448/4448
f 4448/4448 4450/4450 4449/4449
f 4344/4344 4345/4345 4346/4346
f 4346/4346 4347/4347 4344/4344
f 4348/4348 4349/4349 4350/4350
f 4350/4350 4351/4351 4348/4348
f 4349/4349 4348/4348 4352/4352
f 4352/4352 4353/4353 4349/4349
f 4354/4354 4355/4355 4356/4356
f 4356/4356 4357/4357 4354/4354
f 4358/4358 4354/4354 4357/4357
f 4357/4357 4359/4359 4358/4358
f 4379/4379 4380/4380 4381/4381
f 4435/4435 4379/4379 4381/4381
f 4380/4380 4384/4384 4385/4385
f 4385/4385 4381/4381 4380/4380
f 4385/4385 4384/4384 4485/4485
f 4485/4485 4484/4484 4385/4385
f 4483/4483 4484/4484 4485/4485
f 4533/4533 4484/4484 4483/4483
f 4387/4387 4388/4388 4389/4389
f 4396/4396 4388/4388 4387/4387
f 4389/4389 4388/4388 4390/4390
f 4390/4390 4391/4391 4389/4389
f 4400/4400 4391/4391 4390/4390
f 4390/4390 4392/4392 4400/4400
f 4392/4392 4390/4390 4393/4393
f 4393/4393 4390/4390 4397/4397
f 4397/4397 4390/4390 4398/4398
f 4398/4398 4399/4399 4397/4397
f 4397/4397 4399/4399 4406/4406
f 4497/4497 4498/4498 4398/4398
f 4398/4398 4390/4390 4497/4497
f 4493/4493 4497/4497 4390/4390
f 4497/4497 4505/4505 4498/4498
f 4498/4498 4505/4505 4534/4534
f 4490/4490 4491/4491 4390/4390
f 4390/4390 4388/4388 4490/4490
f 4492/4492 4493/4493 4390/4390
f 4390/4390 4491/4491 4499/4499
f 4499/4499 4492/4492 4390/4390
f 4489/4489 4490/4490 4388/4388
f 4496/4496 4489/4489 4388/4388
f 4388/4388 4501/4501 4496/4496
f 4500/4500 4501/4501 4388/4388
f 4388/4388 4542/4542 4500/4500
f 4388/4388 4495/4495 4542/4542
f 4494/4494 4495/4495 4388/4388
f 4388/4388 4503/4503 4494/4494
f 4502/4502 4503/4503 4504/4504
f 4503/4503 4388/4388 4434/4434
f 4434/4434 4504/4504 4503/4503
f 4434/4434 4388/4388 4405/4405
f 4405/4405 4404/4404 4434/4434
f 4403/4403 4404/4404 4405/4405
f 4388/4388 4394/4394 4405/4405
f 4394/4394 4388/4388 4395/4395
f 4388/4388 4444/4444 4395/4395
f 4388/4388 4401/4401 4444/4444
f 4401/4401 4388/4388 4402/4402
f 4388/4388 4396/4396 4402/4402
f 4399/4399 4436/4436 4406/4406
f 4407/4407 4408/4408 4409/4409
f 4409/4409 4410/4410 4407/4407
f 4408/4408 4407/4407 4411/4411
f 4411/4411 4412/4412 4408/4408
f 4413/4413 4414/4414 4415/4415
f 4415/4415 4416/4416 4413/4413
f 4414/4414 4413/4413 4417/4417
f 4417/4417 4418/4418 4414/4414
f 4419/4419 4420/4420 4421/4421
f 4422/4422 4423/4423 4424/4424
f 4424/4424 4425/4425 4422/4422
f 4426/4426 4422/4422 4425/4425
f 4425/4425 4427/4427 4426/4426
f 4428/4428 4429/4429 4430/4430
f 4430/4430 4431/4431 4428/4428
f 4432/4432 4428/4428 4431/4431
f 4431/4431 4433/4433 4432/4432
f 4437/4437 4438/4438 4439/4439
f 4451/4451 4452/4452 4453/4453
f 4453/4453 4454/4454 4451/4451
f 4455/4455 4456/4456 4457/4457
f 4457/4457 4458/4458 4455/4455
f 4459/4459 4455/4455 4458/4458
f 4458/4458 4460/4460 4459/4459
f 4461/4461 4462/4462 4463/4463
f 4463/4463 4464/4464 4461/4461
f 4464/4464 4463/4463 4465/4465
f 4465/4465 4466/4466 4464/4464
f 4506/4506 4507/4507 4508/4508
f 4508/4508 4509/4509 4506/4506
f 4510/4510 4506/4506 4509/4509
f 4509/4509 4511/4511 4510/4510
f 4512/4512 4513/4513 4514/4514
f 4514/4514 4515/4515 4512/4512
f 4516/4516 4512/4512 4515/4515
f 4515/4515 4517/4517 4516/4516
f 4518/4518 4519/4519 4520/4520
f 4521/4521 4522/4522 4523/4523
f 4523/4523 4524/4524 4521/4521
f 4524/4524 4523/4523 4525/4525
f 4525/4525 4526/4526 4524/4524
f 4527/4527 4528/4528 4529/4529
f 4529/4529 4530/4530 4527/4527
f 4530/4530 4529/4529 4531/4531
f 4531/4531 4532/4532 4530/4530
f 4535/4535 4536/4536 4537/4537
f 4543/4543 4544/4544 4545/4545
f 4545/4545 4546/4546 4543/4543
f 4544/4544 4569/4569 4570/4570
f 4570/4570 4545/4545 4544/4544
f 4569/4569 4588/4588 4587/4587
f 4587/4587 4570/4570 4569/4569
f 4587/4587 4588/4588 4585/4585
f 4585/4585 4586/4586 4587/4587
f 4547/4547 4548/4548 4549/4549
f 4549/4549 4550/4550 4547/4547
f 4551/4551 4552/4552 4553/4553
f 4553/4553 4554/4554 4551/4551
f 4553/4553 4552/4552 4571/4571
f 4571/4571 4572/4572 4553/4553
f 4572/4572 4571/4571 4591/4591
f 4591/4591 4592/4592 4572/4572
f 4555/4555 4556/4556 4557/4557
f 4557/4557 4558/4558 4555/4555
f 4559/4559 4560/4560 4561/4561
f 4561/4561 4562/4562 4559/4559
f 4568/4568 4559/4559 4562/4562
f 4562/4562 4567/4567 4568/4568
f 4590/4590 4568/4568 4567/4567
f 4567/4567 4589/4589 4590/4590
f 4563/4563 4564/4564 4565/4565
f 4565/4565 4566/4566 4563/4563
f 4566/4566 4565/4565 4581/4581
f 4581/4581 4584/4584 4566/4566
f 4581/4581 4582/4582 4583/4583
f 4583/4583 4584/4584 4581/4581
f 4573/4573 4574/4574 4575/4575
f 4575/4575 4576/4576 4573/4573
f 4577/4577 4578/4578 4579/4579
f 4579/4579 4580/4580 4577/4577
f 4593/4593 4594/4594 4595/4595
f 4595/4595 4596/4596 4593/4593
f 4595/4595 4594/4594 4609/4609
f 4609/4609 4610/4610 4595/4595
f 4609/4609 4617/4617 4618/4618
f 4618/4618 4619/4619 4609/4609
f 4609/4609 4619/4619 4610/4610
f 4597/4597 4598/4598 4599/4599
f 4599/4599 4600/4600 4597/4597
f 4599/4599 4598/4598 4611/4611
f 4611/4611 4612/4612 4599/4599
f 4612/4612 4611/4611 4629/4629
f 4629/4629 4630/4630 4612/4612
f 4601/4601 4602/4602 4603/4603
f 4603/4603 4604/4604 4601/4601
f 4602/4602 4613/4613 4614/4614
f 4614/4614 4603/4603 4602/4602
f 4613/4613 4624/4624 4614/4614
f 4626/4626 4614/4614 4624/4624
f 4624/4624 4625/4625 4626/4626
f 4605/4605 4606/4606 4607/4607
f 4607/4607 4608/4608 4605/4605
f 4606/4606 4615/4615 4616/4616
f 4616/4616 4607/4607 4606/4606
f 4615/4615 4627/4627 4628/4628
f 4628/4628 4616/4616 4615/4615
f 4620/4620 4621/4621 4622/4622
f 4622/4622 4623/4623 4620/4620
f 4631/4631 4632/4632 4633/4633
f 4633/4633 4634/4634 4631/4631
f 4633/4633 4647/4647 4648/4648
f 4648/4648 4634/4634 4633/4633
f 4648/4648 4647/4647 4655/4655
f 4648/4648 4655/4655 4656/4656
f 4656/4656 4657/4657 4648/4648
f 4635/4635 4636/4636 4637/4637
f 4637/4637 4638/4638 4635/4635
f 4637/4637 4649/4649 4650/4650
f 4650/4650 4638/4638 4637/4637
f 4649/4649 4667/4667 4668/4668
f 4668/4668 4650/4650 4649/4649
f 4639/4639 4640/4640 4641/4641
f 4641/4641 4642/4642 4639/4639
f 4642/4642 4641/4641 4651/4651
f 4651/4651 4652/4652 4642/4642
f 4662/4662 4651/4651 4663/4663
f 4652/4652 4651/4651 4662/4662
f 4663/4663 4664/4664 4662/4662
f 4643/4643 4644/4644 4645/4645
f 4645/4645 4646/4646 4643/4643
f 4646/4646 4645/4645 4653/4653
f 4653/4653 4654/4654 4646/4646
f 4654/4654 4653/4653 4665/4665
f 4665/4665 4666/4666 4654/4654
f 4658/4658 4659/4659 4660/4660
f 4660/4660 4661/4661 4658/4658
f 4669/4669 4670/4670 4671/4671
f 4671/4671 4672/4672 4669/4669
f 4673/4673 4674/4674 4675/4675
f 4675/4675 4676/4676 4673/4673
f 4673/4673 4677/4677 4674/4674
f 4677/4677 4748/4748 4674/4674
f 4678/4678 4679/4679 4680/4680
f 4693/4693 4678/4678 4680/4680
f 4692/4692 4693/4693 4680/4680
f 4692/4692 4749/4749 4693/4693
f 4699/4699 4692/4692 4700/4700
f 4692/4692 4699/4699 4749/4749
f 4681/4681 4682/4682 4683/4683
f 4681/4681 4683/4683 4750/4750
f 4681/4681 4750/4750 4695/4695
f 4694/4694 4681/4681 4695/4695
f 4694/4694 4695/4695 4696/4696
f 4694/4694 4696/4696 4701/4701
f 4684/4684 4685/4685 4686/4686
f 4686/4686 4687/4687 4684/4684
f 4688/4688 4689/4689 4690/4690
f 4690/4690 4691/4691 4688/4688
f 4689/4689 4697/4697 4698/4698
f 4698/4698 4690/4690 4689/4689
f 4702/4702 4703/4703 4704/4704
f 4703/4703 4751/4751 4704/4704
f 4705/4705 4706/4706 4707/4707
f 4707/4707 4708/4708 4705/4705
f 4709/4709 4710/4710 4711/4711
f 4711/4711 4712/4712 4709/4709
f 4709/4709 4713/4713 4710/4710
f 4713/4713 4752/4752 4710/4710
f 4714/4714 4715/4715 4716/4716
f 4729/4729 4714/4714 4716/4716
f 4728/4728 4729/4729 4716/4716
f 4728/4728 4753/4753 4729/4729
f 4735/4735 4728/4728 4736/4736
f 4728/4728 4735/4735 4753/4753
f 4717/4717 4718/4718 4719/4719
f 4717/4717 4719/4719 4754/4754
f 4717/4717 4754/4754 4731/4731
f 4730/4730 4717/4717 4731/4731
f 4730/4730 4731/4731 4732/4732
f 4730/4730 4732/4732 4737/4737
f 4720/4720 4721/4721 4722/4722
f 4722/4722 4723/4723 4720/4720
f 4724/4724 4725/4725 4726/4726
f 4726/4726 4727/4727 4724/4724
f 4725/4725 4733/4733 4734/4734
f 4734/4734 4726/4726 4725/4725
f 4738/4738 4739/4739 4740/4740
f 4739/4739 4755/4755 4740/4740
o wagon-body
usemtl glass-37
v -0.6181596 0.9092477 -0.8707921
v -0.8578462 0.9107195 -0.6672300
v -0.5915267 1.1261207 -0.3545229
v -0.3769118 1.1263436 -0.5308400
v -1.1336781 0.9101324 -0.3717101
v -0.8408141 1.1222615 -0.0971312
v -0.5796426 1.2935649 0.1413318
v -0.3459068 1.2988833 -0.0649883
v -0.1508473 1.2993027 -0.2122837
v -0.1396280 1.1261207 -0.6752141
v -0.3468820 0.9107196 -1.0298375
v 0.1856311 1.1222616 -0.8255510
v 0.0231310 0.9101324 -1.1926427
v 0.0525855 1.2988833 -0.3477795
v 0.3245022 1.2935650 -0.5002971
v -0.8408141 1.1222615 -0.0971312
v -0.8408886 1.1173480 -0.0930279
v -0.5772292 1.2905781 0.1477081
v -0.5796426 1.2935649 0.1413318
v -1.1336781 0.9101324 -0.3717101
v -1.1348200 0.9047391 -0.3685298
v -0.5796426 1.2935649 0.1413318
v -0.5772292 1.2905781 0.1477081
v -0.3416170 1.2953613 -0.0600082
v -0.3459068 1.2988833 -0.0649883
v -0.1470536 1.2957157 -0.2069375
v -0.1508473 1.2993027 -0.2122837
v 0.1856311 1.1222616 -0.8255510
v 0.3245022 1.2935650 -0.5002971
v 0.3297244 1.2905782 -0.4959139
v 0.1895289 1.1173481 -0.8242662
v 0.0231310 0.9101324 -1.1926427
v 0.0265103 0.9047390 -1.1926710
v 0.3245022 1.2935650 -0.5002971
v 0.0525855 1.2988833 -0.3477795
v 0.0558703 1.2953613 -0.3420863
v 0.3297244 1.2905782 -0.4959139
v 0.8787869 1.1043824 1.6726663
v 0.9786683 0.9149612 1.8351402
v 1.1984437 0.9150559 1.6890568
v 1.0881646 1.1076916 1.5336585
v 0.7209052 0.9151576 1.9658383
v 0.6211466 1.0951662 1.8165803
v 0.7177671 0.9095972 1.9654095
v 0.7209052 0.9151576 1.9658383
v 0.6211466 1.0951662 1.8165803
v 0.6192423 1.0896587 1.8177388
v 0.1553337 1.0907875 1.3965984
v 0.0862055 0.9143016 1.4165738
v 0.2296327 0.9143500 1.5963472
v 0.3270582 1.0831049 1.6227189
v 0.5098618 1.0656423 1.8161075
v 0.5180614 0.9143972 1.8921166
v 0.5471702 0.9751840 1.8939355
v 0.0410558 1.0913460 1.2460491
v -0.0061597 0.9160624 1.2978529
v 0.4432452 1.2223484 1.6684328
v 0.4020799 1.2414484 1.6104247
v 0.2317116 1.2609681 1.3704392
v 0.1005211 1.2666298 1.1855520
v 0.7814050 1.2633763 1.5172044
v 0.9769730 1.2693824 1.3769740
v 0.5223110 1.2462397 1.6767844
v 0.5173300 1.2454355 1.6735910
v 0.5223110 1.2462397 1.6767844
v 0.9769730 1.2693824 1.3769740
v 0.9734326 1.2677776 1.3718559
v 0.7781445 1.2617524 1.5118738
v 0.7814050 1.2633763 1.5172044
v 0.5173300 1.2454355 1.6735910
v 0.5223110 1.2462397 1.6767844
v 0.9786683 0.9149612 1.8351402
v 0.9777984 0.9092507 1.8336691
v 1.1974389 0.9093276 1.6876410
v 1.1984437 0.9150559 1.6890568
v 0.7209052 0.9151576 1.9658383
v 0.7177671 0.9095972 1.9654095
v 1.2885020 1.1043824 1.3819110
v 1.4088924 0.9149612 1.5298308
v 1.6173594 0.9151576 1.3296675
v 1.5094033 1.0951662 1.1862268
v 1.5094033 1.0951662 1.1862268
v 1.6173594 0.9151576 1.3296675
v 1.6179906 0.9095972 1.3265642
v 1.5111256 1.0896587 1.1848119
v 1.2667495 1.0907874 0.6078792
v 1.4234997 1.0831048 0.8446264
v 1.4307703 0.9143499 0.7439570
v 1.3084264 0.9143015 0.5492219
v 1.5456960 1.0656422 1.0810253
v 1.6147367 0.9143970 1.1138586
v 1.6068436 0.9751839 1.1419356
v 1.1623678 1.0913459 0.4503070
v 1.2268555 0.9160623 0.4228409
v 1.4282935 1.2223483 0.9693909
v 1.3871278 1.2414483 0.9113827
v 1.2168422 1.2609680 0.6713389
v 1.0856317 1.2666297 0.4864661
v 1.1739054 1.2633763 1.2386654
v 1.4100744 1.2462396 1.0467810
v 1.4087044 1.2454353 1.0410246
v 1.4100744 1.2462396 1.0467810
v 0.9769730 1.2693824 1.3769740
v 1.1739054 1.2633763 1.2386654
v 1.1699501 1.2617524 1.2338281
v 0.9733111 1.2677776 1.3719421
v 1.4100744 1.2462396 1.0467810
v 1.4087044 1.2454353 1.0410246
v 1.4088924 0.9149612 1.5298308
v 1.4077905 0.9092507 1.5285242
v 1.6173594 0.9151576 1.3296675
v 1.6179906 0.9095972 1.3265642
v -0.0007595 1.0904693 1.1896322
v -0.1935721 1.1041395 0.9343564
v -0.2523965 0.9114712 0.9726666
v -0.1270077 0.9126900 1.1381567
v 0.0599788 1.2675623 1.1291420
v -0.1128650 1.2678287 0.8873912
v -0.2936600 1.2681970 0.6334515
v -0.3931062 1.1136349 0.6456443
v -0.4879713 0.9093585 0.6503884
v -0.5097482 1.2686796 0.3261463
v -0.6415286 1.1129807 0.2955717
v -0.4574422 1.1153158 0.5536356
v -0.3470403 1.2682605 0.5580158
v -0.9824979 0.9042873 -0.0611463
v -0.7671340 0.9065455 0.2576673
v -0.9283212 1.0290062 -0.0710172
v -0.5745541 0.9087142 0.5295552
v -0.5571119 1.2667988 0.2584292
v -0.0492485 0.9133760 1.2414291
v 1.1229187 1.0904692 0.3922109
v 1.1160087 0.9126900 0.2560468
v 1.0011922 0.9114712 0.0830546
v 0.9456094 1.1041395 0.1259330
v 0.8746340 1.2678287 0.1866108
v 1.0457685 1.2675622 0.4295737
v 0.6946184 1.2681970 -0.0678826
v 0.7389580 1.1136349 -0.1577280
v 0.7747544 0.9093585 -0.2457079
v 0.4758809 1.2686796 -0.3733075
v 0.6410349 1.2682605 -0.1431738
v 0.6733475 1.1153158 -0.2488320
v 0.4905256 1.1129807 -0.5077932
v 0.2663734 0.9042872 -0.9474112
v 0.2391702 1.0290062 -0.8995304
v 0.4962132 0.9065455 -0.6388700
v 0.6892800 0.9087142 -0.3673277
v 0.4275965 1.2667988 -0.4403716
v 0.2941644 1.1107908 -0.7709438
v 0.3940327 1.2520425 -0.4993402
v 1.1878196 0.9133759 0.3635405
v -0.8250997 1.1107908 0.0233442
v -0.6016933 1.2520425 0.2072793
vt 0.0092405 0.2358372
vt 0.0139764 0.1786222
vt 0.0951204 0.1853787
vt 0.0916991 0.2358781
vt 0.0279399 0.1074217
vt 0.1067227 0.1222942
vt 0.1743884 0.1376205
vt 0.1679409 0.1923966
vt 0.1665573 0.2359046
vt 0.0950526 0.2863900
vt 0.0139082 0.2930095
vt 0.1065439 0.3494846
vt 0.0276995 0.3641737
vt 0.1678660 0.2794206
vt 0.1742591 0.3342168
vt 0.1067227 0.1222942
vt 0.1070291 0.1208876
vt 0.1754465 0.1368336
vt 0.1743884 0.1376205
vt 0.0279399 0.1074217
vt 0.0281053 0.1059678
vt 0.1743884 0.1376205
vt 0.1754465 0.1368336
vt 0.1692182 0.1923567
vt 0.1679409 0.1923966
vt 0.1678100 0.2359150
vt 0.1665573 0.2359046
vt 0.1065439 0.3494846
vt 0.1742591 0.3342168
vt 0.1753118 0.3350207
vt 0.1068303 0.3508788
vt 0.0276995 0.3641737
vt 0.0278549 0.3656078
vt 0.1742591 0.3342168
vt 0.1678660 0.2794206
vt 0.1691451 0.2794814
vt 0.1753118 0.3350207
vt 0.2313590 0.2788393
vt 0.1843006 0.2811505
vt 0.1842632 0.2349694
vt 0.2315947 0.2349110
vt 0.1898725 0.3315894
vt 0.2344422 0.3305257
vt 0.5969130 0.4323711
vt 0.5968248 0.4337845
vt 0.5968248 0.4337845
vt 0.5969130 0.4323711
vt 0.4685612 0.0566453
vt 0.4617923 0.0062757
vt 0.5273251 0.0062895
vt 0.5495551 0.0544526
vt 0.6247605 0.0494688
vt 0.6438061 0.0063029
vt 0.6490375 0.0236517
vt 0.4146451 0.0568047
vt 0.4189038 0.0067782
vt 0.5793859 0.0941931
vt 0.5590851 0.0996444
vt 0.4750881 0.1052153
vt 0.4103864 0.1068312
vt 0.2738804 0.2768319
vt 0.2742136 0.2348977
vt 0.2744391 0.3304039
vt 0.5969130 0.4323711
vt 0.5968248 0.4337845
vt 0.2742136 0.2348977
vt 0.2751955 0.2345733
vt 0.2749661 0.2768059
vt 0.2738804 0.2768319
vt 0.2752743 0.3308210
vt 0.2744391 0.3304039
vt 0.1843006 0.2811505
vt 0.1833427 0.2811841
vt 0.1833233 0.2349729
vt 0.1842632 0.2349694
vt 0.1898725 0.3315894
vt 0.1889857 0.3321251
vt 0.2313002 0.1909947
vt 0.1842162 0.1887923
vt 0.1896754 0.1383451
vt 0.2342599 0.1393136
vt 0.5968248 0.4337845
vt 0.5968248 0.4337845
vt 0.5969130 0.4323711
vt 0.5969130 0.4323711
vt 0.4685612 0.0566453
vt 0.5495551 0.0544526
vt 0.5273251 0.0062895
vt 0.4617923 0.0062757
vt 0.6247605 0.0494688
vt 0.6438061 0.0063029
vt 0.6490375 0.0236517
vt 0.4146451 0.0568047
vt 0.4189038 0.0067782
vt 0.5793859 0.0941931
vt 0.5590851 0.0996444
vt 0.4750881 0.1052153
vt 0.4103864 0.1068312
vt 0.2738469 0.1929495
vt 0.2742590 0.1393623
vt 0.5969130 0.4323711
vt 0.5968248 0.4337845
vt 0.2742136 0.2348977
vt 0.2738469 0.1929495
vt 0.2749391 0.1929717
vt 0.2751734 0.2352102
vt 0.2742590 0.1393623
vt 0.2750865 0.1389501
vt 0.1842162 0.1887923
vt 0.1832545 0.1887632
vt 0.1896754 0.1383451
vt 0.1887832 0.1378111
vt 0.4114106 0.0570655
vt 0.3209850 0.0609312
vt 0.3201930 0.0064477
vt 0.3788782 0.0067924
vt 0.4074009 0.1071446
vt 0.3233625 0.1072200
vt 0.2352118 0.1073241
vt 0.2191687 0.0636164
vt 0.2009787 0.0058502
vt 0.1571912 0.1078513
vt 0.1311813 0.0622687
vt 0.2150115 0.0626155
vt 0.2294795 0.1073555
vt 0.0064303 0.0066424
vt 0.1045768 0.0058989
vt 0.0124791 0.0408657
vt 0.1982456 0.0060606
vt 0.1361027 0.1075446
vt 0.4154203 0.0069863
vt 0.4114106 0.0570655
vt 0.3788782 0.0067924
vt 0.3201930 0.0064477
vt 0.3209850 0.0609312
vt 0.3233625 0.1072200
vt 0.4074009 0.1071446
vt 0.2352118 0.1073241
vt 0.2191687 0.0636164
vt 0.2009787 0.0058502
vt 0.1571912 0.1078513
vt 0.2294795 0.1073555
vt 0.2150115 0.0626155
vt 0.1311813 0.0622687
vt 0.0064303 0.0066424
vt 0.0124791 0.0408657
vt 0.1045768 0.0058989
vt 0.1982456 0.0060606
vt 0.1361027 0.1075446
vt 0.0474246 0.0628707
vt 0.1188584 0.1034596
vt 0.4154203 0.0069863
vt 0.0474246 0.0628707
vt 0.1188584 0.1034596
f 4756/4756 4757/4757 4758/4758
f 4758/4758 4759/4759 4756/4756
f 4756/4756 4759/4759 4765/4765
f 4765/4765 4766/4766 4756/4756
f 4757/4757 4760/4760 4761/4761
f 4761/4761 4758/4758 4757/4757
f 4758/4758 4761/4761 4762/4762
f 4762/4762 4763/4763 4758/4758
f 4758/4758 4763/4763 4764/4764
f 4764/4764 4759/4759 4758/4758
f 4765/4765 4759/4759 4764/4764
f 4764/4764 4769/4769 4765/4765
f 4765/4765 4769/4769 4770/4770
f 4770/4770 4767/4767 4765/4765
f 4766/4766 4765/4765 4767/4767
f 4767/4767 4768/4768 4766/4766
f 4771/4771 4772/4772 4773/4773
f 4773/4773 4774/4774 4771/4771
f 4772/4772 4771/4771 4775/4775
f 4775/4775 4776/4776 4772/4772
f 4777/4777 4778/4778 4779/4779
f 4779/4779 4780/4780 4777/4777
f 4780/4780 4779/4779 4781/4781
f 4781/4781 4782/4782 4780/4780
f 4790/4790 4782/4782 4781/4781
f 4781/4781 4791/4791 4790/4790
f 4789/4789 4790/4790 4791/4791
f 4791/4791 4792/4792 4789/4789
f 4783/4783 4784/4784 4785/4785
f 4785/4785 4786/4786 4783/4783
f 4787/4787 4783/4783 4786/4786
f 4786/4786 4788/4788 4787/4787
f 4793/4793 4794/4794 4795/4795
f 4795/4795 4796/4796 4793/4793
f 4797/4797 4794/4794 4793/4793
f 4793/4793 4798/4798 4797/4797
f 4816/4816 4793/4793 4796/4796
f 4798/4798 4793/4793 4816/4816
f 4833/4833 4796/4796 4795/4795
f 4795/4795 4834/4834 4833/4833
f 4796/4796 4817/4817 4816/4816
f 4854/4854 4817/4817 4796/4796
f 4796/4796 4833/4833 4854/4854
f 4816/4816 4818/4818 4798/4798
f 4854/4854 4833/4833 4836/4836
f 4836/4836 4855/4855 4854/4854
f 4833/4833 4834/4834 4835/4835
f 4835/4835 4836/4836 4833/4833
f 4799/4799 4800/4800 4801/4801
f 4801/4801 4802/4802 4799/4799
f 4819/4819 4802/4802 4801/4801
f 4801/4801 4820/4820 4819/4819
f 4803/4803 4804/4804 4805/4805
f 4805/4805 4806/4806 4803/4803
f 4804/4804 4803/4803 4810/4810
f 4814/4814 4803/4803 4806/4806
f 4803/4803 4814/4814 4815/4815
f 4815/4815 4810/4810 4803/4803
f 4810/4810 4811/4811 4804/4804
f 4806/4806 4813/4813 4814/4814
f 4807/4807 4806/4806 4805/4805
f 4807/4807 4812/4812 4806/4806
f 4806/4806 4812/4812 4813/4813
f 4805/4805 4808/4808 4807/4807
f 4809/4809 4807/4807 4808/4808
f 4821/4821 4822/4822 4823/4823
f 4823/4823 4824/4824 4821/4821
f 4824/4824 4823/4823 4825/4825
f 4825/4825 4826/4826 4824/4824
f 4827/4827 4828/4828 4829/4829
f 4829/4829 4830/4830 4827/4827
f 4828/4828 4827/4827 4831/4831
f 4831/4831 4832/4832 4828/4828
f 4864/4864 4830/4830 4829/4829
f 4829/4829 4865/4865 4864/4864
f 4866/4866 4864/4864 4865/4865
f 4865/4865 4867/4867 4866/4866
f 4837/4837 4838/4838 4839/4839
f 4839/4839 4840/4840 4837/4837
f 4856/4856 4857/4857 4837/4837
f 4837/4837 4840/4840 4856/4856
f 4841/4841 4842/4842 4843/4843
f 4843/4843 4844/4844 4841/4841
f 4848/4848 4841/4841 4844/4844
f 4842/4842 4841/4841 4852/4852
f 4841/4841 4848/4848 4853/4853
f 4853/4853 4852/4852 4841/4841
f 4845/4845 4846/4846 4843/4843
f 4843/4843 4842/4842 4845/4845
f 4847/4847 4846/4846 4845/4845
f 4845/4845 4842/4842 4850/4850
f 4842/4842 4851/4851 4850/4850
f 4852/4852 4851/4851 4842/4842
f 4844/4844 4849/4849 4848/4848
f 4858/4858 4859/4859 4860/4860
f 4860/4860 4861/4861 4858/4858
f 4859/4859 4862/4862 4863/4863
f 4863/4863 4860/4860 4859/4859
f 4868/4868 4869/4869 4870/4870
f 4870/4870 4871/4871 4868/4868
f 4869/4869 4868/4868 4872/4872
f 4871/4871 4886/4886 4868/4868
f 4875/4875 4876/4876 4870/4870
f 4870/4870 4869/4869 4875/4875
f 4874/4874 4875/4875 4869/4869
f 4872/4872 4873/4873 4869/4869
f 4869/4869 4873/4873 4874/4874
f 4877/4877 4878/4878 4879/4879
f 4879/4879 4880/4880 4877/4877
f 4885/4885 4878/4878 4877/4877
f 4884/4884 4879/4879 4878/4878
f 4878/4878 4882/4882 4884/4884
f 4882/4882 4878/4878 4908/4908
f 4885/4885 4908/4908 4878/4878
f 4885/4885 4909/4909 4908/4908
f 4882/4882 4908/4908 4883/4883
f 4881/4881 4882/4882 4883/4883
f 4887/4887 4888/4888 4889/4889
f 4889/4889 4890/4890 4887/4887
f 4892/4892 4887/4887 4890/4890
f 4888/4888 4887/4887 4907/4907
f 4894/4894 4890/4890 4889/4889
f 4889/4889 4895/4895 4894/4894
f 4890/4890 4891/4891 4892/4892
f 4893/4893 4891/4891 4890/4890
f 4890/4890 4894/4894 4893/4893
f 4896/4896 4897/4897 4898/4898
f 4898/4898 4899/4899 4896/4896
f 4904/4904 4896/4896 4899/4899
f 4899/4899 4898/4898 4903/4903
f 4903/4903 4902/4902 4899/4899
f 4905/4905 4899/4899 4902/4902
f 4904/4904 4899/4899 4905/4905
f 4904/4904 4905/4905 4906/4906
f 4901/4901 4905/4905 4902/4902
f 4900/4900 4901/4901 4902/4902
o wagon-body
usemtl optics-38
v -1.6669389 0.6589846 -1.0720316
v -1.6862897 0.6607323 -1.1452126
v -1.6718084 0.5774700 -1.0965821
v -1.6904944 0.6579192 -1.2213484
v -1.6896426 0.5775529 -1.2264883
v -1.6854712 0.6571288 -1.2251500
v -1.6901603 0.6576611 -1.2294026
v -1.6893714 0.5775524 -1.2342686
v -1.6811335 0.5714534 -1.2303073
v -1.6805048 0.7222999 -1.2139694
v -1.6854712 0.6571288 -1.2251500
v -1.6904944 0.6579192 -1.2213484
v -1.6865045 0.7201201 -1.2108187
v -1.6805048 0.7222999 -1.2139694
v -1.6861175 0.7196955 -1.2190767
v -1.6811335 0.5714534 -1.2303073
v -1.6896426 0.5775529 -1.2264883
v -1.6893714 0.5775524 -1.2342686
v -1.6046206 0.5775509 -1.3833791
v -1.5286529 0.5704739 -1.5041287
v -1.6811335 0.5714534 -1.2303073
v -1.6896426 0.5775529 -1.2264883
v -1.6811335 0.5714534 -1.2303073
v -1.6654487 0.5708792 -1.0964885
v -1.6718084 0.5774700 -1.0965821
v -1.6893714 0.5775524 -1.2342686
v -1.6901603 0.6576611 -1.2294026
v -1.6090929 0.6558194 -1.3689721
v -1.6046206 0.5775509 -1.3833791
v -1.6861175 0.7196955 -1.2190767
v -1.6078595 0.7119992 -1.3565716
v -1.6865045 0.7201201 -1.2108187
v -1.6789858 0.7210880 -1.1399173
v -1.6629614 0.7042251 -1.0723455
v -1.6627807 0.6835841 -1.0679797
v -1.6678897 0.7219029 -1.1017891
v -1.6650203 0.7174136 -1.0866672
v -1.6718084 0.5774700 -1.0965821
v -1.6654487 0.5708792 -1.0964885
v -1.6618719 0.6587198 -1.0697651
v -1.6669389 0.6589846 -1.0720316
v -1.5489397 0.6544529 -1.4725348
v -1.5430952 0.6540246 -1.4740120
v -1.5286529 0.5704739 -1.5041287
v -1.5370258 0.5775498 -1.5023036
v -1.5539137 0.6725363 -1.4595954
v -1.5486029 0.6745226 -1.4595245
v -1.6861175 0.7196955 -1.2190767
v -1.6805048 0.7222999 -1.2139694
v -1.6036089 0.7150249 -1.3544005
v -1.6078595 0.7119992 -1.3565716
v -1.5872719 0.7120614 -1.3834400
v -1.5916684 0.7090621 -1.3853530
v -1.5715622 0.7049660 -1.4123873
v -1.5762441 0.7020955 -1.4137752
v -1.5579053 0.6913166 -1.4393528
v -1.5629131 0.6887730 -1.4400929
v -1.6789858 0.7210880 -1.1399173
v -1.6743187 0.7241219 -1.1403169
v -1.6805048 0.7222999 -1.2139694
v -1.6865045 0.7201201 -1.2108187
v -1.6576221 0.6842383 -1.0658311
v -1.6578409 0.7056585 -1.0704747
v -1.6629614 0.7042251 -1.0723455
v -1.6627807 0.6835841 -1.0679797
v -1.6627403 0.7247245 -1.1005535
v -1.6678897 0.7219029 -1.1017891
v -1.6598939 0.7194776 -1.0850864
v -1.6650203 0.7174136 -1.0866672
v -1.5916684 0.7090621 -1.3853530
v -1.5489397 0.6544529 -1.4725348
v -1.5370258 0.5775498 -1.5023036
v -1.5370258 0.5775498 -1.5023036
v -1.5762441 0.7020955 -1.4137752
v -1.5629131 0.6887730 -1.4400929
v -1.5539137 0.6725363 -1.4595954
v -1.6835800 0.4630311 -1.2197271
v -1.7043921 0.3908080 -1.1632671
v -1.7072385 0.4634024 -1.1395690
v -1.6717555 0.4548902 -1.2374551
v -1.6590020 0.3895428 -1.2579067
v -1.6665118 0.3935696 -1.2549649
v -1.6776758 0.4499525 -1.2372896
v -1.7030052 0.3857367 -1.1590044
v -1.6999246 0.4068913 -1.1401214
v -1.7013424 0.4683749 -1.1258516
v -1.6776850 0.4679748 -1.2199117
v -0.4618779 0.6589847 -1.9272066
v -0.4834449 0.5774700 -1.9399081
v -0.5245675 0.6607323 -1.9696318
v -0.6001798 0.5775529 -1.9996290
v -0.5950466 0.6579192 -1.9987360
v -0.6076134 0.5775525 -2.0019412
v -0.6027595 0.6576611 -2.0010796
v -0.6002936 0.6571288 -1.9952494
v -0.6065935 0.5714534 -1.9928573
v -0.5913794 0.7223000 -1.9868704
v -0.5864245 0.7201201 -1.9914936
v -0.5950466 0.6579192 -1.9987360
v -0.6002936 0.6571288 -1.9952494
v -0.5913794 0.7223000 -1.9868704
v -0.5943474 0.7196955 -1.9938547
v -0.6001798 0.5775529 -1.9996290
v -0.6065935 0.5714534 -1.9928573
v -0.9154016 0.5704739 -1.9393238
v -0.7763426 0.5775509 -1.9711682
v -0.6076134 0.5775525 -2.0019412
v -0.6065935 0.5714534 -1.9928573
v -0.6001798 0.5775529 -1.9996290
v -0.4834449 0.5774700 -1.9399081
v -0.4854556 0.5708792 -1.9338740
v -0.6065935 0.5714534 -1.9928573
v -0.7612673 0.6558194 -1.9706338
v -0.6027595 0.6576611 -2.0010796
v -0.6076134 0.5775525 -2.0019412
v -0.7763426 0.5775509 -1.9711682
v -0.7499689 0.7119992 -1.9653757
v -0.5943474 0.7196955 -1.9938547
v -0.5864245 0.7201201 -1.9914936
v -0.5219804 0.7210879 -1.9609894
v -0.4634872 0.7042251 -1.9235554
v -0.4594261 0.6835842 -1.9219439
v -0.4896531 0.7219030 -1.9379280
v -0.4763263 0.7174136 -1.9302271
v -0.4834449 0.5774700 -1.9399081
v -0.4618779 0.6589847 -1.9272066
v -0.4614116 0.6587198 -1.9216753
v -0.4854556 0.5708792 -1.9338740
v -0.8788818 0.6544529 -1.9480428
v -0.9109149 0.5775497 -1.9466249
v -0.9154016 0.5704739 -1.9393238
v -0.8822062 0.6540246 -1.9430137
v -0.8650260 0.6725362 -1.9484664
v -0.8667121 0.6745226 -1.9434299
v -0.5943474 0.7196955 -1.9938547
v -0.7499689 0.7119992 -1.9653757
v -0.7493226 0.7150250 -1.9606464
v -0.5913794 0.7223000 -1.9868704
v -0.7824820 0.7090621 -1.9595941
v -0.7821277 0.7120613 -1.9548127
v -0.8144026 0.7020955 -1.9544178
v -0.8146384 0.7049660 -1.9495403
v -0.8436462 0.6887730 -1.9505227
v -0.8446005 0.6913166 -1.9455513
v -0.5219804 0.7210879 -1.9609894
v -0.5864245 0.7201201 -1.9914936
v -0.5913794 0.7223000 -1.9868704
v -0.5238981 0.7241219 -1.9567157
v -0.4634872 0.7042251 -1.9235554
v -0.4634121 0.7056586 -1.9181047
v -0.4591011 0.6842384 -1.9163650
v -0.4594261 0.6835842 -1.9219439
v -0.4901871 0.7247245 -1.9326593
v -0.4896531 0.7219030 -1.9379280
v -0.4763263 0.7174136 -1.9302271
v -0.4765265 0.7194776 -1.9248663
v -0.7824820 0.7090621 -1.9595941
v -0.9109149 0.5775497 -1.9466249
v -0.8788818 0.6544529 -1.9480428
v -0.9109149 0.5775497 -1.9466249
v -0.8144026 0.7020955 -1.9544178
v -0.8436462 0.6887730 -1.9505227
v -0.8650260 0.6725362 -1.9484664
v -0.5957989 0.4630310 -1.9916740
v -0.5123244 0.4634024 -1.9875431
v -0.5356335 0.3908081 -1.9926799
v -0.6164364 0.4548902 -1.9863650
v -0.6143258 0.4499525 -1.9918987
v -0.6346960 0.3935697 -1.9871963
v -0.6399521 0.3895428 -1.9810786
v -0.5320681 0.3857368 -1.9899635
v -0.5152607 0.4068913 -1.9808217
v -0.5013228 0.4683749 -1.9774490
v -0.5979196 0.4679748 -1.9861704
v 0.5521560 0.5825995 1.9981888
v 0.4920145 0.5825959 1.9404344
v 0.4921073 0.5791382 1.9354077
v 0.5555758 0.5791558 1.9957612
v 0.5594553 0.7084320 1.9930084
v 0.5628951 0.6906384 1.9905673
v 0.6480333 0.6906384 2.0131400
v 0.6458535 0.7084320 2.0183300
v 0.5542618 0.6193834 1.9966942
v 0.5521560 0.5825995 1.9981888
v 0.6472066 0.5825995 2.0262827
v 0.6473685 0.6193834 2.0237054
v 0.5628951 0.6906384 1.9905673
v 0.6480333 0.6906384 2.0131400
v 0.6474695 0.5791558 2.0220972
v 0.6472066 0.5825995 2.0262827
v 0.6480333 0.6906384 2.0131400
v 0.7310627 0.6906384 2.0029625
v 0.7335860 0.7084320 2.0064968
v 0.6458535 0.7084320 2.0183300
v 0.7356945 0.5825995 2.0152959
v 0.7347854 0.6193834 2.0128775
v 0.7310627 0.6906384 2.0029625
v 0.7378199 0.5791558 2.0109227
v 0.7356945 0.5825995 2.0152959
v 0.7310627 0.6906384 2.0029625
v 0.7331097 0.6902400 1.9974487
v 0.7356305 0.7082490 2.0009716
v 0.7335860 0.7084320 2.0064968
v 0.7356945 0.5825995 2.0152959
v 0.7378199 0.5791558 2.0109227
v 0.7368351 0.6188061 2.0073758
v 0.7347854 0.6193834 2.0128775
v 0.7331097 0.6902400 1.9974487
v 0.7310627 0.6906384 2.0029625
v 0.5021707 0.6192700 1.9473288
v 0.4920145 0.5825959 1.9404344
v 0.5279433 0.6908371 1.9565481
v 0.5281928 0.7084336 1.9631221
v 0.5279433 0.6908371 1.9565481
v 0.5560886 0.7746102 1.9779418
v 0.5657550 0.7605460 1.9885377
v 0.5669344 0.7823189 1.9877009
v 0.6458535 0.7084320 2.0183300
v 0.6494274 0.7821313 2.0074402
v 0.6458535 0.7084320 2.0183300
v 0.7335860 0.7084320 2.0064968
v 0.7293304 0.7818950 1.9983499
v 0.6494274 0.7821313 2.0074402
v 0.7313052 0.7848274 1.9926357
v 0.7293304 0.7818950 1.9983499
v 0.5594553 0.7084320 1.9930084
v 0.5469395 0.7608319 1.9703691
v 0.5281928 0.7084336 1.9631221
v 0.5021707 0.6192700 1.9473288
v 0.5027772 0.6188223 1.9421894
v 0.4921073 0.5791382 1.9354077
v 0.4920145 0.5825959 1.9404344
v 0.5279433 0.6908371 1.9565481
v 0.5286103 0.6906571 1.9513829
v 0.5281928 0.7084336 1.9631221
v 0.5288462 0.7084072 1.9579761
v 0.5286103 0.6906571 1.9513829
v 0.5279433 0.6908371 1.9565481
v 0.5669344 0.7823189 1.9877009
v 0.5691129 0.7851610 1.9839367
v 0.5575327 0.7764010 1.9733661
v 0.5560886 0.7746102 1.9779418
v 0.6494274 0.7821313 2.0074402
v 0.6497321 0.7847816 2.0030614
v 0.7293304 0.7818950 1.9983499
v 0.7313052 0.7848274 1.9926357
v 0.6497321 0.7847816 2.0030614
v 0.6494274 0.7821313 2.0074402
v 0.5469395 0.7608319 1.9703691
v 0.5473648 0.7604959 1.9650046
v 1.6641687 0.5791382 1.1036515
v 1.6689446 0.5825959 1.1052232
v 1.7036056 0.5825994 1.1810590
v 1.7001854 0.5791557 1.1834866
v 1.6963063 0.7084320 1.1862394
v 1.6916849 0.7084320 1.2761532
v 1.6860666 0.6906384 1.2764971
v 1.6928665 0.6906384 1.1886805
v 1.7015002 0.6193834 1.1825536
v 1.6962588 0.6193834 1.2793579
v 1.6987452 0.5825994 1.2800557
v 1.7036056 0.5825994 1.1810590
v 1.6928665 0.6906384 1.1886805
v 1.6860666 0.6906384 1.2764971
v 1.6987452 0.5825994 1.2800557
v 1.6947072 0.5791557 1.2789225
v 1.6515519 0.7084320 1.3550605
v 1.6490485 0.6906384 1.3515114
v 1.6860666 0.6906384 1.2764971
v 1.6916849 0.7084320 1.2761532
v 1.6571785 0.6193834 1.3582987
v 1.6591611 0.5825994 1.3599553
v 1.6490485 0.6906384 1.3515114
v 1.6591611 0.5825994 1.3599553
v 1.6543317 0.5791557 1.3605177
v 1.6490485 0.6906384 1.3515114
v 1.6515519 0.7084320 1.3550605
v 1.6456614 0.7082490 1.3551658
v 1.6431681 0.6902399 1.3516233
v 1.6591611 0.5825994 1.3599553
v 1.6571785 0.6193834 1.3582987
v 1.6513089 0.6188061 1.3584171
v 1.6543317 0.5791557 1.3605177
v 1.6490485 0.6906384 1.3515114
v 1.6431681 0.6902399 1.3516233
v 1.6720993 0.6192699 1.1170860
v 1.6689446 0.5825959 1.1052232
v 1.6722934 0.6908370 1.1444572
v 1.6784164 0.7084335 1.1468630
v 1.6722934 0.6908370 1.1444572
v 1.6831958 0.7746101 1.1780873
v 1.6888272 0.7823189 1.1915469
v 1.6900066 0.7605459 1.1907102
v 1.6802262 0.7821312 1.2759316
v 1.6916849 0.7084320 1.2761532
v 1.6452661 0.7818950 1.3483537
v 1.6515519 0.7084320 1.3550605
v 1.6916849 0.7084320 1.2761532
v 1.6802262 0.7821312 1.2759316
v 1.6392207 0.7848273 1.3483311
v 1.6452661 0.7818950 1.3483537
v 1.6790681 0.7608319 1.1669511
v 1.6963063 0.7084320 1.1862394
v 1.6784164 0.7084335 1.1468630
v 1.6720993 0.6192699 1.1170860
v 1.6689446 0.5825959 1.1052232
v 1.6641687 0.5791382 1.1036515
v 1.6670482 0.6188222 1.1159619
v 1.6722934 0.6908370 1.1444572
v 1.6671975 0.6906570 1.1433814
v 1.6784164 0.7084335 1.1468630
v 1.6722934 0.6908370 1.1444572
v 1.6671975 0.6906570 1.1433814
v 1.6733435 0.7084071 1.1457816
v 1.6888272 0.7823189 1.1915469
v 1.6831958 0.7746101 1.1780873
v 1.6783998 0.7764009 1.1779401
v 1.6845545 0.7851610 1.1923606
v 1.6802262 0.7821312 1.2759316
v 1.6759918 0.7847816 1.2747735
v 1.6452661 0.7818950 1.3483537
v 1.6802262 0.7821312 1.2759316
v 1.6759918 0.7847816 1.2747735
v 1.6392207 0.7848273 1.3483311
v 1.6790681 0.7608319 1.1669511
v 1.6738642 0.7604958 1.1655819
vt 0.8616416 0.5650731
vt 0.7620290 0.5666536
vt 0.8285010 0.4756879
vt 0.6621345 0.5634571
vt 0.6570288 0.4757078
vt 0.3790216 0.5268313
vt 0.3719874 0.5273240
vt 0.3656243 0.4566295
vt 0.3697518 0.4489522
vt 0.6712617 0.6364189
vt 0.6539670 0.5630445
vt 0.6621345 0.5634571
vt 0.6769286 0.6313023
vt 0.3848439 0.5872518
vt 0.3800088 0.5825520
vt 0.6496887 0.4666748
vt 0.6570288 0.4757078
vt 0.3656243 0.4566295
vt 0.1717857 0.4568955
vt 0.0087826 0.4489522
vt 0.3697518 0.4489522
vt 0.6570288 0.4757078
vt 0.6496887 0.4666748
vt 0.8318518 0.4666748
vt 0.8285010 0.4756879
vt 0.3656243 0.4566295
vt 0.3719874 0.5273240
vt 0.1883728 0.5266582
vt 0.1717857 0.4568955
vt 0.3800088 0.5825520
vt 0.2003711 0.5772011
vt 0.6769286 0.6313023
vt 0.7704570 0.6331214
vt 0.8622676 0.6149800
vt 0.8681563 0.5923767
vt 0.8230115 0.6344935
vt 0.8433601 0.6294598
vt 0.8285010 0.4756879
vt 0.8318518 0.4666748
vt 0.8687966 0.5644190
vt 0.8616416 0.5650731
vt 0.0520974 0.5249633
vt 0.0454404 0.5256127
vt 0.0087826 0.4489522
vt 0.0169130 0.4559416
vt 0.0675745 0.5414724
vt 0.0629584 0.5449389
vt 0.3800088 0.5825520
vt 0.3848439 0.5872518
vt 0.2001742 0.5822240
vt 0.2003711 0.5772011
vt 0.1616466 0.5797024
vt 0.1625912 0.5747116
vt 0.1235661 0.5732080
vt 0.1255994 0.5684323
vt 0.0885978 0.5606199
vt 0.0919330 0.5563189
vt 0.7704570 0.6331214
vt 0.7709047 0.6391795
vt 0.6712617 0.6364189
vt 0.6769286 0.6313023
vt 0.8753597 0.5935618
vt 0.8684842 0.6179936
vt 0.8622676 0.6149800
vt 0.8681563 0.5923767
vt 0.8266003 0.6402945
vt 0.8230115 0.6344935
vt 0.8482544 0.6341240
vt 0.8433601 0.6294598
vt 0.1625912 0.5747116
vt 0.0520974 0.5249633
vt 0.0169130 0.4559416
vt 0.0169130 0.4559416
vt 0.1255994 0.5684323
vt 0.0919330 0.5563189
vt 0.0675745 0.5414724
vt 0.2555919 0.7644780
vt 0.3385805 0.6720573
vt 0.3652997 0.7688032
vt 0.2264270 0.7549514
vt 0.1987912 0.6651901
vt 0.2077176 0.6720895
vt 0.2322897 0.7469441
vt 0.3437848 0.6651901
vt 0.3687653 0.6946211
vt 0.3822513 0.7793522
vt 0.2519434 0.7736951
vt 0.8616416 0.5650731
vt 0.8285010 0.4756879
vt 0.7620290 0.5666536
vt 0.6570288 0.4757078
vt 0.6621345 0.5634571
vt 0.3656243 0.4566295
vt 0.3719874 0.5273240
vt 0.3790216 0.5268313
vt 0.3697518 0.4489522
vt 0.6712617 0.6364189
vt 0.6769286 0.6313023
vt 0.6621345 0.5634571
vt 0.6539670 0.5630445
vt 0.3848439 0.5872518
vt 0.3800088 0.5825520
vt 0.6570288 0.4757078
vt 0.6496887 0.4666748
vt 0.0087826 0.4489522
vt 0.1717857 0.4568955
vt 0.3656243 0.4566295
vt 0.3697518 0.4489522
vt 0.6570288 0.4757078
vt 0.8285010 0.4756879
vt 0.8318518 0.4666748
vt 0.6496887 0.4666748
vt 0.1883728 0.5266582
vt 0.3719874 0.5273240
vt 0.3656243 0.4566295
vt 0.1717857 0.4568955
vt 0.2003711 0.5772011
vt 0.3800088 0.5825520
vt 0.6769286 0.6313023
vt 0.7704570 0.6331214
vt 0.8622676 0.6149800
vt 0.8681563 0.5923767
vt 0.8230115 0.6344935
vt 0.8433601 0.6294598
vt 0.8285010 0.4756879
vt 0.8616416 0.5650731
vt 0.8687966 0.5644190
vt 0.8318518 0.4666748
vt 0.0520974 0.5249633
vt 0.0169130 0.4559416
vt 0.0087826 0.4489522
vt 0.0454404 0.5256127
vt 0.0675745 0.5414724
vt 0.0629584 0.5449389
vt 0.3800088 0.5825520
vt 0.2003711 0.5772011
vt 0.2001742 0.5822240
vt 0.3848439 0.5872518
vt 0.1625912 0.5747116
vt 0.1616466 0.5797024
vt 0.1255994 0.5684323
vt 0.1235661 0.5732080
vt 0.0919330 0.5563189
vt 0.0885978 0.5606199
vt 0.7704570 0.6331214
vt 0.6769286 0.6313023
vt 0.6712617 0.6364189
vt 0.7709047 0.6391795
vt 0.8622676 0.6149800
vt 0.8684842 0.6179936
vt 0.8753597 0.5935618
vt 0.8681563 0.5923767
vt 0.8266003 0.6402945
vt 0.8230115 0.6344935
vt 0.8433601 0.6294598
vt 0.8482544 0.6341240
vt 0.1625912 0.5747116
vt 0.0169130 0.4559416
vt 0.0520974 0.5249633
vt 0.0169130 0.4559416
vt 0.1255994 0.5684323
vt 0.0919330 0.5563189
vt 0.0675745 0.5414724
vt 0.2555919 0.7644780
vt 0.3652997 0.7688032
vt 0.3385805 0.6720573
vt 0.2264270 0.7549514
vt 0.2322897 0.7469441
vt 0.2077176 0.6720895
vt 0.1987912 0.6651901
vt 0.3437848 0.6651901
vt 0.3687653 0.6946211
vt 0.3822513 0.7793522
vt 0.2519434 0.7736951
vt 0.7473294 0.7005164
vt 0.6476913 0.7011385
vt 0.6384990 0.6957205
vt 0.7493127 0.6944382
vt 0.8082234 0.4934709
vt 0.8107820 0.4578805
vt 0.9823421 0.4578805
vt 0.9811996 0.4934709
vt 0.7493144 0.7436136
vt 0.7473294 0.7005164
vt 0.8661638 0.7004983
vt 0.8651718 0.7436136
vt 0.7565501 0.8302197
vt 0.8629757 0.8302197
vt 0.8661922 0.6941198
vt 0.8661638 0.7004983
vt 0.8012868 0.2533105
vt 0.9648893 0.2533105
vt 0.9648893 0.2890523
vt 0.8002753 0.2890523
vt 0.9727581 0.7020071
vt 0.9706260 0.7436136
vt 0.9636637 0.8302197
vt 0.9797862 0.6955473
vt 0.9727581 0.7020071
vt 0.9648893 0.2533105
vt 0.9799226 0.2533105
vt 0.9799226 0.2890523
vt 0.9648893 0.2890523
vt 0.9727581 0.7020071
vt 0.9797862 0.6955473
vt 0.9776565 0.7436136
vt 0.9706260 0.7436136
vt 0.9707017 0.8302197
vt 0.9636637 0.8302197
vt 0.6634923 0.7436136
vt 0.6476913 0.7011385
vt 0.6975803 0.8302197
vt 0.7258432 0.4934709
vt 0.7151204 0.4578805
vt 0.7905527 0.6204531
vt 0.8168379 0.5920844
vt 0.8186640 0.6338533
vt 0.9811996 0.4934709
vt 0.9818547 0.6343899
vt 0.8002753 0.2890523
vt 0.9648893 0.2890523
vt 0.9497932 0.4278636
vt 0.8024208 0.4278636
vt 0.9648265 0.4424152
vt 0.9497932 0.4278636
vt 0.8082234 0.4934709
vt 0.7664614 0.5951169
vt 0.7258432 0.4934709
vt 0.6634923 0.7436136
vt 0.6573839 0.7436136
vt 0.6384990 0.6957205
vt 0.6476913 0.7011385
vt 0.6975803 0.8302197
vt 0.6914816 0.8302197
vt 0.7258432 0.4934709
vt 0.7162632 0.4934709
vt 0.7049485 0.4578805
vt 0.7151204 0.4578805
vt 0.8186640 0.6338533
vt 0.8181739 0.6431911
vt 0.7844325 0.6280712
vt 0.7905527 0.6204531
vt 0.9818547 0.6343899
vt 0.9799004 0.6442765
vt 0.9497932 0.4278636
vt 0.9648265 0.4424152
vt 0.8028799 0.4424152
vt 0.8024208 0.4278636
vt 0.7664614 0.5951169
vt 0.7564739 0.5978718
vt 0.6384990 0.6957205
vt 0.6476913 0.7011385
vt 0.7473294 0.7005164
vt 0.7493127 0.6944382
vt 0.8082234 0.4934709
vt 0.9811996 0.4934709
vt 0.9823421 0.4578805
vt 0.8107820 0.4578805
vt 0.7493144 0.7436136
vt 0.8651718 0.7436136
vt 0.8661638 0.7004983
vt 0.7473294 0.7005164
vt 0.7565501 0.8302197
vt 0.8629757 0.8302197
vt 0.8661638 0.7004983
vt 0.8661922 0.6941198
vt 0.9648893 0.2890523
vt 0.9648893 0.2533105
vt 0.8012868 0.2533105
vt 0.8002753 0.2890523
vt 0.9706260 0.7436136
vt 0.9727581 0.7020071
vt 0.9636637 0.8302197
vt 0.9727581 0.7020071
vt 0.9797862 0.6955473
vt 0.9648893 0.2533105
vt 0.9648893 0.2890523
vt 0.9799226 0.2890523
vt 0.9799226 0.2533105
vt 0.9727581 0.7020071
vt 0.9706260 0.7436136
vt 0.9776565 0.7436136
vt 0.9797862 0.6955473
vt 0.9636637 0.8302197
vt 0.9707017 0.8302197
vt 0.6634923 0.7436136
vt 0.6476913 0.7011385
vt 0.6975803 0.8302197
vt 0.7258432 0.4934709
vt 0.7151204 0.4578805
vt 0.7905527 0.6204531
vt 0.8186640 0.6338533
vt 0.8168379 0.5920844
vt 0.9818547 0.6343899
vt 0.9811996 0.4934709
vt 0.9497932 0.4278636
vt 0.9648893 0.2890523
vt 0.8002753 0.2890523
vt 0.8024208 0.4278636
vt 0.9648265 0.4424152
vt 0.9497932 0.4278636
vt 0.7664614 0.5951169
vt 0.8082234 0.4934709
vt 0.7258432 0.4934709
vt 0.6634923 0.7436136
vt 0.6476913 0.7011385
vt 0.6384990 0.6957205
vt 0.6573839 0.7436136
vt 0.6975803 0.8302197
vt 0.6914816 0.8302197
vt 0.7258432 0.4934709
vt 0.7151204 0.4578805
vt 0.7049485 0.4578805
vt 0.7162632 0.4934709
vt 0.8186640 0.6338533
vt 0.7905527 0.6204531
vt 0.7844325 0.6280712
vt 0.8181739 0.6431911
vt 0.9818547 0.6343899
vt 0.9799004 0.6442765
vt 0.9497932 0.4278636
vt 0.8024208 0.4278636
vt 0.8028799 0.4424152
vt 0.9648265 0.4424152
vt 0.7664614 0.5951169
vt 0.7564739 0.5978718
f 4910/4910 4911/4911 4912/4912
f 4911/4911 4910/4910 4944/4944
f 4914/4914 4912/4912 4911/4911
f 4911/4911 4913/4913 4914/4914
f 4941/4941 4913/4913 4911/4911
f 4911/4911 4942/4942 4941/4941
f 4942/4942 4911/4911 4945/4945
f 4945/4945 4911/4911 4946/4946
f 4946/4946 4911/4911 4943/4943
f 4943/4943 4911/4911 4944/4944
f 4915/4915 4916/4916 4917/4917
f 4917/4917 4918/4918 4915/4915
f 4916/4916 4915/4915 4923/4923
f 4923/4923 4924/4924 4916/4916
f 4919/4919 4920/4920 4921/4921
f 4921/4921 4922/4922 4919/4919
f 4920/4920 4925/4925 4926/4926
f 4926/4926 4921/4921 4920/4920
f 4927/4927 4928/4928 4929/4929
f 4929/4929 4930/4930 4927/4927
f 4928/4928 4982/4982 4929/4929
f 4931/4931 4932/4932 4933/4933
f 4933/4933 4934/4934 4931/4931
f 4935/4935 4936/4936 4937/4937
f 4937/4937 4938/4938 4935/4935
f 4936/4936 4939/4939 4940/4940
f 4940/4940 4937/4937 4936/4936
f 4940/4940 4979/4979 4937/4937
f 4979/4979 4983/4983 4937/4937
f 4983/4983 4984/4984 4937/4937
f 4984/4984 4985/4985 4937/4937
f 4938/4938 4937/4937 4980/4980
f 4985/4985 4980/4980 4937/4937
f 4980/4980 4981/4981 4938/4938
f 4947/4947 4948/4948 4949/4949
f 4949/4949 4950/4950 4947/4947
f 4950/4950 4949/4949 4971/4971
f 4971/4971 4974/4974 4950/4950
f 4971/4971 4972/4972 4973/4973
f 4973/4973 4974/4974 4971/4971
f 4973/4973 4972/4972 4977/4977
f 4977/4977 4978/4978 4973/4973
f 4977/4977 4975/4975 4976/4976
f 4976/4976 4978/4978 4977/4977
f 4975/4975 4968/4968 4967/4967
f 4967/4967 4976/4976 4975/4975
f 4967/4967 4968/4968 4969/4969
f 4969/4969 4970/4970 4967/4967
f 4951/4951 4952/4952 4953/4953
f 4953/4953 4954/4954 4951/4951
f 4952/4952 4951/4951 4955/4955
f 4955/4955 4956/4956 4952/4952
f 4956/4956 4955/4955 4966/4966
f 4966/4966 4965/4965 4956/4956
f 4965/4965 4966/4966 4964/4964
f 4964/4964 4963/4963 4965/4965
f 4963/4963 4964/4964 4962/4962
f 4962/4962 4961/4961 4963/4963
f 4961/4961 4962/4962 4960/4960
f 4960/4960 4959/4959 4961/4961
f 4959/4959 4960/4960 4957/4957
f 4957/4957 4958/4958 4959/4959
f 4986/4986 4987/4987 4988/4988
f 4995/4995 4996/4996 4986/4986
f 4986/4986 4988/4988 4995/4995
f 4992/4992 4986/4986 4996/4996
f 4986/4986 4992/4992 4987/4987
f 4994/4994 4995/4995 4988/4988
f 4988/4988 4987/4987 4994/4994
f 4993/4993 4994/4994 4987/4987
f 4990/4990 4993/4993 4987/4987
f 4987/4987 4991/4991 4990/4990
f 4992/4992 4991/4991 4987/4987
f 4991/4991 4992/4992 4989/4989
f 4996/4996 4989/4989 4992/4992
f 4989/4989 4990/4990 4991/4991
f 4997/4997 4998/4998 4999/4999
f 4999/4999 5031/5031 4997/4997
f 4999/4999 4998/4998 5000/5000
f 5000/5000 5001/5001 4999/4999
f 4999/4999 5001/5001 5028/5028
f 5028/5028 5029/5029 4999/4999
f 5029/5029 5032/5032 4999/4999
f 5032/5032 5033/5033 4999/4999
f 5030/5030 5031/5031 4999/4999
f 5033/5033 5030/5030 4999/4999
f 5002/5002 5003/5003 5004/5004
f 5004/5004 5005/5005 5002/5002
f 5010/5010 5004/5004 5003/5003
f 5003/5003 5011/5011 5010/5010
f 5006/5006 5007/5007 5008/5008
f 5008/5008 5009/5009 5006/5006
f 5009/5009 5008/5008 5012/5012
f 5012/5012 5013/5013 5009/5009
f 5014/5014 5015/5015 5016/5016
f 5016/5016 5017/5017 5014/5014
f 5015/5015 5014/5014 5069/5069
f 5018/5018 5019/5019 5020/5020
f 5020/5020 5021/5021 5018/5018
f 5022/5022 5023/5023 5024/5024
f 5024/5024 5025/5025 5022/5022
f 5023/5023 5022/5022 5026/5026
f 5026/5026 5022/5022 5066/5066
f 5068/5068 5022/5022 5025/5025
f 5066/5066 5022/5022 5070/5070
f 5070/5070 5022/5022 5071/5071
f 5071/5071 5022/5022 5072/5072
f 5072/5072 5022/5022 5068/5068
f 5026/5026 5027/5027 5023/5023
f 5025/5025 5067/5067 5068/5068
f 5034/5034 5035/5035 5036/5036
f 5036/5036 5037/5037 5034/5034
f 5035/5035 5061/5061 5060/5060
f 5060/5060 5036/5036 5035/5035
f 5060/5060 5061/5061 5058/5058
f 5058/5058 5059/5059 5060/5060
f 5058/5058 5064/5064 5065/5065
f 5065/5065 5059/5059 5058/5058
f 5065/5065 5064/5064 5063/5063
f 5063/5063 5062/5062 5065/5065
f 5062/5062 5063/5063 5054/5054
f 5054/5054 5057/5057 5062/5062
f 5054/5054 5055/5055 5056/5056
f 5056/5056 5057/5057 5054/5054
f 5038/5038 5039/5039 5040/5040
f 5040/5040 5041/5041 5038/5038
f 5042/5042 5038/5038 5041/5041
f 5041/5041 5043/5043 5042/5042
f 5052/5052 5042/5042 5043/5043
f 5043/5043 5053/5053 5052/5052
f 5050/5050 5052/5052 5053/5053
f 5053/5053 5051/5051 5050/5050
f 5048/5048 5050/5050 5051/5051
f 5051/5051 5049/5049 5048/5048
f 5045/5045 5048/5048 5049/5049
f 5049/5049 5046/5046 5045/5045
f 5044/5044 5045/5045 5046/5046
f 5046/5046 5047/5047 5044/5044
f 5073/5073 5074/5074 5075/5075
f 5082/5082 5074/5074 5073/5073
f 5073/5073 5083/5083 5082/5082
f 5083/5083 5073/5073 5077/5077
f 5073/5073 5075/5075 5077/5077
f 5081/5081 5075/5075 5074/5074
f 5074/5074 5082/5082 5081/5081
f 5080/5080 5075/5075 5081/5081
f 5079/5079 5078/5078 5075/5075
f 5075/5075 5080/5080 5079/5079
f 5077/5077 5075/5075 5078/5078
f 5076/5076 5077/5077 5078/5078
f 5077/5077 5076/5076 5083/5083
f 5078/5078 5079/5079 5076/5076
f 5084/5084 5085/5085 5086/5086
f 5086/5086 5087/5087 5084/5084
f 5084/5084 5087/5087 5098/5098
f 5098/5098 5099/5099 5084/5084
f 5099/5099 5098/5098 5107/5107
f 5107/5107 5108/5108 5099/5099
f 5088/5088 5089/5089 5090/5090
f 5090/5090 5091/5091 5088/5088
f 5089/5089 5088/5088 5122/5122
f 5122/5122 5123/5123 5089/5089
f 5092/5092 5093/5093 5094/5094
f 5094/5094 5095/5095 5092/5092
f 5096/5096 5092/5092 5095/5095
f 5093/5093 5092/5092 5119/5119
f 5092/5092 5096/5096 5121/5121
f 5121/5121 5119/5119 5092/5092
f 5119/5119 5120/5120 5093/5093
f 5095/5095 5097/5097 5096/5096
f 5105/5105 5095/5095 5094/5094
f 5095/5095 5105/5105 5106/5106
f 5106/5106 5097/5097 5095/5095
f 5094/5094 5104/5104 5105/5105
f 5100/5100 5101/5101 5102/5102
f 5102/5102 5103/5103 5100/5100
f 5109/5109 5110/5110 5111/5111
f 5111/5111 5112/5112 5109/5109
f 5112/5112 5111/5111 5133/5133
f 5133/5133 5134/5134 5112/5112
f 5113/5113 5114/5114 5115/5115
f 5115/5115 5116/5116 5113/5113
f 5116/5116 5115/5115 5117/5117
f 5117/5117 5118/5118 5116/5116
f 5124/5124 5125/5125 5126/5126
f 5136/5136 5125/5125 5124/5124
f 5125/5125 5127/5127 5128/5128
f 5128/5128 5126/5126 5125/5125
f 5135/5135 5125/5125 5136/5136
f 5125/5125 5135/5135 5127/5127
f 5136/5136 5137/5137 5135/5135
f 5129/5129 5130/5130 5131/5131
f 5131/5131 5132/5132 5129/5129
f 5138/5138 5139/5139 5140/5140
f 5140/5140 5141/5141 5138/5138
f 5139/5139 5138/5138 5142/5142
f 5142/5142 5143/5143 5139/5139
f 5144/5144 5145/5145 5146/5146
f 5146/5146 5147/5147 5144/5144
f 5145/5145 5144/5144 5158/5158
f 5158/5158 5159/5159 5145/5145
f 5150/5150 5159/5159 5158/5158
f 5158/5158 5151/5151 5150/5150
f 5148/5148 5149/5149 5150/5150
f 5150/5150 5151/5151 5148/5148
f 5149/5149 5148/5148 5152/5152
f 5152/5152 5153/5153 5149/5149
f 5154/5154 5155/5155 5156/5156
f 5156/5156 5157/5157 5154/5154
f 5160/5160 5161/5161 5162/5162
f 5162/5162 5163/5163 5160/5160
f 5162/5162 5174/5174 5175/5175
f 5175/5175 5163/5163 5162/5162
f 5174/5174 5183/5183 5184/5184
f 5184/5184 5175/5175 5174/5174
f 5164/5164 5165/5165 5166/5166
f 5166/5166 5167/5167 5164/5164
f 5198/5198 5164/5164 5167/5167
f 5167/5167 5199/5199 5198/5198
f 5168/5168 5169/5169 5170/5170
f 5170/5170 5171/5171 5168/5168
f 5169/5169 5168/5168 5172/5172
f 5195/5195 5168/5168 5171/5171
f 5197/5197 5172/5172 5168/5168
f 5168/5168 5195/5195 5197/5197
f 5180/5180 5181/5181 5170/5170
f 5170/5170 5169/5169 5180/5180
f 5182/5182 5180/5180 5169/5169
f 5169/5169 5173/5173 5182/5182
f 5172/5172 5173/5173 5169/5169
f 5171/5171 5196/5196 5195/5195
f 5176/5176 5177/5177 5178/5178
f 5178/5178 5179/5179 5176/5176
f 5185/5185 5186/5186 5187/5187
f 5187/5187 5188/5188 5185/5185
f 5209/5209 5187/5187 5186/5186
f 5186/5186 5210/5210 5209/5209
f 5189/5189 5190/5190 5191/5191
f 5191/5191 5192/5192 5189/5189
f 5190/5190 5193/5193 5194/5194
f 5194/5194 5191/5191 5190/5190
f 5200/5200 5201/5201 5202/5202
f 5211/5211 5200/5200 5202/5202
f 5202/5202 5201/5201 5203/5203
f 5203/5203 5204/5204 5202/5202
f 5211/5211 5202/5202 5212/5212
f 5202/5202 5204/5204 5212/5212
f 5212/5212 5213/5213 5211/5211
f 5205/5205 5206/5206 5207/5207
f 5207/5207 5208/5208 5205/5205
f 5214/5214 5215/5215 5216/5216
f 5216/5216 5217/5217 5214/5214
f 5218/5218 5214/5214 5217/5217
f 5217/5217 5219/5219 5218/5218
f 5220/5220 5221/5221 5222/5222
f 5222/5222 5223/5223 5220/5220
f 5234/5234 5220/5220 5223/5223
f 5223/5223 5235/5235 5234/5234
f 5234/5234 5235/5235 5226/5226
f 5226/5226 5225/5225 5234/5234
f 5224/5224 5225/5225 5226/5226
f 5226/5226 5227/5227 5224/5224
f 5228/5228 5224/5224 5227/5227
f 5227/5227 5229/5229 5228/5228
f 5230/5230 5231/5231 5232/5232
f 5232/5232 5233/5233 5230/5230
o wheel_a003
usemtl wheel-39
v -1.3402131 0.3054411 -0.5033586
v -1.3389679 0.3269066 -0.5071192
v -1.3935951 0.3303614 -0.5554850
v -1.4008432 0.3054410 -0.5627686
v -1.4277101 0.3445508 -0.5935614
v -1.4234081 0.3054410 -0.5874990
v -1.3935951 0.2805207 -0.5554850
v -1.3389679 0.2839756 -0.5071192
v -1.4277101 0.2663313 -0.5935614
v -1.4053749 0.2516718 -0.5720845
v -1.3849721 0.1448439 -0.5664300
v -1.3735031 0.1600619 -0.5557841
v -1.4110836 0.2177711 -0.5801291
v -1.4273990 0.2101570 -0.6001898
v -1.4427238 0.2361350 -0.6147178
v -1.4336352 0.1866960 -0.6119071
v -1.3929281 0.1332950 -0.5831571
v -1.4631023 0.2175623 -0.6434335
v -1.4540330 0.1846227 -0.6406507
v -1.4855446 0.1051797 -0.7081510
v -1.4870699 0.1866238 -0.6842740
v -1.5010526 0.1822887 -0.7069081
v -1.4947505 0.1122439 -0.7266387
v -1.5072354 0.2349678 -0.7056238
v -1.5147087 0.2085522 -0.7261511
v -1.5661975 0.2163163 -0.8218021
v -1.5349221 0.2525624 -0.7517047
v -1.5450811 0.2706176 -0.7689503
v -1.5677609 0.2366741 -0.8295206
v -1.5268766 0.3054410 -0.7333006
v -1.5417120 0.3054410 -0.7642027
v -1.4705280 0.1026908 -0.6925058
v -1.4729315 0.1711981 -0.6672814
v -1.4861260 0.2190178 -0.6758776
v -1.5569809 0.1979948 -0.8143299
v -1.5325659 0.2257128 -0.7513146
v -1.5209319 0.2669791 -0.7249238
v -1.5661975 0.3945657 -0.8218021
v -1.5677609 0.3742079 -0.8295206
v -1.5450811 0.3402644 -0.7689503
v -1.5349221 0.3583197 -0.7517047
v -1.5209319 0.3439030 -0.7249238
v -1.5325659 0.3851693 -0.7513146
v -1.5569809 0.4128873 -0.8143299
v -1.5072354 0.3759143 -0.7056238
v -1.5147087 0.4023298 -0.7261511
v -1.4855446 0.5057024 -0.7081510
v -1.4947505 0.4986382 -0.7266387
v -1.5010526 0.4285934 -0.7069081
v -1.4870699 0.4242583 -0.6842744
v -1.4861260 0.3918642 -0.6758776
v -1.4729315 0.4396839 -0.6672814
v -1.4705280 0.5081912 -0.6925058
v -1.4631023 0.3933198 -0.6434335
v -1.4540330 0.4262594 -0.6406507
v -1.3849721 0.4660383 -0.5664300
v -1.3929281 0.4775871 -0.5831571
v -1.4336352 0.4241861 -0.6119071
v -1.4273990 0.4007251 -0.6001898
v -1.4427238 0.3747471 -0.6147178
v -1.4110836 0.3931110 -0.5801291
v -1.3735031 0.4508202 -0.5557845
v -1.4053749 0.3592103 -0.5720845
v -1.4277101 0.3445508 -0.5935614
v -1.4545361 0.3054410 -0.6741079
v -1.4234081 0.3054410 -0.5874990
v -1.4277101 0.2663313 -0.5935614
v -1.4427238 0.2361350 -0.6147178
v -1.4631023 0.2175623 -0.6434335
v -1.4861260 0.2190178 -0.6758776
v -1.5072354 0.2349678 -0.7056238
v -1.5209319 0.2669791 -0.7249238
v -1.5268766 0.3054410 -0.7333006
v -1.5209319 0.3439030 -0.7249238
v -1.5072354 0.3759143 -0.7056238
v -1.4861260 0.3918642 -0.6758776
v -1.4631023 0.3933198 -0.6434335
v -1.4427238 0.3747471 -0.6147178
v -1.3935951 0.3303614 -0.5554850
v -1.3389679 0.3269066 -0.5071192
v -1.3127741 0.3269065 -0.5257079
v -1.3674013 0.3303614 -0.5740737
v -1.4053749 0.3592103 -0.5720845
v -1.3935951 0.3303614 -0.5554850
v -1.3674013 0.3303614 -0.5740737
v -1.3791811 0.3592103 -0.5906732
v -1.3389679 0.2839756 -0.5071192
v -1.3935951 0.2805207 -0.5554850
v -1.3674013 0.2805207 -0.5740737
v -1.3127741 0.2839756 -0.5257079
v -1.3935951 0.2805207 -0.5554850
v -1.4053749 0.2516718 -0.5720845
v -1.3791811 0.2516718 -0.5906732
v -1.3674013 0.2805207 -0.5740737
v -1.4110836 0.2177711 -0.5801291
v -1.3735031 0.1600619 -0.5557841
v -1.3473093 0.1600619 -0.5743728
v -1.3848898 0.2177711 -0.5987174
v -1.4110836 0.2177711 -0.5801291
v -1.3848898 0.2177711 -0.5987174
v -1.3929281 0.1332950 -0.5831571
v -1.4336352 0.1866960 -0.6119071
v -1.4074414 0.1866960 -0.6304958
v -1.3667343 0.1332950 -0.6017453
v -1.4336352 0.1866960 -0.6119071
v -1.4540330 0.1846227 -0.6406507
v -1.4278392 0.1846227 -0.6592393
v -1.4074414 0.1866960 -0.6304958
v -1.4947505 0.1122439 -0.7266387
v -1.5010526 0.1822887 -0.7069081
v -1.4748588 0.1822887 -0.7254968
v -1.4685567 0.1122439 -0.7452274
v -1.5010526 0.1822887 -0.7069081
v -1.5147087 0.2085522 -0.7261511
v -1.4885148 0.2085522 -0.7447398
v -1.4748588 0.1822887 -0.7254968
v -1.5677609 0.2366741 -0.8295206
v -1.5450811 0.2706176 -0.7689503
v -1.5188873 0.2706176 -0.7875386
v -1.5415671 0.2366741 -0.8481093
v -1.5450811 0.2706176 -0.7689503
v -1.5417120 0.3054410 -0.7642027
v -1.5155180 0.3054410 -0.7827909
v -1.5188873 0.2706176 -0.7875386
v -1.4729315 0.1711981 -0.6672814
v -1.4705280 0.1026908 -0.6925058
v -1.4443342 0.1026908 -0.7110945
v -1.4467376 0.1711981 -0.6858696
v -1.4729315 0.1711981 -0.6672814
v -1.4467376 0.1711981 -0.6858696
v -1.5325659 0.2257128 -0.7513146
v -1.5569809 0.1979948 -0.8143299
v -1.5307870 0.1979948 -0.8329186
v -1.5063721 0.2257128 -0.7699033
v -1.5325659 0.2257128 -0.7513146
v -1.5063721 0.2257128 -0.7699033
v -1.5450811 0.3402644 -0.7689503
v -1.5677609 0.3742079 -0.8295206
v -1.5415671 0.3742079 -0.8481093
v -1.5188873 0.3402644 -0.7875386
v -1.5450811 0.3402644 -0.7689503
v -1.5188873 0.3402644 -0.7875386
v -1.5569809 0.4128873 -0.8143299
v -1.5325659 0.3851693 -0.7513146
v -1.5063721 0.3851693 -0.7699033
v -1.5307870 0.4128873 -0.8329186
v -1.5325659 0.3851693 -0.7513146
v -1.5147087 0.4023298 -0.7261511
v -1.4885148 0.4023298 -0.7447398
v -1.5063721 0.3851693 -0.7699033
v -1.5010526 0.4285934 -0.7069081
v -1.4947505 0.4986382 -0.7266387
v -1.4685567 0.4986382 -0.7452274
v -1.4748588 0.4285934 -0.7254968
v -1.5010526 0.4285934 -0.7069081
v -1.4748588 0.4285934 -0.7254968
v -1.4705280 0.5081912 -0.6925058
v -1.4729315 0.4396839 -0.6672814
v -1.4467376 0.4396839 -0.6858696
v -1.4443342 0.5081912 -0.7110945
v -1.4729315 0.4396839 -0.6672814
v -1.4540330 0.4262594 -0.6406507
v -1.4278392 0.4262594 -0.6592393
v -1.4467376 0.4396839 -0.6858696
v -1.4336352 0.4241861 -0.6119071
v -1.3929281 0.4775871 -0.5831571
v -1.3667343 0.4775871 -0.6017453
v -1.4074414 0.4241861 -0.6304958
v -1.4336352 0.4241861 -0.6119071
v -1.4074414 0.4241861 -0.6304958
v -1.3735031 0.4508202 -0.5557845
v -1.4110836 0.3931110 -0.5801291
v -1.3848898 0.3931110 -0.5987174
v -1.3473093 0.4508202 -0.5743728
v -1.4110836 0.3931110 -0.5801291
v -1.3848898 0.3931110 -0.5987174
v -1.3433052 0.3054410 -0.4893369
v -1.3493966 0.3718973 -0.4979205
v -1.3604466 0.3682511 -0.5038392
v -1.3546891 0.3054410 -0.4957262
v -1.3670750 0.4318484 -0.5228319
v -1.3771549 0.4249130 -0.5273836
v -1.3946097 0.4794257 -0.5616319
v -1.4031787 0.4698800 -0.5640551
v -1.4293053 0.5099724 -0.6105231
v -1.4359709 0.4987507 -0.6102636
v -1.4677659 0.5204980 -0.6647193
v -1.4723213 0.5086988 -0.6614862
v -1.5062263 0.5099723 -0.7189154
v -1.5086715 0.4987507 -0.7127093
v -1.5409221 0.4794257 -0.7678066
v -1.5414637 0.4698800 -0.7589178
v -1.5684566 0.4318483 -0.8066066
v -1.5674877 0.4249130 -0.7955893
v -1.5861349 0.3718972 -0.8315180
v -1.5841960 0.3682511 -0.8191337
v -1.5922265 0.3054410 -0.8401017
v -1.5899533 0.3054410 -0.8272467
v -1.5861349 0.2389847 -0.8315180
v -1.5841960 0.2426308 -0.8191337
v -1.5684566 0.1790336 -0.8066066
v -1.5674877 0.1859690 -0.7955893
v -1.5409218 0.1314563 -0.7678062
v -1.5414637 0.1410020 -0.7589178
v -1.5062260 0.1009097 -0.7189154
v -1.5086715 0.1121314 -0.7127089
v -1.4677657 0.0903841 -0.6647193
v -1.4723211 0.1021833 -0.6614862
v -1.4677657 0.0903841 -0.6647193
v -1.4293053 0.1009098 -0.6105227
v -1.4359707 0.1121315 -0.6102636
v -1.4723211 0.1021833 -0.6614862
v -1.3946095 0.1314565 -0.5616319
v -1.4031787 0.1410022 -0.5640551
v -1.3670750 0.1790340 -0.5228315
v -1.3771547 0.1859694 -0.5273836
v -1.3493966 0.2389851 -0.4979205
v -1.3604463 0.2426312 -0.5038392
v -1.3546891 0.3054410 -0.4957262
v -1.3604466 0.3682511 -0.5038392
v -1.3217489 0.3602910 -0.5613419
v -1.3167213 0.3054410 -0.5542568
v -1.3771549 0.4249130 -0.5273836
v -1.3363399 0.4097720 -0.5819024
v -1.4031787 0.4698800 -0.5640551
v -1.3590658 0.4490402 -0.6139264
v -1.4359709 0.4987507 -0.6102636
v -1.3877020 0.4742520 -0.6542788
v -1.4723213 0.5086988 -0.6614862
v -1.4194456 0.4829394 -0.6990097
v -1.5086715 0.4987507 -0.7127093
v -1.4511890 0.4742520 -0.7437411
v -1.5414637 0.4698800 -0.7589178
v -1.4798252 0.4490402 -0.7840935
v -1.5674877 0.4249130 -0.7955893
v -1.5025511 0.4097720 -0.8161175
v -1.5841960 0.3682511 -0.8191337
v -1.5171421 0.3602910 -0.8366780
v -1.5899533 0.3054410 -0.8272467
v -1.5221697 0.3054410 -0.8437626
v -1.5841960 0.2426308 -0.8191337
v -1.5171421 0.2505910 -0.8366780
v -1.5674877 0.1859690 -0.7955893
v -1.5025511 0.2011101 -0.8161175
v -1.5414637 0.1410020 -0.7589178
v -1.4798252 0.1618418 -0.7840935
v -1.5086715 0.1121314 -0.7127089
v -1.4511890 0.1366301 -0.7437406
v -1.4723211 0.1021833 -0.6614862
v -1.4194454 0.1279427 -0.6990097
v -1.4723211 0.1021833 -0.6614862
v -1.4359707 0.1121315 -0.6102636
v -1.3877018 0.1366302 -0.6542784
v -1.4194454 0.1279427 -0.6990097
v -1.4031787 0.1410022 -0.5640551
v -1.3590656 0.1618420 -0.6139259
v -1.3771547 0.1859694 -0.5273836
v -1.3363397 0.2011104 -0.5819024
v -1.3604463 0.2426312 -0.5038392
v -1.3217489 0.2505913 -0.5613415
v -1.4115545 0.3054410 -0.9683160
v -1.4054629 0.3718973 -0.9597319
v -1.3944131 0.3682511 -0.9538136
v -1.4001704 0.3054410 -0.9619262
v -1.3877845 0.4318484 -0.9348209
v -1.3777048 0.4249130 -0.9302688
v -1.3602500 0.4794257 -0.8960205
v -1.3516808 0.4698800 -0.8935977
v -1.3255542 0.5099724 -0.8471297
v -1.3188886 0.4987507 -0.8473888
v -1.2870938 0.5204980 -0.7929336
v -1.2825384 0.5086988 -0.7961662
v -1.2486332 0.5099724 -0.7387375
v -1.2461880 0.4987507 -0.7449435
v -1.2139376 0.4794258 -0.6898462
v -1.2133958 0.4698801 -0.6987350
v -1.1864029 0.4318483 -0.6510458
v -1.1873720 0.4249130 -0.6620635
v -1.1687246 0.3718972 -0.6261348
v -1.1706637 0.3682511 -0.6385191
v -1.1626332 0.3054410 -0.6175507
v -1.1649062 0.3054410 -0.6304061
v -1.1687248 0.2389847 -0.6261348
v -1.1706637 0.2426308 -0.6385191
v -1.1864031 0.1790337 -0.6510463
v -1.1873720 0.1859691 -0.6620635
v -1.2139379 0.1314563 -0.6898462
v -1.2133960 0.1410020 -0.6987350
v -1.2486334 0.1009097 -0.7387375
v -1.2461882 0.1121314 -0.7449435
v -1.2870938 0.0903842 -0.7929336
v -1.2825384 0.1021833 -0.7961662
v -1.2870938 0.0903842 -0.7929336
v -1.3255544 0.1009098 -0.8471297
v -1.3188888 0.1121315 -0.8473892
v -1.2825384 0.1021833 -0.7961662
v -1.3602500 0.1314565 -0.8960210
v -1.3516810 0.1410022 -0.8935977
v -1.3877847 0.1790340 -0.9348209
v -1.3777048 0.1859694 -0.9302692
v -1.4054629 0.2389851 -0.9597324
v -1.3944131 0.2426312 -0.9538136
v -1.4001704 0.3054410 -0.9619262
v -1.3944131 0.3682511 -0.9538136
v -1.5171421 0.3602910 -0.8366780
v -1.5221697 0.3054410 -0.8437626
v -1.3777048 0.4249130 -0.9302688
v -1.5025511 0.4097720 -0.8161175
v -1.3516808 0.4698800 -0.8935977
v -1.4798252 0.4490402 -0.7840935
v -1.3188886 0.4987507 -0.8473888
v -1.4511890 0.4742520 -0.7437411
v -1.2825384 0.5086988 -0.7961662
v -1.4194456 0.4829394 -0.6990097
v -1.2461880 0.4987507 -0.7449435
v -1.3877020 0.4742520 -0.6542788
v -1.2133958 0.4698801 -0.6987350
v -1.3590658 0.4490402 -0.6139264
v -1.1873720 0.4249130 -0.6620635
v -1.3363399 0.4097720 -0.5819024
v -1.1706637 0.3682511 -0.6385191
v -1.3217489 0.3602910 -0.5613419
v -1.1649062 0.3054410 -0.6304061
v -1.3167213 0.3054410 -0.5542568
v -1.1706637 0.2426308 -0.6385191
v -1.3217489 0.2505913 -0.5613415
v -1.1873720 0.1859691 -0.6620635
v -1.3363397 0.2011104 -0.5819024
v -1.2133960 0.1410020 -0.6987350
v -1.3590656 0.1618420 -0.6139259
v -1.2461882 0.1121314 -0.7449435
v -1.3877018 0.1366302 -0.6542784
v -1.2825384 0.1021833 -0.7961662
v -1.4194454 0.1279427 -0.6990097
v -1.2825384 0.1021833 -0.7961662
v -1.3188888 0.1121315 -0.8473892
v -1.4511890 0.1366301 -0.7437406
v -1.4194454 0.1279427 -0.6990097
v -1.3516810 0.1410022 -0.8935977
v -1.4798252 0.1618418 -0.7840935
v -1.3777048 0.1859694 -0.9302692
v -1.5025511 0.2011101 -0.8161175
v -1.3944131 0.2426312 -0.9538136
v -1.5171421 0.2505910 -0.8366780
v -1.3074481 0.3954487 -0.4388091
v -1.3308219 0.3853401 -0.4603704
v -1.3234982 0.3054411 -0.4500502
v -1.2991978 0.3054411 -0.4271832
v -1.3313913 0.4766457 -0.4725484
v -1.3520763 0.4574180 -0.4903208
v -1.3686841 0.5410840 -0.5250989
v -1.3851806 0.5146194 -0.5369695
v -1.4156754 0.5824559 -0.5913167
v -1.4268945 0.5513449 -0.5957504
v -1.4677659 0.5967118 -0.6647193
v -1.4731348 0.5639997 -0.6609094
v -1.5198564 0.5824559 -0.7381218
v -1.5193749 0.5513449 -0.7260684
v -1.5668477 0.5410840 -0.8043397
v -1.5610889 0.5146194 -0.7848489
v -1.6041404 0.4766456 -0.8568901
v -1.5941933 0.4574180 -0.8314976
v -1.6280836 0.3954485 -0.8906294
v -1.6154477 0.3853400 -0.8614479
v -1.6363340 0.3054409 -0.9022553
v -1.6227713 0.3054409 -0.8717682
v -1.6280836 0.2154333 -0.8906294
v -1.6154475 0.2255419 -0.8614479
v -1.6041402 0.1342363 -0.8568901
v -1.5941933 0.1534639 -0.8314976
v -1.5668475 0.0697979 -0.8043392
v -1.5610887 0.0962626 -0.7848489
v -1.5198562 0.0284261 -0.7381218
v -1.5193749 0.0595371 -0.7260680
v -1.4677657 0.0141704 -0.6647188
v -1.4731346 0.0468824 -0.6609090
v -1.4156752 0.0284262 -0.5913162
v -1.4268942 0.0595372 -0.5957500
v -1.3686838 0.0697984 -0.5250989
v -1.3851804 0.0962629 -0.5369695
v -1.3313911 0.1342368 -0.4725484
v -1.3520761 0.1534644 -0.4903208
v -1.3074479 0.2154339 -0.4388091
v -1.3308219 0.2255424 -0.4603704
v -1.2716652 0.3054411 -0.4293456
v -1.2803170 0.3998275 -0.4415371
v -1.3054252 0.4849748 -0.4769181
v -1.3445321 0.5525480 -0.5320255
v -1.3938097 0.5959327 -0.6014641
v -1.4484342 0.6108821 -0.6784380
v -1.5030588 0.5959327 -0.7554118
v -1.5523364 0.5525480 -0.8248509
v -1.5914433 0.4849747 -0.8799578
v -1.6165515 0.3998274 -0.9153389
v -1.6252031 0.3054409 -0.9275303
v -1.6165513 0.2110544 -0.9153389
v -1.5914433 0.1259071 -0.8799578
v -1.5523362 0.0583339 -0.8248505
v -1.5030586 0.0149493 -0.7554114
v -1.4484340 0.0000000 -0.6784375
v -1.3938093 0.0149495 -0.6014641
v -1.3445319 0.0583343 -0.5320250
v -1.3054250 0.1259077 -0.4769181
v -1.2803170 0.2110550 -0.4415371
v -1.3493968 0.3718973 -0.4979205
v -1.3433052 0.3054410 -0.4893369
v -1.3670752 0.4318484 -0.5228319
v -1.3946097 0.4794258 -0.5616319
v -1.4293055 0.5099724 -0.6105231
v -1.4677659 0.5204980 -0.6647193
v -1.5062263 0.5099723 -0.7189154
v -1.5409221 0.4794257 -0.7678066
v -1.5684566 0.4318483 -0.8066066
v -1.5861349 0.3718972 -0.8315180
v -1.5922265 0.3054410 -0.8401017
v -1.5861349 0.2389847 -0.8315180
v -1.5684566 0.1790336 -0.8066066
v -1.5409218 0.1314562 -0.7678062
v -1.5062263 0.1009097 -0.7189154
v -1.4677657 0.0903841 -0.6647193
v -1.4293053 0.1009098 -0.6105227
v -1.3946095 0.1314565 -0.5616319
v -1.3670750 0.1790340 -0.5228315
v -1.3493966 0.2389851 -0.4979205
v -1.2803170 0.3998275 -0.4415371
v -1.2716652 0.3054411 -0.4293456
v -1.1304098 0.3054411 -0.5295879
v -1.1390616 0.3998275 -0.5417793
v -1.3054252 0.4849748 -0.4769181
v -1.1641696 0.4849748 -0.5771604
v -1.4484342 0.6108821 -0.6784380
v -1.3938097 0.5959327 -0.6014641
v -1.2525541 0.5959327 -0.7017064
v -1.3071788 0.6108821 -0.7786802
v -1.5030588 0.5959327 -0.7554118
v -1.4484342 0.6108821 -0.6784380
v -1.3071788 0.6108821 -0.7786802
v -1.3618034 0.5959327 -0.8556541
v -1.5523364 0.5525480 -0.8248509
v -1.4110810 0.5525480 -0.9250932
v -1.5914433 0.4849747 -0.8799578
v -1.4501879 0.4849747 -0.9802001
v -1.6252031 0.3054409 -0.9275303
v -1.6165515 0.3998274 -0.9153389
v -1.4752959 0.3998274 -1.0155811
v -1.4839477 0.3054409 -1.0277726
v -1.6165513 0.2110544 -0.9153389
v -1.4752959 0.2110544 -1.0155811
v -1.5523362 0.0583339 -0.8248505
v -1.4110808 0.0583339 -0.9250927
v -1.3618032 0.0149493 -0.8556537
v -1.5030586 0.0149493 -0.7554114
v -1.4484340 0.0000000 -0.6784375
v -1.3071786 0.0000000 -0.7786798
v -1.3938093 0.0149495 -0.6014641
v -1.4484340 0.0000000 -0.6784375
v -1.3071786 0.0000000 -0.7786798
v -1.2525539 0.0149495 -0.7017064
v -1.3445319 0.0583343 -0.5320250
v -1.2032763 0.0583343 -0.6322673
v -1.1641696 0.1259077 -0.5771600
v -1.3054250 0.1259077 -0.4769181
v -1.2803170 0.2110550 -0.4415371
v -1.1390613 0.2110550 -0.5417793
v -1.1328417 0.3054411 -0.5853500
v -1.1401654 0.3853401 -0.5956703
v -1.1275292 0.3954487 -0.5664888
v -1.1192791 0.3054411 -0.5548629
v -1.1614196 0.4574180 -0.6256206
v -1.1514727 0.4766457 -0.6002281
v -1.1945242 0.5146194 -0.6722693
v -1.1887652 0.5410840 -0.6527790
v -1.2362380 0.5513449 -0.7310503
v -1.2357567 0.5824559 -0.7189964
v -1.2824783 0.5639997 -0.7962093
v -1.2878472 0.5967118 -0.7923990
v -1.3287184 0.5513449 -0.8613683
v -1.3399375 0.5824559 -0.8658016
v -1.3704323 0.5146194 -0.9201488
v -1.3869290 0.5410840 -0.9320194
v -1.4035368 0.4574180 -0.9667974
v -1.4242216 0.4766456 -0.9845698
v -1.4247910 0.3853400 -0.9967478
v -1.4481650 0.3954485 -1.0183091
v -1.4321147 0.3054409 -1.0070681
v -1.4564153 0.3054409 -1.0299351
v -1.4247910 0.2255419 -0.9967478
v -1.4481648 0.2154333 -1.0183091
v -1.4035366 0.1534639 -0.9667974
v -1.4242216 0.1342363 -0.9845698
v -1.3704323 0.0962626 -0.9201488
v -1.3869288 0.0697979 -0.9320189
v -1.3287182 0.0595371 -0.8613678
v -1.3399373 0.0284261 -0.8658016
v -1.2824781 0.0468824 -0.7962088
v -1.2878470 0.0141704 -0.7923990
v -1.2362378 0.0595372 -0.7310498
v -1.2357565 0.0284262 -0.7189959
v -1.1945239 0.0962629 -0.6722693
v -1.1887652 0.0697984 -0.6527786
v -1.1614196 0.1534644 -0.6256206
v -1.1514724 0.1342368 -0.6002281
v -1.1401654 0.2255424 -0.5956703
v -1.1275292 0.2154339 -0.5664888
v -1.1390616 0.3998275 -0.5417793
v -1.1304098 0.3054411 -0.5295879
v -1.1641696 0.4849748 -0.5771604
v -1.2032767 0.5525480 -0.6322677
v -1.2525541 0.5959327 -0.7017064
v -1.3071788 0.6108821 -0.7786802
v -1.3618034 0.5959327 -0.8556541
v -1.4110810 0.5525480 -0.9250932
v -1.4501879 0.4849747 -0.9802001
v -1.4752959 0.3998274 -1.0155811
v -1.4839477 0.3054409 -1.0277726
v -1.4752959 0.2110544 -1.0155811
v -1.4501877 0.1259071 -0.9802001
v -1.4110808 0.0583339 -0.9250927
v -1.3618032 0.0149493 -0.8556537
v -1.3071786 0.0000000 -0.7786798
v -1.2525539 0.0149495 -0.7017064
v -1.2032763 0.0583343 -0.6322673
v -1.1641696 0.1259077 -0.5771600
v -1.1390613 0.2110550 -0.5417793
v -1.1633866 0.3054410 -0.6170166
v -1.1694780 0.3718973 -0.6256002
v -1.1871563 0.4318484 -0.6505116
v -1.2146910 0.4794258 -0.6893116
v -1.2493866 0.5099724 -0.7382028
v -1.2878472 0.5204980 -0.7923990
v -1.3263076 0.5099724 -0.8465951
v -1.3610032 0.4794257 -0.8954863
v -1.3885379 0.4318483 -0.9342863
v -1.4062163 0.3718972 -0.9591977
v -1.4123078 0.3054410 -0.9677814
v -1.4062163 0.2389847 -0.9591977
v -1.3885379 0.1790336 -0.9342863
v -1.3610032 0.1314562 -0.8954863
v -1.3263074 0.1009097 -0.8465951
v -1.2878470 0.0903841 -0.7923990
v -1.2493864 0.1009098 -0.7382028
v -1.2146908 0.1314565 -0.6893116
v -1.1871563 0.1790340 -0.6505116
v -1.1694780 0.2389851 -0.6256002
v -1.3445321 0.5525480 -0.5320255
v -1.2032767 0.5525480 -0.6322677
v -1.4501877 0.1259071 -0.9802001
v -1.5914433 0.1259071 -0.8799578
v -1.3149956 0.3054410 -0.5636894
v -1.3282391 0.3908433 -0.5823512
v -1.4523101 0.3054410 -0.6756873
v -1.3644208 0.4533621 -0.6333366
v -1.4138460 0.4762457 -0.7029837
v -1.4632712 0.4533621 -0.7726304
v -1.4994529 0.3908433 -0.8236158
v -1.5126964 0.3054411 -0.8422776
v -1.4994529 0.2200388 -0.8236158
v -1.4632712 0.1575199 -0.7726304
v -1.4138460 0.1346364 -0.7029837
v -1.3644210 0.1575199 -0.6333366
v -1.3282391 0.2200386 -0.5823517
v 0.1889485 0.3054411 1.6514419
v 0.1901937 0.3269067 1.6476813
v 0.1355665 0.3303615 1.5993155
v 0.1283186 0.3054411 1.5920319
v 0.1014515 0.3445509 1.5612391
v 0.1057537 0.3054411 1.5673016
v 0.1355665 0.2805208 1.5993155
v 0.1901937 0.2839756 1.6476813
v 0.1014515 0.2663314 1.5612391
v 0.1237869 0.2516719 1.5827160
v 0.1441893 0.1448440 1.5883705
v 0.1556585 0.1600620 1.5990164
v 0.1180780 0.2177712 1.5746714
v 0.1017623 0.2101571 1.5546107
v 0.0864376 0.2361351 1.5400827
v 0.0955266 0.1866961 1.5428934
v 0.1362335 0.1332950 1.5716439
v 0.0660595 0.2175624 1.5113670
v 0.0751286 0.1846228 1.5141499
v 0.0436170 0.1051798 1.4466495
v 0.0420920 0.1866239 1.4705265
v 0.0281090 0.1822888 1.4478924
v 0.0344109 0.1122439 1.4281618
v 0.0219264 0.2349678 1.4491768
v 0.0144530 0.2085523 1.4286494
v -0.0370357 0.2163164 1.3329985
v -0.0057605 0.2525625 1.4030958
v -0.0159193 0.2706177 1.3858502
v -0.0385990 0.2366742 1.3252799
v 0.0022850 0.3054411 1.4214999
v -0.0125504 0.3054411 1.3905978
v 0.0586336 0.1026909 1.4622947
v 0.0562304 0.1711982 1.4875192
v 0.0430354 0.2190179 1.4789229
v -0.0278190 0.1979949 1.3404706
v -0.0034043 0.2257129 1.4034859
v 0.0082294 0.2669792 1.4298767
v -0.0370357 0.3945658 1.3329985
v -0.0385990 0.3742080 1.3252799
v -0.0159193 0.3402645 1.3858502
v -0.0057605 0.3583198 1.4030958
v 0.0082294 0.3439031 1.4298767
v -0.0034043 0.3851694 1.4034859
v -0.0278190 0.4128874 1.3404706
v 0.0219264 0.3759144 1.4491768
v 0.0144530 0.4023299 1.4286494
v 0.0436170 0.5057024 1.4466495
v 0.0344109 0.4986383 1.4281618
v 0.0281090 0.4285934 1.4478924
v 0.0420920 0.4242583 1.4705265
v 0.0430354 0.3918643 1.4789229
v 0.0562304 0.4396840 1.4875192
v 0.0586336 0.5081913 1.4622947
v 0.0660595 0.3933199 1.5113670
v 0.0751286 0.4262595 1.5141499
v 0.1441893 0.4660383 1.5883705
v 0.1362335 0.4775872 1.5716434
v 0.0955266 0.4241862 1.5428934
v 0.1017623 0.4007252 1.5546107
v 0.0864376 0.3747472 1.5400827
v 0.1180780 0.3931111 1.5746714
v 0.1556585 0.4508203 1.5990160
v 0.1237869 0.3592104 1.5827160
v 0.1014515 0.3445509 1.5612391
v 0.0746253 0.3054411 1.4806927
v 0.1057537 0.3054411 1.5673016
v 0.1014515 0.2663314 1.5612391
v 0.0864376 0.2361351 1.5400827
v 0.0660595 0.2175624 1.5113670
v 0.0430354 0.2190179 1.4789229
v 0.0219264 0.2349678 1.4491768
v 0.0082294 0.2669792 1.4298767
v 0.0022850 0.3054411 1.4214999
v 0.0082294 0.3439031 1.4298767
v 0.0219264 0.3759144 1.4491768
v 0.0430354 0.3918643 1.4789229
v 0.0660595 0.3933199 1.5113670
v 0.0864376 0.3747472 1.5400827
v 0.1355665 0.3303615 1.5993155
v 0.1901937 0.3269067 1.6476813
v 0.2163873 0.3269066 1.6290926
v 0.1617606 0.3303615 1.5807268
v 0.1237869 0.3592104 1.5827160
v 0.1355665 0.3303615 1.5993155
v 0.1617606 0.3303615 1.5807268
v 0.1499805 0.3592104 1.5641273
v 0.1901937 0.2839756 1.6476813
v 0.1355665 0.2805208 1.5993155
v 0.1617606 0.2805208 1.5807268
v 0.2163873 0.2839756 1.6290926
v 0.1355665 0.2805208 1.5993155
v 0.1237869 0.2516719 1.5827160
v 0.1499805 0.2516719 1.5641273
v 0.1617606 0.2805208 1.5807268
v 0.1180780 0.2177712 1.5746714
v 0.1556585 0.1600620 1.5990164
v 0.1818521 0.1600620 1.5804277
v 0.1442720 0.2177712 1.5560831
v 0.1180780 0.2177712 1.5746714
v 0.1442720 0.2177712 1.5560831
v 0.1362335 0.1332950 1.5716439
v 0.0955266 0.1866961 1.5428934
v 0.1217202 0.1866961 1.5243047
v 0.1624271 0.1332950 1.5530552
v 0.0955266 0.1866961 1.5428934
v 0.0751286 0.1846228 1.5141499
v 0.1013226 0.1846228 1.4955612
v 0.1217202 0.1866961 1.5243047
v 0.0344109 0.1122439 1.4281618
v 0.0281090 0.1822888 1.4478924
v 0.0543026 0.1822888 1.4293038
v 0.0606049 0.1122439 1.4095731
v 0.0281090 0.1822888 1.4478924
v 0.0144530 0.2085523 1.4286494
v 0.0406466 0.2085523 1.4100607
v 0.0543026 0.1822888 1.4293038
v -0.0385990 0.2366742 1.3252799
v -0.0159193 0.2706177 1.3858502
v 0.0102743 0.2706177 1.3672620
v -0.0124054 0.2366742 1.3066912
v -0.0159193 0.2706177 1.3858502
v -0.0125504 0.3054411 1.3905978
v 0.0136436 0.3054411 1.3720096
v 0.0102743 0.2706177 1.3672620
v 0.0562304 0.1711982 1.4875192
v 0.0586336 0.1026909 1.4622947
v 0.0848276 0.1026909 1.4437060
v 0.0824240 0.1711982 1.4689309
v 0.0562304 0.1711982 1.4875192
v 0.0824240 0.1711982 1.4689309
v -0.0034043 0.2257129 1.4034859
v -0.0278190 0.1979949 1.3404706
v -0.0016254 0.1979949 1.3218819
v 0.0227893 0.2257129 1.3848972
v -0.0034043 0.2257129 1.4034859
v 0.0227893 0.2257129 1.3848972
v -0.0159193 0.3402645 1.3858502
v -0.0385990 0.3742080 1.3252799
v -0.0124054 0.3742080 1.3066912
v 0.0102743 0.3402645 1.3672620
v -0.0159193 0.3402645 1.3858502
v 0.0102743 0.3402645 1.3672620
v -0.0278190 0.4128874 1.3404706
v -0.0034043 0.3851694 1.4034859
v 0.0227893 0.3851694 1.3848972
v -0.0016254 0.4128874 1.3218819
v -0.0034043 0.3851694 1.4034859
v 0.0144530 0.4023299 1.4286494
v 0.0406466 0.4023299 1.4100607
v 0.0227893 0.3851694 1.3848972
v 0.0281090 0.4285934 1.4478924
v 0.0344109 0.4986383 1.4281618
v 0.0606049 0.4986383 1.4095731
v 0.0543026 0.4285934 1.4293038
v 0.0281090 0.4285934 1.4478924
v 0.0543026 0.4285934 1.4293038
v 0.0586336 0.5081913 1.4622947
v 0.0562304 0.4396840 1.4875192
v 0.0824240 0.4396840 1.4689309
v 0.0848276 0.5081913 1.4437060
v 0.0562304 0.4396840 1.4875192
v 0.0751286 0.4262595 1.5141499
v 0.1013226 0.4262595 1.4955612
v 0.0824240 0.4396840 1.4689309
v 0.0955266 0.4241862 1.5428934
v 0.1362335 0.4775872 1.5716434
v 0.1624271 0.4775872 1.5530552
v 0.1217202 0.4241862 1.5243047
v 0.0955266 0.4241862 1.5428934
v 0.1217202 0.4241862 1.5243047
v 0.1556585 0.4508203 1.5990160
v 0.1180780 0.3931111 1.5746714
v 0.1442716 0.3931111 1.5560831
v 0.1818521 0.4508203 1.5804277
v 0.1180780 0.3931111 1.5746714
v 0.1442716 0.3931111 1.5560831
v 0.1858566 0.3054411 1.6654637
v 0.1797650 0.3718974 1.6568801
v 0.1687150 0.3682512 1.6509613
v 0.1744723 0.3054411 1.6590743
v 0.1620866 0.4318484 1.6319686
v 0.1520067 0.4249131 1.6274169
v 0.1345521 0.4794258 1.5931686
v 0.1259829 0.4698801 1.5907454
v 0.0998563 0.5099724 1.5442774
v 0.0931909 0.4987508 1.5445369
v 0.0613959 0.5204980 1.4900813
v 0.0568403 0.5086989 1.4933143
v 0.0229351 0.5099724 1.4358851
v 0.0204901 0.4987508 1.4420912
v -0.0117602 0.4794258 1.3869939
v -0.0123023 0.4698801 1.3958827
v -0.0392952 0.4318484 1.3481939
v -0.0383261 0.4249131 1.3592112
v -0.0569735 0.3718973 1.3232825
v -0.0550344 0.3682512 1.3356668
v -0.0630647 0.3054410 1.3146989
v -0.0607917 0.3054410 1.3275538
v -0.0569735 0.2389848 1.3232825
v -0.0550344 0.2426309 1.3356668
v -0.0392952 0.1790337 1.3481939
v -0.0383261 0.1859691 1.3592112
v -0.0117602 0.1314563 1.3869943
v -0.0123018 0.1410021 1.3958827
v 0.0229356 0.1009098 1.4358851
v 0.0204901 0.1121314 1.4420917
v 0.0613959 0.0903842 1.4900813
v 0.0568403 0.1021834 1.4933143
v 0.0613959 0.0903842 1.4900813
v 0.0998563 0.1009099 1.5442778
v 0.0931909 0.1121316 1.5445369
v 0.0568403 0.1021834 1.4933143
v 0.1345521 0.1314566 1.5931686
v 0.1259829 0.1410023 1.5907454
v 0.1620866 0.1790341 1.6319690
v 0.1520067 0.1859695 1.6274169
v 0.1797650 0.2389852 1.6568801
v 0.1687150 0.2426313 1.6509613
v 0.1744723 0.3054411 1.6590743
v 0.1687150 0.3682512 1.6509613
v 0.2074127 0.3602911 1.5934586
v 0.2124403 0.3054411 1.6005437
v 0.1520067 0.4249131 1.6274169
v 0.1928219 0.4097721 1.5728981
v 0.1259829 0.4698801 1.5907454
v 0.1700960 0.4490403 1.5408742
v 0.0931909 0.4987508 1.5445369
v 0.1414596 0.4742522 1.5005217
v 0.0568403 0.5086989 1.4933143
v 0.1097160 0.4829395 1.4557908
v 0.0204901 0.4987508 1.4420912
v 0.0779724 0.4742522 1.4110594
v -0.0123023 0.4698801 1.3958827
v 0.0493364 0.4490403 1.3707070
v -0.0383261 0.4249131 1.3592112
v 0.0266105 0.4097720 1.3386830
v -0.0550344 0.3682512 1.3356668
v 0.0120197 0.3602911 1.3181226
v -0.0607917 0.3054410 1.3275538
v 0.0069917 0.3054411 1.3110379
v -0.0550344 0.2426309 1.3356668
v 0.0120197 0.2505910 1.3181226
v -0.0383261 0.1859691 1.3592112
v 0.0266105 0.2011102 1.3386830
v -0.0123018 0.1410021 1.3958827
v 0.0493364 0.1618419 1.3707070
v 0.0204901 0.1121314 1.4420917
v 0.0779728 0.1366302 1.4110599
v 0.0568403 0.1021834 1.4933143
v 0.1097164 0.1279428 1.4557908
v 0.0568403 0.1021834 1.4933143
v 0.0931909 0.1121316 1.5445369
v 0.1414596 0.1366303 1.5005221
v 0.1097164 0.1279428 1.4557908
v 0.1259829 0.1410023 1.5907454
v 0.1700960 0.1618421 1.5408746
v 0.1520067 0.1859695 1.6274169
v 0.1928219 0.2011105 1.5728981
v 0.1687150 0.2426313 1.6509613
v 0.2074127 0.2505914 1.5934590
v 0.1176074 0.3054411 1.1864845
v 0.1236985 0.3718973 1.1950686
v 0.1347485 0.3682512 1.2009869
v 0.1289912 0.3054411 1.1928744
v 0.1413769 0.4318484 1.2199796
v 0.1514568 0.4249131 1.2245318
v 0.1689118 0.4794258 1.2587800
v 0.1774806 0.4698801 1.2612028
v 0.2036072 0.5099725 1.3076708
v 0.2102730 0.4987508 1.3074118
v 0.2420680 0.5204981 1.3618669
v 0.2466232 0.5086989 1.3586344
v 0.2805284 0.5099724 1.4160631
v 0.2829734 0.4987508 1.4098570
v 0.3152237 0.4794258 1.4649543
v 0.3157658 0.4698801 1.4560655
v 0.3427587 0.4318484 1.5037547
v 0.3417896 0.4249131 1.4927370
v 0.3604370 0.3718973 1.5286657
v 0.3584979 0.3682512 1.5162814
v 0.3665286 0.3054411 1.5372498
v 0.3642552 0.3054411 1.5243944
v 0.3604370 0.2389848 1.5286657
v 0.3584979 0.2426309 1.5162814
v 0.3427587 0.1790337 1.5037543
v 0.3417896 0.1859691 1.4927370
v 0.3152237 0.1314564 1.4649543
v 0.3157658 0.1410021 1.4560655
v 0.2805284 0.1009098 1.4160631
v 0.2829734 0.1121315 1.4098570
v 0.2420676 0.0903842 1.3618669
v 0.2466232 0.1021834 1.3586344
v 0.2420676 0.0903842 1.3618669
v 0.2036072 0.1009099 1.3076708
v 0.2102726 0.1121316 1.3074113
v 0.2466232 0.1021834 1.3586344
v 0.1689114 0.1314566 1.2587796
v 0.1774806 0.1410023 1.2612028
v 0.1413769 0.1790341 1.2199796
v 0.1514568 0.1859694 1.2245313
v 0.1236985 0.2389852 1.1950681
v 0.1347485 0.2426313 1.2009869
v 0.1289912 0.3054411 1.1928744
v 0.1347485 0.3682512 1.2009869
v 0.0120197 0.3602911 1.3181226
v 0.0069917 0.3054411 1.3110379
v 0.1514568 0.4249131 1.2245318
v 0.0266105 0.4097720 1.3386830
v 0.1774806 0.4698801 1.2612028
v 0.0493364 0.4490403 1.3707070
v 0.2102730 0.4987508 1.3074118
v 0.0779724 0.4742522 1.4110594
v 0.2466232 0.5086989 1.3586344
v 0.1097160 0.4829395 1.4557908
v 0.2829734 0.4987508 1.4098570
v 0.1414596 0.4742522 1.5005217
v 0.3157658 0.4698801 1.4560655
v 0.1700960 0.4490403 1.5408742
v 0.3417896 0.4249131 1.4927370
v 0.1928219 0.4097721 1.5728981
v 0.3584979 0.3682512 1.5162814
v 0.2074127 0.3602911 1.5934586
v 0.3642552 0.3054411 1.5243944
v 0.2124403 0.3054411 1.6005437
v 0.3584979 0.2426309 1.5162814
v 0.2074127 0.2505914 1.5934590
v 0.3417896 0.1859691 1.4927370
v 0.1928219 0.2011105 1.5728981
v 0.3157658 0.1410021 1.4560655
v 0.1700960 0.1618421 1.5408746
v 0.2829734 0.1121315 1.4098570
v 0.1414596 0.1366303 1.5005221
v 0.2466232 0.1021834 1.3586344
v 0.1097164 0.1279428 1.4557908
v 0.2466232 0.1021834 1.3586344
v 0.2102726 0.1121316 1.3074113
v 0.0779728 0.1366302 1.4110599
v 0.1097164 0.1279428 1.4557908
v 0.1774806 0.1410023 1.2612028
v 0.0493364 0.1618419 1.3707070
v 0.1514568 0.1859694 1.2245313
v 0.0266105 0.2011102 1.3386830
v 0.1347485 0.2426313 1.2009869
v 0.0120197 0.2505910 1.3181226
v 0.2217135 0.3954488 1.7159914
v 0.1983397 0.3853401 1.6944301
v 0.2056634 0.3054411 1.7047504
v 0.2299640 0.3054411 1.7276174
v 0.1977703 0.4766458 1.6822521
v 0.1770853 0.4574181 1.6644798
v 0.1604775 0.5410841 1.6297017
v 0.1439812 0.5146195 1.6178311
v 0.1134862 0.5824560 1.5634839
v 0.1022669 0.5513450 1.5590501
v 0.0613959 0.5967118 1.4900813
v 0.0560271 0.5639998 1.4938911
v 0.0093052 0.5824560 1.4166787
v 0.0097867 0.5513450 1.4287321
v -0.0376861 0.5410840 1.3504609
v -0.0319271 0.5146194 1.3699516
v -0.0749788 0.4766457 1.2979104
v -0.0650317 0.4574180 1.3233029
v -0.0989220 0.3954486 1.2641711
v -0.0862861 0.3853401 1.2933526
v -0.1071722 0.3054410 1.2525452
v -0.0936097 0.3054410 1.2830323
v -0.0989220 0.2154334 1.2641711
v -0.0862861 0.2255420 1.2933526
v -0.0749784 0.1342363 1.2979104
v -0.0650317 0.1534640 1.3233029
v -0.0376861 0.0697980 1.3504613
v -0.0319271 0.0962627 1.3699516
v 0.0093057 0.0284262 1.4166787
v 0.0097867 0.0595372 1.4287326
v 0.0613959 0.0141704 1.4900817
v 0.0560271 0.0468825 1.4938916
v 0.1134862 0.0284263 1.5634843
v 0.1022674 0.0595373 1.5590506
v 0.1604780 0.0697984 1.6297017
v 0.1439812 0.0962630 1.6178311
v 0.1977703 0.1342369 1.6822521
v 0.1770853 0.1534645 1.6644798
v 0.2217135 0.2154340 1.7159919
v 0.1983397 0.2255425 1.6944301
v 0.2574964 0.3054411 1.7254549
v 0.2488449 0.3998276 1.7132635
v 0.2237366 0.4849749 1.6778824
v 0.1846297 0.5525481 1.6227755
v 0.1353519 0.5959328 1.5533364
v 0.0807274 0.6108822 1.4763626
v 0.0261028 0.5959328 1.3993887
v -0.0231746 0.5525481 1.3299496
v -0.0622819 0.4849748 1.2748427
v -0.0873897 0.3998275 1.2394617
v -0.0960417 0.3054410 1.2272702
v -0.0873897 0.2110545 1.2394617
v -0.0622815 0.1259072 1.2748427
v -0.0231746 0.0583340 1.3299501
v 0.0261028 0.0149494 1.3993891
v 0.0807278 0.0000001 1.4763630
v 0.1353523 0.0149496 1.5533364
v 0.1846297 0.0583344 1.6227755
v 0.2237366 0.1259078 1.6778828
v 0.2488449 0.2110551 1.7132635
v 0.1797650 0.3718974 1.6568801
v 0.1858566 0.3054411 1.6654637
v 0.1620866 0.4318485 1.6319686
v 0.1345517 0.4794258 1.5931686
v 0.0998563 0.5099724 1.5442774
v 0.0613959 0.5204980 1.4900813
v 0.0229351 0.5099724 1.4358851
v -0.0117602 0.4794258 1.3869939
v -0.0392952 0.4318484 1.3481939
v -0.0569735 0.3718973 1.3232825
v -0.0630647 0.3054410 1.3146989
v -0.0569735 0.2389848 1.3232825
v -0.0392948 0.1790337 1.3481939
v -0.0117602 0.1314563 1.3869943
v 0.0229356 0.1009098 1.4358851
v 0.0613959 0.0903842 1.4900813
v 0.0998563 0.1009099 1.5442778
v 0.1345521 0.1314566 1.5931686
v 0.1620866 0.1790341 1.6319690
v 0.1797650 0.2389852 1.6568801
v 0.2488449 0.3998276 1.7132635
v 0.2574964 0.3054411 1.7254549
v 0.3987520 0.3054411 1.6252126
v 0.3901000 0.3998276 1.6130212
v 0.2237366 0.4849749 1.6778824
v 0.3649918 0.4849749 1.5776401
v 0.0807274 0.6108822 1.4763626
v 0.1353519 0.5959328 1.5533364
v 0.2766075 0.5959328 1.4530942
v 0.2219830 0.6108822 1.3761203
v 0.0261028 0.5959328 1.3993887
v 0.0807274 0.6108822 1.4763626
v 0.2219830 0.6108822 1.3761203
v 0.1673584 0.5959328 1.2991464
v -0.0231746 0.5525481 1.3299496
v 0.1180806 0.5525481 1.2297073
v -0.0622819 0.4849748 1.2748427
v 0.0789737 0.4849748 1.1746004
v -0.0960417 0.3054410 1.2272702
v -0.0873897 0.3998275 1.2394617
v 0.0538655 0.3998275 1.1392194
v 0.0452139 0.3054410 1.1270279
v -0.0873897 0.2110545 1.2394617
v 0.0538655 0.2110545 1.1392194
v -0.0231746 0.0583340 1.3299501
v 0.1180806 0.0583340 1.2297078
v 0.1673584 0.0149494 1.2991468
v 0.0261028 0.0149494 1.3993891
v 0.0807278 0.0000001 1.4763630
v 0.2219830 0.0000001 1.3761207
v 0.1353523 0.0149496 1.5533364
v 0.0807278 0.0000001 1.4763630
v 0.2219830 0.0000001 1.3761207
v 0.2766075 0.0149496 1.4530942
v 0.1846297 0.0583344 1.6227755
v 0.3258853 0.0583344 1.5225332
v 0.3649922 0.1259078 1.5776406
v 0.2237366 0.1259078 1.6778828
v 0.2488449 0.2110551 1.7132635
v 0.3901000 0.2110551 1.6130212
v 0.3963201 0.3054411 1.5694505
v 0.3889964 0.3853401 1.5591302
v 0.4016324 0.3954488 1.5883117
v 0.4098825 0.3054411 1.5999377
v 0.3677420 0.4574181 1.5291799
v 0.3776892 0.4766458 1.5545724
v 0.3346374 0.5146195 1.4825312
v 0.3403964 0.5410841 1.5020215
v 0.2929236 0.5513450 1.4237503
v 0.2934047 0.5824560 1.4358042
v 0.2466833 0.5639998 1.3585913
v 0.2413144 0.5967118 1.3624016
v 0.2004430 0.5513450 1.2934323
v 0.1892241 0.5824560 1.2889990
v 0.1587291 0.5146194 1.2346518
v 0.1422328 0.5410840 1.2227812
v 0.1256250 0.4574180 1.1880031
v 0.1049401 0.4766457 1.1702307
v 0.1043706 0.3853401 1.1580527
v 0.0809968 0.3954486 1.1364914
v 0.0970469 0.3054410 1.1477325
v 0.0727463 0.3054410 1.1248655
v 0.1043706 0.2255420 1.1580527
v 0.0809968 0.2154334 1.1364914
v 0.1256250 0.1534640 1.1880031
v 0.1049401 0.1342363 1.1702307
v 0.1587296 0.0962627 1.2346518
v 0.1422328 0.0697980 1.2227816
v 0.2004434 0.0595372 1.2934327
v 0.1892241 0.0284262 1.2889990
v 0.2466837 0.0468825 1.3585917
v 0.2413148 0.0141704 1.3624016
v 0.2929240 0.0595373 1.4237507
v 0.2934051 0.0284263 1.4358046
v 0.3346379 0.0962630 1.4825312
v 0.3403964 0.0697984 1.5020220
v 0.3677420 0.1534645 1.5291799
v 0.3776892 0.1342369 1.5545724
v 0.3889964 0.2255425 1.5591302
v 0.4016324 0.2154340 1.5883117
v 0.3901000 0.3998276 1.6130212
v 0.3987520 0.3054411 1.6252126
v 0.3649918 0.4849749 1.5776401
v 0.3258849 0.5525481 1.5225328
v 0.2766075 0.5959328 1.4530942
v 0.2219830 0.6108822 1.3761203
v 0.1673584 0.5959328 1.2991464
v 0.1180806 0.5525481 1.2297073
v 0.0789737 0.4849748 1.1746004
v 0.0538655 0.3998275 1.1392194
v 0.0452139 0.3054410 1.1270279
v 0.0538655 0.2110545 1.1392194
v 0.0789737 0.1259072 1.1746004
v 0.1180806 0.0583340 1.2297078
v 0.1673584 0.0149494 1.2991468
v 0.2219830 0.0000001 1.3761207
v 0.2766075 0.0149496 1.4530942
v 0.3258853 0.0583344 1.5225332
v 0.3649922 0.1259078 1.5776406
v 0.3901000 0.2110551 1.6130212
v 0.3657750 0.3054411 1.5377840
v 0.3596834 0.3718974 1.5292004
v 0.3420051 0.4318485 1.5042889
v 0.3144706 0.4794258 1.4654889
v 0.2797748 0.5099724 1.4165977
v 0.2413144 0.5204980 1.3624016
v 0.2028540 0.5099724 1.3082054
v 0.1681582 0.4794258 1.2593142
v 0.1406237 0.4318484 1.2205142
v 0.1229454 0.3718973 1.1956028
v 0.1168538 0.3054410 1.1870192
v 0.1229454 0.2389848 1.1956028
v 0.1406237 0.1790337 1.2205142
v 0.1681586 0.1314563 1.2593142
v 0.2028540 0.1009098 1.3082054
v 0.2413148 0.0903842 1.3624016
v 0.2797752 0.1009099 1.4165977
v 0.3144706 0.1314566 1.4654889
v 0.3420055 0.1790341 1.5042889
v 0.3596839 0.2389852 1.5292004
v 0.1846297 0.5525481 1.6227755
v 0.3258849 0.5525481 1.5225328
v 0.0789737 0.1259072 1.1746004
v -0.0622815 0.1259072 1.2748427
v 0.2141660 0.3054411 1.5911111
v 0.2009223 0.3908434 1.5724493
v 0.0768518 0.3054411 1.4791132
v 0.1647406 0.4533623 1.5214640
v 0.1153156 0.4762457 1.4518168
v 0.0658902 0.4533623 1.3821701
v 0.0297085 0.3908434 1.3311847
v 0.0164652 0.3054411 1.3125229
v 0.0297085 0.2200388 1.3311847
v 0.0658902 0.1575200 1.3821701
v 0.1153156 0.1346365 1.4518168
v 0.1647406 0.1575199 1.5214640
v 0.2009223 0.2200387 1.5724489
v -0.2707094 0.3054410 -1.7660917
v -0.2719546 0.3269065 -1.7623308
v -0.2173274 0.3303614 -1.7139650
v -0.2100795 0.3054410 -1.7066816
v -0.1832126 0.3445508 -1.6758891
v -0.1875144 0.3054410 -1.6819513
v -0.2173274 0.2805206 -1.7139650
v -0.2719546 0.2839755 -1.7623308
v -0.1832126 0.2663313 -1.6758891
v -0.2055478 0.2516718 -1.6973657
v -0.2259504 0.1448438 -1.7030200
v -0.2374194 0.1600619 -1.7136659
v -0.1998389 0.2177711 -1.6893213
v -0.1835235 0.2101569 -1.6692605
v -0.1681987 0.2361349 -1.6547324
v -0.1772873 0.1866959 -1.6575431
v -0.2179944 0.1332949 -1.6862934
v -0.1478202 0.2175623 -1.6260165
v -0.1568897 0.1846227 -1.6287996
v -0.1253782 0.1051797 -1.5612994
v -0.1238526 0.1866238 -1.5851760
v -0.1098697 0.1822887 -1.5625422
v -0.1161720 0.1122438 -1.5428115
v -0.1036871 0.2349677 -1.5638267
v -0.0962136 0.2085522 -1.5432991
v -0.0447250 0.2163163 -1.4476482
v -0.0760006 0.2525623 -1.5177455
v -0.0658414 0.2706176 -1.5004999
v -0.0431616 0.2366740 -1.4399297
v -0.0840461 0.3054410 -1.5361496
v -0.0692107 0.3054410 -1.5052476
v -0.1403947 0.1026908 -1.5769444
v -0.1379911 0.1711981 -1.6021689
v -0.1247965 0.2190178 -1.5935727
v -0.0539417 0.1979948 -1.4551203
v -0.0783568 0.2257128 -1.5181356
v -0.0899906 0.2669791 -1.5445264
v -0.0447250 0.3945657 -1.4476482
v -0.0431616 0.3742079 -1.4399297
v -0.0658414 0.3402644 -1.5004999
v -0.0760006 0.3583197 -1.5177455
v -0.0899906 0.3439029 -1.5445264
v -0.0783568 0.3851693 -1.5181356
v -0.0539417 0.4128873 -1.4551203
v -0.1036871 0.3759143 -1.5638267
v -0.0962136 0.4023298 -1.5432991
v -0.1253782 0.5057023 -1.5612994
v -0.1161720 0.4986382 -1.5428115
v -0.1098697 0.4285933 -1.5625422
v -0.1238526 0.4242582 -1.5851760
v -0.1247965 0.3918642 -1.5935727
v -0.1379911 0.4396839 -1.6021689
v -0.1403947 0.5081912 -1.5769444
v -0.1478202 0.3933197 -1.6260165
v -0.1568897 0.4262594 -1.6287996
v -0.2259504 0.4660382 -1.7030200
v -0.2179944 0.4775871 -1.6862934
v -0.1772873 0.4241861 -1.6575431
v -0.1835235 0.4007250 -1.6692605
v -0.1681987 0.3747470 -1.6547324
v -0.1998389 0.3931110 -1.6893213
v -0.2374194 0.4508202 -1.7136659
v -0.2055478 0.3592103 -1.6973657
v -0.1832126 0.3445508 -1.6758891
v -0.1563864 0.3054410 -1.5953426
v -0.1875144 0.3054410 -1.6819513
v -0.1832126 0.2663313 -1.6758891
v -0.1681987 0.2361349 -1.6547324
v -0.1478202 0.2175623 -1.6260165
v -0.1247965 0.2190178 -1.5935727
v -0.1036871 0.2349677 -1.5638267
v -0.0899906 0.2669791 -1.5445264
v -0.0840461 0.3054410 -1.5361496
v -0.0899906 0.3439029 -1.5445264
v -0.1036871 0.3759143 -1.5638267
v -0.1247965 0.3918642 -1.5935727
v -0.1478202 0.3933197 -1.6260165
v -0.1681987 0.3747470 -1.6547324
v -0.2173274 0.3303614 -1.7139650
v -0.2719546 0.3269065 -1.7623308
v -0.2981484 0.3269065 -1.7437423
v -0.2435212 0.3303614 -1.6953766
v -0.2055478 0.3592103 -1.6973657
v -0.2173274 0.3303614 -1.7139650
v -0.2435212 0.3303614 -1.6953766
v -0.2317414 0.3592103 -1.6787773
v -0.2719546 0.2839755 -1.7623308
v -0.2173274 0.2805206 -1.7139650
v -0.2435212 0.2805206 -1.6953766
v -0.2981484 0.2839755 -1.7437423
v -0.2173274 0.2805206 -1.7139650
v -0.2055478 0.2516718 -1.6973657
v -0.2317416 0.2516718 -1.6787773
v -0.2435212 0.2805206 -1.6953766
v -0.1998389 0.2177711 -1.6893213
v -0.2374194 0.1600619 -1.7136659
v -0.2636132 0.1600619 -1.6950775
v -0.2260327 0.2177711 -1.6707329
v -0.1998389 0.2177711 -1.6893213
v -0.2260327 0.2177711 -1.6707329
v -0.2179944 0.1332949 -1.6862934
v -0.1772873 0.1866959 -1.6575431
v -0.2034811 0.1866959 -1.6389544
v -0.2441882 0.1332949 -1.6677049
v -0.1772873 0.1866959 -1.6575431
v -0.1568897 0.1846227 -1.6287996
v -0.1830833 0.1846227 -1.6102111
v -0.2034811 0.1866959 -1.6389544
v -0.1161720 0.1122438 -1.5428115
v -0.1098697 0.1822887 -1.5625422
v -0.1360637 0.1822887 -1.5439535
v -0.1423656 0.1122438 -1.5242229
v -0.1098697 0.1822887 -1.5625422
v -0.0962136 0.2085522 -1.5432991
v -0.1224077 0.2085522 -1.5247105
v -0.1360637 0.1822887 -1.5439535
v -0.0431616 0.2366740 -1.4399297
v -0.0658414 0.2706176 -1.5004999
v -0.0920355 0.2706176 -1.4819117
v -0.0693557 0.2366741 -1.4213410
v -0.0658414 0.2706176 -1.5004999
v -0.0692107 0.3054410 -1.5052476
v -0.0954043 0.3054410 -1.4866593
v -0.0920355 0.2706176 -1.4819117
v -0.1379911 0.1711981 -1.6021689
v -0.1403947 0.1026908 -1.5769444
v -0.1665883 0.1026908 -1.5583559
v -0.1641851 0.1711981 -1.5835804
v -0.1379911 0.1711981 -1.6021689
v -0.1641851 0.1711981 -1.5835804
v -0.0783568 0.2257128 -1.5181356
v -0.0539417 0.1979948 -1.4551203
v -0.0801357 0.1979948 -1.4365316
v -0.1045504 0.2257128 -1.4995469
v -0.0783568 0.2257128 -1.5181356
v -0.1045504 0.2257128 -1.4995469
v -0.0658414 0.3402644 -1.5004999
v -0.0431616 0.3742079 -1.4399297
v -0.0693557 0.3742079 -1.4213410
v -0.0920355 0.3402644 -1.4819117
v -0.0658414 0.3402644 -1.5004999
v -0.0920355 0.3402644 -1.4819117
v -0.0539417 0.4128873 -1.4551203
v -0.0783568 0.3851693 -1.5181356
v -0.1045504 0.3851693 -1.4995469
v -0.0801357 0.4128873 -1.4365316
v -0.0783568 0.3851693 -1.5181356
v -0.0962136 0.4023298 -1.5432991
v -0.1224077 0.4023298 -1.5247105
v -0.1045504 0.3851693 -1.4995469
v -0.1098697 0.4285933 -1.5625422
v -0.1161720 0.4986382 -1.5428115
v -0.1423656 0.4986382 -1.5242229
v -0.1360637 0.4285933 -1.5439535
v -0.1098697 0.4285933 -1.5625422
v -0.1360637 0.4285933 -1.5439535
v -0.1403947 0.5081912 -1.5769444
v -0.1379911 0.4396839 -1.6021689
v -0.1641851 0.4396839 -1.5835804
v -0.1665883 0.5081912 -1.5583559
v -0.1379911 0.4396839 -1.6021689
v -0.1568897 0.4262594 -1.6287996
v -0.1830833 0.4262594 -1.6102111
v -0.1641851 0.4396839 -1.5835804
v -0.1772873 0.4241861 -1.6575431
v -0.2179944 0.4775871 -1.6862934
v -0.2441882 0.4775871 -1.6677049
v -0.2034811 0.4241861 -1.6389544
v -0.1772873 0.4241861 -1.6575431
v -0.2034811 0.4241861 -1.6389544
v -0.2374194 0.4508202 -1.7136659
v -0.1998389 0.3931110 -1.6893213
v -0.2260327 0.3931110 -1.6707329
v -0.2636132 0.4508202 -1.6950775
v -0.1998389 0.3931110 -1.6893213
v -0.2260327 0.3931110 -1.6707329
v -0.2676173 0.3054410 -1.7801134
v -0.2615259 0.3718972 -1.7715298
v -0.2504762 0.3682511 -1.7656110
v -0.2562334 0.3054410 -1.7737238
v -0.2438475 0.4318483 -1.7466183
v -0.2337676 0.4249130 -1.7420666
v -0.2163128 0.4794257 -1.7078184
v -0.2077438 0.4698800 -1.7053951
v -0.1816170 0.5099723 -1.6589271
v -0.1749516 0.4987507 -1.6591866
v -0.1431566 0.5204979 -1.6047310
v -0.1386014 0.5086988 -1.6079638
v -0.1046963 0.5099723 -1.5505349
v -0.1022508 0.4987507 -1.5567412
v -0.0700005 0.4794257 -1.5016436
v -0.0694589 0.4698800 -1.5105324
v -0.0424659 0.4318483 -1.4628437
v -0.0434351 0.4249130 -1.4738610
v -0.0247876 0.3718972 -1.4379322
v -0.0267263 0.3682511 -1.4503165
v -0.0186960 0.3054410 -1.4293486
v -0.0209690 0.3054410 -1.4422036
v -0.0247876 0.2389847 -1.4379322
v -0.0267267 0.2426308 -1.4503165
v -0.0424659 0.1790336 -1.4628437
v -0.0434351 0.1859690 -1.4738610
v -0.0700005 0.1314562 -1.5016441
v -0.0694589 0.1410019 -1.5105324
v -0.1046963 0.1009097 -1.5505349
v -0.1022513 0.1121313 -1.5567412
v -0.1431566 0.0903841 -1.6047312
v -0.1386014 0.1021832 -1.6079640
v -0.1431566 0.0903841 -1.6047312
v -0.1816175 0.1009098 -1.6589274
v -0.1749516 0.1121314 -1.6591866
v -0.1386014 0.1021832 -1.6079640
v -0.2163130 0.1314565 -1.7078184
v -0.2077438 0.1410022 -1.7053954
v -0.2438475 0.1790340 -1.7466186
v -0.2337678 0.1859693 -1.7420666
v -0.2615259 0.2389851 -1.7715298
v -0.2504762 0.2426312 -1.7656110
v -0.2562334 0.3054410 -1.7737238
v -0.2504762 0.3682511 -1.7656110
v -0.2891736 0.3602910 -1.7081085
v -0.2942014 0.3054410 -1.7151932
v -0.2337676 0.4249130 -1.7420666
v -0.2745826 0.4097720 -1.6875479
v -0.2077438 0.4698800 -1.7053951
v -0.2518569 0.4490402 -1.6555239
v -0.1749516 0.4987507 -1.6591866
v -0.2232205 0.4742520 -1.6151714
v -0.1386014 0.5086988 -1.6079638
v -0.1914771 0.4829394 -1.5704405
v -0.1022508 0.4987507 -1.5567412
v -0.1597335 0.4742520 -1.5257092
v -0.0694589 0.4698800 -1.5105324
v -0.1310971 0.4490402 -1.4853567
v -0.0434351 0.4249130 -1.4738610
v -0.1083711 0.4097719 -1.4533327
v -0.0267263 0.3682511 -1.4503165
v -0.0937804 0.3602910 -1.4327723
v -0.0209690 0.3054410 -1.4422036
v -0.0887528 0.3054410 -1.4256876
v -0.0267267 0.2426308 -1.4503165
v -0.0937804 0.2505909 -1.4327723
v -0.0434351 0.1859690 -1.4738610
v -0.1083716 0.2011101 -1.4533327
v -0.0694589 0.1410019 -1.5105324
v -0.1310971 0.1618418 -1.4853567
v -0.1022513 0.1121313 -1.5567412
v -0.1597335 0.1366301 -1.5257096
v -0.1386014 0.1021832 -1.6079640
v -0.1914771 0.1279427 -1.5704405
v -0.1386014 0.1021832 -1.6079640
v -0.1749516 0.1121314 -1.6591866
v -0.2232207 0.1366302 -1.6151717
v -0.1914771 0.1279427 -1.5704405
v -0.2077438 0.1410022 -1.7053954
v -0.2518569 0.1618420 -1.6555241
v -0.2337678 0.1859693 -1.7420666
v -0.2745829 0.2011104 -1.6875481
v -0.2504762 0.2426312 -1.7656110
v -0.2891736 0.2505913 -1.7081085
v -0.1993681 0.3054410 -1.3011343
v -0.2054597 0.3718972 -1.3097183
v -0.2165094 0.3682511 -1.3156366
v -0.2107519 0.3054410 -1.3075241
v -0.2231380 0.4318484 -1.3346293
v -0.2332177 0.4249130 -1.3391815
v -0.2506725 0.4794257 -1.3734297
v -0.2592418 0.4698800 -1.3758525
v -0.2853683 0.5099724 -1.4223205
v -0.2920337 0.4987507 -1.4220615
v -0.3238287 0.5204980 -1.4765167
v -0.3283841 0.5086988 -1.4732841
v -0.3622893 0.5099723 -1.5307128
v -0.3647345 0.4987507 -1.5245067
v -0.3969849 0.4794257 -1.5796040
v -0.3975267 0.4698800 -1.5707155
v -0.4245196 0.4318483 -1.6184042
v -0.4235505 0.4249130 -1.6073867
v -0.4421979 0.3718972 -1.6433155
v -0.4402591 0.3682510 -1.6309314
v -0.4482893 0.3054409 -1.6518993
v -0.4460163 0.3054409 -1.6390441
v -0.4421977 0.2389847 -1.6433155
v -0.4402588 0.2426308 -1.6309314
v -0.4245194 0.1790336 -1.6184042
v -0.4235505 0.1859690 -1.6073867
v -0.3969849 0.1314563 -1.5796038
v -0.3975265 0.1410020 -1.5707152
v -0.3622891 0.1009097 -1.5307128
v -0.3647343 0.1121314 -1.5245067
v -0.3238287 0.0903841 -1.4765167
v -0.3283841 0.1021833 -1.4732841
v -0.3238287 0.0903841 -1.4765167
v -0.2853681 0.1009098 -1.4223205
v -0.2920337 0.1121315 -1.4220611
v -0.3283841 0.1021833 -1.4732841
v -0.2506725 0.1314565 -1.3734293
v -0.2592415 0.1410022 -1.3758525
v -0.2231378 0.1790340 -1.3346293
v -0.2332177 0.1859694 -1.3391811
v -0.2054594 0.2389851 -1.3097179
v -0.2165094 0.2426312 -1.3156366
v -0.2107519 0.3054410 -1.3075241
v -0.2165094 0.3682511 -1.3156366
v -0.0937804 0.3602910 -1.4327723
v -0.0887528 0.3054410 -1.4256876
v -0.2332177 0.4249130 -1.3391815
v -0.1083711 0.4097719 -1.4533327
v -0.2592418 0.4698800 -1.3758525
v -0.1310971 0.4490402 -1.4853567
v -0.2920337 0.4987507 -1.4220615
v -0.1597335 0.4742520 -1.5257092
v -0.3283841 0.5086988 -1.4732841
v -0.1914771 0.4829394 -1.5704405
v -0.3647345 0.4987507 -1.5245067
v -0.2232205 0.4742520 -1.6151714
v -0.3975267 0.4698800 -1.5707155
v -0.2518569 0.4490402 -1.6555239
v -0.4235505 0.4249130 -1.6073867
v -0.2745826 0.4097720 -1.6875479
v -0.4402591 0.3682510 -1.6309314
v -0.2891736 0.3602910 -1.7081085
v -0.4460163 0.3054409 -1.6390441
v -0.2942014 0.3054410 -1.7151932
v -0.4402588 0.2426308 -1.6309314
v -0.2891736 0.2505913 -1.7081085
v -0.4235505 0.1859690 -1.6073867
v -0.2745829 0.2011104 -1.6875481
v -0.3975265 0.1410020 -1.5707152
v -0.2518569 0.1618420 -1.6555241
v -0.3647343 0.1121314 -1.5245067
v -0.2232207 0.1366302 -1.6151717
v -0.3283841 0.1021833 -1.4732841
v -0.1914771 0.1279427 -1.5704405
v -0.3283841 0.1021833 -1.4732841
v -0.2920337 0.1121315 -1.4220611
v -0.1597335 0.1366301 -1.5257096
v -0.1914771 0.1279427 -1.5704405
v -0.2592415 0.1410022 -1.3758525
v -0.1310971 0.1618418 -1.4853567
v -0.2332177 0.1859694 -1.3391811
v -0.1083716 0.2011101 -1.4533327
v -0.2165094 0.2426312 -1.3156366
v -0.0937804 0.2505909 -1.4327723
v -0.3034746 0.3954486 -1.8306412
v -0.2801006 0.3853400 -1.8090798
v -0.2874243 0.3054410 -1.8193999
v -0.3117247 0.3054410 -1.8422671
v -0.2795312 0.4766457 -1.7969019
v -0.2588462 0.4574180 -1.7791295
v -0.2422384 0.5410840 -1.7443512
v -0.2257419 0.5146193 -1.7324808
v -0.1952471 0.5824559 -1.6781336
v -0.1840281 0.5513449 -1.6737001
v -0.1431566 0.5967117 -1.6047310
v -0.1377877 0.5639997 -1.6085411
v -0.0910664 0.5824559 -1.5313284
v -0.0915474 0.5513449 -1.5433823
v -0.0440746 0.5410839 -1.4651110
v -0.0498336 0.5146193 -1.4846014
v -0.0067823 0.4766456 -1.4125601
v -0.0167295 0.4574179 -1.4379527
v 0.0171613 0.3954485 -1.3788208
v 0.0045249 0.3853400 -1.4080023
v 0.0254115 0.3054409 -1.3671949
v 0.0118486 0.3054409 -1.3976821
v 0.0171609 0.2154333 -1.3788208
v 0.0045249 0.2255419 -1.4080023
v -0.0067823 0.1342362 -1.4125606
v -0.0167295 0.1534639 -1.4379527
v -0.0440750 0.0697979 -1.4651110
v -0.0498336 0.0962626 -1.4846014
v -0.0910664 0.0284261 -1.5313284
v -0.0915479 0.0595371 -1.5433823
v -0.1431571 0.0141703 -1.6047312
v -0.1377882 0.0468824 -1.6085413
v -0.1952474 0.0284262 -1.6781340
v -0.1840281 0.0595372 -1.6737003
v -0.2422387 0.0697983 -1.7443514
v -0.2257421 0.0962629 -1.7324810
v -0.2795314 0.1342367 -1.7969019
v -0.2588464 0.1534643 -1.7791297
v -0.3034746 0.2154338 -1.8306414
v -0.2801006 0.2255424 -1.8090798
v -0.3392573 0.3054410 -1.8401044
v -0.3306056 0.3998275 -1.8279130
v -0.3054973 0.4849748 -1.7925321
v -0.2663904 0.5525480 -1.7374250
v -0.2171128 0.5959327 -1.6679859
v -0.1624885 0.6108821 -1.5910123
v -0.1078635 0.5959327 -1.5140384
v -0.0585861 0.5525480 -1.4445994
v -0.0194792 0.4849747 -1.3894924
v 0.0056290 0.3998274 -1.3541114
v 0.0142806 0.3054409 -1.3419199
v 0.0056290 0.2110544 -1.3541114
v -0.0194792 0.1259071 -1.3894924
v -0.0585861 0.0583339 -1.4445998
v -0.1078640 0.0149493 -1.5140388
v -0.1624885 0.0000000 -1.5910125
v -0.2171132 0.0149495 -1.6679862
v -0.2663906 0.0583343 -1.7374252
v -0.3054975 0.1259076 -1.7925323
v -0.3306058 0.2110550 -1.8279132
v -0.2615259 0.3718973 -1.7715298
v -0.2676173 0.3054410 -1.7801134
v -0.2438475 0.4318483 -1.7466183
v -0.2163128 0.4794257 -1.7078184
v -0.1816170 0.5099723 -1.6589271
v -0.1431566 0.5204979 -1.6047310
v -0.1046963 0.5099723 -1.5505349
v -0.0700005 0.4794257 -1.5016436
v -0.0424659 0.4318483 -1.4628437
v -0.0247876 0.3718972 -1.4379322
v -0.0186960 0.3054409 -1.4293486
v -0.0247876 0.2389847 -1.4379322
v -0.0424659 0.1790336 -1.4628437
v -0.0700005 0.1314562 -1.5016441
v -0.1046963 0.1009097 -1.5505349
v -0.1431566 0.0903841 -1.6047312
v -0.1816175 0.1009098 -1.6589274
v -0.2163130 0.1314565 -1.7078184
v -0.2438475 0.1790340 -1.7466186
v -0.2615259 0.2389851 -1.7715298
v -0.3306056 0.3998275 -1.8279130
v -0.3392573 0.3054410 -1.8401044
v -0.4805127 0.3054410 -1.7398622
v -0.4718612 0.3998275 -1.7276707
v -0.3054973 0.4849748 -1.7925321
v -0.4467529 0.4849748 -1.6922899
v -0.1624885 0.6108821 -1.5910123
v -0.2171128 0.5959327 -1.6679859
v -0.3583684 0.5959327 -1.5677437
v -0.3037437 0.6108821 -1.4907700
v -0.1078635 0.5959327 -1.5140384
v -0.1624885 0.6108821 -1.5910123
v -0.3037437 0.6108821 -1.4907700
v -0.2491191 0.5959327 -1.4137961
v -0.0585861 0.5525480 -1.4445994
v -0.1998415 0.5525480 -1.3443571
v -0.0194792 0.4849747 -1.3894924
v -0.1607348 0.4849747 -1.2892502
v 0.0142806 0.3054409 -1.3419199
v 0.0056290 0.3998274 -1.3541114
v -0.1356266 0.3998274 -1.2538691
v -0.1269746 0.3054409 -1.2416776
v 0.0056290 0.2110544 -1.3541114
v -0.1356266 0.2110544 -1.2538691
v -0.0585861 0.0583339 -1.4445998
v -0.1998417 0.0583339 -1.3443575
v -0.2491194 0.0149493 -1.4137966
v -0.1078640 0.0149493 -1.5140388
v -0.1624885 0.0000000 -1.5910125
v -0.3037439 0.0000000 -1.4907700
v -0.2171132 0.0149495 -1.6679862
v -0.1624885 0.0000000 -1.5910125
v -0.3037439 0.0000000 -1.4907700
v -0.3583686 0.0149495 -1.5677439
v -0.2663906 0.0583343 -1.7374252
v -0.4076463 0.0583343 -1.6371829
v -0.4467529 0.1259077 -1.6922901
v -0.3054975 0.1259076 -1.7925323
v -0.3306058 0.2110550 -1.8279132
v -0.4718612 0.2110550 -1.7276709
v -0.4780808 0.3054410 -1.6841000
v -0.4707571 0.3853400 -1.6737800
v -0.4833933 0.3954486 -1.7029615
v -0.4916436 0.3054410 -1.7145874
v -0.4495029 0.4574180 -1.6438296
v -0.4594499 0.4766457 -1.6692219
v -0.4163986 0.5146194 -1.5971809
v -0.4221571 0.5410840 -1.6166715
v -0.3746845 0.5513449 -1.5384000
v -0.3751658 0.5824559 -1.5504539
v -0.3284442 0.5639997 -1.4732410
v -0.3230753 0.5967117 -1.4770513
v -0.2822041 0.5513449 -1.4080820
v -0.2709850 0.5824559 -1.4036487
v -0.2404900 0.5146194 -1.3493015
v -0.2239935 0.5410839 -1.3374309
v -0.2073857 0.4574180 -1.3026528
v -0.1867007 0.4766456 -1.2848804
v -0.1861313 0.3853400 -1.2727025
v -0.1627575 0.3954485 -1.2511411
v -0.1788076 0.3054409 -1.2623822
v -0.1545074 0.3054409 -1.2395152
v -0.1861313 0.2255419 -1.2727025
v -0.1627575 0.2154333 -1.2511411
v -0.2073859 0.1534639 -1.3026528
v -0.1867012 0.1342363 -1.2848804
v -0.2404902 0.0962626 -1.3493015
v -0.2239937 0.0697979 -1.3374313
v -0.2822041 0.0595371 -1.4080824
v -0.2709852 0.0284261 -1.4036487
v -0.3284444 0.0468824 -1.4732414
v -0.3230755 0.0141703 -1.4770513
v -0.3746847 0.0595372 -1.5384004
v -0.3751660 0.0284262 -1.5504543
v -0.4163986 0.0962629 -1.5971812
v -0.4221575 0.0697983 -1.6166717
v -0.4495029 0.1534644 -1.6438296
v -0.4594501 0.1342367 -1.6692222
v -0.4707571 0.2255424 -1.6737800
v -0.4833933 0.2154338 -1.7029615
v -0.4718612 0.3998275 -1.7276707
v -0.4805127 0.3054410 -1.7398622
v -0.4467529 0.4849748 -1.6922899
v -0.4076460 0.5525480 -1.6371827
v -0.3583684 0.5959327 -1.5677437
v -0.3037437 0.6108821 -1.4907700
v -0.2491191 0.5959327 -1.4137961
v -0.1998415 0.5525480 -1.3443571
v -0.1607348 0.4849747 -1.2892502
v -0.1356266 0.3998274 -1.2538691
v -0.1269746 0.3054409 -1.2416776
v -0.1356266 0.2110544 -1.2538691
v -0.1607348 0.1259071 -1.2892502
v -0.1998417 0.0583339 -1.3443575
v -0.2491194 0.0149493 -1.4137966
v -0.3037439 0.0000000 -1.4907700
v -0.3583686 0.0149495 -1.5677439
v -0.4076463 0.0583343 -1.6371829
v -0.4467529 0.1259077 -1.6922901
v -0.4718612 0.2110550 -1.7276709
v -0.4475361 0.3054410 -1.6524337
v -0.4414446 0.3718973 -1.6438499
v -0.4237662 0.4318483 -1.6189386
v -0.3962315 0.4794257 -1.5801384
v -0.3615359 0.5099723 -1.5312474
v -0.3230753 0.5204979 -1.4770513
v -0.2846149 0.5099723 -1.4228552
v -0.2499193 0.4794257 -1.3739639
v -0.2223846 0.4318483 -1.3351640
v -0.2047063 0.3718972 -1.3102525
v -0.1986147 0.3054409 -1.3016689
v -0.2047063 0.2389847 -1.3102525
v -0.2223846 0.1790336 -1.3351640
v -0.2499193 0.1314562 -1.3739639
v -0.2846151 0.1009097 -1.4228552
v -0.3230755 0.0903841 -1.4770513
v -0.3615359 0.1009098 -1.5312474
v -0.3962317 0.1314565 -1.5801387
v -0.4237662 0.1790340 -1.6189388
v -0.4414446 0.2389851 -1.6438501
v -0.2663904 0.5525480 -1.7374250
v -0.4076460 0.5525480 -1.6371827
v -0.1607348 0.1259071 -1.2892502
v -0.0194792 0.1259071 -1.3894924
v -0.2959269 0.3054410 -1.7057606
v -0.2826834 0.3908433 -1.6870988
v -0.1586124 0.3054410 -1.5937627
v -0.2465017 0.4533621 -1.6361137
v -0.1970765 0.4762456 -1.5664668
v -0.1476513 0.4533621 -1.4968198
v -0.1114696 0.3908433 -1.4458345
v -0.0982263 0.3054410 -1.4271727
v -0.1114696 0.2200388 -1.4458345
v -0.1476513 0.1575199 -1.4968198
v -0.1970765 0.1346364 -1.5664665
v -0.2465017 0.1575198 -1.6361137
v -0.2826834 0.2200386 -1.6870988
v 1.2584502 0.3054411 0.3887097
v 1.2572051 0.3269066 0.3924704
v 1.3118322 0.3303615 0.4408361
v 1.3190801 0.3054411 0.4481198
v 1.3459472 0.3445509 0.4789125
v 1.3416450 0.3054411 0.4728501
v 1.3118322 0.2805207 0.4408361
v 1.2572051 0.2839756 0.3924704
v 1.3459472 0.2663314 0.4789125
v 1.3236118 0.2516719 0.4574356
v 1.3032090 0.1448440 0.4517812
v 1.2917402 0.1600620 0.4411352
v 1.3293207 0.2177712 0.4654803
v 1.3456364 0.2101571 0.4855409
v 1.3609612 0.2361350 0.5000690
v 1.3518721 0.1866961 0.4972583
v 1.3111652 0.1332950 0.4685082
v 1.3813392 0.2175624 0.5287846
v 1.3722701 0.1846228 0.5260018
v 1.4037817 0.1051798 0.5935022
v 1.4053068 0.1866239 0.5696251
v 1.4192898 0.1822888 0.5922592
v 1.4129879 0.1122439 0.6119899
v 1.4254723 0.2349678 0.5909749
v 1.4329458 0.2085523 0.6115023
v 1.4844344 0.2163164 0.7071532
v 1.4531592 0.2525625 0.6370559
v 1.4633180 0.2706177 0.6543015
v 1.4859978 0.2366742 0.7148717
v 1.4451137 0.3054411 0.6186518
v 1.4599492 0.3054411 0.6495538
v 1.3887652 0.1026909 0.5778570
v 1.3911684 0.1711982 0.5526325
v 1.4043633 0.2190179 0.5612287
v 1.4752178 0.1979949 0.6996811
v 1.4508031 0.2257129 0.6366658
v 1.4391693 0.2669792 0.6102750
v 1.4844344 0.3945658 0.7071532
v 1.4859978 0.3742080 0.7148717
v 1.4633180 0.3402645 0.6543015
v 1.4531592 0.3583198 0.6370559
v 1.4391693 0.3439031 0.6102750
v 1.4508031 0.3851694 0.6366658
v 1.4752178 0.4128874 0.6996811
v 1.4254723 0.3759144 0.5909749
v 1.4329458 0.4023299 0.6115023
v 1.4037817 0.5057024 0.5935022
v 1.4129879 0.4986383 0.6119899
v 1.4192898 0.4285934 0.5922592
v 1.4053068 0.4242583 0.5696251
v 1.4043633 0.3918643 0.5612287
v 1.3911684 0.4396840 0.5526325
v 1.3887652 0.5081913 0.5778570
v 1.3813392 0.3933199 0.5287846
v 1.3722701 0.4262595 0.5260018
v 1.3032094 0.4660383 0.4517812
v 1.3111652 0.4775872 0.4685078
v 1.3518721 0.4241862 0.4972583
v 1.3456364 0.4007252 0.4855409
v 1.3609612 0.3747471 0.5000690
v 1.3293207 0.3931111 0.4654803
v 1.2917402 0.4508203 0.4411357
v 1.3236118 0.3592104 0.4574356
v 1.3459472 0.3445509 0.4789125
v 1.3727734 0.3054411 0.5594590
v 1.3416450 0.3054411 0.4728501
v 1.3459472 0.2663314 0.4789125
v 1.3609612 0.2361350 0.5000690
v 1.3813392 0.2175624 0.5287846
v 1.4043633 0.2190179 0.5612287
v 1.4254723 0.2349678 0.5909749
v 1.4391693 0.2669792 0.6102750
v 1.4451137 0.3054411 0.6186518
v 1.4391693 0.3439031 0.6102750
v 1.4254723 0.3759144 0.5909749
v 1.4043633 0.3918643 0.5612287
v 1.3813392 0.3933199 0.5287846
v 1.3609612 0.3747471 0.5000690
v 1.3118322 0.3303615 0.4408361
v 1.2572051 0.3269066 0.3924704
v 1.2310115 0.3269066 0.4110591
v 1.2856382 0.3303615 0.4594248
v 1.3236118 0.3592104 0.4574356
v 1.3118322 0.3303615 0.4408361
v 1.2856382 0.3303615 0.4594248
v 1.2974182 0.3592104 0.4760243
v 1.2572051 0.2839756 0.3924704
v 1.3118322 0.2805207 0.4408361
v 1.2856382 0.2805207 0.4594248
v 1.2310115 0.2839756 0.4110591
v 1.3118322 0.2805207 0.4408361
v 1.3236118 0.2516719 0.4574356
v 1.2974182 0.2516719 0.4760243
v 1.2856382 0.2805207 0.4594248
v 1.3293207 0.2177712 0.4654803
v 1.2917402 0.1600620 0.4411352
v 1.2655466 0.1600620 0.4597239
v 1.3031267 0.2177712 0.4840685
v 1.3293207 0.2177712 0.4654803
v 1.3031267 0.2177712 0.4840685
v 1.3111652 0.1332950 0.4685082
v 1.3518721 0.1866961 0.4972583
v 1.3256785 0.1866961 0.5158470
v 1.2849716 0.1332950 0.4870965
v 1.3518721 0.1866961 0.4972583
v 1.3722701 0.1846228 0.5260018
v 1.3460761 0.1846228 0.5445905
v 1.3256785 0.1866961 0.5158470
v 1.4129879 0.1122439 0.6119899
v 1.4192898 0.1822888 0.5922592
v 1.3930962 0.1822888 0.6108479
v 1.3867938 0.1122439 0.6305785
v 1.4192898 0.1822888 0.5922592
v 1.4329458 0.2085523 0.6115023
v 1.4067522 0.2085523 0.6300909
v 1.3930962 0.1822888 0.6108479
v 1.4859978 0.2366742 0.7148717
v 1.4633180 0.2706177 0.6543015
v 1.4371244 0.2706177 0.6728897
v 1.4598042 0.2366742 0.7334600
v 1.4633180 0.2706177 0.6543015
v 1.4599492 0.3054411 0.6495538
v 1.4337551 0.3054411 0.6681421
v 1.4371244 0.2706177 0.6728897
v 1.3911684 0.1711982 0.5526325
v 1.3887652 0.1026909 0.5778570
v 1.3625711 0.1026909 0.5964457
v 1.3649748 0.1711982 0.5712207
v 1.3911684 0.1711982 0.5526325
v 1.3649748 0.1711982 0.5712207
v 1.4508031 0.2257129 0.6366658
v 1.4752178 0.1979949 0.6996811
v 1.4490242 0.1979949 0.7182697
v 1.4246095 0.2257129 0.6552545
v 1.4508031 0.2257129 0.6366658
v 1.4246095 0.2257129 0.6552545
v 1.4633180 0.3402645 0.6543015
v 1.4859978 0.3742080 0.7148717
v 1.4598042 0.3742080 0.7334604
v 1.4371244 0.3402645 0.6728897
v 1.4633180 0.3402645 0.6543015
v 1.4371244 0.3402645 0.6728897
v 1.4752178 0.4128874 0.6996811
v 1.4508031 0.3851694 0.6366658
v 1.4246095 0.3851694 0.6552545
v 1.4490242 0.4128874 0.7182697
v 1.4508031 0.3851694 0.6366658
v 1.4329458 0.4023299 0.6115023
v 1.4067522 0.4023299 0.6300909
v 1.4246095 0.3851694 0.6552545
v 1.4192898 0.4285934 0.5922592
v 1.4129879 0.4986383 0.6119899
v 1.3867938 0.4986383 0.6305785
v 1.3930962 0.4285934 0.6108479
v 1.4192898 0.4285934 0.5922592
v 1.3930962 0.4285934 0.6108479
v 1.3887652 0.5081913 0.5778570
v 1.3911684 0.4396840 0.5526325
v 1.3649748 0.4396840 0.5712207
v 1.3625711 0.5081913 0.5964457
v 1.3911684 0.4396840 0.5526325
v 1.3722701 0.4262595 0.5260018
v 1.3460761 0.4262595 0.5445905
v 1.3649748 0.4396840 0.5712207
v 1.3518721 0.4241862 0.4972583
v 1.3111652 0.4775872 0.4685078
v 1.2849716 0.4775872 0.4870965
v 1.3256785 0.4241862 0.5158470
v 1.3518721 0.4241862 0.4972583
v 1.3256785 0.4241862 0.5158470
v 1.2917402 0.4508203 0.4411357
v 1.3293207 0.3931111 0.4654803
v 1.3031267 0.3931111 0.4840685
v 1.2655466 0.4508203 0.4597239
v 1.3293207 0.3931111 0.4654803
v 1.3031267 0.3931111 0.4840685
v 1.2615422 0.3054411 0.3746880
v 1.2676338 0.3718973 0.3832716
v 1.2786837 0.3682512 0.3891904
v 1.2729260 0.3054411 0.3810774
v 1.2853121 0.4318484 0.4081831
v 1.2953921 0.4249131 0.4127348
v 1.3128466 0.4794258 0.4469830
v 1.3214159 0.4698801 0.4494063
v 1.3475424 0.5099724 0.4958743
v 1.3542078 0.4987508 0.4956148
v 1.3860028 0.5204980 0.5500704
v 1.3905584 0.5086989 0.5468374
v 1.4244636 0.5099724 0.6042665
v 1.4269086 0.4987508 0.5980604
v 1.4591590 0.4794258 0.6531578
v 1.4597010 0.4698801 0.6442690
v 1.4866939 0.4318484 0.6919577
v 1.4857248 0.4249131 0.6809404
v 1.5043723 0.3718973 0.7168692
v 1.5024332 0.3682512 0.7044849
v 1.5104639 0.3054411 0.7254528
v 1.5081904 0.3054411 0.7125978
v 1.5043723 0.2389848 0.7168692
v 1.5024332 0.2426309 0.7044849
v 1.4866939 0.1790337 0.6919577
v 1.4857248 0.1859691 0.6809404
v 1.4591590 0.1314563 0.6531573
v 1.4597006 0.1410021 0.6442690
v 1.4244632 0.1009098 0.6042665
v 1.4269086 0.1121314 0.5980600
v 1.3860028 0.0903842 0.5500704
v 1.3905584 0.1021834 0.5468374
v 1.3860028 0.0903842 0.5500704
v 1.3475424 0.1009099 0.4958738
v 1.3542078 0.1121316 0.4956148
v 1.3905584 0.1021834 0.5468374
v 1.3128466 0.1314566 0.4469830
v 1.3214159 0.1410023 0.4494063
v 1.2853121 0.1790341 0.4081826
v 1.2953921 0.1859694 0.4127348
v 1.2676338 0.2389852 0.3832716
v 1.2786837 0.2426313 0.3891904
v 1.2729260 0.3054411 0.3810774
v 1.2786837 0.3682512 0.3891904
v 1.2399860 0.3602911 0.4466931
v 1.2349585 0.3054411 0.4396080
v 1.2953921 0.4249131 0.4127348
v 1.2545768 0.4097721 0.4672535
v 1.3214159 0.4698801 0.4494063
v 1.2773027 0.4490403 0.4992775
v 1.3542078 0.4987508 0.4956148
v 1.3059391 0.4742522 0.5396300
v 1.3905584 0.5086989 0.5468374
v 1.3376828 0.4829395 0.5843609
v 1.4269086 0.4987508 0.5980604
v 1.3694264 0.4742522 0.6290922
v 1.4597010 0.4698801 0.6442690
v 1.3980623 0.4490403 0.6694447
v 1.4857248 0.4249131 0.6809404
v 1.4207883 0.4097720 0.7014687
v 1.5024332 0.3682512 0.7044849
v 1.4353790 0.3602911 0.7220291
v 1.5081904 0.3054411 0.7125978
v 1.4404070 0.3054411 0.7291138
v 1.5024332 0.2426309 0.7044849
v 1.4353790 0.2505910 0.7220291
v 1.4857248 0.1859691 0.6809404
v 1.4207883 0.2011102 0.7014687
v 1.4597006 0.1410021 0.6442690
v 1.3980623 0.1618419 0.6694447
v 1.4269086 0.1121314 0.5980600
v 1.3694259 0.1366302 0.6290918
v 1.3905584 0.1021834 0.5468374
v 1.3376823 0.1279428 0.5843609
v 1.3905584 0.1021834 0.5468374
v 1.3542078 0.1121316 0.4956148
v 1.3059391 0.1366303 0.5396300
v 1.3376823 0.1279428 0.5843609
v 1.3214159 0.1410023 0.4494063
v 1.2773027 0.1618421 0.4992771
v 1.2953921 0.1859694 0.4127348
v 1.2545768 0.2011105 0.4672535
v 1.2786837 0.2426313 0.3891904
v 1.2399860 0.2505914 0.4466926
v 1.3297914 0.3054411 0.8536671
v 1.3237002 0.3718973 0.8450831
v 1.3126503 0.3682512 0.8391648
v 1.3184075 0.3054411 0.8472773
v 1.3060219 0.4318485 0.8201721
v 1.2959419 0.4249131 0.8156199
v 1.2784869 0.4794258 0.7813717
v 1.2699181 0.4698801 0.7789489
v 1.2437916 0.5099725 0.7324809
v 1.2371257 0.4987508 0.7327399
v 1.2053307 0.5204981 0.6782847
v 1.2007755 0.5086989 0.6815173
v 1.1668704 0.5099724 0.6240886
v 1.1644254 0.4987508 0.6302947
v 1.1321750 0.4794258 0.5751974
v 1.1316330 0.4698801 0.5840862
v 1.1046400 0.4318484 0.5363970
v 1.1056092 0.4249131 0.5474147
v 1.0869617 0.3718973 0.5114859
v 1.0889008 0.3682511 0.5238703
v 1.0808701 0.3054410 0.5029019
v 1.0831436 0.3054410 0.5157573
v 1.0869617 0.2389848 0.5114859
v 1.0889008 0.2426309 0.5238703
v 1.1046400 0.1790337 0.5363974
v 1.1056092 0.1859691 0.5474147
v 1.1321750 0.1314564 0.5751974
v 1.1316330 0.1410021 0.5840862
v 1.1668704 0.1009098 0.6240886
v 1.1644254 0.1121315 0.6302947
v 1.2053312 0.0903842 0.6782847
v 1.2007755 0.1021834 0.6815173
v 1.2053312 0.0903842 0.6782847
v 1.2437916 0.1009099 0.7324809
v 1.2371261 0.1121316 0.7327403
v 1.2007755 0.1021834 0.6815173
v 1.2784874 0.1314566 0.7813721
v 1.2699181 0.1410023 0.7789489
v 1.3060219 0.1790341 0.8201721
v 1.2959419 0.1859695 0.8156203
v 1.3237002 0.2389852 0.8450835
v 1.3126503 0.2426313 0.8391648
v 1.3184075 0.3054411 0.8472773
v 1.3126503 0.3682512 0.8391648
v 1.4353790 0.3602911 0.7220291
v 1.4404070 0.3054411 0.7291138
v 1.2959419 0.4249131 0.8156199
v 1.4207883 0.4097720 0.7014687
v 1.2699181 0.4698801 0.7789489
v 1.3980623 0.4490403 0.6694447
v 1.2371257 0.4987508 0.7327399
v 1.3694264 0.4742522 0.6290922
v 1.2007755 0.5086989 0.6815173
v 1.3376828 0.4829395 0.5843609
v 1.1644254 0.4987508 0.6302947
v 1.3059391 0.4742522 0.5396300
v 1.1316330 0.4698801 0.5840862
v 1.2773027 0.4490403 0.4992775
v 1.1056092 0.4249131 0.5474147
v 1.2545768 0.4097721 0.4672535
v 1.0889008 0.3682511 0.5238703
v 1.2399860 0.3602911 0.4466931
v 1.0831436 0.3054410 0.5157573
v 1.2349585 0.3054411 0.4396080
v 1.0889008 0.2426309 0.5238703
v 1.2399860 0.2505914 0.4466926
v 1.1056092 0.1859691 0.5474147
v 1.2545768 0.2011105 0.4672535
v 1.1316330 0.1410021 0.5840862
v 1.2773027 0.1618421 0.4992771
v 1.1644254 0.1121315 0.6302947
v 1.3059391 0.1366303 0.5396300
v 1.2007755 0.1021834 0.6815173
v 1.3376823 0.1279428 0.5843609
v 1.2007755 0.1021834 0.6815173
v 1.2371261 0.1121316 0.7327403
v 1.3694259 0.1366302 0.6290918
v 1.3376823 0.1279428 0.5843609
v 1.2699181 0.1410023 0.7789489
v 1.3980623 0.1618419 0.6694447
v 1.2959419 0.1859695 0.8156203
v 1.4207883 0.2011102 0.7014687
v 1.3126503 0.2426313 0.8391648
v 1.4353790 0.2505910 0.7220291
v 1.2256853 0.3954487 0.3241602
v 1.2490590 0.3853401 0.3457216
v 1.2417353 0.3054411 0.3354013
v 1.2174347 0.3054411 0.3125343
v 1.2496285 0.4766458 0.3578995
v 1.2703134 0.4574181 0.3756719
v 1.2869212 0.5410841 0.4104500
v 1.3034175 0.5146194 0.4223206
v 1.3339125 0.5824560 0.4766678
v 1.3451318 0.5513450 0.4811015
v 1.3860028 0.5967118 0.5500704
v 1.3913717 0.5639998 0.5462605
v 1.4380935 0.5824560 0.6234730
v 1.4376120 0.5513450 0.6114191
v 1.4850848 0.5410840 0.6896904
v 1.4793258 0.5146194 0.6702000
v 1.5223776 0.4766457 0.7422413
v 1.5124304 0.4574180 0.7168487
v 1.5463208 0.3954486 0.7759806
v 1.5336848 0.3853401 0.7467991
v 1.5545709 0.3054410 0.7876065
v 1.5410085 0.3054410 0.7571193
v 1.5463208 0.2154334 0.7759806
v 1.5336848 0.2255420 0.7467991
v 1.5223771 0.1342363 0.7422408
v 1.5124304 0.1534640 0.7168487
v 1.4850848 0.0697980 0.6896904
v 1.4793258 0.0962627 0.6702000
v 1.4380931 0.0284262 0.6234730
v 1.4376120 0.0595372 0.6114191
v 1.3860028 0.0141704 0.5500700
v 1.3913717 0.0468825 0.5462601
v 1.3339125 0.0284263 0.4766674
v 1.3451314 0.0595373 0.4811011
v 1.2869208 0.0697984 0.4104500
v 1.3034175 0.0962630 0.4223206
v 1.2496285 0.1342368 0.3578995
v 1.2703130 0.1534644 0.3756719
v 1.2256853 0.2154339 0.3241602
v 1.2490590 0.2255425 0.3457216
v 1.1899024 0.3054411 0.3146967
v 1.1985539 0.3998276 0.3268882
v 1.2236621 0.4849749 0.3622693
v 1.2627690 0.5525481 0.4173762
v 1.3120469 0.5959328 0.4868152
v 1.3666714 0.6108822 0.5637891
v 1.4212959 0.5959328 0.6407630
v 1.4705738 0.5525481 0.7102020
v 1.5096806 0.4849748 0.7653089
v 1.5347885 0.3998275 0.8006900
v 1.5434404 0.3054410 0.8128815
v 1.5347885 0.2110545 0.8006900
v 1.5096802 0.1259072 0.7653089
v 1.4705733 0.0583340 0.7102016
v 1.4212959 0.0149494 0.6407625
v 1.3666709 0.0000001 0.5637887
v 1.3120464 0.0149496 0.4868152
v 1.2627690 0.0583344 0.4173762
v 1.2236621 0.1259078 0.3622688
v 1.1985539 0.2110551 0.3268882
v 1.2676338 0.3718974 0.3832716
v 1.2615422 0.3054411 0.3746880
v 1.2853121 0.4318484 0.4081831
v 1.3128466 0.4794258 0.4469830
v 1.3475424 0.5099724 0.4958743
v 1.3860028 0.5204980 0.5500704
v 1.4244636 0.5099724 0.6042665
v 1.4591590 0.4794258 0.6531578
v 1.4866939 0.4318484 0.6919577
v 1.5043723 0.3718973 0.7168692
v 1.5104634 0.3054410 0.7254528
v 1.5043723 0.2389848 0.7168692
v 1.4866939 0.1790337 0.6919577
v 1.4591590 0.1314563 0.6531573
v 1.4244632 0.1009098 0.6042665
v 1.3860028 0.0903842 0.5500704
v 1.3475424 0.1009099 0.4958738
v 1.3128466 0.1314566 0.4469830
v 1.2853121 0.1790341 0.4081826
v 1.2676338 0.2389852 0.3832716
v 1.1985539 0.3998276 0.3268882
v 1.1899024 0.3054411 0.3146967
v 1.0486467 0.3054411 0.4149390
v 1.0572987 0.3998276 0.4271305
v 1.2236621 0.4849749 0.3622693
v 1.0824069 0.4849749 0.4625115
v 1.3666714 0.6108822 0.5637891
v 1.3120469 0.5959328 0.4868152
v 1.1707912 0.5959328 0.5870575
v 1.2254158 0.6108822 0.6640314
v 1.4212959 0.5959328 0.6407630
v 1.3666714 0.6108822 0.5637891
v 1.2254158 0.6108822 0.6640314
v 1.2800407 0.5959328 0.7410053
v 1.4705738 0.5525481 0.7102020
v 1.3293181 0.5525481 0.8104443
v 1.5096806 0.4849748 0.7653089
v 1.3684250 0.4849748 0.8655512
v 1.5434404 0.3054410 0.8128815
v 1.5347885 0.3998275 0.8006900
v 1.3935333 0.3998275 0.9009323
v 1.4021848 0.3054410 0.9131237
v 1.5347885 0.2110545 0.8006900
v 1.3935333 0.2110545 0.9009323
v 1.4705733 0.0583340 0.7102016
v 1.3293181 0.0583340 0.8104439
v 1.2800403 0.0149494 0.7410048
v 1.4212959 0.0149494 0.6407625
v 1.3666709 0.0000001 0.5637887
v 1.2254158 0.0000001 0.6640314
v 1.3120464 0.0149496 0.4868152
v 1.3666709 0.0000001 0.5637887
v 1.2254158 0.0000001 0.6640314
v 1.1707912 0.0149496 0.5870575
v 1.2627690 0.0583344 0.4173762
v 1.1215134 0.0583344 0.5176185
v 1.0824065 0.1259078 0.4625115
v 1.2236621 0.1259078 0.3622688
v 1.1985539 0.2110551 0.3268882
v 1.0572987 0.2110551 0.4271305
v 1.0510787 0.3054411 0.4707011
v 1.0584023 0.3853401 0.4810214
v 1.0457664 0.3954487 0.4518399
v 1.0375162 0.3054411 0.4402140
v 1.0796567 0.4574181 0.5109718
v 1.0697096 0.4766458 0.4855792
v 1.1127613 0.5146195 0.5576205
v 1.1070023 0.5410841 0.5381301
v 1.1544751 0.5513450 0.6164014
v 1.1539941 0.5824560 0.6043475
v 1.2007155 0.5639998 0.6815604
v 1.2060843 0.5967118 0.6777501
v 1.2469558 0.5513450 0.7467194
v 1.2581746 0.5824560 0.7511527
v 1.2886696 0.5146195 0.8054999
v 1.3051659 0.5410840 0.8173705
v 1.3217737 0.4574181 0.8521486
v 1.3424587 0.4766457 0.8699210
v 1.3430281 0.3853401 0.8820989
v 1.3664019 0.3954486 0.9036603
v 1.3503518 0.3054410 0.8924192
v 1.3746525 0.3054410 0.9152862
v 1.3430281 0.2255420 0.8820989
v 1.3664019 0.2154334 0.9036603
v 1.3217737 0.1534641 0.8521486
v 1.3424587 0.1342364 0.8699210
v 1.2886696 0.0962627 0.8054999
v 1.3051659 0.0697980 0.8173701
v 1.2469553 0.0595372 0.7467190
v 1.2581746 0.0284262 0.7511527
v 1.2007150 0.0468825 0.6815600
v 1.2060839 0.0141704 0.6777501
v 1.1544747 0.0595373 0.6164010
v 1.1539936 0.0284263 0.6043471
v 1.1127609 0.0962630 0.5576205
v 1.1070023 0.0697984 0.5381297
v 1.0796567 0.1534645 0.5109718
v 1.0697096 0.1342369 0.4855792
v 1.0584023 0.2255425 0.4810214
v 1.0457664 0.2154340 0.4518399
v 1.0572987 0.3998276 0.4271305
v 1.0486467 0.3054411 0.4149390
v 1.0824069 0.4849749 0.4625115
v 1.1215138 0.5525481 0.5176189
v 1.1707912 0.5959328 0.5870575
v 1.2254158 0.6108822 0.6640314
v 1.2800407 0.5959328 0.7410053
v 1.3293181 0.5525481 0.8104443
v 1.3684250 0.4849748 0.8655512
v 1.3935333 0.3998275 0.9009323
v 1.4021848 0.3054410 0.9131237
v 1.3935333 0.2110545 0.9009323
v 1.3684250 0.1259072 0.8655512
v 1.3293181 0.0583340 0.8104439
v 1.2800403 0.0149494 0.7410048
v 1.2254158 0.0000001 0.6640314
v 1.1707912 0.0149496 0.5870575
v 1.1215134 0.0583344 0.5176185
v 1.0824065 0.1259078 0.4625115
v 1.0572987 0.2110551 0.4271305
v 1.0816237 0.3054411 0.5023677
v 1.0877153 0.3718974 0.5109513
v 1.1053937 0.4318485 0.5358628
v 1.1329282 0.4794258 0.5746627
v 1.1676240 0.5099724 0.6235540
v 1.2060843 0.5204980 0.6777501
v 1.2445447 0.5099724 0.7319462
v 1.2792405 0.4794258 0.7808375
v 1.3067750 0.4318484 0.8196374
v 1.3244534 0.3718973 0.8445489
v 1.3305450 0.3054410 0.8531325
v 1.3244534 0.2389848 0.8445489
v 1.3067750 0.1790337 0.8196374
v 1.2792405 0.1314564 0.7808375
v 1.2445447 0.1009098 0.7319462
v 1.2060839 0.0903842 0.6777501
v 1.1676235 0.1009099 0.6235540
v 1.1329282 0.1314566 0.5746627
v 1.1053932 0.1790341 0.5358628
v 1.0877149 0.2389852 0.5109513
v 1.2627690 0.5525481 0.4173762
v 1.1215138 0.5525481 0.5176189
v 1.3684250 0.1259072 0.8655512
v 1.5096802 0.1259072 0.7653089
v 1.2332327 0.3054411 0.4490405
v 1.2464764 0.3908434 0.4677024
v 1.3705470 0.3054411 0.5610385
v 1.2826581 0.4533623 0.5186877
v 1.3320831 0.4762457 0.5883349
v 1.3815085 0.4533623 0.6579816
v 1.4176902 0.3908435 0.7089669
v 1.4309335 0.3054411 0.7276287
v 1.4176902 0.2200389 0.7089669
v 1.3815085 0.1575200 0.6579816
v 1.3320831 0.1346365 0.5883349
v 1.2826581 0.1575199 0.5186877
v 1.2464764 0.2200387 0.4677028
vt 0.8164825 0.6121204
vt 0.8171312 0.6285157
vt 0.7432410 0.6378576
vt 0.7324102 0.6121204
vt 0.6899725 0.6533684
vt 0.6977136 0.6121204
vt 0.7432410 0.5863832
vt 0.8171312 0.5957251
vt 0.6899725 0.5708727
vt 0.7201478 0.5562418
vt 0.7366279 0.4461542
vt 0.7498337 0.4559119
vt 0.7109058 0.5194448
vt 0.6840873 0.5117542
vt 0.6624489 0.5387730
vt 0.6706507 0.4871448
vt 0.7241937 0.4353764
vt 0.6252218 0.5191071
vt 0.6326211 0.4863921
vt 0.5563586 0.4051170
vt 0.5753661 0.4869692
vt 0.5478486 0.4822708
vt 0.5402554 0.4081638
vt 0.5444920 0.5376647
vt 0.5236227 0.5114971
vt 0.4126779 0.5196145
vt 0.4881876 0.5566042
vt 0.4672922 0.5750235
vt 0.4049376 0.5342198
vt 0.5086955 0.6121204
vt 0.4750658 0.6121204
vt 0.5721976 0.4008030
vt 0.5980504 0.4706830
vt 0.5831075 0.5207145
vt 0.4192740 0.5045389
vt 0.4896983 0.5286861
vt 0.5193965 0.5715817
vt 0.4126777 0.7046263
vt 0.4049375 0.6900210
vt 0.4672921 0.6492174
vt 0.4881876 0.6676368
vt 0.5193965 0.6526594
vt 0.4896983 0.6955550
vt 0.4192739 0.7197021
vt 0.5444920 0.6865765
vt 0.5236227 0.7127442
vt 0.5563587 0.8191241
vt 0.5402555 0.8160771
vt 0.5478487 0.7419701
vt 0.5753663 0.7372717
vt 0.5831075 0.7035266
vt 0.5980504 0.7535581
vt 0.5721977 0.8234380
vt 0.6252218 0.7051339
vt 0.6326211 0.7378489
vt 0.7366276 0.7780871
vt 0.7241936 0.7888649
vt 0.6706507 0.7370963
vt 0.6840872 0.7124871
vt 0.6624488 0.6854681
vt 0.7109057 0.7047963
vt 0.7498337 0.7683292
vt 0.7201478 0.6679993
vt 0.6899725 0.6533684
vt 0.6040184 0.6121204
vt 0.6977136 0.6121204
vt 0.6899725 0.5708727
vt 0.6624489 0.5387730
vt 0.6252218 0.5191071
vt 0.5831075 0.5207145
vt 0.5444920 0.5376647
vt 0.5193965 0.5715817
vt 0.5086955 0.6121204
vt 0.5193965 0.6526594
vt 0.5444920 0.6865765
vt 0.5831075 0.7035266
vt 0.6252218 0.7051339
vt 0.6624488 0.6854681
vt 0.7432410 0.6378576
vt 0.8171312 0.6285157
vt 0.8324668 0.6593159
vt 0.7656204 0.6653361
vt 0.7201478 0.6679993
vt 0.7432410 0.6378576
vt 0.7656204 0.6653361
vt 0.7512245 0.6829752
vt 0.8171312 0.5957251
vt 0.7432410 0.5863832
vt 0.7656204 0.5589048
vt 0.8324668 0.5649248
vt 0.7432410 0.5863832
vt 0.7201478 0.5562418
vt 0.7512245 0.5412658
vt 0.7656204 0.5589048
vt 0.7109058 0.5194448
vt 0.7498337 0.4559119
vt 0.7834488 0.4631954
vt 0.7463400 0.5190780
vt 0.7109058 0.5194448
vt 0.7463400 0.5190780
vt 0.7241937 0.4353764
vt 0.6706507 0.4871448
vt 0.6631533 0.4524828
vt 0.7097523 0.4041326
vt 0.6706507 0.4871448
vt 0.6326211 0.4863921
vt 0.6402900 0.4527221
vt 0.6631533 0.4524828
vt 0.5402554 0.4081638
vt 0.5478486 0.4822708
vt 0.5160637 0.4666319
vt 0.5067931 0.4001824
vt 0.5478486 0.4822708
vt 0.5236227 0.5114971
vt 0.5021168 0.4845566
vt 0.5160637 0.4666319
vt 0.4049376 0.5342198
vt 0.4672922 0.5750235
vt 0.4351647 0.5899611
vt 0.3776822 0.5552438
vt 0.4672922 0.5750235
vt 0.4750658 0.6121204
vt 0.4404970 0.6121204
vt 0.4351647 0.5899611
vt 0.5980504 0.4706830
vt 0.5721976 0.4008030
vt 0.5987482 0.3789064
vt 0.6197855 0.4426592
vt 0.5980504 0.4706830
vt 0.6197855 0.4426592
vt 0.4896983 0.5286861
vt 0.4192740 0.5045389
vt 0.4190067 0.4701521
vt 0.4816031 0.4942011
vt 0.4896983 0.5286861
vt 0.4816031 0.4942011
vt 0.4672921 0.6492174
vt 0.4049375 0.6900210
vt 0.3776821 0.6689969
vt 0.4351647 0.6342797
vt 0.4672921 0.6492174
vt 0.4351647 0.6342797
vt 0.4192739 0.7197021
vt 0.4896983 0.6955550
vt 0.4816030 0.7300400
vt 0.4190064 0.7540886
vt 0.4896983 0.6955550
vt 0.5236227 0.7127442
vt 0.5021169 0.7396846
vt 0.4816030 0.7300400
vt 0.5478487 0.7419701
vt 0.5402555 0.8160771
vt 0.5067931 0.8240587
vt 0.5160638 0.7576091
vt 0.5478487 0.7419701
vt 0.5160638 0.7576091
vt 0.5721977 0.8234380
vt 0.5980504 0.7535581
vt 0.6197855 0.7815818
vt 0.5987483 0.8453346
vt 0.5980504 0.7535581
vt 0.6326211 0.7378489
vt 0.6402901 0.7715190
vt 0.6197855 0.7815818
vt 0.6706507 0.7370963
vt 0.7241936 0.7888649
vt 0.7097523 0.8201088
vt 0.6631534 0.7717583
vt 0.6706507 0.7370963
vt 0.6631534 0.7717583
vt 0.7498337 0.7683292
vt 0.7109057 0.7047963
vt 0.7463400 0.7051631
vt 0.7834488 0.7610458
vt 0.7109057 0.7047963
vt 0.7463400 0.7051631
vt 0.7876761 0.1799845
vt 0.7507979 0.1799700
vt 0.7508054 0.1724629
vt 0.7876909 0.1724777
vt 0.7137452 0.1799630
vt 0.7137489 0.1724554
vt 0.6765752 0.1799596
vt 0.6765767 0.1724517
vt 0.6393455 0.1799566
vt 0.6393457 0.1724483
vt 0.6021085 0.1799563
vt 0.6021084 0.1724480
vt 0.5649123 0.1799585
vt 0.5649119 0.1724505
vt 0.5278012 0.1799645
vt 0.5277997 0.1724571
vt 0.4908172 0.1799720
vt 0.4908133 0.1724651
vt 0.4539990 0.1799858
vt 0.4539914 0.1724795
vt 0.4173794 0.1800114
vt 0.4173664 0.1725053
vt 0.3809759 0.1800656
vt 0.3809632 0.1725578
vt 0.3447511 0.1802203
vt 0.3447778 0.1727024
vt 0.3085379 0.1804440
vt 0.3087424 0.1728935
vt 0.2719289 0.1802780
vt 0.2726772 0.1726862
vt 0.2344424 0.1768389
vt 0.2366307 0.1696440
vt 0.9714389 0.1769763
vt 0.9338984 0.1803510
vt 0.9331653 0.1727637
vt 0.9692671 0.1697751
vt 0.8971496 0.1805120
vt 0.8969411 0.1729640
vt 0.8607588 0.1801231
vt 0.8607278 0.1726054
vt 0.8243293 0.1800214
vt 0.8243499 0.1725119
vt 0.7876909 0.1724777
vt 0.7508054 0.1724629
vt 0.7508183 0.1277784
vt 0.7877178 0.1277902
vt 0.7137489 0.1724554
vt 0.7137546 0.1277712
vt 0.6765767 0.1724517
vt 0.6765798 0.1277672
vt 0.6393457 0.1724483
vt 0.6393473 0.1277640
vt 0.6021084 0.1724480
vt 0.6021079 0.1277637
vt 0.5649119 0.1724505
vt 0.5649099 0.1277662
vt 0.5277997 0.1724571
vt 0.5277977 0.1277726
vt 0.4908133 0.1724651
vt 0.4908096 0.1277820
vt 0.4539914 0.1724795
vt 0.4539822 0.1277957
vt 0.4173664 0.1725053
vt 0.4173495 0.1278173
vt 0.3809632 0.1725578
vt 0.3809443 0.1278487
vt 0.3447778 0.1727024
vt 0.3448865 0.1278869
vt 0.3087424 0.1728935
vt 0.3097799 0.1277998
vt 0.2726772 0.1726862
vt 0.2760232 0.1277063
vt 0.2366307 0.1696440
vt 0.2437133 0.1271166
vt 0.9692671 0.1697751
vt 0.9331653 0.1727637
vt 0.9299209 0.1277724
vt 0.9622716 0.1272084
vt 0.8969411 0.1729640
vt 0.8960714 0.1278447
vt 0.8607278 0.1726054
vt 0.8607510 0.1278310
vt 0.8243499 0.1725119
vt 0.8243972 0.1278081
vt 0.4173082 0.0095960
vt 0.4539637 0.0095816
vt 0.4539715 0.0170912
vt 0.4173241 0.0171070
vt 0.4907976 0.0095704
vt 0.4908012 0.0170794
vt 0.5277889 0.0095616
vt 0.5277900 0.0170699
vt 0.5649052 0.0095568
vt 0.5649056 0.0170645
vt 0.6021065 0.0095548
vt 0.6021067 0.0170623
vt 0.6393487 0.0095550
vt 0.6393484 0.0170626
vt 0.6765842 0.0095574
vt 0.6765829 0.0170652
vt 0.7137641 0.0095607
vt 0.7137604 0.0170689
vt 0.7508395 0.0095661
vt 0.7508321 0.0170749
vt 0.7877682 0.0095718
vt 0.7877512 0.0170819
vt 0.8245337 0.0095663
vt 0.8244863 0.0170814
vt 0.8612043 0.0095273
vt 0.8610407 0.0170421
vt 0.8979751 0.0092296
vt 0.8977646 0.0167475
vt 0.9350367 0.0092482
vt 0.9346228 0.0168160
vt 0.9727772 0.0111950
vt 0.9710667 0.0184963
vt 0.2332126 0.0111387
vt 0.2709115 0.0091950
vt 0.2713238 0.0167617
vt 0.2349232 0.0184341
vt 0.3078476 0.0092066
vt 0.3080563 0.0167248
vt 0.3444139 0.0095475
vt 0.3445767 0.0170617
vt 0.3808244 0.0095985
vt 0.3808701 0.0171144
vt 0.4173241 0.0171070
vt 0.4539715 0.0170912
vt 0.4539822 0.1277957
vt 0.4173495 0.1278173
vt 0.4908012 0.0170794
vt 0.4908096 0.1277820
vt 0.5277900 0.0170699
vt 0.5277977 0.1277726
vt 0.5649056 0.0170645
vt 0.5649099 0.1277662
vt 0.6021067 0.0170623
vt 0.6021079 0.1277637
vt 0.6393484 0.0170626
vt 0.6393473 0.1277640
vt 0.6765829 0.0170652
vt 0.6765798 0.1277672
vt 0.7137604 0.0170689
vt 0.7137546 0.1277712
vt 0.7508321 0.0170749
vt 0.7508183 0.1277784
vt 0.7877512 0.0170819
vt 0.7877178 0.1277902
vt 0.8244863 0.0170814
vt 0.8243972 0.1278081
vt 0.8610407 0.0170421
vt 0.8607510 0.1278310
vt 0.8977646 0.0167475
vt 0.8960714 0.1278447
vt 0.9346228 0.0168160
vt 0.9299209 0.1277724
vt 0.9710667 0.0184963
vt 0.9622716 0.1272084
vt 0.2349232 0.0184341
vt 0.2713238 0.0167617
vt 0.2760232 0.1277063
vt 0.2437133 0.1271166
vt 0.3080563 0.0167248
vt 0.3097799 0.1277998
vt 0.3445767 0.0170617
vt 0.3448865 0.1278869
vt 0.3808701 0.0171144
vt 0.3809443 0.1278487
vt 0.9353137 0.7182474
vt 0.8971136 0.7060819
vt 0.9119589 0.6106988
vt 0.9520588 0.6106988
vt 0.8865315 0.8156456
vt 0.8538935 0.7924033
vt 0.8100694 0.8934348
vt 0.7862262 0.8612680
vt 0.7131016 0.9437016
vt 0.7005100 0.9057172
vt 0.6051798 0.9610929
vt 0.6051798 0.9210839
vt 0.4972579 0.9437016
vt 0.5098495 0.9057170
vt 0.4002902 0.8934345
vt 0.4241334 0.8612680
vt 0.3238278 0.8156455
vt 0.3564658 0.7924032
vt 0.2750451 0.7182474
vt 0.3132458 0.7060817
vt 0.2583004 0.6106985
vt 0.2984003 0.6106985
vt 0.2750454 0.5031496
vt 0.3132459 0.5153151
vt 0.3238281 0.4057511
vt 0.3564661 0.4289934
vt 0.4002904 0.3279617
vt 0.4241337 0.3601282
vt 0.4972584 0.2776945
vt 0.5098500 0.3156792
vt 0.6051804 0.2603034
vt 0.6051803 0.3003121
vt 0.7131022 0.2776946
vt 0.7005104 0.3156793
vt 0.8100698 0.3279621
vt 0.7862264 0.3601286
vt 0.8865317 0.4057517
vt 0.8538938 0.4289938
vt 0.9353139 0.5031503
vt 0.8971136 0.5153159
vt 0.9887742 0.6106988
vt 0.9702525 0.7294785
vt 0.9162972 0.8370413
vt 0.8317350 0.9229380
vt 0.7245083 0.9784365
vt 0.6051798 0.9976354
vt 0.4858513 0.9784365
vt 0.3786246 0.9229379
vt 0.2940620 0.8370411
vt 0.2401063 0.7294785
vt 0.2215850 0.6106985
vt 0.2401066 0.4919186
vt 0.2940624 0.3843555
vt 0.3786248 0.2984582
vt 0.4858517 0.2429597
vt 0.6051804 0.2237607
vt 0.7245089 0.2429598
vt 0.8317356 0.2984588
vt 0.9162976 0.3843562
vt 0.9702526 0.4919193
vt 0.8465021 0.6898557
vt 0.8588159 0.6106986
vt 0.8106850 0.7614275
vt 0.7546915 0.8184400
vt 0.6838702 0.8551830
vt 0.6051798 0.8678734
vt 0.5264895 0.8551828
vt 0.4556681 0.8184399
vt 0.3996743 0.7614273
vt 0.3638571 0.6898556
vt 0.3515434 0.6106985
vt 0.3638573 0.5315412
vt 0.3996745 0.4599693
vt 0.4556684 0.4029566
vt 0.5264897 0.3662134
vt 0.6051801 0.3535228
vt 0.6838704 0.3662135
vt 0.7546917 0.4029569
vt 0.8106853 0.4599697
vt 0.8465023 0.5315419
vt 0.0025589 0.6019640
vt 0.0025589 0.5026903
vt 0.2094823 0.5026902
vt 0.2094823 0.6019639
vt 0.0025589 0.7010988
vt 0.2094823 0.7010987
vt 0.0025590 0.9977897
vt 0.0025589 0.8989787
vt 0.2094823 0.8989786
vt 0.2094824 0.9977897
vt 0.0025590 0.1040244
vt 0.0025590 0.0052310
vt 0.2094824 0.0052309
vt 0.2094824 0.1040243
vt 0.0025590 0.2028592
vt 0.2094824 0.2028590
vt 0.0025590 0.3017869
vt 0.2094824 0.3017867
vt 0.0025590 0.5000498
vt 0.0025590 0.4008449
vt 0.2094824 0.4008451
vt 0.2094824 0.5000501
vt 0.0025590 0.5993924
vt 0.2094824 0.5993924
vt 0.0025590 0.7983302
vt 0.2094824 0.7983302
vt 0.2094824 0.8978077
vt 0.0025590 0.8978077
vt 0.0025590 0.9972180
vt 0.2094824 0.9972180
vt 0.0025589 0.1048670
vt 0.0025589 0.0054611
vt 0.2094823 0.0054611
vt 0.2094823 0.1048670
vt 0.0025589 0.2043364
vt 0.2094823 0.2043366
vt 0.2094823 0.3038317
vt 0.0025589 0.3038317
vt 0.0025589 0.4033000
vt 0.2094823 0.4032999
vt 0.2984035 0.6106988
vt 0.3132488 0.7060809
vt 0.2750483 0.7182465
vt 0.2583035 0.6106988
vt 0.3564686 0.7924015
vt 0.3238307 0.8156439
vt 0.4241357 0.8612657
vt 0.4002923 0.8934323
vt 0.5098509 0.9057142
vt 0.4972592 0.9436989
vt 0.6051801 0.9210810
vt 0.6051801 0.9610899
vt 0.7005093 0.9057141
vt 0.7131010 0.9436989
vt 0.7862244 0.8612655
vt 0.8100678 0.8934322
vt 0.8538913 0.7924015
vt 0.8865293 0.8156437
vt 0.8971108 0.7060807
vt 0.9353112 0.7182464
vt 0.9119560 0.6106985
vt 0.9520559 0.6106985
vt 0.8971107 0.5153162
vt 0.9353108 0.5031506
vt 0.8538910 0.4289953
vt 0.8865288 0.4057530
vt 0.7862240 0.3601309
vt 0.8100674 0.3279642
vt 0.7005090 0.3156823
vt 0.7131006 0.2776976
vt 0.6051797 0.3003155
vt 0.6051797 0.2603067
vt 0.5098505 0.3156824
vt 0.4972588 0.2776978
vt 0.4241353 0.3601313
vt 0.4002919 0.3279648
vt 0.3564683 0.4289959
vt 0.3238303 0.4057538
vt 0.3132486 0.5153170
vt 0.2750481 0.5031514
vt 0.2401094 0.7294777
vt 0.2215881 0.6106988
vt 0.2940650 0.8370396
vt 0.3786266 0.9229357
vt 0.4858525 0.9784337
vt 0.6051801 0.9976327
vt 0.7245077 0.9784337
vt 0.8317335 0.9229354
vt 0.9162951 0.8370394
vt 0.9702500 0.7294775
vt 0.9887712 0.6106985
vt 0.9702498 0.4919196
vt 0.9162947 0.3843575
vt 0.8317332 0.2984609
vt 0.7245072 0.2429628
vt 0.6051797 0.2237640
vt 0.4858520 0.2429631
vt 0.3786261 0.2984614
vt 0.2940646 0.3843582
vt 0.2401092 0.4919204
vt 0.3515470 0.6106986
vt 0.3638606 0.6898547
vt 0.3996772 0.7614256
vt 0.4556702 0.8184375
vt 0.5264908 0.8551802
vt 0.6051801 0.8678703
vt 0.6838694 0.8551802
vt 0.7546898 0.8184374
vt 0.8106828 0.7614256
vt 0.8464992 0.6898546
vt 0.8588128 0.6106985
vt 0.8464991 0.5315423
vt 0.8106824 0.4599713
vt 0.7546895 0.4029593
vt 0.6838689 0.3662165
vt 0.6051798 0.3535261
vt 0.5264904 0.3662167
vt 0.4556699 0.4029596
vt 0.3996769 0.4599718
vt 0.3638604 0.5315430
vt 0.0025589 0.8000960
vt 0.2094823 0.8000958
vt 0.2094824 0.6988375
vt 0.0025590 0.6988375
vt 0.9984834 0.9305658
vt 0.9892982 0.9648448
vt 0.9299251 0.9305658
vt 0.9642042 0.9899389
vt 0.9299251 0.9991239
vt 0.8956461 0.9899389
vt 0.8705519 0.9648448
vt 0.8613670 0.9305658
vt 0.8705519 0.8962867
vt 0.8956461 0.8711926
vt 0.9299251 0.8620076
vt 0.9642042 0.8711925
vt 0.9892982 0.8962865
vt 0.8164825 0.6121204
vt 0.8171312 0.6285157
vt 0.7432410 0.6378576
vt 0.7324102 0.6121204
vt 0.6899725 0.6533684
vt 0.6977136 0.6121204
vt 0.7432410 0.5863832
vt 0.8171312 0.5957251
vt 0.6899725 0.5708727
vt 0.7201478 0.5562418
vt 0.7366279 0.4461542
vt 0.7498337 0.4559119
vt 0.7109058 0.5194448
vt 0.6840873 0.5117542
vt 0.6624489 0.5387730
vt 0.6706507 0.4871448
vt 0.7241937 0.4353764
vt 0.6252218 0.5191071
vt 0.6326211 0.4863921
vt 0.5563586 0.4051170
vt 0.5753661 0.4869692
vt 0.5478486 0.4822708
vt 0.5402554 0.4081638
vt 0.5444920 0.5376647
vt 0.5236227 0.5114971
vt 0.4126779 0.5196145
vt 0.4881876 0.5566042
vt 0.4672922 0.5750235
vt 0.4049376 0.5342198
vt 0.5086955 0.6121204
vt 0.4750658 0.6121204
vt 0.5721976 0.4008030
vt 0.5980504 0.4706830
vt 0.5831075 0.5207145
vt 0.4192740 0.5045389
vt 0.4896983 0.5286861
vt 0.5193965 0.5715817
vt 0.4126777 0.7046263
vt 0.4049375 0.6900210
vt 0.4672921 0.6492174
vt 0.4881876 0.6676368
vt 0.5193965 0.6526594
vt 0.4896983 0.6955550
vt 0.4192739 0.7197021
vt 0.5444920 0.6865765
vt 0.5236227 0.7127442
vt 0.5563587 0.8191241
vt 0.5402555 0.8160771
vt 0.5478487 0.7419701
vt 0.5753663 0.7372717
vt 0.5831075 0.7035266
vt 0.5980504 0.7535581
vt 0.5721977 0.8234380
vt 0.6252218 0.7051339
vt 0.6326211 0.7378489
vt 0.7366276 0.7780871
vt 0.7241936 0.7888649
vt 0.6706507 0.7370963
vt 0.6840872 0.7124871
vt 0.6624488 0.6854681
vt 0.7109057 0.7047963
vt 0.7498337 0.7683292
vt 0.7201478 0.6679993
vt 0.6899725 0.6533684
vt 0.6040184 0.6121204
vt 0.6977136 0.6121204
vt 0.6899725 0.5708727
vt 0.6624489 0.5387730
vt 0.6252218 0.5191071
vt 0.5831075 0.5207145
vt 0.5444920 0.5376647
vt 0.5193965 0.5715817
vt 0.5086955 0.6121204
vt 0.5193965 0.6526594
vt 0.5444920 0.6865765
vt 0.5831075 0.7035266
vt 0.6252218 0.7051339
vt 0.6624488 0.6854681
vt 0.7432410 0.6378576
vt 0.8171312 0.6285157
vt 0.8324668 0.6593159
vt 0.7656204 0.6653361
vt 0.7201478 0.6679993
vt 0.7432410 0.6378576
vt 0.7656204 0.6653361
vt 0.7512245 0.6829752
vt 0.8171312 0.5957251
vt 0.7432410 0.5863832
vt 0.7656204 0.5589048
vt 0.8324668 0.5649248
vt 0.7432410 0.5863832
vt 0.7201478 0.5562418
vt 0.7512245 0.5412658
vt 0.7656204 0.5589048
vt 0.7109058 0.5194448
vt 0.7498337 0.4559119
vt 0.7834488 0.4631954
vt 0.7463400 0.5190780
vt 0.7109058 0.5194448
vt 0.7463400 0.5190780
vt 0.7241937 0.4353764
vt 0.6706507 0.4871448
vt 0.6631533 0.4524828
vt 0.7097523 0.4041326
vt 0.6706507 0.4871448
vt 0.6326211 0.4863921
vt 0.6402900 0.4527221
vt 0.6631533 0.4524828
vt 0.5402554 0.4081638
vt 0.5478486 0.4822708
vt 0.5160637 0.4666319
vt 0.5067931 0.4001824
vt 0.5478486 0.4822708
vt 0.5236227 0.5114971
vt 0.5021168 0.4845566
vt 0.5160637 0.4666319
vt 0.4049376 0.5342198
vt 0.4672922 0.5750235
vt 0.4351647 0.5899611
vt 0.3776822 0.5552438
vt 0.4672922 0.5750235
vt 0.4750658 0.6121204
vt 0.4404970 0.6121204
vt 0.4351647 0.5899611
vt 0.5980504 0.4706830
vt 0.5721976 0.4008030
vt 0.5987482 0.3789064
vt 0.6197855 0.4426592
vt 0.5980504 0.4706830
vt 0.6197855 0.4426592
vt 0.4896983 0.5286861
vt 0.4192740 0.5045389
vt 0.4190067 0.4701521
vt 0.4816031 0.4942011
vt 0.4896983 0.5286861
vt 0.4816031 0.4942011
vt 0.4672921 0.6492174
vt 0.4049375 0.6900210
vt 0.3776821 0.6689969
vt 0.4351647 0.6342797
vt 0.4672921 0.6492174
vt 0.4351647 0.6342797
vt 0.4192739 0.7197021
vt 0.4896983 0.6955550
vt 0.4816030 0.7300400
vt 0.4190064 0.7540886
vt 0.4896983 0.6955550
vt 0.5236227 0.7127442
vt 0.5021169 0.7396846
vt 0.4816030 0.7300400
vt 0.5478487 0.7419701
vt 0.5402555 0.8160771
vt 0.5067931 0.8240587
vt 0.5160638 0.7576091
vt 0.5478487 0.7419701
vt 0.5160638 0.7576091
vt 0.5721977 0.8234380
vt 0.5980504 0.7535581
vt 0.6197855 0.7815818
vt 0.5987483 0.8453346
vt 0.5980504 0.7535581
vt 0.6326211 0.7378489
vt 0.6402901 0.7715190
vt 0.6197855 0.7815818
vt 0.6706507 0.7370963
vt 0.7241936 0.7888649
vt 0.7097523 0.8201088
vt 0.6631534 0.7717583
vt 0.6706507 0.7370963
vt 0.6631534 0.7717583
vt 0.7498337 0.7683292
vt 0.7109057 0.7047963
vt 0.7463400 0.7051631
vt 0.7834488 0.7610458
vt 0.7109057 0.7047963
vt 0.7463400 0.7051631
vt 0.7876761 0.1799845
vt 0.7507979 0.1799700
vt 0.7508054 0.1724629
vt 0.7876909 0.1724777
vt 0.7137452 0.1799630
vt 0.7137489 0.1724554
vt 0.6765752 0.1799596
vt 0.6765767 0.1724517
vt 0.6393455 0.1799566
vt 0.6393457 0.1724483
vt 0.6021085 0.1799563
vt 0.6021084 0.1724480
vt 0.5649123 0.1799585
vt 0.5649119 0.1724505
vt 0.5278012 0.1799645
vt 0.5277997 0.1724571
vt 0.4908172 0.1799720
vt 0.4908133 0.1724651
vt 0.4539990 0.1799858
vt 0.4539914 0.1724795
vt 0.4173794 0.1800114
vt 0.4173664 0.1725053
vt 0.3809759 0.1800656
vt 0.3809632 0.1725578
vt 0.3447511 0.1802203
vt 0.3447778 0.1727024
vt 0.3085379 0.1804440
vt 0.3087424 0.1728935
vt 0.2719289 0.1802780
vt 0.2726772 0.1726862
vt 0.2344424 0.1768389
vt 0.2366307 0.1696440
vt 0.9714389 0.1769763
vt 0.9338984 0.1803510
vt 0.9331653 0.1727637
vt 0.9692671 0.1697751
vt 0.8971496 0.1805120
vt 0.8969411 0.1729640
vt 0.8607588 0.1801231
vt 0.8607278 0.1726054
vt 0.8243293 0.1800214
vt 0.8243499 0.1725119
vt 0.7876909 0.1724777
vt 0.7508054 0.1724629
vt 0.7508183 0.1277784
vt 0.7877178 0.1277902
vt 0.7137489 0.1724554
vt 0.7137546 0.1277712
vt 0.6765767 0.1724517
vt 0.6765798 0.1277672
vt 0.6393457 0.1724483
vt 0.6393473 0.1277640
vt 0.6021084 0.1724480
vt 0.6021079 0.1277637
vt 0.5649119 0.1724505
vt 0.5649099 0.1277662
vt 0.5277997 0.1724571
vt 0.5277977 0.1277726
vt 0.4908133 0.1724651
vt 0.4908096 0.1277820
vt 0.4539914 0.1724795
vt 0.4539822 0.1277957
vt 0.4173664 0.1725053
vt 0.4173495 0.1278173
vt 0.3809632 0.1725578
vt 0.3809443 0.1278487
vt 0.3447778 0.1727024
vt 0.3448865 0.1278869
vt 0.3087424 0.1728935
vt 0.3097799 0.1277998
vt 0.2726772 0.1726862
vt 0.2760232 0.1277063
vt 0.2366307 0.1696440
vt 0.2437133 0.1271166
vt 0.9692671 0.1697751
vt 0.9331653 0.1727637
vt 0.9299209 0.1277724
vt 0.9622716 0.1272084
vt 0.8969411 0.1729640
vt 0.8960714 0.1278447
vt 0.8607278 0.1726054
vt 0.8607510 0.1278310
vt 0.8243499 0.1725119
vt 0.8243972 0.1278081
vt 0.4173082 0.0095960
vt 0.4539637 0.0095816
vt 0.4539715 0.0170912
vt 0.4173241 0.0171070
vt 0.4907976 0.0095704
vt 0.4908012 0.0170794
vt 0.5277889 0.0095616
vt 0.5277900 0.0170699
vt 0.5649052 0.0095568
vt 0.5649056 0.0170645
vt 0.6021065 0.0095548
vt 0.6021067 0.0170623
vt 0.6393487 0.0095550
vt 0.6393484 0.0170626
vt 0.6765842 0.0095574
vt 0.6765829 0.0170652
vt 0.7137641 0.0095607
vt 0.7137604 0.0170689
vt 0.7508395 0.0095661
vt 0.7508321 0.0170749
vt 0.7877682 0.0095718
vt 0.7877512 0.0170819
vt 0.8245337 0.0095663
vt 0.8244863 0.0170814
vt 0.8612043 0.0095273
vt 0.8610407 0.0170421
vt 0.8979751 0.0092296
vt 0.8977646 0.0167475
vt 0.9350367 0.0092482
vt 0.9346228 0.0168160
vt 0.9727772 0.0111950
vt 0.9710667 0.0184963
vt 0.2332126 0.0111387
vt 0.2709115 0.0091950
vt 0.2713238 0.0167617
vt 0.2349232 0.0184341
vt 0.3078476 0.0092066
vt 0.3080563 0.0167248
vt 0.3444139 0.0095475
vt 0.3445767 0.0170617
vt 0.3808244 0.0095985
vt 0.3808701 0.0171144
vt 0.4173241 0.0171070
vt 0.4539715 0.0170912
vt 0.4539822 0.1277957
vt 0.4173495 0.1278173
vt 0.4908012 0.0170794
vt 0.4908096 0.1277820
vt 0.5277900 0.0170699
vt 0.5277977 0.1277726
vt 0.5649056 0.0170645
vt 0.5649099 0.1277662
vt 0.6021067 0.0170623
vt 0.6021079 0.1277637
vt 0.6393484 0.0170626
vt 0.6393473 0.1277640
vt 0.6765829 0.0170652
vt 0.6765798 0.1277672
vt 0.7137604 0.0170689
vt 0.7137546 0.1277712
vt 0.7508321 0.0170749
vt 0.7508183 0.1277784
vt 0.7877512 0.0170819
vt 0.7877178 0.1277902
vt 0.8244863 0.0170814
vt 0.8243972 0.1278081
vt 0.8610407 0.0170421
vt 0.8607510 0.1278310
vt 0.8977646 0.0167475
vt 0.8960714 0.1278447
vt 0.9346228 0.0168160
vt 0.9299209 0.1277724
vt 0.9710667 0.0184963
vt 0.9622716 0.1272084
vt 0.2349232 0.0184341
vt 0.2713238 0.0167617
vt 0.2760232 0.1277063
vt 0.2437133 0.1271166
vt 0.3080563 0.0167248
vt 0.3097799 0.1277998
vt 0.3445767 0.0170617
vt 0.3448865 0.1278869
vt 0.3808701 0.0171144
vt 0.3809443 0.1278487
vt 0.9353137 0.7182474
vt 0.8971136 0.7060819
vt 0.9119589 0.6106988
vt 0.9520588 0.6106988
vt 0.8865315 0.8156456
vt 0.8538935 0.7924033
vt 0.8100694 0.8934348
vt 0.7862262 0.8612680
vt 0.7131016 0.9437016
vt 0.7005100 0.9057172
vt 0.6051798 0.9610929
vt 0.6051798 0.9210839
vt 0.4972579 0.9437016
vt 0.5098495 0.9057170
vt 0.4002902 0.8934345
vt 0.4241334 0.8612680
vt 0.3238278 0.8156455
vt 0.3564658 0.7924032
vt 0.2750451 0.7182474
vt 0.3132458 0.7060817
vt 0.2583004 0.6106985
vt 0.2984003 0.6106985
vt 0.2750454 0.5031496
vt 0.3132459 0.5153151
vt 0.3238281 0.4057511
vt 0.3564661 0.4289934
vt 0.4002904 0.3279617
vt 0.4241337 0.3601282
vt 0.4972584 0.2776945
vt 0.5098500 0.3156792
vt 0.6051804 0.2603034
vt 0.6051803 0.3003121
vt 0.7131022 0.2776946
vt 0.7005104 0.3156793
vt 0.8100698 0.3279621
vt 0.7862264 0.3601286
vt 0.8865317 0.4057517
vt 0.8538938 0.4289938
vt 0.9353139 0.5031503
vt 0.8971136 0.5153159
vt 0.9887742 0.6106988
vt 0.9702525 0.7294785
vt 0.9162972 0.8370413
vt 0.8317350 0.9229380
vt 0.7245083 0.9784365
vt 0.6051798 0.9976354
vt 0.4858513 0.9784365
vt 0.3786246 0.9229379
vt 0.2940620 0.8370411
vt 0.2401063 0.7294785
vt 0.2215850 0.6106985
vt 0.2401066 0.4919186
vt 0.2940624 0.3843555
vt 0.3786248 0.2984582
vt 0.4858517 0.2429597
vt 0.6051804 0.2237607
vt 0.7245089 0.2429598
vt 0.8317356 0.2984588
vt 0.9162976 0.3843562
vt 0.9702526 0.4919193
vt 0.8465021 0.6898557
vt 0.8588159 0.6106986
vt 0.8106850 0.7614275
vt 0.7546915 0.8184400
vt 0.6838702 0.8551830
vt 0.6051798 0.8678734
vt 0.5264895 0.8551828
vt 0.4556681 0.8184399
vt 0.3996743 0.7614273
vt 0.3638571 0.6898556
vt 0.3515434 0.6106985
vt 0.3638573 0.5315412
vt 0.3996745 0.4599693
vt 0.4556684 0.4029566
vt 0.5264897 0.3662134
vt 0.6051801 0.3535228
vt 0.6838704 0.3662135
vt 0.7546917 0.4029569
vt 0.8106853 0.4599697
vt 0.8465023 0.5315419
vt 0.0025589 0.6019640
vt 0.0025589 0.5026903
vt 0.2094823 0.5026902
vt 0.2094823 0.6019639
vt 0.0025589 0.7010988
vt 0.2094823 0.7010987
vt 0.0025590 0.9977897
vt 0.0025589 0.8989787
vt 0.2094823 0.8989786
vt 0.2094824 0.9977897
vt 0.0025590 0.1040244
vt 0.0025590 0.0052310
vt 0.2094824 0.0052309
vt 0.2094824 0.1040243
vt 0.0025590 0.2028592
vt 0.2094824 0.2028590
vt 0.0025590 0.3017869
vt 0.2094824 0.3017867
vt 0.0025590 0.5000498
vt 0.0025590 0.4008449
vt 0.2094824 0.4008451
vt 0.2094824 0.5000501
vt 0.0025590 0.5993924
vt 0.2094824 0.5993924
vt 0.0025590 0.7983302
vt 0.2094824 0.7983302
vt 0.2094824 0.8978077
vt 0.0025590 0.8978077
vt 0.0025590 0.9972180
vt 0.2094824 0.9972180
vt 0.0025589 0.1048670
vt 0.0025589 0.0054611
vt 0.2094823 0.0054611
vt 0.2094823 0.1048670
vt 0.0025589 0.2043364
vt 0.2094823 0.2043366
vt 0.2094823 0.3038317
vt 0.0025589 0.3038317
vt 0.0025589 0.4033000
vt 0.2094823 0.4032999
vt 0.2984035 0.6106988
vt 0.3132488 0.7060809
vt 0.2750483 0.7182465
vt 0.2583035 0.6106988
vt 0.3564686 0.7924015
vt 0.3238307 0.8156439
vt 0.4241357 0.8612657
vt 0.4002923 0.8934323
vt 0.5098509 0.9057142
vt 0.4972592 0.9436989
vt 0.6051801 0.9210810
vt 0.6051801 0.9610899
vt 0.7005093 0.9057141
vt 0.7131010 0.9436989
vt 0.7862244 0.8612655
vt 0.8100678 0.8934322
vt 0.8538913 0.7924015
vt 0.8865293 0.8156437
vt 0.8971108 0.7060807
vt 0.9353112 0.7182464
vt 0.9119560 0.6106985
vt 0.9520559 0.6106985
vt 0.8971107 0.5153162
vt 0.9353108 0.5031506
vt 0.8538910 0.4289953
vt 0.8865288 0.4057530
vt 0.7862240 0.3601309
vt 0.8100674 0.3279642
vt 0.7005090 0.3156823
vt 0.7131006 0.2776976
vt 0.6051797 0.3003155
vt 0.6051797 0.2603067
vt 0.5098505 0.3156824
vt 0.4972588 0.2776978
vt 0.4241353 0.3601313
vt 0.4002919 0.3279648
vt 0.3564683 0.4289959
vt 0.3238303 0.4057538
vt 0.3132486 0.5153170
vt 0.2750481 0.5031514
vt 0.2401094 0.7294777
vt 0.2215881 0.6106988
vt 0.2940650 0.8370396
vt 0.3786266 0.9229357
vt 0.4858525 0.9784337
vt 0.6051801 0.9976327
vt 0.7245077 0.9784337
vt 0.8317335 0.9229354
vt 0.9162951 0.8370394
vt 0.9702500 0.7294775
vt 0.9887712 0.6106985
vt 0.9702498 0.4919196
vt 0.9162947 0.3843575
vt 0.8317332 0.2984609
vt 0.7245072 0.2429628
vt 0.6051797 0.2237640
vt 0.4858520 0.2429631
vt 0.3786261 0.2984614
vt 0.2940646 0.3843582
vt 0.2401092 0.4919204
vt 0.3515470 0.6106986
vt 0.3638606 0.6898547
vt 0.3996772 0.7614256
vt 0.4556702 0.8184375
vt 0.5264908 0.8551802
vt 0.6051801 0.8678703
vt 0.6838694 0.8551802
vt 0.7546898 0.8184374
vt 0.8106828 0.7614256
vt 0.8464992 0.6898546
vt 0.8588128 0.6106985
vt 0.8464991 0.5315423
vt 0.8106824 0.4599713
vt 0.7546895 0.4029593
vt 0.6838689 0.3662165
vt 0.6051798 0.3535261
vt 0.5264904 0.3662167
vt 0.4556699 0.4029596
vt 0.3996769 0.4599718
vt 0.3638604 0.5315430
vt 0.0025589 0.8000960
vt 0.2094823 0.8000958
vt 0.2094824 0.6988375
vt 0.0025590 0.6988375
vt 0.9984834 0.9305658
vt 0.9892982 0.9648448
vt 0.9299251 0.9305658
vt 0.9642042 0.9899389
vt 0.9299251 0.9991239
vt 0.8956461 0.9899389
vt 0.8705519 0.9648448
vt 0.8613670 0.9305658
vt 0.8705519 0.8962867
vt 0.8956461 0.8711926
vt 0.9299251 0.8620076
vt 0.9642042 0.8711925
vt 0.9892982 0.8962865
vt 0.8164825 0.6121204
vt 0.8171312 0.6285157
vt 0.7432410 0.6378576
vt 0.7324102 0.6121204
vt 0.6899725 0.6533684
vt 0.6977136 0.6121204
vt 0.7432410 0.5863832
vt 0.8171312 0.5957251
vt 0.6899725 0.5708727
vt 0.7201478 0.5562418
vt 0.7366279 0.4461542
vt 0.7498337 0.4559119
vt 0.7109058 0.5194448
vt 0.6840873 0.5117542
vt 0.6624489 0.5387730
vt 0.6706507 0.4871448
vt 0.7241937 0.4353764
vt 0.6252218 0.5191071
vt 0.6326211 0.4863921
vt 0.5563586 0.4051170
vt 0.5753661 0.4869692
vt 0.5478486 0.4822708
vt 0.5402554 0.4081638
vt 0.5444920 0.5376647
vt 0.5236227 0.5114971
vt 0.4126779 0.5196145
vt 0.4881876 0.5566042
vt 0.4672922 0.5750235
vt 0.4049376 0.5342198
vt 0.5086955 0.6121204
vt 0.4750658 0.6121204
vt 0.5721976 0.4008030
vt 0.5980504 0.4706830
vt 0.5831075 0.5207145
vt 0.4192740 0.5045389
vt 0.4896983 0.5286861
vt 0.5193965 0.5715817
vt 0.4126777 0.7046263
vt 0.4049375 0.6900210
vt 0.4672921 0.6492174
vt 0.4881876 0.6676368
vt 0.5193965 0.6526594
vt 0.4896983 0.6955550
vt 0.4192739 0.7197021
vt 0.5444920 0.6865765
vt 0.5236227 0.7127442
vt 0.5563587 0.8191241
vt 0.5402555 0.8160771
vt 0.5478487 0.7419701
vt 0.5753663 0.7372717
vt 0.5831075 0.7035266
vt 0.5980504 0.7535581
vt 0.5721977 0.8234380
vt 0.6252218 0.7051339
vt 0.6326211 0.7378489
vt 0.7366276 0.7780871
vt 0.7241936 0.7888649
vt 0.6706507 0.7370963
vt 0.6840872 0.7124871
vt 0.6624488 0.6854681
vt 0.7109057 0.7047963
vt 0.7498337 0.7683292
vt 0.7201478 0.6679993
vt 0.6899725 0.6533684
vt 0.6040184 0.6121204
vt 0.6977136 0.6121204
vt 0.6899725 0.5708727
vt 0.6624489 0.5387730
vt 0.6252218 0.5191071
vt 0.5831075 0.5207145
vt 0.5444920 0.5376647
vt 0.5193965 0.5715817
vt 0.5086955 0.6121204
vt 0.5193965 0.6526594
vt 0.5444920 0.6865765
vt 0.5831075 0.7035266
vt 0.6252218 0.7051339
vt 0.6624488 0.6854681
vt 0.7432410 0.6378576
vt 0.8171312 0.6285157
vt 0.8324668 0.6593159
vt 0.7656204 0.6653361
vt 0.7201478 0.6679993
vt 0.7432410 0.6378576
vt 0.7656204 0.6653361
vt 0.7512245 0.6829752
vt 0.8171312 0.5957251
vt 0.7432410 0.5863832
vt 0.7656204 0.5589048
vt 0.8324668 0.5649248
vt 0.7432410 0.5863832
vt 0.7201478 0.5562418
vt 0.7512245 0.5412658
vt 0.7656204 0.5589048
vt 0.7109058 0.5194448
vt 0.7498337 0.4559119
vt 0.7834488 0.4631954
vt 0.7463400 0.5190780
vt 0.7109058 0.5194448
vt 0.7463400 0.5190780
vt 0.7241937 0.4353764
vt 0.6706507 0.4871448
vt 0.6631533 0.4524828
vt 0.7097523 0.4041326
vt 0.6706507 0.4871448
vt 0.6326211 0.4863921
vt 0.6402900 0.4527221
vt 0.6631533 0.4524828
vt 0.5402554 0.4081638
vt 0.5478486 0.4822708
vt 0.5160637 0.4666319
vt 0.5067931 0.4001824
vt 0.5478486 0.4822708
vt 0.5236227 0.5114971
vt 0.5021168 0.4845566
vt 0.5160637 0.4666319
vt 0.4049376 0.5342198
vt 0.4672922 0.5750235
vt 0.4351647 0.5899611
vt 0.3776822 0.5552438
vt 0.4672922 0.5750235
vt 0.4750658 0.6121204
vt 0.4404970 0.6121204
vt 0.4351647 0.5899611
vt 0.5980504 0.4706830
vt 0.5721976 0.4008030
vt 0.5987482 0.3789064
vt 0.6197855 0.4426592
vt 0.5980504 0.4706830
vt 0.6197855 0.4426592
vt 0.4896983 0.5286861
vt 0.4192740 0.5045389
vt 0.4190067 0.4701521
vt 0.4816031 0.4942011
vt 0.4896983 0.5286861
vt 0.4816031 0.4942011
vt 0.4672921 0.6492174
vt 0.4049375 0.6900210
vt 0.3776821 0.6689969
vt 0.4351647 0.6342797
vt 0.4672921 0.6492174
vt 0.4351647 0.6342797
vt 0.4192739 0.7197021
vt 0.4896983 0.6955550
vt 0.4816030 0.7300400
vt 0.4190064 0.7540886
vt 0.4896983 0.6955550
vt 0.5236227 0.7127442
vt 0.5021169 0.7396846
vt 0.4816030 0.7300400
vt 0.5478487 0.7419701
vt 0.5402555 0.8160771
vt 0.5067931 0.8240587
vt 0.5160638 0.7576091
vt 0.5478487 0.7419701
vt 0.5160638 0.7576091
vt 0.5721977 0.8234380
vt 0.5980504 0.7535581
vt 0.6197855 0.7815818
vt 0.5987483 0.8453346
vt 0.5980504 0.7535581
vt 0.6326211 0.7378489
vt 0.6402901 0.7715190
vt 0.6197855 0.7815818
vt 0.6706507 0.7370963
vt 0.7241936 0.7888649
vt 0.7097523 0.8201088
vt 0.6631534 0.7717583
vt 0.6706507 0.7370963
vt 0.6631534 0.7717583
vt 0.7498337 0.7683292
vt 0.7109057 0.7047963
vt 0.7463400 0.7051631
vt 0.7834488 0.7610458
vt 0.7109057 0.7047963
vt 0.7463400 0.7051631
vt 0.7876761 0.1799845
vt 0.7507979 0.1799700
vt 0.7508054 0.1724629
vt 0.7876909 0.1724777
vt 0.7137452 0.1799630
vt 0.7137489 0.1724554
vt 0.6765752 0.1799596
vt 0.6765767 0.1724517
vt 0.6393455 0.1799566
vt 0.6393457 0.1724483
vt 0.6021085 0.1799563
vt 0.6021084 0.1724480
vt 0.5649123 0.1799585
vt 0.5649119 0.1724505
vt 0.5278012 0.1799645
vt 0.5277997 0.1724571
vt 0.4908172 0.1799720
vt 0.4908133 0.1724651
vt 0.4539990 0.1799858
vt 0.4539914 0.1724795
vt 0.4173794 0.1800114
vt 0.4173664 0.1725053
vt 0.3809759 0.1800656
vt 0.3809632 0.1725578
vt 0.3447511 0.1802203
vt 0.3447778 0.1727024
vt 0.3085379 0.1804440
vt 0.3087424 0.1728935
vt 0.2719289 0.1802780
vt 0.2726772 0.1726862
vt 0.2344424 0.1768389
vt 0.2366307 0.1696440
vt 0.9714389 0.1769763
vt 0.9338984 0.1803510
vt 0.9331653 0.1727637
vt 0.9692671 0.1697751
vt 0.8971496 0.1805120
vt 0.8969411 0.1729640
vt 0.8607588 0.1801231
vt 0.8607278 0.1726054
vt 0.8243293 0.1800214
vt 0.8243499 0.1725119
vt 0.7876909 0.1724777
vt 0.7508054 0.1724629
vt 0.7508183 0.1277784
vt 0.7877178 0.1277902
vt 0.7137489 0.1724554
vt 0.7137546 0.1277712
vt 0.6765767 0.1724517
vt 0.6765798 0.1277672
vt 0.6393457 0.1724483
vt 0.6393473 0.1277640
vt 0.6021084 0.1724480
vt 0.6021079 0.1277637
vt 0.5649119 0.1724505
vt 0.5649099 0.1277662
vt 0.5277997 0.1724571
vt 0.5277977 0.1277726
vt 0.4908133 0.1724651
vt 0.4908096 0.1277820
vt 0.4539914 0.1724795
vt 0.4539822 0.1277957
vt 0.4173664 0.1725053
vt 0.4173495 0.1278173
vt 0.3809632 0.1725578
vt 0.3809443 0.1278487
vt 0.3447778 0.1727024
vt 0.3448865 0.1278869
vt 0.3087424 0.1728935
vt 0.3097799 0.1277998
vt 0.2726772 0.1726862
vt 0.2760232 0.1277063
vt 0.2366307 0.1696440
vt 0.2437133 0.1271166
vt 0.9692671 0.1697751
vt 0.9331653 0.1727637
vt 0.9299209 0.1277724
vt 0.9622716 0.1272084
vt 0.8969411 0.1729640
vt 0.8960714 0.1278447
vt 0.8607278 0.1726054
vt 0.8607510 0.1278310
vt 0.8243499 0.1725119
vt 0.8243972 0.1278081
vt 0.4173082 0.0095960
vt 0.4539637 0.0095816
vt 0.4539715 0.0170912
vt 0.4173241 0.0171070
vt 0.4907976 0.0095704
vt 0.4908012 0.0170794
vt 0.5277889 0.0095616
vt 0.5277900 0.0170699
vt 0.5649052 0.0095568
vt 0.5649056 0.0170645
vt 0.6021065 0.0095548
vt 0.6021067 0.0170623
vt 0.6393487 0.0095550
vt 0.6393484 0.0170626
vt 0.6765842 0.0095574
vt 0.6765829 0.0170652
vt 0.7137641 0.0095607
vt 0.7137604 0.0170689
vt 0.7508395 0.0095661
vt 0.7508321 0.0170749
vt 0.7877682 0.0095718
vt 0.7877512 0.0170819
vt 0.8245337 0.0095663
vt 0.8244863 0.0170814
vt 0.8612043 0.0095273
vt 0.8610407 0.0170421
vt 0.8979751 0.0092296
vt 0.8977646 0.0167475
vt 0.9350367 0.0092482
vt 0.9346228 0.0168160
vt 0.9727772 0.0111950
vt 0.9710667 0.0184963
vt 0.2332126 0.0111387
vt 0.2709115 0.0091950
vt 0.2713238 0.0167617
vt 0.2349232 0.0184341
vt 0.3078476 0.0092066
vt 0.3080563 0.0167248
vt 0.3444139 0.0095475
vt 0.3445767 0.0170617
vt 0.3808244 0.0095985
vt 0.3808701 0.0171144
vt 0.4173241 0.0171070
vt 0.4539715 0.0170912
vt 0.4539822 0.1277957
vt 0.4173495 0.1278173
vt 0.4908012 0.0170794
vt 0.4908096 0.1277820
vt 0.5277900 0.0170699
vt 0.5277977 0.1277726
vt 0.5649056 0.0170645
vt 0.5649099 0.1277662
vt 0.6021067 0.0170623
vt 0.6021079 0.1277637
vt 0.6393484 0.0170626
vt 0.6393473 0.1277640
vt 0.6765829 0.0170652
vt 0.6765798 0.1277672
vt 0.7137604 0.0170689
vt 0.7137546 0.1277712
vt 0.7508321 0.0170749
vt 0.7508183 0.1277784
vt 0.7877512 0.0170819
vt 0.7877178 0.1277902
vt 0.8244863 0.0170814
vt 0.8243972 0.1278081
vt 0.8610407 0.0170421
vt 0.8607510 0.1278310
vt 0.8977646 0.0167475
vt 0.8960714 0.1278447
vt 0.9346228 0.0168160
vt 0.9299209 0.1277724
vt 0.9710667 0.0184963
vt 0.9622716 0.1272084
vt 0.2349232 0.0184341
vt 0.2713238 0.0167617
vt 0.2760232 0.1277063
vt 0.2437133 0.1271166
vt 0.3080563 0.0167248
vt 0.3097799 0.1277998
vt 0.3445767 0.0170617
vt 0.3448865 0.1278869
vt 0.3808701 0.0171144
vt 0.3809443 0.1278487
vt 0.9353137 0.7182474
vt 0.8971136 0.7060819
vt 0.9119589 0.6106988
vt 0.9520588 0.6106988
vt 0.8865315 0.8156456
vt 0.8538935 0.7924033
vt 0.8100694 0.8934348
vt 0.7862262 0.8612680
vt 0.7131016 0.9437016
vt 0.7005100 0.9057172
vt 0.6051798 0.9610929
vt 0.6051798 0.9210839
vt 0.4972579 0.9437016
vt 0.5098495 0.9057170
vt 0.4002902 0.8934345
vt 0.4241334 0.8612680
vt 0.3238278 0.8156455
vt 0.3564658 0.7924032
vt 0.2750451 0.7182474
vt 0.3132458 0.7060817
vt 0.2583004 0.6106985
vt 0.2984003 0.6106985
vt 0.2750454 0.5031496
vt 0.3132459 0.5153151
vt 0.3238281 0.4057511
vt 0.3564661 0.4289934
vt 0.4002904 0.3279617
vt 0.4241337 0.3601282
vt 0.4972584 0.2776945
vt 0.5098500 0.3156792
vt 0.6051804 0.2603034
vt 0.6051803 0.3003121
vt 0.7131022 0.2776946
vt 0.7005104 0.3156793
vt 0.8100698 0.3279621
vt 0.7862264 0.3601286
vt 0.8865317 0.4057517
vt 0.8538938 0.4289938
vt 0.9353139 0.5031503
vt 0.8971136 0.5153159
vt 0.9887742 0.6106988
vt 0.9702525 0.7294785
vt 0.9162972 0.8370413
vt 0.8317350 0.9229380
vt 0.7245083 0.9784365
vt 0.6051798 0.9976354
vt 0.4858513 0.9784365
vt 0.3786246 0.9229379
vt 0.2940620 0.8370411
vt 0.2401063 0.7294785
vt 0.2215850 0.6106985
vt 0.2401066 0.4919186
vt 0.2940624 0.3843555
vt 0.3786248 0.2984582
vt 0.4858517 0.2429597
vt 0.6051804 0.2237607
vt 0.7245089 0.2429598
vt 0.8317356 0.2984588
vt 0.9162976 0.3843562
vt 0.9702526 0.4919193
vt 0.8465021 0.6898557
vt 0.8588159 0.6106986
vt 0.8106850 0.7614275
vt 0.7546915 0.8184400
vt 0.6838702 0.8551830
vt 0.6051798 0.8678734
vt 0.5264895 0.8551828
vt 0.4556681 0.8184399
vt 0.3996743 0.7614273
vt 0.3638571 0.6898556
vt 0.3515434 0.6106985
vt 0.3638573 0.5315412
vt 0.3996745 0.4599693
vt 0.4556684 0.4029566
vt 0.5264897 0.3662134
vt 0.6051801 0.3535228
vt 0.6838704 0.3662135
vt 0.7546917 0.4029569
vt 0.8106853 0.4599697
vt 0.8465023 0.5315419
vt 0.0025589 0.6019640
vt 0.0025589 0.5026903
vt 0.2094823 0.5026902
vt 0.2094823 0.6019639
vt 0.0025589 0.7010988
vt 0.2094823 0.7010987
vt 0.0025590 0.9977897
vt 0.0025589 0.8989787
vt 0.2094823 0.8989786
vt 0.2094824 0.9977897
vt 0.0025590 0.1040244
vt 0.0025590 0.0052310
vt 0.2094824 0.0052309
vt 0.2094824 0.1040243
vt 0.0025590 0.2028592
vt 0.2094824 0.2028590
vt 0.0025590 0.3017869
vt 0.2094824 0.3017867
vt 0.0025590 0.5000498
vt 0.0025590 0.4008449
vt 0.2094824 0.4008451
vt 0.2094824 0.5000501
vt 0.0025590 0.5993924
vt 0.2094824 0.5993924
vt 0.0025590 0.7983302
vt 0.2094824 0.7983302
vt 0.2094824 0.8978077
vt 0.0025590 0.8978077
vt 0.0025590 0.9972180
vt 0.2094824 0.9972180
vt 0.0025589 0.1048670
vt 0.0025589 0.0054611
vt 0.2094823 0.0054611
vt 0.2094823 0.1048670
vt 0.0025589 0.2043364
vt 0.2094823 0.2043366
vt 0.2094823 0.3038317
vt 0.0025589 0.3038317
vt 0.0025589 0.4033000
vt 0.2094823 0.4032999
vt 0.2984035 0.6106988
vt 0.3132488 0.7060809
vt 0.2750483 0.7182465
vt 0.2583035 0.6106988
vt 0.3564686 0.7924015
vt 0.3238307 0.8156439
vt 0.4241357 0.8612657
vt 0.4002923 0.8934323
vt 0.5098509 0.9057142
vt 0.4972592 0.9436989
vt 0.6051801 0.9210810
vt 0.6051801 0.9610899
vt 0.7005093 0.9057141
vt 0.7131010 0.9436989
vt 0.7862244 0.8612655
vt 0.8100678 0.8934322
vt 0.8538913 0.7924015
vt 0.8865293 0.8156437
vt 0.8971108 0.7060807
vt 0.9353112 0.7182464
vt 0.9119560 0.6106985
vt 0.9520559 0.6106985
vt 0.8971107 0.5153162
vt 0.9353108 0.5031506
vt 0.8538910 0.4289953
vt 0.8865288 0.4057530
vt 0.7862240 0.3601309
vt 0.8100674 0.3279642
vt 0.7005090 0.3156823
vt 0.7131006 0.2776976
vt 0.6051797 0.3003155
vt 0.6051797 0.2603067
vt 0.5098505 0.3156824
vt 0.4972588 0.2776978
vt 0.4241353 0.3601313
vt 0.4002919 0.3279648
vt 0.3564683 0.4289959
vt 0.3238303 0.4057538
vt 0.3132486 0.5153170
vt 0.2750481 0.5031514
vt 0.2401094 0.7294777
vt 0.2215881 0.6106988
vt 0.2940650 0.8370396
vt 0.3786266 0.9229357
vt 0.4858525 0.9784337
vt 0.6051801 0.9976327
vt 0.7245077 0.9784337
vt 0.8317335 0.9229354
vt 0.9162951 0.8370394
vt 0.9702500 0.7294775
vt 0.9887712 0.6106985
vt 0.9702498 0.4919196
vt 0.9162947 0.3843575
vt 0.8317332 0.2984609
vt 0.7245072 0.2429628
vt 0.6051797 0.2237640
vt 0.4858520 0.2429631
vt 0.3786261 0.2984614
vt 0.2940646 0.3843582
vt 0.2401092 0.4919204
vt 0.3515470 0.6106986
vt 0.3638606 0.6898547
vt 0.3996772 0.7614256
vt 0.4556702 0.8184375
vt 0.5264908 0.8551802
vt 0.6051801 0.8678703
vt 0.6838694 0.8551802
vt 0.7546898 0.8184374
vt 0.8106828 0.7614256
vt 0.8464992 0.6898546
vt 0.8588128 0.6106985
vt 0.8464991 0.5315423
vt 0.8106824 0.4599713
vt 0.7546895 0.4029593
vt 0.6838689 0.3662165
vt 0.6051798 0.3535261
vt 0.5264904 0.3662167
vt 0.4556699 0.4029596
vt 0.3996769 0.4599718
vt 0.3638604 0.5315430
vt 0.0025589 0.8000960
vt 0.2094823 0.8000958
vt 0.2094824 0.6988375
vt 0.0025590 0.6988375
vt 0.9984834 0.9305658
vt 0.9892982 0.9648448
vt 0.9299251 0.9305658
vt 0.9642042 0.9899389
vt 0.9299251 0.9991239
vt 0.8956461 0.9899389
vt 0.8705519 0.9648448
vt 0.8613670 0.9305658
vt 0.8705519 0.8962867
vt 0.8956461 0.8711926
vt 0.9299251 0.8620076
vt 0.9642042 0.8711925
vt 0.9892982 0.8962865
vt 0.8164825 0.6121204
vt 0.8171312 0.6285157
vt 0.7432410 0.6378576
vt 0.7324102 0.6121204
vt 0.6899725 0.6533684
vt 0.6977136 0.6121204
vt 0.7432410 0.5863832
vt 0.8171312 0.5957251
vt 0.6899725 0.5708727
vt 0.7201478 0.5562418
vt 0.7366279 0.4461542
vt 0.7498337 0.4559119
vt 0.7109058 0.5194448
vt 0.6840873 0.5117542
vt 0.6624489 0.5387730
vt 0.6706507 0.4871448
vt 0.7241937 0.4353764
vt 0.6252218 0.5191071
vt 0.6326211 0.4863921
vt 0.5563586 0.4051170
vt 0.5753661 0.4869692
vt 0.5478486 0.4822708
vt 0.5402554 0.4081638
vt 0.5444920 0.5376647
vt 0.5236227 0.5114971
vt 0.4126779 0.5196145
vt 0.4881876 0.5566042
vt 0.4672922 0.5750235
vt 0.4049376 0.5342198
vt 0.5086955 0.6121204
vt 0.4750658 0.6121204
vt 0.5721976 0.4008030
vt 0.5980504 0.4706830
vt 0.5831075 0.5207145
vt 0.4192740 0.5045389
vt 0.4896983 0.5286861
vt 0.5193965 0.5715817
vt 0.4126777 0.7046263
vt 0.4049375 0.6900210
vt 0.4672921 0.6492174
vt 0.4881876 0.6676368
vt 0.5193965 0.6526594
vt 0.4896983 0.6955550
vt 0.4192739 0.7197021
vt 0.5444920 0.6865765
vt 0.5236227 0.7127442
vt 0.5563587 0.8191241
vt 0.5402555 0.8160771
vt 0.5478487 0.7419701
vt 0.5753663 0.7372717
vt 0.5831075 0.7035266
vt 0.5980504 0.7535581
vt 0.5721977 0.8234380
vt 0.6252218 0.7051339
vt 0.6326211 0.7378489
vt 0.7366276 0.7780871
vt 0.7241936 0.7888649
vt 0.6706507 0.7370963
vt 0.6840872 0.7124871
vt 0.6624488 0.6854681
vt 0.7109057 0.7047963
vt 0.7498337 0.7683292
vt 0.7201478 0.6679993
vt 0.6899725 0.6533684
vt 0.6040184 0.6121204
vt 0.6977136 0.6121204
vt 0.6899725 0.5708727
vt 0.6624489 0.5387730
vt 0.6252218 0.5191071
vt 0.5831075 0.5207145
vt 0.5444920 0.5376647
vt 0.5193965 0.5715817
vt 0.5086955 0.6121204
vt 0.5193965 0.6526594
vt 0.5444920 0.6865765
vt 0.5831075 0.7035266
vt 0.6252218 0.7051339
vt 0.6624488 0.6854681
vt 0.7432410 0.6378576
vt 0.8171312 0.6285157
vt 0.8324668 0.6593159
vt 0.7656204 0.6653361
vt 0.7201478 0.6679993
vt 0.7432410 0.6378576
vt 0.7656204 0.6653361
vt 0.7512245 0.6829752
vt 0.8171312 0.5957251
vt 0.7432410 0.5863832
vt 0.7656204 0.5589048
vt 0.8324668 0.5649248
vt 0.7432410 0.5863832
vt 0.7201478 0.5562418
vt 0.7512245 0.5412658
vt 0.7656204 0.5589048
vt 0.7109058 0.5194448
vt 0.7498337 0.4559119
vt 0.7834488 0.4631954
vt 0.7463400 0.5190780
vt 0.7109058 0.5194448
vt 0.7463400 0.5190780
vt 0.7241937 0.4353764
vt 0.6706507 0.4871448
vt 0.6631533 0.4524828
vt 0.7097523 0.4041326
vt 0.6706507 0.4871448
vt 0.6326211 0.4863921
vt 0.6402900 0.4527221
vt 0.6631533 0.4524828
vt 0.5402554 0.4081638
vt 0.5478486 0.4822708
vt 0.5160637 0.4666319
vt 0.5067931 0.4001824
vt 0.5478486 0.4822708
vt 0.5236227 0.5114971
vt 0.5021168 0.4845566
vt 0.5160637 0.4666319
vt 0.4049376 0.5342198
vt 0.4672922 0.5750235
vt 0.4351647 0.5899611
vt 0.3776822 0.5552438
vt 0.4672922 0.5750235
vt 0.4750658 0.6121204
vt 0.4404970 0.6121204
vt 0.4351647 0.5899611
vt 0.5980504 0.4706830
vt 0.5721976 0.4008030
vt 0.5987482 0.3789064
vt 0.6197855 0.4426592
vt 0.5980504 0.4706830
vt 0.6197855 0.4426592
vt 0.4896983 0.5286861
vt 0.4192740 0.5045389
vt 0.4190067 0.4701521
vt 0.4816031 0.4942011
vt 0.4896983 0.5286861
vt 0.4816031 0.4942011
vt 0.4672921 0.6492174
vt 0.4049375 0.6900210
vt 0.3776821 0.6689969
vt 0.4351647 0.6342797
vt 0.4672921 0.6492174
vt 0.4351647 0.6342797
vt 0.4192739 0.7197021
vt 0.4896983 0.6955550
vt 0.4816030 0.7300400
vt 0.4190064 0.7540886
vt 0.4896983 0.6955550
vt 0.5236227 0.7127442
vt 0.5021169 0.7396846
vt 0.4816030 0.7300400
vt 0.5478487 0.7419701
vt 0.5402555 0.8160771
vt 0.5067931 0.8240587
vt 0.5160638 0.7576091
vt 0.5478487 0.7419701
vt 0.5160638 0.7576091
vt 0.5721977 0.8234380
vt 0.5980504 0.7535581
vt 0.6197855 0.7815818
vt 0.5987483 0.8453346
vt 0.5980504 0.7535581
vt 0.6326211 0.7378489
vt 0.6402901 0.7715190
vt 0.6197855 0.7815818
vt 0.6706507 0.7370963
vt 0.7241936 0.7888649
vt 0.7097523 0.8201088
vt 0.6631534 0.7717583
vt 0.6706507 0.7370963
vt 0.6631534 0.7717583
vt 0.7498337 0.7683292
vt 0.7109057 0.7047963
vt 0.7463400 0.7051631
vt 0.7834488 0.7610458
vt 0.7109057 0.7047963
vt 0.7463400 0.7051631
vt 0.7876761 0.1799845
vt 0.7507979 0.1799700
vt 0.7508054 0.1724629
vt 0.7876909 0.1724777
vt 0.7137452 0.1799630
vt 0.7137489 0.1724554
vt 0.6765752 0.1799596
vt 0.6765767 0.1724517
vt 0.6393455 0.1799566
vt 0.6393457 0.1724483
vt 0.6021085 0.1799563
vt 0.6021084 0.1724480
vt 0.5649123 0.1799585
vt 0.5649119 0.1724505
vt 0.5278012 0.1799645
vt 0.5277997 0.1724571
vt 0.4908172 0.1799720
vt 0.4908133 0.1724651
vt 0.4539990 0.1799858
vt 0.4539914 0.1724795
vt 0.4173794 0.1800114
vt 0.4173664 0.1725053
vt 0.3809759 0.1800656
vt 0.3809632 0.1725578
vt 0.3447511 0.1802203
vt 0.3447778 0.1727024
vt 0.3085379 0.1804440
vt 0.3087424 0.1728935
vt 0.2719289 0.1802780
vt 0.2726772 0.1726862
vt 0.2344424 0.1768389
vt 0.2366307 0.1696440
vt 0.9714389 0.1769763
vt 0.9338984 0.1803510
vt 0.9331653 0.1727637
vt 0.9692671 0.1697751
vt 0.8971496 0.1805120
vt 0.8969411 0.1729640
vt 0.8607588 0.1801231
vt 0.8607278 0.1726054
vt 0.8243293 0.1800214
vt 0.8243499 0.1725119
vt 0.7876909 0.1724777
vt 0.7508054 0.1724629
vt 0.7508183 0.1277784
vt 0.7877178 0.1277902
vt 0.7137489 0.1724554
vt 0.7137546 0.1277712
vt 0.6765767 0.1724517
vt 0.6765798 0.1277672
vt 0.6393457 0.1724483
vt 0.6393473 0.1277640
vt 0.6021084 0.1724480
vt 0.6021079 0.1277637
vt 0.5649119 0.1724505
vt 0.5649099 0.1277662
vt 0.5277997 0.1724571
vt 0.5277977 0.1277726
vt 0.4908133 0.1724651
vt 0.4908096 0.1277820
vt 0.4539914 0.1724795
vt 0.4539822 0.1277957
vt 0.4173664 0.1725053
vt 0.4173495 0.1278173
vt 0.3809632 0.1725578
vt 0.3809443 0.1278487
vt 0.3447778 0.1727024
vt 0.3448865 0.1278869
vt 0.3087424 0.1728935
vt 0.3097799 0.1277998
vt 0.2726772 0.1726862
vt 0.2760232 0.1277063
vt 0.2366307 0.1696440
vt 0.2437133 0.1271166
vt 0.9692671 0.1697751
vt 0.9331653 0.1727637
vt 0.9299209 0.1277724
vt 0.9622716 0.1272084
vt 0.8969411 0.1729640
vt 0.8960714 0.1278447
vt 0.8607278 0.1726054
vt 0.8607510 0.1278310
vt 0.8243499 0.1725119
vt 0.8243972 0.1278081
vt 0.4173082 0.0095960
vt 0.4539637 0.0095816
vt 0.4539715 0.0170912
vt 0.4173241 0.0171070
vt 0.4907976 0.0095704
vt 0.4908012 0.0170794
vt 0.5277889 0.0095616
vt 0.5277900 0.0170699
vt 0.5649052 0.0095568
vt 0.5649056 0.0170645
vt 0.6021065 0.0095548
vt 0.6021067 0.0170623
vt 0.6393487 0.0095550
vt 0.6393484 0.0170626
vt 0.6765842 0.0095574
vt 0.6765829 0.0170652
vt 0.7137641 0.0095607
vt 0.7137604 0.0170689
vt 0.7508395 0.0095661
vt 0.7508321 0.0170749
vt 0.7877682 0.0095718
vt 0.7877512 0.0170819
vt 0.8245337 0.0095663
vt 0.8244863 0.0170814
vt 0.8612043 0.0095273
vt 0.8610407 0.0170421
vt 0.8979751 0.0092296
vt 0.8977646 0.0167475
vt 0.9350367 0.0092482
vt 0.9346228 0.0168160
vt 0.9727772 0.0111950
vt 0.9710667 0.0184963
vt 0.2332126 0.0111387
vt 0.2709115 0.0091950
vt 0.2713238 0.0167617
vt 0.2349232 0.0184341
vt 0.3078476 0.0092066
vt 0.3080563 0.0167248
vt 0.3444139 0.0095475
vt 0.3445767 0.0170617
vt 0.3808244 0.0095985
vt 0.3808701 0.0171144
vt 0.4173241 0.0171070
vt 0.4539715 0.0170912
vt 0.4539822 0.1277957
vt 0.4173495 0.1278173
vt 0.4908012 0.0170794
vt 0.4908096 0.1277820
vt 0.5277900 0.0170699
vt 0.5277977 0.1277726
vt 0.5649056 0.0170645
vt 0.5649099 0.1277662
vt 0.6021067 0.0170623
vt 0.6021079 0.1277637
vt 0.6393484 0.0170626
vt 0.6393473 0.1277640
vt 0.6765829 0.0170652
vt 0.6765798 0.1277672
vt 0.7137604 0.0170689
vt 0.7137546 0.1277712
vt 0.7508321 0.0170749
vt 0.7508183 0.1277784
vt 0.7877512 0.0170819
vt 0.7877178 0.1277902
vt 0.8244863 0.0170814
vt 0.8243972 0.1278081
vt 0.8610407 0.0170421
vt 0.8607510 0.1278310
vt 0.8977646 0.0167475
vt 0.8960714 0.1278447
vt 0.9346228 0.0168160
vt 0.9299209 0.1277724
vt 0.9710667 0.0184963
vt 0.9622716 0.1272084
vt 0.2349232 0.0184341
vt 0.2713238 0.0167617
vt 0.2760232 0.1277063
vt 0.2437133 0.1271166
vt 0.3080563 0.0167248
vt 0.3097799 0.1277998
vt 0.3445767 0.0170617
vt 0.3448865 0.1278869
vt 0.3808701 0.0171144
vt 0.3809443 0.1278487
vt 0.9353137 0.7182474
vt 0.8971136 0.7060819
vt 0.9119589 0.6106988
vt 0.9520588 0.6106988
vt 0.8865315 0.8156456
vt 0.8538935 0.7924033
vt 0.8100694 0.8934348
vt 0.7862262 0.8612680
vt 0.7131016 0.9437016
vt 0.7005100 0.9057172
vt 0.6051798 0.9610929
vt 0.6051798 0.9210839
vt 0.4972579 0.9437016
vt 0.5098495 0.9057170
vt 0.4002902 0.8934345
vt 0.4241334 0.8612680
vt 0.3238278 0.8156455
vt 0.3564658 0.7924032
vt 0.2750451 0.7182474
vt 0.3132458 0.7060817
vt 0.2583004 0.6106985
vt 0.2984003 0.6106985
vt 0.2750454 0.5031496
vt 0.3132459 0.5153151
vt 0.3238281 0.4057511
vt 0.3564661 0.4289934
vt 0.4002904 0.3279617
vt 0.4241337 0.3601282
vt 0.4972584 0.2776945
vt 0.5098500 0.3156792
vt 0.6051804 0.2603034
vt 0.6051803 0.3003121
vt 0.7131022 0.2776946
vt 0.7005104 0.3156793
vt 0.8100698 0.3279621
vt 0.7862264 0.3601286
vt 0.8865317 0.4057517
vt 0.8538938 0.4289938
vt 0.9353139 0.5031503
vt 0.8971136 0.5153159
vt 0.9887742 0.6106988
vt 0.9702525 0.7294785
vt 0.9162972 0.8370413
vt 0.8317350 0.9229380
vt 0.7245083 0.9784365
vt 0.6051798 0.9976354
vt 0.4858513 0.9784365
vt 0.3786246 0.9229379
vt 0.2940620 0.8370411
vt 0.2401063 0.7294785
vt 0.2215850 0.6106985
vt 0.2401066 0.4919186
vt 0.2940624 0.3843555
vt 0.3786248 0.2984582
vt 0.4858517 0.2429597
vt 0.6051804 0.2237607
vt 0.7245089 0.2429598
vt 0.8317356 0.2984588
vt 0.9162976 0.3843562
vt 0.9702526 0.4919193
vt 0.8465021 0.6898557
vt 0.8588159 0.6106986
vt 0.8106850 0.7614275
vt 0.7546915 0.8184400
vt 0.6838702 0.8551830
vt 0.6051798 0.8678734
vt 0.5264895 0.8551828
vt 0.4556681 0.8184399
vt 0.3996743 0.7614273
vt 0.3638571 0.6898556
vt 0.3515434 0.6106985
vt 0.3638573 0.5315412
vt 0.3996745 0.4599693
vt 0.4556684 0.4029566
vt 0.5264897 0.3662134
vt 0.6051801 0.3535228
vt 0.6838704 0.3662135
vt 0.7546917 0.4029569
vt 0.8106853 0.4599697
vt 0.8465023 0.5315419
vt 0.0025589 0.6019640
vt 0.0025589 0.5026903
vt 0.2094823 0.5026902
vt 0.2094823 0.6019639
vt 0.0025589 0.7010988
vt 0.2094823 0.7010987
vt 0.0025590 0.9977897
vt 0.0025589 0.8989787
vt 0.2094823 0.8989786
vt 0.2094824 0.9977897
vt 0.0025590 0.1040244
vt 0.0025590 0.0052310
vt 0.2094824 0.0052309
vt 0.2094824 0.1040243
vt 0.0025590 0.2028592
vt 0.2094824 0.2028590
vt 0.0025590 0.3017869
vt 0.2094824 0.3017867
vt 0.0025590 0.5000498
vt 0.0025590 0.4008449
vt 0.2094824 0.4008451
vt 0.2094824 0.5000501
vt 0.0025590 0.5993924
vt 0.2094824 0.5993924
vt 0.0025590 0.7983302
vt 0.2094824 0.7983302
vt 0.2094824 0.8978077
vt 0.0025590 0.8978077
vt 0.0025590 0.9972180
vt 0.2094824 0.9972180
vt 0.0025589 0.1048670
vt 0.0025589 0.0054611
vt 0.2094823 0.0054611
vt 0.2094823 0.1048670
vt 0.0025589 0.2043364
vt 0.2094823 0.2043366
vt 0.2094823 0.3038317
vt 0.0025589 0.3038317
vt 0.0025589 0.4033000
vt 0.2094823 0.4032999
vt 0.2984035 0.6106988
vt 0.3132488 0.7060809
vt 0.2750483 0.7182465
vt 0.2583035 0.6106988
vt 0.3564686 0.7924015
vt 0.3238307 0.8156439
vt 0.4241357 0.8612657
vt 0.4002923 0.8934323
vt 0.5098509 0.9057142
vt 0.4972592 0.9436989
vt 0.6051801 0.9210810
vt 0.6051801 0.9610899
vt 0.7005093 0.9057141
vt 0.7131010 0.9436989
vt 0.7862244 0.8612655
vt 0.8100678 0.8934322
vt 0.8538913 0.7924015
vt 0.8865293 0.8156437
vt 0.8971108 0.7060807
vt 0.9353112 0.7182464
vt 0.9119560 0.6106985
vt 0.9520559 0.6106985
vt 0.8971107 0.5153162
vt 0.9353108 0.5031506
vt 0.8538910 0.4289953
vt 0.8865288 0.4057530
vt 0.7862240 0.3601309
vt 0.8100674 0.3279642
vt 0.7005090 0.3156823
vt 0.7131006 0.2776976
vt 0.6051797 0.3003155
vt 0.6051797 0.2603067
vt 0.5098505 0.3156824
vt 0.4972588 0.2776978
vt 0.4241353 0.3601313
vt 0.4002919 0.3279648
vt 0.3564683 0.4289959
vt 0.3238303 0.4057538
vt 0.3132486 0.5153170
vt 0.2750481 0.5031514
vt 0.2401094 0.7294777
vt 0.2215881 0.6106988
vt 0.2940650 0.8370396
vt 0.3786266 0.9229357
vt 0.4858525 0.9784337
vt 0.6051801 0.9976327
vt 0.7245077 0.9784337
vt 0.8317335 0.9229354
vt 0.9162951 0.8370394
vt 0.9702500 0.7294775
vt 0.9887712 0.6106985
vt 0.9702498 0.4919196
vt 0.9162947 0.3843575
vt 0.8317332 0.2984609
vt 0.7245072 0.2429628
vt 0.6051797 0.2237640
vt 0.4858520 0.2429631
vt 0.3786261 0.2984614
vt 0.2940646 0.3843582
vt 0.2401092 0.4919204
vt 0.3515470 0.6106986
vt 0.3638606 0.6898547
vt 0.3996772 0.7614256
vt 0.4556702 0.8184375
vt 0.5264908 0.8551802
vt 0.6051801 0.8678703
vt 0.6838694 0.8551802
vt 0.7546898 0.8184374
vt 0.8106828 0.7614256
vt 0.8464992 0.6898546
vt 0.8588128 0.6106985
vt 0.8464991 0.5315423
vt 0.8106824 0.4599713
vt 0.7546895 0.4029593
vt 0.6838689 0.3662165
vt 0.6051798 0.3535261
vt 0.5264904 0.3662167
vt 0.4556699 0.4029596
vt 0.3996769 0.4599718
vt 0.3638604 0.5315430
vt 0.0025589 0.8000960
vt 0.2094823 0.8000958
vt 0.2094824 0.6988375
vt 0.0025590 0.6988375
vt 0.9984834 0.9305658
vt 0.9892982 0.9648448
vt 0.9299251 0.9305658
vt 0.9642042 0.9899389
vt 0.9299251 0.9991239
vt 0.8956461 0.9899389
vt 0.8705519 0.9648448
vt 0.8613670 0.9305658
vt 0.8705519 0.8962867
vt 0.8956461 0.8711926
vt 0.9299251 0.8620076
vt 0.9642042 0.8711925
vt 0.9892982 0.8962865
f 5236/5236 5237/5237 5238/5238
f 5238/5238 5239/5239 5236/5236
f 5236/5236 5239/5239 5242/5242
f 5242/5242 5243/5243 5236/5236
f 5238/5238 5240/5240 5241/5241
f 5241/5241 5239/5239 5238/5238
f 5238/5238 5298/5298 5240/5240
f 5242/5242 5239/5239 5241/5241
f 5242/5242 5244/5244 5245/5245
f 5241/5241 5244/5244 5242/5242
f 5248/5248 5244/5244 5250/5250
f 5248/5248 5245/5245 5244/5244
f 5246/5246 5247/5247 5248/5248
f 5248/5248 5249/5249 5246/5246
f 5250/5250 5249/5249 5248/5248
f 5251/5251 5249/5249 5250/5250
f 5250/5250 5253/5253 5251/5251
f 5246/5246 5249/5249 5251/5251
f 5251/5251 5252/5252 5246/5246
f 5251/5251 5253/5253 5254/5254
f 5268/5268 5253/5253 5269/5269
f 5268/5268 5254/5254 5253/5253
f 5255/5255 5267/5267 5268/5268
f 5268/5268 5256/5256 5255/5255
f 5269/5269 5256/5256 5268/5268
f 5257/5257 5256/5256 5269/5269
f 5269/5269 5259/5259 5257/5257
f 5255/5255 5256/5256 5257/5257
f 5257/5257 5258/5258 5255/5255
f 5257/5257 5259/5259 5260/5260
f 5271/5271 5259/5259 5272/5272
f 5271/5271 5260/5260 5259/5259
f 5261/5261 5270/5270 5271/5271
f 5271/5271 5262/5262 5261/5261
f 5272/5272 5262/5262 5271/5271
f 5263/5263 5262/5262 5272/5272
f 5272/5272 5265/5265 5263/5263
f 5261/5261 5262/5262 5263/5263
f 5263/5263 5264/5264 5261/5261
f 5263/5263 5265/5265 5266/5266
f 5275/5275 5265/5265 5277/5277
f 5275/5275 5266/5266 5265/5265
f 5273/5273 5274/5274 5275/5275
f 5275/5275 5276/5276 5273/5273
f 5277/5277 5276/5276 5275/5275
f 5278/5278 5276/5276 5277/5277
f 5277/5277 5280/5280 5278/5278
f 5273/5273 5276/5276 5278/5278
f 5278/5278 5279/5279 5273/5273
f 5278/5278 5280/5280 5281/5281
f 5284/5284 5280/5280 5286/5286
f 5284/5284 5281/5281 5280/5280
f 5282/5282 5283/5283 5284/5284
f 5284/5284 5285/5285 5282/5282
f 5286/5286 5285/5285 5284/5284
f 5287/5287 5285/5285 5286/5286
f 5286/5286 5289/5289 5287/5287
f 5282/5282 5285/5285 5287/5287
f 5287/5287 5288/5288 5282/5282
f 5287/5287 5289/5289 5290/5290
f 5293/5293 5289/5289 5295/5295
f 5293/5293 5290/5290 5289/5289
f 5291/5291 5292/5292 5293/5293
f 5293/5293 5294/5294 5291/5291
f 5295/5295 5294/5294 5293/5293
f 5296/5296 5294/5294 5295/5295
f 5295/5295 5240/5240 5296/5296
f 5291/5291 5294/5294 5296/5296
f 5296/5296 5297/5297 5291/5291
f 5296/5296 5240/5240 5298/5298
f 5299/5299 5300/5300 5301/5301
f 5313/5313 5300/5300 5299/5299
f 5301/5301 5300/5300 5302/5302
f 5302/5302 5300/5300 5303/5303
f 5303/5303 5300/5300 5304/5304
f 5304/5304 5300/5300 5305/5305
f 5305/5305 5300/5300 5306/5306
f 5306/5306 5300/5300 5307/5307
f 5307/5307 5300/5300 5308/5308
f 5308/5308 5300/5300 5309/5309
f 5309/5309 5300/5300 5310/5310
f 5310/5310 5300/5300 5311/5311
f 5311/5311 5300/5300 5312/5312
f 5312/5312 5300/5300 5313/5313
f 5314/5314 5315/5315 5316/5316
f 5316/5316 5317/5317 5314/5314
f 5318/5318 5319/5319 5320/5320
f 5320/5320 5321/5321 5318/5318
f 5410/5410 5318/5318 5321/5321
f 5321/5321 5411/5411 5410/5410
f 5322/5322 5323/5323 5324/5324
f 5324/5324 5325/5325 5322/5322
f 5326/5326 5327/5327 5328/5328
f 5328/5328 5329/5329 5326/5326
f 5327/5327 5334/5334 5335/5335
f 5335/5335 5328/5328 5327/5327
f 5330/5330 5331/5331 5332/5332
f 5332/5332 5333/5333 5330/5330
f 5336/5336 5337/5337 5338/5338
f 5338/5338 5339/5339 5336/5336
f 5340/5340 5341/5341 5342/5342
f 5342/5342 5343/5343 5340/5340
f 5341/5341 5364/5364 5365/5365
f 5365/5365 5342/5342 5341/5341
f 5344/5344 5345/5345 5346/5346
f 5346/5346 5347/5347 5344/5344
f 5348/5348 5349/5349 5350/5350
f 5350/5350 5351/5351 5348/5348
f 5349/5349 5370/5370 5371/5371
f 5371/5371 5350/5350 5349/5349
f 5352/5352 5353/5353 5354/5354
f 5354/5354 5355/5355 5352/5352
f 5356/5356 5357/5357 5358/5358
f 5358/5358 5359/5359 5356/5356
f 5357/5357 5376/5376 5377/5377
f 5377/5377 5358/5358 5357/5357
f 5360/5360 5361/5361 5362/5362
f 5362/5362 5363/5363 5360/5360
f 5366/5366 5367/5367 5368/5368
f 5368/5368 5369/5369 5366/5366
f 5372/5372 5373/5373 5374/5374
f 5374/5374 5375/5375 5372/5372
f 5378/5378 5379/5379 5380/5380
f 5380/5380 5381/5381 5378/5378
f 5382/5382 5383/5383 5384/5384
f 5384/5384 5385/5385 5382/5382
f 5383/5383 5390/5390 5391/5391
f 5391/5391 5384/5384 5383/5383
f 5386/5386 5387/5387 5388/5388
f 5388/5388 5389/5389 5386/5386
f 5392/5392 5393/5393 5394/5394
f 5394/5394 5395/5395 5392/5392
f 5396/5396 5397/5397 5398/5398
f 5398/5398 5399/5399 5396/5396
f 5397/5397 5404/5404 5405/5405
f 5405/5405 5398/5398 5397/5397
f 5400/5400 5401/5401 5402/5402
f 5402/5402 5403/5403 5400/5400
f 5406/5406 5407/5407 5408/5408
f 5408/5408 5409/5409 5406/5406
f 5412/5412 5413/5413 5414/5414
f 5414/5414 5415/5415 5412/5412
f 5452/5452 5412/5412 5415/5415
f 5413/5413 5416/5416 5417/5417
f 5417/5417 5414/5414 5413/5413
f 5416/5416 5418/5418 5419/5419
f 5419/5419 5417/5417 5416/5416
f 5418/5418 5420/5420 5421/5421
f 5421/5421 5419/5419 5418/5418
f 5420/5420 5422/5422 5423/5423
f 5423/5423 5421/5421 5420/5420
f 5422/5422 5424/5424 5425/5425
f 5425/5425 5423/5423 5422/5422
f 5424/5424 5426/5426 5427/5427
f 5427/5427 5425/5425 5424/5424
f 5426/5426 5428/5428 5429/5429
f 5429/5429 5427/5427 5426/5426
f 5428/5428 5430/5430 5431/5431
f 5431/5431 5429/5429 5428/5428
f 5430/5430 5432/5432 5433/5433
f 5433/5433 5431/5431 5430/5430
f 5432/5432 5434/5434 5435/5435
f 5435/5435 5433/5433 5432/5432
f 5434/5434 5436/5436 5437/5437
f 5437/5437 5435/5435 5434/5434
f 5436/5436 5438/5438 5439/5439
f 5439/5439 5437/5437 5436/5436
f 5438/5438 5440/5440 5441/5441
f 5441/5441 5439/5439 5438/5438
f 5440/5440 5442/5442 5443/5443
f 5443/5443 5441/5441 5440/5440
f 5415/5415 5453/5453 5452/5452
f 5450/5450 5452/5452 5453/5453
f 5453/5453 5451/5451 5450/5450
f 5448/5448 5450/5450 5451/5451
f 5451/5451 5449/5449 5448/5448
f 5445/5445 5448/5448 5449/5449
f 5449/5449 5446/5446 5445/5445
f 5444/5444 5445/5445 5446/5446
f 5446/5446 5447/5447 5444/5444
f 5454/5454 5455/5455 5456/5456
f 5456/5456 5457/5457 5454/5454
f 5494/5494 5454/5454 5457/5457
f 5455/5455 5458/5458 5459/5459
f 5459/5459 5456/5456 5455/5455
f 5458/5458 5460/5460 5461/5461
f 5461/5461 5459/5459 5458/5458
f 5460/5460 5462/5462 5463/5463
f 5463/5463 5461/5461 5460/5460
f 5462/5462 5464/5464 5465/5465
f 5465/5465 5463/5463 5462/5462
f 5464/5464 5466/5466 5467/5467
f 5467/5467 5465/5465 5464/5464
f 5466/5466 5468/5468 5469/5469
f 5469/5469 5467/5467 5466/5466
f 5468/5468 5470/5470 5471/5471
f 5471/5471 5469/5469 5468/5468
f 5470/5470 5472/5472 5473/5473
f 5473/5473 5471/5471 5470/5470
f 5472/5472 5474/5474 5475/5475
f 5475/5475 5473/5473 5472/5472
f 5474/5474 5476/5476 5477/5477
f 5477/5477 5475/5475 5474/5474
f 5476/5476 5478/5478 5479/5479
f 5479/5479 5477/5477 5476/5476
f 5478/5478 5480/5480 5481/5481
f 5481/5481 5479/5479 5478/5478
f 5480/5480 5482/5482 5483/5483
f 5483/5483 5481/5481 5480/5480
f 5482/5482 5484/5484 5485/5485
f 5485/5485 5483/5483 5482/5482
f 5457/5457 5495/5495 5494/5494
f 5492/5492 5494/5494 5495/5495
f 5495/5495 5493/5493 5492/5492
f 5490/5490 5492/5492 5493/5493
f 5493/5493 5491/5491 5490/5490
f 5487/5487 5490/5490 5491/5491
f 5491/5491 5488/5488 5487/5487
f 5486/5486 5487/5487 5488/5488
f 5488/5488 5489/5489 5486/5486
f 5496/5496 5497/5497 5498/5498
f 5498/5498 5499/5499 5496/5496
f 5536/5536 5496/5496 5499/5499
f 5497/5497 5500/5500 5501/5501
f 5501/5501 5498/5498 5497/5497
f 5500/5500 5502/5502 5503/5503
f 5503/5503 5501/5501 5500/5500
f 5502/5502 5504/5504 5505/5505
f 5505/5505 5503/5503 5502/5502
f 5504/5504 5506/5506 5507/5507
f 5507/5507 5505/5505 5504/5504
f 5506/5506 5508/5508 5509/5509
f 5509/5509 5507/5507 5506/5506
f 5508/5508 5510/5510 5511/5511
f 5511/5511 5509/5509 5508/5508
f 5510/5510 5512/5512 5513/5513
f 5513/5513 5511/5511 5510/5510
f 5512/5512 5514/5514 5515/5515
f 5515/5515 5513/5513 5512/5512
f 5514/5514 5516/5516 5517/5517
f 5517/5517 5515/5515 5514/5514
f 5516/5516 5518/5518 5519/5519
f 5519/5519 5517/5517 5516/5516
f 5518/5518 5520/5520 5521/5521
f 5521/5521 5519/5519 5518/5518
f 5520/5520 5522/5522 5523/5523
f 5523/5523 5521/5521 5520/5520
f 5522/5522 5524/5524 5525/5525
f 5525/5525 5523/5523 5522/5522
f 5524/5524 5526/5526 5527/5527
f 5527/5527 5525/5525 5524/5524
f 5499/5499 5537/5537 5536/5536
f 5534/5534 5536/5536 5537/5537
f 5537/5537 5535/5535 5534/5534
f 5532/5532 5534/5534 5535/5535
f 5535/5535 5533/5533 5532/5532
f 5529/5529 5532/5532 5533/5533
f 5533/5533 5530/5530 5529/5529
f 5528/5528 5529/5529 5530/5530
f 5530/5530 5531/5531 5528/5528
f 5538/5538 5539/5539 5540/5540
f 5540/5540 5541/5541 5538/5538
f 5578/5578 5538/5538 5541/5541
f 5539/5539 5542/5542 5543/5543
f 5543/5543 5540/5540 5539/5539
f 5542/5542 5544/5544 5545/5545
f 5545/5545 5543/5543 5542/5542
f 5544/5544 5546/5546 5547/5547
f 5547/5547 5545/5545 5544/5544
f 5546/5546 5548/5548 5549/5549
f 5549/5549 5547/5547 5546/5546
f 5548/5548 5550/5550 5551/5551
f 5551/5551 5549/5549 5548/5548
f 5550/5550 5552/5552 5553/5553
f 5553/5553 5551/5551 5550/5550
f 5552/5552 5554/5554 5555/5555
f 5555/5555 5553/5553 5552/5552
f 5554/5554 5556/5556 5557/5557
f 5557/5557 5555/5555 5554/5554
f 5556/5556 5558/5558 5559/5559
f 5559/5559 5557/5557 5556/5556
f 5558/5558 5560/5560 5561/5561
f 5561/5561 5559/5559 5558/5558
f 5560/5560 5562/5562 5563/5563
f 5563/5563 5561/5561 5560/5560
f 5562/5562 5564/5564 5565/5565
f 5565/5565 5563/5563 5562/5562
f 5564/5564 5566/5566 5567/5567
f 5567/5567 5565/5565 5564/5564
f 5566/5566 5568/5568 5569/5569
f 5569/5569 5567/5567 5566/5566
f 5541/5541 5579/5579 5578/5578
f 5576/5576 5578/5578 5579/5579
f 5579/5579 5577/5577 5576/5576
f 5574/5574 5576/5576 5577/5577
f 5577/5577 5575/5575 5574/5574
f 5571/5571 5574/5574 5575/5575
f 5575/5575 5572/5572 5571/5571
f 5570/5570 5571/5571 5572/5572
f 5572/5572 5573/5573 5570/5570
f 5580/5580 5581/5581 5582/5582
f 5582/5582 5583/5583 5580/5580
f 5581/5581 5580/5580 5584/5584
f 5621/5621 5580/5580 5583/5583
f 5580/5580 5621/5621 5622/5622
f 5622/5622 5584/5584 5580/5580
f 5583/5583 5582/5582 5619/5619
f 5619/5619 5618/5618 5583/5583
f 5583/5583 5620/5620 5621/5621
f 5620/5620 5583/5583 5618/5618
f 5618/5618 5619/5619 5617/5617
f 5617/5617 5619/5619 5659/5659
f 5641/5641 5659/5659 5619/5619
f 5619/5619 5582/5582 5641/5641
f 5617/5617 5616/5616 5618/5618
f 5639/5639 5618/5618 5616/5616
f 5618/5618 5639/5639 5620/5620
f 5616/5616 5617/5617 5615/5615
f 5615/5615 5617/5617 5658/5658
f 5659/5659 5658/5658 5617/5617
f 5615/5615 5614/5614 5616/5616
f 5638/5638 5616/5616 5614/5614
f 5616/5616 5638/5638 5639/5639
f 5614/5614 5615/5615 5613/5613
f 5613/5613 5615/5615 5657/5657
f 5658/5658 5657/5657 5615/5615
f 5613/5613 5612/5612 5614/5614
f 5637/5637 5614/5614 5612/5612
f 5614/5614 5637/5637 5638/5638
f 5612/5612 5613/5613 5611/5611
f 5611/5611 5613/5613 5656/5656
f 5657/5657 5656/5656 5613/5613
f 5611/5611 5610/5610 5612/5612
f 5636/5636 5612/5612 5610/5610
f 5612/5612 5636/5636 5637/5637
f 5610/5610 5611/5611 5609/5609
f 5609/5609 5611/5611 5655/5655
f 5656/5656 5655/5655 5611/5611
f 5609/5609 5608/5608 5610/5610
f 5635/5635 5610/5610 5608/5608
f 5610/5610 5635/5635 5636/5636
f 5608/5608 5609/5609 5607/5607
f 5607/5607 5609/5609 5654/5654
f 5655/5655 5654/5654 5609/5609
f 5607/5607 5606/5606 5608/5608
f 5634/5634 5608/5608 5606/5606
f 5608/5608 5634/5634 5635/5635
f 5606/5606 5607/5607 5605/5605
f 5605/5605 5607/5607 5653/5653
f 5654/5654 5653/5653 5607/5607
f 5605/5605 5604/5604 5606/5606
f 5633/5633 5606/5606 5604/5604
f 5606/5606 5633/5633 5634/5634
f 5604/5604 5605/5605 5603/5603
f 5603/5603 5605/5605 5652/5652
f 5653/5653 5652/5652 5605/5605
f 5603/5603 5602/5602 5604/5604
f 5632/5632 5604/5604 5602/5602
f 5604/5604 5632/5632 5633/5633
f 5602/5602 5603/5603 5601/5601
f 5601/5601 5603/5603 5651/5651
f 5652/5652 5651/5651 5603/5603
f 5601/5601 5600/5600 5602/5602
f 5631/5631 5602/5602 5600/5600
f 5602/5602 5631/5631 5632/5632
f 5600/5600 5601/5601 5599/5599
f 5599/5599 5601/5601 5650/5650
f 5651/5651 5650/5650 5601/5601
f 5599/5599 5598/5598 5600/5600
f 5630/5630 5600/5600 5598/5598
f 5600/5600 5630/5630 5631/5631
f 5598/5598 5599/5599 5597/5597
f 5597/5597 5599/5599 5649/5649
f 5650/5650 5649/5649 5599/5599
f 5597/5597 5596/5596 5598/5598
f 5629/5629 5598/5598 5596/5596
f 5598/5598 5629/5629 5630/5630
f 5596/5596 5597/5597 5595/5595
f 5595/5595 5597/5597 5648/5648
f 5649/5649 5648/5648 5597/5597
f 5595/5595 5594/5594 5596/5596
f 5628/5628 5596/5596 5594/5594
f 5596/5596 5628/5628 5629/5629
f 5594/5594 5595/5595 5593/5593
f 5593/5593 5595/5595 5647/5647
f 5648/5648 5647/5647 5595/5595
f 5593/5593 5592/5592 5594/5594
f 5627/5627 5594/5594 5592/5592
f 5594/5594 5627/5627 5628/5628
f 5592/5592 5593/5593 5591/5591
f 5591/5591 5593/5593 5646/5646
f 5647/5647 5646/5646 5593/5593
f 5591/5591 5590/5590 5592/5592
f 5626/5626 5592/5592 5590/5590
f 5592/5592 5626/5626 5627/5627
f 5590/5590 5591/5591 5589/5589
f 5589/5589 5591/5591 5645/5645
f 5646/5646 5645/5645 5591/5591
f 5589/5589 5588/5588 5590/5590
f 5625/5625 5590/5590 5588/5588
f 5590/5590 5625/5625 5626/5626
f 5588/5588 5589/5589 5587/5587
f 5587/5587 5589/5589 5644/5644
f 5645/5645 5644/5644 5589/5589
f 5587/5587 5586/5586 5588/5588
f 5624/5624 5588/5588 5586/5586
f 5588/5588 5624/5624 5625/5625
f 5586/5586 5587/5587 5585/5585
f 5585/5585 5587/5587 5643/5643
f 5644/5644 5643/5643 5587/5587
f 5585/5585 5584/5584 5586/5586
f 5623/5623 5586/5586 5584/5584
f 5586/5586 5623/5623 5624/5624
f 5584/5584 5585/5585 5581/5581
f 5581/5581 5585/5585 5642/5642
f 5643/5643 5642/5642 5585/5585
f 5584/5584 5622/5622 5623/5623
f 5642/5642 5640/5640 5581/5581
f 5582/5582 5581/5581 5640/5640
f 5640/5640 5641/5641 5582/5582
f 5660/5660 5661/5661 5662/5662
f 5662/5662 5663/5663 5660/5660
f 5664/5664 5660/5660 5663/5663
f 5662/5662 5661/5661 5698/5698
f 5698/5698 5699/5699 5662/5662
f 5698/5698 5697/5697 5696/5696
f 5696/5696 5699/5699 5698/5698
f 5696/5696 5697/5697 5694/5694
f 5694/5694 5695/5695 5696/5696
f 5694/5694 5690/5690 5693/5693
f 5693/5693 5695/5695 5694/5694
f 5690/5690 5691/5691 5692/5692
f 5692/5692 5693/5693 5690/5690
f 5663/5663 5665/5665 5664/5664
f 5780/5780 5664/5664 5665/5665
f 5665/5665 5781/5781 5780/5780
f 5780/5780 5781/5781 5668/5668
f 5668/5668 5667/5667 5780/5780
f 5666/5666 5667/5667 5668/5668
f 5668/5668 5669/5669 5666/5666
f 5670/5670 5671/5671 5672/5672
f 5672/5672 5673/5673 5670/5670
f 5674/5674 5670/5670 5673/5673
f 5673/5673 5675/5675 5674/5674
f 5676/5676 5674/5674 5675/5675
f 5675/5675 5677/5677 5676/5676
f 5676/5676 5677/5677 5680/5680
f 5680/5680 5679/5679 5676/5676
f 5678/5678 5679/5679 5680/5680
f 5680/5680 5681/5681 5678/5678
f 5682/5682 5678/5678 5681/5681
f 5681/5681 5683/5683 5682/5682
f 5682/5682 5683/5683 5782/5782
f 5782/5782 5783/5783 5682/5682
f 5783/5783 5782/5782 5685/5685
f 5685/5685 5684/5684 5783/5783
f 5684/5684 5685/5685 5686/5686
f 5686/5686 5687/5687 5684/5684
f 5688/5688 5687/5687 5686/5686
f 5686/5686 5689/5689 5688/5688
f 5700/5700 5701/5701 5702/5702
f 5702/5702 5703/5703 5700/5700
f 5738/5738 5700/5700 5703/5703
f 5700/5700 5760/5760 5761/5761
f 5761/5761 5701/5701 5700/5700
f 5760/5760 5700/5700 5738/5738
f 5703/5703 5739/5739 5738/5738
f 5703/5703 5702/5702 5740/5740
f 5740/5740 5741/5741 5703/5703
f 5739/5739 5703/5703 5741/5741
f 5736/5736 5738/5738 5739/5739
f 5779/5779 5738/5738 5736/5736
f 5738/5738 5779/5779 5760/5760
f 5739/5739 5737/5737 5736/5736
f 5737/5737 5739/5739 5759/5759
f 5741/5741 5759/5759 5739/5739
f 5734/5734 5736/5736 5737/5737
f 5778/5778 5736/5736 5734/5734
f 5736/5736 5778/5778 5779/5779
f 5737/5737 5735/5735 5734/5734
f 5735/5735 5737/5737 5758/5758
f 5759/5759 5758/5758 5737/5737
f 5732/5732 5734/5734 5735/5735
f 5777/5777 5734/5734 5732/5732
f 5734/5734 5777/5777 5778/5778
f 5735/5735 5733/5733 5732/5732
f 5733/5733 5735/5735 5757/5757
f 5758/5758 5757/5757 5735/5735
f 5730/5730 5732/5732 5733/5733
f 5776/5776 5732/5732 5730/5730
f 5732/5732 5776/5776 5777/5777
f 5733/5733 5731/5731 5730/5730
f 5731/5731 5733/5733 5756/5756
f 5757/5757 5756/5756 5733/5733
f 5728/5728 5730/5730 5731/5731
f 5775/5775 5730/5730 5728/5728
f 5730/5730 5775/5775 5776/5776
f 5731/5731 5729/5729 5728/5728
f 5729/5729 5731/5731 5755/5755
f 5756/5756 5755/5755 5731/5731
f 5726/5726 5728/5728 5729/5729
f 5774/5774 5728/5728 5726/5726
f 5728/5728 5774/5774 5775/5775
f 5729/5729 5727/5727 5726/5726
f 5727/5727 5729/5729 5754/5754
f 5755/5755 5754/5754 5729/5729
f 5724/5724 5726/5726 5727/5727
f 5773/5773 5726/5726 5724/5724
f 5726/5726 5773/5773 5774/5774
f 5727/5727 5725/5725 5724/5724
f 5725/5725 5727/5727 5753/5753
f 5754/5754 5753/5753 5727/5727
f 5722/5722 5724/5724 5725/5725
f 5772/5772 5724/5724 5722/5722
f 5724/5724 5772/5772 5773/5773
f 5725/5725 5723/5723 5722/5722
f 5723/5723 5725/5725 5752/5752
f 5753/5753 5752/5752 5725/5725
f 5720/5720 5722/5722 5723/5723
f 5771/5771 5722/5722 5720/5720
f 5722/5722 5771/5771 5772/5772
f 5723/5723 5721/5721 5720/5720
f 5721/5721 5723/5723 5751/5751
f 5752/5752 5751/5751 5723/5723
f 5718/5718 5720/5720 5721/5721
f 5770/5770 5720/5720 5718/5718
f 5720/5720 5770/5770 5771/5771
f 5721/5721 5719/5719 5718/5718
f 5719/5719 5721/5721 5750/5750
f 5751/5751 5750/5750 5721/5721
f 5716/5716 5718/5718 5719/5719
f 5769/5769 5718/5718 5716/5716
f 5718/5718 5769/5769 5770/5770
f 5719/5719 5717/5717 5716/5716
f 5717/5717 5719/5719 5749/5749
f 5750/5750 5749/5749 5719/5719
f 5714/5714 5716/5716 5717/5717
f 5768/5768 5716/5716 5714/5714
f 5716/5716 5768/5768 5769/5769
f 5717/5717 5715/5715 5714/5714
f 5715/5715 5717/5717 5748/5748
f 5749/5749 5748/5748 5717/5717
f 5712/5712 5714/5714 5715/5715
f 5767/5767 5714/5714 5712/5712
f 5714/5714 5767/5767 5768/5768
f 5715/5715 5713/5713 5712/5712
f 5713/5713 5715/5715 5747/5747
f 5748/5748 5747/5747 5715/5715
f 5710/5710 5712/5712 5713/5713
f 5766/5766 5712/5712 5710/5710
f 5712/5712 5766/5766 5767/5767
f 5713/5713 5711/5711 5710/5710
f 5711/5711 5713/5713 5746/5746
f 5747/5747 5746/5746 5713/5713
f 5708/5708 5710/5710 5711/5711
f 5765/5765 5710/5710 5708/5708
f 5710/5710 5765/5765 5766/5766
f 5711/5711 5709/5709 5708/5708
f 5709/5709 5711/5711 5745/5745
f 5746/5746 5745/5745 5711/5711
f 5706/5706 5708/5708 5709/5709
f 5764/5764 5708/5708 5706/5706
f 5708/5708 5764/5764 5765/5765
f 5709/5709 5707/5707 5706/5706
f 5707/5707 5709/5709 5744/5744
f 5745/5745 5744/5744 5709/5709
f 5704/5704 5706/5706 5707/5707
f 5763/5763 5706/5706 5704/5704
f 5706/5706 5763/5763 5764/5764
f 5707/5707 5705/5705 5704/5704
f 5705/5705 5707/5707 5743/5743
f 5744/5744 5743/5743 5707/5707
f 5701/5701 5704/5704 5705/5705
f 5762/5762 5704/5704 5701/5701
f 5704/5704 5762/5762 5763/5763
f 5705/5705 5702/5702 5701/5701
f 5702/5702 5705/5705 5742/5742
f 5743/5743 5742/5742 5705/5705
f 5701/5701 5761/5761 5762/5762
f 5742/5742 5740/5740 5702/5702
f 5784/5784 5785/5785 5786/5786
f 5796/5796 5784/5784 5786/5786
f 5785/5785 5787/5787 5786/5786
f 5787/5787 5788/5788 5786/5786
f 5788/5788 5789/5789 5786/5786
f 5789/5789 5790/5790 5786/5786
f 5790/5790 5791/5791 5786/5786
f 5791/5791 5792/5792 5786/5786
f 5792/5792 5793/5793 5786/5786
f 5793/5793 5794/5794 5786/5786
f 5794/5794 5795/5795 5786/5786
f 5795/5795 5796/5796 5786/5786
f 5797/5797 5798/5798 5799/5799
f 5799/5799 5800/5800 5797/5797
f 5797/5797 5800/5800 5803/5803
f 5803/5803 5804/5804 5797/5797
f 5799/5799 5801/5801 5802/5802
f 5802/5802 5800/5800 5799/5799
f 5799/5799 5859/5859 5801/5801
f 5803/5803 5800/5800 5802/5802
f 5803/5803 5805/5805 5806/5806
f 5802/5802 5805/5805 5803/5803
f 5809/5809 5805/5805 5811/5811
f 5809/5809 5806/5806 5805/5805
f 5807/5807 5808/5808 5809/5809
f 5809/5809 5810/5810 5807/5807
f 5811/5811 5810/5810 5809/5809
f 5812/5812 5810/5810 5811/5811
f 5811/5811 5814/5814 5812/5812
f 5807/5807 5810/5810 5812/5812
f 5812/5812 5813/5813 5807/5807
f 5812/5812 5814/5814 5815/5815
f 5829/5829 5814/5814 5830/5830
f 5829/5829 5815/5815 5814/5814
f 5816/5816 5828/5828 5829/5829
f 5829/5829 5817/5817 5816/5816
f 5830/5830 5817/5817 5829/5829
f 5818/5818 5817/5817 5830/5830
f 5830/5830 5820/5820 5818/5818
f 5816/5816 5817/5817 5818/5818
f 5818/5818 5819/5819 5816/5816
f 5818/5818 5820/5820 5821/5821
f 5832/5832 5820/5820 5833/5833
f 5832/5832 5821/5821 5820/5820
f 5822/5822 5831/5831 5832/5832
f 5832/5832 5823/5823 5822/5822
f 5833/5833 5823/5823 5832/5832
f 5824/5824 5823/5823 5833/5833
f 5833/5833 5826/5826 5824/5824
f 5822/5822 5823/5823 5824/5824
f 5824/5824 5825/5825 5822/5822
f 5824/5824 5826/5826 5827/5827
f 5836/5836 5826/5826 5838/5838
f 5836/5836 5827/5827 5826/5826
f 5834/5834 5835/5835 5836/5836
f 5836/5836 5837/5837 5834/5834
f 5838/5838 5837/5837 5836/5836
f 5839/5839 5837/5837 5838/5838
f 5838/5838 5841/5841 5839/5839
f 5834/5834 5837/5837 5839/5839
f 5839/5839 5840/5840 5834/5834
f 5839/5839 5841/5841 5842/5842
f 5845/5845 5841/5841 5847/5847
f 5845/5845 5842/5842 5841/5841
f 5843/5843 5844/5844 5845/5845
f 5845/5845 5846/5846 5843/5843
f 5847/5847 5846/5846 5845/5845
f 5848/5848 5846/5846 5847/5847
f 5847/5847 5850/5850 5848/5848
f 5843/5843 5846/5846 5848/5848
f 5848/5848 5849/5849 5843/5843
f 5848/5848 5850/5850 5851/5851
f 5854/5854 5850/5850 5856/5856
f 5854/5854 5851/5851 5850/5850
f 5852/5852 5853/5853 5854/5854
f 5854/5854 5855/5855 5852/5852
f 5856/5856 5855/5855 5854/5854
f 5857/5857 5855/5855 5856/5856
f 5856/5856 5801/5801 5857/5857
f 5852/5852 5855/5855 5857/5857
f 5857/5857 5858/5858 5852/5852
f 5857/5857 5801/5801 5859/5859
f 5860/5860 5861/5861 5862/5862
f 5874/5874 5861/5861 5860/5860
f 5862/5862 5861/5861 5863/5863
f 5863/5863 5861/5861 5864/5864
f 5864/5864 5861/5861 5865/5865
f 5865/5865 5861/5861 5866/5866
f 5866/5866 5861/5861 5867/5867
f 5867/5867 5861/5861 5868/5868
f 5868/5868 5861/5861 5869/5869
f 5869/5869 5861/5861 5870/5870
f 5870/5870 5861/5861 5871/5871
f 5871/5871 5861/5861 5872/5872
f 5872/5872 5861/5861 5873/5873
f 5873/5873 5861/5861 5874/5874
f 5875/5875 5876/5876 5877/5877
f 5877/5877 5878/5878 5875/5875
f 5879/5879 5880/5880 5881/5881
f 5881/5881 5882/5882 5879/5879
f 5971/5971 5879/5879 5882/5882
f 5882/5882 5972/5972 5971/5971
f 5883/5883 5884/5884 5885/5885
f 5885/5885 5886/5886 5883/5883
f 5887/5887 5888/5888 5889/5889
f 5889/5889 5890/5890 5887/5887
f 5888/5888 5895/5895 5896/5896
f 5896/5896 5889/5889 5888/5888
f 5891/5891 5892/5892 5893/5893
f 5893/5893 5894/5894 5891/5891
f 5897/5897 5898/5898 5899/5899
f 5899/5899 5900/5900 5897/5897
f 5901/5901 5902/5902 5903/5903
f 5903/5903 5904/5904 5901/5901
f 5902/5902 5925/5925 5926/5926
f 5926/5926 5903/5903 5902/5902
f 5905/5905 5906/5906 5907/5907
f 5907/5907 5908/5908 5905/5905
f 5909/5909 5910/5910 5911/5911
f 5911/5911 5912/5912 5909/5909
f 5910/5910 5931/5931 5932/5932
f 5932/5932 5911/5911 5910/5910
f 5913/5913 5914/5914 5915/5915
f 5915/5915 5916/5916 5913/5913
f 5917/5917 5918/5918 5919/5919
f 5919/5919 5920/5920 5917/5917
f 5918/5918 5937/5937 5938/5938
f 5938/5938 5919/5919 5918/5918
f 5921/5921 5922/5922 5923/5923
f 5923/5923 5924/5924 5921/5921
f 5927/5927 5928/5928 5929/5929
f 5929/5929 5930/5930 5927/5927
f 5933/5933 5934/5934 5935/5935
f 5935/5935 5936/5936 5933/5933
f 5939/5939 5940/5940 5941/5941
f 5941/5941 5942/5942 5939/5939
f 5943/5943 5944/5944 5945/5945
f 5945/5945 5946/5946 5943/5943
f 5944/5944 5951/5951 5952/5952
f 5952/5952 5945/5945 5944/5944
f 5947/5947 5948/5948 5949/5949
f 5949/5949 5950/5950 5947/5947
f 5953/5953 5954/5954 5955/5955
f 5955/5955 5956/5956 5953/5953
f 5957/5957 5958/5958 5959/5959
f 5959/5959 5960/5960 5957/5957
f 5958/5958 5965/5965 5966/5966
f 5966/5966 5959/5959 5958/5958
f 5961/5961 5962/5962 5963/5963
f 5963/5963 5964/5964 5961/5961
f 5967/5967 5968/5968 5969/5969
f 5969/5969 5970/5970 5967/5967
f 5973/5973 5974/5974 5975/5975
f 5975/5975 5976/5976 5973/5973
f 6013/6013 5973/5973 5976/5976
f 5974/5974 5977/5977 5978/5978
f 5978/5978 5975/5975 5974/5974
f 5977/5977 5979/5979 5980/5980
f 5980/5980 5978/5978 5977/5977
f 5979/5979 5981/5981 5982/5982
f 5982/5982 5980/5980 5979/5979
f 5981/5981 5983/5983 5984/5984
f 5984/5984 5982/5982 5981/5981
f 5983/5983 5985/5985 5986/5986
f 5986/5986 5984/5984 5983/5983
f 5985/5985 5987/5987 5988/5988
f 5988/5988 5986/5986 5985/5985
f 5987/5987 5989/5989 5990/5990
f 5990/5990 5988/5988 5987/5987
f 5989/5989 5991/5991 5992/5992
f 5992/5992 5990/5990 5989/5989
f 5991/5991 5993/5993 5994/5994
f 5994/5994 5992/5992 5991/5991
f 5993/5993 5995/5995 5996/5996
f 5996/5996 5994/5994 5993/5993
f 5995/5995 5997/5997 5998/5998
f 5998/5998 5996/5996 5995/5995
f 5997/5997 5999/5999 6000/6000
f 6000/6000 5998/5998 5997/5997
f 5999/5999 6001/6001 6002/6002
f 6002/6002 6000/6000 5999/5999
f 6001/6001 6003/6003 6004/6004
f 6004/6004 6002/6002 6001/6001
f 5976/5976 6014/6014 6013/6013
f 6011/6011 6013/6013 6014/6014
f 6014/6014 6012/6012 6011/6011
f 6009/6009 6011/6011 6012/6012
f 6012/6012 6010/6010 6009/6009
f 6006/6006 6009/6009 6010/6010
f 6010/6010 6007/6007 6006/6006
f 6005/6005 6006/6006 6007/6007
f 6007/6007 6008/6008 6005/6005
f 6015/6015 6016/6016 6017/6017
f 6017/6017 6018/6018 6015/6015
f 6055/6055 6015/6015 6018/6018
f 6016/6016 6019/6019 6020/6020
f 6020/6020 6017/6017 6016/6016
f 6019/6019 6021/6021 6022/6022
f 6022/6022 6020/6020 6019/6019
f 6021/6021 6023/6023 6024/6024
f 6024/6024 6022/6022 6021/6021
f 6023/6023 6025/6025 6026/6026
f 6026/6026 6024/6024 6023/6023
f 6025/6025 6027/6027 6028/6028
f 6028/6028 6026/6026 6025/6025
f 6027/6027 6029/6029 6030/6030
f 6030/6030 6028/6028 6027/6027
f 6029/6029 6031/6031 6032/6032
f 6032/6032 6030/6030 6029/6029
f 6031/6031 6033/6033 6034/6034
f 6034/6034 6032/6032 6031/6031
f 6033/6033 6035/6035 6036/6036
f 6036/6036 6034/6034 6033/6033
f 6035/6035 6037/6037 6038/6038
f 6038/6038 6036/6036 6035/6035
f 6037/6037 6039/6039 6040/6040
f 6040/6040 6038/6038 6037/6037
f 6039/6039 6041/6041 6042/6042
f 6042/6042 6040/6040 6039/6039
f 6041/6041 6043/6043 6044/6044
f 6044/6044 6042/6042 6041/6041
f 6043/6043 6045/6045 6046/6046
f 6046/6046 6044/6044 6043/6043
f 6018/6018 6056/6056 6055/6055
f 6053/6053 6055/6055 6056/6056
f 6056/6056 6054/6054 6053/6053
f 6051/6051 6053/6053 6054/6054
f 6054/6054 6052/6052 6051/6051
f 6048/6048 6051/6051 6052/6052
f 6052/6052 6049/6049 6048/6048
f 6047/6047 6048/6048 6049/6049
f 6049/6049 6050/6050 6047/6047
f 6057/6057 6058/6058 6059/6059
f 6059/6059 6060/6060 6057/6057
f 6097/6097 6057/6057 6060/6060
f 6058/6058 6061/6061 6062/6062
f 6062/6062 6059/6059 6058/6058
f 6061/6061 6063/6063 6064/6064
f 6064/6064 6062/6062 6061/6061
f 6063/6063 6065/6065 6066/6066
f 6066/6066 6064/6064 6063/6063
f 6065/6065 6067/6067 6068/6068
f 6068/6068 6066/6066 6065/6065
f 6067/6067 6069/6069 6070/6070
f 6070/6070 6068/6068 6067/6067
f 6069/6069 6071/6071 6072/6072
f 6072/6072 6070/6070 6069/6069
f 6071/6071 6073/6073 6074/6074
f 6074/6074 6072/6072 6071/6071
f 6073/6073 6075/6075 6076/6076
f 6076/6076 6074/6074 6073/6073
f 6075/6075 6077/6077 6078/6078
f 6078/6078 6076/6076 6075/6075
f 6077/6077 6079/6079 6080/6080
f 6080/6080 6078/6078 6077/6077
f 6079/6079 6081/6081 6082/6082
f 6082/6082 6080/6080 6079/6079
f 6081/6081 6083/6083 6084/6084
f 6084/6084 6082/6082 6081/6081
f 6083/6083 6085/6085 6086/6086
f 6086/6086 6084/6084 6083/6083
f 6085/6085 6087/6087 6088/6088
f 6088/6088 6086/6086 6085/6085
f 6060/6060 6098/6098 6097/6097
f 6095/6095 6097/6097 6098/6098
f 6098/6098 6096/6096 6095/6095
f 6093/6093 6095/6095 6096/6096
f 6096/6096 6094/6094 6093/6093
f 6090/6090 6093/6093 6094/6094
f 6094/6094 6091/6091 6090/6090
f 6089/6089 6090/6090 6091/6091
f 6091/6091 6092/6092 6089/6089
f 6099/6099 6100/6100 6101/6101
f 6101/6101 6102/6102 6099/6099
f 6139/6139 6099/6099 6102/6102
f 6100/6100 6103/6103 6104/6104
f 6104/6104 6101/6101 6100/6100
f 6103/6103 6105/6105 6106/6106
f 6106/6106 6104/6104 6103/6103
f 6105/6105 6107/6107 6108/6108
f 6108/6108 6106/6106 6105/6105
f 6107/6107 6109/6109 6110/6110
f 6110/6110 6108/6108 6107/6107
f 6109/6109 6111/6111 6112/6112
f 6112/6112 6110/6110 6109/6109
f 6111/6111 6113/6113 6114/6114
f 6114/6114 6112/6112 6111/6111
f 6113/6113 6115/6115 6116/6116
f 6116/6116 6114/6114 6113/6113
f 6115/6115 6117/6117 6118/6118
f 6118/6118 6116/6116 6115/6115
f 6117/6117 6119/6119 6120/6120
f 6120/6120 6118/6118 6117/6117
f 6119/6119 6121/6121 6122/6122
f 6122/6122 6120/6120 6119/6119
f 6121/6121 6123/6123 6124/6124
f 6124/6124 6122/6122 6121/6121
f 6123/6123 6125/6125 6126/6126
f 6126/6126 6124/6124 6123/6123
f 6125/6125 6127/6127 6128/6128
f 6128/6128 6126/6126 6125/6125
f 6127/6127 6129/6129 6130/6130
f 6130/6130 6128/6128 6127/6127
f 6102/6102 6140/6140 6139/6139
f 6137/6137 6139/6139 6140/6140
f 6140/6140 6138/6138 6137/6137
f 6135/6135 6137/6137 6138/6138
f 6138/6138 6136/6136 6135/6135
f 6132/6132 6135/6135 6136/6136
f 6136/6136 6133/6133 6132/6132
f 6131/6131 6132/6132 6133/6133
f 6133/6133 6134/6134 6131/6131
f 6141/6141 6142/6142 6143/6143
f 6143/6143 6144/6144 6141/6141
f 6142/6142 6141/6141 6145/6145
f 6182/6182 6141/6141 6144/6144
f 6141/6141 6182/6182 6183/6183
f 6183/6183 6145/6145 6141/6141
f 6144/6144 6143/6143 6180/6180
f 6180/6180 6179/6179 6144/6144
f 6144/6144 6181/6181 6182/6182
f 6181/6181 6144/6144 6179/6179
f 6179/6179 6180/6180 6178/6178
f 6178/6178 6180/6180 6220/6220
f 6202/6202 6220/6220 6180/6180
f 6180/6180 6143/6143 6202/6202
f 6178/6178 6177/6177 6179/6179
f 6200/6200 6179/6179 6177/6177
f 6179/6179 6200/6200 6181/6181
f 6177/6177 6178/6178 6176/6176
f 6176/6176 6178/6178 6219/6219
f 6220/6220 6219/6219 6178/6178
f 6176/6176 6175/6175 6177/6177
f 6199/6199 6177/6177 6175/6175
f 6177/6177 6199/6199 6200/6200
f 6175/6175 6176/6176 6174/6174
f 6174/6174 6176/6176 6218/6218
f 6219/6219 6218/6218 6176/6176
f 6174/6174 6173/6173 6175/6175
f 6198/6198 6175/6175 6173/6173
f 6175/6175 6198/6198 6199/6199
f 6173/6173 6174/6174 6172/6172
f 6172/6172 6174/6174 6217/6217
f 6218/6218 6217/6217 6174/6174
f 6172/6172 6171/6171 6173/6173
f 6197/6197 6173/6173 6171/6171
f 6173/6173 6197/6197 6198/6198
f 6171/6171 6172/6172 6170/6170
f 6170/6170 6172/6172 6216/6216
f 6217/6217 6216/6216 6172/6172
f 6170/6170 6169/6169 6171/6171
f 6196/6196 6171/6171 6169/6169
f 6171/6171 6196/6196 6197/6197
f 6169/6169 6170/6170 6168/6168
f 6168/6168 6170/6170 6215/6215
f 6216/6216 6215/6215 6170/6170
f 6168/6168 6167/6167 6169/6169
f 6195/6195 6169/6169 6167/6167
f 6169/6169 6195/6195 6196/6196
f 6167/6167 6168/6168 6166/6166
f 6166/6166 6168/6168 6214/6214
f 6215/6215 6214/6214 6168/6168
f 6166/6166 6165/6165 6167/6167
f 6194/6194 6167/6167 6165/6165
f 6167/6167 6194/6194 6195/6195
f 6165/6165 6166/6166 6164/6164
f 6164/6164 6166/6166 6213/6213
f 6214/6214 6213/6213 6166/6166
f 6164/6164 6163/6163 6165/6165
f 6193/6193 6165/6165 6163/6163
f 6165/6165 6193/6193 6194/6194
f 6163/6163 6164/6164 6162/6162
f 6162/6162 6164/6164 6212/6212
f 6213/6213 6212/6212 6164/6164
f 6162/6162 6161/6161 6163/6163
f 6192/6192 6163/6163 6161/6161
f 6163/6163 6192/6192 6193/6193
f 6161/6161 6162/6162 6160/6160
f 6160/6160 6162/6162 6211/6211
f 6212/6212 6211/6211 6162/6162
f 6160/6160 6159/6159 6161/6161
f 6191/6191 6161/6161 6159/6159
f 6161/6161 6191/6191 6192/6192
f 6159/6159 6160/6160 6158/6158
f 6158/6158 6160/6160 6210/6210
f 6211/6211 6210/6210 6160/6160
f 6158/6158 6157/6157 6159/6159
f 6190/6190 6159/6159 6157/6157
f 6159/6159 6190/6190 6191/6191
f 6157/6157 6158/6158 6156/6156
f 6156/6156 6158/6158 6209/6209
f 6210/6210 6209/6209 6158/6158
f 6156/6156 6155/6155 6157/6157
f 6189/6189 6157/6157 6155/6155
f 6157/6157 6189/6189 6190/6190
f 6155/6155 6156/6156 6154/6154
f 6154/6154 6156/6156 6208/6208
f 6209/6209 6208/6208 6156/6156
f 6154/6154 6153/6153 6155/6155
f 6188/6188 6155/6155 6153/6153
f 6155/6155 6188/6188 6189/6189
f 6153/6153 6154/6154 6152/6152
f 6152/6152 6154/6154 6207/6207
f 6208/6208 6207/6207 6154/6154
f 6152/6152 6151/6151 6153/6153
f 6187/6187 6153/6153 6151/6151
f 6153/6153 6187/6187 6188/6188
f 6151/6151 6152/6152 6150/6150
f 6150/6150 6152/6152 6206/6206
f 6207/6207 6206/6206 6152/6152
f 6150/6150 6149/6149 6151/6151
f 6186/6186 6151/6151 6149/6149
f 6151/6151 6186/6186 6187/6187
f 6149/6149 6150/6150 6148/6148
f 6148/6148 6150/6150 6205/6205
f 6206/6206 6205/6205 6150/6150
f 6148/6148 6147/6147 6149/6149
f 6185/6185 6149/6149 6147/6147
f 6149/6149 6185/6185 6186/6186
f 6147/6147 6148/6148 6146/6146
f 6146/6146 6148/6148 6204/6204
f 6205/6205 6204/6204 6148/6148
f 6146/6146 6145/6145 6147/6147
f 6184/6184 6147/6147 6145/6145
f 6147/6147 6184/6184 6185/6185
f 6145/6145 6146/6146 6142/6142
f 6142/6142 6146/6146 6203/6203
f 6204/6204 6203/6203 6146/6146
f 6145/6145 6183/6183 6184/6184
f 6203/6203 6201/6201 6142/6142
f 6143/6143 6142/6142 6201/6201
f 6201/6201 6202/6202 6143/6143
f 6221/6221 6222/6222 6223/6223
f 6223/6223 6224/6224 6221/6221
f 6225/6225 6221/6221 6224/6224
f 6223/6223 6222/6222 6259/6259
f 6259/6259 6260/6260 6223/6223
f 6259/6259 6258/6258 6257/6257
f 6257/6257 6260/6260 6259/6259
f 6257/6257 6258/6258 6255/6255
f 6255/6255 6256/6256 6257/6257
f 6255/6255 6251/6251 6254/6254
f 6254/6254 6256/6256 6255/6255
f 6251/6251 6252/6252 6253/6253
f 6253/6253 6254/6254 6251/6251
f 6224/6224 6226/6226 6225/6225
f 6341/6341 6225/6225 6226/6226
f 6226/6226 6342/6342 6341/6341
f 6341/6341 6342/6342 6229/6229
f 6229/6229 6228/6228 6341/6341
f 6227/6227 6228/6228 6229/6229
f 6229/6229 6230/6230 6227/6227
f 6231/6231 6232/6232 6233/6233
f 6233/6233 6234/6234 6231/6231
f 6235/6235 6231/6231 6234/6234
f 6234/6234 6236/6236 6235/6235
f 6237/6237 6235/6235 6236/6236
f 6236/6236 6238/6238 6237/6237
f 6237/6237 6238/6238 6241/6241
f 6241/6241 6240/6240 6237/6237
f 6239/6239 6240/6240 6241/6241
f 6241/6241 6242/6242 6239/6239
f 6243/6243 6239/6239 6242/6242
f 6242/6242 6244/6244 6243/6243
f 6243/6243 6244/6244 6343/6343
f 6343/6343 6344/6344 6243/6243
f 6344/6344 6343/6343 6246/6246
f 6246/6246 6245/6245 6344/6344
f 6245/6245 6246/6246 6247/6247
f 6247/6247 6248/6248 6245/6245
f 6249/6249 6248/6248 6247/6247
f 6247/6247 6250/6250 6249/6249
f 6261/6261 6262/6262 6263/6263
f 6263/6263 6264/6264 6261/6261
f 6299/6299 6261/6261 6264/6264
f 6261/6261 6321/6321 6322/6322
f 6322/6322 6262/6262 6261/6261
f 6321/6321 6261/6261 6299/6299
f 6264/6264 6300/6300 6299/6299
f 6264/6264 6263/6263 6301/6301
f 6301/6301 6302/6302 6264/6264
f 6300/6300 6264/6264 6302/6302
f 6297/6297 6299/6299 6300/6300
f 6340/6340 6299/6299 6297/6297
f 6299/6299 6340/6340 6321/6321
f 6300/6300 6298/6298 6297/6297
f 6298/6298 6300/6300 6320/6320
f 6302/6302 6320/6320 6300/6300
f 6295/6295 6297/6297 6298/6298
f 6339/6339 6297/6297 6295/6295
f 6297/6297 6339/6339 6340/6340
f 6298/6298 6296/6296 6295/6295
f 6296/6296 6298/6298 6319/6319
f 6320/6320 6319/6319 6298/6298
f 6293/6293 6295/6295 6296/6296
f 6338/6338 6295/6295 6293/6293
f 6295/6295 6338/6338 6339/6339
f 6296/6296 6294/6294 6293/6293
f 6294/6294 6296/6296 6318/6318
f 6319/6319 6318/6318 6296/6296
f 6291/6291 6293/6293 6294/6294
f 6337/6337 6293/6293 6291/6291
f 6293/6293 6337/6337 6338/6338
f 6294/6294 6292/6292 6291/6291
f 6292/6292 6294/6294 6317/6317
f 6318/6318 6317/6317 6294/6294
f 6289/6289 6291/6291 6292/6292
f 6336/6336 6291/6291 6289/6289
f 6291/6291 6336/6336 6337/6337
f 6292/6292 6290/6290 6289/6289
f 6290/6290 6292/6292 6316/6316
f 6317/6317 6316/6316 6292/6292
f 6287/6287 6289/6289 6290/6290
f 6335/6335 6289/6289 6287/6287
f 6289/6289 6335/6335 6336/6336
f 6290/6290 6288/6288 6287/6287
f 6288/6288 6290/6290 6315/6315
f 6316/6316 6315/6315 6290/6290
f 6285/6285 6287/6287 6288/6288
f 6334/6334 6287/6287 6285/6285
f 6287/6287 6334/6334 6335/6335
f 6288/6288 6286/6286 6285/6285
f 6286/6286 6288/6288 6314/6314
f 6315/6315 6314/6314 6288/6288
f 6283/6283 6285/6285 6286/6286
f 6333/6333 6285/6285 6283/6283
f 6285/6285 6333/6333 6334/6334
f 6286/6286 6284/6284 6283/6283
f 6284/6284 6286/6286 6313/6313
f 6314/6314 6313/6313 6286/6286
f 6281/6281 6283/6283 6284/6284
f 6332/6332 6283/6283 6281/6281
f 6283/6283 6332/6332 6333/6333
f 6284/6284 6282/6282 6281/6281
f 6282/6282 6284/6284 6312/6312
f 6313/6313 6312/6312 6284/6284
f 6279/6279 6281/6281 6282/6282
f 6331/6331 6281/6281 6279/6279
f 6281/6281 6331/6331 6332/6332
f 6282/6282 6280/6280 6279/6279
f 6280/6280 6282/6282 6311/6311
f 6312/6312 6311/6311 6282/6282
f 6277/6277 6279/6279 6280/6280
f 6330/6330 6279/6279 6277/6277
f 6279/6279 6330/6330 6331/6331
f 6280/6280 6278/6278 6277/6277
f 6278/6278 6280/6280 6310/6310
f 6311/6311 6310/6310 6280/6280
f 6275/6275 6277/6277 6278/6278
f 6329/6329 6277/6277 6275/6275
f 6277/6277 6329/6329 6330/6330
f 6278/6278 6276/6276 6275/6275
f 6276/6276 6278/6278 6309/6309
f 6310/6310 6309/6309 6278/6278
f 6273/6273 6275/6275 6276/6276
f 6328/6328 6275/6275 6273/6273
f 6275/6275 6328/6328 6329/6329
f 6276/6276 6274/6274 6273/6273
f 6274/6274 6276/6276 6308/6308
f 6309/6309 6308/6308 6276/6276
f 6271/6271 6273/6273 6274/6274
f 6327/6327 6273/6273 6271/6271
f 6273/6273 6327/6327 6328/6328
f 6274/6274 6272/6272 6271/6271
f 6272/6272 6274/6274 6307/6307
f 6308/6308 6307/6307 6274/6274
f 6269/6269 6271/6271 6272/6272
f 6326/6326 6271/6271 6269/6269
f 6271/6271 6326/6326 6327/6327
f 6272/6272 6270/6270 6269/6269
f 6270/6270 6272/6272 6306/6306
f 6307/6307 6306/6306 6272/6272
f 6267/6267 6269/6269 6270/6270
f 6325/6325 6269/6269 6267/6267
f 6269/6269 6325/6325 6326/6326
f 6270/6270 6268/6268 6267/6267
f 6268/6268 6270/6270 6305/6305
f 6306/6306 6305/6305 6270/6270
f 6265/6265 6267/6267 6268/6268
f 6324/6324 6267/6267 6265/6265
f 6267/6267 6324/6324 6325/6325
f 6268/6268 6266/6266 6265/6265
f 6266/6266 6268/6268 6304/6304
f 6305/6305 6304/6304 6268/6268
f 6262/6262 6265/6265 6266/6266
f 6323/6323 6265/6265 6262/6262
f 6265/6265 6323/6323 6324/6324
f 6266/6266 6263/6263 6262/6262
f 6263/6263 6266/6266 6303/6303
f 6304/6304 6303/6303 6266/6266
f 6262/6262 6322/6322 6323/6323
f 6303/6303 6301/6301 6263/6263
f 6345/6345 6346/6346 6347/6347
f 6357/6357 6345/6345 6347/6347
f 6346/6346 6348/6348 6347/6347
f 6348/6348 6349/6349 6347/6347
f 6349/6349 6350/6350 6347/6347
f 6350/6350 6351/6351 6347/6347
f 6351/6351 6352/6352 6347/6347
f 6352/6352 6353/6353 6347/6347
f 6353/6353 6354/6354 6347/6347
f 6354/6354 6355/6355 6347/6347
f 6355/6355 6356/6356 6347/6347
f 6356/6356 6357/6357 6347/6347
f 6358/6358 6359/6359 6360/6360
f 6360/6360 6361/6361 6358/6358
f 6358/6358 6361/6361 6364/6364
f 6364/6364 6365/6365 6358/6358
f 6360/6360 6362/6362 6363/6363
f 6363/6363 6361/6361 6360/6360
f 6360/6360 6420/6420 6362/6362
f 6364/6364 6361/6361 6363/6363
f 6364/6364 6366/6366 6367/6367
f 6363/6363 6366/6366 6364/6364
f 6370/6370 6366/6366 6372/6372
f 6370/6370 6367/6367 6366/6366
f 6368/6368 6369/6369 6370/6370
f 6370/6370 6371/6371 6368/6368
f 6372/6372 6371/6371 6370/6370
f 6373/6373 6371/6371 6372/6372
f 6372/6372 6375/6375 6373/6373
f 6368/6368 6371/6371 6373/6373
f 6373/6373 6374/6374 6368/6368
f 6373/6373 6375/6375 6376/6376
f 6390/6390 6375/6375 6391/6391
f 6390/6390 6376/6376 6375/6375
f 6377/6377 6389/6389 6390/6390
f 6390/6390 6378/6378 6377/6377
f 6391/6391 6378/6378 6390/6390
f 6379/6379 6378/6378 6391/6391
f 6391/6391 6381/6381 6379/6379
f 6377/6377 6378/6378 6379/6379
f 6379/6379 6380/6380 6377/6377
f 6379/6379 6381/6381 6382/6382
f 6393/6393 6381/6381 6394/6394
f 6393/6393 6382/6382 6381/6381
f 6383/6383 6392/6392 6393/6393
f 6393/6393 6384/6384 6383/6383
f 6394/6394 6384/6384 6393/6393
f 6385/6385 6384/6384 6394/6394
f 6394/6394 6387/6387 6385/6385
f 6383/6383 6384/6384 6385/6385
f 6385/6385 6386/6386 6383/6383
f 6385/6385 6387/6387 6388/6388
f 6397/6397 6387/6387 6399/6399
f 6397/6397 6388/6388 6387/6387
f 6395/6395 6396/6396 6397/6397
f 6397/6397 6398/6398 6395/6395
f 6399/6399 6398/6398 6397/6397
f 6400/6400 6398/6398 6399/6399
f 6399/6399 6402/6402 6400/6400
f 6395/6395 6398/6398 6400/6400
f 6400/6400 6401/6401 6395/6395
f 6400/6400 6402/6402 6403/6403
f 6406/6406 6402/6402 6408/6408
f 6406/6406 6403/6403 6402/6402
f 6404/6404 6405/6405 6406/6406
f 6406/6406 6407/6407 6404/6404
f 6408/6408 6407/6407 6406/6406
f 6409/6409 6407/6407 6408/6408
f 6408/6408 6411/6411 6409/6409
f 6404/6404 6407/6407 6409/6409
f 6409/6409 6410/6410 6404/6404
f 6409/6409 6411/6411 6412/6412
f 6415/6415 6411/6411 6417/6417
f 6415/6415 6412/6412 6411/6411
f 6413/6413 6414/6414 6415/6415
f 6415/6415 6416/6416 6413/6413
f 6417/6417 6416/6416 6415/6415
f 6418/6418 6416/6416 6417/6417
f 6417/6417 6362/6362 6418/6418
f 6413/6413 6416/6416 6418/6418
f 6418/6418 6419/6419 6413/6413
f 6418/6418 6362/6362 6420/6420
f 6421/6421 6422/6422 6423/6423
f 6435/6435 6422/6422 6421/6421
f 6423/6423 6422/6422 6424/6424
f 6424/6424 6422/6422 6425/6425
f 6425/6425 6422/6422 6426/6426
f 6426/6426 6422/6422 6427/6427
f 6427/6427 6422/6422 6428/6428
f 6428/6428 6422/6422 6429/6429
f 6429/6429 6422/6422 6430/6430
f 6430/6430 6422/6422 6431/6431
f 6431/6431 6422/6422 6432/6432
f 6432/6432 6422/6422 6433/6433
f 6433/6433 6422/6422 6434/6434
f 6434/6434 6422/6422 6435/6435
f 6436/6436 6437/6437 6438/6438
f 6438/6438 6439/6439 6436/6436
f 6440/6440 6441/6441 6442/6442
f 6442/6442 6443/6443 6440/6440
f 6532/6532 6440/6440 6443/6443
f 6443/6443 6533/6533 6532/6532
f 6444/6444 6445/6445 6446/6446
f 6446/6446 6447/6447 6444/6444
f 6448/6448 6449/6449 6450/6450
f 6450/6450 6451/6451 6448/6448
f 6449/6449 6456/6456 6457/6457
f 6457/6457 6450/6450 6449/6449
f 6452/6452 6453/6453 6454/6454
f 6454/6454 6455/6455 6452/6452
f 6458/6458 6459/6459 6460/6460
f 6460/6460 6461/6461 6458/6458
f 6462/6462 6463/6463 6464/6464
f 6464/6464 6465/6465 6462/6462
f 6463/6463 6486/6486 6487/6487
f 6487/6487 6464/6464 6463/6463
f 6466/6466 6467/6467 6468/6468
f 6468/6468 6469/6469 6466/6466
f 6470/6470 6471/6471 6472/6472
f 6472/6472 6473/6473 6470/6470
f 6471/6471 6492/6492 6493/6493
f 6493/6493 6472/6472 6471/6471
f 6474/6474 6475/6475 6476/6476
f 6476/6476 6477/6477 6474/6474
f 6478/6478 6479/6479 6480/6480
f 6480/6480 6481/6481 6478/6478
f 6479/6479 6498/6498 6499/6499
f 6499/6499 6480/6480 6479/6479
f 6482/6482 6483/6483 6484/6484
f 6484/6484 6485/6485 6482/6482
f 6488/6488 6489/6489 6490/6490
f 6490/6490 6491/6491 6488/6488
f 6494/6494 6495/6495 6496/6496
f 6496/6496 6497/6497 6494/6494
f 6500/6500 6501/6501 6502/6502
f 6502/6502 6503/6503 6500/6500
f 6504/6504 6505/6505 6506/6506
f 6506/6506 6507/6507 6504/6504
f 6505/6505 6512/6512 6513/6513
f 6513/6513 6506/6506 6505/6505
f 6508/6508 6509/6509 6510/6510
f 6510/6510 6511/6511 6508/6508
f 6514/6514 6515/6515 6516/6516
f 6516/6516 6517/6517 6514/6514
f 6518/6518 6519/6519 6520/6520
f 6520/6520 6521/6521 6518/6518
f 6519/6519 6526/6526 6527/6527
f 6527/6527 6520/6520 6519/6519
f 6522/6522 6523/6523 6524/6524
f 6524/6524 6525/6525 6522/6522
f 6528/6528 6529/6529 6530/6530
f 6530/6530 6531/6531 6528/6528
f 6534/6534 6535/6535 6536/6536
f 6536/6536 6537/6537 6534/6534
f 6574/6574 6534/6534 6537/6537
f 6535/6535 6538/6538 6539/6539
f 6539/6539 6536/6536 6535/6535
f 6538/6538 6540/6540 6541/6541
f 6541/6541 6539/6539 6538/6538
f 6540/6540 6542/6542 6543/6543
f 6543/6543 6541/6541 6540/6540
f 6542/6542 6544/6544 6545/6545
f 6545/6545 6543/6543 6542/6542
f 6544/6544 6546/6546 6547/6547
f 6547/6547 6545/6545 6544/6544
f 6546/6546 6548/6548 6549/6549
f 6549/6549 6547/6547 6546/6546
f 6548/6548 6550/6550 6551/6551
f 6551/6551 6549/6549 6548/6548
f 6550/6550 6552/6552 6553/6553
f 6553/6553 6551/6551 6550/6550
f 6552/6552 6554/6554 6555/6555
f 6555/6555 6553/6553 6552/6552
f 6554/6554 6556/6556 6557/6557
f 6557/6557 6555/6555 6554/6554
f 6556/6556 6558/6558 6559/6559
f 6559/6559 6557/6557 6556/6556
f 6558/6558 6560/6560 6561/6561
f 6561/6561 6559/6559 6558/6558
f 6560/6560 6562/6562 6563/6563
f 6563/6563 6561/6561 6560/6560
f 6562/6562 6564/6564 6565/6565
f 6565/6565 6563/6563 6562/6562
f 6537/6537 6575/6575 6574/6574
f 6572/6572 6574/6574 6575/6575
f 6575/6575 6573/6573 6572/6572
f 6570/6570 6572/6572 6573/6573
f 6573/6573 6571/6571 6570/6570
f 6567/6567 6570/6570 6571/6571
f 6571/6571 6568/6568 6567/6567
f 6566/6566 6567/6567 6568/6568
f 6568/6568 6569/6569 6566/6566
f 6576/6576 6577/6577 6578/6578
f 6578/6578 6579/6579 6576/6576
f 6616/6616 6576/6576 6579/6579
f 6577/6577 6580/6580 6581/6581
f 6581/6581 6578/6578 6577/6577
f 6580/6580 6582/6582 6583/6583
f 6583/6583 6581/6581 6580/6580
f 6582/6582 6584/6584 6585/6585
f 6585/6585 6583/6583 6582/6582
f 6584/6584 6586/6586 6587/6587
f 6587/6587 6585/6585 6584/6584
f 6586/6586 6588/6588 6589/6589
f 6589/6589 6587/6587 6586/6586
f 6588/6588 6590/6590 6591/6591
f 6591/6591 6589/6589 6588/6588
f 6590/6590 6592/6592 6593/6593
f 6593/6593 6591/6591 6590/6590
f 6592/6592 6594/6594 6595/6595
f 6595/6595 6593/6593 6592/6592
f 6594/6594 6596/6596 6597/6597
f 6597/6597 6595/6595 6594/6594
f 6596/6596 6598/6598 6599/6599
f 6599/6599 6597/6597 6596/6596
f 6598/6598 6600/6600 6601/6601
f 6601/6601 6599/6599 6598/6598
f 6600/6600 6602/6602 6603/6603
f 6603/6603 6601/6601 6600/6600
f 6602/6602 6604/6604 6605/6605
f 6605/6605 6603/6603 6602/6602
f 6604/6604 6606/6606 6607/6607
f 6607/6607 6605/6605 6604/6604
f 6579/6579 6617/6617 6616/6616
f 6614/6614 6616/6616 6617/6617
f 6617/6617 6615/6615 6614/6614
f 6612/6612 6614/6614 6615/6615
f 6615/6615 6613/6613 6612/6612
f 6609/6609 6612/6612 6613/6613
f 6613/6613 6610/6610 6609/6609
f 6608/6608 6609/6609 6610/6610
f 6610/6610 6611/6611 6608/6608
f 6618/6618 6619/6619 6620/6620
f 6620/6620 6621/6621 6618/6618
f 6658/6658 6618/6618 6621/6621
f 6619/6619 6622/6622 6623/6623
f 6623/6623 6620/6620 6619/6619
f 6622/6622 6624/6624 6625/6625
f 6625/6625 6623/6623 6622/6622
f 6624/6624 6626/6626 6627/6627
f 6627/6627 6625/6625 6624/6624
f 6626/6626 6628/6628 6629/6629
f 6629/6629 6627/6627 6626/6626
f 6628/6628 6630/6630 6631/6631
f 6631/6631 6629/6629 6628/6628
f 6630/6630 6632/6632 6633/6633
f 6633/6633 6631/6631 6630/6630
f 6632/6632 6634/6634 6635/6635
f 6635/6635 6633/6633 6632/6632
f 6634/6634 6636/6636 6637/6637
f 6637/6637 6635/6635 6634/6634
f 6636/6636 6638/6638 6639/6639
f 6639/6639 6637/6637 6636/6636
f 6638/6638 6640/6640 6641/6641
f 6641/6641 6639/6639 6638/6638
f 6640/6640 6642/6642 6643/6643
f 6643/6643 6641/6641 6640/6640
f 6642/6642 6644/6644 6645/6645
f 6645/6645 6643/6643 6642/6642
f 6644/6644 6646/6646 6647/6647
f 6647/6647 6645/6645 6644/6644
f 6646/6646 6648/6648 6649/6649
f 6649/6649 6647/6647 6646/6646
f 6621/6621 6659/6659 6658/6658
f 6656/6656 6658/6658 6659/6659
f 6659/6659 6657/6657 6656/6656
f 6654/6654 6656/6656 6657/6657
f 6657/6657 6655/6655 6654/6654
f 6651/6651 6654/6654 6655/6655
f 6655/6655 6652/6652 6651/6651
f 6650/6650 6651/6651 6652/6652
f 6652/6652 6653/6653 6650/6650
f 6660/6660 6661/6661 6662/6662
f 6662/6662 6663/6663 6660/6660
f 6700/6700 6660/6660 6663/6663
f 6661/6661 6664/6664 6665/6665
f 6665/6665 6662/6662 6661/6661
f 6664/6664 6666/6666 6667/6667
f 6667/6667 6665/6665 6664/6664
f 6666/6666 6668/6668 6669/6669
f 6669/6669 6667/6667 6666/6666
f 6668/6668 6670/6670 6671/6671
f 6671/6671 6669/6669 6668/6668
f 6670/6670 6672/6672 6673/6673
f 6673/6673 6671/6671 6670/6670
f 6672/6672 6674/6674 6675/6675
f 6675/6675 6673/6673 6672/6672
f 6674/6674 6676/6676 6677/6677
f 6677/6677 6675/6675 6674/6674
f 6676/6676 6678/6678 6679/6679
f 6679/6679 6677/6677 6676/6676
f 6678/6678 6680/6680 6681/6681
f 6681/6681 6679/6679 6678/6678
f 6680/6680 6682/6682 6683/6683
f 6683/6683 6681/6681 6680/6680
f 6682/6682 6684/6684 6685/6685
f 6685/6685 6683/6683 6682/6682
f 6684/6684 6686/6686 6687/6687
f 6687/6687 6685/6685 6684/6684
f 6686/6686 6688/6688 6689/6689
f 6689/6689 6687/6687 6686/6686
f 6688/6688 6690/6690 6691/6691
f 6691/6691 6689/6689 6688/6688
f 6663/6663 6701/6701 6700/6700
f 6698/6698 6700/6700 6701/6701
f 6701/6701 6699/6699 6698/6698
f 6696/6696 6698/6698 6699/6699
f 6699/6699 6697/6697 6696/6696
f 6693/6693 6696/6696 6697/6697
f 6697/6697 6694/6694 6693/6693
f 6692/6692 6693/6693 6694/6694
f 6694/6694 6695/6695 6692/6692
f 6702/6702 6703/6703 6704/6704
f 6704/6704 6705/6705 6702/6702
f 6703/6703 6702/6702 6706/6706
f 6743/6743 6702/6702 6705/6705
f 6702/6702 6743/6743 6744/6744
f 6744/6744 6706/6706 6702/6702
f 6705/6705 6704/6704 6741/6741
f 6741/6741 6740/6740 6705/6705
f 6705/6705 6742/6742 6743/6743
f 6742/6742 6705/6705 6740/6740
f 6740/6740 6741/6741 6739/6739
f 6739/6739 6741/6741 6781/6781
f 6763/6763 6781/6781 6741/6741
f 6741/6741 6704/6704 6763/6763
f 6739/6739 6738/6738 6740/6740
f 6761/6761 6740/6740 6738/6738
f 6740/6740 6761/6761 6742/6742
f 6738/6738 6739/6739 6737/6737
f 6737/6737 6739/6739 6780/6780
f 6781/6781 6780/6780 6739/6739
f 6737/6737 6736/6736 6738/6738
f 6760/6760 6738/6738 6736/6736
f 6738/6738 6760/6760 6761/6761
f 6736/6736 6737/6737 6735/6735
f 6735/6735 6737/6737 6779/6779
f 6780/6780 6779/6779 6737/6737
f 6735/6735 6734/6734 6736/6736
f 6759/6759 6736/6736 6734/6734
f 6736/6736 6759/6759 6760/6760
f 6734/6734 6735/6735 6733/6733
f 6733/6733 6735/6735 6778/6778
f 6779/6779 6778/6778 6735/6735
f 6733/6733 6732/6732 6734/6734
f 6758/6758 6734/6734 6732/6732
f 6734/6734 6758/6758 6759/6759
f 6732/6732 6733/6733 6731/6731
f 6731/6731 6733/6733 6777/6777
f 6778/6778 6777/6777 6733/6733
f 6731/6731 6730/6730 6732/6732
f 6757/6757 6732/6732 6730/6730
f 6732/6732 6757/6757 6758/6758
f 6730/6730 6731/6731 6729/6729
f 6729/6729 6731/6731 6776/6776
f 6777/6777 6776/6776 6731/6731
f 6729/6729 6728/6728 6730/6730
f 6756/6756 6730/6730 6728/6728
f 6730/6730 6756/6756 6757/6757
f 6728/6728 6729/6729 6727/6727
f 6727/6727 6729/6729 6775/6775
f 6776/6776 6775/6775 6729/6729
f 6727/6727 6726/6726 6728/6728
f 6755/6755 6728/6728 6726/6726
f 6728/6728 6755/6755 6756/6756
f 6726/6726 6727/6727 6725/6725
f 6725/6725 6727/6727 6774/6774
f 6775/6775 6774/6774 6727/6727
f 6725/6725 6724/6724 6726/6726
f 6754/6754 6726/6726 6724/6724
f 6726/6726 6754/6754 6755/6755
f 6724/6724 6725/6725 6723/6723
f 6723/6723 6725/6725 6773/6773
f 6774/6774 6773/6773 6725/6725
f 6723/6723 6722/6722 6724/6724
f 6753/6753 6724/6724 6722/6722
f 6724/6724 6753/6753 6754/6754
f 6722/6722 6723/6723 6721/6721
f 6721/6721 6723/6723 6772/6772
f 6773/6773 6772/6772 6723/6723
f 6721/6721 6720/6720 6722/6722
f 6752/6752 6722/6722 6720/6720
f 6722/6722 6752/6752 6753/6753
f 6720/6720 6721/6721 6719/6719
f 6719/6719 6721/6721 6771/6771
f 6772/6772 6771/6771 6721/6721
f 6719/6719 6718/6718 6720/6720
f 6751/6751 6720/6720 6718/6718
f 6720/6720 6751/6751 6752/6752
f 6718/6718 6719/6719 6717/6717
f 6717/6717 6719/6719 6770/6770
f 6771/6771 6770/6770 6719/6719
f 6717/6717 6716/6716 6718/6718
f 6750/6750 6718/6718 6716/6716
f 6718/6718 6750/6750 6751/6751
f 6716/6716 6717/6717 6715/6715
f 6715/6715 6717/6717 6769/6769
f 6770/6770 6769/6769 6717/6717
f 6715/6715 6714/6714 6716/6716
f 6749/6749 6716/6716 6714/6714
f 6716/6716 6749/6749 6750/6750
f 6714/6714 6715/6715 6713/6713
f 6713/6713 6715/6715 6768/6768
f 6769/6769 6768/6768 6715/6715
f 6713/6713 6712/6712 6714/6714
f 6748/6748 6714/6714 6712/6712
f 6714/6714 6748/6748 6749/6749
f 6712/6712 6713/6713 6711/6711
f 6711/6711 6713/6713 6767/6767
f 6768/6768 6767/6767 6713/6713
f 6711/6711 6710/6710 6712/6712
f 6747/6747 6712/6712 6710/6710
f 6712/6712 6747/6747 6748/6748
f 6710/6710 6711/6711 6709/6709
f 6709/6709 6711/6711 6766/6766
f 6767/6767 6766/6766 6711/6711
f 6709/6709 6708/6708 6710/6710
f 6746/6746 6710/6710 6708/6708
f 6710/6710 6746/6746 6747/6747
f 6708/6708 6709/6709 6707/6707
f 6707/6707 6709/6709 6765/6765
f 6766/6766 6765/6765 6709/6709
f 6707/6707 6706/6706 6708/6708
f 6745/6745 6708/6708 6706/6706
f 6708/6708 6745/6745 6746/6746
f 6706/6706 6707/6707 6703/6703
f 6703/6703 6707/6707 6764/6764
f 6765/6765 6764/6764 6707/6707
f 6706/6706 6744/6744 6745/6745
f 6764/6764 6762/6762 6703/6703
f 6704/6704 6703/6703 6762/6762
f 6762/6762 6763/6763 6704/6704
f 6782/6782 6783/6783 6784/6784
f 6784/6784 6785/6785 6782/6782
f 6786/6786 6782/6782 6785/6785
f 6784/6784 6783/6783 6820/6820
f 6820/6820 6821/6821 6784/6784
f 6820/6820 6819/6819 6818/6818
f 6818/6818 6821/6821 6820/6820
f 6818/6818 6819/6819 6816/6816
f 6816/6816 6817/6817 6818/6818
f 6816/6816 6812/6812 6815/6815
f 6815/6815 6817/6817 6816/6816
f 6812/6812 6813/6813 6814/6814
f 6814/6814 6815/6815 6812/6812
f 6785/6785 6787/6787 6786/6786
f 6902/6902 6786/6786 6787/6787
f 6787/6787 6903/6903 6902/6902
f 6902/6902 6903/6903 6790/6790
f 6790/6790 6789/6789 6902/6902
f 6788/6788 6789/6789 6790/6790
f 6790/6790 6791/6791 6788/6788
f 6792/6792 6793/6793 6794/6794
f 6794/6794 6795/6795 6792/6792
f 6796/6796 6792/6792 6795/6795
f 6795/6795 6797/6797 6796/6796
f 6798/6798 6796/6796 6797/6797
f 6797/6797 6799/6799 6798/6798
f 6798/6798 6799/6799 6802/6802
f 6802/6802 6801/6801 6798/6798
f 6800/6800 6801/6801 6802/6802
f 6802/6802 6803/6803 6800/6800
f 6804/6804 6800/6800 6803/6803
f 6803/6803 6805/6805 6804/6804
f 6804/6804 6805/6805 6904/6904
f 6904/6904 6905/6905 6804/6804
f 6905/6905 6904/6904 6807/6807
f 6807/6807 6806/6806 6905/6905
f 6806/6806 6807/6807 6808/6808
f 6808/6808 6809/6809 6806/6806
f 6810/6810 6809/6809 6808/6808
f 6808/6808 6811/6811 6810/6810
f 6822/6822 6823/6823 6824/6824
f 6824/6824 6825/6825 6822/6822
f 6860/6860 6822/6822 6825/6825
f 6822/6822 6882/6882 6883/6883
f 6883/6883 6823/6823 6822/6822
f 6882/6882 6822/6822 6860/6860
f 6825/6825 6861/6861 6860/6860
f 6825/6825 6824/6824 6862/6862
f 6862/6862 6863/6863 6825/6825
f 6861/6861 6825/6825 6863/6863
f 6858/6858 6860/6860 6861/6861
f 6901/6901 6860/6860 6858/6858
f 6860/6860 6901/6901 6882/6882
f 6861/6861 6859/6859 6858/6858
f 6859/6859 6861/6861 6881/6881
f 6863/6863 6881/6881 6861/6861
f 6856/6856 6858/6858 6859/6859
f 6900/6900 6858/6858 6856/6856
f 6858/6858 6900/6900 6901/6901
f 6859/6859 6857/6857 6856/6856
f 6857/6857 6859/6859 6880/6880
f 6881/6881 6880/6880 6859/6859
f 6854/6854 6856/6856 6857/6857
f 6899/6899 6856/6856 6854/6854
f 6856/6856 6899/6899 6900/6900
f 6857/6857 6855/6855 6854/6854
f 6855/6855 6857/6857 6879/6879
f 6880/6880 6879/6879 6857/6857
f 6852/6852 6854/6854 6855/6855
f 6898/6898 6854/6854 6852/6852
f 6854/6854 6898/6898 6899/6899
f 6855/6855 6853/6853 6852/6852
f 6853/6853 6855/6855 6878/6878
f 6879/6879 6878/6878 6855/6855
f 6850/6850 6852/6852 6853/6853
f 6897/6897 6852/6852 6850/6850
f 6852/6852 6897/6897 6898/6898
f 6853/6853 6851/6851 6850/6850
f 6851/6851 6853/6853 6877/6877
f 6878/6878 6877/6877 6853/6853
f 6848/6848 6850/6850 6851/6851
f 6896/6896 6850/6850 6848/6848
f 6850/6850 6896/6896 6897/6897
f 6851/6851 6849/6849 6848/6848
f 6849/6849 6851/6851 6876/6876
f 6877/6877 6876/6876 6851/6851
f 6846/6846 6848/6848 6849/6849
f 6895/6895 6848/6848 6846/6846
f 6848/6848 6895/6895 6896/6896
f 6849/6849 6847/6847 6846/6846
f 6847/6847 6849/6849 6875/6875
f 6876/6876 6875/6875 6849/6849
f 6844/6844 6846/6846 6847/6847
f 6894/6894 6846/6846 6844/6844
f 6846/6846 6894/6894 6895/6895
f 6847/6847 6845/6845 6844/6844
f 6845/6845 6847/6847 6874/6874
f 6875/6875 6874/6874 6847/6847
f 6842/6842 6844/6844 6845/6845
f 6893/6893 6844/6844 6842/6842
f 6844/6844 6893/6893 6894/6894
f 6845/6845 6843/6843 6842/6842
f 6843/6843 6845/6845 6873/6873
f 6874/6874 6873/6873 6845/6845
f 6840/6840 6842/6842 6843/6843
f 6892/6892 6842/6842 6840/6840
f 6842/6842 6892/6892 6893/6893
f 6843/6843 6841/6841 6840/6840
f 6841/6841 6843/6843 6872/6872
f 6873/6873 6872/6872 6843/6843
f 6838/6838 6840/6840 6841/6841
f 6891/6891 6840/6840 6838/6838
f 6840/6840 6891/6891 6892/6892
f 6841/6841 6839/6839 6838/6838
f 6839/6839 6841/6841 6871/6871
f 6872/6872 6871/6871 6841/6841
f 6836/6836 6838/6838 6839/6839
f 6890/6890 6838/6838 6836/6836
f 6838/6838 6890/6890 6891/6891
f 6839/6839 6837/6837 6836/6836
f 6837/6837 6839/6839 6870/6870
f 6871/6871 6870/6870 6839/6839
f 6834/6834 6836/6836 6837/6837
f 6889/6889 6836/6836 6834/6834
f 6836/6836 6889/6889 6890/6890
f 6837/6837 6835/6835 6834/6834
f 6835/6835 6837/6837 6869/6869
f 6870/6870 6869/6869 6837/6837
f 6832/6832 6834/6834 6835/6835
f 6888/6888 6834/6834 6832/6832
f 6834/6834 6888/6888 6889/6889
f 6835/6835 6833/6833 6832/6832
f 6833/6833 6835/6835 6868/6868
f 6869/6869 6868/6868 6835/6835
f 6830/6830 6832/6832 6833/6833
f 6887/6887 6832/6832 6830/6830
f 6832/6832 6887/6887 6888/6888
f 6833/6833 6831/6831 6830/6830
f 6831/6831 6833/6833 6867/6867
f 6868/6868 6867/6867 6833/6833
f 6828/6828 6830/6830 6831/6831
f 6886/6886 6830/6830 6828/6828
f 6830/6830 6886/6886 6887/6887
f 6831/6831 6829/6829 6828/6828
f 6829/6829 6831/6831 6866/6866
f 6867/6867 6866/6866 6831/6831
f 6826/6826 6828/6828 6829/6829
f 6885/6885 6828/6828 6826/6826
f 6828/6828 6885/6885 6886/6886
f 6829/6829 6827/6827 6826/6826
f 6827/6827 6829/6829 6865/6865
f 6866/6866 6865/6865 6829/6829
f 6823/6823 6826/6826 6827/6827
f 6884/6884 6826/6826 6823/6823
f 6826/6826 6884/6884 6885/6885
f 6827/6827 6824/6824 6823/6823
f 6824/6824 6827/6827 6864/6864
f 6865/6865 6864/6864 6827/6827
f 6823/6823 6883/6883 6884/6884
f 6864/6864 6862/6862 6824/6824
f 6906/6906 6907/6907 6908/6908
f 6918/6918 6906/6906 6908/6908
f 6907/6907 6909/6909 6908/6908
f 6909/6909 6910/6910 6908/6908
f 6910/6910 6911/6911 6908/6908
f 6911/6911 6912/6912 6908/6908
f 6912/6912 6913/6913 6908/6908
f 6913/6913 6914/6914 6908/6908
f 6914/6914 6915/6915 6908/6908
f 6915/6915 6916/6916 6908/6908
f 6916/6916 6917/6917 6908/6908
f 6917/6917 6918/6918 6908/6908
f 6919/6919 6920/6920 6921/6921
f 6921/6921 6922/6922 6919/6919
f 6919/6919 6922/6922 6925/6925
f 6925/6925 6926/6926 6919/6919
f 6921/6921 6923/6923 6924/6924
f 6924/6924 6922/6922 6921/6921
f 6921/6921 6981/6981 6923/6923
f 6925/6925 6922/6922 6924/6924
f 6925/6925 6927/6927 6928/6928
f 6924/6924 6927/6927 6925/6925
f 6931/6931 6927/6927 6933/6933
f 6931/6931 6928/6928 6927/6927
f 6929/6929 6930/6930 6931/6931
f 6931/6931 6932/6932 6929/6929
f 6933/6933 6932/6932 6931/6931
f 6934/6934 6932/6932 6933/6933
f 6933/6933 6936/6936 6934/6934
f 6929/6929 6932/6932 6934/6934
f 6934/6934 6935/6935 6929/6929
f 6934/6934 6936/6936 6937/6937
f 6951/6951 6936/6936 6952/6952
f 6951/6951 6937/6937 6936/6936
f 6938/6938 6950/6950 6951/6951
f 6951/6951 6939/6939 6938/6938
f 6952/6952 6939/6939 6951/6951
f 6940/6940 6939/6939 6952/6952
f 6952/6952 6942/6942 6940/6940
f 6938/6938 6939/6939 6940/6940
f 6940/6940 6941/6941 6938/6938
f 6940/6940 6942/6942 6943/6943
f 6954/6954 6942/6942 6955/6955
f 6954/6954 6943/6943 6942/6942
f 6944/6944 6953/6953 6954/6954
f 6954/6954 6945/6945 6944/6944
f 6955/6955 6945/6945 6954/6954
f 6946/6946 6945/6945 6955/6955
f 6955/6955 6948/6948 6946/6946
f 6944/6944 6945/6945 6946/6946
f 6946/6946 6947/6947 6944/6944
f 6946/6946 6948/6948 6949/6949
f 6958/6958 6948/6948 6960/6960
f 6958/6958 6949/6949 6948/6948
f 6956/6956 6957/6957 6958/6958
f 6958/6958 6959/6959 6956/6956
f 6960/6960 6959/6959 6958/6958
f 6961/6961 6959/6959 6960/6960
f 6960/6960 6963/6963 6961/6961
f 6956/6956 6959/6959 6961/6961
f 6961/6961 6962/6962 6956/6956
f 6961/6961 6963/6963 6964/6964
f 6967/6967 6963/6963 6969/6969
f 6967/6967 6964/6964 6963/6963
f 6965/6965 6966/6966 6967/6967
f 6967/6967 6968/6968 6965/6965
f 6969/6969 6968/6968 6967/6967
f 6970/6970 6968/6968 6969/6969
f 6969/6969 6972/6972 6970/6970
f 6965/6965 6968/6968 6970/6970
f 6970/6970 6971/6971 6965/6965
f 6970/6970 6972/6972 6973/6973
f 6976/6976 6972/6972 6978/6978
f 6976/6976 6973/6973 6972/6972
f 6974/6974 6975/6975 6976/6976
f 6976/6976 6977/6977 6974/6974
f 6978/6978 6977/6977 6976/6976
f 6979/6979 6977/6977 6978/6978
f 6978/6978 6923/6923 6979/6979
f 6974/6974 6977/6977 6979/6979
f 6979/6979 6980/6980 6974/6974
f 6979/6979 6923/6923 6981/6981
f 6982/6982 6983/6983 6984/6984
f 6996/6996 6983/6983 6982/6982
f 6984/6984 6983/6983 6985/6985
f 6985/6985 6983/6983 6986/6986
f 6986/6986 6983/6983 6987/6987
f 6987/6987 6983/6983 6988/6988
f 6988/6988 6983/6983 6989/6989
f 6989/6989 6983/6983 6990/6990
f 6990/6990 6983/6983 6991/6991
f 6991/6991 6983/6983 6992/6992
f 6992/6992 6983/6983 6993/6993
f 6993/6993 6983/6983 6994/6994
f 6994/6994 6983/6983 6995/6995
f 6995/6995 6983/6983 6996/6996
f 6997/6997 6998/6998 6999/6999
f 6999/6999 7000/7000 6997/6997
f 7001/7001 7002/7002 7003/7003
f 7003/7003 7004/7004 7001/7001
f 7093/7093 7001/7001 7004/7004
f 7004/7004 7094/7094 7093/7093
f 7005/7005 7006/7006 7007/7007
f 7007/7007 7008/7008 7005/7005
f 7009/7009 7010/7010 7011/7011
f 7011/7011 7012/7012 7009/7009
f 7010/7010 7017/7017 7018/7018
f 7018/7018 7011/7011 7010/7010
f 7013/7013 7014/7014 7015/7015
f 7015/7015 7016/7016 7013/7013
f 7019/7019 7020/7020 7021/7021
f 7021/7021 7022/7022 7019/7019
f 7023/7023 7024/7024 7025/7025
f 7025/7025 7026/7026 7023/7023
f 7024/7024 7047/7047 7048/7048
f 7048/7048 7025/7025 7024/7024
f 7027/7027 7028/7028 7029/7029
f 7029/7029 7030/7030 7027/7027
f 7031/7031 7032/7032 7033/7033
f 7033/7033 7034/7034 7031/7031
f 7032/7032 7053/7053 7054/7054
f 7054/7054 7033/7033 7032/7032
f 7035/7035 7036/7036 7037/7037
f 7037/7037 7038/7038 7035/7035
f 7039/7039 7040/7040 7041/7041
f 7041/7041 7042/7042 7039/7039
f 7040/7040 7059/7059 7060/7060
f 7060/7060 7041/7041 7040/7040
f 7043/7043 7044/7044 7045/7045
f 7045/7045 7046/7046 7043/7043
f 7049/7049 7050/7050 7051/7051
f 7051/7051 7052/7052 7049/7049
f 7055/7055 7056/7056 7057/7057
f 7057/7057 7058/7058 7055/7055
f 7061/7061 7062/7062 7063/7063
f 7063/7063 7064/7064 7061/7061
f 7065/7065 7066/7066 7067/7067
f 7067/7067 7068/7068 7065/7065
f 7066/7066 7073/7073 7074/7074
f 7074/7074 7067/7067 7066/7066
f 7069/7069 7070/7070 7071/7071
f 7071/7071 7072/7072 7069/7069
f 7075/7075 7076/7076 7077/7077
f 7077/7077 7078/7078 7075/7075
f 7079/7079 7080/7080 7081/7081
f 7081/7081 7082/7082 7079/7079
f 7080/7080 7087/7087 7088/7088
f 7088/7088 7081/7081 7080/7080
f 7083/7083 7084/7084 7085/7085
f 7085/7085 7086/7086 7083/7083
f 7089/7089 7090/7090 7091/7091
f 7091/7091 7092/7092 7089/7089
f 7095/7095 7096/7096 7097/7097
f 7097/7097 7098/7098 7095/7095
f 7135/7135 7095/7095 7098/7098
f 7096/7096 7099/7099 7100/7100
f 7100/7100 7097/7097 7096/7096
f 7099/7099 7101/7101 7102/7102
f 7102/7102 7100/7100 7099/7099
f 7101/7101 7103/7103 7104/7104
f 7104/7104 7102/7102 7101/7101
f 7103/7103 7105/7105 7106/7106
f 7106/7106 7104/7104 7103/7103
f 7105/7105 7107/7107 7108/7108
f 7108/7108 7106/7106 7105/7105
f 7107/7107 7109/7109 7110/7110
f 7110/7110 7108/7108 7107/7107
f 7109/7109 7111/7111 7112/7112
f 7112/7112 7110/7110 7109/7109
f 7111/7111 7113/7113 7114/7114
f 7114/7114 7112/7112 7111/7111
f 7113/7113 7115/7115 7116/7116
f 7116/7116 7114/7114 7113/7113
f 7115/7115 7117/7117 7118/7118
f 7118/7118 7116/7116 7115/7115
f 7117/7117 7119/7119 7120/7120
f 7120/7120 7118/7118 7117/7117
f 7119/7119 7121/7121 7122/7122
f 7122/7122 7120/7120 7119/7119
f 7121/7121 7123/7123 7124/7124
f 7124/7124 7122/7122 7121/7121
f 7123/7123 7125/7125 7126/7126
f 7126/7126 7124/7124 7123/7123
f 7098/7098 7136/7136 7135/7135
f 7133/7133 7135/7135 7136/7136
f 7136/7136 7134/7134 7133/7133
f 7131/7131 7133/7133 7134/7134
f 7134/7134 7132/7132 7131/7131
f 7128/7128 7131/7131 7132/7132
f 7132/7132 7129/7129 7128/7128
f 7127/7127 7128/7128 7129/7129
f 7129/7129 7130/7130 7127/7127
f 7137/7137 7138/7138 7139/7139
f 7139/7139 7140/7140 7137/7137
f 7177/7177 7137/7137 7140/7140
f 7138/7138 7141/7141 7142/7142
f 7142/7142 7139/7139 7138/7138
f 7141/7141 7143/7143 7144/7144
f 7144/7144 7142/7142 7141/7141
f 7143/7143 7145/7145 7146/7146
f 7146/7146 7144/7144 7143/7143
f 7145/7145 7147/7147 7148/7148
f 7148/7148 7146/7146 7145/7145
f 7147/7147 7149/7149 7150/7150
f 7150/7150 7148/7148 7147/7147
f 7149/7149 7151/7151 7152/7152
f 7152/7152 7150/7150 7149/7149
f 7151/7151 7153/7153 7154/7154
f 7154/7154 7152/7152 7151/7151
f 7153/7153 7155/7155 7156/7156
f 7156/7156 7154/7154 7153/7153
f 7155/7155 7157/7157 7158/7158
f 7158/7158 7156/7156 7155/7155
f 7157/7157 7159/7159 7160/7160
f 7160/7160 7158/7158 7157/7157
f 7159/7159 7161/7161 7162/7162
f 7162/7162 7160/7160 7159/7159
f 7161/7161 7163/7163 7164/7164
f 7164/7164 7162/7162 7161/7161
f 7163/7163 7165/7165 7166/7166
f 7166/7166 7164/7164 7163/7163
f 7165/7165 7167/7167 7168/7168
f 7168/7168 7166/7166 7165/7165
f 7140/7140 7178/7178 7177/7177
f 7175/7175 7177/7177 7178/7178
f 7178/7178 7176/7176 7175/7175
f 7173/7173 7175/7175 7176/7176
f 7176/7176 7174/7174 7173/7173
f 7170/7170 7173/7173 7174/7174
f 7174/7174 7171/7171 7170/7170
f 7169/7169 7170/7170 7171/7171
f 7171/7171 7172/7172 7169/7169
f 7179/7179 7180/7180 7181/7181
f 7181/7181 7182/7182 7179/7179
f 7219/7219 7179/7179 7182/7182
f 7180/7180 7183/7183 7184/7184
f 7184/7184 7181/7181 7180/7180
f 7183/7183 7185/7185 7186/7186
f 7186/7186 7184/7184 7183/7183
f 7185/7185 7187/7187 7188/7188
f 7188/7188 7186/7186 7185/7185
f 7187/7187 7189/7189 7190/7190
f 7190/7190 7188/7188 7187/7187
f 7189/7189 7191/7191 7192/7192
f 7192/7192 7190/7190 7189/7189
f 7191/7191 7193/7193 7194/7194
f 7194/7194 7192/7192 7191/7191
f 7193/7193 7195/7195 7196/7196
f 7196/7196 7194/7194 7193/7193
f 7195/7195 7197/7197 7198/7198
f 7198/7198 7196/7196 7195/7195
f 7197/7197 7199/7199 7200/7200
f 7200/7200 7198/7198 7197/7197
f 7199/7199 7201/7201 7202/7202
f 7202/7202 7200/7200 7199/7199
f 7201/7201 7203/7203 7204/7204
f 7204/7204 7202/7202 7201/7201
f 7203/7203 7205/7205 7206/7206
f 7206/7206 7204/7204 7203/7203
f 7205/7205 7207/7207 7208/7208
f 7208/7208 7206/7206 7205/7205
f 7207/7207 7209/7209 7210/7210
f 7210/7210 7208/7208 7207/7207
f 7182/7182 7220/7220 7219/7219
f 7217/7217 7219/7219 7220/7220
f 7220/7220 7218/7218 7217/7217
f 7215/7215 7217/7217 7218/7218
f 7218/7218 7216/7216 7215/7215
f 7212/7212 7215/7215 7216/7216
f 7216/7216 7213/7213 7212/7212
f 7211/7211 7212/7212 7213/7213
f 7213/7213 7214/7214 7211/7211
f 7221/7221 7222/7222 7223/7223
f 7223/7223 7224/7224 7221/7221
f 7261/7261 7221/7221 7224/7224
f 7222/7222 7225/7225 7226/7226
f 7226/7226 7223/7223 7222/7222
f 7225/7225 7227/7227 7228/7228
f 7228/7228 7226/7226 7225/7225
f 7227/7227 7229/7229 7230/7230
f 7230/7230 7228/7228 7227/7227
f 7229/7229 7231/7231 7232/7232
f 7232/7232 7230/7230 7229/7229
f 7231/7231 7233/7233 7234/7234
f 7234/7234 7232/7232 7231/7231
f 7233/7233 7235/7235 7236/7236
f 7236/7236 7234/7234 7233/7233
f 7235/7235 7237/7237 7238/7238
f 7238/7238 7236/7236 7235/7235
f 7237/7237 7239/7239 7240/7240
f 7240/7240 7238/7238 7237/7237
f 7239/7239 7241/7241 7242/7242
f 7242/7242 7240/7240 7239/7239
f 7241/7241 7243/7243 7244/7244
f 7244/7244 7242/7242 7241/7241
f 7243/7243 7245/7245 7246/7246
f 7246/7246 7244/7244 7243/7243
f 7245/7245 7247/7247 7248/7248
f 7248/7248 7246/7246 7245/7245
f 7247/7247 7249/7249 7250/7250
f 7250/7250 7248/7248 7247/7247
f 7249/7249 7251/7251 7252/7252
f 7252/7252 7250/7250 7249/7249
f 7224/7224 7262/7262 7261/7261
f 7259/7259 7261/7261 7262/7262
f 7262/7262 7260/7260 7259/7259
f 7257/7257 7259/7259 7260/7260
f 7260/7260 7258/7258 7257/7257
f 7254/7254 7257/7257 7258/7258
f 7258/7258 7255/7255 7254/7254
f 7253/7253 7254/7254 7255/7255
f 7255/7255 7256/7256 7253/7253
f 7263/7263 7264/7264 7265/7265
f 7265/7265 7266/7266 7263/7263
f 7264/7264 7263/7263 7267/7267
f 7304/7304 7263/7263 7266/7266
f 7263/7263 7304/7304 7305/7305
f 7305/7305 7267/7267 7263/7263
f 7266/7266 7265/7265 7302/7302
f 7302/7302 7301/7301 7266/7266
f 7266/7266 7303/7303 7304/7304
f 7303/7303 7266/7266 7301/7301
f 7301/7301 7302/7302 7300/7300
f 7300/7300 7302/7302 7342/7342
f 7324/7324 7342/7342 7302/7302
f 7302/7302 7265/7265 7324/7324
f 7300/7300 7299/7299 7301/7301
f 7322/7322 7301/7301 7299/7299
f 7301/7301 7322/7322 7303/7303
f 7299/7299 7300/7300 7298/7298
f 7298/7298 7300/7300 7341/7341
f 7342/7342 7341/7341 7300/7300
f 7298/7298 7297/7297 7299/7299
f 7321/7321 7299/7299 7297/7297
f 7299/7299 7321/7321 7322/7322
f 7297/7297 7298/7298 7296/7296
f 7296/7296 7298/7298 7340/7340
f 7341/7341 7340/7340 7298/7298
f 7296/7296 7295/7295 7297/7297
f 7320/7320 7297/7297 7295/7295
f 7297/7297 7320/7320 7321/7321
f 7295/7295 7296/7296 7294/7294
f 7294/7294 7296/7296 7339/7339
f 7340/7340 7339/7339 7296/7296
f 7294/7294 7293/7293 7295/7295
f 7319/7319 7295/7295 7293/7293
f 7295/7295 7319/7319 7320/7320
f 7293/7293 7294/7294 7292/7292
f 7292/7292 7294/7294 7338/7338
f 7339/7339 7338/7338 7294/7294
f 7292/7292 7291/7291 7293/7293
f 7318/7318 7293/7293 7291/7291
f 7293/7293 7318/7318 7319/7319
f 7291/7291 7292/7292 7290/7290
f 7290/7290 7292/7292 7337/7337
f 7338/7338 7337/7337 7292/7292
f 7290/7290 7289/7289 7291/7291
f 7317/7317 7291/7291 7289/7289
f 7291/7291 7317/7317 7318/7318
f 7289/7289 7290/7290 7288/7288
f 7288/7288 7290/7290 7336/7336
f 7337/7337 7336/7336 7290/7290
f 7288/7288 7287/7287 7289/7289
f 7316/7316 7289/7289 7287/7287
f 7289/7289 7316/7316 7317/7317
f 7287/7287 7288/7288 7286/7286
f 7286/7286 7288/7288 7335/7335
f 7336/7336 7335/7335 7288/7288
f 7286/7286 7285/7285 7287/7287
f 7315/7315 7287/7287 7285/7285
f 7287/7287 7315/7315 7316/7316
f 7285/7285 7286/7286 7284/7284
f 7284/7284 7286/7286 7334/7334
f 7335/7335 7334/7334 7286/7286
f 7284/7284 7283/7283 7285/7285
f 7314/7314 7285/7285 7283/7283
f 7285/7285 7314/7314 7315/7315
f 7283/7283 7284/7284 7282/7282
f 7282/7282 7284/7284 7333/7333
f 7334/7334 7333/7333 7284/7284
f 7282/7282 7281/7281 7283/7283
f 7313/7313 7283/7283 7281/7281
f 7283/7283 7313/7313 7314/7314
f 7281/7281 7282/7282 7280/7280
f 7280/7280 7282/7282 7332/7332
f 7333/7333 7332/7332 7282/7282
f 7280/7280 7279/7279 7281/7281
f 7312/7312 7281/7281 7279/7279
f 7281/7281 7312/7312 7313/7313
f 7279/7279 7280/7280 7278/7278
f 7278/7278 7280/7280 7331/7331
f 7332/7332 7331/7331 7280/7280
f 7278/7278 7277/7277 7279/7279
f 7311/7311 7279/7279 7277/7277
f 7279/7279 7311/7311 7312/7312
f 7277/7277 7278/7278 7276/7276
f 7276/7276 7278/7278 7330/7330
f 7331/7331 7330/7330 7278/7278
f 7276/7276 7275/7275 7277/7277
f 7310/7310 7277/7277 7275/7275
f 7277/7277 7310/7310 7311/7311
f 7275/7275 7276/7276 7274/7274
f 7274/7274 7276/7276 7329/7329
f 7330/7330 7329/7329 7276/7276
f 7274/7274 7273/7273 7275/7275
f 7309/7309 7275/7275 7273/7273
f 7275/7275 7309/7309 7310/7310
f 7273/7273 7274/7274 7272/7272
f 7272/7272 7274/7274 7328/7328
f 7329/7329 7328/7328 7274/7274
f 7272/7272 7271/7271 7273/7273
f 7308/7308 7273/7273 7271/7271
f 7273/7273 7308/7308 7309/7309
f 7271/7271 7272/7272 7270/7270
f 7270/7270 7272/7272 7327/7327
f 7328/7328 7327/7327 7272/7272
f 7270/7270 7269/7269 7271/7271
f 7307/7307 7271/7271 7269/7269
f 7271/7271 7307/7307 7308/7308
f 7269/7269 7270/7270 7268/7268
f 7268/7268 7270/7270 7326/7326
f 7327/7327 7326/7326 7270/7270
f 7268/7268 7267/7267 7269/7269
f 7306/7306 7269/7269 7267/7267
f 7269/7269 7306/7306 7307/7307
f 7267/7267 7268/7268 7264/7264
f 7264/7264 7268/7268 7325/7325
f 7326/7326 7325/7325 7268/7268
f 7267/7267 7305/7305 7306/7306
f 7325/7325 7323/7323 7264/7264
f 7265/7265 7264/7264 7323/7323
f 7323/7323 7324/7324 7265/7265
f 7343/7343 7344/7344 7345/7345
f 7345/7345 7346/7346 7343/7343
f 7347/7347 7343/7343 7346/7346
f 7345/7345 7344/7344 7381/7381
f 7381/7381 7382/7382 7345/7345
f 7381/7381 7380/7380 7379/7379
f 7379/7379 7382/7382 7381/7381
f 7379/7379 7380/7380 7377/7377
f 7377/7377 7378/7378 7379/7379
f 7377/7377 7373/7373 7376/7376
f 7376/7376 7378/7378 7377/7377
f 7373/7373 7374/7374 7375/7375
f 7375/7375 7376/7376 7373/7373
f 7346/7346 7348/7348 7347/7347
f 7463/7463 7347/7347 7348/7348
f 7348/7348 7464/7464 7463/7463
f 7463/7463 7464/7464 7351/7351
f 7351/7351 7350/7350 7463/7463
f 7349/7349 7350/7350 7351/7351
f 7351/7351 7352/7352 7349/7349
f 7353/7353 7354/7354 7355/7355
f 7355/7355 7356/7356 7353/7353
f 7357/7357 7353/7353 7356/7356
f 7356/7356 7358/7358 7357/7357
f 7359/7359 7357/7357 7358/7358
f 7358/7358 7360/7360 7359/7359
f 7359/7359 7360/7360 7363/7363
f 7363/7363 7362/7362 7359/7359
f 7361/7361 7362/7362 7363/7363
f 7363/7363 7364/7364 7361/7361
f 7365/7365 7361/7361 7364/7364
f 7364/7364 7366/7366 7365/7365
f 7365/7365 7366/7366 7465/7465
f 7465/7465 7466/7466 7365/7365
f 7466/7466 7465/7465 7368/7368
f 7368/7368 7367/7367 7466/7466
f 7367/7367 7368/7368 7369/7369
f 7369/7369 7370/7370 7367/7367
f 7371/7371 7370/7370 7369/7369
f 7369/7369 7372/7372 7371/7371
f 7383/7383 7384/7384 7385/7385
f 7385/7385 7386/7386 7383/7383
f 7421/7421 7383/7383 7386/7386
f 7383/7383 7443/7443 7444/7444
f 7444/7444 7384/7384 7383/7383
f 7443/7443 7383/7383 7421/7421
f 7386/7386 7422/7422 7421/7421
f 7386/7386 7385/7385 7423/7423
f 7423/7423 7424/7424 7386/7386
f 7422/7422 7386/7386 7424/7424
f 7419/7419 7421/7421 7422/7422
f 7462/7462 7421/7421 7419/7419
f 7421/7421 7462/7462 7443/7443
f 7422/7422 7420/7420 7419/7419
f 7420/7420 7422/7422 7442/7442
f 7424/7424 7442/7442 7422/7422
f 7417/7417 7419/7419 7420/7420
f 7461/7461 7419/7419 7417/7417
f 7419/7419 7461/7461 7462/7462
f 7420/7420 7418/7418 7417/7417
f 7418/7418 7420/7420 7441/7441
f 7442/7442 7441/7441 7420/7420
f 7415/7415 7417/7417 7418/7418
f 7460/7460 7417/7417 7415/7415
f 7417/7417 7460/7460 7461/7461
f 7418/7418 7416/7416 7415/7415
f 7416/7416 7418/7418 7440/7440
f 7441/7441 7440/7440 7418/7418
f 7413/7413 7415/7415 7416/7416
f 7459/7459 7415/7415 7413/7413
f 7415/7415 7459/7459 7460/7460
f 7416/7416 7414/7414 7413/7413
f 7414/7414 7416/7416 7439/7439
f 7440/7440 7439/7439 7416/7416
f 7411/7411 7413/7413 7414/7414
f 7458/7458 7413/7413 7411/7411
f 7413/7413 7458/7458 7459/7459
f 7414/7414 7412/7412 7411/7411
f 7412/7412 7414/7414 7438/7438
f 7439/7439 7438/7438 7414/7414
f 7409/7409 7411/7411 7412/7412
f 7457/7457 7411/7411 7409/7409
f 7411/7411 7457/7457 7458/7458
f 7412/7412 7410/7410 7409/7409
f 7410/7410 7412/7412 7437/7437
f 7438/7438 7437/7437 7412/7412
f 7407/7407 7409/7409 7410/7410
f 7456/7456 7409/7409 7407/7407
f 7409/7409 7456/7456 7457/7457
f 7410/7410 7408/7408 7407/7407
f 7408/7408 7410/7410 7436/7436
f 7437/7437 7436/7436 7410/7410
f 7405/7405 7407/7407 7408/7408
f 7455/7455 7407/7407 7405/7405
f 7407/7407 7455/7455 7456/7456
f 7408/7408 7406/7406 7405/7405
f 7406/7406 7408/7408 7435/7435
f 7436/7436 7435/7435 7408/7408
f 7403/7403 7405/7405 7406/7406
f 7454/7454 7405/7405 7403/7403
f 7405/7405 7454/7454 7455/7455
f 7406/7406 7404/7404 7403/7403
f 7404/7404 7406/7406 7434/7434
f 7435/7435 7434/7434 7406/7406
f 7401/7401 7403/7403 7404/7404
f 7453/7453 7403/7403 7401/7401
f 7403/7403 7453/7453 7454/7454
f 7404/7404 7402/7402 7401/7401
f 7402/7402 7404/7404 7433/7433
f 7434/7434 7433/7433 7404/7404
f 7399/7399 7401/7401 7402/7402
f 7452/7452 7401/7401 7399/7399
f 7401/7401 7452/7452 7453/7453
f 7402/7402 7400/7400 7399/7399
f 7400/7400 7402/7402 7432/7432
f 7433/7433 7432/7432 7402/7402
f 7397/7397 7399/7399 7400/7400
f 7451/7451 7399/7399 7397/7397
f 7399/7399 7451/7451 7452/7452
f 7400/7400 7398/7398 7397/7397
f 7398/7398 7400/7400 7431/7431
f 7432/7432 7431/7431 7400/7400
f 7395/7395 7397/7397 7398/7398
f 7450/7450 7397/7397 7395/7395
f 7397/7397 7450/7450 7451/7451
f 7398/7398 7396/7396 7395/7395
f 7396/7396 7398/7398 7430/7430
f 7431/7431 7430/7430 7398/7398
f 7393/7393 7395/7395 7396/7396
f 7449/7449 7395/7395 7393/7393
f 7395/7395 7449/7449 7450/7450
f 7396/7396 7394/7394 7393/7393
f 7394/7394 7396/7396 7429/7429
f 7430/7430 7429/7429 7396/7396
f 7391/7391 7393/7393 7394/7394
f 7448/7448 7393/7393 7391/7391
f 7393/7393 7448/7448 7449/7449
f 7394/7394 7392/7392 7391/7391
f 7392/7392 7394/7394 7428/7428
f 7429/7429 7428/7428 7394/7394
f 7389/7389 7391/7391 7392/7392
f 7447/7447 7391/7391 7389/7389
f 7391/7391 7447/7447 7448/7448
f 7392/7392 7390/7390 7389/7389
f 7390/7390 7392/7392 7427/7427
f 7428/7428 7427/7427 7392/7392
f 7387/7387 7389/7389 7390/7390
f 7446/7446 7389/7389 7387/7387
f 7389/7389 7446/7446 7447/7447
f 7390/7390 7388/7388 7387/7387
f 7388/7388 7390/7390 7426/7426
f 7427/7427 7426/7426 7390/7390
f 7384/7384 7387/7387 7388/7388
f 7445/7445 7387/7387 7384/7384
f 7387/7387 7445/7445 7446/7446
f 7388/7388 7385/7385 7384/7384
f 7385/7385 7388/7388 7425/7425
f 7426/7426 7425/7425 7388/7388
f 7384/7384 7444/7444 7445/7445
f 7425/7425 7423/7423 7385/7385
f 7467/7467 7468/7468 7469/7469
f 7479/7479 7467/7467 7469/7469
f 7468/7468 7470/7470 7469/7469
f 7470/7470 7471/7471 7469/7469
f 7471/7471 7472/7472 7469/7469
f 7472/7472 7473/7473 7469/7469
f 7473/7473 7474/7474 7469/7469
f 7474/7474 7475/7475 7469/7469
f 7475/7475 7476/7476 7469/7469
f 7476/7476 7477/7477 7469/7469
f 7477/7477 7478/7478 7469/7469
f 7478/7478 7479/7479 7469/7469
