mtllib office-chair.mtl
o chair.006-0
usemtl office_chair_leather.001-48
v -0.6015022 0.1117931 -0.2710093
v -0.6015003 0.1116594 -0.2984970
v -0.6044816 0.1033373 -0.3012921
v -0.6044816 0.1033842 -0.2724059
v -0.4931702 0.1117672 -0.2879461
v -0.4906232 0.1033823 -0.2907865
v -0.5120461 0.1033962 -0.3037083
v -0.5135358 0.1118109 -0.3008198
v -0.4812342 0.1034206 -0.2176458
v -0.4842300 0.1118562 -0.2194682
v -0.4931702 0.1117672 -0.1990936
v -0.4906232 0.1033822 -0.1962532
v -0.5736698 0.1033813 -0.1827098
v -0.5721830 0.1117843 -0.1855100
v -0.6015003 0.1116594 -0.1885426
v -0.6044816 0.1033373 -0.1857476
v -0.4842049 0.0961136 -0.2194579
v -0.4931591 0.0961136 -0.1979920
v -0.5135262 0.0961136 -0.1826159
v -0.5141228 0.0961136 -0.2154430
v -0.5721830 0.1117843 -0.1855100
v -0.5715930 0.1138912 -0.2150984
v -0.6015022 0.1117931 -0.2160303
v -0.6015003 0.1116594 -0.1885426
v -0.5135358 0.1118108 -0.1862199
v -0.5141228 0.1139200 -0.2154430
v -0.5428579 0.1149200 -0.2136048
v -0.5428579 0.1119948 -0.1829793
v -0.5141228 0.1150088 -0.2435198
v -0.5141228 0.1139200 -0.2715967
v -0.5428579 0.1149200 -0.2734348
v -0.5428579 0.1159265 -0.2435198
v -0.5715930 0.1150088 -0.2435198
v -0.5715930 0.1138912 -0.2719412
v -0.6015022 0.1117931 -0.2710093
v -0.6014908 0.1121682 -0.2435198
v -0.5428579 0.0961136 -0.2136048
v -0.5428579 0.0961136 -0.1829580
v -0.5721910 0.0961136 -0.1854941
v -0.5715930 0.0961136 -0.2150984
v -0.5428579 0.0961136 -0.2734349
v -0.5428579 0.0961136 -0.2435198
v -0.5715930 0.0961136 -0.2435198
v -0.5715930 0.0961136 -0.2719412
v -0.4842049 0.0961136 -0.2675818
v -0.4841938 0.0961136 -0.2435198
v -0.5141228 0.0961136 -0.2435198
v -0.5141228 0.0961136 -0.2715967
v -0.5721910 0.0961136 -0.1854941
v -0.6015003 0.0961136 -0.1885426
v -0.5135262 0.0961136 -0.1826159
v -0.5120461 0.1033962 -0.1833313
v -0.5428579 0.1035340 -0.1801903
v -0.5428579 0.0961136 -0.1829580
v -0.5135358 0.1118108 -0.1862199
v -0.5428579 0.1119948 -0.1829793
v -0.4842049 0.0961136 -0.2194579
v -0.4931591 0.0961136 -0.1979920
v -0.4812342 0.1034206 -0.2693938
v -0.4812342 0.1036802 -0.2435198
v -0.4841938 0.0961136 -0.2435198
v -0.4842049 0.0961136 -0.2675818
v -0.4842300 0.1118562 -0.2675715
v -0.4842251 0.1121682 -0.2435198
v -0.4931591 0.0961136 -0.2890476
v -0.5135262 0.0961136 -0.3044237
v -0.5428579 0.1035340 -0.3068494
v -0.5428579 0.0961136 -0.3040817
v -0.5721910 0.0961136 -0.3015456
v -0.5736698 0.1033813 -0.3043299
v -0.5428579 0.1119948 -0.3040604
v -0.5721830 0.1117843 -0.3015296
v -0.6015003 0.0961136 -0.2984970
v -0.6015203 0.0961136 -0.2710178
v -0.6015220 0.0961136 -0.2435198
v -0.6015203 0.0961136 -0.2160218
v -0.6044816 0.1033842 -0.2146337
v -0.6044816 0.1036802 -0.2435198
v -0.6015022 0.1117931 -0.2160303
v -0.6014908 0.1121682 -0.2435198
v -0.6015003 0.1116594 -0.1885426
v -0.6044816 0.1033373 -0.1857476
v -0.6015003 0.0961136 -0.1885426
v -0.4931591 0.0961136 -0.2890476
v -0.5135262 0.0961136 -0.3044237
v -0.5428579 0.0961136 -0.3040817
v -0.5721910 0.0961136 -0.3015456
v -0.5721830 0.1117843 -0.3015296
v -0.6015003 0.1116594 -0.2984970
v -0.5135358 0.1118109 -0.3008198
v -0.5428579 0.1119948 -0.3040604
v -0.4842300 0.1118562 -0.2675715
v -0.4931702 0.1117672 -0.2879461
v -0.4842300 0.1118562 -0.2194682
v -0.4842251 0.1121682 -0.2435198
v -0.4931702 0.1117672 -0.1990936
v -0.6015203 0.0961136 -0.2710178
v -0.6015003 0.0961136 -0.2984970
v -0.6015203 0.0961136 -0.2160218
v -0.6015220 0.0961136 -0.2435198
v -0.6044816 0.1033373 -0.3012921
v -0.6015003 0.1116594 -0.2984970
v -0.6015003 0.0961136 -0.2984970
v -0.6015003 0.0961136 -0.1885426
v -0.6047970 0.1046582 -0.3029044
v -0.6031152 0.1046582 -0.2732121
v -0.6149736 0.1064550 -0.2719632
v -0.6149736 0.1064550 -0.3004606
v -0.6048956 0.2216766 -0.2955277
v -0.6058292 0.1989141 -0.3010364
v -0.6149736 0.1979730 -0.2983602
v -0.6149736 0.2198798 -0.2931532
v -0.6048956 0.2216766 -0.1915119
v -0.6028294 0.2293060 -0.2145246
v -0.6149736 0.2274703 -0.2158947
v -0.6149736 0.2198798 -0.1938864
v -0.6047970 0.1046582 -0.1841353
v -0.6054705 0.1361373 -0.1841353
v -0.6149736 0.1370357 -0.1865988
v -0.6149736 0.1064550 -0.1865790
v -0.5897456 0.1981971 -0.2154038
v -0.5927051 0.2274906 -0.2158918
v -0.5955325 0.2198798 -0.1938603
v -0.5960965 0.1979730 -0.1886733
v -0.6149736 0.1064550 -0.2150764
v -0.6149736 0.1064550 -0.1865790
v -0.6149736 0.1370357 -0.1865988
v -0.6149736 0.1370357 -0.2154038
v -0.6149736 0.1676164 -0.1865928
v -0.6149736 0.1979730 -0.1886794
v -0.6149736 0.1981971 -0.2154038
v -0.6149736 0.1676164 -0.2154038
v -0.6149736 0.1981971 -0.2435198
v -0.6149736 0.1981971 -0.2716358
v -0.6149736 0.1676164 -0.2716358
v -0.6149736 0.1676164 -0.2435198
v -0.6149736 0.1064550 -0.2719632
v -0.6149736 0.1064550 -0.2435198
v -0.6149736 0.1370357 -0.2435198
v -0.6149736 0.1370357 -0.2716358
v -0.5906850 0.1370357 -0.2154038
v -0.5892093 0.1676164 -0.2154038
v -0.5957824 0.1676164 -0.1865932
v -0.5957824 0.1370357 -0.1865986
v -0.5859571 0.1676164 -0.2435198
v -0.5872126 0.1370357 -0.2435198
v -0.5906850 0.1370357 -0.2716358
v -0.5892093 0.1676164 -0.2716358
v -0.5895576 0.2287779 -0.2435198
v -0.5864602 0.1981971 -0.2435198
v -0.5897456 0.1981971 -0.2716358
v -0.5927051 0.2274906 -0.2711479
v -0.5954377 0.1064549 -0.1865790
v -0.5957824 0.1370357 -0.1865986
v -0.5957824 0.1676164 -0.1865932
v -0.5960965 0.1979730 -0.1886733
v -0.6058292 0.1989140 -0.1860033
v -0.6054732 0.1676164 -0.1841353
v -0.6149736 0.1979730 -0.1886794
v -0.6149736 0.1676164 -0.1865928
v -0.5955325 0.2198798 -0.1938603
v -0.5927051 0.2274906 -0.2158918
v -0.5895576 0.2287779 -0.2435198
v -0.5927051 0.2274906 -0.2711479
v -0.6028294 0.2293060 -0.2725150
v -0.5998552 0.2305746 -0.2435198
v -0.6149736 0.2274703 -0.2711449
v -0.6149736 0.2287778 -0.2435198
v -0.5955325 0.2198798 -0.2931793
v -0.5960965 0.1979730 -0.2983663
v -0.5957824 0.1676164 -0.3004465
v -0.5957824 0.1370357 -0.3004411
v -0.6054705 0.1361373 -0.3029044
v -0.6054732 0.1676164 -0.3029044
v -0.6149736 0.1370357 -0.3004409
v -0.6149736 0.1676164 -0.3004469
v -0.5954377 0.1064550 -0.3004606
v -0.5928160 0.1064550 -0.2719438
v -0.5910685 0.1064550 -0.2435198
v -0.5928160 0.1064549 -0.2150958
v -0.6031152 0.1046582 -0.2138276
v -0.6027388 0.1046582 -0.2435198
v -0.6149736 0.1064550 -0.2150764
v -0.6149736 0.1064550 -0.2435198
v -0.6047970 0.1046582 -0.1841353
v -0.6149736 0.1064550 -0.1865790
v -0.5954377 0.1064549 -0.1865790
v -0.5960965 0.1979730 -0.2983663
v -0.5955325 0.2198798 -0.2931793
v -0.5957824 0.1370357 -0.3004411
v -0.5957824 0.1676164 -0.3004465
v -0.6149736 0.1064550 -0.3004606
v -0.6149736 0.1370357 -0.3004409
v -0.6149736 0.1979730 -0.2983602
v -0.6149736 0.1676164 -0.3004469
v -0.6149736 0.2274703 -0.2711449
v -0.6149736 0.2198798 -0.2931532
v -0.6149736 0.2287778 -0.2435198
v -0.6149736 0.2274703 -0.2158947
v -0.6149736 0.2198798 -0.1938864
v -0.5928160 0.1064550 -0.2719438
v -0.5954377 0.1064550 -0.3004606
v -0.5928160 0.1064549 -0.2150958
v -0.5910685 0.1064550 -0.2435198
v -0.6047970 0.1046582 -0.3029044
v -0.6149736 0.1064550 -0.3004606
v -0.5954377 0.1064550 -0.3004606
v -0.5954377 0.1064549 -0.1865790
v 0.5880188 0.1117931 0.2808517
v 0.5801810 0.1116594 0.3071982
v 0.5822419 0.1033373 0.3107271
v 0.5904765 0.1033842 0.2830397
v 0.4793537 0.1117672 0.2662030
v 0.4761028 0.1033822 0.2681995
v 0.4929530 0.1033962 0.2866922
v 0.4952044 0.1118108 0.2843483
v 0.4879538 0.1034206 0.1954173
v 0.4903058 0.1118562 0.1980180
v 0.5046832 0.1117672 0.1810375
v 0.5030516 0.1033822 0.1775889
v 0.5865131 0.1033813 0.1882817
v 0.5842897 0.1117843 0.1905420
v 0.6115261 0.1116594 0.2018062
v 0.6151804 0.1033373 0.1999771
v 0.4902846 0.0961136 0.1980010
v 0.5049866 0.0961136 0.1799784
v 0.5288920 0.0961136 0.1710465
v 0.5201056 0.0961136 0.2026815
v 0.5842897 0.1117843 0.1905420
v 0.5752895 0.1138912 0.2187344
v 0.6036919 0.1117931 0.2281539
v 0.6115261 0.1116594 0.2018062
v 0.5278737 0.1118109 0.1745036
v 0.5201056 0.1139200 0.2026815
v 0.5481724 0.1149200 0.2091111
v 0.5569030 0.1119948 0.1797565
v 0.5121017 0.1150088 0.2295933
v 0.5040978 0.1139200 0.2565051
v 0.5311166 0.1149200 0.2664586
v 0.5396445 0.1159265 0.2377849
v 0.5671873 0.1150088 0.2459765
v 0.5590851 0.1138912 0.2732186
v 0.5880188 0.1117931 0.2808517
v 0.5958444 0.1121682 0.2544995
v 0.5481724 0.0961136 0.2091111
v 0.5569091 0.0961136 0.1797360
v 0.5843020 0.0961136 0.1905289
v 0.5752895 0.0961136 0.2187344
v 0.5311166 0.0961136 0.2664586
v 0.5396445 0.0961136 0.2377849
v 0.5671873 0.0961136 0.2459765
v 0.5590851 0.0961136 0.2732186
v 0.4765658 0.0961136 0.2441280
v 0.4834146 0.0961136 0.2210613
v 0.5121017 0.0961136 0.2295933
v 0.5040978 0.0961136 0.2565051
v 0.5843020 0.0961136 0.1905289
v 0.6115261 0.0961136 0.2018062
v 0.5288920 0.0961136 0.1710465
v 0.5272693 0.1033962 0.1713102
v 0.5576980 0.1035340 0.1770832
v 0.5569091 0.0961136 0.1797360
v 0.5278737 0.1118109 0.1745036
v 0.5569030 0.1119948 0.1797565
v 0.4902846 0.0961136 0.1980010
v 0.5049866 0.0961136 0.1799784
v 0.4732018 0.1034206 0.2450181
v 0.4805778 0.1036802 0.2202177
v 0.4834146 0.0961136 0.2210613
v 0.4765658 0.0961136 0.2441280
v 0.4765928 0.1118562 0.2441253
v 0.4834446 0.1121682 0.2210702
v 0.4790291 0.0961136 0.2672558
v 0.4941679 0.0961136 0.2877999
v 0.5215910 0.1035339 0.2984866
v 0.5223799 0.0961136 0.2958338
v 0.5512188 0.0961136 0.3017650
v 0.5518426 0.1033813 0.3048553
v 0.5223860 0.1119948 0.2958133
v 0.5512157 0.1117843 0.3017474
v 0.5801810 0.0961136 0.3071982
v 0.5880338 0.0961136 0.2808650
v 0.5958744 0.0961136 0.2545084
v 0.6037116 0.0961136 0.2281510
v 0.6069459 0.1033842 0.2276647
v 0.5987112 0.1036802 0.2553521
v 0.6036919 0.1117931 0.2281539
v 0.5958444 0.1121682 0.2544995
v 0.6115261 0.1116594 0.2018062
v 0.6151804 0.1033373 0.1999771
v 0.6115261 0.0961136 0.2018062
v 0.4790291 0.0961136 0.2672558
v 0.4941679 0.0961136 0.2877999
v 0.5223799 0.0961136 0.2958338
v 0.5512188 0.0961136 0.3017650
v 0.5512157 0.1117843 0.3017474
v 0.5801810 0.1116594 0.3071982
v 0.4952044 0.1118108 0.2843483
v 0.5223860 0.1119948 0.2958133
v 0.4765928 0.1118562 0.2441253
v 0.4793537 0.1117672 0.2662030
v 0.4903058 0.1118562 0.1980180
v 0.4834446 0.1121682 0.2210702
v 0.5046832 0.1117672 0.1810375
v 0.5880338 0.0961136 0.2808650
v 0.5801810 0.0961136 0.3071982
v 0.6037116 0.0961136 0.2281510
v 0.5958744 0.0961136 0.2545084
v 0.5822419 0.1033373 0.3107271
v 0.5801810 0.1116594 0.3071982
v 0.5801810 0.0961136 0.3071982
v 0.6115261 0.0961136 0.2018062
v 0.5820845 0.1046582 0.3123625
v 0.5889370 0.1046582 0.2834228
v 0.6006593 0.1064549 0.2856063
v 0.5925355 0.1064549 0.3129212
v 0.5842820 0.2216765 0.3053200
v 0.5836064 0.1989140 0.3108663
v 0.5931342 0.1979730 0.3109079
v 0.5946186 0.2198798 0.3059171
v 0.6139340 0.2216765 0.2056204
v 0.6053932 0.2293060 0.2270890
v 0.6166430 0.2274702 0.2318644
v 0.6229169 0.2198798 0.2107692
v 0.6159423 0.1046582 0.1985216
v 0.6165879 0.1361373 0.1987136
v 0.6249944 0.1370357 0.2037839
v 0.6250000 0.1064550 0.2037650
v 0.5926016 0.1981971 0.2242020
v 0.5952993 0.2274906 0.2255134
v 0.6042900 0.2198798 0.2052021
v 0.6063092 0.1979730 0.2003910
v 0.6168762 0.1064550 0.2310799
v 0.6250000 0.1064550 0.2037650
v 0.6249944 0.1370357 0.2037839
v 0.6167828 0.1370357 0.2313937
v 0.6249961 0.1676164 0.2037782
v 0.6244013 0.1979730 0.2057783
v 0.6167828 0.1981971 0.2313938
v 0.6167828 0.1676164 0.2313938
v 0.6087678 0.1981971 0.2583432
v 0.6007527 0.1981971 0.2852925
v 0.6007527 0.1676164 0.2852925
v 0.6087678 0.1676164 0.2583432
v 0.6006593 0.1064549 0.2856063
v 0.6087678 0.1064550 0.2583431
v 0.6087678 0.1370357 0.2583431
v 0.6007527 0.1370357 0.2852924
v 0.5935021 0.1370357 0.2244697
v 0.5920877 0.1676164 0.2240490
v 0.6066011 0.1676164 0.1983077
v 0.6065996 0.1370357 0.1983129
v 0.5809554 0.1676164 0.2500713
v 0.5821586 0.1370357 0.2504292
v 0.5774719 0.1370357 0.2783684
v 0.5760574 0.1676164 0.2779478
v 0.5844063 0.2287778 0.2510978
v 0.5814375 0.1981971 0.2502147
v 0.5765715 0.1981971 0.2781007
v 0.5795473 0.2274906 0.2784767
v 0.6062749 0.1064550 0.1981959
v 0.6065996 0.1370357 0.1983129
v 0.6066011 0.1676164 0.1983077
v 0.6063092 0.1979730 0.2003910
v 0.6163993 0.1989141 0.2006064
v 0.6165905 0.1676164 0.1987144
v 0.6244013 0.1979730 0.2057783
v 0.6249961 0.1676164 0.2037782
v 0.6042900 0.2198798 0.2052021
v 0.5952993 0.2274906 0.2255134
v 0.5844063 0.2287778 0.2510978
v 0.5795473 0.2274906 0.2784767
v 0.5888617 0.2293060 0.2826732
v 0.5942768 0.2305746 0.2540333
v 0.6008926 0.2274702 0.2848220
v 0.6087678 0.2287778 0.2583432
v 0.5759768 0.2198798 0.3003999
v 0.5750387 0.1979730 0.3055325
v 0.5741446 0.1676164 0.3074367
v 0.5741462 0.1370357 0.3074316
v 0.5827301 0.1361373 0.3125545
v 0.5827327 0.1676164 0.3125553
v 0.5925411 0.1370357 0.3129022
v 0.5925394 0.1676164 0.3129080
v 0.5738103 0.1064549 0.3073521
v 0.5794267 0.1064549 0.2792712
v 0.5858547 0.1064549 0.2515285
v 0.5956325 0.1064550 0.2247820
v 0.6058659 0.1046582 0.2265024
v 0.5970407 0.1046582 0.2548553
v 0.6168762 0.1064550 0.2310799
v 0.6087678 0.1064550 0.2583431
v 0.6159423 0.1046582 0.1985216
v 0.6250000 0.1064550 0.2037650
v 0.6062749 0.1064550 0.1981959
v 0.5750387 0.1979730 0.3055325
v 0.5759768 0.2198798 0.3003999
v 0.5741462 0.1370357 0.3074316
v 0.5741446 0.1676164 0.3074367
v 0.5925355 0.1064549 0.3129212
v 0.5925411 0.1370357 0.3129022
v 0.5931342 0.1979730 0.3109079
v 0.5925394 0.1676164 0.3129080
v 0.6008926 0.2274702 0.2848220
v 0.5946186 0.2198798 0.3059171
v 0.6087678 0.2287778 0.2583432
v 0.6166430 0.2274702 0.2318644
v 0.6229169 0.2198798 0.2107692
v 0.5794267 0.1064549 0.2792712
v 0.5738103 0.1064549 0.3073521
v 0.5956325 0.1064550 0.2247820
v 0.5858547 0.1064549 0.2515285
v 0.5820845 0.1046582 0.3123625
v 0.5925355 0.1064549 0.3129212
v 0.5738103 0.1064549 0.3073521
v 0.6062749 0.1064550 0.1981959
v 0.0512037 0.1117931 0.0905797
v 0.0590416 0.1116594 0.0642331
v 0.0569807 0.1033373 0.0607041
v 0.0487461 0.1033842 0.0883917
v 0.1598688 0.1117672 0.1052283
v 0.1631199 0.1033822 0.1032318
v 0.1462695 0.1033962 0.0847390
v 0.1440182 0.1118108 0.0870830
v 0.1512688 0.1034206 0.1760141
v 0.1489168 0.1118562 0.1734133
v 0.1345394 0.1117672 0.1903939
v 0.1361710 0.1033822 0.1938425
v 0.0527095 0.1033813 0.1831496
v 0.0549329 0.1117843 0.1808894
v 0.0276965 0.1116594 0.1696251
v 0.0240421 0.1033373 0.1714542
v 0.1489380 0.0961136 0.1734303
v 0.1342360 0.0961136 0.1914529
v 0.1103307 0.0961136 0.2003848
v 0.1191170 0.0961136 0.1687499
v 0.0549329 0.1117843 0.1808894
v 0.0639332 0.1138912 0.1526969
v 0.0355307 0.1117931 0.1432774
v 0.0276965 0.1116594 0.1696251
v 0.1113489 0.1118109 0.1969277
v 0.1191170 0.1139200 0.1687499
v 0.0910501 0.1149200 0.1623202
v 0.0823197 0.1119948 0.1916748
v 0.1271209 0.1150088 0.1418381
v 0.1351249 0.1139200 0.1149262
v 0.1081061 0.1149200 0.1049727
v 0.0995781 0.1159265 0.1336464
v 0.0720353 0.1150088 0.1254549
v 0.0801375 0.1138912 0.0982127
v 0.0512037 0.1117931 0.0905797
v 0.0433782 0.1121682 0.1169318
v 0.0910501 0.0961136 0.1623202
v 0.0823136 0.0961136 0.1916953
v 0.0549206 0.0961136 0.1809024
v 0.0639332 0.0961136 0.1526969
v 0.1081061 0.0961136 0.1049727
v 0.0995781 0.0961136 0.1336464
v 0.0720353 0.0961136 0.1254549
v 0.0801375 0.0961136 0.0982127
v 0.1626568 0.0961136 0.1273033
v 0.1558080 0.0961136 0.1503700
v 0.1271209 0.0961136 0.1418381
v 0.1351248 0.0961136 0.1149262
v 0.0549206 0.0961136 0.1809024
v 0.0276965 0.0961136 0.1696251
v 0.1103307 0.0961136 0.2003848
v 0.1119534 0.1033962 0.2001211
v 0.0815246 0.1035340 0.1943482
v 0.0823136 0.0961136 0.1916953
v 0.1113489 0.1118109 0.1969277
v 0.0823197 0.1119948 0.1916748
v 0.1489380 0.0961136 0.1734303
v 0.1342360 0.0961136 0.1914529
v 0.1660208 0.1034206 0.1264133
v 0.1586448 0.1036802 0.1512137
v 0.1558080 0.0961136 0.1503700
v 0.1626568 0.0961136 0.1273033
v 0.1626298 0.1118562 0.1273060
v 0.1557780 0.1121682 0.1503611
v 0.1601935 0.0961136 0.1041756
v 0.1450547 0.0961136 0.0836314
v 0.1176316 0.1035339 0.0729447
v 0.1168427 0.0961136 0.0755975
v 0.0880037 0.0961136 0.0696663
v 0.0873801 0.1033813 0.0665760
v 0.1168366 0.1119948 0.0756180
v 0.0880069 0.1117843 0.0696840
v 0.0590416 0.0961136 0.0642331
v 0.0511888 0.0961136 0.0905664
v 0.0433483 0.0961136 0.1169229
v 0.0355110 0.0961136 0.1432804
v 0.0322768 0.1033842 0.1437667
v 0.0405114 0.1036802 0.1160792
v 0.0355307 0.1117931 0.1432774
v 0.0433782 0.1121682 0.1169318
v 0.0276965 0.1116594 0.1696251
v 0.0240421 0.1033373 0.1714542
v 0.0276965 0.0961136 0.1696251
v 0.1601935 0.0961136 0.1041756
v 0.1450547 0.0961136 0.0836314
v 0.1168427 0.0961136 0.0755975
v 0.0880037 0.0961136 0.0696663
v 0.0880069 0.1117843 0.0696840
v 0.0590416 0.1116594 0.0642331
v 0.1440182 0.1118108 0.0870830
v 0.1168366 0.1119948 0.0756180
v 0.1626298 0.1118562 0.1273060
v 0.1598688 0.1117672 0.1052283
v 0.1489168 0.1118562 0.1734133
v 0.1557780 0.1121682 0.1503611
v 0.1345394 0.1117672 0.1903939
v 0.0511888 0.0961136 0.0905664
v 0.0590416 0.0961136 0.0642331
v 0.0355110 0.0961136 0.1432804
v 0.0433483 0.0961136 0.1169229
v 0.0569807 0.1033373 0.0607041
v 0.0590416 0.1116594 0.0642331
v 0.0590416 0.0961136 0.0642331
v 0.0276965 0.0961136 0.1696251
v 0.0571381 0.1046582 0.0590689
v 0.0502856 0.1046582 0.0880085
v 0.0385633 0.1064549 0.0858250
v 0.0466871 0.1064549 0.0585101
v 0.0549406 0.2216765 0.0661113
v 0.0556161 0.1989140 0.0605651
v 0.0460883 0.1979730 0.0605234
v 0.0446040 0.2198798 0.0655143
v 0.0252886 0.2216765 0.1658110
v 0.0338294 0.2293060 0.1443423
v 0.0225797 0.2274702 0.1395670
v 0.0163057 0.2198798 0.1606621
v 0.0232803 0.1046582 0.1729097
v 0.0226347 0.1361373 0.1727177
v 0.0142282 0.1370357 0.1676474
v 0.0142226 0.1064550 0.1676663
v 0.0466210 0.1981971 0.1472294
v 0.0439233 0.2274906 0.1459180
v 0.0349326 0.2198798 0.1662293
v 0.0329134 0.1979730 0.1710403
v 0.0223464 0.1064550 0.1403514
v 0.0142226 0.1064550 0.1676663
v 0.0142282 0.1370357 0.1676474
v 0.0224397 0.1370357 0.1400376
v 0.0142265 0.1676164 0.1676531
v 0.0148213 0.1979730 0.1656530
v 0.0224397 0.1981971 0.1400376
v 0.0224397 0.1676164 0.1400376
v 0.0304548 0.1981971 0.1130882
v 0.0384699 0.1981971 0.0861388
v 0.0384699 0.1676164 0.0861388
v 0.0304548 0.1676164 0.1130882
v 0.0385633 0.1064549 0.0858250
v 0.0304548 0.1064550 0.1130882
v 0.0304548 0.1370357 0.1130882
v 0.0384699 0.1370357 0.0861388
v 0.0457205 0.1370357 0.1469616
v 0.0471349 0.1676164 0.1473823
v 0.0326215 0.1676164 0.1731236
v 0.0326230 0.1370357 0.1731185
v 0.0582672 0.1676164 0.1213600
v 0.0570639 0.1370357 0.1210021
v 0.0617507 0.1370357 0.0930629
v 0.0631652 0.1676164 0.0934836
v 0.0548162 0.2287778 0.1203336
v 0.0577851 0.1981971 0.1212166
v 0.0626511 0.1981971 0.0933307
v 0.0596753 0.2274906 0.0929547
v 0.0329477 0.1064550 0.1732354
v 0.0326230 0.1370357 0.1731185
v 0.0326215 0.1676164 0.1731236
v 0.0329134 0.1979730 0.1710403
v 0.0228234 0.1989141 0.1708249
v 0.0226321 0.1676164 0.1727169
v 0.0148213 0.1979730 0.1656530
v 0.0142265 0.1676164 0.1676531
v 0.0349326 0.2198798 0.1662293
v 0.0439233 0.2274906 0.1459180
v 0.0548162 0.2287778 0.1203336
v 0.0596753 0.2274906 0.0929547
v 0.0503609 0.2293060 0.0887581
v 0.0449458 0.2305746 0.1173980
v 0.0383300 0.2274702 0.0866094
v 0.0304549 0.2287778 0.1130882
v 0.0632458 0.2198798 0.0710314
v 0.0641839 0.1979730 0.0658989
v 0.0650779 0.1676164 0.0639946
v 0.0650764 0.1370357 0.0639997
v 0.0564926 0.1361373 0.0588769
v 0.0564899 0.1676164 0.0588761
v 0.0466815 0.1370357 0.0585291
v 0.0466832 0.1676164 0.0585233
v 0.0654123 0.1064549 0.0640793
v 0.0597960 0.1064549 0.0921602
v 0.0533679 0.1064549 0.1199029
v 0.0435901 0.1064550 0.1466493
v 0.0333567 0.1046582 0.1449290
v 0.0421819 0.1046582 0.1165760
v 0.0223464 0.1064550 0.1403514
v 0.0304548 0.1064550 0.1130882
v 0.0232803 0.1046582 0.1729097
v 0.0142226 0.1064550 0.1676663
v 0.0329477 0.1064550 0.1732354
v 0.0641839 0.1979730 0.0658989
v 0.0632458 0.2198798 0.0710314
v 0.0650764 0.1370357 0.0639997
v 0.0650779 0.1676164 0.0639946
v 0.0466871 0.1064549 0.0585101
v 0.0466815 0.1370357 0.0585291
v 0.0460883 0.1979730 0.0605234
v 0.0466832 0.1676164 0.0585233
v 0.0383300 0.2274702 0.0866094
v 0.0446040 0.2198798 0.0655143
v 0.0304549 0.2287778 0.1130882
v 0.0225797 0.2274702 0.1395670
v 0.0163057 0.2198798 0.1606621
v 0.0597960 0.1064549 0.0921602
v 0.0654123 0.1064549 0.0640793
v 0.0435901 0.1064550 0.1466493
v 0.0533679 0.1064549 0.1199029
v 0.0571381 0.1046582 0.0590689
v 0.0466871 0.1064549 0.0585101
v 0.0654123 0.1064549 0.0640793
v 0.0329477 0.1064550 0.1732354
vt 0.9777377 0.3502575
vt 0.9775397 0.3939162
vt 0.9637235 0.3983556
vt 0.9637936 0.3524762
vt 0.3306005 0.2821532
vt 0.3315682 0.2676439
vt 0.3681836 0.2677853
vt 0.3679753 0.2820401
vt 0.2163689 0.2680057
vt 0.2183155 0.2819285
vt 0.1828130 0.2821532
vt 0.1818453 0.2676438
vt 0.0543561 0.2777382
vt 0.0577886 0.2916428
vt 0.0134440 0.2966408
vt 0.0078342 0.2829819
vt 0.7257527 0.3404875
vt 0.7124174 0.3745813
vt 0.6820883 0.3990017
vt 0.6812031 0.3468618
vt 0.8849129 0.1885969
vt 0.8839909 0.1414448
vt 0.9286895 0.1400223
vt 0.9286280 0.1837442
vt 0.7974606 0.1874425
vt 0.7984147 0.1408800
vt 0.8411965 0.1437490
vt 0.8411824 0.1926000
vt 0.7984743 0.0963000
vt 0.7984147 0.0517200
vt 0.8411965 0.0488510
vt 0.8412006 0.0963000
vt 0.8839286 0.0963000
vt 0.8839909 0.0511551
vt 0.9286895 0.0525776
vt 0.9286584 0.0963000
vt 0.6384149 0.3497789
vt 0.6384121 0.3984559
vt 0.5947338 0.3944252
vt 0.5956270 0.3474041
vt 0.6384204 0.2547498
vt 0.6384177 0.3022643
vt 0.5956296 0.3022618
vt 0.5956323 0.2571195
vt 0.7257572 0.2640513
vt 0.7257714 0.3022695
vt 0.6812057 0.3022668
vt 0.6812083 0.2576718
vt 0.0547417 0.2651139
vt 0.0104062 0.2700321
vt 0.1420789 0.2564207
vt 0.1452297 0.2677853
vt 0.0999426 0.2727526
vt 0.0984892 0.2604452
vt 0.1454382 0.2820401
vt 0.1015232 0.2866052
vt 0.2183808 0.2557759
vt 0.1816463 0.2552169
vt 0.2970445 0.2680057
vt 0.2567067 0.2683792
vt 0.2567067 0.2556743
vt 0.2950326 0.2557759
vt 0.2950980 0.2819285
vt 0.2567067 0.2824976
vt 0.3317671 0.2552169
vt 0.3713346 0.2564207
vt 0.4134708 0.2727526
vt 0.4149242 0.2604452
vt 0.4586718 0.2651139
vt 0.4590574 0.2777382
vt 0.4118902 0.2866053
vt 0.4556248 0.2916428
vt 0.9515303 0.3939158
vt 0.9515426 0.3502707
vt 0.9515457 0.3065944
vt 0.9515426 0.2629180
vt 0.9637936 0.2607126
vt 0.9642320 0.3065944
vt 0.9777377 0.2629312
vt 0.9783003 0.3065944
vt 0.9775397 0.2192726
vt 0.9637235 0.2148332
vt 0.9515303 0.2192729
vt 0.7124259 0.2299560
vt 0.6820996 0.2055320
vt 0.6384233 0.2060727
vt 0.5947446 0.2100983
vt 0.8849129 0.0040030
vt 0.9286280 0.0088558
vt 0.7974606 0.0051575
vt 0.8411824 0.0000000
vt 0.7537462 0.0580466
vt 0.7670923 0.0256413
vt 0.7537462 0.1345533
vt 0.7537512 0.0963000
vt 0.7670923 0.1669587
vt 0.5510690 0.2585837
vt 0.5511014 0.2149378
vt 0.5510639 0.3459348
vt 0.5510639 0.3022592
vt 0.5055792 0.2829819
vt 0.4999695 0.2966408
vt 0.5030072 0.2700321
vt 0.5510912 0.3895806
vt 0.9642582 0.0000000
vt 0.9667233 0.0471622
vt 0.9516399 0.0491471
vt 0.9500397 0.0038843
vt 0.3560467 0.3412168
vt 0.3907792 0.3425705
vt 0.3915655 0.3578169
vt 0.3555573 0.3561056
vt 0.1906275 0.3412167
vt 0.2271136 0.3382635
vt 0.2286708 0.3533686
vt 0.1911169 0.3561057
vt 0.0078342 0.3411278
vt 0.0575831 0.3420941
vt 0.0590122 0.3571212
vt 0.0106756 0.3556716
vt 0.7938769 0.3594024
vt 0.7942794 0.4057924
vt 0.7587644 0.3938630
vt 0.7502671 0.3592396
vt 0.6869603 0.0000000
vt 0.7322551 0.0000862
vt 0.7321858 0.0481893
vt 0.6863649 0.0484384
vt 0.7323959 0.0963158
vt 0.7291549 0.1441150
vt 0.6866517 0.1445093
vt 0.6864722 0.0964593
vt 0.6417300 0.1453669
vt 0.5968081 0.1445093
vt 0.5969876 0.0964593
vt 0.6417300 0.0965900
vt 0.5964994 0.0000000
vt 0.6417300 0.0000746
vt 0.6417300 0.0483369
vt 0.5970949 0.0484384
vt 0.7938340 0.2633551
vt 0.7939379 0.3114163
vt 0.7471217 0.3112643
vt 0.7474052 0.2630290
vt 0.8386508 0.3114825
vt 0.8386508 0.2637008
vt 0.8834677 0.2633551
vt 0.8833638 0.3114163
vt 0.8386508 0.4075279
vt 0.8386508 0.3592700
vt 0.8834248 0.3594024
vt 0.8830223 0.4057924
vt 0.0106728 0.3265832
vt 0.0590082 0.3270696
vt 0.1071701 0.3271595
vt 0.1550952 0.3274622
vt 0.1558945 0.3425703
vt 0.1070452 0.3420911
vt 0.1551082 0.3578169
vt 0.1071742 0.3570180
vt 0.1909159 0.3267906
vt 0.2286993 0.3227065
vt 0.2733374 0.3179910
vt 0.3179752 0.3227066
vt 0.3195609 0.3382636
vt 0.2733373 0.3337724
vt 0.3180037 0.3533686
vt 0.2733373 0.3495430
vt 0.3557583 0.3267909
vt 0.3915785 0.3274627
vt 0.4395029 0.3271600
vt 0.4876639 0.3270702
vt 0.4890888 0.3420944
vt 0.4396277 0.3420914
vt 0.4876598 0.3571212
vt 0.4394987 0.3570180
vt 0.9784783 0.0038778
vt 0.9823172 0.0491762
vt 0.9848833 0.0943250
vt 0.9823172 0.1394738
vt 0.9667233 0.1414877
vt 0.9672769 0.0943250
vt 0.9516399 0.1395029
vt 0.9509262 0.0943250
vt 0.9642582 0.1886499
vt 0.9500397 0.1847656
vt 0.9784783 0.1847721
vt 0.9270346 0.3592396
vt 0.9185373 0.3938630
vt 0.9298966 0.2630290
vt 0.9301801 0.3112643
vt 0.5512048 0.0000862
vt 0.5512741 0.0481893
vt 0.5543049 0.1441150
vt 0.5510639 0.0963157
vt 0.5975746 0.1909686
vt 0.5625185 0.1787030
vt 0.6417300 0.1934829
vt 0.6858853 0.1909686
vt 0.7209413 0.1787030
vt 0.8839942 0.2151335
vt 0.9295658 0.2148332
vt 0.7933075 0.2151335
vt 0.8386508 0.2153303
vt 0.5388368 0.3411282
vt 0.5359954 0.3556719
vt 0.5359982 0.3265840
vt 0.7477359 0.2148332
vt 0.9777377 0.3502575
vt 0.9775397 0.3939162
vt 0.9637235 0.3983556
vt 0.9637936 0.3524762
vt 0.3306005 0.2821532
vt 0.3315682 0.2676439
vt 0.3681836 0.2677853
vt 0.3679753 0.2820401
vt 0.2163689 0.2680057
vt 0.2183155 0.2819285
vt 0.1828130 0.2821532
vt 0.1818453 0.2676438
vt 0.0543561 0.2777382
vt 0.0577886 0.2916428
vt 0.0134440 0.2966408
vt 0.0078342 0.2829819
vt 0.7257527 0.3404875
vt 0.7124174 0.3745813
vt 0.6820883 0.3990017
vt 0.6812031 0.3468618
vt 0.8849129 0.1885969
vt 0.8839909 0.1414448
vt 0.9286895 0.1400223
vt 0.9286280 0.1837442
vt 0.7974606 0.1874425
vt 0.7984147 0.1408800
vt 0.8411965 0.1437490
vt 0.8411824 0.1926000
vt 0.7984743 0.0963000
vt 0.7984147 0.0517200
vt 0.8411965 0.0488510
vt 0.8412006 0.0963000
vt 0.8839286 0.0963000
vt 0.8839909 0.0511551
vt 0.9286895 0.0525776
vt 0.9286584 0.0963000
vt 0.6384149 0.3497789
vt 0.6384121 0.3984559
vt 0.5947338 0.3944252
vt 0.5956270 0.3474041
vt 0.6384204 0.2547498
vt 0.6384177 0.3022643
vt 0.5956296 0.3022618
vt 0.5956323 0.2571195
vt 0.7257572 0.2640513
vt 0.7257714 0.3022695
vt 0.6812057 0.3022668
vt 0.6812083 0.2576718
vt 0.0547417 0.2651139
vt 0.0104062 0.2700321
vt 0.1420789 0.2564207
vt 0.1452297 0.2677853
vt 0.0999426 0.2727526
vt 0.0984892 0.2604452
vt 0.1454382 0.2820401
vt 0.1015232 0.2866052
vt 0.2183808 0.2557759
vt 0.1816463 0.2552169
vt 0.2970445 0.2680057
vt 0.2567067 0.2683792
vt 0.2567067 0.2556743
vt 0.2950326 0.2557759
vt 0.2950980 0.2819285
vt 0.2567067 0.2824976
vt 0.3317671 0.2552169
vt 0.3713346 0.2564207
vt 0.4134708 0.2727526
vt 0.4149242 0.2604452
vt 0.4586718 0.2651139
vt 0.4590574 0.2777382
vt 0.4118902 0.2866053
vt 0.4556248 0.2916428
vt 0.9515303 0.3939158
vt 0.9515426 0.3502707
vt 0.9515457 0.3065944
vt 0.9515426 0.2629180
vt 0.9637936 0.2607126
vt 0.9642320 0.3065944
vt 0.9777377 0.2629312
vt 0.9783003 0.3065944
vt 0.9775397 0.2192726
vt 0.9637235 0.2148332
vt 0.9515303 0.2192729
vt 0.7124259 0.2299560
vt 0.6820996 0.2055320
vt 0.6384233 0.2060727
vt 0.5947446 0.2100983
vt 0.8849129 0.0040030
vt 0.9286280 0.0088558
vt 0.7974606 0.0051575
vt 0.8411824 0.0000000
vt 0.7537462 0.0580466
vt 0.7670923 0.0256413
vt 0.7537462 0.1345533
vt 0.7537512 0.0963000
vt 0.7670923 0.1669587
vt 0.5510690 0.2585837
vt 0.5511014 0.2149378
vt 0.5510639 0.3459348
vt 0.5510639 0.3022592
vt 0.5055792 0.2829819
vt 0.4999695 0.2966408
vt 0.5030072 0.2700321
vt 0.5510912 0.3895806
vt 0.9642582 0.0000000
vt 0.9667233 0.0471622
vt 0.9516399 0.0491471
vt 0.9500397 0.0038843
vt 0.3560467 0.3412168
vt 0.3907792 0.3425705
vt 0.3915655 0.3578169
vt 0.3555573 0.3561056
vt 0.1906275 0.3412167
vt 0.2271136 0.3382635
vt 0.2286708 0.3533686
vt 0.1911169 0.3561057
vt 0.0078342 0.3411278
vt 0.0575831 0.3420941
vt 0.0590122 0.3571212
vt 0.0106756 0.3556716
vt 0.7938769 0.3594024
vt 0.7942794 0.4057924
vt 0.7587644 0.3938630
vt 0.7502671 0.3592396
vt 0.6869603 0.0000000
vt 0.7322551 0.0000862
vt 0.7321858 0.0481893
vt 0.6863649 0.0484384
vt 0.7323959 0.0963158
vt 0.7291549 0.1441150
vt 0.6866517 0.1445093
vt 0.6864722 0.0964593
vt 0.6417300 0.1453669
vt 0.5968081 0.1445093
vt 0.5969876 0.0964593
vt 0.6417300 0.0965900
vt 0.5964994 0.0000000
vt 0.6417300 0.0000746
vt 0.6417300 0.0483369
vt 0.5970949 0.0484384
vt 0.7938340 0.2633551
vt 0.7939379 0.3114163
vt 0.7471217 0.3112643
vt 0.7474052 0.2630290
vt 0.8386508 0.3114825
vt 0.8386508 0.2637008
vt 0.8834677 0.2633551
vt 0.8833638 0.3114163
vt 0.8386508 0.4075279
vt 0.8386508 0.3592700
vt 0.8834248 0.3594024
vt 0.8830223 0.4057924
vt 0.0106728 0.3265832
vt 0.0590082 0.3270696
vt 0.1071701 0.3271595
vt 0.1550952 0.3274622
vt 0.1558945 0.3425703
vt 0.1070452 0.3420911
vt 0.1551082 0.3578169
vt 0.1071742 0.3570180
vt 0.1909159 0.3267906
vt 0.2286993 0.3227065
vt 0.2733374 0.3179910
vt 0.3179752 0.3227066
vt 0.3195609 0.3382636
vt 0.2733373 0.3337724
vt 0.3180037 0.3533686
vt 0.2733373 0.3495430
vt 0.3557583 0.3267909
vt 0.3915785 0.3274627
vt 0.4395029 0.3271600
vt 0.4876639 0.3270702
vt 0.4890888 0.3420944
vt 0.4396277 0.3420914
vt 0.4876598 0.3571212
vt 0.4394987 0.3570180
vt 0.9784783 0.0038778
vt 0.9823172 0.0491762
vt 0.9848833 0.0943250
vt 0.9823172 0.1394738
vt 0.9667233 0.1414877
vt 0.9672769 0.0943250
vt 0.9516399 0.1395029
vt 0.9509262 0.0943250
vt 0.9642582 0.1886499
vt 0.9500397 0.1847656
vt 0.9784783 0.1847721
vt 0.9270346 0.3592396
vt 0.9185373 0.3938630
vt 0.9298966 0.2630290
vt 0.9301801 0.3112643
vt 0.5512048 0.0000862
vt 0.5512741 0.0481893
vt 0.5543049 0.1441150
vt 0.5510639 0.0963157
vt 0.5975746 0.1909686
vt 0.5625185 0.1787030
vt 0.6417300 0.1934829
vt 0.6858853 0.1909686
vt 0.7209413 0.1787030
vt 0.8839942 0.2151335
vt 0.9295658 0.2148332
vt 0.7933075 0.2151335
vt 0.8386508 0.2153303
vt 0.5388368 0.3411282
vt 0.5359954 0.3556719
vt 0.5359982 0.3265840
vt 0.7477359 0.2148332
vt 0.9777377 0.3502575
vt 0.9775397 0.3939162
vt 0.9637235 0.3983556
vt 0.9637936 0.3524762
vt 0.3306005 0.2821532
vt 0.3315682 0.2676439
vt 0.3681836 0.2677853
vt 0.3679753 0.2820401
vt 0.2163689 0.2680057
vt 0.2183155 0.2819285
vt 0.1828130 0.2821532
vt 0.1818453 0.2676438
vt 0.0543561 0.2777382
vt 0.0577886 0.2916428
vt 0.0134440 0.2966408
vt 0.0078342 0.2829819
vt 0.7257527 0.3404875
vt 0.7124174 0.3745813
vt 0.6820883 0.3990017
vt 0.6812031 0.3468618
vt 0.8849129 0.1885969
vt 0.8839909 0.1414448
vt 0.9286895 0.1400223
vt 0.9286280 0.1837442
vt 0.7974606 0.1874425
vt 0.7984147 0.1408800
vt 0.8411965 0.1437490
vt 0.8411824 0.1926000
vt 0.7984743 0.0963000
vt 0.7984147 0.0517200
vt 0.8411965 0.0488510
vt 0.8412006 0.0963000
vt 0.8839286 0.0963000
vt 0.8839909 0.0511551
vt 0.9286895 0.0525776
vt 0.9286584 0.0963000
vt 0.6384149 0.3497789
vt 0.6384121 0.3984559
vt 0.5947338 0.3944252
vt 0.5956270 0.3474041
vt 0.6384204 0.2547498
vt 0.6384177 0.3022643
vt 0.5956296 0.3022618
vt 0.5956323 0.2571195
vt 0.7257572 0.2640513
vt 0.7257714 0.3022695
vt 0.6812057 0.3022668
vt 0.6812083 0.2576718
vt 0.0547417 0.2651139
vt 0.0104062 0.2700321
vt 0.1420789 0.2564207
vt 0.1452297 0.2677853
vt 0.0999426 0.2727526
vt 0.0984892 0.2604452
vt 0.1454382 0.2820401
vt 0.1015232 0.2866052
vt 0.2183808 0.2557759
vt 0.1816463 0.2552169
vt 0.2970445 0.2680057
vt 0.2567067 0.2683792
vt 0.2567067 0.2556743
vt 0.2950326 0.2557759
vt 0.2950980 0.2819285
vt 0.2567067 0.2824976
vt 0.3317671 0.2552169
vt 0.3713346 0.2564207
vt 0.4134708 0.2727526
vt 0.4149242 0.2604452
vt 0.4586718 0.2651139
vt 0.4590574 0.2777382
vt 0.4118902 0.2866053
vt 0.4556248 0.2916428
vt 0.9515303 0.3939158
vt 0.9515426 0.3502707
vt 0.9515457 0.3065944
vt 0.9515426 0.2629180
vt 0.9637936 0.2607126
vt 0.9642320 0.3065944
vt 0.9777377 0.2629312
vt 0.9783003 0.3065944
vt 0.9775397 0.2192726
vt 0.9637235 0.2148332
vt 0.9515303 0.2192729
vt 0.7124259 0.2299560
vt 0.6820996 0.2055320
vt 0.6384233 0.2060727
vt 0.5947446 0.2100983
vt 0.8849129 0.0040030
vt 0.9286280 0.0088558
vt 0.7974606 0.0051575
vt 0.8411824 0.0000000
vt 0.7537462 0.0580466
vt 0.7670923 0.0256413
vt 0.7537462 0.1345533
vt 0.7537512 0.0963000
vt 0.7670923 0.1669587
vt 0.5510690 0.2585837
vt 0.5511014 0.2149378
vt 0.5510639 0.3459348
vt 0.5510639 0.3022592
vt 0.5055792 0.2829819
vt 0.4999695 0.2966408
vt 0.5030072 0.2700321
vt 0.5510912 0.3895806
vt 0.9642582 0.0000000
vt 0.9667233 0.0471622
vt 0.9516399 0.0491471
vt 0.9500397 0.0038843
vt 0.3560467 0.3412168
vt 0.3907792 0.3425705
vt 0.3915655 0.3578169
vt 0.3555573 0.3561056
vt 0.1906275 0.3412167
vt 0.2271136 0.3382635
vt 0.2286708 0.3533686
vt 0.1911169 0.3561057
vt 0.0078342 0.3411278
vt 0.0575831 0.3420941
vt 0.0590122 0.3571212
vt 0.0106756 0.3556716
vt 0.7938769 0.3594024
vt 0.7942794 0.4057924
vt 0.7587644 0.3938630
vt 0.7502671 0.3592396
vt 0.6869603 0.0000000
vt 0.7322551 0.0000862
vt 0.7321858 0.0481893
vt 0.6863649 0.0484384
vt 0.7323959 0.0963158
vt 0.7291549 0.1441150
vt 0.6866517 0.1445093
vt 0.6864722 0.0964593
vt 0.6417300 0.1453669
vt 0.5968081 0.1445093
vt 0.5969876 0.0964593
vt 0.6417300 0.0965900
vt 0.5964994 0.0000000
vt 0.6417300 0.0000746
vt 0.6417300 0.0483369
vt 0.5970949 0.0484384
vt 0.7938340 0.2633551
vt 0.7939379 0.3114163
vt 0.7471217 0.3112643
vt 0.7474052 0.2630290
vt 0.8386508 0.3114825
vt 0.8386508 0.2637008
vt 0.8834677 0.2633551
vt 0.8833638 0.3114163
vt 0.8386508 0.4075279
vt 0.8386508 0.3592700
vt 0.8834248 0.3594024
vt 0.8830223 0.4057924
vt 0.0106728 0.3265832
vt 0.0590082 0.3270696
vt 0.1071701 0.3271595
vt 0.1550952 0.3274622
vt 0.1558945 0.3425703
vt 0.1070452 0.3420911
vt 0.1551082 0.3578169
vt 0.1071742 0.3570180
vt 0.1909159 0.3267906
vt 0.2286993 0.3227065
vt 0.2733374 0.3179910
vt 0.3179752 0.3227066
vt 0.3195609 0.3382636
vt 0.2733373 0.3337724
vt 0.3180037 0.3533686
vt 0.2733373 0.3495430
vt 0.3557583 0.3267909
vt 0.3915785 0.3274627
vt 0.4395029 0.3271600
vt 0.4876639 0.3270702
vt 0.4890888 0.3420944
vt 0.4396277 0.3420914
vt 0.4876598 0.3571212
vt 0.4394987 0.3570180
vt 0.9784783 0.0038778
vt 0.9823172 0.0491762
vt 0.9848833 0.0943250
vt 0.9823172 0.1394738
vt 0.9667233 0.1414877
vt 0.9672769 0.0943250
vt 0.9516399 0.1395029
vt 0.9509262 0.0943250
vt 0.9642582 0.1886499
vt 0.9500397 0.1847656
vt 0.9784783 0.1847721
vt 0.9270346 0.3592396
vt 0.9185373 0.3938630
vt 0.9298966 0.2630290
vt 0.9301801 0.3112643
vt 0.5512048 0.0000862
vt 0.5512741 0.0481893
vt 0.5543049 0.1441150
vt 0.5510639 0.0963157
vt 0.5975746 0.1909686
vt 0.5625185 0.1787030
vt 0.6417300 0.1934829
vt 0.6858853 0.1909686
vt 0.7209413 0.1787030
vt 0.8839942 0.2151335
vt 0.9295658 0.2148332
vt 0.7933075 0.2151335
vt 0.8386508 0.2153303
vt 0.5388368 0.3411282
vt 0.5359954 0.3556719
vt 0.5359982 0.3265840
vt 0.7477359 0.2148332
f 1/1 2/2 3/3
f 1/1 3/3 4/4
f 80/80 1/1 4/4
f 73/73 4/4 3/3
f 73/73 74/74 4/4
f 74/74 78/78 4/4
f 80/80 4/4 78/78
f 79/79 80/80 78/78
f 75/75 77/77 78/78
f 79/79 78/78 77/77
f 74/74 75/75 78/78
f 81/81 79/79 77/77
f 75/75 76/76 77/77
f 81/81 77/77 82/82
f 76/76 82/82 77/77
f 76/76 83/83 82/82
f 5/5 6/6 7/7
f 5/5 7/7 8/8
f 63/63 6/6 5/5
f 6/6 65/65 66/66
f 6/6 66/66 7/7
f 63/63 59/59 6/6
f 59/59 65/65 6/6
f 7/7 66/66 68/68
f 7/7 68/68 67/67
f 8/8 7/7 67/67
f 8/8 67/67 71/71
f 67/67 68/68 69/69
f 67/67 69/69 70/70
f 71/71 67/67 70/70
f 71/71 70/70 72/72
f 72/72 70/70 101/101
f 70/70 69/69 103/103
f 70/70 103/103 101/101
f 72/72 101/101 102/102
f 59/59 62/62 65/65
f 59/59 61/61 62/62
f 59/59 60/60 61/61
f 60/60 57/57 61/61
f 60/60 59/59 63/63
f 60/60 63/63 64/64
f 60/60 9/9 57/57
f 9/9 60/60 64/64
f 57/57 9/9 12/12
f 57/57 12/12 58/58
f 9/9 10/10 11/11
f 9/9 11/11 12/12
f 9/9 64/64 10/10
f 12/12 11/11 55/55
f 12/12 55/55 52/52
f 58/58 12/12 52/52
f 58/58 52/52 51/51
f 51/51 52/52 53/53
f 52/52 55/55 56/56
f 52/52 56/56 53/53
f 51/51 53/53 54/54
f 54/54 53/53 13/13
f 53/53 56/56 14/14
f 53/53 14/14 13/13
f 54/54 13/13 49/49
f 13/13 14/14 15/15
f 13/13 15/15 16/16
f 49/49 13/13 16/16
f 49/49 16/16 50/50
f 17/17 18/18 19/19
f 17/17 19/19 20/20
f 46/46 17/17 20/20
f 20/20 19/19 38/38
f 46/46 20/20 47/47
f 47/47 20/20 37/37
f 20/20 38/38 37/37
f 45/45 46/46 47/47
f 45/45 47/47 48/48
f 47/47 37/37 42/42
f 48/48 47/47 42/42
f 37/37 38/38 39/39
f 37/37 39/39 40/40
f 42/42 37/37 40/40
f 41/41 42/42 43/43
f 42/42 40/40 43/43
f 48/48 42/42 41/41
f 84/84 45/45 48/48
f 84/84 48/48 85/85
f 85/85 48/48 41/41
f 41/41 43/43 44/44
f 86/86 41/41 44/44
f 85/85 41/41 86/86
f 43/43 40/40 99/99
f 43/43 99/99 100/100
f 44/44 43/43 100/100
f 86/86 44/44 87/87
f 87/87 44/44 97/97
f 44/44 100/100 97/97
f 87/87 97/97 98/98
f 40/40 104/104 99/99
f 40/40 39/39 104/104
f 21/21 22/22 23/23
f 21/21 23/23 24/24
f 28/28 22/22 21/21
f 22/22 33/33 36/36
f 22/22 36/36 23/23
f 27/27 33/33 22/22
f 28/28 27/27 22/22
f 25/25 27/27 28/28
f 25/25 26/26 27/27
f 26/26 32/32 27/27
f 27/27 32/32 33/33
f 33/33 34/34 35/35
f 33/33 35/35 36/36
f 32/32 34/34 33/33
f 29/29 31/31 32/32
f 26/26 29/29 32/32
f 32/32 31/31 34/34
f 94/94 29/29 26/26
f 96/96 94/94 26/26
f 96/96 26/26 25/25
f 29/29 30/30 31/31
f 94/94 95/95 29/29
f 95/95 30/30 29/29
f 30/30 91/91 31/31
f 31/31 91/91 88/88
f 31/31 88/88 34/34
f 30/30 90/90 91/91
f 92/92 90/90 30/30
f 95/95 92/92 30/30
f 92/92 93/93 90/90
f 34/34 88/88 89/89
f 34/34 89/89 35/35
f 105/105 106/106 107/107
f 105/105 107/107 108/108
f 177/177 106/106 105/105
f 177/177 178/178 106/106
f 178/178 182/182 106/106
f 106/106 182/182 184/184
f 106/106 184/184 107/107
f 178/178 179/179 182/182
f 179/179 181/181 182/182
f 182/182 181/181 183/183
f 182/182 183/183 184/184
f 179/179 180/180 181/181
f 181/181 185/185 186/186
f 181/181 186/186 183/183
f 180/180 185/185 181/181
f 180/180 187/187 185/185
f 109/109 110/110 111/111
f 109/109 111/111 112/112
f 169/169 110/110 109/109
f 165/165 109/109 112/112
f 164/164 169/169 109/109
f 164/164 109/109 165/165
f 110/110 176/176 111/111
f 174/174 175/175 176/176
f 110/110 174/174 176/176
f 171/171 173/173 174/174
f 174/174 173/173 175/175
f 170/170 171/171 174/174
f 170/170 174/174 110/110
f 173/173 206/206 175/175
f 171/171 172/172 173/173
f 173/173 205/205 206/206
f 172/172 205/205 173/173
f 172/172 207/207 205/205
f 169/169 170/170 110/110
f 163/163 164/164 165/165
f 163/163 165/165 166/166
f 166/166 165/165 167/167
f 165/165 112/112 167/167
f 162/162 163/163 166/166
f 166/166 167/167 168/168
f 162/162 166/166 114/114
f 114/114 166/166 168/168
f 161/161 162/162 114/114
f 113/113 114/114 115/115
f 161/161 114/114 113/113
f 114/114 168/168 115/115
f 156/156 161/161 113/113
f 113/113 115/115 116/116
f 157/157 113/113 116/116
f 156/156 113/113 157/157
f 155/155 156/156 157/157
f 155/155 157/157 158/158
f 158/158 157/157 159/159
f 157/157 116/116 159/159
f 154/154 155/155 158/158
f 158/158 159/159 160/160
f 154/154 158/158 118/118
f 118/118 158/158 160/160
f 153/153 154/154 118/118
f 117/117 118/118 119/119
f 153/153 118/118 117/117
f 118/118 160/160 119/119
f 117/117 119/119 120/120
f 121/121 122/122 123/123
f 121/121 123/123 124/124
f 150/150 122/122 121/121
f 145/145 150/150 121/121
f 145/145 121/121 142/142
f 142/142 121/121 124/124
f 150/150 149/149 122/122
f 149/149 150/150 151/151
f 150/150 145/145 148/148
f 150/150 148/148 151/151
f 145/145 146/146 147/147
f 145/145 147/147 148/148
f 146/146 145/145 142/142
f 141/141 142/142 143/143
f 146/146 142/142 141/141
f 142/142 124/124 143/143
f 146/146 141/141 203/203
f 146/146 203/203 204/204
f 147/147 146/146 204/204
f 141/141 143/143 144/144
f 203/203 141/141 144/144
f 203/203 144/144 208/208
f 147/147 204/204 201/201
f 147/147 201/201 202/202
f 147/147 202/202 190/190
f 148/148 147/147 190/190
f 148/148 190/190 191/191
f 151/151 148/148 191/191
f 151/151 191/191 188/188
f 149/149 151/151 152/152
f 152/152 151/151 188/188
f 152/152 188/188 189/189
f 125/125 126/126 127/127
f 125/125 127/127 128/128
f 138/138 125/125 128/128
f 127/127 129/129 132/132
f 127/127 132/132 128/128
f 138/138 128/128 139/139
f 139/139 128/128 132/132
f 137/137 138/138 139/139
f 137/137 139/139 140/140
f 139/139 132/132 136/136
f 140/140 139/139 136/136
f 129/129 131/131 132/132
f 131/131 136/136 132/132
f 129/129 130/130 131/131
f 131/131 133/133 136/136
f 198/198 133/133 131/131
f 198/198 131/131 199/199
f 200/200 199/199 131/131
f 200/200 131/131 130/130
f 133/133 135/135 136/136
f 140/140 136/136 135/135
f 133/133 134/134 135/135
f 133/133 198/198 196/196
f 133/133 196/196 134/134
f 194/194 195/195 135/135
f 194/194 135/135 134/134
f 195/195 140/140 135/135
f 196/196 194/194 134/134
f 196/196 197/197 194/194
f 192/192 137/137 140/140
f 192/192 140/140 193/193
f 195/195 193/193 140/140
f 209/209 210/210 211/211
f 209/209 211/211 212/212
f 288/288 209/209 212/212
f 281/281 212/212 211/211
f 281/281 282/282 212/212
f 282/282 286/286 212/212
f 288/288 212/212 286/286
f 287/287 288/288 286/286
f 283/283 285/285 286/286
f 287/287 286/286 285/285
f 282/282 283/283 286/286
f 289/289 287/287 285/285
f 283/283 284/284 285/285
f 289/289 285/285 290/290
f 284/284 290/290 285/285
f 284/284 291/291 290/290
f 213/213 214/214 215/215
f 213/213 215/215 216/216
f 271/271 214/214 213/213
f 214/214 273/273 274/274
f 214/214 274/274 215/215
f 271/271 267/267 214/214
f 267/267 273/273 214/214
f 215/215 274/274 276/276
f 215/215 276/276 275/275
f 216/216 215/215 275/275
f 216/216 275/275 279/279
f 275/275 276/276 277/277
f 275/275 277/277 278/278
f 279/279 275/275 278/278
f 279/279 278/278 280/280
f 280/280 278/278 309/309
f 278/278 277/277 311/311
f 278/278 311/311 309/309
f 280/280 309/309 310/310
f 267/267 270/270 273/273
f 267/267 269/269 270/270
f 267/267 268/268 269/269
f 268/268 265/265 269/269
f 268/268 267/267 271/271
f 268/268 271/271 272/272
f 268/268 217/217 265/265
f 217/217 268/268 272/272
f 265/265 217/217 220/220
f 265/265 220/220 266/266
f 217/217 218/218 219/219
f 217/217 219/219 220/220
f 217/217 272/272 218/218
f 220/220 219/219 263/263
f 220/220 263/263 260/260
f 266/266 220/220 260/260
f 266/266 260/260 259/259
f 259/259 260/260 261/261
f 260/260 263/263 264/264
f 260/260 264/264 261/261
f 259/259 261/261 262/262
f 262/262 261/261 221/221
f 261/261 264/264 222/222
f 261/261 222/222 221/221
f 262/262 221/221 257/257
f 221/221 222/222 223/223
f 221/221 223/223 224/224
f 257/257 221/221 224/224
f 257/257 224/224 258/258
f 225/225 226/226 227/227
f 225/225 227/227 228/228
f 254/254 225/225 228/228
f 228/228 227/227 246/246
f 254/254 228/228 255/255
f 255/255 228/228 245/245
f 228/228 246/246 245/245
f 253/253 254/254 255/255
f 253/253 255/255 256/256
f 255/255 245/245 250/250
f 256/256 255/255 250/250
f 245/245 246/246 247/247
f 245/245 247/247 248/248
f 250/250 245/245 248/248
f 249/249 250/250 251/251
f 250/250 248/248 251/251
f 256/256 250/250 249/249
f 292/292 253/253 256/256
f 292/292 256/256 293/293
f 293/293 256/256 249/249
f 249/249 251/251 252/252
f 294/294 249/249 252/252
f 293/293 249/249 294/294
f 251/251 248/248 307/307
f 251/251 307/307 308/308
f 252/252 251/251 308/308
f 294/294 252/252 295/295
f 295/295 252/252 305/305
f 252/252 308/308 305/305
f 295/295 305/305 306/306
f 248/248 312/312 307/307
f 248/248 247/247 312/312
f 229/229 230/230 231/231
f 229/229 231/231 232/232
f 236/236 230/230 229/229
f 230/230 241/241 244/244
f 230/230 244/244 231/231
f 235/235 241/241 230/230
f 236/236 235/235 230/230
f 233/233 235/235 236/236
f 233/233 234/234 235/235
f 234/234 240/240 235/235
f 235/235 240/240 241/241
f 241/241 242/242 243/243
f 241/241 243/243 244/244
f 240/240 242/242 241/241
f 237/237 239/239 240/240
f 234/234 237/237 240/240
f 240/240 239/239 242/242
f 302/302 237/237 234/234
f 304/304 302/302 234/234
f 304/304 234/234 233/233
f 237/237 238/238 239/239
f 302/302 303/303 237/237
f 303/303 238/238 237/237
f 238/238 299/299 239/239
f 239/239 299/299 296/296
f 239/239 296/296 242/242
f 238/238 298/298 299/299
f 300/300 298/298 238/238
f 303/303 300/300 238/238
f 300/300 301/301 298/298
f 242/242 296/296 297/297
f 242/242 297/297 243/243
f 313/313 314/314 315/315
f 313/313 315/315 316/316
f 385/385 314/314 313/313
f 385/385 386/386 314/314
f 386/386 390/390 314/314
f 314/314 390/390 392/392
f 314/314 392/392 315/315
f 386/386 387/387 390/390
f 387/387 389/389 390/390
f 390/390 389/389 391/391
f 390/390 391/391 392/392
f 387/387 388/388 389/389
f 389/389 393/393 394/394
f 389/389 394/394 391/391
f 388/388 393/393 389/389
f 388/388 395/395 393/393
f 317/317 318/318 319/319
f 317/317 319/319 320/320
f 377/377 318/318 317/317
f 373/373 317/317 320/320
f 372/372 377/377 317/317
f 372/372 317/317 373/373
f 318/318 384/384 319/319
f 382/382 383/383 384/384
f 318/318 382/382 384/384
f 379/379 381/381 382/382
f 382/382 381/381 383/383
f 378/378 379/379 382/382
f 378/378 382/382 318/318
f 381/381 414/414 383/383
f 379/379 380/380 381/381
f 381/381 413/413 414/414
f 380/380 413/413 381/381
f 380/380 415/415 413/413
f 377/377 378/378 318/318
f 371/371 372/372 373/373
f 371/371 373/373 374/374
f 374/374 373/373 375/375
f 373/373 320/320 375/375
f 370/370 371/371 374/374
f 374/374 375/375 376/376
f 370/370 374/374 322/322
f 322/322 374/374 376/376
f 369/369 370/370 322/322
f 321/321 322/322 323/323
f 369/369 322/322 321/321
f 322/322 376/376 323/323
f 364/364 369/369 321/321
f 321/321 323/323 324/324
f 365/365 321/321 324/324
f 364/364 321/321 365/365
f 363/363 364/364 365/365
f 363/363 365/365 366/366
f 366/366 365/365 367/367
f 365/365 324/324 367/367
f 362/362 363/363 366/366
f 366/366 367/367 368/368
f 362/362 366/366 326/326
f 326/326 366/366 368/368
f 361/361 362/362 326/326
f 325/325 326/326 327/327
f 361/361 326/326 325/325
f 326/326 368/368 327/327
f 325/325 327/327 328/328
f 329/329 330/330 331/331
f 329/329 331/331 332/332
f 358/358 330/330 329/329
f 353/353 358/358 329/329
f 353/353 329/329 350/350
f 350/350 329/329 332/332
f 358/358 357/357 330/330
f 357/357 358/358 359/359
f 358/358 353/353 356/356
f 358/358 356/356 359/359
f 353/353 354/354 355/355
f 353/353 355/355 356/356
f 354/354 353/353 350/350
f 349/349 350/350 351/351
f 354/354 350/350 349/349
f 350/350 332/332 351/351
f 354/354 349/349 411/411
f 354/354 411/411 412/412
f 355/355 354/354 412/412
f 349/349 351/351 352/352
f 411/411 349/349 352/352
f 411/411 352/352 416/416
f 355/355 412/412 409/409
f 355/355 409/409 410/410
f 355/355 410/410 398/398
f 356/356 355/355 398/398
f 356/356 398/398 399/399
f 359/359 356/356 399/399
f 359/359 399/399 396/396
f 357/357 359/359 360/360
f 360/360 359/359 396/396
f 360/360 396/396 397/397
f 333/333 334/334 335/335
f 333/333 335/335 336/336
f 346/346 333/333 336/336
f 335/335 337/337 340/340
f 335/335 340/340 336/336
f 346/346 336/336 347/347
f 347/347 336/336 340/340
f 345/345 346/346 347/347
f 345/345 347/347 348/348
f 347/347 340/340 344/344
f 348/348 347/347 344/344
f 337/337 339/339 340/340
f 339/339 344/344 340/340
f 337/337 338/338 339/339
f 339/339 341/341 344/344
f 406/406 341/341 339/339
f 406/406 339/339 407/407
f 408/408 407/407 339/339
f 408/408 339/339 338/338
f 341/341 343/343 344/344
f 348/348 344/344 343/343
f 341/341 342/342 343/343
f 341/341 406/406 404/404
f 341/341 404/404 342/342
f 402/402 403/403 343/343
f 402/402 343/343 342/342
f 403/403 348/348 343/343
f 404/404 402/402 342/342
f 404/404 405/405 402/402
f 400/400 345/345 348/348
f 400/400 348/348 401/401
f 403/403 401/401 348/348
f 417/417 418/418 419/419
f 417/417 419/419 420/420
f 496/496 417/417 420/420
f 489/489 420/420 419/419
f 489/489 490/490 420/420
f 490/490 494/494 420/420
f 496/496 420/420 494/494
f 495/495 496/496 494/494
f 491/491 493/493 494/494
f 495/495 494/494 493/493
f 490/490 491/491 494/494
f 497/497 495/495 493/493
f 491/491 492/492 493/493
f 497/497 493/493 498/498
f 492/492 498/498 493/493
f 492/492 499/499 498/498
f 421/421 422/422 423/423
f 421/421 423/423 424/424
f 479/479 422/422 421/421
f 422/422 481/481 482/482
f 422/422 482/482 423/423
f 479/479 475/475 422/422
f 475/475 481/481 422/422
f 423/423 482/482 484/484
f 423/423 484/484 483/483
f 424/424 423/423 483/483
f 424/424 483/483 487/487
f 483/483 484/484 485/485
f 483/483 485/485 486/486
f 487/487 483/483 486/486
f 487/487 486/486 488/488
f 488/488 486/486 517/517
f 486/486 485/485 519/519
f 486/486 519/519 517/517
f 488/488 517/517 518/518
f 475/475 478/478 481/481
f 475/475 477/477 478/478
f 475/475 476/476 477/477
f 476/476 473/473 477/477
f 476/476 475/475 479/479
f 476/476 479/479 480/480
f 476/476 425/425 473/473
f 425/425 476/476 480/480
f 473/473 425/425 428/428
f 473/473 428/428 474/474
f 425/425 426/426 427/427
f 425/425 427/427 428/428
f 425/425 480/480 426/426
f 428/428 427/427 471/471
f 428/428 471/471 468/468
f 474/474 428/428 468/468
f 474/474 468/468 467/467
f 467/467 468/468 469/469
f 468/468 471/471 472/472
f 468/468 472/472 469/469
f 467/467 469/469 470/470
f 470/470 469/469 429/429
f 469/469 472/472 430/430
f 469/469 430/430 429/429
f 470/470 429/429 465/465
f 429/429 430/430 431/431
f 429/429 431/431 432/432
f 465/465 429/429 432/432
f 465/465 432/432 466/466
f 433/433 434/434 435/435
f 433/433 435/435 436/436
f 462/462 433/433 436/436
f 436/436 435/435 454/454
f 462/462 436/436 463/463
f 463/463 436/436 453/453
f 436/436 454/454 453/453
f 461/461 462/462 463/463
f 461/461 463/463 464/464
f 463/463 453/453 458/458
f 464/464 463/463 458/458
f 453/453 454/454 455/455
f 453/453 455/455 456/456
f 458/458 453/453 456/456
f 457/457 458/458 459/459
f 458/458 456/456 459/459
f 464/464 458/458 457/457
f 500/500 461/461 464/464
f 500/500 464/464 501/501
f 501/501 464/464 457/457
f 457/457 459/459 460/460
f 502/502 457/457 460/460
f 501/501 457/457 502/502
f 459/459 456/456 515/515
f 459/459 515/515 516/516
f 460/460 459/459 516/516
f 502/502 460/460 503/503
f 503/503 460/460 513/513
f 460/460 516/516 513/513
f 503/503 513/513 514/514
f 456/456 520/520 515/515
f 456/456 455/455 520/520
f 437/437 438/438 439/439
f 437/437 439/439 440/440
f 444/444 438/438 437/437
f 438/438 449/449 452/452
f 438/438 452/452 439/439
f 443/443 449/449 438/438
f 444/444 443/443 438/438
f 441/441 443/443 444/444
f 441/441 442/442 443/443
f 442/442 448/448 443/443
f 443/443 448/448 449/449
f 449/449 450/450 451/451
f 449/449 451/451 452/452
f 448/448 450/450 449/449
f 445/445 447/447 448/448
f 442/442 445/445 448/448
f 448/448 447/447 450/450
f 510/510 445/445 442/442
f 512/512 510/510 442/442
f 512/512 442/442 441/441
f 445/445 446/446 447/447
f 510/510 511/511 445/445
f 511/511 446/446 445/445
f 446/446 507/507 447/447
f 447/447 507/507 504/504
f 447/447 504/504 450/450
f 446/446 506/506 507/507
f 508/508 506/506 446/446
f 511/511 508/508 446/446
f 508/508 509/509 506/506
f 450/450 504/504 505/505
f 450/450 505/505 451/451
f 521/521 522/522 523/523
f 521/521 523/523 524/524
f 593/593 522/522 521/521
f 593/593 594/594 522/522
f 594/594 598/598 522/522
f 522/522 598/598 600/600
f 522/522 600/600 523/523
f 594/594 595/595 598/598
f 595/595 597/597 598/598
f 598/598 597/597 599/599
f 598/598 599/599 600/600
f 595/595 596/596 597/597
f 597/597 601/601 602/602
f 597/597 602/602 599/599
f 596/596 601/601 597/597
f 596/596 603/603 601/601
f 525/525 526/526 527/527
f 525/525 527/527 528/528
f 585/585 526/526 525/525
f 581/581 525/525 528/528
f 580/580 585/585 525/525
f 580/580 525/525 581/581
f 526/526 592/592 527/527
f 590/590 591/591 592/592
f 526/526 590/590 592/592
f 587/587 589/589 590/590
f 590/590 589/589 591/591
f 586/586 587/587 590/590
f 586/586 590/590 526/526
f 589/589 622/622 591/591
f 587/587 588/588 589/589
f 589/589 621/621 622/622
f 588/588 621/621 589/589
f 588/588 623/623 621/621
f 585/585 586/586 526/526
f 579/579 580/580 581/581
f 579/579 581/581 582/582
f 582/582 581/581 583/583
f 581/581 528/528 583/583
f 578/578 579/579 582/582
f 582/582 583/583 584/584
f 578/578 582/582 530/530
f 530/530 582/582 584/584
f 577/577 578/578 530/530
f 529/529 530/530 531/531
f 577/577 530/530 529/529
f 530/530 584/584 531/531
f 572/572 577/577 529/529
f 529/529 531/531 532/532
f 573/573 529/529 532/532
f 572/572 529/529 573/573
f 571/571 572/572 573/573
f 571/571 573/573 574/574
f 574/574 573/573 575/575
f 573/573 532/532 575/575
f 570/570 571/571 574/574
f 574/574 575/575 576/576
f 570/570 574/574 534/534
f 534/534 574/574 576/576
f 569/569 570/570 534/534
f 533/533 534/534 535/535
f 569/569 534/534 533/533
f 534/534 576/576 535/535
f 533/533 535/535 536/536
f 537/537 538/538 539/539
f 537/537 539/539 540/540
f 566/566 538/538 537/537
f 561/561 566/566 537/537
f 561/561 537/537 558/558
f 558/558 537/537 540/540
f 566/566 565/565 538/538
f 565/565 566/566 567/567
f 566/566 561/561 564/564
f 566/566 564/564 567/567
f 561/561 562/562 563/563
f 561/561 563/563 564/564
f 562/562 561/561 558/558
f 557/557 558/558 559/559
f 562/562 558/558 557/557
f 558/558 540/540 559/559
f 562/562 557/557 619/619
f 562/562 619/619 620/620
f 563/563 562/562 620/620
f 557/557 559/559 560/560
f 619/619 557/557 560/560
f 619/619 560/560 624/624
f 563/563 620/620 617/617
f 563/563 617/617 618/618
f 563/563 618/618 606/606
f 564/564 563/563 606/606
f 564/564 606/606 607/607
f 567/567 564/564 607/607
f 567/567 607/607 604/604
f 565/565 567/567 568/568
f 568/568 567/567 604/604
f 568/568 604/604 605/605
f 541/541 542/542 543/543
f 541/541 543/543 544/544
f 554/554 541/541 544/544
f 543/543 545/545 548/548
f 543/543 548/548 544/544
f 554/554 544/544 555/555
f 555/555 544/544 548/548
f 553/553 554/554 555/555
f 553/553 555/555 556/556
f 555/555 548/548 552/552
f 556/556 555/555 552/552
f 545/545 547/547 548/548
f 547/547 552/552 548/548
f 545/545 546/546 547/547
f 547/547 549/549 552/552
f 614/614 549/549 547/547
f 614/614 547/547 615/615
f 616/616 615/615 547/547
f 616/616 547/547 546/546
f 549/549 551/551 552/552
f 556/556 552/552 551/551
f 549/549 550/550 551/551
f 549/549 614/614 612/612
f 549/549 612/612 550/550
f 610/610 611/611 551/551
f 610/610 551/551 550/550
f 611/611 556/556 551/551
f 612/612 610/610 550/550
f 612/612 613/613 610/610
f 608/608 553/553 556/556
f 608/608 556/556 609/609
f 611/611 609/609 556/556
o chair.006-1
usemtl office_chair_plastic.001-49
v -0.5488120 0.0967355 -0.2203418
v -0.5488120 0.0967355 -0.2254324
v -0.5488120 0.0850542 -0.2254324
v -0.5488120 0.0850542 -0.2203418
v -0.5427768 0.0967355 -0.2254324
v -0.5427768 0.0850542 -0.2254324
v -0.5488120 0.0850542 -0.2254324
v -0.5488120 0.0967355 -0.2254324
v -0.5427768 0.0967355 -0.2254324
v -0.5427768 0.0967355 -0.2203418
v -0.5427768 0.0850542 -0.2203418
v -0.5427768 0.0850542 -0.2254324
v -0.5427768 0.0850542 -0.2203418
v -0.5427768 0.0967355 -0.2203418
v -0.5488120 0.0967355 -0.2203418
v -0.5488120 0.0850542 -0.2203418
v -0.5427768 0.0810188 -0.2254324
v -0.5427768 0.0810188 -0.2203418
v -0.5488120 0.0810188 -0.2203418
v -0.5488120 0.0810188 -0.2254324
v -0.5394488 0.0982834 -0.2173590
v -0.5394488 0.0982834 -0.2231099
v -0.5462671 0.0982834 -0.2231099
v -0.5462671 0.0982834 -0.2173590
v -0.5415187 0.0850542 -0.1958226
v -0.5415187 0.0810188 -0.1958226
v -0.5427768 0.0810188 -0.2203418
v -0.5427768 0.0810188 -0.2254324
v -0.5427768 0.0810188 -0.2254324
v -0.5488120 0.0810188 -0.2254324
v -0.5488120 0.0810188 -0.2254324
v -0.5488120 0.0810188 -0.2203418
v -0.5415187 0.0810188 -0.1958226
v -0.5415187 0.0850542 -0.1958226
v -0.5500701 0.0850542 -0.1958226
v -0.5500701 0.0810188 -0.1958226
v -0.5415187 0.0850542 -0.1958226
v -0.5427768 0.0850542 -0.2203418
v -0.5488120 0.0850542 -0.2203418
v -0.5500701 0.0850542 -0.1958226
v -0.5500701 0.0810188 -0.1958226
v -0.5500701 0.0850542 -0.1958226
v -0.5415187 0.0810188 -0.1958226
v -0.5500701 0.0810188 -0.1958226
v -0.5788527 0.0991151 -0.2104401
v -0.5788527 0.0991152 -0.2765568
v -0.5788527 0.0934707 -0.2765568
v -0.5788527 0.0934706 -0.2104401
v -0.5127361 0.0991152 -0.2765568
v -0.5127361 0.0934707 -0.2765568
v -0.5127361 0.0991151 -0.2104401
v -0.5127361 0.0934706 -0.2104401
v -0.5127361 0.0934706 -0.2104401
v -0.5330261 0.0894019 -0.2307302
v -0.5330261 0.0934707 -0.2307302
v -0.5585626 0.0934707 -0.2307302
v -0.5585626 0.0894019 -0.2307302
v -0.5585626 0.0934707 -0.2562667
v -0.5585626 0.0934707 -0.2307302
v -0.5788527 0.0934706 -0.2104401
v -0.5788527 0.0934707 -0.2765568
v -0.5127361 0.0934707 -0.2765568
v -0.5330261 0.0934707 -0.2562667
v -0.5127361 0.0934706 -0.2104401
v -0.5330261 0.0934707 -0.2307302
v -0.5330261 0.0894019 -0.2562667
v -0.5330261 0.0894019 -0.2307302
v -0.5585626 0.0894019 -0.2307302
v -0.5585626 0.0894019 -0.2562667
v -0.5330261 0.0934707 -0.2562667
v -0.5330261 0.0894019 -0.2562667
v -0.5585626 0.0894019 -0.2562667
v -0.5585626 0.0934707 -0.2562667
v -0.5330261 0.0934707 -0.2307302
v -0.5330261 0.0894019 -0.2307302
v -0.5435393 0.0749308 -0.2489427
v -0.5435393 0.0346131 -0.2489427
v -0.5457944 0.0346014 -0.2493913
v -0.5457944 0.0749308 -0.2493913
v -0.5416275 0.0749308 -0.2476653
v -0.5416275 0.0346013 -0.2476653
v -0.5403501 0.0749308 -0.2457535
v -0.5403501 0.0346009 -0.2457535
v -0.5399016 0.0749308 -0.2434984
v -0.5399016 0.0346199 -0.2434984
v -0.5403501 0.0749308 -0.2412434
v -0.5403501 0.0346004 -0.2412434
v -0.5416275 0.0749308 -0.2393316
v -0.5416275 0.0346015 -0.2393316
v -0.5435393 0.0749308 -0.2380542
v -0.5435393 0.0346134 -0.2380542
v -0.5457944 0.0749308 -0.2376056
v -0.5457944 0.0346011 -0.2376056
v -0.5480495 0.0749308 -0.2380542
v -0.5480495 0.0346039 -0.2380542
v -0.5499612 0.0749308 -0.2393316
v -0.5499612 0.0346077 -0.2393316
v -0.5512386 0.0749308 -0.2412434
v -0.5512386 0.0346036 -0.2412434
v -0.5512386 0.0346036 -0.2412434
v -0.5512386 0.0749308 -0.2412434
v -0.5516872 0.0749308 -0.2434984
v -0.5516872 0.0346078 -0.2434984
v -0.5512386 0.0749308 -0.2457535
v -0.5512386 0.0346038 -0.2457535
v -0.5499612 0.0749308 -0.2476653
v -0.5499612 0.0346078 -0.2476653
v -0.5480495 0.0749308 -0.2489427
v -0.5480495 0.0346039 -0.2489427
v -0.5444095 0.0749308 -0.2468420
v -0.5457944 0.0749308 -0.2471175
v -0.5432353 0.0749308 -0.2460575
v -0.5424508 0.0749308 -0.2448834
v -0.5421754 0.0749308 -0.2434984
v -0.5424508 0.0749308 -0.2421135
v -0.5432353 0.0749308 -0.2409394
v -0.5444095 0.0749308 -0.2401549
v -0.5457944 0.0749308 -0.2398794
v -0.5471793 0.0749308 -0.2401549
v -0.5483534 0.0749308 -0.2409394
v -0.5491379 0.0749308 -0.2421135
v -0.5491379 0.0749308 -0.2421135
v -0.5494134 0.0749308 -0.2434984
v -0.5491379 0.0749308 -0.2448834
v -0.5483534 0.0749308 -0.2460575
v -0.5471793 0.0749308 -0.2468420
v -0.5457944 0.0345514 -0.2363173
v -0.5485425 0.0345552 -0.2368639
v -0.5508722 0.0345608 -0.2384206
v -0.5524289 0.0345549 -0.2407503
v -0.5529755 0.0345608 -0.2434984
v -0.5524289 0.0345549 -0.2407503
v -0.5524289 0.0345551 -0.2462466
v -0.5508722 0.0345609 -0.2485763
v -0.5430463 0.0345684 -0.2501330
v -0.5457944 0.0345518 -0.2506796
v -0.5485425 0.0345553 -0.2501330
v -0.5407165 0.0345516 -0.2485763
v -0.5457944 0.0324457 -0.2506796
v -0.5485425 0.0324494 -0.2501330
v -0.5508722 0.0324550 -0.2485763
v -0.5524289 0.0324491 -0.2462466
v -0.5529755 0.0324549 -0.2434984
v -0.5524289 0.0324490 -0.2407503
v -0.5508722 0.0324549 -0.2384206
v -0.5524289 0.0324490 -0.2407503
v -0.5485425 0.0324493 -0.2368639
v -0.5457944 0.0324454 -0.2363173
v -0.5430463 0.0324629 -0.2368639
v -0.5430463 0.0345687 -0.2368639
v -0.5407165 0.0324459 -0.2384206
v -0.5407165 0.0345519 -0.2384206
v -0.5391599 0.0324443 -0.2407503
v -0.5391599 0.0345504 -0.2407503
v -0.5386133 0.0324724 -0.2434984
v -0.5386133 0.0345780 -0.2434984
v -0.5391599 0.0324449 -0.2462466
v -0.5391599 0.0345509 -0.2462466
v -0.5407165 0.0324456 -0.2485763
v -0.5430463 0.0324626 -0.2501330
v -0.5409593 0.0335510 -0.2583792
v -0.5584527 0.0335513 -0.2526953
v -0.5457944 0.0338610 -0.2434985
v -0.5584528 0.0335513 -0.2343016
v -0.5409592 0.0335513 -0.2286174
v -0.4885806 0.0190096 -0.1985764
v -0.4853763 0.0190096 -0.2029868
v -0.5009620 0.0263281 -0.2175039
v -0.5071944 0.0263222 -0.2088979
v -0.4853763 0.0190096 -0.2840307
v -0.4885806 0.0190096 -0.2884411
v -0.5072088 0.0263298 -0.2781021
v -0.5009454 0.0263216 -0.2695188
v -0.5566681 0.0263257 -0.2941823
v -0.5656579 0.0190096 -0.3134850
v -0.5708426 0.0190096 -0.3118003
v -0.5667742 0.0263253 -0.2908998
v -0.5973444 0.0263257 -0.2381939
v -0.5973491 0.0263239 -0.2488196
v -0.6184790 0.0190096 -0.2462345
v -0.6184790 0.0190096 -0.2407830
v -0.5656579 0.0190096 -0.1735325
v -0.5566672 0.0263265 -0.1928355
v -0.5667760 0.0263227 -0.1961090
v -0.5708426 0.0190096 -0.1752172
v -0.4853763 0.0154129 -0.2029868
v -0.4853763 0.0190096 -0.2029868
v -0.4885806 0.0190096 -0.1985764
v -0.4885806 0.0154129 -0.1985764
v -0.4853763 0.0190096 -0.2840307
v -0.4853763 0.0154129 -0.2840307
v -0.4885806 0.0154129 -0.2884411
v -0.4885806 0.0190096 -0.2884411
v -0.5656579 0.0190096 -0.3134850
v -0.5656579 0.0154129 -0.3134850
v -0.5708426 0.0154129 -0.3118003
v -0.5708426 0.0190096 -0.3118003
v -0.6184790 0.0190096 -0.2407830
v -0.6184790 0.0190096 -0.2462345
v -0.6184790 0.0154129 -0.2462345
v -0.6184790 0.0154129 -0.2407830
v -0.5656579 0.0154129 -0.1735325
v -0.5656579 0.0190096 -0.1735325
v -0.5708426 0.0190096 -0.1752172
v -0.5708426 0.0154129 -0.1752172
v -0.4853763 0.0154129 -0.2029868
v -0.4885806 0.0154129 -0.1985764
v -0.5069126 0.0214308 -0.2086460
v -0.5006353 0.0214390 -0.2173150
v -0.4885806 0.0154129 -0.2884411
v -0.4853763 0.0154129 -0.2840307
v -0.5006179 0.0214298 -0.2697090
v -0.5069278 0.0214412 -0.2783543
v -0.5656579 0.0154129 -0.3134850
v -0.5567471 0.0214355 -0.2945519
v -0.5669268 0.0214349 -0.2912456
v -0.5708426 0.0154129 -0.3118003
v -0.5977246 0.0214333 -0.2488588
v -0.5977197 0.0214358 -0.2381556
v -0.6184790 0.0154129 -0.2407830
v -0.6184790 0.0154129 -0.2462345
v -0.5567461 0.0214371 -0.1924668
v -0.5656579 0.0154129 -0.1735325
v -0.5708426 0.0154129 -0.1752172
v -0.5669288 0.0214317 -0.1957639
v -0.5254175 0.0257349 -0.2195827
v -0.5255982 0.0311838 -0.2197940
v -0.5409592 0.0335513 -0.2286174
v -0.5409503 0.0273049 -0.2285903
v -0.5006353 0.0214390 -0.2173150
v -0.5009620 0.0263281 -0.2175039
v -0.5167454 0.0257351 -0.2554885
v -0.5170030 0.0311844 -0.2553819
v -0.5301473 0.0335515 -0.2434985
v -0.5301185 0.0273051 -0.2434986
v -0.5256060 0.0311834 -0.2672000
v -0.5254259 0.0257374 -0.2674115
v -0.5409505 0.0273045 -0.2584062
v -0.5409593 0.0335510 -0.2583792
v -0.5409593 0.0335510 -0.2583792
v -0.5409505 0.0273045 -0.2584062
v -0.5482153 0.0257361 -0.2748231
v -0.5481942 0.0311836 -0.2745457
v -0.5584757 0.0273048 -0.2527121
v -0.5584527 0.0335513 -0.2526953
v -0.5620968 0.0311838 -0.2700293
v -0.5622419 0.0257360 -0.2702665
v -0.5584527 0.0335513 -0.2526953
v -0.5584757 0.0273048 -0.2527121
v -0.5763308 0.0257349 -0.2508765
v -0.5760610 0.0311830 -0.2508108
v -0.5584759 0.0273049 -0.2342849
v -0.5584528 0.0335513 -0.2343016
v -0.5760583 0.0311829 -0.2361930
v -0.5763278 0.0257355 -0.2361283
v -0.5584528 0.0335513 -0.2343016
v -0.5584759 0.0273049 -0.2342849
v -0.5622435 0.0257344 -0.2167350
v -0.5620983 0.0311830 -0.2169714
v -0.5409503 0.0273049 -0.2285903
v -0.5409592 0.0335513 -0.2286174
v -0.5481939 0.0311824 -0.2124602
v -0.5482150 0.0257355 -0.2121840
v -0.5301473 0.0335515 -0.2434985
v -0.5409505 0.0273045 -0.2584062
v -0.5301185 0.0273051 -0.2434986
v -0.5457944 0.0275719 -0.2434985
v -0.5584759 0.0273049 -0.2342849
v -0.5584757 0.0273048 -0.2527121
v -0.5409503 0.0273049 -0.2285903
v -0.5170140 0.0311828 -0.2316258
v -0.5167574 0.0257364 -0.2315205
v -0.5301185 0.0273051 -0.2434986
v -0.5301473 0.0335515 -0.2434985
v -0.5071944 0.0263222 -0.2088979
v -0.5069126 0.0214308 -0.2086460
v -0.5167574 0.0257364 -0.2315205
v -0.5254175 0.0257349 -0.2195827
v -0.5255982 0.0311838 -0.2197940
v -0.5170140 0.0311828 -0.2316258
v -0.5567461 0.0214371 -0.1924668
v -0.5566672 0.0263265 -0.1928355
v -0.5667760 0.0263227 -0.1961090
v -0.5669288 0.0214317 -0.1957639
v -0.5482150 0.0257355 -0.2121840
v -0.5622435 0.0257344 -0.2167350
v -0.5481939 0.0311824 -0.2124602
v -0.5620983 0.0311830 -0.2169714
v -0.5069278 0.0214412 -0.2783543
v -0.5072088 0.0263298 -0.2781021
v -0.5009454 0.0263216 -0.2695188
v -0.5006179 0.0214298 -0.2697090
v -0.5254259 0.0257374 -0.2674115
v -0.5167454 0.0257351 -0.2554885
v -0.5170030 0.0311844 -0.2553819
v -0.5256060 0.0311834 -0.2672000
v -0.5669268 0.0214349 -0.2912456
v -0.5667742 0.0263253 -0.2908998
v -0.5566681 0.0263257 -0.2941823
v -0.5567471 0.0214355 -0.2945519
v -0.5482153 0.0257361 -0.2748231
v -0.5622419 0.0257360 -0.2702665
v -0.5481942 0.0311836 -0.2745457
v -0.5620968 0.0311838 -0.2700293
v -0.5977197 0.0214358 -0.2381556
v -0.5973444 0.0263257 -0.2381939
v -0.5973491 0.0263239 -0.2488196
v -0.5977246 0.0214333 -0.2488588
v -0.5763278 0.0257355 -0.2361283
v -0.5763308 0.0257349 -0.2508765
v -0.5760610 0.0311830 -0.2508108
v -0.5760583 0.0311829 -0.2361930
v -0.5638502 0.0110184 -0.3065595
v -0.5638403 0.0127595 -0.3079944
v -0.5690582 0.0127595 -0.3062936
v -0.5682297 0.0110184 -0.3051320
v -0.5634048 0.0145390 -0.3110622
v -0.5650293 0.0174822 -0.3098533
v -0.5653053 0.0179139 -0.3083330
v -0.5638806 0.0141144 -0.3081179
v -0.5650293 0.0174822 -0.3098533
v -0.5634048 0.0145390 -0.3110622
v -0.5713732 0.0145390 -0.3084650
v -0.5693124 0.0174822 -0.3084573
v -0.5690985 0.0141144 -0.3064172
v -0.5681100 0.0179139 -0.3074188
v -0.5693124 0.0174822 -0.3084573
v -0.5713732 0.0145390 -0.3084650
v -0.5641075 0.0066557 -0.3080645
v -0.5636751 0.0089102 -0.3084557
v -0.5642346 0.0087873 -0.3059488
v -0.5645668 0.0066557 -0.3058279
v -0.5638806 0.0141144 -0.3081179
v -0.5653053 0.0179139 -0.3083330
v -0.5681100 0.0179139 -0.3074188
v -0.5690985 0.0141144 -0.3064172
v -0.5653053 0.0179139 -0.3083330
v -0.5650293 0.0174822 -0.3098533
v -0.5693124 0.0174822 -0.3084573
v -0.5681100 0.0179139 -0.3074188
v -0.5641075 0.0066557 -0.3080645
v -0.5645668 0.0066557 -0.3058279
v -0.5672695 0.0066557 -0.3049470
v -0.5690389 0.0066557 -0.3064572
v -0.5636751 0.0089102 -0.3084557
v -0.5641075 0.0066557 -0.3080645
v -0.5690389 0.0066557 -0.3064572
v -0.5696188 0.0089102 -0.3065184
v -0.5672695 0.0066557 -0.3049470
v -0.5675897 0.0087873 -0.3048552
v -0.5696188 0.0089102 -0.3065184
v -0.5690389 0.0066557 -0.3064572
v -0.5690582 0.0127595 -0.3062936
v -0.5713732 0.0128898 -0.3084650
v -0.5645668 0.0066557 -0.3058279
v -0.5642346 0.0087873 -0.3059488
v -0.5675897 0.0087873 -0.3048552
v -0.5672695 0.0066557 -0.3049470
v -0.5657148 0.0144923 -0.3181496
v -0.5654592 0.0132320 -0.3173654
v -0.5661493 0.0117553 -0.3194826
v -0.5665116 0.0129187 -0.3205940
v -0.5634048 0.0128898 -0.3110622
v -0.5638403 0.0127595 -0.3079944
v -0.5665116 0.0129187 -0.3205940
v -0.5661493 0.0117553 -0.3194826
v -0.5741177 0.0117553 -0.3168853
v -0.5744799 0.0129187 -0.3179967
v -0.5654592 0.0132320 -0.3173654
v -0.5734276 0.0132320 -0.3147682
v -0.5734276 0.0132320 -0.3147682
v -0.5736832 0.0144923 -0.3155523
v -0.5744799 0.0129187 -0.3179967
v -0.5741177 0.0117553 -0.3168853
v -0.5717600 0.0148246 -0.3096518
v -0.5718546 0.0132039 -0.3099421
v -0.5726454 0.0154729 -0.3123684
v -0.5726454 0.0138236 -0.3123684
v -0.5657148 0.0144923 -0.3181496
v -0.5665116 0.0129187 -0.3205940
v -0.5744799 0.0129187 -0.3179967
v -0.5736832 0.0144923 -0.3155523
v -0.5634048 0.0145390 -0.3110622
v -0.5637916 0.0148246 -0.3122491
v -0.5717600 0.0148246 -0.3096518
v -0.5713732 0.0145390 -0.3084650
v -0.5646771 0.0154729 -0.3149656
v -0.5726454 0.0154729 -0.3123684
v -0.5638862 0.0132039 -0.3125393
v -0.5634048 0.0128898 -0.3110622
v -0.5713732 0.0128898 -0.3084650
v -0.5718546 0.0132039 -0.3099421
v -0.5646771 0.0138236 -0.3149656
v -0.5726454 0.0138236 -0.3123684
v -0.5638862 0.0132039 -0.3125393
v -0.5637916 0.0148246 -0.3122491
v -0.5646771 0.0138236 -0.3149656
v -0.5646771 0.0154729 -0.3149656
v -0.5633341 0.0110514 -0.3091275
v -0.5702902 0.0110514 -0.3068603
v -0.5633341 0.0110514 -0.3091275
v -0.5702902 0.0110514 -0.3068603
v -0.5682297 0.0110184 -0.3051320
v -0.5702902 0.0110514 -0.3068603
v -0.5633341 0.0110514 -0.3091275
v -0.5638502 0.0110184 -0.3065595
v -0.6101089 0.0107027 -0.2410168
v -0.6101089 0.0107027 -0.2455437
v -0.6114467 0.0124139 -0.2459899
v -0.6114467 0.0124139 -0.2405964
v -0.6122091 0.0174883 -0.2447242
v -0.6115743 0.0137454 -0.2459899
v -0.6141805 0.0141627 -0.2473312
v -0.6135457 0.0170641 -0.2454451
v -0.6135457 0.0170641 -0.2410178
v -0.6135457 0.0170641 -0.2454451
v -0.6141805 0.0141627 -0.2473312
v -0.6141805 0.0141627 -0.2390946
v -0.6115743 0.0137454 -0.2405964
v -0.6122092 0.0174883 -0.2418250
v -0.6135457 0.0170641 -0.2410178
v -0.6141805 0.0141627 -0.2390946
v -0.6096553 0.0085101 -0.2449985
v -0.6096436 0.0064152 -0.2446513
v -0.6115935 0.0064152 -0.2457616
v -0.6118274 0.0086309 -0.2462848
v -0.6115743 0.0137454 -0.2405964
v -0.6115743 0.0137454 -0.2459899
v -0.6122091 0.0174883 -0.2447242
v -0.6122092 0.0174883 -0.2418250
v -0.6122092 0.0174883 -0.2418250
v -0.6122091 0.0174883 -0.2447242
v -0.6135457 0.0170641 -0.2454451
v -0.6135457 0.0170641 -0.2410178
v -0.6096436 0.0064152 -0.2446513
v -0.6096436 0.0064152 -0.2418577
v -0.6115935 0.0064152 -0.2406642
v -0.6115935 0.0064152 -0.2457616
v -0.6115935 0.0064152 -0.2457616
v -0.6115935 0.0064152 -0.2406642
v -0.6118274 0.0086309 -0.2401410
v -0.6118274 0.0086309 -0.2462848
v -0.6096436 0.0064152 -0.2418577
v -0.6096553 0.0085101 -0.2415305
v -0.6118274 0.0086309 -0.2401410
v -0.6115935 0.0064152 -0.2406642
v -0.6114467 0.0124139 -0.2405964
v -0.6141805 0.0125419 -0.2390946
v -0.6096436 0.0064152 -0.2418577
v -0.6096436 0.0064152 -0.2446513
v -0.6096553 0.0085101 -0.2449985
v -0.6096553 0.0085101 -0.2415305
v -0.6215064 0.0141167 -0.2473312
v -0.6206959 0.0128782 -0.2473312
v -0.6228843 0.0114269 -0.2473312
v -0.6240331 0.0125703 -0.2473312
v -0.6114467 0.0124139 -0.2459899
v -0.6141805 0.0125419 -0.2473312
v -0.6228843 0.0114269 -0.2473312
v -0.6228843 0.0114269 -0.2390946
v -0.6240331 0.0125703 -0.2390946
v -0.6240331 0.0125703 -0.2473312
v -0.6206959 0.0128782 -0.2473312
v -0.6206959 0.0128781 -0.2390946
v -0.6206959 0.0128781 -0.2390946
v -0.6215064 0.0141167 -0.2390946
v -0.6240331 0.0125703 -0.2390946
v -0.6228843 0.0114269 -0.2390946
v -0.6154073 0.0144433 -0.2390946
v -0.6157074 0.0128506 -0.2390946
v -0.6182153 0.0150804 -0.2390946
v -0.6182153 0.0134596 -0.2390946
v -0.6215064 0.0141167 -0.2390946
v -0.6215064 0.0141167 -0.2473312
v -0.6240331 0.0125703 -0.2473312
v -0.6240331 0.0125703 -0.2390946
v -0.6141805 0.0141627 -0.2390946
v -0.6141805 0.0141627 -0.2473312
v -0.6154073 0.0144433 -0.2473312
v -0.6154073 0.0144433 -0.2390946
v -0.6182153 0.0150804 -0.2473312
v -0.6182153 0.0150804 -0.2390946
v -0.6141805 0.0125419 -0.2473312
v -0.6141805 0.0125419 -0.2390946
v -0.6157074 0.0128506 -0.2390946
v -0.6157074 0.0128506 -0.2473312
v -0.6182153 0.0134596 -0.2390946
v -0.6182153 0.0134596 -0.2473312
v -0.6157074 0.0128506 -0.2473312
v -0.6154073 0.0144433 -0.2473312
v -0.6182153 0.0134596 -0.2473312
v -0.6182153 0.0150804 -0.2473312
v -0.6123513 0.0107352 -0.2396178
v -0.6123513 0.0107352 -0.2468080
v -0.6123513 0.0107352 -0.2468080
v -0.6123513 0.0107352 -0.2396178
v -0.6101089 0.0107027 -0.2410168
v -0.6123513 0.0107352 -0.2396178
v -0.6101089 0.0107027 -0.2455437
v -0.6123513 0.0107352 -0.2468080
v -0.5635766 0.0124139 -0.1798903
v -0.5635617 0.0107027 -0.1812924
v -0.5678658 0.0107027 -0.1826953
v -0.5687046 0.0124139 -0.1815617
v -0.5677375 0.0174883 -0.1804444
v -0.5687442 0.0137454 -0.1814403
v -0.5708271 0.0141627 -0.1793780
v -0.5688371 0.0170641 -0.1793971
v -0.5629960 0.0141627 -0.1768256
v -0.5646278 0.0170641 -0.1780252
v -0.5688371 0.0170641 -0.1793971
v -0.5708271 0.0141627 -0.1793780
v -0.5646278 0.0170641 -0.1780252
v -0.5629960 0.0141627 -0.1768256
v -0.5636161 0.0137454 -0.1797689
v -0.5649811 0.0174883 -0.1795460
v -0.5672068 0.0085101 -0.1829576
v -0.5668731 0.0064152 -0.1828612
v -0.5685331 0.0064152 -0.1813513
v -0.5691030 0.0086309 -0.1812911
v -0.5649811 0.0174883 -0.1795460
v -0.5636161 0.0137454 -0.1797689
v -0.5646278 0.0170641 -0.1780252
v -0.5649811 0.0174883 -0.1795460
v -0.5677375 0.0174883 -0.1804444
v -0.5688371 0.0170641 -0.1793971
v -0.5642170 0.0064152 -0.1819954
v -0.5636866 0.0064152 -0.1797716
v -0.5685331 0.0064152 -0.1813513
v -0.5668731 0.0064152 -0.1828612
v -0.5636866 0.0064152 -0.1797716
v -0.5632617 0.0086309 -0.1793872
v -0.5691030 0.0086309 -0.1812911
v -0.5685331 0.0064152 -0.1813513
v -0.5632617 0.0086309 -0.1793872
v -0.5636866 0.0064152 -0.1797716
v -0.5642170 0.0064152 -0.1819954
v -0.5639096 0.0085101 -0.1818829
v -0.5629960 0.0125419 -0.1768256
v -0.5635766 0.0124139 -0.1798903
v -0.5639096 0.0085101 -0.1818829
v -0.5642170 0.0064152 -0.1819954
v -0.5730973 0.0141167 -0.1724128
v -0.5728461 0.0128782 -0.1731834
v -0.5735243 0.0114269 -0.1711028
v -0.5738803 0.0125703 -0.1700105
v -0.5708271 0.0125419 -0.1793780
v -0.5656932 0.0114269 -0.1685503
v -0.5660493 0.0125703 -0.1674580
v -0.5738803 0.0125703 -0.1700105
v -0.5735243 0.0114269 -0.1711028
v -0.5650151 0.0128781 -0.1706310
v -0.5728461 0.0128782 -0.1731834
v -0.5650151 0.0128781 -0.1706310
v -0.5652662 0.0141167 -0.1698603
v -0.5660493 0.0125703 -0.1674580
v -0.5656932 0.0114269 -0.1685503
v -0.5633761 0.0144433 -0.1756592
v -0.5634691 0.0128506 -0.1753739
v -0.5642463 0.0150804 -0.1729894
v -0.5642463 0.0134596 -0.1729894
v -0.5660493 0.0125703 -0.1674580
v -0.5652662 0.0141167 -0.1698603
v -0.5730973 0.0141167 -0.1724128
v -0.5738803 0.0125703 -0.1700105
v -0.5633761 0.0144433 -0.1756592
v -0.5629960 0.0141627 -0.1768256
v -0.5708271 0.0141627 -0.1793780
v -0.5712073 0.0144433 -0.1782117
v -0.5642463 0.0150804 -0.1729894
v -0.5720774 0.0150804 -0.1755419
v -0.5629960 0.0125419 -0.1768256
v -0.5634691 0.0128506 -0.1753739
v -0.5713003 0.0128506 -0.1779264
v -0.5708271 0.0125419 -0.1793780
v -0.5642463 0.0134596 -0.1729894
v -0.5720774 0.0134596 -0.1755419
v -0.5708271 0.0141627 -0.1793780
v -0.5708271 0.0125419 -0.1793780
v -0.5713003 0.0128506 -0.1779264
v -0.5712073 0.0144433 -0.1782117
v -0.5720774 0.0134596 -0.1755419
v -0.5720774 0.0150804 -0.1755419
v -0.5629266 0.0107352 -0.1787269
v -0.5697628 0.0107352 -0.1809551
v -0.5629266 0.0107352 -0.1787269
v -0.5697628 0.0107352 -0.1809551
v -0.5629266 0.0107352 -0.1787269
v -0.5635617 0.0107027 -0.1812924
v -0.5697628 0.0107352 -0.1809551
v -0.4910243 0.0124138 -0.2065912
v -0.4923529 0.0107027 -0.2070399
v -0.4950205 0.0107027 -0.2033824
v -0.4942026 0.0124138 -0.2022336
v -0.4927842 0.0141627 -0.1995389
v -0.4921857 0.0170641 -0.2014369
v -0.4928407 0.0174883 -0.2028069
v -0.4940995 0.0137454 -0.2021583
v -0.4879306 0.0141627 -0.2061935
v -0.4895768 0.0170641 -0.2050138
v -0.4921857 0.0170641 -0.2014369
v -0.4927842 0.0141627 -0.1995389
v -0.4895768 0.0170641 -0.2050138
v -0.4879306 0.0141627 -0.2061935
v -0.4909211 0.0137454 -0.2065160
v -0.4911322 0.0174883 -0.2051492
v -0.4939494 0.0064152 -0.2023315
v -0.4940688 0.0086308 -0.2017710
v -0.4950656 0.0085101 -0.2040902
v -0.4948705 0.0064152 -0.2043776
v -0.4940995 0.0137454 -0.2021583
v -0.4928407 0.0174883 -0.2028069
v -0.4895768 0.0170641 -0.2050138
v -0.4911322 0.0174883 -0.2051492
v -0.4928407 0.0174883 -0.2028069
v -0.4921857 0.0170641 -0.2014369
v -0.4932243 0.0064152 -0.2066347
v -0.4909456 0.0064152 -0.2064498
v -0.4939494 0.0064152 -0.2023315
v -0.4948705 0.0064152 -0.2043776
v -0.4909456 0.0064152 -0.2064498
v -0.4904484 0.0086308 -0.2067347
v -0.4940688 0.0086308 -0.2017710
v -0.4939494 0.0064152 -0.2023315
v -0.4904484 0.0086308 -0.2067347
v -0.4909456 0.0064152 -0.2064498
v -0.4932243 0.0064152 -0.2066347
v -0.4930221 0.0085101 -0.2068921
v -0.4879306 0.0125419 -0.2061935
v -0.4910243 0.0124138 -0.2065912
v -0.4948705 0.0064152 -0.2043776
v -0.4950656 0.0085101 -0.2040902
v -0.4857522 0.0114269 -0.1944100
v -0.4848240 0.0125703 -0.1937330
v -0.4868654 0.0141167 -0.1952219
v -0.4875202 0.0128781 -0.1956996
v -0.4927842 0.0125419 -0.1995389
v -0.4942026 0.0124138 -0.2022336
v -0.4942026 0.0124138 -0.2022336
v -0.4808985 0.0114269 -0.2010646
v -0.4799703 0.0125703 -0.2003876
v -0.4848240 0.0125703 -0.1937330
v -0.4857522 0.0114269 -0.1944100
v -0.4826666 0.0128781 -0.2023542
v -0.4875202 0.0128781 -0.1956996
v -0.4799703 0.0125703 -0.2003876
v -0.4808985 0.0114269 -0.2010646
v -0.4826666 0.0128781 -0.2023542
v -0.4820117 0.0141167 -0.2018765
v -0.4869394 0.0144433 -0.2054706
v -0.4866970 0.0128506 -0.2052938
v -0.4846708 0.0150804 -0.2038159
v -0.4846708 0.0134596 -0.2038159
v -0.4799703 0.0125703 -0.2003876
v -0.4820117 0.0141167 -0.2018765
v -0.4868654 0.0141167 -0.1952219
v -0.4848240 0.0125703 -0.1937330
v -0.4869394 0.0144433 -0.2054706
v -0.4879306 0.0141627 -0.2061935
v -0.4927842 0.0141627 -0.1995389
v -0.4917931 0.0144433 -0.1988161
v -0.4846708 0.0150804 -0.2038159
v -0.4895244 0.0150804 -0.1971613
v -0.4879306 0.0125419 -0.2061935
v -0.4866970 0.0128506 -0.2052938
v -0.4915506 0.0128505 -0.1986392
v -0.4927842 0.0125419 -0.1995389
v -0.4846708 0.0134596 -0.2038159
v -0.4895244 0.0134596 -0.1971613
v -0.4915506 0.0128505 -0.1986392
v -0.4917931 0.0144433 -0.1988161
v -0.4895244 0.0134596 -0.1971613
v -0.4895244 0.0150804 -0.1971613
v -0.4897168 0.0107352 -0.2068487
v -0.4939538 0.0107352 -0.2010395
v -0.4923529 0.0107027 -0.2070399
v -0.4950205 0.0107027 -0.2033824
v -0.4897168 0.0107352 -0.2068487
v -0.4939538 0.0107352 -0.2010395
v -0.4897168 0.0107352 -0.2068487
v -0.4939538 0.0107352 -0.2010395
v -0.4950205 0.0107027 -0.2033824
v -0.4921148 0.0107027 -0.2790525
v -0.4907691 0.0124139 -0.2794741
v -0.4939273 0.0124139 -0.2838463
v -0.4947655 0.0107027 -0.2827222
v -0.4877675 0.0141627 -0.2799876
v -0.4893865 0.0170641 -0.2811448
v -0.4908921 0.0174884 -0.2809466
v -0.4906656 0.0137454 -0.2795488
v -0.4893865 0.0170641 -0.2811448
v -0.4877675 0.0141627 -0.2799876
v -0.4925904 0.0141627 -0.2866645
v -0.4919789 0.0170641 -0.2847338
v -0.4919789 0.0170641 -0.2847338
v -0.4925904 0.0141627 -0.2866645
v -0.4938237 0.0137454 -0.2839211
v -0.4925897 0.0174884 -0.2832968
v -0.4907837 0.0064152 -0.2797452
v -0.4902878 0.0086309 -0.2794580
v -0.4928017 0.0085101 -0.2792289
v -0.4930146 0.0064152 -0.2795034
v -0.4906656 0.0137454 -0.2795488
v -0.4908921 0.0174884 -0.2809466
v -0.4908921 0.0174884 -0.2809466
v -0.4893865 0.0170641 -0.2811448
v -0.4919789 0.0170641 -0.2847338
v -0.4925897 0.0174884 -0.2832968
v -0.4907837 0.0064152 -0.2797452
v -0.4930146 0.0064152 -0.2795034
v -0.4946504 0.0064152 -0.2817681
v -0.4937684 0.0064152 -0.2838773
v -0.4902878 0.0086309 -0.2794580
v -0.4907837 0.0064152 -0.2797452
v -0.4937684 0.0064152 -0.2838773
v -0.4938852 0.0086309 -0.2844384
v -0.4938852 0.0086309 -0.2844384
v -0.4937684 0.0064152 -0.2838773
v -0.4946504 0.0064152 -0.2817681
v -0.4948324 0.0085101 -0.2820402
v -0.4925904 0.0125419 -0.2866645
v -0.4930146 0.0064152 -0.2795034
v -0.4928017 0.0085101 -0.2792289
v -0.4807119 0.0114269 -0.2850840
v -0.4797806 0.0125703 -0.2857567
v -0.4818288 0.0141168 -0.2842772
v -0.4824859 0.0128782 -0.2838026
v -0.4877675 0.0125419 -0.2799876
v -0.4907691 0.0124139 -0.2794741
v -0.4797806 0.0125703 -0.2857567
v -0.4807119 0.0114269 -0.2850840
v -0.4855348 0.0114269 -0.2917609
v -0.4846035 0.0125703 -0.2924336
v -0.4824859 0.0128782 -0.2838026
v -0.4873088 0.0128782 -0.2904795
v -0.4846035 0.0125703 -0.2924336
v -0.4855348 0.0114269 -0.2917609
v -0.4873088 0.0128782 -0.2904795
v -0.4866517 0.0141168 -0.2909541
v -0.4915959 0.0144433 -0.2873828
v -0.4913527 0.0128506 -0.2875585
v -0.4925904 0.0125419 -0.2866645
v -0.4925904 0.0141627 -0.2866645
v -0.4893196 0.0150805 -0.2890270
v -0.4893196 0.0134597 -0.2890270
v -0.4818288 0.0141168 -0.2842772
v -0.4797806 0.0125703 -0.2857567
v -0.4846035 0.0125703 -0.2924336
v -0.4866517 0.0141168 -0.2909541
v -0.4877675 0.0141627 -0.2799876
v -0.4867730 0.0144433 -0.2807059
v -0.4915959 0.0144433 -0.2873828
v -0.4925904 0.0141627 -0.2866645
v -0.4844968 0.0150805 -0.2823501
v -0.4893196 0.0150805 -0.2890270
v -0.4865298 0.0128506 -0.2808816
v -0.4877675 0.0125419 -0.2799876
v -0.4925904 0.0125419 -0.2866645
v -0.4913527 0.0128506 -0.2875585
v -0.4844968 0.0134597 -0.2823501
v -0.4893196 0.0134597 -0.2890270
v -0.4865298 0.0128506 -0.2808816
v -0.4867730 0.0144433 -0.2807059
v -0.4844968 0.0134597 -0.2823501
v -0.4844968 0.0150805 -0.2823501
v -0.4895567 0.0107352 -0.2793406
v -0.4937669 0.0107352 -0.2851693
v -0.4895567 0.0107352 -0.2793406
v -0.4937669 0.0107352 -0.2851693
v -0.4937669 0.0107352 -0.2851693
v -0.4895567 0.0107352 -0.2793406
v -0.4921148 0.0107027 -0.2790525
v -0.5298269 0.1467003 -0.1869783
v -0.5320409 0.1434165 -0.1869783
v -0.5417062 0.1448920 -0.1869783
v -0.5407750 0.1482252 -0.1869783
v -0.5320409 0.1434165 -0.1869783
v -0.5318544 0.1434771 -0.1721110
v -0.5417062 0.1448920 -0.1721110
v -0.5417062 0.1448920 -0.1869783
v -0.5298269 0.1467003 -0.1732649
v -0.5407750 0.1482252 -0.1732910
v -0.5318544 0.1434771 -0.1721110
v -0.5417062 0.1448920 -0.1721110
v -0.5994650 0.1501783 -0.1744174
v -0.5982837 0.1468162 -0.1736103
v -0.5982837 0.1468162 -0.1736103
v -0.5984575 0.1467997 -0.1867461
v -0.5994650 0.1501783 -0.1869783
v -0.5984575 0.1467997 -0.1867461
v -0.5430195 0.1023037 -0.1808731
v -0.5418858 0.0990416 -0.1808231
v -0.5514656 0.0978292 -0.1817002
v -0.5529583 0.1013242 -0.1818735
v -0.5658367 0.0978591 -0.1830613
v -0.5668313 0.1013160 -0.1829878
v -0.5418858 0.0990416 -0.1789189
v -0.5429892 0.1023100 -0.1785205
v -0.5529583 0.1013242 -0.1797652
v -0.5514656 0.0978292 -0.1796182
v -0.5668313 0.1013160 -0.1807500
v -0.5658367 0.0978591 -0.1808473
v -0.5429892 0.1023100 -0.1785205
v -0.5430195 0.1023037 -0.1808731
v -0.5529583 0.1013242 -0.1818735
v -0.5529583 0.1013242 -0.1797652
v -0.5668313 0.1013160 -0.1829878
v -0.5668313 0.1013160 -0.1807500
v -0.6009101 0.1459814 -0.1859629
v -0.6013676 0.1465593 -0.1750269
v -0.6040094 0.1453406 -0.1767545
v -0.6034290 0.1446483 -0.1849342
v -0.6013676 0.1465593 -0.1750269
v -0.6029693 0.1489230 -0.1753495
v -0.6057862 0.1470556 -0.1770347
v -0.6040094 0.1453406 -0.1767545
v -0.6031156 0.1488309 -0.1860381
v -0.6058702 0.1470084 -0.1852573
v -0.6009101 0.1459814 -0.1859629
v -0.6034290 0.1446483 -0.1849342
v -0.5162335 0.1401766 -0.1868050
v -0.5197759 0.1384357 -0.1867866
v -0.5257234 0.1428628 -0.1869783
v -0.5215990 0.1450936 -0.1869783
v -0.5144693 0.1333864 -0.1861106
v -0.5180204 0.1318149 -0.1860842
v -0.5197759 0.1384357 -0.1867866
v -0.5188828 0.1381335 -0.1733906
v -0.5247351 0.1426553 -0.1726142
v -0.5257234 0.1428628 -0.1869783
v -0.5180204 0.1318149 -0.1860842
v -0.5171152 0.1315835 -0.1737649
v -0.5164616 0.1400599 -0.1745826
v -0.5216813 0.1451097 -0.1737683
v -0.5150287 0.1329399 -0.1749192
v -0.5188828 0.1381335 -0.1733906
v -0.5247351 0.1426553 -0.1726142
v -0.5171152 0.1315835 -0.1737649
v -0.5145114 0.1221315 -0.1853180
v -0.5154142 0.1213702 -0.1765141
v -0.5180624 0.1212517 -0.1848534
v -0.5173062 0.1210770 -0.1751161
v -0.5180624 0.1212517 -0.1848534
v -0.5173062 0.1210770 -0.1751161
v -0.5222599 0.1078971 -0.1825671
v -0.5195498 0.1053550 -0.1827839
v -0.5245830 0.1023819 -0.1815773
v -0.5274587 0.1049394 -0.1811548
v -0.5168289 0.1099342 -0.1832782
v -0.5195535 0.1119235 -0.1832459
v -0.5194462 0.1110429 -0.1761965
v -0.5195535 0.1119235 -0.1832459
v -0.5222599 0.1078971 -0.1825671
v -0.5223467 0.1072682 -0.1772744
v -0.5274587 0.1049394 -0.1811548
v -0.5276309 0.1046224 -0.1777493
v -0.5175237 0.1106569 -0.1775524
v -0.5201914 0.1059241 -0.1785985
v -0.5250147 0.1027108 -0.1788844
v -0.5194462 0.1110429 -0.1761965
v -0.5223467 0.1072682 -0.1772744
v -0.5276309 0.1046224 -0.1777493
v -0.5323060 0.1002540 -0.1789674
v -0.5323060 0.1002540 -0.1806939
v -0.5330808 0.1034608 -0.1806204
v -0.5330808 0.1034608 -0.1806204
v -0.5330202 0.1034732 -0.1780235
v -0.5330202 0.1034732 -0.1780235
v -0.5922469 0.0982041 -0.1847966
v -0.5922547 0.0982042 -0.1828541
v -0.5987176 0.0991904 -0.1833131
v -0.5987119 0.0991856 -0.1851453
v -0.6024419 0.1018622 -0.1830930
v -0.6024322 0.1018438 -0.1848992
v -0.5948503 0.1017870 -0.1850676
v -0.5990262 0.1040969 -0.1848834
v -0.5886763 0.1015613 -0.1845323
v -0.5898753 0.1016910 -0.1827299
v -0.5961198 0.1019256 -0.1833070
v -0.6002188 0.1041869 -0.1832821
v -0.5898753 0.1016910 -0.1827299
v -0.5886763 0.1015613 -0.1845323
v -0.5948503 0.1017870 -0.1850676
v -0.5961198 0.1019256 -0.1833070
v -0.5990262 0.1040969 -0.1848834
v -0.6002188 0.1041869 -0.1832821
v -0.6024322 0.1018438 -0.1848992
v -0.6024419 0.1018622 -0.1830930
v -0.6042705 0.1053134 -0.1825586
v -0.6042705 0.1053134 -0.1843622
v -0.6002188 0.1041869 -0.1832821
v -0.6027390 0.1072611 -0.1830006
v -0.6002188 0.1041869 -0.1832821
v -0.5990262 0.1040969 -0.1848834
v -0.6022115 0.1079320 -0.1842223
v -0.6027390 0.1072611 -0.1830006
v -0.6022115 0.1079320 -0.1842223
v -0.5990262 0.1040969 -0.1848834
v -0.6065306 0.1392811 -0.1835439
v -0.6061542 0.1415576 -0.1837653
v -0.6071442 0.1418667 -0.1788040
v -0.6074590 0.1396122 -0.1793513
v -0.6047609 0.1435349 -0.1843758
v -0.6058675 0.1437696 -0.1778819
v -0.6074590 0.1396122 -0.1793513
v -0.6071442 0.1418667 -0.1788040
v -0.6091927 0.1421555 -0.1783997
v -0.6094278 0.1397958 -0.1787760
v -0.6058675 0.1437696 -0.1778819
v -0.6080964 0.1443170 -0.1778788
v -0.6091706 0.1421991 -0.1843367
v -0.6094064 0.1398351 -0.1842094
v -0.6080755 0.1443711 -0.1846597
v -0.6061542 0.1415576 -0.1837653
v -0.6065306 0.1392811 -0.1835439
v -0.6047609 0.1435349 -0.1843758
v -0.5320409 0.1434165 -0.3000613
v -0.5298269 0.1467003 -0.3000613
v -0.5407750 0.1482252 -0.3000613
v -0.5417062 0.1448921 -0.3000613
v -0.5318544 0.1434771 -0.3149286
v -0.5320409 0.1434165 -0.3000613
v -0.5417062 0.1448921 -0.3000613
v -0.5417062 0.1448921 -0.3149286
v -0.5298269 0.1467003 -0.3137747
v -0.5407750 0.1482252 -0.3137486
v -0.5318544 0.1434771 -0.3149286
v -0.5417062 0.1448921 -0.3149286
v -0.5982837 0.1468163 -0.3134294
v -0.5994650 0.1501784 -0.3126221
v -0.5984575 0.1467998 -0.3002935
v -0.5982837 0.1468163 -0.3134294
v -0.5994650 0.1501784 -0.3000613
v -0.5984575 0.1467998 -0.3002935
v -0.5418858 0.0990416 -0.3062165
v -0.5430195 0.1023038 -0.3061666
v -0.5529583 0.1013242 -0.3051661
v -0.5514656 0.0978292 -0.3053394
v -0.5668313 0.1013160 -0.3040518
v -0.5658367 0.0978591 -0.3039783
v -0.5429892 0.1023100 -0.3085191
v -0.5418858 0.0990416 -0.3081207
v -0.5514656 0.0978292 -0.3074214
v -0.5529583 0.1013242 -0.3072744
v -0.5658367 0.0978591 -0.3061923
v -0.5668313 0.1013160 -0.3062895
v -0.5430195 0.1023038 -0.3061666
v -0.5429892 0.1023100 -0.3085191
v -0.5529583 0.1013242 -0.3072744
v -0.5529583 0.1013242 -0.3051661
v -0.5668313 0.1013160 -0.3062895
v -0.5668313 0.1013160 -0.3040518
v -0.6013676 0.1465593 -0.3120127
v -0.6009101 0.1459814 -0.3010767
v -0.6034290 0.1446484 -0.3021054
v -0.6040094 0.1453406 -0.3102851
v -0.6029693 0.1489230 -0.3116901
v -0.6013676 0.1465593 -0.3120127
v -0.6040094 0.1453406 -0.3102851
v -0.6057862 0.1470556 -0.3100049
v -0.6031156 0.1488309 -0.3010015
v -0.6058702 0.1470084 -0.3017823
v -0.6009101 0.1459814 -0.3010767
v -0.6034290 0.1446484 -0.3021054
v -0.5197759 0.1384358 -0.3002530
v -0.5162335 0.1401766 -0.3002346
v -0.5215990 0.1450936 -0.3000613
v -0.5257234 0.1428628 -0.3000613
v -0.5144693 0.1333864 -0.3009290
v -0.5180204 0.1318149 -0.3009554
v -0.5188828 0.1381335 -0.3136490
v -0.5197759 0.1384358 -0.3002530
v -0.5257234 0.1428628 -0.3000613
v -0.5247351 0.1426553 -0.3144254
v -0.5171152 0.1315835 -0.3132747
v -0.5180204 0.1318149 -0.3009554
v -0.5164616 0.1400600 -0.3124570
v -0.5216813 0.1451097 -0.3132713
v -0.5150287 0.1329400 -0.3121204
v -0.5188828 0.1381335 -0.3136490
v -0.5247351 0.1426553 -0.3144254
v -0.5171152 0.1315835 -0.3132747
v -0.5145114 0.1221315 -0.3017217
v -0.5154142 0.1213702 -0.3105256
v -0.5180624 0.1212517 -0.3021862
v -0.5173062 0.1210771 -0.3119235
v -0.5180624 0.1212517 -0.3021862
v -0.5173062 0.1210771 -0.3119235
v -0.5195498 0.1053550 -0.3042557
v -0.5222599 0.1078971 -0.3044725
v -0.5274587 0.1049394 -0.3058848
v -0.5245830 0.1023819 -0.3054623
v -0.5168289 0.1099343 -0.3037614
v -0.5195535 0.1119235 -0.3037937
v -0.5195535 0.1119235 -0.3037937
v -0.5194462 0.1110429 -0.3108431
v -0.5223467 0.1072682 -0.3097652
v -0.5222599 0.1078971 -0.3044725
v -0.5276309 0.1046224 -0.3092903
v -0.5274587 0.1049394 -0.3058848
v -0.5175237 0.1106569 -0.3094872
v -0.5201914 0.1059241 -0.3084410
v -0.5250147 0.1027108 -0.3081553
v -0.5194462 0.1110429 -0.3108431
v -0.5223467 0.1072682 -0.3097652
v -0.5276309 0.1046224 -0.3092903
v -0.5323060 0.1002540 -0.3063457
v -0.5323060 0.1002540 -0.3080722
v -0.5330808 0.1034608 -0.3064192
v -0.5330202 0.1034733 -0.3090161
v -0.5330808 0.1034608 -0.3064192
v -0.5330202 0.1034733 -0.3090161
v -0.5922547 0.0982042 -0.3041855
v -0.5922469 0.0982041 -0.3022430
v -0.5987119 0.0991856 -0.3018943
v -0.5987176 0.0991904 -0.3037265
v -0.6024322 0.1018439 -0.3021405
v -0.6024419 0.1018623 -0.3039466
v -0.5948503 0.1017871 -0.3019720
v -0.5990262 0.1040969 -0.3021562
v -0.5886763 0.1015613 -0.3025073
v -0.5898753 0.1016910 -0.3043097
v -0.5961198 0.1019256 -0.3037326
v -0.6002188 0.1041869 -0.3037575
v -0.5886763 0.1015613 -0.3025073
v -0.5898753 0.1016910 -0.3043097
v -0.5961198 0.1019256 -0.3037326
v -0.5948503 0.1017871 -0.3019720
v -0.6002188 0.1041869 -0.3037575
v -0.5990262 0.1040969 -0.3021562
v -0.6024419 0.1018623 -0.3039466
v -0.6024322 0.1018439 -0.3021405
v -0.6042705 0.1053134 -0.3026774
v -0.6042705 0.1053134 -0.3044810
v -0.6002188 0.1041869 -0.3037575
v -0.6027390 0.1072611 -0.3040390
v -0.5990262 0.1040969 -0.3021562
v -0.6002188 0.1041869 -0.3037575
v -0.6027390 0.1072611 -0.3040390
v -0.6022115 0.1079320 -0.3028174
v -0.5990262 0.1040969 -0.3021562
v -0.6022115 0.1079320 -0.3028174
v -0.6061542 0.1415576 -0.3032743
v -0.6065306 0.1392812 -0.3034956
v -0.6074590 0.1396122 -0.3076883
v -0.6071442 0.1418667 -0.3082356
v -0.6058675 0.1437696 -0.3091577
v -0.6047609 0.1435349 -0.3026638
v -0.6071442 0.1418667 -0.3082356
v -0.6074590 0.1396122 -0.3076883
v -0.6094278 0.1397958 -0.3082636
v -0.6091927 0.1421555 -0.3086400
v -0.6058675 0.1437696 -0.3091577
v -0.6080964 0.1443170 -0.3091608
v -0.6091706 0.1421991 -0.3027029
v -0.6094064 0.1398352 -0.3028302
v -0.6080755 0.1443711 -0.3023799
v -0.6065306 0.1392812 -0.3034956
v -0.6061542 0.1415576 -0.3032743
v -0.6047609 0.1435349 -0.3026638
v -0.4841875 0.0115280 -0.2823725
v -0.4857407 0.0111468 -0.2812506
v -0.4841875 0.0065211 -0.2823725
v -0.4841875 0.0115280 -0.2823725
v -0.4849699 0.0130422 -0.2834557
v -0.4869929 0.0125458 -0.2819945
v -0.4857407 0.0111468 -0.2812506
v -0.4826343 0.0111469 -0.2834944
v -0.4826343 0.0111469 -0.2834944
v -0.4829470 0.0125458 -0.2849169
v -0.4804377 0.0084371 -0.2850811
v -0.4813175 0.0100615 -0.2844456
v -0.4870575 0.0100615 -0.2802995
v -0.4879374 0.0084371 -0.2796639
v -0.4882463 0.0065211 -0.2794408
v -0.4879374 0.0046050 -0.2796639
v -0.4870575 0.0029807 -0.2802995
v -0.4857407 0.0018953 -0.2812506
v -0.4841875 0.0015142 -0.2823725
v -0.4826343 0.0018953 -0.2834944
v -0.4813175 0.0029807 -0.2844456
v -0.4804377 0.0046050 -0.2850811
v -0.4801288 0.0065211 -0.2853042
v -0.4812320 0.0019100 -0.2861557
v -0.4813175 0.0029807 -0.2844456
v -0.4826343 0.0018953 -0.2834944
v -0.4829470 0.0004964 -0.2849169
v -0.4800861 0.0040256 -0.2869834
v -0.4804377 0.0046050 -0.2850811
v -0.4867279 0.0004964 -0.2901514
v -0.4850129 0.0019100 -0.2913902
v -0.4838671 0.0040256 -0.2922179
v -0.4796837 0.0065211 -0.2872741
v -0.4834646 0.0065211 -0.2925085
v -0.4801288 0.0065211 -0.2853042
v -0.4800861 0.0090166 -0.2869834
v -0.4796837 0.0065211 -0.2872741
v -0.4834646 0.0065211 -0.2925085
v -0.4838671 0.0090166 -0.2922179
v -0.4804377 0.0084371 -0.2850811
v -0.4801288 0.0065211 -0.2853042
v -0.4812320 0.0111322 -0.2861557
v -0.4850129 0.0111322 -0.2913902
v -0.4813175 0.0100615 -0.2844456
v -0.4867279 0.0125458 -0.2901514
v -0.4887509 0.0130422 -0.2886902
v -0.4866633 0.0100615 -0.2918463
v -0.4879800 0.0111469 -0.2908952
v -0.4895332 0.0115280 -0.2897733
v -0.4879800 0.0111469 -0.2908952
v -0.4866633 0.0100615 -0.2918463
v -0.4895332 0.0065211 -0.2897732
v -0.4895332 0.0115280 -0.2897733
v -0.4857834 0.0084371 -0.2924819
v -0.4854745 0.0065211 -0.2927050
v -0.4866633 0.0029807 -0.2918463
v -0.4879800 0.0018953 -0.2908952
v -0.4895332 0.0015142 -0.2897733
v -0.4924032 0.0029807 -0.2877002
v -0.4932831 0.0046050 -0.2870647
v -0.4935920 0.0065211 -0.2868415
v -0.4910865 0.0111469 -0.2886513
v -0.4924032 0.0100615 -0.2877002
v -0.4857834 0.0046050 -0.2924819
v -0.4910865 0.0018953 -0.2886513
v -0.4932831 0.0084371 -0.2870647
v -0.4907739 0.0125458 -0.2872289
v -0.4910865 0.0111469 -0.2886513
v -0.4924032 0.0100615 -0.2877002
v -0.4924889 0.0111322 -0.2859902
v -0.4932831 0.0084371 -0.2870647
v -0.4936348 0.0090166 -0.2851624
v -0.4887079 0.0111322 -0.2807557
v -0.4898538 0.0090166 -0.2799280
v -0.4902562 0.0065211 -0.2796373
v -0.4940371 0.0065211 -0.2848718
v -0.4935920 0.0065211 -0.2868415
v -0.4898538 0.0040256 -0.2799280
v -0.4936348 0.0040256 -0.2851624
v -0.4932831 0.0046050 -0.2870647
v -0.4887079 0.0019100 -0.2807557
v -0.4924889 0.0019100 -0.2859901
v -0.4924032 0.0029807 -0.2877002
v -0.4869929 0.0004964 -0.2819945
v -0.4907739 0.0004964 -0.2872289
v -0.4910865 0.0018953 -0.2886513
v -0.4849699 0.0000000 -0.2834557
v -0.4887509 0.0000000 -0.2886902
v -0.4895332 0.0015142 -0.2897733
v -0.4879800 0.0018953 -0.2908952
v -0.4866633 0.0029807 -0.2918463
v -0.4841875 0.0015142 -0.2823725
v -0.4857407 0.0018953 -0.2812506
v -0.4870575 0.0029807 -0.2802995
v -0.4879374 0.0046050 -0.2796639
v -0.4882463 0.0065211 -0.2794408
v -0.4879374 0.0084371 -0.2796639
v -0.4870575 0.0100615 -0.2802995
v -0.4857834 0.0046050 -0.2924819
v -0.4854745 0.0065211 -0.2927050
v -0.4854745 0.0065211 -0.2927050
v -0.4857834 0.0084371 -0.2924819
v -0.6184789 0.0115280 -0.2480736
v -0.6165629 0.0111468 -0.2480736
v -0.6184789 0.0065211 -0.2480736
v -0.6159834 0.0125458 -0.2467374
v -0.6165629 0.0111468 -0.2480736
v -0.6184789 0.0115280 -0.2480736
v -0.6184789 0.0130422 -0.2467374
v -0.6203950 0.0111468 -0.2480736
v -0.6203950 0.0111468 -0.2480736
v -0.6209744 0.0125458 -0.2467374
v -0.6231046 0.0084371 -0.2480736
v -0.6220193 0.0100615 -0.2480736
v -0.6149385 0.0100615 -0.2480736
v -0.6138532 0.0084371 -0.2480736
v -0.6134721 0.0065211 -0.2480736
v -0.6138532 0.0046050 -0.2480736
v -0.6149385 0.0029807 -0.2480736
v -0.6165629 0.0018953 -0.2480736
v -0.6184789 0.0015142 -0.2480736
v -0.6203950 0.0018953 -0.2480736
v -0.6220193 0.0029807 -0.2480736
v -0.6231046 0.0046050 -0.2480736
v -0.6234858 0.0065211 -0.2480736
v -0.6203950 0.0018953 -0.2480736
v -0.6209744 0.0004964 -0.2467374
v -0.6230900 0.0019100 -0.2467374
v -0.6220193 0.0029807 -0.2480736
v -0.6245036 0.0040256 -0.2467374
v -0.6231046 0.0046050 -0.2480736
v -0.6209744 0.0004964 -0.2402802
v -0.6230900 0.0019100 -0.2402802
v -0.6245036 0.0040256 -0.2402802
v -0.6250000 0.0065211 -0.2402802
v -0.6250000 0.0065211 -0.2467374
v -0.6234858 0.0065211 -0.2480736
v -0.6245036 0.0090166 -0.2402802
v -0.6245036 0.0090166 -0.2467374
v -0.6250000 0.0065211 -0.2467374
v -0.6250000 0.0065211 -0.2402802
v -0.6231046 0.0084371 -0.2480736
v -0.6234858 0.0065211 -0.2480736
v -0.6230900 0.0111322 -0.2402802
v -0.6230900 0.0111322 -0.2467374
v -0.6220193 0.0100615 -0.2480736
v -0.6209744 0.0125458 -0.2402802
v -0.6184789 0.0130422 -0.2402802
v -0.6203950 0.0111468 -0.2389440
v -0.6220193 0.0100615 -0.2389441
v -0.6184789 0.0115280 -0.2389441
v -0.6203950 0.0111468 -0.2389440
v -0.6220193 0.0100615 -0.2389441
v -0.6184789 0.0065211 -0.2389441
v -0.6184789 0.0115280 -0.2389441
v -0.6231047 0.0084371 -0.2389441
v -0.6234858 0.0065211 -0.2389441
v -0.6220193 0.0029807 -0.2389441
v -0.6203950 0.0018953 -0.2389441
v -0.6184789 0.0015142 -0.2389441
v -0.6149385 0.0029807 -0.2389441
v -0.6138532 0.0046050 -0.2389441
v -0.6134721 0.0065211 -0.2389441
v -0.6165629 0.0111468 -0.2389441
v -0.6149385 0.0100615 -0.2389441
v -0.6231046 0.0046050 -0.2389441
v -0.6165629 0.0018953 -0.2389441
v -0.6138532 0.0084371 -0.2389440
v -0.6149385 0.0100615 -0.2389441
v -0.6138678 0.0111322 -0.2402802
v -0.6159834 0.0125458 -0.2402802
v -0.6165629 0.0111468 -0.2389441
v -0.6138532 0.0084371 -0.2389440
v -0.6124542 0.0090166 -0.2402802
v -0.6138678 0.0111322 -0.2467374
v -0.6124542 0.0090166 -0.2467374
v -0.6119579 0.0065211 -0.2402802
v -0.6119579 0.0065211 -0.2467374
v -0.6134721 0.0065211 -0.2389441
v -0.6124542 0.0040256 -0.2402802
v -0.6124542 0.0040256 -0.2467374
v -0.6138532 0.0046050 -0.2389441
v -0.6138678 0.0019100 -0.2402802
v -0.6138678 0.0019100 -0.2467374
v -0.6149385 0.0029807 -0.2389441
v -0.6159834 0.0004964 -0.2402802
v -0.6159834 0.0004964 -0.2467374
v -0.6165629 0.0018953 -0.2389441
v -0.6184789 0.0000000 -0.2402802
v -0.6184789 0.0000000 -0.2467374
v -0.6184789 0.0015142 -0.2389441
v -0.6203950 0.0018953 -0.2389441
v -0.6220193 0.0029807 -0.2389441
v -0.6165629 0.0018953 -0.2480736
v -0.6184789 0.0015142 -0.2480736
v -0.6149385 0.0029807 -0.2480736
v -0.6138532 0.0046050 -0.2480736
v -0.6134721 0.0065211 -0.2480736
v -0.6138532 0.0084371 -0.2480736
v -0.6149385 0.0100615 -0.2480736
v -0.6231046 0.0046050 -0.2389441
v -0.6234858 0.0065211 -0.2389441
v -0.6234858 0.0065211 -0.2389441
v -0.6231047 0.0084371 -0.2389441
v -0.5726540 0.0115279 -0.1758102
v -0.5720602 0.0111468 -0.1776320
v -0.5726540 0.0065211 -0.1758102
v -0.5713836 0.0130421 -0.1753961
v -0.5706103 0.0125458 -0.1777688
v -0.5720602 0.0111468 -0.1776320
v -0.5726540 0.0115279 -0.1758102
v -0.5732478 0.0111468 -0.1739885
v -0.5721570 0.0125458 -0.1730236
v -0.5732478 0.0111468 -0.1739885
v -0.5740875 0.0084371 -0.1714123
v -0.5737511 0.0100615 -0.1724442
v -0.5715569 0.0100615 -0.1791763
v -0.5712205 0.0084371 -0.1802083
v -0.5711024 0.0065211 -0.1805707
v -0.5712205 0.0046050 -0.1802083
v -0.5715569 0.0029807 -0.1791763
v -0.5720602 0.0018953 -0.1776320
v -0.5726540 0.0015142 -0.1758102
v -0.5732478 0.0018953 -0.1739885
v -0.5737512 0.0029807 -0.1724442
v -0.5740875 0.0046050 -0.1714123
v -0.5742056 0.0065211 -0.1710499
v -0.5721570 0.0004964 -0.1730236
v -0.5728126 0.0019100 -0.1710120
v -0.5737512 0.0029807 -0.1724442
v -0.5732478 0.0018953 -0.1739885
v -0.5732507 0.0040256 -0.1696680
v -0.5740875 0.0046050 -0.1714123
v -0.5660176 0.0004964 -0.1710225
v -0.5666733 0.0019100 -0.1690110
v -0.5671113 0.0040256 -0.1676670
v -0.5672652 0.0065211 -0.1671950
v -0.5734045 0.0065211 -0.1691961
v -0.5742056 0.0065211 -0.1710499
v -0.5672652 0.0065211 -0.1671950
v -0.5671113 0.0090166 -0.1676670
v -0.5732507 0.0090166 -0.1696680
v -0.5734045 0.0065211 -0.1691961
v -0.5740875 0.0084371 -0.1714123
v -0.5742056 0.0065211 -0.1710499
v -0.5666733 0.0111322 -0.1690110
v -0.5728126 0.0111322 -0.1710120
v -0.5737511 0.0100615 -0.1724442
v -0.5660176 0.0125458 -0.1710225
v -0.5652443 0.0130421 -0.1733951
v -0.5650711 0.0100615 -0.1696150
v -0.5645677 0.0111468 -0.1711593
v -0.5639740 0.0115279 -0.1729810
v -0.5645677 0.0111468 -0.1711593
v -0.5650711 0.0100615 -0.1696150
v -0.5639740 0.0065211 -0.1729810
v -0.5639740 0.0115279 -0.1729810
v -0.5654075 0.0084371 -0.1685831
v -0.5655256 0.0065211 -0.1682207
v -0.5650711 0.0029807 -0.1696150
v -0.5645677 0.0018953 -0.1711593
v -0.5639740 0.0015142 -0.1729810
v -0.5628768 0.0029807 -0.1763472
v -0.5625405 0.0046050 -0.1773791
v -0.5624224 0.0065211 -0.1777415
v -0.5633802 0.0111468 -0.1748028
v -0.5628768 0.0100615 -0.1763472
v -0.5654075 0.0046050 -0.1685831
v -0.5633802 0.0018953 -0.1748028
v -0.5625405 0.0084371 -0.1773791
v -0.5633802 0.0111468 -0.1748028
v -0.5628768 0.0100615 -0.1763472
v -0.5638153 0.0111322 -0.1777792
v -0.5644709 0.0125458 -0.1757678
v -0.5625405 0.0084371 -0.1773791
v -0.5633773 0.0090166 -0.1791232
v -0.5699547 0.0111322 -0.1797803
v -0.5695166 0.0090166 -0.1811243
v -0.5632234 0.0065211 -0.1795952
v -0.5693628 0.0065211 -0.1815962
v -0.5624224 0.0065211 -0.1777415
v -0.5633773 0.0040256 -0.1791232
v -0.5695166 0.0040256 -0.1811243
v -0.5625405 0.0046050 -0.1773791
v -0.5638153 0.0019100 -0.1777792
v -0.5699547 0.0019100 -0.1797803
v -0.5628768 0.0029807 -0.1763472
v -0.5644709 0.0004964 -0.1757678
v -0.5706103 0.0004964 -0.1777688
v -0.5633802 0.0018953 -0.1748028
v -0.5652443 0.0000000 -0.1733951
v -0.5713836 0.0000000 -0.1753961
v -0.5639740 0.0015142 -0.1729810
v -0.5645677 0.0018953 -0.1711593
v -0.5650711 0.0029807 -0.1696150
v -0.5726540 0.0015142 -0.1758102
v -0.5720602 0.0018953 -0.1776320
v -0.5715569 0.0029807 -0.1791763
v -0.5712205 0.0046050 -0.1802083
v -0.5711024 0.0065211 -0.1805707
v -0.5712205 0.0084371 -0.1802083
v -0.5715569 0.0100615 -0.1791763
v -0.5654075 0.0046050 -0.1685831
v -0.5655256 0.0065211 -0.1682207
v -0.5655256 0.0065211 -0.1682207
v -0.5654075 0.0084371 -0.1685831
v -0.4897473 0.0115279 -0.1969852
v -0.4912953 0.0111469 -0.1981143
v -0.4897473 0.0065211 -0.1969852
v -0.4897473 0.0115279 -0.1969852
v -0.4889599 0.0130422 -0.1980647
v -0.4909761 0.0125458 -0.1995353
v -0.4912953 0.0111469 -0.1981143
v -0.4881993 0.0111469 -0.1958561
v -0.4881993 0.0111469 -0.1958561
v -0.4869437 0.0125458 -0.1965942
v -0.4860100 0.0084371 -0.1942594
v -0.4868869 0.0100615 -0.1948989
v -0.4926077 0.0100615 -0.1990715
v -0.4934846 0.0084371 -0.1997110
v -0.4937925 0.0065211 -0.1999356
v -0.4934846 0.0046050 -0.1997110
v -0.4926077 0.0029807 -0.1990715
v -0.4912953 0.0018953 -0.1981143
v -0.4897473 0.0015142 -0.1969852
v -0.4881993 0.0018953 -0.1958561
v -0.4868869 0.0029807 -0.1948989
v -0.4860100 0.0046050 -0.1942594
v -0.4857021 0.0065211 -0.1940348
v -0.4852345 0.0019100 -0.1953475
v -0.4868869 0.0029807 -0.1948989
v -0.4881993 0.0018953 -0.1958561
v -0.4869437 0.0004964 -0.1965942
v -0.4840924 0.0040256 -0.1945145
v -0.4860100 0.0046050 -0.1942594
v -0.4831386 0.0004964 -0.2018112
v -0.4814294 0.0019100 -0.2005645
v -0.4802873 0.0040256 -0.1997315
v -0.4798863 0.0065211 -0.1994390
v -0.4836913 0.0065211 -0.1942220
v -0.4857021 0.0065211 -0.1940348
v -0.4798863 0.0065211 -0.1994390
v -0.4802873 0.0090166 -0.1997315
v -0.4840924 0.0090166 -0.1945145
v -0.4836913 0.0065211 -0.1942220
v -0.4860100 0.0084371 -0.1942594
v -0.4857021 0.0065211 -0.1940348
v -0.4814294 0.0111322 -0.2005645
v -0.4852345 0.0111322 -0.1953475
v -0.4868869 0.0100615 -0.1948989
v -0.4831386 0.0125458 -0.2018112
v -0.4851549 0.0130422 -0.2032817
v -0.4815071 0.0100615 -0.2022749
v -0.4828195 0.0111469 -0.2032321
v -0.4843675 0.0115279 -0.2043612
v -0.4828195 0.0111469 -0.2032321
v -0.4815071 0.0100615 -0.2022749
v -0.4843675 0.0065211 -0.2043612
v -0.4843675 0.0115279 -0.2043612
v -0.4806302 0.0084371 -0.2016353
v -0.4803223 0.0065211 -0.2014107
v -0.4815071 0.0029807 -0.2022749
v -0.4828195 0.0018953 -0.2032321
v -0.4843675 0.0015142 -0.2043612
v -0.4872279 0.0029807 -0.2064475
v -0.4881048 0.0046050 -0.2070871
v -0.4884127 0.0065211 -0.2073116
v -0.4859155 0.0111469 -0.2054903
v -0.4872279 0.0100615 -0.2064475
v -0.4806302 0.0046050 -0.2016353
v -0.4859155 0.0018953 -0.2054903
v -0.4881048 0.0084371 -0.2070871
v -0.4871711 0.0125458 -0.2047523
v -0.4859155 0.0111469 -0.2054903
v -0.4872279 0.0100615 -0.2064475
v -0.4888803 0.0111322 -0.2059989
v -0.4881048 0.0084371 -0.2070871
v -0.4900224 0.0090166 -0.2068319
v -0.4926854 0.0111322 -0.2007819
v -0.4938275 0.0090166 -0.2016150
v -0.4904234 0.0065211 -0.2071245
v -0.4942285 0.0065211 -0.2019075
v -0.4884127 0.0065211 -0.2073116
v -0.4900224 0.0040256 -0.2068319
v -0.4938275 0.0040256 -0.2016150
v -0.4881048 0.0046050 -0.2070871
v -0.4888803 0.0019100 -0.2059989
v -0.4926854 0.0019100 -0.2007819
v -0.4872279 0.0029807 -0.2064475
v -0.4871711 0.0004964 -0.2047523
v -0.4909761 0.0004964 -0.1995353
v -0.4859155 0.0018953 -0.2054903
v -0.4851549 0.0000000 -0.2032817
v -0.4889599 0.0000000 -0.1980647
v -0.4843675 0.0015142 -0.2043612
v -0.4828195 0.0018953 -0.2032321
v -0.4815071 0.0029807 -0.2022749
v -0.4897473 0.0015142 -0.1969852
v -0.4912953 0.0018953 -0.1981143
v -0.4926077 0.0029807 -0.1990715
v -0.4934846 0.0046050 -0.1997110
v -0.4937925 0.0065211 -0.1999356
v -0.4934846 0.0084371 -0.1997110
v -0.4926077 0.0100615 -0.1990715
v -0.4806302 0.0046050 -0.2016353
v -0.4803223 0.0065211 -0.2014107
v -0.4803223 0.0065211 -0.2014107
v -0.4806302 0.0084371 -0.2016353
v -0.5641801 0.0115280 -0.3139830
v -0.5635810 0.0111469 -0.3121630
v -0.5641801 0.0065211 -0.3139830
v -0.5635810 0.0111469 -0.3121630
v -0.5641801 0.0115280 -0.3139830
v -0.5654493 0.0130422 -0.3135652
v -0.5646690 0.0125458 -0.3111948
v -0.5647792 0.0111469 -0.3158030
v -0.5647792 0.0111469 -0.3158030
v -0.5662296 0.0125458 -0.3159356
v -0.5656265 0.0084372 -0.3183768
v -0.5652871 0.0100615 -0.3173459
v -0.5630731 0.0100615 -0.3106201
v -0.5627338 0.0084372 -0.3095892
v -0.5626146 0.0065211 -0.3092271
v -0.5627338 0.0046051 -0.3095892
v -0.5630731 0.0029807 -0.3106201
v -0.5635810 0.0018954 -0.3121630
v -0.5641801 0.0015142 -0.3139830
v -0.5647792 0.0018954 -0.3158030
v -0.5652871 0.0029807 -0.3173459
v -0.5656265 0.0046051 -0.3183768
v -0.5657457 0.0065211 -0.3187388
v -0.5652871 0.0029807 -0.3173459
v -0.5647792 0.0018954 -0.3158030
v -0.5662296 0.0004964 -0.3159356
v -0.5668911 0.0019100 -0.3179451
v -0.5656265 0.0046051 -0.3183768
v -0.5673331 0.0040256 -0.3192878
v -0.5723630 0.0004964 -0.3139166
v -0.5730245 0.0019100 -0.3159261
v -0.5734665 0.0040256 -0.3172688
v -0.5674883 0.0065211 -0.3197593
v -0.5736217 0.0065211 -0.3177403
v -0.5657457 0.0065211 -0.3187388
v -0.5673331 0.0090166 -0.3192878
v -0.5674883 0.0065211 -0.3197593
v -0.5736217 0.0065211 -0.3177403
v -0.5734665 0.0090166 -0.3172688
v -0.5656265 0.0084372 -0.3183768
v -0.5657457 0.0065211 -0.3187388
v -0.5668911 0.0111322 -0.3179451
v -0.5730245 0.0111322 -0.3159261
v -0.5652871 0.0100615 -0.3173459
v -0.5723630 0.0125458 -0.3139166
v -0.5715828 0.0130422 -0.3115462
v -0.5739589 0.0100615 -0.3144913
v -0.5734510 0.0111469 -0.3129484
v -0.5728519 0.0115280 -0.3111285
v -0.5734510 0.0111469 -0.3129484
v -0.5739589 0.0100615 -0.3144913
v -0.5728519 0.0065211 -0.3111284
v -0.5728519 0.0115280 -0.3111285
v -0.5742982 0.0084372 -0.3155222
v -0.5744174 0.0065211 -0.3158843
v -0.5739589 0.0029807 -0.3144913
v -0.5734510 0.0018954 -0.3129484
v -0.5728519 0.0015142 -0.3111284
v -0.5717449 0.0029807 -0.3077655
v -0.5714055 0.0046051 -0.3067346
v -0.5712864 0.0065211 -0.3063726
v -0.5722528 0.0111469 -0.3093085
v -0.5717449 0.0100615 -0.3077655
v -0.5742982 0.0046051 -0.3155222
v -0.5722528 0.0018954 -0.3093085
v -0.5714055 0.0084372 -0.3067346
v -0.5701410 0.0111322 -0.3071663
v -0.5708025 0.0125458 -0.3091758
v -0.5722528 0.0111469 -0.3093085
v -0.5717449 0.0100615 -0.3077655
v -0.5696990 0.0090166 -0.3058236
v -0.5714055 0.0084372 -0.3067346
v -0.5640075 0.0111322 -0.3091853
v -0.5635655 0.0090166 -0.3078426
v -0.5634103 0.0065211 -0.3073711
v -0.5695438 0.0065211 -0.3053521
v -0.5712864 0.0065211 -0.3063726
v -0.5635655 0.0040256 -0.3078426
v -0.5696990 0.0040256 -0.3058236
v -0.5714055 0.0046051 -0.3067346
v -0.5640075 0.0019100 -0.3091853
v -0.5701410 0.0019100 -0.3071663
v -0.5717449 0.0029807 -0.3077655
v -0.5646690 0.0004964 -0.3111948
v -0.5708025 0.0004964 -0.3091758
v -0.5722528 0.0018954 -0.3093085
v -0.5654493 0.0000000 -0.3135652
v -0.5715828 0.0000000 -0.3115462
v -0.5728519 0.0015142 -0.3111284
v -0.5734510 0.0018954 -0.3129484
v -0.5739589 0.0029807 -0.3144913
v -0.5641801 0.0015142 -0.3139830
v -0.5635810 0.0018954 -0.3121630
v -0.5630731 0.0029807 -0.3106201
v -0.5627338 0.0046051 -0.3095892
v -0.5626146 0.0065211 -0.3092271
v -0.5627338 0.0084372 -0.3095892
v -0.5630731 0.0100615 -0.3106201
v -0.5742982 0.0046051 -0.3155222
v -0.5744174 0.0065211 -0.3158843
v -0.5744174 0.0065211 -0.3158843
v -0.5742982 0.0084372 -0.3155222
v 0.5519589 0.0967355 0.2172660
v 0.5505078 0.0967355 0.2221453
v 0.5505078 0.0850542 0.2221453
v 0.5519589 0.0850542 0.2172660
v 0.5447229 0.0967355 0.2204248
v 0.5447229 0.0850542 0.2204248
v 0.5505078 0.0850542 0.2221453
v 0.5505078 0.0967355 0.2221453
v 0.5447229 0.0967355 0.2204248
v 0.5461742 0.0967355 0.2155455
v 0.5461742 0.0850542 0.2155455
v 0.5447229 0.0850542 0.2204248
v 0.5461742 0.0850542 0.2155455
v 0.5461742 0.0967355 0.2155455
v 0.5519589 0.0967355 0.2172660
v 0.5519589 0.0850542 0.2172660
v 0.5447229 0.0810188 0.2204248
v 0.5461742 0.0810188 0.2155455
v 0.5519589 0.0810188 0.2172660
v 0.5505078 0.0810188 0.2221453
v 0.5438346 0.0982834 0.2117377
v 0.5421951 0.0982834 0.2172501
v 0.5487304 0.0982834 0.2191938
v 0.5503699 0.0982834 0.2136814
v 0.5519580 0.0850542 0.1916851
v 0.5519580 0.0810188 0.1916851
v 0.5461742 0.0810188 0.2155455
v 0.5447229 0.0810188 0.2204248
v 0.5447229 0.0810188 0.2204248
v 0.5505078 0.0810188 0.2221453
v 0.5505078 0.0810188 0.2221453
v 0.5519589 0.0810188 0.2172660
v 0.5519580 0.0810188 0.1916851
v 0.5519580 0.0850542 0.1916851
v 0.5601546 0.0850542 0.1941228
v 0.5601546 0.0810188 0.1941228
v 0.5519580 0.0850542 0.1916851
v 0.5461742 0.0850542 0.2155455
v 0.5519589 0.0850542 0.2172660
v 0.5601546 0.0850542 0.1941228
v 0.5601546 0.0810188 0.1941228
v 0.5601546 0.0850542 0.1941228
v 0.5519580 0.0810188 0.1916851
v 0.5601546 0.0810188 0.1941228
v 0.5835758 0.0991151 0.2163389
v 0.5647278 0.0991151 0.2797121
v 0.5647278 0.0934706 0.2797121
v 0.5835758 0.0934707 0.2163389
v 0.5013545 0.0991151 0.2608641
v 0.5013545 0.0934706 0.2608641
v 0.5202027 0.0991151 0.1974909
v 0.5202027 0.0934707 0.1974909
v 0.5202027 0.0934707 0.1974909
v 0.5338666 0.0894019 0.2227232
v 0.5338666 0.0934706 0.2227232
v 0.5583436 0.0934706 0.2300030
v 0.5583436 0.0894019 0.2300030
v 0.5510638 0.0934706 0.2544799
v 0.5583436 0.0934706 0.2300030
v 0.5835758 0.0934707 0.2163389
v 0.5647278 0.0934706 0.2797121
v 0.5013545 0.0934706 0.2608641
v 0.5265869 0.0934706 0.2472000
v 0.5202027 0.0934707 0.1974909
v 0.5338666 0.0934706 0.2227232
v 0.5265869 0.0894019 0.2472000
v 0.5338666 0.0894019 0.2227232
v 0.5583436 0.0894019 0.2300030
v 0.5510638 0.0894019 0.2544799
v 0.5265869 0.0934706 0.2472000
v 0.5265869 0.0894019 0.2472000
v 0.5510638 0.0894019 0.2544799
v 0.5510638 0.0934706 0.2544799
v 0.5338666 0.0934706 0.2227232
v 0.5338666 0.0894019 0.2227232
v 0.5387517 0.0749308 0.2431770
v 0.5387517 0.0346131 0.2431770
v 0.5407853 0.0346014 0.2442498
v 0.5407853 0.0749308 0.2442498
v 0.5372834 0.0749308 0.2414076
v 0.5372834 0.0346013 0.2414076
v 0.5366040 0.0749308 0.2392110
v 0.5366040 0.0346009 0.2392110
v 0.5368169 0.0749308 0.2369216
v 0.5368169 0.0346198 0.2369216
v 0.5378897 0.0749308 0.2348879
v 0.5378897 0.0346004 0.2348879
v 0.5396592 0.0749308 0.2334197
v 0.5396592 0.0346015 0.2334197
v 0.5418557 0.0749308 0.2327402
v 0.5418557 0.0346134 0.2327402
v 0.5441451 0.0749308 0.2329532
v 0.5441451 0.0346011 0.2329532
v 0.5461787 0.0749308 0.2340260
v 0.5461787 0.0346039 0.2340260
v 0.5476470 0.0749308 0.2357954
v 0.5476470 0.0346077 0.2357954
v 0.5483264 0.0749308 0.2379920
v 0.5483264 0.0346036 0.2379920
v 0.5483264 0.0346036 0.2379920
v 0.5483264 0.0749308 0.2379920
v 0.5481135 0.0749308 0.2402813
v 0.5481135 0.0346078 0.2402813
v 0.5470406 0.0749308 0.2423150
v 0.5470406 0.0346038 0.2423150
v 0.5452713 0.0749308 0.2437833
v 0.5452713 0.0346078 0.2437833
v 0.5430747 0.0749308 0.2444627
v 0.5430747 0.0346039 0.2444627
v 0.5401846 0.0749308 0.2414115
v 0.5414335 0.0749308 0.2420704
v 0.5392829 0.0749308 0.2403248
v 0.5388656 0.0749308 0.2389758
v 0.5389964 0.0749308 0.2375698
v 0.5396552 0.0749308 0.2363209
v 0.5407419 0.0749308 0.2354192
v 0.5420909 0.0749308 0.2350019
v 0.5434968 0.0749308 0.2351327
v 0.5447459 0.0749308 0.2357915
v 0.5456476 0.0749308 0.2368781
v 0.5460648 0.0749308 0.2382272
v 0.5460648 0.0749308 0.2382272
v 0.5459341 0.0749308 0.2396332
v 0.5452752 0.0749308 0.2408821
v 0.5441885 0.0749308 0.2417839
v 0.5428396 0.0749308 0.2422012
v 0.5445124 0.0345514 0.2317183
v 0.5469906 0.0345552 0.2330257
v 0.5487799 0.0345608 0.2351819
v 0.5496079 0.0345549 0.2378587
v 0.5493484 0.0345608 0.2406486
v 0.5496079 0.0345549 0.2378587
v 0.5480410 0.0345551 0.2431269
v 0.5458848 0.0345609 0.2449162
v 0.5379398 0.0345684 0.2441773
v 0.5404180 0.0345518 0.2454846
v 0.5432079 0.0345553 0.2457441
v 0.5361505 0.0345516 0.2420211
v 0.5404180 0.0324457 0.2454846
v 0.5432079 0.0324494 0.2457441
v 0.5458848 0.0324550 0.2449162
v 0.5480410 0.0324491 0.2431269
v 0.5493484 0.0324549 0.2406486
v 0.5496079 0.0324490 0.2378587
v 0.5487799 0.0324549 0.2351819
v 0.5496079 0.0324490 0.2378587
v 0.5469906 0.0324493 0.2330257
v 0.5445124 0.0324454 0.2317183
v 0.5417225 0.0324629 0.2314589
v 0.5417225 0.0345687 0.2314589
v 0.5390456 0.0324459 0.2322869
v 0.5390456 0.0345519 0.2322869
v 0.5368894 0.0324443 0.2340761
v 0.5368894 0.0345504 0.2340761
v 0.5355820 0.0324724 0.2365543
v 0.5355820 0.0345780 0.2365543
v 0.5353226 0.0324449 0.2393443
v 0.5353226 0.0345509 0.2393443
v 0.5361505 0.0324456 0.2420211
v 0.5379398 0.0324626 0.2441772
v 0.5335886 0.0335510 0.2514864
v 0.5519765 0.0335513 0.2510253
v 0.5424652 0.0338610 0.2386016
v 0.5572202 0.0335513 0.2333948
v 0.5420728 0.0335513 0.2229596
v 0.5004315 0.0190096 0.1792334
v 0.4961029 0.0190096 0.1825473
v 0.5069034 0.0263281 0.2009050
v 0.5153306 0.0263222 0.1944329
v 0.4729995 0.0190096 0.2602283
v 0.4748136 0.0190096 0.2653692
v 0.4956162 0.0263298 0.2607696
v 0.4920594 0.0263216 0.2507569
v 0.5384392 0.0263256 0.2902820
v 0.5415533 0.0190096 0.3113465
v 0.5470031 0.0190096 0.3112098
v 0.5490616 0.0263253 0.2900167
v 0.5933884 0.0263257 0.2482126
v 0.5903638 0.0263239 0.2583987
v 0.6113538 0.0190096 0.2619445
v 0.6129079 0.0190096 0.2567191
v 0.5814499 0.0190097 0.1772013
v 0.5673294 0.0263265 0.1931402
v 0.5760857 0.0263227 0.1991597
v 0.5859393 0.0190097 0.1802940
v 0.4961029 0.0154129 0.1825473
v 0.4961029 0.0190096 0.1825473
v 0.5004315 0.0190096 0.1792334
v 0.5004315 0.0154129 0.1792334
v 0.4729995 0.0190096 0.2602283
v 0.4729995 0.0154129 0.2602283
v 0.4748136 0.0154129 0.2653692
v 0.4748136 0.0190096 0.2653692
v 0.5415533 0.0190096 0.3113465
v 0.5415533 0.0154129 0.3113465
v 0.5470031 0.0154129 0.3112098
v 0.5470031 0.0190096 0.3112098
v 0.6129079 0.0190096 0.2567191
v 0.6113538 0.0190096 0.2619445
v 0.6113538 0.0154129 0.2619445
v 0.6129079 0.0154129 0.2567191
v 0.5814499 0.0154129 0.1772013
v 0.5814499 0.0190097 0.1772013
v 0.5859393 0.0190097 0.1802940
v 0.5859393 0.0154129 0.1802940
v 0.4961029 0.0154129 0.1825473
v 0.5004315 0.0154129 0.1792334
v 0.5151323 0.0214308 0.1941110
v 0.5066441 0.0214391 0.2006309
v 0.4748136 0.0154129 0.2653692
v 0.4729995 0.0154129 0.2602283
v 0.4916914 0.0214298 0.2508459
v 0.4952748 0.0214412 0.2609313
v 0.5415533 0.0154129 0.3113465
v 0.5384096 0.0214354 0.2906589
v 0.5491093 0.0214349 0.2903917
v 0.5470031 0.0154129 0.3112098
v 0.5907126 0.0214333 0.2585433
v 0.5937590 0.0214358 0.2482829
v 0.6129079 0.0154129 0.2567191
v 0.6113538 0.0154129 0.2619445
v 0.5675102 0.0214371 0.1928094
v 0.5814499 0.0154129 0.1772013
v 0.5859393 0.0154129 0.1802940
v 0.5763304 0.0214318 0.1988724
v 0.5297516 0.0257349 0.2098691
v 0.5298646 0.0311838 0.2101232
v 0.5420728 0.0335513 0.2229596
v 0.5420720 0.0273049 0.2229310
v 0.5066441 0.0214391 0.2006309
v 0.5069034 0.0263281 0.2009050
v 0.5112036 0.0257351 0.2418130
v 0.5114809 0.0311844 0.2417842
v 0.5274674 0.0335515 0.2341410
v 0.5274398 0.0273051 0.2341329
v 0.5163578 0.0311834 0.2555645
v 0.5161250 0.0257374 0.2557158
v 0.5335725 0.0273045 0.2515098
v 0.5335886 0.0335510 0.2514864
v 0.5335886 0.0335510 0.2514864
v 0.5335725 0.0273045 0.2515098
v 0.5358559 0.0257361 0.2693165
v 0.5359146 0.0311836 0.2690446
v 0.5519937 0.0273048 0.2510480
v 0.5519765 0.0335513 0.2510253
v 0.5505279 0.0311838 0.2686788
v 0.5505994 0.0257360 0.2689476
v 0.5519765 0.0335513 0.2510253
v 0.5519937 0.0273048 0.2510480
v 0.5696312 0.0257349 0.2543785
v 0.5693913 0.0311830 0.2542386
v 0.5572471 0.0273049 0.2333854
v 0.5572202 0.0335513 0.2333948
v 0.5735559 0.0311829 0.2402266
v 0.5738327 0.0257355 0.2402413
v 0.5572202 0.0335513 0.2333948
v 0.5572471 0.0273049 0.2333854
v 0.5658614 0.0257345 0.2176377
v 0.5656547 0.0311830 0.2178229
v 0.5420720 0.0273049 0.2229310
v 0.5420728 0.0335513 0.2229596
v 0.5536134 0.0311825 0.2095352
v 0.5537123 0.0257355 0.2092765
v 0.5274674 0.0335515 0.2341410
v 0.5335725 0.0273045 0.2515098
v 0.5274398 0.0273051 0.2341329
v 0.5424652 0.0275718 0.2386016
v 0.5572471 0.0273049 0.2333854
v 0.5519937 0.0273048 0.2510480
v 0.5420720 0.0273049 0.2229310
v 0.5182636 0.0311828 0.2190170
v 0.5180477 0.0257364 0.2188429
v 0.5274398 0.0273051 0.2341329
v 0.5274674 0.0335515 0.2341410
v 0.5153306 0.0263222 0.1944329
v 0.5151323 0.0214308 0.1941110
v 0.5180477 0.0257364 0.2188429
v 0.5297516 0.0257349 0.2098691
v 0.5298646 0.0311838 0.2101232
v 0.5182636 0.0311828 0.2190170
v 0.5675102 0.0214371 0.1928094
v 0.5673294 0.0263265 0.1931402
v 0.5760857 0.0263227 0.1991597
v 0.5763304 0.0214318 0.1988724
v 0.5537123 0.0257355 0.2092765
v 0.5658614 0.0257345 0.2176377
v 0.5536134 0.0311825 0.2095352
v 0.5656547 0.0311830 0.2178229
v 0.4952748 0.0214412 0.2609313
v 0.4956162 0.0263298 0.2607696
v 0.4920594 0.0263216 0.2507569
v 0.4916914 0.0214298 0.2508459
v 0.5161250 0.0257374 0.2557158
v 0.5112036 0.0257351 0.2418130
v 0.5114809 0.0311844 0.2417842
v 0.5163578 0.0311834 0.2555645
v 0.5491093 0.0214349 0.2903917
v 0.5490616 0.0263253 0.2900167
v 0.5384392 0.0263256 0.2902820
v 0.5384096 0.0214354 0.2906589
v 0.5358559 0.0257361 0.2693165
v 0.5505994 0.0257360 0.2689476
v 0.5359146 0.0311836 0.2690446
v 0.5505279 0.0311838 0.2686788
v 0.5937590 0.0214358 0.2482829
v 0.5933884 0.0263257 0.2482126
v 0.5903638 0.0263239 0.2583987
v 0.5907126 0.0214333 0.2585433
v 0.5738327 0.0257355 0.2402413
v 0.5696312 0.0257349 0.2543785
v 0.5693913 0.0311830 0.2542386
v 0.5735559 0.0311829 0.2402266
v 0.5417948 0.0110184 0.3041930
v 0.5413763 0.0127595 0.3055657
v 0.5468626 0.0127595 0.3054230
v 0.5463995 0.0110184 0.3040733
v 0.5400843 0.0145390 0.3083820
v 0.5419860 0.0174822 0.3076864
v 0.5426840 0.0179139 0.3063078
v 0.5413796 0.0141144 0.3056954
v 0.5419860 0.0174822 0.3076864
v 0.5400843 0.0145390 0.3083820
v 0.5484624 0.0145390 0.3081641
v 0.5464894 0.0174822 0.3075692
v 0.5468660 0.0141144 0.3055528
v 0.5456329 0.0179139 0.3062311
v 0.5464894 0.0174822 0.3075692
v 0.5484624 0.0145390 0.3081641
v 0.5416124 0.0066557 0.3057089
v 0.5410865 0.0089102 0.3059607
v 0.5423373 0.0087873 0.3037173
v 0.5426902 0.0066557 0.3036962
v 0.5413796 0.0141144 0.3056954
v 0.5426840 0.0179139 0.3063078
v 0.5456329 0.0179139 0.3062311
v 0.5468660 0.0141144 0.3055528
v 0.5426840 0.0179139 0.3063078
v 0.5419860 0.0174822 0.3076864
v 0.5464894 0.0174822 0.3075692
v 0.5456329 0.0179139 0.3062311
v 0.5416124 0.0066557 0.3057089
v 0.5426902 0.0066557 0.3036962
v 0.5455319 0.0066557 0.3036222
v 0.5467974 0.0066557 0.3055741
v 0.5410865 0.0089102 0.3059607
v 0.5416124 0.0066557 0.3057089
v 0.5467974 0.0066557 0.3055741
v 0.5473358 0.0089102 0.3057982
v 0.5455319 0.0066557 0.3036222
v 0.5458649 0.0087873 0.3036256
v 0.5473358 0.0089102 0.3057982
v 0.5467974 0.0066557 0.3055741
v 0.5468626 0.0127595 0.3054230
v 0.5484624 0.0128898 0.3081641
v 0.5426902 0.0066557 0.3036962
v 0.5423373 0.0087873 0.3037173
v 0.5458649 0.0087873 0.3036256
v 0.5455319 0.0066557 0.3036222
v 0.5402780 0.0144922 0.3158338
v 0.5402566 0.0132319 0.3150092
v 0.5403145 0.0117553 0.3172353
v 0.5403449 0.0129187 0.3184039
v 0.5400843 0.0128898 0.3083820
v 0.5413763 0.0127595 0.3055657
v 0.5403449 0.0129187 0.3184039
v 0.5403145 0.0117553 0.3172353
v 0.5486927 0.0117553 0.3170174
v 0.5487230 0.0129187 0.3181859
v 0.5402566 0.0132319 0.3150092
v 0.5486347 0.0132319 0.3147914
v 0.5486347 0.0132319 0.3147914
v 0.5486562 0.0144922 0.3156159
v 0.5487230 0.0129187 0.3181859
v 0.5486927 0.0117553 0.3170174
v 0.5484949 0.0148246 0.3094119
v 0.5485028 0.0132039 0.3097172
v 0.5485691 0.0154728 0.3122682
v 0.5485691 0.0138236 0.3122682
v 0.5402780 0.0144922 0.3158338
v 0.5403449 0.0129187 0.3184039
v 0.5487230 0.0129187 0.3181859
v 0.5486562 0.0144922 0.3156159
v 0.5400843 0.0145390 0.3083820
v 0.5401167 0.0148246 0.3096299
v 0.5484949 0.0148246 0.3094119
v 0.5484624 0.0145390 0.3081641
v 0.5401910 0.0154728 0.3124861
v 0.5485691 0.0154728 0.3122682
v 0.5401247 0.0132039 0.3099350
v 0.5400843 0.0128898 0.3083820
v 0.5484624 0.0128898 0.3081641
v 0.5485028 0.0132039 0.3097172
v 0.5401910 0.0138236 0.3124861
v 0.5485691 0.0138236 0.3122682
v 0.5401247 0.0132039 0.3099350
v 0.5401167 0.0148246 0.3096299
v 0.5401910 0.0138236 0.3124861
v 0.5401910 0.0154728 0.3124861
v 0.5405681 0.0110514 0.3065075
v 0.5478818 0.0110514 0.3063172
v 0.5405681 0.0110514 0.3065075
v 0.5478818 0.0110514 0.3063172
v 0.5463995 0.0110184 0.3040733
v 0.5478818 0.0110514 0.3063172
v 0.5405681 0.0110514 0.3065075
v 0.5417948 0.0110184 0.3041930
v 0.6048185 0.0107027 0.2545571
v 0.6035280 0.0107027 0.2588962
v 0.6046831 0.0124139 0.2597053
v 0.6062206 0.0124139 0.2545354
v 0.6057747 0.0174883 0.2587094
v 0.6048054 0.0137454 0.2597417
v 0.6069211 0.0141627 0.2617702
v 0.6068503 0.0170641 0.2597815
v 0.6081124 0.0170641 0.2555378
v 0.6068503 0.0170641 0.2597815
v 0.6069211 0.0141627 0.2617702
v 0.6092691 0.0141627 0.2538754
v 0.6063430 0.0137454 0.2545718
v 0.6066012 0.0174883 0.2559305
v 0.6081124 0.0170641 0.2555378
v 0.6092691 0.0141627 0.2538754
v 0.6032487 0.0085101 0.2582443
v 0.6033364 0.0064152 0.2579081
v 0.6048889 0.0064152 0.2595282
v 0.6049639 0.0086309 0.2600965
v 0.6063430 0.0137454 0.2545718
v 0.6048054 0.0137454 0.2597417
v 0.6057747 0.0174883 0.2587094
v 0.6066012 0.0174883 0.2559305
v 0.6066012 0.0174883 0.2559305
v 0.6057747 0.0174883 0.2587094
v 0.6068503 0.0170641 0.2597815
v 0.6081124 0.0170641 0.2555378
v 0.6033364 0.0064152 0.2579081
v 0.6041328 0.0064152 0.2552304
v 0.6063421 0.0064152 0.2546424
v 0.6048889 0.0064152 0.2595282
v 0.6048889 0.0064152 0.2595282
v 0.6063421 0.0064152 0.2546424
v 0.6067154 0.0086309 0.2542076
v 0.6049639 0.0086309 0.2600965
v 0.6041328 0.0064152 0.2552304
v 0.6042373 0.0085101 0.2549203
v 0.6067154 0.0086309 0.2542076
v 0.6063421 0.0064152 0.2546424
v 0.6062206 0.0124139 0.2545354
v 0.6092691 0.0125419 0.2538754
v 0.6041328 0.0064152 0.2552304
v 0.6033364 0.0064152 0.2579081
v 0.6032487 0.0085101 0.2582443
v 0.6042373 0.0085101 0.2549203
v 0.6139430 0.0141167 0.2638586
v 0.6131662 0.0128781 0.2636276
v 0.6152637 0.0114269 0.2642514
v 0.6163649 0.0125703 0.2645790
v 0.6046831 0.0124139 0.2597053
v 0.6069211 0.0125419 0.2617702
v 0.6152637 0.0114269 0.2642514
v 0.6176118 0.0114269 0.2563567
v 0.6187129 0.0125703 0.2566841
v 0.6163649 0.0125703 0.2645790
v 0.6131662 0.0128781 0.2636276
v 0.6155142 0.0128781 0.2557327
v 0.6155142 0.0128781 0.2557327
v 0.6162911 0.0141167 0.2559638
v 0.6187129 0.0125703 0.2566841
v 0.6176118 0.0114269 0.2563567
v 0.6104450 0.0144433 0.2542251
v 0.6107327 0.0128506 0.2543107
v 0.6131365 0.0150804 0.2550256
v 0.6131365 0.0134596 0.2550256
v 0.6162911 0.0141167 0.2559638
v 0.6139430 0.0141167 0.2638586
v 0.6163649 0.0125703 0.2645790
v 0.6187129 0.0125703 0.2566841
v 0.6092691 0.0141627 0.2538754
v 0.6069211 0.0141627 0.2617702
v 0.6080970 0.0144433 0.2621199
v 0.6104450 0.0144433 0.2542251
v 0.6107885 0.0150804 0.2629204
v 0.6131365 0.0150804 0.2550256
v 0.6069211 0.0125419 0.2617702
v 0.6092691 0.0125419 0.2538754
v 0.6107327 0.0128506 0.2543107
v 0.6083847 0.0128506 0.2622055
v 0.6131365 0.0134596 0.2550256
v 0.6107885 0.0134596 0.2629204
v 0.6083847 0.0128506 0.2622055
v 0.6080970 0.0144433 0.2621199
v 0.6107885 0.0134596 0.2629204
v 0.6107885 0.0150804 0.2629204
v 0.6073666 0.0107352 0.2538555
v 0.6053169 0.0107352 0.2607473
v 0.6053169 0.0107352 0.2607473
v 0.6073666 0.0107352 0.2538555
v 0.6048185 0.0107027 0.2545571
v 0.6073666 0.0107352 0.2538555
v 0.6035280 0.0107027 0.2588962
v 0.6053169 0.0107352 0.2607473
v 0.5776426 0.0124139 0.1827019
v 0.5772285 0.0107027 0.1840417
v 0.5809541 0.0107027 0.1866133
v 0.5820813 0.0124139 0.1857658
v 0.5814728 0.0174884 0.1844192
v 0.5821538 0.0137454 0.1856608
v 0.5847382 0.0141627 0.1842778
v 0.5828253 0.0170641 0.1837289
v 0.5779597 0.0141627 0.1795988
v 0.5791818 0.0170641 0.1812138
v 0.5828253 0.0170641 0.1837289
v 0.5847382 0.0141627 0.1842778
v 0.5791818 0.0170641 0.1812138
v 0.5779597 0.0141627 0.1795988
v 0.5777150 0.0137454 0.1825968
v 0.5790869 0.0174884 0.1827723
v 0.5802478 0.0085101 0.1866769
v 0.5799553 0.0064152 0.1864892
v 0.5819768 0.0064152 0.1855152
v 0.5825403 0.0086309 0.1856200
v 0.5790869 0.0174884 0.1827723
v 0.5777150 0.0137454 0.1825968
v 0.5791818 0.0170641 0.1812138
v 0.5790869 0.0174884 0.1827723
v 0.5814728 0.0174884 0.1844192
v 0.5828253 0.0170641 0.1837289
v 0.5776563 0.0064152 0.1849023
v 0.5777818 0.0064152 0.1826195
v 0.5819768 0.0064152 0.1855152
v 0.5799553 0.0064152 0.1864892
v 0.5777818 0.0064152 0.1826195
v 0.5774840 0.0086309 0.1821299
v 0.5825403 0.0086309 0.1856200
v 0.5819768 0.0064152 0.1855152
v 0.5774840 0.0086309 0.1821299
v 0.5777818 0.0064152 0.1826195
v 0.5776563 0.0064152 0.1849023
v 0.5773937 0.0085101 0.1847068
v 0.5779597 0.0125419 0.1795988
v 0.5776426 0.0124139 0.1827019
v 0.5773937 0.0085101 0.1847068
v 0.5776563 0.0064152 0.1849023
v 0.5888998 0.0141168 0.1782488
v 0.5884394 0.0128782 0.1789158
v 0.5896825 0.0114269 0.1771149
v 0.5903352 0.0125703 0.1761694
v 0.5847382 0.0125419 0.1842778
v 0.5829040 0.0114269 0.1724359
v 0.5835566 0.0125703 0.1714904
v 0.5903352 0.0125703 0.1761694
v 0.5896825 0.0114269 0.1771149
v 0.5816608 0.0128782 0.1742369
v 0.5884394 0.0128782 0.1789158
v 0.5816608 0.0128782 0.1742369
v 0.5821213 0.0141168 0.1735698
v 0.5835566 0.0125703 0.1714904
v 0.5829040 0.0114269 0.1724359
v 0.5786565 0.0144434 0.1785892
v 0.5788271 0.0128506 0.1783422
v 0.5802518 0.0150805 0.1762783
v 0.5802518 0.0134597 0.1762783
v 0.5835566 0.0125703 0.1714904
v 0.5821213 0.0141168 0.1735698
v 0.5888998 0.0141168 0.1782488
v 0.5903352 0.0125703 0.1761694
v 0.5786565 0.0144434 0.1785892
v 0.5779597 0.0141627 0.1795988
v 0.5847382 0.0141627 0.1842778
v 0.5854350 0.0144434 0.1832683
v 0.5802518 0.0150805 0.1762783
v 0.5870302 0.0150805 0.1809573
v 0.5779597 0.0125419 0.1795988
v 0.5788271 0.0128506 0.1783422
v 0.5856056 0.0128506 0.1830213
v 0.5847382 0.0125419 0.1842778
v 0.5802518 0.0134597 0.1762783
v 0.5870302 0.0134597 0.1809573
v 0.5847382 0.0141627 0.1842778
v 0.5847382 0.0125419 0.1842778
v 0.5856056 0.0128506 0.1830213
v 0.5854350 0.0144434 0.1832683
v 0.5870302 0.0134597 0.1809573
v 0.5870302 0.0150805 0.1809573
v 0.5773511 0.0107352 0.1814015
v 0.5832685 0.0107352 0.1854860
v 0.5773511 0.0107352 0.1814015
v 0.5832685 0.0107352 0.1854860
v 0.5773511 0.0107352 0.1814015
v 0.5772285 0.0107027 0.1840417
v 0.5832685 0.0107352 0.1854860
v 0.5004890 0.0124139 0.1876122
v 0.5016346 0.0107027 0.1884210
v 0.5052341 0.0107027 0.1856757
v 0.5047777 0.0124139 0.1843414
v 0.5041863 0.0141627 0.1813543
v 0.5030715 0.0170641 0.1830028
v 0.5033088 0.0174883 0.1845027
v 0.5047002 0.0137454 0.1842399
v 0.4976370 0.0141627 0.1863491
v 0.4995512 0.0170641 0.1856876
v 0.5030715 0.0170641 0.1830028
v 0.5041863 0.0141627 0.1813543
v 0.4995512 0.0170641 0.1856876
v 0.4976370 0.0141627 0.1863491
v 0.5004116 0.0137454 0.1875107
v 0.5010036 0.0174883 0.1862608
v 0.5045071 0.0064152 0.1843631
v 0.5047812 0.0086309 0.1838599
v 0.5050757 0.0085101 0.1863670
v 0.5048067 0.0064152 0.1865869
v 0.5047002 0.0137454 0.1842399
v 0.5033088 0.0174883 0.1845027
v 0.4995512 0.0170641 0.1856876
v 0.5010036 0.0174883 0.1862608
v 0.5033088 0.0174883 0.1845027
v 0.5030715 0.0170641 0.1830028
v 0.5025853 0.0064152 0.1882811
v 0.5004539 0.0064152 0.1874542
v 0.5045071 0.0064152 0.1843631
v 0.5048067 0.0064152 0.1865869
v 0.5004539 0.0064152 0.1874542
v 0.4998961 0.0086309 0.1875856
v 0.5047812 0.0086309 0.1838599
v 0.5045071 0.0064152 0.1843631
v 0.4998961 0.0086309 0.1875856
v 0.5004539 0.0064152 0.1874542
v 0.5025853 0.0064152 0.1882811
v 0.5023181 0.0085101 0.1884701
v 0.4976370 0.0125419 0.1863491
v 0.5004890 0.0124139 0.1876122
v 0.5048067 0.0064152 0.1865869
v 0.5050757 0.0085101 0.1863670
v 0.4989082 0.0114269 0.1744335
v 0.4982115 0.0125703 0.1735200
v 0.4997438 0.0141167 0.1755291
v 0.5002352 0.0128781 0.1761736
v 0.5041863 0.0125419 0.1813543
v 0.5047777 0.0124139 0.1843414
v 0.5047777 0.0124139 0.1843414
v 0.4923589 0.0114269 0.1794283
v 0.4916622 0.0125703 0.1785148
v 0.4982115 0.0125703 0.1735200
v 0.4989082 0.0114269 0.1744335
v 0.4936860 0.0128781 0.1811684
v 0.5002352 0.0128781 0.1761736
v 0.4916622 0.0125703 0.1785148
v 0.4923589 0.0114269 0.1794283
v 0.4936860 0.0128781 0.1811684
v 0.4931944 0.0141167 0.1805239
v 0.4968931 0.0144433 0.1853736
v 0.4967110 0.0128506 0.1851350
v 0.4951902 0.0150804 0.1831409
v 0.4951902 0.0134596 0.1831409
v 0.4916622 0.0125703 0.1785148
v 0.4931944 0.0141167 0.1805239
v 0.4997438 0.0141167 0.1755291
v 0.4982115 0.0125703 0.1735200
v 0.4968931 0.0144433 0.1853736
v 0.4976370 0.0141627 0.1863491
v 0.5041863 0.0141627 0.1813543
v 0.5034424 0.0144433 0.1803788
v 0.4951902 0.0150804 0.1831409
v 0.5017396 0.0150804 0.1781460
v 0.4976370 0.0125419 0.1863491
v 0.4967110 0.0128506 0.1851350
v 0.5032603 0.0128506 0.1801402
v 0.5041863 0.0125419 0.1813543
v 0.4951902 0.0134596 0.1831409
v 0.5017396 0.0134596 0.1781460
v 0.5032603 0.0128506 0.1801402
v 0.5034424 0.0144433 0.1803788
v 0.5017396 0.0134596 0.1781460
v 0.5017396 0.0150804 0.1781460
v 0.4991623 0.0107352 0.1874863
v 0.5048796 0.0107352 0.1831260
v 0.5016346 0.0107027 0.1884210
v 0.5052341 0.0107027 0.1856757
v 0.4991623 0.0107352 0.1874863
v 0.5048796 0.0107352 0.1831260
v 0.4991623 0.0107352 0.1874863
v 0.5048796 0.0107352 0.1831260
v 0.5052341 0.0107027 0.1856757
v 0.4808776 0.0107027 0.2573776
v 0.4794674 0.0124139 0.2573981
v 0.4812482 0.0124139 0.2624892
v 0.4823721 0.0107027 0.2616507
v 0.4764441 0.0141627 0.2570346
v 0.4776660 0.0170641 0.2586054
v 0.4791655 0.0174884 0.2588447
v 0.4793470 0.0137454 0.2574402
v 0.4776660 0.0170641 0.2586054
v 0.4764441 0.0141627 0.2570346
v 0.4791634 0.0141627 0.2648094
v 0.4791277 0.0170641 0.2627845
v 0.4791277 0.0170641 0.2627845
v 0.4791634 0.0141627 0.2648094
v 0.4811277 0.0137454 0.2625314
v 0.4801227 0.0174884 0.2615812
v 0.4794042 0.0064152 0.2576621
v 0.4790107 0.0086309 0.2572455
v 0.4814857 0.0085101 0.2577425
v 0.4816114 0.0064152 0.2580664
v 0.4793470 0.0137454 0.2574402
v 0.4791655 0.0174884 0.2588447
v 0.4791655 0.0174884 0.2588447
v 0.4776660 0.0170641 0.2586054
v 0.4791277 0.0170641 0.2627845
v 0.4801227 0.0174884 0.2615812
v 0.4794042 0.0064152 0.2576621
v 0.4816114 0.0064152 0.2580664
v 0.4825337 0.0064152 0.2607033
v 0.4810871 0.0064152 0.2624737
v 0.4790107 0.0086309 0.2572455
v 0.4794042 0.0064152 0.2576621
v 0.4810871 0.0064152 0.2624737
v 0.4810392 0.0086309 0.2630447
v 0.4810392 0.0086309 0.2630447
v 0.4810871 0.0064152 0.2624737
v 0.4825337 0.0064152 0.2607033
v 0.4826307 0.0085101 0.2610161
v 0.4791634 0.0125419 0.2648094
v 0.4816114 0.0064152 0.2580664
v 0.4814857 0.0085101 0.2577425
v 0.4682283 0.0114269 0.2599082
v 0.4671439 0.0125703 0.2602875
v 0.4695290 0.0141168 0.2594533
v 0.4702941 0.0128782 0.2591857
v 0.4764441 0.0125419 0.2570346
v 0.4794674 0.0124139 0.2573981
v 0.4671439 0.0125703 0.2602875
v 0.4682283 0.0114269 0.2599082
v 0.4709477 0.0114269 0.2676829
v 0.4698633 0.0125703 0.2680622
v 0.4702941 0.0128782 0.2591857
v 0.4730134 0.0128781 0.2669604
v 0.4698633 0.0125703 0.2680622
v 0.4709477 0.0114269 0.2676829
v 0.4730134 0.0128781 0.2669604
v 0.4722483 0.0141167 0.2672281
v 0.4780054 0.0144433 0.2652143
v 0.4777222 0.0128506 0.2653135
v 0.4791634 0.0125419 0.2648094
v 0.4791634 0.0141627 0.2648094
v 0.4753549 0.0150804 0.2661414
v 0.4753549 0.0134596 0.2661414
v 0.4695290 0.0141168 0.2594533
v 0.4671439 0.0125703 0.2602875
v 0.4698633 0.0125703 0.2680622
v 0.4722483 0.0141167 0.2672281
v 0.4764441 0.0141627 0.2570346
v 0.4752861 0.0144433 0.2574397
v 0.4780054 0.0144433 0.2652143
v 0.4791634 0.0141627 0.2648094
v 0.4726355 0.0150804 0.2583667
v 0.4753549 0.0150804 0.2661414
v 0.4750027 0.0128506 0.2575387
v 0.4764441 0.0125419 0.2570346
v 0.4791634 0.0125419 0.2648094
v 0.4777222 0.0128506 0.2653135
v 0.4726355 0.0134596 0.2583667
v 0.4753549 0.0134596 0.2661414
v 0.4750027 0.0128506 0.2575387
v 0.4752861 0.0144433 0.2574397
v 0.4726355 0.0134596 0.2583667
v 0.4726355 0.0150804 0.2583667
v 0.4783435 0.0107352 0.2569246
v 0.4807173 0.0107352 0.2637116
v 0.4783435 0.0107352 0.2569246
v 0.4807173 0.0107352 0.2637116
v 0.4807173 0.0107352 0.2637116
v 0.4783435 0.0107352 0.2569246
v 0.4808776 0.0107027 0.2573776
v 0.5432727 0.1467003 0.1798747
v 0.5453947 0.1434165 0.1805059
v 0.5546591 0.1448921 0.1832612
v 0.5537664 0.1482252 0.1829958
v 0.5453947 0.1434165 0.1805059
v 0.5494543 0.1434771 0.1662023
v 0.5588973 0.1448921 0.1690108
v 0.5546591 0.1448921 0.1832612
v 0.5471820 0.1467003 0.1667303
v 0.5576683 0.1482252 0.1698764
v 0.5494543 0.1434771 0.1662023
v 0.5588973 0.1448921 0.1690108
v 0.6136019 0.1501784 0.1876870
v 0.6126998 0.1468163 0.1865766
v 0.6126998 0.1468163 0.1865766
v 0.6091216 0.1467998 0.1992169
v 0.6100212 0.1501784 0.1997267
v 0.6091216 0.1467998 0.1992169
v 0.5576582 0.1023038 0.1777837
v 0.5565858 0.0990416 0.1774126
v 0.5655181 0.0978292 0.1809842
v 0.5668994 0.1013242 0.1815758
v 0.5789049 0.0978591 0.1863857
v 0.5798792 0.1013160 0.1865988
v 0.5571287 0.0990416 0.1755874
v 0.5582999 0.1023100 0.1755201
v 0.5675004 0.1013242 0.1795551
v 0.5661116 0.0978292 0.1789887
v 0.5805171 0.1013160 0.1844539
v 0.5795360 0.0978591 0.1842635
v 0.5582999 0.1023100 0.1755201
v 0.5576582 0.1023038 0.1777837
v 0.5668994 0.1013242 0.1815758
v 0.5675004 0.1013242 0.1795551
v 0.5798792 0.1013160 0.1865988
v 0.5805171 0.1013160 0.1844539
v 0.6116957 0.1459814 0.1991653
v 0.6152518 0.1465593 0.1888136
v 0.6172915 0.1453406 0.1912226
v 0.6144033 0.1446484 0.1988975
v 0.6152518 0.1465593 0.1888136
v 0.6166951 0.1489230 0.1895794
v 0.6189147 0.1470556 0.1919977
v 0.6172915 0.1453406 0.1912226
v 0.6137883 0.1488309 0.1998661
v 0.6166512 0.1470084 0.1999030
v 0.6116957 0.1459814 0.1991653
v 0.6144033 0.1446484 0.1988975
v 0.5302926 0.1401766 0.1758335
v 0.5336934 0.1384358 0.1768257
v 0.5393394 0.1428628 0.1787050
v 0.5353861 0.1450936 0.1775292
v 0.5287996 0.1333864 0.1746649
v 0.5322109 0.1318149 0.1756520
v 0.5336934 0.1384358 0.1768257
v 0.5366561 0.1381335 0.1637310
v 0.5424869 0.1426553 0.1646551
v 0.5393394 0.1428628 0.1787050
v 0.5322109 0.1318149 0.1756520
v 0.5348552 0.1315835 0.1635858
v 0.5339955 0.1400599 0.1641833
v 0.5392309 0.1451097 0.1648908
v 0.5325262 0.1329400 0.1640975
v 0.5366561 0.1381335 0.1637310
v 0.5424869 0.1426553 0.1646551
v 0.5348552 0.1315835 0.1635858
v 0.5290660 0.1221315 0.1739172
v 0.5324411 0.1213702 0.1657360
v 0.5326020 0.1212517 0.1744843
v 0.5346531 0.1210771 0.1649354
v 0.5326020 0.1212517 0.1744843
v 0.5346531 0.1210771 0.1649354
v 0.5372772 0.1078971 0.1734895
v 0.5346177 0.1053550 0.1729246
v 0.5397861 0.1023819 0.1732030
v 0.5426628 0.1049394 0.1736178
v 0.5318688 0.1099343 0.1726228
v 0.5344895 0.1119235 0.1733686
v 0.5363963 0.1110429 0.1665811
v 0.5344895 0.1119235 0.1733686
v 0.5372772 0.1078971 0.1734895
v 0.5388692 0.1072682 0.1684411
v 0.5426628 0.1049394 0.1736178
v 0.5437987 0.1046224 0.1704027
v 0.5341670 0.1106569 0.1673327
v 0.5364258 0.1059241 0.1690959
v 0.5409675 0.1027108 0.1707448
v 0.5363963 0.1110429 0.1665811
v 0.5388692 0.1072682 0.1684411
v 0.5437987 0.1046224 0.1704027
v 0.5479325 0.1002540 0.1729030
v 0.5474404 0.1002540 0.1745578
v 0.5482039 0.1034608 0.1747082
v 0.5482039 0.1034608 0.1747082
v 0.5488861 0.1034733 0.1722018
v 0.5488861 0.1034733 0.1722018
v 0.6037244 0.0982041 0.1955778
v 0.6042857 0.0982042 0.1937181
v 0.6103496 0.0991904 0.1960005
v 0.6098218 0.0991856 0.1977550
v 0.6139822 0.1018623 0.1968512
v 0.6134579 0.1018438 0.1985797
v 0.6061426 0.1017871 0.1965797
v 0.6101978 0.1040969 0.1975936
v 0.6003774 0.1015613 0.1943066
v 0.6020404 0.1016910 0.1929207
v 0.6078614 0.1019256 0.1952541
v 0.6117974 0.1041869 0.1963987
v 0.6020404 0.1016910 0.1929207
v 0.6003774 0.1015613 0.1943066
v 0.6061426 0.1017871 0.1965797
v 0.6078614 0.1019256 0.1952541
v 0.6101978 0.1040969 0.1975936
v 0.6117974 0.1041869 0.1963987
v 0.6134579 0.1018438 0.1985797
v 0.6139822 0.1018623 0.1968512
v 0.6158872 0.1053134 0.1968603
v 0.6153730 0.1053134 0.1985891
v 0.6117974 0.1041869 0.1963987
v 0.6142933 0.1072611 0.1968473
v 0.6117974 0.1041869 0.1963987
v 0.6101978 0.1040969 0.1975936
v 0.6134394 0.1079320 0.1978679
v 0.6142933 0.1072611 0.1968473
v 0.6134394 0.1079320 0.1978679
v 0.6101978 0.1040969 0.1975936
v 0.6177725 0.1392811 0.1984490
v 0.6173488 0.1415576 0.1985539
v 0.6197120 0.1418667 0.1940807
v 0.6198577 0.1396122 0.1946951
v 0.6158393 0.1435349 0.1987419
v 0.6187512 0.1437696 0.1928329
v 0.6198577 0.1396122 0.1946951
v 0.6197120 0.1418667 0.1940807
v 0.6217908 0.1421555 0.1942771
v 0.6219088 0.1397958 0.1947049
v 0.6187512 0.1437696 0.1928329
v 0.6208885 0.1443170 0.1934653
v 0.6200771 0.1421991 0.1999615
v 0.6203394 0.1398351 0.1999066
v 0.6189354 0.1443711 0.1999589
v 0.6173488 0.1415576 0.1985539
v 0.6177725 0.1392811 0.1984490
v 0.6158393 0.1435349 0.1987419
v 0.5131579 0.1434164 0.2888966
v 0.5110357 0.1467003 0.2882655
v 0.5215296 0.1482252 0.2913865
v 0.5224221 0.1448920 0.2916519
v 0.5087409 0.1434771 0.3030938
v 0.5131579 0.1434164 0.2888966
v 0.5224221 0.1448920 0.2916519
v 0.5181839 0.1448920 0.3059023
v 0.5071264 0.1467003 0.3014099
v 0.5176277 0.1482252 0.3045058
v 0.5087409 0.1434771 0.3030938
v 0.5181839 0.1448920 0.3059023
v 0.5728412 0.1468162 0.3205940
v 0.5742036 0.1501783 0.3201570
v 0.5767524 0.1467997 0.3080527
v 0.5728412 0.1468162 0.3205940
v 0.5777843 0.1501783 0.3081174
v 0.5767524 0.1467997 0.3080527
v 0.5208396 0.0990416 0.2976029
v 0.5219406 0.1023037 0.2978782
v 0.5317520 0.1013242 0.2997526
v 0.5302718 0.0978292 0.2994932
v 0.5453671 0.1013160 0.3026393
v 0.5444347 0.0978591 0.3022854
v 0.5212408 0.1023099 0.3001245
v 0.5202968 0.0990416 0.2994281
v 0.5296784 0.0978292 0.3014887
v 0.5311510 0.1013242 0.3017734
v 0.5438036 0.0978591 0.3044075
v 0.5447292 0.1013160 0.3047841
v 0.5219406 0.1023037 0.2978782
v 0.5212408 0.1023099 0.3001245
v 0.5311510 0.1013242 0.3017734
v 0.5317520 0.1013242 0.2997526
v 0.5447292 0.1013160 0.3047841
v 0.5453671 0.1013160 0.3026393
v 0.5762009 0.1465593 0.3201152
v 0.5788799 0.1459813 0.3095026
v 0.5810010 0.1446483 0.3112067
v 0.5792255 0.1453406 0.3192124
v 0.5778281 0.1489230 0.3202625
v 0.5762009 0.1465593 0.3201152
v 0.5792255 0.1453406 0.3192124
v 0.5810085 0.1470555 0.3194504
v 0.5810154 0.1488309 0.3100593
v 0.5834331 0.1470084 0.3115930
v 0.5788799 0.1459813 0.3095026
v 0.5810010 0.1446483 0.3112067
v 0.5013471 0.1384357 0.2855840
v 0.4979569 0.1401766 0.2845565
v 0.5031493 0.1450936 0.2859199
v 0.5071025 0.1428628 0.2870956
v 0.4960680 0.1333864 0.2847191
v 0.4994642 0.1318149 0.2857568
v 0.4966722 0.1381335 0.2981694
v 0.5013471 0.1384357 0.2855840
v 0.5071025 0.1428628 0.2870956
v 0.5020604 0.1426553 0.3005820
v 0.4950848 0.1315834 0.2973068
v 0.4994642 0.1318149 0.2857568
v 0.4946913 0.1400599 0.2963367
v 0.4994623 0.1451097 0.2986053
v 0.4934139 0.1329399 0.2956056
v 0.4966722 0.1381335 0.2981694
v 0.5020604 0.1426553 0.3005820
v 0.4950848 0.1315834 0.2973068
v 0.4958824 0.1221315 0.2854909
v 0.4942380 0.1213702 0.2941868
v 0.4991537 0.1212517 0.2869484
v 0.4956530 0.1210770 0.2960661
v 0.4991537 0.1212517 0.2869484
v 0.4956530 0.1210770 0.2960661
v 0.4999893 0.1053550 0.2893561
v 0.5025252 0.1078971 0.2903365
v 0.5071057 0.1049394 0.2931721
v 0.5044697 0.1023819 0.2919474
v 0.4975223 0.1099342 0.2881066
v 0.5001246 0.1119235 0.2889143
v 0.5001246 0.1119235 0.2889143
v 0.4980122 0.1110429 0.2956406
v 0.5010996 0.1072681 0.2954343
v 0.5025252 0.1078971 0.2903365
v 0.5062999 0.1046224 0.2964855
v 0.5071057 0.1049394 0.2931721
v 0.4965560 0.1106569 0.2937929
v 0.4994113 0.1059240 0.2935506
v 0.5041158 0.1027108 0.2946517
v 0.4980122 0.1110429 0.2956406
v 0.5010996 0.1072681 0.2954343
v 0.5062999 0.1046224 0.2964855
v 0.5116204 0.1002540 0.2949959
v 0.5111283 0.1002540 0.2966506
v 0.5123422 0.1034608 0.2952871
v 0.5115437 0.1034732 0.2977590
v 0.5123422 0.1034608 0.2952871
v 0.5115437 0.1034732 0.2977590
v 0.5696975 0.0982042 0.3100150
v 0.5702437 0.0982041 0.3081508
v 0.5765398 0.0991856 0.3096596
v 0.5760230 0.0991904 0.3114174
v 0.5800356 0.1018438 0.3109561
v 0.5795300 0.1018622 0.3126901
v 0.5728164 0.1017870 0.3086332
v 0.5767665 0.1040969 0.3100002
v 0.5667460 0.1015613 0.3073863
v 0.5673813 0.1016910 0.3094557
v 0.5735312 0.1019256 0.3106827
v 0.5774531 0.1041868 0.3118751
v 0.5667460 0.1015613 0.3073863
v 0.5673813 0.1016910 0.3094557
v 0.5735312 0.1019256 0.3106827
v 0.5728164 0.1017870 0.3086332
v 0.5774531 0.1041868 0.3118751
v 0.5767665 0.1040969 0.3100002
v 0.5795300 0.1018622 0.3126901
v 0.5800356 0.1018438 0.3109561
v 0.5816446 0.1053134 0.3119947
v 0.5811305 0.1053134 0.3137237
v 0.5774531 0.1041868 0.3118751
v 0.5797885 0.1072611 0.3128634
v 0.5767665 0.1040969 0.3100002
v 0.5774531 0.1041868 0.3118751
v 0.5797885 0.1072611 0.3128634
v 0.5796312 0.1079319 0.3115420
v 0.5767665 0.1040969 0.3100002
v 0.5796312 0.1079319 0.3115420
v 0.5832801 0.1415576 0.3131039
v 0.5835776 0.1392811 0.3134233
v 0.5832723 0.1396122 0.3177067
v 0.5828144 0.1418667 0.3181416
v 0.5813280 0.1437695 0.3186615
v 0.5821186 0.1435349 0.3121216
v 0.5828144 0.1418667 0.3181416
v 0.5832723 0.1396122 0.3177067
v 0.5849954 0.1397958 0.3188194
v 0.5846628 0.1421555 0.3191132
v 0.5813280 0.1437695 0.3186615
v 0.5834635 0.1443170 0.3192999
v 0.5863341 0.1421991 0.3134162
v 0.5865238 0.1398351 0.3136054
v 0.5853765 0.1443711 0.3127943
v 0.5835776 0.1392811 0.3134233
v 0.5832801 0.1415576 0.3131039
v 0.5821186 0.1435349 0.3121216
v 0.4723328 0.0115280 0.2583000
v 0.4741413 0.0111468 0.2576674
v 0.4723327 0.0065211 0.2583000
v 0.4723328 0.0115280 0.2583000
v 0.4727739 0.0130422 0.2595613
v 0.4751294 0.0125458 0.2587374
v 0.4741413 0.0111468 0.2576674
v 0.4705241 0.0111468 0.2589326
v 0.4705241 0.0111468 0.2589326
v 0.4704183 0.0125458 0.2603852
v 0.4679664 0.0084371 0.2598273
v 0.4689909 0.0100615 0.2594689
v 0.4756746 0.0100615 0.2571311
v 0.4766991 0.0084371 0.2567728
v 0.4770589 0.0065211 0.2566470
v 0.4766991 0.0046050 0.2567728
v 0.4756746 0.0029807 0.2571311
v 0.4741413 0.0018953 0.2576674
v 0.4723328 0.0015142 0.2583000
v 0.4705241 0.0018953 0.2589326
v 0.4689909 0.0029807 0.2594689
v 0.4679664 0.0046050 0.2598273
v 0.4676066 0.0065211 0.2599531
v 0.4684214 0.0019100 0.2610837
v 0.4689909 0.0029807 0.2594689
v 0.4705241 0.0018953 0.2589326
v 0.4704183 0.0004964 0.2603852
v 0.4670870 0.0040256 0.2615504
v 0.4679664 0.0046050 0.2598273
v 0.4725502 0.0004964 0.2664803
v 0.4705532 0.0019100 0.2671788
v 0.4692189 0.0040255 0.2676455
v 0.4666185 0.0065211 0.2617143
v 0.4687503 0.0065211 0.2678094
v 0.4676066 0.0065211 0.2599531
v 0.4670870 0.0090166 0.2615504
v 0.4666185 0.0065211 0.2617143
v 0.4687503 0.0065211 0.2678094
v 0.4692189 0.0090166 0.2676456
v 0.4679664 0.0084371 0.2598273
v 0.4676066 0.0065211 0.2599531
v 0.4684214 0.0111322 0.2610837
v 0.4705532 0.0111322 0.2671788
v 0.4689909 0.0100615 0.2594689
v 0.4725502 0.0125458 0.2664803
v 0.4749058 0.0130422 0.2656564
v 0.4720050 0.0100615 0.2680865
v 0.4735383 0.0111468 0.2675502
v 0.4753468 0.0115280 0.2669176
v 0.4735383 0.0111468 0.2675502
v 0.4720050 0.0100615 0.2680865
v 0.4753469 0.0065211 0.2669176
v 0.4753468 0.0115280 0.2669176
v 0.4709806 0.0084371 0.2684448
v 0.4706207 0.0065211 0.2685707
v 0.4720050 0.0029807 0.2680865
v 0.4735383 0.0018953 0.2675502
v 0.4753468 0.0015142 0.2669176
v 0.4786887 0.0029807 0.2657487
v 0.4797132 0.0046050 0.2653904
v 0.4800730 0.0065211 0.2652645
v 0.4771555 0.0111468 0.2662850
v 0.4786887 0.0100615 0.2657487
v 0.4709806 0.0046050 0.2684448
v 0.4771555 0.0018953 0.2662850
v 0.4797132 0.0084371 0.2653904
v 0.4772613 0.0125458 0.2648326
v 0.4771555 0.0111468 0.2662850
v 0.4786887 0.0100615 0.2657487
v 0.4792583 0.0111322 0.2641340
v 0.4797132 0.0084371 0.2653904
v 0.4805927 0.0090166 0.2636674
v 0.4771264 0.0111322 0.2580390
v 0.4784608 0.0090166 0.2575723
v 0.4789293 0.0065211 0.2574084
v 0.4810612 0.0065211 0.2635034
v 0.4800730 0.0065211 0.2652645
v 0.4784608 0.0040256 0.2575723
v 0.4805927 0.0040256 0.2636674
v 0.4797132 0.0046050 0.2653904
v 0.4771264 0.0019100 0.2580390
v 0.4792584 0.0019100 0.2641340
v 0.4786887 0.0029807 0.2657487
v 0.4751294 0.0004964 0.2587374
v 0.4772613 0.0004964 0.2648326
v 0.4771555 0.0018953 0.2662850
v 0.4727739 0.0000000 0.2595613
v 0.4749058 0.0000000 0.2656564
v 0.4753468 0.0015142 0.2669176
v 0.4735383 0.0018953 0.2675502
v 0.4720050 0.0029807 0.2680865
v 0.4723328 0.0015142 0.2583000
v 0.4741413 0.0018953 0.2576674
v 0.4756746 0.0029807 0.2571311
v 0.4766991 0.0046050 0.2567728
v 0.4770589 0.0065211 0.2566470
v 0.4766991 0.0084371 0.2567728
v 0.4756746 0.0100615 0.2571311
v 0.4709806 0.0046050 0.2684448
v 0.4706207 0.0065211 0.2685707
v 0.4706207 0.0065211 0.2685707
v 0.4709806 0.0084371 0.2684448
v 0.6108295 0.0115280 0.2637071
v 0.6089930 0.0111468 0.2631609
v 0.6108295 0.0065211 0.2637071
v 0.6088184 0.0125458 0.2617150
v 0.6089930 0.0111468 0.2631609
v 0.6108295 0.0115280 0.2637071
v 0.6112104 0.0130422 0.2624264
v 0.6126660 0.0111468 0.2642533
v 0.6126660 0.0111468 0.2642533
v 0.6136024 0.0125458 0.2631378
v 0.6152633 0.0084371 0.2650258
v 0.6142230 0.0100615 0.2647164
v 0.6074360 0.0100615 0.2626978
v 0.6063957 0.0084371 0.2623885
v 0.6060304 0.0065211 0.2622798
v 0.6063957 0.0046050 0.2623885
v 0.6074360 0.0029807 0.2626978
v 0.6089930 0.0018953 0.2631609
v 0.6108295 0.0015142 0.2637071
v 0.6126660 0.0018953 0.2642533
v 0.6142230 0.0029807 0.2647164
v 0.6152633 0.0046050 0.2650258
v 0.6156286 0.0065211 0.2651345
v 0.6126660 0.0018953 0.2642533
v 0.6136024 0.0004964 0.2631378
v 0.6156302 0.0019100 0.2637409
v 0.6142230 0.0029807 0.2647164
v 0.6169852 0.0040256 0.2641439
v 0.6152633 0.0046050 0.2650258
v 0.6154432 0.0004964 0.2569485
v 0.6174709 0.0019100 0.2575516
v 0.6188259 0.0040256 0.2579546
v 0.6193017 0.0065211 0.2580961
v 0.6174609 0.0065211 0.2642854
v 0.6156286 0.0065211 0.2651345
v 0.6188259 0.0090166 0.2579546
v 0.6169852 0.0090166 0.2641439
v 0.6174609 0.0065211 0.2642854
v 0.6193017 0.0065211 0.2580961
v 0.6152633 0.0084371 0.2650258
v 0.6156286 0.0065211 0.2651345
v 0.6174709 0.0111322 0.2575516
v 0.6156302 0.0111322 0.2637409
v 0.6142230 0.0100615 0.2647164
v 0.6154432 0.0125458 0.2569485
v 0.6130512 0.0130422 0.2562371
v 0.6152687 0.0111468 0.2555026
v 0.6168256 0.0100615 0.2559657
v 0.6134321 0.0115280 0.2549564
v 0.6152687 0.0111468 0.2555026
v 0.6168256 0.0100615 0.2559657
v 0.6134321 0.0065211 0.2549564
v 0.6134321 0.0115280 0.2549564
v 0.6178659 0.0084371 0.2562751
v 0.6182312 0.0065211 0.2563838
v 0.6168256 0.0029807 0.2559657
v 0.6152686 0.0018953 0.2555026
v 0.6134321 0.0015142 0.2549564
v 0.6100386 0.0029807 0.2539471
v 0.6089983 0.0046050 0.2536378
v 0.6086330 0.0065211 0.2535291
v 0.6115956 0.0111468 0.2544102
v 0.6100386 0.0100615 0.2539471
v 0.6178659 0.0046050 0.2562751
v 0.6115956 0.0018953 0.2544102
v 0.6089983 0.0084371 0.2536378
v 0.6100386 0.0100615 0.2539471
v 0.6086314 0.0111322 0.2549226
v 0.6106593 0.0125458 0.2555257
v 0.6115956 0.0111468 0.2544102
v 0.6089983 0.0084371 0.2536378
v 0.6072764 0.0090166 0.2545196
v 0.6067907 0.0111322 0.2611119
v 0.6054357 0.0090166 0.2607089
v 0.6068007 0.0065211 0.2543782
v 0.6049600 0.0065211 0.2605675
v 0.6086330 0.0065211 0.2535291
v 0.6072764 0.0040256 0.2545196
v 0.6054357 0.0040256 0.2607089
v 0.6089983 0.0046050 0.2536378
v 0.6086314 0.0019100 0.2549226
v 0.6067907 0.0019100 0.2611119
v 0.6100386 0.0029807 0.2539471
v 0.6106593 0.0004964 0.2555257
v 0.6088184 0.0004964 0.2617150
v 0.6115956 0.0018953 0.2544102
v 0.6130512 0.0000000 0.2562371
v 0.6112104 0.0000000 0.2624264
v 0.6134321 0.0015142 0.2549564
v 0.6152686 0.0018953 0.2555026
v 0.6168256 0.0029807 0.2559657
v 0.6089930 0.0018953 0.2631609
v 0.6108295 0.0015142 0.2637071
v 0.6074360 0.0029807 0.2626978
v 0.6063957 0.0046050 0.2623885
v 0.6060304 0.0065211 0.2622798
v 0.6063957 0.0084371 0.2623885
v 0.6074360 0.0100615 0.2626978
v 0.6178659 0.0046050 0.2562751
v 0.6182312 0.0065211 0.2563838
v 0.6182312 0.0065211 0.2563838
v 0.6178659 0.0084371 0.2562751
v 0.5875064 0.0115280 0.1813789
v 0.5864180 0.0111469 0.1829557
v 0.5875065 0.0065211 0.1813789
v 0.5864068 0.0130422 0.1806198
v 0.5849891 0.0125458 0.1826736
v 0.5864180 0.0111469 0.1829557
v 0.5875064 0.0115280 0.1813789
v 0.5885949 0.0111469 0.1798020
v 0.5878244 0.0125458 0.1785661
v 0.5885949 0.0111469 0.1798020
v 0.5901341 0.0084371 0.1775720
v 0.5895176 0.0100615 0.1784652
v 0.5854952 0.0100615 0.1842925
v 0.5848786 0.0084371 0.1851858
v 0.5846621 0.0065211 0.1854994
v 0.5848786 0.0046050 0.1851858
v 0.5854952 0.0029807 0.1842925
v 0.5864180 0.0018954 0.1829557
v 0.5875065 0.0015142 0.1813789
v 0.5885949 0.0018954 0.1798020
v 0.5895177 0.0029807 0.1784652
v 0.5901341 0.0046050 0.1775720
v 0.5903507 0.0065211 0.1772583
v 0.5878244 0.0004964 0.1785661
v 0.5890262 0.0019100 0.1768250
v 0.5895177 0.0029807 0.1784652
v 0.5885949 0.0018954 0.1798020
v 0.5898293 0.0040256 0.1756616
v 0.5901341 0.0046050 0.1775720
v 0.5825102 0.0004964 0.1748979
v 0.5837121 0.0019100 0.1731569
v 0.5845151 0.0040256 0.1719935
v 0.5847971 0.0065211 0.1715850
v 0.5901112 0.0065211 0.1752531
v 0.5903507 0.0065211 0.1772583
v 0.5847971 0.0065211 0.1715850
v 0.5845151 0.0090166 0.1719935
v 0.5898293 0.0090166 0.1756616
v 0.5901112 0.0065211 0.1752531
v 0.5901341 0.0084371 0.1775720
v 0.5903507 0.0065211 0.1772583
v 0.5837121 0.0111322 0.1731569
v 0.5890262 0.0111322 0.1768250
v 0.5895176 0.0100615 0.1784652
v 0.5825102 0.0125458 0.1748979
v 0.5810926 0.0130422 0.1769517
v 0.5820042 0.0100615 0.1732790
v 0.5810815 0.0111469 0.1746158
v 0.5799930 0.0115280 0.1761926
v 0.5810815 0.0111469 0.1746158
v 0.5820042 0.0100615 0.1732790
v 0.5799930 0.0065211 0.1761926
v 0.5799930 0.0115280 0.1761926
v 0.5826208 0.0084371 0.1723858
v 0.5828373 0.0065211 0.1720721
v 0.5820042 0.0029807 0.1732790
v 0.5810815 0.0018954 0.1746158
v 0.5799930 0.0015142 0.1761926
v 0.5779818 0.0029807 0.1791063
v 0.5773652 0.0046050 0.1799995
v 0.5771488 0.0065211 0.1803132
v 0.5789046 0.0111469 0.1777695
v 0.5779818 0.0100615 0.1791063
v 0.5826208 0.0046050 0.1723858
v 0.5789046 0.0018954 0.1777695
v 0.5773652 0.0084371 0.1799995
v 0.5789046 0.0111469 0.1777695
v 0.5779818 0.0100615 0.1791063
v 0.5784732 0.0111322 0.1807465
v 0.5796750 0.0125458 0.1790054
v 0.5773652 0.0084371 0.1799995
v 0.5776701 0.0090166 0.1819098
v 0.5837873 0.0111322 0.1844146
v 0.5829843 0.0090166 0.1855781
v 0.5773881 0.0065211 0.1823184
v 0.5827023 0.0065211 0.1859865
v 0.5771488 0.0065211 0.1803132
v 0.5776701 0.0040256 0.1819098
v 0.5829843 0.0040256 0.1855781
v 0.5773652 0.0046050 0.1799995
v 0.5784732 0.0019100 0.1807465
v 0.5837873 0.0019100 0.1844146
v 0.5779818 0.0029807 0.1791063
v 0.5796750 0.0004964 0.1790054
v 0.5849891 0.0004964 0.1826736
v 0.5789046 0.0018954 0.1777695
v 0.5810926 0.0000000 0.1769517
v 0.5864068 0.0000000 0.1806198
v 0.5799930 0.0015142 0.1761926
v 0.5810815 0.0018954 0.1746158
v 0.5820042 0.0029807 0.1732790
v 0.5875065 0.0015142 0.1813789
v 0.5864180 0.0018954 0.1829557
v 0.5854952 0.0029807 0.1842925
v 0.5848786 0.0046050 0.1851858
v 0.5846621 0.0065211 0.1854994
v 0.5848786 0.0084371 0.1851858
v 0.5854952 0.0100615 0.1842925
v 0.5826208 0.0046050 0.1723858
v 0.5828373 0.0065211 0.1720721
v 0.5828373 0.0065211 0.1720721
v 0.5826208 0.0084371 0.1723858
v 0.5020034 0.0115280 0.1780407
v 0.5031653 0.0111469 0.1795643
v 0.5020035 0.0065211 0.1780408
v 0.5020034 0.0115280 0.1780407
v 0.5009409 0.0130422 0.1788511
v 0.5024543 0.0125458 0.1808353
v 0.5031653 0.0111469 0.1795643
v 0.5008416 0.0111469 0.1765172
v 0.5008416 0.0111469 0.1765172
v 0.4994276 0.0125458 0.1768668
v 0.4991983 0.0084372 0.1743626
v 0.4998564 0.0100615 0.1752256
v 0.5041503 0.0100615 0.1808559
v 0.5048086 0.0084372 0.1817189
v 0.5050397 0.0065211 0.1820220
v 0.5048086 0.0046050 0.1817189
v 0.5041503 0.0029807 0.1808559
v 0.5031653 0.0018954 0.1795643
v 0.5020034 0.0015142 0.1780407
v 0.5008416 0.0018954 0.1765172
v 0.4998564 0.0029807 0.1752256
v 0.4991983 0.0046050 0.1743626
v 0.4989672 0.0065211 0.1740596
v 0.4981447 0.0019100 0.1751845
v 0.4998564 0.0029807 0.1752256
v 0.5008416 0.0018954 0.1765172
v 0.4994276 0.0004964 0.1768668
v 0.4972874 0.0040256 0.1740606
v 0.4991983 0.0046050 0.1743626
v 0.4942932 0.0004964 0.1807825
v 0.4930103 0.0019100 0.1791003
v 0.4921531 0.0040256 0.1779763
v 0.4918520 0.0065211 0.1775816
v 0.4969865 0.0065211 0.1736658
v 0.4989672 0.0065211 0.1740596
v 0.4918520 0.0065211 0.1775816
v 0.4921531 0.0090166 0.1779763
v 0.4972874 0.0090166 0.1740606
v 0.4969865 0.0065211 0.1736658
v 0.4991983 0.0084372 0.1743626
v 0.4989672 0.0065211 0.1740596
v 0.4930103 0.0111322 0.1791003
v 0.4981447 0.0111322 0.1751845
v 0.4998564 0.0100615 0.1752256
v 0.4942932 0.0125458 0.1807825
v 0.4958066 0.0130422 0.1827668
v 0.4925972 0.0100615 0.1807619
v 0.4935822 0.0111469 0.1820535
v 0.4947441 0.0115280 0.1835770
v 0.4935822 0.0111469 0.1820535
v 0.4925972 0.0100615 0.1807619
v 0.4947441 0.0065211 0.1835770
v 0.4947441 0.0115280 0.1835770
v 0.4919391 0.0084372 0.1798989
v 0.4917078 0.0065211 0.1795958
v 0.4925972 0.0029807 0.1807619
v 0.4935822 0.0018954 0.1820535
v 0.4947441 0.0015142 0.1835770
v 0.4968911 0.0029807 0.1863922
v 0.4975493 0.0046050 0.1872552
v 0.4977805 0.0065211 0.1875582
v 0.4959061 0.0111469 0.1851006
v 0.4968911 0.0100615 0.1863922
v 0.4919391 0.0046050 0.1798989
v 0.4959061 0.0018954 0.1851006
v 0.4975493 0.0084372 0.1872552
v 0.4973199 0.0125458 0.1847511
v 0.4959061 0.0111469 0.1851006
v 0.4968911 0.0100615 0.1863922
v 0.4986028 0.0111322 0.1864333
v 0.4975493 0.0084372 0.1872552
v 0.4994600 0.0090166 0.1875573
v 0.5037372 0.0111322 0.1825175
v 0.5045944 0.0090166 0.1836415
v 0.4997611 0.0065211 0.1879520
v 0.5048955 0.0065211 0.1840363
v 0.4977805 0.0065211 0.1875582
v 0.4994600 0.0040256 0.1875573
v 0.5045944 0.0040256 0.1836415
v 0.4975493 0.0046050 0.1872552
v 0.4986028 0.0019100 0.1864333
v 0.5037372 0.0019100 0.1825175
v 0.4968911 0.0029807 0.1863922
v 0.4973199 0.0004964 0.1847511
v 0.5024543 0.0004964 0.1808353
v 0.4959061 0.0018954 0.1851006
v 0.4958066 0.0000000 0.1827668
v 0.5009409 0.0000000 0.1788511
v 0.4947441 0.0015142 0.1835770
v 0.4935822 0.0018954 0.1820535
v 0.4925972 0.0029807 0.1807619
v 0.5020034 0.0015142 0.1780407
v 0.5031653 0.0018954 0.1795643
v 0.5041503 0.0029807 0.1808559
v 0.5048086 0.0046050 0.1817189
v 0.5050397 0.0065211 0.1820220
v 0.5048086 0.0084372 0.1817189
v 0.5041503 0.0100615 0.1808559
v 0.4919391 0.0046050 0.1798989
v 0.4917078 0.0065211 0.1795958
v 0.4917078 0.0065211 0.1795958
v 0.4919391 0.0084372 0.1798989
v 0.5399948 0.0115280 0.3114025
v 0.5399394 0.0111468 0.3094873
v 0.5399948 0.0065211 0.3114025
v 0.5399394 0.0111468 0.3094873
v 0.5399948 0.0115280 0.3114025
v 0.5413305 0.0130422 0.3113639
v 0.5412583 0.0125458 0.3088695
v 0.5400502 0.0111468 0.3133179
v 0.5400502 0.0111468 0.3133179
v 0.5414026 0.0125458 0.3138585
v 0.5401286 0.0084371 0.3160264
v 0.5400972 0.0100615 0.3149415
v 0.5398924 0.0100615 0.3078637
v 0.5398611 0.0084371 0.3067788
v 0.5398501 0.0065211 0.3063978
v 0.5398611 0.0046051 0.3067788
v 0.5398924 0.0029807 0.3078637
v 0.5399394 0.0018954 0.3094873
v 0.5399948 0.0015142 0.3114025
v 0.5400502 0.0018954 0.3133179
v 0.5400972 0.0029807 0.3149415
v 0.5401286 0.0046051 0.3160264
v 0.5401396 0.0065211 0.3164073
v 0.5400972 0.0029807 0.3149415
v 0.5400502 0.0018954 0.3133179
v 0.5414026 0.0004964 0.3138585
v 0.5414638 0.0019100 0.3159730
v 0.5401286 0.0046051 0.3160264
v 0.5415046 0.0040256 0.3173861
v 0.5478571 0.0004964 0.3136717
v 0.5479183 0.0019100 0.3157863
v 0.5479592 0.0040256 0.3171993
v 0.5415191 0.0065211 0.3178822
v 0.5479736 0.0065211 0.3176955
v 0.5401396 0.0065211 0.3164073
v 0.5415046 0.0090166 0.3173861
v 0.5415191 0.0065211 0.3178822
v 0.5479736 0.0065211 0.3176955
v 0.5479592 0.0090166 0.3171993
v 0.5401286 0.0084371 0.3160264
v 0.5401396 0.0065211 0.3164073
v 0.5414638 0.0111322 0.3159732
v 0.5479183 0.0111322 0.3157863
v 0.5400972 0.0100615 0.3149415
v 0.5478571 0.0125458 0.3136717
v 0.5477850 0.0130422 0.3111772
v 0.5492229 0.0100615 0.3146775
v 0.5491759 0.0111468 0.3130538
v 0.5491205 0.0115280 0.3111386
v 0.5491759 0.0111468 0.3130538
v 0.5492229 0.0100615 0.3146775
v 0.5491205 0.0065211 0.3111385
v 0.5491205 0.0115280 0.3111386
v 0.5492543 0.0084371 0.3157624
v 0.5492653 0.0065211 0.3161434
v 0.5492229 0.0029807 0.3146775
v 0.5491759 0.0018954 0.3130538
v 0.5491205 0.0015142 0.3111385
v 0.5490181 0.0029807 0.3075997
v 0.5489868 0.0046051 0.3065147
v 0.5489757 0.0065211 0.3061338
v 0.5490651 0.0111468 0.3092233
v 0.5490181 0.0100615 0.3075997
v 0.5492543 0.0046051 0.3157624
v 0.5490651 0.0018954 0.3092233
v 0.5489868 0.0084371 0.3065147
v 0.5476516 0.0111322 0.3065680
v 0.5477128 0.0125458 0.3086827
v 0.5490651 0.0111468 0.3092233
v 0.5490181 0.0100615 0.3075997
v 0.5476107 0.0090166 0.3051550
v 0.5489868 0.0084371 0.3065147
v 0.5411970 0.0111322 0.3067548
v 0.5411562 0.0090166 0.3053417
v 0.5411419 0.0065211 0.3048455
v 0.5475963 0.0065211 0.3046588
v 0.5489757 0.0065211 0.3061338
v 0.5411562 0.0040256 0.3053417
v 0.5476107 0.0040256 0.3051550
v 0.5489868 0.0046051 0.3065147
v 0.5411970 0.0019100 0.3067548
v 0.5476516 0.0019100 0.3065680
v 0.5490181 0.0029807 0.3075997
v 0.5412583 0.0004964 0.3088695
v 0.5477128 0.0004964 0.3086827
v 0.5490651 0.0018954 0.3092233
v 0.5413305 0.0000000 0.3113639
v 0.5477850 0.0000000 0.3111772
v 0.5491205 0.0015142 0.3111385
v 0.5491759 0.0018954 0.3130538
v 0.5492229 0.0029807 0.3146775
v 0.5399948 0.0015142 0.3114025
v 0.5399394 0.0018954 0.3094873
v 0.5398924 0.0029807 0.3078637
v 0.5398611 0.0046051 0.3067788
v 0.5398501 0.0065211 0.3063978
v 0.5398611 0.0084371 0.3067788
v 0.5398924 0.0100615 0.3078637
v 0.5492543 0.0046051 0.3157624
v 0.5492653 0.0065211 0.3161434
v 0.5492653 0.0065211 0.3161434
v 0.5492543 0.0084371 0.3157624
v 0.0872637 0.0967355 0.1541654
v 0.0887148 0.0967355 0.1492860
v 0.0887148 0.0850542 0.1492860
v 0.0872637 0.0850542 0.1541654
v 0.0944996 0.0967355 0.1510065
v 0.0944996 0.0850542 0.1510065
v 0.0887148 0.0850542 0.1492860
v 0.0887148 0.0967355 0.1492860
v 0.0944996 0.0967355 0.1510065
v 0.0930485 0.0967355 0.1558858
v 0.0930485 0.0850542 0.1558858
v 0.0944996 0.0850542 0.1510065
v 0.0930485 0.0850542 0.1558858
v 0.0930485 0.0967355 0.1558858
v 0.0872637 0.0967355 0.1541654
v 0.0872637 0.0850542 0.1541654
v 0.0944996 0.0810188 0.1510065
v 0.0930485 0.0810188 0.1558858
v 0.0872637 0.0810188 0.1541654
v 0.0887148 0.0810188 0.1492860
v 0.0953880 0.0982834 0.1596936
v 0.0970275 0.0982834 0.1541812
v 0.0904921 0.0982834 0.1522376
v 0.0888527 0.0982834 0.1577499
v 0.0872646 0.0850542 0.1797463
v 0.0872646 0.0810188 0.1797463
v 0.0930485 0.0810188 0.1558858
v 0.0944996 0.0810188 0.1510065
v 0.0944996 0.0810188 0.1510065
v 0.0887148 0.0810188 0.1492860
v 0.0887148 0.0810188 0.1492860
v 0.0872637 0.0810188 0.1541654
v 0.0872646 0.0810188 0.1797463
v 0.0872646 0.0850542 0.1797463
v 0.0790680 0.0850542 0.1773085
v 0.0790680 0.0810188 0.1773085
v 0.0872646 0.0850542 0.1797463
v 0.0930485 0.0850542 0.1558858
v 0.0872637 0.0850542 0.1541654
v 0.0790680 0.0850542 0.1773085
v 0.0790680 0.0810188 0.1773085
v 0.0790680 0.0850542 0.1773085
v 0.0872646 0.0810188 0.1797463
v 0.0790680 0.0810188 0.1773085
v 0.0556468 0.0991151 0.1550924
v 0.0744948 0.0991151 0.0917192
v 0.0744948 0.0934706 0.0917192
v 0.0556468 0.0934707 0.1550924
v 0.1378681 0.0991151 0.1105672
v 0.1378681 0.0934706 0.1105672
v 0.1190199 0.0991151 0.1739405
v 0.1190199 0.0934707 0.1739405
v 0.1190199 0.0934707 0.1739405
v 0.1053560 0.0894019 0.1487081
v 0.1053560 0.0934706 0.1487081
v 0.0808791 0.0934706 0.1414284
v 0.0808791 0.0894019 0.1414284
v 0.0881588 0.0934706 0.1169515
v 0.0808791 0.0934706 0.1414284
v 0.0556468 0.0934707 0.1550924
v 0.0744948 0.0934706 0.0917192
v 0.1378681 0.0934706 0.1105672
v 0.1126358 0.0934706 0.1242313
v 0.1190199 0.0934707 0.1739405
v 0.1053560 0.0934706 0.1487081
v 0.1126358 0.0894019 0.1242313
v 0.1053560 0.0894019 0.1487081
v 0.0808791 0.0894019 0.1414284
v 0.0881588 0.0894019 0.1169515
v 0.1126358 0.0934706 0.1242313
v 0.1126358 0.0894019 0.1242313
v 0.0881588 0.0894019 0.1169515
v 0.0881588 0.0934706 0.1169515
v 0.1053560 0.0934706 0.1487081
v 0.1053560 0.0894019 0.1487081
v 0.1004709 0.0749308 0.1282544
v 0.1004709 0.0346131 0.1282544
v 0.0984373 0.0346014 0.1271816
v 0.0984373 0.0749308 0.1271815
v 0.1019392 0.0749308 0.1300237
v 0.1019392 0.0346013 0.1300237
v 0.1026186 0.0749308 0.1322203
v 0.1026186 0.0346009 0.1322203
v 0.1024057 0.0749308 0.1345097
v 0.1024057 0.0346198 0.1345097
v 0.1013329 0.0749308 0.1365433
v 0.1013329 0.0346004 0.1365433
v 0.0995635 0.0749308 0.1380117
v 0.0995635 0.0346015 0.1380117
v 0.0973669 0.0749308 0.1386910
v 0.0973669 0.0346134 0.1386910
v 0.0950775 0.0749308 0.1384781
v 0.0950775 0.0346011 0.1384782
v 0.0930439 0.0749308 0.1374053
v 0.0930439 0.0346039 0.1374053
v 0.0915756 0.0749308 0.1356359
v 0.0915756 0.0346077 0.1356359
v 0.0908962 0.0749308 0.1334394
v 0.0908962 0.0346036 0.1334394
v 0.0908962 0.0346036 0.1334394
v 0.0908962 0.0749308 0.1334394
v 0.0911091 0.0749308 0.1311499
v 0.0911091 0.0346078 0.1311499
v 0.0921819 0.0749308 0.1291163
v 0.0921819 0.0346038 0.1291163
v 0.0939513 0.0749308 0.1276480
v 0.0939513 0.0346078 0.1276480
v 0.0961479 0.0749308 0.1269686
v 0.0961479 0.0346039 0.1269686
v 0.0990380 0.0749308 0.1300198
v 0.0977891 0.0749308 0.1293610
v 0.0999398 0.0749308 0.1311065
v 0.1003570 0.0749308 0.1324555
v 0.1002263 0.0749308 0.1338615
v 0.0995674 0.0749308 0.1351105
v 0.0984807 0.0749308 0.1360122
v 0.0971317 0.0749308 0.1364295
v 0.0957257 0.0749308 0.1362987
v 0.0944768 0.0749308 0.1356399
v 0.0935750 0.0749308 0.1345532
v 0.0931578 0.0749308 0.1332041
v 0.0931578 0.0749308 0.1332041
v 0.0932886 0.0749308 0.1317982
v 0.0939474 0.0749308 0.1305492
v 0.0950340 0.0749308 0.1296475
v 0.0963830 0.0749308 0.1292302
v 0.0947103 0.0345514 0.1397130
v 0.0922320 0.0345552 0.1384056
v 0.0904427 0.0345608 0.1362494
v 0.0896147 0.0345549 0.1335726
v 0.0898742 0.0345608 0.1307827
v 0.0896147 0.0345549 0.1335726
v 0.0911816 0.0345551 0.1283045
v 0.0933378 0.0345609 0.1265152
v 0.1012828 0.0345684 0.1272540
v 0.0988045 0.0345518 0.1259467
v 0.0960146 0.0345553 0.1256872
v 0.1030721 0.0345516 0.1294103
v 0.0988045 0.0324457 0.1259467
v 0.0960146 0.0324494 0.1256872
v 0.0933378 0.0324550 0.1265152
v 0.0911816 0.0324491 0.1283045
v 0.0898742 0.0324549 0.1307827
v 0.0896147 0.0324490 0.1335726
v 0.0904427 0.0324549 0.1362494
v 0.0896147 0.0324490 0.1335726
v 0.0922320 0.0324493 0.1384056
v 0.0947103 0.0324454 0.1397130
v 0.0975001 0.0324629 0.1399725
v 0.0975001 0.0345687 0.1399725
v 0.1001770 0.0324459 0.1391445
v 0.1001770 0.0345519 0.1391445
v 0.1023332 0.0324443 0.1373552
v 0.1023332 0.0345504 0.1373552
v 0.1036405 0.0324724 0.1348770
v 0.1036405 0.0345780 0.1348770
v 0.1039000 0.0324449 0.1320871
v 0.1039000 0.0345509 0.1320871
v 0.1030721 0.0324456 0.1294103
v 0.1012828 0.0324626 0.1272540
v 0.1056339 0.0335510 0.1199449
v 0.0872461 0.0335513 0.1204060
v 0.0967574 0.0338610 0.1328298
v 0.0820025 0.0335513 0.1380365
v 0.0971498 0.0335513 0.1484718
v 0.1387911 0.0190096 0.1921979
v 0.1431197 0.0190096 0.1888840
v 0.1323192 0.0263281 0.1705263
v 0.1238920 0.0263222 0.1769985
v 0.1662231 0.0190096 0.1112030
v 0.1644091 0.0190096 0.1060622
v 0.1436064 0.0263298 0.1106617
v 0.1471632 0.0263216 0.1206744
v 0.1007834 0.0263256 0.0811493
v 0.0976693 0.0190096 0.0600848
v 0.0922195 0.0190096 0.0602215
v 0.0901610 0.0263253 0.0814146
v 0.0458342 0.0263257 0.1232188
v 0.0488588 0.0263239 0.1130326
v 0.0278688 0.0190096 0.1094869
v 0.0263147 0.0190096 0.1147122
v 0.0577727 0.0190097 0.1942300
v 0.0718931 0.0263265 0.1782911
v 0.0631370 0.0263227 0.1722716
v 0.0532834 0.0190097 0.1911373
v 0.1431197 0.0154129 0.1888840
v 0.1431197 0.0190096 0.1888840
v 0.1387911 0.0190096 0.1921979
v 0.1387911 0.0154129 0.1921979
v 0.1662231 0.0190096 0.1112030
v 0.1662231 0.0154129 0.1112030
v 0.1644091 0.0154129 0.1060622
v 0.1644091 0.0190096 0.1060622
v 0.0976693 0.0190096 0.0600848
v 0.0976693 0.0154129 0.0600848
v 0.0922195 0.0154129 0.0602215
v 0.0922195 0.0190096 0.0602215
v 0.0263147 0.0190096 0.1147122
v 0.0278688 0.0190096 0.1094869
v 0.0278688 0.0154129 0.1094869
v 0.0263147 0.0154129 0.1147122
v 0.0577727 0.0154129 0.1942301
v 0.0577727 0.0190097 0.1942300
v 0.0532834 0.0190097 0.1911373
v 0.0532834 0.0154129 0.1911373
v 0.1431197 0.0154129 0.1888840
v 0.1387911 0.0154129 0.1921979
v 0.1240903 0.0214308 0.1773203
v 0.1325785 0.0214391 0.1708005
v 0.1644091 0.0154129 0.1060622
v 0.1662231 0.0154129 0.1112030
v 0.1475312 0.0214298 0.1205855
v 0.1439478 0.0214412 0.1105001
v 0.0976693 0.0154129 0.0600848
v 0.1008131 0.0214354 0.0807724
v 0.0901133 0.0214349 0.0810396
v 0.0922195 0.0154129 0.0602215
v 0.0485101 0.0214333 0.1128880
v 0.0454636 0.0214358 0.1231485
v 0.0263147 0.0154129 0.1147122
v 0.0278688 0.0154129 0.1094869
v 0.0717124 0.0214371 0.1786219
v 0.0577727 0.0154129 0.1942301
v 0.0532834 0.0154129 0.1911373
v 0.0628921 0.0214318 0.1725589
v 0.1094710 0.0257349 0.1615622
v 0.1093580 0.0311838 0.1613081
v 0.0971498 0.0335513 0.1484718
v 0.0971506 0.0273049 0.1485003
v 0.1325785 0.0214391 0.1708005
v 0.1323192 0.0263281 0.1705263
v 0.1280191 0.0257351 0.1296184
v 0.1277417 0.0311844 0.1296471
v 0.1117552 0.0335515 0.1372903
v 0.1117829 0.0273051 0.1372985
v 0.1228648 0.0311834 0.1158669
v 0.1230976 0.0257374 0.1157155
v 0.1056501 0.0273045 0.1199215
v 0.1056339 0.0335510 0.1199449
v 0.1056339 0.0335510 0.1199449
v 0.1056501 0.0273045 0.1199215
v 0.1033668 0.0257361 0.1021149
v 0.1033079 0.0311836 0.1023867
v 0.0872289 0.0273048 0.1203834
v 0.0872461 0.0335513 0.1204060
v 0.0886947 0.0311838 0.1027525
v 0.0886232 0.0257360 0.1024838
v 0.0872461 0.0335513 0.1204060
v 0.0872289 0.0273048 0.1203834
v 0.0695913 0.0257349 0.1170528
v 0.0698312 0.0311830 0.1171927
v 0.0819756 0.0273049 0.1380459
v 0.0820025 0.0335513 0.1380365
v 0.0656667 0.0311829 0.1312048
v 0.0653899 0.0257355 0.1311900
v 0.0820025 0.0335513 0.1380365
v 0.0819756 0.0273049 0.1380459
v 0.0733612 0.0257345 0.1537936
v 0.0735679 0.0311830 0.1536084
v 0.0971506 0.0273049 0.1485003
v 0.0971498 0.0335513 0.1484718
v 0.0856093 0.0311825 0.1618961
v 0.0855103 0.0257355 0.1621548
v 0.1117552 0.0335515 0.1372903
v 0.1056501 0.0273045 0.1199215
v 0.1117829 0.0273051 0.1372985
v 0.0967574 0.0275718 0.1328298
v 0.0819756 0.0273049 0.1380459
v 0.0872289 0.0273048 0.1203834
v 0.0971506 0.0273049 0.1485003
v 0.1209590 0.0311828 0.1524143
v 0.1211749 0.0257364 0.1525885
v 0.1117829 0.0273051 0.1372985
v 0.1117552 0.0335515 0.1372903
v 0.1238920 0.0263222 0.1769985
v 0.1240903 0.0214308 0.1773203
v 0.1211749 0.0257364 0.1525885
v 0.1094710 0.0257349 0.1615622
v 0.1093580 0.0311838 0.1613081
v 0.1209590 0.0311828 0.1524143
v 0.0717124 0.0214371 0.1786219
v 0.0718931 0.0263265 0.1782911
v 0.0631370 0.0263227 0.1722716
v 0.0628921 0.0214318 0.1725589
v 0.0855103 0.0257355 0.1621548
v 0.0733612 0.0257345 0.1537936
v 0.0856093 0.0311825 0.1618961
v 0.0735679 0.0311830 0.1536084
v 0.1439478 0.0214412 0.1105001
v 0.1436064 0.0263298 0.1106617
v 0.1471632 0.0263216 0.1206744
v 0.1475312 0.0214298 0.1205855
v 0.1230976 0.0257374 0.1157155
v 0.1280191 0.0257351 0.1296184
v 0.1277417 0.0311844 0.1296471
v 0.1228648 0.0311834 0.1158669
v 0.0901133 0.0214349 0.0810396
v 0.0901610 0.0263253 0.0814146
v 0.1007834 0.0263256 0.0811493
v 0.1008131 0.0214354 0.0807724
v 0.1033668 0.0257361 0.1021149
v 0.0886232 0.0257360 0.1024838
v 0.1033079 0.0311836 0.1023867
v 0.0886947 0.0311838 0.1027525
v 0.0454636 0.0214358 0.1231485
v 0.0458342 0.0263257 0.1232188
v 0.0488588 0.0263239 0.1130326
v 0.0485101 0.0214333 0.1128880
v 0.0653899 0.0257355 0.1311900
v 0.0695913 0.0257349 0.1170528
v 0.0698312 0.0311830 0.1171927
v 0.0656667 0.0311829 0.1312048
v 0.0974278 0.0110184 0.0672383
v 0.0978463 0.0127595 0.0658657
v 0.0923601 0.0127595 0.0660084
v 0.0928231 0.0110184 0.0673580
v 0.0991383 0.0145390 0.0630494
v 0.0972366 0.0174822 0.0637450
v 0.0965386 0.0179139 0.0651235
v 0.0978430 0.0141144 0.0657358
v 0.0972366 0.0174822 0.0637450
v 0.0991383 0.0145390 0.0630494
v 0.0907602 0.0145390 0.0632672
v 0.0927332 0.0174822 0.0638621
v 0.0923566 0.0141144 0.0658785
v 0.0935897 0.0179139 0.0652003
v 0.0927332 0.0174822 0.0638621
v 0.0907602 0.0145390 0.0632672
v 0.0976102 0.0066557 0.0657223
v 0.0981362 0.0089102 0.0654706
v 0.0968852 0.0087873 0.0677140
v 0.0965324 0.0066557 0.0677352
v 0.0978430 0.0141144 0.0657358
v 0.0965386 0.0179139 0.0651235
v 0.0935897 0.0179139 0.0652003
v 0.0923566 0.0141144 0.0658785
v 0.0965386 0.0179139 0.0651235
v 0.0972366 0.0174822 0.0637450
v 0.0927332 0.0174822 0.0638621
v 0.0935897 0.0179139 0.0652003
v 0.0976102 0.0066557 0.0657223
v 0.0965324 0.0066557 0.0677352
v 0.0936907 0.0066557 0.0678091
v 0.0924252 0.0066557 0.0658572
v 0.0981362 0.0089102 0.0654706
v 0.0976102 0.0066557 0.0657223
v 0.0924252 0.0066557 0.0658572
v 0.0918868 0.0089102 0.0656331
v 0.0936907 0.0066557 0.0678091
v 0.0933577 0.0087873 0.0678058
v 0.0918868 0.0089102 0.0656331
v 0.0924252 0.0066557 0.0658572
v 0.0923601 0.0127595 0.0660084
v 0.0907602 0.0128898 0.0632672
v 0.0965324 0.0066557 0.0677352
v 0.0968852 0.0087873 0.0677140
v 0.0933577 0.0087873 0.0678058
v 0.0936907 0.0066557 0.0678091
v 0.0989445 0.0144922 0.0555976
v 0.0989660 0.0132319 0.0564220
v 0.0989081 0.0117553 0.0541960
v 0.0988777 0.0129187 0.0530275
v 0.0991383 0.0128898 0.0630494
v 0.0978463 0.0127595 0.0658657
v 0.0988777 0.0129187 0.0530275
v 0.0989081 0.0117553 0.0541960
v 0.0905299 0.0117553 0.0544139
v 0.0904996 0.0129187 0.0532453
v 0.0989660 0.0132319 0.0564220
v 0.0905879 0.0132319 0.0566399
v 0.0905879 0.0132319 0.0566399
v 0.0905664 0.0144922 0.0558154
v 0.0904996 0.0129187 0.0532453
v 0.0905299 0.0117553 0.0544139
v 0.0907277 0.0148246 0.0620194
v 0.0907198 0.0132039 0.0617141
v 0.0906535 0.0154728 0.0591632
v 0.0906535 0.0138236 0.0591632
v 0.0989445 0.0144922 0.0555976
v 0.0988777 0.0129187 0.0530275
v 0.0904996 0.0129187 0.0532453
v 0.0905664 0.0144922 0.0558154
v 0.0991383 0.0145390 0.0630494
v 0.0991059 0.0148246 0.0618015
v 0.0907277 0.0148246 0.0620194
v 0.0907602 0.0145390 0.0632672
v 0.0990316 0.0154728 0.0589453
v 0.0906535 0.0154728 0.0591632
v 0.0990979 0.0132039 0.0614963
v 0.0991383 0.0128898 0.0630494
v 0.0907602 0.0128898 0.0632672
v 0.0907198 0.0132039 0.0617141
v 0.0990316 0.0138236 0.0589453
v 0.0906535 0.0138236 0.0591632
v 0.0990979 0.0132039 0.0614963
v 0.0991059 0.0148246 0.0618015
v 0.0990316 0.0138236 0.0589453
v 0.0990316 0.0154728 0.0589453
v 0.0986545 0.0110514 0.0649239
v 0.0913408 0.0110514 0.0651141
v 0.0986545 0.0110514 0.0649239
v 0.0913408 0.0110514 0.0651141
v 0.0928231 0.0110184 0.0673580
v 0.0913408 0.0110514 0.0651141
v 0.0986545 0.0110514 0.0649239
v 0.0974278 0.0110184 0.0672383
v 0.0344041 0.0107027 0.1168743
v 0.0356946 0.0107027 0.1125351
v 0.0345395 0.0124139 0.1117261
v 0.0330020 0.0124139 0.1168958
v 0.0334479 0.0174883 0.1127220
v 0.0344172 0.0137454 0.1116897
v 0.0323015 0.0141627 0.1096611
v 0.0323723 0.0170641 0.1116499
v 0.0311102 0.0170641 0.1158935
v 0.0323723 0.0170641 0.1116499
v 0.0323015 0.0141627 0.1096611
v 0.0299535 0.0141627 0.1175560
v 0.0328796 0.0137454 0.1168594
v 0.0326214 0.0174883 0.1155008
v 0.0311102 0.0170641 0.1158935
v 0.0299535 0.0141627 0.1175560
v 0.0359739 0.0085101 0.1131870
v 0.0358862 0.0064152 0.1135232
v 0.0343337 0.0064152 0.1119031
v 0.0342587 0.0086309 0.1113349
v 0.0328796 0.0137454 0.1168594
v 0.0344172 0.0137454 0.1116897
v 0.0334479 0.0174883 0.1127220
v 0.0326214 0.0174883 0.1155008
v 0.0326214 0.0174883 0.1155008
v 0.0334479 0.0174883 0.1127220
v 0.0323723 0.0170641 0.1116499
v 0.0311102 0.0170641 0.1158935
v 0.0358862 0.0064152 0.1135232
v 0.0350899 0.0064152 0.1162009
v 0.0328806 0.0064152 0.1167889
v 0.0343337 0.0064152 0.1119031
v 0.0343337 0.0064152 0.1119031
v 0.0328806 0.0064152 0.1167889
v 0.0325073 0.0086309 0.1172237
v 0.0342587 0.0086309 0.1113349
v 0.0350899 0.0064152 0.1162009
v 0.0349853 0.0085101 0.1165111
v 0.0325073 0.0086309 0.1172237
v 0.0328806 0.0064152 0.1167889
v 0.0330020 0.0124139 0.1168958
v 0.0299535 0.0125419 0.1175560
v 0.0350899 0.0064152 0.1162009
v 0.0358862 0.0064152 0.1135232
v 0.0359739 0.0085101 0.1131870
v 0.0349853 0.0085101 0.1165111
v 0.0252796 0.0141167 0.1075727
v 0.0260565 0.0128781 0.1078038
v 0.0239589 0.0114269 0.1071799
v 0.0228577 0.0125703 0.1068524
v 0.0345395 0.0124139 0.1117261
v 0.0323015 0.0125419 0.1096611
v 0.0239589 0.0114269 0.1071799
v 0.0216108 0.0114269 0.1150747
v 0.0205097 0.0125703 0.1147472
v 0.0228577 0.0125703 0.1068524
v 0.0260565 0.0128781 0.1078038
v 0.0237084 0.0128781 0.1156986
v 0.0237084 0.0128781 0.1156986
v 0.0229316 0.0141167 0.1154675
v 0.0205097 0.0125703 0.1147472
v 0.0216108 0.0114269 0.1150747
v 0.0287776 0.0144433 0.1172062
v 0.0284900 0.0128506 0.1171207
v 0.0260861 0.0150804 0.1164057
v 0.0260861 0.0134596 0.1164057
v 0.0229316 0.0141167 0.1154675
v 0.0252796 0.0141167 0.1075727
v 0.0228577 0.0125703 0.1068524
v 0.0205097 0.0125703 0.1147472
v 0.0299535 0.0141627 0.1175560
v 0.0323015 0.0141627 0.1096611
v 0.0311256 0.0144433 0.1093114
v 0.0287776 0.0144433 0.1172062
v 0.0284341 0.0150804 0.1085109
v 0.0260861 0.0150804 0.1164057
v 0.0323015 0.0125419 0.1096611
v 0.0299535 0.0125419 0.1175560
v 0.0284900 0.0128506 0.1171207
v 0.0308380 0.0128506 0.1092258
v 0.0260861 0.0134596 0.1164057
v 0.0284341 0.0134596 0.1085109
v 0.0308380 0.0128506 0.1092258
v 0.0311256 0.0144433 0.1093114
v 0.0284341 0.0134596 0.1085109
v 0.0284341 0.0150804 0.1085109
v 0.0318560 0.0107352 0.1175759
v 0.0339057 0.0107352 0.1106841
v 0.0339057 0.0107352 0.1106841
v 0.0318560 0.0107352 0.1175759
v 0.0344041 0.0107027 0.1168743
v 0.0318560 0.0107352 0.1175759
v 0.0356946 0.0107027 0.1125351
v 0.0339057 0.0107352 0.1106841
v 0.0615801 0.0124139 0.1887295
v 0.0619941 0.0107027 0.1873897
v 0.0582685 0.0107027 0.1848180
v 0.0571413 0.0124139 0.1856655
v 0.0577498 0.0174884 0.1870121
v 0.0570688 0.0137454 0.1857706
v 0.0544844 0.0141627 0.1871535
v 0.0563973 0.0170641 0.1877025
v 0.0612629 0.0141627 0.1918325
v 0.0600408 0.0170641 0.1902175
v 0.0563973 0.0170641 0.1877025
v 0.0544844 0.0141627 0.1871535
v 0.0600408 0.0170641 0.1902175
v 0.0612629 0.0141627 0.1918325
v 0.0615076 0.0137454 0.1888345
v 0.0601358 0.0174884 0.1886590
v 0.0589749 0.0085101 0.1847545
v 0.0592673 0.0064152 0.1849421
v 0.0572458 0.0064152 0.1859161
v 0.0566824 0.0086309 0.1858113
v 0.0601358 0.0174884 0.1886590
v 0.0615076 0.0137454 0.1888345
v 0.0600408 0.0170641 0.1902175
v 0.0601358 0.0174884 0.1886590
v 0.0577498 0.0174884 0.1870121
v 0.0563973 0.0170641 0.1877025
v 0.0615664 0.0064152 0.1865291
v 0.0614408 0.0064152 0.1888118
v 0.0572458 0.0064152 0.1859161
v 0.0592673 0.0064152 0.1849421
v 0.0614408 0.0064152 0.1888118
v 0.0617385 0.0086309 0.1893014
v 0.0566824 0.0086309 0.1858113
v 0.0572458 0.0064152 0.1859161
v 0.0617385 0.0086309 0.1893014
v 0.0614408 0.0064152 0.1888118
v 0.0615664 0.0064152 0.1865291
v 0.0618289 0.0085101 0.1867245
v 0.0612629 0.0125419 0.1918325
v 0.0615801 0.0124139 0.1887295
v 0.0618289 0.0085101 0.1867245
v 0.0615664 0.0064152 0.1865291
v 0.0503228 0.0141168 0.1931825
v 0.0507832 0.0128782 0.1925155
v 0.0495401 0.0114269 0.1943165
v 0.0488874 0.0125703 0.1952619
v 0.0544844 0.0125419 0.1871535
v 0.0563186 0.0114269 0.1989955
v 0.0556660 0.0125703 0.1999409
v 0.0488874 0.0125703 0.1952619
v 0.0495401 0.0114269 0.1943165
v 0.0575618 0.0128782 0.1971944
v 0.0507832 0.0128782 0.1925155
v 0.0575618 0.0128782 0.1971944
v 0.0571013 0.0141168 0.1978615
v 0.0556660 0.0125703 0.1999409
v 0.0563186 0.0114269 0.1989955
v 0.0605661 0.0144434 0.1928421
v 0.0603956 0.0128506 0.1930891
v 0.0589709 0.0150805 0.1951530
v 0.0589709 0.0134597 0.1951530
v 0.0556660 0.0125703 0.1999409
v 0.0571013 0.0141168 0.1978615
v 0.0503228 0.0141168 0.1931825
v 0.0488874 0.0125703 0.1952619
v 0.0605661 0.0144434 0.1928421
v 0.0612629 0.0141627 0.1918325
v 0.0544844 0.0141627 0.1871535
v 0.0537875 0.0144434 0.1881630
v 0.0589709 0.0150805 0.1951530
v 0.0521924 0.0150805 0.1904740
v 0.0612629 0.0125419 0.1918325
v 0.0603956 0.0128506 0.1930891
v 0.0536171 0.0128506 0.1884100
v 0.0544844 0.0125419 0.1871535
v 0.0589709 0.0134597 0.1951530
v 0.0521924 0.0134597 0.1904740
v 0.0544844 0.0141627 0.1871535
v 0.0544844 0.0125419 0.1871535
v 0.0536171 0.0128506 0.1884100
v 0.0537875 0.0144434 0.1881630
v 0.0521924 0.0134597 0.1904740
v 0.0521924 0.0150805 0.1904740
v 0.0618715 0.0107352 0.1900298
v 0.0559542 0.0107352 0.1859453
v 0.0618715 0.0107352 0.1900298
v 0.0559542 0.0107352 0.1859453
v 0.0618715 0.0107352 0.1900298
v 0.0619941 0.0107027 0.1873897
v 0.0559542 0.0107352 0.1859453
v 0.1387336 0.0124139 0.1838191
v 0.1375880 0.0107027 0.1830103
v 0.1339885 0.0107027 0.1857556
v 0.1344449 0.0124139 0.1870899
v 0.1350363 0.0141627 0.1900770
v 0.1361511 0.0170641 0.1884285
v 0.1359138 0.0174883 0.1869286
v 0.1345224 0.0137454 0.1871914
v 0.1415856 0.0141627 0.1850822
v 0.1396714 0.0170641 0.1857437
v 0.1361511 0.0170641 0.1884285
v 0.1350363 0.0141627 0.1900770
v 0.1396714 0.0170641 0.1857437
v 0.1415856 0.0141627 0.1850822
v 0.1388110 0.0137454 0.1839207
v 0.1382190 0.0174883 0.1851705
v 0.1347155 0.0064152 0.1870682
v 0.1344414 0.0086309 0.1875714
v 0.1341469 0.0085101 0.1850643
v 0.1344159 0.0064152 0.1848444
v 0.1345224 0.0137454 0.1871914
v 0.1359138 0.0174883 0.1869286
v 0.1396714 0.0170641 0.1857437
v 0.1382190 0.0174883 0.1851705
v 0.1359138 0.0174883 0.1869286
v 0.1361511 0.0170641 0.1884285
v 0.1366373 0.0064152 0.1831502
v 0.1387687 0.0064152 0.1839770
v 0.1347155 0.0064152 0.1870682
v 0.1344159 0.0064152 0.1848444
v 0.1387687 0.0064152 0.1839770
v 0.1393265 0.0086309 0.1838457
v 0.1344414 0.0086309 0.1875714
v 0.1347155 0.0064152 0.1870682
v 0.1393265 0.0086309 0.1838457
v 0.1387687 0.0064152 0.1839770
v 0.1366373 0.0064152 0.1831502
v 0.1369045 0.0085101 0.1829612
v 0.1415856 0.0125419 0.1850822
v 0.1387336 0.0124139 0.1838191
v 0.1344159 0.0064152 0.1848444
v 0.1341469 0.0085101 0.1850643
v 0.1403144 0.0114269 0.1969978
v 0.1410111 0.0125703 0.1979113
v 0.1394788 0.0141167 0.1959022
v 0.1389874 0.0128782 0.1952577
v 0.1350363 0.0125419 0.1900770
v 0.1344449 0.0124139 0.1870899
v 0.1344449 0.0124139 0.1870899
v 0.1468637 0.0114269 0.1920030
v 0.1475604 0.0125703 0.1929165
v 0.1410111 0.0125703 0.1979113
v 0.1403144 0.0114269 0.1969978
v 0.1455366 0.0128781 0.1902629
v 0.1389874 0.0128782 0.1952577
v 0.1475604 0.0125703 0.1929165
v 0.1468637 0.0114269 0.1920030
v 0.1455366 0.0128781 0.1902629
v 0.1460282 0.0141167 0.1909074
v 0.1423295 0.0144433 0.1860577
v 0.1425116 0.0128506 0.1862963
v 0.1440324 0.0150804 0.1882905
v 0.1440324 0.0134596 0.1882905
v 0.1475604 0.0125703 0.1929165
v 0.1460282 0.0141167 0.1909074
v 0.1394788 0.0141167 0.1959022
v 0.1410111 0.0125703 0.1979113
v 0.1423295 0.0144433 0.1860577
v 0.1415856 0.0141627 0.1850822
v 0.1350363 0.0141627 0.1900770
v 0.1357803 0.0144433 0.1910525
v 0.1440324 0.0150804 0.1882905
v 0.1374830 0.0150804 0.1932853
v 0.1415856 0.0125419 0.1850822
v 0.1425116 0.0128506 0.1862963
v 0.1359623 0.0128506 0.1912911
v 0.1350363 0.0125419 0.1900770
v 0.1440324 0.0134596 0.1882905
v 0.1374830 0.0134596 0.1932853
v 0.1359623 0.0128506 0.1912911
v 0.1357803 0.0144433 0.1910525
v 0.1374830 0.0134596 0.1932853
v 0.1374830 0.0150804 0.1932853
v 0.1400603 0.0107352 0.1839450
v 0.1343430 0.0107352 0.1883053
v 0.1375880 0.0107027 0.1830103
v 0.1339885 0.0107027 0.1857556
v 0.1400603 0.0107352 0.1839450
v 0.1343430 0.0107352 0.1883053
v 0.1400603 0.0107352 0.1839450
v 0.1343430 0.0107352 0.1883053
v 0.1339885 0.0107027 0.1857556
v 0.1583451 0.0107027 0.1140537
v 0.1597552 0.0124139 0.1140333
v 0.1579745 0.0124139 0.1089421
v 0.1568505 0.0107027 0.1097806
v 0.1627785 0.0141627 0.1143967
v 0.1615567 0.0170641 0.1128260
v 0.1600570 0.0174884 0.1125867
v 0.1598756 0.0137454 0.1139911
v 0.1615567 0.0170641 0.1128260
v 0.1627785 0.0141627 0.1143967
v 0.1600592 0.0141627 0.1066220
v 0.1600949 0.0170641 0.1086469
v 0.1600949 0.0170641 0.1086469
v 0.1600592 0.0141627 0.1066220
v 0.1580949 0.0137454 0.1088999
v 0.1590998 0.0174884 0.1098501
v 0.1598183 0.0064152 0.1137692
v 0.1602118 0.0086309 0.1141859
v 0.1577369 0.0085101 0.1136888
v 0.1576112 0.0064152 0.1133649
v 0.1598756 0.0137454 0.1139911
v 0.1600570 0.0174884 0.1125867
v 0.1600570 0.0174884 0.1125867
v 0.1615567 0.0170641 0.1128260
v 0.1600949 0.0170641 0.1086469
v 0.1590998 0.0174884 0.1098501
v 0.1598183 0.0064152 0.1137692
v 0.1576112 0.0064152 0.1133649
v 0.1566889 0.0064152 0.1107280
v 0.1581354 0.0064152 0.1089577
v 0.1602118 0.0086309 0.1141859
v 0.1598183 0.0064152 0.1137692
v 0.1581354 0.0064152 0.1089577
v 0.1581834 0.0086309 0.1083866
v 0.1581834 0.0086309 0.1083866
v 0.1581354 0.0064152 0.1089577
v 0.1566889 0.0064152 0.1107280
v 0.1565920 0.0085101 0.1104153
v 0.1600592 0.0125419 0.1066220
v 0.1576112 0.0064152 0.1133649
v 0.1577369 0.0085101 0.1136888
v 0.1709943 0.0114269 0.1115232
v 0.1720787 0.0125703 0.1111438
v 0.1696936 0.0141168 0.1119780
v 0.1689285 0.0128782 0.1122456
v 0.1627785 0.0125419 0.1143967
v 0.1597552 0.0124139 0.1140333
v 0.1720787 0.0125703 0.1111438
v 0.1709943 0.0114269 0.1115232
v 0.1682750 0.0114269 0.1037484
v 0.1693594 0.0125703 0.1033690
v 0.1689285 0.0128782 0.1122456
v 0.1662092 0.0128782 0.1044709
v 0.1693594 0.0125703 0.1033690
v 0.1682750 0.0114269 0.1037484
v 0.1662092 0.0128782 0.1044709
v 0.1669743 0.0141167 0.1042033
v 0.1612172 0.0144433 0.1062169
v 0.1615004 0.0128506 0.1061178
v 0.1600592 0.0125419 0.1066220
v 0.1600592 0.0141627 0.1066220
v 0.1638677 0.0150804 0.1052899
v 0.1638677 0.0134596 0.1052899
v 0.1696936 0.0141168 0.1119780
v 0.1720787 0.0125703 0.1111438
v 0.1693594 0.0125703 0.1033690
v 0.1669743 0.0141167 0.1042033
v 0.1627785 0.0141627 0.1143967
v 0.1639365 0.0144433 0.1139917
v 0.1612172 0.0144433 0.1062169
v 0.1600592 0.0141627 0.1066220
v 0.1665871 0.0150804 0.1130646
v 0.1638677 0.0150804 0.1052899
v 0.1642199 0.0128506 0.1138926
v 0.1627785 0.0125419 0.1143967
v 0.1600592 0.0125419 0.1066220
v 0.1615004 0.0128506 0.1061178
v 0.1665871 0.0134596 0.1130646
v 0.1638677 0.0134596 0.1052899
v 0.1642199 0.0128506 0.1138926
v 0.1639365 0.0144433 0.1139917
v 0.1665871 0.0134596 0.1130646
v 0.1665871 0.0150804 0.1130646
v 0.1608791 0.0107352 0.1145068
v 0.1585053 0.0107352 0.1077198
v 0.1608791 0.0107352 0.1145068
v 0.1585053 0.0107352 0.1077198
v 0.1585053 0.0107352 0.1077198
v 0.1608791 0.0107352 0.1145068
v 0.1583451 0.0107027 0.1140537
v 0.0959500 0.1467003 0.1915566
v 0.0938278 0.1434165 0.1909255
v 0.0845636 0.1448921 0.1881701
v 0.0854562 0.1482252 0.1884356
v 0.0938278 0.1434165 0.1909255
v 0.0897683 0.1434771 0.2052290
v 0.0803253 0.1448921 0.2024205
v 0.0845636 0.1448921 0.1881701
v 0.0920406 0.1467003 0.2047010
v 0.0815543 0.1482252 0.2015550
v 0.0897683 0.1434771 0.2052290
v 0.0803253 0.1448921 0.2024205
v 0.0256207 0.1501784 0.1837443
v 0.0265229 0.1468163 0.1848548
v 0.0265229 0.1468163 0.1848548
v 0.0301010 0.1467998 0.1722144
v 0.0292014 0.1501784 0.1717046
v 0.0301010 0.1467998 0.1722144
v 0.0815643 0.1023038 0.1936476
v 0.0826368 0.0990416 0.1940187
v 0.0737046 0.0978292 0.1904471
v 0.0723232 0.1013242 0.1898555
v 0.0603177 0.0978591 0.1850457
v 0.0593435 0.1013160 0.1848325
v 0.0820940 0.0990416 0.1958439
v 0.0809228 0.1023100 0.1959113
v 0.0717222 0.1013242 0.1918763
v 0.0731110 0.0978292 0.1924427
v 0.0587055 0.1013160 0.1869775
v 0.0596866 0.0978591 0.1871678
v 0.0809228 0.1023100 0.1959113
v 0.0815643 0.1023038 0.1936476
v 0.0723232 0.1013242 0.1898555
v 0.0717222 0.1013242 0.1918763
v 0.0593435 0.1013160 0.1848325
v 0.0587055 0.1013160 0.1869775
v 0.0275269 0.1459814 0.1722660
v 0.0239708 0.1465593 0.1826177
v 0.0219312 0.1453406 0.1802087
v 0.0248193 0.1446484 0.1725339
v 0.0239708 0.1465593 0.1826177
v 0.0225275 0.1489230 0.1818519
v 0.0203079 0.1470556 0.1794337
v 0.0219312 0.1453406 0.1802087
v 0.0254343 0.1488309 0.1715652
v 0.0225714 0.1470084 0.1715283
v 0.0275269 0.1459814 0.1722660
v 0.0248193 0.1446484 0.1725339
v 0.1089299 0.1401766 0.1955978
v 0.1055292 0.1384358 0.1946056
v 0.0998832 0.1428628 0.1927264
v 0.1038365 0.1450936 0.1939021
v 0.1104230 0.1333864 0.1967664
v 0.1070118 0.1318149 0.1957793
v 0.1055292 0.1384358 0.1946056
v 0.1025665 0.1381335 0.2077003
v 0.0967357 0.1426553 0.2067762
v 0.0998832 0.1428628 0.1927264
v 0.1070118 0.1318149 0.1957793
v 0.1043674 0.1315835 0.2078455
v 0.1052271 0.1400599 0.2072481
v 0.0999917 0.1451097 0.2065406
v 0.1066964 0.1329400 0.2073339
v 0.1025665 0.1381335 0.2077003
v 0.0967357 0.1426553 0.2067762
v 0.1043674 0.1315835 0.2078455
v 0.1101566 0.1221315 0.1975141
v 0.1067816 0.1213702 0.2056953
v 0.1066206 0.1212517 0.1969470
v 0.1045696 0.1210771 0.2064959
v 0.1066206 0.1212517 0.1969470
v 0.1045696 0.1210771 0.2064959
v 0.1019455 0.1078971 0.1979419
v 0.1046049 0.1053550 0.1985067
v 0.0994366 0.1023819 0.1982284
v 0.0965598 0.1049394 0.1978135
v 0.1073539 0.1099343 0.1988085
v 0.1047331 0.1119235 0.1980628
v 0.1028263 0.1110429 0.2048503
v 0.1047331 0.1119235 0.1980628
v 0.1019455 0.1078971 0.1979419
v 0.1003534 0.1072682 0.2029903
v 0.0965598 0.1049394 0.1978135
v 0.0954239 0.1046224 0.2010286
v 0.1050556 0.1106569 0.2040987
v 0.1027968 0.1059241 0.2023355
v 0.0982551 0.1027108 0.2006866
v 0.1028263 0.1110429 0.2048503
v 0.1003534 0.1072682 0.2029903
v 0.0954239 0.1046224 0.2010286
v 0.0912900 0.1002540 0.1985284
v 0.0917822 0.1002540 0.1968736
v 0.0910186 0.1034608 0.1967231
v 0.0910186 0.1034608 0.1967231
v 0.0903364 0.1034733 0.1992295
v 0.0903364 0.1034733 0.1992295
v 0.0354982 0.0982041 0.1758535
v 0.0349369 0.0982042 0.1777132
v 0.0288730 0.0991904 0.1754308
v 0.0294008 0.0991856 0.1736763
v 0.0252404 0.1018623 0.1745801
v 0.0257647 0.1018438 0.1728517
v 0.0330800 0.1017871 0.1748516
v 0.0290249 0.1040969 0.1738377
v 0.0388452 0.1015613 0.1771247
v 0.0371822 0.1016910 0.1785106
v 0.0313612 0.1019256 0.1761772
v 0.0274252 0.1041869 0.1750326
v 0.0371822 0.1016910 0.1785106
v 0.0388452 0.1015613 0.1771247
v 0.0330800 0.1017871 0.1748516
v 0.0313612 0.1019256 0.1761772
v 0.0290249 0.1040969 0.1738377
v 0.0274252 0.1041869 0.1750326
v 0.0257647 0.1018438 0.1728517
v 0.0252404 0.1018623 0.1745801
v 0.0233354 0.1053134 0.1745711
v 0.0238496 0.1053134 0.1728422
v 0.0274252 0.1041869 0.1750326
v 0.0249294 0.1072611 0.1745840
v 0.0274252 0.1041869 0.1750326
v 0.0290249 0.1040969 0.1738377
v 0.0257832 0.1079320 0.1735634
v 0.0249294 0.1072611 0.1745840
v 0.0257832 0.1079320 0.1735634
v 0.0290249 0.1040969 0.1738377
v 0.0214500 0.1392811 0.1729823
v 0.0218738 0.1415576 0.1728774
v 0.0195107 0.1418667 0.1773507
v 0.0193649 0.1396122 0.1767363
v 0.0233833 0.1435349 0.1726895
v 0.0204714 0.1437696 0.1785984
v 0.0193649 0.1396122 0.1767363
v 0.0195107 0.1418667 0.1773507
v 0.0174319 0.1421555 0.1771543
v 0.0173138 0.1397958 0.1767265
v 0.0204714 0.1437696 0.1785984
v 0.0183341 0.1443170 0.1779660
v 0.0191455 0.1421991 0.1714699
v 0.0188832 0.1398351 0.1715247
v 0.0202873 0.1443711 0.1714724
v 0.0218738 0.1415576 0.1728774
v 0.0214500 0.1392811 0.1729823
v 0.0233833 0.1435349 0.1726895
v 0.1260647 0.1434164 0.0825347
v 0.1281869 0.1467003 0.0831659
v 0.1176930 0.1482252 0.0800449
v 0.1168004 0.1448920 0.0797795
v 0.1304817 0.1434771 0.0683375
v 0.1260647 0.1434164 0.0825347
v 0.1168004 0.1448920 0.0797795
v 0.1210387 0.1448920 0.0655290
v 0.1320962 0.1467003 0.0700215
v 0.1215950 0.1482252 0.0669256
v 0.1304817 0.1434771 0.0683375
v 0.1210387 0.1448920 0.0655290
v 0.0663814 0.1468162 0.0508374
v 0.0650190 0.1501783 0.0512743
v 0.0624702 0.1467997 0.0633786
v 0.0663814 0.1468162 0.0508374
v 0.0614383 0.1501783 0.0633140
v 0.0624702 0.1467997 0.0633786
v 0.1183830 0.0990416 0.0738285
v 0.1172821 0.1023037 0.0735531
v 0.1074706 0.1013242 0.0716788
v 0.1089507 0.0978292 0.0719382
v 0.0938555 0.1013160 0.0687920
v 0.0947879 0.0978591 0.0691460
v 0.1179818 0.1023099 0.0713068
v 0.1189258 0.0990416 0.0720033
v 0.1095442 0.0978292 0.0699426
v 0.1080716 0.1013242 0.0696580
v 0.0954190 0.0978591 0.0670239
v 0.0944934 0.1013160 0.0666472
v 0.1172821 0.1023037 0.0735531
v 0.1179818 0.1023099 0.0713068
v 0.1080716 0.1013242 0.0696580
v 0.1074706 0.1013242 0.0716788
v 0.0944934 0.1013160 0.0666472
v 0.0938555 0.1013160 0.0687920
v 0.0630217 0.1465593 0.0513162
v 0.0603427 0.1459813 0.0619287
v 0.0582216 0.1446483 0.0602247
v 0.0599971 0.1453406 0.0522190
v 0.0613945 0.1489230 0.0511687
v 0.0630217 0.1465593 0.0513162
v 0.0599971 0.1453406 0.0522190
v 0.0582141 0.1470555 0.0519810
v 0.0582073 0.1488309 0.0613720
v 0.0557895 0.1470084 0.0598384
v 0.0603427 0.1459813 0.0619287
v 0.0582216 0.1446483 0.0602247
v 0.1378755 0.1384357 0.0858474
v 0.1412657 0.1401766 0.0868749
v 0.1360733 0.1450936 0.0855115
v 0.1321201 0.1428628 0.0843357
v 0.1431546 0.1333864 0.0867122
v 0.1397584 0.1318149 0.0856746
v 0.1425503 0.1381335 0.0732619
v 0.1378755 0.1384357 0.0858474
v 0.1321201 0.1428628 0.0843357
v 0.1371622 0.1426553 0.0708493
v 0.1441378 0.1315834 0.0741245
v 0.1397584 0.1318149 0.0856746
v 0.1445313 0.1400599 0.0750946
v 0.1397603 0.1451097 0.0728261
v 0.1458087 0.1329399 0.0758257
v 0.1425503 0.1381335 0.0732619
v 0.1371622 0.1426553 0.0708493
v 0.1441378 0.1315834 0.0741245
v 0.1433402 0.1221315 0.0859404
v 0.1449846 0.1213702 0.0772445
v 0.1400689 0.1212517 0.0844830
v 0.1435696 0.1210770 0.0753652
v 0.1400689 0.1212517 0.0844830
v 0.1435696 0.1210770 0.0753652
v 0.1392333 0.1053550 0.0820753
v 0.1366974 0.1078971 0.0810949
v 0.1321169 0.1049394 0.0782592
v 0.1347529 0.1023819 0.0794839
v 0.1417003 0.1099342 0.0833247
v 0.1390979 0.1119235 0.0825170
v 0.1390979 0.1119235 0.0825170
v 0.1412104 0.1110429 0.0757907
v 0.1381230 0.1072681 0.0759970
v 0.1366974 0.1078971 0.0810949
v 0.1329227 0.1046224 0.0749458
v 0.1321169 0.1049394 0.0782592
v 0.1426666 0.1106569 0.0776385
v 0.1398113 0.1059240 0.0778807
v 0.1351068 0.1027108 0.0767796
v 0.1412104 0.1110429 0.0757907
v 0.1381230 0.1072681 0.0759970
v 0.1329227 0.1046224 0.0749458
v 0.1276022 0.1002540 0.0764355
v 0.1280943 0.1002540 0.0747807
v 0.1268804 0.1034608 0.0761442
v 0.1276789 0.1034732 0.0736723
v 0.1268804 0.1034608 0.0761442
v 0.1276789 0.1034732 0.0736723
v 0.0695252 0.0982042 0.0614164
v 0.0689789 0.0982041 0.0632805
v 0.0626827 0.0991856 0.0617717
v 0.0631996 0.0991904 0.0600139
v 0.0591869 0.1018438 0.0604752
v 0.0596925 0.1018622 0.0587412
v 0.0664063 0.1017870 0.0627981
v 0.0624562 0.1040969 0.0614311
v 0.0724766 0.1015613 0.0640450
v 0.0718413 0.1016910 0.0619756
v 0.0656913 0.1019256 0.0607486
v 0.0617695 0.1041868 0.0595562
v 0.0724766 0.1015613 0.0640450
v 0.0718413 0.1016910 0.0619756
v 0.0656913 0.1019256 0.0607486
v 0.0664063 0.1017870 0.0627981
v 0.0617695 0.1041868 0.0595562
v 0.0624562 0.1040969 0.0614311
v 0.0596925 0.1018622 0.0587412
v 0.0591869 0.1018438 0.0604752
v 0.0575780 0.1053134 0.0594365
v 0.0580922 0.1053134 0.0577077
v 0.0617695 0.1041868 0.0595562
v 0.0594341 0.1072611 0.0585679
v 0.0624562 0.1040969 0.0614311
v 0.0617695 0.1041868 0.0595562
v 0.0594341 0.1072611 0.0585679
v 0.0595914 0.1079319 0.0598893
v 0.0624562 0.1040969 0.0614311
v 0.0595914 0.1079319 0.0598893
v 0.0559426 0.1415576 0.0583274
v 0.0556450 0.1392811 0.0580079
v 0.0559503 0.1396122 0.0537246
v 0.0564081 0.1418667 0.0532897
v 0.0578946 0.1437695 0.0527699
v 0.0571041 0.1435349 0.0593097
v 0.0564081 0.1418667 0.0532897
v 0.0559503 0.1396122 0.0537246
v 0.0542272 0.1397958 0.0526119
v 0.0545598 0.1421555 0.0523182
v 0.0578946 0.1437695 0.0527699
v 0.0557591 0.1443170 0.0521315
v 0.0528885 0.1421991 0.0580151
v 0.0526988 0.1398351 0.0578259
v 0.0538461 0.1443711 0.0586370
v 0.0556450 0.1392811 0.0580079
v 0.0559426 0.1415576 0.0583274
v 0.0571041 0.1435349 0.0593097
v 0.1668898 0.0115280 0.1131312
v 0.1650813 0.0111468 0.1137638
v 0.1668899 0.0065211 0.1131312
v 0.1668898 0.0115280 0.1131312
v 0.1664488 0.0130422 0.1118700
v 0.1640932 0.0125458 0.1126939
v 0.1650813 0.0111468 0.1137638
v 0.1686985 0.0111468 0.1124987
v 0.1686985 0.0111468 0.1124987
v 0.1688043 0.0125458 0.1110461
v 0.1712562 0.0084371 0.1116041
v 0.1702317 0.0100615 0.1119624
v 0.1635480 0.0100615 0.1143001
v 0.1625234 0.0084371 0.1146585
v 0.1621637 0.0065211 0.1147843
v 0.1625234 0.0046050 0.1146585
v 0.1635480 0.0029807 0.1143001
v 0.1650813 0.0018953 0.1137638
v 0.1668898 0.0015142 0.1131312
v 0.1686985 0.0018953 0.1124987
v 0.1702317 0.0029807 0.1119624
v 0.1712562 0.0046050 0.1116041
v 0.1716160 0.0065211 0.1114782
v 0.1708012 0.0019100 0.1103476
v 0.1702317 0.0029807 0.1119624
v 0.1686985 0.0018953 0.1124987
v 0.1688043 0.0004964 0.1110461
v 0.1721355 0.0040256 0.1098810
v 0.1712562 0.0046050 0.1116041
v 0.1666724 0.0004964 0.1049510
v 0.1686694 0.0019100 0.1042525
v 0.1700037 0.0040256 0.1037858
v 0.1726041 0.0065211 0.1097170
v 0.1704722 0.0065211 0.1036219
v 0.1716160 0.0065211 0.1114782
v 0.1721355 0.0090166 0.1098810
v 0.1726041 0.0065211 0.1097170
v 0.1704722 0.0065211 0.1036219
v 0.1700037 0.0090166 0.1037858
v 0.1712562 0.0084371 0.1116041
v 0.1716160 0.0065211 0.1114782
v 0.1708012 0.0111322 0.1103476
v 0.1686694 0.0111322 0.1042525
v 0.1702317 0.0100615 0.1119624
v 0.1666724 0.0125458 0.1049510
v 0.1643168 0.0130422 0.1057749
v 0.1672176 0.0100615 0.1033448
v 0.1656843 0.0111468 0.1038811
v 0.1638758 0.0115280 0.1045137
v 0.1656843 0.0111468 0.1038811
v 0.1672176 0.0100615 0.1033448
v 0.1638757 0.0065211 0.1045137
v 0.1638758 0.0115280 0.1045137
v 0.1682420 0.0084371 0.1029865
v 0.1686019 0.0065211 0.1028606
v 0.1672176 0.0029807 0.1033448
v 0.1656843 0.0018953 0.1038811
v 0.1638758 0.0015142 0.1045137
v 0.1605339 0.0029807 0.1056826
v 0.1595094 0.0046050 0.1060409
v 0.1591496 0.0065211 0.1061667
v 0.1620671 0.0111468 0.1051463
v 0.1605339 0.0100615 0.1056826
v 0.1682420 0.0046050 0.1029865
v 0.1620671 0.0018953 0.1051463
v 0.1595094 0.0084371 0.1060409
v 0.1619613 0.0125458 0.1065988
v 0.1620671 0.0111468 0.1051463
v 0.1605339 0.0100615 0.1056826
v 0.1599643 0.0111322 0.1072972
v 0.1595094 0.0084371 0.1060409
v 0.1586299 0.0090166 0.1077640
v 0.1620962 0.0111322 0.1133924
v 0.1607618 0.0090166 0.1138591
v 0.1602934 0.0065211 0.1140230
v 0.1581614 0.0065211 0.1079279
v 0.1591496 0.0065211 0.1061667
v 0.1607618 0.0040256 0.1138591
v 0.1586299 0.0040256 0.1077640
v 0.1595094 0.0046050 0.1060409
v 0.1620962 0.0019100 0.1133924
v 0.1599642 0.0019100 0.1072973
v 0.1605339 0.0029807 0.1056826
v 0.1640932 0.0004964 0.1126939
v 0.1619613 0.0004964 0.1065988
v 0.1620671 0.0018953 0.1051463
v 0.1664488 0.0000000 0.1118700
v 0.1643168 0.0000000 0.1057749
v 0.1638758 0.0015142 0.1045137
v 0.1656843 0.0018953 0.1038811
v 0.1672176 0.0029807 0.1033448
v 0.1668898 0.0015142 0.1131312
v 0.1650813 0.0018953 0.1137638
v 0.1635480 0.0029807 0.1143001
v 0.1625234 0.0046050 0.1146585
v 0.1621637 0.0065211 0.1147843
v 0.1625234 0.0084371 0.1146585
v 0.1635480 0.0100615 0.1143001
v 0.1682420 0.0046050 0.1029865
v 0.1686019 0.0065211 0.1028606
v 0.1686019 0.0065211 0.1028606
v 0.1682420 0.0084371 0.1029865
v 0.0283931 0.0115280 0.1077242
v 0.0302296 0.0111468 0.1082704
v 0.0283931 0.0065211 0.1077242
v 0.0304041 0.0125458 0.1097163
v 0.0302296 0.0111468 0.1082704
v 0.0283931 0.0115280 0.1077242
v 0.0280122 0.0130422 0.1090049
v 0.0265566 0.0111468 0.1071780
v 0.0265566 0.0111468 0.1071780
v 0.0256202 0.0125458 0.1082935
v 0.0239593 0.0084371 0.1064056
v 0.0249996 0.0100615 0.1067149
v 0.0317866 0.0100615 0.1087335
v 0.0328269 0.0084371 0.1090429
v 0.0331922 0.0065211 0.1091515
v 0.0328269 0.0046050 0.1090429
v 0.0317866 0.0029807 0.1087335
v 0.0302296 0.0018953 0.1082704
v 0.0283931 0.0015142 0.1077242
v 0.0265566 0.0018953 0.1071780
v 0.0249996 0.0029807 0.1067149
v 0.0239593 0.0046050 0.1064056
v 0.0235939 0.0065211 0.1062969
v 0.0265566 0.0018953 0.1071780
v 0.0256202 0.0004964 0.1082935
v 0.0235924 0.0019100 0.1076904
v 0.0249996 0.0029807 0.1067149
v 0.0222374 0.0040256 0.1072875
v 0.0239593 0.0046050 0.1064056
v 0.0237794 0.0004964 0.1144828
v 0.0217516 0.0019100 0.1138797
v 0.0203967 0.0040256 0.1134767
v 0.0199209 0.0065211 0.1133352
v 0.0217617 0.0065211 0.1071460
v 0.0235939 0.0065211 0.1062969
v 0.0203967 0.0090166 0.1134767
v 0.0222374 0.0090166 0.1072875
v 0.0217617 0.0065211 0.1071460
v 0.0199209 0.0065211 0.1133352
v 0.0239593 0.0084371 0.1064056
v 0.0235939 0.0065211 0.1062969
v 0.0217516 0.0111322 0.1138797
v 0.0235924 0.0111322 0.1076904
v 0.0249996 0.0100615 0.1067149
v 0.0237794 0.0125458 0.1144828
v 0.0261714 0.0130422 0.1151942
v 0.0239540 0.0111468 0.1159287
v 0.0223970 0.0100615 0.1154656
v 0.0257905 0.0115280 0.1164749
v 0.0239540 0.0111468 0.1159287
v 0.0223970 0.0100615 0.1154656
v 0.0257905 0.0065211 0.1164749
v 0.0257905 0.0115280 0.1164749
v 0.0213567 0.0084371 0.1151562
v 0.0209914 0.0065211 0.1150476
v 0.0223970 0.0029807 0.1154656
v 0.0239540 0.0018953 0.1159287
v 0.0257905 0.0015142 0.1164749
v 0.0291840 0.0029807 0.1174841
v 0.0302243 0.0046050 0.1177936
v 0.0305896 0.0065211 0.1179022
v 0.0276270 0.0111468 0.1170211
v 0.0291840 0.0100615 0.1174841
v 0.0213567 0.0046050 0.1151562
v 0.0276270 0.0018953 0.1170211
v 0.0302243 0.0084371 0.1177936
v 0.0291840 0.0100615 0.1174841
v 0.0305912 0.0111322 0.1165087
v 0.0285633 0.0125458 0.1159056
v 0.0276270 0.0111468 0.1170211
v 0.0302243 0.0084371 0.1177936
v 0.0319461 0.0090166 0.1169117
v 0.0324319 0.0111322 0.1103195
v 0.0337869 0.0090166 0.1107224
v 0.0324219 0.0065211 0.1170532
v 0.0342626 0.0065211 0.1108639
v 0.0305896 0.0065211 0.1179022
v 0.0319461 0.0040256 0.1169117
v 0.0337869 0.0040256 0.1107224
v 0.0302243 0.0046050 0.1177936
v 0.0305912 0.0019100 0.1165087
v 0.0324319 0.0019100 0.1103195
v 0.0291840 0.0029807 0.1174841
v 0.0285633 0.0004964 0.1159056
v 0.0304041 0.0004964 0.1097163
v 0.0276270 0.0018953 0.1170211
v 0.0261714 0.0000000 0.1151942
v 0.0280122 0.0000000 0.1090049
v 0.0257905 0.0015142 0.1164749
v 0.0239540 0.0018953 0.1159287
v 0.0223970 0.0029807 0.1154656
v 0.0302296 0.0018953 0.1082704
v 0.0283931 0.0015142 0.1077242
v 0.0317866 0.0029807 0.1087335
v 0.0328269 0.0046050 0.1090429
v 0.0331922 0.0065211 0.1091515
v 0.0328269 0.0084371 0.1090429
v 0.0317866 0.0100615 0.1087335
v 0.0213567 0.0046050 0.1151562
v 0.0209914 0.0065211 0.1150476
v 0.0209914 0.0065211 0.1150476
v 0.0213567 0.0084371 0.1151562
v 0.0517162 0.0115280 0.1900525
v 0.0528047 0.0111469 0.1884756
v 0.0517162 0.0065211 0.1900525
v 0.0528159 0.0130422 0.1908115
v 0.0542335 0.0125458 0.1887578
v 0.0528047 0.0111469 0.1884756
v 0.0517162 0.0115280 0.1900525
v 0.0506278 0.0111469 0.1916293
v 0.0513982 0.0125458 0.1928652
v 0.0506278 0.0111469 0.1916293
v 0.0490884 0.0084371 0.1938593
v 0.0497051 0.0100615 0.1929661
v 0.0537274 0.0100615 0.1871388
v 0.0543440 0.0084371 0.1862456
v 0.0545605 0.0065211 0.1859319
v 0.0543440 0.0046050 0.1862456
v 0.0537274 0.0029807 0.1871388
v 0.0528047 0.0018954 0.1884756
v 0.0517162 0.0015142 0.1900525
v 0.0506278 0.0018954 0.1916293
v 0.0497050 0.0029807 0.1929661
v 0.0490884 0.0046050 0.1938593
v 0.0488720 0.0065211 0.1941730
v 0.0513982 0.0004964 0.1928652
v 0.0501964 0.0019100 0.1946063
v 0.0497050 0.0029807 0.1929661
v 0.0506278 0.0018954 0.1916293
v 0.0493934 0.0040256 0.1957697
v 0.0490884 0.0046050 0.1938593
v 0.0567124 0.0004964 0.1965334
v 0.0555105 0.0019100 0.1982745
v 0.0547075 0.0040256 0.1994379
v 0.0544255 0.0065211 0.1998464
v 0.0491114 0.0065211 0.1961782
v 0.0488720 0.0065211 0.1941730
v 0.0544255 0.0065211 0.1998464
v 0.0547075 0.0090166 0.1994379
v 0.0493934 0.0090166 0.1957697
v 0.0491114 0.0065211 0.1961782
v 0.0490884 0.0084371 0.1938593
v 0.0488720 0.0065211 0.1941730
v 0.0555105 0.0111322 0.1982745
v 0.0501964 0.0111322 0.1946063
v 0.0497051 0.0100615 0.1929661
v 0.0567124 0.0125458 0.1965334
v 0.0581300 0.0130422 0.1944797
v 0.0572184 0.0100615 0.1981523
v 0.0581411 0.0111469 0.1968155
v 0.0592296 0.0115280 0.1952387
v 0.0581411 0.0111469 0.1968155
v 0.0572184 0.0100615 0.1981523
v 0.0592296 0.0065211 0.1952387
v 0.0592296 0.0115280 0.1952387
v 0.0566018 0.0084371 0.1990456
v 0.0563853 0.0065211 0.1993592
v 0.0572184 0.0029807 0.1981523
v 0.0581411 0.0018954 0.1968155
v 0.0592296 0.0015142 0.1952387
v 0.0612408 0.0029807 0.1923250
v 0.0618573 0.0046050 0.1914318
v 0.0620739 0.0065211 0.1911181
v 0.0603180 0.0111469 0.1936618
v 0.0612408 0.0100615 0.1923250
v 0.0566018 0.0046050 0.1990456
v 0.0603180 0.0018954 0.1936618
v 0.0618573 0.0084371 0.1914318
v 0.0603180 0.0111469 0.1936618
v 0.0612408 0.0100615 0.1923250
v 0.0607494 0.0111322 0.1906848
v 0.0595476 0.0125458 0.1924259
v 0.0618573 0.0084371 0.1914318
v 0.0615525 0.0090166 0.1895215
v 0.0554353 0.0111322 0.1870167
v 0.0562383 0.0090166 0.1858533
v 0.0618345 0.0065211 0.1891129
v 0.0565203 0.0065211 0.1854448
v 0.0620739 0.0065211 0.1911181
v 0.0615525 0.0040256 0.1895215
v 0.0562383 0.0040256 0.1858533
v 0.0618573 0.0046050 0.1914318
v 0.0607494 0.0019100 0.1906848
v 0.0554353 0.0019100 0.1870167
v 0.0612408 0.0029807 0.1923250
v 0.0595476 0.0004964 0.1924259
v 0.0542335 0.0004964 0.1887578
v 0.0603180 0.0018954 0.1936618
v 0.0581300 0.0000000 0.1944797
v 0.0528159 0.0000000 0.1908115
v 0.0592296 0.0015142 0.1952387
v 0.0581411 0.0018954 0.1968155
v 0.0572184 0.0029807 0.1981523
v 0.0517162 0.0015142 0.1900525
v 0.0528047 0.0018954 0.1884756
v 0.0537274 0.0029807 0.1871388
v 0.0543440 0.0046050 0.1862456
v 0.0545605 0.0065211 0.1859319
v 0.0543440 0.0084371 0.1862456
v 0.0537274 0.0100615 0.1871388
v 0.0566018 0.0046050 0.1990456
v 0.0563853 0.0065211 0.1993592
v 0.0563853 0.0065211 0.1993592
v 0.0566018 0.0084371 0.1990456
v 0.1372192 0.0115280 0.1933906
v 0.1360573 0.0111469 0.1918670
v 0.1372192 0.0065211 0.1933906
v 0.1372192 0.0115280 0.1933906
v 0.1382817 0.0130422 0.1925803
v 0.1367683 0.0125458 0.1905960
v 0.1360573 0.0111469 0.1918670
v 0.1383811 0.0111469 0.1949141
v 0.1383811 0.0111469 0.1949141
v 0.1397950 0.0125458 0.1945646
v 0.1400243 0.0084372 0.1970686
v 0.1393662 0.0100615 0.1962057
v 0.1350723 0.0100615 0.1905755
v 0.1344140 0.0084372 0.1897124
v 0.1341829 0.0065211 0.1894094
v 0.1344140 0.0046050 0.1897124
v 0.1350723 0.0029807 0.1905755
v 0.1360573 0.0018954 0.1918670
v 0.1372192 0.0015142 0.1933906
v 0.1383811 0.0018954 0.1949141
v 0.1393662 0.0029807 0.1962057
v 0.1400243 0.0046050 0.1970686
v 0.1402554 0.0065211 0.1973718
v 0.1410779 0.0019100 0.1962468
v 0.1393662 0.0029807 0.1962057
v 0.1383811 0.0018954 0.1949141
v 0.1397950 0.0004964 0.1945646
v 0.1419352 0.0040256 0.1973708
v 0.1400243 0.0046050 0.1970686
v 0.1449294 0.0004964 0.1906488
v 0.1462123 0.0019100 0.1923311
v 0.1470695 0.0040256 0.1934550
v 0.1473706 0.0065211 0.1938497
v 0.1422361 0.0065211 0.1977655
v 0.1402554 0.0065211 0.1973718
v 0.1473706 0.0065211 0.1938497
v 0.1470695 0.0090166 0.1934550
v 0.1419352 0.0090166 0.1973708
v 0.1422361 0.0065211 0.1977655
v 0.1400243 0.0084372 0.1970686
v 0.1402554 0.0065211 0.1973718
v 0.1462123 0.0111322 0.1923311
v 0.1410779 0.0111322 0.1962468
v 0.1393662 0.0100615 0.1962057
v 0.1449294 0.0125458 0.1906488
v 0.1434160 0.0130422 0.1886645
v 0.1466254 0.0100615 0.1906694
v 0.1456404 0.0111469 0.1893778
v 0.1444785 0.0115280 0.1878542
v 0.1456404 0.0111469 0.1893778
v 0.1466254 0.0100615 0.1906694
v 0.1444785 0.0065211 0.1878543
v 0.1444785 0.0115280 0.1878542
v 0.1472837 0.0084372 0.1915324
v 0.1475148 0.0065211 0.1918355
v 0.1466254 0.0029807 0.1906694
v 0.1456404 0.0018954 0.1893778
v 0.1444785 0.0015142 0.1878542
v 0.1423315 0.0029807 0.1850391
v 0.1416733 0.0046050 0.1841761
v 0.1414423 0.0065211 0.1838731
v 0.1433165 0.0111469 0.1863308
v 0.1423315 0.0100615 0.1850391
v 0.1472837 0.0046050 0.1915324
v 0.1433165 0.0018954 0.1863308
v 0.1416733 0.0084372 0.1841761
v 0.1419027 0.0125458 0.1866802
v 0.1433165 0.0111469 0.1863308
v 0.1423315 0.0100615 0.1850391
v 0.1406198 0.0111322 0.1849980
v 0.1416733 0.0084372 0.1841761
v 0.1397626 0.0090166 0.1838740
v 0.1354854 0.0111322 0.1889138
v 0.1346282 0.0090166 0.1877898
v 0.1394615 0.0065211 0.1834793
v 0.1343271 0.0065211 0.1873951
v 0.1414423 0.0065211 0.1838731
v 0.1397626 0.0040256 0.1838740
v 0.1346282 0.0040256 0.1877898
v 0.1416733 0.0046050 0.1841761
v 0.1406198 0.0019100 0.1849980
v 0.1354854 0.0019100 0.1889138
v 0.1423315 0.0029807 0.1850391
v 0.1419027 0.0004964 0.1866802
v 0.1367683 0.0004964 0.1905960
v 0.1433165 0.0018954 0.1863308
v 0.1434160 0.0000000 0.1886645
v 0.1382817 0.0000000 0.1925803
v 0.1444785 0.0015142 0.1878542
v 0.1456404 0.0018954 0.1893778
v 0.1466254 0.0029807 0.1906694
v 0.1372192 0.0015142 0.1933906
v 0.1360573 0.0018954 0.1918670
v 0.1350723 0.0029807 0.1905755
v 0.1344140 0.0046050 0.1897124
v 0.1341829 0.0065211 0.1894094
v 0.1344140 0.0084372 0.1897124
v 0.1350723 0.0100615 0.1905755
v 0.1472837 0.0046050 0.1915324
v 0.1475148 0.0065211 0.1918355
v 0.1475148 0.0065211 0.1918355
v 0.1472837 0.0084372 0.1915324
v 0.0992278 0.0115280 0.0600287
v 0.0992832 0.0111468 0.0619440
v 0.0992278 0.0065211 0.0600287
v 0.0992832 0.0111468 0.0619440
v 0.0992278 0.0115280 0.0600287
v 0.0978921 0.0130422 0.0600674
v 0.0979643 0.0125458 0.0625619
v 0.0991724 0.0111468 0.0581135
v 0.0991724 0.0111468 0.0581135
v 0.0978200 0.0125458 0.0575728
v 0.0990940 0.0084371 0.0554050
v 0.0991254 0.0100615 0.0564898
v 0.0993302 0.0100615 0.0635677
v 0.0993616 0.0084371 0.0646525
v 0.0993726 0.0065211 0.0650336
v 0.0993616 0.0046051 0.0646525
v 0.0993302 0.0029807 0.0635677
v 0.0992832 0.0018954 0.0619440
v 0.0992278 0.0015142 0.0600287
v 0.0991724 0.0018954 0.0581135
v 0.0991254 0.0029807 0.0564898
v 0.0990940 0.0046051 0.0554050
v 0.0990830 0.0065211 0.0550240
v 0.0991254 0.0029807 0.0564898
v 0.0991724 0.0018954 0.0581135
v 0.0978200 0.0004964 0.0575728
v 0.0977588 0.0019100 0.0554582
v 0.0990940 0.0046051 0.0554050
v 0.0977179 0.0040256 0.0540452
v 0.0913655 0.0004964 0.0577597
v 0.0913043 0.0019100 0.0556450
v 0.0912634 0.0040256 0.0542320
v 0.0977036 0.0065211 0.0535490
v 0.0912490 0.0065211 0.0537358
v 0.0990830 0.0065211 0.0550240
v 0.0977179 0.0090166 0.0540452
v 0.0977036 0.0065211 0.0535490
v 0.0912490 0.0065211 0.0537358
v 0.0912634 0.0090166 0.0542320
v 0.0990940 0.0084371 0.0554050
v 0.0990830 0.0065211 0.0550240
v 0.0977588 0.0111322 0.0554582
v 0.0913043 0.0111322 0.0556450
v 0.0991254 0.0100615 0.0564898
v 0.0913655 0.0125458 0.0577597
v 0.0914377 0.0130422 0.0602541
v 0.0899997 0.0100615 0.0567539
v 0.0900467 0.0111468 0.0583775
v 0.0901021 0.0115280 0.0602927
v 0.0900467 0.0111468 0.0583775
v 0.0899997 0.0100615 0.0567539
v 0.0901021 0.0065211 0.0602928
v 0.0901021 0.0115280 0.0602927
v 0.0899683 0.0084371 0.0556690
v 0.0899573 0.0065211 0.0552880
v 0.0899997 0.0029807 0.0567539
v 0.0900467 0.0018954 0.0583775
v 0.0901021 0.0015142 0.0602928
v 0.0902045 0.0029807 0.0638317
v 0.0902359 0.0046051 0.0649166
v 0.0902469 0.0065211 0.0652975
v 0.0901575 0.0111468 0.0622080
v 0.0902045 0.0100615 0.0638317
v 0.0899683 0.0046051 0.0556690
v 0.0901575 0.0018954 0.0622080
v 0.0902359 0.0084371 0.0649166
v 0.0915710 0.0111322 0.0648633
v 0.0915098 0.0125458 0.0627486
v 0.0901575 0.0111468 0.0622080
v 0.0902045 0.0100615 0.0638317
v 0.0916119 0.0090166 0.0662763
v 0.0902359 0.0084371 0.0649166
v 0.0980255 0.0111322 0.0646765
v 0.0980664 0.0090166 0.0660896
v 0.0980807 0.0065211 0.0665857
v 0.0916263 0.0065211 0.0667725
v 0.0902469 0.0065211 0.0652975
v 0.0980664 0.0040256 0.0660896
v 0.0916119 0.0040256 0.0662763
v 0.0902359 0.0046051 0.0649166
v 0.0980255 0.0019100 0.0646765
v 0.0915710 0.0019100 0.0648633
v 0.0902045 0.0029807 0.0638317
v 0.0979643 0.0004964 0.0625619
v 0.0915098 0.0004964 0.0627486
v 0.0901575 0.0018954 0.0622080
v 0.0978921 0.0000000 0.0600674
v 0.0914377 0.0000000 0.0602541
v 0.0901021 0.0015142 0.0602928
v 0.0900467 0.0018954 0.0583775
v 0.0899997 0.0029807 0.0567539
v 0.0992278 0.0015142 0.0600287
v 0.0992832 0.0018954 0.0619440
v 0.0993302 0.0029807 0.0635677
v 0.0993616 0.0046051 0.0646525
v 0.0993726 0.0065211 0.0650336
v 0.0993616 0.0084371 0.0646525
v 0.0993302 0.0100615 0.0635677
v 0.0899683 0.0046051 0.0556690
v 0.0899573 0.0065211 0.0552880
v 0.0899573 0.0065211 0.0552880
v 0.0899683 0.0084371 0.0556690
vt 0.5104555 0.8972337
vt 0.5104555 0.8759170
vt 0.5593788 0.8759170
vt 0.5593788 0.8972337
vt 0.8909730 0.6634901
vt 0.8909730 0.7124131
vt 0.8656961 0.7124131
vt 0.8656961 0.6634901
vt 0.5238457 0.7435753
vt 0.5238457 0.7222579
vt 0.5727690 0.7222579
vt 0.5727690 0.7435753
vt 0.5208846 0.8589014
vt 0.5208846 0.8099784
vt 0.5461615 0.8099784
vt 0.5461615 0.8589014
vt 0.8177637 1.0000000
vt 0.8177637 0.9786795
vt 0.8430403 0.9786795
vt 0.8430403 1.0000000
vt 0.4837108 0.9059276
vt 0.5050309 0.9059276
vt 0.5050309 0.9312044
vt 0.4837108 0.9312044
vt 0.5727690 0.6194923
vt 0.5896698 0.6194923
vt 0.5896698 0.7222579
vt 0.5896698 0.7435753
vt 0.8909730 0.7293139
vt 0.8656961 0.7293139
vt 0.5762799 0.8759170
vt 0.5762799 0.8972337
vt 0.5298638 0.9823668
vt 0.5129629 0.9823668
vt 0.5129629 0.9465518
vt 0.5298638 0.9465518
vt 0.7153016 0.8973094
vt 0.7100328 0.9999999
vt 0.6847561 0.9999999
vt 0.6794864 0.8973094
vt 0.5762799 1.0000000
vt 0.5593788 1.0000000
vt 0.8124946 0.8759890
vt 0.8483096 0.8759890
vt 0.4188548 0.3878855
vt 0.2632915 0.4294321
vt 0.2466050 0.4142447
vt 0.4314160 0.3682793
vt 0.2674159 0.5958802
vt 0.2466050 0.6145939
vt 0.5244379 0.6226658
vt 0.5207962 0.6525751
vt 0.5453252 0.6129411
vt 0.3287826 0.6455387
vt 0.3287826 0.6586348
vt 0.2465869 0.6586348
vt 0.2465869 0.6455387
vt 0.1617792 0.4424817
vt 0.0795835 0.4424817
vt 0.0142750 0.3771731
vt 0.2270879 0.3771731
vt 0.2270879 0.5899857
vt 0.1617792 0.5246772
vt 0.0142750 0.5899857
vt 0.0795835 0.5246772
vt 0.4371035 0.6576495
vt 0.4371035 0.7398452
vt 0.3549078 0.7398452
vt 0.3549078 0.6576494
vt 0.0821956 0.6586348
vt 0.0821956 0.6455387
vt 0.1643913 0.6455387
vt 0.1643913 0.6586348
vt 0.0000000 0.6586348
vt 0.0000000 0.6455387
vt 0.4313378 0.9165760
vt 0.4352146 0.7864050
vt 0.4439994 0.7870169
vt 0.4384491 0.9166422
vt 0.4242020 0.9166904
vt 0.4264449 0.7861520
vt 0.4168898 0.9168807
vt 0.4176058 0.7860067
vt 0.4095497 0.9170697
vt 0.4088277 0.7857582
vt 0.4021989 0.9170660
vt 0.4000565 0.7860135
vt 0.3948753 0.9170637
vt 0.3912174 0.7861771
vt 0.3877081 0.9171495
vt 0.3824364 0.7864755
vt 0.3805426 0.9174692
vt 0.3736341 0.7871821
vt 0.3733683 0.9183562
vt 0.3648289 0.7876469
vt 0.3660278 0.9196606
vt 0.3562026 0.7886981
vt 0.3578193 0.9217408
vt 0.3478475 0.7905267
vt 0.4866925 0.7918572
vt 0.4760911 0.9219615
vt 0.4677861 0.9201363
vt 0.4787887 0.7899494
vt 0.4601384 0.9189127
vt 0.4702318 0.7888712
vt 0.4527266 0.9179485
vt 0.4615052 0.7879481
vt 0.4455616 0.9171833
vt 0.4527867 0.7872747
vt 0.4310482 0.9266677
vt 0.4380021 0.9272324
vt 0.4239925 0.9263657
vt 0.4168262 0.9261369
vt 0.4096603 0.9257824
vt 0.4024923 0.9263151
vt 0.3953317 0.9267190
vt 0.3883166 0.9271525
vt 0.3814347 0.9279014
vt 0.3745786 0.9281574
vt 0.3678250 0.9288028
vt 0.3613478 0.9300400
vt 0.4721272 0.9300944
vt 0.4658881 0.9285976
vt 0.4589968 0.9279829
vt 0.4519796 0.9275092
vt 0.4449786 0.9272187
vt 0.3732942 0.7820748
vt 0.3644307 0.7829404
vt 0.3555619 0.7843430
vt 0.3463072 0.7866836
vt 0.4795535 0.7860515
vt 0.4885561 0.7880605
vt 0.4706882 0.7846175
vt 0.4617814 0.7834709
vt 0.4354714 0.7817169
vt 0.4442483 0.7819358
vt 0.4530107 0.7825786
vt 0.4266828 0.7816799
vt 0.4446777 0.7755505
vt 0.4536688 0.7762138
vt 0.4626387 0.7771946
vt 0.4717219 0.7784464
vt 0.4808031 0.7800360
vt 0.4898463 0.7819434
vt 0.3544151 0.7777727
vt 0.3447142 0.7798954
vt 0.3637666 0.7763865
vt 0.3730123 0.7755749
vt 0.3821297 0.7753479
vt 0.3821435 0.7817636
vt 0.3910983 0.7754200
vt 0.3909651 0.7816930
vt 0.4000514 0.7755815
vt 0.3999064 0.7817338
vt 0.4089122 0.7756901
vt 0.4088264 0.7818201
vt 0.4177923 0.7755735
vt 0.4177502 0.7817312
vt 0.4267454 0.7754094
vt 0.4356762 0.7753479
vt 0.6519184 0.8312976
vt 0.6688079 0.7825662
vt 0.6961350 0.8178285
vt 0.7234623 0.7825662
vt 0.7403519 0.8312976
vt 0.8090425 0.9532350
vt 0.7981890 0.9606275
vt 0.7636235 0.9267527
vt 0.7855980 0.9117852
vt 0.5940811 0.9606275
vt 0.5832278 0.9532350
vt 0.6066724 0.9117852
vt 0.6286466 0.9267527
vt 0.5649607 0.7911903
vt 0.5201499 0.7706750
vt 0.5242954 0.7587132
vt 0.5733541 0.7669720
vt 0.7097160 0.6924421
vt 0.6825541 0.6924421
vt 0.6894273 0.6458918
vt 0.7028429 0.6458918
vt 0.8721203 0.7706750
vt 0.8273094 0.7911903
vt 0.8189158 0.7669719
vt 0.8679746 0.7587132
vt 0.9358079 0.8782277
vt 0.9298335 0.8782277
vt 0.9298335 0.8683786
vt 0.9358079 0.8683786
vt 0.8689123 0.8782277
vt 0.8629378 0.8782277
vt 0.8629378 0.8683786
vt 0.8689123 0.8683786
vt 0.9431512 0.6225380
vt 0.9491259 0.6225380
vt 0.9491259 0.6320326
vt 0.9431512 0.6320326
vt 0.9580550 0.8670398
vt 0.9580550 0.8771016
vt 0.9520804 0.8771016
vt 0.9520804 0.8670398
vt 0.9955428 0.6331292
vt 0.9895682 0.6331292
vt 0.9895682 0.6236343
vt 0.9955428 0.6236343
vt 0.6254485 0.7004560
vt 0.6145950 0.6930631
vt 0.6375504 0.6523314
vt 0.6595251 0.6672989
vt 0.8384047 0.6930634
vt 0.8275511 0.7004560
vt 0.7934744 0.6672989
vt 0.8154488 0.6523314
vt 0.9008597 0.5125385
vt 0.8568421 0.5327791
vt 0.8484485 0.5085608
vt 0.8967140 0.5005770
vt 0.7400808 0.4346737
vt 0.7129188 0.4346737
vt 0.7197919 0.3890090
vt 0.7332076 0.3890090
vt 0.5961577 0.5327791
vt 0.5521401 0.5125385
vt 0.5562856 0.5005770
vt 0.6045513 0.5085608
vt 0.9208747 0.8004662
vt 0.9104516 0.8004662
vt 0.9056635 0.7665101
vt 0.9182853 0.7665101
vt 0.9270538 0.9127957
vt 0.9187620 0.9127957
vt 0.8778710 0.9473640
vt 0.8882942 0.9473640
vt 0.8930823 0.9819320
vt 0.8804603 0.9819320
vt 0.8882942 0.8004662
vt 0.8778710 0.8004662
vt 0.8804605 0.7665101
vt 0.8930823 0.7665101
vt 0.9189814 0.5167406
vt 0.9316033 0.5167406
vt 0.9341927 0.5520062
vt 0.9237696 0.5520062
vt 0.9316033 0.7389266
vt 0.9189814 0.7389266
vt 0.9237696 0.7032952
vt 0.9341927 0.7032952
vt 0.9822248 0.9776313
vt 0.9696029 0.9776313
vt 0.9670136 0.9441214
vt 0.9774367 0.9441214
vt 0.9696029 0.7665101
vt 0.9822248 0.7665101
vt 0.9774367 0.8000199
vt 0.9670136 0.8000199
vt 0.9653982 0.5167406
vt 0.9780201 0.5167406
vt 0.9806095 0.5523720
vt 0.9701865 0.5523720
vt 0.9780201 0.7389263
vt 0.9653982 0.7389263
vt 0.9701865 0.7036606
vt 0.9806095 0.7036606
vt 0.6961350 0.8614151
vt 0.7707164 0.5725979
vt 0.7264996 0.6027154
vt 0.7264999 0.5591288
vt 0.6991726 0.5238664
vt 0.7538271 0.5238664
vt 0.6822832 0.5725979
vt 0.9104516 0.9473639
vt 0.9208747 0.9473639
vt 0.9182853 0.9819320
vt 0.9056635 0.9819320
vt 0.9187622 0.8344222
vt 0.9270538 0.8344222
vt 0.6931854 0.6347533
vt 0.6600897 0.6122109
vt 0.7627240 0.8711730
vt 0.7296283 0.8937156
vt 0.9867885 0.6683950
vt 0.9784968 0.6683950
vt 0.9784968 0.5880030
vt 0.9867885 0.5880030
vt 0.6395002 0.5527855
vt 0.6521419 0.5163110
vt 0.7834240 0.8113847
vt 0.7707825 0.7749102
vt 0.8716920 0.8344225
vt 0.8799837 0.8344225
vt 0.8799837 0.9127958
vt 0.8716920 0.9127958
vt 0.7929097 0.6122109
vt 0.7598141 0.6347533
vt 0.6626421 0.8937156
vt 0.6295463 0.8711731
vt 0.9403718 0.6676641
vt 0.9320800 0.6676641
vt 0.9320799 0.5872722
vt 0.9403718 0.5872722
vt 0.8134992 0.5527855
vt 0.8008577 0.5163110
vt 0.6088463 0.8113847
vt 0.6214876 0.7749102
vt 0.9608346 0.8335299
vt 0.9691262 0.8335299
vt 0.9691265 0.9106116
vt 0.9608346 0.9106116
vt 0.7060457 0.4795839
vt 0.7469540 0.4795839
vt 0.6756809 0.7379591
vt 0.7165892 0.7379591
vt 0.2875822 0.9161059
vt 0.2840399 0.9067041
vt 0.3133094 0.9067904
vt 0.3121486 0.9161784
vt 0.1409890 0.6906518
vt 0.1293287 0.6874160
vt 0.1287518 0.6718194
vt 0.1469987 0.6760375
vt 0.0641426 0.9410732
vt 0.0762388 0.9412305
vt 0.0762388 0.9815559
vt 0.0641426 0.9813986
vt 0.0419776 0.7602296
vt 0.0602273 0.7560241
vt 0.0597053 0.7718848
vt 0.0480422 0.7751110
vt 0.1861218 0.6855952
vt 0.1738447 0.6845083
vt 0.1776958 0.6718194
vt 0.1889872 0.6741145
vt 0.2839506 0.8993895
vt 0.2839506 0.8806645
vt 0.3132200 0.8807506
vt 0.3132200 0.8994757
vt 0.1106629 0.9924829
vt 0.0969521 0.9999999
vt 0.0969521 0.9547788
vt 0.1106629 0.9628706
vt 0.0114747 0.8911637
vt 0.0007617 0.8850637
vt 0.0007617 0.8697157
vt 0.0114747 0.8631589
vt 0.2955160 0.9444821
vt 0.3076908 0.9464688
vt 0.3076908 0.9714249
vt 0.2955161 0.9745614
vt 0.0000001 0.7583110
vt 0.0112931 0.7560241
vt 0.0151827 0.7689075
vt 0.0028960 0.7699500
vt 0.0347143 0.7613333
vt 0.0394002 0.7772579
vt 0.2927595 0.9396734
vt 0.2908968 0.9281586
vt 0.3097164 0.9282141
vt 0.3079196 0.9397181
vt 0.1317740 0.7287112
vt 0.1394235 0.7261527
vt 0.1443339 0.7394320
vt 0.1367555 0.7438716
vt 0.1496295 0.6928053
vt 0.1542617 0.6771444
vt 0.1924881 0.7359991
vt 0.1924881 0.7296875
vt 0.2377397 0.7296875
vt 0.2377397 0.7359992
vt 0.1924881 0.7176644
vt 0.2377397 0.7176644
vt 0.0495507 0.8104929
vt 0.0571945 0.8130422
vt 0.0521899 0.8281524
vt 0.0446201 0.8237280
vt 0.0511122 0.7810808
vt 0.0430046 0.7847420
vt 0.0581111 0.7947527
vt 0.0494692 0.7968996
vt 0.1251470 0.9372971
vt 0.1254524 0.9512777
vt 0.0802313 0.9512777
vt 0.0799259 0.9372969
vt 0.1251553 0.8970486
vt 0.1250958 0.9037699
vt 0.0798746 0.9037698
vt 0.0799341 0.8970486
vt 0.1249608 0.9191546
vt 0.0797397 0.9191546
vt 0.1924881 0.6902578
vt 0.1924881 0.6818693
vt 0.2377397 0.6818693
vt 0.2377397 0.6902578
vt 0.1924881 0.7040362
vt 0.2377397 0.7040362
vt 0.1460122 0.7003149
vt 0.1379088 0.6966420
vt 0.1395268 0.7125138
vt 0.1308864 0.7103603
vt 0.2839507 0.9432189
vt 0.2839507 0.9784212
vt 0.1953626 0.6718194
vt 0.2348652 0.6718194
vt 0.0237355 0.7561353
vt 0.0272477 0.7695117
vt 0.1617864 0.6850737
vt 0.1652508 0.6719297
vt 0.3116800 0.7866616
vt 0.2868924 0.7866237
vt 0.2838618 0.7772263
vt 0.3133949 0.7772712
vt 0.0650996 0.7473724
vt 0.0833671 0.7515008
vt 0.0775050 0.7658070
vt 0.0658310 0.7626207
vt 0.2048790 0.9586942
vt 0.2048790 0.9969646
vt 0.1927827 0.9971485
vt 0.1927827 0.9588782
vt 0.1710868 0.7554962
vt 0.1893117 0.7511865
vt 0.1890145 0.7676813
vt 0.1773592 0.7709329
vt 0.1139852 0.7473890
vt 0.1252535 0.7497714
vt 0.1225116 0.7609707
vt 0.1102760 0.7597474
vt 0.3133481 0.7699566
vt 0.2838150 0.7699115
vt 0.2838150 0.7511865
vt 0.3133481 0.7512314
vt 0.3304144 0.7593274
vt 0.3304145 0.7889521
vt 0.3168958 0.7964266
vt 0.3168958 0.7511865
vt 0.0007617 0.9480751
vt 0.0007616 0.9327270
vt 0.0114747 0.9261703
vt 0.0114747 0.9541751
vt 0.2906097 0.8496744
vt 0.2906097 0.8259900
vt 0.3027843 0.8242362
vt 0.3027843 0.8527825
vt 0.1289533 0.7531629
vt 0.1403273 0.7511865
vt 0.1444311 0.7646914
vt 0.1320265 0.7653025
vt 0.1638421 0.7566849
vt 0.1687265 0.7731174
vt 0.3072509 0.8102074
vt 0.2919541 0.8101841
vt 0.2900642 0.7986720
vt 0.3090534 0.7987009
vt 0.0683222 0.8044933
vt 0.0759758 0.8018346
vt 0.0809046 0.8152654
vt 0.0733241 0.8198320
vt 0.0906377 0.7525638
vt 0.0861554 0.7679204
vt 0.2380344 0.8973252
vt 0.1927828 0.8973252
vt 0.1927828 0.8910135
vt 0.2380343 0.8910136
vt 0.2380343 0.9093484
vt 0.1927827 0.9093483
vt 0.1783191 0.8035811
vt 0.1858866 0.8057579
vt 0.1806753 0.8198321
vt 0.1732102 0.8159215
vt 0.1803228 0.7763761
vt 0.1721989 0.7799468
vt 0.1870785 0.7888420
vt 0.1784459 0.7910265
vt 0.2869767 0.8369428
vt 0.2417366 0.8369427
vt 0.2415352 0.8233329
vt 0.2867754 0.8233329
vt 0.2870107 0.8771636
vt 0.2417706 0.8771635
vt 0.2418007 0.8703787
vt 0.2870408 0.8703789
vt 0.2418687 0.8548499
vt 0.2871088 0.8548500
vt 0.2380343 0.9451435
vt 0.1927827 0.9451435
vt 0.1927827 0.9367549
vt 0.2380343 0.9367549
vt 0.1927827 0.9229764
vt 0.2380344 0.9229764
vt 0.0825430 0.7755685
vt 0.0744285 0.7719095
vt 0.0760647 0.7879975
vt 0.0674145 0.7858843
vt 0.3143493 0.8233329
vt 0.3143492 0.8567412
vt 0.2351599 0.9551932
vt 0.1956572 0.9551932
vt 0.1528663 0.7516263
vt 0.1565900 0.7656068
vt 0.1015853 0.7473724
vt 0.0982614 0.7601987
vt 0.2804497 0.9067100
vt 0.2793344 0.9161012
vt 0.2547780 0.9160960
vt 0.2511923 0.9067040
vt 0.2510289 0.8806645
vt 0.2510810 0.8993896
vt 0.2415354 0.8971137
vt 0.2415875 0.8850167
vt 0.2204761 0.9937335
vt 0.2083799 0.9935123
vt 0.2083799 0.9586940
vt 0.2204761 0.9589152
vt 0.1889520 0.8397015
vt 0.1772988 0.8429617
vt 0.1710539 0.8276303
vt 0.1892819 0.8233329
vt 0.2581308 0.9281396
vt 0.2600244 0.9396493
vt 0.2523030 0.9396619
vt 0.2492612 0.9274901
vt 0.2802864 0.8806707
vt 0.2803385 0.8993958
vt 0.3303294 0.9397180
vt 0.3168103 0.9313618
vt 0.3168103 0.9017371
vt 0.3303294 0.8944781
vt 0.0007617 0.9012213
vt 0.0114747 0.8946646
vt 0.0114747 0.9226694
vt 0.0007616 0.9165694
vt 0.1746655 0.9780768
vt 0.1624907 0.9810979
vt 0.1624907 0.9551266
vt 0.1746654 0.9565290
vt 0.1443659 0.8367002
vt 0.1319994 0.8374594
vt 0.1289533 0.8254242
vt 0.1402980 0.8233329
vt 0.1686659 0.8451452
vt 0.1638035 0.8287968
vt 0.2769427 0.9281437
vt 0.2751784 0.9396525
vt 0.0466856 0.9825161
vt 0.0539187 0.9810569
vt 0.0602275 0.9901440
vt 0.0532742 0.9928694
vt 0.2415354 0.9060186
vt 0.0149757 0.8379650
vt 0.0149757 0.8316533
vt 0.0602272 0.8316533
vt 0.0602272 0.8379650
vt 0.0149757 0.8499881
vt 0.0602272 0.8499880
vt 0.1785365 0.8767007
vt 0.1861388 0.8790141
vt 0.1810353 0.8935107
vt 0.1735208 0.8894069
vt 0.1803148 0.8486105
vt 0.1722034 0.8522305
vt 0.1871904 0.8615476
vt 0.1785576 0.8637310
vt 0.2868156 0.6718192
vt 0.2866132 0.6854298
vt 0.2413733 0.6854298
vt 0.2415757 0.6718192
vt 0.2865490 0.7188661
vt 0.2865792 0.7256505
vt 0.2413392 0.7256505
vt 0.2413090 0.7188661
vt 0.2864805 0.7033374
vt 0.2412406 0.7033374
vt 0.0149757 0.8857831
vt 0.0149757 0.8773947
vt 0.0602273 0.8773946
vt 0.0602273 0.8857831
vt 0.0149756 0.8636162
vt 0.0602272 0.8636161
vt 0.0514944 0.9572613
vt 0.0602275 0.9590011
vt 0.0575106 0.9639232
vt 0.0491356 0.9611810
vt 0.0524977 0.9718981
vt 0.0437647 0.9701583
vt 0.1509254 0.9851376
vt 0.1509254 0.9547428
vt 0.0178501 0.8958330
vt 0.0573528 0.8958328
vt 0.1564993 0.8375158
vt 0.1528093 0.8236645
vt 0.2459668 0.9159321
vt 0.1854036 0.9581296
vt 0.1781664 0.9561687
vt 0.1781664 0.9313145
vt 0.1854036 0.9285172
vt 0.0771346 0.8426276
vt 0.0654886 0.8393413
vt 0.0650995 0.8233329
vt 0.0833193 0.8276654
vt 0.0762388 0.9375723
vt 0.0641426 0.9374157
vt 0.0641425 0.8970486
vt 0.0762388 0.8972053
vt 0.0601338 0.7011576
vt 0.0482772 0.7035746
vt 0.0431142 0.6877301
vt 0.0615986 0.6847224
vt 0.1224330 0.8372668
vt 0.1100782 0.8364418
vt 0.1141095 0.8233329
vt 0.1254524 0.8254385
vt 0.0406983 0.6744140
vt 0.0591827 0.6714062
vt 0.0934511 1.0000000
vt 0.0797396 0.9916022
vt 0.0797396 0.9619899
vt 0.0934511 0.9547788
vt 0.0114747 0.8531015
vt 0.0007616 0.8596581
vt 0.0007617 0.8316534
vt 0.0114747 0.8377534
vt 0.2652754 0.9714073
vt 0.2531006 0.9745442
vt 0.2531007 0.9444339
vt 0.2652755 0.9464255
vt 0.0158746 0.6950174
vt 0.0034569 0.6947428
vt 0.0012513 0.6824135
vt 0.0127375 0.6812521
vt 0.0395115 0.7051419
vt 0.0358036 0.6884032
vt 0.0000000 0.6755164
vt 0.0111842 0.6726902
vt 0.0807309 0.8894152
vt 0.0731967 0.8935477
vt 0.0681479 0.8789437
vt 0.0757629 0.8766145
vt 0.0857629 0.8448287
vt 0.0905685 0.8288417
vt 0.0333878 0.6750872
vt 0.1927828 0.8296446
vt 0.1927828 0.8233328
vt 0.2380344 0.8233329
vt 0.2380344 0.8296446
vt 0.1927828 0.8416678
vt 0.2380344 0.8416678
vt 0.0481085 0.7525232
vt 0.0409405 0.7481007
vt 0.0469136 0.7361672
vt 0.0543068 0.7388699
vt 0.0508463 0.7092063
vt 0.0424893 0.7121905
vt 0.0566983 0.7221018
vt 0.0479327 0.7236691
vt 0.1289533 0.9512420
vt 0.1292584 0.9372601
vt 0.1744797 0.9372601
vt 0.1741746 0.9512419
vt 0.1293094 0.9037327
vt 0.1292500 0.8970116
vt 0.1744713 0.8970116
vt 0.1745307 0.9037327
vt 0.1294443 0.9191169
vt 0.1746655 0.9191169
vt 0.1927828 0.8774628
vt 0.1927827 0.8690742
vt 0.2380344 0.8690742
vt 0.2380344 0.8774628
vt 0.1927828 0.8552958
vt 0.2380344 0.8552958
vt 0.0821958 0.8519655
vt 0.0740947 0.8483175
vt 0.0757931 0.8635493
vt 0.0671648 0.8613482
vt 0.2415354 0.9784014
vt 0.2415354 0.9431627
vt 0.0252145 0.6825827
vt 0.0231868 0.6714062
vt 0.1956573 0.8875126
vt 0.2351599 0.8875126
vt 0.0279386 0.6967952
vt 0.0979507 0.8372032
vt 0.1015895 0.8236698
vt 0.2435559 0.7866337
vt 0.2415652 0.7772418
vt 0.2711392 0.7772260
vt 0.2683779 0.7866205
vt 0.0775086 0.6898301
vt 0.0658343 0.6866443
vt 0.0650995 0.6714064
vt 0.0833673 0.6755335
vt 0.0149757 0.9572613
vt 0.0270720 0.9574395
vt 0.0270720 0.9961652
vt 0.0149757 0.9959869
vt 0.2802838 0.7555329
vt 0.2803099 0.7676299
vt 0.2711799 0.7699116
vt 0.2711918 0.7511865
vt 0.1225117 0.6850034
vt 0.1102773 0.6837756
vt 0.1139833 0.6714271
vt 0.1252509 0.6738125
vt 0.2416058 0.7699273
vt 0.2416178 0.7512021
vt 0.3111916 0.9505878
vt 0.3250092 0.9432189
vt 0.3250092 0.9884704
vt 0.3111916 0.9802200
vt 0.1781665 0.8970116
vt 0.1888796 0.9031116
vt 0.1888796 0.9184598
vt 0.1781665 0.9250163
vt 0.3018816 0.6928234
vt 0.3140560 0.6946269
vt 0.3140560 0.7185930
vt 0.3018816 0.7217094
vt 0.2737765 0.7980108
vt 0.2708328 0.8101838
vt 0.2636180 0.8101757
vt 0.2654105 0.7986655
vt 0.2803141 0.7765346
vt 0.2483000 0.8101838
vt 0.2463950 0.7986755
vt 0.0809075 0.7393027
vt 0.0733268 0.7438716
vt 0.0683250 0.7285292
vt 0.0759789 0.7258686
vt 0.0861590 0.6919429
vt 0.0906381 0.6765958
vt 0.1928127 0.8153661
vt 0.1928127 0.8090546
vt 0.2380643 0.8090546
vt 0.2380643 0.8153661
vt 0.1928127 0.7970313
vt 0.2380643 0.7970314
vt 0.1359323 0.9941022
vt 0.1289534 0.9908005
vt 0.1352853 0.9809948
vt 0.1425451 0.9829060
vt 0.1400861 0.9591795
vt 0.1316803 0.9618745
vt 0.1289534 0.9563130
vt 0.1377186 0.9547428
vt 0.1454767 0.9693402
vt 0.1367115 0.9709104
vt 0.0602274 0.9395619
vt 0.0602272 0.9537603
vt 0.0149756 0.9537604
vt 0.0149759 0.9395619
vt 0.0602274 0.8993338
vt 0.0602274 0.9060093
vt 0.0149759 0.9060093
vt 0.0149758 0.8993338
vt 0.0602275 0.9212902
vt 0.0149759 0.9212902
vt 0.1928127 0.7696248
vt 0.1928127 0.7612363
vt 0.2380643 0.7612363
vt 0.2380643 0.7696248
vt 0.1928127 0.7834032
vt 0.2380643 0.7834032
vt 0.0825465 0.6995937
vt 0.0744319 0.6959347
vt 0.0760680 0.7120273
vt 0.0674176 0.7099146
vt 0.2903166 0.6918448
vt 0.2903166 0.7256507
vt 0.1956872 0.7511865
vt 0.2351899 0.7511865
vt 0.2768203 0.7864512
vt 0.0982639 0.6842229
vt 0.1015847 0.6714064
vt 0.2638710 0.2296238
vt 0.2609283 0.2380089
vt 0.2397233 0.2374774
vt 0.2411192 0.2300938
vt 0.2624005 0.0329070
vt 0.2623978 0.0000000
vt 0.2830716 0.0002261
vt 0.2827125 0.0331286
vt 0.2642794 0.1999397
vt 0.2418008 0.1988616
vt 0.2622198 0.1914558
vt 0.2406519 0.1910027
vt 0.1232028 0.2013329
vt 0.1236666 0.1934808
vt 0.4004957 0.0048258
vt 0.4005375 0.0339005
vt 0.1228934 0.2258892
vt 0.1225642 0.2333872
vt 0.4169784 0.2321876
vt 0.4160116 0.2241615
vt 0.4368416 0.2258202
vt 0.4389310 0.2341338
vt 0.4677528 0.2285163
vt 0.4693528 0.2366076
vt 0.4160782 0.2196723
vt 0.4179179 0.2117767
vt 0.4400869 0.2132492
vt 0.4367587 0.2211232
vt 0.4705052 0.2155014
vt 0.4677018 0.2232895
vt 0.1177866 0.0225967
vt 0.1183926 0.0277685
vt 0.0981163 0.0326298
vt 0.0975164 0.0280025
vt 0.0698873 0.0387765
vt 0.0692506 0.0338650
vt 0.4059648 0.0322697
vt 0.4068841 0.0080320
vt 0.4128864 0.0120026
vt 0.4120224 0.0301887
vt 0.1155136 0.1962743
vt 0.1160764 0.2028887
vt 0.1088292 0.2056276
vt 0.1074611 0.1997294
vt 0.1156280 0.2246858
vt 0.1090262 0.2235017
vt 0.1157925 0.2329839
vt 0.1081031 0.2315204
vt 0.2934165 0.2272010
vt 0.2925930 0.2356208
vt 0.2753005 0.2354048
vt 0.2805200 0.2273545
vt 0.3064202 0.2285876
vt 0.3089041 0.2362508
vt 0.2335423 0.0326802
vt 0.2318240 0.0031811
vt 0.2475052 0.0009459
vt 0.2492372 0.0327588
vt 0.2185901 0.0329400
vt 0.2170702 0.0060596
vt 0.2925259 0.2051420
vt 0.2795540 0.2033057
vt 0.3076583 0.2057858
vt 0.2941053 0.1981585
vt 0.2775514 0.1954302
vt 0.3104984 0.2004944
vt 0.3300149 0.2272255
vt 0.3333105 0.2074977
vt 0.3334736 0.2340889
vt 0.1940937 0.0076087
vt 0.1952883 0.0291867
vt 0.3348986 0.2024174
vt 0.3671146 0.2315993
vt 0.3668297 0.2236626
vt 0.3777875 0.2231258
vt 0.3814254 0.2307419
vt 0.3567946 0.2242790
vt 0.3552692 0.2313298
vt 0.1718213 0.0111513
vt 0.1744708 0.0266486
vt 0.1639322 0.0259206
vt 0.1618080 0.0143174
vt 0.1510839 0.0241804
vt 0.1496017 0.0167492
vt 0.3569376 0.2121094
vt 0.3675521 0.2154731
vt 0.3789244 0.2172678
vt 0.3583900 0.2070878
vt 0.3693484 0.2096967
vt 0.3827863 0.2107700
vt 0.3950820 0.2189474
vt 0.3948024 0.2229753
vt 0.3947399 0.2306185
vt 0.1389251 0.0245423
vt 0.1383131 0.0188260
vt 0.3954265 0.2110059
vt 0.5248132 0.2321743
vt 0.5248395 0.2278037
vt 0.5374273 0.2290825
vt 0.5372592 0.2327543
vt 0.5468700 0.2288693
vt 0.5465981 0.2331892
vt 0.5311439 0.2398985
vt 0.5422118 0.2419178
vt 0.5172179 0.2397172
vt 0.5211706 0.2193169
vt 0.5348275 0.2216977
vt 0.5455632 0.2214214
vt 0.0223886 0.0443513
vt 0.0253741 0.0479943
vt 0.0128095 0.0508018
vt 0.0096898 0.0472687
vt 0.0028699 0.0522338
vt 0.0000000 0.0489956
vt 0.0002333 0.2327710
vt 0.0000000 0.2281382
vt 0.0091130 0.2265583
vt 0.0093850 0.2308190
vt 0.0019285 0.2202432
vt 0.0116423 0.2214417
vt 0.5024408 0.0479280
vt 0.5020139 0.0522338
vt 0.4932255 0.0459754
vt 0.4952038 0.0433766
vt 0.0150342 0.2359937
vt 0.0042081 0.2419178
vt 0.4261398 0.0287027
vt 0.4210838 0.0283067
vt 0.4226600 0.0172269
vt 0.4273594 0.0192766
vt 0.4157721 0.0291613
vt 0.4179210 0.0147570
vt 0.0887481 0.2059302
vt 0.0947748 0.2045454
vt 0.0955861 0.2094451
vt 0.0902403 0.2103580
vt 0.1009952 0.2024195
vt 0.1008283 0.2078122
vt 0.0964433 0.2224236
vt 0.0912568 0.2229260
vt 0.1017419 0.2228073
vt 0.0967289 0.2296759
vt 0.0905916 0.2296826
vt 0.1033936 0.2306803
vt 0.2859417 0.1752204
vt 0.2829991 0.1668354
vt 0.3057509 0.1673054
vt 0.3071468 0.1746889
vt 0.2400430 0.0641071
vt 0.2400403 0.0970141
vt 0.2197283 0.0972358
vt 0.2193692 0.0643333
vt 0.2825907 0.1371512
vt 0.3050692 0.1360732
vt 0.2846502 0.1286674
vt 0.3062182 0.1282142
vt 0.4232035 0.1306923
vt 0.4236673 0.1385444
vt 0.1019033 0.0980076
vt 0.1019451 0.0689330
vt 0.4239767 0.1631007
vt 0.4243058 0.1705987
vt 0.1308585 0.1613731
vt 0.1298917 0.1693991
vt 0.1079392 0.1713454
vt 0.1100285 0.1630318
vt 0.0775174 0.1738191
vt 0.0791173 0.1657279
vt 0.1289522 0.1489883
vt 0.1307919 0.1568838
vt 0.1101114 0.1583347
vt 0.1067832 0.1504608
vt 0.0791683 0.1605011
vt 0.0763649 0.1527129
vt 0.3840483 0.0918756
vt 0.3846543 0.0867039
vt 0.4049244 0.0921096
vt 0.4043246 0.0967370
vt 0.4331903 0.0979720
vt 0.4325536 0.1028836
vt 0.0955567 0.0721391
vt 0.0964761 0.0963768
vt 0.0904184 0.0942959
vt 0.0895545 0.0761096
vt 0.4307937 0.1401002
vt 0.4313565 0.1334858
vt 0.4394090 0.1369410
vt 0.4380409 0.1428391
vt 0.4312421 0.1618974
vt 0.4378439 0.1607132
vt 0.4310775 0.1701954
vt 0.4387670 0.1687319
vt 0.2542771 0.1728324
vt 0.2534536 0.1644125
vt 0.2663501 0.1645660
vt 0.2715695 0.1726164
vt 0.2404499 0.1657991
vt 0.2379659 0.1734624
vt 0.2706169 0.0672883
vt 0.2688985 0.0967873
vt 0.2532036 0.0968660
vt 0.2549357 0.0650530
vt 0.2853706 0.0701668
vt 0.2838508 0.0970472
vt 0.2543443 0.1423536
vt 0.2673160 0.1405172
vt 0.2392118 0.1429973
vt 0.2527648 0.1353701
vt 0.2693187 0.1326417
vt 0.2363717 0.1377060
vt 0.2168552 0.1644370
vt 0.2135596 0.1447093
vt 0.2133965 0.1713005
vt 0.3083471 0.0717157
vt 0.3071525 0.0932938
vt 0.2119715 0.1396289
vt 0.1800404 0.1608742
vt 0.1797555 0.1688110
vt 0.1654447 0.1679534
vt 0.1690826 0.1603373
vt 0.1900755 0.1614906
vt 0.1916009 0.1685414
vt 0.3279701 0.0907557
vt 0.3306195 0.0752584
vt 0.3406328 0.0784245
vt 0.3385086 0.0900277
vt 0.3528391 0.0808563
vt 0.3513570 0.0882875
vt 0.1899326 0.1493211
vt 0.1793180 0.1526846
vt 0.1679457 0.1544793
vt 0.1884801 0.1442994
vt 0.1775217 0.1469082
vt 0.1640838 0.1479815
vt 0.1520677 0.1601868
vt 0.1517882 0.1561590
vt 0.1521302 0.1678300
vt 0.3641277 0.0829331
vt 0.3635158 0.0886494
vt 0.1514436 0.1482174
vt 0.0220305 0.1650152
vt 0.0220569 0.1693858
vt 0.0096109 0.1699659
vt 0.0094427 0.1662941
vt 0.0002720 0.1704007
vt 0.0000000 0.1660809
vt 0.0157261 0.1771101
vt 0.0046583 0.1791294
vt 0.0296523 0.1769288
vt 0.0256995 0.1565285
vt 0.0120426 0.1589093
vt 0.0013069 0.1586329
vt 0.4770668 0.1121013
vt 0.4800522 0.1084585
vt 0.4927510 0.1113758
vt 0.4896314 0.1149089
vt 0.5024408 0.1131027
vt 0.4995709 0.1163409
vt 0.5468700 0.1653497
vt 0.5466367 0.1699825
vt 0.5374850 0.1680306
vt 0.5377570 0.1637698
vt 0.5449414 0.1574547
vt 0.5352278 0.1586533
vt 0.0004269 0.1163409
vt 0.0000000 0.1120350
vt 0.0072370 0.1074837
vt 0.0092154 0.1100825
vt 0.5426619 0.1791293
vt 0.5318358 0.1732052
vt 0.0813570 0.0924138
vt 0.0763011 0.0928099
vt 0.0750814 0.0833837
vt 0.0797809 0.0813340
vt 0.0845199 0.0788642
vt 0.0866688 0.0932685
vt 0.4520952 0.1417569
vt 0.4581220 0.1431417
vt 0.4566298 0.1475695
vt 0.4512840 0.1466565
vt 0.4458748 0.1396310
vt 0.4460418 0.1450238
vt 0.4504268 0.1596351
vt 0.4556133 0.1601375
vt 0.4451282 0.1600188
vt 0.4562785 0.1668941
vt 0.4501412 0.1668875
vt 0.4434765 0.1678918
vt 0.1084603 0.8860891
vt 0.1048981 0.8953047
vt 0.0850619 0.8817243
vt 0.0064123 0.8561849
vt 0.0168774 0.8561589
vt 0.0174910 0.8681197
vt 0.0065846 0.8677941
vt 0.1084603 0.8762092
vt 0.0061476 0.8449311
vt 0.0160989 0.8443186
vt 0.0983159 0.8603444
vt 0.1048981 0.8671687
vt 0.0983160 0.9024528
vt 0.0897161 0.9064450
vt 0.0804077 0.9066738
vt 0.0718078 0.9031043
vt 0.0652258 0.8962799
vt 0.0616636 0.8872395
vt 0.0616636 0.8773594
vt 0.0652258 0.8681440
vt 0.0718078 0.8609959
vt 0.0804077 0.8570037
vt 0.0897161 0.8567748
vt 0.0152453 0.9739353
vt 0.0048356 0.9725519
vt 0.0061476 0.9615338
vt 0.0160989 0.9621463
vt 0.0138162 0.9859880
vt 0.0030102 0.9835818
vt 0.0468299 0.9615258
vt 0.0465684 0.9737005
vt 0.0468086 0.9862081
vt 0.0113217 0.9988624
vt 0.0483800 1.0000000
vt 0.0000000 0.9943413
vt 0.0138162 0.8204769
vt 0.0113217 0.8076025
vt 0.0483799 0.8064648
vt 0.0468087 0.8202568
vt 0.0030102 0.8228832
vt 0.0000000 0.8121235
vt 0.0152453 0.8325296
vt 0.0465683 0.8327645
vt 0.0048355 0.8339131
vt 0.0468299 0.8449392
vt 0.0472641 0.8570075
vt 0.0580310 0.8338369
vt 0.0577970 0.8455375
vt 0.0577779 0.8571797
vt 0.0616636 0.8258991
vt 0.0652257 0.8168588
vt 0.0850620 0.8314142
vt 0.0616636 0.8357792
vt 0.0718077 0.8100343
vt 0.0804076 0.8064647
vt 0.0983159 0.8106858
vt 0.1048981 0.8178337
vt 0.1084603 0.8270493
vt 0.1048981 0.8459697
vt 0.0983162 0.8527941
vt 0.0897163 0.8563638
vt 0.0652258 0.8449947
vt 0.0718080 0.8521427
vt 0.0897160 0.8066936
vt 0.1084603 0.8369292
vt 0.0804078 0.8561350
vt 0.0478250 0.8688129
vt 0.0578109 0.8684946
vt 0.0587782 0.8797142
vt 0.0482415 0.8803820
vt 0.0597389 0.8912472
vt 0.0486324 0.8918264
vt 0.0180443 0.8799589
vt 0.0184828 0.8916095
vt 0.0187706 0.9032325
vt 0.0487335 0.9032325
vt 0.0605935 0.9032326
vt 0.0184827 0.9148554
vt 0.0486324 0.9146386
vt 0.0597389 0.9152177
vt 0.0180443 0.9265061
vt 0.0482415 0.9260829
vt 0.0587782 0.9267508
vt 0.0174910 0.9383453
vt 0.0478250 0.9376522
vt 0.0578109 0.9379703
vt 0.0168774 0.9503061
vt 0.0472642 0.9494575
vt 0.0577779 0.9492853
vt 0.0577970 0.9609274
vt 0.0580310 0.9726279
vt 0.0064123 0.9502800
vt 0.0065846 0.9386709
vt 0.0066837 0.9269546
vt 0.0065969 0.9152046
vt 0.0061681 0.9032326
vt 0.0065969 0.8912603
vt 0.0066837 0.8795103
vt 0.0589040 0.9842538
vt 0.0612525 0.9957487
vt 0.0612525 0.8107162
vt 0.0589040 0.8222111
vt 0.1084603 0.8860891
vt 0.1048981 0.8953047
vt 0.0850619 0.8817243
vt 0.0174910 0.8681197
vt 0.0065846 0.8677941
vt 0.0064123 0.8561849
vt 0.0168774 0.8561589
vt 0.1084603 0.8762092
vt 0.0061476 0.8449311
vt 0.0160989 0.8443186
vt 0.0983159 0.8603444
vt 0.1048981 0.8671687
vt 0.0983160 0.9024528
vt 0.0897161 0.9064450
vt 0.0804077 0.9066738
vt 0.0718078 0.9031043
vt 0.0652258 0.8962799
vt 0.0616636 0.8872395
vt 0.0616636 0.8773594
vt 0.0652258 0.8681440
vt 0.0718078 0.8609959
vt 0.0804077 0.8570037
vt 0.0897161 0.8567748
vt 0.0061476 0.9615338
vt 0.0160989 0.9621463
vt 0.0152453 0.9739353
vt 0.0048356 0.9725519
vt 0.0138162 0.9859880
vt 0.0030102 0.9835818
vt 0.0468299 0.9615258
vt 0.0465684 0.9737005
vt 0.0468086 0.9862081
vt 0.0483800 1.0000000
vt 0.0113217 0.9988624
vt 0.0000000 0.9943413
vt 0.0468087 0.8202568
vt 0.0138162 0.8204769
vt 0.0113217 0.8076025
vt 0.0483799 0.8064648
vt 0.0030102 0.8228832
vt 0.0000000 0.8121235
vt 0.0465683 0.8327645
vt 0.0152453 0.8325296
vt 0.0048355 0.8339131
vt 0.0468299 0.8449392
vt 0.0472641 0.8570075
vt 0.0577970 0.8455375
vt 0.0580310 0.8338369
vt 0.0577779 0.8571797
vt 0.0616636 0.8258991
vt 0.0652257 0.8168588
vt 0.0850620 0.8314142
vt 0.0616636 0.8357792
vt 0.0718077 0.8100343
vt 0.0804076 0.8064647
vt 0.0983159 0.8106858
vt 0.1048981 0.8178337
vt 0.1084603 0.8270493
vt 0.1048981 0.8459697
vt 0.0983162 0.8527941
vt 0.0897163 0.8563638
vt 0.0652258 0.8449947
vt 0.0718080 0.8521427
vt 0.0897160 0.8066936
vt 0.1084603 0.8369292
vt 0.0804078 0.8561350
vt 0.0587782 0.8797142
vt 0.0482415 0.8803820
vt 0.0478250 0.8688129
vt 0.0578109 0.8684946
vt 0.0597389 0.8912472
vt 0.0486324 0.8918264
vt 0.0180443 0.8799589
vt 0.0184828 0.8916095
vt 0.0487335 0.9032325
vt 0.0187706 0.9032325
vt 0.0605935 0.9032326
vt 0.0486324 0.9146386
vt 0.0184827 0.9148554
vt 0.0597389 0.9152177
vt 0.0482415 0.9260829
vt 0.0180443 0.9265061
vt 0.0587782 0.9267508
vt 0.0478250 0.9376522
vt 0.0174910 0.9383453
vt 0.0578109 0.9379703
vt 0.0472642 0.9494575
vt 0.0168774 0.9503061
vt 0.0577779 0.9492853
vt 0.0577970 0.9609274
vt 0.0580310 0.9726279
vt 0.0065846 0.9386709
vt 0.0064123 0.9502800
vt 0.0066837 0.9269546
vt 0.0065969 0.9152046
vt 0.0061681 0.9032326
vt 0.0065969 0.8912603
vt 0.0066837 0.8795103
vt 0.0589040 0.9842538
vt 0.0612525 0.9957487
vt 0.0612525 0.8107162
vt 0.0589040 0.8222111
vt 0.1084603 0.8860891
vt 0.1048981 0.8953047
vt 0.0850619 0.8817243
vt 0.0168774 0.8561589
vt 0.0174910 0.8681197
vt 0.0065846 0.8677941
vt 0.0064123 0.8561849
vt 0.1084603 0.8762092
vt 0.0160989 0.8443186
vt 0.0061476 0.8449311
vt 0.0983159 0.8603444
vt 0.1048981 0.8671687
vt 0.0983160 0.9024528
vt 0.0897161 0.9064450
vt 0.0804077 0.9066738
vt 0.0718078 0.9031043
vt 0.0652258 0.8962799
vt 0.0616636 0.8872395
vt 0.0616636 0.8773594
vt 0.0652258 0.8681440
vt 0.0718078 0.8609959
vt 0.0804077 0.8570037
vt 0.0897161 0.8567748
vt 0.0160989 0.9621463
vt 0.0152453 0.9739353
vt 0.0048356 0.9725519
vt 0.0061476 0.9615338
vt 0.0138162 0.9859880
vt 0.0030102 0.9835818
vt 0.0468299 0.9615258
vt 0.0465684 0.9737005
vt 0.0468086 0.9862081
vt 0.0483800 1.0000000
vt 0.0113217 0.9988624
vt 0.0000000 0.9943413
vt 0.0483799 0.8064648
vt 0.0468087 0.8202568
vt 0.0138162 0.8204769
vt 0.0113217 0.8076025
vt 0.0030102 0.8228832
vt 0.0000000 0.8121235
vt 0.0465683 0.8327645
vt 0.0152453 0.8325296
vt 0.0048355 0.8339131
vt 0.0468299 0.8449392
vt 0.0472641 0.8570075
vt 0.0580310 0.8338369
vt 0.0577970 0.8455375
vt 0.0577779 0.8571797
vt 0.0616636 0.8258991
vt 0.0652257 0.8168588
vt 0.0850620 0.8314142
vt 0.0616636 0.8357792
vt 0.0718077 0.8100343
vt 0.0804076 0.8064647
vt 0.0983159 0.8106858
vt 0.1048981 0.8178337
vt 0.1084603 0.8270493
vt 0.1048981 0.8459697
vt 0.0983162 0.8527941
vt 0.0897163 0.8563638
vt 0.0652258 0.8449947
vt 0.0718080 0.8521427
vt 0.0897160 0.8066936
vt 0.1084603 0.8369292
vt 0.0804078 0.8561350
vt 0.0578109 0.8684946
vt 0.0587782 0.8797142
vt 0.0482415 0.8803820
vt 0.0478250 0.8688129
vt 0.0597389 0.8912472
vt 0.0486324 0.8918264
vt 0.0180443 0.8799589
vt 0.0184828 0.8916095
vt 0.0487335 0.9032325
vt 0.0187706 0.9032325
vt 0.0605935 0.9032326
vt 0.0486324 0.9146386
vt 0.0184827 0.9148554
vt 0.0597389 0.9152177
vt 0.0482415 0.9260829
vt 0.0180443 0.9265061
vt 0.0587782 0.9267508
vt 0.0478250 0.9376522
vt 0.0174910 0.9383453
vt 0.0578109 0.9379703
vt 0.0472642 0.9494575
vt 0.0168774 0.9503061
vt 0.0577779 0.9492853
vt 0.0577970 0.9609274
vt 0.0580310 0.9726279
vt 0.0064123 0.9502800
vt 0.0065846 0.9386709
vt 0.0066837 0.9269546
vt 0.0065969 0.9152046
vt 0.0061681 0.9032326
vt 0.0065969 0.8912603
vt 0.0066837 0.8795103
vt 0.0589040 0.9842538
vt 0.0612525 0.9957487
vt 0.0612525 0.8107162
vt 0.0589040 0.8222111
vt 0.1084603 0.8860891
vt 0.1048981 0.8953047
vt 0.0850619 0.8817243
vt 0.0064123 0.8561849
vt 0.0168774 0.8561589
vt 0.0174910 0.8681197
vt 0.0065846 0.8677941
vt 0.1084603 0.8762092
vt 0.0061476 0.8449311
vt 0.0160989 0.8443186
vt 0.0983159 0.8603444
vt 0.1048981 0.8671687
vt 0.0983160 0.9024528
vt 0.0897161 0.9064450
vt 0.0804077 0.9066738
vt 0.0718078 0.9031043
vt 0.0652258 0.8962799
vt 0.0616636 0.8872395
vt 0.0616636 0.8773594
vt 0.0652258 0.8681440
vt 0.0718078 0.8609959
vt 0.0804077 0.8570037
vt 0.0897161 0.8567748
vt 0.0152453 0.9739353
vt 0.0048356 0.9725519
vt 0.0061476 0.9615338
vt 0.0160989 0.9621463
vt 0.0138162 0.9859880
vt 0.0030102 0.9835818
vt 0.0468299 0.9615258
vt 0.0465684 0.9737005
vt 0.0468086 0.9862081
vt 0.0483800 1.0000000
vt 0.0113217 0.9988624
vt 0.0000000 0.9943413
vt 0.0483799 0.8064648
vt 0.0468087 0.8202568
vt 0.0138162 0.8204769
vt 0.0113217 0.8076025
vt 0.0030102 0.8228832
vt 0.0000000 0.8121235
vt 0.0465683 0.8327645
vt 0.0152453 0.8325296
vt 0.0048355 0.8339131
vt 0.0468299 0.8449392
vt 0.0472641 0.8570075
vt 0.0580310 0.8338369
vt 0.0577970 0.8455375
vt 0.0577779 0.8571797
vt 0.0616636 0.8258991
vt 0.0652257 0.8168588
vt 0.0850620 0.8314142
vt 0.0616636 0.8357792
vt 0.0718077 0.8100343
vt 0.0804076 0.8064647
vt 0.0983159 0.8106858
vt 0.1048981 0.8178337
vt 0.1084603 0.8270493
vt 0.1048981 0.8459697
vt 0.0983162 0.8527941
vt 0.0897163 0.8563638
vt 0.0652258 0.8449947
vt 0.0718080 0.8521427
vt 0.0897160 0.8066936
vt 0.1084603 0.8369292
vt 0.0804078 0.8561350
vt 0.0478250 0.8688129
vt 0.0578109 0.8684946
vt 0.0587782 0.8797142
vt 0.0482415 0.8803820
vt 0.0597389 0.8912472
vt 0.0486324 0.8918264
vt 0.0180443 0.8799589
vt 0.0184828 0.8916095
vt 0.0487335 0.9032325
vt 0.0187706 0.9032325
vt 0.0605935 0.9032326
vt 0.0486324 0.9146386
vt 0.0184827 0.9148554
vt 0.0597389 0.9152177
vt 0.0482415 0.9260829
vt 0.0180443 0.9265061
vt 0.0587782 0.9267508
vt 0.0478250 0.9376522
vt 0.0174910 0.9383453
vt 0.0578109 0.9379703
vt 0.0472642 0.9494575
vt 0.0168774 0.9503061
vt 0.0577779 0.9492853
vt 0.0577970 0.9609274
vt 0.0580310 0.9726279
vt 0.0064123 0.9502800
vt 0.0065846 0.9386709
vt 0.0066837 0.9269546
vt 0.0065969 0.9152046
vt 0.0061681 0.9032326
vt 0.0065969 0.8912603
vt 0.0066837 0.8795103
vt 0.0589040 0.9842538
vt 0.0612525 0.9957487
vt 0.0612525 0.8107162
vt 0.0589040 0.8222111
vt 0.1084603 0.8860891
vt 0.1048981 0.8953047
vt 0.0850619 0.8817243
vt 0.0065846 0.8677941
vt 0.0064123 0.8561849
vt 0.0168774 0.8561589
vt 0.0174910 0.8681197
vt 0.1084603 0.8762092
vt 0.0061476 0.8449311
vt 0.0160989 0.8443186
vt 0.0983159 0.8603444
vt 0.1048981 0.8671687
vt 0.0983160 0.9024528
vt 0.0897161 0.9064450
vt 0.0804077 0.9066738
vt 0.0718078 0.9031043
vt 0.0652258 0.8962799
vt 0.0616636 0.8872395
vt 0.0616636 0.8773594
vt 0.0652258 0.8681440
vt 0.0718078 0.8609959
vt 0.0804077 0.8570037
vt 0.0897161 0.8567748
vt 0.0048356 0.9725519
vt 0.0061476 0.9615338
vt 0.0160989 0.9621463
vt 0.0152453 0.9739353
vt 0.0030102 0.9835818
vt 0.0138162 0.9859880
vt 0.0468299 0.9615258
vt 0.0465684 0.9737005
vt 0.0468086 0.9862081
vt 0.0113217 0.9988624
vt 0.0483800 1.0000000
vt 0.0000000 0.9943413
vt 0.0138162 0.8204769
vt 0.0113217 0.8076025
vt 0.0483799 0.8064648
vt 0.0468087 0.8202568
vt 0.0030102 0.8228832
vt 0.0000000 0.8121235
vt 0.0152453 0.8325296
vt 0.0465683 0.8327645
vt 0.0048355 0.8339131
vt 0.0468299 0.8449392
vt 0.0472641 0.8570075
vt 0.0580310 0.8338369
vt 0.0577970 0.8455375
vt 0.0577779 0.8571797
vt 0.0616636 0.8258991
vt 0.0652257 0.8168588
vt 0.0850620 0.8314142
vt 0.0616636 0.8357792
vt 0.0718077 0.8100343
vt 0.0804076 0.8064647
vt 0.0983159 0.8106858
vt 0.1048981 0.8178337
vt 0.1084603 0.8270493
vt 0.1048981 0.8459697
vt 0.0983162 0.8527941
vt 0.0897163 0.8563638
vt 0.0652258 0.8449947
vt 0.0718080 0.8521427
vt 0.0897160 0.8066936
vt 0.1084603 0.8369292
vt 0.0804078 0.8561350
vt 0.0482415 0.8803820
vt 0.0478250 0.8688129
vt 0.0578109 0.8684946
vt 0.0587782 0.8797142
vt 0.0486324 0.8918264
vt 0.0597389 0.8912472
vt 0.0180443 0.8799589
vt 0.0184828 0.8916095
vt 0.0187706 0.9032325
vt 0.0487335 0.9032325
vt 0.0605935 0.9032326
vt 0.0184827 0.9148554
vt 0.0486324 0.9146386
vt 0.0597389 0.9152177
vt 0.0180443 0.9265061
vt 0.0482415 0.9260829
vt 0.0587782 0.9267508
vt 0.0174910 0.9383453
vt 0.0478250 0.9376522
vt 0.0578109 0.9379703
vt 0.0168774 0.9503061
vt 0.0472642 0.9494575
vt 0.0577779 0.9492853
vt 0.0577970 0.9609274
vt 0.0580310 0.9726279
vt 0.0064123 0.9502800
vt 0.0065846 0.9386709
vt 0.0066837 0.9269546
vt 0.0065969 0.9152046
vt 0.0061681 0.9032326
vt 0.0065969 0.8912603
vt 0.0066837 0.8795103
vt 0.0589040 0.9842538
vt 0.0612525 0.9957487
vt 0.0612525 0.8107162
vt 0.0589040 0.8222111
vt 0.5104555 0.8972337
vt 0.5104555 0.8759170
vt 0.5593788 0.8759170
vt 0.5593788 0.8972337
vt 0.8909730 0.6634901
vt 0.8909730 0.7124131
vt 0.8656961 0.7124131
vt 0.8656961 0.6634901
vt 0.5238457 0.7435753
vt 0.5238457 0.7222579
vt 0.5727690 0.7222579
vt 0.5727690 0.7435753
vt 0.5208846 0.8589014
vt 0.5208846 0.8099784
vt 0.5461615 0.8099784
vt 0.5461615 0.8589014
vt 0.8177637 1.0000000
vt 0.8177637 0.9786795
vt 0.8430403 0.9786795
vt 0.8430403 1.0000000
vt 0.4837108 0.9059276
vt 0.5050309 0.9059276
vt 0.5050309 0.9312044
vt 0.4837108 0.9312044
vt 0.5727690 0.6194923
vt 0.5896698 0.6194923
vt 0.5896698 0.7222579
vt 0.5896698 0.7435753
vt 0.8909730 0.7293139
vt 0.8656961 0.7293139
vt 0.5762799 0.8759170
vt 0.5762799 0.8972337
vt 0.5298638 0.9823668
vt 0.5129629 0.9823668
vt 0.5129629 0.9465518
vt 0.5298638 0.9465518
vt 0.7153016 0.8973094
vt 0.7100328 0.9999999
vt 0.6847561 0.9999999
vt 0.6794864 0.8973094
vt 0.5762799 1.0000000
vt 0.5593788 1.0000000
vt 0.8124946 0.8759890
vt 0.8483096 0.8759890
vt 0.4188548 0.3878855
vt 0.2632915 0.4294321
vt 0.2466050 0.4142447
vt 0.4314160 0.3682793
vt 0.2674159 0.5958802
vt 0.2466050 0.6145939
vt 0.5244379 0.6226658
vt 0.5207962 0.6525751
vt 0.5453252 0.6129411
vt 0.3287826 0.6455387
vt 0.3287826 0.6586348
vt 0.2465869 0.6586348
vt 0.2465869 0.6455387
vt 0.1617792 0.4424817
vt 0.0795835 0.4424817
vt 0.0142750 0.3771731
vt 0.2270879 0.3771731
vt 0.2270879 0.5899857
vt 0.1617792 0.5246772
vt 0.0142750 0.5899857
vt 0.0795835 0.5246772
vt 0.4371035 0.6576495
vt 0.4371035 0.7398452
vt 0.3549078 0.7398452
vt 0.3549078 0.6576494
vt 0.0821956 0.6586348
vt 0.0821956 0.6455387
vt 0.1643913 0.6455387
vt 0.1643913 0.6586348
vt 0.0000000 0.6586348
vt 0.0000000 0.6455387
vt 0.4313378 0.9165760
vt 0.4352146 0.7864050
vt 0.4439994 0.7870169
vt 0.4384491 0.9166422
vt 0.4242020 0.9166904
vt 0.4264449 0.7861520
vt 0.4168898 0.9168807
vt 0.4176058 0.7860067
vt 0.4095497 0.9170697
vt 0.4088277 0.7857582
vt 0.4021989 0.9170660
vt 0.4000565 0.7860135
vt 0.3948753 0.9170637
vt 0.3912174 0.7861771
vt 0.3877081 0.9171495
vt 0.3824364 0.7864755
vt 0.3805426 0.9174692
vt 0.3736341 0.7871821
vt 0.3733683 0.9183562
vt 0.3648289 0.7876469
vt 0.3660278 0.9196606
vt 0.3562026 0.7886981
vt 0.3578193 0.9217408
vt 0.3478475 0.7905267
vt 0.4866925 0.7918572
vt 0.4760911 0.9219615
vt 0.4677861 0.9201363
vt 0.4787887 0.7899494
vt 0.4601384 0.9189127
vt 0.4702318 0.7888712
vt 0.4527266 0.9179485
vt 0.4615052 0.7879481
vt 0.4455616 0.9171833
vt 0.4527867 0.7872747
vt 0.4310482 0.9266677
vt 0.4380021 0.9272324
vt 0.4239925 0.9263657
vt 0.4168262 0.9261369
vt 0.4096603 0.9257824
vt 0.4024923 0.9263151
vt 0.3953317 0.9267190
vt 0.3883166 0.9271525
vt 0.3814347 0.9279014
vt 0.3745786 0.9281574
vt 0.3678250 0.9288028
vt 0.3613478 0.9300400
vt 0.4721272 0.9300944
vt 0.4658881 0.9285976
vt 0.4589968 0.9279829
vt 0.4519796 0.9275092
vt 0.4449786 0.9272187
vt 0.3732942 0.7820748
vt 0.3644307 0.7829404
vt 0.3555619 0.7843430
vt 0.3463072 0.7866836
vt 0.4795535 0.7860515
vt 0.4885561 0.7880605
vt 0.4706882 0.7846175
vt 0.4617814 0.7834709
vt 0.4354714 0.7817169
vt 0.4442483 0.7819358
vt 0.4530107 0.7825786
vt 0.4266828 0.7816799
vt 0.4446777 0.7755505
vt 0.4536688 0.7762138
vt 0.4626387 0.7771946
vt 0.4717219 0.7784464
vt 0.4808031 0.7800360
vt 0.4898463 0.7819434
vt 0.3544151 0.7777727
vt 0.3447142 0.7798954
vt 0.3637666 0.7763865
vt 0.3730123 0.7755749
vt 0.3821297 0.7753479
vt 0.3821435 0.7817636
vt 0.3910983 0.7754200
vt 0.3909651 0.7816930
vt 0.4000514 0.7755815
vt 0.3999064 0.7817338
vt 0.4089122 0.7756901
vt 0.4088264 0.7818201
vt 0.4177923 0.7755735
vt 0.4177502 0.7817312
vt 0.4267454 0.7754094
vt 0.4356762 0.7753479
vt 0.6519184 0.8312976
vt 0.6688079 0.7825662
vt 0.6961350 0.8178285
vt 0.7234623 0.7825662
vt 0.7403519 0.8312976
vt 0.8090425 0.9532350
vt 0.7981890 0.9606275
vt 0.7636235 0.9267527
vt 0.7855980 0.9117852
vt 0.5940811 0.9606275
vt 0.5832278 0.9532350
vt 0.6066724 0.9117852
vt 0.6286466 0.9267527
vt 0.5649607 0.7911903
vt 0.5201499 0.7706750
vt 0.5242954 0.7587132
vt 0.5733541 0.7669720
vt 0.7097160 0.6924421
vt 0.6825541 0.6924421
vt 0.6894273 0.6458918
vt 0.7028429 0.6458918
vt 0.8721203 0.7706750
vt 0.8273094 0.7911903
vt 0.8189158 0.7669719
vt 0.8679746 0.7587132
vt 0.9358079 0.8782277
vt 0.9298335 0.8782277
vt 0.9298335 0.8683786
vt 0.9358079 0.8683786
vt 0.8689123 0.8782277
vt 0.8629378 0.8782277
vt 0.8629378 0.8683786
vt 0.8689123 0.8683786
vt 0.9431512 0.6225380
vt 0.9491259 0.6225380
vt 0.9491259 0.6320326
vt 0.9431512 0.6320326
vt 0.9580550 0.8670398
vt 0.9580550 0.8771016
vt 0.9520804 0.8771016
vt 0.9520804 0.8670398
vt 0.9955428 0.6331292
vt 0.9895682 0.6331292
vt 0.9895682 0.6236343
vt 0.9955428 0.6236343
vt 0.6254485 0.7004560
vt 0.6145950 0.6930631
vt 0.6375504 0.6523314
vt 0.6595251 0.6672989
vt 0.8384047 0.6930634
vt 0.8275511 0.7004560
vt 0.7934744 0.6672989
vt 0.8154488 0.6523314
vt 0.9008597 0.5125385
vt 0.8568421 0.5327791
vt 0.8484485 0.5085608
vt 0.8967140 0.5005770
vt 0.7400808 0.4346737
vt 0.7129188 0.4346737
vt 0.7197919 0.3890090
vt 0.7332076 0.3890090
vt 0.5961577 0.5327791
vt 0.5521401 0.5125385
vt 0.5562856 0.5005770
vt 0.6045513 0.5085608
vt 0.9208747 0.8004662
vt 0.9104516 0.8004662
vt 0.9056635 0.7665101
vt 0.9182853 0.7665101
vt 0.9270538 0.9127957
vt 0.9187620 0.9127957
vt 0.8778710 0.9473640
vt 0.8882942 0.9473640
vt 0.8930823 0.9819320
vt 0.8804603 0.9819320
vt 0.8882942 0.8004662
vt 0.8778710 0.8004662
vt 0.8804605 0.7665101
vt 0.8930823 0.7665101
vt 0.9189814 0.5167406
vt 0.9316033 0.5167406
vt 0.9341927 0.5520062
vt 0.9237696 0.5520062
vt 0.9316033 0.7389266
vt 0.9189814 0.7389266
vt 0.9237696 0.7032952
vt 0.9341927 0.7032952
vt 0.9822248 0.9776313
vt 0.9696029 0.9776313
vt 0.9670136 0.9441214
vt 0.9774367 0.9441214
vt 0.9696029 0.7665101
vt 0.9822248 0.7665101
vt 0.9774367 0.8000199
vt 0.9670136 0.8000199
vt 0.9653982 0.5167406
vt 0.9780201 0.5167406
vt 0.9806095 0.5523720
vt 0.9701865 0.5523720
vt 0.9780201 0.7389263
vt 0.9653982 0.7389263
vt 0.9701865 0.7036606
vt 0.9806095 0.7036606
vt 0.6961350 0.8614151
vt 0.7707164 0.5725979
vt 0.7264996 0.6027154
vt 0.7264999 0.5591288
vt 0.6991726 0.5238664
vt 0.7538271 0.5238664
vt 0.6822832 0.5725979
vt 0.9104516 0.9473639
vt 0.9208747 0.9473639
vt 0.9182853 0.9819320
vt 0.9056635 0.9819320
vt 0.9187622 0.8344222
vt 0.9270538 0.8344222
vt 0.6931854 0.6347533
vt 0.6600897 0.6122109
vt 0.7627240 0.8711730
vt 0.7296283 0.8937156
vt 0.9867885 0.6683950
vt 0.9784968 0.6683950
vt 0.9784968 0.5880030
vt 0.9867885 0.5880030
vt 0.6395002 0.5527855
vt 0.6521419 0.5163110
vt 0.7834240 0.8113847
vt 0.7707825 0.7749102
vt 0.8716920 0.8344225
vt 0.8799837 0.8344225
vt 0.8799837 0.9127958
vt 0.8716920 0.9127958
vt 0.7929097 0.6122109
vt 0.7598141 0.6347533
vt 0.6626421 0.8937156
vt 0.6295463 0.8711731
vt 0.9403718 0.6676641
vt 0.9320800 0.6676641
vt 0.9320799 0.5872722
vt 0.9403718 0.5872722
vt 0.8134992 0.5527855
vt 0.8008577 0.5163110
vt 0.6088463 0.8113847
vt 0.6214876 0.7749102
vt 0.9608346 0.8335299
vt 0.9691262 0.8335299
vt 0.9691265 0.9106116
vt 0.9608346 0.9106116
vt 0.7060457 0.4795839
vt 0.7469540 0.4795839
vt 0.6756809 0.7379591
vt 0.7165892 0.7379591
vt 0.2875822 0.9161059
vt 0.2840399 0.9067041
vt 0.3133094 0.9067904
vt 0.3121486 0.9161784
vt 0.1409890 0.6906518
vt 0.1293287 0.6874160
vt 0.1287518 0.6718194
vt 0.1469987 0.6760375
vt 0.0641426 0.9410732
vt 0.0762388 0.9412305
vt 0.0762388 0.9815559
vt 0.0641426 0.9813986
vt 0.0419776 0.7602296
vt 0.0602273 0.7560241
vt 0.0597053 0.7718848
vt 0.0480422 0.7751110
vt 0.1861218 0.6855952
vt 0.1738447 0.6845083
vt 0.1776958 0.6718194
vt 0.1889872 0.6741145
vt 0.2839506 0.8993895
vt 0.2839506 0.8806645
vt 0.3132200 0.8807506
vt 0.3132200 0.8994757
vt 0.1106629 0.9924829
vt 0.0969521 0.9999999
vt 0.0969521 0.9547788
vt 0.1106629 0.9628706
vt 0.0114747 0.8911637
vt 0.0007617 0.8850637
vt 0.0007617 0.8697157
vt 0.0114747 0.8631589
vt 0.2955160 0.9444821
vt 0.3076908 0.9464688
vt 0.3076908 0.9714249
vt 0.2955161 0.9745614
vt 0.0000001 0.7583110
vt 0.0112931 0.7560241
vt 0.0151827 0.7689075
vt 0.0028960 0.7699500
vt 0.0347143 0.7613333
vt 0.0394002 0.7772579
vt 0.2927595 0.9396734
vt 0.2908968 0.9281586
vt 0.3097164 0.9282141
vt 0.3079196 0.9397181
vt 0.1317740 0.7287112
vt 0.1394235 0.7261527
vt 0.1443339 0.7394320
vt 0.1367555 0.7438716
vt 0.1496295 0.6928053
vt 0.1542617 0.6771444
vt 0.1924881 0.7359991
vt 0.1924881 0.7296875
vt 0.2377397 0.7296875
vt 0.2377397 0.7359992
vt 0.1924881 0.7176644
vt 0.2377397 0.7176644
vt 0.0495507 0.8104929
vt 0.0571945 0.8130422
vt 0.0521899 0.8281524
vt 0.0446201 0.8237280
vt 0.0511122 0.7810808
vt 0.0430046 0.7847420
vt 0.0581111 0.7947527
vt 0.0494692 0.7968996
vt 0.1251470 0.9372971
vt 0.1254524 0.9512777
vt 0.0802313 0.9512777
vt 0.0799259 0.9372969
vt 0.1251553 0.8970486
vt 0.1250958 0.9037699
vt 0.0798746 0.9037698
vt 0.0799341 0.8970486
vt 0.1249608 0.9191546
vt 0.0797397 0.9191546
vt 0.1924881 0.6902578
vt 0.1924881 0.6818693
vt 0.2377397 0.6818693
vt 0.2377397 0.6902578
vt 0.1924881 0.7040362
vt 0.2377397 0.7040362
vt 0.1460122 0.7003149
vt 0.1379088 0.6966420
vt 0.1395268 0.7125138
vt 0.1308864 0.7103603
vt 0.2839507 0.9432189
vt 0.2839507 0.9784212
vt 0.1953626 0.6718194
vt 0.2348652 0.6718194
vt 0.0237355 0.7561353
vt 0.0272477 0.7695117
vt 0.1617864 0.6850737
vt 0.1652508 0.6719297
vt 0.3116800 0.7866616
vt 0.2868924 0.7866237
vt 0.2838618 0.7772263
vt 0.3133949 0.7772712
vt 0.0650996 0.7473724
vt 0.0833671 0.7515008
vt 0.0775050 0.7658070
vt 0.0658310 0.7626207
vt 0.2048790 0.9586942
vt 0.2048790 0.9969646
vt 0.1927827 0.9971485
vt 0.1927827 0.9588782
vt 0.1710868 0.7554962
vt 0.1893117 0.7511865
vt 0.1890145 0.7676813
vt 0.1773592 0.7709329
vt 0.1139852 0.7473890
vt 0.1252535 0.7497714
vt 0.1225116 0.7609707
vt 0.1102760 0.7597474
vt 0.3133481 0.7699566
vt 0.2838150 0.7699115
vt 0.2838150 0.7511865
vt 0.3133481 0.7512314
vt 0.3304144 0.7593274
vt 0.3304145 0.7889521
vt 0.3168958 0.7964266
vt 0.3168958 0.7511865
vt 0.0007617 0.9480751
vt 0.0007616 0.9327270
vt 0.0114747 0.9261703
vt 0.0114747 0.9541751
vt 0.2906097 0.8496744
vt 0.2906097 0.8259900
vt 0.3027843 0.8242362
vt 0.3027843 0.8527825
vt 0.1289533 0.7531629
vt 0.1403273 0.7511865
vt 0.1444311 0.7646914
vt 0.1320265 0.7653025
vt 0.1638421 0.7566849
vt 0.1687265 0.7731174
vt 0.3072509 0.8102074
vt 0.2919541 0.8101841
vt 0.2900642 0.7986720
vt 0.3090534 0.7987009
vt 0.0683222 0.8044933
vt 0.0759758 0.8018346
vt 0.0809046 0.8152654
vt 0.0733241 0.8198320
vt 0.0906377 0.7525638
vt 0.0861554 0.7679204
vt 0.2380344 0.8973252
vt 0.1927828 0.8973252
vt 0.1927828 0.8910135
vt 0.2380343 0.8910136
vt 0.2380343 0.9093484
vt 0.1927827 0.9093483
vt 0.1783191 0.8035811
vt 0.1858866 0.8057579
vt 0.1806753 0.8198321
vt 0.1732102 0.8159215
vt 0.1803228 0.7763761
vt 0.1721989 0.7799468
vt 0.1870785 0.7888420
vt 0.1784459 0.7910265
vt 0.2869767 0.8369428
vt 0.2417366 0.8369427
vt 0.2415352 0.8233329
vt 0.2867754 0.8233329
vt 0.2870107 0.8771636
vt 0.2417706 0.8771635
vt 0.2418007 0.8703787
vt 0.2870408 0.8703789
vt 0.2418687 0.8548499
vt 0.2871088 0.8548500
vt 0.2380343 0.9451435
vt 0.1927827 0.9451435
vt 0.1927827 0.9367549
vt 0.2380343 0.9367549
vt 0.1927827 0.9229764
vt 0.2380344 0.9229764
vt 0.0825430 0.7755685
vt 0.0744285 0.7719095
vt 0.0760647 0.7879975
vt 0.0674145 0.7858843
vt 0.3143493 0.8233329
vt 0.3143492 0.8567412
vt 0.2351599 0.9551932
vt 0.1956572 0.9551932
vt 0.1528663 0.7516263
vt 0.1565900 0.7656068
vt 0.1015853 0.7473724
vt 0.0982614 0.7601987
vt 0.2804497 0.9067100
vt 0.2793344 0.9161012
vt 0.2547780 0.9160960
vt 0.2511923 0.9067040
vt 0.2510289 0.8806645
vt 0.2510810 0.8993896
vt 0.2415354 0.8971137
vt 0.2415875 0.8850167
vt 0.2204761 0.9937335
vt 0.2083799 0.9935123
vt 0.2083799 0.9586940
vt 0.2204761 0.9589152
vt 0.1889520 0.8397015
vt 0.1772988 0.8429617
vt 0.1710539 0.8276303
vt 0.1892819 0.8233329
vt 0.2581308 0.9281396
vt 0.2600244 0.9396493
vt 0.2523030 0.9396619
vt 0.2492612 0.9274901
vt 0.2802864 0.8806707
vt 0.2803385 0.8993958
vt 0.3303294 0.9397180
vt 0.3168103 0.9313618
vt 0.3168103 0.9017371
vt 0.3303294 0.8944781
vt 0.0007617 0.9012213
vt 0.0114747 0.8946646
vt 0.0114747 0.9226694
vt 0.0007616 0.9165694
vt 0.1746655 0.9780768
vt 0.1624907 0.9810979
vt 0.1624907 0.9551266
vt 0.1746654 0.9565290
vt 0.1443659 0.8367002
vt 0.1319994 0.8374594
vt 0.1289533 0.8254242
vt 0.1402980 0.8233329
vt 0.1686659 0.8451452
vt 0.1638035 0.8287968
vt 0.2769427 0.9281437
vt 0.2751784 0.9396525
vt 0.0466856 0.9825161
vt 0.0539187 0.9810569
vt 0.0602275 0.9901440
vt 0.0532742 0.9928694
vt 0.2415354 0.9060186
vt 0.0149757 0.8379650
vt 0.0149757 0.8316533
vt 0.0602272 0.8316533
vt 0.0602272 0.8379650
vt 0.0149757 0.8499881
vt 0.0602272 0.8499880
vt 0.1785365 0.8767007
vt 0.1861388 0.8790141
vt 0.1810353 0.8935107
vt 0.1735208 0.8894069
vt 0.1803148 0.8486105
vt 0.1722034 0.8522305
vt 0.1871904 0.8615476
vt 0.1785576 0.8637310
vt 0.2868156 0.6718192
vt 0.2866132 0.6854298
vt 0.2413733 0.6854298
vt 0.2415757 0.6718192
vt 0.2865490 0.7188661
vt 0.2865792 0.7256505
vt 0.2413392 0.7256505
vt 0.2413090 0.7188661
vt 0.2864805 0.7033374
vt 0.2412406 0.7033374
vt 0.0149757 0.8857831
vt 0.0149757 0.8773947
vt 0.0602273 0.8773946
vt 0.0602273 0.8857831
vt 0.0149756 0.8636162
vt 0.0602272 0.8636161
vt 0.0514944 0.9572613
vt 0.0602275 0.9590011
vt 0.0575106 0.9639232
vt 0.0491356 0.9611810
vt 0.0524977 0.9718981
vt 0.0437647 0.9701583
vt 0.1509254 0.9851376
vt 0.1509254 0.9547428
vt 0.0178501 0.8958330
vt 0.0573528 0.8958328
vt 0.1564993 0.8375158
vt 0.1528093 0.8236645
vt 0.2459668 0.9159321
vt 0.1854036 0.9581296
vt 0.1781664 0.9561687
vt 0.1781664 0.9313145
vt 0.1854036 0.9285172
vt 0.0771346 0.8426276
vt 0.0654886 0.8393413
vt 0.0650995 0.8233329
vt 0.0833193 0.8276654
vt 0.0762388 0.9375723
vt 0.0641426 0.9374157
vt 0.0641425 0.8970486
vt 0.0762388 0.8972053
vt 0.0601338 0.7011576
vt 0.0482772 0.7035746
vt 0.0431142 0.6877301
vt 0.0615986 0.6847224
vt 0.1224330 0.8372668
vt 0.1100782 0.8364418
vt 0.1141095 0.8233329
vt 0.1254524 0.8254385
vt 0.0406983 0.6744140
vt 0.0591827 0.6714062
vt 0.0934511 1.0000000
vt 0.0797396 0.9916022
vt 0.0797396 0.9619899
vt 0.0934511 0.9547788
vt 0.0114747 0.8531015
vt 0.0007616 0.8596581
vt 0.0007617 0.8316534
vt 0.0114747 0.8377534
vt 0.2652754 0.9714073
vt 0.2531006 0.9745442
vt 0.2531007 0.9444339
vt 0.2652755 0.9464255
vt 0.0158746 0.6950174
vt 0.0034569 0.6947428
vt 0.0012513 0.6824135
vt 0.0127375 0.6812521
vt 0.0395115 0.7051419
vt 0.0358036 0.6884032
vt 0.0000000 0.6755164
vt 0.0111842 0.6726902
vt 0.0807309 0.8894152
vt 0.0731967 0.8935477
vt 0.0681479 0.8789437
vt 0.0757629 0.8766145
vt 0.0857629 0.8448287
vt 0.0905685 0.8288417
vt 0.0333878 0.6750872
vt 0.1927828 0.8296446
vt 0.1927828 0.8233328
vt 0.2380344 0.8233329
vt 0.2380344 0.8296446
vt 0.1927828 0.8416678
vt 0.2380344 0.8416678
vt 0.0481085 0.7525232
vt 0.0409405 0.7481007
vt 0.0469136 0.7361672
vt 0.0543068 0.7388699
vt 0.0508463 0.7092063
vt 0.0424893 0.7121905
vt 0.0566983 0.7221018
vt 0.0479327 0.7236691
vt 0.1289533 0.9512420
vt 0.1292584 0.9372601
vt 0.1744797 0.9372601
vt 0.1741746 0.9512419
vt 0.1293094 0.9037327
vt 0.1292500 0.8970116
vt 0.1744713 0.8970116
vt 0.1745307 0.9037327
vt 0.1294443 0.9191169
vt 0.1746655 0.9191169
vt 0.1927828 0.8774628
vt 0.1927827 0.8690742
vt 0.2380344 0.8690742
vt 0.2380344 0.8774628
vt 0.1927828 0.8552958
vt 0.2380344 0.8552958
vt 0.0821958 0.8519655
vt 0.0740947 0.8483175
vt 0.0757931 0.8635493
vt 0.0671648 0.8613482
vt 0.2415354 0.9784014
vt 0.2415354 0.9431627
vt 0.0252145 0.6825827
vt 0.0231868 0.6714062
vt 0.1956573 0.8875126
vt 0.2351599 0.8875126
vt 0.0279386 0.6967952
vt 0.0979507 0.8372032
vt 0.1015895 0.8236698
vt 0.2435559 0.7866337
vt 0.2415652 0.7772418
vt 0.2711392 0.7772260
vt 0.2683779 0.7866205
vt 0.0775086 0.6898301
vt 0.0658343 0.6866443
vt 0.0650995 0.6714064
vt 0.0833673 0.6755335
vt 0.0149757 0.9572613
vt 0.0270720 0.9574395
vt 0.0270720 0.9961652
vt 0.0149757 0.9959869
vt 0.2802838 0.7555329
vt 0.2803099 0.7676299
vt 0.2711799 0.7699116
vt 0.2711918 0.7511865
vt 0.1225117 0.6850034
vt 0.1102773 0.6837756
vt 0.1139833 0.6714271
vt 0.1252509 0.6738125
vt 0.2416058 0.7699273
vt 0.2416178 0.7512021
vt 0.3111916 0.9505878
vt 0.3250092 0.9432189
vt 0.3250092 0.9884704
vt 0.3111916 0.9802200
vt 0.1781665 0.8970116
vt 0.1888796 0.9031116
vt 0.1888796 0.9184598
vt 0.1781665 0.9250163
vt 0.3018816 0.6928234
vt 0.3140560 0.6946269
vt 0.3140560 0.7185930
vt 0.3018816 0.7217094
vt 0.2737765 0.7980108
vt 0.2708328 0.8101838
vt 0.2636180 0.8101757
vt 0.2654105 0.7986655
vt 0.2803141 0.7765346
vt 0.2483000 0.8101838
vt 0.2463950 0.7986755
vt 0.0809075 0.7393027
vt 0.0733268 0.7438716
vt 0.0683250 0.7285292
vt 0.0759789 0.7258686
vt 0.0861590 0.6919429
vt 0.0906381 0.6765958
vt 0.1928127 0.8153661
vt 0.1928127 0.8090546
vt 0.2380643 0.8090546
vt 0.2380643 0.8153661
vt 0.1928127 0.7970313
vt 0.2380643 0.7970314
vt 0.1359323 0.9941022
vt 0.1289534 0.9908005
vt 0.1352853 0.9809948
vt 0.1425451 0.9829060
vt 0.1400861 0.9591795
vt 0.1316803 0.9618745
vt 0.1289534 0.9563130
vt 0.1377186 0.9547428
vt 0.1454767 0.9693402
vt 0.1367115 0.9709104
vt 0.0602274 0.9395619
vt 0.0602272 0.9537603
vt 0.0149756 0.9537604
vt 0.0149759 0.9395619
vt 0.0602274 0.8993338
vt 0.0602274 0.9060093
vt 0.0149759 0.9060093
vt 0.0149758 0.8993338
vt 0.0602275 0.9212902
vt 0.0149759 0.9212902
vt 0.1928127 0.7696248
vt 0.1928127 0.7612363
vt 0.2380643 0.7612363
vt 0.2380643 0.7696248
vt 0.1928127 0.7834032
vt 0.2380643 0.7834032
vt 0.0825465 0.6995937
vt 0.0744319 0.6959347
vt 0.0760680 0.7120273
vt 0.0674176 0.7099146
vt 0.2903166 0.6918448
vt 0.2903166 0.7256507
vt 0.1956872 0.7511865
vt 0.2351899 0.7511865
vt 0.2768203 0.7864512
vt 0.0982639 0.6842229
vt 0.1015847 0.6714064
vt 0.2638710 0.2296238
vt 0.2609283 0.2380089
vt 0.2397233 0.2374774
vt 0.2411192 0.2300938
vt 0.2624005 0.0329070
vt 0.2623978 0.0000000
vt 0.2830716 0.0002261
vt 0.2827125 0.0331286
vt 0.2642794 0.1999397
vt 0.2418008 0.1988616
vt 0.2622198 0.1914558
vt 0.2406519 0.1910027
vt 0.1232028 0.2013329
vt 0.1236666 0.1934808
vt 0.4004957 0.0048258
vt 0.4005375 0.0339005
vt 0.1228934 0.2258892
vt 0.1225642 0.2333872
vt 0.4169784 0.2321876
vt 0.4160116 0.2241615
vt 0.4368416 0.2258202
vt 0.4389310 0.2341338
vt 0.4677528 0.2285163
vt 0.4693528 0.2366076
vt 0.4160782 0.2196723
vt 0.4179179 0.2117767
vt 0.4400869 0.2132492
vt 0.4367587 0.2211232
vt 0.4705052 0.2155014
vt 0.4677018 0.2232895
vt 0.1177866 0.0225967
vt 0.1183926 0.0277685
vt 0.0981163 0.0326298
vt 0.0975164 0.0280025
vt 0.0698873 0.0387765
vt 0.0692506 0.0338650
vt 0.4059648 0.0322697
vt 0.4068841 0.0080320
vt 0.4128864 0.0120026
vt 0.4120224 0.0301887
vt 0.1155136 0.1962743
vt 0.1160764 0.2028887
vt 0.1088292 0.2056276
vt 0.1074611 0.1997294
vt 0.1156280 0.2246858
vt 0.1090262 0.2235017
vt 0.1157925 0.2329839
vt 0.1081031 0.2315204
vt 0.2934165 0.2272010
vt 0.2925930 0.2356208
vt 0.2753005 0.2354048
vt 0.2805200 0.2273545
vt 0.3064202 0.2285876
vt 0.3089041 0.2362508
vt 0.2335423 0.0326802
vt 0.2318240 0.0031811
vt 0.2475052 0.0009459
vt 0.2492372 0.0327588
vt 0.2185901 0.0329400
vt 0.2170702 0.0060596
vt 0.2925259 0.2051420
vt 0.2795540 0.2033057
vt 0.3076583 0.2057858
vt 0.2941053 0.1981585
vt 0.2775514 0.1954302
vt 0.3104984 0.2004944
vt 0.3300149 0.2272255
vt 0.3333105 0.2074977
vt 0.3334736 0.2340889
vt 0.1940937 0.0076087
vt 0.1952883 0.0291867
vt 0.3348986 0.2024174
vt 0.3671146 0.2315993
vt 0.3668297 0.2236626
vt 0.3777875 0.2231258
vt 0.3814254 0.2307419
vt 0.3567946 0.2242790
vt 0.3552692 0.2313298
vt 0.1718213 0.0111513
vt 0.1744708 0.0266486
vt 0.1639322 0.0259206
vt 0.1618080 0.0143174
vt 0.1510839 0.0241804
vt 0.1496017 0.0167492
vt 0.3569376 0.2121094
vt 0.3675521 0.2154731
vt 0.3789244 0.2172678
vt 0.3583900 0.2070878
vt 0.3693484 0.2096967
vt 0.3827863 0.2107700
vt 0.3950820 0.2189474
vt 0.3948024 0.2229753
vt 0.3947399 0.2306185
vt 0.1389251 0.0245423
vt 0.1383131 0.0188260
vt 0.3954265 0.2110059
vt 0.5248132 0.2321743
vt 0.5248395 0.2278037
vt 0.5374273 0.2290825
vt 0.5372592 0.2327543
vt 0.5468700 0.2288693
vt 0.5465981 0.2331892
vt 0.5311439 0.2398985
vt 0.5422118 0.2419178
vt 0.5172179 0.2397172
vt 0.5211706 0.2193169
vt 0.5348275 0.2216977
vt 0.5455632 0.2214214
vt 0.0223886 0.0443513
vt 0.0253741 0.0479943
vt 0.0128095 0.0508018
vt 0.0096898 0.0472687
vt 0.0028699 0.0522338
vt 0.0000000 0.0489956
vt 0.0002333 0.2327710
vt 0.0000000 0.2281382
vt 0.0091130 0.2265583
vt 0.0093850 0.2308190
vt 0.0019285 0.2202432
vt 0.0116423 0.2214417
vt 0.5024408 0.0479280
vt 0.5020139 0.0522338
vt 0.4932255 0.0459754
vt 0.4952038 0.0433766
vt 0.0150342 0.2359937
vt 0.0042081 0.2419178
vt 0.4261398 0.0287027
vt 0.4210838 0.0283067
vt 0.4226600 0.0172269
vt 0.4273594 0.0192766
vt 0.4157721 0.0291613
vt 0.4179210 0.0147570
vt 0.0887481 0.2059302
vt 0.0947748 0.2045454
vt 0.0955861 0.2094451
vt 0.0902403 0.2103580
vt 0.1009952 0.2024195
vt 0.1008283 0.2078122
vt 0.0964433 0.2224236
vt 0.0912568 0.2229260
vt 0.1017419 0.2228073
vt 0.0967289 0.2296759
vt 0.0905916 0.2296826
vt 0.1033936 0.2306803
vt 0.2859417 0.1752204
vt 0.2829991 0.1668354
vt 0.3057509 0.1673054
vt 0.3071468 0.1746889
vt 0.2400430 0.0641071
vt 0.2400403 0.0970141
vt 0.2197283 0.0972358
vt 0.2193692 0.0643333
vt 0.2825907 0.1371512
vt 0.3050692 0.1360732
vt 0.2846502 0.1286674
vt 0.3062182 0.1282142
vt 0.4232035 0.1306923
vt 0.4236673 0.1385444
vt 0.1019033 0.0980076
vt 0.1019451 0.0689330
vt 0.4239767 0.1631007
vt 0.4243058 0.1705987
vt 0.1308585 0.1613731
vt 0.1298917 0.1693991
vt 0.1079392 0.1713454
vt 0.1100285 0.1630318
vt 0.0775174 0.1738191
vt 0.0791173 0.1657279
vt 0.1289522 0.1489883
vt 0.1307919 0.1568838
vt 0.1101114 0.1583347
vt 0.1067832 0.1504608
vt 0.0791683 0.1605011
vt 0.0763649 0.1527129
vt 0.3840483 0.0918756
vt 0.3846543 0.0867039
vt 0.4049244 0.0921096
vt 0.4043246 0.0967370
vt 0.4331903 0.0979720
vt 0.4325536 0.1028836
vt 0.0955567 0.0721391
vt 0.0964761 0.0963768
vt 0.0904184 0.0942959
vt 0.0895545 0.0761096
vt 0.4307937 0.1401002
vt 0.4313565 0.1334858
vt 0.4394090 0.1369410
vt 0.4380409 0.1428391
vt 0.4312421 0.1618974
vt 0.4378439 0.1607132
vt 0.4310775 0.1701954
vt 0.4387670 0.1687319
vt 0.2542771 0.1728324
vt 0.2534536 0.1644125
vt 0.2663501 0.1645660
vt 0.2715695 0.1726164
vt 0.2404499 0.1657991
vt 0.2379659 0.1734624
vt 0.2706169 0.0672883
vt 0.2688985 0.0967873
vt 0.2532036 0.0968660
vt 0.2549357 0.0650530
vt 0.2853706 0.0701668
vt 0.2838508 0.0970472
vt 0.2543443 0.1423536
vt 0.2673160 0.1405172
vt 0.2392118 0.1429973
vt 0.2527648 0.1353701
vt 0.2693187 0.1326417
vt 0.2363717 0.1377060
vt 0.2168552 0.1644370
vt 0.2135596 0.1447093
vt 0.2133965 0.1713005
vt 0.3083471 0.0717157
vt 0.3071525 0.0932938
vt 0.2119715 0.1396289
vt 0.1800404 0.1608742
vt 0.1797555 0.1688110
vt 0.1654447 0.1679534
vt 0.1690826 0.1603373
vt 0.1900755 0.1614906
vt 0.1916009 0.1685414
vt 0.3279701 0.0907557
vt 0.3306195 0.0752584
vt 0.3406328 0.0784245
vt 0.3385086 0.0900277
vt 0.3528391 0.0808563
vt 0.3513570 0.0882875
vt 0.1899326 0.1493211
vt 0.1793180 0.1526846
vt 0.1679457 0.1544793
vt 0.1884801 0.1442994
vt 0.1775217 0.1469082
vt 0.1640838 0.1479815
vt 0.1520677 0.1601868
vt 0.1517882 0.1561590
vt 0.1521302 0.1678300
vt 0.3641277 0.0829331
vt 0.3635158 0.0886494
vt 0.1514436 0.1482174
vt 0.0220305 0.1650152
vt 0.0220569 0.1693858
vt 0.0096109 0.1699659
vt 0.0094427 0.1662941
vt 0.0002720 0.1704007
vt 0.0000000 0.1660809
vt 0.0157261 0.1771101
vt 0.0046583 0.1791294
vt 0.0296523 0.1769288
vt 0.0256995 0.1565285
vt 0.0120426 0.1589093
vt 0.0013069 0.1586329
vt 0.4770668 0.1121013
vt 0.4800522 0.1084585
vt 0.4927510 0.1113758
vt 0.4896314 0.1149089
vt 0.5024408 0.1131027
vt 0.4995709 0.1163409
vt 0.5468700 0.1653497
vt 0.5466367 0.1699825
vt 0.5374850 0.1680306
vt 0.5377570 0.1637698
vt 0.5449414 0.1574547
vt 0.5352278 0.1586533
vt 0.0004269 0.1163409
vt 0.0000000 0.1120350
vt 0.0072370 0.1074837
vt 0.0092154 0.1100825
vt 0.5426619 0.1791293
vt 0.5318358 0.1732052
vt 0.0813570 0.0924138
vt 0.0763011 0.0928099
vt 0.0750814 0.0833837
vt 0.0797809 0.0813340
vt 0.0845199 0.0788642
vt 0.0866688 0.0932685
vt 0.4520952 0.1417569
vt 0.4581220 0.1431417
vt 0.4566298 0.1475695
vt 0.4512840 0.1466565
vt 0.4458748 0.1396310
vt 0.4460418 0.1450238
vt 0.4504268 0.1596351
vt 0.4556133 0.1601375
vt 0.4451282 0.1600188
vt 0.4562785 0.1668941
vt 0.4501412 0.1668875
vt 0.4434765 0.1678918
vt 0.1084603 0.8860891
vt 0.1048981 0.8953047
vt 0.0850619 0.8817243
vt 0.0064123 0.8561849
vt 0.0168774 0.8561589
vt 0.0174910 0.8681197
vt 0.0065846 0.8677941
vt 0.1084603 0.8762092
vt 0.0061476 0.8449311
vt 0.0160989 0.8443186
vt 0.0983159 0.8603444
vt 0.1048981 0.8671687
vt 0.0983160 0.9024528
vt 0.0897161 0.9064450
vt 0.0804077 0.9066738
vt 0.0718078 0.9031043
vt 0.0652258 0.8962799
vt 0.0616636 0.8872395
vt 0.0616636 0.8773594
vt 0.0652258 0.8681440
vt 0.0718078 0.8609959
vt 0.0804077 0.8570037
vt 0.0897161 0.8567748
vt 0.0152453 0.9739353
vt 0.0048356 0.9725519
vt 0.0061476 0.9615338
vt 0.0160989 0.9621463
vt 0.0138162 0.9859880
vt 0.0030102 0.9835818
vt 0.0468299 0.9615258
vt 0.0465684 0.9737005
vt 0.0468086 0.9862081
vt 0.0113217 0.9988624
vt 0.0483800 1.0000000
vt 0.0000000 0.9943413
vt 0.0138162 0.8204769
vt 0.0113217 0.8076025
vt 0.0483799 0.8064648
vt 0.0468087 0.8202568
vt 0.0030102 0.8228832
vt 0.0000000 0.8121235
vt 0.0152453 0.8325296
vt 0.0465683 0.8327645
vt 0.0048355 0.8339131
vt 0.0468299 0.8449392
vt 0.0472641 0.8570075
vt 0.0580310 0.8338369
vt 0.0577970 0.8455375
vt 0.0577779 0.8571797
vt 0.0616636 0.8258991
vt 0.0652257 0.8168588
vt 0.0850620 0.8314142
vt 0.0616636 0.8357792
vt 0.0718077 0.8100343
vt 0.0804076 0.8064647
vt 0.0983159 0.8106858
vt 0.1048981 0.8178337
vt 0.1084603 0.8270493
vt 0.1048981 0.8459697
vt 0.0983162 0.8527941
vt 0.0897163 0.8563638
vt 0.0652258 0.8449947
vt 0.0718080 0.8521427
vt 0.0897160 0.8066936
vt 0.1084603 0.8369292
vt 0.0804078 0.8561350
vt 0.0478250 0.8688129
vt 0.0578109 0.8684946
vt 0.0587782 0.8797142
vt 0.0482415 0.8803820
vt 0.0597389 0.8912472
vt 0.0486324 0.8918264
vt 0.0180443 0.8799589
vt 0.0184828 0.8916095
vt 0.0187706 0.9032325
vt 0.0487335 0.9032325
vt 0.0605935 0.9032326
vt 0.0184827 0.9148554
vt 0.0486324 0.9146386
vt 0.0597389 0.9152177
vt 0.0180443 0.9265061
vt 0.0482415 0.9260829
vt 0.0587782 0.9267508
vt 0.0174910 0.9383453
vt 0.0478250 0.9376522
vt 0.0578109 0.9379703
vt 0.0168774 0.9503061
vt 0.0472642 0.9494575
vt 0.0577779 0.9492853
vt 0.0577970 0.9609274
vt 0.0580310 0.9726279
vt 0.0064123 0.9502800
vt 0.0065846 0.9386709
vt 0.0066837 0.9269546
vt 0.0065969 0.9152046
vt 0.0061681 0.9032326
vt 0.0065969 0.8912603
vt 0.0066837 0.8795103
vt 0.0589040 0.9842538
vt 0.0612525 0.9957487
vt 0.0612525 0.8107162
vt 0.0589040 0.8222111
vt 0.1084603 0.8860891
vt 0.1048981 0.8953047
vt 0.0850619 0.8817243
vt 0.0174910 0.8681197
vt 0.0065846 0.8677941
vt 0.0064123 0.8561849
vt 0.0168774 0.8561589
vt 0.1084603 0.8762092
vt 0.0061476 0.8449311
vt 0.0160989 0.8443186
vt 0.0983159 0.8603444
vt 0.1048981 0.8671687
vt 0.0983160 0.9024528
vt 0.0897161 0.9064450
vt 0.0804077 0.9066738
vt 0.0718078 0.9031043
vt 0.0652258 0.8962799
vt 0.0616636 0.8872395
vt 0.0616636 0.8773594
vt 0.0652258 0.8681440
vt 0.0718078 0.8609959
vt 0.0804077 0.8570037
vt 0.0897161 0.8567748
vt 0.0061476 0.9615338
vt 0.0160989 0.9621463
vt 0.0152453 0.9739353
vt 0.0048356 0.9725519
vt 0.0138162 0.9859880
vt 0.0030102 0.9835818
vt 0.0468299 0.9615258
vt 0.0465684 0.9737005
vt 0.0468086 0.9862081
vt 0.0483800 1.0000000
vt 0.0113217 0.9988624
vt 0.0000000 0.9943413
vt 0.0468087 0.8202568
vt 0.0138162 0.8204769
vt 0.0113217 0.8076025
vt 0.0483799 0.8064648
vt 0.0030102 0.8228832
vt 0.0000000 0.8121235
vt 0.0465683 0.8327645
vt 0.0152453 0.8325296
vt 0.0048355 0.8339131
vt 0.0468299 0.8449392
vt 0.0472641 0.8570075
vt 0.0577970 0.8455375
vt 0.0580310 0.8338369
vt 0.0577779 0.8571797
vt 0.0616636 0.8258991
vt 0.0652257 0.8168588
vt 0.0850620 0.8314142
vt 0.0616636 0.8357792
vt 0.0718077 0.8100343
vt 0.0804076 0.8064647
vt 0.0983159 0.8106858
vt 0.1048981 0.8178337
vt 0.1084603 0.8270493
vt 0.1048981 0.8459697
vt 0.0983162 0.8527941
vt 0.0897163 0.8563638
vt 0.0652258 0.8449947
vt 0.0718080 0.8521427
vt 0.0897160 0.8066936
vt 0.1084603 0.8369292
vt 0.0804078 0.8561350
vt 0.0587782 0.8797142
vt 0.0482415 0.8803820
vt 0.0478250 0.8688129
vt 0.0578109 0.8684946
vt 0.0597389 0.8912472
vt 0.0486324 0.8918264
vt 0.0180443 0.8799589
vt 0.0184828 0.8916095
vt 0.0487335 0.9032325
vt 0.0187706 0.9032325
vt 0.0605935 0.9032326
vt 0.0486324 0.9146386
vt 0.0184827 0.9148554
vt 0.0597389 0.9152177
vt 0.0482415 0.9260829
vt 0.0180443 0.9265061
vt 0.0587782 0.9267508
vt 0.0478250 0.9376522
vt 0.0174910 0.9383453
vt 0.0578109 0.9379703
vt 0.0472642 0.9494575
vt 0.0168774 0.9503061
vt 0.0577779 0.9492853
vt 0.0577970 0.9609274
vt 0.0580310 0.9726279
vt 0.0065846 0.9386709
vt 0.0064123 0.9502800
vt 0.0066837 0.9269546
vt 0.0065969 0.9152046
vt 0.0061681 0.9032326
vt 0.0065969 0.8912603
vt 0.0066837 0.8795103
vt 0.0589040 0.9842538
vt 0.0612525 0.9957487
vt 0.0612525 0.8107162
vt 0.0589040 0.8222111
vt 0.1084603 0.8860891
vt 0.1048981 0.8953047
vt 0.0850619 0.8817243
vt 0.0168774 0.8561589
vt 0.0174910 0.8681197
vt 0.0065846 0.8677941
vt 0.0064123 0.8561849
vt 0.1084603 0.8762092
vt 0.0160989 0.8443186
vt 0.0061476 0.8449311
vt 0.0983159 0.8603444
vt 0.1048981 0.8671687
vt 0.0983160 0.9024528
vt 0.0897161 0.9064450
vt 0.0804077 0.9066738
vt 0.0718078 0.9031043
vt 0.0652258 0.8962799
vt 0.0616636 0.8872395
vt 0.0616636 0.8773594
vt 0.0652258 0.8681440
vt 0.0718078 0.8609959
vt 0.0804077 0.8570037
vt 0.0897161 0.8567748
vt 0.0160989 0.9621463
vt 0.0152453 0.9739353
vt 0.0048356 0.9725519
vt 0.0061476 0.9615338
vt 0.0138162 0.9859880
vt 0.0030102 0.9835818
vt 0.0468299 0.9615258
vt 0.0465684 0.9737005
vt 0.0468086 0.9862081
vt 0.0483800 1.0000000
vt 0.0113217 0.9988624
vt 0.0000000 0.9943413
vt 0.0483799 0.8064648
vt 0.0468087 0.8202568
vt 0.0138162 0.8204769
vt 0.0113217 0.8076025
vt 0.0030102 0.8228832
vt 0.0000000 0.8121235
vt 0.0465683 0.8327645
vt 0.0152453 0.8325296
vt 0.0048355 0.8339131
vt 0.0468299 0.8449392
vt 0.0472641 0.8570075
vt 0.0580310 0.8338369
vt 0.0577970 0.8455375
vt 0.0577779 0.8571797
vt 0.0616636 0.8258991
vt 0.0652257 0.8168588
vt 0.0850620 0.8314142
vt 0.0616636 0.8357792
vt 0.0718077 0.8100343
vt 0.0804076 0.8064647
vt 0.0983159 0.8106858
vt 0.1048981 0.8178337
vt 0.1084603 0.8270493
vt 0.1048981 0.8459697
vt 0.0983162 0.8527941
vt 0.0897163 0.8563638
vt 0.0652258 0.8449947
vt 0.0718080 0.8521427
vt 0.0897160 0.8066936
vt 0.1084603 0.8369292
vt 0.0804078 0.8561350
vt 0.0578109 0.8684946
vt 0.0587782 0.8797142
vt 0.0482415 0.8803820
vt 0.0478250 0.8688129
vt 0.0597389 0.8912472
vt 0.0486324 0.8918264
vt 0.0180443 0.8799589
vt 0.0184828 0.8916095
vt 0.0487335 0.9032325
vt 0.0187706 0.9032325
vt 0.0605935 0.9032326
vt 0.0486324 0.9146386
vt 0.0184827 0.9148554
vt 0.0597389 0.9152177
vt 0.0482415 0.9260829
vt 0.0180443 0.9265061
vt 0.0587782 0.9267508
vt 0.0478250 0.9376522
vt 0.0174910 0.9383453
vt 0.0578109 0.9379703
vt 0.0472642 0.9494575
vt 0.0168774 0.9503061
vt 0.0577779 0.9492853
vt 0.0577970 0.9609274
vt 0.0580310 0.9726279
vt 0.0064123 0.9502800
vt 0.0065846 0.9386709
vt 0.0066837 0.9269546
vt 0.0065969 0.9152046
vt 0.0061681 0.9032326
vt 0.0065969 0.8912603
vt 0.0066837 0.8795103
vt 0.0589040 0.9842538
vt 0.0612525 0.9957487
vt 0.0612525 0.8107162
vt 0.0589040 0.8222111
vt 0.1084603 0.8860891
vt 0.1048981 0.8953047
vt 0.0850619 0.8817243
vt 0.0064123 0.8561849
vt 0.0168774 0.8561589
vt 0.0174910 0.8681197
vt 0.0065846 0.8677941
vt 0.1084603 0.8762092
vt 0.0061476 0.8449311
vt 0.0160989 0.8443186
vt 0.0983159 0.8603444
vt 0.1048981 0.8671687
vt 0.0983160 0.9024528
vt 0.0897161 0.9064450
vt 0.0804077 0.9066738
vt 0.0718078 0.9031043
vt 0.0652258 0.8962799
vt 0.0616636 0.8872395
vt 0.0616636 0.8773594
vt 0.0652258 0.8681440
vt 0.0718078 0.8609959
vt 0.0804077 0.8570037
vt 0.0897161 0.8567748
vt 0.0152453 0.9739353
vt 0.0048356 0.9725519
vt 0.0061476 0.9615338
vt 0.0160989 0.9621463
vt 0.0138162 0.9859880
vt 0.0030102 0.9835818
vt 0.0468299 0.9615258
vt 0.0465684 0.9737005
vt 0.0468086 0.9862081
vt 0.0483800 1.0000000
vt 0.0113217 0.9988624
vt 0.0000000 0.9943413
vt 0.0483799 0.8064648
vt 0.0468087 0.8202568
vt 0.0138162 0.8204769
vt 0.0113217 0.8076025
vt 0.0030102 0.8228832
vt 0.0000000 0.8121235
vt 0.0465683 0.8327645
vt 0.0152453 0.8325296
vt 0.0048355 0.8339131
vt 0.0468299 0.8449392
vt 0.0472641 0.8570075
vt 0.0580310 0.8338369
vt 0.0577970 0.8455375
vt 0.0577779 0.8571797
vt 0.0616636 0.8258991
vt 0.0652257 0.8168588
vt 0.0850620 0.8314142
vt 0.0616636 0.8357792
vt 0.0718077 0.8100343
vt 0.0804076 0.8064647
vt 0.0983159 0.8106858
vt 0.1048981 0.8178337
vt 0.1084603 0.8270493
vt 0.1048981 0.8459697
vt 0.0983162 0.8527941
vt 0.0897163 0.8563638
vt 0.0652258 0.8449947
vt 0.0718080 0.8521427
vt 0.0897160 0.8066936
vt 0.1084603 0.8369292
vt 0.0804078 0.8561350
vt 0.0478250 0.8688129
vt 0.0578109 0.8684946
vt 0.0587782 0.8797142
vt 0.0482415 0.8803820
vt 0.0597389 0.8912472
vt 0.0486324 0.8918264
vt 0.0180443 0.8799589
vt 0.0184828 0.8916095
vt 0.0487335 0.9032325
vt 0.0187706 0.9032325
vt 0.0605935 0.9032326
vt 0.0486324 0.9146386
vt 0.0184827 0.9148554
vt 0.0597389 0.9152177
vt 0.0482415 0.9260829
vt 0.0180443 0.9265061
vt 0.0587782 0.9267508
vt 0.0478250 0.9376522
vt 0.0174910 0.9383453
vt 0.0578109 0.9379703
vt 0.0472642 0.9494575
vt 0.0168774 0.9503061
vt 0.0577779 0.9492853
vt 0.0577970 0.9609274
vt 0.0580310 0.9726279
vt 0.0064123 0.9502800
vt 0.0065846 0.9386709
vt 0.0066837 0.9269546
vt 0.0065969 0.9152046
vt 0.0061681 0.9032326
vt 0.0065969 0.8912603
vt 0.0066837 0.8795103
vt 0.0589040 0.9842538
vt 0.0612525 0.9957487
vt 0.0612525 0.8107162
vt 0.0589040 0.8222111
vt 0.1084603 0.8860891
vt 0.1048981 0.8953047
vt 0.0850619 0.8817243
vt 0.0065846 0.8677941
vt 0.0064123 0.8561849
vt 0.0168774 0.8561589
vt 0.0174910 0.8681197
vt 0.1084603 0.8762092
vt 0.0061476 0.8449311
vt 0.0160989 0.8443186
vt 0.0983159 0.8603444
vt 0.1048981 0.8671687
vt 0.0983160 0.9024528
vt 0.0897161 0.9064450
vt 0.0804077 0.9066738
vt 0.0718078 0.9031043
vt 0.0652258 0.8962799
vt 0.0616636 0.8872395
vt 0.0616636 0.8773594
vt 0.0652258 0.8681440
vt 0.0718078 0.8609959
vt 0.0804077 0.8570037
vt 0.0897161 0.8567748
vt 0.0048356 0.9725519
vt 0.0061476 0.9615338
vt 0.0160989 0.9621463
vt 0.0152453 0.9739353
vt 0.0030102 0.9835818
vt 0.0138162 0.9859880
vt 0.0468299 0.9615258
vt 0.0465684 0.9737005
vt 0.0468086 0.9862081
vt 0.0113217 0.9988624
vt 0.0483800 1.0000000
vt 0.0000000 0.9943413
vt 0.0138162 0.8204769
vt 0.0113217 0.8076025
vt 0.0483799 0.8064648
vt 0.0468087 0.8202568
vt 0.0030102 0.8228832
vt 0.0000000 0.8121235
vt 0.0152453 0.8325296
vt 0.0465683 0.8327645
vt 0.0048355 0.8339131
vt 0.0468299 0.8449392
vt 0.0472641 0.8570075
vt 0.0580310 0.8338369
vt 0.0577970 0.8455375
vt 0.0577779 0.8571797
vt 0.0616636 0.8258991
vt 0.0652257 0.8168588
vt 0.0850620 0.8314142
vt 0.0616636 0.8357792
vt 0.0718077 0.8100343
vt 0.0804076 0.8064647
vt 0.0983159 0.8106858
vt 0.1048981 0.8178337
vt 0.1084603 0.8270493
vt 0.1048981 0.8459697
vt 0.0983162 0.8527941
vt 0.0897163 0.8563638
vt 0.0652258 0.8449947
vt 0.0718080 0.8521427
vt 0.0897160 0.8066936
vt 0.1084603 0.8369292
vt 0.0804078 0.8561350
vt 0.0482415 0.8803820
vt 0.0478250 0.8688129
vt 0.0578109 0.8684946
vt 0.0587782 0.8797142
vt 0.0486324 0.8918264
vt 0.0597389 0.8912472
vt 0.0180443 0.8799589
vt 0.0184828 0.8916095
vt 0.0187706 0.9032325
vt 0.0487335 0.9032325
vt 0.0605935 0.9032326
vt 0.0184827 0.9148554
vt 0.0486324 0.9146386
vt 0.0597389 0.9152177
vt 0.0180443 0.9265061
vt 0.0482415 0.9260829
vt 0.0587782 0.9267508
vt 0.0174910 0.9383453
vt 0.0478250 0.9376522
vt 0.0578109 0.9379703
vt 0.0168774 0.9503061
vt 0.0472642 0.9494575
vt 0.0577779 0.9492853
vt 0.0577970 0.9609274
vt 0.0580310 0.9726279
vt 0.0064123 0.9502800
vt 0.0065846 0.9386709
vt 0.0066837 0.9269546
vt 0.0065969 0.9152046
vt 0.0061681 0.9032326
vt 0.0065969 0.8912603
vt 0.0066837 0.8795103
vt 0.0589040 0.9842538
vt 0.0612525 0.9957487
vt 0.0612525 0.8107162
vt 0.0589040 0.8222111
vt 0.5104555 0.8972337
vt 0.5104555 0.8759170
vt 0.5593788 0.8759170
vt 0.5593788 0.8972337
vt 0.8909730 0.6634901
vt 0.8909730 0.7124131
vt 0.8656961 0.7124131
vt 0.8656961 0.6634901
vt 0.5238457 0.7435753
vt 0.5238457 0.7222579
vt 0.5727690 0.7222579
vt 0.5727690 0.7435753
vt 0.5208846 0.8589014
vt 0.5208846 0.8099784
vt 0.5461615 0.8099784
vt 0.5461615 0.8589014
vt 0.8177637 1.0000000
vt 0.8177637 0.9786795
vt 0.8430403 0.9786795
vt 0.8430403 1.0000000
vt 0.4837108 0.9059276
vt 0.5050309 0.9059276
vt 0.5050309 0.9312044
vt 0.4837108 0.9312044
vt 0.5727690 0.6194923
vt 0.5896698 0.6194923
vt 0.5896698 0.7222579
vt 0.5896698 0.7435753
vt 0.8909730 0.7293139
vt 0.8656961 0.7293139
vt 0.5762799 0.8759170
vt 0.5762799 0.8972337
vt 0.5298638 0.9823668
vt 0.5129629 0.9823668
vt 0.5129629 0.9465518
vt 0.5298638 0.9465518
vt 0.7153016 0.8973094
vt 0.7100328 0.9999999
vt 0.6847561 0.9999999
vt 0.6794864 0.8973094
vt 0.5762799 1.0000000
vt 0.5593788 1.0000000
vt 0.8124946 0.8759890
vt 0.8483096 0.8759890
vt 0.4188548 0.3878855
vt 0.2632915 0.4294321
vt 0.2466050 0.4142447
vt 0.4314160 0.3682793
vt 0.2674159 0.5958802
vt 0.2466050 0.6145939
vt 0.5244379 0.6226658
vt 0.5207962 0.6525751
vt 0.5453252 0.6129411
vt 0.3287826 0.6455387
vt 0.3287826 0.6586348
vt 0.2465869 0.6586348
vt 0.2465869 0.6455387
vt 0.1617792 0.4424817
vt 0.0795835 0.4424817
vt 0.0142750 0.3771731
vt 0.2270879 0.3771731
vt 0.2270879 0.5899857
vt 0.1617792 0.5246772
vt 0.0142750 0.5899857
vt 0.0795835 0.5246772
vt 0.4371035 0.6576495
vt 0.4371035 0.7398452
vt 0.3549078 0.7398452
vt 0.3549078 0.6576494
vt 0.0821956 0.6586348
vt 0.0821956 0.6455387
vt 0.1643913 0.6455387
vt 0.1643913 0.6586348
vt 0.0000000 0.6586348
vt 0.0000000 0.6455387
vt 0.4313378 0.9165760
vt 0.4352146 0.7864050
vt 0.4439994 0.7870169
vt 0.4384491 0.9166422
vt 0.4242020 0.9166904
vt 0.4264449 0.7861520
vt 0.4168898 0.9168807
vt 0.4176058 0.7860067
vt 0.4095497 0.9170697
vt 0.4088277 0.7857582
vt 0.4021989 0.9170660
vt 0.4000565 0.7860135
vt 0.3948753 0.9170637
vt 0.3912174 0.7861771
vt 0.3877081 0.9171495
vt 0.3824364 0.7864755
vt 0.3805426 0.9174692
vt 0.3736341 0.7871821
vt 0.3733683 0.9183562
vt 0.3648289 0.7876469
vt 0.3660278 0.9196606
vt 0.3562026 0.7886981
vt 0.3578193 0.9217408
vt 0.3478475 0.7905267
vt 0.4866925 0.7918572
vt 0.4760911 0.9219615
vt 0.4677861 0.9201363
vt 0.4787887 0.7899494
vt 0.4601384 0.9189127
vt 0.4702318 0.7888712
vt 0.4527266 0.9179485
vt 0.4615052 0.7879481
vt 0.4455616 0.9171833
vt 0.4527867 0.7872747
vt 0.4310482 0.9266677
vt 0.4380021 0.9272324
vt 0.4239925 0.9263657
vt 0.4168262 0.9261369
vt 0.4096603 0.9257824
vt 0.4024923 0.9263151
vt 0.3953317 0.9267190
vt 0.3883166 0.9271525
vt 0.3814347 0.9279014
vt 0.3745786 0.9281574
vt 0.3678250 0.9288028
vt 0.3613478 0.9300400
vt 0.4721272 0.9300944
vt 0.4658881 0.9285976
vt 0.4589968 0.9279829
vt 0.4519796 0.9275092
vt 0.4449786 0.9272187
vt 0.3732942 0.7820748
vt 0.3644307 0.7829404
vt 0.3555619 0.7843430
vt 0.3463072 0.7866836
vt 0.4795535 0.7860515
vt 0.4885561 0.7880605
vt 0.4706882 0.7846175
vt 0.4617814 0.7834709
vt 0.4354714 0.7817169
vt 0.4442483 0.7819358
vt 0.4530107 0.7825786
vt 0.4266828 0.7816799
vt 0.4446777 0.7755505
vt 0.4536688 0.7762138
vt 0.4626387 0.7771946
vt 0.4717219 0.7784464
vt 0.4808031 0.7800360
vt 0.4898463 0.7819434
vt 0.3544151 0.7777727
vt 0.3447142 0.7798954
vt 0.3637666 0.7763865
vt 0.3730123 0.7755749
vt 0.3821297 0.7753479
vt 0.3821435 0.7817636
vt 0.3910983 0.7754200
vt 0.3909651 0.7816930
vt 0.4000514 0.7755815
vt 0.3999064 0.7817338
vt 0.4089122 0.7756901
vt 0.4088264 0.7818201
vt 0.4177923 0.7755735
vt 0.4177502 0.7817312
vt 0.4267454 0.7754094
vt 0.4356762 0.7753479
vt 0.6519184 0.8312976
vt 0.6688079 0.7825662
vt 0.6961350 0.8178285
vt 0.7234623 0.7825662
vt 0.7403519 0.8312976
vt 0.8090425 0.9532350
vt 0.7981890 0.9606275
vt 0.7636235 0.9267527
vt 0.7855980 0.9117852
vt 0.5940811 0.9606275
vt 0.5832278 0.9532350
vt 0.6066724 0.9117852
vt 0.6286466 0.9267527
vt 0.5649607 0.7911903
vt 0.5201499 0.7706750
vt 0.5242954 0.7587132
vt 0.5733541 0.7669720
vt 0.7097160 0.6924421
vt 0.6825541 0.6924421
vt 0.6894273 0.6458918
vt 0.7028429 0.6458918
vt 0.8721203 0.7706750
vt 0.8273094 0.7911903
vt 0.8189158 0.7669719
vt 0.8679746 0.7587132
vt 0.9358079 0.8782277
vt 0.9298335 0.8782277
vt 0.9298335 0.8683786
vt 0.9358079 0.8683786
vt 0.8689123 0.8782277
vt 0.8629378 0.8782277
vt 0.8629378 0.8683786
vt 0.8689123 0.8683786
vt 0.9431512 0.6225380
vt 0.9491259 0.6225380
vt 0.9491259 0.6320326
vt 0.9431512 0.6320326
vt 0.9580550 0.8670398
vt 0.9580550 0.8771016
vt 0.9520804 0.8771016
vt 0.9520804 0.8670398
vt 0.9955428 0.6331292
vt 0.9895682 0.6331292
vt 0.9895682 0.6236343
vt 0.9955428 0.6236343
vt 0.6254485 0.7004560
vt 0.6145950 0.6930631
vt 0.6375504 0.6523314
vt 0.6595251 0.6672989
vt 0.8384047 0.6930634
vt 0.8275511 0.7004560
vt 0.7934744 0.6672989
vt 0.8154488 0.6523314
vt 0.9008597 0.5125385
vt 0.8568421 0.5327791
vt 0.8484485 0.5085608
vt 0.8967140 0.5005770
vt 0.7400808 0.4346737
vt 0.7129188 0.4346737
vt 0.7197919 0.3890090
vt 0.7332076 0.3890090
vt 0.5961577 0.5327791
vt 0.5521401 0.5125385
vt 0.5562856 0.5005770
vt 0.6045513 0.5085608
vt 0.9208747 0.8004662
vt 0.9104516 0.8004662
vt 0.9056635 0.7665101
vt 0.9182853 0.7665101
vt 0.9270538 0.9127957
vt 0.9187620 0.9127957
vt 0.8778710 0.9473640
vt 0.8882942 0.9473640
vt 0.8930823 0.9819320
vt 0.8804603 0.9819320
vt 0.8882942 0.8004662
vt 0.8778710 0.8004662
vt 0.8804605 0.7665101
vt 0.8930823 0.7665101
vt 0.9189814 0.5167406
vt 0.9316033 0.5167406
vt 0.9341927 0.5520062
vt 0.9237696 0.5520062
vt 0.9316033 0.7389266
vt 0.9189814 0.7389266
vt 0.9237696 0.7032952
vt 0.9341927 0.7032952
vt 0.9822248 0.9776313
vt 0.9696029 0.9776313
vt 0.9670136 0.9441214
vt 0.9774367 0.9441214
vt 0.9696029 0.7665101
vt 0.9822248 0.7665101
vt 0.9774367 0.8000199
vt 0.9670136 0.8000199
vt 0.9653982 0.5167406
vt 0.9780201 0.5167406
vt 0.9806095 0.5523720
vt 0.9701865 0.5523720
vt 0.9780201 0.7389263
vt 0.9653982 0.7389263
vt 0.9701865 0.7036606
vt 0.9806095 0.7036606
vt 0.6961350 0.8614151
vt 0.7707164 0.5725979
vt 0.7264996 0.6027154
vt 0.7264999 0.5591288
vt 0.6991726 0.5238664
vt 0.7538271 0.5238664
vt 0.6822832 0.5725979
vt 0.9104516 0.9473639
vt 0.9208747 0.9473639
vt 0.9182853 0.9819320
vt 0.9056635 0.9819320
vt 0.9187622 0.8344222
vt 0.9270538 0.8344222
vt 0.6931854 0.6347533
vt 0.6600897 0.6122109
vt 0.7627240 0.8711730
vt 0.7296283 0.8937156
vt 0.9867885 0.6683950
vt 0.9784968 0.6683950
vt 0.9784968 0.5880030
vt 0.9867885 0.5880030
vt 0.6395002 0.5527855
vt 0.6521419 0.5163110
vt 0.7834240 0.8113847
vt 0.7707825 0.7749102
vt 0.8716920 0.8344225
vt 0.8799837 0.8344225
vt 0.8799837 0.9127958
vt 0.8716920 0.9127958
vt 0.7929097 0.6122109
vt 0.7598141 0.6347533
vt 0.6626421 0.8937156
vt 0.6295463 0.8711731
vt 0.9403718 0.6676641
vt 0.9320800 0.6676641
vt 0.9320799 0.5872722
vt 0.9403718 0.5872722
vt 0.8134992 0.5527855
vt 0.8008577 0.5163110
vt 0.6088463 0.8113847
vt 0.6214876 0.7749102
vt 0.9608346 0.8335299
vt 0.9691262 0.8335299
vt 0.9691265 0.9106116
vt 0.9608346 0.9106116
vt 0.7060457 0.4795839
vt 0.7469540 0.4795839
vt 0.6756809 0.7379591
vt 0.7165892 0.7379591
vt 0.2875822 0.9161059
vt 0.2840399 0.9067041
vt 0.3133094 0.9067904
vt 0.3121486 0.9161784
vt 0.1409890 0.6906518
vt 0.1293287 0.6874160
vt 0.1287518 0.6718194
vt 0.1469987 0.6760375
vt 0.0641426 0.9410732
vt 0.0762388 0.9412305
vt 0.0762388 0.9815559
vt 0.0641426 0.9813986
vt 0.0419776 0.7602296
vt 0.0602273 0.7560241
vt 0.0597053 0.7718848
vt 0.0480422 0.7751110
vt 0.1861218 0.6855952
vt 0.1738447 0.6845083
vt 0.1776958 0.6718194
vt 0.1889872 0.6741145
vt 0.2839506 0.8993895
vt 0.2839506 0.8806645
vt 0.3132200 0.8807506
vt 0.3132200 0.8994757
vt 0.1106629 0.9924829
vt 0.0969521 0.9999999
vt 0.0969521 0.9547788
vt 0.1106629 0.9628706
vt 0.0114747 0.8911637
vt 0.0007617 0.8850637
vt 0.0007617 0.8697157
vt 0.0114747 0.8631589
vt 0.2955160 0.9444821
vt 0.3076908 0.9464688
vt 0.3076908 0.9714249
vt 0.2955161 0.9745614
vt 0.0000001 0.7583110
vt 0.0112931 0.7560241
vt 0.0151827 0.7689075
vt 0.0028960 0.7699500
vt 0.0347143 0.7613333
vt 0.0394002 0.7772579
vt 0.2927595 0.9396734
vt 0.2908968 0.9281586
vt 0.3097164 0.9282141
vt 0.3079196 0.9397181
vt 0.1317740 0.7287112
vt 0.1394235 0.7261527
vt 0.1443339 0.7394320
vt 0.1367555 0.7438716
vt 0.1496295 0.6928053
vt 0.1542617 0.6771444
vt 0.1924881 0.7359991
vt 0.1924881 0.7296875
vt 0.2377397 0.7296875
vt 0.2377397 0.7359992
vt 0.1924881 0.7176644
vt 0.2377397 0.7176644
vt 0.0495507 0.8104929
vt 0.0571945 0.8130422
vt 0.0521899 0.8281524
vt 0.0446201 0.8237280
vt 0.0511122 0.7810808
vt 0.0430046 0.7847420
vt 0.0581111 0.7947527
vt 0.0494692 0.7968996
vt 0.1251470 0.9372971
vt 0.1254524 0.9512777
vt 0.0802313 0.9512777
vt 0.0799259 0.9372969
vt 0.1251553 0.8970486
vt 0.1250958 0.9037699
vt 0.0798746 0.9037698
vt 0.0799341 0.8970486
vt 0.1249608 0.9191546
vt 0.0797397 0.9191546
vt 0.1924881 0.6902578
vt 0.1924881 0.6818693
vt 0.2377397 0.6818693
vt 0.2377397 0.6902578
vt 0.1924881 0.7040362
vt 0.2377397 0.7040362
vt 0.1460122 0.7003149
vt 0.1379088 0.6966420
vt 0.1395268 0.7125138
vt 0.1308864 0.7103603
vt 0.2839507 0.9432189
vt 0.2839507 0.9784212
vt 0.1953626 0.6718194
vt 0.2348652 0.6718194
vt 0.0237355 0.7561353
vt 0.0272477 0.7695117
vt 0.1617864 0.6850737
vt 0.1652508 0.6719297
vt 0.3116800 0.7866616
vt 0.2868924 0.7866237
vt 0.2838618 0.7772263
vt 0.3133949 0.7772712
vt 0.0650996 0.7473724
vt 0.0833671 0.7515008
vt 0.0775050 0.7658070
vt 0.0658310 0.7626207
vt 0.2048790 0.9586942
vt 0.2048790 0.9969646
vt 0.1927827 0.9971485
vt 0.1927827 0.9588782
vt 0.1710868 0.7554962
vt 0.1893117 0.7511865
vt 0.1890145 0.7676813
vt 0.1773592 0.7709329
vt 0.1139852 0.7473890
vt 0.1252535 0.7497714
vt 0.1225116 0.7609707
vt 0.1102760 0.7597474
vt 0.3133481 0.7699566
vt 0.2838150 0.7699115
vt 0.2838150 0.7511865
vt 0.3133481 0.7512314
vt 0.3304144 0.7593274
vt 0.3304145 0.7889521
vt 0.3168958 0.7964266
vt 0.3168958 0.7511865
vt 0.0007617 0.9480751
vt 0.0007616 0.9327270
vt 0.0114747 0.9261703
vt 0.0114747 0.9541751
vt 0.2906097 0.8496744
vt 0.2906097 0.8259900
vt 0.3027843 0.8242362
vt 0.3027843 0.8527825
vt 0.1289533 0.7531629
vt 0.1403273 0.7511865
vt 0.1444311 0.7646914
vt 0.1320265 0.7653025
vt 0.1638421 0.7566849
vt 0.1687265 0.7731174
vt 0.3072509 0.8102074
vt 0.2919541 0.8101841
vt 0.2900642 0.7986720
vt 0.3090534 0.7987009
vt 0.0683222 0.8044933
vt 0.0759758 0.8018346
vt 0.0809046 0.8152654
vt 0.0733241 0.8198320
vt 0.0906377 0.7525638
vt 0.0861554 0.7679204
vt 0.2380344 0.8973252
vt 0.1927828 0.8973252
vt 0.1927828 0.8910135
vt 0.2380343 0.8910136
vt 0.2380343 0.9093484
vt 0.1927827 0.9093483
vt 0.1783191 0.8035811
vt 0.1858866 0.8057579
vt 0.1806753 0.8198321
vt 0.1732102 0.8159215
vt 0.1803228 0.7763761
vt 0.1721989 0.7799468
vt 0.1870785 0.7888420
vt 0.1784459 0.7910265
vt 0.2869767 0.8369428
vt 0.2417366 0.8369427
vt 0.2415352 0.8233329
vt 0.2867754 0.8233329
vt 0.2870107 0.8771636
vt 0.2417706 0.8771635
vt 0.2418007 0.8703787
vt 0.2870408 0.8703789
vt 0.2418687 0.8548499
vt 0.2871088 0.8548500
vt 0.2380343 0.9451435
vt 0.1927827 0.9451435
vt 0.1927827 0.9367549
vt 0.2380343 0.9367549
vt 0.1927827 0.9229764
vt 0.2380344 0.9229764
vt 0.0825430 0.7755685
vt 0.0744285 0.7719095
vt 0.0760647 0.7879975
vt 0.0674145 0.7858843
vt 0.3143493 0.8233329
vt 0.3143492 0.8567412
vt 0.2351599 0.9551932
vt 0.1956572 0.9551932
vt 0.1528663 0.7516263
vt 0.1565900 0.7656068
vt 0.1015853 0.7473724
vt 0.0982614 0.7601987
vt 0.2804497 0.9067100
vt 0.2793344 0.9161012
vt 0.2547780 0.9160960
vt 0.2511923 0.9067040
vt 0.2510289 0.8806645
vt 0.2510810 0.8993896
vt 0.2415354 0.8971137
vt 0.2415875 0.8850167
vt 0.2204761 0.9937335
vt 0.2083799 0.9935123
vt 0.2083799 0.9586940
vt 0.2204761 0.9589152
vt 0.1889520 0.8397015
vt 0.1772988 0.8429617
vt 0.1710539 0.8276303
vt 0.1892819 0.8233329
vt 0.2581308 0.9281396
vt 0.2600244 0.9396493
vt 0.2523030 0.9396619
vt 0.2492612 0.9274901
vt 0.2802864 0.8806707
vt 0.2803385 0.8993958
vt 0.3303294 0.9397180
vt 0.3168103 0.9313618
vt 0.3168103 0.9017371
vt 0.3303294 0.8944781
vt 0.0007617 0.9012213
vt 0.0114747 0.8946646
vt 0.0114747 0.9226694
vt 0.0007616 0.9165694
vt 0.1746655 0.9780768
vt 0.1624907 0.9810979
vt 0.1624907 0.9551266
vt 0.1746654 0.9565290
vt 0.1443659 0.8367002
vt 0.1319994 0.8374594
vt 0.1289533 0.8254242
vt 0.1402980 0.8233329
vt 0.1686659 0.8451452
vt 0.1638035 0.8287968
vt 0.2769427 0.9281437
vt 0.2751784 0.9396525
vt 0.0466856 0.9825161
vt 0.0539187 0.9810569
vt 0.0602275 0.9901440
vt 0.0532742 0.9928694
vt 0.2415354 0.9060186
vt 0.0149757 0.8379650
vt 0.0149757 0.8316533
vt 0.0602272 0.8316533
vt 0.0602272 0.8379650
vt 0.0149757 0.8499881
vt 0.0602272 0.8499880
vt 0.1785365 0.8767007
vt 0.1861388 0.8790141
vt 0.1810353 0.8935107
vt 0.1735208 0.8894069
vt 0.1803148 0.8486105
vt 0.1722034 0.8522305
vt 0.1871904 0.8615476
vt 0.1785576 0.8637310
vt 0.2868156 0.6718192
vt 0.2866132 0.6854298
vt 0.2413733 0.6854298
vt 0.2415757 0.6718192
vt 0.2865490 0.7188661
vt 0.2865792 0.7256505
vt 0.2413392 0.7256505
vt 0.2413090 0.7188661
vt 0.2864805 0.7033374
vt 0.2412406 0.7033374
vt 0.0149757 0.8857831
vt 0.0149757 0.8773947
vt 0.0602273 0.8773946
vt 0.0602273 0.8857831
vt 0.0149756 0.8636162
vt 0.0602272 0.8636161
vt 0.0514944 0.9572613
vt 0.0602275 0.9590011
vt 0.0575106 0.9639232
vt 0.0491356 0.9611810
vt 0.0524977 0.9718981
vt 0.0437647 0.9701583
vt 0.1509254 0.9851376
vt 0.1509254 0.9547428
vt 0.0178501 0.8958330
vt 0.0573528 0.8958328
vt 0.1564993 0.8375158
vt 0.1528093 0.8236645
vt 0.2459668 0.9159321
vt 0.1854036 0.9581296
vt 0.1781664 0.9561687
vt 0.1781664 0.9313145
vt 0.1854036 0.9285172
vt 0.0771346 0.8426276
vt 0.0654886 0.8393413
vt 0.0650995 0.8233329
vt 0.0833193 0.8276654
vt 0.0762388 0.9375723
vt 0.0641426 0.9374157
vt 0.0641425 0.8970486
vt 0.0762388 0.8972053
vt 0.0601338 0.7011576
vt 0.0482772 0.7035746
vt 0.0431142 0.6877301
vt 0.0615986 0.6847224
vt 0.1224330 0.8372668
vt 0.1100782 0.8364418
vt 0.1141095 0.8233329
vt 0.1254524 0.8254385
vt 0.0406983 0.6744140
vt 0.0591827 0.6714062
vt 0.0934511 1.0000000
vt 0.0797396 0.9916022
vt 0.0797396 0.9619899
vt 0.0934511 0.9547788
vt 0.0114747 0.8531015
vt 0.0007616 0.8596581
vt 0.0007617 0.8316534
vt 0.0114747 0.8377534
vt 0.2652754 0.9714073
vt 0.2531006 0.9745442
vt 0.2531007 0.9444339
vt 0.2652755 0.9464255
vt 0.0158746 0.6950174
vt 0.0034569 0.6947428
vt 0.0012513 0.6824135
vt 0.0127375 0.6812521
vt 0.0395115 0.7051419
vt 0.0358036 0.6884032
vt 0.0000000 0.6755164
vt 0.0111842 0.6726902
vt 0.0807309 0.8894152
vt 0.0731967 0.8935477
vt 0.0681479 0.8789437
vt 0.0757629 0.8766145
vt 0.0857629 0.8448287
vt 0.0905685 0.8288417
vt 0.0333878 0.6750872
vt 0.1927828 0.8296446
vt 0.1927828 0.8233328
vt 0.2380344 0.8233329
vt 0.2380344 0.8296446
vt 0.1927828 0.8416678
vt 0.2380344 0.8416678
vt 0.0481085 0.7525232
vt 0.0409405 0.7481007
vt 0.0469136 0.7361672
vt 0.0543068 0.7388699
vt 0.0508463 0.7092063
vt 0.0424893 0.7121905
vt 0.0566983 0.7221018
vt 0.0479327 0.7236691
vt 0.1289533 0.9512420
vt 0.1292584 0.9372601
vt 0.1744797 0.9372601
vt 0.1741746 0.9512419
vt 0.1293094 0.9037327
vt 0.1292500 0.8970116
vt 0.1744713 0.8970116
vt 0.1745307 0.9037327
vt 0.1294443 0.9191169
vt 0.1746655 0.9191169
vt 0.1927828 0.8774628
vt 0.1927827 0.8690742
vt 0.2380344 0.8690742
vt 0.2380344 0.8774628
vt 0.1927828 0.8552958
vt 0.2380344 0.8552958
vt 0.0821958 0.8519655
vt 0.0740947 0.8483175
vt 0.0757931 0.8635493
vt 0.0671648 0.8613482
vt 0.2415354 0.9784014
vt 0.2415354 0.9431627
vt 0.0252145 0.6825827
vt 0.0231868 0.6714062
vt 0.1956573 0.8875126
vt 0.2351599 0.8875126
vt 0.0279386 0.6967952
vt 0.0979507 0.8372032
vt 0.1015895 0.8236698
vt 0.2435559 0.7866337
vt 0.2415652 0.7772418
vt 0.2711392 0.7772260
vt 0.2683779 0.7866205
vt 0.0775086 0.6898301
vt 0.0658343 0.6866443
vt 0.0650995 0.6714064
vt 0.0833673 0.6755335
vt 0.0149757 0.9572613
vt 0.0270720 0.9574395
vt 0.0270720 0.9961652
vt 0.0149757 0.9959869
vt 0.2802838 0.7555329
vt 0.2803099 0.7676299
vt 0.2711799 0.7699116
vt 0.2711918 0.7511865
vt 0.1225117 0.6850034
vt 0.1102773 0.6837756
vt 0.1139833 0.6714271
vt 0.1252509 0.6738125
vt 0.2416058 0.7699273
vt 0.2416178 0.7512021
vt 0.3111916 0.9505878
vt 0.3250092 0.9432189
vt 0.3250092 0.9884704
vt 0.3111916 0.9802200
vt 0.1781665 0.8970116
vt 0.1888796 0.9031116
vt 0.1888796 0.9184598
vt 0.1781665 0.9250163
vt 0.3018816 0.6928234
vt 0.3140560 0.6946269
vt 0.3140560 0.7185930
vt 0.3018816 0.7217094
vt 0.2737765 0.7980108
vt 0.2708328 0.8101838
vt 0.2636180 0.8101757
vt 0.2654105 0.7986655
vt 0.2803141 0.7765346
vt 0.2483000 0.8101838
vt 0.2463950 0.7986755
vt 0.0809075 0.7393027
vt 0.0733268 0.7438716
vt 0.0683250 0.7285292
vt 0.0759789 0.7258686
vt 0.0861590 0.6919429
vt 0.0906381 0.6765958
vt 0.1928127 0.8153661
vt 0.1928127 0.8090546
vt 0.2380643 0.8090546
vt 0.2380643 0.8153661
vt 0.1928127 0.7970313
vt 0.2380643 0.7970314
vt 0.1359323 0.9941022
vt 0.1289534 0.9908005
vt 0.1352853 0.9809948
vt 0.1425451 0.9829060
vt 0.1400861 0.9591795
vt 0.1316803 0.9618745
vt 0.1289534 0.9563130
vt 0.1377186 0.9547428
vt 0.1454767 0.9693402
vt 0.1367115 0.9709104
vt 0.0602274 0.9395619
vt 0.0602272 0.9537603
vt 0.0149756 0.9537604
vt 0.0149759 0.9395619
vt 0.0602274 0.8993338
vt 0.0602274 0.9060093
vt 0.0149759 0.9060093
vt 0.0149758 0.8993338
vt 0.0602275 0.9212902
vt 0.0149759 0.9212902
vt 0.1928127 0.7696248
vt 0.1928127 0.7612363
vt 0.2380643 0.7612363
vt 0.2380643 0.7696248
vt 0.1928127 0.7834032
vt 0.2380643 0.7834032
vt 0.0825465 0.6995937
vt 0.0744319 0.6959347
vt 0.0760680 0.7120273
vt 0.0674176 0.7099146
vt 0.2903166 0.6918448
vt 0.2903166 0.7256507
vt 0.1956872 0.7511865
vt 0.2351899 0.7511865
vt 0.2768203 0.7864512
vt 0.0982639 0.6842229
vt 0.1015847 0.6714064
vt 0.2638710 0.2296238
vt 0.2609283 0.2380089
vt 0.2397233 0.2374774
vt 0.2411192 0.2300938
vt 0.2624005 0.0329070
vt 0.2623978 0.0000000
vt 0.2830716 0.0002261
vt 0.2827125 0.0331286
vt 0.2642794 0.1999397
vt 0.2418008 0.1988616
vt 0.2622198 0.1914558
vt 0.2406519 0.1910027
vt 0.1232028 0.2013329
vt 0.1236666 0.1934808
vt 0.4004957 0.0048258
vt 0.4005375 0.0339005
vt 0.1228934 0.2258892
vt 0.1225642 0.2333872
vt 0.4169784 0.2321876
vt 0.4160116 0.2241615
vt 0.4368416 0.2258202
vt 0.4389310 0.2341338
vt 0.4677528 0.2285163
vt 0.4693528 0.2366076
vt 0.4160782 0.2196723
vt 0.4179179 0.2117767
vt 0.4400869 0.2132492
vt 0.4367587 0.2211232
vt 0.4705052 0.2155014
vt 0.4677018 0.2232895
vt 0.1177866 0.0225967
vt 0.1183926 0.0277685
vt 0.0981163 0.0326298
vt 0.0975164 0.0280025
vt 0.0698873 0.0387765
vt 0.0692506 0.0338650
vt 0.4059648 0.0322697
vt 0.4068841 0.0080320
vt 0.4128864 0.0120026
vt 0.4120224 0.0301887
vt 0.1155136 0.1962743
vt 0.1160764 0.2028887
vt 0.1088292 0.2056276
vt 0.1074611 0.1997294
vt 0.1156280 0.2246858
vt 0.1090262 0.2235017
vt 0.1157925 0.2329839
vt 0.1081031 0.2315204
vt 0.2934165 0.2272010
vt 0.2925930 0.2356208
vt 0.2753005 0.2354048
vt 0.2805200 0.2273545
vt 0.3064202 0.2285876
vt 0.3089041 0.2362508
vt 0.2335423 0.0326802
vt 0.2318240 0.0031811
vt 0.2475052 0.0009459
vt 0.2492372 0.0327588
vt 0.2185901 0.0329400
vt 0.2170702 0.0060596
vt 0.2925259 0.2051420
vt 0.2795540 0.2033057
vt 0.3076583 0.2057858
vt 0.2941053 0.1981585
vt 0.2775514 0.1954302
vt 0.3104984 0.2004944
vt 0.3300149 0.2272255
vt 0.3333105 0.2074977
vt 0.3334736 0.2340889
vt 0.1940937 0.0076087
vt 0.1952883 0.0291867
vt 0.3348986 0.2024174
vt 0.3671146 0.2315993
vt 0.3668297 0.2236626
vt 0.3777875 0.2231258
vt 0.3814254 0.2307419
vt 0.3567946 0.2242790
vt 0.3552692 0.2313298
vt 0.1718213 0.0111513
vt 0.1744708 0.0266486
vt 0.1639322 0.0259206
vt 0.1618080 0.0143174
vt 0.1510839 0.0241804
vt 0.1496017 0.0167492
vt 0.3569376 0.2121094
vt 0.3675521 0.2154731
vt 0.3789244 0.2172678
vt 0.3583900 0.2070878
vt 0.3693484 0.2096967
vt 0.3827863 0.2107700
vt 0.3950820 0.2189474
vt 0.3948024 0.2229753
vt 0.3947399 0.2306185
vt 0.1389251 0.0245423
vt 0.1383131 0.0188260
vt 0.3954265 0.2110059
vt 0.5248132 0.2321743
vt 0.5248395 0.2278037
vt 0.5374273 0.2290825
vt 0.5372592 0.2327543
vt 0.5468700 0.2288693
vt 0.5465981 0.2331892
vt 0.5311439 0.2398985
vt 0.5422118 0.2419178
vt 0.5172179 0.2397172
vt 0.5211706 0.2193169
vt 0.5348275 0.2216977
vt 0.5455632 0.2214214
vt 0.0223886 0.0443513
vt 0.0253741 0.0479943
vt 0.0128095 0.0508018
vt 0.0096898 0.0472687
vt 0.0028699 0.0522338
vt 0.0000000 0.0489956
vt 0.0002333 0.2327710
vt 0.0000000 0.2281382
vt 0.0091130 0.2265583
vt 0.0093850 0.2308190
vt 0.0019285 0.2202432
vt 0.0116423 0.2214417
vt 0.5024408 0.0479280
vt 0.5020139 0.0522338
vt 0.4932255 0.0459754
vt 0.4952038 0.0433766
vt 0.0150342 0.2359937
vt 0.0042081 0.2419178
vt 0.4261398 0.0287027
vt 0.4210838 0.0283067
vt 0.4226600 0.0172269
vt 0.4273594 0.0192766
vt 0.4157721 0.0291613
vt 0.4179210 0.0147570
vt 0.0887481 0.2059302
vt 0.0947748 0.2045454
vt 0.0955861 0.2094451
vt 0.0902403 0.2103580
vt 0.1009952 0.2024195
vt 0.1008283 0.2078122
vt 0.0964433 0.2224236
vt 0.0912568 0.2229260
vt 0.1017419 0.2228073
vt 0.0967289 0.2296759
vt 0.0905916 0.2296826
vt 0.1033936 0.2306803
vt 0.2859417 0.1752204
vt 0.2829991 0.1668354
vt 0.3057509 0.1673054
vt 0.3071468 0.1746889
vt 0.2400430 0.0641071
vt 0.2400403 0.0970141
vt 0.2197283 0.0972358
vt 0.2193692 0.0643333
vt 0.2825907 0.1371512
vt 0.3050692 0.1360732
vt 0.2846502 0.1286674
vt 0.3062182 0.1282142
vt 0.4232035 0.1306923
vt 0.4236673 0.1385444
vt 0.1019033 0.0980076
vt 0.1019451 0.0689330
vt 0.4239767 0.1631007
vt 0.4243058 0.1705987
vt 0.1308585 0.1613731
vt 0.1298917 0.1693991
vt 0.1079392 0.1713454
vt 0.1100285 0.1630318
vt 0.0775174 0.1738191
vt 0.0791173 0.1657279
vt 0.1289522 0.1489883
vt 0.1307919 0.1568838
vt 0.1101114 0.1583347
vt 0.1067832 0.1504608
vt 0.0791683 0.1605011
vt 0.0763649 0.1527129
vt 0.3840483 0.0918756
vt 0.3846543 0.0867039
vt 0.4049244 0.0921096
vt 0.4043246 0.0967370
vt 0.4331903 0.0979720
vt 0.4325536 0.1028836
vt 0.0955567 0.0721391
vt 0.0964761 0.0963768
vt 0.0904184 0.0942959
vt 0.0895545 0.0761096
vt 0.4307937 0.1401002
vt 0.4313565 0.1334858
vt 0.4394090 0.1369410
vt 0.4380409 0.1428391
vt 0.4312421 0.1618974
vt 0.4378439 0.1607132
vt 0.4310775 0.1701954
vt 0.4387670 0.1687319
vt 0.2542771 0.1728324
vt 0.2534536 0.1644125
vt 0.2663501 0.1645660
vt 0.2715695 0.1726164
vt 0.2404499 0.1657991
vt 0.2379659 0.1734624
vt 0.2706169 0.0672883
vt 0.2688985 0.0967873
vt 0.2532036 0.0968660
vt 0.2549357 0.0650530
vt 0.2853706 0.0701668
vt 0.2838508 0.0970472
vt 0.2543443 0.1423536
vt 0.2673160 0.1405172
vt 0.2392118 0.1429973
vt 0.2527648 0.1353701
vt 0.2693187 0.1326417
vt 0.2363717 0.1377060
vt 0.2168552 0.1644370
vt 0.2135596 0.1447093
vt 0.2133965 0.1713005
vt 0.3083471 0.0717157
vt 0.3071525 0.0932938
vt 0.2119715 0.1396289
vt 0.1800404 0.1608742
vt 0.1797555 0.1688110
vt 0.1654447 0.1679534
vt 0.1690826 0.1603373
vt 0.1900755 0.1614906
vt 0.1916009 0.1685414
vt 0.3279701 0.0907557
vt 0.3306195 0.0752584
vt 0.3406328 0.0784245
vt 0.3385086 0.0900277
vt 0.3528391 0.0808563
vt 0.3513570 0.0882875
vt 0.1899326 0.1493211
vt 0.1793180 0.1526846
vt 0.1679457 0.1544793
vt 0.1884801 0.1442994
vt 0.1775217 0.1469082
vt 0.1640838 0.1479815
vt 0.1520677 0.1601868
vt 0.1517882 0.1561590
vt 0.1521302 0.1678300
vt 0.3641277 0.0829331
vt 0.3635158 0.0886494
vt 0.1514436 0.1482174
vt 0.0220305 0.1650152
vt 0.0220569 0.1693858
vt 0.0096109 0.1699659
vt 0.0094427 0.1662941
vt 0.0002720 0.1704007
vt 0.0000000 0.1660809
vt 0.0157261 0.1771101
vt 0.0046583 0.1791294
vt 0.0296523 0.1769288
vt 0.0256995 0.1565285
vt 0.0120426 0.1589093
vt 0.0013069 0.1586329
vt 0.4770668 0.1121013
vt 0.4800522 0.1084585
vt 0.4927510 0.1113758
vt 0.4896314 0.1149089
vt 0.5024408 0.1131027
vt 0.4995709 0.1163409
vt 0.5468700 0.1653497
vt 0.5466367 0.1699825
vt 0.5374850 0.1680306
vt 0.5377570 0.1637698
vt 0.5449414 0.1574547
vt 0.5352278 0.1586533
vt 0.0004269 0.1163409
vt 0.0000000 0.1120350
vt 0.0072370 0.1074837
vt 0.0092154 0.1100825
vt 0.5426619 0.1791293
vt 0.5318358 0.1732052
vt 0.0813570 0.0924138
vt 0.0763011 0.0928099
vt 0.0750814 0.0833837
vt 0.0797809 0.0813340
vt 0.0845199 0.0788642
vt 0.0866688 0.0932685
vt 0.4520952 0.1417569
vt 0.4581220 0.1431417
vt 0.4566298 0.1475695
vt 0.4512840 0.1466565
vt 0.4458748 0.1396310
vt 0.4460418 0.1450238
vt 0.4504268 0.1596351
vt 0.4556133 0.1601375
vt 0.4451282 0.1600188
vt 0.4562785 0.1668941
vt 0.4501412 0.1668875
vt 0.4434765 0.1678918
vt 0.1084603 0.8860891
vt 0.1048981 0.8953047
vt 0.0850619 0.8817243
vt 0.0064123 0.8561849
vt 0.0168774 0.8561589
vt 0.0174910 0.8681197
vt 0.0065846 0.8677941
vt 0.1084603 0.8762092
vt 0.0061476 0.8449311
vt 0.0160989 0.8443186
vt 0.0983159 0.8603444
vt 0.1048981 0.8671687
vt 0.0983160 0.9024528
vt 0.0897161 0.9064450
vt 0.0804077 0.9066738
vt 0.0718078 0.9031043
vt 0.0652258 0.8962799
vt 0.0616636 0.8872395
vt 0.0616636 0.8773594
vt 0.0652258 0.8681440
vt 0.0718078 0.8609959
vt 0.0804077 0.8570037
vt 0.0897161 0.8567748
vt 0.0152453 0.9739353
vt 0.0048356 0.9725519
vt 0.0061476 0.9615338
vt 0.0160989 0.9621463
vt 0.0138162 0.9859880
vt 0.0030102 0.9835818
vt 0.0468299 0.9615258
vt 0.0465684 0.9737005
vt 0.0468086 0.9862081
vt 0.0113217 0.9988624
vt 0.0483800 1.0000000
vt 0.0000000 0.9943413
vt 0.0138162 0.8204769
vt 0.0113217 0.8076025
vt 0.0483799 0.8064648
vt 0.0468087 0.8202568
vt 0.0030102 0.8228832
vt 0.0000000 0.8121235
vt 0.0152453 0.8325296
vt 0.0465683 0.8327645
vt 0.0048355 0.8339131
vt 0.0468299 0.8449392
vt 0.0472641 0.8570075
vt 0.0580310 0.8338369
vt 0.0577970 0.8455375
vt 0.0577779 0.8571797
vt 0.0616636 0.8258991
vt 0.0652257 0.8168588
vt 0.0850620 0.8314142
vt 0.0616636 0.8357792
vt 0.0718077 0.8100343
vt 0.0804076 0.8064647
vt 0.0983159 0.8106858
vt 0.1048981 0.8178337
vt 0.1084603 0.8270493
vt 0.1048981 0.8459697
vt 0.0983162 0.8527941
vt 0.0897163 0.8563638
vt 0.0652258 0.8449947
vt 0.0718080 0.8521427
vt 0.0897160 0.8066936
vt 0.1084603 0.8369292
vt 0.0804078 0.8561350
vt 0.0478250 0.8688129
vt 0.0578109 0.8684946
vt 0.0587782 0.8797142
vt 0.0482415 0.8803820
vt 0.0597389 0.8912472
vt 0.0486324 0.8918264
vt 0.0180443 0.8799589
vt 0.0184828 0.8916095
vt 0.0187706 0.9032325
vt 0.0487335 0.9032325
vt 0.0605935 0.9032326
vt 0.0184827 0.9148554
vt 0.0486324 0.9146386
vt 0.0597389 0.9152177
vt 0.0180443 0.9265061
vt 0.0482415 0.9260829
vt 0.0587782 0.9267508
vt 0.0174910 0.9383453
vt 0.0478250 0.9376522
vt 0.0578109 0.9379703
vt 0.0168774 0.9503061
vt 0.0472642 0.9494575
vt 0.0577779 0.9492853
vt 0.0577970 0.9609274
vt 0.0580310 0.9726279
vt 0.0064123 0.9502800
vt 0.0065846 0.9386709
vt 0.0066837 0.9269546
vt 0.0065969 0.9152046
vt 0.0061681 0.9032326
vt 0.0065969 0.8912603
vt 0.0066837 0.8795103
vt 0.0589040 0.9842538
vt 0.0612525 0.9957487
vt 0.0612525 0.8107162
vt 0.0589040 0.8222111
vt 0.1084603 0.8860891
vt 0.1048981 0.8953047
vt 0.0850619 0.8817243
vt 0.0174910 0.8681197
vt 0.0065846 0.8677941
vt 0.0064123 0.8561849
vt 0.0168774 0.8561589
vt 0.1084603 0.8762092
vt 0.0061476 0.8449311
vt 0.0160989 0.8443186
vt 0.0983159 0.8603444
vt 0.1048981 0.8671687
vt 0.0983160 0.9024528
vt 0.0897161 0.9064450
vt 0.0804077 0.9066738
vt 0.0718078 0.9031043
vt 0.0652258 0.8962799
vt 0.0616636 0.8872395
vt 0.0616636 0.8773594
vt 0.0652258 0.8681440
vt 0.0718078 0.8609959
vt 0.0804077 0.8570037
vt 0.0897161 0.8567748
vt 0.0061476 0.9615338
vt 0.0160989 0.9621463
vt 0.0152453 0.9739353
vt 0.0048356 0.9725519
vt 0.0138162 0.9859880
vt 0.0030102 0.9835818
vt 0.0468299 0.9615258
vt 0.0465684 0.9737005
vt 0.0468086 0.9862081
vt 0.0483800 1.0000000
vt 0.0113217 0.9988624
vt 0.0000000 0.9943413
vt 0.0468087 0.8202568
vt 0.0138162 0.8204769
vt 0.0113217 0.8076025
vt 0.0483799 0.8064648
vt 0.0030102 0.8228832
vt 0.0000000 0.8121235
vt 0.0465683 0.8327645
vt 0.0152453 0.8325296
vt 0.0048355 0.8339131
vt 0.0468299 0.8449392
vt 0.0472641 0.8570075
vt 0.0577970 0.8455375
vt 0.0580310 0.8338369
vt 0.0577779 0.8571797
vt 0.0616636 0.8258991
vt 0.0652257 0.8168588
vt 0.0850620 0.8314142
vt 0.0616636 0.8357792
vt 0.0718077 0.8100343
vt 0.0804076 0.8064647
vt 0.0983159 0.8106858
vt 0.1048981 0.8178337
vt 0.1084603 0.8270493
vt 0.1048981 0.8459697
vt 0.0983162 0.8527941
vt 0.0897163 0.8563638
vt 0.0652258 0.8449947
vt 0.0718080 0.8521427
vt 0.0897160 0.8066936
vt 0.1084603 0.8369292
vt 0.0804078 0.8561350
vt 0.0587782 0.8797142
vt 0.0482415 0.8803820
vt 0.0478250 0.8688129
vt 0.0578109 0.8684946
vt 0.0597389 0.8912472
vt 0.0486324 0.8918264
vt 0.0180443 0.8799589
vt 0.0184828 0.8916095
vt 0.0487335 0.9032325
vt 0.0187706 0.9032325
vt 0.0605935 0.9032326
vt 0.0486324 0.9146386
vt 0.0184827 0.9148554
vt 0.0597389 0.9152177
vt 0.0482415 0.9260829
vt 0.0180443 0.9265061
vt 0.0587782 0.9267508
vt 0.0478250 0.9376522
vt 0.0174910 0.9383453
vt 0.0578109 0.9379703
vt 0.0472642 0.9494575
vt 0.0168774 0.9503061
vt 0.0577779 0.9492853
vt 0.0577970 0.9609274
vt 0.0580310 0.9726279
vt 0.0065846 0.9386709
vt 0.0064123 0.9502800
vt 0.0066837 0.9269546
vt 0.0065969 0.9152046
vt 0.0061681 0.9032326
vt 0.0065969 0.8912603
vt 0.0066837 0.8795103
vt 0.0589040 0.9842538
vt 0.0612525 0.9957487
vt 0.0612525 0.8107162
vt 0.0589040 0.8222111
vt 0.1084603 0.8860891
vt 0.1048981 0.8953047
vt 0.0850619 0.8817243
vt 0.0168774 0.8561589
vt 0.0174910 0.8681197
vt 0.0065846 0.8677941
vt 0.0064123 0.8561849
vt 0.1084603 0.8762092
vt 0.0160989 0.8443186
vt 0.0061476 0.8449311
vt 0.0983159 0.8603444
vt 0.1048981 0.8671687
vt 0.0983160 0.9024528
vt 0.0897161 0.9064450
vt 0.0804077 0.9066738
vt 0.0718078 0.9031043
vt 0.0652258 0.8962799
vt 0.0616636 0.8872395
vt 0.0616636 0.8773594
vt 0.0652258 0.8681440
vt 0.0718078 0.8609959
vt 0.0804077 0.8570037
vt 0.0897161 0.8567748
vt 0.0160989 0.9621463
vt 0.0152453 0.9739353
vt 0.0048356 0.9725519
vt 0.0061476 0.9615338
vt 0.0138162 0.9859880
vt 0.0030102 0.9835818
vt 0.0468299 0.9615258
vt 0.0465684 0.9737005
vt 0.0468086 0.9862081
vt 0.0483800 1.0000000
vt 0.0113217 0.9988624
vt 0.0000000 0.9943413
vt 0.0483799 0.8064648
vt 0.0468087 0.8202568
vt 0.0138162 0.8204769
vt 0.0113217 0.8076025
vt 0.0030102 0.8228832
vt 0.0000000 0.8121235
vt 0.0465683 0.8327645
vt 0.0152453 0.8325296
vt 0.0048355 0.8339131
vt 0.0468299 0.8449392
vt 0.0472641 0.8570075
vt 0.0580310 0.8338369
vt 0.0577970 0.8455375
vt 0.0577779 0.8571797
vt 0.0616636 0.8258991
vt 0.0652257 0.8168588
vt 0.0850620 0.8314142
vt 0.0616636 0.8357792
vt 0.0718077 0.8100343
vt 0.0804076 0.8064647
vt 0.0983159 0.8106858
vt 0.1048981 0.8178337
vt 0.1084603 0.8270493
vt 0.1048981 0.8459697
vt 0.0983162 0.8527941
vt 0.0897163 0.8563638
vt 0.0652258 0.8449947
vt 0.0718080 0.8521427
vt 0.0897160 0.8066936
vt 0.1084603 0.8369292
vt 0.0804078 0.8561350
vt 0.0578109 0.8684946
vt 0.0587782 0.8797142
vt 0.0482415 0.8803820
vt 0.0478250 0.8688129
vt 0.0597389 0.8912472
vt 0.0486324 0.8918264
vt 0.0180443 0.8799589
vt 0.0184828 0.8916095
vt 0.0487335 0.9032325
vt 0.0187706 0.9032325
vt 0.0605935 0.9032326
vt 0.0486324 0.9146386
vt 0.0184827 0.9148554
vt 0.0597389 0.9152177
vt 0.0482415 0.9260829
vt 0.0180443 0.9265061
vt 0.0587782 0.9267508
vt 0.0478250 0.9376522
vt 0.0174910 0.9383453
vt 0.0578109 0.9379703
vt 0.0472642 0.9494575
vt 0.0168774 0.9503061
vt 0.0577779 0.9492853
vt 0.0577970 0.9609274
vt 0.0580310 0.9726279
vt 0.0064123 0.9502800
vt 0.0065846 0.9386709
vt 0.0066837 0.9269546
vt 0.0065969 0.9152046
vt 0.0061681 0.9032326
vt 0.0065969 0.8912603
vt 0.0066837 0.8795103
vt 0.0589040 0.9842538
vt 0.0612525 0.9957487
vt 0.0612525 0.8107162
vt 0.0589040 0.8222111
vt 0.1084603 0.8860891
vt 0.1048981 0.8953047
vt 0.0850619 0.8817243
vt 0.0064123 0.8561849
vt 0.0168774 0.8561589
vt 0.0174910 0.8681197
vt 0.0065846 0.8677941
vt 0.1084603 0.8762092
vt 0.0061476 0.8449311
vt 0.0160989 0.8443186
vt 0.0983159 0.8603444
vt 0.1048981 0.8671687
vt 0.0983160 0.9024528
vt 0.0897161 0.9064450
vt 0.0804077 0.9066738
vt 0.0718078 0.9031043
vt 0.0652258 0.8962799
vt 0.0616636 0.8872395
vt 0.0616636 0.8773594
vt 0.0652258 0.8681440
vt 0.0718078 0.8609959
vt 0.0804077 0.8570037
vt 0.0897161 0.8567748
vt 0.0152453 0.9739353
vt 0.0048356 0.9725519
vt 0.0061476 0.9615338
vt 0.0160989 0.9621463
vt 0.0138162 0.9859880
vt 0.0030102 0.9835818
vt 0.0468299 0.9615258
vt 0.0465684 0.9737005
vt 0.0468086 0.9862081
vt 0.0483800 1.0000000
vt 0.0113217 0.9988624
vt 0.0000000 0.9943413
vt 0.0483799 0.8064648
vt 0.0468087 0.8202568
vt 0.0138162 0.8204769
vt 0.0113217 0.8076025
vt 0.0030102 0.8228832
vt 0.0000000 0.8121235
vt 0.0465683 0.8327645
vt 0.0152453 0.8325296
vt 0.0048355 0.8339131
vt 0.0468299 0.8449392
vt 0.0472641 0.8570075
vt 0.0580310 0.8338369
vt 0.0577970 0.8455375
vt 0.0577779 0.8571797
vt 0.0616636 0.8258991
vt 0.0652257 0.8168588
vt 0.0850620 0.8314142
vt 0.0616636 0.8357792
vt 0.0718077 0.8100343
vt 0.0804076 0.8064647
vt 0.0983159 0.8106858
vt 0.1048981 0.8178337
vt 0.1084603 0.8270493
vt 0.1048981 0.8459697
vt 0.0983162 0.8527941
vt 0.0897163 0.8563638
vt 0.0652258 0.8449947
vt 0.0718080 0.8521427
vt 0.0897160 0.8066936
vt 0.1084603 0.8369292
vt 0.0804078 0.8561350
vt 0.0478250 0.8688129
vt 0.0578109 0.8684946
vt 0.0587782 0.8797142
vt 0.0482415 0.8803820
vt 0.0597389 0.8912472
vt 0.0486324 0.8918264
vt 0.0180443 0.8799589
vt 0.0184828 0.8916095
vt 0.0487335 0.9032325
vt 0.0187706 0.9032325
vt 0.0605935 0.9032326
vt 0.0486324 0.9146386
vt 0.0184827 0.9148554
vt 0.0597389 0.9152177
vt 0.0482415 0.9260829
vt 0.0180443 0.9265061
vt 0.0587782 0.9267508
vt 0.0478250 0.9376522
vt 0.0174910 0.9383453
vt 0.0578109 0.9379703
vt 0.0472642 0.9494575
vt 0.0168774 0.9503061
vt 0.0577779 0.9492853
vt 0.0577970 0.9609274
vt 0.0580310 0.9726279
vt 0.0064123 0.9502800
vt 0.0065846 0.9386709
vt 0.0066837 0.9269546
vt 0.0065969 0.9152046
vt 0.0061681 0.9032326
vt 0.0065969 0.8912603
vt 0.0066837 0.8795103
vt 0.0589040 0.9842538
vt 0.0612525 0.9957487
vt 0.0612525 0.8107162
vt 0.0589040 0.8222111
vt 0.1084603 0.8860891
vt 0.1048981 0.8953047
vt 0.0850619 0.8817243
vt 0.0065846 0.8677941
vt 0.0064123 0.8561849
vt 0.0168774 0.8561589
vt 0.0174910 0.8681197
vt 0.1084603 0.8762092
vt 0.0061476 0.8449311
vt 0.0160989 0.8443186
vt 0.0983159 0.8603444
vt 0.1048981 0.8671687
vt 0.0983160 0.9024528
vt 0.0897161 0.9064450
vt 0.0804077 0.9066738
vt 0.0718078 0.9031043
vt 0.0652258 0.8962799
vt 0.0616636 0.8872395
vt 0.0616636 0.8773594
vt 0.0652258 0.8681440
vt 0.0718078 0.8609959
vt 0.0804077 0.8570037
vt 0.0897161 0.8567748
vt 0.0048356 0.9725519
vt 0.0061476 0.9615338
vt 0.0160989 0.9621463
vt 0.0152453 0.9739353
vt 0.0030102 0.9835818
vt 0.0138162 0.9859880
vt 0.0468299 0.9615258
vt 0.0465684 0.9737005
vt 0.0468086 0.9862081
vt 0.0113217 0.9988624
vt 0.0483800 1.0000000
vt 0.0000000 0.9943413
vt 0.0138162 0.8204769
vt 0.0113217 0.8076025
vt 0.0483799 0.8064648
vt 0.0468087 0.8202568
vt 0.0030102 0.8228832
vt 0.0000000 0.8121235
vt 0.0152453 0.8325296
vt 0.0465683 0.8327645
vt 0.0048355 0.8339131
vt 0.0468299 0.8449392
vt 0.0472641 0.8570075
vt 0.0580310 0.8338369
vt 0.0577970 0.8455375
vt 0.0577779 0.8571797
vt 0.0616636 0.8258991
vt 0.0652257 0.8168588
vt 0.0850620 0.8314142
vt 0.0616636 0.8357792
vt 0.0718077 0.8100343
vt 0.0804076 0.8064647
vt 0.0983159 0.8106858
vt 0.1048981 0.8178337
vt 0.1084603 0.8270493
vt 0.1048981 0.8459697
vt 0.0983162 0.8527941
vt 0.0897163 0.8563638
vt 0.0652258 0.8449947
vt 0.0718080 0.8521427
vt 0.0897160 0.8066936
vt 0.1084603 0.8369292
vt 0.0804078 0.8561350
vt 0.0482415 0.8803820
vt 0.0478250 0.8688129
vt 0.0578109 0.8684946
vt 0.0587782 0.8797142
vt 0.0486324 0.8918264
vt 0.0597389 0.8912472
vt 0.0180443 0.8799589
vt 0.0184828 0.8916095
vt 0.0187706 0.9032325
vt 0.0487335 0.9032325
vt 0.0605935 0.9032326
vt 0.0184827 0.9148554
vt 0.0486324 0.9146386
vt 0.0597389 0.9152177
vt 0.0180443 0.9265061
vt 0.0482415 0.9260829
vt 0.0587782 0.9267508
vt 0.0174910 0.9383453
vt 0.0478250 0.9376522
vt 0.0578109 0.9379703
vt 0.0168774 0.9503061
vt 0.0472642 0.9494575
vt 0.0577779 0.9492853
vt 0.0577970 0.9609274
vt 0.0580310 0.9726279
vt 0.0064123 0.9502800
vt 0.0065846 0.9386709
vt 0.0066837 0.9269546
vt 0.0065969 0.9152046
vt 0.0061681 0.9032326
vt 0.0065969 0.8912603
vt 0.0066837 0.8795103
vt 0.0589040 0.9842538
vt 0.0612525 0.9957487
vt 0.0612525 0.8107162
vt 0.0589040 0.8222111
f 625/625 626/626 627/627
f 625/625 627/627 628/628
f 628/628 627/627 655/655
f 628/628 655/655 656/656
f 628/628 656/656 665/665
f 628/628 665/665 666/666
f 629/629 630/630 631/631
f 629/629 631/631 632/632
f 630/630 653/653 654/654
f 630/630 654/654 631/631
f 633/633 634/634 635/635
f 633/633 635/635 636/636
f 649/649 651/651 635/635
f 636/636 635/635 651/651
f 636/636 651/651 652/652
f 649/649 650/650 651/651
f 637/637 638/638 639/639
f 637/637 639/639 640/640
f 641/641 642/642 643/643
f 641/641 643/643 644/644
f 642/642 667/667 668/668
f 642/642 668/668 643/643
f 645/645 646/646 647/647
f 645/645 647/647 648/648
f 657/657 658/658 659/659
f 657/657 659/659 660/660
f 661/661 662/662 663/663
f 661/661 663/663 664/664
f 669/669 670/670 671/671
f 669/669 671/671 672/672
f 677/677 675/675 669/669
f 677/677 669/669 672/672
f 675/675 670/670 669/669
f 673/673 671/671 670/670
f 675/675 673/673 670/670
f 673/673 674/674 671/671
f 673/673 675/675 676/676
f 673/673 676/676 674/674
f 678/678 679/679 680/680
f 678/678 680/680 681/681
f 680/680 697/697 696/696
f 680/680 696/696 681/681
f 694/694 696/696 697/697
f 694/694 695/695 696/696
f 694/694 698/698 699/699
f 694/694 699/699 695/695
f 682/682 683/683 684/684
f 682/682 684/684 685/685
f 686/686 687/687 682/682
f 686/686 682/682 685/685
f 689/689 684/684 683/683
f 689/689 688/688 684/684
f 686/686 688/688 689/689
f 686/686 689/689 687/687
f 690/690 691/691 692/692
f 690/690 692/692 693/693
f 700/700 701/701 702/702
f 700/700 702/702 703/703
f 704/704 701/701 700/700
f 734/734 700/700 703/703
f 736/736 704/704 700/700
f 736/736 700/700 734/734
f 703/703 702/702 733/733
f 703/703 733/733 732/732
f 734/734 703/703 735/735
f 735/735 703/703 732/732
f 732/732 733/733 731/731
f 733/733 761/761 758/758
f 733/733 758/758 731/731
f 702/702 761/761 733/733
f 732/732 731/731 730/730
f 750/750 732/732 730/730
f 735/735 732/732 750/750
f 730/730 731/731 729/729
f 731/731 758/758 757/757
f 731/731 757/757 729/729
f 761/761 765/765 758/758
f 758/758 765/765 766/766
f 758/758 766/766 757/757
f 727/727 729/729 757/757
f 727/727 757/757 755/755
f 757/757 766/766 767/767
f 757/757 767/767 755/755
f 728/728 729/729 727/727
f 730/730 729/729 728/728
f 724/724 726/726 727/727
f 728/728 727/727 726/726
f 724/724 727/727 755/755
f 724/724 755/755 756/756
f 768/768 756/756 755/755
f 768/768 755/755 767/767
f 724/724 725/725 726/726
f 746/746 747/747 726/726
f 746/746 726/726 725/725
f 747/747 728/728 726/726
f 747/747 748/748 728/728
f 748/748 730/730 728/728
f 748/748 749/749 730/730
f 750/750 730/730 749/749
f 761/761 764/764 765/765
f 760/760 764/764 761/761
f 702/702 760/760 761/761
f 760/760 763/763 764/764
f 701/701 759/759 760/760
f 701/701 760/760 702/702
f 759/759 763/763 760/760
f 759/759 784/784 763/763
f 705/705 762/762 759/759
f 705/705 759/759 701/701
f 762/762 784/784 759/759
f 704/704 705/705 701/701
f 706/706 707/707 705/705
f 706/706 705/705 704/704
f 707/707 762/762 705/705
f 782/782 783/783 762/762
f 762/762 783/783 784/784
f 707/707 782/782 762/762
f 708/708 709/709 707/707
f 708/708 707/707 706/706
f 780/780 782/782 707/707
f 780/780 707/707 709/709
f 780/780 781/781 782/782
f 782/782 781/781 783/783
f 779/779 780/780 778/778
f 780/780 779/779 781/781
f 778/778 780/780 709/709
f 709/709 708/708 710/710
f 709/709 710/710 711/711
f 778/778 709/709 711/711
f 777/777 778/778 776/776
f 779/779 778/778 777/777
f 778/778 711/711 713/713
f 778/778 713/713 776/776
f 711/711 710/710 712/712
f 711/711 712/712 713/713
f 710/710 708/708 738/738
f 710/710 738/738 739/739
f 712/712 710/710 739/739
f 713/713 712/712 714/714
f 712/712 739/739 740/740
f 712/712 740/740 741/741
f 712/712 741/741 714/714
f 713/713 714/714 715/715
f 776/776 713/713 715/715
f 715/715 714/714 716/716
f 714/714 741/741 742/742
f 714/714 742/742 716/716
f 715/715 716/716 717/717
f 774/774 715/715 717/717
f 776/776 715/715 774/774
f 717/717 716/716 718/718
f 716/716 742/742 743/743
f 716/716 743/743 718/718
f 717/717 718/718 719/719
f 751/751 717/717 719/719
f 774/774 717/717 751/751
f 773/773 774/774 751/751
f 775/775 776/776 774/774
f 775/775 774/774 773/773
f 777/777 776/776 775/775
f 773/773 751/751 772/772
f 751/751 719/719 752/752
f 772/772 751/751 752/752
f 772/772 752/752 771/771
f 752/752 719/719 721/721
f 752/752 721/721 753/753
f 771/771 752/752 753/753
f 771/771 753/753 769/769
f 753/753 721/721 723/723
f 753/753 723/723 754/754
f 769/769 753/753 754/754
f 719/719 720/720 721/721
f 721/721 720/720 722/722
f 721/721 722/722 723/723
f 719/719 718/718 720/720
f 718/718 744/744 720/720
f 744/744 722/722 720/720
f 744/744 745/745 722/722
f 718/718 743/743 744/744
f 769/769 754/754 770/770
f 708/708 737/737 738/738
f 708/708 706/706 737/737
f 706/706 736/736 737/737
f 706/706 704/704 736/736
f 785/785 786/786 787/787
f 888/888 785/785 787/787
f 919/919 920/920 785/785
f 919/919 785/785 888/888
f 785/785 927/927 928/928
f 785/785 928/928 786/786
f 786/786 788/788 787/787
f 788/788 786/786 935/935
f 788/788 789/789 787/787
f 789/789 888/888 787/787
f 903/903 904/904 888/888
f 903/903 888/888 789/789
f 911/911 789/789 788/788
f 911/911 788/788 912/912
f 788/788 935/935 936/936
f 936/936 935/935 803/803
f 936/936 803/803 802/802
f 802/802 803/803 804/804
f 802/802 804/804 805/805
f 807/807 911/911 912/912
f 807/807 912/912 808/808
f 806/806 807/807 808/808
f 806/806 808/808 809/809
f 793/793 904/904 903/903
f 790/790 792/792 793/793
f 793/793 792/792 904/904
f 790/790 791/791 792/792
f 927/927 801/801 928/928
f 927/927 798/798 801/801
f 798/798 800/800 801/801
f 798/798 799/799 800/800
f 797/797 920/920 919/919
f 794/794 796/796 797/797
f 797/797 796/796 920/920
f 794/794 795/795 796/796
f 810/810 811/811 812/812
f 810/810 812/812 813/813
f 811/811 810/810 854/854
f 811/811 854/854 855/855
f 855/855 854/854 896/896
f 855/855 896/896 895/895
f 895/895 896/896 897/897
f 895/895 897/897 898/898
f 813/813 812/812 899/899
f 813/813 899/899 900/900
f 900/900 899/899 851/851
f 900/900 851/851 850/850
f 850/850 851/851 852/852
f 850/850 852/852 853/853
f 814/814 815/815 816/816
f 814/814 816/816 817/817
f 815/815 814/814 915/915
f 815/815 915/915 916/916
f 916/916 915/915 857/857
f 916/916 857/857 856/856
f 856/856 857/857 858/858
f 856/856 858/858 859/859
f 817/817 816/816 913/913
f 817/817 913/913 914/914
f 914/914 913/913 861/861
f 914/914 861/861 860/860
f 860/860 861/861 862/862
f 860/860 862/862 863/863
f 818/818 819/819 820/820
f 818/818 820/820 821/821
f 923/923 819/819 818/818
f 923/923 924/924 819/819
f 867/867 924/924 923/923
f 867/867 866/866 924/924
f 864/864 866/866 867/867
f 864/864 865/865 866/866
f 921/921 922/922 821/821
f 921/921 821/821 820/820
f 871/871 922/922 921/921
f 871/871 870/870 922/922
f 868/868 870/870 871/871
f 868/868 869/869 870/870
f 822/822 823/823 824/824
f 822/822 824/824 825/825
f 929/929 930/930 822/822
f 929/929 822/822 825/825
f 931/931 824/824 823/823
f 931/931 932/932 824/824
f 875/875 932/932 931/931
f 875/875 874/874 932/932
f 872/872 874/874 875/875
f 872/872 873/873 874/874
f 879/879 930/930 929/929
f 879/879 878/878 930/930
f 876/876 878/878 879/879
f 876/876 877/877 878/878
f 826/826 827/827 828/828
f 826/826 828/828 829/829
f 905/905 827/827 826/826
f 905/905 906/906 827/827
f 887/887 906/906 905/905
f 887/887 886/886 906/906
f 884/884 886/886 887/887
f 884/884 885/885 886/886
f 907/907 908/908 829/829
f 907/907 829/829 828/828
f 883/883 908/908 907/907
f 883/883 882/882 908/908
f 880/880 882/882 883/883
f 880/880 881/881 882/882
f 830/830 831/831 832/832
f 830/830 832/832 833/833
f 833/833 832/832 902/902
f 833/833 902/902 901/901
f 901/901 902/902 894/894
f 901/901 894/894 890/890
f 890/890 894/894 891/891
f 894/894 892/892 891/891
f 894/894 909/909 910/910
f 894/894 910/910 892/892
f 889/889 890/890 891/891
f 917/917 918/918 890/890
f 917/917 890/890 889/889
f 892/892 893/893 891/891
f 893/893 889/889 891/891
f 893/893 892/892 933/933
f 925/925 889/889 893/893
f 925/925 893/893 926/926
f 893/893 933/933 934/934
f 934/934 933/933 843/843
f 934/934 843/843 842/842
f 842/842 843/843 844/844
f 842/842 844/844 845/845
f 839/839 925/925 926/926
f 839/839 926/926 840/840
f 838/838 839/839 840/840
f 838/838 840/840 841/841
f 837/837 918/918 917/917
f 834/834 836/836 837/837
f 837/837 836/836 918/918
f 834/834 835/835 836/836
f 909/909 849/849 910/910
f 909/909 846/846 849/849
f 846/846 848/848 849/849
f 846/846 847/847 848/848
f 937/937 938/938 939/939
f 937/937 939/939 940/940
f 980/980 937/937 940/940
f 938/938 957/957 960/960
f 938/938 960/960 939/939
f 957/957 958/958 959/959
f 957/957 959/959 960/960
f 980/980 940/940 981/981
f 979/979 980/980 981/981
f 979/979 981/981 982/982
f 941/941 942/942 943/943
f 941/941 943/943 944/944
f 987/987 941/941 944/944
f 941/941 987/987 1019/1019
f 941/941 1019/1019 1020/1020
f 987/987 944/944 988/988
f 1029/1029 987/987 988/988
f 1029/1029 988/988 1030/1030
f 954/954 1029/1029 1030/1030
f 954/954 1030/1030 955/955
f 953/953 954/954 955/955
f 953/953 955/955 956/956
f 1020/1020 1019/1019 1021/1021
f 1020/1020 1021/1021 1022/1022
f 1022/1022 1021/1021 984/984
f 1022/1022 984/984 983/983
f 983/983 984/984 985/985
f 983/983 985/985 986/986
f 945/945 946/946 947/947
f 945/945 947/947 948/948
f 949/949 950/950 951/951
f 949/949 951/951 952/952
f 977/977 949/949 952/952
f 977/977 952/952 978/978
f 978/978 952/952 999/999
f 1027/1027 977/977 978/978
f 978/978 999/999 1000/1000
f 1027/1027 978/978 1028/1028
f 1000/1000 999/999 1001/1001
f 1000/1000 1001/1001 1002/1002
f 1002/1002 1001/1001 996/996
f 1002/1002 996/996 995/995
f 995/995 996/996 997/997
f 995/995 997/997 998/998
f 974/974 1027/1027 1028/1028
f 974/974 1028/1028 975/975
f 973/973 974/974 975/975
f 973/973 975/975 976/976
f 961/961 962/962 963/963
f 961/961 963/963 964/964
f 965/965 966/966 967/967
f 965/965 967/967 968/968
f 969/969 970/970 971/971
f 969/969 971/971 972/972
f 1023/1023 969/969 972/972
f 1023/1023 972/972 1024/1024
f 989/989 990/990 991/991
f 989/989 991/991 992/992
f 990/990 993/993 994/994
f 990/990 994/994 991/991
f 993/993 1017/1017 1018/1018
f 993/993 1018/1018 994/994
f 1017/1017 1013/1013 1016/1016
f 1017/1017 1016/1016 1018/1018
f 1013/1013 1014/1014 1015/1015
f 1013/1013 1015/1015 1016/1016
f 1014/1014 1025/1025 1026/1026
f 1014/1014 1026/1026 1015/1015
f 1003/1003 1004/1004 1005/1005
f 1003/1003 1005/1005 1006/1006
f 1011/1011 1003/1003 1006/1006
f 1011/1011 1006/1006 1012/1012
f 1008/1008 1011/1011 1012/1012
f 1008/1008 1012/1012 1009/1009
f 1007/1007 1008/1008 1009/1009
f 1007/1007 1009/1009 1010/1010
f 1031/1031 1032/1032 1033/1033
f 1031/1031 1033/1033 1034/1034
f 1076/1076 1032/1032 1031/1031
f 1076/1076 1075/1075 1032/1032
f 1073/1073 1075/1075 1076/1076
f 1073/1073 1074/1074 1075/1075
f 1034/1034 1033/1033 1052/1052
f 1034/1034 1052/1052 1051/1051
f 1051/1051 1052/1052 1053/1053
f 1051/1051 1053/1053 1054/1054
f 1035/1035 1036/1036 1037/1037
f 1035/1035 1037/1037 1038/1038
f 1036/1036 1081/1081 1082/1082
f 1036/1036 1082/1082 1037/1037
f 1037/1037 1082/1082 1113/1113
f 1037/1037 1113/1113 1114/1114
f 1081/1081 1124/1124 1082/1082
f 1081/1081 1123/1123 1124/1124
f 1123/1123 1050/1050 1124/1124
f 1123/1123 1047/1047 1050/1050
f 1047/1047 1049/1049 1050/1050
f 1047/1047 1048/1048 1049/1049
f 1114/1114 1113/1113 1115/1115
f 1114/1114 1115/1115 1116/1116
f 1116/1116 1115/1115 1078/1078
f 1116/1116 1078/1078 1077/1077
f 1077/1077 1078/1078 1079/1079
f 1077/1077 1079/1079 1080/1080
f 1039/1039 1040/1040 1041/1041
f 1039/1039 1041/1041 1042/1042
f 1043/1043 1044/1044 1045/1045
f 1043/1043 1045/1045 1046/1046
f 1071/1071 1043/1043 1046/1046
f 1071/1071 1046/1046 1072/1072
f 1072/1072 1046/1046 1093/1093
f 1121/1121 1071/1071 1072/1072
f 1072/1072 1093/1093 1094/1094
f 1121/1121 1072/1072 1122/1122
f 1094/1094 1093/1093 1095/1095
f 1094/1094 1095/1095 1096/1096
f 1096/1096 1095/1095 1090/1090
f 1096/1096 1090/1090 1089/1089
f 1089/1089 1090/1090 1091/1091
f 1089/1089 1091/1091 1092/1092
f 1068/1068 1121/1121 1122/1122
f 1068/1068 1122/1122 1069/1069
f 1067/1067 1068/1068 1069/1069
f 1067/1067 1069/1069 1070/1070
f 1055/1055 1056/1056 1057/1057
f 1055/1055 1057/1057 1058/1058
f 1059/1059 1060/1060 1061/1061
f 1059/1059 1061/1061 1062/1062
f 1063/1063 1064/1064 1065/1065
f 1063/1063 1065/1065 1066/1066
f 1066/1066 1065/1065 1117/1117
f 1066/1066 1117/1117 1118/1118
f 1083/1083 1084/1084 1085/1085
f 1083/1083 1085/1085 1086/1086
f 1087/1087 1084/1084 1083/1083
f 1087/1087 1088/1088 1084/1084
f 1112/1112 1088/1088 1087/1087
f 1112/1112 1111/1111 1088/1088
f 1110/1110 1111/1111 1112/1112
f 1110/1110 1109/1109 1111/1111
f 1107/1107 1109/1109 1110/1110
f 1107/1107 1108/1108 1109/1109
f 1119/1119 1108/1108 1107/1107
f 1119/1119 1120/1120 1108/1108
f 1097/1097 1098/1098 1099/1099
f 1097/1097 1099/1099 1100/1100
f 1106/1106 1098/1098 1097/1097
f 1106/1106 1105/1105 1098/1098
f 1104/1104 1105/1105 1106/1106
f 1104/1104 1103/1103 1105/1105
f 1101/1101 1103/1103 1104/1104
f 1101/1101 1102/1102 1103/1103
f 1125/1125 1126/1126 1127/1127
f 1125/1125 1127/1127 1128/1128
f 1146/1146 1125/1125 1128/1128
f 1126/1126 1165/1165 1141/1141
f 1126/1126 1141/1141 1127/1127
f 1128/1128 1127/1127 1214/1214
f 1127/1127 1141/1141 1144/1144
f 1127/1127 1144/1144 1214/1214
f 1130/1130 1128/1128 1171/1171
f 1146/1146 1128/1128 1130/1130
f 1128/1128 1214/1214 1171/1171
f 1145/1145 1146/1146 1130/1130
f 1129/1129 1130/1130 1131/1131
f 1145/1145 1130/1130 1129/1129
f 1130/1130 1171/1171 1131/1131
f 1129/1129 1131/1131 1132/1132
f 1141/1141 1143/1143 1144/1144
f 1141/1141 1142/1142 1143/1143
f 1165/1165 1166/1166 1142/1142
f 1165/1165 1142/1142 1141/1141
f 1133/1133 1134/1134 1135/1135
f 1133/1133 1135/1135 1136/1136
f 1137/1137 1138/1138 1139/1139
f 1137/1137 1139/1139 1140/1140
f 1138/1138 1163/1163 1164/1164
f 1138/1138 1164/1164 1139/1139
f 1163/1163 1138/1138 1182/1182
f 1163/1163 1182/1182 1183/1183
f 1163/1163 1212/1212 1213/1213
f 1163/1163 1213/1213 1164/1164
f 1183/1183 1182/1182 1184/1184
f 1183/1183 1184/1184 1185/1185
f 1185/1185 1184/1184 1179/1179
f 1185/1185 1179/1179 1178/1178
f 1178/1178 1179/1179 1180/1180
f 1178/1178 1180/1180 1181/1181
f 1212/1212 1162/1162 1213/1213
f 1212/1212 1159/1159 1162/1162
f 1159/1159 1161/1161 1162/1162
f 1159/1159 1160/1160 1161/1161
f 1147/1147 1148/1148 1149/1149
f 1147/1147 1149/1149 1150/1150
f 1151/1151 1152/1152 1153/1153
f 1151/1151 1153/1153 1154/1154
f 1155/1155 1156/1156 1157/1157
f 1155/1155 1157/1157 1158/1158
f 1156/1156 1208/1208 1209/1209
f 1156/1156 1209/1209 1157/1157
f 1167/1167 1168/1168 1169/1169
f 1167/1167 1169/1169 1170/1170
f 1207/1207 1168/1168 1167/1167
f 1207/1207 1206/1206 1168/1168
f 1205/1205 1206/1206 1207/1207
f 1205/1205 1204/1204 1206/1206
f 1202/1202 1204/1204 1205/1205
f 1202/1202 1203/1203 1204/1204
f 1172/1172 1173/1173 1174/1174
f 1172/1172 1174/1174 1175/1175
f 1176/1176 1172/1172 1175/1175
f 1176/1176 1175/1175 1177/1177
f 1200/1200 1176/1176 1177/1177
f 1200/1200 1177/1177 1201/1201
f 1197/1197 1200/1200 1201/1201
f 1197/1197 1201/1201 1198/1198
f 1196/1196 1197/1197 1198/1198
f 1196/1196 1198/1198 1199/1199
f 1210/1210 1196/1196 1199/1199
f 1210/1210 1199/1199 1211/1211
f 1186/1186 1187/1187 1188/1188
f 1186/1186 1188/1188 1189/1189
f 1187/1187 1194/1194 1195/1195
f 1187/1187 1195/1195 1188/1188
f 1194/1194 1190/1190 1193/1193
f 1194/1194 1193/1193 1195/1195
f 1190/1190 1191/1191 1192/1192
f 1190/1190 1192/1192 1193/1193
f 1215/1215 1216/1216 1217/1217
f 1215/1215 1217/1217 1218/1218
f 1219/1219 1220/1220 1221/1221
f 1219/1219 1221/1221 1222/1222
f 1261/1261 1219/1219 1222/1222
f 1294/1294 1295/1295 1219/1219
f 1294/1294 1219/1219 1261/1261
f 1261/1261 1222/1222 1262/1262
f 1305/1305 1261/1261 1262/1262
f 1305/1305 1262/1262 1306/1306
f 1232/1232 1305/1305 1306/1306
f 1232/1232 1306/1306 1233/1233
f 1231/1231 1232/1232 1233/1233
f 1231/1231 1233/1233 1234/1234
f 1296/1296 1295/1295 1294/1294
f 1296/1296 1297/1297 1295/1295
f 1260/1260 1297/1297 1296/1296
f 1260/1260 1259/1259 1297/1297
f 1257/1257 1259/1259 1260/1260
f 1257/1257 1258/1258 1259/1259
f 1223/1223 1224/1224 1225/1225
f 1223/1223 1225/1225 1226/1226
f 1227/1227 1228/1228 1229/1229
f 1227/1227 1229/1229 1230/1230
f 1228/1228 1253/1253 1254/1254
f 1228/1228 1254/1254 1229/1229
f 1274/1274 1253/1253 1228/1228
f 1230/1230 1229/1229 1235/1235
f 1229/1229 1254/1254 1263/1263
f 1229/1229 1263/1263 1235/1235
f 1230/1230 1235/1235 1236/1236
f 1253/1253 1300/1300 1254/1254
f 1274/1274 1275/1275 1253/1253
f 1253/1253 1304/1304 1300/1300
f 1276/1276 1275/1275 1274/1274
f 1276/1276 1277/1277 1275/1275
f 1273/1273 1277/1277 1276/1276
f 1273/1273 1272/1272 1277/1277
f 1270/1270 1272/1272 1273/1273
f 1270/1270 1271/1271 1272/1272
f 1300/1300 1252/1252 1256/1256
f 1300/1300 1256/1256 1301/1301
f 1304/1304 1252/1252 1300/1300
f 1304/1304 1249/1249 1252/1252
f 1249/1249 1251/1251 1252/1252
f 1252/1252 1251/1251 1255/1255
f 1252/1252 1255/1255 1256/1256
f 1249/1249 1250/1250 1251/1251
f 1237/1237 1238/1238 1239/1239
f 1237/1237 1239/1239 1240/1240
f 1241/1241 1242/1242 1243/1243
f 1241/1241 1243/1243 1244/1244
f 1245/1245 1246/1246 1247/1247
f 1245/1245 1247/1247 1248/1248
f 1246/1246 1298/1298 1299/1299
f 1246/1246 1299/1299 1247/1247
f 1264/1264 1265/1265 1266/1266
f 1264/1264 1266/1266 1267/1267
f 1268/1268 1264/1264 1267/1267
f 1268/1268 1267/1267 1269/1269
f 1292/1292 1268/1268 1269/1269
f 1292/1292 1269/1269 1293/1293
f 1289/1289 1292/1292 1293/1293
f 1289/1289 1293/1293 1290/1290
f 1288/1288 1289/1289 1290/1290
f 1288/1288 1290/1290 1291/1291
f 1302/1302 1288/1288 1291/1291
f 1302/1302 1291/1291 1303/1303
f 1278/1278 1279/1279 1280/1280
f 1278/1278 1280/1280 1281/1281
f 1279/1279 1286/1286 1287/1287
f 1279/1279 1287/1287 1280/1280
f 1286/1286 1282/1282 1285/1285
f 1286/1286 1285/1285 1287/1287
f 1282/1282 1283/1283 1284/1284
f 1282/1282 1284/1284 1285/1285
f 1307/1307 1308/1308 1309/1309
f 1307/1307 1309/1309 1310/1310
f 1347/1347 1307/1307 1310/1310
f 1308/1308 1327/1327 1321/1321
f 1308/1308 1321/1321 1309/1309
f 1320/1320 1345/1345 1309/1309
f 1320/1320 1309/1309 1321/1321
f 1345/1345 1310/1310 1309/1309
f 1347/1347 1310/1310 1344/1344
f 1345/1345 1394/1394 1310/1310
f 1394/1394 1344/1344 1310/1310
f 1346/1346 1347/1347 1344/1344
f 1341/1341 1343/1343 1344/1344
f 1346/1346 1344/1344 1343/1343
f 1394/1394 1341/1341 1344/1344
f 1341/1341 1342/1342 1343/1343
f 1319/1319 1320/1320 1321/1321
f 1319/1319 1321/1321 1322/1322
f 1327/1327 1322/1322 1321/1321
f 1327/1327 1328/1328 1322/1322
f 1311/1311 1312/1312 1313/1313
f 1311/1311 1313/1313 1314/1314
f 1352/1352 1311/1311 1314/1314
f 1386/1386 1387/1387 1311/1311
f 1386/1386 1311/1311 1352/1352
f 1352/1352 1314/1314 1353/1353
f 1395/1395 1352/1352 1353/1353
f 1395/1395 1353/1353 1396/1396
f 1324/1324 1395/1395 1396/1396
f 1324/1324 1396/1396 1325/1325
f 1323/1323 1324/1324 1325/1325
f 1323/1323 1325/1325 1326/1326
f 1388/1388 1387/1387 1386/1386
f 1388/1388 1389/1389 1387/1387
f 1351/1351 1389/1389 1388/1388
f 1351/1351 1350/1350 1389/1389
f 1348/1348 1350/1350 1351/1351
f 1348/1348 1349/1349 1350/1350
f 1315/1315 1316/1316 1317/1317
f 1315/1315 1317/1317 1318/1318
f 1329/1329 1330/1330 1331/1331
f 1329/1329 1331/1331 1332/1332
f 1333/1333 1334/1334 1335/1335
f 1333/1333 1335/1335 1336/1336
f 1337/1337 1338/1338 1339/1339
f 1337/1337 1339/1339 1340/1340
f 1390/1390 1337/1337 1340/1340
f 1390/1390 1340/1340 1391/1391
f 1354/1354 1355/1355 1356/1356
f 1354/1354 1356/1356 1357/1357
f 1355/1355 1358/1358 1359/1359
f 1355/1355 1359/1359 1356/1356
f 1358/1358 1384/1384 1385/1385
f 1358/1358 1385/1385 1359/1359
f 1384/1384 1380/1380 1383/1383
f 1384/1384 1383/1383 1385/1385
f 1380/1380 1381/1381 1382/1382
f 1380/1380 1382/1382 1383/1383
f 1381/1381 1392/1392 1393/1393
f 1381/1381 1393/1393 1382/1382
f 1360/1360 1361/1361 1362/1362
f 1360/1360 1362/1362 1363/1363
f 1363/1363 1362/1362 1369/1369
f 1363/1363 1369/1369 1368/1368
f 1368/1368 1369/1369 1365/1365
f 1368/1368 1365/1365 1364/1364
f 1364/1364 1365/1365 1366/1366
f 1364/1364 1366/1366 1367/1367
f 1370/1370 1371/1371 1372/1372
f 1370/1370 1372/1372 1373/1373
f 1378/1378 1370/1370 1373/1373
f 1378/1378 1373/1373 1379/1379
f 1375/1375 1378/1378 1379/1379
f 1375/1375 1379/1379 1376/1376
f 1374/1374 1375/1375 1376/1376
f 1374/1374 1376/1376 1377/1377
f 1397/1397 1398/1398 1399/1399
f 1397/1397 1399/1399 1400/1400
f 1405/1405 1397/1397 1400/1400
f 1458/1458 1448/1448 1397/1397
f 1458/1458 1397/1397 1405/1405
f 1448/1448 1398/1398 1397/1397
f 1448/1448 1447/1447 1398/1398
f 1445/1445 1447/1447 1448/1448
f 1457/1457 1445/1445 1448/1448
f 1457/1457 1448/1448 1458/1458
f 1460/1460 1457/1457 1458/1458
f 1460/1460 1458/1458 1461/1461
f 1461/1461 1458/1458 1405/1405
f 1459/1459 1445/1445 1457/1457
f 1459/1459 1457/1457 1460/1460
f 1459/1459 1460/1460 1462/1462
f 1459/1459 1449/1449 1445/1445
f 1463/1463 1449/1449 1459/1459
f 1463/1463 1459/1459 1464/1464
f 1464/1464 1459/1459 1462/1462
f 1464/1464 1462/1462 1468/1468
f 1463/1463 1464/1464 1481/1481
f 1464/1464 1468/1468 1484/1484
f 1464/1464 1484/1484 1481/1481
f 1473/1473 1481/1481 1482/1482
f 1481/1481 1484/1484 1485/1485
f 1481/1481 1485/1485 1482/1482
f 1463/1463 1481/1481 1473/1473
f 1473/1473 1470/1470 1469/1469
f 1473/1473 1469/1469 1474/1474
f 1473/1473 1482/1482 1470/1470
f 1463/1463 1473/1473 1474/1474
f 1470/1470 1482/1482 1483/1483
f 1482/1482 1485/1485 1486/1486
f 1482/1482 1486/1486 1483/1483
f 1469/1469 1470/1470 1471/1471
f 1470/1470 1483/1483 1471/1471
f 1469/1469 1471/1471 1472/1472
f 1471/1471 1483/1483 1487/1487
f 1471/1471 1487/1487 1488/1488
f 1472/1472 1471/1471 1488/1488
f 1483/1483 1486/1486 1492/1492
f 1483/1483 1492/1492 1487/1487
f 1488/1488 1487/1487 1421/1421
f 1487/1487 1492/1492 1422/1422
f 1487/1487 1422/1422 1421/1421
f 1472/1472 1488/1488 1489/1489
f 1488/1488 1421/1421 1416/1416
f 1489/1489 1488/1488 1416/1416
f 1421/1421 1422/1422 1423/1423
f 1421/1421 1423/1423 1424/1424
f 1416/1416 1421/1421 1424/1424
f 1415/1415 1416/1416 1417/1417
f 1416/1416 1424/1424 1417/1417
f 1489/1489 1416/1416 1415/1415
f 1424/1424 1423/1423 1425/1425
f 1424/1424 1425/1425 1426/1426
f 1417/1417 1424/1424 1426/1426
f 1415/1415 1417/1417 1418/1418
f 1418/1418 1417/1417 1419/1419
f 1417/1417 1426/1426 1419/1419
f 1419/1419 1426/1426 1494/1494
f 1426/1426 1425/1425 1502/1502
f 1426/1426 1502/1502 1494/1494
f 1418/1418 1419/1419 1420/1420
f 1419/1419 1494/1494 1493/1493
f 1420/1420 1419/1419 1493/1493
f 1493/1493 1494/1494 1495/1495
f 1494/1494 1502/1502 1503/1503
f 1494/1494 1503/1503 1495/1495
f 1493/1493 1495/1495 1496/1496
f 1501/1501 1493/1493 1496/1496
f 1420/1420 1493/1493 1501/1501
f 1496/1496 1495/1495 1497/1497
f 1495/1495 1503/1503 1504/1504
f 1495/1495 1504/1504 1497/1497
f 1496/1496 1497/1497 1498/1498
f 1499/1499 1496/1496 1498/1498
f 1501/1501 1496/1496 1499/1499
f 1499/1499 1498/1498 1500/1500
f 1463/1463 1474/1474 1465/1465
f 1449/1449 1463/1463 1465/1465
f 1449/1449 1465/1465 1450/1450
f 1445/1445 1449/1449 1450/1450
f 1445/1445 1450/1450 1446/1446
f 1445/1445 1446/1446 1447/1447
f 1405/1405 1400/1400 1406/1406
f 1407/1407 1405/1405 1406/1406
f 1461/1461 1405/1405 1407/1407
f 1406/1406 1400/1400 1413/1413
f 1400/1400 1399/1399 1414/1414
f 1400/1400 1414/1414 1413/1413
f 1407/1407 1406/1406 1408/1408
f 1408/1408 1406/1406 1409/1409
f 1406/1406 1413/1413 1409/1409
f 1413/1413 1414/1414 1443/1443
f 1413/1413 1443/1443 1441/1441
f 1409/1409 1413/1413 1441/1441
f 1408/1408 1409/1409 1410/1410
f 1410/1410 1409/1409 1438/1438
f 1409/1409 1441/1441 1438/1438
f 1438/1438 1441/1441 1442/1442
f 1441/1441 1443/1443 1444/1444
f 1441/1441 1444/1444 1442/1442
f 1437/1437 1438/1438 1439/1439
f 1438/1438 1442/1442 1439/1439
f 1410/1410 1438/1438 1437/1437
f 1444/1444 1537/1537 1442/1442
f 1439/1439 1442/1442 1537/1537
f 1444/1444 1540/1540 1537/1537
f 1534/1534 1537/1537 1535/1535
f 1540/1540 1535/1535 1537/1537
f 1439/1439 1537/1537 1534/1534
f 1437/1437 1439/1439 1440/1440
f 1440/1440 1439/1439 1534/1534
f 1530/1530 1533/1533 1534/1534
f 1530/1530 1534/1534 1531/1531
f 1534/1534 1535/1535 1531/1531
f 1440/1440 1534/1534 1533/1533
f 1531/1531 1535/1535 1536/1536
f 1538/1538 1536/1536 1535/1535
f 1540/1540 1538/1538 1535/1535
f 1529/1529 1530/1530 1531/1531
f 1529/1529 1531/1531 1532/1532
f 1531/1531 1536/1536 1532/1532
f 1538/1538 1539/1539 1536/1536
f 1521/1521 1514/1514 1536/1536
f 1521/1521 1536/1536 1539/1539
f 1514/1514 1532/1532 1536/1536
f 1513/1513 1529/1529 1532/1532
f 1514/1514 1513/1513 1532/1532
f 1513/1513 1516/1516 1529/1529
f 1511/1511 1512/1512 1513/1513
f 1511/1511 1513/1513 1514/1514
f 1512/1512 1516/1516 1513/1513
f 1521/1521 1511/1511 1514/1514
f 1521/1521 1522/1522 1511/1511
f 1512/1512 1515/1515 1516/1516
f 1401/1401 1402/1402 1403/1403
f 1401/1401 1403/1403 1404/1404
f 1454/1454 1402/1402 1401/1401
f 1454/1454 1453/1453 1402/1402
f 1451/1451 1453/1453 1454/1454
f 1451/1451 1452/1452 1453/1453
f 1455/1455 1452/1452 1451/1451
f 1455/1455 1456/1456 1452/1452
f 1466/1466 1456/1456 1455/1455
f 1466/1466 1455/1455 1467/1467
f 1466/1466 1467/1467 1476/1476
f 1466/1466 1476/1476 1475/1475
f 1475/1475 1476/1476 1477/1477
f 1475/1475 1477/1477 1478/1478
f 1478/1478 1477/1477 1479/1479
f 1478/1478 1479/1479 1480/1480
f 1480/1480 1479/1479 1490/1490
f 1480/1480 1490/1490 1491/1491
f 1491/1491 1490/1490 1428/1428
f 1491/1491 1428/1428 1427/1427
f 1427/1427 1428/1428 1429/1429
f 1427/1427 1429/1429 1430/1430
f 1430/1430 1429/1429 1431/1431
f 1430/1430 1431/1431 1432/1432
f 1432/1432 1431/1431 1506/1506
f 1432/1432 1506/1506 1505/1505
f 1505/1505 1506/1506 1507/1507
f 1505/1505 1507/1507 1508/1508
f 1508/1508 1507/1507 1509/1509
f 1508/1508 1509/1509 1510/1510
f 1404/1404 1403/1403 1411/1411
f 1404/1404 1411/1411 1412/1412
f 1412/1412 1411/1411 1434/1434
f 1412/1412 1434/1434 1433/1433
f 1433/1433 1434/1434 1435/1435
f 1433/1433 1435/1435 1436/1436
f 1436/1436 1435/1435 1528/1528
f 1436/1436 1528/1528 1527/1527
f 1527/1527 1528/1528 1525/1525
f 1527/1527 1525/1525 1524/1524
f 1523/1523 1524/1524 1525/1525
f 1523/1523 1525/1525 1526/1526
f 1520/1520 1519/1519 1523/1523
f 1520/1520 1523/1523 1526/1526
f 1517/1517 1519/1519 1520/1520
f 1517/1517 1518/1518 1519/1519
f 1541/1541 1542/1542 1543/1543
f 1541/1541 1543/1543 1544/1544
f 1592/1592 1542/1542 1541/1541
f 1542/1542 1549/1549 1550/1550
f 1542/1542 1550/1550 1543/1543
f 1591/1591 1549/1549 1542/1542
f 1592/1592 1591/1591 1542/1542
f 1543/1543 1550/1550 1554/1554
f 1543/1543 1554/1554 1557/1557
f 1544/1544 1543/1543 1557/1557
f 1544/1544 1557/1557 1558/1558
f 1558/1558 1557/1557 1585/1585
f 1557/1557 1554/1554 1581/1581
f 1557/1557 1581/1581 1585/1585
f 1550/1550 1553/1553 1554/1554
f 1554/1554 1553/1553 1582/1582
f 1554/1554 1582/1582 1581/1581
f 1581/1581 1582/1582 1583/1583
f 1581/1581 1583/1583 1584/1584
f 1585/1585 1581/1581 1584/1584
f 1585/1585 1584/1584 1586/1586
f 1587/1587 1585/1585 1586/1586
f 1558/1558 1585/1585 1587/1587
f 1584/1584 1583/1583 1677/1677
f 1584/1584 1677/1677 1678/1678
f 1586/1586 1584/1584 1678/1678
f 1587/1587 1586/1586 1588/1588
f 1684/1684 1588/1588 1586/1586
f 1684/1684 1586/1586 1681/1681
f 1586/1586 1678/1678 1681/1681
f 1677/1677 1676/1676 1678/1678
f 1681/1681 1678/1678 1676/1676
f 1677/1677 1673/1673 1676/1676
f 1673/1673 1675/1675 1676/1676
f 1679/1679 1676/1676 1675/1675
f 1681/1681 1676/1676 1679/1679
f 1683/1683 1684/1684 1681/1681
f 1683/1683 1681/1681 1679/1679
f 1679/1679 1675/1675 1680/1680
f 1682/1682 1683/1683 1679/1679
f 1682/1682 1679/1679 1680/1680
f 1657/1657 1682/1682 1680/1680
f 1658/1658 1657/1657 1680/1680
f 1658/1658 1680/1680 1675/1675
f 1657/1657 1666/1666 1682/1682
f 1655/1655 1656/1656 1657/1657
f 1655/1655 1657/1657 1658/1658
f 1665/1665 1666/1666 1657/1657
f 1665/1665 1657/1657 1656/1656
f 1659/1659 1655/1655 1658/1658
f 1659/1659 1658/1658 1660/1660
f 1660/1660 1658/1658 1675/1675
f 1660/1660 1675/1675 1674/1674
f 1673/1673 1674/1674 1675/1675
f 1550/1550 1552/1552 1553/1553
f 1549/1549 1552/1552 1550/1550
f 1549/1549 1551/1551 1552/1552
f 1591/1591 1602/1602 1549/1549
f 1602/1602 1551/1551 1549/1549
f 1602/1602 1605/1605 1551/1551
f 1590/1590 1601/1601 1602/1602
f 1590/1590 1602/1602 1591/1591
f 1601/1601 1605/1605 1602/1602
f 1589/1589 1590/1590 1591/1591
f 1589/1589 1591/1591 1592/1592
f 1593/1593 1590/1590 1589/1589
f 1593/1593 1601/1601 1590/1590
f 1593/1593 1603/1603 1601/1601
f 1601/1601 1604/1604 1605/1605
f 1601/1601 1603/1603 1606/1606
f 1601/1601 1606/1606 1604/1604
f 1593/1593 1589/1589 1594/1594
f 1593/1593 1607/1607 1608/1608
f 1593/1593 1608/1608 1603/1603
f 1607/1607 1593/1593 1594/1594
f 1603/1603 1608/1608 1612/1612
f 1603/1603 1612/1612 1606/1606
f 1608/1608 1607/1607 1617/1617
f 1608/1608 1617/1617 1625/1625
f 1612/1612 1608/1608 1625/1625
f 1607/1607 1594/1594 1609/1609
f 1617/1617 1607/1607 1609/1609
f 1613/1613 1617/1617 1618/1618
f 1625/1625 1617/1617 1613/1613
f 1617/1617 1609/1609 1618/1618
f 1625/1625 1613/1613 1626/1626
f 1628/1628 1625/1625 1626/1626
f 1612/1612 1625/1625 1628/1628
f 1613/1613 1614/1614 1615/1615
f 1613/1613 1615/1615 1616/1616
f 1613/1613 1618/1618 1614/1614
f 1626/1626 1613/1613 1616/1616
f 1626/1626 1616/1616 1627/1627
f 1628/1628 1626/1626 1629/1629
f 1629/1629 1626/1626 1627/1627
f 1627/1627 1616/1616 1631/1631
f 1616/1616 1615/1615 1633/1633
f 1616/1616 1633/1633 1631/1631
f 1629/1629 1627/1627 1630/1630
f 1627/1627 1631/1631 1632/1632
f 1630/1630 1627/1627 1632/1632
f 1632/1632 1631/1631 1559/1559
f 1631/1631 1633/1633 1560/1560
f 1631/1631 1560/1560 1559/1559
f 1630/1630 1632/1632 1636/1636
f 1632/1632 1559/1559 1566/1566
f 1636/1636 1632/1632 1566/1566
f 1559/1559 1560/1560 1561/1561
f 1559/1559 1561/1561 1562/1562
f 1566/1566 1559/1559 1562/1562
f 1565/1565 1566/1566 1567/1567
f 1566/1566 1562/1562 1567/1567
f 1636/1636 1566/1566 1565/1565
f 1562/1562 1561/1561 1563/1563
f 1562/1562 1563/1563 1564/1564
f 1567/1567 1562/1562 1564/1564
f 1565/1565 1567/1567 1568/1568
f 1568/1568 1567/1567 1569/1569
f 1567/1567 1564/1564 1569/1569
f 1569/1569 1564/1564 1638/1638
f 1564/1564 1563/1563 1645/1645
f 1564/1564 1645/1645 1638/1638
f 1568/1568 1569/1569 1570/1570
f 1569/1569 1638/1638 1637/1637
f 1570/1570 1569/1569 1637/1637
f 1637/1637 1638/1638 1639/1639
f 1638/1638 1645/1645 1643/1643
f 1638/1638 1643/1643 1639/1639
f 1637/1637 1639/1639 1640/1640
f 1646/1646 1637/1637 1640/1640
f 1570/1570 1637/1637 1646/1646
f 1640/1640 1639/1639 1641/1641
f 1639/1639 1643/1643 1644/1644
f 1639/1639 1644/1644 1641/1641
f 1640/1640 1641/1641 1642/1642
f 1646/1646 1640/1640 1647/1647
f 1647/1647 1640/1640 1642/1642
f 1647/1647 1642/1642 1648/1648
f 1545/1545 1546/1546 1547/1547
f 1545/1545 1547/1547 1548/1548
f 1598/1598 1546/1546 1545/1545
f 1598/1598 1597/1597 1546/1546
f 1595/1595 1597/1597 1598/1598
f 1595/1595 1596/1596 1597/1597
f 1599/1599 1596/1596 1595/1595
f 1599/1599 1600/1600 1596/1596
f 1599/1599 1610/1610 1611/1611
f 1599/1599 1611/1611 1600/1600
f 1611/1611 1610/1610 1620/1620
f 1611/1611 1620/1620 1619/1619
f 1619/1619 1620/1620 1621/1621
f 1619/1619 1621/1621 1622/1622
f 1622/1622 1621/1621 1623/1623
f 1622/1622 1623/1623 1624/1624
f 1624/1624 1623/1623 1634/1634
f 1624/1624 1634/1634 1635/1635
f 1635/1635 1634/1634 1572/1572
f 1635/1635 1572/1572 1571/1571
f 1571/1571 1572/1572 1573/1573
f 1571/1571 1573/1573 1574/1574
f 1574/1574 1573/1573 1575/1575
f 1574/1574 1575/1575 1576/1576
f 1576/1576 1575/1575 1650/1650
f 1576/1576 1650/1650 1649/1649
f 1649/1649 1650/1650 1651/1651
f 1649/1649 1651/1651 1652/1652
f 1652/1652 1651/1651 1653/1653
f 1652/1652 1653/1653 1654/1654
f 1548/1548 1547/1547 1555/1555
f 1548/1548 1555/1555 1556/1556
f 1556/1556 1555/1555 1578/1578
f 1556/1556 1578/1578 1577/1577
f 1577/1577 1578/1578 1579/1579
f 1577/1577 1579/1579 1580/1580
f 1580/1580 1579/1579 1672/1672
f 1580/1580 1672/1672 1671/1671
f 1671/1671 1672/1672 1667/1667
f 1671/1671 1667/1667 1670/1670
f 1667/1667 1668/1668 1669/1669
f 1667/1667 1669/1669 1670/1670
f 1664/1664 1669/1669 1668/1668
f 1664/1664 1663/1663 1669/1669
f 1661/1661 1663/1663 1664/1664
f 1661/1661 1662/1662 1663/1663
f 1685/1685 1686/1686 1687/1687
f 1692/1692 1685/1685 1687/1687
f 1686/1686 1697/1697 1687/1687
f 1697/1697 1698/1698 1687/1687
f 1698/1698 1699/1699 1687/1687
f 1699/1699 1700/1700 1687/1687
f 1700/1700 1701/1701 1687/1687
f 1701/1701 1702/1702 1687/1687
f 1702/1702 1703/1703 1687/1687
f 1703/1703 1704/1704 1687/1687
f 1704/1704 1705/1705 1687/1687
f 1705/1705 1706/1706 1687/1687
f 1706/1706 1707/1707 1687/1687
f 1707/1707 1695/1695 1687/1687
f 1695/1695 1696/1696 1687/1687
f 1696/1696 1692/1692 1687/1687
f 1688/1688 1689/1689 1690/1690
f 1688/1688 1690/1690 1691/1691
f 1693/1693 1689/1689 1688/1688
f 1693/1693 1694/1694 1689/1689
f 1689/1689 1694/1694 1729/1729
f 1689/1689 1729/1729 1730/1730
f 1690/1690 1689/1689 1730/1730
f 1757/1757 1690/1690 1751/1751
f 1691/1691 1690/1690 1757/1757
f 1690/1690 1730/1730 1751/1751
f 1691/1691 1757/1757 1782/1782
f 1757/1757 1751/1751 1754/1754
f 1758/1758 1757/1757 1754/1754
f 1781/1781 1782/1782 1757/1757
f 1781/1781 1757/1757 1758/1758
f 1751/1751 1752/1752 1753/1753
f 1751/1751 1753/1753 1754/1754
f 1730/1730 1752/1752 1751/1751
f 1754/1754 1753/1753 1755/1755
f 1754/1754 1755/1755 1756/1756
f 1758/1758 1754/1754 1756/1756
f 1759/1759 1758/1758 1756/1756
f 1780/1780 1781/1781 1758/1758
f 1780/1780 1758/1758 1759/1759
f 1759/1759 1756/1756 1760/1760
f 1755/1755 1760/1760 1756/1756
f 1755/1755 1761/1761 1760/1760
f 1762/1762 1759/1759 1760/1760
f 1762/1762 1760/1760 1763/1763
f 1761/1761 1763/1763 1760/1760
f 1779/1779 1780/1780 1759/1759
f 1779/1779 1759/1759 1762/1762
f 1765/1765 1762/1762 1763/1763
f 1778/1778 1779/1779 1762/1762
f 1778/1778 1762/1762 1765/1765
f 1761/1761 1764/1764 1763/1763
f 1765/1765 1763/1763 1766/1766
f 1767/1767 1766/1766 1763/1763
f 1767/1767 1763/1763 1764/1764
f 1768/1768 1765/1765 1766/1766
f 1768/1768 1778/1778 1765/1765
f 1768/1768 1777/1777 1778/1778
f 1768/1768 1766/1766 1769/1769
f 1771/1771 1768/1768 1769/1769
f 1771/1771 1777/1777 1768/1768
f 1770/1770 1769/1769 1766/1766
f 1770/1770 1766/1766 1767/1767
f 1771/1771 1769/1769 1772/1772
f 1773/1773 1772/1772 1769/1769
f 1773/1773 1769/1769 1770/1770
f 1711/1711 1771/1771 1772/1772
f 1771/1771 1776/1776 1777/1777
f 1711/1711 1776/1776 1771/1771
f 1711/1711 1772/1772 1714/1714
f 1774/1774 1714/1714 1772/1772
f 1774/1774 1772/1772 1773/1773
f 1708/1708 1710/1710 1711/1711
f 1708/1708 1711/1711 1714/1714
f 1711/1711 1710/1710 1776/1776
f 1708/1708 1714/1714 1715/1715
f 1775/1775 1715/1715 1714/1714
f 1775/1775 1714/1714 1774/1774
f 1708/1708 1709/1709 1710/1710
f 1712/1712 1709/1709 1708/1708
f 1712/1712 1708/1708 1715/1715
f 1712/1712 1715/1715 1716/1716
f 1716/1716 1715/1715 1775/1775
f 1716/1716 1775/1775 1783/1783
f 1717/1717 1712/1712 1716/1716
f 1717/1717 1716/1716 1718/1718
f 1718/1718 1716/1716 1783/1783
f 1712/1712 1713/1713 1709/1709
f 1712/1712 1717/1717 1719/1719
f 1712/1712 1719/1719 1713/1713
f 1718/1718 1783/1783 1784/1784
f 1730/1730 1733/1733 1752/1752
f 1729/1729 1733/1733 1730/1730
f 1729/1729 1732/1732 1733/1733
f 1694/1694 1727/1727 1729/1729
f 1727/1727 1732/1732 1729/1729
f 1727/1727 1731/1731 1732/1732
f 1726/1726 1723/1723 1727/1727
f 1694/1694 1726/1726 1727/1727
f 1727/1727 1723/1723 1786/1786
f 1727/1727 1786/1786 1731/1731
f 1728/1728 1726/1726 1694/1694
f 1728/1728 1694/1694 1693/1693
f 1726/1726 1720/1720 1723/1723
f 1724/1724 1720/1720 1726/1726
f 1724/1724 1726/1726 1728/1728
f 1720/1720 1722/1722 1723/1723
f 1723/1723 1722/1722 1785/1785
f 1723/1723 1785/1785 1786/1786
f 1720/1720 1721/1721 1722/1722
f 1721/1721 1720/1720 1724/1724
f 1721/1721 1724/1724 1725/1725
f 1734/1734 1735/1735 1736/1736
f 1737/1737 1734/1734 1736/1736
f 1735/1735 1738/1738 1736/1736
f 1738/1738 1739/1739 1736/1736
f 1739/1739 1748/1748 1736/1736
f 1748/1748 1740/1740 1736/1736
f 1740/1740 1741/1741 1736/1736
f 1741/1741 1742/1742 1736/1736
f 1742/1742 1749/1749 1736/1736
f 1749/1749 1743/1743 1736/1736
f 1743/1743 1744/1744 1736/1736
f 1744/1744 1745/1745 1736/1736
f 1745/1745 1750/1750 1736/1736
f 1750/1750 1747/1747 1736/1736
f 1746/1746 1737/1737 1736/1736
f 1747/1747 1746/1746 1736/1736
f 1787/1787 1788/1788 1789/1789
f 1794/1794 1787/1787 1789/1789
f 1788/1788 1799/1799 1789/1789
f 1799/1799 1800/1800 1789/1789
f 1800/1800 1801/1801 1789/1789
f 1801/1801 1802/1802 1789/1789
f 1802/1802 1803/1803 1789/1789
f 1803/1803 1804/1804 1789/1789
f 1804/1804 1805/1805 1789/1789
f 1805/1805 1806/1806 1789/1789
f 1806/1806 1807/1807 1789/1789
f 1807/1807 1808/1808 1789/1789
f 1808/1808 1809/1809 1789/1789
f 1809/1809 1797/1797 1789/1789
f 1797/1797 1798/1798 1789/1789
f 1798/1798 1794/1794 1789/1789
f 1790/1790 1791/1791 1792/1792
f 1790/1790 1792/1792 1793/1793
f 1854/1854 1859/1859 1790/1790
f 1854/1854 1790/1790 1855/1855
f 1859/1859 1791/1791 1790/1790
f 1855/1855 1790/1790 1793/1793
f 1859/1859 1884/1884 1791/1791
f 1858/1858 1860/1860 1859/1859
f 1858/1858 1859/1859 1854/1854
f 1860/1860 1884/1884 1859/1859
f 1853/1853 1854/1854 1855/1855
f 1857/1857 1858/1858 1854/1854
f 1857/1857 1854/1854 1853/1853
f 1853/1853 1855/1855 1856/1856
f 1855/1855 1793/1793 1832/1832
f 1856/1856 1855/1855 1832/1832
f 1856/1856 1832/1832 1835/1835
f 1832/1832 1793/1793 1796/1796
f 1832/1832 1796/1796 1831/1831
f 1835/1835 1832/1832 1831/1831
f 1835/1835 1831/1831 1833/1833
f 1831/1831 1796/1796 1829/1829
f 1831/1831 1829/1829 1828/1828
f 1833/1833 1831/1831 1828/1828
f 1793/1793 1795/1795 1796/1796
f 1796/1796 1795/1795 1830/1830
f 1796/1796 1830/1830 1829/1829
f 1828/1828 1829/1829 1823/1823
f 1829/1829 1830/1830 1826/1826
f 1829/1829 1826/1826 1823/1823
f 1828/1828 1823/1823 1822/1822
f 1833/1833 1828/1828 1834/1834
f 1834/1834 1828/1828 1822/1822
f 1822/1822 1823/1823 1824/1824
f 1826/1826 1824/1824 1823/1823
f 1826/1826 1827/1827 1824/1824
f 1822/1822 1824/1824 1825/1825
f 1887/1887 1888/1888 1822/1822
f 1887/1887 1822/1822 1825/1825
f 1834/1834 1822/1822 1888/1888
f 1793/1793 1792/1792 1795/1795
f 1861/1861 1858/1858 1857/1857
f 1861/1861 1857/1857 1863/1863
f 1861/1861 1862/1862 1860/1860
f 1861/1861 1860/1860 1858/1858
f 1862/1862 1861/1861 1864/1864
f 1864/1864 1861/1861 1863/1863
f 1864/1864 1863/1863 1866/1866
f 1862/1862 1864/1864 1865/1865
f 1865/1865 1864/1864 1867/1867
f 1864/1864 1866/1866 1869/1869
f 1864/1864 1869/1869 1867/1867
f 1865/1865 1867/1867 1868/1868
f 1881/1881 1865/1865 1868/1868
f 1862/1862 1865/1865 1881/1881
f 1868/1868 1867/1867 1870/1870
f 1867/1867 1869/1869 1872/1872
f 1867/1867 1872/1872 1870/1870
f 1868/1868 1870/1870 1871/1871
f 1880/1880 1868/1868 1871/1871
f 1881/1881 1868/1868 1880/1880
f 1862/1862 1881/1881 1882/1882
f 1860/1860 1862/1862 1882/1882
f 1860/1860 1882/1882 1883/1883
f 1860/1860 1883/1883 1884/1884
f 1880/1880 1871/1871 1878/1878
f 1878/1878 1871/1871 1874/1874
f 1878/1878 1874/1874 1879/1879
f 1871/1871 1873/1873 1874/1874
f 1874/1874 1873/1873 1816/1816
f 1874/1874 1816/1816 1811/1811
f 1879/1879 1874/1874 1811/1811
f 1879/1879 1811/1811 1810/1810
f 1810/1810 1811/1811 1812/1812
f 1811/1811 1816/1816 1817/1817
f 1811/1811 1817/1817 1812/1812
f 1873/1873 1876/1876 1816/1816
f 1816/1816 1876/1876 1877/1877
f 1816/1816 1877/1877 1817/1817
f 1812/1812 1817/1817 1818/1818
f 1817/1817 1877/1877 1885/1885
f 1817/1817 1885/1885 1818/1818
f 1810/1810 1812/1812 1813/1813
f 1813/1813 1812/1812 1814/1814
f 1812/1812 1818/1818 1814/1814
f 1814/1814 1818/1818 1819/1819
f 1885/1885 1819/1819 1818/1818
f 1885/1885 1886/1886 1819/1819
f 1814/1814 1819/1819 1820/1820
f 1813/1813 1814/1814 1815/1815
f 1821/1821 1815/1815 1814/1814
f 1821/1821 1814/1814 1820/1820
f 1873/1873 1875/1875 1876/1876
f 1871/1871 1870/1870 1873/1873
f 1870/1870 1875/1875 1873/1873
f 1870/1870 1872/1872 1875/1875
f 1836/1836 1837/1837 1838/1838
f 1839/1839 1836/1836 1838/1838
f 1837/1837 1840/1840 1838/1838
f 1840/1840 1841/1841 1838/1838
f 1841/1841 1850/1850 1838/1838
f 1850/1850 1842/1842 1838/1838
f 1842/1842 1843/1843 1838/1838
f 1843/1843 1844/1844 1838/1838
f 1844/1844 1851/1851 1838/1838
f 1851/1851 1845/1845 1838/1838
f 1845/1845 1846/1846 1838/1838
f 1846/1846 1847/1847 1838/1838
f 1847/1847 1852/1852 1838/1838
f 1852/1852 1849/1849 1838/1838
f 1848/1848 1839/1839 1838/1838
f 1849/1849 1848/1848 1838/1838
f 1889/1889 1890/1890 1891/1891
f 1896/1896 1889/1889 1891/1891
f 1890/1890 1901/1901 1891/1891
f 1901/1901 1902/1902 1891/1891
f 1902/1902 1903/1903 1891/1891
f 1903/1903 1904/1904 1891/1891
f 1904/1904 1905/1905 1891/1891
f 1905/1905 1906/1906 1891/1891
f 1906/1906 1907/1907 1891/1891
f 1907/1907 1908/1908 1891/1891
f 1908/1908 1909/1909 1891/1891
f 1909/1909 1910/1910 1891/1891
f 1910/1910 1911/1911 1891/1891
f 1911/1911 1899/1899 1891/1891
f 1899/1899 1900/1900 1891/1891
f 1900/1900 1896/1896 1891/1891
f 1892/1892 1893/1893 1894/1894
f 1892/1892 1894/1894 1895/1895
f 1897/1897 1892/1892 1895/1895
f 1933/1933 1934/1934 1892/1892
f 1933/1933 1892/1892 1897/1897
f 1934/1934 1893/1893 1892/1892
f 1893/1893 1986/1986 1894/1894
f 1961/1961 1985/1985 1986/1986
f 1893/1893 1961/1961 1986/1986
f 1958/1958 1957/1957 1961/1961
f 1958/1958 1961/1961 1893/1893
f 1957/1957 1962/1962 1961/1961
f 1961/1961 1962/1962 1985/1985
f 1962/1962 1984/1984 1985/1985
f 1957/1957 1960/1960 1962/1962
f 1960/1960 1964/1964 1962/1962
f 1962/1962 1964/1964 1984/1984
f 1955/1955 1956/1956 1957/1957
f 1955/1955 1957/1957 1958/1958
f 1956/1956 1960/1960 1957/1957
f 1956/1956 1959/1959 1960/1960
f 1960/1960 1963/1963 1964/1964
f 1959/1959 1963/1963 1960/1960
f 1963/1963 1967/1967 1964/1964
f 1964/1964 1967/1967 1983/1983
f 1964/1964 1983/1983 1984/1984
f 1959/1959 1965/1965 1963/1963
f 1963/1963 1966/1966 1967/1967
f 1965/1965 1966/1966 1963/1963
f 1966/1966 1970/1970 1967/1967
f 1967/1967 1970/1970 1982/1982
f 1967/1967 1982/1982 1983/1983
f 1965/1965 1968/1968 1966/1966
f 1966/1966 1969/1969 1970/1970
f 1968/1968 1969/1969 1966/1966
f 1969/1969 1973/1973 1970/1970
f 1970/1970 1973/1973 1981/1981
f 1970/1970 1981/1981 1982/1982
f 1968/1968 1971/1971 1969/1969
f 1969/1969 1972/1972 1973/1973
f 1971/1971 1972/1972 1969/1969
f 1972/1972 1976/1976 1973/1973
f 1973/1973 1976/1976 1980/1980
f 1973/1973 1980/1980 1981/1981
f 1971/1971 1974/1974 1972/1972
f 1972/1972 1975/1975 1976/1976
f 1974/1974 1975/1975 1972/1972
f 1975/1975 1912/1912 1976/1976
f 1976/1976 1912/1912 1915/1915
f 1976/1976 1915/1915 1980/1980
f 1974/1974 1977/1977 1975/1975
f 1975/1975 1918/1918 1912/1912
f 1977/1977 1918/1918 1975/1975
f 1912/1912 1913/1913 1914/1914
f 1912/1912 1914/1914 1915/1915
f 1918/1918 1913/1913 1912/1912
f 1918/1918 1919/1919 1913/1913
f 1977/1977 1978/1978 1918/1918
f 1978/1978 1919/1919 1918/1918
f 1913/1913 1916/1916 1917/1917
f 1913/1913 1917/1917 1914/1914
f 1919/1919 1916/1916 1913/1913
f 1919/1919 1920/1920 1916/1916
f 1978/1978 1979/1979 1919/1919
f 1979/1979 1920/1920 1919/1919
f 1920/1920 1922/1922 1916/1916
f 1916/1916 1922/1922 1923/1923
f 1916/1916 1923/1923 1917/1917
f 1920/1920 1921/1921 1922/1922
f 1979/1979 1987/1987 1920/1920
f 1987/1987 1921/1921 1920/1920
f 1987/1987 1988/1988 1921/1921
f 1934/1934 1958/1958 1893/1893
f 1937/1937 1955/1955 1958/1958
f 1937/1937 1958/1958 1934/1934
f 1936/1936 1937/1937 1934/1934
f 1936/1936 1934/1934 1933/1933
f 1935/1935 1936/1936 1933/1933
f 1930/1930 1933/1933 1897/1897
f 1935/1935 1933/1933 1930/1930
f 1990/1990 1935/1935 1930/1930
f 1925/1925 1930/1930 1931/1931
f 1930/1930 1897/1897 1931/1931
f 1990/1990 1930/1930 1925/1925
f 1897/1897 1895/1895 1898/1898
f 1931/1931 1897/1897 1898/1898
f 1925/1925 1931/1931 1926/1926
f 1926/1926 1931/1931 1932/1932
f 1931/1931 1898/1898 1932/1932
f 1924/1924 1925/1925 1926/1926
f 1989/1989 1990/1990 1925/1925
f 1989/1989 1925/1925 1924/1924
f 1924/1924 1926/1926 1927/1927
f 1927/1927 1926/1926 1928/1928
f 1926/1926 1932/1932 1928/1928
f 1927/1927 1928/1928 1929/1929
f 1938/1938 1939/1939 1940/1940
f 1941/1941 1938/1938 1940/1940
f 1939/1939 1942/1942 1940/1940
f 1942/1942 1943/1943 1940/1940
f 1943/1943 1952/1952 1940/1940
f 1952/1952 1944/1944 1940/1940
f 1944/1944 1945/1945 1940/1940
f 1945/1945 1946/1946 1940/1940
f 1946/1946 1953/1953 1940/1940
f 1953/1953 1947/1947 1940/1940
f 1947/1947 1948/1948 1940/1940
f 1948/1948 1949/1949 1940/1940
f 1949/1949 1954/1954 1940/1940
f 1954/1954 1951/1951 1940/1940
f 1950/1950 1941/1941 1940/1940
f 1951/1951 1950/1950 1940/1940
f 1991/1991 1992/1992 1993/1993
f 1998/1998 1991/1991 1993/1993
f 1992/1992 2003/2003 1993/1993
f 2003/2003 2004/2004 1993/1993
f 2004/2004 2005/2005 1993/1993
f 2005/2005 2006/2006 1993/1993
f 2006/2006 2007/2007 1993/1993
f 2007/2007 2008/2008 1993/1993
f 2008/2008 2009/2009 1993/1993
f 2009/2009 2010/2010 1993/1993
f 2010/2010 2011/2011 1993/1993
f 2011/2011 2012/2012 1993/1993
f 2012/2012 2013/2013 1993/1993
f 2013/2013 2001/2001 1993/1993
f 2001/2001 2002/2002 1993/1993
f 2002/2002 1998/1998 1993/1993
f 1994/1994 1995/1995 1996/1996
f 1994/1994 1996/1996 1997/1997
f 1999/1999 1995/1995 1994/1994
f 1999/1999 2000/2000 1995/1995
f 2035/2035 2036/2036 1995/1995
f 2035/2035 1995/1995 2000/2000
f 2036/2036 1996/1996 1995/1995
f 2057/2057 2063/2063 1996/1996
f 1997/1997 1996/1996 2063/2063
f 2036/2036 2057/2057 1996/1996
f 1997/1997 2063/2063 2088/2088
f 2057/2057 2060/2060 2063/2063
f 2060/2060 2064/2064 2063/2063
f 2088/2088 2063/2063 2064/2064
f 2057/2057 2058/2058 2059/2059
f 2057/2057 2059/2059 2060/2060
f 2036/2036 2058/2058 2057/2057
f 2035/2035 2039/2039 2036/2036
f 2036/2036 2039/2039 2058/2058
f 2035/2035 2038/2038 2039/2039
f 2032/2032 2037/2037 2038/2038
f 2032/2032 2038/2038 2035/2035
f 2027/2027 2032/2032 2033/2033
f 2032/2032 2035/2035 2000/2000
f 2032/2032 2000/2000 2033/2033
f 2027/2027 2037/2037 2032/2032
f 2027/2027 2092/2092 2037/2037
f 2026/2026 2027/2027 2028/2028
f 2027/2027 2033/2033 2028/2028
f 2027/2027 2026/2026 2091/2091
f 2027/2027 2091/2091 2092/2092
f 2028/2028 2033/2033 2034/2034
f 2034/2034 2033/2033 2000/2000
f 2034/2034 2000/2000 1999/1999
f 2028/2028 2034/2034 2030/2030
f 2026/2026 2028/2028 2029/2029
f 2029/2029 2028/2028 2030/2030
f 2029/2029 2030/2030 2031/2031
f 2059/2059 2062/2062 2060/2060
f 2060/2060 2062/2062 2064/2064
f 2059/2059 2061/2061 2062/2062
f 2062/2062 2065/2065 2066/2066
f 2062/2062 2066/2066 2064/2064
f 2061/2061 2065/2065 2062/2062
f 2086/2086 2087/2087 2064/2064
f 2086/2086 2064/2064 2066/2066
f 2088/2088 2064/2064 2087/2087
f 2065/2065 2069/2069 2066/2066
f 2085/2085 2086/2086 2066/2066
f 2085/2085 2066/2066 2069/2069
f 2065/2065 2068/2068 2069/2069
f 2068/2068 2072/2072 2069/2069
f 2072/2072 2085/2085 2069/2069
f 2072/2072 2084/2084 2085/2085
f 2068/2068 2071/2071 2072/2072
f 2071/2071 2075/2075 2072/2072
f 2075/2075 2084/2084 2072/2072
f 2067/2067 2070/2070 2068/2068
f 2067/2067 2068/2068 2065/2065
f 2070/2070 2071/2071 2068/2068
f 2061/2061 2067/2067 2065/2065
f 2070/2070 2073/2073 2071/2071
f 2071/2071 2074/2074 2075/2075
f 2076/2076 2074/2074 2071/2071
f 2076/2076 2071/2071 2073/2073
f 2074/2074 2077/2077 2078/2078
f 2074/2074 2078/2078 2075/2075
f 2079/2079 2077/2077 2074/2074
f 2079/2079 2074/2074 2076/2076
f 2077/2077 2020/2020 2017/2017
f 2077/2077 2017/2017 2078/2078
f 2080/2080 2020/2020 2077/2077
f 2080/2080 2077/2077 2079/2079
f 2078/2078 2082/2082 2083/2083
f 2078/2078 2083/2083 2075/2075
f 2017/2017 2082/2082 2078/2078
f 2014/2014 2016/2016 2017/2017
f 2020/2020 2014/2014 2017/2017
f 2017/2017 2016/2016 2082/2082
f 2014/2014 2015/2015 2016/2016
f 2014/2014 2018/2018 2019/2019
f 2014/2014 2019/2019 2015/2015
f 2020/2020 2021/2021 2014/2014
f 2021/2021 2018/2018 2014/2014
f 2021/2021 2022/2022 2018/2018
f 2022/2022 2024/2024 2018/2018
f 2018/2018 2024/2024 2025/2025
f 2018/2018 2025/2025 2019/2019
f 2081/2081 2021/2021 2020/2020
f 2089/2089 2022/2022 2021/2021
f 2089/2089 2021/2021 2081/2081
f 2022/2022 2023/2023 2024/2024
f 2023/2023 2022/2022 2089/2089
f 2023/2023 2089/2089 2090/2090
f 2081/2081 2020/2020 2080/2080
f 2075/2075 2083/2083 2084/2084
f 2040/2040 2041/2041 2042/2042
f 2043/2043 2040/2040 2042/2042
f 2041/2041 2044/2044 2042/2042
f 2044/2044 2045/2045 2042/2042
f 2045/2045 2054/2054 2042/2042
f 2054/2054 2046/2046 2042/2042
f 2046/2046 2047/2047 2042/2042
f 2047/2047 2048/2048 2042/2042
f 2048/2048 2055/2055 2042/2042
f 2055/2055 2049/2049 2042/2042
f 2049/2049 2050/2050 2042/2042
f 2050/2050 2051/2051 2042/2042
f 2051/2051 2056/2056 2042/2042
f 2056/2056 2053/2053 2042/2042
f 2052/2052 2043/2043 2042/2042
f 2053/2053 2052/2052 2042/2042
f 2093/2093 2094/2094 2095/2095
f 2100/2100 2093/2093 2095/2095
f 2094/2094 2105/2105 2095/2095
f 2105/2105 2106/2106 2095/2095
f 2106/2106 2107/2107 2095/2095
f 2107/2107 2108/2108 2095/2095
f 2108/2108 2109/2109 2095/2095
f 2109/2109 2110/2110 2095/2095
f 2110/2110 2111/2111 2095/2095
f 2111/2111 2112/2112 2095/2095
f 2112/2112 2113/2113 2095/2095
f 2113/2113 2114/2114 2095/2095
f 2114/2114 2115/2115 2095/2095
f 2115/2115 2103/2103 2095/2095
f 2103/2103 2104/2104 2095/2095
f 2104/2104 2100/2100 2095/2095
f 2096/2096 2097/2097 2098/2098
f 2096/2096 2098/2098 2099/2099
f 2190/2190 2096/2096 2099/2099
f 2097/2097 2101/2101 2102/2102
f 2097/2097 2102/2102 2098/2098
f 2098/2098 2102/2102 2137/2137
f 2098/2098 2137/2137 2138/2138
f 2099/2099 2098/2098 2138/2138
f 2165/2165 2099/2099 2160/2160
f 2190/2190 2099/2099 2165/2165
f 2099/2099 2138/2138 2160/2160
f 2189/2189 2190/2190 2165/2165
f 2165/2165 2160/2160 2159/2159
f 2166/2166 2165/2165 2159/2159
f 2189/2189 2165/2165 2166/2166
f 2159/2159 2160/2160 2161/2161
f 2160/2160 2138/2138 2141/2141
f 2160/2160 2141/2141 2161/2161
f 2138/2138 2137/2137 2140/2140
f 2138/2138 2140/2140 2141/2141
f 2137/2137 2139/2139 2140/2140
f 2137/2137 2135/2135 2139/2139
f 2135/2135 2194/2194 2139/2139
f 2134/2134 2131/2131 2135/2135
f 2102/2102 2134/2134 2135/2135
f 2102/2102 2135/2135 2137/2137
f 2135/2135 2131/2131 2194/2194
f 2131/2131 2193/2193 2194/2194
f 2128/2128 2130/2130 2131/2131
f 2134/2134 2128/2128 2131/2131
f 2131/2131 2130/2130 2193/2193
f 2128/2128 2129/2129 2130/2130
f 2132/2132 2129/2129 2128/2128
f 2136/2136 2132/2132 2128/2128
f 2136/2136 2128/2128 2134/2134
f 2132/2132 2133/2133 2129/2129
f 2101/2101 2136/2136 2134/2134
f 2101/2101 2134/2134 2102/2102
f 2159/2159 2161/2161 2162/2162
f 2163/2163 2159/2159 2162/2162
f 2166/2166 2159/2159 2163/2163
f 2163/2163 2162/2162 2164/2164
f 2167/2167 2166/2166 2163/2163
f 2167/2167 2163/2163 2168/2168
f 2168/2168 2163/2163 2164/2164
f 2188/2188 2189/2189 2166/2166
f 2188/2188 2166/2166 2167/2167
f 2170/2170 2167/2167 2168/2168
f 2187/2187 2188/2188 2167/2167
f 2187/2187 2167/2167 2170/2170
f 2168/2168 2164/2164 2169/2169
f 2170/2170 2168/2168 2171/2171
f 2171/2171 2168/2168 2169/2169
f 2173/2173 2170/2170 2171/2171
f 2186/2186 2187/2187 2170/2170
f 2186/2186 2170/2170 2173/2173
f 2171/2171 2169/2169 2172/2172
f 2173/2173 2171/2171 2174/2174
f 2174/2174 2171/2171 2172/2172
f 2176/2176 2173/2173 2174/2174
f 2185/2185 2186/2186 2173/2173
f 2185/2185 2173/2173 2176/2176
f 2174/2174 2172/2172 2175/2175
f 2176/2176 2174/2174 2177/2177
f 2177/2177 2174/2174 2175/2175
f 2179/2179 2176/2176 2177/2177
f 2184/2184 2185/2185 2176/2176
f 2184/2184 2176/2176 2179/2179
f 2177/2177 2175/2175 2178/2178
f 2179/2179 2177/2177 2180/2180
f 2180/2180 2177/2177 2178/2178
f 2118/2118 2179/2179 2180/2180
f 2117/2117 2184/2184 2179/2179
f 2117/2117 2179/2179 2118/2118
f 2180/2180 2178/2178 2181/2181
f 2118/2118 2180/2180 2122/2122
f 2122/2122 2180/2180 2181/2181
f 2116/2116 2117/2117 2118/2118
f 2116/2116 2118/2118 2119/2119
f 2119/2119 2118/2118 2122/2122
f 2119/2119 2122/2122 2123/2123
f 2122/2122 2181/2181 2182/2182
f 2123/2123 2122/2122 2182/2182
f 2120/2120 2116/2116 2119/2119
f 2120/2120 2119/2119 2121/2121
f 2121/2121 2119/2119 2123/2123
f 2121/2121 2123/2123 2124/2124
f 2123/2123 2182/2182 2183/2183
f 2124/2124 2123/2123 2183/2183
f 2125/2125 2121/2121 2124/2124
f 2127/2127 2120/2120 2121/2121
f 2127/2127 2121/2121 2125/2125
f 2125/2125 2124/2124 2126/2126
f 2124/2124 2183/2183 2191/2191
f 2126/2126 2124/2124 2191/2191
f 2126/2126 2191/2191 2192/2192
f 2142/2142 2143/2143 2144/2144
f 2145/2145 2142/2142 2144/2144
f 2143/2143 2146/2146 2144/2144
f 2146/2146 2147/2147 2144/2144
f 2147/2147 2156/2156 2144/2144
f 2156/2156 2148/2148 2144/2144
f 2148/2148 2149/2149 2144/2144
f 2149/2149 2150/2150 2144/2144
f 2150/2150 2157/2157 2144/2144
f 2157/2157 2151/2151 2144/2144
f 2151/2151 2152/2152 2144/2144
f 2152/2152 2153/2153 2144/2144
f 2153/2153 2158/2158 2144/2144
f 2158/2158 2155/2155 2144/2144
f 2154/2154 2145/2145 2144/2144
f 2155/2155 2154/2154 2144/2144
f 2195/2195 2196/2196 2197/2197
f 2195/2195 2197/2197 2198/2198
f 2198/2198 2197/2197 2225/2225
f 2198/2198 2225/2225 2226/2226
f 2198/2198 2226/2226 2235/2235
f 2198/2198 2235/2235 2236/2236
f 2199/2199 2200/2200 2201/2201
f 2199/2199 2201/2201 2202/2202
f 2200/2200 2223/2223 2224/2224
f 2200/2200 2224/2224 2201/2201
f 2203/2203 2204/2204 2205/2205
f 2203/2203 2205/2205 2206/2206
f 2219/2219 2221/2221 2205/2205
f 2206/2206 2205/2205 2221/2221
f 2206/2206 2221/2221 2222/2222
f 2219/2219 2220/2220 2221/2221
f 2207/2207 2208/2208 2209/2209
f 2207/2207 2209/2209 2210/2210
f 2211/2211 2212/2212 2213/2213
f 2211/2211 2213/2213 2214/2214
f 2212/2212 2237/2237 2238/2238
f 2212/2212 2238/2238 2213/2213
f 2215/2215 2216/2216 2217/2217
f 2215/2215 2217/2217 2218/2218
f 2227/2227 2228/2228 2229/2229
f 2227/2227 2229/2229 2230/2230
f 2231/2231 2232/2232 2233/2233
f 2231/2231 2233/2233 2234/2234
f 2239/2239 2240/2240 2241/2241
f 2239/2239 2241/2241 2242/2242
f 2247/2247 2245/2245 2239/2239
f 2247/2247 2239/2239 2242/2242
f 2245/2245 2240/2240 2239/2239
f 2243/2243 2241/2241 2240/2240
f 2245/2245 2243/2243 2240/2240
f 2243/2243 2244/2244 2241/2241
f 2243/2243 2245/2245 2246/2246
f 2243/2243 2246/2246 2244/2244
f 2248/2248 2249/2249 2250/2250
f 2248/2248 2250/2250 2251/2251
f 2250/2250 2267/2267 2266/2266
f 2250/2250 2266/2266 2251/2251
f 2264/2264 2266/2266 2267/2267
f 2264/2264 2265/2265 2266/2266
f 2264/2264 2268/2268 2269/2269
f 2264/2264 2269/2269 2265/2265
f 2252/2252 2253/2253 2254/2254
f 2252/2252 2254/2254 2255/2255
f 2256/2256 2257/2257 2252/2252
f 2256/2256 2252/2252 2255/2255
f 2259/2259 2254/2254 2253/2253
f 2259/2259 2258/2258 2254/2254
f 2256/2256 2258/2258 2259/2259
f 2256/2256 2259/2259 2257/2257
f 2260/2260 2261/2261 2262/2262
f 2260/2260 2262/2262 2263/2263
f 2270/2270 2271/2271 2272/2272
f 2270/2270 2272/2272 2273/2273
f 2274/2274 2271/2271 2270/2270
f 2304/2304 2270/2270 2273/2273
f 2306/2306 2274/2274 2270/2270
f 2306/2306 2270/2270 2304/2304
f 2273/2273 2272/2272 2303/2303
f 2273/2273 2303/2303 2302/2302
f 2304/2304 2273/2273 2305/2305
f 2305/2305 2273/2273 2302/2302
f 2302/2302 2303/2303 2301/2301
f 2303/2303 2331/2331 2328/2328
f 2303/2303 2328/2328 2301/2301
f 2272/2272 2331/2331 2303/2303
f 2302/2302 2301/2301 2300/2300
f 2320/2320 2302/2302 2300/2300
f 2305/2305 2302/2302 2320/2320
f 2300/2300 2301/2301 2299/2299
f 2301/2301 2328/2328 2327/2327
f 2301/2301 2327/2327 2299/2299
f 2331/2331 2335/2335 2328/2328
f 2328/2328 2335/2335 2336/2336
f 2328/2328 2336/2336 2327/2327
f 2297/2297 2299/2299 2327/2327
f 2297/2297 2327/2327 2325/2325
f 2327/2327 2336/2336 2337/2337
f 2327/2327 2337/2337 2325/2325
f 2298/2298 2299/2299 2297/2297
f 2300/2300 2299/2299 2298/2298
f 2294/2294 2296/2296 2297/2297
f 2298/2298 2297/2297 2296/2296
f 2294/2294 2297/2297 2325/2325
f 2294/2294 2325/2325 2326/2326
f 2338/2338 2326/2326 2325/2325
f 2338/2338 2325/2325 2337/2337
f 2294/2294 2295/2295 2296/2296
f 2316/2316 2317/2317 2296/2296
f 2316/2316 2296/2296 2295/2295
f 2317/2317 2298/2298 2296/2296
f 2317/2317 2318/2318 2298/2298
f 2318/2318 2300/2300 2298/2298
f 2318/2318 2319/2319 2300/2300
f 2320/2320 2300/2300 2319/2319
f 2331/2331 2334/2334 2335/2335
f 2330/2330 2334/2334 2331/2331
f 2272/2272 2330/2330 2331/2331
f 2330/2330 2333/2333 2334/2334
f 2271/2271 2329/2329 2330/2330
f 2271/2271 2330/2330 2272/2272
f 2329/2329 2333/2333 2330/2330
f 2329/2329 2354/2354 2333/2333
f 2275/2275 2332/2332 2329/2329
f 2275/2275 2329/2329 2271/2271
f 2332/2332 2354/2354 2329/2329
f 2274/2274 2275/2275 2271/2271
f 2276/2276 2277/2277 2275/2275
f 2276/2276 2275/2275 2274/2274
f 2277/2277 2332/2332 2275/2275
f 2352/2352 2353/2353 2332/2332
f 2332/2332 2353/2353 2354/2354
f 2277/2277 2352/2352 2332/2332
f 2278/2278 2279/2279 2277/2277
f 2278/2278 2277/2277 2276/2276
f 2350/2350 2352/2352 2277/2277
f 2350/2350 2277/2277 2279/2279
f 2350/2350 2351/2351 2352/2352
f 2352/2352 2351/2351 2353/2353
f 2349/2349 2350/2350 2348/2348
f 2350/2350 2349/2349 2351/2351
f 2348/2348 2350/2350 2279/2279
f 2279/2279 2278/2278 2280/2280
f 2279/2279 2280/2280 2281/2281
f 2348/2348 2279/2279 2281/2281
f 2347/2347 2348/2348 2346/2346
f 2349/2349 2348/2348 2347/2347
f 2348/2348 2281/2281 2283/2283
f 2348/2348 2283/2283 2346/2346
f 2281/2281 2280/2280 2282/2282
f 2281/2281 2282/2282 2283/2283
f 2280/2280 2278/2278 2308/2308
f 2280/2280 2308/2308 2309/2309
f 2282/2282 2280/2280 2309/2309
f 2283/2283 2282/2282 2284/2284
f 2282/2282 2309/2309 2310/2310
f 2282/2282 2310/2310 2311/2311
f 2282/2282 2311/2311 2284/2284
f 2283/2283 2284/2284 2285/2285
f 2346/2346 2283/2283 2285/2285
f 2285/2285 2284/2284 2286/2286
f 2284/2284 2311/2311 2312/2312
f 2284/2284 2312/2312 2286/2286
f 2285/2285 2286/2286 2287/2287
f 2344/2344 2285/2285 2287/2287
f 2346/2346 2285/2285 2344/2344
f 2287/2287 2286/2286 2288/2288
f 2286/2286 2312/2312 2313/2313
f 2286/2286 2313/2313 2288/2288
f 2287/2287 2288/2288 2289/2289
f 2321/2321 2287/2287 2289/2289
f 2344/2344 2287/2287 2321/2321
f 2343/2343 2344/2344 2321/2321
f 2345/2345 2346/2346 2344/2344
f 2345/2345 2344/2344 2343/2343
f 2347/2347 2346/2346 2345/2345
f 2343/2343 2321/2321 2342/2342
f 2321/2321 2289/2289 2322/2322
f 2342/2342 2321/2321 2322/2322
f 2342/2342 2322/2322 2341/2341
f 2322/2322 2289/2289 2291/2291
f 2322/2322 2291/2291 2323/2323
f 2341/2341 2322/2322 2323/2323
f 2341/2341 2323/2323 2339/2339
f 2323/2323 2291/2291 2293/2293
f 2323/2323 2293/2293 2324/2324
f 2339/2339 2323/2323 2324/2324
f 2289/2289 2290/2290 2291/2291
f 2291/2291 2290/2290 2292/2292
f 2291/2291 2292/2292 2293/2293
f 2289/2289 2288/2288 2290/2290
f 2288/2288 2314/2314 2290/2290
f 2314/2314 2292/2292 2290/2290
f 2314/2314 2315/2315 2292/2292
f 2288/2288 2313/2313 2314/2314
f 2339/2339 2324/2324 2340/2340
f 2278/2278 2307/2307 2308/2308
f 2278/2278 2276/2276 2307/2307
f 2276/2276 2306/2306 2307/2307
f 2276/2276 2274/2274 2306/2306
f 2355/2355 2356/2356 2357/2357
f 2458/2458 2355/2355 2357/2357
f 2489/2489 2490/2490 2355/2355
f 2489/2489 2355/2355 2458/2458
f 2355/2355 2497/2497 2498/2498
f 2355/2355 2498/2498 2356/2356
f 2356/2356 2358/2358 2357/2357
f 2358/2358 2356/2356 2505/2505
f 2358/2358 2359/2359 2357/2357
f 2359/2359 2458/2458 2357/2357
f 2473/2473 2474/2474 2458/2458
f 2473/2473 2458/2458 2359/2359
f 2481/2481 2359/2359 2358/2358
f 2481/2481 2358/2358 2482/2482
f 2358/2358 2505/2505 2506/2506
f 2506/2506 2505/2505 2373/2373
f 2506/2506 2373/2373 2372/2372
f 2372/2372 2373/2373 2374/2374
f 2372/2372 2374/2374 2375/2375
f 2377/2377 2481/2481 2482/2482
f 2377/2377 2482/2482 2378/2378
f 2376/2376 2377/2377 2378/2378
f 2376/2376 2378/2378 2379/2379
f 2363/2363 2474/2474 2473/2473
f 2360/2360 2362/2362 2363/2363
f 2363/2363 2362/2362 2474/2474
f 2360/2360 2361/2361 2362/2362
f 2497/2497 2371/2371 2498/2498
f 2497/2497 2368/2368 2371/2371
f 2368/2368 2370/2370 2371/2371
f 2368/2368 2369/2369 2370/2370
f 2367/2367 2490/2490 2489/2489
f 2364/2364 2366/2366 2367/2367
f 2367/2367 2366/2366 2490/2490
f 2364/2364 2365/2365 2366/2366
f 2380/2380 2381/2381 2382/2382
f 2380/2380 2382/2382 2383/2383
f 2381/2381 2380/2380 2424/2424
f 2381/2381 2424/2424 2425/2425
f 2425/2425 2424/2424 2466/2466
f 2425/2425 2466/2466 2465/2465
f 2465/2465 2466/2466 2467/2467
f 2465/2465 2467/2467 2468/2468
f 2383/2383 2382/2382 2469/2469
f 2383/2383 2469/2469 2470/2470
f 2470/2470 2469/2469 2421/2421
f 2470/2470 2421/2421 2420/2420
f 2420/2420 2421/2421 2422/2422
f 2420/2420 2422/2422 2423/2423
f 2384/2384 2385/2385 2386/2386
f 2384/2384 2386/2386 2387/2387
f 2385/2385 2384/2384 2485/2485
f 2385/2385 2485/2485 2486/2486
f 2486/2486 2485/2485 2427/2427
f 2486/2486 2427/2427 2426/2426
f 2426/2426 2427/2427 2428/2428
f 2426/2426 2428/2428 2429/2429
f 2387/2387 2386/2386 2483/2483
f 2387/2387 2483/2483 2484/2484
f 2484/2484 2483/2483 2431/2431
f 2484/2484 2431/2431 2430/2430
f 2430/2430 2431/2431 2432/2432
f 2430/2430 2432/2432 2433/2433
f 2388/2388 2389/2389 2390/2390
f 2388/2388 2390/2390 2391/2391
f 2493/2493 2389/2389 2388/2388
f 2493/2493 2494/2494 2389/2389
f 2437/2437 2494/2494 2493/2493
f 2437/2437 2436/2436 2494/2494
f 2434/2434 2436/2436 2437/2437
f 2434/2434 2435/2435 2436/2436
f 2491/2491 2492/2492 2391/2391
f 2491/2491 2391/2391 2390/2390
f 2441/2441 2492/2492 2491/2491
f 2441/2441 2440/2440 2492/2492
f 2438/2438 2440/2440 2441/2441
f 2438/2438 2439/2439 2440/2440
f 2392/2392 2393/2393 2394/2394
f 2392/2392 2394/2394 2395/2395
f 2499/2499 2500/2500 2392/2392
f 2499/2499 2392/2392 2395/2395
f 2501/2501 2394/2394 2393/2393
f 2501/2501 2502/2502 2394/2394
f 2445/2445 2502/2502 2501/2501
f 2445/2445 2444/2444 2502/2502
f 2442/2442 2444/2444 2445/2445
f 2442/2442 2443/2443 2444/2444
f 2449/2449 2500/2500 2499/2499
f 2449/2449 2448/2448 2500/2500
f 2446/2446 2448/2448 2449/2449
f 2446/2446 2447/2447 2448/2448
f 2396/2396 2397/2397 2398/2398
f 2396/2396 2398/2398 2399/2399
f 2475/2475 2397/2397 2396/2396
f 2475/2475 2476/2476 2397/2397
f 2457/2457 2476/2476 2475/2475
f 2457/2457 2456/2456 2476/2476
f 2454/2454 2456/2456 2457/2457
f 2454/2454 2455/2455 2456/2456
f 2477/2477 2478/2478 2399/2399
f 2477/2477 2399/2399 2398/2398
f 2453/2453 2478/2478 2477/2477
f 2453/2453 2452/2452 2478/2478
f 2450/2450 2452/2452 2453/2453
f 2450/2450 2451/2451 2452/2452
f 2400/2400 2401/2401 2402/2402
f 2400/2400 2402/2402 2403/2403
f 2403/2403 2402/2402 2472/2472
f 2403/2403 2472/2472 2471/2471
f 2471/2471 2472/2472 2464/2464
f 2471/2471 2464/2464 2460/2460
f 2460/2460 2464/2464 2461/2461
f 2464/2464 2462/2462 2461/2461
f 2464/2464 2479/2479 2480/2480
f 2464/2464 2480/2480 2462/2462
f 2459/2459 2460/2460 2461/2461
f 2487/2487 2488/2488 2460/2460
f 2487/2487 2460/2460 2459/2459
f 2462/2462 2463/2463 2461/2461
f 2463/2463 2459/2459 2461/2461
f 2463/2463 2462/2462 2503/2503
f 2495/2495 2459/2459 2463/2463
f 2495/2495 2463/2463 2496/2496
f 2463/2463 2503/2503 2504/2504
f 2504/2504 2503/2503 2413/2413
f 2504/2504 2413/2413 2412/2412
f 2412/2412 2413/2413 2414/2414
f 2412/2412 2414/2414 2415/2415
f 2409/2409 2495/2495 2496/2496
f 2409/2409 2496/2496 2410/2410
f 2408/2408 2409/2409 2410/2410
f 2408/2408 2410/2410 2411/2411
f 2407/2407 2488/2488 2487/2487
f 2404/2404 2406/2406 2407/2407
f 2407/2407 2406/2406 2488/2488
f 2404/2404 2405/2405 2406/2406
f 2479/2479 2419/2419 2480/2480
f 2479/2479 2416/2416 2419/2419
f 2416/2416 2418/2418 2419/2419
f 2416/2416 2417/2417 2418/2418
f 2507/2507 2508/2508 2509/2509
f 2507/2507 2509/2509 2510/2510
f 2550/2550 2507/2507 2510/2510
f 2508/2508 2527/2527 2530/2530
f 2508/2508 2530/2530 2509/2509
f 2527/2527 2528/2528 2529/2529
f 2527/2527 2529/2529 2530/2530
f 2550/2550 2510/2510 2551/2551
f 2549/2549 2550/2550 2551/2551
f 2549/2549 2551/2551 2552/2552
f 2511/2511 2512/2512 2513/2513
f 2511/2511 2513/2513 2514/2514
f 2557/2557 2511/2511 2514/2514
f 2511/2511 2557/2557 2589/2589
f 2511/2511 2589/2589 2590/2590
f 2557/2557 2514/2514 2558/2558
f 2599/2599 2557/2557 2558/2558
f 2599/2599 2558/2558 2600/2600
f 2524/2524 2599/2599 2600/2600
f 2524/2524 2600/2600 2525/2525
f 2523/2523 2524/2524 2525/2525
f 2523/2523 2525/2525 2526/2526
f 2590/2590 2589/2589 2591/2591
f 2590/2590 2591/2591 2592/2592
f 2592/2592 2591/2591 2554/2554
f 2592/2592 2554/2554 2553/2553
f 2553/2553 2554/2554 2555/2555
f 2553/2553 2555/2555 2556/2556
f 2515/2515 2516/2516 2517/2517
f 2515/2515 2517/2517 2518/2518
f 2519/2519 2520/2520 2521/2521
f 2519/2519 2521/2521 2522/2522
f 2547/2547 2519/2519 2522/2522
f 2547/2547 2522/2522 2548/2548
f 2548/2548 2522/2522 2569/2569
f 2597/2597 2547/2547 2548/2548
f 2548/2548 2569/2569 2570/2570
f 2597/2597 2548/2548 2598/2598
f 2570/2570 2569/2569 2571/2571
f 2570/2570 2571/2571 2572/2572
f 2572/2572 2571/2571 2566/2566
f 2572/2572 2566/2566 2565/2565
f 2565/2565 2566/2566 2567/2567
f 2565/2565 2567/2567 2568/2568
f 2544/2544 2597/2597 2598/2598
f 2544/2544 2598/2598 2545/2545
f 2543/2543 2544/2544 2545/2545
f 2543/2543 2545/2545 2546/2546
f 2531/2531 2532/2532 2533/2533
f 2531/2531 2533/2533 2534/2534
f 2535/2535 2536/2536 2537/2537
f 2535/2535 2537/2537 2538/2538
f 2539/2539 2540/2540 2541/2541
f 2539/2539 2541/2541 2542/2542
f 2593/2593 2539/2539 2542/2542
f 2593/2593 2542/2542 2594/2594
f 2559/2559 2560/2560 2561/2561
f 2559/2559 2561/2561 2562/2562
f 2560/2560 2563/2563 2564/2564
f 2560/2560 2564/2564 2561/2561
f 2563/2563 2587/2587 2588/2588
f 2563/2563 2588/2588 2564/2564
f 2587/2587 2583/2583 2586/2586
f 2587/2587 2586/2586 2588/2588
f 2583/2583 2584/2584 2585/2585
f 2583/2583 2585/2585 2586/2586
f 2584/2584 2595/2595 2596/2596
f 2584/2584 2596/2596 2585/2585
f 2573/2573 2574/2574 2575/2575
f 2573/2573 2575/2575 2576/2576
f 2581/2581 2573/2573 2576/2576
f 2581/2581 2576/2576 2582/2582
f 2578/2578 2581/2581 2582/2582
f 2578/2578 2582/2582 2579/2579
f 2577/2577 2578/2578 2579/2579
f 2577/2577 2579/2579 2580/2580
f 2601/2601 2602/2602 2603/2603
f 2601/2601 2603/2603 2604/2604
f 2646/2646 2602/2602 2601/2601
f 2646/2646 2645/2645 2602/2602
f 2643/2643 2645/2645 2646/2646
f 2643/2643 2644/2644 2645/2645
f 2604/2604 2603/2603 2622/2622
f 2604/2604 2622/2622 2621/2621
f 2621/2621 2622/2622 2623/2623
f 2621/2621 2623/2623 2624/2624
f 2605/2605 2606/2606 2607/2607
f 2605/2605 2607/2607 2608/2608
f 2606/2606 2651/2651 2652/2652
f 2606/2606 2652/2652 2607/2607
f 2607/2607 2652/2652 2683/2683
f 2607/2607 2683/2683 2684/2684
f 2651/2651 2694/2694 2652/2652
f 2651/2651 2693/2693 2694/2694
f 2693/2693 2620/2620 2694/2694
f 2693/2693 2617/2617 2620/2620
f 2617/2617 2619/2619 2620/2620
f 2617/2617 2618/2618 2619/2619
f 2684/2684 2683/2683 2685/2685
f 2684/2684 2685/2685 2686/2686
f 2686/2686 2685/2685 2648/2648
f 2686/2686 2648/2648 2647/2647
f 2647/2647 2648/2648 2649/2649
f 2647/2647 2649/2649 2650/2650
f 2609/2609 2610/2610 2611/2611
f 2609/2609 2611/2611 2612/2612
f 2613/2613 2614/2614 2615/2615
f 2613/2613 2615/2615 2616/2616
f 2641/2641 2613/2613 2616/2616
f 2641/2641 2616/2616 2642/2642
f 2642/2642 2616/2616 2663/2663
f 2691/2691 2641/2641 2642/2642
f 2642/2642 2663/2663 2664/2664
f 2691/2691 2642/2642 2692/2692
f 2664/2664 2663/2663 2665/2665
f 2664/2664 2665/2665 2666/2666
f 2666/2666 2665/2665 2660/2660
f 2666/2666 2660/2660 2659/2659
f 2659/2659 2660/2660 2661/2661
f 2659/2659 2661/2661 2662/2662
f 2638/2638 2691/2691 2692/2692
f 2638/2638 2692/2692 2639/2639
f 2637/2637 2638/2638 2639/2639
f 2637/2637 2639/2639 2640/2640
f 2625/2625 2626/2626 2627/2627
f 2625/2625 2627/2627 2628/2628
f 2629/2629 2630/2630 2631/2631
f 2629/2629 2631/2631 2632/2632
f 2633/2633 2634/2634 2635/2635
f 2633/2633 2635/2635 2636/2636
f 2636/2636 2635/2635 2687/2687
f 2636/2636 2687/2687 2688/2688
f 2653/2653 2654/2654 2655/2655
f 2653/2653 2655/2655 2656/2656
f 2657/2657 2654/2654 2653/2653
f 2657/2657 2658/2658 2654/2654
f 2682/2682 2658/2658 2657/2657
f 2682/2682 2681/2681 2658/2658
f 2680/2680 2681/2681 2682/2682
f 2680/2680 2679/2679 2681/2681
f 2677/2677 2679/2679 2680/2680
f 2677/2677 2678/2678 2679/2679
f 2689/2689 2678/2678 2677/2677
f 2689/2689 2690/2690 2678/2678
f 2667/2667 2668/2668 2669/2669
f 2667/2667 2669/2669 2670/2670
f 2676/2676 2668/2668 2667/2667
f 2676/2676 2675/2675 2668/2668
f 2674/2674 2675/2675 2676/2676
f 2674/2674 2673/2673 2675/2675
f 2671/2671 2673/2673 2674/2674
f 2671/2671 2672/2672 2673/2673
f 2695/2695 2696/2696 2697/2697
f 2695/2695 2697/2697 2698/2698
f 2716/2716 2695/2695 2698/2698
f 2696/2696 2735/2735 2711/2711
f 2696/2696 2711/2711 2697/2697
f 2698/2698 2697/2697 2784/2784
f 2697/2697 2711/2711 2714/2714
f 2697/2697 2714/2714 2784/2784
f 2700/2700 2698/2698 2741/2741
f 2716/2716 2698/2698 2700/2700
f 2698/2698 2784/2784 2741/2741
f 2715/2715 2716/2716 2700/2700
f 2699/2699 2700/2700 2701/2701
f 2715/2715 2700/2700 2699/2699
f 2700/2700 2741/2741 2701/2701
f 2699/2699 2701/2701 2702/2702
f 2711/2711 2713/2713 2714/2714
f 2711/2711 2712/2712 2713/2713
f 2735/2735 2736/2736 2712/2712
f 2735/2735 2712/2712 2711/2711
f 2703/2703 2704/2704 2705/2705
f 2703/2703 2705/2705 2706/2706
f 2707/2707 2708/2708 2709/2709
f 2707/2707 2709/2709 2710/2710
f 2708/2708 2733/2733 2734/2734
f 2708/2708 2734/2734 2709/2709
f 2733/2733 2708/2708 2752/2752
f 2733/2733 2752/2752 2753/2753
f 2733/2733 2782/2782 2783/2783
f 2733/2733 2783/2783 2734/2734
f 2753/2753 2752/2752 2754/2754
f 2753/2753 2754/2754 2755/2755
f 2755/2755 2754/2754 2749/2749
f 2755/2755 2749/2749 2748/2748
f 2748/2748 2749/2749 2750/2750
f 2748/2748 2750/2750 2751/2751
f 2782/2782 2732/2732 2783/2783
f 2782/2782 2729/2729 2732/2732
f 2729/2729 2731/2731 2732/2732
f 2729/2729 2730/2730 2731/2731
f 2717/2717 2718/2718 2719/2719
f 2717/2717 2719/2719 2720/2720
f 2721/2721 2722/2722 2723/2723
f 2721/2721 2723/2723 2724/2724
f 2725/2725 2726/2726 2727/2727
f 2725/2725 2727/2727 2728/2728
f 2726/2726 2778/2778 2779/2779
f 2726/2726 2779/2779 2727/2727
f 2737/2737 2738/2738 2739/2739
f 2737/2737 2739/2739 2740/2740
f 2777/2777 2738/2738 2737/2737
f 2777/2777 2776/2776 2738/2738
f 2775/2775 2776/2776 2777/2777
f 2775/2775 2774/2774 2776/2776
f 2772/2772 2774/2774 2775/2775
f 2772/2772 2773/2773 2774/2774
f 2742/2742 2743/2743 2744/2744
f 2742/2742 2744/2744 2745/2745
f 2746/2746 2742/2742 2745/2745
f 2746/2746 2745/2745 2747/2747
f 2770/2770 2746/2746 2747/2747
f 2770/2770 2747/2747 2771/2771
f 2767/2767 2770/2770 2771/2771
f 2767/2767 2771/2771 2768/2768
f 2766/2766 2767/2767 2768/2768
f 2766/2766 2768/2768 2769/2769
f 2780/2780 2766/2766 2769/2769
f 2780/2780 2769/2769 2781/2781
f 2756/2756 2757/2757 2758/2758
f 2756/2756 2758/2758 2759/2759
f 2757/2757 2764/2764 2765/2765
f 2757/2757 2765/2765 2758/2758
f 2764/2764 2760/2760 2763/2763
f 2764/2764 2763/2763 2765/2765
f 2760/2760 2761/2761 2762/2762
f 2760/2760 2762/2762 2763/2763
f 2785/2785 2786/2786 2787/2787
f 2785/2785 2787/2787 2788/2788
f 2789/2789 2790/2790 2791/2791
f 2789/2789 2791/2791 2792/2792
f 2831/2831 2789/2789 2792/2792
f 2864/2864 2865/2865 2789/2789
f 2864/2864 2789/2789 2831/2831
f 2831/2831 2792/2792 2832/2832
f 2875/2875 2831/2831 2832/2832
f 2875/2875 2832/2832 2876/2876
f 2802/2802 2875/2875 2876/2876
f 2802/2802 2876/2876 2803/2803
f 2801/2801 2802/2802 2803/2803
f 2801/2801 2803/2803 2804/2804
f 2866/2866 2865/2865 2864/2864
f 2866/2866 2867/2867 2865/2865
f 2830/2830 2867/2867 2866/2866
f 2830/2830 2829/2829 2867/2867
f 2827/2827 2829/2829 2830/2830
f 2827/2827 2828/2828 2829/2829
f 2793/2793 2794/2794 2795/2795
f 2793/2793 2795/2795 2796/2796
f 2797/2797 2798/2798 2799/2799
f 2797/2797 2799/2799 2800/2800
f 2798/2798 2823/2823 2824/2824
f 2798/2798 2824/2824 2799/2799
f 2844/2844 2823/2823 2798/2798
f 2800/2800 2799/2799 2805/2805
f 2799/2799 2824/2824 2833/2833
f 2799/2799 2833/2833 2805/2805
f 2800/2800 2805/2805 2806/2806
f 2823/2823 2870/2870 2824/2824
f 2844/2844 2845/2845 2823/2823
f 2823/2823 2874/2874 2870/2870
f 2846/2846 2845/2845 2844/2844
f 2846/2846 2847/2847 2845/2845
f 2843/2843 2847/2847 2846/2846
f 2843/2843 2842/2842 2847/2847
f 2840/2840 2842/2842 2843/2843
f 2840/2840 2841/2841 2842/2842
f 2870/2870 2822/2822 2826/2826
f 2870/2870 2826/2826 2871/2871
f 2874/2874 2822/2822 2870/2870
f 2874/2874 2819/2819 2822/2822
f 2819/2819 2821/2821 2822/2822
f 2822/2822 2821/2821 2825/2825
f 2822/2822 2825/2825 2826/2826
f 2819/2819 2820/2820 2821/2821
f 2807/2807 2808/2808 2809/2809
f 2807/2807 2809/2809 2810/2810
f 2811/2811 2812/2812 2813/2813
f 2811/2811 2813/2813 2814/2814
f 2815/2815 2816/2816 2817/2817
f 2815/2815 2817/2817 2818/2818
f 2816/2816 2868/2868 2869/2869
f 2816/2816 2869/2869 2817/2817
f 2834/2834 2835/2835 2836/2836
f 2834/2834 2836/2836 2837/2837
f 2838/2838 2834/2834 2837/2837
f 2838/2838 2837/2837 2839/2839
f 2862/2862 2838/2838 2839/2839
f 2862/2862 2839/2839 2863/2863
f 2859/2859 2862/2862 2863/2863
f 2859/2859 2863/2863 2860/2860
f 2858/2858 2859/2859 2860/2860
f 2858/2858 2860/2860 2861/2861
f 2872/2872 2858/2858 2861/2861
f 2872/2872 2861/2861 2873/2873
f 2848/2848 2849/2849 2850/2850
f 2848/2848 2850/2850 2851/2851
f 2849/2849 2856/2856 2857/2857
f 2849/2849 2857/2857 2850/2850
f 2856/2856 2852/2852 2855/2855
f 2856/2856 2855/2855 2857/2857
f 2852/2852 2853/2853 2854/2854
f 2852/2852 2854/2854 2855/2855
f 2877/2877 2878/2878 2879/2879
f 2877/2877 2879/2879 2880/2880
f 2917/2917 2877/2877 2880/2880
f 2878/2878 2897/2897 2891/2891
f 2878/2878 2891/2891 2879/2879
f 2890/2890 2915/2915 2879/2879
f 2890/2890 2879/2879 2891/2891
f 2915/2915 2880/2880 2879/2879
f 2917/2917 2880/2880 2914/2914
f 2915/2915 2964/2964 2880/2880
f 2964/2964 2914/2914 2880/2880
f 2916/2916 2917/2917 2914/2914
f 2911/2911 2913/2913 2914/2914
f 2916/2916 2914/2914 2913/2913
f 2964/2964 2911/2911 2914/2914
f 2911/2911 2912/2912 2913/2913
f 2889/2889 2890/2890 2891/2891
f 2889/2889 2891/2891 2892/2892
f 2897/2897 2892/2892 2891/2891
f 2897/2897 2898/2898 2892/2892
f 2881/2881 2882/2882 2883/2883
f 2881/2881 2883/2883 2884/2884
f 2922/2922 2881/2881 2884/2884
f 2956/2956 2957/2957 2881/2881
f 2956/2956 2881/2881 2922/2922
f 2922/2922 2884/2884 2923/2923
f 2965/2965 2922/2922 2923/2923
f 2965/2965 2923/2923 2966/2966
f 2894/2894 2965/2965 2966/2966
f 2894/2894 2966/2966 2895/2895
f 2893/2893 2894/2894 2895/2895
f 2893/2893 2895/2895 2896/2896
f 2958/2958 2957/2957 2956/2956
f 2958/2958 2959/2959 2957/2957
f 2921/2921 2959/2959 2958/2958
f 2921/2921 2920/2920 2959/2959
f 2918/2918 2920/2920 2921/2921
f 2918/2918 2919/2919 2920/2920
f 2885/2885 2886/2886 2887/2887
f 2885/2885 2887/2887 2888/2888
f 2899/2899 2900/2900 2901/2901
f 2899/2899 2901/2901 2902/2902
f 2903/2903 2904/2904 2905/2905
f 2903/2903 2905/2905 2906/2906
f 2907/2907 2908/2908 2909/2909
f 2907/2907 2909/2909 2910/2910
f 2960/2960 2907/2907 2910/2910
f 2960/2960 2910/2910 2961/2961
f 2924/2924 2925/2925 2926/2926
f 2924/2924 2926/2926 2927/2927
f 2925/2925 2928/2928 2929/2929
f 2925/2925 2929/2929 2926/2926
f 2928/2928 2954/2954 2955/2955
f 2928/2928 2955/2955 2929/2929
f 2954/2954 2950/2950 2953/2953
f 2954/2954 2953/2953 2955/2955
f 2950/2950 2951/2951 2952/2952
f 2950/2950 2952/2952 2953/2953
f 2951/2951 2962/2962 2963/2963
f 2951/2951 2963/2963 2952/2952
f 2930/2930 2931/2931 2932/2932
f 2930/2930 2932/2932 2933/2933
f 2933/2933 2932/2932 2939/2939
f 2933/2933 2939/2939 2938/2938
f 2938/2938 2939/2939 2935/2935
f 2938/2938 2935/2935 2934/2934
f 2934/2934 2935/2935 2936/2936
f 2934/2934 2936/2936 2937/2937
f 2940/2940 2941/2941 2942/2942
f 2940/2940 2942/2942 2943/2943
f 2948/2948 2940/2940 2943/2943
f 2948/2948 2943/2943 2949/2949
f 2945/2945 2948/2948 2949/2949
f 2945/2945 2949/2949 2946/2946
f 2944/2944 2945/2945 2946/2946
f 2944/2944 2946/2946 2947/2947
f 2967/2967 2968/2968 2969/2969
f 2967/2967 2969/2969 2970/2970
f 2975/2975 2967/2967 2970/2970
f 3028/3028 3018/3018 2967/2967
f 3028/3028 2967/2967 2975/2975
f 3018/3018 2968/2968 2967/2967
f 3018/3018 3017/3017 2968/2968
f 3015/3015 3017/3017 3018/3018
f 3027/3027 3015/3015 3018/3018
f 3027/3027 3018/3018 3028/3028
f 3030/3030 3027/3027 3028/3028
f 3030/3030 3028/3028 3031/3031
f 3031/3031 3028/3028 2975/2975
f 3029/3029 3015/3015 3027/3027
f 3029/3029 3027/3027 3030/3030
f 3029/3029 3030/3030 3032/3032
f 3029/3029 3019/3019 3015/3015
f 3033/3033 3019/3019 3029/3029
f 3033/3033 3029/3029 3034/3034
f 3034/3034 3029/3029 3032/3032
f 3034/3034 3032/3032 3038/3038
f 3033/3033 3034/3034 3051/3051
f 3034/3034 3038/3038 3054/3054
f 3034/3034 3054/3054 3051/3051
f 3043/3043 3051/3051 3052/3052
f 3051/3051 3054/3054 3055/3055
f 3051/3051 3055/3055 3052/3052
f 3033/3033 3051/3051 3043/3043
f 3043/3043 3040/3040 3039/3039
f 3043/3043 3039/3039 3044/3044
f 3043/3043 3052/3052 3040/3040
f 3033/3033 3043/3043 3044/3044
f 3040/3040 3052/3052 3053/3053
f 3052/3052 3055/3055 3056/3056
f 3052/3052 3056/3056 3053/3053
f 3039/3039 3040/3040 3041/3041
f 3040/3040 3053/3053 3041/3041
f 3039/3039 3041/3041 3042/3042
f 3041/3041 3053/3053 3057/3057
f 3041/3041 3057/3057 3058/3058
f 3042/3042 3041/3041 3058/3058
f 3053/3053 3056/3056 3062/3062
f 3053/3053 3062/3062 3057/3057
f 3058/3058 3057/3057 2991/2991
f 3057/3057 3062/3062 2992/2992
f 3057/3057 2992/2992 2991/2991
f 3042/3042 3058/3058 3059/3059
f 3058/3058 2991/2991 2986/2986
f 3059/3059 3058/3058 2986/2986
f 2991/2991 2992/2992 2993/2993
f 2991/2991 2993/2993 2994/2994
f 2986/2986 2991/2991 2994/2994
f 2985/2985 2986/2986 2987/2987
f 2986/2986 2994/2994 2987/2987
f 3059/3059 2986/2986 2985/2985
f 2994/2994 2993/2993 2995/2995
f 2994/2994 2995/2995 2996/2996
f 2987/2987 2994/2994 2996/2996
f 2985/2985 2987/2987 2988/2988
f 2988/2988 2987/2987 2989/2989
f 2987/2987 2996/2996 2989/2989
f 2989/2989 2996/2996 3064/3064
f 2996/2996 2995/2995 3072/3072
f 2996/2996 3072/3072 3064/3064
f 2988/2988 2989/2989 2990/2990
f 2989/2989 3064/3064 3063/3063
f 2990/2990 2989/2989 3063/3063
f 3063/3063 3064/3064 3065/3065
f 3064/3064 3072/3072 3073/3073
f 3064/3064 3073/3073 3065/3065
f 3063/3063 3065/3065 3066/3066
f 3071/3071 3063/3063 3066/3066
f 2990/2990 3063/3063 3071/3071
f 3066/3066 3065/3065 3067/3067
f 3065/3065 3073/3073 3074/3074
f 3065/3065 3074/3074 3067/3067
f 3066/3066 3067/3067 3068/3068
f 3069/3069 3066/3066 3068/3068
f 3071/3071 3066/3066 3069/3069
f 3069/3069 3068/3068 3070/3070
f 3033/3033 3044/3044 3035/3035
f 3019/3019 3033/3033 3035/3035
f 3019/3019 3035/3035 3020/3020
f 3015/3015 3019/3019 3020/3020
f 3015/3015 3020/3020 3016/3016
f 3015/3015 3016/3016 3017/3017
f 2975/2975 2970/2970 2976/2976
f 2977/2977 2975/2975 2976/2976
f 3031/3031 2975/2975 2977/2977
f 2976/2976 2970/2970 2983/2983
f 2970/2970 2969/2969 2984/2984
f 2970/2970 2984/2984 2983/2983
f 2977/2977 2976/2976 2978/2978
f 2978/2978 2976/2976 2979/2979
f 2976/2976 2983/2983 2979/2979
f 2983/2983 2984/2984 3013/3013
f 2983/2983 3013/3013 3011/3011
f 2979/2979 2983/2983 3011/3011
f 2978/2978 2979/2979 2980/2980
f 2980/2980 2979/2979 3008/3008
f 2979/2979 3011/3011 3008/3008
f 3008/3008 3011/3011 3012/3012
f 3011/3011 3013/3013 3014/3014
f 3011/3011 3014/3014 3012/3012
f 3007/3007 3008/3008 3009/3009
f 3008/3008 3012/3012 3009/3009
f 2980/2980 3008/3008 3007/3007
f 3014/3014 3107/3107 3012/3012
f 3009/3009 3012/3012 3107/3107
f 3014/3014 3110/3110 3107/3107
f 3104/3104 3107/3107 3105/3105
f 3110/3110 3105/3105 3107/3107
f 3009/3009 3107/3107 3104/3104
f 3007/3007 3009/3009 3010/3010
f 3010/3010 3009/3009 3104/3104
f 3100/3100 3103/3103 3104/3104
f 3100/3100 3104/3104 3101/3101
f 3104/3104 3105/3105 3101/3101
f 3010/3010 3104/3104 3103/3103
f 3101/3101 3105/3105 3106/3106
f 3108/3108 3106/3106 3105/3105
f 3110/3110 3108/3108 3105/3105
f 3099/3099 3100/3100 3101/3101
f 3099/3099 3101/3101 3102/3102
f 3101/3101 3106/3106 3102/3102
f 3108/3108 3109/3109 3106/3106
f 3091/3091 3084/3084 3106/3106
f 3091/3091 3106/3106 3109/3109
f 3084/3084 3102/3102 3106/3106
f 3083/3083 3099/3099 3102/3102
f 3084/3084 3083/3083 3102/3102
f 3083/3083 3086/3086 3099/3099
f 3081/3081 3082/3082 3083/3083
f 3081/3081 3083/3083 3084/3084
f 3082/3082 3086/3086 3083/3083
f 3091/3091 3081/3081 3084/3084
f 3091/3091 3092/3092 3081/3081
f 3082/3082 3085/3085 3086/3086
f 2971/2971 2972/2972 2973/2973
f 2971/2971 2973/2973 2974/2974
f 3024/3024 2972/2972 2971/2971
f 3024/3024 3023/3023 2972/2972
f 3021/3021 3023/3023 3024/3024
f 3021/3021 3022/3022 3023/3023
f 3025/3025 3022/3022 3021/3021
f 3025/3025 3026/3026 3022/3022
f 3036/3036 3026/3026 3025/3025
f 3036/3036 3025/3025 3037/3037
f 3036/3036 3037/3037 3046/3046
f 3036/3036 3046/3046 3045/3045
f 3045/3045 3046/3046 3047/3047
f 3045/3045 3047/3047 3048/3048
f 3048/3048 3047/3047 3049/3049
f 3048/3048 3049/3049 3050/3050
f 3050/3050 3049/3049 3060/3060
f 3050/3050 3060/3060 3061/3061
f 3061/3061 3060/3060 2998/2998
f 3061/3061 2998/2998 2997/2997
f 2997/2997 2998/2998 2999/2999
f 2997/2997 2999/2999 3000/3000
f 3000/3000 2999/2999 3001/3001
f 3000/3000 3001/3001 3002/3002
f 3002/3002 3001/3001 3076/3076
f 3002/3002 3076/3076 3075/3075
f 3075/3075 3076/3076 3077/3077
f 3075/3075 3077/3077 3078/3078
f 3078/3078 3077/3077 3079/3079
f 3078/3078 3079/3079 3080/3080
f 2974/2974 2973/2973 2981/2981
f 2974/2974 2981/2981 2982/2982
f 2982/2982 2981/2981 3004/3004
f 2982/2982 3004/3004 3003/3003
f 3003/3003 3004/3004 3005/3005
f 3003/3003 3005/3005 3006/3006
f 3006/3006 3005/3005 3098/3098
f 3006/3006 3098/3098 3097/3097
f 3097/3097 3098/3098 3095/3095
f 3097/3097 3095/3095 3094/3094
f 3093/3093 3094/3094 3095/3095
f 3093/3093 3095/3095 3096/3096
f 3090/3090 3089/3089 3093/3093
f 3090/3090 3093/3093 3096/3096
f 3087/3087 3089/3089 3090/3090
f 3087/3087 3088/3088 3089/3089
f 3111/3111 3112/3112 3113/3113
f 3111/3111 3113/3113 3114/3114
f 3162/3162 3112/3112 3111/3111
f 3112/3112 3119/3119 3120/3120
f 3112/3112 3120/3120 3113/3113
f 3161/3161 3119/3119 3112/3112
f 3162/3162 3161/3161 3112/3112
f 3113/3113 3120/3120 3124/3124
f 3113/3113 3124/3124 3127/3127
f 3114/3114 3113/3113 3127/3127
f 3114/3114 3127/3127 3128/3128
f 3128/3128 3127/3127 3155/3155
f 3127/3127 3124/3124 3151/3151
f 3127/3127 3151/3151 3155/3155
f 3120/3120 3123/3123 3124/3124
f 3124/3124 3123/3123 3152/3152
f 3124/3124 3152/3152 3151/3151
f 3151/3151 3152/3152 3153/3153
f 3151/3151 3153/3153 3154/3154
f 3155/3155 3151/3151 3154/3154
f 3155/3155 3154/3154 3156/3156
f 3157/3157 3155/3155 3156/3156
f 3128/3128 3155/3155 3157/3157
f 3154/3154 3153/3153 3247/3247
f 3154/3154 3247/3247 3248/3248
f 3156/3156 3154/3154 3248/3248
f 3157/3157 3156/3156 3158/3158
f 3254/3254 3158/3158 3156/3156
f 3254/3254 3156/3156 3251/3251
f 3156/3156 3248/3248 3251/3251
f 3247/3247 3246/3246 3248/3248
f 3251/3251 3248/3248 3246/3246
f 3247/3247 3243/3243 3246/3246
f 3243/3243 3245/3245 3246/3246
f 3249/3249 3246/3246 3245/3245
f 3251/3251 3246/3246 3249/3249
f 3253/3253 3254/3254 3251/3251
f 3253/3253 3251/3251 3249/3249
f 3249/3249 3245/3245 3250/3250
f 3252/3252 3253/3253 3249/3249
f 3252/3252 3249/3249 3250/3250
f 3227/3227 3252/3252 3250/3250
f 3228/3228 3227/3227 3250/3250
f 3228/3228 3250/3250 3245/3245
f 3227/3227 3236/3236 3252/3252
f 3225/3225 3226/3226 3227/3227
f 3225/3225 3227/3227 3228/3228
f 3235/3235 3236/3236 3227/3227
f 3235/3235 3227/3227 3226/3226
f 3229/3229 3225/3225 3228/3228
f 3229/3229 3228/3228 3230/3230
f 3230/3230 3228/3228 3245/3245
f 3230/3230 3245/3245 3244/3244
f 3243/3243 3244/3244 3245/3245
f 3120/3120 3122/3122 3123/3123
f 3119/3119 3122/3122 3120/3120
f 3119/3119 3121/3121 3122/3122
f 3161/3161 3172/3172 3119/3119
f 3172/3172 3121/3121 3119/3119
f 3172/3172 3175/3175 3121/3121
f 3160/3160 3171/3171 3172/3172
f 3160/3160 3172/3172 3161/3161
f 3171/3171 3175/3175 3172/3172
f 3159/3159 3160/3160 3161/3161
f 3159/3159 3161/3161 3162/3162
f 3163/3163 3160/3160 3159/3159
f 3163/3163 3171/3171 3160/3160
f 3163/3163 3173/3173 3171/3171
f 3171/3171 3174/3174 3175/3175
f 3171/3171 3173/3173 3176/3176
f 3171/3171 3176/3176 3174/3174
f 3163/3163 3159/3159 3164/3164
f 3163/3163 3177/3177 3178/3178
f 3163/3163 3178/3178 3173/3173
f 3177/3177 3163/3163 3164/3164
f 3173/3173 3178/3178 3182/3182
f 3173/3173 3182/3182 3176/3176
f 3178/3178 3177/3177 3187/3187
f 3178/3178 3187/3187 3195/3195
f 3182/3182 3178/3178 3195/3195
f 3177/3177 3164/3164 3179/3179
f 3187/3187 3177/3177 3179/3179
f 3183/3183 3187/3187 3188/3188
f 3195/3195 3187/3187 3183/3183
f 3187/3187 3179/3179 3188/3188
f 3195/3195 3183/3183 3196/3196
f 3198/3198 3195/3195 3196/3196
f 3182/3182 3195/3195 3198/3198
f 3183/3183 3184/3184 3185/3185
f 3183/3183 3185/3185 3186/3186
f 3183/3183 3188/3188 3184/3184
f 3196/3196 3183/3183 3186/3186
f 3196/3196 3186/3186 3197/3197
f 3198/3198 3196/3196 3199/3199
f 3199/3199 3196/3196 3197/3197
f 3197/3197 3186/3186 3201/3201
f 3186/3186 3185/3185 3203/3203
f 3186/3186 3203/3203 3201/3201
f 3199/3199 3197/3197 3200/3200
f 3197/3197 3201/3201 3202/3202
f 3200/3200 3197/3197 3202/3202
f 3202/3202 3201/3201 3129/3129
f 3201/3201 3203/3203 3130/3130
f 3201/3201 3130/3130 3129/3129
f 3200/3200 3202/3202 3206/3206
f 3202/3202 3129/3129 3136/3136
f 3206/3206 3202/3202 3136/3136
f 3129/3129 3130/3130 3131/3131
f 3129/3129 3131/3131 3132/3132
f 3136/3136 3129/3129 3132/3132
f 3135/3135 3136/3136 3137/3137
f 3136/3136 3132/3132 3137/3137
f 3206/3206 3136/3136 3135/3135
f 3132/3132 3131/3131 3133/3133
f 3132/3132 3133/3133 3134/3134
f 3137/3137 3132/3132 3134/3134
f 3135/3135 3137/3137 3138/3138
f 3138/3138 3137/3137 3139/3139
f 3137/3137 3134/3134 3139/3139
f 3139/3139 3134/3134 3208/3208
f 3134/3134 3133/3133 3215/3215
f 3134/3134 3215/3215 3208/3208
f 3138/3138 3139/3139 3140/3140
f 3139/3139 3208/3208 3207/3207
f 3140/3140 3139/3139 3207/3207
f 3207/3207 3208/3208 3209/3209
f 3208/3208 3215/3215 3213/3213
f 3208/3208 3213/3213 3209/3209
f 3207/3207 3209/3209 3210/3210
f 3216/3216 3207/3207 3210/3210
f 3140/3140 3207/3207 3216/3216
f 3210/3210 3209/3209 3211/3211
f 3209/3209 3213/3213 3214/3214
f 3209/3209 3214/3214 3211/3211
f 3210/3210 3211/3211 3212/3212
f 3216/3216 3210/3210 3217/3217
f 3217/3217 3210/3210 3212/3212
f 3217/3217 3212/3212 3218/3218
f 3115/3115 3116/3116 3117/3117
f 3115/3115 3117/3117 3118/3118
f 3168/3168 3116/3116 3115/3115
f 3168/3168 3167/3167 3116/3116
f 3165/3165 3167/3167 3168/3168
f 3165/3165 3166/3166 3167/3167
f 3169/3169 3166/3166 3165/3165
f 3169/3169 3170/3170 3166/3166
f 3169/3169 3180/3180 3181/3181
f 3169/3169 3181/3181 3170/3170
f 3181/3181 3180/3180 3190/3190
f 3181/3181 3190/3190 3189/3189
f 3189/3189 3190/3190 3191/3191
f 3189/3189 3191/3191 3192/3192
f 3192/3192 3191/3191 3193/3193
f 3192/3192 3193/3193 3194/3194
f 3194/3194 3193/3193 3204/3204
f 3194/3194 3204/3204 3205/3205
f 3205/3205 3204/3204 3142/3142
f 3205/3205 3142/3142 3141/3141
f 3141/3141 3142/3142 3143/3143
f 3141/3141 3143/3143 3144/3144
f 3144/3144 3143/3143 3145/3145
f 3144/3144 3145/3145 3146/3146
f 3146/3146 3145/3145 3220/3220
f 3146/3146 3220/3220 3219/3219
f 3219/3219 3220/3220 3221/3221
f 3219/3219 3221/3221 3222/3222
f 3222/3222 3221/3221 3223/3223
f 3222/3222 3223/3223 3224/3224
f 3118/3118 3117/3117 3125/3125
f 3118/3118 3125/3125 3126/3126
f 3126/3126 3125/3125 3148/3148
f 3126/3126 3148/3148 3147/3147
f 3147/3147 3148/3148 3149/3149
f 3147/3147 3149/3149 3150/3150
f 3150/3150 3149/3149 3242/3242
f 3150/3150 3242/3242 3241/3241
f 3241/3241 3242/3242 3237/3237
f 3241/3241 3237/3237 3240/3240
f 3237/3237 3238/3238 3239/3239
f 3237/3237 3239/3239 3240/3240
f 3234/3234 3239/3239 3238/3238
f 3234/3234 3233/3233 3239/3239
f 3231/3231 3233/3233 3234/3234
f 3231/3231 3232/3232 3233/3233
f 3255/3255 3256/3256 3257/3257
f 3262/3262 3255/3255 3257/3257
f 3256/3256 3267/3267 3257/3257
f 3267/3267 3268/3268 3257/3257
f 3268/3268 3269/3269 3257/3257
f 3269/3269 3270/3270 3257/3257
f 3270/3270 3271/3271 3257/3257
f 3271/3271 3272/3272 3257/3257
f 3272/3272 3273/3273 3257/3257
f 3273/3273 3274/3274 3257/3257
f 3274/3274 3275/3275 3257/3257
f 3275/3275 3276/3276 3257/3257
f 3276/3276 3277/3277 3257/3257
f 3277/3277 3265/3265 3257/3257
f 3265/3265 3266/3266 3257/3257
f 3266/3266 3262/3262 3257/3257
f 3258/3258 3259/3259 3260/3260
f 3258/3258 3260/3260 3261/3261
f 3263/3263 3259/3259 3258/3258
f 3263/3263 3264/3264 3259/3259
f 3259/3259 3264/3264 3299/3299
f 3259/3259 3299/3299 3300/3300
f 3260/3260 3259/3259 3300/3300
f 3327/3327 3260/3260 3321/3321
f 3261/3261 3260/3260 3327/3327
f 3260/3260 3300/3300 3321/3321
f 3261/3261 3327/3327 3352/3352
f 3327/3327 3321/3321 3324/3324
f 3328/3328 3327/3327 3324/3324
f 3351/3351 3352/3352 3327/3327
f 3351/3351 3327/3327 3328/3328
f 3321/3321 3322/3322 3323/3323
f 3321/3321 3323/3323 3324/3324
f 3300/3300 3322/3322 3321/3321
f 3324/3324 3323/3323 3325/3325
f 3324/3324 3325/3325 3326/3326
f 3328/3328 3324/3324 3326/3326
f 3329/3329 3328/3328 3326/3326
f 3350/3350 3351/3351 3328/3328
f 3350/3350 3328/3328 3329/3329
f 3329/3329 3326/3326 3330/3330
f 3325/3325 3330/3330 3326/3326
f 3325/3325 3331/3331 3330/3330
f 3332/3332 3329/3329 3330/3330
f 3332/3332 3330/3330 3333/3333
f 3331/3331 3333/3333 3330/3330
f 3349/3349 3350/3350 3329/3329
f 3349/3349 3329/3329 3332/3332
f 3335/3335 3332/3332 3333/3333
f 3348/3348 3349/3349 3332/3332
f 3348/3348 3332/3332 3335/3335
f 3331/3331 3334/3334 3333/3333
f 3335/3335 3333/3333 3336/3336
f 3337/3337 3336/3336 3333/3333
f 3337/3337 3333/3333 3334/3334
f 3338/3338 3335/3335 3336/3336
f 3338/3338 3348/3348 3335/3335
f 3338/3338 3347/3347 3348/3348
f 3338/3338 3336/3336 3339/3339
f 3341/3341 3338/3338 3339/3339
f 3341/3341 3347/3347 3338/3338
f 3340/3340 3339/3339 3336/3336
f 3340/3340 3336/3336 3337/3337
f 3341/3341 3339/3339 3342/3342
f 3343/3343 3342/3342 3339/3339
f 3343/3343 3339/3339 3340/3340
f 3281/3281 3341/3341 3342/3342
f 3341/3341 3346/3346 3347/3347
f 3281/3281 3346/3346 3341/3341
f 3281/3281 3342/3342 3284/3284
f 3344/3344 3284/3284 3342/3342
f 3344/3344 3342/3342 3343/3343
f 3278/3278 3280/3280 3281/3281
f 3278/3278 3281/3281 3284/3284
f 3281/3281 3280/3280 3346/3346
f 3278/3278 3284/3284 3285/3285
f 3345/3345 3285/3285 3284/3284
f 3345/3345 3284/3284 3344/3344
f 3278/3278 3279/3279 3280/3280
f 3282/3282 3279/3279 3278/3278
f 3282/3282 3278/3278 3285/3285
f 3282/3282 3285/3285 3286/3286
f 3286/3286 3285/3285 3345/3345
f 3286/3286 3345/3345 3353/3353
f 3287/3287 3282/3282 3286/3286
f 3287/3287 3286/3286 3288/3288
f 3288/3288 3286/3286 3353/3353
f 3282/3282 3283/3283 3279/3279
f 3282/3282 3287/3287 3289/3289
f 3282/3282 3289/3289 3283/3283
f 3288/3288 3353/3353 3354/3354
f 3300/3300 3303/3303 3322/3322
f 3299/3299 3303/3303 3300/3300
f 3299/3299 3302/3302 3303/3303
f 3264/3264 3297/3297 3299/3299
f 3297/3297 3302/3302 3299/3299
f 3297/3297 3301/3301 3302/3302
f 3296/3296 3293/3293 3297/3297
f 3264/3264 3296/3296 3297/3297
f 3297/3297 3293/3293 3356/3356
f 3297/3297 3356/3356 3301/3301
f 3298/3298 3296/3296 3264/3264
f 3298/3298 3264/3264 3263/3263
f 3296/3296 3290/3290 3293/3293
f 3294/3294 3290/3290 3296/3296
f 3294/3294 3296/3296 3298/3298
f 3290/3290 3292/3292 3293/3293
f 3293/3293 3292/3292 3355/3355
f 3293/3293 3355/3355 3356/3356
f 3290/3290 3291/3291 3292/3292
f 3291/3291 3290/3290 3294/3294
f 3291/3291 3294/3294 3295/3295
f 3304/3304 3305/3305 3306/3306
f 3307/3307 3304/3304 3306/3306
f 3305/3305 3308/3308 3306/3306
f 3308/3308 3309/3309 3306/3306
f 3309/3309 3318/3318 3306/3306
f 3318/3318 3310/3310 3306/3306
f 3310/3310 3311/3311 3306/3306
f 3311/3311 3312/3312 3306/3306
f 3312/3312 3319/3319 3306/3306
f 3319/3319 3313/3313 3306/3306
f 3313/3313 3314/3314 3306/3306
f 3314/3314 3315/3315 3306/3306
f 3315/3315 3320/3320 3306/3306
f 3320/3320 3317/3317 3306/3306
f 3316/3316 3307/3307 3306/3306
f 3317/3317 3316/3316 3306/3306
f 3357/3357 3358/3358 3359/3359
f 3364/3364 3357/3357 3359/3359
f 3358/3358 3369/3369 3359/3359
f 3369/3369 3370/3370 3359/3359
f 3370/3370 3371/3371 3359/3359
f 3371/3371 3372/3372 3359/3359
f 3372/3372 3373/3373 3359/3359
f 3373/3373 3374/3374 3359/3359
f 3374/3374 3375/3375 3359/3359
f 3375/3375 3376/3376 3359/3359
f 3376/3376 3377/3377 3359/3359
f 3377/3377 3378/3378 3359/3359
f 3378/3378 3379/3379 3359/3359
f 3379/3379 3367/3367 3359/3359
f 3367/3367 3368/3368 3359/3359
f 3368/3368 3364/3364 3359/3359
f 3360/3360 3361/3361 3362/3362
f 3360/3360 3362/3362 3363/3363
f 3424/3424 3429/3429 3360/3360
f 3424/3424 3360/3360 3425/3425
f 3429/3429 3361/3361 3360/3360
f 3425/3425 3360/3360 3363/3363
f 3429/3429 3454/3454 3361/3361
f 3428/3428 3430/3430 3429/3429
f 3428/3428 3429/3429 3424/3424
f 3430/3430 3454/3454 3429/3429
f 3423/3423 3424/3424 3425/3425
f 3427/3427 3428/3428 3424/3424
f 3427/3427 3424/3424 3423/3423
f 3423/3423 3425/3425 3426/3426
f 3425/3425 3363/3363 3402/3402
f 3426/3426 3425/3425 3402/3402
f 3426/3426 3402/3402 3405/3405
f 3402/3402 3363/3363 3366/3366
f 3402/3402 3366/3366 3401/3401
f 3405/3405 3402/3402 3401/3401
f 3405/3405 3401/3401 3403/3403
f 3401/3401 3366/3366 3399/3399
f 3401/3401 3399/3399 3398/3398
f 3403/3403 3401/3401 3398/3398
f 3363/3363 3365/3365 3366/3366
f 3366/3366 3365/3365 3400/3400
f 3366/3366 3400/3400 3399/3399
f 3398/3398 3399/3399 3393/3393
f 3399/3399 3400/3400 3396/3396
f 3399/3399 3396/3396 3393/3393
f 3398/3398 3393/3393 3392/3392
f 3403/3403 3398/3398 3404/3404
f 3404/3404 3398/3398 3392/3392
f 3392/3392 3393/3393 3394/3394
f 3396/3396 3394/3394 3393/3393
f 3396/3396 3397/3397 3394/3394
f 3392/3392 3394/3394 3395/3395
f 3457/3457 3458/3458 3392/3392
f 3457/3457 3392/3392 3395/3395
f 3404/3404 3392/3392 3458/3458
f 3363/3363 3362/3362 3365/3365
f 3431/3431 3428/3428 3427/3427
f 3431/3431 3427/3427 3433/3433
f 3431/3431 3432/3432 3430/3430
f 3431/3431 3430/3430 3428/3428
f 3432/3432 3431/3431 3434/3434
f 3434/3434 3431/3431 3433/3433
f 3434/3434 3433/3433 3436/3436
f 3432/3432 3434/3434 3435/3435
f 3435/3435 3434/3434 3437/3437
f 3434/3434 3436/3436 3439/3439
f 3434/3434 3439/3439 3437/3437
f 3435/3435 3437/3437 3438/3438
f 3451/3451 3435/3435 3438/3438
f 3432/3432 3435/3435 3451/3451
f 3438/3438 3437/3437 3440/3440
f 3437/3437 3439/3439 3442/3442
f 3437/3437 3442/3442 3440/3440
f 3438/3438 3440/3440 3441/3441
f 3450/3450 3438/3438 3441/3441
f 3451/3451 3438/3438 3450/3450
f 3432/3432 3451/3451 3452/3452
f 3430/3430 3432/3432 3452/3452
f 3430/3430 3452/3452 3453/3453
f 3430/3430 3453/3453 3454/3454
f 3450/3450 3441/3441 3448/3448
f 3448/3448 3441/3441 3444/3444
f 3448/3448 3444/3444 3449/3449
f 3441/3441 3443/3443 3444/3444
f 3444/3444 3443/3443 3386/3386
f 3444/3444 3386/3386 3381/3381
f 3449/3449 3444/3444 3381/3381
f 3449/3449 3381/3381 3380/3380
f 3380/3380 3381/3381 3382/3382
f 3381/3381 3386/3386 3387/3387
f 3381/3381 3387/3387 3382/3382
f 3443/3443 3446/3446 3386/3386
f 3386/3386 3446/3446 3447/3447
f 3386/3386 3447/3447 3387/3387
f 3382/3382 3387/3387 3388/3388
f 3387/3387 3447/3447 3455/3455
f 3387/3387 3455/3455 3388/3388
f 3380/3380 3382/3382 3383/3383
f 3383/3383 3382/3382 3384/3384
f 3382/3382 3388/3388 3384/3384
f 3384/3384 3388/3388 3389/3389
f 3455/3455 3389/3389 3388/3388
f 3455/3455 3456/3456 3389/3389
f 3384/3384 3389/3389 3390/3390
f 3383/3383 3384/3384 3385/3385
f 3391/3391 3385/3385 3384/3384
f 3391/3391 3384/3384 3390/3390
f 3443/3443 3445/3445 3446/3446
f 3441/3441 3440/3440 3443/3443
f 3440/3440 3445/3445 3443/3443
f 3440/3440 3442/3442 3445/3445
f 3406/3406 3407/3407 3408/3408
f 3409/3409 3406/3406 3408/3408
f 3407/3407 3410/3410 3408/3408
f 3410/3410 3411/3411 3408/3408
f 3411/3411 3420/3420 3408/3408
f 3420/3420 3412/3412 3408/3408
f 3412/3412 3413/3413 3408/3408
f 3413/3413 3414/3414 3408/3408
f 3414/3414 3421/3421 3408/3408
f 3421/3421 3415/3415 3408/3408
f 3415/3415 3416/3416 3408/3408
f 3416/3416 3417/3417 3408/3408
f 3417/3417 3422/3422 3408/3408
f 3422/3422 3419/3419 3408/3408
f 3418/3418 3409/3409 3408/3408
f 3419/3419 3418/3418 3408/3408
f 3459/3459 3460/3460 3461/3461
f 3466/3466 3459/3459 3461/3461
f 3460/3460 3471/3471 3461/3461
f 3471/3471 3472/3472 3461/3461
f 3472/3472 3473/3473 3461/3461
f 3473/3473 3474/3474 3461/3461
f 3474/3474 3475/3475 3461/3461
f 3475/3475 3476/3476 3461/3461
f 3476/3476 3477/3477 3461/3461
f 3477/3477 3478/3478 3461/3461
f 3478/3478 3479/3479 3461/3461
f 3479/3479 3480/3480 3461/3461
f 3480/3480 3481/3481 3461/3461
f 3481/3481 3469/3469 3461/3461
f 3469/3469 3470/3470 3461/3461
f 3470/3470 3466/3466 3461/3461
f 3462/3462 3463/3463 3464/3464
f 3462/3462 3464/3464 3465/3465
f 3467/3467 3462/3462 3465/3465
f 3503/3503 3504/3504 3462/3462
f 3503/3503 3462/3462 3467/3467
f 3504/3504 3463/3463 3462/3462
f 3463/3463 3556/3556 3464/3464
f 3531/3531 3555/3555 3556/3556
f 3463/3463 3531/3531 3556/3556
f 3528/3528 3527/3527 3531/3531
f 3528/3528 3531/3531 3463/3463
f 3527/3527 3532/3532 3531/3531
f 3531/3531 3532/3532 3555/3555
f 3532/3532 3554/3554 3555/3555
f 3527/3527 3530/3530 3532/3532
f 3530/3530 3534/3534 3532/3532
f 3532/3532 3534/3534 3554/3554
f 3525/3525 3526/3526 3527/3527
f 3525/3525 3527/3527 3528/3528
f 3526/3526 3530/3530 3527/3527
f 3526/3526 3529/3529 3530/3530
f 3530/3530 3533/3533 3534/3534
f 3529/3529 3533/3533 3530/3530
f 3533/3533 3537/3537 3534/3534
f 3534/3534 3537/3537 3553/3553
f 3534/3534 3553/3553 3554/3554
f 3529/3529 3535/3535 3533/3533
f 3533/3533 3536/3536 3537/3537
f 3535/3535 3536/3536 3533/3533
f 3536/3536 3540/3540 3537/3537
f 3537/3537 3540/3540 3552/3552
f 3537/3537 3552/3552 3553/3553
f 3535/3535 3538/3538 3536/3536
f 3536/3536 3539/3539 3540/3540
f 3538/3538 3539/3539 3536/3536
f 3539/3539 3543/3543 3540/3540
f 3540/3540 3543/3543 3551/3551
f 3540/3540 3551/3551 3552/3552
f 3538/3538 3541/3541 3539/3539
f 3539/3539 3542/3542 3543/3543
f 3541/3541 3542/3542 3539/3539
f 3542/3542 3546/3546 3543/3543
f 3543/3543 3546/3546 3550/3550
f 3543/3543 3550/3550 3551/3551
f 3541/3541 3544/3544 3542/3542
f 3542/3542 3545/3545 3546/3546
f 3544/3544 3545/3545 3542/3542
f 3545/3545 3482/3482 3546/3546
f 3546/3546 3482/3482 3485/3485
f 3546/3546 3485/3485 3550/3550
f 3544/3544 3547/3547 3545/3545
f 3545/3545 3488/3488 3482/3482
f 3547/3547 3488/3488 3545/3545
f 3482/3482 3483/3483 3484/3484
f 3482/3482 3484/3484 3485/3485
f 3488/3488 3483/3483 3482/3482
f 3488/3488 3489/3489 3483/3483
f 3547/3547 3548/3548 3488/3488
f 3548/3548 3489/3489 3488/3488
f 3483/3483 3486/3486 3487/3487
f 3483/3483 3487/3487 3484/3484
f 3489/3489 3486/3486 3483/3483
f 3489/3489 3490/3490 3486/3486
f 3548/3548 3549/3549 3489/3489
f 3549/3549 3490/3490 3489/3489
f 3490/3490 3492/3492 3486/3486
f 3486/3486 3492/3492 3493/3493
f 3486/3486 3493/3493 3487/3487
f 3490/3490 3491/3491 3492/3492
f 3549/3549 3557/3557 3490/3490
f 3557/3557 3491/3491 3490/3490
f 3557/3557 3558/3558 3491/3491
f 3504/3504 3528/3528 3463/3463
f 3507/3507 3525/3525 3528/3528
f 3507/3507 3528/3528 3504/3504
f 3506/3506 3507/3507 3504/3504
f 3506/3506 3504/3504 3503/3503
f 3505/3505 3506/3506 3503/3503
f 3500/3500 3503/3503 3467/3467
f 3505/3505 3503/3503 3500/3500
f 3560/3560 3505/3505 3500/3500
f 3495/3495 3500/3500 3501/3501
f 3500/3500 3467/3467 3501/3501
f 3560/3560 3500/3500 3495/3495
f 3467/3467 3465/3465 3468/3468
f 3501/3501 3467/3467 3468/3468
f 3495/3495 3501/3501 3496/3496
f 3496/3496 3501/3501 3502/3502
f 3501/3501 3468/3468 3502/3502
f 3494/3494 3495/3495 3496/3496
f 3559/3559 3560/3560 3495/3495
f 3559/3559 3495/3495 3494/3494
f 3494/3494 3496/3496 3497/3497
f 3497/3497 3496/3496 3498/3498
f 3496/3496 3502/3502 3498/3498
f 3497/3497 3498/3498 3499/3499
f 3508/3508 3509/3509 3510/3510
f 3511/3511 3508/3508 3510/3510
f 3509/3509 3512/3512 3510/3510
f 3512/3512 3513/3513 3510/3510
f 3513/3513 3522/3522 3510/3510
f 3522/3522 3514/3514 3510/3510
f 3514/3514 3515/3515 3510/3510
f 3515/3515 3516/3516 3510/3510
f 3516/3516 3523/3523 3510/3510
f 3523/3523 3517/3517 3510/3510
f 3517/3517 3518/3518 3510/3510
f 3518/3518 3519/3519 3510/3510
f 3519/3519 3524/3524 3510/3510
f 3524/3524 3521/3521 3510/3510
f 3520/3520 3511/3511 3510/3510
f 3521/3521 3520/3520 3510/3510
f 3561/3561 3562/3562 3563/3563
f 3568/3568 3561/3561 3563/3563
f 3562/3562 3573/3573 3563/3563
f 3573/3573 3574/3574 3563/3563
f 3574/3574 3575/3575 3563/3563
f 3575/3575 3576/3576 3563/3563
f 3576/3576 3577/3577 3563/3563
f 3577/3577 3578/3578 3563/3563
f 3578/3578 3579/3579 3563/3563
f 3579/3579 3580/3580 3563/3563
f 3580/3580 3581/3581 3563/3563
f 3581/3581 3582/3582 3563/3563
f 3582/3582 3583/3583 3563/3563
f 3583/3583 3571/3571 3563/3563
f 3571/3571 3572/3572 3563/3563
f 3572/3572 3568/3568 3563/3563
f 3564/3564 3565/3565 3566/3566
f 3564/3564 3566/3566 3567/3567
f 3569/3569 3565/3565 3564/3564
f 3569/3569 3570/3570 3565/3565
f 3605/3605 3606/3606 3565/3565
f 3605/3605 3565/3565 3570/3570
f 3606/3606 3566/3566 3565/3565
f 3627/3627 3633/3633 3566/3566
f 3567/3567 3566/3566 3633/3633
f 3606/3606 3627/3627 3566/3566
f 3567/3567 3633/3633 3658/3658
f 3627/3627 3630/3630 3633/3633
f 3630/3630 3634/3634 3633/3633
f 3658/3658 3633/3633 3634/3634
f 3627/3627 3628/3628 3629/3629
f 3627/3627 3629/3629 3630/3630
f 3606/3606 3628/3628 3627/3627
f 3605/3605 3609/3609 3606/3606
f 3606/3606 3609/3609 3628/3628
f 3605/3605 3608/3608 3609/3609
f 3602/3602 3607/3607 3608/3608
f 3602/3602 3608/3608 3605/3605
f 3597/3597 3602/3602 3603/3603
f 3602/3602 3605/3605 3570/3570
f 3602/3602 3570/3570 3603/3603
f 3597/3597 3607/3607 3602/3602
f 3597/3597 3662/3662 3607/3607
f 3596/3596 3597/3597 3598/3598
f 3597/3597 3603/3603 3598/3598
f 3597/3597 3596/3596 3661/3661
f 3597/3597 3661/3661 3662/3662
f 3598/3598 3603/3603 3604/3604
f 3604/3604 3603/3603 3570/3570
f 3604/3604 3570/3570 3569/3569
f 3598/3598 3604/3604 3600/3600
f 3596/3596 3598/3598 3599/3599
f 3599/3599 3598/3598 3600/3600
f 3599/3599 3600/3600 3601/3601
f 3629/3629 3632/3632 3630/3630
f 3630/3630 3632/3632 3634/3634
f 3629/3629 3631/3631 3632/3632
f 3632/3632 3635/3635 3636/3636
f 3632/3632 3636/3636 3634/3634
f 3631/3631 3635/3635 3632/3632
f 3656/3656 3657/3657 3634/3634
f 3656/3656 3634/3634 3636/3636
f 3658/3658 3634/3634 3657/3657
f 3635/3635 3639/3639 3636/3636
f 3655/3655 3656/3656 3636/3636
f 3655/3655 3636/3636 3639/3639
f 3635/3635 3638/3638 3639/3639
f 3638/3638 3642/3642 3639/3639
f 3642/3642 3655/3655 3639/3639
f 3642/3642 3654/3654 3655/3655
f 3638/3638 3641/3641 3642/3642
f 3641/3641 3645/3645 3642/3642
f 3645/3645 3654/3654 3642/3642
f 3637/3637 3640/3640 3638/3638
f 3637/3637 3638/3638 3635/3635
f 3640/3640 3641/3641 3638/3638
f 3631/3631 3637/3637 3635/3635
f 3640/3640 3643/3643 3641/3641
f 3641/3641 3644/3644 3645/3645
f 3646/3646 3644/3644 3641/3641
f 3646/3646 3641/3641 3643/3643
f 3644/3644 3647/3647 3648/3648
f 3644/3644 3648/3648 3645/3645
f 3649/3649 3647/3647 3644/3644
f 3649/3649 3644/3644 3646/3646
f 3647/3647 3590/3590 3587/3587
f 3647/3647 3587/3587 3648/3648
f 3650/3650 3590/3590 3647/3647
f 3650/3650 3647/3647 3649/3649
f 3648/3648 3652/3652 3653/3653
f 3648/3648 3653/3653 3645/3645
f 3587/3587 3652/3652 3648/3648
f 3584/3584 3586/3586 3587/3587
f 3590/3590 3584/3584 3587/3587
f 3587/3587 3586/3586 3652/3652
f 3584/3584 3585/3585 3586/3586
f 3584/3584 3588/3588 3589/3589
f 3584/3584 3589/3589 3585/3585
f 3590/3590 3591/3591 3584/3584
f 3591/3591 3588/3588 3584/3584
f 3591/3591 3592/3592 3588/3588
f 3592/3592 3594/3594 3588/3588
f 3588/3588 3594/3594 3595/3595
f 3588/3588 3595/3595 3589/3589
f 3651/3651 3591/3591 3590/3590
f 3659/3659 3592/3592 3591/3591
f 3659/3659 3591/3591 3651/3651
f 3592/3592 3593/3593 3594/3594
f 3593/3593 3592/3592 3659/3659
f 3593/3593 3659/3659 3660/3660
f 3651/3651 3590/3590 3650/3650
f 3645/3645 3653/3653 3654/3654
f 3610/3610 3611/3611 3612/3612
f 3613/3613 3610/3610 3612/3612
f 3611/3611 3614/3614 3612/3612
f 3614/3614 3615/3615 3612/3612
f 3615/3615 3624/3624 3612/3612
f 3624/3624 3616/3616 3612/3612
f 3616/3616 3617/3617 3612/3612
f 3617/3617 3618/3618 3612/3612
f 3618/3618 3625/3625 3612/3612
f 3625/3625 3619/3619 3612/3612
f 3619/3619 3620/3620 3612/3612
f 3620/3620 3621/3621 3612/3612
f 3621/3621 3626/3626 3612/3612
f 3626/3626 3623/3623 3612/3612
f 3622/3622 3613/3613 3612/3612
f 3623/3623 3622/3622 3612/3612
f 3663/3663 3664/3664 3665/3665
f 3670/3670 3663/3663 3665/3665
f 3664/3664 3675/3675 3665/3665
f 3675/3675 3676/3676 3665/3665
f 3676/3676 3677/3677 3665/3665
f 3677/3677 3678/3678 3665/3665
f 3678/3678 3679/3679 3665/3665
f 3679/3679 3680/3680 3665/3665
f 3680/3680 3681/3681 3665/3665
f 3681/3681 3682/3682 3665/3665
f 3682/3682 3683/3683 3665/3665
f 3683/3683 3684/3684 3665/3665
f 3684/3684 3685/3685 3665/3665
f 3685/3685 3673/3673 3665/3665
f 3673/3673 3674/3674 3665/3665
f 3674/3674 3670/3670 3665/3665
f 3666/3666 3667/3667 3668/3668
f 3666/3666 3668/3668 3669/3669
f 3760/3760 3666/3666 3669/3669
f 3667/3667 3671/3671 3672/3672
f 3667/3667 3672/3672 3668/3668
f 3668/3668 3672/3672 3707/3707
f 3668/3668 3707/3707 3708/3708
f 3669/3669 3668/3668 3708/3708
f 3735/3735 3669/3669 3730/3730
f 3760/3760 3669/3669 3735/3735
f 3669/3669 3708/3708 3730/3730
f 3759/3759 3760/3760 3735/3735
f 3735/3735 3730/3730 3729/3729
f 3736/3736 3735/3735 3729/3729
f 3759/3759 3735/3735 3736/3736
f 3729/3729 3730/3730 3731/3731
f 3730/3730 3708/3708 3711/3711
f 3730/3730 3711/3711 3731/3731
f 3708/3708 3707/3707 3710/3710
f 3708/3708 3710/3710 3711/3711
f 3707/3707 3709/3709 3710/3710
f 3707/3707 3705/3705 3709/3709
f 3705/3705 3764/3764 3709/3709
f 3704/3704 3701/3701 3705/3705
f 3672/3672 3704/3704 3705/3705
f 3672/3672 3705/3705 3707/3707
f 3705/3705 3701/3701 3764/3764
f 3701/3701 3763/3763 3764/3764
f 3698/3698 3700/3700 3701/3701
f 3704/3704 3698/3698 3701/3701
f 3701/3701 3700/3700 3763/3763
f 3698/3698 3699/3699 3700/3700
f 3702/3702 3699/3699 3698/3698
f 3706/3706 3702/3702 3698/3698
f 3706/3706 3698/3698 3704/3704
f 3702/3702 3703/3703 3699/3699
f 3671/3671 3706/3706 3704/3704
f 3671/3671 3704/3704 3672/3672
f 3729/3729 3731/3731 3732/3732
f 3733/3733 3729/3729 3732/3732
f 3736/3736 3729/3729 3733/3733
f 3733/3733 3732/3732 3734/3734
f 3737/3737 3736/3736 3733/3733
f 3737/3737 3733/3733 3738/3738
f 3738/3738 3733/3733 3734/3734
f 3758/3758 3759/3759 3736/3736
f 3758/3758 3736/3736 3737/3737
f 3740/3740 3737/3737 3738/3738
f 3757/3757 3758/3758 3737/3737
f 3757/3757 3737/3737 3740/3740
f 3738/3738 3734/3734 3739/3739
f 3740/3740 3738/3738 3741/3741
f 3741/3741 3738/3738 3739/3739
f 3743/3743 3740/3740 3741/3741
f 3756/3756 3757/3757 3740/3740
f 3756/3756 3740/3740 3743/3743
f 3741/3741 3739/3739 3742/3742
f 3743/3743 3741/3741 3744/3744
f 3744/3744 3741/3741 3742/3742
f 3746/3746 3743/3743 3744/3744
f 3755/3755 3756/3756 3743/3743
f 3755/3755 3743/3743 3746/3746
f 3744/3744 3742/3742 3745/3745
f 3746/3746 3744/3744 3747/3747
f 3747/3747 3744/3744 3745/3745
f 3749/3749 3746/3746 3747/3747
f 3754/3754 3755/3755 3746/3746
f 3754/3754 3746/3746 3749/3749
f 3747/3747 3745/3745 3748/3748
f 3749/3749 3747/3747 3750/3750
f 3750/3750 3747/3747 3748/3748
f 3688/3688 3749/3749 3750/3750
f 3687/3687 3754/3754 3749/3749
f 3687/3687 3749/3749 3688/3688
f 3750/3750 3748/3748 3751/3751
f 3688/3688 3750/3750 3692/3692
f 3692/3692 3750/3750 3751/3751
f 3686/3686 3687/3687 3688/3688
f 3686/3686 3688/3688 3689/3689
f 3689/3689 3688/3688 3692/3692
f 3689/3689 3692/3692 3693/3693
f 3692/3692 3751/3751 3752/3752
f 3693/3693 3692/3692 3752/3752
f 3690/3690 3686/3686 3689/3689
f 3690/3690 3689/3689 3691/3691
f 3691/3691 3689/3689 3693/3693
f 3691/3691 3693/3693 3694/3694
f 3693/3693 3752/3752 3753/3753
f 3694/3694 3693/3693 3753/3753
f 3695/3695 3691/3691 3694/3694
f 3697/3697 3690/3690 3691/3691
f 3697/3697 3691/3691 3695/3695
f 3695/3695 3694/3694 3696/3696
f 3694/3694 3753/3753 3761/3761
f 3696/3696 3694/3694 3761/3761
f 3696/3696 3761/3761 3762/3762
f 3712/3712 3713/3713 3714/3714
f 3715/3715 3712/3712 3714/3714
f 3713/3713 3716/3716 3714/3714
f 3716/3716 3717/3717 3714/3714
f 3717/3717 3726/3726 3714/3714
f 3726/3726 3718/3718 3714/3714
f 3718/3718 3719/3719 3714/3714
f 3719/3719 3720/3720 3714/3714
f 3720/3720 3727/3727 3714/3714
f 3727/3727 3721/3721 3714/3714
f 3721/3721 3722/3722 3714/3714
f 3722/3722 3723/3723 3714/3714
f 3723/3723 3728/3728 3714/3714
f 3728/3728 3725/3725 3714/3714
f 3724/3724 3715/3715 3714/3714
f 3725/3725 3724/3724 3714/3714
f 3765/3765 3766/3766 3767/3767
f 3765/3765 3767/3767 3768/3768
f 3768/3768 3767/3767 3795/3795
f 3768/3768 3795/3795 3796/3796
f 3768/3768 3796/3796 3805/3805
f 3768/3768 3805/3805 3806/3806
f 3769/3769 3770/3770 3771/3771
f 3769/3769 3771/3771 3772/3772
f 3770/3770 3793/3793 3794/3794
f 3770/3770 3794/3794 3771/3771
f 3773/3773 3774/3774 3775/3775
f 3773/3773 3775/3775 3776/3776
f 3789/3789 3791/3791 3775/3775
f 3776/3776 3775/3775 3791/3791
f 3776/3776 3791/3791 3792/3792
f 3789/3789 3790/3790 3791/3791
f 3777/3777 3778/3778 3779/3779
f 3777/3777 3779/3779 3780/3780
f 3781/3781 3782/3782 3783/3783
f 3781/3781 3783/3783 3784/3784
f 3782/3782 3807/3807 3808/3808
f 3782/3782 3808/3808 3783/3783
f 3785/3785 3786/3786 3787/3787
f 3785/3785 3787/3787 3788/3788
f 3797/3797 3798/3798 3799/3799
f 3797/3797 3799/3799 3800/3800
f 3801/3801 3802/3802 3803/3803
f 3801/3801 3803/3803 3804/3804
f 3809/3809 3810/3810 3811/3811
f 3809/3809 3811/3811 3812/3812
f 3817/3817 3815/3815 3809/3809
f 3817/3817 3809/3809 3812/3812
f 3815/3815 3810/3810 3809/3809
f 3813/3813 3811/3811 3810/3810
f 3815/3815 3813/3813 3810/3810
f 3813/3813 3814/3814 3811/3811
f 3813/3813 3815/3815 3816/3816
f 3813/3813 3816/3816 3814/3814
f 3818/3818 3819/3819 3820/3820
f 3818/3818 3820/3820 3821/3821
f 3820/3820 3837/3837 3836/3836
f 3820/3820 3836/3836 3821/3821
f 3834/3834 3836/3836 3837/3837
f 3834/3834 3835/3835 3836/3836
f 3834/3834 3838/3838 3839/3839
f 3834/3834 3839/3839 3835/3835
f 3822/3822 3823/3823 3824/3824
f 3822/3822 3824/3824 3825/3825
f 3826/3826 3827/3827 3822/3822
f 3826/3826 3822/3822 3825/3825
f 3829/3829 3824/3824 3823/3823
f 3829/3829 3828/3828 3824/3824
f 3826/3826 3828/3828 3829/3829
f 3826/3826 3829/3829 3827/3827
f 3830/3830 3831/3831 3832/3832
f 3830/3830 3832/3832 3833/3833
f 3840/3840 3841/3841 3842/3842
f 3840/3840 3842/3842 3843/3843
f 3844/3844 3841/3841 3840/3840
f 3874/3874 3840/3840 3843/3843
f 3876/3876 3844/3844 3840/3840
f 3876/3876 3840/3840 3874/3874
f 3843/3843 3842/3842 3873/3873
f 3843/3843 3873/3873 3872/3872
f 3874/3874 3843/3843 3875/3875
f 3875/3875 3843/3843 3872/3872
f 3872/3872 3873/3873 3871/3871
f 3873/3873 3901/3901 3898/3898
f 3873/3873 3898/3898 3871/3871
f 3842/3842 3901/3901 3873/3873
f 3872/3872 3871/3871 3870/3870
f 3890/3890 3872/3872 3870/3870
f 3875/3875 3872/3872 3890/3890
f 3870/3870 3871/3871 3869/3869
f 3871/3871 3898/3898 3897/3897
f 3871/3871 3897/3897 3869/3869
f 3901/3901 3905/3905 3898/3898
f 3898/3898 3905/3905 3906/3906
f 3898/3898 3906/3906 3897/3897
f 3867/3867 3869/3869 3897/3897
f 3867/3867 3897/3897 3895/3895
f 3897/3897 3906/3906 3907/3907
f 3897/3897 3907/3907 3895/3895
f 3868/3868 3869/3869 3867/3867
f 3870/3870 3869/3869 3868/3868
f 3864/3864 3866/3866 3867/3867
f 3868/3868 3867/3867 3866/3866
f 3864/3864 3867/3867 3895/3895
f 3864/3864 3895/3895 3896/3896
f 3908/3908 3896/3896 3895/3895
f 3908/3908 3895/3895 3907/3907
f 3864/3864 3865/3865 3866/3866
f 3886/3886 3887/3887 3866/3866
f 3886/3886 3866/3866 3865/3865
f 3887/3887 3868/3868 3866/3866
f 3887/3887 3888/3888 3868/3868
f 3888/3888 3870/3870 3868/3868
f 3888/3888 3889/3889 3870/3870
f 3890/3890 3870/3870 3889/3889
f 3901/3901 3904/3904 3905/3905
f 3900/3900 3904/3904 3901/3901
f 3842/3842 3900/3900 3901/3901
f 3900/3900 3903/3903 3904/3904
f 3841/3841 3899/3899 3900/3900
f 3841/3841 3900/3900 3842/3842
f 3899/3899 3903/3903 3900/3900
f 3899/3899 3924/3924 3903/3903
f 3845/3845 3902/3902 3899/3899
f 3845/3845 3899/3899 3841/3841
f 3902/3902 3924/3924 3899/3899
f 3844/3844 3845/3845 3841/3841
f 3846/3846 3847/3847 3845/3845
f 3846/3846 3845/3845 3844/3844
f 3847/3847 3902/3902 3845/3845
f 3922/3922 3923/3923 3902/3902
f 3902/3902 3923/3923 3924/3924
f 3847/3847 3922/3922 3902/3902
f 3848/3848 3849/3849 3847/3847
f 3848/3848 3847/3847 3846/3846
f 3920/3920 3922/3922 3847/3847
f 3920/3920 3847/3847 3849/3849
f 3920/3920 3921/3921 3922/3922
f 3922/3922 3921/3921 3923/3923
f 3919/3919 3920/3920 3918/3918
f 3920/3920 3919/3919 3921/3921
f 3918/3918 3920/3920 3849/3849
f 3849/3849 3848/3848 3850/3850
f 3849/3849 3850/3850 3851/3851
f 3918/3918 3849/3849 3851/3851
f 3917/3917 3918/3918 3916/3916
f 3919/3919 3918/3918 3917/3917
f 3918/3918 3851/3851 3853/3853
f 3918/3918 3853/3853 3916/3916
f 3851/3851 3850/3850 3852/3852
f 3851/3851 3852/3852 3853/3853
f 3850/3850 3848/3848 3878/3878
f 3850/3850 3878/3878 3879/3879
f 3852/3852 3850/3850 3879/3879
f 3853/3853 3852/3852 3854/3854
f 3852/3852 3879/3879 3880/3880
f 3852/3852 3880/3880 3881/3881
f 3852/3852 3881/3881 3854/3854
f 3853/3853 3854/3854 3855/3855
f 3916/3916 3853/3853 3855/3855
f 3855/3855 3854/3854 3856/3856
f 3854/3854 3881/3881 3882/3882
f 3854/3854 3882/3882 3856/3856
f 3855/3855 3856/3856 3857/3857
f 3914/3914 3855/3855 3857/3857
f 3916/3916 3855/3855 3914/3914
f 3857/3857 3856/3856 3858/3858
f 3856/3856 3882/3882 3883/3883
f 3856/3856 3883/3883 3858/3858
f 3857/3857 3858/3858 3859/3859
f 3891/3891 3857/3857 3859/3859
f 3914/3914 3857/3857 3891/3891
f 3913/3913 3914/3914 3891/3891
f 3915/3915 3916/3916 3914/3914
f 3915/3915 3914/3914 3913/3913
f 3917/3917 3916/3916 3915/3915
f 3913/3913 3891/3891 3912/3912
f 3891/3891 3859/3859 3892/3892
f 3912/3912 3891/3891 3892/3892
f 3912/3912 3892/3892 3911/3911
f 3892/3892 3859/3859 3861/3861
f 3892/3892 3861/3861 3893/3893
f 3911/3911 3892/3892 3893/3893
f 3911/3911 3893/3893 3909/3909
f 3893/3893 3861/3861 3863/3863
f 3893/3893 3863/3863 3894/3894
f 3909/3909 3893/3893 3894/3894
f 3859/3859 3860/3860 3861/3861
f 3861/3861 3860/3860 3862/3862
f 3861/3861 3862/3862 3863/3863
f 3859/3859 3858/3858 3860/3860
f 3858/3858 3884/3884 3860/3860
f 3884/3884 3862/3862 3860/3860
f 3884/3884 3885/3885 3862/3862
f 3858/3858 3883/3883 3884/3884
f 3909/3909 3894/3894 3910/3910
f 3848/3848 3877/3877 3878/3878
f 3848/3848 3846/3846 3877/3877
f 3846/3846 3876/3876 3877/3877
f 3846/3846 3844/3844 3876/3876
f 3925/3925 3926/3926 3927/3927
f 4028/4028 3925/3925 3927/3927
f 4059/4059 4060/4060 3925/3925
f 4059/4059 3925/3925 4028/4028
f 3925/3925 4067/4067 4068/4068
f 3925/3925 4068/4068 3926/3926
f 3926/3926 3928/3928 3927/3927
f 3928/3928 3926/3926 4075/4075
f 3928/3928 3929/3929 3927/3927
f 3929/3929 4028/4028 3927/3927
f 4043/4043 4044/4044 4028/4028
f 4043/4043 4028/4028 3929/3929
f 4051/4051 3929/3929 3928/3928
f 4051/4051 3928/3928 4052/4052
f 3928/3928 4075/4075 4076/4076
f 4076/4076 4075/4075 3943/3943
f 4076/4076 3943/3943 3942/3942
f 3942/3942 3943/3943 3944/3944
f 3942/3942 3944/3944 3945/3945
f 3947/3947 4051/4051 4052/4052
f 3947/3947 4052/4052 3948/3948
f 3946/3946 3947/3947 3948/3948
f 3946/3946 3948/3948 3949/3949
f 3933/3933 4044/4044 4043/4043
f 3930/3930 3932/3932 3933/3933
f 3933/3933 3932/3932 4044/4044
f 3930/3930 3931/3931 3932/3932
f 4067/4067 3941/3941 4068/4068
f 4067/4067 3938/3938 3941/3941
f 3938/3938 3940/3940 3941/3941
f 3938/3938 3939/3939 3940/3940
f 3937/3937 4060/4060 4059/4059
f 3934/3934 3936/3936 3937/3937
f 3937/3937 3936/3936 4060/4060
f 3934/3934 3935/3935 3936/3936
f 3950/3950 3951/3951 3952/3952
f 3950/3950 3952/3952 3953/3953
f 3951/3951 3950/3950 3994/3994
f 3951/3951 3994/3994 3995/3995
f 3995/3995 3994/3994 4036/4036
f 3995/3995 4036/4036 4035/4035
f 4035/4035 4036/4036 4037/4037
f 4035/4035 4037/4037 4038/4038
f 3953/3953 3952/3952 4039/4039
f 3953/3953 4039/4039 4040/4040
f 4040/4040 4039/4039 3991/3991
f 4040/4040 3991/3991 3990/3990
f 3990/3990 3991/3991 3992/3992
f 3990/3990 3992/3992 3993/3993
f 3954/3954 3955/3955 3956/3956
f 3954/3954 3956/3956 3957/3957
f 3955/3955 3954/3954 4055/4055
f 3955/3955 4055/4055 4056/4056
f 4056/4056 4055/4055 3997/3997
f 4056/4056 3997/3997 3996/3996
f 3996/3996 3997/3997 3998/3998
f 3996/3996 3998/3998 3999/3999
f 3957/3957 3956/3956 4053/4053
f 3957/3957 4053/4053 4054/4054
f 4054/4054 4053/4053 4001/4001
f 4054/4054 4001/4001 4000/4000
f 4000/4000 4001/4001 4002/4002
f 4000/4000 4002/4002 4003/4003
f 3958/3958 3959/3959 3960/3960
f 3958/3958 3960/3960 3961/3961
f 4063/4063 3959/3959 3958/3958
f 4063/4063 4064/4064 3959/3959
f 4007/4007 4064/4064 4063/4063
f 4007/4007 4006/4006 4064/4064
f 4004/4004 4006/4006 4007/4007
f 4004/4004 4005/4005 4006/4006
f 4061/4061 4062/4062 3961/3961
f 4061/4061 3961/3961 3960/3960
f 4011/4011 4062/4062 4061/4061
f 4011/4011 4010/4010 4062/4062
f 4008/4008 4010/4010 4011/4011
f 4008/4008 4009/4009 4010/4010
f 3962/3962 3963/3963 3964/3964
f 3962/3962 3964/3964 3965/3965
f 4069/4069 4070/4070 3962/3962
f 4069/4069 3962/3962 3965/3965
f 4071/4071 3964/3964 3963/3963
f 4071/4071 4072/4072 3964/3964
f 4015/4015 4072/4072 4071/4071
f 4015/4015 4014/4014 4072/4072
f 4012/4012 4014/4014 4015/4015
f 4012/4012 4013/4013 4014/4014
f 4019/4019 4070/4070 4069/4069
f 4019/4019 4018/4018 4070/4070
f 4016/4016 4018/4018 4019/4019
f 4016/4016 4017/4017 4018/4018
f 3966/3966 3967/3967 3968/3968
f 3966/3966 3968/3968 3969/3969
f 4045/4045 3967/3967 3966/3966
f 4045/4045 4046/4046 3967/3967
f 4027/4027 4046/4046 4045/4045
f 4027/4027 4026/4026 4046/4046
f 4024/4024 4026/4026 4027/4027
f 4024/4024 4025/4025 4026/4026
f 4047/4047 4048/4048 3969/3969
f 4047/4047 3969/3969 3968/3968
f 4023/4023 4048/4048 4047/4047
f 4023/4023 4022/4022 4048/4048
f 4020/4020 4022/4022 4023/4023
f 4020/4020 4021/4021 4022/4022
f 3970/3970 3971/3971 3972/3972
f 3970/3970 3972/3972 3973/3973
f 3973/3973 3972/3972 4042/4042
f 3973/3973 4042/4042 4041/4041
f 4041/4041 4042/4042 4034/4034
f 4041/4041 4034/4034 4030/4030
f 4030/4030 4034/4034 4031/4031
f 4034/4034 4032/4032 4031/4031
f 4034/4034 4049/4049 4050/4050
f 4034/4034 4050/4050 4032/4032
f 4029/4029 4030/4030 4031/4031
f 4057/4057 4058/4058 4030/4030
f 4057/4057 4030/4030 4029/4029
f 4032/4032 4033/4033 4031/4031
f 4033/4033 4029/4029 4031/4031
f 4033/4033 4032/4032 4073/4073
f 4065/4065 4029/4029 4033/4033
f 4065/4065 4033/4033 4066/4066
f 4033/4033 4073/4073 4074/4074
f 4074/4074 4073/4073 3983/3983
f 4074/4074 3983/3983 3982/3982
f 3982/3982 3983/3983 3984/3984
f 3982/3982 3984/3984 3985/3985
f 3979/3979 4065/4065 4066/4066
f 3979/3979 4066/4066 3980/3980
f 3978/3978 3979/3979 3980/3980
f 3978/3978 3980/3980 3981/3981
f 3977/3977 4058/4058 4057/4057
f 3974/3974 3976/3976 3977/3977
f 3977/3977 3976/3976 4058/4058
f 3974/3974 3975/3975 3976/3976
f 4049/4049 3989/3989 4050/4050
f 4049/4049 3986/3986 3989/3989
f 3986/3986 3988/3988 3989/3989
f 3986/3986 3987/3987 3988/3988
f 4077/4077 4078/4078 4079/4079
f 4077/4077 4079/4079 4080/4080
f 4120/4120 4077/4077 4080/4080
f 4078/4078 4097/4097 4100/4100
f 4078/4078 4100/4100 4079/4079
f 4097/4097 4098/4098 4099/4099
f 4097/4097 4099/4099 4100/4100
f 4120/4120 4080/4080 4121/4121
f 4119/4119 4120/4120 4121/4121
f 4119/4119 4121/4121 4122/4122
f 4081/4081 4082/4082 4083/4083
f 4081/4081 4083/4083 4084/4084
f 4127/4127 4081/4081 4084/4084
f 4081/4081 4127/4127 4159/4159
f 4081/4081 4159/4159 4160/4160
f 4127/4127 4084/4084 4128/4128
f 4169/4169 4127/4127 4128/4128
f 4169/4169 4128/4128 4170/4170
f 4094/4094 4169/4169 4170/4170
f 4094/4094 4170/4170 4095/4095
f 4093/4093 4094/4094 4095/4095
f 4093/4093 4095/4095 4096/4096
f 4160/4160 4159/4159 4161/4161
f 4160/4160 4161/4161 4162/4162
f 4162/4162 4161/4161 4124/4124
f 4162/4162 4124/4124 4123/4123
f 4123/4123 4124/4124 4125/4125
f 4123/4123 4125/4125 4126/4126
f 4085/4085 4086/4086 4087/4087
f 4085/4085 4087/4087 4088/4088
f 4089/4089 4090/4090 4091/4091
f 4089/4089 4091/4091 4092/4092
f 4117/4117 4089/4089 4092/4092
f 4117/4117 4092/4092 4118/4118
f 4118/4118 4092/4092 4139/4139
f 4167/4167 4117/4117 4118/4118
f 4118/4118 4139/4139 4140/4140
f 4167/4167 4118/4118 4168/4168
f 4140/4140 4139/4139 4141/4141
f 4140/4140 4141/4141 4142/4142
f 4142/4142 4141/4141 4136/4136
f 4142/4142 4136/4136 4135/4135
f 4135/4135 4136/4136 4137/4137
f 4135/4135 4137/4137 4138/4138
f 4114/4114 4167/4167 4168/4168
f 4114/4114 4168/4168 4115/4115
f 4113/4113 4114/4114 4115/4115
f 4113/4113 4115/4115 4116/4116
f 4101/4101 4102/4102 4103/4103
f 4101/4101 4103/4103 4104/4104
f 4105/4105 4106/4106 4107/4107
f 4105/4105 4107/4107 4108/4108
f 4109/4109 4110/4110 4111/4111
f 4109/4109 4111/4111 4112/4112
f 4163/4163 4109/4109 4112/4112
f 4163/4163 4112/4112 4164/4164
f 4129/4129 4130/4130 4131/4131
f 4129/4129 4131/4131 4132/4132
f 4130/4130 4133/4133 4134/4134
f 4130/4130 4134/4134 4131/4131
f 4133/4133 4157/4157 4158/4158
f 4133/4133 4158/4158 4134/4134
f 4157/4157 4153/4153 4156/4156
f 4157/4157 4156/4156 4158/4158
f 4153/4153 4154/4154 4155/4155
f 4153/4153 4155/4155 4156/4156
f 4154/4154 4165/4165 4166/4166
f 4154/4154 4166/4166 4155/4155
f 4143/4143 4144/4144 4145/4145
f 4143/4143 4145/4145 4146/4146
f 4151/4151 4143/4143 4146/4146
f 4151/4151 4146/4146 4152/4152
f 4148/4148 4151/4151 4152/4152
f 4148/4148 4152/4152 4149/4149
f 4147/4147 4148/4148 4149/4149
f 4147/4147 4149/4149 4150/4150
f 4171/4171 4172/4172 4173/4173
f 4171/4171 4173/4173 4174/4174
f 4216/4216 4172/4172 4171/4171
f 4216/4216 4215/4215 4172/4172
f 4213/4213 4215/4215 4216/4216
f 4213/4213 4214/4214 4215/4215
f 4174/4174 4173/4173 4192/4192
f 4174/4174 4192/4192 4191/4191
f 4191/4191 4192/4192 4193/4193
f 4191/4191 4193/4193 4194/4194
f 4175/4175 4176/4176 4177/4177
f 4175/4175 4177/4177 4178/4178
f 4176/4176 4221/4221 4222/4222
f 4176/4176 4222/4222 4177/4177
f 4177/4177 4222/4222 4253/4253
f 4177/4177 4253/4253 4254/4254
f 4221/4221 4264/4264 4222/4222
f 4221/4221 4263/4263 4264/4264
f 4263/4263 4190/4190 4264/4264
f 4263/4263 4187/4187 4190/4190
f 4187/4187 4189/4189 4190/4190
f 4187/4187 4188/4188 4189/4189
f 4254/4254 4253/4253 4255/4255
f 4254/4254 4255/4255 4256/4256
f 4256/4256 4255/4255 4218/4218
f 4256/4256 4218/4218 4217/4217
f 4217/4217 4218/4218 4219/4219
f 4217/4217 4219/4219 4220/4220
f 4179/4179 4180/4180 4181/4181
f 4179/4179 4181/4181 4182/4182
f 4183/4183 4184/4184 4185/4185
f 4183/4183 4185/4185 4186/4186
f 4211/4211 4183/4183 4186/4186
f 4211/4211 4186/4186 4212/4212
f 4212/4212 4186/4186 4233/4233
f 4261/4261 4211/4211 4212/4212
f 4212/4212 4233/4233 4234/4234
f 4261/4261 4212/4212 4262/4262
f 4234/4234 4233/4233 4235/4235
f 4234/4234 4235/4235 4236/4236
f 4236/4236 4235/4235 4230/4230
f 4236/4236 4230/4230 4229/4229
f 4229/4229 4230/4230 4231/4231
f 4229/4229 4231/4231 4232/4232
f 4208/4208 4261/4261 4262/4262
f 4208/4208 4262/4262 4209/4209
f 4207/4207 4208/4208 4209/4209
f 4207/4207 4209/4209 4210/4210
f 4195/4195 4196/4196 4197/4197
f 4195/4195 4197/4197 4198/4198
f 4199/4199 4200/4200 4201/4201
f 4199/4199 4201/4201 4202/4202
f 4203/4203 4204/4204 4205/4205
f 4203/4203 4205/4205 4206/4206
f 4206/4206 4205/4205 4257/4257
f 4206/4206 4257/4257 4258/4258
f 4223/4223 4224/4224 4225/4225
f 4223/4223 4225/4225 4226/4226
f 4227/4227 4224/4224 4223/4223
f 4227/4227 4228/4228 4224/4224
f 4252/4252 4228/4228 4227/4227
f 4252/4252 4251/4251 4228/4228
f 4250/4250 4251/4251 4252/4252
f 4250/4250 4249/4249 4251/4251
f 4247/4247 4249/4249 4250/4250
f 4247/4247 4248/4248 4249/4249
f 4259/4259 4248/4248 4247/4247
f 4259/4259 4260/4260 4248/4248
f 4237/4237 4238/4238 4239/4239
f 4237/4237 4239/4239 4240/4240
f 4246/4246 4238/4238 4237/4237
f 4246/4246 4245/4245 4238/4238
f 4244/4244 4245/4245 4246/4246
f 4244/4244 4243/4243 4245/4245
f 4241/4241 4243/4243 4244/4244
f 4241/4241 4242/4242 4243/4243
f 4265/4265 4266/4266 4267/4267
f 4265/4265 4267/4267 4268/4268
f 4286/4286 4265/4265 4268/4268
f 4266/4266 4305/4305 4281/4281
f 4266/4266 4281/4281 4267/4267
f 4268/4268 4267/4267 4354/4354
f 4267/4267 4281/4281 4284/4284
f 4267/4267 4284/4284 4354/4354
f 4270/4270 4268/4268 4311/4311
f 4286/4286 4268/4268 4270/4270
f 4268/4268 4354/4354 4311/4311
f 4285/4285 4286/4286 4270/4270
f 4269/4269 4270/4270 4271/4271
f 4285/4285 4270/4270 4269/4269
f 4270/4270 4311/4311 4271/4271
f 4269/4269 4271/4271 4272/4272
f 4281/4281 4283/4283 4284/4284
f 4281/4281 4282/4282 4283/4283
f 4305/4305 4306/4306 4282/4282
f 4305/4305 4282/4282 4281/4281
f 4273/4273 4274/4274 4275/4275
f 4273/4273 4275/4275 4276/4276
f 4277/4277 4278/4278 4279/4279
f 4277/4277 4279/4279 4280/4280
f 4278/4278 4303/4303 4304/4304
f 4278/4278 4304/4304 4279/4279
f 4303/4303 4278/4278 4322/4322
f 4303/4303 4322/4322 4323/4323
f 4303/4303 4352/4352 4353/4353
f 4303/4303 4353/4353 4304/4304
f 4323/4323 4322/4322 4324/4324
f 4323/4323 4324/4324 4325/4325
f 4325/4325 4324/4324 4319/4319
f 4325/4325 4319/4319 4318/4318
f 4318/4318 4319/4319 4320/4320
f 4318/4318 4320/4320 4321/4321
f 4352/4352 4302/4302 4353/4353
f 4352/4352 4299/4299 4302/4302
f 4299/4299 4301/4301 4302/4302
f 4299/4299 4300/4300 4301/4301
f 4287/4287 4288/4288 4289/4289
f 4287/4287 4289/4289 4290/4290
f 4291/4291 4292/4292 4293/4293
f 4291/4291 4293/4293 4294/4294
f 4295/4295 4296/4296 4297/4297
f 4295/4295 4297/4297 4298/4298
f 4296/4296 4348/4348 4349/4349
f 4296/4296 4349/4349 4297/4297
f 4307/4307 4308/4308 4309/4309
f 4307/4307 4309/4309 4310/4310
f 4347/4347 4308/4308 4307/4307
f 4347/4347 4346/4346 4308/4308
f 4345/4345 4346/4346 4347/4347
f 4345/4345 4344/4344 4346/4346
f 4342/4342 4344/4344 4345/4345
f 4342/4342 4343/4343 4344/4344
f 4312/4312 4313/4313 4314/4314
f 4312/4312 4314/4314 4315/4315
f 4316/4316 4312/4312 4315/4315
f 4316/4316 4315/4315 4317/4317
f 4340/4340 4316/4316 4317/4317
f 4340/4340 4317/4317 4341/4341
f 4337/4337 4340/4340 4341/4341
f 4337/4337 4341/4341 4338/4338
f 4336/4336 4337/4337 4338/4338
f 4336/4336 4338/4338 4339/4339
f 4350/4350 4336/4336 4339/4339
f 4350/4350 4339/4339 4351/4351
f 4326/4326 4327/4327 4328/4328
f 4326/4326 4328/4328 4329/4329
f 4327/4327 4334/4334 4335/4335
f 4327/4327 4335/4335 4328/4328
f 4334/4334 4330/4330 4333/4333
f 4334/4334 4333/4333 4335/4335
f 4330/4330 4331/4331 4332/4332
f 4330/4330 4332/4332 4333/4333
f 4355/4355 4356/4356 4357/4357
f 4355/4355 4357/4357 4358/4358
f 4359/4359 4360/4360 4361/4361
f 4359/4359 4361/4361 4362/4362
f 4401/4401 4359/4359 4362/4362
f 4434/4434 4435/4435 4359/4359
f 4434/4434 4359/4359 4401/4401
f 4401/4401 4362/4362 4402/4402
f 4445/4445 4401/4401 4402/4402
f 4445/4445 4402/4402 4446/4446
f 4372/4372 4445/4445 4446/4446
f 4372/4372 4446/4446 4373/4373
f 4371/4371 4372/4372 4373/4373
f 4371/4371 4373/4373 4374/4374
f 4436/4436 4435/4435 4434/4434
f 4436/4436 4437/4437 4435/4435
f 4400/4400 4437/4437 4436/4436
f 4400/4400 4399/4399 4437/4437
f 4397/4397 4399/4399 4400/4400
f 4397/4397 4398/4398 4399/4399
f 4363/4363 4364/4364 4365/4365
f 4363/4363 4365/4365 4366/4366
f 4367/4367 4368/4368 4369/4369
f 4367/4367 4369/4369 4370/4370
f 4368/4368 4393/4393 4394/4394
f 4368/4368 4394/4394 4369/4369
f 4414/4414 4393/4393 4368/4368
f 4370/4370 4369/4369 4375/4375
f 4369/4369 4394/4394 4403/4403
f 4369/4369 4403/4403 4375/4375
f 4370/4370 4375/4375 4376/4376
f 4393/4393 4440/4440 4394/4394
f 4414/4414 4415/4415 4393/4393
f 4393/4393 4444/4444 4440/4440
f 4416/4416 4415/4415 4414/4414
f 4416/4416 4417/4417 4415/4415
f 4413/4413 4417/4417 4416/4416
f 4413/4413 4412/4412 4417/4417
f 4410/4410 4412/4412 4413/4413
f 4410/4410 4411/4411 4412/4412
f 4440/4440 4392/4392 4396/4396
f 4440/4440 4396/4396 4441/4441
f 4444/4444 4392/4392 4440/4440
f 4444/4444 4389/4389 4392/4392
f 4389/4389 4391/4391 4392/4392
f 4392/4392 4391/4391 4395/4395
f 4392/4392 4395/4395 4396/4396
f 4389/4389 4390/4390 4391/4391
f 4377/4377 4378/4378 4379/4379
f 4377/4377 4379/4379 4380/4380
f 4381/4381 4382/4382 4383/4383
f 4381/4381 4383/4383 4384/4384
f 4385/4385 4386/4386 4387/4387
f 4385/4385 4387/4387 4388/4388
f 4386/4386 4438/4438 4439/4439
f 4386/4386 4439/4439 4387/4387
f 4404/4404 4405/4405 4406/4406
f 4404/4404 4406/4406 4407/4407
f 4408/4408 4404/4404 4407/4407
f 4408/4408 4407/4407 4409/4409
f 4432/4432 4408/4408 4409/4409
f 4432/4432 4409/4409 4433/4433
f 4429/4429 4432/4432 4433/4433
f 4429/4429 4433/4433 4430/4430
f 4428/4428 4429/4429 4430/4430
f 4428/4428 4430/4430 4431/4431
f 4442/4442 4428/4428 4431/4431
f 4442/4442 4431/4431 4443/4443
f 4418/4418 4419/4419 4420/4420
f 4418/4418 4420/4420 4421/4421
f 4419/4419 4426/4426 4427/4427
f 4419/4419 4427/4427 4420/4420
f 4426/4426 4422/4422 4425/4425
f 4426/4426 4425/4425 4427/4427
f 4422/4422 4423/4423 4424/4424
f 4422/4422 4424/4424 4425/4425
f 4447/4447 4448/4448 4449/4449
f 4447/4447 4449/4449 4450/4450
f 4487/4487 4447/4447 4450/4450
f 4448/4448 4467/4467 4461/4461
f 4448/4448 4461/4461 4449/4449
f 4460/4460 4485/4485 4449/4449
f 4460/4460 4449/4449 4461/4461
f 4485/4485 4450/4450 4449/4449
f 4487/4487 4450/4450 4484/4484
f 4485/4485 4534/4534 4450/4450
f 4534/4534 4484/4484 4450/4450
f 4486/4486 4487/4487 4484/4484
f 4481/4481 4483/4483 4484/4484
f 4486/4486 4484/4484 4483/4483
f 4534/4534 4481/4481 4484/4484
f 4481/4481 4482/4482 4483/4483
f 4459/4459 4460/4460 4461/4461
f 4459/4459 4461/4461 4462/4462
f 4467/4467 4462/4462 4461/4461
f 4467/4467 4468/4468 4462/4462
f 4451/4451 4452/4452 4453/4453
f 4451/4451 4453/4453 4454/4454
f 4492/4492 4451/4451 4454/4454
f 4526/4526 4527/4527 4451/4451
f 4526/4526 4451/4451 4492/4492
f 4492/4492 4454/4454 4493/4493
f 4535/4535 4492/4492 4493/4493
f 4535/4535 4493/4493 4536/4536
f 4464/4464 4535/4535 4536/4536
f 4464/4464 4536/4536 4465/4465
f 4463/4463 4464/4464 4465/4465
f 4463/4463 4465/4465 4466/4466
f 4528/4528 4527/4527 4526/4526
f 4528/4528 4529/4529 4527/4527
f 4491/4491 4529/4529 4528/4528
f 4491/4491 4490/4490 4529/4529
f 4488/4488 4490/4490 4491/4491
f 4488/4488 4489/4489 4490/4490
f 4455/4455 4456/4456 4457/4457
f 4455/4455 4457/4457 4458/4458
f 4469/4469 4470/4470 4471/4471
f 4469/4469 4471/4471 4472/4472
f 4473/4473 4474/4474 4475/4475
f 4473/4473 4475/4475 4476/4476
f 4477/4477 4478/4478 4479/4479
f 4477/4477 4479/4479 4480/4480
f 4530/4530 4477/4477 4480/4480
f 4530/4530 4480/4480 4531/4531
f 4494/4494 4495/4495 4496/4496
f 4494/4494 4496/4496 4497/4497
f 4495/4495 4498/4498 4499/4499
f 4495/4495 4499/4499 4496/4496
f 4498/4498 4524/4524 4525/4525
f 4498/4498 4525/4525 4499/4499
f 4524/4524 4520/4520 4523/4523
f 4524/4524 4523/4523 4525/4525
f 4520/4520 4521/4521 4522/4522
f 4520/4520 4522/4522 4523/4523
f 4521/4521 4532/4532 4533/4533
f 4521/4521 4533/4533 4522/4522
f 4500/4500 4501/4501 4502/4502
f 4500/4500 4502/4502 4503/4503
f 4503/4503 4502/4502 4509/4509
f 4503/4503 4509/4509 4508/4508
f 4508/4508 4509/4509 4505/4505
f 4508/4508 4505/4505 4504/4504
f 4504/4504 4505/4505 4506/4506
f 4504/4504 4506/4506 4507/4507
f 4510/4510 4511/4511 4512/4512
f 4510/4510 4512/4512 4513/4513
f 4518/4518 4510/4510 4513/4513
f 4518/4518 4513/4513 4519/4519
f 4515/4515 4518/4518 4519/4519
f 4515/4515 4519/4519 4516/4516
f 4514/4514 4515/4515 4516/4516
f 4514/4514 4516/4516 4517/4517
f 4537/4537 4538/4538 4539/4539
f 4537/4537 4539/4539 4540/4540
f 4545/4545 4537/4537 4540/4540
f 4598/4598 4588/4588 4537/4537
f 4598/4598 4537/4537 4545/4545
f 4588/4588 4538/4538 4537/4537
f 4588/4588 4587/4587 4538/4538
f 4585/4585 4587/4587 4588/4588
f 4597/4597 4585/4585 4588/4588
f 4597/4597 4588/4588 4598/4598
f 4600/4600 4597/4597 4598/4598
f 4600/4600 4598/4598 4601/4601
f 4601/4601 4598/4598 4545/4545
f 4599/4599 4585/4585 4597/4597
f 4599/4599 4597/4597 4600/4600
f 4599/4599 4600/4600 4602/4602
f 4599/4599 4589/4589 4585/4585
f 4603/4603 4589/4589 4599/4599
f 4603/4603 4599/4599 4604/4604
f 4604/4604 4599/4599 4602/4602
f 4604/4604 4602/4602 4608/4608
f 4603/4603 4604/4604 4621/4621
f 4604/4604 4608/4608 4624/4624
f 4604/4604 4624/4624 4621/4621
f 4613/4613 4621/4621 4622/4622
f 4621/4621 4624/4624 4625/4625
f 4621/4621 4625/4625 4622/4622
f 4603/4603 4621/4621 4613/4613
f 4613/4613 4610/4610 4609/4609
f 4613/4613 4609/4609 4614/4614
f 4613/4613 4622/4622 4610/4610
f 4603/4603 4613/4613 4614/4614
f 4610/4610 4622/4622 4623/4623
f 4622/4622 4625/4625 4626/4626
f 4622/4622 4626/4626 4623/4623
f 4609/4609 4610/4610 4611/4611
f 4610/4610 4623/4623 4611/4611
f 4609/4609 4611/4611 4612/4612
f 4611/4611 4623/4623 4627/4627
f 4611/4611 4627/4627 4628/4628
f 4612/4612 4611/4611 4628/4628
f 4623/4623 4626/4626 4632/4632
f 4623/4623 4632/4632 4627/4627
f 4628/4628 4627/4627 4561/4561
f 4627/4627 4632/4632 4562/4562
f 4627/4627 4562/4562 4561/4561
f 4612/4612 4628/4628 4629/4629
f 4628/4628 4561/4561 4556/4556
f 4629/4629 4628/4628 4556/4556
f 4561/4561 4562/4562 4563/4563
f 4561/4561 4563/4563 4564/4564
f 4556/4556 4561/4561 4564/4564
f 4555/4555 4556/4556 4557/4557
f 4556/4556 4564/4564 4557/4557
f 4629/4629 4556/4556 4555/4555
f 4564/4564 4563/4563 4565/4565
f 4564/4564 4565/4565 4566/4566
f 4557/4557 4564/4564 4566/4566
f 4555/4555 4557/4557 4558/4558
f 4558/4558 4557/4557 4559/4559
f 4557/4557 4566/4566 4559/4559
f 4559/4559 4566/4566 4634/4634
f 4566/4566 4565/4565 4642/4642
f 4566/4566 4642/4642 4634/4634
f 4558/4558 4559/4559 4560/4560
f 4559/4559 4634/4634 4633/4633
f 4560/4560 4559/4559 4633/4633
f 4633/4633 4634/4634 4635/4635
f 4634/4634 4642/4642 4643/4643
f 4634/4634 4643/4643 4635/4635
f 4633/4633 4635/4635 4636/4636
f 4641/4641 4633/4633 4636/4636
f 4560/4560 4633/4633 4641/4641
f 4636/4636 4635/4635 4637/4637
f 4635/4635 4643/4643 4644/4644
f 4635/4635 4644/4644 4637/4637
f 4636/4636 4637/4637 4638/4638
f 4639/4639 4636/4636 4638/4638
f 4641/4641 4636/4636 4639/4639
f 4639/4639 4638/4638 4640/4640
f 4603/4603 4614/4614 4605/4605
f 4589/4589 4603/4603 4605/4605
f 4589/4589 4605/4605 4590/4590
f 4585/4585 4589/4589 4590/4590
f 4585/4585 4590/4590 4586/4586
f 4585/4585 4586/4586 4587/4587
f 4545/4545 4540/4540 4546/4546
f 4547/4547 4545/4545 4546/4546
f 4601/4601 4545/4545 4547/4547
f 4546/4546 4540/4540 4553/4553
f 4540/4540 4539/4539 4554/4554
f 4540/4540 4554/4554 4553/4553
f 4547/4547 4546/4546 4548/4548
f 4548/4548 4546/4546 4549/4549
f 4546/4546 4553/4553 4549/4549
f 4553/4553 4554/4554 4583/4583
f 4553/4553 4583/4583 4581/4581
f 4549/4549 4553/4553 4581/4581
f 4548/4548 4549/4549 4550/4550
f 4550/4550 4549/4549 4578/4578
f 4549/4549 4581/4581 4578/4578
f 4578/4578 4581/4581 4582/4582
f 4581/4581 4583/4583 4584/4584
f 4581/4581 4584/4584 4582/4582
f 4577/4577 4578/4578 4579/4579
f 4578/4578 4582/4582 4579/4579
f 4550/4550 4578/4578 4577/4577
f 4584/4584 4677/4677 4582/4582
f 4579/4579 4582/4582 4677/4677
f 4584/4584 4680/4680 4677/4677
f 4674/4674 4677/4677 4675/4675
f 4680/4680 4675/4675 4677/4677
f 4579/4579 4677/4677 4674/4674
f 4577/4577 4579/4579 4580/4580
f 4580/4580 4579/4579 4674/4674
f 4670/4670 4673/4673 4674/4674
f 4670/4670 4674/4674 4671/4671
f 4674/4674 4675/4675 4671/4671
f 4580/4580 4674/4674 4673/4673
f 4671/4671 4675/4675 4676/4676
f 4678/4678 4676/4676 4675/4675
f 4680/4680 4678/4678 4675/4675
f 4669/4669 4670/4670 4671/4671
f 4669/4669 4671/4671 4672/4672
f 4671/4671 4676/4676 4672/4672
f 4678/4678 4679/4679 4676/4676
f 4661/4661 4654/4654 4676/4676
f 4661/4661 4676/4676 4679/4679
f 4654/4654 4672/4672 4676/4676
f 4653/4653 4669/4669 4672/4672
f 4654/4654 4653/4653 4672/4672
f 4653/4653 4656/4656 4669/4669
f 4651/4651 4652/4652 4653/4653
f 4651/4651 4653/4653 4654/4654
f 4652/4652 4656/4656 4653/4653
f 4661/4661 4651/4651 4654/4654
f 4661/4661 4662/4662 4651/4651
f 4652/4652 4655/4655 4656/4656
f 4541/4541 4542/4542 4543/4543
f 4541/4541 4543/4543 4544/4544
f 4594/4594 4542/4542 4541/4541
f 4594/4594 4593/4593 4542/4542
f 4591/4591 4593/4593 4594/4594
f 4591/4591 4592/4592 4593/4593
f 4595/4595 4592/4592 4591/4591
f 4595/4595 4596/4596 4592/4592
f 4606/4606 4596/4596 4595/4595
f 4606/4606 4595/4595 4607/4607
f 4606/4606 4607/4607 4616/4616
f 4606/4606 4616/4616 4615/4615
f 4615/4615 4616/4616 4617/4617
f 4615/4615 4617/4617 4618/4618
f 4618/4618 4617/4617 4619/4619
f 4618/4618 4619/4619 4620/4620
f 4620/4620 4619/4619 4630/4630
f 4620/4620 4630/4630 4631/4631
f 4631/4631 4630/4630 4568/4568
f 4631/4631 4568/4568 4567/4567
f 4567/4567 4568/4568 4569/4569
f 4567/4567 4569/4569 4570/4570
f 4570/4570 4569/4569 4571/4571
f 4570/4570 4571/4571 4572/4572
f 4572/4572 4571/4571 4646/4646
f 4572/4572 4646/4646 4645/4645
f 4645/4645 4646/4646 4647/4647
f 4645/4645 4647/4647 4648/4648
f 4648/4648 4647/4647 4649/4649
f 4648/4648 4649/4649 4650/4650
f 4544/4544 4543/4543 4551/4551
f 4544/4544 4551/4551 4552/4552
f 4552/4552 4551/4551 4574/4574
f 4552/4552 4574/4574 4573/4573
f 4573/4573 4574/4574 4575/4575
f 4573/4573 4575/4575 4576/4576
f 4576/4576 4575/4575 4668/4668
f 4576/4576 4668/4668 4667/4667
f 4667/4667 4668/4668 4665/4665
f 4667/4667 4665/4665 4664/4664
f 4663/4663 4664/4664 4665/4665
f 4663/4663 4665/4665 4666/4666
f 4660/4660 4659/4659 4663/4663
f 4660/4660 4663/4663 4666/4666
f 4657/4657 4659/4659 4660/4660
f 4657/4657 4658/4658 4659/4659
f 4681/4681 4682/4682 4683/4683
f 4681/4681 4683/4683 4684/4684
f 4732/4732 4682/4682 4681/4681
f 4682/4682 4689/4689 4690/4690
f 4682/4682 4690/4690 4683/4683
f 4731/4731 4689/4689 4682/4682
f 4732/4732 4731/4731 4682/4682
f 4683/4683 4690/4690 4694/4694
f 4683/4683 4694/4694 4697/4697
f 4684/4684 4683/4683 4697/4697
f 4684/4684 4697/4697 4698/4698
f 4698/4698 4697/4697 4725/4725
f 4697/4697 4694/4694 4721/4721
f 4697/4697 4721/4721 4725/4725
f 4690/4690 4693/4693 4694/4694
f 4694/4694 4693/4693 4722/4722
f 4694/4694 4722/4722 4721/4721
f 4721/4721 4722/4722 4723/4723
f 4721/4721 4723/4723 4724/4724
f 4725/4725 4721/4721 4724/4724
f 4725/4725 4724/4724 4726/4726
f 4727/4727 4725/4725 4726/4726
f 4698/4698 4725/4725 4727/4727
f 4724/4724 4723/4723 4817/4817
f 4724/4724 4817/4817 4818/4818
f 4726/4726 4724/4724 4818/4818
f 4727/4727 4726/4726 4728/4728
f 4824/4824 4728/4728 4726/4726
f 4824/4824 4726/4726 4821/4821
f 4726/4726 4818/4818 4821/4821
f 4817/4817 4816/4816 4818/4818
f 4821/4821 4818/4818 4816/4816
f 4817/4817 4813/4813 4816/4816
f 4813/4813 4815/4815 4816/4816
f 4819/4819 4816/4816 4815/4815
f 4821/4821 4816/4816 4819/4819
f 4823/4823 4824/4824 4821/4821
f 4823/4823 4821/4821 4819/4819
f 4819/4819 4815/4815 4820/4820
f 4822/4822 4823/4823 4819/4819
f 4822/4822 4819/4819 4820/4820
f 4797/4797 4822/4822 4820/4820
f 4798/4798 4797/4797 4820/4820
f 4798/4798 4820/4820 4815/4815
f 4797/4797 4806/4806 4822/4822
f 4795/4795 4796/4796 4797/4797
f 4795/4795 4797/4797 4798/4798
f 4805/4805 4806/4806 4797/4797
f 4805/4805 4797/4797 4796/4796
f 4799/4799 4795/4795 4798/4798
f 4799/4799 4798/4798 4800/4800
f 4800/4800 4798/4798 4815/4815
f 4800/4800 4815/4815 4814/4814
f 4813/4813 4814/4814 4815/4815
f 4690/4690 4692/4692 4693/4693
f 4689/4689 4692/4692 4690/4690
f 4689/4689 4691/4691 4692/4692
f 4731/4731 4742/4742 4689/4689
f 4742/4742 4691/4691 4689/4689
f 4742/4742 4745/4745 4691/4691
f 4730/4730 4741/4741 4742/4742
f 4730/4730 4742/4742 4731/4731
f 4741/4741 4745/4745 4742/4742
f 4729/4729 4730/4730 4731/4731
f 4729/4729 4731/4731 4732/4732
f 4733/4733 4730/4730 4729/4729
f 4733/4733 4741/4741 4730/4730
f 4733/4733 4743/4743 4741/4741
f 4741/4741 4744/4744 4745/4745
f 4741/4741 4743/4743 4746/4746
f 4741/4741 4746/4746 4744/4744
f 4733/4733 4729/4729 4734/4734
f 4733/4733 4747/4747 4748/4748
f 4733/4733 4748/4748 4743/4743
f 4747/4747 4733/4733 4734/4734
f 4743/4743 4748/4748 4752/4752
f 4743/4743 4752/4752 4746/4746
f 4748/4748 4747/4747 4757/4757
f 4748/4748 4757/4757 4765/4765
f 4752/4752 4748/4748 4765/4765
f 4747/4747 4734/4734 4749/4749
f 4757/4757 4747/4747 4749/4749
f 4753/4753 4757/4757 4758/4758
f 4765/4765 4757/4757 4753/4753
f 4757/4757 4749/4749 4758/4758
f 4765/4765 4753/4753 4766/4766
f 4768/4768 4765/4765 4766/4766
f 4752/4752 4765/4765 4768/4768
f 4753/4753 4754/4754 4755/4755
f 4753/4753 4755/4755 4756/4756
f 4753/4753 4758/4758 4754/4754
f 4766/4766 4753/4753 4756/4756
f 4766/4766 4756/4756 4767/4767
f 4768/4768 4766/4766 4769/4769
f 4769/4769 4766/4766 4767/4767
f 4767/4767 4756/4756 4771/4771
f 4756/4756 4755/4755 4773/4773
f 4756/4756 4773/4773 4771/4771
f 4769/4769 4767/4767 4770/4770
f 4767/4767 4771/4771 4772/4772
f 4770/4770 4767/4767 4772/4772
f 4772/4772 4771/4771 4699/4699
f 4771/4771 4773/4773 4700/4700
f 4771/4771 4700/4700 4699/4699
f 4770/4770 4772/4772 4776/4776
f 4772/4772 4699/4699 4706/4706
f 4776/4776 4772/4772 4706/4706
f 4699/4699 4700/4700 4701/4701
f 4699/4699 4701/4701 4702/4702
f 4706/4706 4699/4699 4702/4702
f 4705/4705 4706/4706 4707/4707
f 4706/4706 4702/4702 4707/4707
f 4776/4776 4706/4706 4705/4705
f 4702/4702 4701/4701 4703/4703
f 4702/4702 4703/4703 4704/4704
f 4707/4707 4702/4702 4704/4704
f 4705/4705 4707/4707 4708/4708
f 4708/4708 4707/4707 4709/4709
f 4707/4707 4704/4704 4709/4709
f 4709/4709 4704/4704 4778/4778
f 4704/4704 4703/4703 4785/4785
f 4704/4704 4785/4785 4778/4778
f 4708/4708 4709/4709 4710/4710
f 4709/4709 4778/4778 4777/4777
f 4710/4710 4709/4709 4777/4777
f 4777/4777 4778/4778 4779/4779
f 4778/4778 4785/4785 4783/4783
f 4778/4778 4783/4783 4779/4779
f 4777/4777 4779/4779 4780/4780
f 4786/4786 4777/4777 4780/4780
f 4710/4710 4777/4777 4786/4786
f 4780/4780 4779/4779 4781/4781
f 4779/4779 4783/4783 4784/4784
f 4779/4779 4784/4784 4781/4781
f 4780/4780 4781/4781 4782/4782
f 4786/4786 4780/4780 4787/4787
f 4787/4787 4780/4780 4782/4782
f 4787/4787 4782/4782 4788/4788
f 4685/4685 4686/4686 4687/4687
f 4685/4685 4687/4687 4688/4688
f 4738/4738 4686/4686 4685/4685
f 4738/4738 4737/4737 4686/4686
f 4735/4735 4737/4737 4738/4738
f 4735/4735 4736/4736 4737/4737
f 4739/4739 4736/4736 4735/4735
f 4739/4739 4740/4740 4736/4736
f 4739/4739 4750/4750 4751/4751
f 4739/4739 4751/4751 4740/4740
f 4751/4751 4750/4750 4760/4760
f 4751/4751 4760/4760 4759/4759
f 4759/4759 4760/4760 4761/4761
f 4759/4759 4761/4761 4762/4762
f 4762/4762 4761/4761 4763/4763
f 4762/4762 4763/4763 4764/4764
f 4764/4764 4763/4763 4774/4774
f 4764/4764 4774/4774 4775/4775
f 4775/4775 4774/4774 4712/4712
f 4775/4775 4712/4712 4711/4711
f 4711/4711 4712/4712 4713/4713
f 4711/4711 4713/4713 4714/4714
f 4714/4714 4713/4713 4715/4715
f 4714/4714 4715/4715 4716/4716
f 4716/4716 4715/4715 4790/4790
f 4716/4716 4790/4790 4789/4789
f 4789/4789 4790/4790 4791/4791
f 4789/4789 4791/4791 4792/4792
f 4792/4792 4791/4791 4793/4793
f 4792/4792 4793/4793 4794/4794
f 4688/4688 4687/4687 4695/4695
f 4688/4688 4695/4695 4696/4696
f 4696/4696 4695/4695 4718/4718
f 4696/4696 4718/4718 4717/4717
f 4717/4717 4718/4718 4719/4719
f 4717/4717 4719/4719 4720/4720
f 4720/4720 4719/4719 4812/4812
f 4720/4720 4812/4812 4811/4811
f 4811/4811 4812/4812 4807/4807
f 4811/4811 4807/4807 4810/4810
f 4807/4807 4808/4808 4809/4809
f 4807/4807 4809/4809 4810/4810
f 4804/4804 4809/4809 4808/4808
f 4804/4804 4803/4803 4809/4809
f 4801/4801 4803/4803 4804/4804
f 4801/4801 4802/4802 4803/4803
f 4825/4825 4826/4826 4827/4827
f 4832/4832 4825/4825 4827/4827
f 4826/4826 4837/4837 4827/4827
f 4837/4837 4838/4838 4827/4827
f 4838/4838 4839/4839 4827/4827
f 4839/4839 4840/4840 4827/4827
f 4840/4840 4841/4841 4827/4827
f 4841/4841 4842/4842 4827/4827
f 4842/4842 4843/4843 4827/4827
f 4843/4843 4844/4844 4827/4827
f 4844/4844 4845/4845 4827/4827
f 4845/4845 4846/4846 4827/4827
f 4846/4846 4847/4847 4827/4827
f 4847/4847 4835/4835 4827/4827
f 4835/4835 4836/4836 4827/4827
f 4836/4836 4832/4832 4827/4827
f 4828/4828 4829/4829 4830/4830
f 4828/4828 4830/4830 4831/4831
f 4833/4833 4829/4829 4828/4828
f 4833/4833 4834/4834 4829/4829
f 4829/4829 4834/4834 4869/4869
f 4829/4829 4869/4869 4870/4870
f 4830/4830 4829/4829 4870/4870
f 4897/4897 4830/4830 4891/4891
f 4831/4831 4830/4830 4897/4897
f 4830/4830 4870/4870 4891/4891
f 4831/4831 4897/4897 4922/4922
f 4897/4897 4891/4891 4894/4894
f 4898/4898 4897/4897 4894/4894
f 4921/4921 4922/4922 4897/4897
f 4921/4921 4897/4897 4898/4898
f 4891/4891 4892/4892 4893/4893
f 4891/4891 4893/4893 4894/4894
f 4870/4870 4892/4892 4891/4891
f 4894/4894 4893/4893 4895/4895
f 4894/4894 4895/4895 4896/4896
f 4898/4898 4894/4894 4896/4896
f 4899/4899 4898/4898 4896/4896
f 4920/4920 4921/4921 4898/4898
f 4920/4920 4898/4898 4899/4899
f 4899/4899 4896/4896 4900/4900
f 4895/4895 4900/4900 4896/4896
f 4895/4895 4901/4901 4900/4900
f 4902/4902 4899/4899 4900/4900
f 4902/4902 4900/4900 4903/4903
f 4901/4901 4903/4903 4900/4900
f 4919/4919 4920/4920 4899/4899
f 4919/4919 4899/4899 4902/4902
f 4905/4905 4902/4902 4903/4903
f 4918/4918 4919/4919 4902/4902
f 4918/4918 4902/4902 4905/4905
f 4901/4901 4904/4904 4903/4903
f 4905/4905 4903/4903 4906/4906
f 4907/4907 4906/4906 4903/4903
f 4907/4907 4903/4903 4904/4904
f 4908/4908 4905/4905 4906/4906
f 4908/4908 4918/4918 4905/4905
f 4908/4908 4917/4917 4918/4918
f 4908/4908 4906/4906 4909/4909
f 4911/4911 4908/4908 4909/4909
f 4911/4911 4917/4917 4908/4908
f 4910/4910 4909/4909 4906/4906
f 4910/4910 4906/4906 4907/4907
f 4911/4911 4909/4909 4912/4912
f 4913/4913 4912/4912 4909/4909
f 4913/4913 4909/4909 4910/4910
f 4851/4851 4911/4911 4912/4912
f 4911/4911 4916/4916 4917/4917
f 4851/4851 4916/4916 4911/4911
f 4851/4851 4912/4912 4854/4854
f 4914/4914 4854/4854 4912/4912
f 4914/4914 4912/4912 4913/4913
f 4848/4848 4850/4850 4851/4851
f 4848/4848 4851/4851 4854/4854
f 4851/4851 4850/4850 4916/4916
f 4848/4848 4854/4854 4855/4855
f 4915/4915 4855/4855 4854/4854
f 4915/4915 4854/4854 4914/4914
f 4848/4848 4849/4849 4850/4850
f 4852/4852 4849/4849 4848/4848
f 4852/4852 4848/4848 4855/4855
f 4852/4852 4855/4855 4856/4856
f 4856/4856 4855/4855 4915/4915
f 4856/4856 4915/4915 4923/4923
f 4857/4857 4852/4852 4856/4856
f 4857/4857 4856/4856 4858/4858
f 4858/4858 4856/4856 4923/4923
f 4852/4852 4853/4853 4849/4849
f 4852/4852 4857/4857 4859/4859
f 4852/4852 4859/4859 4853/4853
f 4858/4858 4923/4923 4924/4924
f 4870/4870 4873/4873 4892/4892
f 4869/4869 4873/4873 4870/4870
f 4869/4869 4872/4872 4873/4873
f 4834/4834 4867/4867 4869/4869
f 4867/4867 4872/4872 4869/4869
f 4867/4867 4871/4871 4872/4872
f 4866/4866 4863/4863 4867/4867
f 4834/4834 4866/4866 4867/4867
f 4867/4867 4863/4863 4926/4926
f 4867/4867 4926/4926 4871/4871
f 4868/4868 4866/4866 4834/4834
f 4868/4868 4834/4834 4833/4833
f 4866/4866 4860/4860 4863/4863
f 4864/4864 4860/4860 4866/4866
f 4864/4864 4866/4866 4868/4868
f 4860/4860 4862/4862 4863/4863
f 4863/4863 4862/4862 4925/4925
f 4863/4863 4925/4925 4926/4926
f 4860/4860 4861/4861 4862/4862
f 4861/4861 4860/4860 4864/4864
f 4861/4861 4864/4864 4865/4865
f 4874/4874 4875/4875 4876/4876
f 4877/4877 4874/4874 4876/4876
f 4875/4875 4878/4878 4876/4876
f 4878/4878 4879/4879 4876/4876
f 4879/4879 4888/4888 4876/4876
f 4888/4888 4880/4880 4876/4876
f 4880/4880 4881/4881 4876/4876
f 4881/4881 4882/4882 4876/4876
f 4882/4882 4889/4889 4876/4876
f 4889/4889 4883/4883 4876/4876
f 4883/4883 4884/4884 4876/4876
f 4884/4884 4885/4885 4876/4876
f 4885/4885 4890/4890 4876/4876
f 4890/4890 4887/4887 4876/4876
f 4886/4886 4877/4877 4876/4876
f 4887/4887 4886/4886 4876/4876
f 4927/4927 4928/4928 4929/4929
f 4934/4934 4927/4927 4929/4929
f 4928/4928 4939/4939 4929/4929
f 4939/4939 4940/4940 4929/4929
f 4940/4940 4941/4941 4929/4929
f 4941/4941 4942/4942 4929/4929
f 4942/4942 4943/4943 4929/4929
f 4943/4943 4944/4944 4929/4929
f 4944/4944 4945/4945 4929/4929
f 4945/4945 4946/4946 4929/4929
f 4946/4946 4947/4947 4929/4929
f 4947/4947 4948/4948 4929/4929
f 4948/4948 4949/4949 4929/4929
f 4949/4949 4937/4937 4929/4929
f 4937/4937 4938/4938 4929/4929
f 4938/4938 4934/4934 4929/4929
f 4930/4930 4931/4931 4932/4932
f 4930/4930 4932/4932 4933/4933
f 4994/4994 4999/4999 4930/4930
f 4994/4994 4930/4930 4995/4995
f 4999/4999 4931/4931 4930/4930
f 4995/4995 4930/4930 4933/4933
f 4999/4999 5024/5024 4931/4931
f 4998/4998 5000/5000 4999/4999
f 4998/4998 4999/4999 4994/4994
f 5000/5000 5024/5024 4999/4999
f 4993/4993 4994/4994 4995/4995
f 4997/4997 4998/4998 4994/4994
f 4997/4997 4994/4994 4993/4993
f 4993/4993 4995/4995 4996/4996
f 4995/4995 4933/4933 4972/4972
f 4996/4996 4995/4995 4972/4972
f 4996/4996 4972/4972 4975/4975
f 4972/4972 4933/4933 4936/4936
f 4972/4972 4936/4936 4971/4971
f 4975/4975 4972/4972 4971/4971
f 4975/4975 4971/4971 4973/4973
f 4971/4971 4936/4936 4969/4969
f 4971/4971 4969/4969 4968/4968
f 4973/4973 4971/4971 4968/4968
f 4933/4933 4935/4935 4936/4936
f 4936/4936 4935/4935 4970/4970
f 4936/4936 4970/4970 4969/4969
f 4968/4968 4969/4969 4963/4963
f 4969/4969 4970/4970 4966/4966
f 4969/4969 4966/4966 4963/4963
f 4968/4968 4963/4963 4962/4962
f 4973/4973 4968/4968 4974/4974
f 4974/4974 4968/4968 4962/4962
f 4962/4962 4963/4963 4964/4964
f 4966/4966 4964/4964 4963/4963
f 4966/4966 4967/4967 4964/4964
f 4962/4962 4964/4964 4965/4965
f 5027/5027 5028/5028 4962/4962
f 5027/5027 4962/4962 4965/4965
f 4974/4974 4962/4962 5028/5028
f 4933/4933 4932/4932 4935/4935
f 5001/5001 4998/4998 4997/4997
f 5001/5001 4997/4997 5003/5003
f 5001/5001 5002/5002 5000/5000
f 5001/5001 5000/5000 4998/4998
f 5002/5002 5001/5001 5004/5004
f 5004/5004 5001/5001 5003/5003
f 5004/5004 5003/5003 5006/5006
f 5002/5002 5004/5004 5005/5005
f 5005/5005 5004/5004 5007/5007
f 5004/5004 5006/5006 5009/5009
f 5004/5004 5009/5009 5007/5007
f 5005/5005 5007/5007 5008/5008
f 5021/5021 5005/5005 5008/5008
f 5002/5002 5005/5005 5021/5021
f 5008/5008 5007/5007 5010/5010
f 5007/5007 5009/5009 5012/5012
f 5007/5007 5012/5012 5010/5010
f 5008/5008 5010/5010 5011/5011
f 5020/5020 5008/5008 5011/5011
f 5021/5021 5008/5008 5020/5020
f 5002/5002 5021/5021 5022/5022
f 5000/5000 5002/5002 5022/5022
f 5000/5000 5022/5022 5023/5023
f 5000/5000 5023/5023 5024/5024
f 5020/5020 5011/5011 5018/5018
f 5018/5018 5011/5011 5014/5014
f 5018/5018 5014/5014 5019/5019
f 5011/5011 5013/5013 5014/5014
f 5014/5014 5013/5013 4956/4956
f 5014/5014 4956/4956 4951/4951
f 5019/5019 5014/5014 4951/4951
f 5019/5019 4951/4951 4950/4950
f 4950/4950 4951/4951 4952/4952
f 4951/4951 4956/4956 4957/4957
f 4951/4951 4957/4957 4952/4952
f 5013/5013 5016/5016 4956/4956
f 4956/4956 5016/5016 5017/5017
f 4956/4956 5017/5017 4957/4957
f 4952/4952 4957/4957 4958/4958
f 4957/4957 5017/5017 5025/5025
f 4957/4957 5025/5025 4958/4958
f 4950/4950 4952/4952 4953/4953
f 4953/4953 4952/4952 4954/4954
f 4952/4952 4958/4958 4954/4954
f 4954/4954 4958/4958 4959/4959
f 5025/5025 4959/4959 4958/4958
f 5025/5025 5026/5026 4959/4959
f 4954/4954 4959/4959 4960/4960
f 4953/4953 4954/4954 4955/4955
f 4961/4961 4955/4955 4954/4954
f 4961/4961 4954/4954 4960/4960
f 5013/5013 5015/5015 5016/5016
f 5011/5011 5010/5010 5013/5013
f 5010/5010 5015/5015 5013/5013
f 5010/5010 5012/5012 5015/5015
f 4976/4976 4977/4977 4978/4978
f 4979/4979 4976/4976 4978/4978
f 4977/4977 4980/4980 4978/4978
f 4980/4980 4981/4981 4978/4978
f 4981/4981 4990/4990 4978/4978
f 4990/4990 4982/4982 4978/4978
f 4982/4982 4983/4983 4978/4978
f 4983/4983 4984/4984 4978/4978
f 4984/4984 4991/4991 4978/4978
f 4991/4991 4985/4985 4978/4978
f 4985/4985 4986/4986 4978/4978
f 4986/4986 4987/4987 4978/4978
f 4987/4987 4992/4992 4978/4978
f 4992/4992 4989/4989 4978/4978
f 4988/4988 4979/4979 4978/4978
f 4989/4989 4988/4988 4978/4978
f 5029/5029 5030/5030 5031/5031
f 5036/5036 5029/5029 5031/5031
f 5030/5030 5041/5041 5031/5031
f 5041/5041 5042/5042 5031/5031
f 5042/5042 5043/5043 5031/5031
f 5043/5043 5044/5044 5031/5031
f 5044/5044 5045/5045 5031/5031
f 5045/5045 5046/5046 5031/5031
f 5046/5046 5047/5047 5031/5031
f 5047/5047 5048/5048 5031/5031
f 5048/5048 5049/5049 5031/5031
f 5049/5049 5050/5050 5031/5031
f 5050/5050 5051/5051 5031/5031
f 5051/5051 5039/5039 5031/5031
f 5039/5039 5040/5040 5031/5031
f 5040/5040 5036/5036 5031/5031
f 5032/5032 5033/5033 5034/5034
f 5032/5032 5034/5034 5035/5035
f 5037/5037 5032/5032 5035/5035
f 5073/5073 5074/5074 5032/5032
f 5073/5073 5032/5032 5037/5037
f 5074/5074 5033/5033 5032/5032
f 5033/5033 5126/5126 5034/5034
f 5101/5101 5125/5125 5126/5126
f 5033/5033 5101/5101 5126/5126
f 5098/5098 5097/5097 5101/5101
f 5098/5098 5101/5101 5033/5033
f 5097/5097 5102/5102 5101/5101
f 5101/5101 5102/5102 5125/5125
f 5102/5102 5124/5124 5125/5125
f 5097/5097 5100/5100 5102/5102
f 5100/5100 5104/5104 5102/5102
f 5102/5102 5104/5104 5124/5124
f 5095/5095 5096/5096 5097/5097
f 5095/5095 5097/5097 5098/5098
f 5096/5096 5100/5100 5097/5097
f 5096/5096 5099/5099 5100/5100
f 5100/5100 5103/5103 5104/5104
f 5099/5099 5103/5103 5100/5100
f 5103/5103 5107/5107 5104/5104
f 5104/5104 5107/5107 5123/5123
f 5104/5104 5123/5123 5124/5124
f 5099/5099 5105/5105 5103/5103
f 5103/5103 5106/5106 5107/5107
f 5105/5105 5106/5106 5103/5103
f 5106/5106 5110/5110 5107/5107
f 5107/5107 5110/5110 5122/5122
f 5107/5107 5122/5122 5123/5123
f 5105/5105 5108/5108 5106/5106
f 5106/5106 5109/5109 5110/5110
f 5108/5108 5109/5109 5106/5106
f 5109/5109 5113/5113 5110/5110
f 5110/5110 5113/5113 5121/5121
f 5110/5110 5121/5121 5122/5122
f 5108/5108 5111/5111 5109/5109
f 5109/5109 5112/5112 5113/5113
f 5111/5111 5112/5112 5109/5109
f 5112/5112 5116/5116 5113/5113
f 5113/5113 5116/5116 5120/5120
f 5113/5113 5120/5120 5121/5121
f 5111/5111 5114/5114 5112/5112
f 5112/5112 5115/5115 5116/5116
f 5114/5114 5115/5115 5112/5112
f 5115/5115 5052/5052 5116/5116
f 5116/5116 5052/5052 5055/5055
f 5116/5116 5055/5055 5120/5120
f 5114/5114 5117/5117 5115/5115
f 5115/5115 5058/5058 5052/5052
f 5117/5117 5058/5058 5115/5115
f 5052/5052 5053/5053 5054/5054
f 5052/5052 5054/5054 5055/5055
f 5058/5058 5053/5053 5052/5052
f 5058/5058 5059/5059 5053/5053
f 5117/5117 5118/5118 5058/5058
f 5118/5118 5059/5059 5058/5058
f 5053/5053 5056/5056 5057/5057
f 5053/5053 5057/5057 5054/5054
f 5059/5059 5056/5056 5053/5053
f 5059/5059 5060/5060 5056/5056
f 5118/5118 5119/5119 5059/5059
f 5119/5119 5060/5060 5059/5059
f 5060/5060 5062/5062 5056/5056
f 5056/5056 5062/5062 5063/5063
f 5056/5056 5063/5063 5057/5057
f 5060/5060 5061/5061 5062/5062
f 5119/5119 5127/5127 5060/5060
f 5127/5127 5061/5061 5060/5060
f 5127/5127 5128/5128 5061/5061
f 5074/5074 5098/5098 5033/5033
f 5077/5077 5095/5095 5098/5098
f 5077/5077 5098/5098 5074/5074
f 5076/5076 5077/5077 5074/5074
f 5076/5076 5074/5074 5073/5073
f 5075/5075 5076/5076 5073/5073
f 5070/5070 5073/5073 5037/5037
f 5075/5075 5073/5073 5070/5070
f 5130/5130 5075/5075 5070/5070
f 5065/5065 5070/5070 5071/5071
f 5070/5070 5037/5037 5071/5071
f 5130/5130 5070/5070 5065/5065
f 5037/5037 5035/5035 5038/5038
f 5071/5071 5037/5037 5038/5038
f 5065/5065 5071/5071 5066/5066
f 5066/5066 5071/5071 5072/5072
f 5071/5071 5038/5038 5072/5072
f 5064/5064 5065/5065 5066/5066
f 5129/5129 5130/5130 5065/5065
f 5129/5129 5065/5065 5064/5064
f 5064/5064 5066/5066 5067/5067
f 5067/5067 5066/5066 5068/5068
f 5066/5066 5072/5072 5068/5068
f 5067/5067 5068/5068 5069/5069
f 5078/5078 5079/5079 5080/5080
f 5081/5081 5078/5078 5080/5080
f 5079/5079 5082/5082 5080/5080
f 5082/5082 5083/5083 5080/5080
f 5083/5083 5092/5092 5080/5080
f 5092/5092 5084/5084 5080/5080
f 5084/5084 5085/5085 5080/5080
f 5085/5085 5086/5086 5080/5080
f 5086/5086 5093/5093 5080/5080
f 5093/5093 5087/5087 5080/5080
f 5087/5087 5088/5088 5080/5080
f 5088/5088 5089/5089 5080/5080
f 5089/5089 5094/5094 5080/5080
f 5094/5094 5091/5091 5080/5080
f 5090/5090 5081/5081 5080/5080
f 5091/5091 5090/5090 5080/5080
f 5131/5131 5132/5132 5133/5133
f 5138/5138 5131/5131 5133/5133
f 5132/5132 5143/5143 5133/5133
f 5143/5143 5144/5144 5133/5133
f 5144/5144 5145/5145 5133/5133
f 5145/5145 5146/5146 5133/5133
f 5146/5146 5147/5147 5133/5133
f 5147/5147 5148/5148 5133/5133
f 5148/5148 5149/5149 5133/5133
f 5149/5149 5150/5150 5133/5133
f 5150/5150 5151/5151 5133/5133
f 5151/5151 5152/5152 5133/5133
f 5152/5152 5153/5153 5133/5133
f 5153/5153 5141/5141 5133/5133
f 5141/5141 5142/5142 5133/5133
f 5142/5142 5138/5138 5133/5133
f 5134/5134 5135/5135 5136/5136
f 5134/5134 5136/5136 5137/5137
f 5139/5139 5135/5135 5134/5134
f 5139/5139 5140/5140 5135/5135
f 5175/5175 5176/5176 5135/5135
f 5175/5175 5135/5135 5140/5140
f 5176/5176 5136/5136 5135/5135
f 5197/5197 5203/5203 5136/5136
f 5137/5137 5136/5136 5203/5203
f 5176/5176 5197/5197 5136/5136
f 5137/5137 5203/5203 5228/5228
f 5197/5197 5200/5200 5203/5203
f 5200/5200 5204/5204 5203/5203
f 5228/5228 5203/5203 5204/5204
f 5197/5197 5198/5198 5199/5199
f 5197/5197 5199/5199 5200/5200
f 5176/5176 5198/5198 5197/5197
f 5175/5175 5179/5179 5176/5176
f 5176/5176 5179/5179 5198/5198
f 5175/5175 5178/5178 5179/5179
f 5172/5172 5177/5177 5178/5178
f 5172/5172 5178/5178 5175/5175
f 5167/5167 5172/5172 5173/5173
f 5172/5172 5175/5175 5140/5140
f 5172/5172 5140/5140 5173/5173
f 5167/5167 5177/5177 5172/5172
f 5167/5167 5232/5232 5177/5177
f 5166/5166 5167/5167 5168/5168
f 5167/5167 5173/5173 5168/5168
f 5167/5167 5166/5166 5231/5231
f 5167/5167 5231/5231 5232/5232
f 5168/5168 5173/5173 5174/5174
f 5174/5174 5173/5173 5140/5140
f 5174/5174 5140/5140 5139/5139
f 5168/5168 5174/5174 5170/5170
f 5166/5166 5168/5168 5169/5169
f 5169/5169 5168/5168 5170/5170
f 5169/5169 5170/5170 5171/5171
f 5199/5199 5202/5202 5200/5200
f 5200/5200 5202/5202 5204/5204
f 5199/5199 5201/5201 5202/5202
f 5202/5202 5205/5205 5206/5206
f 5202/5202 5206/5206 5204/5204
f 5201/5201 5205/5205 5202/5202
f 5226/5226 5227/5227 5204/5204
f 5226/5226 5204/5204 5206/5206
f 5228/5228 5204/5204 5227/5227
f 5205/5205 5209/5209 5206/5206
f 5225/5225 5226/5226 5206/5206
f 5225/5225 5206/5206 5209/5209
f 5205/5205 5208/5208 5209/5209
f 5208/5208 5212/5212 5209/5209
f 5212/5212 5225/5225 5209/5209
f 5212/5212 5224/5224 5225/5225
f 5208/5208 5211/5211 5212/5212
f 5211/5211 5215/5215 5212/5212
f 5215/5215 5224/5224 5212/5212
f 5207/5207 5210/5210 5208/5208
f 5207/5207 5208/5208 5205/5205
f 5210/5210 5211/5211 5208/5208
f 5201/5201 5207/5207 5205/5205
f 5210/5210 5213/5213 5211/5211
f 5211/5211 5214/5214 5215/5215
f 5216/5216 5214/5214 5211/5211
f 5216/5216 5211/5211 5213/5213
f 5214/5214 5217/5217 5218/5218
f 5214/5214 5218/5218 5215/5215
f 5219/5219 5217/5217 5214/5214
f 5219/5219 5214/5214 5216/5216
f 5217/5217 5160/5160 5157/5157
f 5217/5217 5157/5157 5218/5218
f 5220/5220 5160/5160 5217/5217
f 5220/5220 5217/5217 5219/5219
f 5218/5218 5222/5222 5223/5223
f 5218/5218 5223/5223 5215/5215
f 5157/5157 5222/5222 5218/5218
f 5154/5154 5156/5156 5157/5157
f 5160/5160 5154/5154 5157/5157
f 5157/5157 5156/5156 5222/5222
f 5154/5154 5155/5155 5156/5156
f 5154/5154 5158/5158 5159/5159
f 5154/5154 5159/5159 5155/5155
f 5160/5160 5161/5161 5154/5154
f 5161/5161 5158/5158 5154/5154
f 5161/5161 5162/5162 5158/5158
f 5162/5162 5164/5164 5158/5158
f 5158/5158 5164/5164 5165/5165
f 5158/5158 5165/5165 5159/5159
f 5221/5221 5161/5161 5160/5160
f 5229/5229 5162/5162 5161/5161
f 5229/5229 5161/5161 5221/5221
f 5162/5162 5163/5163 5164/5164
f 5163/5163 5162/5162 5229/5229
f 5163/5163 5229/5229 5230/5230
f 5221/5221 5160/5160 5220/5220
f 5215/5215 5223/5223 5224/5224
f 5180/5180 5181/5181 5182/5182
f 5183/5183 5180/5180 5182/5182
f 5181/5181 5184/5184 5182/5182
f 5184/5184 5185/5185 5182/5182
f 5185/5185 5194/5194 5182/5182
f 5194/5194 5186/5186 5182/5182
f 5186/5186 5187/5187 5182/5182
f 5187/5187 5188/5188 5182/5182
f 5188/5188 5195/5195 5182/5182
f 5195/5195 5189/5189 5182/5182
f 5189/5189 5190/5190 5182/5182
f 5190/5190 5191/5191 5182/5182
f 5191/5191 5196/5196 5182/5182
f 5196/5196 5193/5193 5182/5182
f 5192/5192 5183/5183 5182/5182
f 5193/5193 5192/5192 5182/5182
f 5233/5233 5234/5234 5235/5235
f 5240/5240 5233/5233 5235/5235
f 5234/5234 5245/5245 5235/5235
f 5245/5245 5246/5246 5235/5235
f 5246/5246 5247/5247 5235/5235
f 5247/5247 5248/5248 5235/5235
f 5248/5248 5249/5249 5235/5235
f 5249/5249 5250/5250 5235/5235
f 5250/5250 5251/5251 5235/5235
f 5251/5251 5252/5252 5235/5235
f 5252/5252 5253/5253 5235/5235
f 5253/5253 5254/5254 5235/5235
f 5254/5254 5255/5255 5235/5235
f 5255/5255 5243/5243 5235/5235
f 5243/5243 5244/5244 5235/5235
f 5244/5244 5240/5240 5235/5235
f 5236/5236 5237/5237 5238/5238
f 5236/5236 5238/5238 5239/5239
f 5330/5330 5236/5236 5239/5239
f 5237/5237 5241/5241 5242/5242
f 5237/5237 5242/5242 5238/5238
f 5238/5238 5242/5242 5277/5277
f 5238/5238 5277/5277 5278/5278
f 5239/5239 5238/5238 5278/5278
f 5305/5305 5239/5239 5300/5300
f 5330/5330 5239/5239 5305/5305
f 5239/5239 5278/5278 5300/5300
f 5329/5329 5330/5330 5305/5305
f 5305/5305 5300/5300 5299/5299
f 5306/5306 5305/5305 5299/5299
f 5329/5329 5305/5305 5306/5306
f 5299/5299 5300/5300 5301/5301
f 5300/5300 5278/5278 5281/5281
f 5300/5300 5281/5281 5301/5301
f 5278/5278 5277/5277 5280/5280
f 5278/5278 5280/5280 5281/5281
f 5277/5277 5279/5279 5280/5280
f 5277/5277 5275/5275 5279/5279
f 5275/5275 5334/5334 5279/5279
f 5274/5274 5271/5271 5275/5275
f 5242/5242 5274/5274 5275/5275
f 5242/5242 5275/5275 5277/5277
f 5275/5275 5271/5271 5334/5334
f 5271/5271 5333/5333 5334/5334
f 5268/5268 5270/5270 5271/5271
f 5274/5274 5268/5268 5271/5271
f 5271/5271 5270/5270 5333/5333
f 5268/5268 5269/5269 5270/5270
f 5272/5272 5269/5269 5268/5268
f 5276/5276 5272/5272 5268/5268
f 5276/5276 5268/5268 5274/5274
f 5272/5272 5273/5273 5269/5269
f 5241/5241 5276/5276 5274/5274
f 5241/5241 5274/5274 5242/5242
f 5299/5299 5301/5301 5302/5302
f 5303/5303 5299/5299 5302/5302
f 5306/5306 5299/5299 5303/5303
f 5303/5303 5302/5302 5304/5304
f 5307/5307 5306/5306 5303/5303
f 5307/5307 5303/5303 5308/5308
f 5308/5308 5303/5303 5304/5304
f 5328/5328 5329/5329 5306/5306
f 5328/5328 5306/5306 5307/5307
f 5310/5310 5307/5307 5308/5308
f 5327/5327 5328/5328 5307/5307
f 5327/5327 5307/5307 5310/5310
f 5308/5308 5304/5304 5309/5309
f 5310/5310 5308/5308 5311/5311
f 5311/5311 5308/5308 5309/5309
f 5313/5313 5310/5310 5311/5311
f 5326/5326 5327/5327 5310/5310
f 5326/5326 5310/5310 5313/5313
f 5311/5311 5309/5309 5312/5312
f 5313/5313 5311/5311 5314/5314
f 5314/5314 5311/5311 5312/5312
f 5316/5316 5313/5313 5314/5314
f 5325/5325 5326/5326 5313/5313
f 5325/5325 5313/5313 5316/5316
f 5314/5314 5312/5312 5315/5315
f 5316/5316 5314/5314 5317/5317
f 5317/5317 5314/5314 5315/5315
f 5319/5319 5316/5316 5317/5317
f 5324/5324 5325/5325 5316/5316
f 5324/5324 5316/5316 5319/5319
f 5317/5317 5315/5315 5318/5318
f 5319/5319 5317/5317 5320/5320
f 5320/5320 5317/5317 5318/5318
f 5258/5258 5319/5319 5320/5320
f 5257/5257 5324/5324 5319/5319
f 5257/5257 5319/5319 5258/5258
f 5320/5320 5318/5318 5321/5321
f 5258/5258 5320/5320 5262/5262
f 5262/5262 5320/5320 5321/5321
f 5256/5256 5257/5257 5258/5258
f 5256/5256 5258/5258 5259/5259
f 5259/5259 5258/5258 5262/5262
f 5259/5259 5262/5262 5263/5263
f 5262/5262 5321/5321 5322/5322
f 5263/5263 5262/5262 5322/5322
f 5260/5260 5256/5256 5259/5259
f 5260/5260 5259/5259 5261/5261
f 5261/5261 5259/5259 5263/5263
f 5261/5261 5263/5263 5264/5264
f 5263/5263 5322/5322 5323/5323
f 5264/5264 5263/5263 5323/5323
f 5265/5265 5261/5261 5264/5264
f 5267/5267 5260/5260 5261/5261
f 5267/5267 5261/5261 5265/5265
f 5265/5265 5264/5264 5266/5266
f 5264/5264 5323/5323 5331/5331
f 5266/5266 5264/5264 5331/5331
f 5266/5266 5331/5331 5332/5332
f 5282/5282 5283/5283 5284/5284
f 5285/5285 5282/5282 5284/5284
f 5283/5283 5286/5286 5284/5284
f 5286/5286 5287/5287 5284/5284
f 5287/5287 5296/5296 5284/5284
f 5296/5296 5288/5288 5284/5284
f 5288/5288 5289/5289 5284/5284
f 5289/5289 5290/5290 5284/5284
f 5290/5290 5297/5297 5284/5284
f 5297/5297 5291/5291 5284/5284
f 5291/5291 5292/5292 5284/5284
f 5292/5292 5293/5293 5284/5284
f 5293/5293 5298/5298 5284/5284
f 5298/5298 5295/5295 5284/5284
f 5294/5294 5285/5285 5284/5284
f 5295/5295 5294/5294 5284/5284
o chair.006-2
usemtl office_chair_metal.001-50
v -0.5471793 0.0749308 -0.2401549
v -0.5471793 0.0894019 -0.2401549
v -0.5483534 0.0894019 -0.2409394
v -0.5483534 0.0749308 -0.2409394
v -0.5424508 0.0894019 -0.2448834
v -0.5424508 0.0749308 -0.2448834
v -0.5432353 0.0749308 -0.2460575
v -0.5432354 0.0894019 -0.2460575
v -0.5491380 0.0894019 -0.2421135
v -0.5491379 0.0749308 -0.2421135
v -0.5421754 0.0894019 -0.2434984
v -0.5421754 0.0749308 -0.2434984
v -0.5491379 0.0749308 -0.2421135
v -0.5491380 0.0894019 -0.2421135
v -0.5494134 0.0894019 -0.2434984
v -0.5494134 0.0749308 -0.2434984
v -0.5424508 0.0894019 -0.2421135
v -0.5424508 0.0749308 -0.2421135
v -0.5491380 0.0894019 -0.2448834
v -0.5491379 0.0749308 -0.2448834
v -0.5432354 0.0894019 -0.2409394
v -0.5432353 0.0749308 -0.2409394
v -0.5483534 0.0894019 -0.2460575
v -0.5483534 0.0749308 -0.2460575
v -0.5444095 0.0894019 -0.2401549
v -0.5444095 0.0749308 -0.2401549
v -0.5471793 0.0894019 -0.2468420
v -0.5471793 0.0749308 -0.2468420
v -0.5457944 0.0894019 -0.2398794
v -0.5457944 0.0749308 -0.2398794
v -0.5444095 0.0894019 -0.2468420
v -0.5444095 0.0749308 -0.2468420
v -0.5457944 0.0749308 -0.2471175
v -0.5457944 0.0894019 -0.2471175
v 0.5447459 0.0749308 0.2357915
v 0.5447458 0.0894019 0.2357915
v 0.5456476 0.0894019 0.2368781
v 0.5456476 0.0749308 0.2368781
v 0.5388656 0.0894019 0.2389758
v 0.5388656 0.0749308 0.2389758
v 0.5392829 0.0749308 0.2403248
v 0.5392829 0.0894019 0.2403249
v 0.5460648 0.0894019 0.2382272
v 0.5460648 0.0749308 0.2382272
v 0.5389964 0.0894019 0.2375698
v 0.5389964 0.0749308 0.2375698
v 0.5460648 0.0749308 0.2382272
v 0.5460648 0.0894019 0.2382272
v 0.5459341 0.0894019 0.2396332
v 0.5459341 0.0749308 0.2396332
v 0.5396552 0.0894019 0.2363209
v 0.5396552 0.0749308 0.2363209
v 0.5452752 0.0894019 0.2408822
v 0.5452752 0.0749308 0.2408821
v 0.5407419 0.0894019 0.2354192
v 0.5407419 0.0749308 0.2354192
v 0.5441885 0.0894019 0.2417839
v 0.5441885 0.0749308 0.2417839
v 0.5420909 0.0894019 0.2350019
v 0.5420909 0.0749308 0.2350019
v 0.5428396 0.0894019 0.2422012
v 0.5428396 0.0749308 0.2422012
v 0.5434969 0.0894019 0.2351327
v 0.5434968 0.0749308 0.2351327
v 0.5401846 0.0894019 0.2414115
v 0.5401846 0.0749308 0.2414115
v 0.5414335 0.0749308 0.2420704
v 0.5414335 0.0894019 0.2420704
v 0.0944768 0.0749308 0.1356399
v 0.0944768 0.0894019 0.1356399
v 0.0935750 0.0894019 0.1345532
v 0.0935750 0.0749308 0.1345532
v 0.1003570 0.0894019 0.1324555
v 0.1003570 0.0749308 0.1324555
v 0.0999398 0.0749308 0.1311065
v 0.0999398 0.0894019 0.1311065
v 0.0931578 0.0894019 0.1332041
v 0.0931578 0.0749308 0.1332041
v 0.1002263 0.0894019 0.1338615
v 0.1002263 0.0749308 0.1338615
v 0.0931578 0.0749308 0.1332041
v 0.0931578 0.0894019 0.1332041
v 0.0932885 0.0894019 0.1317982
v 0.0932886 0.0749308 0.1317982
v 0.0995674 0.0894019 0.1351105
v 0.0995674 0.0749308 0.1351105
v 0.0939474 0.0894019 0.1305492
v 0.0939474 0.0749308 0.1305492
v 0.0984807 0.0894019 0.1360122
v 0.0984807 0.0749308 0.1360122
v 0.0950340 0.0894019 0.1296475
v 0.0950340 0.0749308 0.1296475
v 0.0971317 0.0894019 0.1364295
v 0.0971317 0.0749308 0.1364295
v 0.0963830 0.0894019 0.1292302
v 0.0963830 0.0749308 0.1292302
v 0.0957257 0.0894019 0.1362987
v 0.0957257 0.0749308 0.1362987
v 0.0990380 0.0894019 0.1300198
v 0.0990380 0.0749308 0.1300198
v 0.0977891 0.0749308 0.1293610
v 0.0977891 0.0894019 0.1293610
vt 0.3745786 0.9281574
vt 0.3785528 0.9929380
vt 0.3722870 0.9933132
vt 0.3678250 0.9288028
vt 0.4167572 0.9918712
vt 0.4168262 0.9261369
vt 0.4239925 0.9263657
vt 0.4232171 0.9919209
vt 0.3658799 0.9937434
vt 0.3613478 0.9300400
vt 0.4101800 0.9918866
vt 0.4096603 0.9257824
vt 0.4721272 0.9300944
vt 0.4680442 0.9937992
vt 0.4611531 0.9933575
vt 0.4658881 0.9285976
vt 0.4035978 0.9919757
vt 0.4024923 0.9263151
vt 0.4546072 0.9929698
vt 0.4589968 0.9279829
vt 0.3971316 0.9921342
vt 0.3953317 0.9267190
vt 0.4481553 0.9926456
vt 0.4519796 0.9275092
vt 0.3908553 0.9923559
vt 0.3883166 0.9271525
vt 0.4418577 0.9923847
vt 0.4449786 0.9272187
vt 0.3846922 0.9926225
vt 0.3814347 0.9279014
vt 0.4295092 0.9920270
vt 0.4310482 0.9266677
vt 0.4380021 0.9272324
vt 0.4356794 0.9921811
vt 0.3745786 0.9281574
vt 0.3785528 0.9929380
vt 0.3722870 0.9933132
vt 0.3678250 0.9288028
vt 0.4167572 0.9918712
vt 0.4168262 0.9261369
vt 0.4239925 0.9263657
vt 0.4232171 0.9919209
vt 0.3658799 0.9937434
vt 0.3613478 0.9300400
vt 0.4101800 0.9918866
vt 0.4096603 0.9257824
vt 0.4721272 0.9300944
vt 0.4680442 0.9937992
vt 0.4611531 0.9933575
vt 0.4658881 0.9285976
vt 0.4035978 0.9919757
vt 0.4024923 0.9263151
vt 0.4546072 0.9929698
vt 0.4589968 0.9279829
vt 0.3971316 0.9921342
vt 0.3953317 0.9267190
vt 0.4481553 0.9926456
vt 0.4519796 0.9275092
vt 0.3908553 0.9923559
vt 0.3883166 0.9271525
vt 0.4418577 0.9923847
vt 0.4449786 0.9272187
vt 0.3846922 0.9926225
vt 0.3814347 0.9279014
vt 0.4295092 0.9920270
vt 0.4310482 0.9266677
vt 0.4380021 0.9272324
vt 0.4356794 0.9921811
vt 0.3745786 0.9281574
vt 0.3785528 0.9929380
vt 0.3722870 0.9933132
vt 0.3678250 0.9288028
vt 0.4167572 0.9918712
vt 0.4168262 0.9261369
vt 0.4239925 0.9263657
vt 0.4232171 0.9919209
vt 0.3658799 0.9937434
vt 0.3613478 0.9300400
vt 0.4101800 0.9918866
vt 0.4096603 0.9257824
vt 0.4721272 0.9300944
vt 0.4680442 0.9937992
vt 0.4611531 0.9933575
vt 0.4658881 0.9285976
vt 0.4035978 0.9919757
vt 0.4024923 0.9263151
vt 0.4546072 0.9929698
vt 0.4589968 0.9279829
vt 0.3971316 0.9921342
vt 0.3953317 0.9267190
vt 0.4481553 0.9926456
vt 0.4519796 0.9275092
vt 0.3908553 0.9923559
vt 0.3883166 0.9271525
vt 0.4418577 0.9923847
vt 0.4449786 0.9272187
vt 0.3846922 0.9926225
vt 0.3814347 0.9279014
vt 0.4295092 0.9920270
vt 0.4310482 0.9266677
vt 0.4380021 0.9272324
vt 0.4356794 0.9921811
f 5335/5335 5336/5336 5337/5337
f 5335/5335 5337/5337 5338/5338
f 5364/5364 5336/5336 5335/5335
f 5364/5364 5363/5363 5336/5336
f 5360/5360 5363/5363 5364/5364
f 5360/5360 5359/5359 5363/5363
f 5356/5356 5359/5359 5360/5360
f 5356/5356 5355/5355 5359/5359
f 5352/5352 5355/5355 5356/5356
f 5352/5352 5351/5351 5355/5355
f 5346/5346 5351/5351 5352/5352
f 5346/5346 5345/5345 5351/5351
f 5345/5345 5346/5346 5340/5340
f 5345/5345 5340/5340 5339/5339
f 5339/5339 5340/5340 5341/5341
f 5339/5339 5341/5341 5342/5342
f 5342/5342 5341/5341 5366/5366
f 5342/5342 5366/5366 5365/5365
f 5365/5365 5366/5366 5367/5367
f 5365/5365 5367/5367 5368/5368
f 5368/5368 5367/5367 5362/5362
f 5368/5368 5362/5362 5361/5361
f 5361/5361 5362/5362 5358/5358
f 5361/5361 5358/5358 5357/5357
f 5357/5357 5358/5358 5354/5354
f 5357/5357 5354/5354 5353/5353
f 5353/5353 5354/5354 5350/5350
f 5353/5353 5350/5350 5349/5349
f 5347/5347 5349/5349 5350/5350
f 5347/5347 5348/5348 5349/5349
f 5338/5338 5337/5337 5343/5343
f 5338/5338 5343/5343 5344/5344
f 5369/5369 5370/5370 5371/5371
f 5369/5369 5371/5371 5372/5372
f 5398/5398 5370/5370 5369/5369
f 5398/5398 5397/5397 5370/5370
f 5394/5394 5397/5397 5398/5398
f 5394/5394 5393/5393 5397/5397
f 5390/5390 5393/5393 5394/5394
f 5390/5390 5389/5389 5393/5393
f 5386/5386 5389/5389 5390/5390
f 5386/5386 5385/5385 5389/5389
f 5380/5380 5385/5385 5386/5386
f 5380/5380 5379/5379 5385/5385
f 5379/5379 5380/5380 5374/5374
f 5379/5379 5374/5374 5373/5373
f 5373/5373 5374/5374 5375/5375
f 5373/5373 5375/5375 5376/5376
f 5376/5376 5375/5375 5400/5400
f 5376/5376 5400/5400 5399/5399
f 5399/5399 5400/5400 5401/5401
f 5399/5399 5401/5401 5402/5402
f 5402/5402 5401/5401 5396/5396
f 5402/5402 5396/5396 5395/5395
f 5395/5395 5396/5396 5392/5392
f 5395/5395 5392/5392 5391/5391
f 5391/5391 5392/5392 5388/5388
f 5391/5391 5388/5388 5387/5387
f 5387/5387 5388/5388 5384/5384
f 5387/5387 5384/5384 5383/5383
f 5381/5381 5383/5383 5384/5384
f 5381/5381 5382/5382 5383/5383
f 5372/5372 5371/5371 5377/5377
f 5372/5372 5377/5377 5378/5378
f 5403/5403 5404/5404 5405/5405
f 5403/5403 5405/5405 5406/5406
f 5432/5432 5404/5404 5403/5403
f 5432/5432 5431/5431 5404/5404
f 5428/5428 5431/5431 5432/5432
f 5428/5428 5427/5427 5431/5431
f 5424/5424 5427/5427 5428/5428
f 5424/5424 5423/5423 5427/5427
f 5420/5420 5423/5423 5424/5424
f 5420/5420 5419/5419 5423/5423
f 5414/5414 5419/5419 5420/5420
f 5414/5414 5413/5413 5419/5419
f 5413/5413 5414/5414 5408/5408
f 5413/5413 5408/5408 5407/5407
f 5407/5407 5408/5408 5409/5409
f 5407/5407 5409/5409 5410/5410
f 5410/5410 5409/5409 5434/5434
f 5410/5410 5434/5434 5433/5433
f 5433/5433 5434/5434 5435/5435
f 5433/5433 5435/5435 5436/5436
f 5436/5436 5435/5435 5430/5430
f 5436/5436 5430/5430 5429/5429
f 5429/5429 5430/5430 5426/5426
f 5429/5429 5426/5426 5425/5425
f 5425/5425 5426/5426 5422/5422
f 5425/5425 5422/5422 5421/5421
f 5421/5421 5422/5422 5418/5418
f 5421/5421 5418/5418 5417/5417
f 5415/5415 5417/5417 5418/5418
f 5415/5415 5416/5416 5417/5417
f 5406/5406 5405/5405 5411/5411
f 5406/5406 5411/5411 5412/5412
