mtllib retro-pc-cream.mtl
o keyboard_002
usemtl ucupaint-keyboard-creme-31
v 0.6250000 0.0115654 0.5135524
v 0.6224906 0.0207509 0.5071834
v 0.3049578 0.0533563 0.5071834
v 0.3023878 0.0284156 0.5135524
v 0.3049578 0.0533563 0.5071834
v 0.3049193 0.0530110 -0.2937913
v 0.3023493 0.0280646 -0.3001608
v 0.3023878 0.0284156 0.5135524
v 0.6224521 0.0204056 -0.2937913
v 0.6249608 0.0112146 -0.3001608
v 0.3023493 0.0280646 -0.3001608
v 0.3049193 0.0530110 -0.2937913
v 0.6250000 0.0115654 0.5135524
v 0.6249608 0.0112146 -0.3001608
v 0.6224521 0.0204056 -0.2937913
v 0.6224906 0.0207509 0.5071834
v 0.6224202 0.0022928 -0.2937913
v 0.6224587 0.0026382 0.5071834
v 0.3048687 0.0032053 0.5071834
v 0.3048302 0.0028599 -0.2937913
v 0.6224906 0.0207509 0.5071834
v 0.6224521 0.0204056 -0.2937913
v 0.3049193 0.0530110 -0.2937913
v 0.3049578 0.0533563 0.5071834
v 0.6224587 0.0026382 0.5071834
v 0.6224202 0.0022928 -0.2937913
v 0.6224202 0.0022928 -0.2937913
v 0.3048302 0.0028599 -0.2937913
v 0.3048302 0.0028599 -0.2937913
v 0.3048687 0.0032053 0.5071834
v 0.6224587 0.0026382 0.5071834
v 0.3048687 0.0032053 0.5071834
v 0.6036787 0.0436980 0.4523872
v 0.6065368 0.0143954 0.4471770
v 0.5602120 0.0195489 0.4480551
v 0.5694401 0.0475070 0.4530484
v 0.6065368 0.0143953 0.4889202
v 0.6065368 0.0143954 0.4471770
v 0.6036787 0.0436980 0.4523872
v 0.6036787 0.0436980 0.4838185
v 0.6065368 0.0143953 0.4889202
v 0.6036787 0.0436980 0.4838185
v 0.5694401 0.0475070 0.4838185
v 0.5602120 0.0195489 0.4889199
v 0.5694401 0.0475070 0.4838185
v 0.5694401 0.0475070 0.4530484
v 0.5602120 0.0195489 0.4480551
v 0.5602120 0.0195489 0.4889199
v 0.6065368 0.0143954 0.4471770
v 0.6065368 0.0143953 0.4889202
v 0.5602120 0.0195489 0.4889199
v 0.5602120 0.0195489 0.4480551
v 0.6036787 0.0436980 0.4838185
v 0.6036787 0.0436980 0.4523872
v 0.5694401 0.0475070 0.4530484
v 0.5694401 0.0475070 0.4838185
v 0.6036787 0.0436981 0.4043857
v 0.6065368 0.0143954 0.3985383
v 0.5602120 0.0195489 0.3994163
v 0.5694401 0.0475070 0.4050472
v 0.6065368 0.0143954 0.4450022
v 0.6065368 0.0143954 0.3985383
v 0.6036787 0.0436981 0.4043857
v 0.6036787 0.0436980 0.4393719
v 0.6065368 0.0143954 0.4450022
v 0.6036787 0.0436980 0.4393719
v 0.5694401 0.0475070 0.4400329
v 0.5602120 0.0195489 0.4458803
v 0.5694401 0.0475070 0.4400329
v 0.5694401 0.0475070 0.4050472
v 0.5602120 0.0195489 0.3994163
v 0.5602120 0.0195489 0.4458803
v 0.6065368 0.0143954 0.3985383
v 0.6065368 0.0143954 0.4450022
v 0.5602120 0.0195489 0.4458803
v 0.5602120 0.0195489 0.3994163
v 0.6036787 0.0436980 0.4393719
v 0.6036787 0.0436981 0.4043857
v 0.5694401 0.0475070 0.4050472
v 0.5694401 0.0475070 0.4400329
v 0.6036787 0.0436981 0.3563845
v 0.6065368 0.0143954 0.3505368
v 0.5602120 0.0195489 0.3514154
v 0.5694401 0.0475070 0.3570455
v 0.6065368 0.0143954 0.3970008
v 0.6065368 0.0143954 0.3505368
v 0.6036787 0.0436981 0.3563845
v 0.6036787 0.0436981 0.3913704
v 0.6065368 0.0143954 0.3970008
v 0.6036787 0.0436981 0.3913704
v 0.5694401 0.0475070 0.3920317
v 0.5602120 0.0195489 0.3978789
v 0.5694401 0.0475070 0.3920317
v 0.5694401 0.0475070 0.3570455
v 0.5602120 0.0195489 0.3514154
v 0.5602120 0.0195489 0.3978789
v 0.6065368 0.0143954 0.3505368
v 0.6065368 0.0143954 0.3970008
v 0.5602120 0.0195489 0.3978789
v 0.5602120 0.0195489 0.3514154
v 0.6036787 0.0436981 0.3913704
v 0.6036787 0.0436981 0.3563845
v 0.5694401 0.0475070 0.3570455
v 0.5694401 0.0475070 0.3920317
v 0.6036787 0.0436981 0.3083830
v 0.6065368 0.0143954 0.3025356
v 0.5602120 0.0195489 0.3034137
v 0.5694401 0.0475070 0.3090443
v 0.6065368 0.0143954 0.3489993
v 0.6065368 0.0143954 0.3025356
v 0.6036787 0.0436981 0.3083830
v 0.6036787 0.0436981 0.3433690
v 0.6065368 0.0143954 0.3489993
v 0.6036787 0.0436981 0.3433690
v 0.5694401 0.0475070 0.3440304
v 0.5602120 0.0195489 0.3498779
v 0.5694401 0.0475070 0.3440304
v 0.5694401 0.0475070 0.3090443
v 0.5602120 0.0195489 0.3034137
v 0.5602120 0.0195489 0.3498779
v 0.6065368 0.0143954 0.3025356
v 0.6065368 0.0143954 0.3489993
v 0.5602120 0.0195489 0.3498779
v 0.5602120 0.0195489 0.3034137
v 0.6036787 0.0436981 0.3433690
v 0.6036787 0.0436981 0.3083830
v 0.5694401 0.0475070 0.3090443
v 0.5694401 0.0475070 0.3440304
v 0.6036787 0.0436981 0.2603816
v 0.6065368 0.0143954 0.2545341
v 0.5602120 0.0195489 0.2554124
v 0.5694401 0.0475070 0.2610430
v 0.6065368 0.0143954 0.3009981
v 0.6065368 0.0143954 0.2545341
v 0.6036787 0.0436981 0.2603816
v 0.6036787 0.0436981 0.2953675
v 0.6065368 0.0143954 0.3009981
v 0.6036787 0.0436981 0.2953675
v 0.5694401 0.0475070 0.2960288
v 0.5602120 0.0195489 0.3018764
v 0.5694401 0.0475070 0.2960288
v 0.5694401 0.0475070 0.2610430
v 0.5602120 0.0195489 0.2554124
v 0.5602120 0.0195489 0.3018764
v 0.6065368 0.0143954 0.2545341
v 0.6065368 0.0143954 0.3009981
v 0.5602120 0.0195489 0.3018764
v 0.5602120 0.0195489 0.2554124
v 0.6036787 0.0436981 0.2953675
v 0.6036787 0.0436981 0.2603816
v 0.5694401 0.0475070 0.2610430
v 0.5694401 0.0475070 0.2960288
v 0.6038974 0.0146891 -0.0297400
v 0.6038974 0.0146890 0.2553956
v 0.5628515 0.0192552 0.2554995
v 0.5628515 0.0192553 -0.0296361
v 0.6038974 0.0146890 0.2553956
v 0.6038974 0.0146891 -0.0297400
v 0.6036787 0.0436981 -0.0136008
v 0.6036787 0.0436981 0.2392687
v 0.6036787 0.0436981 -0.0136008
v 0.6038974 0.0146891 -0.0297400
v 0.5628515 0.0192553 -0.0296361
v 0.5694401 0.0475071 -0.0135087
v 0.5694401 0.0475070 0.2393607
v 0.5694401 0.0475071 -0.0135087
v 0.5628515 0.0192553 -0.0296361
v 0.5628515 0.0192552 0.2554995
v 0.6036787 0.0436981 0.2392687
v 0.6036787 0.0436981 -0.0136008
v 0.5694401 0.0475071 -0.0135087
v 0.5694401 0.0475070 0.2393607
v 0.6038974 0.0146890 0.2553956
v 0.6036787 0.0436981 0.2392687
v 0.5694401 0.0475070 0.2393607
v 0.5628515 0.0192552 0.2554995
v 0.6036787 0.0436981 -0.0756279
v 0.6065368 0.0143954 -0.0814753
v 0.5602120 0.0195490 -0.0805970
v 0.5694401 0.0475071 -0.0749664
v 0.6065368 0.0143954 -0.0350111
v 0.6065368 0.0143954 -0.0814753
v 0.6036787 0.0436981 -0.0756279
v 0.6036787 0.0436981 -0.0406417
v 0.6065368 0.0143954 -0.0350111
v 0.6036787 0.0436981 -0.0406417
v 0.5694401 0.0475071 -0.0399807
v 0.5602120 0.0195490 -0.0341333
v 0.5694401 0.0475071 -0.0399807
v 0.5694401 0.0475071 -0.0749664
v 0.5602120 0.0195490 -0.0805970
v 0.5602120 0.0195490 -0.0341333
v 0.6065368 0.0143954 -0.0814753
v 0.6065368 0.0143954 -0.0350111
v 0.5602120 0.0195490 -0.0341333
v 0.5602120 0.0195490 -0.0805970
v 0.6036787 0.0436981 -0.0406417
v 0.6036787 0.0436981 -0.0756279
v 0.5694401 0.0475071 -0.0749664
v 0.5694401 0.0475071 -0.0399807
v 0.6036787 0.0436981 -0.1236291
v 0.6065368 0.0143954 -0.1294765
v 0.5602120 0.0195490 -0.1285987
v 0.5694401 0.0475071 -0.1229681
v 0.6065368 0.0143954 -0.0830128
v 0.6065368 0.0143954 -0.1294765
v 0.6036787 0.0436981 -0.1236291
v 0.6036787 0.0436981 -0.0886434
v 0.6065368 0.0143954 -0.0830128
v 0.6036787 0.0436981 -0.0886434
v 0.5694401 0.0475071 -0.0879819
v 0.5602120 0.0195490 -0.0821345
v 0.5694401 0.0475071 -0.0879819
v 0.5694401 0.0475071 -0.1229681
v 0.5602120 0.0195490 -0.1285987
v 0.5602120 0.0195490 -0.0821345
v 0.6065368 0.0143954 -0.1294765
v 0.6065368 0.0143954 -0.0830128
v 0.5602120 0.0195490 -0.0821345
v 0.5602120 0.0195490 -0.1285987
v 0.6036787 0.0436981 -0.0886434
v 0.6036787 0.0436981 -0.1236291
v 0.5694401 0.0475071 -0.1229681
v 0.5694401 0.0475071 -0.0879819
v 0.6036801 0.0436980 -0.1766250
v 0.6015866 0.0149461 -0.1783975
v 0.5774730 0.0176287 -0.1777124
v 0.5817502 0.0461377 -0.1760013
v 0.6036801 0.0436980 -0.1766250
v 0.6036801 0.0436980 -0.1416383
v 0.6015866 0.0149461 -0.1399273
v 0.6015866 0.0149461 -0.1783975
v 0.6015866 0.0149461 -0.1399273
v 0.6036801 0.0436980 -0.1416383
v 0.5817502 0.0461377 -0.1410147
v 0.5774730 0.0176287 -0.1392417
v 0.5817502 0.0461377 -0.1410147
v 0.5817502 0.0461377 -0.1760013
v 0.5774730 0.0176287 -0.1777124
v 0.5774730 0.0176287 -0.1392417
v 0.6015866 0.0149461 -0.1783975
v 0.6015866 0.0149461 -0.1399273
v 0.5774730 0.0176287 -0.1392417
v 0.5774730 0.0176287 -0.1777124
v 0.6036801 0.0436980 -0.1416383
v 0.6036801 0.0436980 -0.1766250
v 0.5817502 0.0461377 -0.1760013
v 0.5817502 0.0461377 -0.1410147
v 0.6036801 0.0436980 -0.2246262
v 0.6015866 0.0149461 -0.2263992
v 0.5774730 0.0176287 -0.2257136
v 0.5817502 0.0461377 -0.2240026
v 0.6036801 0.0436980 -0.2246262
v 0.6036801 0.0436980 -0.1896396
v 0.6015866 0.0149461 -0.1879285
v 0.6015866 0.0149461 -0.2263992
v 0.6015866 0.0149461 -0.1879285
v 0.6036801 0.0436980 -0.1896396
v 0.5817502 0.0461377 -0.1890159
v 0.5774730 0.0176287 -0.1872429
v 0.5817502 0.0461377 -0.1890159
v 0.5817502 0.0461377 -0.2240026
v 0.5774730 0.0176287 -0.2257136
v 0.5774730 0.0176287 -0.1872429
v 0.6015866 0.0149461 -0.2263992
v 0.6015866 0.0149461 -0.1879285
v 0.5774730 0.0176287 -0.1872429
v 0.5774730 0.0176287 -0.2257136
v 0.6036801 0.0436980 -0.1896396
v 0.6036801 0.0436980 -0.2246262
v 0.5817502 0.0461377 -0.2240026
v 0.5817502 0.0461377 -0.1890159
v 0.6036801 0.0436981 -0.2694368
v 0.6015866 0.0149461 -0.2712840
v 0.5774730 0.0176287 -0.2712840
v 0.5817502 0.0461377 -0.2694368
v 0.6036801 0.0436981 -0.2694368
v 0.6036801 0.0436980 -0.2326448
v 0.6015866 0.0149461 -0.2308285
v 0.6015866 0.0149461 -0.2712840
v 0.6015866 0.0149461 -0.2308285
v 0.6036801 0.0436980 -0.2326448
v 0.5817502 0.0461377 -0.2320216
v 0.5774730 0.0176287 -0.2301429
v 0.5817502 0.0461377 -0.2320216
v 0.5817502 0.0461377 -0.2694368
v 0.5774730 0.0176287 -0.2712840
v 0.5774730 0.0176287 -0.2301429
v 0.6015866 0.0149461 -0.2712840
v 0.6015866 0.0149461 -0.2308285
v 0.5774730 0.0176287 -0.2301429
v 0.5774730 0.0176287 -0.2712840
v 0.6036801 0.0436980 -0.2326448
v 0.6036801 0.0436981 -0.2694368
v 0.5817502 0.0461377 -0.2694368
v 0.5817502 0.0461377 -0.2320216
v 0.5770607 0.0466593 -0.2245592
v 0.5748966 0.0179153 -0.2263322
v 0.5523438 0.0204242 -0.2256466
v 0.5565503 0.0489410 -0.2239356
v 0.5770607 0.0466593 -0.2245592
v 0.5770607 0.0466593 -0.1895726
v 0.5748966 0.0179153 -0.1878616
v 0.5748966 0.0179153 -0.2263322
v 0.5748966 0.0179153 -0.1878616
v 0.5770607 0.0466593 -0.1895726
v 0.5565503 0.0489410 -0.1889494
v 0.5523438 0.0204242 -0.1871764
v 0.5565503 0.0489410 -0.1889494
v 0.5565503 0.0489410 -0.2239356
v 0.5523438 0.0204242 -0.2256466
v 0.5523438 0.0204242 -0.1871764
v 0.5748966 0.0179153 -0.2263322
v 0.5748966 0.0179153 -0.1878616
v 0.5523438 0.0204242 -0.1871764
v 0.5523438 0.0204242 -0.2256466
v 0.5770607 0.0466593 -0.1895726
v 0.5770607 0.0466593 -0.2245592
v 0.5565503 0.0489410 -0.2239356
v 0.5565503 0.0489410 -0.1889494
v 0.4004315 0.0663085 0.4492439
v 0.4033826 0.0369955 0.4435183
v 0.3563439 0.0422284 0.4443964
v 0.3656649 0.0701762 0.4499051
v 0.4033826 0.0369955 0.4894356
v 0.4033826 0.0369955 0.4435183
v 0.4004315 0.0663085 0.4492439
v 0.4004315 0.0663085 0.4838185
v 0.4033826 0.0369955 0.4894356
v 0.4004315 0.0663085 0.4838185
v 0.3656649 0.0701761 0.4838185
v 0.3563439 0.0422284 0.4894356
v 0.3656649 0.0701761 0.4838185
v 0.3656649 0.0701762 0.4499051
v 0.3563439 0.0422284 0.4443964
v 0.3563439 0.0422284 0.4894356
v 0.4033826 0.0369955 0.4435183
v 0.4033826 0.0369955 0.4894356
v 0.3563439 0.0422284 0.4894356
v 0.3563439 0.0422284 0.4443964
v 0.4004315 0.0663085 0.4838185
v 0.4004315 0.0663085 0.4492439
v 0.3656649 0.0701762 0.4499051
v 0.3656649 0.0701761 0.4838185
v 0.4004315 0.0663085 0.4012424
v 0.4033826 0.0369955 0.3953950
v 0.3563439 0.0422284 0.3962735
v 0.3656649 0.0701762 0.4019039
v 0.4033826 0.0369955 0.4418590
v 0.4033826 0.0369955 0.3953950
v 0.4004315 0.0663085 0.4012424
v 0.4004315 0.0663085 0.4362286
v 0.4033826 0.0369955 0.4418590
v 0.4004315 0.0663085 0.4362286
v 0.3656649 0.0701762 0.4368896
v 0.3563439 0.0422284 0.4427370
v 0.3656649 0.0701762 0.4368896
v 0.3656649 0.0701762 0.4019039
v 0.3563439 0.0422284 0.3962735
v 0.3563439 0.0422284 0.4427370
v 0.4033826 0.0369955 0.3953950
v 0.4033826 0.0369955 0.4418590
v 0.3563439 0.0422284 0.4427370
v 0.3563439 0.0422284 0.3962735
v 0.4004315 0.0663085 0.4362286
v 0.4004315 0.0663085 0.4012424
v 0.3656649 0.0701762 0.4019039
v 0.3656649 0.0701762 0.4368896
v 0.4004315 0.0663085 0.3532410
v 0.4033826 0.0369955 0.3473940
v 0.3563439 0.0422284 0.3482721
v 0.3656649 0.0701762 0.3539022
v 0.4033826 0.0369955 0.3938580
v 0.4033826 0.0369955 0.3473940
v 0.4004315 0.0663085 0.3532410
v 0.4004315 0.0663085 0.3882271
v 0.4033826 0.0369955 0.3938580
v 0.4004315 0.0663085 0.3882271
v 0.3656649 0.0701762 0.3888886
v 0.3563439 0.0422284 0.3947360
v 0.3656649 0.0701762 0.3888886
v 0.3656649 0.0701762 0.3539022
v 0.3563439 0.0422284 0.3482721
v 0.3563439 0.0422284 0.3947360
v 0.4033826 0.0369955 0.3473940
v 0.4033826 0.0369955 0.3938580
v 0.3563439 0.0422284 0.3947360
v 0.3563439 0.0422284 0.3482721
v 0.4004315 0.0663085 0.3882271
v 0.4004315 0.0663085 0.3532410
v 0.3656649 0.0701762 0.3539022
v 0.3656649 0.0701762 0.3888886
v 0.4004315 0.0663085 0.3052400
v 0.4033826 0.0369955 0.2993925
v 0.3563439 0.0422284 0.3002706
v 0.3656649 0.0701762 0.3059012
v 0.4033826 0.0369955 0.3458565
v 0.4033826 0.0369955 0.2993925
v 0.4004315 0.0663085 0.3052400
v 0.4004315 0.0663085 0.3402259
v 0.4033826 0.0369955 0.3458565
v 0.4004315 0.0663085 0.3402259
v 0.3656649 0.0701762 0.3408872
v 0.3563439 0.0422284 0.3467346
v 0.3656649 0.0701762 0.3408872
v 0.3656649 0.0701762 0.3059012
v 0.3563439 0.0422284 0.3002706
v 0.3563439 0.0422284 0.3467346
v 0.4033826 0.0369955 0.2993925
v 0.4033826 0.0369955 0.3458565
v 0.3563439 0.0422284 0.3467346
v 0.3563439 0.0422284 0.3002706
v 0.4004315 0.0663085 0.3402259
v 0.4004315 0.0663085 0.3052400
v 0.3656649 0.0701762 0.3059012
v 0.3656649 0.0701762 0.3408872
v 0.4004315 0.0663085 0.2572385
v 0.4033826 0.0369955 0.2513911
v 0.3563439 0.0422284 0.2522692
v 0.3656649 0.0701762 0.2578997
v 0.4033826 0.0369955 0.2978551
v 0.4033826 0.0369955 0.2513911
v 0.4004315 0.0663085 0.2572385
v 0.4004315 0.0663085 0.2922242
v 0.4033826 0.0369955 0.2978551
v 0.4004315 0.0663085 0.2922242
v 0.3656649 0.0701762 0.2928857
v 0.3563439 0.0422284 0.2987331
v 0.3656649 0.0701762 0.2928857
v 0.3656649 0.0701762 0.2578997
v 0.3563439 0.0422284 0.2522692
v 0.3563439 0.0422284 0.2987331
v 0.4033826 0.0369955 0.2513911
v 0.4033826 0.0369955 0.2978551
v 0.3563439 0.0422284 0.2987331
v 0.3563439 0.0422284 0.2522692
v 0.4004315 0.0663085 0.2922242
v 0.4004315 0.0663085 0.2572385
v 0.3656649 0.0701762 0.2578997
v 0.3656649 0.0701762 0.2928857
v 0.4004315 0.0663085 0.2092371
v 0.4033826 0.0369955 0.2033896
v 0.3563439 0.0422284 0.2042677
v 0.3656649 0.0701762 0.2098983
v 0.4033826 0.0369955 0.2498536
v 0.4033826 0.0369955 0.2033896
v 0.4004315 0.0663085 0.2092371
v 0.4004315 0.0663085 0.2442232
v 0.4033826 0.0369955 0.2498536
v 0.4004315 0.0663085 0.2442232
v 0.3656649 0.0701762 0.2448843
v 0.3563439 0.0422284 0.2507317
v 0.3656649 0.0701762 0.2448843
v 0.3656649 0.0701762 0.2098983
v 0.3563439 0.0422284 0.2042677
v 0.3563439 0.0422284 0.2507317
v 0.4033826 0.0369955 0.2033896
v 0.4033826 0.0369955 0.2498536
v 0.3563439 0.0422284 0.2507317
v 0.3563439 0.0422284 0.2042677
v 0.4004315 0.0663085 0.2442232
v 0.4004315 0.0663085 0.2092371
v 0.3656649 0.0701762 0.2098983
v 0.3656649 0.0701762 0.2448843
v 0.4004315 0.0663085 0.1612358
v 0.4033826 0.0369955 0.1553884
v 0.3563439 0.0422284 0.1562665
v 0.3656649 0.0701762 0.1618968
v 0.4033826 0.0369955 0.2018524
v 0.4033826 0.0369955 0.1553884
v 0.4004315 0.0663085 0.1612358
v 0.4004315 0.0663085 0.1962218
v 0.4033826 0.0369955 0.2018524
v 0.4004315 0.0663085 0.1962218
v 0.3656649 0.0701762 0.1968830
v 0.3563439 0.0422284 0.2027305
v 0.3656649 0.0701762 0.1968830
v 0.3656649 0.0701762 0.1618968
v 0.3563439 0.0422284 0.1562665
v 0.3563439 0.0422284 0.2027305
v 0.4033826 0.0369955 0.1553884
v 0.4033826 0.0369955 0.2018524
v 0.3563439 0.0422284 0.2027305
v 0.3563439 0.0422284 0.1562665
v 0.4004315 0.0663085 0.1962218
v 0.4004315 0.0663085 0.1612358
v 0.3656649 0.0701762 0.1618968
v 0.3656649 0.0701762 0.1968830
v 0.4004315 0.0663085 0.1132344
v 0.4033826 0.0369955 0.1073870
v 0.3563439 0.0422284 0.1082650
v 0.3656649 0.0701762 0.1138956
v 0.4033826 0.0369955 0.1538509
v 0.4033826 0.0369955 0.1073870
v 0.4004315 0.0663085 0.1132344
v 0.4004315 0.0663085 0.1482203
v 0.4033826 0.0369955 0.1538509
v 0.4004315 0.0663085 0.1482203
v 0.3656649 0.0701762 0.1488816
v 0.3563439 0.0422284 0.1547290
v 0.3656649 0.0701762 0.1488816
v 0.3656649 0.0701762 0.1138956
v 0.3563439 0.0422284 0.1082650
v 0.3563439 0.0422284 0.1547290
v 0.4033826 0.0369955 0.1073870
v 0.4033826 0.0369955 0.1538509
v 0.3563439 0.0422284 0.1547290
v 0.3563439 0.0422284 0.1082650
v 0.4004315 0.0663085 0.1482203
v 0.4004315 0.0663085 0.1132344
v 0.3656649 0.0701762 0.1138956
v 0.3656649 0.0701762 0.1488816
v 0.4004315 0.0663086 0.0652329
v 0.4033826 0.0369955 0.0593855
v 0.3563439 0.0422285 0.0602638
v 0.3656649 0.0701762 0.0658944
v 0.4033826 0.0369955 0.1058495
v 0.4033826 0.0369955 0.0593855
v 0.4004315 0.0663086 0.0652329
v 0.4004315 0.0663085 0.1002191
v 0.4033826 0.0369955 0.1058495
v 0.4004315 0.0663085 0.1002191
v 0.3656649 0.0701762 0.1008801
v 0.3563439 0.0422284 0.1067276
v 0.3656649 0.0701762 0.1008801
v 0.3656649 0.0701762 0.0658944
v 0.3563439 0.0422285 0.0602638
v 0.3563439 0.0422284 0.1067276
v 0.4033826 0.0369955 0.0593855
v 0.4033826 0.0369955 0.1058495
v 0.3563439 0.0422284 0.1067276
v 0.3563439 0.0422285 0.0602638
v 0.4004315 0.0663085 0.1002191
v 0.4004315 0.0663086 0.0652329
v 0.3656649 0.0701762 0.0658944
v 0.3656649 0.0701762 0.1008801
v 0.4004315 0.0663086 0.0172317
v 0.4033826 0.0369955 0.0113843
v 0.3563439 0.0422285 0.0122626
v 0.3656649 0.0701762 0.0178927
v 0.4033826 0.0369955 0.0578485
v 0.4033826 0.0369955 0.0113843
v 0.4004315 0.0663086 0.0172317
v 0.4004315 0.0663086 0.0522179
v 0.4033826 0.0369955 0.0578485
v 0.4004315 0.0663086 0.0522179
v 0.3656649 0.0701762 0.0528789
v 0.3563439 0.0422285 0.0587263
v 0.3656649 0.0701762 0.0528789
v 0.3656649 0.0701762 0.0178927
v 0.3563439 0.0422285 0.0122626
v 0.3563439 0.0422285 0.0587263
v 0.4033826 0.0369955 0.0113843
v 0.4033826 0.0369955 0.0578485
v 0.3563439 0.0422285 0.0587263
v 0.3563439 0.0422285 0.0122626
v 0.4004315 0.0663086 0.0522179
v 0.4004315 0.0663086 0.0172317
v 0.3656649 0.0701762 0.0178927
v 0.3656649 0.0701762 0.0528789
v 0.4004315 0.0663086 -0.0307695
v 0.4033826 0.0369955 -0.0366169
v 0.3563439 0.0422285 -0.0357391
v 0.3656649 0.0701762 -0.0301085
v 0.4033826 0.0369955 0.0098468
v 0.4033826 0.0369955 -0.0366169
v 0.4004315 0.0663086 -0.0307695
v 0.4004315 0.0663086 0.0042162
v 0.4033826 0.0369955 0.0098468
v 0.4004315 0.0663086 0.0042162
v 0.3656649 0.0701762 0.0048777
v 0.3563439 0.0422285 0.0107251
v 0.3656649 0.0701762 0.0048777
v 0.3656649 0.0701762 -0.0301085
v 0.3563439 0.0422285 -0.0357391
v 0.3563439 0.0422285 0.0107251
v 0.4033826 0.0369955 -0.0366169
v 0.4033826 0.0369955 0.0098468
v 0.3563439 0.0422285 0.0107251
v 0.3563439 0.0422285 -0.0357391
v 0.4004315 0.0663086 0.0042162
v 0.4004315 0.0663086 -0.0307695
v 0.3656649 0.0701762 -0.0301085
v 0.3656649 0.0701762 0.0048777
v 0.4004315 0.0663086 -0.0787712
v 0.4033826 0.0369955 -0.0846186
v 0.3563439 0.0422285 -0.0837403
v 0.3656649 0.0701762 -0.0781097
v 0.4033826 0.0369955 -0.0381544
v 0.4033826 0.0369955 -0.0846186
v 0.4004315 0.0663086 -0.0787712
v 0.4004315 0.0663086 -0.0437850
v 0.4033826 0.0369955 -0.0381544
v 0.4004315 0.0663086 -0.0437850
v 0.3656649 0.0701762 -0.0431240
v 0.3563439 0.0422285 -0.0372766
v 0.3656649 0.0701762 -0.0431240
v 0.3656649 0.0701762 -0.0781097
v 0.3563439 0.0422285 -0.0837403
v 0.3563439 0.0422285 -0.0372766
v 0.4033826 0.0369955 -0.0846186
v 0.4033826 0.0369955 -0.0381544
v 0.3563439 0.0422285 -0.0372766
v 0.3563439 0.0422285 -0.0837403
v 0.4004315 0.0663086 -0.0437850
v 0.4004315 0.0663086 -0.0787712
v 0.3656649 0.0701762 -0.0781097
v 0.3656649 0.0701762 -0.0431240
v 0.4004315 0.0663086 -0.1267724
v 0.4033826 0.0369955 -0.1326198
v 0.3563439 0.0422285 -0.1317420
v 0.3656649 0.0701762 -0.1261114
v 0.4033826 0.0369955 -0.0861561
v 0.4033826 0.0369955 -0.1326198
v 0.4004315 0.0663086 -0.1267724
v 0.4004315 0.0663086 -0.0917862
v 0.4033826 0.0369955 -0.0861561
v 0.4004315 0.0663086 -0.0917862
v 0.3656649 0.0701762 -0.0911252
v 0.3563439 0.0422285 -0.0852778
v 0.3656649 0.0701762 -0.0911252
v 0.3656649 0.0701762 -0.1261114
v 0.3563439 0.0422285 -0.1317420
v 0.3563439 0.0422285 -0.0852778
v 0.4033826 0.0369955 -0.1326198
v 0.4033826 0.0369955 -0.0861561
v 0.3563439 0.0422285 -0.0852778
v 0.3563439 0.0422285 -0.1317420
v 0.4004315 0.0663086 -0.0917862
v 0.4004315 0.0663086 -0.1267724
v 0.3656649 0.0701762 -0.1261114
v 0.3656649 0.0701762 -0.0911252
v 0.4004315 0.0663086 -0.1747741
v 0.4033826 0.0369956 -0.1806215
v 0.3563439 0.0422285 -0.1797432
v 0.3656649 0.0701762 -0.1741126
v 0.4033826 0.0369955 -0.1341573
v 0.4033826 0.0369956 -0.1806215
v 0.4004315 0.0663086 -0.1747741
v 0.4004315 0.0663086 -0.1397879
v 0.4033826 0.0369955 -0.1341573
v 0.4004315 0.0663086 -0.1397879
v 0.3656649 0.0701762 -0.1391264
v 0.3563439 0.0422285 -0.1332795
v 0.3656649 0.0701762 -0.1391264
v 0.3656649 0.0701762 -0.1741126
v 0.3563439 0.0422285 -0.1797432
v 0.3563439 0.0422285 -0.1332795
v 0.4033826 0.0369956 -0.1806215
v 0.4033826 0.0369955 -0.1341573
v 0.3563439 0.0422285 -0.1332795
v 0.3563439 0.0422285 -0.1797432
v 0.4004315 0.0663086 -0.1397879
v 0.4004315 0.0663086 -0.1747741
v 0.3656649 0.0701762 -0.1741126
v 0.3656649 0.0701762 -0.1391264
v 0.4004315 0.0663086 -0.2694368
v 0.4033826 0.0369956 -0.2815207
v 0.3563439 0.0422285 -0.2815207
v 0.3656649 0.0701762 -0.2694368
v 0.4033826 0.0369956 -0.1766751
v 0.4033826 0.0369956 -0.2815207
v 0.4004315 0.0663086 -0.2694368
v 0.4004315 0.0663086 -0.1886606
v 0.4033826 0.0369956 -0.1766751
v 0.4004315 0.0663086 -0.1886606
v 0.3656649 0.0701762 -0.1879991
v 0.3563439 0.0422285 -0.1758168
v 0.3656649 0.0701762 -0.1879991
v 0.3656649 0.0701762 -0.2694368
v 0.3563439 0.0422285 -0.2815207
v 0.3563439 0.0422285 -0.1758168
v 0.4033826 0.0369956 -0.2815207
v 0.4033826 0.0369956 -0.1766751
v 0.3563439 0.0422285 -0.1758168
v 0.3563439 0.0422285 -0.2815207
v 0.4004315 0.0663086 -0.1886606
v 0.4004315 0.0663086 -0.2694368
v 0.3656649 0.0701762 -0.2694368
v 0.3656649 0.0701762 -0.1879991
v 0.4509075 0.0606934 0.4214980
v 0.4538599 0.0313803 0.4112210
v 0.4068117 0.0366142 0.4120991
v 0.4161341 0.0645619 0.4221592
v 0.4538599 0.0313803 0.4939870
v 0.4538599 0.0313803 0.4112210
v 0.4509075 0.0606934 0.4214980
v 0.4509075 0.0606934 0.4838185
v 0.4538599 0.0313803 0.4939870
v 0.4509075 0.0606934 0.4838185
v 0.4161341 0.0645619 0.4838185
v 0.4068117 0.0366142 0.4939870
v 0.4161341 0.0645619 0.4838185
v 0.4161341 0.0645619 0.4221592
v 0.4068117 0.0366142 0.4120991
v 0.4068117 0.0366142 0.4939870
v 0.4538599 0.0313803 0.4112210
v 0.4538599 0.0313803 0.4939870
v 0.4068117 0.0366142 0.4939870
v 0.4068117 0.0366142 0.4120991
v 0.4509075 0.0606934 0.4838185
v 0.4509075 0.0606934 0.4214980
v 0.4161341 0.0645619 0.4221592
v 0.4161341 0.0645619 0.4838185
v 0.4509075 0.0606934 0.3734965
v 0.4538599 0.0313802 0.3676491
v 0.4068117 0.0366142 0.3685271
v 0.4161341 0.0645619 0.3741577
v 0.4538599 0.0313802 0.4141130
v 0.4538599 0.0313802 0.3676491
v 0.4509075 0.0606934 0.3734965
v 0.4509075 0.0606934 0.4084825
v 0.4538599 0.0313802 0.4141130
v 0.4509075 0.0606934 0.4084825
v 0.4161341 0.0645619 0.4091439
v 0.4068117 0.0366142 0.4149913
v 0.4161341 0.0645619 0.4091439
v 0.4161341 0.0645619 0.3741577
v 0.4068117 0.0366142 0.3685271
v 0.4068117 0.0366142 0.4149913
v 0.4538599 0.0313802 0.3676491
v 0.4538599 0.0313802 0.4141130
v 0.4068117 0.0366142 0.4149913
v 0.4068117 0.0366142 0.3685271
v 0.4509075 0.0606934 0.4084825
v 0.4509075 0.0606934 0.3734965
v 0.4161341 0.0645619 0.3741577
v 0.4161341 0.0645619 0.4091439
v 0.4509075 0.0606934 0.3254955
v 0.4538599 0.0313803 0.3196479
v 0.4068117 0.0366142 0.3205262
v 0.4161341 0.0645619 0.3261563
v 0.4538599 0.0313802 0.3661116
v 0.4538599 0.0313803 0.3196479
v 0.4509075 0.0606934 0.3254955
v 0.4509075 0.0606934 0.3604812
v 0.4538599 0.0313802 0.3661116
v 0.4509075 0.0606934 0.3604812
v 0.4161341 0.0645619 0.3611427
v 0.4068117 0.0366142 0.3669897
v 0.4161341 0.0645619 0.3611427
v 0.4161341 0.0645619 0.3261563
v 0.4068117 0.0366142 0.3205262
v 0.4068117 0.0366142 0.3669897
v 0.4538599 0.0313803 0.3196479
v 0.4538599 0.0313802 0.3661116
v 0.4068117 0.0366142 0.3669897
v 0.4068117 0.0366142 0.3205262
v 0.4509075 0.0606934 0.3604812
v 0.4509075 0.0606934 0.3254955
v 0.4161341 0.0645619 0.3261563
v 0.4161341 0.0645619 0.3611427
v 0.4509075 0.0606934 0.2774938
v 0.4538599 0.0313803 0.2716464
v 0.4068117 0.0366142 0.2725247
v 0.4161341 0.0645619 0.2781553
v 0.4538599 0.0313803 0.3181106
v 0.4538599 0.0313803 0.2716464
v 0.4509075 0.0606934 0.2774938
v 0.4509075 0.0606934 0.3124798
v 0.4538599 0.0313803 0.3181106
v 0.4509075 0.0606934 0.3124798
v 0.4161341 0.0645619 0.3131412
v 0.4068117 0.0366142 0.3189887
v 0.4161341 0.0645619 0.3131412
v 0.4161341 0.0645619 0.2781553
v 0.4068117 0.0366142 0.2725247
v 0.4068117 0.0366142 0.3189887
v 0.4538599 0.0313803 0.2716464
v 0.4538599 0.0313803 0.3181106
v 0.4068117 0.0366142 0.3189887
v 0.4068117 0.0366142 0.2725247
v 0.4509075 0.0606934 0.3124798
v 0.4509075 0.0606934 0.2774938
v 0.4161341 0.0645619 0.2781553
v 0.4161341 0.0645619 0.3131412
v 0.4509075 0.0606934 0.2294926
v 0.4538599 0.0313803 0.2236452
v 0.4068117 0.0366142 0.2245232
v 0.4161341 0.0645619 0.2301538
v 0.4538599 0.0313803 0.2701089
v 0.4538599 0.0313803 0.2236452
v 0.4509075 0.0606934 0.2294926
v 0.4509075 0.0606934 0.2644783
v 0.4538599 0.0313803 0.2701089
v 0.4509075 0.0606934 0.2644783
v 0.4161341 0.0645619 0.2651398
v 0.4068117 0.0366142 0.2709872
v 0.4161341 0.0645619 0.2651398
v 0.4161341 0.0645619 0.2301538
v 0.4068117 0.0366142 0.2245232
v 0.4068117 0.0366142 0.2709872
v 0.4538599 0.0313803 0.2236452
v 0.4538599 0.0313803 0.2701089
v 0.4068117 0.0366142 0.2709872
v 0.4068117 0.0366142 0.2245232
v 0.4509075 0.0606934 0.2644783
v 0.4509075 0.0606934 0.2294926
v 0.4161341 0.0645619 0.2301538
v 0.4161341 0.0645619 0.2651398
v 0.4509075 0.0606934 0.1814909
v 0.4538599 0.0313803 0.1756435
v 0.4068117 0.0366142 0.1765220
v 0.4161341 0.0645619 0.1821524
v 0.4538599 0.0313803 0.2221077
v 0.4538599 0.0313803 0.1756435
v 0.4509075 0.0606934 0.1814909
v 0.4509075 0.0606934 0.2164773
v 0.4538599 0.0313803 0.2221077
v 0.4509075 0.0606934 0.2164773
v 0.4161341 0.0645619 0.2171383
v 0.4068117 0.0366142 0.2229860
v 0.4161341 0.0645619 0.2171383
v 0.4161341 0.0645619 0.1821524
v 0.4068117 0.0366142 0.1765220
v 0.4068117 0.0366142 0.2229860
v 0.4538599 0.0313803 0.1756435
v 0.4538599 0.0313803 0.2221077
v 0.4068117 0.0366142 0.2229860
v 0.4068117 0.0366142 0.1765220
v 0.4509075 0.0606934 0.2164773
v 0.4509075 0.0606934 0.1814909
v 0.4161341 0.0645619 0.1821524
v 0.4161341 0.0645619 0.2171383
v 0.4509075 0.0606935 0.1334899
v 0.4538599 0.0313803 0.1276425
v 0.4068117 0.0366142 0.1285206
v 0.4161341 0.0645619 0.1341509
v 0.4538599 0.0313803 0.1741065
v 0.4538599 0.0313803 0.1276425
v 0.4509075 0.0606935 0.1334899
v 0.4509075 0.0606934 0.1684759
v 0.4538599 0.0313803 0.1741065
v 0.4509075 0.0606934 0.1684759
v 0.4161341 0.0645619 0.1691371
v 0.4068117 0.0366142 0.1749845
v 0.4161341 0.0645619 0.1691371
v 0.4161341 0.0645619 0.1341509
v 0.4068117 0.0366142 0.1285206
v 0.4068117 0.0366142 0.1749845
v 0.4538599 0.0313803 0.1276425
v 0.4538599 0.0313803 0.1741065
v 0.4068117 0.0366142 0.1749845
v 0.4068117 0.0366142 0.1285206
v 0.4509075 0.0606934 0.1684759
v 0.4509075 0.0606935 0.1334899
v 0.4161341 0.0645619 0.1341509
v 0.4161341 0.0645619 0.1691371
v 0.4509075 0.0606935 0.0854885
v 0.4538599 0.0313803 0.0796411
v 0.4068117 0.0366142 0.0805191
v 0.4161341 0.0645619 0.0861497
v 0.4538599 0.0313803 0.1261050
v 0.4538599 0.0313803 0.0796411
v 0.4509075 0.0606935 0.0854885
v 0.4509075 0.0606935 0.1204744
v 0.4538599 0.0313803 0.1261050
v 0.4509075 0.0606935 0.1204744
v 0.4161341 0.0645619 0.1211357
v 0.4068117 0.0366142 0.1269831
v 0.4161341 0.0645619 0.1211357
v 0.4161341 0.0645619 0.0861497
v 0.4068117 0.0366142 0.0805191
v 0.4068117 0.0366142 0.1269831
v 0.4538599 0.0313803 0.0796411
v 0.4538599 0.0313803 0.1261050
v 0.4068117 0.0366142 0.1269831
v 0.4068117 0.0366142 0.0805191
v 0.4509075 0.0606935 0.1204744
v 0.4509075 0.0606935 0.0854885
v 0.4161341 0.0645619 0.0861497
v 0.4161341 0.0645619 0.1211357
v 0.4509075 0.0606935 0.0374868
v 0.4538599 0.0313803 0.0316394
v 0.4068117 0.0366142 0.0325177
v 0.4161341 0.0645619 0.0381483
v 0.4538599 0.0313803 0.0781036
v 0.4538599 0.0313803 0.0316394
v 0.4509075 0.0606935 0.0374868
v 0.4509075 0.0606935 0.0724732
v 0.4538599 0.0313803 0.0781036
v 0.4509075 0.0606935 0.0724732
v 0.4161341 0.0645619 0.0731342
v 0.4068117 0.0366142 0.0789816
v 0.4161341 0.0645619 0.0731342
v 0.4161341 0.0645619 0.0381483
v 0.4068117 0.0366142 0.0325177
v 0.4068117 0.0366142 0.0789816
v 0.4538599 0.0313803 0.0316394
v 0.4538599 0.0313803 0.0781036
v 0.4068117 0.0366142 0.0789816
v 0.4068117 0.0366142 0.0325177
v 0.4509075 0.0606935 0.0724732
v 0.4509075 0.0606935 0.0374868
v 0.4161341 0.0645619 0.0381483
v 0.4161341 0.0645619 0.0731342
v 0.4509075 0.0606935 -0.0105140
v 0.4538599 0.0313803 -0.0163614
v 0.4068117 0.0366142 -0.0154835
v 0.4161341 0.0645619 -0.0098530
v 0.4538599 0.0313803 0.0301024
v 0.4538599 0.0313803 -0.0163614
v 0.4509075 0.0606935 -0.0105140
v 0.4509075 0.0606935 0.0244718
v 0.4538599 0.0313803 0.0301024
v 0.4509075 0.0606935 0.0244718
v 0.4161341 0.0645619 0.0251332
v 0.4068117 0.0366142 0.0309807
v 0.4161341 0.0645619 0.0251332
v 0.4161341 0.0645619 -0.0098530
v 0.4068117 0.0366142 -0.0154835
v 0.4068117 0.0366142 0.0309807
v 0.4538599 0.0313803 -0.0163614
v 0.4538599 0.0313803 0.0301024
v 0.4068117 0.0366142 0.0309807
v 0.4068117 0.0366142 -0.0154835
v 0.4509075 0.0606935 0.0244718
v 0.4509075 0.0606935 -0.0105140
v 0.4161341 0.0645619 -0.0098530
v 0.4161341 0.0645619 0.0251332
v 0.4509075 0.0606935 -0.0585156
v 0.4538599 0.0313803 -0.0643631
v 0.4068117 0.0366142 -0.0634848
v 0.4161341 0.0645619 -0.0578542
v 0.4538599 0.0313803 -0.0178989
v 0.4538599 0.0313803 -0.0643631
v 0.4509075 0.0606935 -0.0585156
v 0.4509075 0.0606935 -0.0235295
v 0.4538599 0.0313803 -0.0178989
v 0.4509075 0.0606935 -0.0235295
v 0.4161341 0.0645619 -0.0228685
v 0.4068117 0.0366142 -0.0170210
v 0.4161341 0.0645619 -0.0228685
v 0.4161341 0.0645619 -0.0578542
v 0.4068117 0.0366142 -0.0634848
v 0.4068117 0.0366142 -0.0170210
v 0.4538599 0.0313803 -0.0643631
v 0.4538599 0.0313803 -0.0178989
v 0.4068117 0.0366142 -0.0170210
v 0.4068117 0.0366142 -0.0634848
v 0.4509075 0.0606935 -0.0235295
v 0.4509075 0.0606935 -0.0585156
v 0.4161341 0.0645619 -0.0578542
v 0.4161341 0.0645619 -0.0228685
v 0.4509075 0.0606935 -0.1065169
v 0.4538599 0.0313803 -0.1123643
v 0.4068117 0.0366142 -0.1114865
v 0.4161341 0.0645619 -0.1058559
v 0.4538599 0.0313803 -0.0659005
v 0.4538599 0.0313803 -0.1123643
v 0.4509075 0.0606935 -0.1065169
v 0.4509075 0.0606935 -0.0715311
v 0.4538599 0.0313803 -0.0659005
v 0.4509075 0.0606935 -0.0715311
v 0.4161341 0.0645619 -0.0708697
v 0.4068117 0.0366142 -0.0650223
v 0.4161341 0.0645619 -0.0708697
v 0.4161341 0.0645619 -0.1058559
v 0.4068117 0.0366142 -0.1114865
v 0.4068117 0.0366142 -0.0650223
v 0.4538599 0.0313803 -0.1123643
v 0.4538599 0.0313803 -0.0659005
v 0.4068117 0.0366142 -0.0650223
v 0.4068117 0.0366142 -0.1114865
v 0.4509075 0.0606935 -0.0715311
v 0.4509075 0.0606935 -0.1065169
v 0.4161341 0.0645619 -0.1058559
v 0.4161341 0.0645619 -0.0708697
v 0.4509075 0.0606935 -0.1545185
v 0.4538599 0.0313803 -0.1603660
v 0.4068117 0.0366142 -0.1594877
v 0.4161341 0.0645619 -0.1538571
v 0.4538599 0.0313803 -0.1139018
v 0.4538599 0.0313803 -0.1603660
v 0.4509075 0.0606935 -0.1545185
v 0.4509075 0.0606935 -0.1195324
v 0.4538599 0.0313803 -0.1139018
v 0.4509075 0.0606935 -0.1195324
v 0.4161341 0.0645619 -0.1188714
v 0.4068117 0.0366142 -0.1130239
v 0.4161341 0.0645619 -0.1188714
v 0.4161341 0.0645619 -0.1538571
v 0.4068117 0.0366142 -0.1594877
v 0.4068117 0.0366142 -0.1130239
v 0.4538599 0.0313803 -0.1603660
v 0.4538599 0.0313803 -0.1139018
v 0.4068117 0.0366142 -0.1130239
v 0.4068117 0.0366142 -0.1594877
v 0.4509075 0.0606935 -0.1195324
v 0.4509075 0.0606935 -0.1545185
v 0.4161341 0.0645619 -0.1538571
v 0.4161341 0.0645619 -0.1188714
v 0.4509075 0.0606935 -0.2025198
v 0.4538599 0.0313803 -0.2083672
v 0.4068117 0.0366142 -0.2074889
v 0.4161341 0.0645619 -0.2018588
v 0.4538599 0.0313803 -0.1619035
v 0.4538599 0.0313803 -0.2083672
v 0.4509075 0.0606935 -0.2025198
v 0.4509075 0.0606935 -0.1675336
v 0.4538599 0.0313803 -0.1619035
v 0.4509075 0.0606935 -0.1675336
v 0.4161341 0.0645619 -0.1668726
v 0.4068117 0.0366142 -0.1610252
v 0.4161341 0.0645619 -0.1668726
v 0.4161341 0.0645619 -0.2018588
v 0.4068117 0.0366142 -0.2074889
v 0.4068117 0.0366142 -0.1610252
v 0.4538599 0.0313803 -0.2083672
v 0.4538599 0.0313803 -0.1619035
v 0.4068117 0.0366142 -0.1610252
v 0.4068117 0.0366142 -0.2074889
v 0.4509075 0.0606935 -0.1675336
v 0.4509075 0.0606935 -0.2025198
v 0.4161341 0.0645619 -0.2018588
v 0.4161341 0.0645619 -0.1668726
v 0.4509075 0.0606935 -0.2694368
v 0.4538599 0.0313803 -0.2783323
v 0.4068117 0.0366142 -0.2783323
v 0.4161341 0.0645620 -0.2694368
v 0.4538599 0.0313803 -0.2067473
v 0.4538599 0.0313803 -0.2783323
v 0.4509075 0.0606935 -0.2694368
v 0.4509075 0.0606935 -0.2155353
v 0.4538599 0.0313803 -0.2067473
v 0.4509075 0.0606935 -0.2155353
v 0.4161341 0.0645619 -0.2148738
v 0.4068117 0.0366142 -0.2058694
v 0.4161341 0.0645619 -0.2148738
v 0.4161341 0.0645620 -0.2694368
v 0.4068117 0.0366142 -0.2783323
v 0.4068117 0.0366142 -0.2058694
v 0.4538599 0.0313803 -0.2783323
v 0.4538599 0.0313803 -0.2067473
v 0.4068117 0.0366142 -0.2058694
v 0.4068117 0.0366142 -0.2783323
v 0.4509075 0.0606935 -0.2155353
v 0.4509075 0.0606935 -0.2694368
v 0.4161341 0.0645620 -0.2694368
v 0.4161341 0.0645619 -0.2148738
v 0.5036112 0.0548301 0.4046517
v 0.5065629 0.0255171 0.3916110
v 0.4595211 0.0307502 0.3924890
v 0.4688427 0.0586980 0.4053127
v 0.5065629 0.0255171 0.4967504
v 0.5065629 0.0255171 0.3916110
v 0.5036112 0.0548301 0.4046517
v 0.5036112 0.0548301 0.4838185
v 0.5065629 0.0255171 0.4967504
v 0.5036112 0.0548301 0.4838185
v 0.4688427 0.0586980 0.4838185
v 0.4595211 0.0307502 0.4967504
v 0.4688427 0.0586980 0.4838185
v 0.4688427 0.0586980 0.4053127
v 0.4595211 0.0307502 0.3924890
v 0.4595211 0.0307502 0.4967504
v 0.5065629 0.0255171 0.3916110
v 0.5065629 0.0255171 0.4967504
v 0.4595211 0.0307502 0.4967504
v 0.4595211 0.0307502 0.3924890
v 0.5036112 0.0548301 0.4838185
v 0.5036112 0.0548301 0.4046517
v 0.4688427 0.0586980 0.4053127
v 0.4688427 0.0586980 0.4838185
v 0.5036112 0.0548301 0.3566501
v 0.5065629 0.0255171 0.3508026
v 0.4595211 0.0307502 0.3516809
v 0.4688427 0.0586980 0.3573115
v 0.5065629 0.0255171 0.3972666
v 0.5065629 0.0255171 0.3508026
v 0.5036112 0.0548301 0.3566501
v 0.5036112 0.0548301 0.3916360
v 0.5065629 0.0255171 0.3972666
v 0.5036112 0.0548301 0.3916360
v 0.4688427 0.0586980 0.3922973
v 0.4595211 0.0307502 0.3981447
v 0.4688427 0.0586980 0.3922973
v 0.4688427 0.0586980 0.3573115
v 0.4595211 0.0307502 0.3516809
v 0.4595211 0.0307502 0.3981447
v 0.5065629 0.0255171 0.3508026
v 0.5065629 0.0255171 0.3972666
v 0.4595211 0.0307502 0.3981447
v 0.4595211 0.0307502 0.3516809
v 0.5036112 0.0548301 0.3916360
v 0.5036112 0.0548301 0.3566501
v 0.4688427 0.0586980 0.3573115
v 0.4688427 0.0586980 0.3922973
v 0.5036112 0.0548302 0.3086486
v 0.5065629 0.0255171 0.3028012
v 0.4595211 0.0307503 0.3036797
v 0.4688427 0.0586980 0.3093101
v 0.5065629 0.0255171 0.3492652
v 0.5065629 0.0255171 0.3028012
v 0.5036112 0.0548302 0.3086486
v 0.5036112 0.0548301 0.3436348
v 0.5065629 0.0255171 0.3492652
v 0.5036112 0.0548301 0.3436348
v 0.4688427 0.0586980 0.3442958
v 0.4595211 0.0307502 0.3501437
v 0.4688427 0.0586980 0.3442958
v 0.4688427 0.0586980 0.3093101
v 0.4595211 0.0307503 0.3036797
v 0.4595211 0.0307502 0.3501437
v 0.5065629 0.0255171 0.3028012
v 0.5065629 0.0255171 0.3492652
v 0.4595211 0.0307502 0.3501437
v 0.4595211 0.0307503 0.3036797
v 0.5036112 0.0548301 0.3436348
v 0.5036112 0.0548302 0.3086486
v 0.4688427 0.0586980 0.3093101
v 0.4688427 0.0586980 0.3442958
v 0.5036112 0.0548302 0.2606476
v 0.5065629 0.0255171 0.2548002
v 0.4595211 0.0307503 0.2556783
v 0.4688427 0.0586980 0.2613086
v 0.5065629 0.0255171 0.3012642
v 0.5065629 0.0255171 0.2548002
v 0.5036112 0.0548302 0.2606476
v 0.5036112 0.0548302 0.2956336
v 0.5065629 0.0255171 0.3012642
v 0.5036112 0.0548302 0.2956336
v 0.4688427 0.0586980 0.2962948
v 0.4595211 0.0307503 0.3021422
v 0.4688427 0.0586980 0.2962948
v 0.4688427 0.0586980 0.2613086
v 0.4595211 0.0307503 0.2556783
v 0.4595211 0.0307503 0.3021422
v 0.5065629 0.0255171 0.2548002
v 0.5065629 0.0255171 0.3012642
v 0.4595211 0.0307503 0.3021422
v 0.4595211 0.0307503 0.2556783
v 0.5036112 0.0548302 0.2956336
v 0.5036112 0.0548302 0.2606476
v 0.4688427 0.0586980 0.2613086
v 0.4688427 0.0586980 0.2962948
v 0.5036112 0.0548302 0.2126462
v 0.5065629 0.0255171 0.2067987
v 0.4595211 0.0307503 0.2076768
v 0.4688427 0.0586980 0.2133074
v 0.5065629 0.0255171 0.2532627
v 0.5065629 0.0255171 0.2067987
v 0.5036112 0.0548302 0.2126462
v 0.5036112 0.0548302 0.2476319
v 0.5065629 0.0255171 0.2532627
v 0.5036112 0.0548302 0.2476319
v 0.4688427 0.0586980 0.2482934
v 0.4595211 0.0307503 0.2541408
v 0.4688427 0.0586980 0.2482934
v 0.4688427 0.0586980 0.2133074
v 0.4595211 0.0307503 0.2076768
v 0.4595211 0.0307503 0.2541408
v 0.5065629 0.0255171 0.2067987
v 0.5065629 0.0255171 0.2532627
v 0.4595211 0.0307503 0.2541408
v 0.4595211 0.0307503 0.2076768
v 0.5036112 0.0548302 0.2476319
v 0.5036112 0.0548302 0.2126462
v 0.4688427 0.0586980 0.2133074
v 0.4688427 0.0586980 0.2482934
v 0.5036112 0.0548302 0.1646447
v 0.5065629 0.0255171 0.1587973
v 0.4595211 0.0307503 0.1596754
v 0.4688427 0.0586981 0.1653059
v 0.5065629 0.0255171 0.2052613
v 0.5065629 0.0255171 0.1587973
v 0.5036112 0.0548302 0.1646447
v 0.5036112 0.0548302 0.1996309
v 0.5065629 0.0255171 0.2052613
v 0.5036112 0.0548302 0.1996309
v 0.4688427 0.0586980 0.2002919
v 0.4595211 0.0307503 0.2061393
v 0.4688427 0.0586980 0.2002919
v 0.4688427 0.0586981 0.1653059
v 0.4595211 0.0307503 0.1596754
v 0.4595211 0.0307503 0.2061393
v 0.5065629 0.0255171 0.1587973
v 0.5065629 0.0255171 0.2052613
v 0.4595211 0.0307503 0.2061393
v 0.4595211 0.0307503 0.1596754
v 0.5036112 0.0548302 0.1996309
v 0.5036112 0.0548302 0.1646447
v 0.4688427 0.0586981 0.1653059
v 0.4688427 0.0586980 0.2002919
v 0.5036112 0.0548302 0.1166435
v 0.5065629 0.0255171 0.1107961
v 0.4595211 0.0307503 0.1116741
v 0.4688427 0.0586981 0.1173045
v 0.5065629 0.0255171 0.1572600
v 0.5065629 0.0255171 0.1107961
v 0.5036112 0.0548302 0.1166435
v 0.5036112 0.0548302 0.1516294
v 0.5065629 0.0255171 0.1572600
v 0.5036112 0.0548302 0.1516294
v 0.4688427 0.0586981 0.1522907
v 0.4595211 0.0307503 0.1581381
v 0.4688427 0.0586981 0.1522907
v 0.4688427 0.0586981 0.1173045
v 0.4595211 0.0307503 0.1116741
v 0.4595211 0.0307503 0.1581381
v 0.5065629 0.0255171 0.1107961
v 0.5065629 0.0255171 0.1572600
v 0.4595211 0.0307503 0.1581381
v 0.4595211 0.0307503 0.1116741
v 0.5036112 0.0548302 0.1516294
v 0.5036112 0.0548302 0.1166435
v 0.4688427 0.0586981 0.1173045
v 0.4688427 0.0586981 0.1522907
v 0.5036112 0.0548302 0.0686423
v 0.5065629 0.0255171 0.0627948
v 0.4595211 0.0307503 0.0636727
v 0.4688427 0.0586981 0.0693033
v 0.5065629 0.0255171 0.1092586
v 0.5065629 0.0255171 0.0627948
v 0.5036112 0.0548302 0.0686423
v 0.5036112 0.0548302 0.1036280
v 0.5065629 0.0255171 0.1092586
v 0.5036112 0.0548302 0.1036280
v 0.4688427 0.0586981 0.1042892
v 0.4595211 0.0307503 0.1101367
v 0.4688427 0.0586981 0.1042892
v 0.4688427 0.0586981 0.0693033
v 0.4595211 0.0307503 0.0636727
v 0.4595211 0.0307503 0.1101367
v 0.5065629 0.0255171 0.0627948
v 0.5065629 0.0255171 0.1092586
v 0.4595211 0.0307503 0.1101367
v 0.4595211 0.0307503 0.0636727
v 0.5036112 0.0548302 0.1036280
v 0.5036112 0.0548302 0.0686423
v 0.4688427 0.0586981 0.0693033
v 0.4688427 0.0586981 0.1042892
v 0.5036112 0.0548302 0.0206406
v 0.5065629 0.0255171 0.0147932
v 0.4595211 0.0307503 0.0156715
v 0.4688427 0.0586981 0.0213021
v 0.5065629 0.0255171 0.0612574
v 0.5065629 0.0255171 0.0147932
v 0.5036112 0.0548302 0.0206406
v 0.5036112 0.0548302 0.0556268
v 0.5065629 0.0255171 0.0612574
v 0.5036112 0.0548302 0.0556268
v 0.4688427 0.0586981 0.0562878
v 0.4595211 0.0307503 0.0621352
v 0.4688427 0.0586981 0.0562878
v 0.4688427 0.0586981 0.0213021
v 0.4595211 0.0307503 0.0156715
v 0.4595211 0.0307503 0.0621352
v 0.5065629 0.0255171 0.0147932
v 0.5065629 0.0255171 0.0612574
v 0.4595211 0.0307503 0.0621352
v 0.4595211 0.0307503 0.0156715
v 0.5036112 0.0548302 0.0556268
v 0.5036112 0.0548302 0.0206406
v 0.4688427 0.0586981 0.0213021
v 0.4688427 0.0586981 0.0562878
v 0.5036112 0.0548302 -0.0273606
v 0.5065629 0.0255171 -0.0332081
v 0.4595211 0.0307503 -0.0323298
v 0.4688427 0.0586981 -0.0266996
v 0.5065629 0.0255171 0.0132557
v 0.5065629 0.0255171 -0.0332081
v 0.5036112 0.0548302 -0.0273606
v 0.5036112 0.0548302 0.0076256
v 0.5065629 0.0255171 0.0132557
v 0.5036112 0.0548302 0.0076256
v 0.4688427 0.0586981 0.0082866
v 0.4595211 0.0307503 0.0141340
v 0.4688427 0.0586981 0.0082866
v 0.4688427 0.0586981 -0.0266996
v 0.4595211 0.0307503 -0.0323298
v 0.4595211 0.0307503 0.0141340
v 0.5065629 0.0255171 -0.0332081
v 0.5065629 0.0255171 0.0132557
v 0.4595211 0.0307503 0.0141340
v 0.4595211 0.0307503 -0.0323298
v 0.5036112 0.0548302 0.0076256
v 0.5036112 0.0548302 -0.0273606
v 0.4688427 0.0586981 -0.0266996
v 0.4688427 0.0586981 0.0082866
v 0.5036112 0.0548302 -0.0753619
v 0.5065629 0.0255171 -0.0812093
v 0.4595211 0.0307503 -0.0803314
v 0.4688427 0.0586981 -0.0747008
v 0.5065629 0.0255171 -0.0347455
v 0.5065629 0.0255171 -0.0812093
v 0.5036112 0.0548302 -0.0753619
v 0.5036112 0.0548302 -0.0403761
v 0.5065629 0.0255171 -0.0347455
v 0.5036112 0.0548302 -0.0403761
v 0.4688427 0.0586981 -0.0397147
v 0.4595211 0.0307503 -0.0338672
v 0.4688427 0.0586981 -0.0397147
v 0.4688427 0.0586981 -0.0747008
v 0.4595211 0.0307503 -0.0803314
v 0.4595211 0.0307503 -0.0338672
v 0.5065629 0.0255171 -0.0812093
v 0.5065629 0.0255171 -0.0347455
v 0.4595211 0.0307503 -0.0338672
v 0.4595211 0.0307503 -0.0803314
v 0.5036112 0.0548302 -0.0403761
v 0.5036112 0.0548302 -0.0753619
v 0.4688427 0.0586981 -0.0747008
v 0.4688427 0.0586981 -0.0397147
v 0.5036112 0.0548302 -0.1233635
v 0.5065629 0.0255171 -0.1292110
v 0.4595211 0.0307503 -0.1283327
v 0.4688427 0.0586981 -0.1227021
v 0.5065629 0.0255171 -0.0827468
v 0.5065629 0.0255171 -0.1292110
v 0.5036112 0.0548302 -0.1233635
v 0.5036112 0.0548302 -0.0883773
v 0.5065629 0.0255171 -0.0827468
v 0.5036112 0.0548302 -0.0883773
v 0.4688427 0.0586981 -0.0877163
v 0.4595211 0.0307503 -0.0818689
v 0.4688427 0.0586981 -0.0877163
v 0.4688427 0.0586981 -0.1227021
v 0.4595211 0.0307503 -0.1283327
v 0.4595211 0.0307503 -0.0818689
v 0.5065629 0.0255171 -0.1292110
v 0.5065629 0.0255171 -0.0827468
v 0.4595211 0.0307503 -0.0818689
v 0.4595211 0.0307503 -0.1283327
v 0.5036112 0.0548302 -0.0883773
v 0.5036112 0.0548302 -0.1233635
v 0.4688427 0.0586981 -0.1227021
v 0.4688427 0.0586981 -0.0877163
v 0.5036112 0.0548302 -0.1713648
v 0.5065629 0.0255171 -0.1772122
v 0.4595211 0.0307503 -0.1763343
v 0.4688427 0.0586981 -0.1707038
v 0.5065629 0.0255171 -0.1307484
v 0.5065629 0.0255171 -0.1772122
v 0.5036112 0.0548302 -0.1713648
v 0.5036112 0.0548302 -0.1363786
v 0.5065629 0.0255171 -0.1307484
v 0.5036112 0.0548302 -0.1363786
v 0.4688427 0.0586981 -0.1357176
v 0.4595211 0.0307503 -0.1298701
v 0.4688427 0.0586981 -0.1357176
v 0.4688427 0.0586981 -0.1707038
v 0.4595211 0.0307503 -0.1763343
v 0.4595211 0.0307503 -0.1298701
v 0.5065629 0.0255171 -0.1772122
v 0.5065629 0.0255171 -0.1307484
v 0.4595211 0.0307503 -0.1298701
v 0.4595211 0.0307503 -0.1763343
v 0.5036112 0.0548302 -0.1363786
v 0.5036112 0.0548302 -0.1713648
v 0.4688427 0.0586981 -0.1707038
v 0.4688427 0.0586981 -0.1357176
v 0.5036112 0.0548302 -0.2694368
v 0.5065629 0.0255172 -0.2833470
v 0.4595211 0.0307503 -0.2833470
v 0.4688427 0.0586981 -0.2694368
v 0.5065629 0.0255171 -0.1711629
v 0.5065629 0.0255172 -0.2833470
v 0.5036112 0.0548302 -0.2694368
v 0.5036112 0.0548302 -0.1849652
v 0.5065629 0.0255171 -0.1711629
v 0.5036112 0.0548302 -0.1849652
v 0.4688427 0.0586981 -0.1843042
v 0.4595211 0.0307503 -0.1702851
v 0.4688427 0.0586981 -0.1843042
v 0.4688427 0.0586981 -0.2694368
v 0.4595211 0.0307503 -0.2833470
v 0.4595211 0.0307503 -0.1702851
v 0.5065629 0.0255172 -0.2833470
v 0.5065629 0.0255171 -0.1711629
v 0.4595211 0.0307503 -0.1702851
v 0.4595211 0.0307503 -0.2833470
v 0.5036112 0.0548302 -0.1849652
v 0.5036112 0.0548302 -0.2694368
v 0.4688427 0.0586981 -0.2694368
v 0.4688427 0.0586981 -0.1843042
v 0.5511931 0.0495371 0.3732314
v 0.5541461 0.0202305 0.3597660
v 0.5071018 0.0254639 0.3605878
v 0.5164228 0.0534052 0.3738924
v 0.5541398 0.0201773 0.4972034
v 0.5541461 0.0202305 0.3597660
v 0.5511931 0.0495371 0.3732314
v 0.5511887 0.0494971 0.4838185
v 0.5541398 0.0201773 0.4972034
v 0.5511887 0.0494971 0.4838185
v 0.5164182 0.0533651 0.4838185
v 0.5070954 0.0254108 0.4972034
v 0.5164182 0.0533651 0.4838185
v 0.5164228 0.0534052 0.3738924
v 0.5071018 0.0254639 0.3605878
v 0.5070954 0.0254108 0.4972034
v 0.5541461 0.0202305 0.3597660
v 0.5541398 0.0201773 0.4972034
v 0.5070954 0.0254108 0.4972034
v 0.5071018 0.0254639 0.3605878
v 0.5511887 0.0494971 0.4838185
v 0.5511931 0.0495371 0.3732314
v 0.5164228 0.0534052 0.3738924
v 0.5164182 0.0533651 0.4838185
v 0.5511931 0.0495371 0.3252299
v 0.5541450 0.0202239 0.3193825
v 0.5071011 0.0254574 0.3202606
v 0.5164228 0.0534052 0.3258912
v 0.5541450 0.0202239 0.3658465
v 0.5541450 0.0202239 0.3193825
v 0.5511931 0.0495371 0.3252299
v 0.5511931 0.0495371 0.3602159
v 0.5541450 0.0202239 0.3658465
v 0.5511931 0.0495371 0.3602159
v 0.5164228 0.0534052 0.3608771
v 0.5071011 0.0254574 0.3667245
v 0.5164228 0.0534052 0.3608771
v 0.5164228 0.0534052 0.3258912
v 0.5071011 0.0254574 0.3202606
v 0.5071011 0.0254574 0.3667245
v 0.5541450 0.0202239 0.3193825
v 0.5541450 0.0202239 0.3658465
v 0.5071011 0.0254574 0.3667245
v 0.5071011 0.0254574 0.3202606
v 0.5511931 0.0495371 0.3602159
v 0.5511931 0.0495371 0.3252299
v 0.5164228 0.0534052 0.3258912
v 0.5164228 0.0534052 0.3608771
v 0.5511931 0.0495371 0.2772285
v 0.5541450 0.0202239 0.2713810
v 0.5071011 0.0254574 0.2722591
v 0.5164228 0.0534052 0.2778897
v 0.5541450 0.0202239 0.3178450
v 0.5541450 0.0202239 0.2713810
v 0.5511931 0.0495371 0.2772285
v 0.5511931 0.0495371 0.3122147
v 0.5541450 0.0202239 0.3178450
v 0.5511931 0.0495371 0.3122147
v 0.5164228 0.0534052 0.3128757
v 0.5071011 0.0254574 0.3187231
v 0.5164228 0.0534052 0.3128757
v 0.5164228 0.0534052 0.2778897
v 0.5071011 0.0254574 0.2722591
v 0.5071011 0.0254574 0.3187231
v 0.5541450 0.0202239 0.2713810
v 0.5541450 0.0202239 0.3178450
v 0.5071011 0.0254574 0.3187231
v 0.5071011 0.0254574 0.2722591
v 0.5511931 0.0495371 0.3122147
v 0.5511931 0.0495371 0.2772285
v 0.5164228 0.0534052 0.2778897
v 0.5164228 0.0534052 0.3128757
v 0.5511931 0.0495371 0.2292273
v 0.5541450 0.0202239 0.2233798
v 0.5071011 0.0254574 0.2242579
v 0.5164228 0.0534052 0.2298883
v 0.5541450 0.0202239 0.2698438
v 0.5541450 0.0202239 0.2233798
v 0.5511931 0.0495371 0.2292273
v 0.5511931 0.0495371 0.2642132
v 0.5541450 0.0202239 0.2698438
v 0.5511931 0.0495371 0.2642132
v 0.5164228 0.0534052 0.2648744
v 0.5071011 0.0254574 0.2707219
v 0.5164228 0.0534052 0.2648744
v 0.5164228 0.0534052 0.2298883
v 0.5071011 0.0254574 0.2242579
v 0.5071011 0.0254574 0.2707219
v 0.5541450 0.0202239 0.2233798
v 0.5541450 0.0202239 0.2698438
v 0.5071011 0.0254574 0.2707219
v 0.5071011 0.0254574 0.2242579
v 0.5511931 0.0495371 0.2642132
v 0.5511931 0.0495371 0.2292273
v 0.5164228 0.0534052 0.2298883
v 0.5164228 0.0534052 0.2648744
v 0.5511931 0.0495371 0.1812258
v 0.5541450 0.0202239 0.1753784
v 0.5071011 0.0254574 0.1762564
v 0.5164228 0.0534052 0.1818870
v 0.5541450 0.0202239 0.2218423
v 0.5541450 0.0202239 0.1753784
v 0.5511931 0.0495371 0.1812258
v 0.5511931 0.0495371 0.2162118
v 0.5541450 0.0202239 0.2218423
v 0.5511931 0.0495371 0.2162118
v 0.5164228 0.0534052 0.2168730
v 0.5071011 0.0254574 0.2227204
v 0.5164228 0.0534052 0.2168730
v 0.5164228 0.0534052 0.1818870
v 0.5071011 0.0254574 0.1762564
v 0.5071011 0.0254574 0.2227204
v 0.5541450 0.0202239 0.1753784
v 0.5541450 0.0202239 0.2218423
v 0.5071011 0.0254574 0.2227204
v 0.5071011 0.0254574 0.1762564
v 0.5511931 0.0495371 0.2162118
v 0.5511931 0.0495371 0.1812258
v 0.5164228 0.0534052 0.1818870
v 0.5164228 0.0534052 0.2168730
v 0.5511931 0.0495371 0.1332243
v 0.5541450 0.0202239 0.1273769
v 0.5071011 0.0254575 0.1282550
v 0.5164228 0.0534052 0.1338856
v 0.5541450 0.0202239 0.1738409
v 0.5541450 0.0202239 0.1273769
v 0.5511931 0.0495371 0.1332243
v 0.5511931 0.0495371 0.1682105
v 0.5541450 0.0202239 0.1738409
v 0.5511931 0.0495371 0.1682105
v 0.5164228 0.0534052 0.1688715
v 0.5071011 0.0254574 0.1747190
v 0.5164228 0.0534052 0.1688715
v 0.5164228 0.0534052 0.1338856
v 0.5071011 0.0254575 0.1282550
v 0.5071011 0.0254574 0.1747190
v 0.5541450 0.0202239 0.1273769
v 0.5541450 0.0202239 0.1738409
v 0.5071011 0.0254574 0.1747190
v 0.5071011 0.0254575 0.1282550
v 0.5511931 0.0495371 0.1682105
v 0.5511931 0.0495371 0.1332243
v 0.5164228 0.0534052 0.1338856
v 0.5164228 0.0534052 0.1688715
v 0.5511931 0.0495371 0.0852229
v 0.5541450 0.0202239 0.0793755
v 0.5071011 0.0254575 0.0802540
v 0.5164228 0.0534052 0.0858841
v 0.5541450 0.0202239 0.1258394
v 0.5541450 0.0202239 0.0793755
v 0.5511931 0.0495371 0.0852229
v 0.5511931 0.0495371 0.1202091
v 0.5541450 0.0202239 0.1258394
v 0.5511931 0.0495371 0.1202091
v 0.5164228 0.0534052 0.1208705
v 0.5071011 0.0254575 0.1267180
v 0.5164228 0.0534052 0.1208705
v 0.5164228 0.0534052 0.0858841
v 0.5071011 0.0254575 0.0802540
v 0.5071011 0.0254575 0.1267180
v 0.5541450 0.0202239 0.0793755
v 0.5541450 0.0202239 0.1258394
v 0.5071011 0.0254575 0.1267180
v 0.5071011 0.0254575 0.0802540
v 0.5511931 0.0495371 0.1202091
v 0.5511931 0.0495371 0.0852229
v 0.5164228 0.0534052 0.0858841
v 0.5164228 0.0534052 0.1208705
v 0.5511931 0.0495371 0.0372217
v 0.5541450 0.0202239 0.0313742
v 0.5071011 0.0254575 0.0322525
v 0.5164228 0.0534052 0.0378831
v 0.5541450 0.0202239 0.0778382
v 0.5541450 0.0202239 0.0313742
v 0.5511931 0.0495371 0.0372217
v 0.5511931 0.0495371 0.0722076
v 0.5541450 0.0202239 0.0778382
v 0.5511931 0.0495371 0.0722076
v 0.5164228 0.0534052 0.0728691
v 0.5071011 0.0254575 0.0787165
v 0.5164228 0.0534052 0.0728691
v 0.5164228 0.0534052 0.0378831
v 0.5071011 0.0254575 0.0322525
v 0.5071011 0.0254575 0.0787165
v 0.5541450 0.0202239 0.0313742
v 0.5541450 0.0202239 0.0778382
v 0.5071011 0.0254575 0.0787165
v 0.5071011 0.0254575 0.0322525
v 0.5511931 0.0495371 0.0722076
v 0.5511931 0.0495371 0.0372217
v 0.5164228 0.0534052 0.0378831
v 0.5164228 0.0534052 0.0728691
v 0.5511931 0.0495371 -0.0107795
v 0.5541450 0.0202239 -0.0166270
v 0.5071011 0.0254575 -0.0157491
v 0.5164228 0.0534052 -0.0101185
v 0.5541450 0.0202239 0.0298368
v 0.5541450 0.0202239 -0.0166270
v 0.5511931 0.0495371 -0.0107795
v 0.5511931 0.0495371 0.0242062
v 0.5541450 0.0202239 0.0298368
v 0.5511931 0.0495371 0.0242062
v 0.5164228 0.0534052 0.0248676
v 0.5071011 0.0254575 0.0307151
v 0.5164228 0.0534052 0.0248676
v 0.5164228 0.0534052 -0.0101185
v 0.5071011 0.0254575 -0.0157491
v 0.5071011 0.0254575 0.0307151
v 0.5541450 0.0202239 -0.0166270
v 0.5541450 0.0202239 0.0298368
v 0.5071011 0.0254575 0.0307151
v 0.5071011 0.0254575 -0.0157491
v 0.5511931 0.0495371 0.0242062
v 0.5511931 0.0495371 -0.0107795
v 0.5164228 0.0534052 -0.0101185
v 0.5164228 0.0534052 0.0248676
v 0.5511931 0.0495371 -0.0587812
v 0.5541450 0.0202239 -0.0646287
v 0.5071011 0.0254575 -0.0637504
v 0.5164228 0.0534052 -0.0581198
v 0.5541450 0.0202239 -0.0181645
v 0.5541450 0.0202239 -0.0646287
v 0.5511931 0.0495371 -0.0587812
v 0.5511931 0.0495371 -0.0237950
v 0.5541450 0.0202239 -0.0181645
v 0.5511931 0.0495371 -0.0237950
v 0.5164228 0.0534052 -0.0231340
v 0.5071011 0.0254575 -0.0172866
v 0.5164228 0.0534052 -0.0231340
v 0.5164228 0.0534052 -0.0581198
v 0.5071011 0.0254575 -0.0637504
v 0.5071011 0.0254575 -0.0172866
v 0.5541450 0.0202239 -0.0646287
v 0.5541450 0.0202239 -0.0181645
v 0.5071011 0.0254575 -0.0172866
v 0.5071011 0.0254575 -0.0637504
v 0.5511931 0.0495371 -0.0237950
v 0.5511931 0.0495371 -0.0587812
v 0.5164228 0.0534052 -0.0581198
v 0.5164228 0.0534052 -0.0231340
v 0.5511931 0.0495371 -0.1067824
v 0.5541450 0.0202239 -0.1126299
v 0.5071011 0.0254575 -0.1117516
v 0.5164228 0.0534052 -0.1061214
v 0.5541450 0.0202239 -0.0661661
v 0.5541450 0.0202239 -0.1126299
v 0.5511931 0.0495371 -0.1067824
v 0.5511931 0.0495371 -0.0717963
v 0.5541450 0.0202239 -0.0661661
v 0.5511931 0.0495371 -0.0717963
v 0.5164228 0.0534052 -0.0711353
v 0.5071011 0.0254575 -0.0652874
v 0.5164228 0.0534052 -0.0711353
v 0.5164228 0.0534052 -0.1061214
v 0.5071011 0.0254575 -0.1117516
v 0.5071011 0.0254575 -0.0652874
v 0.5541450 0.0202239 -0.1126299
v 0.5541450 0.0202239 -0.0661661
v 0.5071011 0.0254575 -0.0652874
v 0.5071011 0.0254575 -0.1117516
v 0.5511931 0.0495371 -0.0717963
v 0.5511931 0.0495371 -0.1067824
v 0.5164228 0.0534052 -0.1061214
v 0.5164228 0.0534052 -0.0711353
v 0.5511931 0.0495371 -0.1547837
v 0.5541450 0.0202240 -0.1606311
v 0.5071011 0.0254575 -0.1597533
v 0.5164228 0.0534052 -0.1541227
v 0.5541450 0.0202239 -0.1141674
v 0.5541450 0.0202240 -0.1606311
v 0.5511931 0.0495371 -0.1547837
v 0.5511931 0.0495371 -0.1197979
v 0.5541450 0.0202239 -0.1141674
v 0.5511931 0.0495371 -0.1197979
v 0.5164228 0.0534052 -0.1191365
v 0.5071011 0.0254575 -0.1132891
v 0.5164228 0.0534052 -0.1191365
v 0.5164228 0.0534052 -0.1541227
v 0.5071011 0.0254575 -0.1597533
v 0.5071011 0.0254575 -0.1132891
v 0.5541450 0.0202240 -0.1606311
v 0.5541450 0.0202239 -0.1141674
v 0.5071011 0.0254575 -0.1132891
v 0.5071011 0.0254575 -0.1597533
v 0.5511931 0.0495371 -0.1197979
v 0.5511931 0.0495371 -0.1547837
v 0.5164228 0.0534052 -0.1541227
v 0.5164228 0.0534052 -0.1191365
v 0.5511931 0.0495372 -0.2694368
v 0.5531988 0.0203292 -0.2814623
v 0.5080466 0.0253522 -0.2814623
v 0.5164228 0.0534052 -0.2694368
v 0.5531988 0.0203292 -0.1572769
v 0.5531988 0.0203292 -0.2814623
v 0.5511931 0.0495372 -0.2694368
v 0.5511931 0.0495371 -0.1692915
v 0.5531988 0.0203292 -0.1572769
v 0.5511931 0.0495371 -0.1692915
v 0.5164228 0.0534052 -0.1691991
v 0.5080466 0.0253522 -0.1571626
v 0.5164228 0.0534052 -0.1691991
v 0.5164228 0.0534052 -0.2694368
v 0.5080466 0.0253522 -0.2814623
v 0.5080466 0.0253522 -0.1571626
v 0.5531988 0.0203292 -0.2814623
v 0.5531988 0.0203292 -0.1572769
v 0.5080466 0.0253522 -0.1571626
v 0.5080466 0.0253522 -0.2814623
v 0.5511931 0.0495371 -0.1692915
v 0.5511931 0.0495372 -0.2694368
v 0.5164228 0.0534052 -0.2694368
v 0.5164228 0.0534052 -0.1691991
v 0.3542851 0.0714422 0.4493557
v 0.3541682 0.0424704 0.4436376
v 0.3306478 0.0450870 0.4444544
v 0.3369009 0.0733761 0.4499707
v 0.3542851 0.0714422 0.4493557
v 0.3542851 0.0714422 0.4839301
v 0.3541682 0.0424704 0.4895547
v 0.3541682 0.0424704 0.4436376
v 0.3541682 0.0424704 0.4895547
v 0.3542851 0.0714422 0.4839301
v 0.3369009 0.0733761 0.4838841
v 0.3306478 0.0450870 0.4894937
v 0.3369009 0.0733761 0.4838841
v 0.3369009 0.0733761 0.4499707
v 0.3306478 0.0450870 0.4444544
v 0.3306478 0.0450870 0.4894937
v 0.3541682 0.0424704 0.4436376
v 0.3541682 0.0424704 0.4895547
v 0.3306478 0.0450870 0.4894937
v 0.3306478 0.0450870 0.4444544
v 0.3542851 0.0714422 0.4839301
v 0.3542851 0.0714422 0.4493557
v 0.3369009 0.0733761 0.4499707
v 0.3369009 0.0733761 0.4838841
v 0.3542851 0.0714422 0.4013545
v 0.3541682 0.0424704 0.3955146
v 0.3306478 0.0450870 0.3963318
v 0.3369009 0.0733761 0.4019699
v 0.3542851 0.0714422 0.4013545
v 0.3542851 0.0714422 0.4363404
v 0.3541682 0.0424704 0.4419783
v 0.3541682 0.0424704 0.3955146
v 0.3541682 0.0424704 0.4419783
v 0.3542851 0.0714422 0.4363404
v 0.3369009 0.0733761 0.4369557
v 0.3306478 0.0450870 0.4427953
v 0.3369009 0.0733761 0.4369557
v 0.3369009 0.0733761 0.4019699
v 0.3306478 0.0450870 0.3963318
v 0.3306478 0.0450870 0.4427953
v 0.3541682 0.0424704 0.3955146
v 0.3541682 0.0424704 0.4419783
v 0.3306478 0.0450870 0.4427953
v 0.3306478 0.0450870 0.3963318
v 0.3542851 0.0714422 0.4363404
v 0.3542851 0.0714422 0.4013545
v 0.3369009 0.0733761 0.4019699
v 0.3369009 0.0733761 0.4369557
v 0.3542851 0.0714422 0.3533533
v 0.3541682 0.0424704 0.3475136
v 0.3306478 0.0450870 0.3483304
v 0.3369009 0.0733761 0.3539685
v 0.3542851 0.0714422 0.3533533
v 0.3542851 0.0714422 0.3883392
v 0.3541682 0.0424704 0.3939771
v 0.3541682 0.0424704 0.3475136
v 0.3541682 0.0424704 0.3939771
v 0.3542851 0.0714422 0.3883392
v 0.3369009 0.0733761 0.3889542
v 0.3306478 0.0450870 0.3947943
v 0.3369009 0.0733761 0.3889542
v 0.3369009 0.0733761 0.3539685
v 0.3306478 0.0450870 0.3483304
v 0.3306478 0.0450870 0.3947943
v 0.3541682 0.0424704 0.3475136
v 0.3541682 0.0424704 0.3939771
v 0.3306478 0.0450870 0.3947943
v 0.3306478 0.0450870 0.3483304
v 0.3542851 0.0714422 0.3883392
v 0.3542851 0.0714422 0.3533533
v 0.3369009 0.0733761 0.3539685
v 0.3369009 0.0733761 0.3889542
v 0.3542851 0.0714422 0.3053520
v 0.3541682 0.0424704 0.2995123
v 0.3306478 0.0450870 0.3003291
v 0.3369009 0.0733761 0.3059673
v 0.3542851 0.0714422 0.3053520
v 0.3542851 0.0714422 0.3403380
v 0.3541682 0.0424704 0.3459761
v 0.3541682 0.0424704 0.2995123
v 0.3541682 0.0424704 0.3459761
v 0.3542851 0.0714422 0.3403380
v 0.3369009 0.0733761 0.3409532
v 0.3306478 0.0450870 0.3467929
v 0.3369009 0.0733761 0.3409532
v 0.3369009 0.0733761 0.3059673
v 0.3306478 0.0450870 0.3003291
v 0.3306478 0.0450870 0.3467929
v 0.3541682 0.0424704 0.2995123
v 0.3541682 0.0424704 0.3459761
v 0.3306478 0.0450870 0.3467929
v 0.3306478 0.0450870 0.3003291
v 0.3542851 0.0714422 0.3403380
v 0.3542851 0.0714422 0.3053520
v 0.3369009 0.0733761 0.3059673
v 0.3369009 0.0733761 0.3409532
v 0.3542851 0.0714422 0.2573510
v 0.3541682 0.0424704 0.2515109
v 0.3306478 0.0450870 0.2523282
v 0.3369009 0.0733761 0.2579660
v 0.3542851 0.0714422 0.2573510
v 0.3542851 0.0714422 0.2923370
v 0.3541682 0.0424704 0.2979749
v 0.3541682 0.0424704 0.2515109
v 0.3541682 0.0424704 0.2979749
v 0.3542851 0.0714422 0.2923370
v 0.3369009 0.0733761 0.2929520
v 0.3306478 0.0450870 0.2987917
v 0.3369009 0.0733761 0.2929520
v 0.3369009 0.0733761 0.2579660
v 0.3306478 0.0450870 0.2523282
v 0.3306478 0.0450870 0.2987917
v 0.3541682 0.0424704 0.2515109
v 0.3541682 0.0424704 0.2979749
v 0.3306478 0.0450870 0.2987917
v 0.3306478 0.0450870 0.2523282
v 0.3542851 0.0714422 0.2923370
v 0.3542851 0.0714422 0.2573510
v 0.3369009 0.0733761 0.2579660
v 0.3369009 0.0733761 0.2929520
v 0.3542851 0.0714422 0.2093498
v 0.3541682 0.0424704 0.2035099
v 0.3306478 0.0450871 0.2043269
v 0.3369009 0.0733761 0.2099650
v 0.3542851 0.0714422 0.2093498
v 0.3542851 0.0714422 0.2443358
v 0.3541682 0.0424704 0.2499739
v 0.3541682 0.0424704 0.2035099
v 0.3541682 0.0424704 0.2499739
v 0.3542851 0.0714422 0.2443358
v 0.3369009 0.0733761 0.2449508
v 0.3306478 0.0450870 0.2507907
v 0.3369009 0.0733761 0.2449508
v 0.3369009 0.0733761 0.2099650
v 0.3306478 0.0450871 0.2043269
v 0.3306478 0.0450870 0.2507907
v 0.3541682 0.0424704 0.2035099
v 0.3541682 0.0424704 0.2499739
v 0.3306478 0.0450870 0.2507907
v 0.3306478 0.0450871 0.2043269
v 0.3542851 0.0714422 0.2443358
v 0.3542851 0.0714422 0.2093498
v 0.3369009 0.0733761 0.2099650
v 0.3369009 0.0733761 0.2449508
v 0.3542851 0.0714422 0.1613484
v 0.3541682 0.0424705 0.1555087
v 0.3306478 0.0450871 0.1563255
v 0.3369009 0.0733761 0.1619638
v 0.3542851 0.0714422 0.1613484
v 0.3542851 0.0714422 0.1963345
v 0.3541682 0.0424704 0.2019727
v 0.3541682 0.0424705 0.1555087
v 0.3541682 0.0424704 0.2019727
v 0.3542851 0.0714422 0.1963345
v 0.3369009 0.0733761 0.1969498
v 0.3306478 0.0450871 0.2027895
v 0.3369009 0.0733761 0.1969498
v 0.3369009 0.0733761 0.1619638
v 0.3306478 0.0450871 0.1563255
v 0.3306478 0.0450871 0.2027895
v 0.3541682 0.0424705 0.1555087
v 0.3541682 0.0424704 0.2019727
v 0.3306478 0.0450871 0.2027895
v 0.3306478 0.0450871 0.1563255
v 0.3542851 0.0714422 0.1963345
v 0.3542851 0.0714422 0.1613484
v 0.3369009 0.0733761 0.1619638
v 0.3369009 0.0733761 0.1969498
v 0.3542851 0.0714422 0.1133474
v 0.3541682 0.0424704 0.1075075
v 0.3306478 0.0450871 0.1083245
v 0.3369009 0.0733761 0.1139624
v 0.3542851 0.0714422 0.1133474
v 0.3542851 0.0714422 0.1483331
v 0.3541682 0.0424705 0.1539712
v 0.3541682 0.0424704 0.1075075
v 0.3541682 0.0424705 0.1539712
v 0.3542851 0.0714422 0.1483331
v 0.3369009 0.0733761 0.1489483
v 0.3306478 0.0450871 0.1547885
v 0.3369009 0.0733761 0.1489483
v 0.3369009 0.0733761 0.1139624
v 0.3306478 0.0450871 0.1083245
v 0.3306478 0.0450871 0.1547885
v 0.3541682 0.0424704 0.1075075
v 0.3541682 0.0424705 0.1539712
v 0.3306478 0.0450871 0.1547885
v 0.3306478 0.0450871 0.1083245
v 0.3542851 0.0714422 0.1483331
v 0.3542851 0.0714422 0.1133474
v 0.3369009 0.0733761 0.1139624
v 0.3369009 0.0733761 0.1489483
v 0.3542851 0.0714422 0.0653464
v 0.3541682 0.0424704 0.0595062
v 0.3306478 0.0450871 0.0603235
v 0.3369009 0.0733761 0.0659614
v 0.3542851 0.0714422 0.0653464
v 0.3542851 0.0714422 0.1003321
v 0.3541682 0.0424704 0.1059700
v 0.3541682 0.0424704 0.0595062
v 0.3541682 0.0424704 0.1059700
v 0.3542851 0.0714422 0.1003321
v 0.3369009 0.0733761 0.1009471
v 0.3306478 0.0450871 0.1067872
v 0.3369009 0.0733761 0.1009471
v 0.3369009 0.0733761 0.0659614
v 0.3306478 0.0450871 0.0603235
v 0.3306478 0.0450871 0.1067872
v 0.3541682 0.0424704 0.0595062
v 0.3541682 0.0424704 0.1059700
v 0.3306478 0.0450871 0.1067872
v 0.3306478 0.0450871 0.0603235
v 0.3542851 0.0714422 0.1003321
v 0.3542851 0.0714422 0.0653464
v 0.3369009 0.0733761 0.0659614
v 0.3369009 0.0733761 0.1009471
v 0.3542851 0.0714422 0.0173452
v 0.3541682 0.0424704 0.0115055
v 0.3306478 0.0450871 0.0123223
v 0.3369009 0.0733761 0.0179601
v 0.3542851 0.0714422 0.0173452
v 0.3542851 0.0714422 0.0523309
v 0.3541682 0.0424704 0.0579688
v 0.3541682 0.0424704 0.0115055
v 0.3541682 0.0424704 0.0579688
v 0.3542851 0.0714422 0.0523309
v 0.3369009 0.0733761 0.0529459
v 0.3306478 0.0450871 0.0587860
v 0.3369009 0.0733761 0.0529459
v 0.3369009 0.0733761 0.0179601
v 0.3306478 0.0450871 0.0123223
v 0.3306478 0.0450871 0.0587860
v 0.3541682 0.0424704 0.0115055
v 0.3541682 0.0424704 0.0579688
v 0.3306478 0.0450871 0.0587860
v 0.3306478 0.0450871 0.0123223
v 0.3542851 0.0714422 0.0523309
v 0.3542851 0.0714422 0.0173452
v 0.3369009 0.0733761 0.0179601
v 0.3369009 0.0733761 0.0529459
v 0.3542851 0.0714422 -0.0306561
v 0.3541682 0.0424704 -0.0364962
v 0.3306478 0.0450871 -0.0356790
v 0.3369009 0.0733761 -0.0300411
v 0.3542851 0.0714422 -0.0306561
v 0.3542851 0.0714422 0.0043297
v 0.3541682 0.0424704 0.0099680
v 0.3541682 0.0424704 -0.0364962
v 0.3541682 0.0424704 0.0099680
v 0.3542851 0.0714422 0.0043297
v 0.3369009 0.0733761 0.0049451
v 0.3306478 0.0450871 0.0107848
v 0.3369009 0.0733761 0.0049451
v 0.3369009 0.0733761 -0.0300411
v 0.3306478 0.0450871 -0.0356790
v 0.3306478 0.0450871 0.0107848
v 0.3541682 0.0424704 -0.0364962
v 0.3541682 0.0424704 0.0099680
v 0.3306478 0.0450871 0.0107848
v 0.3306478 0.0450871 -0.0356790
v 0.3542851 0.0714422 0.0043297
v 0.3542851 0.0714422 -0.0306561
v 0.3369009 0.0733761 -0.0300411
v 0.3369009 0.0733761 0.0049451
v 0.3542851 0.0714422 -0.0786578
v 0.3541682 0.0424704 -0.0844974
v 0.3306478 0.0450871 -0.0836806
v 0.3369009 0.0733761 -0.0780423
v 0.3542851 0.0714422 -0.0786578
v 0.3542851 0.0714422 -0.0436716
v 0.3541682 0.0424704 -0.0380337
v 0.3541682 0.0424704 -0.0844974
v 0.3541682 0.0424704 -0.0380337
v 0.3542851 0.0714422 -0.0436716
v 0.3369009 0.0733761 -0.0430566
v 0.3306478 0.0450871 -0.0372164
v 0.3369009 0.0733761 -0.0430566
v 0.3369009 0.0733761 -0.0780423
v 0.3306478 0.0450871 -0.0836806
v 0.3306478 0.0450871 -0.0372164
v 0.3541682 0.0424704 -0.0844974
v 0.3541682 0.0424704 -0.0380337
v 0.3306478 0.0450871 -0.0372164
v 0.3306478 0.0450871 -0.0836806
v 0.3542851 0.0714422 -0.0436716
v 0.3542851 0.0714422 -0.0786578
v 0.3369009 0.0733761 -0.0780423
v 0.3369009 0.0733761 -0.0430566
v 0.3542851 0.0714423 -0.1266585
v 0.3541682 0.0424704 -0.1324987
v 0.3306478 0.0450871 -0.1316814
v 0.3369009 0.0733762 -0.1260435
v 0.3542851 0.0714423 -0.1266585
v 0.3542851 0.0714422 -0.0916728
v 0.3541682 0.0424704 -0.0860349
v 0.3541682 0.0424704 -0.1324987
v 0.3541682 0.0424704 -0.0860349
v 0.3542851 0.0714422 -0.0916728
v 0.3369009 0.0733762 -0.0910578
v 0.3306478 0.0450871 -0.0852177
v 0.3369009 0.0733762 -0.0910578
v 0.3369009 0.0733762 -0.1260435
v 0.3306478 0.0450871 -0.1316814
v 0.3306478 0.0450871 -0.0852177
v 0.3541682 0.0424704 -0.1324987
v 0.3541682 0.0424704 -0.0860349
v 0.3306478 0.0450871 -0.0852177
v 0.3306478 0.0450871 -0.1316814
v 0.3542851 0.0714422 -0.0916728
v 0.3542851 0.0714423 -0.1266585
v 0.3369009 0.0733762 -0.1260435
v 0.3369009 0.0733762 -0.0910578
v 0.3542851 0.0714423 -0.1746597
v 0.3536956 0.0425231 -0.1799746
v 0.3311204 0.0450345 -0.1791761
v 0.3369009 0.0733762 -0.1740447
v 0.3542851 0.0714423 -0.1746597
v 0.3542851 0.0714423 -0.1396740
v 0.3536956 0.0425231 -0.1345432
v 0.3536956 0.0425231 -0.1799746
v 0.3536956 0.0425231 -0.1345432
v 0.3542851 0.0714423 -0.1396740
v 0.3369009 0.0733762 -0.1390586
v 0.3311204 0.0450345 -0.1337441
v 0.3369009 0.0733762 -0.1390586
v 0.3369009 0.0733762 -0.1740447
v 0.3311204 0.0450345 -0.1791761
v 0.3311204 0.0450345 -0.1337441
v 0.3536956 0.0425231 -0.1799746
v 0.3536956 0.0425231 -0.1345432
v 0.3311204 0.0450345 -0.1337441
v 0.3311204 0.0450345 -0.1791761
v 0.3542851 0.0714423 -0.1396740
v 0.3542851 0.0714423 -0.1746597
v 0.3369009 0.0733762 -0.1740447
v 0.3369009 0.0733762 -0.1390586
v 0.3542851 0.0714423 -0.2694368
v 0.3536956 0.0425231 -0.2753680
v 0.3311204 0.0450345 -0.2753685
v 0.3369009 0.0733762 -0.2694368
v 0.3542851 0.0714423 -0.2694368
v 0.3542851 0.0714423 -0.2298687
v 0.3536956 0.0425231 -0.2239866
v 0.3536956 0.0425231 -0.2753680
v 0.3536956 0.0425231 -0.2239866
v 0.3542851 0.0714423 -0.2298687
v 0.3369009 0.0733762 -0.2295379
v 0.3311204 0.0450345 -0.2235575
v 0.3369009 0.0733762 -0.2295379
v 0.3369009 0.0733762 -0.2694368
v 0.3311204 0.0450345 -0.2753685
v 0.3311204 0.0450345 -0.2235575
v 0.3536956 0.0425231 -0.2753680
v 0.3536956 0.0425231 -0.2239866
v 0.3311204 0.0450345 -0.2235575
v 0.3311204 0.0450345 -0.2753685
v 0.3542851 0.0714423 -0.2298687
v 0.3542851 0.0714423 -0.2694368
v 0.3369009 0.0733762 -0.2694368
v 0.3369009 0.0733762 -0.2295379
v 0.3542851 0.0714423 -0.2222765
v 0.3536956 0.0425231 -0.2283193
v 0.3311204 0.0450345 -0.2283193
v 0.3369009 0.0733762 -0.2222765
v 0.3542851 0.0714423 -0.2222765
v 0.3542851 0.0714423 -0.1819631
v 0.3536956 0.0425231 -0.1759694
v 0.3536956 0.0425231 -0.2283193
v 0.3536956 0.0425231 -0.1759694
v 0.3542851 0.0714423 -0.1819631
v 0.3369009 0.0733762 -0.1816324
v 0.3311204 0.0450345 -0.1755399
v 0.3369009 0.0733762 -0.1816324
v 0.3369009 0.0733762 -0.2222765
v 0.3311204 0.0450345 -0.2283193
v 0.3311204 0.0450345 -0.1755399
v 0.3536956 0.0425231 -0.2283193
v 0.3536956 0.0425231 -0.1759694
v 0.3311204 0.0450345 -0.1755399
v 0.3311204 0.0450345 -0.2283193
v 0.3542851 0.0714423 -0.1819631
v 0.3542851 0.0714423 -0.2222765
v 0.3369009 0.0733762 -0.2222765
v 0.3369009 0.0733762 -0.1816324
v 0.5742170 0.0000000 0.4691803
v 0.5742170 0.0075313 0.4691803
v 0.5742170 0.0075313 0.4351660
v 0.5742170 0.0000000 0.4351660
v 0.5742170 0.0000000 0.4351660
v 0.5742170 0.0075313 0.4351660
v 0.6082310 0.0075313 0.4351660
v 0.6082310 0.0000000 0.4351660
v 0.6082310 0.0000000 0.4351660
v 0.6082310 0.0075313 0.4351660
v 0.6082310 0.0075313 0.4691803
v 0.6082310 0.0000000 0.4691803
v 0.6082310 0.0000000 0.4691803
v 0.6082310 0.0075313 0.4691803
v 0.5742170 0.0075313 0.4691803
v 0.5742170 0.0000000 0.4691803
v 0.5742170 0.0000000 0.4351660
v 0.6082310 0.0000000 0.4351660
v 0.6082310 0.0000000 0.4691803
v 0.5742170 0.0000000 0.4691803
v 0.6082310 0.0075313 0.4351660
v 0.5742170 0.0075313 0.4351660
v 0.5742170 0.0075313 0.4691803
v 0.6082310 0.0075313 0.4691803
v 0.3521205 0.0000000 0.4691803
v 0.3521205 0.0000000 0.4351660
v 0.3521205 0.0075313 0.4351660
v 0.3521205 0.0075313 0.4691803
v 0.3521205 0.0000000 0.4351660
v 0.3181065 0.0000000 0.4351660
v 0.3181065 0.0075313 0.4351660
v 0.3521205 0.0075313 0.4351660
v 0.3181065 0.0000000 0.4351660
v 0.3181065 0.0000000 0.4691803
v 0.3181065 0.0075313 0.4691803
v 0.3181065 0.0075313 0.4351660
v 0.3181065 0.0000000 0.4691803
v 0.3521205 0.0000000 0.4691803
v 0.3521205 0.0075313 0.4691803
v 0.3181065 0.0075313 0.4691803
v 0.3521205 0.0000000 0.4351660
v 0.3521205 0.0000000 0.4691803
v 0.3181065 0.0000000 0.4691803
v 0.3181065 0.0000000 0.4351660
v 0.3181065 0.0075313 0.4351660
v 0.3181065 0.0075313 0.4691803
v 0.3521205 0.0075313 0.4691803
v 0.3521205 0.0075313 0.4351660
v 0.5742170 0.0000001 -0.2690158
v 0.5742170 0.0000001 -0.2350013
v 0.5742170 0.0075314 -0.2350013
v 0.5742170 0.0075315 -0.2690158
v 0.5742170 0.0000001 -0.2350013
v 0.6082310 0.0000001 -0.2350013
v 0.6082310 0.0075314 -0.2350013
v 0.5742170 0.0075314 -0.2350013
v 0.6082310 0.0000001 -0.2350013
v 0.6082310 0.0000001 -0.2690158
v 0.6082310 0.0075315 -0.2690158
v 0.6082310 0.0075314 -0.2350013
v 0.6082310 0.0000001 -0.2690158
v 0.5742170 0.0000001 -0.2690158
v 0.5742170 0.0075315 -0.2690158
v 0.6082310 0.0075315 -0.2690158
v 0.5742170 0.0000001 -0.2350013
v 0.5742170 0.0000001 -0.2690158
v 0.6082310 0.0000001 -0.2690158
v 0.6082310 0.0000001 -0.2350013
v 0.6082310 0.0075314 -0.2350013
v 0.6082310 0.0075315 -0.2690158
v 0.5742170 0.0075315 -0.2690158
v 0.5742170 0.0075314 -0.2350013
v 0.3521205 0.0000001 -0.2690158
v 0.3521205 0.0075315 -0.2690158
v 0.3521205 0.0075314 -0.2350013
v 0.3521205 0.0000001 -0.2350013
v 0.3521205 0.0000001 -0.2350013
v 0.3521205 0.0075314 -0.2350013
v 0.3181065 0.0075314 -0.2350013
v 0.3181065 0.0000001 -0.2350013
v 0.3181065 0.0000001 -0.2350013
v 0.3181065 0.0075314 -0.2350013
v 0.3181065 0.0075315 -0.2690158
v 0.3181065 0.0000001 -0.2690158
v 0.3181065 0.0000001 -0.2690158
v 0.3181065 0.0075315 -0.2690158
v 0.3521205 0.0075315 -0.2690158
v 0.3521205 0.0000001 -0.2690158
v 0.3521205 0.0000001 -0.2350013
v 0.3181065 0.0000001 -0.2350013
v 0.3181065 0.0000001 -0.2690158
v 0.3521205 0.0000001 -0.2690158
v 0.3181065 0.0075314 -0.2350013
v 0.3521205 0.0075314 -0.2350013
v 0.3521205 0.0075315 -0.2690158
v 0.3181065 0.0075315 -0.2690158
vt 0.6125699 0.2609532
vt 0.5585933 0.6506271
vt 0.6197100 0.5207067
vt 0.5693548 0.6557475
vt 0.2612987 0.0015615
vt 0.0015615 0.6455066
vt 0.5619959 0.6506271
vt 0.5182340 0.0066821
vt 0.8602893 0.1113654
vt 0.0021576 0.9627329
vt 0.0369060 0.8606527
vt 0.0253172 0.9921176
vt 0.0916049 0.8268243
vt 0.9622188 0.9707421
vt 0.8612520 0.0682941
vt 0.7896358 0.8669232
vt 0.8380923 0.0354576
vt 0.0600656 0.9283746
vt 0.7771137 0.4888383
vt 0.4390438 0.9938695
vt 0.4617775 0.8593072
vt 0.7633533 0.8669258
vt 0.4649003 0.8613243
vt 0.7432992 0.8657323
vt 0.7771136 0.4524162
vt 0.9629225 0.2953905
vt 0.5143424 0.8593072
vt 0.4649006 0.9308312
vt 0.0021578 0.8616862
vt 0.7170166 0.8657324
vt 0.6068850 0.7451254
vt 0.0631883 0.9911001
vt 0.4184208 0.8596742
vt 0.5266997 0.8690112
vt 0.8422006 0.7609814
vt 0.3871689 0.8680286
vt 0.6907337 0.7462112
vt 0.3902985 0.9942363
vt 0.6228329 0.0015615
vt 0.6491157 0.4876151
vt 0.1225592 0.7472612
vt 0.6459926 0.4774896
vt 0.6583335 0.2048566
vt 0.0369058 0.7551060
vt 0.8653603 0.7241108
vt 0.3377267 0.8698134
vt 0.8422006 0.8316791
vt 0.8703251 0.5570290
vt 0.6544579 0.2286212
vt 0.0323692 0.9931980
vt 0.8653603 0.7948022
vt 0.8471676 0.5941626
vt 0.8422006 0.8665326
vt 0.8731839 0.3856680
vt 0.6544577 0.4907381
vt 0.4698632 0.9938696
vt 0.6900360 0.2577127
vt 0.5984200 0.9222012
vt 0.7117816 0.2345530
vt 0.9520314 0.3853251
vt 0.1611842 0.8140239
vt 0.5534860 0.8990369
vt 0.7352936 0.2577127
vt 0.9520314 0.3927034
vt 0.7570393 0.2345530
vt 0.6822689 0.9513649
vt 0.6362907 0.8199606
vt 0.1629507 0.9111355
vt 0.7805512 0.2577127
vt 0.3346038 0.7019695
vt 0.7802368 0.4272095
vt 0.5761418 0.6904357
vt 0.3726323 0.6876826
vt 0.6362907 0.8841420
vt 0.8031228 0.2577127
vt 0.6331678 0.9263114
vt 0.8028654 0.4272095
vt 0.9573203 0.1927738
vt 0.5529823 0.8363066
vt 0.6362908 0.9158939
vt 0.8349692 0.0329103
vt 0.2270266 0.9508277
vt 0.3640091 0.8350598
vt 0.9597992 0.2942078
vt 0.7814417 0.0816520
vt 0.9691768 0.4852819
vt 0.3608861 0.8330116
vt 0.4911830 0.9308311
vt 0.3114443 0.8390461
vt 0.8731836 0.4204215
vt 0.2501863 0.7434388
vt 0.9604431 0.1913980
vt 0.8390775 0.7594221
vt 0.3114443 0.8737995
vt 0.8159181 0.7261242
vt 0.3077202 0.8734919
vt 0.7254820 0.7292589
vt 0.9604431 0.1596165
vt 0.8390776 0.7947710
vt 0.2582783 0.8752769
vt 0.8159181 0.8321680
vt 0.8784724 0.2290499
vt 0.7680539 0.3558102
vt 0.9522957 0.5553106
vt 0.3077202 0.8384752
vt 0.8553131 0.1601481
vt 0.2582783 0.8405234
vt 0.8784724 0.1931168
vt 0.3077205 0.7370226
vt 0.9604431 0.2291235
vt 0.8440424 0.5567622
vt 0.8577923 0.3316456
vt 0.8208851 0.5947497
vt 0.8809517 0.2951075
vt 0.2154381 0.7440341
vt 0.3114441 0.9469609
vt 0.8469012 0.4213407
vt 0.2270266 0.8816925
vt 0.8237417 0.3880401
vt 0.4617774 0.9290465
vt 0.7680541 0.3917512
vt 0.9522977 0.5936312
vt 0.2501860 0.8448908
vt 0.9078781 0.1601479
vt 0.1838128 0.8475341
vt 0.9310375 0.1931165
vt 0.7758218 0.3000151
vt 0.9629223 0.3291121
vt 0.5984197 0.8460976
vt 0.8590840 0.5210555
vt 0.6591090 0.8492315
vt 0.8822434 0.4833392
vt 0.5498591 0.7307531
vt 0.2270268 0.9820778
vt 0.8521900 0.2293754
vt 0.1838128 0.8822877
vt 0.8290306 0.1960796
vt 0.5984197 0.8811147
vt 0.7758220 0.2640764
vt 0.1788492 0.9826728
vt 0.8521900 0.1586888
vt 0.8600173 0.6508415
vt 0.6100082 0.8522560
vt 0.8831767 0.6849955
vt 0.3693520 0.7315593
vt 0.9473310 0.7992890
vt 0.1573070 0.8522000
vt 0.6591090 0.8839851
vt 0.8315098 0.3316456
vt 0.7865126 0.9346478
vt 0.7651971 0.5265908
vt 0.9551544 0.4180008
vt 0.8546693 0.2942548
vt 0.8634122 0.1133823
vt 0.0993994 0.8556373
vt 0.6331676 0.8852249
vt 0.7602305 0.7292589
vt 0.9551544 0.4497827
vt 0.8559610 0.5190074
vt 0.8643749 0.0353575
vt 0.8328015 0.4857115
vt 0.7432991 0.9352390
vt 0.7651972 0.5625323
vt 0.9551544 0.3862193
vt 0.8568942 0.6493823
vt 0.6891527 0.2314298
vt 0.8337348 0.6867787
vt 0.7123122 0.1511844
vt 0.6753982 0.4475438
vt 0.0944359 0.7135696
vt 0.7943362 0.3859932
vt 0.1922788 0.7049726
vt 0.7711768 0.4233905
vt 0.2417206 0.7012715
vt 0.1569299 0.6486296
vt 0.2448435 0.6987322
vt 0.7865126 0.7947798
vt 0.8643749 0.0702111
vt 0.6938571 0.7974194
vt 0.1573072 0.8872168
vt 0.3693517 0.6956181
vt 0.9128410 0.2333097
vt 0.7517647 0.7953708
vt 0.0993994 0.8903907
vt 0.5266996 0.7989136
vt 0.8916427 0.8297879
vt 0.7333057 0.3917509
vt 0.9379317 0.4540254
vt 0.7996251 0.2293811
vt 0.8684833 0.7957349
vt 0.3114440 0.7683574
vt 0.8916427 0.8645415
vt 0.3077203 0.7010819
vt 0.0631883 0.9317163
vt 0.7733426 0.2293811
vt 0.8684833 0.7608812
vt 0.7501832 0.1954916
vt 0.8916427 0.7243431
vt 0.5498590 0.6588703
vt 0.9388651 0.6209280
vt 0.7996251 0.1831164
vt 0.0631882 0.8933082
vt 0.7501832 0.1498161
vt 0.0600652 0.8936212
vt 0.2501862 0.7074978
vt 0.8684835 0.9394875
vt 0.7780468 0.6847344
vt 0.4911830 0.8960778
vt 0.7548874 0.6514341
vt 0.4880597 0.8942931
vt 0.7304488 0.5625321
vt 0.8997285 0.9394876
vt 0.6331676 0.7795190
vt 0.4386177 0.8960777
vt 0.7592447 0.0703111
vt 0.0253168 0.8946548
vt 0.4965252 0.6870232
vt 0.0319435 0.9338139
vt 0.7824042 0.0329135
vt 0.3952608 0.8964445
vt 0.1341478 0.7835613
vt 0.7170165 0.9352388
vt 0.7304487 0.5265907
vt 0.4862204 0.9344857
vt 0.1225588 0.7829020
vt 0.5266994 0.9385177
vt 0.7633532 0.7614795
vt 0.8966076 0.5570292
vt 0.7333055 0.3558099
vt 0.4386182 0.9344857
vt 0.7865126 0.7240819
vt 0.8734502 0.5941626
vt 0.0631882 0.7883572
vt 0.8994663 0.4204214
vt 0.4617772 0.6870232
vt 0.9388652 0.6586466
vt 0.0600652 0.7884064
vt 0.8763069 0.3874527
vt 0.4649002 0.7911267
vt 0.8916427 0.8992947
vt 0.7254820 0.6933175
vt 0.8815957 0.2333096
vt 0.4617772 0.7890781
vt 0.8422006 0.9012861
vt 0.4911827 0.7911267
vt 0.8390776 0.8998904
vt 0.4268861 0.6873903
vt 0.3902985 0.9348525
vt 0.7914795 0.5567682
vt 0.7896354 0.9016765
vt 0.7683201 0.5947516
vt 0.8390776 0.8651367
vt 0.5498590 0.6948117
vt 0.9379315 0.4887787
vt 0.0253170 0.7894401
vt 0.3114440 0.6973612
vt 0.3952610 0.7914935
vt 0.6814928 0.2546344
vt 0.2760953 0.6486295
vt 0.3377268 0.6919636
vt 0.8177620 0.5926988
vt 0.6938569 0.6901946
vt 0.1341476 0.8189055
vt 0.0600652 0.7156585
vt 0.0015617 0.6486298
vt 0.1256822 0.7122761
vt 0.1225588 0.8182464
vt 0.7633532 0.9016793
vt 0.7974592 0.4233859
vt 0.9310375 0.2278703
vt 0.7561218 0.0374978
vt 0.9440863 0.2333095
vt 0.8206186 0.3859888
vt 0.7201396 0.9022704
vt 0.0631882 0.8237012
vt 0.0253168 0.9294083
vt 0.0337827 0.7233263
vt 0.5752601 0.9829548
vt 0.0600654 0.8237508
vt 0.6938571 0.9022705
vt 0.8027482 0.2314252
vt 0.5498589 0.9019799
vt 0.1573073 0.7153990
vt 0.6541439 0.9840404
vt 0.8259076 0.1940330
vt 0.3640091 0.9045670
vt 0.8027482 0.1498161
vt 0.3608859 0.9027821
vt 0.7517644 0.6186209
vt 0.6100080 0.9870650
vt 0.5143422 0.8244225
vt 0.8815956 0.1601480
vt 0.4649002 0.8264707
vt 0.4184205 0.9294134
vt 0.7561219 0.0015615
vt 0.9473308 0.7255964
vt 0.4617772 0.8244225
vt 0.9103573 0.2968919
vt 0.0021576 0.8268327
vt 0.9335167 0.3298608
vt 0.7517645 0.6545572
vt 0.1341478 0.9890555
vt 0.4184205 0.8247893
vt 0.8815956 0.1949016
vt 0.8052274 0.2963009
vt 0.9047550 0.2278701
vt 0.0948133 0.7201948
vt 0.9473308 0.8975761
vt 0.8283868 0.3295990
vt 0.8840748 0.3316456
vt 0.8065190 0.4857131
vt 0.9072342 0.2951072
vt 0.4268861 0.7233313
vt 0.9432224 0.0073280
vt 0.8296784 0.5190112
vt 0.8853665 0.5198776
vt 0.8074524 0.6867781
vt 0.9085259 0.4833392
vt 0.4617770 0.7229644
vt 0.9622187 0.9670830
vt 0.8306118 0.6493839
vt 0.3114443 0.9085529
vt 0.7896356 0.8321696
vt 0.9391367 0.1115974
vt 0.7602304 0.6933174
vt 0.9473308 0.9293576
vt 0.7865126 0.8301241
vt 0.8862998 0.6867803
vt 0.7201396 0.8327634
vt 0.9094592 0.6502420
vt 0.7470603 0.1626780
vt 0.0993995 0.9904445
vt 0.7170165 0.8307152
vt 0.2845607 0.9100302
vt 0.8108472 0.1138730
vt 0.2814378 0.9082454
vt 0.4965250 0.7229645
vt 0.2795956 0.9760340
vt 0.5498590 0.8322095
vt 0.5837257 0.7060638
vt 0.8118098 0.0703089
vt 0.6644169 0.7017850
vt 0.6891527 0.0015619
vt 0.0631883 0.7165403
vt 0.8177599 0.5567658
vt 0.6381345 0.5265909
vt 0.7764656 0.1498134
vt 0.6412900 0.5321114
vt 0.5795945 0.5265911
vt 0.6675744 0.6154978
vt 0.8086867 0.0682600
vt 0.9116490 0.5198777
vt 0.7855273 0.0349622
vt 0.9128541 0.1115975
vt 0.6907338 0.7102728
vt 0.9309736 0.9394876
vt 0.2501860 0.8095484
vt 0.8906574 0.0702111
vt 0.1838128 0.8121917
vt 0.9138168 0.0335727
vt 0.6068851 0.7091870
vt 0.7151770 0.9406783
vt 0.8127950 0.7240797
vt 0.2270266 0.9164461
vt 0.7896356 0.7614768
vt 0.2069722 0.9152564
vt 0.6416332 0.7134033
vt 0.5266995 0.9421727
vt 0.3608861 0.7976692
vt 0.5752603 0.9176529
vt 0.7896356 0.7968256
vt 0.9179252 0.7590966
vt 0.7470603 0.0816519
vt 0.8159183 0.9400833
vt 0.3871685 0.7976692
vt 0.9116490 0.4851241
vt 0.7789449 0.3322382
vt 0.9179252 0.8297880
vt 0.7423658 0.4883547
vt 0.9422600 0.0822835
vt 0.8021044 0.2942548
vt 0.8947658 0.7968191
vt 0.5752603 0.8128034
vt 0.9179252 0.7243427
vt 0.2154380 0.7080956
vt 0.9473308 0.8586676
vt 0.8033960 0.5190132
vt 0.8947658 0.9010796
vt 0.7802366 0.4857153
vt 0.9179252 0.8645413
vt 0.7470601 0.1175903
vt 0.7583905 0.9400871
vt 0.3346035 0.8016553
vt 0.6591090 0.9187385
vt 0.7811698 0.6867805
vt 0.6331676 0.9199781
vt 0.7410737 0.2640763
vt 0.3590469 0.9429749
vt 0.8043293 0.6493859
vt 0.8997307 0.5588139
vt 0.2845607 0.8051810
vt 0.9228922 0.5923777
vt 0.7410738 0.3000149
vt 0.9473308 0.7951029
vt 0.6822684 0.8118407
vt 0.3377265 0.9393200
vt 0.2582783 0.8051810
vt 0.1573072 0.9219704
vt 0.7470604 0.1986146
vt 0.9473308 0.7633210
vt 0.6331676 0.8148652
vt 0.0993994 0.9251441
vt 0.7845647 0.1138752
vt 0.9257486 0.4204214
vt 0.7423657 0.4524162
vt 0.9432225 0.0420799
vt 0.1573072 0.9564051
vt 0.6675744 0.7071499
vt 0.0993994 0.9591945
vt 0.6985576 0.4404063
vt 0.6753983 0.2640762
vt 0.6100082 0.7102063
vt 0.8246871 0.2577122
vt 0.2069722 0.9219096
vt 0.8242316 0.4272095
vt 0.9597992 0.3299333
vt 0.1645791 0.8486266
vt 0.8577921 0.2621387
vt 0.8444894 0.4503691
vt 0.3871687 0.9094725
vt 0.8626992 0.4272097
vt 0.9400993 0.0335749
vt 0.5529820 0.7303786
vt 0.5579443 0.9697681
vt 0.8829570 0.4503691
vt 0.9357418 0.6569326
vt 0.9011668 0.4272097
vt 0.9357418 0.6502443
vt 0.2568614 0.7018553
vt 0.6388190 0.9476453
vt 0.9214247 0.4503691
vt 0.9179252 0.9059852
vt 0.9701101 0.6000884
vt 0.8916427 0.9340506
vt 0.1645791 0.7080958
vt 0.8512973 0.9672897
vt 0.5017064 0.9889019
vt 0.9400993 0.0403632
vt 0.9744676 0.0067965
vt 0.3346037 0.9415239
vt 0.2568614 0.7371649
vt 0.2624098 0.9760336
vt 0.9763553 0.2614432
vt 0.8653600 0.9061918
vt 0.9429848 0.9707420
vt 0.8390776 0.9346463
vt 0.3760272 0.7238809
vt 0.7896356 0.9676802
vt 0.8695073 0.9939036
vt 0.8127950 0.9065822
vt 0.8877171 0.9707441
vt 0.9442077 0.9340506
vt 0.1645791 0.7434053
vt 0.6938570 0.9682739
vt 0.9127637 0.9939036
vt 0.9491726 0.5289660
vt 0.8492492 0.9709072
vt 0.9491746 0.5923801
vt 0.5529820 0.8009974
vt 0.9744675 0.0667077
vt 0.7906598 0.9944572
vt 0.9442077 0.8364780
vt 0.8279295 0.9713377
vt 0.9442077 0.8297903
vt 0.6362905 0.7493417
vt 0.9691765 0.4816206
vt 0.7594146 0.9945010
vt 0.9257486 0.3576047
vt 0.9785758 0.8042578
vt 0.0863476 0.9262792
vt 0.5529820 0.6950691
vt 0.5534858 0.9307884
vt 0.9795999 0.7956345
vt 0.9442077 0.7657869
vt 0.9785786 0.6974692
vt 0.9442077 0.8992968
vt 0.5529820 0.7656881
vt 0.9701099 0.6862423
vt 0.9796027 0.8926083
vt 0.9442077 0.7310333
vt 0.9785786 0.9067300
vt 0.9442077 0.7243450
vt 0.1645791 0.7787147
vt 0.9701099 0.6544979
vt 0.9796043 0.7638528
vt 0.3077202 0.9149359
vt 0.9785802 0.8360397
vt 0.2814378 0.9430010
vt 0.6362905 0.7846512
vt 0.9735048 0.1098788
vt 0.8100438 0.9944971
vt 0.9573200 0.1306450
vt 0.6938571 0.9718915
vt 0.9573200 0.2282301
vt 0.4996479 0.7228816
vt 0.1629505 0.9428868
vt 0.7285362 0.9950922
vt 0.4447030 0.6502201
vt 0.5266994 0.9734270
vt 0.4965250 0.6822963
vt 0.4547796 0.6486295
vt 0.5010483 0.7194929
vt 0.5459856 0.9965864
vt 0.4184204 0.6502501
vt 0.3590470 0.9742292
vt 0.3921379 0.6829258
vt 0.4996479 0.6486295
vt 0.6575809 0.5231482
vt 0.0000000 0.0000000
vt 0.0000000 0.0000000
vt 0.0000000 0.0000000
vt 0.0000000 0.0000000
vt 0.0000000 0.0000000
vt 0.0000000 0.0000000
vt 0.0000000 0.0000000
vt 0.0000000 0.0000000
vt 0.0000000 0.0000000
vt 0.0000000 0.0000000
vt 0.0000000 0.0000000
vt 0.0000000 0.0000000
vt 0.0000000 0.0000000
vt 0.0000000 0.0000000
vt 0.0000000 0.0000000
vt 0.0000000 0.0000000
vt 0.0000000 0.0000000
vt 0.0000000 0.0000000
vt 0.0000000 0.0000000
vt 0.0000000 0.0000000
vt 0.0000000 0.0000000
vt 0.0000000 0.0000000
vt 0.0000000 0.0000000
vt 0.0000000 0.0000000
vt 0.6125699 0.2609532
vt 0.5585933 0.6506271
vt 0.6197100 0.5207067
vt 0.5693548 0.6557475
vt 0.2612987 0.0015615
vt 0.0015615 0.6455066
vt 0.5619959 0.6506271
vt 0.5182340 0.0066821
vt 0.8602893 0.1113654
vt 0.0021576 0.9627329
vt 0.0369060 0.8606527
vt 0.0253172 0.9921176
vt 0.0916049 0.8268243
vt 0.9622188 0.9707421
vt 0.8612520 0.0682941
vt 0.7896358 0.8669232
vt 0.8380923 0.0354576
vt 0.0600656 0.9283746
vt 0.7771137 0.4888383
vt 0.4390438 0.9938695
vt 0.4617775 0.8593072
vt 0.7633533 0.8669258
vt 0.4649003 0.8613243
vt 0.7432992 0.8657323
vt 0.7771136 0.4524162
vt 0.9629225 0.2953905
vt 0.5143424 0.8593072
vt 0.4649006 0.9308312
vt 0.0021578 0.8616862
vt 0.7170166 0.8657324
vt 0.6068850 0.7451254
vt 0.0631883 0.9911001
vt 0.4184208 0.8596742
vt 0.5266997 0.8690112
vt 0.8422006 0.7609814
vt 0.3871689 0.8680286
vt 0.6907337 0.7462112
vt 0.3902985 0.9942363
vt 0.6228329 0.0015615
vt 0.6491157 0.4876151
vt 0.1225592 0.7472612
vt 0.6459926 0.4774896
vt 0.6583335 0.2048566
vt 0.0369058 0.7551060
vt 0.8653603 0.7241108
vt 0.3377267 0.8698134
vt 0.8422006 0.8316791
vt 0.8703251 0.5570290
vt 0.6544579 0.2286212
vt 0.0323692 0.9931980
vt 0.8653603 0.7948022
vt 0.8471676 0.5941626
vt 0.8422006 0.8665326
vt 0.8731839 0.3856680
vt 0.6544577 0.4907381
vt 0.4698632 0.9938696
vt 0.6900360 0.2577127
vt 0.5984200 0.9222012
vt 0.7117816 0.2345530
vt 0.9520314 0.3853251
vt 0.1611842 0.8140239
vt 0.5534860 0.8990369
vt 0.7352936 0.2577127
vt 0.9520314 0.3927034
vt 0.7570393 0.2345530
vt 0.6822689 0.9513649
vt 0.6362907 0.8199606
vt 0.1629507 0.9111355
vt 0.7805512 0.2577127
vt 0.3346038 0.7019695
vt 0.7802368 0.4272095
vt 0.5761418 0.6904357
vt 0.3726323 0.6876826
vt 0.6362907 0.8841420
vt 0.8031228 0.2577127
vt 0.6331678 0.9263114
vt 0.8028654 0.4272095
vt 0.9573203 0.1927738
vt 0.5529823 0.8363066
vt 0.6362908 0.9158939
vt 0.8349692 0.0329103
vt 0.2270266 0.9508277
vt 0.3640091 0.8350598
vt 0.9597992 0.2942078
vt 0.7814417 0.0816520
vt 0.9691768 0.4852819
vt 0.3608861 0.8330116
vt 0.4911830 0.9308311
vt 0.3114443 0.8390461
vt 0.8731836 0.4204215
vt 0.2501863 0.7434388
vt 0.9604431 0.1913980
vt 0.8390775 0.7594221
vt 0.3114443 0.8737995
vt 0.8159181 0.7261242
vt 0.3077202 0.8734919
vt 0.7254820 0.7292589
vt 0.9604431 0.1596165
vt 0.8390776 0.7947710
vt 0.2582783 0.8752769
vt 0.8159181 0.8321680
vt 0.8784724 0.2290499
vt 0.7680539 0.3558102
vt 0.9522957 0.5553106
vt 0.3077202 0.8384752
vt 0.8553131 0.1601481
vt 0.2582783 0.8405234
vt 0.8784724 0.1931168
vt 0.3077205 0.7370226
vt 0.9604431 0.2291235
vt 0.8440424 0.5567622
vt 0.8577923 0.3316456
vt 0.8208851 0.5947497
vt 0.8809517 0.2951075
vt 0.2154381 0.7440341
vt 0.3114441 0.9469609
vt 0.8469012 0.4213407
vt 0.2270266 0.8816925
vt 0.8237417 0.3880401
vt 0.4617774 0.9290465
vt 0.7680541 0.3917512
vt 0.9522977 0.5936312
vt 0.2501860 0.8448908
vt 0.9078781 0.1601479
vt 0.1838128 0.8475341
vt 0.9310375 0.1931165
vt 0.7758218 0.3000151
vt 0.9629223 0.3291121
vt 0.5984197 0.8460976
vt 0.8590840 0.5210555
vt 0.6591090 0.8492315
vt 0.8822434 0.4833392
vt 0.5498591 0.7307531
vt 0.2270268 0.9820778
vt 0.8521900 0.2293754
vt 0.1838128 0.8822877
vt 0.8290306 0.1960796
vt 0.5984197 0.8811147
vt 0.7758220 0.2640764
vt 0.1788492 0.9826728
vt 0.8521900 0.1586888
vt 0.8600173 0.6508415
vt 0.6100082 0.8522560
vt 0.8831767 0.6849955
vt 0.3693520 0.7315593
vt 0.9473310 0.7992890
vt 0.1573070 0.8522000
vt 0.6591090 0.8839851
vt 0.8315098 0.3316456
vt 0.7865126 0.9346478
vt 0.7651971 0.5265908
vt 0.9551544 0.4180008
vt 0.8546693 0.2942548
vt 0.8634122 0.1133823
vt 0.0993994 0.8556373
vt 0.6331676 0.8852249
vt 0.7602305 0.7292589
vt 0.9551544 0.4497827
vt 0.8559610 0.5190074
vt 0.8643749 0.0353575
vt 0.8328015 0.4857115
vt 0.7432991 0.9352390
vt 0.7651972 0.5625323
vt 0.9551544 0.3862193
vt 0.8568942 0.6493823
vt 0.6891527 0.2314298
vt 0.8337348 0.6867787
vt 0.7123122 0.1511844
vt 0.6753982 0.4475438
vt 0.0944359 0.7135696
vt 0.7943362 0.3859932
vt 0.1922788 0.7049726
vt 0.7711768 0.4233905
vt 0.2417206 0.7012715
vt 0.1569299 0.6486296
vt 0.2448435 0.6987322
vt 0.7865126 0.7947798
vt 0.8643749 0.0702111
vt 0.6938571 0.7974194
vt 0.1573072 0.8872168
vt 0.3693517 0.6956181
vt 0.9128410 0.2333097
vt 0.7517647 0.7953708
vt 0.0993994 0.8903907
vt 0.5266996 0.7989136
vt 0.8916427 0.8297879
vt 0.7333057 0.3917509
vt 0.9379317 0.4540254
vt 0.7996251 0.2293811
vt 0.8684833 0.7957349
vt 0.3114440 0.7683574
vt 0.8916427 0.8645415
vt 0.3077203 0.7010819
vt 0.0631883 0.9317163
vt 0.7733426 0.2293811
vt 0.8684833 0.7608812
vt 0.7501832 0.1954916
vt 0.8916427 0.7243431
vt 0.5498590 0.6588703
vt 0.9388651 0.6209280
vt 0.7996251 0.1831164
vt 0.0631882 0.8933082
vt 0.7501832 0.1498161
vt 0.0600652 0.8936212
vt 0.2501862 0.7074978
vt 0.8684835 0.9394875
vt 0.7780468 0.6847344
vt 0.4911830 0.8960778
vt 0.7548874 0.6514341
vt 0.4880597 0.8942931
vt 0.7304488 0.5625321
vt 0.8997285 0.9394876
vt 0.6331676 0.7795190
vt 0.4386177 0.8960777
vt 0.7592447 0.0703111
vt 0.0253168 0.8946548
vt 0.4965252 0.6870232
vt 0.0319435 0.9338139
vt 0.7824042 0.0329135
vt 0.3952608 0.8964445
vt 0.1341478 0.7835613
vt 0.7170165 0.9352388
vt 0.7304487 0.5265907
vt 0.4862204 0.9344857
vt 0.1225588 0.7829020
vt 0.5266994 0.9385177
vt 0.7633532 0.7614795
vt 0.8966076 0.5570292
vt 0.7333055 0.3558099
vt 0.4386182 0.9344857
vt 0.7865126 0.7240819
vt 0.8734502 0.5941626
vt 0.0631882 0.7883572
vt 0.8994663 0.4204214
vt 0.4617772 0.6870232
vt 0.9388652 0.6586466
vt 0.0600652 0.7884064
vt 0.8763069 0.3874527
vt 0.4649002 0.7911267
vt 0.8916427 0.8992947
vt 0.7254820 0.6933175
vt 0.8815957 0.2333096
vt 0.4617772 0.7890781
vt 0.8422006 0.9012861
vt 0.4911827 0.7911267
vt 0.8390776 0.8998904
vt 0.4268861 0.6873903
vt 0.3902985 0.9348525
vt 0.7914795 0.5567682
vt 0.7896354 0.9016765
vt 0.7683201 0.5947516
vt 0.8390776 0.8651367
vt 0.5498590 0.6948117
vt 0.9379315 0.4887787
vt 0.0253170 0.7894401
vt 0.3114440 0.6973612
vt 0.3952610 0.7914935
vt 0.6814928 0.2546344
vt 0.2760953 0.6486295
vt 0.3377268 0.6919636
vt 0.8177620 0.5926988
vt 0.6938569 0.6901946
vt 0.1341476 0.8189055
vt 0.0600652 0.7156585
vt 0.0015617 0.6486298
vt 0.1256822 0.7122761
vt 0.1225588 0.8182464
vt 0.7633532 0.9016793
vt 0.7974592 0.4233859
vt 0.9310375 0.2278703
vt 0.7561218 0.0374978
vt 0.9440863 0.2333095
vt 0.8206186 0.3859888
vt 0.7201396 0.9022704
vt 0.0631882 0.8237012
vt 0.0253168 0.9294083
vt 0.0337827 0.7233263
vt 0.5752601 0.9829548
vt 0.0600654 0.8237508
vt 0.6938571 0.9022705
vt 0.8027482 0.2314252
vt 0.5498589 0.9019799
vt 0.1573073 0.7153990
vt 0.6541439 0.9840404
vt 0.8259076 0.1940330
vt 0.3640091 0.9045670
vt 0.8027482 0.1498161
vt 0.3608859 0.9027821
vt 0.7517644 0.6186209
vt 0.6100080 0.9870650
vt 0.5143422 0.8244225
vt 0.8815956 0.1601480
vt 0.4649002 0.8264707
vt 0.4184205 0.9294134
vt 0.7561219 0.0015615
vt 0.9473308 0.7255964
vt 0.4617772 0.8244225
vt 0.9103573 0.2968919
vt 0.0021576 0.8268327
vt 0.9335167 0.3298608
vt 0.7517645 0.6545572
vt 0.1341478 0.9890555
vt 0.4184205 0.8247893
vt 0.8815956 0.1949016
vt 0.8052274 0.2963009
vt 0.9047550 0.2278701
vt 0.0948133 0.7201948
vt 0.9473308 0.8975761
vt 0.8283868 0.3295990
vt 0.8840748 0.3316456
vt 0.8065190 0.4857131
vt 0.9072342 0.2951072
vt 0.4268861 0.7233313
vt 0.9432224 0.0073280
vt 0.8296784 0.5190112
vt 0.8853665 0.5198776
vt 0.8074524 0.6867781
vt 0.9085259 0.4833392
vt 0.4617770 0.7229644
vt 0.9622187 0.9670830
vt 0.8306118 0.6493839
vt 0.3114443 0.9085529
vt 0.7896356 0.8321696
vt 0.9391367 0.1115974
vt 0.7602304 0.6933174
vt 0.9473308 0.9293576
vt 0.7865126 0.8301241
vt 0.8862998 0.6867803
vt 0.7201396 0.8327634
vt 0.9094592 0.6502420
vt 0.7470603 0.1626780
vt 0.0993995 0.9904445
vt 0.7170165 0.8307152
vt 0.2845607 0.9100302
vt 0.8108472 0.1138730
vt 0.2814378 0.9082454
vt 0.4965250 0.7229645
vt 0.2795956 0.9760340
vt 0.5498590 0.8322095
vt 0.5837257 0.7060638
vt 0.8118098 0.0703089
vt 0.6644169 0.7017850
vt 0.6891527 0.0015619
vt 0.0631883 0.7165403
vt 0.8177599 0.5567658
vt 0.6381345 0.5265909
vt 0.7764656 0.1498134
vt 0.6412900 0.5321114
vt 0.5795945 0.5265911
vt 0.6675744 0.6154978
vt 0.8086867 0.0682600
vt 0.9116490 0.5198777
vt 0.7855273 0.0349622
vt 0.9128541 0.1115975
vt 0.6907338 0.7102728
vt 0.9309736 0.9394876
vt 0.2501860 0.8095484
vt 0.8906574 0.0702111
vt 0.1838128 0.8121917
vt 0.9138168 0.0335727
vt 0.6068851 0.7091870
vt 0.7151770 0.9406783
vt 0.8127950 0.7240797
vt 0.2270266 0.9164461
vt 0.7896356 0.7614768
vt 0.2069722 0.9152564
vt 0.6416332 0.7134033
vt 0.5266995 0.9421727
vt 0.3608861 0.7976692
vt 0.5752603 0.9176529
vt 0.7896356 0.7968256
vt 0.9179252 0.7590966
vt 0.7470603 0.0816519
vt 0.8159183 0.9400833
vt 0.3871685 0.7976692
vt 0.9116490 0.4851241
vt 0.7789449 0.3322382
vt 0.9179252 0.8297880
vt 0.7423658 0.4883547
vt 0.9422600 0.0822835
vt 0.8021044 0.2942548
vt 0.8947658 0.7968191
vt 0.5752603 0.8128034
vt 0.9179252 0.7243427
vt 0.2154380 0.7080956
vt 0.9473308 0.8586676
vt 0.8033960 0.5190132
vt 0.8947658 0.9010796
vt 0.7802366 0.4857153
vt 0.9179252 0.8645413
vt 0.7470601 0.1175903
vt 0.7583905 0.9400871
vt 0.3346035 0.8016553
vt 0.6591090 0.9187385
vt 0.7811698 0.6867805
vt 0.6331676 0.9199781
vt 0.7410737 0.2640763
vt 0.3590469 0.9429749
vt 0.8043293 0.6493859
vt 0.8997307 0.5588139
vt 0.2845607 0.8051810
vt 0.9228922 0.5923777
vt 0.7410738 0.3000149
vt 0.9473308 0.7951029
vt 0.6822684 0.8118407
vt 0.3377265 0.9393200
vt 0.2582783 0.8051810
vt 0.1573072 0.9219704
vt 0.7470604 0.1986146
vt 0.9473308 0.7633210
vt 0.6331676 0.8148652
vt 0.0993994 0.9251441
vt 0.7845647 0.1138752
vt 0.9257486 0.4204214
vt 0.7423657 0.4524162
vt 0.9432225 0.0420799
vt 0.1573072 0.9564051
vt 0.6675744 0.7071499
vt 0.0993994 0.9591945
vt 0.6985576 0.4404063
vt 0.6753983 0.2640762
vt 0.6100082 0.7102063
vt 0.8246871 0.2577122
vt 0.2069722 0.9219096
vt 0.8242316 0.4272095
vt 0.9597992 0.3299333
vt 0.1645791 0.8486266
vt 0.8577921 0.2621387
vt 0.8444894 0.4503691
vt 0.3871687 0.9094725
vt 0.8626992 0.4272097
vt 0.9400993 0.0335749
vt 0.5529820 0.7303786
vt 0.5579443 0.9697681
vt 0.8829570 0.4503691
vt 0.9357418 0.6569326
vt 0.9011668 0.4272097
vt 0.9357418 0.6502443
vt 0.2568614 0.7018553
vt 0.6388190 0.9476453
vt 0.9214247 0.4503691
vt 0.9179252 0.9059852
vt 0.9701101 0.6000884
vt 0.8916427 0.9340506
vt 0.1645791 0.7080958
vt 0.8512973 0.9672897
vt 0.5017064 0.9889019
vt 0.9400993 0.0403632
vt 0.9744676 0.0067965
vt 0.3346037 0.9415239
vt 0.2568614 0.7371649
vt 0.2624098 0.9760336
vt 0.9763553 0.2614432
vt 0.8653600 0.9061918
vt 0.9429848 0.9707420
vt 0.8390776 0.9346463
vt 0.3760272 0.7238809
vt 0.7896356 0.9676802
vt 0.8695073 0.9939036
vt 0.8127950 0.9065822
vt 0.8877171 0.9707441
vt 0.9442077 0.9340506
vt 0.1645791 0.7434053
vt 0.6938570 0.9682739
vt 0.9127637 0.9939036
vt 0.9491726 0.5289660
vt 0.8492492 0.9709072
vt 0.9491746 0.5923801
vt 0.5529820 0.8009974
vt 0.9744675 0.0667077
vt 0.7906598 0.9944572
vt 0.9442077 0.8364780
vt 0.8279295 0.9713377
vt 0.9442077 0.8297903
vt 0.6362905 0.7493417
vt 0.9691765 0.4816206
vt 0.7594146 0.9945010
vt 0.9257486 0.3576047
vt 0.9785758 0.8042578
vt 0.0863476 0.9262792
vt 0.5529820 0.6950691
vt 0.5534858 0.9307884
vt 0.9795999 0.7956345
vt 0.9442077 0.7657869
vt 0.9785786 0.6974692
vt 0.9442077 0.8992968
vt 0.5529820 0.7656881
vt 0.9701099 0.6862423
vt 0.9796027 0.8926083
vt 0.9442077 0.7310333
vt 0.9785786 0.9067300
vt 0.9442077 0.7243450
vt 0.1645791 0.7787147
vt 0.9701099 0.6544979
vt 0.9796043 0.7638528
vt 0.3077202 0.9149359
vt 0.9785802 0.8360397
vt 0.2814378 0.9430010
vt 0.6362905 0.7846512
vt 0.9735048 0.1098788
vt 0.8100438 0.9944971
vt 0.9573200 0.1306450
vt 0.6938571 0.9718915
vt 0.9573200 0.2282301
vt 0.4996479 0.7228816
vt 0.1629505 0.9428868
vt 0.7285362 0.9950922
vt 0.4447030 0.6502201
vt 0.5266994 0.9734270
vt 0.4965250 0.6822963
vt 0.4547796 0.6486295
vt 0.5010483 0.7194929
vt 0.5459856 0.9965864
vt 0.4184204 0.6502501
vt 0.3590470 0.9742292
vt 0.3921379 0.6829258
vt 0.4996479 0.6486295
vt 0.6575809 0.5231482
vt 0.3750000 0.0000000
vt 0.3750000 0.2500000
vt 0.3750000 0.5000000
vt 0.3750000 0.7500000
vt 0.1250000 0.5000000
vt 0.6250000 0.5000000
vt 0.3750000 0.0000000
vt 0.3750000 0.2500000
vt 0.3750000 0.5000000
vt 0.3750000 0.7500000
vt 0.1250000 0.5000000
vt 0.6250000 0.5000000
vt 0.3750000 0.0000000
vt 0.3750000 0.2500000
vt 0.3750000 0.5000000
vt 0.3750000 0.7500000
vt 0.1250000 0.5000000
vt 0.6250000 0.5000000
vt 0.3750000 0.0000000
vt 0.3750000 0.2500000
vt 0.3750000 0.5000000
vt 0.3750000 0.7500000
vt 0.1250000 0.5000000
vt 0.6250000 0.5000000
vt 0.0108966 0.2104171
vt 0.0185658 0.9142421
vt 0.9830677 0.2160202
vt 0.0108966 0.2104171
vt 0.9830677 0.2160904
vt 0.0185658 0.2159342
vt 0.0185658 0.2160062
vt 0.9830677 0.9145218
vt 0.0845491 0.2573050
vt 0.0405574 0.2510206
vt 0.0405574 0.2510206
vt 0.0467008 0.3326024
vt 0.0908229 0.2510205
vt 0.0467008 0.2573050
vt 0.1423506 0.2573050
vt 0.0934418 0.2510205
vt 0.0934418 0.2510205
vt 0.0994253 0.3326024
vt 0.1493918 0.2510205
vt 0.1002217 0.2573050
vt 0.2001515 0.2573050
vt 0.1512432 0.2510205
vt 0.1512432 0.2510205
vt 0.1572265 0.3326024
vt 0.2071933 0.2510205
vt 0.1580229 0.2573050
vt 0.2579530 0.2573050
vt 0.2090445 0.2510205
vt 0.2090445 0.2510205
vt 0.2150283 0.3326024
vt 0.2649943 0.2510205
vt 0.2158245 0.2573050
vt 0.3157545 0.2573050
vt 0.2668456 0.2510205
vt 0.2668456 0.2510205
vt 0.2728294 0.3326024
vt 0.3227959 0.2510205
vt 0.2736259 0.2573050
vt 0.6651074 0.2568252
vt 0.3217582 0.2568252
vt 0.6456733 0.2573050
vt 0.3410671 0.3326023
vt 0.3411782 0.2573050
vt 0.3217582 0.2568252
vt 0.7203639 0.2573050
vt 0.6714551 0.2510205
vt 0.6714551 0.2510205
vt 0.6774389 0.3326023
vt 0.7274048 0.2510205
vt 0.6782352 0.2573050
vt 0.7781652 0.2573050
vt 0.7292564 0.2510205
vt 0.7292564 0.2510205
vt 0.7352400 0.3326023
vt 0.7852064 0.2510206
vt 0.7360364 0.2573050
vt 0.8419802 0.2573034
vt 0.8419802 0.2573034
vt 0.7977905 0.2619078
vt 0.7991002 0.3055307
vt 0.8441149 0.2619077
vt 0.7998506 0.2573035
vt 0.8997819 0.2573035
vt 0.8997819 0.2573035
vt 0.8555917 0.2619078
vt 0.8569010 0.3055307
vt 0.9019165 0.2619078
vt 0.8576519 0.2573035
vt 0.9537404 0.2573034
vt 0.9537404 0.2573034
vt 0.9072497 0.2619078
vt 0.9086865 0.3055307
vt 0.9559646 0.2619077
vt 0.9094372 0.2573035
vt 0.8997010 0.3158429
vt 0.8997010 0.3158429
vt 0.8555110 0.3206021
vt 0.8568208 0.3609489
vt 0.9018360 0.3206021
vt 0.8575715 0.3158429
vt 0.0883344 0.7042797
vt 0.0399368 0.6977887
vt 0.0399368 0.6977887
vt 0.0467009 0.7807366
vt 0.0952290 0.6977887
vt 0.0467009 0.7042797
vt 0.1461354 0.7042797
vt 0.0972267 0.6977887
vt 0.0972267 0.6977887
vt 0.1032106 0.7807366
vt 0.1531767 0.6977887
vt 0.1040066 0.7042797
vt 0.2039368 0.7042797
vt 0.1550278 0.6977887
vt 0.1550278 0.6977887
vt 0.1610115 0.7807366
vt 0.2109780 0.6977887
vt 0.1618080 0.7042797
vt 0.2617383 0.7042797
vt 0.2128291 0.6977887
vt 0.2128291 0.6977887
vt 0.2188132 0.7807366
vt 0.2687792 0.6977887
vt 0.2196093 0.7042797
vt 0.3195394 0.7042797
vt 0.2706306 0.6977887
vt 0.2706306 0.6977887
vt 0.2766146 0.7807366
vt 0.3265809 0.6977887
vt 0.2774109 0.7042797
vt 0.3773408 0.7042797
vt 0.3284320 0.6977887
vt 0.3284320 0.6977887
vt 0.3344156 0.7807364
vt 0.3843821 0.6977887
vt 0.3352115 0.7042797
vt 0.4351418 0.7042795
vt 0.3862331 0.6977887
vt 0.3862331 0.6977887
vt 0.3922172 0.7807364
vt 0.4421833 0.6977887
vt 0.3930134 0.7042797
vt 0.4929433 0.7042795
vt 0.4440345 0.6977887
vt 0.4440345 0.6977887
vt 0.4500185 0.7807364
vt 0.4999847 0.6977887
vt 0.4508148 0.7042795
vt 0.5507447 0.7042795
vt 0.5018362 0.6977887
vt 0.5018362 0.6977887
vt 0.5078198 0.7807364
vt 0.5577860 0.6977887
vt 0.5086157 0.7042795
vt 0.6085459 0.7042795
vt 0.5596370 0.6977887
vt 0.5596370 0.6977887
vt 0.5656210 0.7807364
vt 0.6155868 0.6977887
vt 0.5664172 0.7042795
vt 0.6663472 0.7042795
vt 0.6174385 0.6977887
vt 0.6174385 0.6977887
vt 0.6234222 0.7807364
vt 0.6733885 0.6977887
vt 0.6242187 0.7042795
vt 0.7241488 0.7042795
vt 0.6752397 0.6977887
vt 0.6752397 0.6977887
vt 0.6812238 0.7807364
vt 0.7311899 0.6977887
vt 0.6820198 0.7042795
vt 0.7819499 0.7042795
vt 0.7330413 0.6977887
vt 0.7330413 0.6977887
vt 0.7390253 0.7807364
vt 0.7889911 0.6977887
vt 0.7398211 0.7042795
vt 0.8397516 0.7042795
vt 0.7908427 0.6977887
vt 0.7908427 0.6977887
vt 0.7968262 0.7807364
vt 0.8467927 0.6977887
vt 0.7976224 0.7042795
vt 0.9537404 0.7042795
vt 0.8420409 0.6977887
vt 0.8420409 0.6977887
vt 0.8556771 0.7807364
vt 0.9682916 0.6977887
vt 0.8564733 0.7042795
vt 0.1217447 0.5932740
vt 0.0344564 0.5867816
vt 0.0344564 0.5867816
vt 0.0467009 0.6697467
vt 0.1341196 0.5867816
vt 0.0467009 0.5932740
vt 0.1795458 0.5932740
vt 0.1306370 0.5867816
vt 0.1306370 0.5867816
vt 0.1366207 0.6697467
vt 0.1865874 0.5867816
vt 0.1374172 0.5932740
vt 0.2373472 0.5932740
vt 0.1884386 0.5867816
vt 0.1884386 0.5867816
vt 0.1944220 0.6697467
vt 0.2443881 0.5867816
vt 0.1952186 0.5932740
vt 0.2951486 0.5932740
vt 0.2462398 0.5867816
vt 0.2462398 0.5867816
vt 0.2522236 0.6697467
vt 0.3021900 0.5867816
vt 0.2530201 0.5932740
vt 0.3529500 0.5932740
vt 0.3040413 0.5867816
vt 0.3040413 0.5867816
vt 0.3100253 0.6697467
vt 0.3599913 0.5867816
vt 0.3108211 0.5932740
vt 0.4107514 0.5932740
vt 0.3618427 0.5867816
vt 0.3618427 0.5867816
vt 0.3678266 0.6697467
vt 0.4177924 0.5867816
vt 0.3686226 0.5932740
vt 0.4685525 0.5932740
vt 0.4196435 0.5867816
vt 0.4196435 0.5867816
vt 0.4256276 0.6697467
vt 0.4755938 0.5867816
vt 0.4264237 0.5932740
vt 0.5263539 0.5932740
vt 0.4774451 0.5867816
vt 0.4774451 0.5867816
vt 0.4834293 0.6697467
vt 0.5333948 0.5867816
vt 0.4842253 0.5932740
vt 0.5841553 0.5932740
vt 0.5352465 0.5867816
vt 0.5352465 0.5867816
vt 0.5412304 0.6697467
vt 0.5911964 0.5867816
vt 0.5420262 0.5932740
vt 0.6419563 0.5932740
vt 0.5930474 0.5867816
vt 0.5930474 0.5867816
vt 0.5990316 0.6697467
vt 0.6489981 0.5867816
vt 0.5998276 0.5932740
vt 0.6997578 0.5932740
vt 0.6508490 0.5867816
vt 0.6508490 0.5867816
vt 0.6568332 0.6697467
vt 0.7067988 0.5867816
vt 0.6576294 0.5932740
vt 0.7575592 0.5932740
vt 0.7086505 0.5867816
vt 0.7086505 0.5867816
vt 0.7146341 0.6697467
vt 0.7646006 0.5867816
vt 0.7154308 0.5932740
vt 0.8153604 0.5932740
vt 0.7664518 0.5867816
vt 0.7664518 0.5867816
vt 0.7724358 0.6697467
vt 0.8224019 0.5867816
vt 0.7732315 0.5932740
vt 0.8731620 0.5932740
vt 0.8242534 0.5867816
vt 0.8242534 0.5867816
vt 0.8302369 0.6697467
vt 0.8802028 0.5867816
vt 0.8310331 0.5932740
vt 0.9537404 0.5932739
vt 0.8782529 0.5867816
vt 0.8782529 0.5867816
vt 0.8880380 0.6697467
vt 0.9644522 0.5867816
vt 0.8888343 0.5932740
vt 0.1420304 0.4773703
vt 0.0311288 0.4708794
vt 0.0311288 0.4708794
vt 0.0467009 0.5538321
vt 0.1577333 0.4708794
vt 0.0467009 0.4773703
vt 0.1998318 0.4773703
vt 0.1509228 0.4708794
vt 0.1509228 0.4708794
vt 0.1569071 0.5538320
vt 0.2068732 0.4708794
vt 0.1577029 0.4773703
vt 0.2576332 0.4773703
vt 0.2087244 0.4708794
vt 0.2087244 0.4708794
vt 0.2147084 0.5538320
vt 0.2646746 0.4708794
vt 0.2155044 0.4773703
vt 0.3154344 0.4773703
vt 0.2665255 0.4708794
vt 0.2665255 0.4708794
vt 0.2725093 0.5538320
vt 0.3224757 0.4708794
vt 0.2733058 0.4773703
vt 0.3732360 0.4773703
vt 0.3243269 0.4708794
vt 0.3243269 0.4708794
vt 0.3303109 0.5538320
vt 0.3802771 0.4708794
vt 0.3311069 0.4773703
vt 0.4310371 0.4773703
vt 0.3821285 0.4708794
vt 0.3821285 0.4708794
vt 0.3881123 0.5538320
vt 0.4380781 0.4708794
vt 0.3889084 0.4773703
vt 0.4888382 0.4773703
vt 0.4399295 0.4708794
vt 0.4399295 0.4708794
vt 0.4459132 0.5538320
vt 0.4958796 0.4708794
vt 0.4467095 0.4773703
vt 0.5466396 0.4773703
vt 0.4977310 0.4708794
vt 0.4977310 0.4708794
vt 0.5037149 0.5538320
vt 0.5536810 0.4708794
vt 0.5045110 0.4773703
vt 0.6044410 0.4773703
vt 0.5555323 0.4708794
vt 0.5555323 0.4708794
vt 0.5615160 0.5538320
vt 0.6114825 0.4708794
vt 0.5623123 0.4773703
vt 0.6622426 0.4773703
vt 0.6133335 0.4708794
vt 0.6133335 0.4708794
vt 0.6193171 0.5538320
vt 0.6692836 0.4708794
vt 0.6201133 0.4773703
vt 0.7200435 0.4773703
vt 0.6711348 0.4708794
vt 0.6711348 0.4708794
vt 0.6771188 0.5538320
vt 0.7270848 0.4708794
vt 0.6779150 0.4773703
vt 0.7778449 0.4773703
vt 0.7289360 0.4708794
vt 0.7289360 0.4708794
vt 0.7349199 0.5538320
vt 0.7848862 0.4708794
vt 0.7357164 0.4773703
vt 0.8356465 0.4773702
vt 0.7867372 0.4708794
vt 0.7867372 0.4708794
vt 0.7927215 0.5538320
vt 0.8426880 0.4708794
vt 0.7935174 0.4773703
vt 0.9537404 0.4773702
vt 0.8354036 0.4708794
vt 0.8354036 0.4708794
vt 0.8512275 0.5538320
vt 0.9704909 0.4708794
vt 0.8520237 0.4773702
vt 0.1798654 0.3727306
vt 0.0305833 0.3662507
vt 0.0305833 0.3662507
vt 0.0467009 0.4492062
vt 0.1960797 0.3662350
vt 0.0467008 0.3727400
vt 0.2376670 0.3727306
vt 0.1887583 0.3662398
vt 0.1887583 0.3662398
vt 0.1947419 0.4491953
vt 0.2447080 0.3662398
vt 0.1955384 0.3727306
vt 0.2954684 0.3727305
vt 0.2465594 0.3662398
vt 0.2465594 0.3662398
vt 0.2525433 0.4491953
vt 0.3025098 0.3662397
vt 0.2533394 0.3727306
vt 0.3532692 0.3727305
vt 0.3043605 0.3662397
vt 0.3043605 0.3662397
vt 0.3103442 0.4491953
vt 0.3603105 0.3662397
vt 0.3111407 0.3727305
vt 0.4110710 0.3727305
vt 0.3621621 0.3662397
vt 0.3621621 0.3662397
vt 0.3681460 0.4491953
vt 0.4181119 0.3662397
vt 0.3689421 0.3727305
vt 0.4688721 0.3727305
vt 0.4199632 0.3662397
vt 0.4199632 0.3662397
vt 0.4259473 0.4491953
vt 0.4759137 0.3662397
vt 0.4267432 0.3727305
vt 0.5266738 0.3727305
vt 0.4777650 0.3662397
vt 0.4777650 0.3662397
vt 0.4837484 0.4491953
vt 0.5337148 0.3662397
vt 0.4845446 0.3727305
vt 0.5844746 0.3727305
vt 0.5355657 0.3662397
vt 0.5355657 0.3662397
vt 0.5415499 0.4491953
vt 0.5915160 0.3662397
vt 0.5423460 0.3727305
vt 0.6422762 0.3727305
vt 0.5933673 0.3662397
vt 0.5933673 0.3662397
vt 0.5993512 0.4491953
vt 0.6493173 0.3662397
vt 0.6001473 0.3727305
vt 0.7000779 0.3727305
vt 0.6511689 0.3662397
vt 0.6511689 0.3662397
vt 0.6571528 0.4491953
vt 0.7071187 0.3662397
vt 0.6579481 0.3727305
vt 0.7578787 0.3727305
vt 0.7089701 0.3662397
vt 0.7089701 0.3662397
vt 0.7149537 0.4491953
vt 0.7649199 0.3662397
vt 0.7157499 0.3727305
vt 0.8156800 0.3727305
vt 0.7667710 0.3662397
vt 0.7667710 0.3662397
vt 0.7727547 0.4491953
vt 0.8227215 0.3662397
vt 0.7735516 0.3727305
vt 0.9537404 0.3727305
vt 0.8186821 0.3683199
vt 0.8186821 0.3683199
vt 0.8330387 0.4491953
vt 0.9682212 0.3683199
vt 0.8331497 0.3727305
vt 0.0881994 0.8057622
vt 0.0881994 0.8057622
vt 0.0397932 0.8060202
vt 0.0466218 0.8439931
vt 0.0950850 0.8060202
vt 0.0465666 0.8057622
vt 0.1460007 0.8057622
vt 0.1460007 0.8057622
vt 0.0970831 0.8060202
vt 0.1031312 0.8439931
vt 0.1530326 0.8060202
vt 0.1038719 0.8057622
vt 0.2038018 0.8057622
vt 0.2038018 0.8057622
vt 0.1548841 0.8060202
vt 0.1609327 0.8439931
vt 0.2108340 0.8060202
vt 0.1616732 0.8057622
vt 0.2616030 0.8057622
vt 0.2616030 0.8057622
vt 0.2126853 0.8060202
vt 0.2187334 0.8439931
vt 0.2686348 0.8060202
vt 0.2194741 0.8057622
vt 0.3194038 0.8057622
vt 0.3194038 0.8057622
vt 0.2704861 0.8060202
vt 0.2765346 0.8439931
vt 0.3264365 0.8060200
vt 0.2772753 0.8057622
vt 0.3772049 0.8057622
vt 0.3772049 0.8057622
vt 0.3282872 0.8060200
vt 0.3343357 0.8439929
vt 0.3842373 0.8060200
vt 0.3350765 0.8057622
vt 0.4350063 0.8057622
vt 0.4350063 0.8057622
vt 0.3860883 0.8060200
vt 0.3921368 0.8439929
vt 0.4420384 0.8060200
vt 0.3928776 0.8057622
vt 0.4928071 0.8057622
vt 0.4928071 0.8057622
vt 0.4438898 0.8060200
vt 0.4499380 0.8439929
vt 0.4998393 0.8060200
vt 0.4506785 0.8057622
vt 0.5506086 0.8057622
vt 0.5506086 0.8057622
vt 0.5016906 0.8060200
vt 0.5077395 0.8439929
vt 0.5576403 0.8060200
vt 0.5084800 0.8057622
vt 0.6084096 0.8057622
vt 0.6084096 0.8057622
vt 0.5594919 0.8060200
vt 0.5655401 0.8439929
vt 0.6154416 0.8060200
vt 0.5662808 0.8057622
vt 0.6662107 0.8057622
vt 0.6662107 0.8057622
vt 0.6172927 0.8060200
vt 0.6233413 0.8439929
vt 0.6732433 0.8060200
vt 0.6240819 0.8057622
vt 0.7240119 0.8057622
vt 0.7240119 0.8057622
vt 0.6750944 0.8060200
vt 0.6811428 0.8439929
vt 0.7310440 0.8060200
vt 0.6818836 0.8057622
vt 0.7818128 0.8057622
vt 0.7818128 0.8057622
vt 0.7328954 0.8060200
vt 0.7389438 0.8439929
vt 0.7888450 0.8060200
vt 0.7396846 0.8057622
vt 0.8396139 0.8057622
vt 0.8396139 0.8057622
vt 0.7913068 0.8070595
vt 0.7967446 0.8439929
vt 0.8460140 0.8070595
vt 0.7974855 0.8057622
vt 0.9537404 0.8057622
vt 0.9537404 0.8057622
vt 0.8990111 0.8070595
vt 0.9056964 0.8439929
vt 0.9608834 0.8070595
vt 0.9060944 0.8057622
vt 0.8969522 0.8057622
vt 0.8969522 0.8057622
vt 0.8411910 0.8070595
vt 0.8480104 0.8439929
vt 0.9042286 0.8070595
vt 0.8484085 0.8057622
vt 0.0000000 0.0000000
vt 0.0000000 0.0000000
vt 0.0000000 0.0000000
vt 0.0000000 0.0000000
vt 0.0000000 0.0000000
vt 0.0000000 0.0000000
vt 0.0000000 0.0000000
vt 0.0000000 0.0000000
vt 0.0000000 0.0000000
vt 0.0000000 0.0000000
vt 0.0000000 0.0000000
vt 0.0000000 0.0000000
vt 0.0000000 0.0000000
vt 0.0000000 0.0000000
vt 0.0000000 0.0000000
vt 0.0000000 0.0000000
vt 0.0000000 0.0000000
vt 0.0000000 0.0000000
vt 0.0000000 0.0000000
vt 0.0000000 0.0000000
vt 0.0000000 0.0000000
vt 0.0000000 0.0000000
vt 0.0000000 0.0000000
vt 0.0000000 0.0000000
vt 0.5546505 0.4945418
vt 0.5268399 0.0064615
vt 0.5842401 0.2438474
vt 0.5371947 0.0016359
vt 0.2471512 0.6095003
vt 0.2438792 0.0016360
vt 0.5438267 0.0064723
vt 0.4901700 0.6143415
vt 0.8286995 0.8725493
vt 0.9615152 0.2384778
vt 0.1399225 0.8874395
vt 0.9723701 0.1666006
vt 0.7251118 0.2367341
vt 0.3610100 0.9567688
vt 0.4734221 0.8414233
vt 0.3833414 0.8493732
vt 0.3315183 0.8461205
vt 0.4734515 0.8923637
vt 0.5823542 0.7473680
vt 0.2286533 0.9433128
vt 0.8490485 0.3523250
vt 0.3053000 0.8493803
vt 0.4218289 0.8461205
vt 0.4222443 0.8923637
vt 0.7508118 0.1248760
vt 0.6378443 0.9435058
vt 0.8490485 0.3106356
vt 0.4734640 0.8493925
vt 0.4478596 0.8461205
vt 0.3570700 0.8923640
vt 0.7551464 0.0775324
vt 0.6084284 0.9406635
vt 0.1655242 0.8441034
vt 0.3570825 0.8493926
vt 0.3833012 0.8461011
vt 0.7776145 0.8848299
vt 0.7508117 0.1641908
vt 0.9685957 0.4470627
vt 0.5875120 0.2181058
vt 0.6188536 0.2213778
vt 0.6180471 0.7033473
vt 0.6441203 0.2091299
vt 0.6482695 0.0017058
vt 0.6084285 0.9368897
vt 0.8490486 0.3909762
vt 0.3314781 0.8493926
vt 0.3570825 0.8461205
vt 0.3314657 0.8923640
vt 0.2679885 0.7547529
vt 0.9686428 0.4147748
vt 0.1399601 0.8441034
vt 0.8830603 0.0414896
vt 0.3053000 0.8461081
vt 0.4478597 0.8923637
vt 0.2083491 0.7537445
vt 0.1992375 0.9433129
vt 0.1906135 0.9731358
vt 0.9638581 0.7595112
vt 0.6007039 0.9704865
vt 0.8236199 0.9507173
vt 0.9638580 0.8661067
vt 0.9833089 0.0021091
vt 0.9936810 0.6884458
vt 0.9638581 0.7919788
vt 0.9940613 0.1627289
vt 0.9802963 0.2791587
vt 0.6373039 0.9352672
vt 0.9823747 0.4983228
vt 0.9895434 0.4142730
vt 0.2376102 0.9731195
vt 0.9902870 0.4721063
vt 0.9728892 0.6898714
vt 0.2583497 0.9067972
vt 0.9815323 0.2422355
vt 0.9961921 0.3607398
vt 0.9638580 0.8972287
vt 0.9970459 0.3357673
vt 0.5086247 0.9561510
vt 0.2122402 0.7491673
vt 0.6567776 0.9434770
vt 0.8031589 0.8338211
vt 0.1655392 0.8906064
vt 0.7776145 0.8385741
vt 0.9359109 0.2427408
vt 0.7198910 0.0016360
vt 0.7507287 0.1677115
vt 0.8372589 0.4372189
vt 0.1143979 0.8140879
vt 0.8259523 0.6312551
vt 0.3833404 0.8923445
vt 0.1529254 0.7317470
vt 0.9605860 0.8980725
vt 0.6866518 0.8338157
vt 0.8817299 0.4978212
vt 0.8241494 0.2334548
vt 0.9140128 0.4509985
vt 0.7467937 0.3165226
vt 0.9605862 0.7521464
vt 0.8314288 0.0327933
vt 0.6867062 0.8418548
vt 0.8259276 0.6738470
vt 0.8799449 0.8841671
vt 0.1016919 0.7324135
vt 0.9632917 0.0281877
vt 0.8318373 0.0726469
vt 0.8826644 0.0016360
vt 0.6595961 0.8252119
vt 0.7253000 0.8848250
vt 0.0375608 0.7474689
vt 0.0627138 0.9601458
vt 0.8275025 0.1201124
vt 0.8771613 0.6379226
vt 0.8371890 0.4824853
vt 0.5044095 0.8903813
vt 0.7338694 0.4824877
vt 0.9605861 0.8292139
vt 0.8287230 0.8338194
vt 0.8799585 0.7255946
vt 0.0245973 0.8258653
vt 0.9140844 0.4105017
vt 0.7467936 0.3563762
vt 0.0288514 0.9630872
vt 0.8287230 0.7946191
vt 0.8799585 0.8026621
vt 0.6084678 0.8252119
vt 0.6866928 0.8848262
vt 0.6214313 0.7468119
vt 0.9651986 0.9448149
vt 0.8287230 0.7554228
vt 0.8771859 0.5959973
vt 0.1953858 0.8321411
vt 0.9180888 0.6888438
vt 0.6599590 0.7468118
vt 0.9623575 0.5243729
vt 0.7252591 0.8338146
vt 0.8787379 0.1281514
vt 0.6340320 0.8252121
vt 0.7520186 0.8848125
vt 0.7467937 0.3962259
vt 0.5736582 0.9629866
vt 0.2209482 0.8273740
vt 0.8787379 0.0896177
vt 0.5693909 0.8257647
vt 0.8543280 0.8841673
vt 0.5438266 0.7387311
vt 0.9636878 0.0680413
vt 0.8304944 0.5289761
vt 0.8799585 0.7641284
vt 0.8258143 0.5784183
vt 0.8032178 0.8848299
vt 0.7370169 0.7209839
vt 0.5438265 0.9625582
vt 0.8275025 0.1593087
vt 0.8032313 0.8418584
vt 0.2550251 0.8331494
vt 0.9055617 0.8841673
vt 0.3192093 0.7290645
vt 0.9605861 0.8677473
vt 0.7520306 0.8338022
vt 0.7253135 0.8418535
vt 0.8334836 0.2726585
vt 0.3052990 0.8923514
vt 0.7338694 0.4426379
vt 0.9605861 0.7906803
vt 0.3842384 0.7634801
vt 0.1143977 0.6127729
vt 0.5052990 0.7671953
vt 0.0631641 0.6220182
vt 0.6240416 0.6671083
vt 0.1996406 0.6132747
vt 0.3577352 0.7634403
vt 0.2550778 0.6127729
vt 0.3315183 0.7682583
vt 0.2806814 0.6204899
vt 0.5470986 0.6681996
vt 0.5052990 0.6224394
vt 0.4478578 0.7635026
vt 0.0887811 0.8140879
vt 0.7748240 0.6312625
vt 0.4478597 0.8538302
vt 0.3192092 0.6493579
vt 0.8871411 0.1932423
vt 0.7747974 0.6690863
vt 0.8770482 0.5431564
vt 0.7823552 0.2726657
vt 0.2550645 0.8793925
vt 0.5438265 0.6988813
vt 0.9169594 0.1932423
vt 0.7723560 0.3111124
vt 0.8570476 0.0016360
vt 0.7763759 0.1248760
vt 0.8847040 0.2418343
vt 0.3192091 0.6892149
vt 0.5736583 0.9326611
vt 0.1655243 0.7661828
vt 0.6340319 0.8284839
vt 0.0631250 0.7755221
vt 0.0887677 0.8570594
vt 0.4347924 0.6493579
vt 0.2592792 0.9400457
vt 0.7775946 0.7554219
vt 0.0631250 0.8179929
vt 0.6599590 0.7860157
vt 0.8884095 0.4509988
vt 0.6227700 0.4945419
vt 0.9353803 0.9448202
vt 0.7803004 0.0327997
vt 0.8531212 0.0896177
vt 0.7723579 0.3962259
vt 0.1143847 0.8570594
vt 0.4733201 0.6493579
vt 0.0288514 0.9327620
vt 0.4734220 0.7635027
vt 0.8514313 0.5431564
vt 0.7723579 0.3550841
vt 0.0631116 0.8609642
vt 0.3962647 0.6892148
vt 0.7253000 0.9454780
vt 0.0887265 0.7668492
vt 0.8515446 0.6379226
vt 0.6084678 0.7860155
vt 0.4222561 0.8538302
vt 0.5438266 0.6590244
vt 0.2294586 0.9390377
vt 0.7807090 0.0726534
vt 0.8497663 0.1975304
vt 0.7746858 0.5784255
vt 0.8924855 0.6888438
vt 0.4733201 0.6892148
vt 0.1996399 0.9390377
vt 0.1142907 0.7668492
vt 0.8515692 0.5959973
vt 0.7730209 0.2334621
vt 0.5438131 0.8633769
vt 0.3577370 0.6892148
vt 0.6867063 0.9454793
vt 0.1399601 0.7661828
vt 0.8543416 0.7641284
vt 0.5438265 0.7779348
vt 0.8884811 0.4105017
vt 0.3577370 0.6493579
vt 0.8883615 0.9448205
vt 0.7763741 0.1593117
vt 0.8543416 0.7255946
vt 0.7860607 0.4824926
vt 0.9103076 0.2418343
vt 0.3962647 0.6493579
vt 0.8585432 0.9448204
vt 0.7793661 0.5289776
vt 0.7520322 0.8418413
vt 0.6340319 0.7860156
vt 0.1655260 0.8565103
vt 0.4347924 0.6892148
vt 0.8573227 0.1932423
vt 0.3053000 0.7635298
vt 0.7474567 0.1791359
vt 0.4222954 0.7682706
vt 0.5052989 0.6798403
vt 0.0016360 0.6677655
vt 0.7538037 0.4983158
vt 0.7604947 0.4776189
vt 0.0887810 0.6127728
vt 0.7636437 0.7203205
vt 0.1400012 0.6225870
vt 0.6473923 0.2766728
vt 0.2294609 0.6127729
vt 0.8062732 0.0726489
vt 0.2210553 0.8354130
vt 0.8079193 0.2726609
vt 0.0246367 0.8721088
vt 0.3962647 0.7290670
vt 0.9593652 0.1243776
vt 0.3315164 0.8027018
vt 0.8543415 0.8411958
vt 0.5438264 0.8171334
vt 0.9002705 0.3229253
vt 0.7166191 0.0780700
vt 0.9553143 0.3835743
vt 0.8116946 0.4372194
vt 0.2550777 0.8364214
vt 0.0631250 0.8147207
vt 0.9043413 0.0940553
vt 0.7240926 0.6717632
vt 0.0933873 0.9562419
vt 0.5052971 0.8016266
vt 0.8668820 0.6844061
vt 0.4218289 0.8074694
vt 0.6596354 0.8714554
vt 0.7218398 0.2334621
vt 0.9593654 0.1547046
vt 0.3832994 0.8026823
vt 0.0246500 0.8291374
vt 0.8234861 0.3962210
vt 0.9027647 0.6423602
vt 0.4733201 0.7290669
vt 0.9553143 0.3368337
vt 0.1142907 0.8060484
vt 0.8753830 0.1975304
vt 0.4734238 0.8074692
vt 0.9027893 0.6004350
vt 0.3577370 0.7290669
vt 0.1232057 0.9562420
vt 0.3052981 0.8026894
vt 0.1954384 0.8354130
vt 0.4478596 0.8074693
vt 0.6084016 0.8714554
vt 0.7239794 0.5343941
vt 0.9578083 0.6726825
vt 0.8058646 0.0327953
vt 0.8746670 0.3571386
vt 0.8234862 0.3570223
vt 0.9009865 0.2019681
vt 0.4347925 0.7290669
vt 0.9576954 0.5779164
vt 0.8116230 0.4777202
vt 0.5044230 0.8474101
vt 0.8147721 0.7203329
vt 0.9002705 0.2843913
vt 0.7239793 0.5742462
vt 0.9553143 0.3065068
vt 0.1655243 0.8053820
vt 0.8746670 0.2799536
vt 0.1399619 0.8101493
vt 0.6340320 0.8714554
vt 0.7240926 0.6319110
vt 0.1697407 0.9552786
vt 0.3570806 0.8027018
vt 0.5694435 0.8290366
vt 0.0887283 0.8108158
vt 0.9026515 0.5475944
vt 0.7218398 0.2733142
vt 0.9578134 0.6225505
vt 0.8049301 0.5289732
vt 0.8746670 0.3186048
vt 0.8234861 0.3158804
vt 0.9002705 0.3615763
vt 0.6984891 0.7209862
vt 0.9560302 0.2240836
vt 0.7520322 0.7553767
vt 0.6953416 0.4060602
vt 0.7252609 0.7601849
vt 0.6855649 0.6059700
vt 0.6240416 0.5836173
vt 0.1698216 0.6132748
vt 0.6866457 0.7553164
vt 0.6697382 0.2799448
vt 0.7605681 0.4419766
vt 0.6697248 0.3976854
vt 0.5470987 0.6021159
vt 0.6780913 0.0016360
vt 0.7979203 0.3914550
vt 0.8531212 0.1281514
vt 0.2209501 0.7929447
vt 0.2210419 0.8783844
vt 0.7082661 0.3962337
vt 0.3356921 0.9530147
vt 0.8002484 0.5736547
vt 0.8574560 0.0414896
vt 0.6866537 0.7993864
vt 0.9055618 0.8456335
vt 0.7122842 0.1254148
vt 0.8284565 0.9455979
vt 0.8031589 0.7554190
vt 0.8543416 0.8026621
vt 0.5693909 0.7865683
vt 0.9043413 0.1325891
vt 0.0375608 0.7076191
vt 0.4180412 0.9530144
vt 0.7775946 0.7946227
vt 0.6084150 0.8284839
vt 0.7861322 0.4419884
vt 0.9055618 0.7685661
vt 0.5823544 0.7080532
vt 0.4776780 0.9530144
vt 0.7985834 0.2286911
vt 0.8591003 0.2373966
vt 0.8003880 0.6312591
vt 0.1954251 0.8783845
vt 0.7166191 0.0382176
vt 0.3052990 0.9530022
vt 0.8019383 0.1201050
vt 0.8628058 0.4465609
vt 0.2550252 0.7939531
vt 0.9055618 0.8070998
vt 0.6599590 0.7069622
vt 0.7776144 0.9454805
vt 0.7520305 0.7946055
vt 0.8628775 0.4060641
vt 0.0245974 0.7866691
vt 0.5694301 0.8720080
vt 0.7082660 0.3165264
vt 0.4478597 0.9530143
vt 0.7252591 0.7946177
vt 0.5438265 0.8204055
vt 0.1953859 0.7929448
vt 0.9073333 0.5022589
vt 0.7122841 0.1652684
vt 0.3875563 0.9529951
vt 0.7979203 0.3503131
vt 0.6596488 0.8284839
vt 0.8003634 0.6738508
vt 0.9082677 0.0060737
vt 0.7082660 0.3563800
vt 0.9467781 0.1932399
vt 0.8031589 0.7946227
vt 0.8799585 0.8411958
vt 0.7979221 0.3158770
vt 0.9055618 0.7300323
vt 0.2083493 0.7144297
vt 0.5086244 0.9510320
vt 0.8019383 0.1593087
vt 0.8561131 0.4978212
vt 0.7892079 0.7203344
vt 0.9086637 0.0459273
vt 0.2679886 0.7154381
vt 0.9479071 0.7191663
vt 0.5052989 0.8400899
vt 0.6854516 0.4978139
vt 0.8412651 0.7188795
vt 0.6737565 0.0979677
vt 0.5862924 0.5921455
vt 0.6207696 0.5954876
vt 0.0263594 0.9668624
vt 0.9119357 0.0719969
vt 0.9898239 0.4465609
vt 0.6336538 0.9098086
vt 0.9638580 0.8314430
vt 0.9983639 0.7965962
vt 0.5327546 0.9663336
vt 0.9106053 0.5286509
vt 0.7981243 0.9572825
vt 0.9279901 0.6423545
vt 0.9593023 0.2334121
vt 0.9049076 0.9522814
vt 0.5711643 0.9667618
vt 0.5218927 0.9283026
vt 0.4094636 0.9567881
vt 0.6440790 0.4209769
vt 0.2583497 0.8723031
vt 0.9938082 0.1979972
vt 0.3544387 0.9656153
vt 0.9115397 0.0324657
vt 0.4519449 0.9567878
vt 0.0887943 0.8955871
vt 0.9626372 0.1337059
vt 0.9954733 0.5430031
vt 0.9824344 0.0414912
vt 0.0407800 0.9258901
vt 0.3271145 0.9567883
vt 0.9278770 0.5475883
vt 0.9609674 0.5784180
vt 0.9955862 0.6554601
vt 0.9839451 0.9182647
vt 0.9076134 0.1589811
vt 0.4731855 0.9567879
vt 0.1399225 0.8951434
vt 0.7296873 0.9547902
vt 0.9980785 0.2422292
vt 0.9781118 0.1369796
vt 0.9076134 0.1204476
vt 0.4307043 0.9567881
vt 0.9254959 0.3229192
vt 0.9610803 0.6820110
vt 0.1399225 0.9297119
vt 0.0602198 0.9639212
vt 0.9088337 0.8720255
vt 0.2967212 0.9567757
vt 0.7776146 0.8462905
vt 0.3389641 0.9623417
vt 0.1013557 0.9604824
vt 0.9830710 0.9485951
vt 0.9088338 0.8334918
vt 0.6949972 0.1685404
vt 0.9254959 0.2843857
vt 0.2582971 0.8330603
vt 0.9955913 0.5964642
vt 0.1207119 0.9600171
vt 0.9088338 0.7949584
vt 0.9551102 0.0718151
vt 0.9262119 0.2019622
vt 0.9610855 0.6318788
vt 0.9968423 0.2804576
vt 0.0823154 0.9600171
vt 0.9060614 0.6268271
vt 0.9763508 0.0718151
vt 0.1140196 0.8955871
vt 0.9585864 0.3929029
vt 0.5524178 0.9672269
vt 0.7451620 0.9580640
vt 0.9088338 0.9105593
vt 0.8271523 0.1719666
vt 0.9254959 0.3614533
vt 0.9585864 0.3461623
vt 0.1399225 0.9600020
vt 0.1586690 0.9590538
vt 0.9088338 0.7564243
vt 0.7162378 0.1685404
vt 0.8284566 0.8849418
vt 0.2582971 0.7939066
vt 0.9971431 0.0982913
vt 0.9949365 0.3102806
vt 0.9173564 0.4372925
vt 0.9968693 0.0718151
vt 0.9391799 0.4505943
vt 0.7808865 0.9540105
vt 0.9971519 0.1327187
vt 0.9828473 0.9741574
vt 0.7273646 0.6724150
vt 0.6378443 0.9733286
vt 0.7492597 0.5998697
vt 0.6260419 0.4945416
vt 0.9049076 0.9185143
vt 0.2305472 0.9731358
vt 0.7272513 0.5776367
vt 0.2120260 0.9731359
vt 0.0627279 0.7008876
vt 0.2122231 0.7161795
vt 0.1698216 0.6809034
vt 0.3907606 0.7323389
vt 0.1143977 0.7214261
vt 0.5932176 0.4546847
vt 0.5931239 0.3383428
vt 0.8059118 0.1942584
vt 0.8883615 0.9744077
vt 0.5932176 0.3997858
vt 0.6955310 0.7242583
vt 0.5726629 0.7764536
vt 0.5931239 0.2834413
vt 0.8319968 0.9744074
vt 0.7510680 0.9750679
vt 0.5127582 0.7678165
vt 0.5931239 0.2543327
vt 0.5932175 0.3707003
vt 0.2806814 0.6781901
vt 0.9643245 0.9485936
vt 0.7253001 0.9492518
vt 0.5932176 0.3674283
vt 0.5931239 0.2510169
vt 0.0320568 0.7507409
vt 0.2768658 0.7445235
vt 0.9097082 0.9485936
vt 0.6601601 0.9492530
f 1/1 2/2 3/3
f 1/1 3/3 4/4
f 31/31 1/1 4/4
f 31/31 4/4 32/32
f 5/5 6/6 7/7
f 5/5 7/7 8/8
f 29/29 8/8 7/7
f 29/29 30/30 8/8
f 9/9 10/10 11/11
f 9/9 11/11 12/12
f 10/10 27/27 28/28
f 10/10 28/28 11/11
f 13/13 14/14 15/15
f 13/13 15/15 16/16
f 14/14 13/13 25/25
f 14/14 25/25 26/26
f 17/17 18/18 19/19
f 17/17 19/19 20/20
f 21/21 22/22 23/23
f 21/21 23/23 24/24
f 33/33 34/34 35/35
f 33/33 35/35 36/36
f 37/37 38/38 39/39
f 37/37 39/39 40/40
f 41/41 42/42 43/43
f 41/41 43/43 44/44
f 45/45 46/46 47/47
f 45/45 47/47 48/48
f 49/49 50/50 51/51
f 49/49 51/51 52/52
f 53/53 54/54 55/55
f 53/53 55/55 56/56
f 57/57 58/58 59/59
f 57/57 59/59 60/60
f 61/61 62/62 63/63
f 61/61 63/63 64/64
f 65/65 66/66 67/67
f 65/65 67/67 68/68
f 69/69 70/70 71/71
f 69/69 71/71 72/72
f 73/73 74/74 75/75
f 73/73 75/75 76/76
f 77/77 78/78 79/79
f 77/77 79/79 80/80
f 81/81 82/82 83/83
f 81/81 83/83 84/84
f 85/85 86/86 87/87
f 85/85 87/87 88/88
f 89/89 90/90 91/91
f 89/89 91/91 92/92
f 93/93 94/94 95/95
f 93/93 95/95 96/96
f 97/97 98/98 99/99
f 97/97 99/99 100/100
f 101/101 102/102 103/103
f 101/101 103/103 104/104
f 105/105 106/106 107/107
f 105/105 107/107 108/108
f 109/109 110/110 111/111
f 109/109 111/111 112/112
f 113/113 114/114 115/115
f 113/113 115/115 116/116
f 117/117 118/118 119/119
f 117/117 119/119 120/120
f 121/121 122/122 123/123
f 121/121 123/123 124/124
f 125/125 126/126 127/127
f 125/125 127/127 128/128
f 129/129 130/130 131/131
f 129/129 131/131 132/132
f 133/133 134/134 135/135
f 133/133 135/135 136/136
f 137/137 138/138 139/139
f 137/137 139/139 140/140
f 141/141 142/142 143/143
f 141/141 143/143 144/144
f 145/145 146/146 147/147
f 145/145 147/147 148/148
f 149/149 150/150 151/151
f 149/149 151/151 152/152
f 153/153 154/154 155/155
f 153/153 155/155 156/156
f 157/157 158/158 159/159
f 157/157 159/159 160/160
f 161/161 162/162 163/163
f 161/161 163/163 164/164
f 165/165 166/166 167/167
f 165/165 167/167 168/168
f 169/169 170/170 171/171
f 169/169 171/171 172/172
f 173/173 174/174 175/175
f 173/173 175/175 176/176
f 177/177 178/178 179/179
f 177/177 179/179 180/180
f 181/181 182/182 183/183
f 181/181 183/183 184/184
f 185/185 186/186 187/187
f 185/185 187/187 188/188
f 189/189 190/190 191/191
f 189/189 191/191 192/192
f 193/193 194/194 195/195
f 193/193 195/195 196/196
f 197/197 198/198 199/199
f 197/197 199/199 200/200
f 201/201 202/202 203/203
f 201/201 203/203 204/204
f 205/205 206/206 207/207
f 205/205 207/207 208/208
f 209/209 210/210 211/211
f 209/209 211/211 212/212
f 213/213 214/214 215/215
f 213/213 215/215 216/216
f 217/217 218/218 219/219
f 217/217 219/219 220/220
f 221/221 222/222 223/223
f 221/221 223/223 224/224
f 225/225 226/226 227/227
f 225/225 227/227 228/228
f 229/229 230/230 231/231
f 229/229 231/231 232/232
f 233/233 234/234 235/235
f 233/233 235/235 236/236
f 237/237 238/238 239/239
f 237/237 239/239 240/240
f 241/241 242/242 243/243
f 241/241 243/243 244/244
f 245/245 246/246 247/247
f 245/245 247/247 248/248
f 249/249 250/250 251/251
f 249/249 251/251 252/252
f 253/253 254/254 255/255
f 253/253 255/255 256/256
f 257/257 258/258 259/259
f 257/257 259/259 260/260
f 261/261 262/262 263/263
f 261/261 263/263 264/264
f 265/265 266/266 267/267
f 265/265 267/267 268/268
f 269/269 270/270 271/271
f 269/269 271/271 272/272
f 273/273 274/274 275/275
f 273/273 275/275 276/276
f 277/277 278/278 279/279
f 277/277 279/279 280/280
f 281/281 282/282 283/283
f 281/281 283/283 284/284
f 285/285 286/286 287/287
f 285/285 287/287 288/288
f 289/289 290/290 291/291
f 289/289 291/291 292/292
f 293/293 294/294 295/295
f 293/293 295/295 296/296
f 297/297 298/298 299/299
f 297/297 299/299 300/300
f 301/301 302/302 303/303
f 301/301 303/303 304/304
f 305/305 306/306 307/307
f 305/305 307/307 308/308
f 309/309 310/310 311/311
f 309/309 311/311 312/312
f 313/313 314/314 315/315
f 313/313 315/315 316/316
f 317/317 318/318 319/319
f 317/317 319/319 320/320
f 321/321 322/322 323/323
f 321/321 323/323 324/324
f 325/325 326/326 327/327
f 325/325 327/327 328/328
f 329/329 330/330 331/331
f 329/329 331/331 332/332
f 333/333 334/334 335/335
f 333/333 335/335 336/336
f 337/337 338/338 339/339
f 337/337 339/339 340/340
f 341/341 342/342 343/343
f 341/341 343/343 344/344
f 345/345 346/346 347/347
f 345/345 347/347 348/348
f 349/349 350/350 351/351
f 349/349 351/351 352/352
f 353/353 354/354 355/355
f 353/353 355/355 356/356
f 357/357 358/358 359/359
f 357/357 359/359 360/360
f 361/361 362/362 363/363
f 361/361 363/363 364/364
f 365/365 366/366 367/367
f 365/365 367/367 368/368
f 369/369 370/370 371/371
f 369/369 371/371 372/372
f 373/373 374/374 375/375
f 373/373 375/375 376/376
f 377/377 378/378 379/379
f 377/377 379/379 380/380
f 381/381 382/382 383/383
f 381/381 383/383 384/384
f 385/385 386/386 387/387
f 385/385 387/387 388/388
f 389/389 390/390 391/391
f 389/389 391/391 392/392
f 393/393 394/394 395/395
f 393/393 395/395 396/396
f 397/397 398/398 399/399
f 397/397 399/399 400/400
f 401/401 402/402 403/403
f 401/401 403/403 404/404
f 405/405 406/406 407/407
f 405/405 407/407 408/408
f 409/409 410/410 411/411
f 409/409 411/411 412/412
f 413/413 414/414 415/415
f 413/413 415/415 416/416
f 417/417 418/418 419/419
f 417/417 419/419 420/420
f 421/421 422/422 423/423
f 421/421 423/423 424/424
f 425/425 426/426 427/427
f 425/425 427/427 428/428
f 429/429 430/430 431/431
f 429/429 431/431 432/432
f 433/433 434/434 435/435
f 433/433 435/435 436/436
f 437/437 438/438 439/439
f 437/437 439/439 440/440
f 441/441 442/442 443/443
f 441/441 443/443 444/444
f 445/445 446/446 447/447
f 445/445 447/447 448/448
f 449/449 450/450 451/451
f 449/449 451/451 452/452
f 453/453 454/454 455/455
f 453/453 455/455 456/456
f 457/457 458/458 459/459
f 457/457 459/459 460/460
f 461/461 462/462 463/463
f 461/461 463/463 464/464
f 465/465 466/466 467/467
f 465/465 467/467 468/468
f 469/469 470/470 471/471
f 469/469 471/471 472/472
f 473/473 474/474 475/475
f 473/473 475/475 476/476
f 477/477 478/478 479/479
f 477/477 479/479 480/480
f 481/481 482/482 483/483
f 481/481 483/483 484/484
f 485/485 486/486 487/487
f 485/485 487/487 488/488
f 489/489 490/490 491/491
f 489/489 491/491 492/492
f 493/493 494/494 495/495
f 493/493 495/495 496/496
f 497/497 498/498 499/499
f 497/497 499/499 500/500
f 501/501 502/502 503/503
f 501/501 503/503 504/504
f 505/505 506/506 507/507
f 505/505 507/507 508/508
f 509/509 510/510 511/511
f 509/509 511/511 512/512
f 513/513 514/514 515/515
f 513/513 515/515 516/516
f 517/517 518/518 519/519
f 517/517 519/519 520/520
f 521/521 522/522 523/523
f 521/521 523/523 524/524
f 525/525 526/526 527/527
f 525/525 527/527 528/528
f 529/529 530/530 531/531
f 529/529 531/531 532/532
f 533/533 534/534 535/535
f 533/533 535/535 536/536
f 537/537 538/538 539/539
f 537/537 539/539 540/540
f 541/541 542/542 543/543
f 541/541 543/543 544/544
f 545/545 546/546 547/547
f 545/545 547/547 548/548
f 549/549 550/550 551/551
f 549/549 551/551 552/552
f 553/553 554/554 555/555
f 553/553 555/555 556/556
f 557/557 558/558 559/559
f 557/557 559/559 560/560
f 561/561 562/562 563/563
f 561/561 563/563 564/564
f 565/565 566/566 567/567
f 565/565 567/567 568/568
f 569/569 570/570 571/571
f 569/569 571/571 572/572
f 573/573 574/574 575/575
f 573/573 575/575 576/576
f 577/577 578/578 579/579
f 577/577 579/579 580/580
f 581/581 582/582 583/583
f 581/581 583/583 584/584
f 585/585 586/586 587/587
f 585/585 587/587 588/588
f 589/589 590/590 591/591
f 589/589 591/591 592/592
f 593/593 594/594 595/595
f 593/593 595/595 596/596
f 597/597 598/598 599/599
f 597/597 599/599 600/600
f 601/601 602/602 603/603
f 601/601 603/603 604/604
f 605/605 606/606 607/607
f 605/605 607/607 608/608
f 609/609 610/610 611/611
f 609/609 611/611 612/612
f 613/613 614/614 615/615
f 613/613 615/615 616/616
f 617/617 618/618 619/619
f 617/617 619/619 620/620
f 621/621 622/622 623/623
f 621/621 623/623 624/624
f 625/625 626/626 627/627
f 625/625 627/627 628/628
f 629/629 630/630 631/631
f 629/629 631/631 632/632
f 633/633 634/634 635/635
f 633/633 635/635 636/636
f 637/637 638/638 639/639
f 637/637 639/639 640/640
f 641/641 642/642 643/643
f 641/641 643/643 644/644
f 645/645 646/646 647/647
f 645/645 647/647 648/648
f 649/649 650/650 651/651
f 649/649 651/651 652/652
f 653/653 654/654 655/655
f 653/653 655/655 656/656
f 657/657 658/658 659/659
f 657/657 659/659 660/660
f 661/661 662/662 663/663
f 661/661 663/663 664/664
f 665/665 666/666 667/667
f 665/665 667/667 668/668
f 669/669 670/670 671/671
f 669/669 671/671 672/672
f 673/673 674/674 675/675
f 673/673 675/675 676/676
f 677/677 678/678 679/679
f 677/677 679/679 680/680
f 681/681 682/682 683/683
f 681/681 683/683 684/684
f 685/685 686/686 687/687
f 685/685 687/687 688/688
f 689/689 690/690 691/691
f 689/689 691/691 692/692
f 693/693 694/694 695/695
f 693/693 695/695 696/696
f 697/697 698/698 699/699
f 697/697 699/699 700/700
f 701/701 702/702 703/703
f 701/701 703/703 704/704
f 705/705 706/706 707/707
f 705/705 707/707 708/708
f 709/709 710/710 711/711
f 709/709 711/711 712/712
f 713/713 714/714 715/715
f 713/713 715/715 716/716
f 717/717 718/718 719/719
f 717/717 719/719 720/720
f 721/721 722/722 723/723
f 721/721 723/723 724/724
f 725/725 726/726 727/727
f 725/725 727/727 728/728
f 729/729 730/730 731/731
f 729/729 731/731 732/732
f 733/733 734/734 735/735
f 733/733 735/735 736/736
f 737/737 738/738 739/739
f 737/737 739/739 740/740
f 741/741 742/742 743/743
f 741/741 743/743 744/744
f 745/745 746/746 747/747
f 745/745 747/747 748/748
f 749/749 750/750 751/751
f 749/749 751/751 752/752
f 753/753 754/754 755/755
f 753/753 755/755 756/756
f 757/757 758/758 759/759
f 757/757 759/759 760/760
f 761/761 762/762 763/763
f 761/761 763/763 764/764
f 765/765 766/766 767/767
f 765/765 767/767 768/768
f 769/769 770/770 771/771
f 769/769 771/771 772/772
f 773/773 774/774 775/775
f 773/773 775/775 776/776
f 777/777 778/778 779/779
f 777/777 779/779 780/780
f 781/781 782/782 783/783
f 781/781 783/783 784/784
f 785/785 786/786 787/787
f 785/785 787/787 788/788
f 789/789 790/790 791/791
f 789/789 791/791 792/792
f 793/793 794/794 795/795
f 793/793 795/795 796/796
f 797/797 798/798 799/799
f 797/797 799/799 800/800
f 801/801 802/802 803/803
f 801/801 803/803 804/804
f 805/805 806/806 807/807
f 805/805 807/807 808/808
f 809/809 810/810 811/811
f 809/809 811/811 812/812
f 813/813 814/814 815/815
f 813/813 815/815 816/816
f 817/817 818/818 819/819
f 817/817 819/819 820/820
f 821/821 822/822 823/823
f 821/821 823/823 824/824
f 825/825 826/826 827/827
f 825/825 827/827 828/828
f 829/829 830/830 831/831
f 829/829 831/831 832/832
f 833/833 834/834 835/835
f 833/833 835/835 836/836
f 837/837 838/838 839/839
f 837/837 839/839 840/840
f 841/841 842/842 843/843
f 841/841 843/843 844/844
f 845/845 846/846 847/847
f 845/845 847/847 848/848
f 849/849 850/850 851/851
f 849/849 851/851 852/852
f 853/853 854/854 855/855
f 853/853 855/855 856/856
f 857/857 858/858 859/859
f 857/857 859/859 860/860
f 861/861 862/862 863/863
f 861/861 863/863 864/864
f 865/865 866/866 867/867
f 865/865 867/867 868/868
f 869/869 870/870 871/871
f 869/869 871/871 872/872
f 873/873 874/874 875/875
f 873/873 875/875 876/876
f 877/877 878/878 879/879
f 877/877 879/879 880/880
f 881/881 882/882 883/883
f 881/881 883/883 884/884
f 885/885 886/886 887/887
f 885/885 887/887 888/888
f 889/889 890/890 891/891
f 889/889 891/891 892/892
f 893/893 894/894 895/895
f 893/893 895/895 896/896
f 897/897 898/898 899/899
f 897/897 899/899 900/900
f 901/901 902/902 903/903
f 901/901 903/903 904/904
f 905/905 906/906 907/907
f 905/905 907/907 908/908
f 909/909 910/910 911/911
f 909/909 911/911 912/912
f 913/913 914/914 915/915
f 913/913 915/915 916/916
f 917/917 918/918 919/919
f 917/917 919/919 920/920
f 921/921 922/922 923/923
f 921/921 923/923 924/924
f 925/925 926/926 927/927
f 925/925 927/927 928/928
f 929/929 930/930 931/931
f 929/929 931/931 932/932
f 933/933 934/934 935/935
f 933/933 935/935 936/936
f 937/937 938/938 939/939
f 937/937 939/939 940/940
f 941/941 942/942 943/943
f 941/941 943/943 944/944
f 945/945 946/946 947/947
f 945/945 947/947 948/948
f 949/949 950/950 951/951
f 949/949 951/951 952/952
f 953/953 954/954 955/955
f 953/953 955/955 956/956
f 957/957 958/958 959/959
f 957/957 959/959 960/960
f 961/961 962/962 963/963
f 961/961 963/963 964/964
f 965/965 966/966 967/967
f 965/965 967/967 968/968
f 969/969 970/970 971/971
f 969/969 971/971 972/972
f 973/973 974/974 975/975
f 973/973 975/975 976/976
f 977/977 978/978 979/979
f 977/977 979/979 980/980
f 981/981 982/982 983/983
f 981/981 983/983 984/984
f 985/985 986/986 987/987
f 985/985 987/987 988/988
f 989/989 990/990 991/991
f 989/989 991/991 992/992
f 993/993 994/994 995/995
f 993/993 995/995 996/996
f 997/997 998/998 999/999
f 997/997 999/999 1000/1000
f 1001/1001 1002/1002 1003/1003
f 1001/1001 1003/1003 1004/1004
f 1005/1005 1006/1006 1007/1007
f 1005/1005 1007/1007 1008/1008
f 1009/1009 1010/1010 1011/1011
f 1009/1009 1011/1011 1012/1012
f 1013/1013 1014/1014 1015/1015
f 1013/1013 1015/1015 1016/1016
f 1017/1017 1018/1018 1019/1019
f 1017/1017 1019/1019 1020/1020
f 1021/1021 1022/1022 1023/1023
f 1021/1021 1023/1023 1024/1024
f 1025/1025 1026/1026 1027/1027
f 1025/1025 1027/1027 1028/1028
f 1029/1029 1030/1030 1031/1031
f 1029/1029 1031/1031 1032/1032
f 1033/1033 1034/1034 1035/1035
f 1033/1033 1035/1035 1036/1036
f 1037/1037 1038/1038 1039/1039
f 1037/1037 1039/1039 1040/1040
f 1041/1041 1042/1042 1043/1043
f 1041/1041 1043/1043 1044/1044
f 1045/1045 1046/1046 1047/1047
f 1045/1045 1047/1047 1048/1048
f 1049/1049 1050/1050 1051/1051
f 1049/1049 1051/1051 1052/1052
f 1053/1053 1054/1054 1055/1055
f 1053/1053 1055/1055 1056/1056
f 1057/1057 1058/1058 1059/1059
f 1057/1057 1059/1059 1060/1060
f 1061/1061 1062/1062 1063/1063
f 1061/1061 1063/1063 1064/1064
f 1065/1065 1066/1066 1067/1067
f 1065/1065 1067/1067 1068/1068
f 1069/1069 1070/1070 1071/1071
f 1069/1069 1071/1071 1072/1072
f 1073/1073 1074/1074 1075/1075
f 1073/1073 1075/1075 1076/1076
f 1077/1077 1078/1078 1079/1079
f 1077/1077 1079/1079 1080/1080
f 1081/1081 1082/1082 1083/1083
f 1081/1081 1083/1083 1084/1084
f 1085/1085 1086/1086 1087/1087
f 1085/1085 1087/1087 1088/1088
f 1089/1089 1090/1090 1091/1091
f 1089/1089 1091/1091 1092/1092
f 1093/1093 1094/1094 1095/1095
f 1093/1093 1095/1095 1096/1096
f 1097/1097 1098/1098 1099/1099
f 1097/1097 1099/1099 1100/1100
f 1101/1101 1102/1102 1103/1103
f 1101/1101 1103/1103 1104/1104
f 1105/1105 1106/1106 1107/1107
f 1105/1105 1107/1107 1108/1108
f 1109/1109 1110/1110 1111/1111
f 1109/1109 1111/1111 1112/1112
f 1113/1113 1114/1114 1115/1115
f 1113/1113 1115/1115 1116/1116
f 1117/1117 1118/1118 1119/1119
f 1117/1117 1119/1119 1120/1120
f 1121/1121 1122/1122 1123/1123
f 1121/1121 1123/1123 1124/1124
f 1125/1125 1126/1126 1127/1127
f 1125/1125 1127/1127 1128/1128
f 1129/1129 1130/1130 1131/1131
f 1129/1129 1131/1131 1132/1132
f 1133/1133 1134/1134 1135/1135
f 1133/1133 1135/1135 1136/1136
f 1137/1137 1138/1138 1139/1139
f 1137/1137 1139/1139 1140/1140
f 1141/1141 1142/1142 1143/1143
f 1141/1141 1143/1143 1144/1144
f 1145/1145 1146/1146 1147/1147
f 1145/1145 1147/1147 1148/1148
f 1149/1149 1150/1150 1151/1151
f 1149/1149 1151/1151 1152/1152
f 1153/1153 1154/1154 1155/1155
f 1153/1153 1155/1155 1156/1156
f 1157/1157 1158/1158 1159/1159
f 1157/1157 1159/1159 1160/1160
f 1161/1161 1162/1162 1163/1163
f 1161/1161 1163/1163 1164/1164
f 1165/1165 1166/1166 1167/1167
f 1165/1165 1167/1167 1168/1168
f 1169/1169 1170/1170 1171/1171
f 1169/1169 1171/1171 1172/1172
f 1173/1173 1174/1174 1175/1175
f 1173/1173 1175/1175 1176/1176
f 1177/1177 1178/1178 1179/1179
f 1177/1177 1179/1179 1180/1180
f 1181/1181 1182/1182 1183/1183
f 1181/1181 1183/1183 1184/1184
f 1185/1185 1186/1186 1187/1187
f 1185/1185 1187/1187 1188/1188
f 1189/1189 1190/1190 1191/1191
f 1189/1189 1191/1191 1192/1192
f 1193/1193 1194/1194 1195/1195
f 1193/1193 1195/1195 1196/1196
f 1197/1197 1198/1198 1199/1199
f 1197/1197 1199/1199 1200/1200
f 1201/1201 1202/1202 1203/1203
f 1201/1201 1203/1203 1204/1204
f 1205/1205 1206/1206 1207/1207
f 1205/1205 1207/1207 1208/1208
f 1209/1209 1210/1210 1211/1211
f 1209/1209 1211/1211 1212/1212
f 1213/1213 1214/1214 1215/1215
f 1213/1213 1215/1215 1216/1216
f 1217/1217 1218/1218 1219/1219
f 1217/1217 1219/1219 1220/1220
f 1221/1221 1222/1222 1223/1223
f 1221/1221 1223/1223 1224/1224
f 1225/1225 1226/1226 1227/1227
f 1225/1225 1227/1227 1228/1228
f 1229/1229 1230/1230 1231/1231
f 1229/1229 1231/1231 1232/1232
f 1233/1233 1234/1234 1235/1235
f 1233/1233 1235/1235 1236/1236
f 1237/1237 1238/1238 1239/1239
f 1237/1237 1239/1239 1240/1240
f 1241/1241 1242/1242 1243/1243
f 1241/1241 1243/1243 1244/1244
f 1245/1245 1246/1246 1247/1247
f 1245/1245 1247/1247 1248/1248
f 1249/1249 1250/1250 1251/1251
f 1249/1249 1251/1251 1252/1252
f 1253/1253 1254/1254 1255/1255
f 1253/1253 1255/1255 1256/1256
f 1257/1257 1258/1258 1259/1259
f 1257/1257 1259/1259 1260/1260
f 1261/1261 1262/1262 1263/1263
f 1261/1261 1263/1263 1264/1264
f 1265/1265 1266/1266 1267/1267
f 1265/1265 1267/1267 1268/1268
f 1269/1269 1270/1270 1271/1271
f 1269/1269 1271/1271 1272/1272
f 1273/1273 1274/1274 1275/1275
f 1273/1273 1275/1275 1276/1276
f 1277/1277 1278/1278 1279/1279
f 1277/1277 1279/1279 1280/1280
f 1281/1281 1282/1282 1283/1283
f 1281/1281 1283/1283 1284/1284
f 1285/1285 1286/1286 1287/1287
f 1285/1285 1287/1287 1288/1288
f 1289/1289 1290/1290 1291/1291
f 1289/1289 1291/1291 1292/1292
f 1293/1293 1294/1294 1295/1295
f 1293/1293 1295/1295 1296/1296
f 1297/1297 1298/1298 1299/1299
f 1297/1297 1299/1299 1300/1300
f 1301/1301 1302/1302 1303/1303
f 1301/1301 1303/1303 1304/1304
f 1305/1305 1306/1306 1307/1307
f 1305/1305 1307/1307 1308/1308
f 1309/1309 1310/1310 1311/1311
f 1309/1309 1311/1311 1312/1312
f 1313/1313 1314/1314 1315/1315
f 1313/1313 1315/1315 1316/1316
f 1317/1317 1318/1318 1319/1319
f 1317/1317 1319/1319 1320/1320
f 1321/1321 1322/1322 1323/1323
f 1321/1321 1323/1323 1324/1324
f 1325/1325 1326/1326 1327/1327
f 1325/1325 1327/1327 1328/1328
f 1329/1329 1330/1330 1331/1331
f 1329/1329 1331/1331 1332/1332
f 1333/1333 1334/1334 1335/1335
f 1333/1333 1335/1335 1336/1336
f 1337/1337 1338/1338 1339/1339
f 1337/1337 1339/1339 1340/1340
f 1341/1341 1342/1342 1343/1343
f 1341/1341 1343/1343 1344/1344
f 1345/1345 1346/1346 1347/1347
f 1345/1345 1347/1347 1348/1348
f 1349/1349 1350/1350 1351/1351
f 1349/1349 1351/1351 1352/1352
f 1353/1353 1354/1354 1355/1355
f 1353/1353 1355/1355 1356/1356
f 1357/1357 1358/1358 1359/1359
f 1357/1357 1359/1359 1360/1360
f 1361/1361 1362/1362 1363/1363
f 1361/1361 1363/1363 1364/1364
f 1365/1365 1366/1366 1367/1367
f 1365/1365 1367/1367 1368/1368
f 1369/1369 1370/1370 1371/1371
f 1369/1369 1371/1371 1372/1372
f 1373/1373 1374/1374 1375/1375
f 1373/1373 1375/1375 1376/1376
f 1377/1377 1378/1378 1379/1379
f 1377/1377 1379/1379 1380/1380
f 1381/1381 1382/1382 1383/1383
f 1381/1381 1383/1383 1384/1384
f 1385/1385 1386/1386 1387/1387
f 1385/1385 1387/1387 1388/1388
f 1389/1389 1390/1390 1391/1391
f 1389/1389 1391/1391 1392/1392
f 1393/1393 1394/1394 1395/1395
f 1393/1393 1395/1395 1396/1396
f 1397/1397 1398/1398 1399/1399
f 1397/1397 1399/1399 1400/1400
f 1401/1401 1402/1402 1403/1403
f 1401/1401 1403/1403 1404/1404
f 1405/1405 1406/1406 1407/1407
f 1405/1405 1407/1407 1408/1408
f 1409/1409 1410/1410 1411/1411
f 1409/1409 1411/1411 1412/1412
f 1413/1413 1414/1414 1415/1415
f 1413/1413 1415/1415 1416/1416
f 1417/1417 1418/1418 1419/1419
f 1417/1417 1419/1419 1420/1420
f 1421/1421 1422/1422 1423/1423
f 1421/1421 1423/1423 1424/1424
f 1425/1425 1426/1426 1427/1427
f 1425/1425 1427/1427 1428/1428
f 1429/1429 1430/1430 1431/1431
f 1429/1429 1431/1431 1432/1432
f 1433/1433 1434/1434 1435/1435
f 1433/1433 1435/1435 1436/1436
f 1437/1437 1438/1438 1439/1439
f 1437/1437 1439/1439 1440/1440
f 1441/1441 1442/1442 1443/1443
f 1441/1441 1443/1443 1444/1444
f 1445/1445 1446/1446 1447/1447
f 1445/1445 1447/1447 1448/1448
f 1449/1449 1450/1450 1451/1451
f 1449/1449 1451/1451 1452/1452
f 1453/1453 1454/1454 1455/1455
f 1453/1453 1455/1455 1456/1456
f 1457/1457 1458/1458 1459/1459
f 1457/1457 1459/1459 1460/1460
f 1461/1461 1462/1462 1463/1463
f 1461/1461 1463/1463 1464/1464
f 1465/1465 1466/1466 1467/1467
f 1465/1465 1467/1467 1468/1468
f 1469/1469 1470/1470 1471/1471
f 1469/1469 1471/1471 1472/1472
f 1473/1473 1474/1474 1475/1475
f 1473/1473 1475/1475 1476/1476
f 1477/1477 1478/1478 1479/1479
f 1477/1477 1479/1479 1480/1480
f 1481/1481 1482/1482 1483/1483
f 1481/1481 1483/1483 1484/1484
f 1485/1485 1486/1486 1487/1487
f 1485/1485 1487/1487 1488/1488
f 1489/1489 1490/1490 1491/1491
f 1489/1489 1491/1491 1492/1492
f 1493/1493 1494/1494 1495/1495
f 1493/1493 1495/1495 1496/1496
f 1497/1497 1498/1498 1499/1499
f 1497/1497 1499/1499 1500/1500
f 1501/1501 1502/1502 1503/1503
f 1501/1501 1503/1503 1504/1504
f 1505/1505 1506/1506 1507/1507
f 1505/1505 1507/1507 1508/1508
f 1509/1509 1510/1510 1511/1511
f 1509/1509 1511/1511 1512/1512
f 1513/1513 1514/1514 1515/1515
f 1513/1513 1515/1515 1516/1516
f 1517/1517 1518/1518 1519/1519
f 1517/1517 1519/1519 1520/1520
f 1521/1521 1522/1522 1523/1523
f 1521/1521 1523/1523 1524/1524
f 1525/1525 1526/1526 1527/1527
f 1525/1525 1527/1527 1528/1528
f 1529/1529 1530/1530 1531/1531
f 1529/1529 1531/1531 1532/1532
f 1533/1533 1534/1534 1535/1535
f 1533/1533 1535/1535 1536/1536
f 1537/1537 1538/1538 1539/1539
f 1537/1537 1539/1539 1540/1540
f 1541/1541 1542/1542 1543/1543
f 1541/1541 1543/1543 1544/1544
f 1545/1545 1546/1546 1547/1547
f 1545/1545 1547/1547 1548/1548
f 1549/1549 1550/1550 1551/1551
f 1549/1549 1551/1551 1552/1552
f 1553/1553 1554/1554 1555/1555
f 1553/1553 1555/1555 1556/1556
f 1557/1557 1558/1558 1559/1559
f 1557/1557 1559/1559 1560/1560
f 1561/1561 1562/1562 1563/1563
f 1561/1561 1563/1563 1564/1564
f 1565/1565 1566/1566 1567/1567
f 1565/1565 1567/1567 1568/1568
f 1569/1569 1570/1570 1571/1571
f 1569/1569 1571/1571 1572/1572
f 1573/1573 1574/1574 1575/1575
f 1573/1573 1575/1575 1576/1576
f 1577/1577 1578/1578 1579/1579
f 1577/1577 1579/1579 1580/1580
f 1581/1581 1582/1582 1583/1583
f 1581/1581 1583/1583 1584/1584
f 1585/1585 1586/1586 1587/1587
f 1585/1585 1587/1587 1588/1588
f 1589/1589 1590/1590 1591/1591
f 1589/1589 1591/1591 1592/1592
f 1593/1593 1594/1594 1595/1595
f 1593/1593 1595/1595 1596/1596
f 1597/1597 1598/1598 1599/1599
f 1597/1597 1599/1599 1600/1600
f 1601/1601 1602/1602 1603/1603
f 1601/1601 1603/1603 1604/1604
f 1605/1605 1606/1606 1607/1607
f 1605/1605 1607/1607 1608/1608
f 1609/1609 1610/1610 1611/1611
f 1609/1609 1611/1611 1612/1612
f 1613/1613 1614/1614 1615/1615
f 1613/1613 1615/1615 1616/1616
f 1617/1617 1618/1618 1619/1619
f 1617/1617 1619/1619 1620/1620
f 1621/1621 1622/1622 1623/1623
f 1621/1621 1623/1623 1624/1624
f 1625/1625 1626/1626 1627/1627
f 1625/1625 1627/1627 1628/1628
f 1629/1629 1630/1630 1631/1631
f 1629/1629 1631/1631 1632/1632
f 1633/1633 1634/1634 1635/1635
f 1633/1633 1635/1635 1636/1636
f 1637/1637 1638/1638 1639/1639
f 1637/1637 1639/1639 1640/1640
f 1641/1641 1642/1642 1643/1643
f 1641/1641 1643/1643 1644/1644
f 1645/1645 1646/1646 1647/1647
f 1645/1645 1647/1647 1648/1648
f 1649/1649 1650/1650 1651/1651
f 1649/1649 1651/1651 1652/1652
f 1653/1653 1654/1654 1655/1655
f 1653/1653 1655/1655 1656/1656
f 1657/1657 1658/1658 1659/1659
f 1657/1657 1659/1659 1660/1660
f 1661/1661 1662/1662 1663/1663
f 1661/1661 1663/1663 1664/1664
f 1665/1665 1666/1666 1667/1667
f 1665/1665 1667/1667 1668/1668
f 1669/1669 1670/1670 1671/1671
f 1669/1669 1671/1671 1672/1672
f 1673/1673 1674/1674 1675/1675
f 1673/1673 1675/1675 1676/1676
f 1677/1677 1678/1678 1679/1679
f 1677/1677 1679/1679 1680/1680
f 1681/1681 1682/1682 1683/1683
f 1681/1681 1683/1683 1684/1684
f 1685/1685 1686/1686 1687/1687
f 1685/1685 1687/1687 1688/1688
f 1689/1689 1690/1690 1691/1691
f 1689/1689 1691/1691 1692/1692
f 1693/1693 1694/1694 1695/1695
f 1693/1693 1695/1695 1696/1696
f 1697/1697 1698/1698 1699/1699
f 1697/1697 1699/1699 1700/1700
f 1701/1701 1702/1702 1703/1703
f 1701/1701 1703/1703 1704/1704
f 1705/1705 1706/1706 1707/1707
f 1705/1705 1707/1707 1708/1708
f 1709/1709 1710/1710 1711/1711
f 1709/1709 1711/1711 1712/1712
f 1713/1713 1714/1714 1715/1715
f 1713/1713 1715/1715 1716/1716
f 1717/1717 1718/1718 1719/1719
f 1717/1717 1719/1719 1720/1720
f 1721/1721 1722/1722 1723/1723
f 1721/1721 1723/1723 1724/1724
f 1725/1725 1726/1726 1727/1727
f 1725/1725 1727/1727 1728/1728
f 1729/1729 1730/1730 1731/1731
f 1729/1729 1731/1731 1732/1732
f 1733/1733 1734/1734 1735/1735
f 1733/1733 1735/1735 1736/1736
f 1737/1737 1738/1738 1739/1739
f 1737/1737 1739/1739 1740/1740
f 1741/1741 1742/1742 1743/1743
f 1741/1741 1743/1743 1744/1744
f 1745/1745 1746/1746 1747/1747
f 1745/1745 1747/1747 1748/1748
f 1749/1749 1750/1750 1751/1751
f 1749/1749 1751/1751 1752/1752
f 1753/1753 1754/1754 1755/1755
f 1753/1753 1755/1755 1756/1756
f 1757/1757 1758/1758 1759/1759
f 1757/1757 1759/1759 1760/1760
f 1761/1761 1762/1762 1763/1763
f 1761/1761 1763/1763 1764/1764
f 1765/1765 1766/1766 1767/1767
f 1765/1765 1767/1767 1768/1768
f 1769/1769 1770/1770 1771/1771
f 1769/1769 1771/1771 1772/1772
f 1773/1773 1774/1774 1775/1775
f 1773/1773 1775/1775 1776/1776
f 1777/1777 1778/1778 1779/1779
f 1777/1777 1779/1779 1780/1780
f 1781/1781 1782/1782 1783/1783
f 1781/1781 1783/1783 1784/1784
f 1785/1785 1786/1786 1787/1787
f 1785/1785 1787/1787 1788/1788
f 1789/1789 1790/1790 1791/1791
f 1789/1789 1791/1791 1792/1792
f 1793/1793 1794/1794 1795/1795
f 1793/1793 1795/1795 1796/1796
f 1797/1797 1798/1798 1799/1799
f 1797/1797 1799/1799 1800/1800
f 1801/1801 1802/1802 1803/1803
f 1801/1801 1803/1803 1804/1804
f 1805/1805 1806/1806 1807/1807
f 1805/1805 1807/1807 1808/1808
f 1809/1809 1810/1810 1811/1811
f 1809/1809 1811/1811 1812/1812
f 1813/1813 1814/1814 1815/1815
f 1813/1813 1815/1815 1816/1816
f 1817/1817 1818/1818 1819/1819
f 1817/1817 1819/1819 1820/1820
f 1821/1821 1822/1822 1823/1823
f 1821/1821 1823/1823 1824/1824
f 1825/1825 1826/1826 1827/1827
f 1825/1825 1827/1827 1828/1828
f 1829/1829 1830/1830 1831/1831
f 1829/1829 1831/1831 1832/1832
f 1833/1833 1834/1834 1835/1835
f 1833/1833 1835/1835 1836/1836
f 1837/1837 1838/1838 1839/1839
f 1837/1837 1839/1839 1840/1840
f 1841/1841 1842/1842 1843/1843
f 1841/1841 1843/1843 1844/1844
f 1845/1845 1846/1846 1847/1847
f 1845/1845 1847/1847 1848/1848
f 1849/1849 1850/1850 1851/1851
f 1849/1849 1851/1851 1852/1852
f 1853/1853 1854/1854 1855/1855
f 1853/1853 1855/1855 1856/1856
f 1857/1857 1858/1858 1859/1859
f 1857/1857 1859/1859 1860/1860
f 1861/1861 1862/1862 1863/1863
f 1861/1861 1863/1863 1864/1864
f 1865/1865 1866/1866 1867/1867
f 1865/1865 1867/1867 1868/1868
f 1869/1869 1870/1870 1871/1871
f 1869/1869 1871/1871 1872/1872
f 1873/1873 1874/1874 1875/1875
f 1873/1873 1875/1875 1876/1876
f 1877/1877 1878/1878 1879/1879
f 1877/1877 1879/1879 1880/1880
f 1881/1881 1882/1882 1883/1883
f 1881/1881 1883/1883 1884/1884
f 1885/1885 1886/1886 1887/1887
f 1885/1885 1887/1887 1888/1888
f 1889/1889 1890/1890 1891/1891
f 1889/1889 1891/1891 1892/1892
f 1893/1893 1894/1894 1895/1895
f 1893/1893 1895/1895 1896/1896
f 1897/1897 1898/1898 1899/1899
f 1897/1897 1899/1899 1900/1900
f 1901/1901 1902/1902 1903/1903
f 1901/1901 1903/1903 1904/1904
f 1905/1905 1906/1906 1907/1907
f 1905/1905 1907/1907 1908/1908
f 1909/1909 1910/1910 1911/1911
f 1909/1909 1911/1911 1912/1912
f 1913/1913 1914/1914 1915/1915
f 1913/1913 1915/1915 1916/1916
f 1917/1917 1918/1918 1919/1919
f 1917/1917 1919/1919 1920/1920
f 1921/1921 1922/1922 1923/1923
f 1921/1921 1923/1923 1924/1924
f 1925/1925 1926/1926 1927/1927
f 1925/1925 1927/1927 1928/1928
f 1929/1929 1930/1930 1931/1931
f 1929/1929 1931/1931 1932/1932
f 1933/1933 1934/1934 1935/1935
f 1933/1933 1935/1935 1936/1936
f 1937/1937 1938/1938 1939/1939
f 1937/1937 1939/1939 1940/1940
f 1941/1941 1942/1942 1943/1943
f 1941/1941 1943/1943 1944/1944
f 1945/1945 1946/1946 1947/1947
f 1945/1945 1947/1947 1948/1948
f 1949/1949 1950/1950 1951/1951
f 1949/1949 1951/1951 1952/1952
f 1953/1953 1954/1954 1955/1955
f 1953/1953 1955/1955 1956/1956
f 1957/1957 1958/1958 1959/1959
f 1957/1957 1959/1959 1960/1960
f 1961/1961 1962/1962 1963/1963
f 1961/1961 1963/1963 1964/1964
f 1965/1965 1966/1966 1967/1967
f 1965/1965 1967/1967 1968/1968
f 1969/1969 1970/1970 1971/1971
f 1969/1969 1971/1971 1972/1972
f 1973/1973 1974/1974 1975/1975
f 1973/1973 1975/1975 1976/1976
f 1977/1977 1978/1978 1979/1979
f 1977/1977 1979/1979 1980/1980
f 1981/1981 1982/1982 1983/1983
f 1981/1981 1983/1983 1984/1984
f 1985/1985 1986/1986 1987/1987
f 1985/1985 1987/1987 1988/1988
f 1989/1989 1990/1990 1991/1991
f 1989/1989 1991/1991 1992/1992
f 1993/1993 1994/1994 1995/1995
f 1993/1993 1995/1995 1996/1996
f 1997/1997 1998/1998 1999/1999
f 1997/1997 1999/1999 2000/2000
f 2001/2001 2002/2002 2003/2003
f 2001/2001 2003/2003 2004/2004
f 2005/2005 2006/2006 2007/2007
f 2005/2005 2007/2007 2008/2008
f 2009/2009 2010/2010 2011/2011
f 2009/2009 2011/2011 2012/2012
f 2013/2013 2014/2014 2015/2015
f 2013/2013 2015/2015 2016/2016
f 2017/2017 2018/2018 2019/2019
f 2017/2017 2019/2019 2020/2020
f 2021/2021 2022/2022 2023/2023
f 2021/2021 2023/2023 2024/2024
f 2025/2025 2026/2026 2027/2027
f 2025/2025 2027/2027 2028/2028
f 2029/2029 2030/2030 2031/2031
f 2029/2029 2031/2031 2032/2032
f 2033/2033 2034/2034 2035/2035
f 2033/2033 2035/2035 2036/2036
f 2037/2037 2038/2038 2039/2039
f 2037/2037 2039/2039 2040/2040
f 2041/2041 2042/2042 2043/2043
f 2041/2041 2043/2043 2044/2044
f 2045/2045 2046/2046 2047/2047
f 2045/2045 2047/2047 2048/2048
f 2049/2049 2050/2050 2051/2051
f 2049/2049 2051/2051 2052/2052
f 2053/2053 2054/2054 2055/2055
f 2053/2053 2055/2055 2056/2056
f 2057/2057 2058/2058 2059/2059
f 2057/2057 2059/2059 2060/2060
f 2061/2061 2062/2062 2063/2063
f 2061/2061 2063/2063 2064/2064
f 2065/2065 2066/2066 2067/2067
f 2065/2065 2067/2067 2068/2068
f 2069/2069 2070/2070 2071/2071
f 2069/2069 2071/2071 2072/2072
f 2073/2073 2074/2074 2075/2075
f 2073/2073 2075/2075 2076/2076
f 2077/2077 2078/2078 2079/2079
f 2077/2077 2079/2079 2080/2080
f 2081/2081 2082/2082 2083/2083
f 2081/2081 2083/2083 2084/2084
f 2085/2085 2086/2086 2087/2087
f 2085/2085 2087/2087 2088/2088
f 2089/2089 2090/2090 2091/2091
f 2089/2089 2091/2091 2092/2092
f 2093/2093 2094/2094 2095/2095
f 2093/2093 2095/2095 2096/2096
f 2097/2097 2098/2098 2099/2099
f 2097/2097 2099/2099 2100/2100
f 2101/2101 2102/2102 2103/2103
f 2101/2101 2103/2103 2104/2104
f 2105/2105 2106/2106 2107/2107
f 2105/2105 2107/2107 2108/2108
f 2109/2109 2110/2110 2111/2111
f 2109/2109 2111/2111 2112/2112
f 2113/2113 2114/2114 2115/2115
f 2113/2113 2115/2115 2116/2116
f 2117/2117 2118/2118 2119/2119
f 2117/2117 2119/2119 2120/2120
f 2121/2121 2122/2122 2123/2123
f 2121/2121 2123/2123 2124/2124
f 2125/2125 2126/2126 2127/2127
f 2125/2125 2127/2127 2128/2128
f 2129/2129 2130/2130 2131/2131
f 2129/2129 2131/2131 2132/2132
f 2133/2133 2134/2134 2135/2135
f 2133/2133 2135/2135 2136/2136
f 2137/2137 2138/2138 2139/2139
f 2137/2137 2139/2139 2140/2140
f 2141/2141 2142/2142 2143/2143
f 2141/2141 2143/2143 2144/2144
f 2145/2145 2146/2146 2147/2147
f 2145/2145 2147/2147 2148/2148
f 2149/2149 2150/2150 2151/2151
f 2149/2149 2151/2151 2152/2152
f 2153/2153 2154/2154 2155/2155
f 2153/2153 2155/2155 2156/2156
f 2157/2157 2158/2158 2159/2159
f 2157/2157 2159/2159 2160/2160
f 2161/2161 2162/2162 2163/2163
f 2161/2161 2163/2163 2164/2164
f 2165/2165 2166/2166 2167/2167
f 2165/2165 2167/2167 2168/2168
o monitor_002-0
usemtl monitor-cream-32
v -0.4863021 0.9624511 0.0499424
v -0.4863021 0.9624511 -0.2236937
v -0.4863021 0.7031047 -0.2236937
v -0.4863021 0.7031047 0.0499424
v 0.1632282 0.4230989 0.0499424
v 0.1770614 0.4849774 0.0499424
v 0.1341106 0.4849774 0.4169129
v 0.1216113 0.4230988 0.4441984
v 0.1354447 0.7497132 -0.3170275
v 0.1341106 1.0144490 -0.3170275
v 0.0948156 0.9821386 -0.2306176
v 0.0992939 0.7497132 -0.2306176
v -0.2649428 0.7096314 0.3406008
v -0.2649428 0.9830793 0.3406008
v -0.4863021 0.9624511 0.3235790
v -0.4863021 0.7031046 0.3235790
v -0.0922224 0.4369117 0.0499424
v -0.0922224 0.4369117 -0.3276400
v -0.0922224 0.4230989 -0.3443131
v -0.0922224 0.4230989 0.0499424
v -0.2649428 0.9830793 0.3406008
v -0.2649428 0.9830793 0.0499424
v -0.4863021 0.9624511 0.0499424
v -0.4863021 0.9624511 0.3235790
v -0.0922224 0.4369117 0.0499424
v -0.0922224 0.4369116 0.4275249
v -0.2649428 0.4361835 0.3406008
v -0.2649428 0.4361835 0.0499424
v -0.0922224 1.0625148 -0.3276396
v -0.0922224 1.0763276 -0.3443131
v -0.0922224 0.7497132 -0.3443131
v -0.0922224 0.7497132 -0.3276396
v -0.0922224 1.0625148 -0.3276396
v -0.0922224 0.7497132 -0.3276396
v -0.2649428 0.7096314 -0.2407153
v -0.2649428 0.9830793 -0.2407153
v -0.4863021 0.7031047 -0.2236937
v -0.4863021 0.9624511 -0.2236937
v -0.4863021 0.4437581 0.3235790
v -0.4863021 0.4437582 0.0499424
v -0.0922224 1.0625147 0.4275249
v -0.0922224 1.0625148 0.0499424
v -0.0922224 0.7497132 0.4275249
v -0.0922224 1.0625147 0.4275249
v 0.1216113 1.0763276 -0.3443131
v 0.1216113 0.7497132 -0.3443131
v -0.0922224 0.7497132 -0.3443131
v -0.0922224 1.0763276 -0.3443131
v 0.1632282 0.4230989 0.0499424
v 0.1216113 0.4230988 0.4441984
v -0.0922224 0.4230988 0.4441984
v -0.0922224 0.4230989 0.0499424
v 0.1216113 1.0763275 0.4441984
v 0.1469516 1.0763275 0.0499424
v -0.0922224 1.0763275 0.0499424
v -0.0922224 1.0763275 0.4441984
v 0.1216113 0.7497132 0.4441984
v 0.1216113 1.0763275 0.4441984
v -0.0922224 1.0763275 0.4441984
v -0.0922224 0.7497132 0.4441984
v 0.1354447 0.7497132 -0.3170275
v 0.1341106 0.4849775 -0.3170275
v 0.1216113 0.4230989 -0.3443131
v 0.1216113 0.7497132 -0.3443131
v -0.0922224 0.7497132 0.4441984
v -0.0922224 0.7497132 0.4275249
v -0.0922224 0.4369116 0.4275249
v -0.0922224 0.4230988 0.4441984
v 0.1469516 1.0763275 0.0499424
v 0.1607849 1.0144489 0.0499424
v 0.1341106 1.0144490 -0.3170275
v 0.1216113 1.0763276 -0.3443131
v -0.0922224 1.0763275 0.4441984
v -0.0922224 1.0763275 0.0499424
v -0.0922224 1.0625148 0.0499424
v -0.0922224 1.0625147 0.4275249
v 0.1354447 0.7497132 0.4169129
v 0.1341106 0.4849774 0.4169129
v 0.0948156 0.5172877 0.3305031
v 0.0992939 0.7497132 0.3305031
v 0.1770614 0.4849774 0.0499424
v 0.1341106 0.4849775 -0.3170275
v 0.0948156 0.5172878 -0.2306176
v 0.0992939 0.5172878 0.0499424
v 0.1607849 1.0144489 0.0499424
v 0.1341106 1.0144489 0.4169129
v 0.0948156 0.9821385 0.3305031
v 0.0992939 0.9821386 0.0499424
v 0.1354447 0.7497132 0.4169129
v 0.1341106 1.0144489 0.4169129
v 0.1216113 1.0763275 0.4441984
v 0.1216113 0.7497132 0.4441984
v 0.1341106 1.0144489 0.4169129
v 0.0948156 0.9821385 0.3305031
v 0.1216113 0.4230988 0.4441984
v -0.0922224 0.4230988 0.4441984
v 0.1216113 0.4230989 -0.3443131
v -0.0922224 0.4230989 -0.3443131
v -0.0922224 0.4369116 0.4275249
v -0.2649428 0.4361835 0.3406008
v -0.2649428 0.4361836 -0.2407153
v -0.4863021 0.4437582 -0.2236937
v -0.0922224 0.4369117 -0.3276400
v -0.4863021 0.4437581 0.3235790
v 0.1341106 0.4849775 -0.3170275
v 0.0948156 0.5172878 -0.2306176
v -0.4863021 0.7031046 0.3235790
v -0.4863021 0.4437582 0.0499424
v -0.4863021 0.4437581 0.3235790
v 0.1341106 1.0144490 -0.3170275
v 0.0948156 0.9821386 -0.2306176
v 0.1341106 0.4849774 0.4169129
v 0.0948156 0.5172877 0.3305031
v 0.1216113 1.0763276 -0.3443131
v -0.0922224 1.0763276 -0.3443131
v 0.1216113 0.4230989 -0.3443131
v -0.0922224 0.4230989 -0.3443131
v -0.0922224 1.0625148 -0.3276396
v -0.2649428 0.9830793 -0.2407153
v -0.2649428 0.4361836 -0.2407153
v -0.4863021 0.4437582 -0.2236937
v -0.0922224 0.4369117 -0.3276400
v -0.4863021 0.9624511 -0.2236937
v -0.4863021 0.9624511 0.3235790
v -0.1087971 0.3487080 -0.0720117
v -0.0510886 0.2813338 -0.1381844
v -0.1604651 0.2813338 -0.1761580
v -0.1797015 0.3427538 -0.1161440
v -0.1797015 0.3427538 -0.1161440
v -0.1604651 0.2813338 -0.1761580
v -0.2698420 0.2813338 -0.1761580
v -0.2506053 0.3427538 -0.1161440
v -0.2506053 0.3427538 -0.1161440
v -0.2698420 0.2813338 -0.1761580
v -0.3792182 0.2813338 -0.1381844
v -0.3215090 0.3487080 -0.0720117
v -0.1087971 0.4077037 -0.0720117
v -0.1087971 0.3487080 -0.0720117
v -0.1797015 0.3427538 -0.1161440
v -0.1797015 0.4136579 -0.1161440
v -0.2506053 0.3427538 -0.1161440
v -0.2506053 0.4136579 -0.1161440
v -0.3215090 0.3487080 -0.0720117
v -0.3215090 0.4077037 -0.0720117
v -0.3599970 0.3427538 0.0092910
v -0.4123344 0.2813337 -0.0127667
v -0.3599970 0.3427538 0.0905941
v -0.4123344 0.2813337 0.1126515
v -0.3215090 0.3487080 0.1718968
v -0.3792182 0.2813337 0.2380692
v -0.3215090 0.4077037 -0.0720117
v -0.3215090 0.3487080 -0.0720117
v -0.3599970 0.3427538 0.0092910
v -0.3599970 0.4136578 0.0092910
v -0.3599970 0.4136578 0.0905941
v -0.3599970 0.3427538 0.0905941
v -0.3215090 0.3487080 0.1718968
v -0.3215090 0.4077037 0.1718968
v -0.2698420 0.2813337 0.2760429
v -0.2506053 0.3427538 0.2160291
v -0.1604651 0.2813337 0.2760429
v -0.1797015 0.3427538 0.2160291
v -0.2506053 0.3427538 0.2160291
v -0.2698420 0.2813337 0.2760429
v -0.0510886 0.2813337 0.2380692
v -0.1087971 0.3487080 0.1718968
v -0.1797015 0.3427538 0.2160291
v -0.1604651 0.2813337 0.2760429
v -0.2506053 0.3427538 0.2160291
v -0.2506053 0.4136578 0.2160291
v -0.3215090 0.4077037 0.1718968
v -0.3215090 0.3487080 0.1718968
v -0.1797015 0.3427538 0.2160291
v -0.1797015 0.4136578 0.2160291
v -0.1087971 0.3487080 0.1718968
v -0.1087971 0.4077037 0.1718968
v -0.0179718 0.2813337 0.1126515
v -0.0703098 0.3427538 0.0905941
v -0.0179718 0.2813337 0.1126515
v -0.0179718 0.2813337 -0.0127667
v -0.0703098 0.3427538 0.0092910
v -0.0703098 0.3427538 0.0905941
v -0.0510886 0.2813338 -0.1381844
v -0.1087971 0.3487080 -0.0720117
v -0.0703098 0.4136578 0.0905941
v -0.1087971 0.4077037 0.1718968
v -0.1087971 0.3487080 0.1718968
v -0.0703098 0.4136578 0.0092910
v -0.1087971 0.3487080 -0.0720117
v -0.1087971 0.4077037 -0.0720117
v -0.4909455 0.2824084 0.3598323
v -0.4909455 0.2824085 -0.2599472
v -0.4909455 0.2671909 -0.2599472
v -0.4909455 0.2671908 0.3598323
v 0.0495620 0.2824085 -0.2599472
v 0.0495620 0.2671909 -0.2599472
v -0.4909455 0.2671909 -0.2599472
v -0.4909455 0.2824085 -0.2599472
v 0.0495620 0.2824085 -0.2599472
v 0.0495620 0.2824084 0.3598323
v 0.0495620 0.2671908 0.3598323
v 0.0495620 0.2671909 -0.2599472
v 0.0495620 0.2671908 0.3598323
v 0.0495620 0.2824084 0.3598323
v -0.4909455 0.2824084 0.3598323
v -0.4909455 0.2671908 0.3598323
v 0.0495620 0.2671909 -0.2599472
v 0.0495620 0.2671908 0.3598323
v -0.4909455 0.2671908 0.3598323
v -0.4909455 0.2671909 -0.2599472
v 0.0495620 0.2824084 0.3598323
v 0.0495620 0.2824085 -0.2599472
v -0.4909455 0.2824085 -0.2599472
v -0.4909455 0.2824084 0.3598323
v -0.4679437 0.3762059 -0.2019927
v -0.4679437 0.3762058 0.3071205
v -0.4695010 0.4522551 0.3044988
v -0.4695010 0.4522551 -0.2046139
v 0.0683573 0.4522552 -0.3220932
v 0.0683573 0.3411022 -0.3220932
v -0.2641096 0.3411022 -0.2169074
v -0.2641096 0.4522551 -0.2169074
v 0.0683573 0.4522552 -0.3220932
v 0.0683573 0.4522551 0.4219783
v 0.0683573 0.3411021 0.4219783
v 0.0683573 0.3411022 -0.3220932
v -0.2641096 0.3411021 0.3167925
v -0.2641096 0.4522551 0.3167922
v -0.4695010 0.4522551 0.3044988
v -0.4679437 0.3762058 0.3071205
v 0.0683573 0.3411022 -0.3220932
v 0.0683573 0.3411021 0.4219783
v -0.2641096 0.3411021 0.3167925
v -0.2641096 0.3411022 -0.2169074
v -0.2641096 0.4522551 0.3167922
v -0.2641096 0.4522551 -0.2169074
v -0.4695010 0.4522551 -0.2046139
v -0.4695010 0.4522551 0.3044988
v 0.0683573 0.4522551 0.4219783
v 0.0683573 0.4522552 -0.3220932
v -0.4679437 0.3762058 0.3071205
v -0.4679437 0.3762059 -0.2019927
v 0.0683573 0.3411021 0.4219783
v 0.0683573 0.4522551 0.4219783
v -0.4679437 0.3762059 -0.2019927
v -0.4695010 0.4522551 -0.2046139
v -0.4863021 0.4437582 -0.2236937
vt 0.8182778 0.5132837
vt 0.9163259 0.6198404
vt 0.0017343 0.1432505
vt 0.0276160 0.2745401
vt 0.1361689 0.0115981
vt 0.2321896 0.0422972
vt 0.7888922 0.1466984
vt 0.8799696 0.0428271
vt 0.5368049 0.1430022
vt 0.5424801 0.0017343
vt 0.6202003 0.2411751
vt 0.7115201 0.1370277
vt 0.0017343 0.6930788
vt 0.0725149 0.5889315
vt 0.2797657 0.0077086
vt 0.4082853 0.0017343
vt 0.4390936 0.5578193
vt 0.3651636 0.7028326
vt 0.2740905 0.7055100
vt 0.1629605 0.5950307
vt 0.5459487 0.2723212
vt 0.7149888 0.1302539
vt 0.8983822 0.7298760
vt 0.8110456 0.8640604
vt 0.9880878 0.1430022
vt 0.8834382 0.2842699
vt 0.2537016 0.5577852
vt 0.1664291 0.6990530
vt 0.7202296 0.8640605
vt 0.8075771 0.7298753
vt 0.1361689 0.0115981
vt 0.0022369 0.0017343
vt 0.4082853 0.2842700
vt 0.5368049 0.2782956
vt 0.2701969 0.1431467
vt 0.2448966 0.0115896
vt 0.2740905 0.2842699
vt 0.2797657 0.1430022
vt 0.1363066 0.2745485
vt 0.0414119 0.2433312
vt 0.9518327 0.6447747
vt 0.9197944 0.7453038
vt 0.9833404 0.6447747
vt 0.9553012 0.7453038
vt 0.1363066 0.2745485
vt 0.2706220 0.2842360
vt 0.2450343 0.2745401
vt 0.7202296 0.9982553
vt 0.8983822 0.9982656
vt 0.7149888 0.2587736
vt 0.3651636 0.8151831
vt 0.4390936 0.8148586
vt 0.0274782 0.0115896
vt 0.7202296 0.6198404
vt 0.7202296 0.7263971
vt 0.9553012 0.5442456
vt 0.9197943 0.5442456
vt 0.1664291 0.8403209
vt 0.8834382 0.0017343
vt 0.6202003 0.0328805
vt 0.1629605 0.7911268
vt 0.7115202 0.0389797
vt 0.7210588 0.4660329
vt 0.7497465 0.4999052
vt 0.6315414 0.7984697
vt 0.6084037 0.7639936
vt 0.7210588 0.3092425
vt 0.7762173 0.3013450
vt 0.6582097 0.8257072
vt 0.6315414 0.7984697
vt 0.6315414 0.7695102
vt 0.6339704 0.7388317
vt 0.7657050 0.3541877
vt 0.7657050 0.3833198
vt 0.7497153 0.4124519
vt 0.4615772 0.7855421
vt 0.4882436 0.8146741
vt 0.4591116 0.8438062
vt 0.4858166 0.8729383
vt 0.7315772 0.4497690
vt 0.5526198 0.7559257
vt 0.5758031 0.7950569
vt 0.6641420 0.7802368
vt 0.7050558 0.8097467
vt 0.5758031 0.7950569
vt 0.6025050 0.8257179
vt 0.5758031 0.7660939
vt 0.5782657 0.7388315
vt 0.6862235 0.7388288
vt 0.5491512 0.7595022
vt 0.5252777 0.7968547
vt 0.5486922 0.8495807
vt 0.4961622 0.7677109
vt 0.5222993 0.7388415
vt 0.5222993 0.8262271
vt 0.8834381 0.5098150
vt 0.8896906 0.2877385
vt 0.9188499 0.5084994
vt 0.9125975 0.2877393
vt 0.8931591 0.5097883
vt 0.8994080 0.2877418
vt 0.9028766 0.2877392
vt 0.9091290 0.5085267
vt 0.4961623 0.5098150
vt 0.7175902 0.2877386
vt 0.4961622 0.7353601
vt 0.7167611 0.5132837
vt 0.8244488 0.2886778
vt 0.7932019 0.4701614
vt 0.4425621 0.5578193
vt 0.4882437 0.6977102
vt 0.2247205 0.5542846
vt 0.2703635 0.2877284
vt 0.8799695 0.3468978
vt 0.8343193 0.2625176
vt 0.2740905 0.5543508
vt 0.4102912 0.3254283
vt 0.1374249 0.5166270
vt 0.2212519 0.3297992
vt 0.0017343 0.5543167
vt 0.4926937 0.3288940
vt 0.8799695 0.4867589
vt 0.4738093 0.7815423
vt 0.9163259 0.7263971
vt 0.9163259 0.5132837
vt 0.8182778 0.6198404
vt 0.0269520 0.1433388
vt 0.0023849 0.2842360
vt 0.2448966 0.0115896
vt 0.1366860 0.0423258
vt 0.7888922 0.0343479
vt 0.8799696 0.1493838
vt 0.5368049 0.0077087
vt 0.5424801 0.1430022
vt 0.6202003 0.1370277
vt 0.7115201 0.2350758
vt 0.0017343 0.5577852
vt 0.0725149 0.6930788
vt 0.2740905 0.0017343
vt 0.4082853 0.0077086
vt 0.4390936 0.6863390
vt 0.3651636 0.5904821
vt 0.2740905 0.5989533
vt 0.1629605 0.6930788
vt 0.5459487 0.1370277
vt 0.7149888 0.0017343
vt 0.8983822 0.8640708
vt 0.8110456 0.7298656
vt 0.9710388 0.2842699
vt 0.8834382 0.1430022
vt 0.2640438 0.6990530
vt 0.1664291 0.5577852
vt 0.7202296 0.7298656
vt 0.8075771 0.8640701
vt 0.0274782 0.0115896
vt 0.1363555 0.0017343
vt 0.4082853 0.2782956
vt 0.5424801 0.2842700
vt 0.2445958 0.1432350
vt 0.2704740 0.0017343
vt 0.2740905 0.1430022
vt 0.2797657 0.2782956
vt 0.0276160 0.2745401
vt 0.1367913 0.2433597
vt 0.9343029 0.7762657
vt 0.9216220 0.6447747
vt 0.9724128 0.7762657
vt 0.9571357 0.6447747
vt 0.2450343 0.2745401
vt 0.1365034 0.2842360
vt 0.2322948 0.2433312
vt 0.8075771 0.9982650
vt 0.8110456 0.9982552
vt 0.7888922 0.2590489
vt 0.2740905 0.8120668
vt 0.8799696 0.2559406
vt 0.0413066 0.0422972
vt 0.8182778 0.7263971
vt 0.9724127 0.5132836
vt 0.9343029 0.5132836
vt 0.2537017 0.8403209
vt 0.9710387 0.0017343
vt 0.5459487 0.0017343
vt 0.0725149 0.7972260
vt 0.0017343 0.8283722
vt 0.7202296 0.5132837
vt 0.7497465 0.4532375
vt 0.7276655 0.4985938
vt 0.6084037 0.8086665
vt 0.6315414 0.7695102
vt 0.7315772 0.2877386
vt 0.7497153 0.3250557
vt 0.6339704 0.8257101
vt 0.6606734 0.7984662
vt 0.6606734 0.7695068
vt 0.6582097 0.7388288
vt 0.7897333 0.3462842
vt 0.7897333 0.3912233
vt 0.7762173 0.4361625
vt 0.4858166 0.7855421
vt 0.4591116 0.8146741
vt 0.4882436 0.8438062
vt 0.4615772 0.8729383
vt 0.7210588 0.4282651
vt 0.5758031 0.7660939
vt 0.5526198 0.8006042
vt 0.6954695 0.7779353
vt 0.6862235 0.8213499
vt 0.6049352 0.7950537
vt 0.5782657 0.8257206
vt 0.6049352 0.7660906
vt 0.6025050 0.7388288
vt 0.7050558 0.7463956
vt 0.5491512 0.8044360
vt 0.5252777 0.7677261
vt 0.5222993 0.8262271
vt 0.4980738 0.7388288
vt 0.4961622 0.7968394
vt 0.4980738 0.8262144
vt 0.8834382 0.2877385
vt 0.8896906 0.5098150
vt 0.9125975 0.5085001
vt 0.9188499 0.2877386
vt 0.8931591 0.2877386
vt 0.8994079 0.5097916
vt 0.9091290 0.2877385
vt 0.9028766 0.5085273
vt 0.4961623 0.2877386
vt 0.7175902 0.5098151
vt 0.4961622 0.5132837
vt 0.7167611 0.7353602
vt 0.8244487 0.4711007
vt 0.7932019 0.2877386
vt 0.4882311 0.5578232
vt 0.4425747 0.6977062
vt 0.2247205 0.2877045
vt 0.2703635 0.5543085
vt 0.8343005 0.3468902
vt 0.8655661 0.2632599
vt 0.2740905 0.2877386
vt 0.4102912 0.5166610
vt 0.1374250 0.3253943
vt 0.2212519 0.5122221
vt 0.0017343 0.2877045
vt 0.4926937 0.5113169
vt 0.8343005 0.4867513
vt 0.4425621 0.7820736
f 2169/2169 2170/2170 2171/2171
f 2169/2169 2171/2171 2172/2172
f 2292/2292 2169/2169 2172/2172
f 2172/2172 2171/2171 2415/2415
f 2275/2275 2172/2172 2276/2276
f 2292/2292 2172/2172 2275/2275
f 2172/2172 2415/2415 2276/2276
f 2275/2275 2276/2276 2277/2277
f 2173/2173 2174/2174 2175/2175
f 2173/2173 2175/2175 2176/2176
f 2174/2174 2173/2173 2231/2231
f 2174/2174 2231/2231 2230/2230
f 2229/2229 2230/2230 2231/2231
f 2229/2229 2231/2231 2232/2232
f 2239/2239 2229/2229 2232/2232
f 2239/2239 2232/2232 2240/2240
f 2237/2237 2238/2238 2239/2239
f 2237/2237 2239/2239 2240/2240
f 2238/2238 2237/2237 2259/2259
f 2238/2238 2259/2259 2258/2258
f 2257/2257 2258/2258 2259/2259
f 2257/2257 2259/2259 2260/2260
f 2175/2175 2257/2257 2260/2260
f 2175/2175 2260/2260 2176/2176
f 2177/2177 2178/2178 2179/2179
f 2177/2177 2179/2179 2180/2180
f 2273/2273 2177/2177 2180/2180
f 2273/2273 2180/2180 2274/2274
f 2181/2181 2182/2182 2183/2183
f 2181/2181 2183/2183 2184/2184
f 2211/2211 2182/2182 2181/2181
f 2267/2267 2211/2211 2181/2181
f 2267/2267 2181/2181 2268/2268
f 2268/2268 2181/2181 2184/2184
f 2211/2211 2212/2212 2182/2182
f 2268/2268 2184/2184 2272/2272
f 2185/2185 2186/2186 2187/2187
f 2185/2185 2187/2187 2188/2188
f 2235/2235 2185/2185 2188/2188
f 2200/2200 2187/2187 2186/2186
f 2200/2200 2199/2199 2187/2187
f 2197/2197 2199/2199 2200/2200
f 2197/2197 2198/2198 2199/2199
f 2242/2242 2198/2198 2197/2197
f 2242/2242 2197/2197 2243/2243
f 2241/2241 2242/2242 2243/2243
f 2241/2241 2243/2243 2244/2244
f 2241/2241 2244/2244 2234/2234
f 2241/2241 2234/2234 2233/2233
f 2233/2233 2234/2234 2235/2235
f 2233/2233 2235/2235 2236/2236
f 2235/2235 2188/2188 2236/2236
f 2189/2189 2190/2190 2191/2191
f 2189/2189 2191/2191 2192/2192
f 2209/2209 2190/2190 2189/2189
f 2209/2209 2210/2210 2190/2190
f 2210/2210 2287/2287 2190/2190
f 2190/2190 2287/2287 2291/2291
f 2190/2190 2291/2291 2191/2191
f 2210/2210 2286/2286 2287/2287
f 2193/2193 2194/2194 2195/2195
f 2193/2193 2195/2195 2196/2196
f 2290/2290 2193/2193 2196/2196
f 2196/2196 2195/2195 2207/2207
f 2196/2196 2207/2207 2208/2208
f 2288/2288 2196/2196 2208/2208
f 2290/2290 2196/2196 2288/2288
f 2288/2288 2208/2208 2289/2289
f 2201/2201 2202/2202 2203/2203
f 2201/2201 2203/2203 2204/2204
f 2202/2202 2271/2271 2269/2269
f 2202/2202 2269/2269 2203/2203
f 2204/2204 2203/2203 2205/2205
f 2203/2203 2269/2269 2270/2270
f 2203/2203 2270/2270 2205/2205
f 2204/2204 2205/2205 2206/2206
f 2213/2213 2214/2214 2215/2215
f 2213/2213 2215/2215 2216/2216
f 2214/2214 2265/2265 2266/2266
f 2214/2214 2266/2266 2215/2215
f 2217/2217 2218/2218 2219/2219
f 2217/2217 2219/2219 2220/2220
f 2284/2284 2217/2217 2220/2220
f 2284/2284 2220/2220 2285/2285
f 2221/2221 2222/2222 2223/2223
f 2221/2221 2223/2223 2224/2224
f 2222/2222 2282/2282 2283/2283
f 2222/2222 2283/2283 2223/2223
f 2225/2225 2226/2226 2227/2227
f 2225/2225 2227/2227 2228/2228
f 2263/2263 2225/2225 2228/2228
f 2263/2263 2228/2228 2264/2264
f 2245/2245 2246/2246 2247/2247
f 2245/2245 2247/2247 2248/2248
f 2261/2261 2245/2245 2248/2248
f 2261/2261 2248/2248 2262/2262
f 2249/2249 2250/2250 2251/2251
f 2249/2249 2251/2251 2252/2252
f 2280/2280 2249/2249 2252/2252
f 2280/2280 2252/2252 2281/2281
f 2253/2253 2254/2254 2255/2255
f 2253/2253 2255/2255 2256/2256
f 2278/2278 2253/2253 2256/2256
f 2278/2278 2256/2256 2279/2279
f 2293/2293 2294/2294 2295/2295
f 2293/2293 2295/2295 2296/2296
f 2297/2297 2298/2298 2299/2299
f 2297/2297 2299/2299 2300/2300
f 2301/2301 2302/2302 2303/2303
f 2301/2301 2303/2303 2304/2304
f 2313/2313 2304/2304 2303/2303
f 2313/2313 2303/2303 2314/2314
f 2315/2315 2313/2313 2314/2314
f 2315/2315 2314/2314 2316/2316
f 2317/2317 2315/2315 2316/2316
f 2317/2317 2316/2316 2318/2318
f 2327/2327 2328/2328 2317/2317
f 2327/2327 2317/2317 2318/2318
f 2305/2305 2306/2306 2307/2307
f 2305/2305 2307/2307 2308/2308
f 2308/2308 2307/2307 2309/2309
f 2308/2308 2309/2309 2310/2310
f 2310/2310 2309/2309 2311/2311
f 2310/2310 2311/2311 2312/2312
f 2319/2319 2320/2320 2321/2321
f 2319/2319 2321/2321 2322/2322
f 2323/2323 2322/2322 2321/2321
f 2323/2323 2321/2321 2324/2324
f 2325/2325 2326/2326 2323/2323
f 2325/2325 2323/2323 2324/2324
f 2329/2329 2330/2330 2331/2331
f 2329/2329 2331/2331 2332/2332
f 2333/2333 2334/2334 2335/2335
f 2333/2333 2335/2335 2336/2336
f 2333/2333 2345/2345 2346/2346
f 2333/2333 2346/2346 2334/2334
f 2337/2337 2338/2338 2339/2339
f 2337/2337 2339/2339 2340/2340
f 2341/2341 2338/2338 2337/2337
f 2341/2341 2342/2342 2338/2338
f 2343/2343 2342/2342 2341/2341
f 2343/2343 2344/2344 2342/2342
f 2347/2347 2348/2348 2349/2349
f 2347/2347 2349/2349 2350/2350
f 2348/2348 2351/2351 2352/2352
f 2348/2348 2352/2352 2349/2349
f 2356/2356 2350/2350 2349/2349
f 2356/2356 2349/2349 2357/2357
f 2350/2350 2353/2353 2354/2354
f 2350/2350 2354/2354 2355/2355
f 2356/2356 2353/2353 2350/2350
f 2356/2356 2357/2357 2358/2358
f 2359/2359 2360/2360 2361/2361
f 2359/2359 2361/2361 2362/2362
f 2363/2363 2364/2364 2365/2365
f 2363/2363 2365/2365 2366/2366
f 2367/2367 2368/2368 2369/2369
f 2367/2367 2369/2369 2370/2370
f 2371/2371 2372/2372 2373/2373
f 2371/2371 2373/2373 2374/2374
f 2375/2375 2376/2376 2377/2377
f 2375/2375 2377/2377 2378/2378
f 2379/2379 2380/2380 2381/2381
f 2379/2379 2381/2381 2382/2382
f 2383/2383 2384/2384 2385/2385
f 2383/2383 2385/2385 2386/2386
f 2387/2387 2388/2388 2389/2389
f 2387/2387 2389/2389 2390/2390
f 2390/2390 2389/2389 2413/2413
f 2390/2390 2413/2413 2414/2414
f 2391/2391 2392/2392 2393/2393
f 2391/2391 2393/2393 2394/2394
f 2395/2395 2396/2396 2397/2397
f 2395/2395 2397/2397 2398/2398
f 2411/2411 2396/2396 2395/2395
f 2411/2411 2412/2412 2396/2396
f 2399/2399 2400/2400 2401/2401
f 2399/2399 2401/2401 2402/2402
f 2402/2402 2401/2401 2409/2409
f 2402/2402 2409/2409 2410/2410
f 2403/2403 2404/2404 2405/2405
f 2403/2403 2405/2405 2406/2406
f 2407/2407 2404/2404 2403/2403
f 2407/2407 2408/2408 2404/2404
o monitor_002-1
usemtl monitor_glass-33
v 0.1430551 0.7497132 0.0499424
v 0.1357078 0.8450898 0.0499424
v 0.1317693 0.8462477 0.1664694
v 0.1357078 0.7497132 0.1650718
v 0.1317693 0.6531785 0.1664692
v 0.1357078 0.6543365 0.0499424
v 0.1357078 0.7497132 -0.0651862
v 0.1317693 0.6531786 -0.0665843
v 0.1317693 0.8462477 -0.0665843
v 0.1220563 0.7497132 -0.1910937
v 0.1123666 0.5497540 -0.1914276
v 0.0948163 0.5172878 -0.2306176
v 0.0992946 0.7497132 -0.2306176
v 0.1220563 0.5500306 0.0499424
v 0.0992946 0.5172877 0.0499424
v 0.1123666 0.9496724 0.2913131
v 0.1220563 0.9493958 0.0499424
v 0.0992946 0.9821386 0.0499424
v 0.0948163 0.9821385 0.3305031
v 0.1123666 0.5497540 0.2913129
v 0.1220563 0.7497132 0.2909792
v 0.0992946 0.7497132 0.3305031
v 0.0948163 0.5172877 0.3305031
v 0.1123666 0.9496724 -0.1914276
v 0.0948163 0.9821386 -0.2306176
vt 0.1361323 0.1431218
vt 0.1759508 0.1847982
vt 0.0966703 0.1847982
vt 0.1362125 0.1018275
vt 0.1759071 0.1013016
vt 0.0544025 0.0564498
vt 0.1366860 0.0423258
vt 0.0412972 0.1428428
vt 0.2184195 0.1429880
vt 0.2322948 0.2433312
vt 0.1364685 0.2293446
vt 0.0414119 0.2433312
vt 0.2321896 0.0422972
vt 0.0000000 0.0000000
vt 0.0000000 0.0000000
vt 0.0000000 0.0000000
vt 0.0000000 0.0000000
vt 0.0000000 0.0000000
vt 0.0000000 0.0000000
vt 0.0000000 0.0000000
vt 0.0000000 0.0000000
vt 0.0000000 0.0000000
vt 0.0000000 0.0000000
vt 0.0000000 0.0000000
vt 0.0000000 0.0000000
f 2416/2416 2417/2417 2418/2418
f 2416/2416 2418/2418 2419/2419
f 2416/2416 2419/2419 2420/2420
f 2416/2416 2420/2420 2421/2421
f 2422/2422 2416/2416 2421/2421
f 2417/2417 2416/2416 2422/2422
f 2418/2418 2417/2417 2432/2432
f 2418/2418 2432/2432 2431/2431
f 2419/2419 2418/2418 2431/2431
f 2420/2420 2419/2419 2436/2436
f 2419/2419 2431/2431 2436/2436
f 2420/2420 2436/2436 2435/2435
f 2421/2421 2420/2420 2435/2435
f 2422/2422 2421/2421 2423/2423
f 2423/2423 2421/2421 2429/2429
f 2421/2421 2435/2435 2429/2429
f 2435/2435 2436/2436 2437/2437
f 2435/2435 2437/2437 2438/2438
f 2429/2429 2435/2435 2438/2438
f 2436/2436 2431/2431 2434/2434
f 2436/2436 2434/2434 2437/2437
f 2431/2431 2432/2432 2433/2433
f 2431/2431 2433/2433 2434/2434
f 2432/2432 2440/2440 2433/2433
f 2439/2439 2428/2428 2440/2440
f 2432/2432 2439/2439 2440/2440
f 2439/2439 2425/2425 2428/2428
f 2424/2424 2425/2425 2439/2439
f 2417/2417 2424/2424 2439/2439
f 2417/2417 2439/2439 2432/2432
f 2425/2425 2427/2427 2428/2428
f 2425/2425 2426/2426 2427/2427
f 2422/2422 2426/2426 2425/2425
f 2424/2424 2422/2422 2425/2425
f 2417/2417 2422/2422 2424/2424
f 2422/2422 2423/2423 2426/2426
f 2426/2426 2429/2429 2430/2430
f 2426/2426 2430/2430 2427/2427
f 2423/2423 2429/2429 2426/2426
f 2429/2429 2438/2438 2430/2430
o mouse_001
usemtl mouse-cream-34
v 0.3686089 0.0565122 -0.4430625
v 0.3692266 0.0464036 -0.4005019
v 0.3674338 0.0550151 -0.4005019
v 0.3668163 0.0614240 -0.4430625
v 0.4246012 0.0758763 -0.4430625
v 0.4269500 0.0665474 -0.4430625
v 0.3977791 0.0615298 -0.4430625
v 0.3951474 0.0717116 -0.4430625
v 0.4275677 0.0608952 -0.4005019
v 0.4269500 0.0665474 -0.4430625
v 0.4246012 0.0758763 -0.4430625
v 0.4252189 0.0702241 -0.4005019
v 0.3983968 0.0558776 -0.4005019
v 0.3957651 0.0660594 -0.4005019
v 0.3674338 0.0550151 -0.4005019
v 0.3692266 0.0464036 -0.4005019
v 0.4269500 0.0665474 -0.4430625
v 0.4275677 0.0608952 -0.4005019
v 0.3983968 0.0558776 -0.4005019
v 0.3977791 0.0615298 -0.4430625
v 0.3957651 0.0660594 -0.4005019
v 0.3951474 0.0717116 -0.4430625
v 0.3668163 0.0614240 -0.4430625
v 0.3674338 0.0550151 -0.4005019
v 0.3692266 0.0464036 -0.5000098
v 0.3686089 0.0565122 -0.4574492
v 0.3668163 0.0614240 -0.4574492
v 0.3674338 0.0550151 -0.5000098
v 0.4269500 0.0665474 -0.4574492
v 0.4246012 0.0758763 -0.4574492
v 0.3951474 0.0717116 -0.4574492
v 0.3977791 0.0615298 -0.4574492
v 0.4269500 0.0665474 -0.4574492
v 0.4275677 0.0608952 -0.5000098
v 0.4252189 0.0702241 -0.5000098
v 0.4246012 0.0758763 -0.4574492
v 0.3957651 0.0660594 -0.5000098
v 0.3983968 0.0558776 -0.5000098
v 0.3692266 0.0464036 -0.5000098
v 0.3674338 0.0550151 -0.5000098
v 0.4275677 0.0608952 -0.5000098
v 0.4269500 0.0665474 -0.4574492
v 0.3977791 0.0615298 -0.4574492
v 0.3983968 0.0558776 -0.5000098
v 0.3951474 0.0717116 -0.4574492
v 0.3957651 0.0660594 -0.5000098
v 0.3674338 0.0550151 -0.5000098
v 0.3668163 0.0614240 -0.4574492
v 0.4246012 0.0758763 -0.4574492
v 0.4252189 0.0702241 -0.5000098
v 0.3686089 0.0565122 -0.4574492
v 0.3692266 0.0464036 -0.5000098
v 0.4252189 0.0702241 -0.5000098
v 0.4275677 0.0608952 -0.5000098
v 0.3668163 0.0614240 -0.4574492
v 0.3686089 0.0565122 -0.4574492
v 0.4252189 0.0702241 -0.4005019
v 0.4246012 0.0758763 -0.4430625
v 0.3692266 0.0464036 -0.4005019
v 0.3686089 0.0565122 -0.4430625
v 0.4275677 0.0608952 -0.4005019
v 0.4252189 0.0702241 -0.4005019
v 0.3686089 0.0565122 -0.4430625
v 0.3668163 0.0614240 -0.4430625
v 0.5298424 0.0017185 -0.4316583
v 0.5112068 0.0017185 -0.3931289
v 0.4417499 0.0017185 -0.3881242
v 0.4441244 0.0017185 -0.4316583
v 0.3633829 0.0017185 -0.3937940
v 0.3444983 0.0017185 -0.4316583
v 0.3788298 0.0630736 -0.4643412
v 0.3888476 0.0593883 -0.5001160
v 0.3681356 0.0457448 -0.5073874
v 0.3492513 0.0457448 -0.4695226
v 0.4797454 0.0620772 -0.5001160
v 0.5046425 0.0457478 -0.5073874
v 0.4363780 0.0493805 -0.5130567
v 0.4279096 0.0667739 -0.5042337
v 0.5046425 0.0457478 -0.3937940
v 0.5188659 0.0457478 -0.4316583
v 0.4989903 0.0620772 -0.4368397
v 0.4797454 0.0620772 -0.4010650
v 0.4363780 0.0493805 -0.3881242
v 0.4279096 0.0667739 -0.3969473
v 0.3888476 0.0593883 -0.4010650
v 0.3681356 0.0457448 -0.3937940
v 0.4279096 0.0667739 -0.5042337
v 0.4363780 0.0493805 -0.5130567
v 0.3681356 0.0457448 -0.5073874
v 0.3888476 0.0593883 -0.5001160
v 0.4279096 0.0667739 -0.3969473
v 0.4363780 0.0493805 -0.3881242
v 0.4417499 0.0237719 -0.3876281
v 0.3633829 0.0241126 -0.3937940
v 0.3633829 0.0241126 -0.5073874
v 0.3444983 0.0241126 -0.4695226
v 0.4344551 0.0710393 -0.4354671
v 0.3788298 0.0630736 -0.4368402
v 0.3888476 0.0593883 -0.4010650
v 0.4417499 0.0237719 -0.5135524
v 0.3633829 0.0241126 -0.5073874
v 0.5298424 0.0241141 -0.4316583
v 0.5188659 0.0457478 -0.4316583
v 0.5046425 0.0457478 -0.3937940
v 0.5112068 0.0240740 -0.3930705
v 0.5112068 0.0240740 -0.3930705
v 0.5046425 0.0457478 -0.3937940
v 0.5046425 0.0457478 -0.5073874
v 0.5112068 0.0240740 -0.5081099
v 0.5112068 0.0017185 -0.5080521
v 0.4417499 0.0017185 -0.5130567
v 0.5112068 0.0017185 -0.3931289
v 0.4417499 0.0017185 -0.3881242
v 0.5298424 0.0017185 -0.4316583
v 0.5112068 0.0017185 -0.3931289
v 0.3633829 0.0017185 -0.5073874
v 0.3633829 0.0017185 -0.5073874
v 0.3444983 0.0017185 -0.4695226
v 0.3633829 0.0017185 -0.3937940
v 0.3633829 0.0017185 -0.3937940
v 0.3633829 0.0241126 -0.3937940
v 0.3444983 0.0241126 -0.4316583
v 0.3444983 0.0017185 -0.4316583
v 0.5298424 0.0241141 -0.4695226
v 0.5298424 0.0017185 -0.4695226
v 0.5112068 0.0017185 -0.5080521
v 0.5112068 0.0240740 -0.5081099
v 0.5188659 0.0457478 -0.4695226
v 0.5046425 0.0457478 -0.5073874
v 0.4989903 0.0620772 -0.4643412
v 0.4344551 0.0710393 -0.4657138
v 0.3888476 0.0593883 -0.5001160
v 0.3788298 0.0630736 -0.4643412
v 0.3681356 0.0457448 -0.3937940
v 0.3492513 0.0457448 -0.4316583
v 0.5188659 0.0457478 -0.4695226
v 0.3888476 0.0593883 -0.4010650
v 0.3788298 0.0630736 -0.4368402
v 0.4417499 0.0017185 -0.5130567
v 0.4441244 0.0017185 -0.4695226
v 0.3444983 0.0017185 -0.4695226
v 0.3633829 0.0017185 -0.5073874
v 0.5112068 0.0017185 -0.5080521
v 0.5298424 0.0017185 -0.4695226
vt 0.9862208 0.8408505
vt 0.9643632 0.9474279
vt 0.9138933 0.8397004
vt 0.9384040 0.9134621
vt 0.9391988 0.9507565
vt 0.9635684 0.8378275
vt 0.8839559 0.7588548
vt 0.9008907 0.8361742
vt 0.0081629 0.6793408
vt 0.1169191 0.7563459
vt 0.7688789 0.9167480
vt 0.8776351 0.9913514
vt 0.9699796 0.8370326
vt 0.9829378 0.7223329
vt 0.8840463 0.8378275
vt 0.9108277 0.9156798
vt 0.9691848 0.7273284
vt 0.9448152 0.8338079
vt 0.9116225 0.7591098
vt 0.9440204 0.8370326
vt 0.7688789 0.6848429
vt 0.8776351 0.7590068
vt 0.0081629 0.9106190
vt 0.1169191 0.9897963
vt 0.0081629 0.8350631
vt 0.8776351 0.8345913
vt 0.9194384 0.6834994
vt 0.8971925 0.9914843
vt 0.7688789 0.8411922
vt 0.1169191 0.8342683
vt 0.8784299 0.6834223
vt 0.9384040 0.9890968
vt 0.2540027 0.0008281
vt 0.3805892 0.2971234
vt 0.3805894 0.5573312
vt 0.1351609 0.7498347
vt 0.1930940 0.6059241
vt 0.4464610 0.3367757
vt 0.3944905 0.1968516
vt 0.7742524 0.4251587
vt 0.6303418 0.4007761
vt 0.9407803 0.2554760
vt 0.9876668 0.4477113
vt 0.7383041 0.7193461
vt 0.6680380 0.5019271
vt 0.7222815 0.1658352
vt 0.8629366 0.2391461
vt 0.2654143 0.6059241
vt 0.6303411 0.1840395
vt 0.7222813 0.0008280
vt 0.5957177 0.5019271
vt 0.3578593 0.7313899
vt 0.4171421 0.5963132
vt 0.9297436 0.0270995
vt 0.5963699 0.9959185
vt 0.5233973 0.7621349
vt 0.7850931 0.2391461
vt 0.5018566 0.5954892
vt 0.3377346 0.6059241
vt 0.7850931 0.4993538
vt 0.2654142 0.9856854
vt 0.3377346 0.8590983
vt 0.5058147 0.8579772
vt 0.4171420 0.9930537
vt 0.3522843 0.9845644
vt 0.5384011 0.1840394
vt 0.5384011 0.0008281
vt 0.1930940 0.8590983
vt 0.1351609 0.9337149
vt 0.0008281 0.2971234
vt 0.1274152 0.5573312
vt 0.0008281 0.0633398
vt 0.9862208 0.8408505
vt 0.9643632 0.9474279
vt 0.9138933 0.8397004
vt 0.9384040 0.9134621
vt 0.9391988 0.9507565
vt 0.9635684 0.8378275
vt 0.8839559 0.7588548
vt 0.9008907 0.8361742
vt 0.0081629 0.6793408
vt 0.1169191 0.7563459
vt 0.7688789 0.9167480
vt 0.8776351 0.9913514
vt 0.9699796 0.8370326
vt 0.9829378 0.7223329
vt 0.8840463 0.8378275
vt 0.9108277 0.9156798
vt 0.9691848 0.7273284
vt 0.9448152 0.8338079
vt 0.9116225 0.7591098
vt 0.9440204 0.8370326
vt 0.7688789 0.6848429
vt 0.8776351 0.7590068
vt 0.0081629 0.9106190
vt 0.1169191 0.9897963
vt 0.0081629 0.8350631
vt 0.8776351 0.8345913
vt 0.9194384 0.6834994
vt 0.8971925 0.9914843
vt 0.7688789 0.8411922
vt 0.1169191 0.8342683
vt 0.8784299 0.6834223
vt 0.9384040 0.9890968
vt 0.2540027 0.0008281
vt 0.3805892 0.2971234
vt 0.3805894 0.5573312
vt 0.1351609 0.7498347
vt 0.1930940 0.6059241
vt 0.4464610 0.3367757
vt 0.3944905 0.1968516
vt 0.7742524 0.4251587
vt 0.6303418 0.4007761
vt 0.9407803 0.2554760
vt 0.9876668 0.4477113
vt 0.7383041 0.7193461
vt 0.6680380 0.5019271
vt 0.7222815 0.1658352
vt 0.8629366 0.2391461
vt 0.2654143 0.6059241
vt 0.6303411 0.1840395
vt 0.7222813 0.0008280
vt 0.5957177 0.5019271
vt 0.3578593 0.7313899
vt 0.4171421 0.5963132
vt 0.9297436 0.0270995
vt 0.5963699 0.9959185
vt 0.5233973 0.7621349
vt 0.7850931 0.2391461
vt 0.5018566 0.5954892
vt 0.3377346 0.6059241
vt 0.7850931 0.4993538
vt 0.2654142 0.9856854
vt 0.3377346 0.8590983
vt 0.5058147 0.8579772
vt 0.4171420 0.9930537
vt 0.3522843 0.9845644
vt 0.5384011 0.1840394
vt 0.5384011 0.0008281
vt 0.1930940 0.8590983
vt 0.1351609 0.9337149
vt 0.0008281 0.2971234
vt 0.1274152 0.5573312
vt 0.0008281 0.0633398
f 2441/2441 2442/2442 2443/2443
f 2441/2441 2443/2443 2444/2444
f 2445/2445 2446/2446 2447/2447
f 2445/2445 2447/2447 2448/2448
f 2448/2448 2447/2447 2503/2503
f 2448/2448 2503/2503 2504/2504
f 2449/2449 2450/2450 2451/2451
f 2449/2449 2451/2451 2452/2452
f 2453/2453 2454/2454 2455/2455
f 2453/2453 2455/2455 2456/2456
f 2501/2501 2454/2454 2453/2453
f 2501/2501 2502/2502 2454/2454
f 2457/2457 2458/2458 2459/2459
f 2457/2457 2459/2459 2460/2460
f 2460/2460 2459/2459 2499/2499
f 2460/2460 2499/2499 2500/2500
f 2461/2461 2462/2462 2463/2463
f 2461/2461 2463/2463 2464/2464
f 2497/2497 2462/2462 2461/2461
f 2497/2497 2498/2498 2462/2462
f 2465/2465 2466/2466 2467/2467
f 2465/2465 2467/2467 2468/2468
f 2469/2469 2470/2470 2471/2471
f 2469/2469 2471/2471 2472/2472
f 2472/2472 2471/2471 2495/2495
f 2472/2472 2495/2495 2496/2496
f 2473/2473 2474/2474 2475/2475
f 2473/2473 2475/2475 2476/2476
f 2477/2477 2478/2478 2479/2479
f 2477/2477 2479/2479 2480/2480
f 2493/2493 2478/2478 2477/2477
f 2493/2493 2494/2494 2478/2478
f 2481/2481 2482/2482 2483/2483
f 2481/2481 2483/2483 2484/2484
f 2484/2484 2483/2483 2491/2491
f 2484/2484 2491/2491 2492/2492
f 2485/2485 2486/2486 2487/2487
f 2485/2485 2487/2487 2488/2488
f 2489/2489 2486/2486 2485/2485
f 2489/2489 2490/2490 2486/2486
f 2505/2505 2506/2506 2507/2507
f 2505/2505 2507/2507 2508/2508
f 2584/2584 2505/2505 2508/2508
f 2508/2508 2507/2507 2509/2509
f 2508/2508 2509/2509 2510/2510
f 2580/2580 2508/2508 2510/2510
f 2584/2584 2508/2508 2580/2580
f 2583/2583 2584/2584 2580/2580
f 2579/2579 2580/2580 2581/2581
f 2580/2580 2510/2510 2581/2581
f 2583/2583 2580/2580 2579/2579
f 2579/2579 2581/2581 2582/2582
f 2511/2511 2512/2512 2513/2513
f 2511/2511 2513/2513 2514/2514
f 2578/2578 2511/2511 2514/2514
f 2513/2513 2535/2535 2536/2536
f 2513/2513 2536/2536 2514/2514
f 2575/2575 2514/2514 2536/2536
f 2578/2578 2514/2514 2575/2575
f 2577/2577 2578/2578 2575/2575
f 2561/2561 2574/2574 2575/2575
f 2561/2561 2575/2575 2562/2562
f 2575/2575 2536/2536 2562/2562
f 2577/2577 2575/2575 2574/2574
f 2535/2535 2558/2558 2536/2536
f 2562/2562 2536/2536 2558/2558
f 2535/2535 2557/2557 2558/2558
f 2562/2562 2558/2558 2563/2563
f 2560/2560 2561/2561 2562/2562
f 2560/2560 2562/2562 2563/2563
f 2515/2515 2516/2516 2517/2517
f 2515/2515 2517/2517 2518/2518
f 2570/2570 2515/2515 2518/2518
f 2576/2576 2516/2516 2515/2515
f 2576/2576 2515/2515 2570/2570
f 2570/2570 2518/2518 2571/2571
f 2571/2571 2518/2518 2572/2572
f 2521/2521 2570/2570 2571/2571
f 2520/2520 2576/2576 2570/2570
f 2520/2520 2570/2570 2521/2521
f 2521/2521 2571/2571 2537/2537
f 2571/2571 2572/2572 2573/2573
f 2537/2537 2571/2571 2573/2573
f 2519/2519 2520/2520 2521/2521
f 2519/2519 2521/2521 2522/2522
f 2522/2522 2521/2521 2537/2537
f 2531/2531 2537/2537 2538/2538
f 2522/2522 2537/2537 2531/2531
f 2537/2537 2573/2573 2538/2538
f 2519/2519 2522/2522 2531/2531
f 2519/2519 2531/2531 2532/2532
f 2531/2531 2538/2538 2539/2539
f 2523/2523 2524/2524 2525/2525
f 2523/2523 2525/2525 2526/2526
f 2533/2533 2523/2523 2526/2526
f 2546/2546 2547/2547 2523/2523
f 2546/2546 2523/2523 2533/2533
f 2533/2533 2526/2526 2534/2534
f 2552/2552 2546/2546 2533/2533
f 2552/2552 2533/2533 2553/2553
f 2553/2553 2533/2533 2534/2534
f 2553/2553 2534/2534 2559/2559
f 2527/2527 2528/2528 2529/2529
f 2527/2527 2529/2529 2530/2530
f 2528/2528 2540/2540 2541/2541
f 2528/2528 2541/2541 2529/2529
f 2548/2548 2540/2540 2528/2528
f 2548/2548 2549/2549 2540/2540
f 2549/2549 2551/2551 2540/2540
f 2540/2540 2551/2551 2556/2556
f 2540/2540 2556/2556 2541/2541
f 2549/2549 2550/2550 2551/2551
f 2542/2542 2543/2543 2544/2544
f 2542/2542 2544/2544 2545/2545
f 2554/2554 2542/2542 2545/2545
f 2564/2564 2542/2542 2554/2554
f 2542/2542 2564/2564 2568/2568
f 2542/2542 2568/2568 2543/2543
f 2554/2554 2545/2545 2555/2555
f 2564/2564 2554/2554 2565/2565
f 2564/2564 2565/2565 2566/2566
f 2564/2564 2566/2566 2567/2567
f 2568/2568 2564/2564 2567/2567
f 2568/2568 2567/2567 2569/2569
o pc_004-0
usemtl pc-cream-35
v -0.6250000 0.0043950 0.4526382
v -0.6234318 0.0029808 0.4526382
v -0.6234318 0.0043950 0.4542064
v -0.6250000 0.2609760 0.4526382
v -0.6234318 0.2609760 0.4542064
v -0.6234318 0.2638473 0.4526379
v -0.6250000 0.0043949 -0.3461699
v -0.6234318 0.0043949 -0.3477379
v -0.6234318 0.0029807 -0.3461699
v -0.6250000 0.2609758 -0.3461699
v -0.6234318 0.2638472 -0.3461699
v -0.6234318 0.2609758 -0.3477379
v -0.6234318 0.0029808 0.1846028
v -0.6250000 0.0043949 0.1846028
v -0.6234318 0.2177767 0.4542064
v -0.6234318 0.2609760 0.4542064
v -0.6250000 0.2609760 0.4526382
v -0.6250000 0.2177767 0.4526382
v -0.6234318 0.2638472 -0.0850013
v -0.6234318 0.2638472 -0.3461699
v -0.6250000 0.2609758 -0.3461699
v -0.6250000 0.2609759 -0.0850013
v -0.6234318 0.1110857 -0.3477379
v -0.6250000 0.1110857 -0.3461699
v 0.0881482 0.0077005 -0.3477379
v 0.0881482 0.0062863 -0.3461699
v -0.6234318 0.0029807 -0.3461699
v -0.6234318 0.0043949 -0.3477379
v 0.0881482 0.2609760 0.4542064
v 0.0881482 0.2638473 0.4526379
v 0.0881489 0.2638472 -0.3461699
v 0.0881482 0.2609758 -0.3477379
v 0.0881489 0.0062864 0.4526382
v 0.0881482 0.0077006 0.4542064
v -0.6234318 0.0043950 0.4542064
v -0.6234318 0.0029808 0.4526382
v -0.6234318 0.0029807 -0.0850013
v -0.6250000 0.0043949 -0.0850013
v -0.6234318 0.2638473 0.1846028
v -0.6250000 0.2609759 0.1846028
v -0.6234318 0.1110858 0.4542064
v -0.6250000 0.1110858 0.4526382
v -0.6234318 0.2609758 -0.3477379
v -0.6234318 0.2177765 -0.3477379
v -0.6250000 0.2177765 -0.3461699
v -0.6234318 0.2638473 0.4526379
v 0.0897164 0.0062864 0.1846028
v -0.6234318 0.0029808 0.1846028
v 0.0881482 0.1127386 0.4542064
v 0.0881482 0.2177767 0.4542064
v -0.6234318 0.2177767 0.4542064
v -0.6234318 0.1110858 0.4542064
v -0.6250000 0.2177766 0.1846028
v 0.0881482 0.2638473 0.4526379
v 0.0881482 0.2638473 0.1846028
v -0.6234318 0.2638473 0.1846028
v -0.6234318 0.2638473 0.4526379
v -0.6250000 0.1110857 -0.0850013
v 0.0881482 0.1127385 -0.3477379
v 0.0881482 0.0077005 -0.3477379
v -0.6234318 0.0043949 -0.3477379
v -0.6234318 0.1110857 -0.3477379
v 0.0897164 0.0062864 -0.0850013
v -0.6234318 0.0029807 -0.0850013
v 0.0881482 0.2638472 -0.0850013
v 0.0881489 0.2638472 -0.3461699
v -0.6234318 0.2638472 -0.3461699
v -0.6234318 0.2638472 -0.0850013
v 0.0881482 0.2177765 -0.3477379
v -0.6234318 0.2177765 -0.3477379
v -0.6250000 0.2177765 -0.0850013
v -0.6250000 0.1110858 0.1846028
v 0.0881482 0.0077006 0.4542064
v -0.6234318 0.0043950 0.4542064
vt 0.0179160 0.4128755
vt 0.1830982 0.4128752
vt 0.0172533 0.7718762
vt 0.0172533 0.5333361
vt 0.1456013 0.4128756
vt 0.1456013 0.7718763
vt 0.0179040 0.3776639
vt 0.1847276 0.7326697
vt 0.0179559 0.0179583
vt 0.0172533 0.6545017
vt 0.0710508 0.4121706
vt 0.1241036 0.7718763
vt 0.2577983 0.7322955
vt 0.1241036 0.5333362
vt 0.3715038 0.0172533
vt 0.8312206 0.7312109
vt 0.6904426 0.2588795
vt 0.7276679 0.4108778
vt 0.3095747 0.7320303
vt 0.0179571 0.4121706
vt 0.0179160 0.7718762
vt 0.7032239 0.7305557
vt 0.1241446 0.4121706
vt 0.1470713 0.6545017
vt 0.0710508 0.7725812
vt 0.3369971 0.3769590
vt 0.7048534 0.4107608
vt 0.3369448 0.0172533
vt 0.1470713 0.5333362
vt 0.1456424 0.7725812
vt 0.0172534 0.1384189
vt 0.2043924 0.4127661
vt 0.6904426 0.1377139
vt 0.7794442 0.4111429
vt 0.0172534 0.2595844
vt 0.3715038 0.3762540
vt 0.1241036 0.6545017
vt -0.0105669 0.1538349
vt -0.0123996 0.4903646
vt 0.8996789 0.1550996
vt 0.3026434 0.1705152
vt -0.0105669 0.4903646
vt 0.9228725 0.4903642
vt 0.9014707 0.1613277
vt -0.0123996 0.4903646
vt -0.0105669 0.1563156
vt 0.6143368 0.1634760
vt -0.0123996 0.2937697
vt 0.9228725 0.4337044
vt -0.0123996 0.2959375
vt 0.2996892 0.4337046
vt -0.0105666 0.4941305
vt 0.9014992 0.1569924
vt 0.6193271 0.4949229
vt 0.9247050 0.4337044
vt -0.0123996 0.1581705
vt 0.0179571 0.4121706
vt 0.0179160 0.7718762
vt 0.7032239 0.7305557
vt 0.1241446 0.4121706
vt 0.1470713 0.6545017
vt 0.0710508 0.7725812
vt 0.3369971 0.3769590
vt 0.7048534 0.4107608
vt 0.3369448 0.0172533
vt 0.1470713 0.5333362
vt 0.1456424 0.7725812
vt 0.0172534 0.1384189
vt 0.2043924 0.4127661
vt 0.6904426 0.1377139
vt 0.7794442 0.4111429
vt 0.0172534 0.2595844
vt 0.3715038 0.3762540
vt 0.1241036 0.6545017
f 2585/2585 2586/2586 2587/2587
f 2597/2597 2586/2586 2585/2585
f 2597/2597 2585/2585 2598/2598
f 2626/2626 2598/2598 2585/2585
f 2587/2587 2626/2626 2585/2585
f 2587/2587 2625/2625 2626/2626
f 2625/2625 2602/2602 2626/2626
f 2602/2602 2656/2656 2626/2626
f 2626/2626 2656/2656 2598/2598
f 2621/2621 2597/2597 2598/2598
f 2621/2621 2598/2598 2622/2622
f 2656/2656 2622/2622 2598/2598
f 2656/2656 2642/2642 2622/2622
f 2602/2602 2637/2637 2656/2656
f 2637/2637 2642/2642 2656/2656
f 2599/2599 2601/2601 2602/2602
f 2625/2625 2599/2599 2602/2602
f 2601/2601 2637/2637 2602/2602
f 2601/2601 2624/2624 2637/2637
f 2624/2624 2655/2655 2637/2637
f 2637/2637 2655/2655 2642/2642
f 2642/2642 2608/2608 2591/2591
f 2642/2642 2591/2591 2622/2622
f 2655/2655 2608/2608 2642/2642
f 2606/2606 2629/2629 2655/2655
f 2624/2624 2606/2606 2655/2655
f 2655/2655 2629/2629 2608/2608
f 2623/2623 2606/2606 2624/2624
f 2630/2630 2623/2623 2624/2624
f 2630/2630 2624/2624 2601/2601
f 2599/2599 2600/2600 2601/2601
f 2623/2623 2603/2603 2606/2606
f 2603/2603 2605/2605 2606/2606
f 2606/2606 2605/2605 2629/2629
f 2627/2627 2628/2628 2629/2629
f 2627/2627 2629/2629 2605/2605
f 2628/2628 2608/2608 2629/2629
f 2603/2603 2604/2604 2605/2605
f 2607/2607 2591/2591 2608/2608
f 2628/2628 2607/2607 2608/2608
f 2607/2607 2592/2592 2591/2591
f 2591/2591 2592/2592 2593/2593
f 2593/2593 2622/2622 2591/2591
f 2593/2593 2621/2621 2622/2622
f 2588/2588 2589/2589 2590/2590
f 2613/2613 2590/2590 2589/2589
f 2634/2634 2613/2613 2589/2589
f 2634/2634 2589/2589 2635/2635
f 2613/2613 2614/2614 2590/2590
f 2633/2633 2634/2634 2635/2635
f 2633/2633 2635/2635 2636/2636
f 2657/2657 2633/2633 2636/2636
f 2657/2657 2636/2636 2658/2658
f 2594/2594 2595/2595 2596/2596
f 2615/2615 2596/2596 2595/2595
f 2615/2615 2616/2616 2596/2596
f 2616/2616 2654/2654 2596/2596
f 2616/2616 2653/2653 2654/2654
f 2653/2653 2646/2646 2654/2654
f 2653/2653 2643/2643 2646/2646
f 2643/2643 2645/2645 2646/2646
f 2643/2643 2644/2644 2645/2645
f 2609/2609 2610/2610 2611/2611
f 2609/2609 2611/2611 2612/2612
f 2610/2610 2647/2647 2648/2648
f 2610/2610 2648/2648 2611/2611
f 2647/2647 2631/2631 2632/2632
f 2647/2647 2632/2632 2648/2648
f 2631/2631 2617/2617 2620/2620
f 2631/2631 2620/2620 2632/2632
f 2617/2617 2618/2618 2619/2619
f 2617/2617 2619/2619 2620/2620
f 2638/2638 2639/2639 2640/2640
f 2638/2638 2640/2640 2641/2641
f 2639/2639 2649/2649 2652/2652
f 2639/2639 2652/2652 2640/2640
f 2649/2649 2650/2650 2651/2651
f 2649/2649 2651/2651 2652/2652
